#Time,Time_usec,ProducerName,component_id,job_id,app_id,cores_up,cpu_enabled,user,nice,sys,idle,iowait,irq,softirq,steal,guest,guest_nice,hwintr_count,context_switches,processes,procs_running,procs_blocked,softirq_count,per_core_cpu_enabled0,per_core_cpu_enabled1,per_core_cpu_enabled2,per_core_cpu_enabled3,per_core_cpu_enabled4,per_core_cpu_enabled5,per_core_cpu_enabled6,per_core_cpu_enabled7,per_core_cpu_enabled8,per_core_cpu_enabled9,per_core_cpu_enabled10,per_core_cpu_enabled11,per_core_cpu_enabled12,per_core_cpu_enabled13,per_core_cpu_enabled14,per_core_cpu_enabled15,per_core_cpu_enabled16,per_core_cpu_enabled17,per_core_cpu_enabled18,per_core_cpu_enabled19,per_core_user0,per_core_user1,per_core_user2,per_core_user3,per_core_user4,per_core_user5,per_core_user6,per_core_user7,per_core_user8,per_core_user9,per_core_user10,per_core_user11,per_core_user12,per_core_user13,per_core_user14,per_core_user15,per_core_user16,per_core_user17,per_core_user18,per_core_user19,per_core_nice0,per_core_nice1,per_core_nice2,per_core_nice3,per_core_nice4,per_core_nice5,per_core_nice6,per_core_nice7,per_core_nice8,per_core_nice9,per_core_nice10,per_core_nice11,per_core_nice12,per_core_nice13,per_core_nice14,per_core_nice15,per_core_nice16,per_core_nice17,per_core_nice18,per_core_nice19,per_core_sys0,per_core_sys1,per_core_sys2,per_core_sys3,per_core_sys4,per_core_sys5,per_core_sys6,per_core_sys7,per_core_sys8,per_core_sys9,per_core_sys10,per_core_sys11,per_core_sys12,per_core_sys13,per_core_sys14,per_core_sys15,per_core_sys16,per_core_sys17,per_core_sys18,per_core_sys19,per_core_idle0,per_core_idle1,per_core_idle2,per_core_idle3,per_core_idle4,per_core_idle5,per_core_idle6,per_core_idle7,per_core_idle8,per_core_idle9,per_core_idle10,per_core_idle11,per_core_idle12,per_core_idle13,per_core_idle14,per_core_idle15,per_core_idle16,per_core_idle17,per_core_idle18,per_core_idle19,per_core_iowait0,per_core_iowait1,per_core_iowait2,per_core_iowait3,per_core_iowait4,per_core_iowait5,per_core_iowait6,per_core_iowait7,per_core_iowait8,per_core_iowait9,per_core_iowait10,per_core_iowait11,per_core_iowait12,per_core_iowait13,per_core_iowait14,per_core_iowait15,per_core_iowait16,per_core_iowait17,per_core_iowait18,per_core_iowait19,per_core_irq0,per_core_irq1,per_core_irq2,per_core_irq3,per_core_irq4,per_core_irq5,per_core_irq6,per_core_irq7,per_core_irq8,per_core_irq9,per_core_irq10,per_core_irq11,per_core_irq12,per_core_irq13,per_core_irq14,per_core_irq15,per_core_irq16,per_core_irq17,per_core_irq18,per_core_irq19,per_core_softirqd0,per_core_softirqd1,per_core_softirqd2,per_core_softirqd3,per_core_softirqd4,per_core_softirqd5,per_core_softirqd6,per_core_softirqd7,per_core_softirqd8,per_core_softirqd9,per_core_softirqd10,per_core_softirqd11,per_core_softirqd12,per_core_softirqd13,per_core_softirqd14,per_core_softirqd15,per_core_softirqd16,per_core_softirqd17,per_core_softirqd18,per_core_softirqd19,per_core_steal0,per_core_steal1,per_core_steal2,per_core_steal3,per_core_steal4,per_core_steal5,per_core_steal6,per_core_steal7,per_core_steal8,per_core_steal9,per_core_steal10,per_core_steal11,per_core_steal12,per_core_steal13,per_core_steal14,per_core_steal15,per_core_steal16,per_core_steal17,per_core_steal18,per_core_steal19,per_core_guest0,per_core_guest1,per_core_guest2,per_core_guest3,per_core_guest4,per_core_guest5,per_core_guest6,per_core_guest7,per_core_guest8,per_core_guest9,per_core_guest10,per_core_guest11,per_core_guest12,per_core_guest13,per_core_guest14,per_core_guest15,per_core_guest16,per_core_guest17,per_core_guest18,per_core_guest19,per_core_guest_nice0,per_core_guest_nice1,per_core_guest_nice2,per_core_guest_nice3,per_core_guest_nice4,per_core_guest_nice5,per_core_guest_nice6,per_core_guest_nice7,per_core_guest_nice8,per_core_guest_nice9,per_core_guest_nice10,per_core_guest_nice11,per_core_guest_nice12,per_core_guest_nice13,per_core_guest_nice14,per_core_guest_nice15,per_core_guest_nice16,per_core_guest_nice17,per_core_guest_nice18,per_core_guest_nice19
1781124848.001431,1431,ubuntu-rog,1,0,0,20,1,335509130,252625,5703252,39915032103,123168,0,145221,0,0,0,7711810056,5631090203,3015421,1,0,3636775873,1,1,1,1,1,1,1,1,1,1,1,1,1,1,1,1,1,1,1,1,19309764,16774644,16773240,16642663,16683496,16712944,16753378,16701301,16578596,16537350,16644394,16896381,16849445,16588397,16596111,16570249,16613964,16517697,16455795,16309311,10915,9904,10736,12889,20452,13997,10765,17680,14412,15613,8564,10955,12243,10504,16066,10253,10437,12209,11119,12904,302207,227506,156123,275817,278049,276206,278351,300778,409362,390926,396823,385185,337689,256622,231849,222469,208333,231658,321186,216103,1992997895,1996110742,1996176561,1995919621,1995810471,1995807412,1995783714,1995846198,1995751546,1995151996,1995545110,1995424499,1995547664,1996037998,1996076678,1996123316,1996120982,1996233268,1996182277,1996384146,4732,4787,3513,5930,6796,7774,4927,5455,7351,8774,5841,8991,8618,6151,6404,7056,5235,3390,6266,5169,0,0,0,0,0,0,0,0,0,0,0,0,0,0,0,0,0,0,0,0,80855,295,203,259,19527,400,164,175,1090,5514,13435,3588,16762,196,333,188,187,434,720,888,0,0,0,0,0,0,0,0,0,0,0,0,0,0,0,0,0,0,0,0,0,0,0,0,0,0,0,0,0,0,0,0,0,0,0,0,0,0,0,0,0,0,0,0,0,0,0,0,0,0,0,0,0,0,0,0,0,0,0,0
1781124849.002190,2190,ubuntu-rog,1,0,0,20,1,335509131,252625,5703252,39915034101,123168,0,145221,0,0,0,7711810432,5631090737,3015421,1,0,3636776170,1,1,1,1,1,1,1,1,1,1,1,1,1,1,1,1,1,1,1,1,19309764,16774644,16773240,16642663,16683496,16712944,16753378,16701301,16578596,16537350,16644394,16896381,16849445,16588397,16596111,16570249,16613964,16517697,16455795,16309311,10915,9904,10736,12889,20452,13997,10765,17680,14412,15613,8564,10955,12243,10504,16066,10253,10437,12209,11119,12904,302207,227506,156123,275817,278049,276206,278351,300778,409362,390927,396823,385185,337689,256622,231849,222469,208333,231658,321186,216103,1992997994,1996110842,1996176661,1995919721,1995810571,1995807512,1995783814,1995846298,1995751646,1995152096,1995545210,1995424598,1995547764,1996038097,1996076778,1996123416,1996121082,1996233368,1996182378,1996384246,4732,4787,3513,5930,6796,7774,4927,5455,7351,8774,5841,8991,8618,6151,6404,7056,5235,3390,6266,5169,0,0,0,0,0,0,0,0,0,0,0,0,0,0,0,0,0,0,0,0,80855,295,203,259,19527,400,164,175,1090,5514,13435,3588,16762,196,333,188,187,434,720,888,0,0,0,0,0,0,0,0,0,0,0,0,0,0,0,0,0,0,0,0,0,0,0,0,0,0,0,0,0,0,0,0,0,0,0,0,0,0,0,0,0,0,0,0,0,0,0,0,0,0,0,0,0,0,0,0,0,0,0,0
1781124850.002204,2204,ubuntu-rog,1,0,0,20,1,335509132,252625,5703253,39915036100,123168,0,145221,0,0,0,7711810771,5631091161,3015421,1,1,3636776416,1,1,1,1,1,1,1,1,1,1,1,1,1,1,1,1,1,1,1,1,19309764,16774644,16773240,16642663,16683496,16712944,16753378,16701301,16578596,16537350,16644394,16896381,16849445,16588397,16596111,16570249,16613964,16517697,16455795,16309311,10915,9904,10736,12889,20452,13997,10765,17680,14412,15613,8564,10955,12243,10504,16066,10253,10437,12209,11119,12904,302207,227506,156123,275817,278049,276206,278351,300778,409362,390927,396823,385185,337690,256622,231849,222469,208333,231658,321186,216103,1992998094,1996110942,1996176761,1995919821,1995810670,1995807612,1995783914,1995846398,1995751746,1995152195,1995545310,1995424698,1995547864,1996038197,1996076877,1996123516,1996121182,1996233468,1996182478,1996384346,4732,4787,3513,5930,6796,7774,4927,5455,7351,8774,5841,8991,8618,6151,6404,7056,5235,3390,6266,5169,0,0,0,0,0,0,0,0,0,0,0,0,0,0,0,0,0,0,0,0,80855,295,203,259,19527,400,164,175,1090,5514,13435,3588,16762,196,333,188,187,434,720,888,0,0,0,0,0,0,0,0,0,0,0,0,0,0,0,0,0,0,0,0,0,0,0,0,0,0,0,0,0,0,0,0,0,0,0,0,0,0,0,0,0,0,0,0,0,0,0,0,0,0,0,0,0,0,0,0,0,0,0,0
1781124851.002082,2082,ubuntu-rog,1,0,0,20,1,335509134,252625,5703253,39915038095,123168,0,145221,0,0,0,7711811194,5631091582,3015421,1,0,3636776777,1,1,1,1,1,1,1,1,1,1,1,1,1,1,1,1,1,1,1,1,19309764,16774644,16773240,16642663,16683498,16712944,16753378,16701301,16578596,16537350,16644394,16896381,16849446,16588397,16596111,16570249,16613964,16517697,16455795,16309311,10915,9904,10736,12889,20452,13997,10765,17680,14412,15613,8564,10955,12243,10504,16066,10253,10437,12209,11119,12904,302207,227506,156123,275817,278049,276206,278351,300778,409362,390927,396823,385185,337690,256622,231849,222469,208333,231658,321186,216103,1992998194,1996111042,1996176861,1995919921,1995810768,1995807712,1995784014,1995846498,1995751845,1995152295,1995545410,1995424798,1995547964,1996038297,1996076977,1996123616,1996121282,1996233568,1996182577,1996384446,4732,4787,3513,5930,6796,7774,4927,5455,7351,8774,5841,8991,8618,6151,6404,7056,5235,3390,6266,5169,0,0,0,0,0,0,0,0,0,0,0,0,0,0,0,0,0,0,0,0,80855,295,203,259,19527,400,164,175,1090,5514,13435,3588,16762,196,333,188,187,434,720,888,0,0,0,0,0,0,0,0,0,0,0,0,0,0,0,0,0,0,0,0,0,0,0,0,0,0,0,0,0,0,0,0,0,0,0,0,0,0,0,0,0,0,0,0,0,0,0,0,0,0,0,0,0,0,0,0,0,0,0,0
1781124852.001385,1385,ubuntu-rog,1,0,0,20,1,335509134,252625,5703254,39915040092,123168,0,145221,0,0,0,7711811516,5631091988,3015421,1,0,3636777008,1,1,1,1,1,1,1,1,1,1,1,1,1,1,1,1,1,1,1,1,19309764,16774644,16773240,16642663,16683498,16712944,16753378,16701301,16578596,16537350,16644394,16896381,16849446,16588398,16596111,16570249,16613964,16517697,16455795,16309311,10915,9904,10736,12889,20452,13997,10765,17680,14412,15613,8564,10955,12243,10504,16066,10253,10437,12209,11119,12904,302207,227506,156123,275817,278049,276206,278351,300778,409362,390927,396823,385185,337690,256622,231849,222469,208333,231658,321186,216103,1992998294,1996111142,1996176960,1995920021,1995810868,1995807812,1995784114,1995846598,1995751945,1995152395,1995545509,1995424898,1995548064,1996038396,1996077077,1996123716,1996121382,1996233668,1996182677,1996384546,4732,4787,3513,5930,6796,7774,4927,5455,7351,8774,5841,8991,8618,6151,6404,7056,5235,3390,6266,5169,0,0,0,0,0,0,0,0,0,0,0,0,0,0,0,0,0,0,0,0,80855,295,203,259,19527,400,164,175,1090,5514,13435,3588,16762,196,333,188,187,434,720,888,0,0,0,0,0,0,0,0,0,0,0,0,0,0,0,0,0,0,0,0,0,0,0,0,0,0,0,0,0,0,0,0,0,0,0,0,0,0,0,0,0,0,0,0,0,0,0,0,0,0,0,0,0,0,0,0,0,0,0,0
1781124853.002246,2246,ubuntu-rog,1,0,0,20,1,335509135,252625,5703254,39915042092,123168,0,145221,0,0,0,7711811826,5631092331,3015421,1,0,3636777283,1,1,1,1,1,1,1,1,1,1,1,1,1,1,1,1,1,1,1,1,19309764,16774644,16773240,16642663,16683499,16712944,16753378,16701301,16578597,16537350,16644394,16896381,16849446,16588398,16596111,16570249,16613964,16517697,16455795,16309311,10915,9904,10736,12889,20452,13997,10765,17680,14412,15613,8564,10955,12243,10504,16066,10253,10437,12209,11119,12904,302207,227506,156123,275817,278049,276206,278351,300778,409362,390927,396823,385186,337690,256622,231849,222469,208333,231658,321186,216103,1992998394,1996111242,1996177060,1995920121,1995810968,1995807912,1995784214,1995846698,1995752045,1995152494,1995545609,1995424997,1995548164,1996038496,1996077177,1996123816,1996121482,1996233768,1996182777,1996384646,4732,4787,3513,5930,6796,7774,4927,5455,7351,8774,5841,8991,8618,6151,6404,7056,5235,3390,6266,5169,0,0,0,0,0,0,0,0,0,0,0,0,0,0,0,0,0,0,0,0,80855,295,203,259,19527,400,164,175,1090,5514,13435,3588,16762,196,333,188,187,434,720,888,0,0,0,0,0,0,0,0,0,0,0,0,0,0,0,0,0,0,0,0,0,0,0,0,0,0,0,0,0,0,0,0,0,0,0,0,0,0,0,0,0,0,0,0,0,0,0,0,0,0,0,0,0,0,0,0,0,0,0,0
1781124854.001985,1985,ubuntu-rog,1,0,0,20,1,335509136,252625,5703255,39915044089,123168,0,145221,0,0,0,7711812161,5631092741,3015421,1,0,3636777572,1,1,1,1,1,1,1,1,1,1,1,1,1,1,1,1,1,1,1,1,19309764,16774644,16773240,16642663,16683499,16712944,16753378,16701301,16578597,16537350,16644394,16896382,16849446,16588398,16596111,16570249,16613964,16517697,16455795,16309311,10915,9904,10736,12889,20452,13997,10765,17680,14412,15613,8564,10955,12243,10504,16066,10253,10437,12209,11119,12904,302207,227506,156123,275817,278049,276206,278351,300778,409362,390927,396823,385186,337690,256622,231849,222469,208333,231658,321186,216103,1992998494,1996111342,1996177160,1995920221,1995811068,1995808012,1995784314,1995846798,1995752145,1995152594,1995545709,1995425097,1995548263,1996038595,1996077277,1996123916,1996121582,1996233868,1996182877,1996384746,4732,4787,3513,5930,6796,7774,4927,5455,7351,8774,5841,8991,8618,6151,6404,7056,5235,3390,6266,5169,0,0,0,0,0,0,0,0,0,0,0,0,0,0,0,0,0,0,0,0,80855,295,203,259,19527,400,164,175,1090,5514,13435,3588,16762,196,333,188,187,434,720,888,0,0,0,0,0,0,0,0,0,0,0,0,0,0,0,0,0,0,0,0,0,0,0,0,0,0,0,0,0,0,0,0,0,0,0,0,0,0,0,0,0,0,0,0,0,0,0,0,0,0,0,0,0,0,0,0,0,0,0,0
1781124855.002023,2023,ubuntu-rog,1,0,0,20,1,335509136,252625,5703255,39915046087,123168,0,145221,0,0,0,7711812451,5631093141,3015421,1,0,3636777775,1,1,1,1,1,1,1,1,1,1,1,1,1,1,1,1,1,1,1,1,19309764,16774644,16773241,16642663,16683499,16712944,16753378,16701301,16578597,16537350,16644394,16896382,16849446,16588398,16596111,16570249,16613964,16517697,16455795,16309311,10915,9904,10736,12889,20452,13997,10765,17680,14412,15613,8564,10955,12243,10504,16066,10253,10437,12209,11119,12904,302207,227506,156123,275817,278049,276206,278351,300778,409362,390927,396823,385186,337690,256622,231849,222469,208333,231658,321186,216103,1992998594,1996111442,1996177260,1995920321,1995811167,1995808112,1995784414,1995846898,1995752245,1995152694,1995545809,1995425197,1995548363,1996038695,1996077377,1996124016,1996121682,1996233968,1996182977,1996384846,4732,4787,3513,5930,6796,7774,4927,5455,7351,8774,5841,8991,8618,6151,6404,7056,5235,3390,6266,5169,0,0,0,0,0,0,0,0,0,0,0,0,0,0,0,0,0,0,0,0,80855,295,203,259,19527,400,164,175,1090,5514,13435,3588,16762,196,333,188,187,434,720,888,0,0,0,0,0,0,0,0,0,0,0,0,0,0,0,0,0,0,0,0,0,0,0,0,0,0,0,0,0,0,0,0,0,0,0,0,0,0,0,0,0,0,0,0,0,0,0,0,0,0,0,0,0,0,0,0,0,0,0,0
1781124856.001837,1837,ubuntu-rog,1,0,0,20,1,335509137,252625,5703256,39915048085,123168,0,145221,0,0,0,7711812711,5631093472,3015421,2,0,3636777983,1,1,1,1,1,1,1,1,1,1,1,1,1,1,1,1,1,1,1,1,19309764,16774644,16773241,16642663,16683499,16712944,16753378,16701301,16578597,16537350,16644394,16896382,16849446,16588399,16596111,16570249,16613964,16517697,16455795,16309311,10915,9904,10736,12889,20452,13997,10765,17680,14412,15613,8564,10955,12243,10504,16066,10253,10437,12209,11119,12904,302207,227506,156123,275817,278049,276206,278351,300778,409362,390927,396823,385186,337690,256622,231849,222469,208333,231658,321186,216103,1992998694,1996111542,1996177360,1995920421,1995811267,1995808212,1995784514,1995846998,1995752345,1995152794,1995545909,1995425297,1995548463,1996038795,1996077477,1996124116,1996121782,1996234068,1996183077,1996384946,4732,4787,3513,5930,6796,7774,4927,5455,7351,8774,5841,8991,8618,6151,6404,7056,5235,3390,6266,5169,0,0,0,0,0,0,0,0,0,0,0,0,0,0,0,0,0,0,0,0,80855,295,203,259,19527,400,164,175,1090,5514,13435,3588,16762,196,333,188,187,434,720,888,0,0,0,0,0,0,0,0,0,0,0,0,0,0,0,0,0,0,0,0,0,0,0,0,0,0,0,0,0,0,0,0,0,0,0,0,0,0,0,0,0,0,0,0,0,0,0,0,0,0,0,0,0,0,0,0,0,0,0,0
1781124857.002161,2161,ubuntu-rog,1,0,0,20,1,335509137,252625,5703256,39915050084,123168,0,145221,0,0,0,7711813030,5631093832,3015421,1,0,3636778246,1,1,1,1,1,1,1,1,1,1,1,1,1,1,1,1,1,1,1,1,19309764,16774644,16773241,16642663,16683499,16712944,16753378,16701301,16578597,16537350,16644394,16896382,16849446,16588399,16596111,16570249,16613964,16517697,16455795,16309311,10915,9904,10736,12889,20452,13997,10765,17680,14412,15613,8564,10955,12243,10504,16066,10253,10437,12209,11119,12904,302207,227506,156123,275817,278049,276206,278351,300778,409362,390927,396823,385186,337690,256622,231849,222469,208333,231658,321186,216103,1992998794,1996111642,1996177460,1995920521,1995811367,1995808312,1995784614,1995847098,1995752445,1995152893,1995546009,1995425397,1995548563,1996038894,1996077576,1996124216,1996121882,1996234168,1996183177,1996385046,4732,4787,3513,5930,6796,7774,4927,5455,7351,8774,5841,8991,8618,6151,6404,7056,5235,3390,6266,5169,0,0,0,0,0,0,0,0,0,0,0,0,0,0,0,0,0,0,0,0,80855,295,203,259,19527,400,164,175,1090,5514,13435,3588,16762,196,333,188,187,434,720,888,0,0,0,0,0,0,0,0,0,0,0,0,0,0,0,0,0,0,0,0,0,0,0,0,0,0,0,0,0,0,0,0,0,0,0,0,0,0,0,0,0,0,0,0,0,0,0,0,0,0,0,0,0,0,0,0,0,0,0,0
1781124858.001987,1987,ubuntu-rog,1,0,0,20,1,335509137,252625,5703256,39915052082,123168,0,145221,0,0,0,7711813326,5631094183,3015421,1,0,3636778486,1,1,1,1,1,1,1,1,1,1,1,1,1,1,1,1,1,1,1,1,19309764,16774644,16773241,16642663,16683499,16712944,16753378,16701301,16578597,16537350,16644394,16896382,16849446,16588399,16596111,16570249,16613964,16517697,16455795,16309311,10915,9904,10736,12889,20452,13997,10765,17680,14412,15613,8564,10955,12243,10504,16066,10253,10437,12209,11119,12904,302207,227506,156123,275817,278049,276206,278351,300778,409362,390927,396823,385186,337690,256622,231849,222469,208333,231658,321186,216103,1992998894,1996111742,1996177560,1995920621,1995811467,1995808412,1995784714,1995847198,1995752545,1995152993,1995546109,1995425496,1995548662,1996038994,1996077676,1996124316,1996121982,1996234268,1996183277,1996385146,4732,4787,3513,5930,6796,7774,4927,5455,7351,8774,5841,8991,8618,6151,6404,7056,5235,3390,6266,5169,0,0,0,0,0,0,0,0,0,0,0,0,0,0,0,0,0,0,0,0,80855,295,203,259,19527,400,164,175,1090,5514,13435,3588,16762,196,333,188,187,434,720,888,0,0,0,0,0,0,0,0,0,0,0,0,0,0,0,0,0,0,0,0,0,0,0,0,0,0,0,0,0,0,0,0,0,0,0,0,0,0,0,0,0,0,0,0,0,0,0,0,0,0,0,0,0,0,0,0,0,0,0,0
1781124859.001758,1758,ubuntu-rog,1,0,0,20,1,335509138,252625,5703257,39915054079,123168,0,145221,0,0,0,7711813657,5631094589,3015421,1,0,3636778792,1,1,1,1,1,1,1,1,1,1,1,1,1,1,1,1,1,1,1,1,19309764,16774644,16773241,16642663,16683499,16712944,16753378,16701301,16578597,16537350,16644394,16896382,16849446,16588399,16596111,16570249,16613964,16517697,16455795,16309311,10915,9904,10736,12889,20452,13997,10765,17680,14412,15613,8564,10955,12243,10504,16066,10253,10437,12209,11119,12904,302207,227506,156123,275817,278049,276206,278351,300778,409362,390927,396823,385186,337690,256623,231850,222469,208333,231658,321186,216103,1992998994,1996111841,1996177660,1995920721,1995811567,1995808512,1995784814,1995847298,1995752645,1995153093,1995546209,1995425596,1995548762,1996039094,1996077776,1996124416,1996122082,1996234368,1996183377,1996385245,4732,4787,3513,5930,6796,7774,4927,5455,7351,8774,5841,8991,8618,6151,6404,7056,5235,3390,6266,5169,0,0,0,0,0,0,0,0,0,0,0,0,0,0,0,0,0,0,0,0,80855,295,203,259,19527,400,164,175,1090,5514,13435,3588,16762,196,333,188,187,434,720,888,0,0,0,0,0,0,0,0,0,0,0,0,0,0,0,0,0,0,0,0,0,0,0,0,0,0,0,0,0,0,0,0,0,0,0,0,0,0,0,0,0,0,0,0,0,0,0,0,0,0,0,0,0,0,0,0,0,0,0,0
1781124860.001766,1766,ubuntu-rog,1,0,0,20,1,335509139,252625,5703257,39915056078,123168,0,145221,0,0,0,7711813918,5631094911,3015421,1,0,3636779019,1,1,1,1,1,1,1,1,1,1,1,1,1,1,1,1,1,1,1,1,19309764,16774644,16773241,16642663,16683499,16712944,16753378,16701301,16578597,16537351,16644394,16896382,16849446,16588399,16596111,16570249,16613964,16517697,16455795,16309311,10915,9904,10736,12889,20452,13997,10765,17680,14412,15613,8564,10955,12243,10504,16066,10253,10437,12209,11119,12904,302207,227506,156123,275817,278049,276206,278351,300778,409362,390927,396823,385186,337690,256623,231850,222469,208333,231658,321186,216103,1992999094,1996111941,1996177760,1995920821,1995811666,1995808612,1995784914,1995847398,1995752745,1995153193,1995546309,1995425696,1995548862,1996039193,1996077876,1996124516,1996122182,1996234468,1996183477,1996385345,4732,4787,3513,5930,6796,7774,4927,5455,7351,8774,5841,8991,8618,6151,6404,7056,5235,3390,6266,5169,0,0,0,0,0,0,0,0,0,0,0,0,0,0,0,0,0,0,0,0,80855,295,203,259,19527,400,164,175,1090,5514,13435,3588,16762,196,333,188,187,434,720,888,0,0,0,0,0,0,0,0,0,0,0,0,0,0,0,0,0,0,0,0,0,0,0,0,0,0,0,0,0,0,0,0,0,0,0,0,0,0,0,0,0,0,0,0,0,0,0,0,0,0,0,0,0,0,0,0,0,0,0,0
1781124861.002610,2610,ubuntu-rog,1,0,0,20,1,335509139,252625,5703258,39915058077,123168,0,145221,0,0,0,7711814238,5631095312,3015421,1,0,3636779285,1,1,1,1,1,1,1,1,1,1,1,1,1,1,1,1,1,1,1,1,19309764,16774644,16773241,16642663,16683499,16712944,16753378,16701301,16578597,16537351,16644394,16896382,16849446,16588399,16596111,16570249,16613964,16517697,16455795,16309311,10915,9904,10736,12889,20452,13997,10765,17680,14412,15613,8564,10955,12243,10504,16066,10253,10437,12209,11119,12904,302207,227506,156123,275817,278049,276206,278351,300778,409362,390927,396823,385186,337691,256623,231850,222469,208333,231658,321186,216103,1992999194,1996112042,1996177860,1995920921,1995811766,1995808712,1995785014,1995847498,1995752845,1995153293,1995546409,1995425796,1995548962,1996039293,1996077976,1996124616,1996122282,1996234568,1996183577,1996385445,4732,4787,3513,5930,6796,7774,4927,5455,7351,8774,5841,8991,8618,6151,6404,7056,5235,3390,6266,5169,0,0,0,0,0,0,0,0,0,0,0,0,0,0,0,0,0,0,0,0,80855,295,203,259,19527,400,164,175,1090,5514,13435,3588,16762,196,333,188,187,434,720,888,0,0,0,0,0,0,0,0,0,0,0,0,0,0,0,0,0,0,0,0,0,0,0,0,0,0,0,0,0,0,0,0,0,0,0,0,0,0,0,0,0,0,0,0,0,0,0,0,0,0,0,0,0,0,0,0,0,0,0,0
1781124862.001902,1902,ubuntu-rog,1,0,0,20,1,335509140,252625,5703258,39915060074,123168,0,145221,0,0,0,7711814531,5631095721,3015421,1,0,3636779528,1,1,1,1,1,1,1,1,1,1,1,1,1,1,1,1,1,1,1,1,19309764,16774644,16773241,16642663,16683499,16712944,16753378,16701301,16578597,16537351,16644394,16896382,16849446,16588400,16596111,16570249,16613964,16517697,16455795,16309311,10915,9904,10736,12889,20452,13997,10765,17680,14412,15613,8564,10955,12243,10504,16066,10253,10437,12209,11119,12904,302207,227506,156123,275817,278050,276206,278351,300778,409362,390927,396823,385186,337691,256623,231850,222469,208333,231658,321186,216103,1992999294,1996112141,1996177959,1995921021,1995811866,1995808812,1995785114,1995847598,1995752945,1995153392,1995546508,1995425895,1995549061,1996039392,1996078076,1996124716,1996122382,1996234668,1996183677,1996385545,4732,4787,3513,5930,6796,7774,4927,5455,7351,8774,5841,8991,8618,6151,6404,7056,5235,3390,6266,5169,0,0,0,0,0,0,0,0,0,0,0,0,0,0,0,0,0,0,0,0,80855,295,203,259,19527,400,164,175,1090,5514,13435,3588,16762,196,333,188,187,434,720,888,0,0,0,0,0,0,0,0,0,0,0,0,0,0,0,0,0,0,0,0,0,0,0,0,0,0,0,0,0,0,0,0,0,0,0,0,0,0,0,0,0,0,0,0,0,0,0,0,0,0,0,0,0,0,0,0,0,0,0,0
1781124863.001755,1755,ubuntu-rog,1,0,0,20,1,335509140,252625,5703259,39915062072,123168,0,145221,0,0,0,7711814800,5631096037,3015421,1,0,3636779750,1,1,1,1,1,1,1,1,1,1,1,1,1,1,1,1,1,1,1,1,19309764,16774644,16773241,16642663,16683499,16712944,16753378,16701301,16578597,16537351,16644394,16896382,16849446,16588400,16596111,16570249,16613964,16517697,16455795,16309311,10915,9904,10736,12889,20452,13997,10765,17680,14412,15613,8564,10955,12243,10504,16066,10253,10437,12209,11119,12904,302207,227506,156123,275817,278050,276206,278351,300778,409362,390927,396823,385186,337691,256623,231850,222469,208333,231658,321186,216103,1992999394,1996112241,1996178059,1995921121,1995811966,1995808912,1995785214,1995847698,1995753045,1995153492,1995546608,1995425995,1995549161,1996039492,1996078176,1996124816,1996122482,1996234768,1996183777,1996385645,4732,4787,3513,5930,6796,7774,4927,5455,7351,8774,5841,8991,8618,6151,6404,7056,5235,3390,6266,5169,0,0,0,0,0,0,0,0,0,0,0,0,0,0,0,0,0,0,0,0,80855,295,203,259,19527,400,164,175,1090,5514,13435,3588,16762,196,333,188,187,434,720,888,0,0,0,0,0,0,0,0,0,0,0,0,0,0,0,0,0,0,0,0,0,0,0,0,0,0,0,0,0,0,0,0,0,0,0,0,0,0,0,0,0,0,0,0,0,0,0,0,0,0,0,0,0,0,0,0,0,0,0,0
1781124864.001511,1511,ubuntu-rog,1,0,0,20,1,335509141,252625,5703259,39915064070,123168,0,145221,0,0,0,7711815114,5631096397,3015421,1,0,3636780022,1,1,1,1,1,1,1,1,1,1,1,1,1,1,1,1,1,1,1,1,19309764,16774644,16773241,16642663,16683499,16712944,16753378,16701301,16578597,16537351,16644394,16896382,16849446,16588400,16596111,16570249,16613964,16517697,16455795,16309311,10915,9904,10736,12889,20452,13997,10765,17680,14412,15613,8564,10955,12243,10504,16066,10253,10437,12209,11119,12904,302207,227506,156123,275817,278050,276206,278351,300778,409362,390927,396823,385186,337691,256623,231850,222469,208333,231658,321186,216103,1992999494,1996112341,1996178159,1995921221,1995812066,1995809012,1995785314,1995847798,1995753145,1995153592,1995546708,1995426095,1995549261,1996039592,1996078276,1996124916,1996122582,1996234868,1996183877,1996385745,4732,4787,3513,5930,6796,7774,4927,5455,7351,8774,5841,8991,8618,6151,6404,7056,5235,3390,6266,5169,0,0,0,0,0,0,0,0,0,0,0,0,0,0,0,0,0,0,0,0,80855,295,203,259,19527,400,164,175,1090,5514,13435,3589,16762,196,333,188,187,434,720,888,0,0,0,0,0,0,0,0,0,0,0,0,0,0,0,0,0,0,0,0,0,0,0,0,0,0,0,0,0,0,0,0,0,0,0,0,0,0,0,0,0,0,0,0,0,0,0,0,0,0,0,0,0,0,0,0,0,0,0,0
1781124865.002503,2503,ubuntu-rog,1,0,0,20,1,335509142,252625,5703259,39915066069,123168,0,145221,0,0,0,7711815446,5631096839,3015421,1,0,3636780315,1,1,1,1,1,1,1,1,1,1,1,1,1,1,1,1,1,1,1,1,19309764,16774644,16773241,16642663,16683500,16712944,16753378,16701301,16578597,16537351,16644394,16896382,16849446,16588400,16596111,16570249,16613964,16517697,16455795,16309311,10915,9904,10736,12889,20452,13997,10765,17680,14412,15613,8564,10955,12243,10504,16066,10253,10437,12209,11119,12904,302207,227506,156123,275817,278050,276206,278351,300778,409362,390927,396823,385186,337691,256623,231850,222469,208333,231658,321186,216103,1992999594,1996112441,1996178259,1995921321,1995812165,1995809112,1995785414,1995847898,1995753245,1995153691,1995546808,1995426195,1995549361,1996039692,1996078376,1996125016,1996122682,1996234968,1996183977,1996385845,4732,4787,3513,5930,6796,7774,4927,5455,7351,8774,5841,8991,8618,6151,6404,7056,5235,3390,6266,5169,0,0,0,0,0,0,0,0,0,0,0,0,0,0,0,0,0,0,0,0,80855,295,203,259,19527,400,164,175,1090,5514,13435,3589,16762,196,333,188,187,434,720,888,0,0,0,0,0,0,0,0,0,0,0,0,0,0,0,0,0,0,0,0,0,0,0,0,0,0,0,0,0,0,0,0,0,0,0,0,0,0,0,0,0,0,0,0,0,0,0,0,0,0,0,0,0,0,0,0,0,0,0,0
1781124866.002353,2353,ubuntu-rog,1,0,0,20,1,335509142,252625,5703260,39915068067,123168,0,145221,0,0,0,7711815753,5631097246,3015421,1,0,3636780576,1,1,1,1,1,1,1,1,1,1,1,1,1,1,1,1,1,1,1,1,19309764,16774644,16773241,16642663,16683500,16712944,16753378,16701301,16578597,16537351,16644394,16896382,16849446,16588401,16596111,16570249,16613964,16517697,16455795,16309311,10915,9904,10736,12889,20452,13997,10765,17680,14412,15613,8564,10955,12243,10504,16066,10253,10437,12209,11119,12904,302207,227506,156123,275817,278050,276206,278351,300778,409362,390928,396823,385187,337691,256623,231850,222469,208333,231658,321186,216103,1992999694,1996112541,1996178359,1995921421,1995812265,1995809212,1995785514,1995847998,1995753345,1995153791,1995546908,1995426294,1995549460,1996039791,1996078476,1996125116,1996122782,1996235068,1996184077,1996385945,4732,4787,3513,5930,6796,7774,4927,5455,7351,8774,5841,8991,8618,6151,6404,7056,5235,3390,6266,5169,0,0,0,0,0,0,0,0,0,0,0,0,0,0,0,0,0,0,0,0,80855,295,203,259,19527,400,164,175,1090,5514,13435,3589,16762,196,333,188,187,434,720,888,0,0,0,0,0,0,0,0,0,0,0,0,0,0,0,0,0,0,0,0,0,0,0,0,0,0,0,0,0,0,0,0,0,0,0,0,0,0,0,0,0,0,0,0,0,0,0,0,0,0,0,0,0,0,0,0,0,0,0,0
1781124867.001654,1654,ubuntu-rog,1,0,0,20,1,335509143,252625,5703261,39915070064,123168,0,145221,0,0,0,7711816003,5631097435,3015421,1,0,3636780807,1,1,1,1,1,1,1,1,1,1,1,1,1,1,1,1,1,1,1,1,19309764,16774644,16773241,16642663,16683500,16712944,16753378,16701301,16578597,16537351,16644394,16896382,16849446,16588401,16596111,16570249,16613964,16517697,16455795,16309311,10915,9904,10736,12889,20452,13997,10765,17680,14412,15613,8564,10955,12243,10504,16066,10253,10437,12209,11119,12904,302207,227506,156123,275817,278050,276206,278351,300778,409362,390928,396823,385187,337691,256623,231850,222469,208333,231658,321186,216103,1992999793,1996112641,1996178459,1995921521,1995812365,1995809312,1995785614,1995848098,1995753445,1995153891,1995547008,1995426394,1995549560,1996039891,1996078576,1996125216,1996122882,1996235168,1996184177,1996386045,4732,4787,3513,5930,6796,7774,4927,5455,7351,8774,5841,8991,8618,6151,6404,7056,5235,3390,6266,5169,0,0,0,0,0,0,0,0,0,0,0,0,0,0,0,0,0,0,0,0,80855,295,203,259,19527,400,164,175,1090,5514,13435,3589,16762,196,333,188,187,434,720,888,0,0,0,0,0,0,0,0,0,0,0,0,0,0,0,0,0,0,0,0,0,0,0,0,0,0,0,0,0,0,0,0,0,0,0,0,0,0,0,0,0,0,0,0,0,0,0,0,0,0,0,0,0,0,0,0,0,0,0,0
1781124868.001527,1527,ubuntu-rog,1,0,0,20,1,335509143,252625,5703261,39915072062,123168,0,145221,0,0,0,7711816153,5631097578,3015421,1,0,3636780935,1,1,1,1,1,1,1,1,1,1,1,1,1,1,1,1,1,1,1,1,19309764,16774644,16773241,16642663,16683500,16712944,16753378,16701301,16578597,16537351,16644394,16896382,16849446,16588401,16596111,16570249,16613964,16517697,16455795,16309311,10915,9904,10736,12889,20452,13997,10765,17680,14412,15613,8564,10955,12243,10504,16066,10253,10437,12209,11119,12904,302207,227506,156123,275817,278050,276206,278351,300778,409362,390928,396823,385187,337691,256623,231850,222469,208333,231658,321186,216103,1992999893,1996112741,1996178559,1995921621,1995812465,1995809412,1995785714,1995848198,1995753544,1995153991,1995547108,1995426494,1995549660,1996039991,1996078675,1996125316,1996122982,1996235268,1996184277,1996386144,4732,4787,3513,5930,6796,7774,4927,5455,7351,8774,5841,8991,8618,6151,6404,7056,5235,3390,6266,5169,0,0,0,0,0,0,0,0,0,0,0,0,0,0,0,0,0,0,0,0,80855,295,203,259,19527,400,164,175,1090,5514,13435,3589,16762,196,333,188,187,434,720,888,0,0,0,0,0,0,0,0,0,0,0,0,0,0,0,0,0,0,0,0,0,0,0,0,0,0,0,0,0,0,0,0,0,0,0,0,0,0,0,0,0,0,0,0,0,0,0,0,0,0,0,0,0,0,0,0,0,0,0,0
1781124869.002293,2293,ubuntu-rog,1,0,0,20,1,335509143,252625,5703262,39915074062,123168,0,145221,0,0,0,7711816491,5631097996,3015421,1,0,3636781269,1,1,1,1,1,1,1,1,1,1,1,1,1,1,1,1,1,1,1,1,19309764,16774644,16773241,16642663,16683500,16712944,16753378,16701301,16578597,16537351,16644394,16896382,16849446,16588401,16596111,16570249,16613964,16517697,16455795,16309311,10915,9904,10736,12889,20452,13997,10765,17680,14412,15613,8564,10955,12243,10504,16066,10253,10437,12209,11119,12904,302207,227506,156123,275817,278050,276206,278351,300778,409362,390928,396823,385187,337691,256624,231850,222469,208333,231658,321186,216103,1992999993,1996112841,1996178659,1995921721,1995812565,1995809512,1995785814,1995848298,1995753644,1995154091,1995547208,1995426594,1995549760,1996040090,1996078776,1996125416,1996123082,1996235368,1996184377,1996386244,4732,4787,3513,5930,6796,7774,4927,5455,7351,8774,5841,8991,8618,6151,6404,7056,5235,3390,6266,5169,0,0,0,0,0,0,0,0,0,0,0,0,0,0,0,0,0,0,0,0,80855,295,203,259,19527,400,164,175,1090,5514,13435,3589,16762,196,333,188,187,434,720,888,0,0,0,0,0,0,0,0,0,0,0,0,0,0,0,0,0,0,0,0,0,0,0,0,0,0,0,0,0,0,0,0,0,0,0,0,0,0,0,0,0,0,0,0,0,0,0,0,0,0,0,0,0,0,0,0,0,0,0,0
1781124870.002302,2302,ubuntu-rog,1,0,0,20,1,335509144,252625,5703262,39915076060,123168,0,145221,0,0,0,7711816757,5631098282,3015421,1,0,3636781532,1,1,1,1,1,1,1,1,1,1,1,1,1,1,1,1,1,1,1,1,19309764,16774644,16773241,16642663,16683500,16712944,16753378,16701301,16578597,16537351,16644394,16896382,16849446,16588401,16596111,16570249,16613964,16517697,16455795,16309311,10915,9904,10736,12889,20452,13997,10765,17680,14412,15613,8564,10955,12243,10504,16066,10253,10437,12209,11119,12904,302207,227506,156123,275817,278050,276206,278351,300778,409362,390928,396823,385187,337691,256624,231850,222469,208333,231658,321186,216103,1993000093,1996112941,1996178759,1995921821,1995812664,1995809612,1995785914,1995848398,1995753744,1995154190,1995547307,1995426694,1995549860,1996040190,1996078876,1996125516,1996123182,1996235468,1996184477,1996386344,4732,4787,3513,5930,6796,7774,4927,5455,7351,8774,5841,8991,8618,6151,6404,7056,5235,3390,6266,5169,0,0,0,0,0,0,0,0,0,0,0,0,0,0,0,0,0,0,0,0,80855,295,203,259,19527,400,164,175,1090,5514,13435,3589,16762,196,333,188,187,434,720,888,0,0,0,0,0,0,0,0,0,0,0,0,0,0,0,0,0,0,0,0,0,0,0,0,0,0,0,0,0,0,0,0,0,0,0,0,0,0,0,0,0,0,0,0,0,0,0,0,0,0,0,0,0,0,0,0,0,0,0,0
1781124871.002147,2147,ubuntu-rog,1,0,0,20,1,335509145,252625,5703262,39915078058,123168,0,145221,0,0,0,7711817005,5631098469,3015421,1,0,3636781800,1,1,1,1,1,1,1,1,1,1,1,1,1,1,1,1,1,1,1,1,19309764,16774644,16773241,16642663,16683500,16712944,16753378,16701301,16578597,16537351,16644394,16896382,16849446,16588402,16596111,16570249,16613964,16517697,16455795,16309311,10915,9904,10736,12889,20452,13997,10765,17680,14412,15613,8564,10955,12243,10504,16066,10253,10437,12209,11119,12904,302207,227506,156123,275817,278050,276206,278351,300778,409362,390928,396823,385187,337692,256624,231850,222469,208333,231658,321186,216103,1993000193,1996113041,1996178859,1995921921,1995812764,1995809712,1995786014,1995848498,1995753844,1995154290,1995547407,1995426794,1995549959,1996040290,1996078975,1996125616,1996123282,1996235568,1996184577,1996386444,4732,4787,3513,5930,6796,7774,4927,5455,7351,8774,5841,8991,8618,6151,6404,7056,5235,3390,6266,5169,0,0,0,0,0,0,0,0,0,0,0,0,0,0,0,0,0,0,0,0,80855,295,203,259,19527,400,164,175,1090,5514,13435,3589,16762,196,333,188,187,434,720,888,0,0,0,0,0,0,0,0,0,0,0,0,0,0,0,0,0,0,0,0,0,0,0,0,0,0,0,0,0,0,0,0,0,0,0,0,0,0,0,0,0,0,0,0,0,0,0,0,0,0,0,0,0,0,0,0,0,0,0,0
1781124872.001443,1443,ubuntu-rog,1,0,0,20,1,335509146,252625,5703262,39915080054,123168,0,145221,0,0,0,7711817299,5631098858,3015421,1,0,3636782040,1,1,1,1,1,1,1,1,1,1,1,1,1,1,1,1,1,1,1,1,19309765,16774644,16773241,16642663,16683500,16712944,16753378,16701301,16578597,16537351,16644394,16896382,16849446,16588402,16596111,16570249,16613964,16517697,16455795,16309311,10915,9904,10736,12889,20452,13997,10765,17680,14412,15613,8564,10955,12243,10504,16066,10253,10437,12209,11119,12904,302207,227506,156123,275817,278050,276206,278351,300778,409362,390928,396823,385187,337692,256624,231850,222469,208333,231658,321186,216103,1993000293,1996113141,1996178959,1995922021,1995812864,1995809811,1995786114,1995848598,1995753944,1995154389,1995547507,1995426893,1995550059,1996040389,1996079075,1996125716,1996123382,1996235668,1996184677,1996386544,4732,4787,3513,5930,6796,7774,4927,5455,7351,8774,5841,8991,8618,6151,6404,7056,5235,3390,6266,5169,0,0,0,0,0,0,0,0,0,0,0,0,0,0,0,0,0,0,0,0,80855,295,203,259,19527,400,164,175,1090,5514,13435,3589,16762,196,333,188,187,434,720,888,0,0,0,0,0,0,0,0,0,0,0,0,0,0,0,0,0,0,0,0,0,0,0,0,0,0,0,0,0,0,0,0,0,0,0,0,0,0,0,0,0,0,0,0,0,0,0,0,0,0,0,0,0,0,0,0,0,0,0,0
1781124873.002299,2299,ubuntu-rog,1,0,0,20,1,335509146,252625,5703263,39915082052,123168,0,145222,0,0,0,7711817886,5631099716,3015421,1,0,3636782529,1,1,1,1,1,1,1,1,1,1,1,1,1,1,1,1,1,1,1,1,19309765,16774644,16773241,16642663,16683500,16712944,16753378,16701301,16578597,16537351,16644395,16896382,16849446,16588402,16596111,16570249,16613964,16517697,16455795,16309311,10915,9904,10736,12889,20452,13997,10765,17680,14412,15613,8564,10955,12243,10504,16066,10253,10437,12209,11119,12904,302207,227506,156123,275817,278050,276206,278351,300778,409362,390928,396823,385187,337692,256624,231850,222469,208333,231658,321186,216103,1993000392,1996113241,1996179058,1995922121,1995812964,1995809912,1995786214,1995848698,1995754044,1995154489,1995547607,1995426993,1995550159,1996040489,1996079175,1996125816,1996123482,1996235768,1996184777,1996386644,4732,4787,3513,5930,6796,7774,4927,5455,7351,8774,5841,8991,8618,6151,6404,7056,5235,3390,6266,5169,0,0,0,0,0,0,0,0,0,0,0,0,0,0,0,0,0,0,0,0,80856,295,203,259,19527,400,164,175,1090,5514,13435,3589,16762,196,333,188,187,434,720,888,0,0,0,0,0,0,0,0,0,0,0,0,0,0,0,0,0,0,0,0,0,0,0,0,0,0,0,0,0,0,0,0,0,0,0,0,0,0,0,0,0,0,0,0,0,0,0,0,0,0,0,0,0,0,0,0,0,0,0,0
1781124874.002074,2074,ubuntu-rog,1,0,0,20,1,335509152,252625,5703264,39915084042,123168,0,145222,0,0,0,7711818640,5631101369,3015421,1,0,3636783020,1,1,1,1,1,1,1,1,1,1,1,1,1,1,1,1,1,1,1,1,19309765,16774644,16773242,16642664,16683501,16712946,16753378,16701301,16578597,16537352,16644395,16896383,16849446,16588402,16596111,16570249,16613964,16517697,16455795,16309311,10915,9904,10736,12889,20452,13997,10765,17680,14412,15613,8564,10955,12243,10504,16066,10253,10437,12209,11119,12904,302207,227506,156123,275817,278050,276206,278351,300778,409362,390928,396823,385187,337692,256624,231850,222469,208333,231658,321186,216103,1993000491,1996113341,1996179157,1995922219,1995813063,1995810010,1995786314,1995848798,1995754144,1995154588,1995547707,1995427092,1995550259,1996040588,1996079275,1996125916,1996123582,1996235868,1996184877,1996386744,4732,4787,3513,5930,6796,7774,4927,5455,7351,8774,5841,8991,8618,6151,6404,7056,5235,3390,6266,5169,0,0,0,0,0,0,0,0,0,0,0,0,0,0,0,0,0,0,0,0,80856,295,203,259,19527,400,164,175,1090,5514,13435,3589,16762,196,333,188,187,434,720,888,0,0,0,0,0,0,0,0,0,0,0,0,0,0,0,0,0,0,0,0,0,0,0,0,0,0,0,0,0,0,0,0,0,0,0,0,0,0,0,0,0,0,0,0,0,0,0,0,0,0,0,0,0,0,0,0,0,0,0,0
1781124875.002083,2083,ubuntu-rog,1,0,0,20,1,335509153,252625,5703264,39915086040,123168,0,145222,0,0,0,7711818910,5631101781,3015421,1,0,3636783211,1,1,1,1,1,1,1,1,1,1,1,1,1,1,1,1,1,1,1,1,19309765,16774644,16773242,16642664,16683501,16712946,16753378,16701301,16578597,16537352,16644395,16896383,16849447,16588403,16596111,16570249,16613964,16517697,16455795,16309311,10915,9904,10736,12889,20452,13997,10765,17680,14412,15613,8564,10955,12243,10504,16066,10253,10437,12209,11119,12904,302207,227506,156123,275817,278050,276206,278351,300778,409362,390928,396823,385187,337692,256624,231850,222469,208333,231658,321186,216103,1993000591,1996113441,1996179257,1995922319,1995813163,1995810109,1995786414,1995848898,1995754244,1995154688,1995547807,1995427192,1995550358,1996040688,1996079375,1996126015,1996123682,1996235968,1996184977,1996386844,4732,4787,3513,5930,6796,7774,4927,5455,7351,8774,5841,8991,8618,6151,6404,7056,5235,3390,6266,5169,0,0,0,0,0,0,0,0,0,0,0,0,0,0,0,0,0,0,0,0,80856,295,203,259,19527,400,164,175,1090,5514,13435,3589,16762,196,333,188,187,434,720,888,0,0,0,0,0,0,0,0,0,0,0,0,0,0,0,0,0,0,0,0,0,0,0,0,0,0,0,0,0,0,0,0,0,0,0,0,0,0,0,0,0,0,0,0,0,0,0,0,0,0,0,0,0,0,0,0,0,0,0,0
1781124876.001897,1897,ubuntu-rog,1,0,0,20,1,335509154,252625,5703264,39915088038,123168,0,145222,0,0,0,7711819199,5631102178,3015421,1,0,3636783438,1,1,1,1,1,1,1,1,1,1,1,1,1,1,1,1,1,1,1,1,19309765,16774644,16773242,16642664,16683501,16712946,16753378,16701301,16578597,16537352,16644395,16896383,16849447,16588403,16596111,16570249,16613964,16517697,16455795,16309311,10915,9904,10736,12889,20452,13997,10765,17680,14412,15613,8564,10955,12243,10504,16066,10253,10437,12209,11119,12904,302207,227506,156123,275817,278050,276207,278351,300778,409362,390928,396823,385187,337692,256624,231850,222469,208333,231658,321186,216103,1993000691,1996113541,1996179357,1995922419,1995813263,1995810209,1995786514,1995848998,1995754344,1995154788,1995547907,1995427292,1995550458,1996040787,1996079475,1996126115,1996123782,1996236068,1996185077,1996386944,4732,4787,3513,5930,6796,7774,4927,5455,7351,8774,5841,8991,8618,6151,6404,7056,5235,3390,6266,5169,0,0,0,0,0,0,0,0,0,0,0,0,0,0,0,0,0,0,0,0,80856,295,203,259,19527,400,164,175,1090,5514,13435,3589,16762,196,333,188,187,434,720,888,0,0,0,0,0,0,0,0,0,0,0,0,0,0,0,0,0,0,0,0,0,0,0,0,0,0,0,0,0,0,0,0,0,0,0,0,0,0,0,0,0,0,0,0,0,0,0,0,0,0,0,0,0,0,0,0,0,0,0,0
1781124877.002219,2219,ubuntu-rog,1,0,0,20,1,335509155,252625,5703265,39915090036,123168,0,145222,0,0,0,7711819568,5631102586,3015421,1,0,3636783744,1,1,1,1,1,1,1,1,1,1,1,1,1,1,1,1,1,1,1,1,19309765,16774644,16773242,16642664,16683501,16712946,16753378,16701301,16578597,16537352,16644395,16896383,16849447,16588403,16596111,16570249,16613964,16517697,16455795,16309311,10915,9904,10736,12889,20452,13997,10765,17680,14412,15613,8564,10955,12243,10504,16066,10253,10437,12209,11119,12904,302207,227506,156124,275817,278050,276207,278351,300778,409362,390928,396823,385187,337692,256624,231850,222469,208333,231658,321186,216103,1993000791,1996113641,1996179457,1995922519,1995813363,1995810309,1995786614,1995849098,1995754444,1995154887,1995548007,1995427392,1995550558,1996040887,1996079575,1996126215,1996123882,1996236168,1996185177,1996387044,4732,4787,3513,5930,6796,7774,4927,5455,7351,8774,5841,8991,8618,6151,6404,7056,5235,3390,6266,5169,0,0,0,0,0,0,0,0,0,0,0,0,0,0,0,0,0,0,0,0,80856,295,203,259,19527,400,164,175,1090,5514,13435,3589,16762,196,333,188,187,434,720,888,0,0,0,0,0,0,0,0,0,0,0,0,0,0,0,0,0,0,0,0,0,0,0,0,0,0,0,0,0,0,0,0,0,0,0,0,0,0,0,0,0,0,0,0,0,0,0,0,0,0,0,0,0,0,0,0,0,0,0,0
1781124878.002069,2069,ubuntu-rog,1,0,0,20,1,335509156,252625,5703265,39915092033,123168,0,145222,0,0,0,7711819892,5631102989,3015421,1,0,3636784005,1,1,1,1,1,1,1,1,1,1,1,1,1,1,1,1,1,1,1,1,19309765,16774644,16773242,16642664,16683501,16712946,16753378,16701301,16578597,16537352,16644395,16896383,16849447,16588404,16596111,16570249,16613964,16517697,16455795,16309311,10915,9904,10736,12889,20452,13997,10765,17680,14412,15613,8564,10955,12243,10504,16066,10253,10437,12209,11119,12904,302207,227506,156124,275817,278050,276207,278351,300779,409362,390928,396823,385187,337692,256624,231850,222469,208333,231658,321186,216103,1993000891,1996113741,1996179557,1995922619,1995813463,1995810409,1995786713,1995849197,1995754544,1995154987,1995548107,1995427491,1995550657,1996040987,1996079675,1996126315,1996123982,1996236268,1996185277,1996387143,4732,4787,3513,5930,6796,7774,4927,5455,7351,8774,5841,8991,8618,6151,6404,7056,5235,3390,6266,5169,0,0,0,0,0,0,0,0,0,0,0,0,0,0,0,0,0,0,0,0,80856,295,203,259,19527,400,164,175,1090,5514,13435,3589,16762,196,333,188,187,434,720,888,0,0,0,0,0,0,0,0,0,0,0,0,0,0,0,0,0,0,0,0,0,0,0,0,0,0,0,0,0,0,0,0,0,0,0,0,0,0,0,0,0,0,0,0,0,0,0,0,0,0,0,0,0,0,0,0,0,0,0,0
1781124879.001760,1760,ubuntu-rog,1,0,0,20,1,335509157,252625,5703265,39915094030,123168,0,145222,0,0,0,7711820172,5631103374,3015421,1,0,3636784252,1,1,1,1,1,1,1,1,1,1,1,1,1,1,1,1,1,1,1,1,19309765,16774644,16773242,16642664,16683501,16712947,16753378,16701301,16578597,16537352,16644395,16896383,16849447,16588404,16596111,16570249,16613964,16517697,16455795,16309311,10915,9904,10736,12889,20452,13997,10765,17680,14412,15613,8564,10955,12243,10504,16066,10253,10437,12209,11119,12904,302207,227506,156124,275817,278050,276207,278351,300779,409362,390928,396823,385187,337692,256624,231850,222470,208333,231658,321186,216103,1993000991,1996113841,1996179657,1995922719,1995813563,1995810508,1995786813,1995849297,1995754644,1995155087,1995548206,1995427591,1995550757,1996041086,1996079775,1996126415,1996124082,1996236368,1996185377,1996387243,4732,4787,3513,5930,6796,7774,4927,5455,7351,8774,5841,8991,8618,6151,6404,7056,5235,3390,6266,5169,0,0,0,0,0,0,0,0,0,0,0,0,0,0,0,0,0,0,0,0,80856,295,203,259,19527,400,164,175,1090,5514,13435,3589,16762,196,333,188,187,434,720,888,0,0,0,0,0,0,0,0,0,0,0,0,0,0,0,0,0,0,0,0,0,0,0,0,0,0,0,0,0,0,0,0,0,0,0,0,0,0,0,0,0,0,0,0,0,0,0,0,0,0,0,0,0,0,0,0,0,0,0,0
1781124880.001751,1751,ubuntu-rog,1,0,0,20,1,335509158,252625,5703266,39915096028,123168,0,145222,0,0,0,7711820447,5631103726,3015421,1,0,3636784465,1,1,1,1,1,1,1,1,1,1,1,1,1,1,1,1,1,1,1,1,19309765,16774644,16773242,16642664,16683501,16712947,16753378,16701301,16578597,16537352,16644395,16896383,16849447,16588404,16596111,16570249,16613964,16517697,16455795,16309311,10915,9904,10736,12889,20452,13997,10765,17680,14412,15613,8564,10955,12243,10504,16066,10253,10437,12209,11119,12904,302207,227506,156124,275817,278050,276207,278351,300779,409362,390928,396823,385187,337693,256624,231850,222470,208333,231658,321186,216103,1993001090,1996113941,1996179757,1995922819,1995813663,1995810608,1995786913,1995849397,1995754744,1995155187,1995548306,1995427691,1995550857,1996041186,1996079875,1996126515,1996124182,1996236468,1996185477,1996387343,4732,4787,3513,5930,6796,7774,4927,5455,7351,8774,5841,8991,8618,6151,6404,7056,5235,3390,6266,5169,0,0,0,0,0,0,0,0,0,0,0,0,0,0,0,0,0,0,0,0,80856,295,203,259,19527,400,164,175,1090,5514,13435,3589,16762,196,333,188,187,434,720,888,0,0,0,0,0,0,0,0,0,0,0,0,0,0,0,0,0,0,0,0,0,0,0,0,0,0,0,0,0,0,0,0,0,0,0,0,0,0,0,0,0,0,0,0,0,0,0,0,0,0,0,0,0,0,0,0,0,0,0,0
1781124881.002594,2594,ubuntu-rog,1,0,0,20,1,335509159,252625,5703266,39915098028,123168,0,145222,0,0,0,7711820799,5631104111,3015421,1,0,3636784764,1,1,1,1,1,1,1,1,1,1,1,1,1,1,1,1,1,1,1,1,19309765,16774644,16773242,16642664,16683501,16712947,16753378,16701301,16578597,16537353,16644395,16896383,16849447,16588405,16596112,16570249,16613964,16517697,16455795,16309311,10915,9904,10736,12889,20452,13997,10765,17680,14412,15613,8564,10955,12243,10504,16066,10253,10437,12209,11119,12904,302207,227506,156124,275817,278050,276207,278351,300779,409362,390928,396823,385187,337693,256624,231850,222470,208333,231658,321186,216103,1993001191,1996114041,1996179857,1995922919,1995813763,1995810708,1995787013,1995849497,1995754844,1995155286,1995548406,1995427791,1995550957,1996041285,1996079975,1996126615,1996124282,1996236568,1996185577,1996387443,4732,4787,3513,5930,6796,7774,4927,5455,7351,8774,5841,8991,8618,6151,6404,7056,5235,3390,6266,5169,0,0,0,0,0,0,0,0,0,0,0,0,0,0,0,0,0,0,0,0,80856,295,203,259,19527,400,164,175,1090,5514,13435,3589,16762,196,333,188,187,434,720,888,0,0,0,0,0,0,0,0,0,0,0,0,0,0,0,0,0,0,0,0,0,0,0,0,0,0,0,0,0,0,0,0,0,0,0,0,0,0,0,0,0,0,0,0,0,0,0,0,0,0,0,0,0,0,0,0,0,0,0,0
1781124882.001884,1884,ubuntu-rog,1,0,0,20,1,335509159,252625,5703267,39915100025,123168,0,145222,0,0,0,7711821169,5631104491,3015421,1,0,3636785132,1,1,1,1,1,1,1,1,1,1,1,1,1,1,1,1,1,1,1,1,19309765,16774644,16773242,16642664,16683501,16712947,16753378,16701301,16578597,16537353,16644395,16896383,16849447,16588405,16596112,16570249,16613964,16517697,16455795,16309311,10915,9904,10736,12889,20452,13997,10765,17680,14412,15613,8564,10955,12243,10504,16066,10253,10437,12209,11119,12904,302207,227506,156124,275817,278050,276207,278351,300779,409362,390929,396823,385187,337693,256624,231850,222470,208333,231658,321186,216103,1993001290,1996114141,1996179957,1995923019,1995813863,1995810808,1995787113,1995849597,1995754943,1995155386,1995548506,1995427891,1995551056,1996041385,1996080075,1996126715,1996124382,1996236668,1996185677,1996387543,4732,4787,3513,5930,6796,7774,4927,5455,7351,8774,5841,8991,8618,6151,6404,7056,5235,3390,6266,5169,0,0,0,0,0,0,0,0,0,0,0,0,0,0,0,0,0,0,0,0,80856,295,203,259,19527,400,164,175,1090,5514,13435,3589,16762,196,333,188,187,434,720,888,0,0,0,0,0,0,0,0,0,0,0,0,0,0,0,0,0,0,0,0,0,0,0,0,0,0,0,0,0,0,0,0,0,0,0,0,0,0,0,0,0,0,0,0,0,0,0,0,0,0,0,0,0,0,0,0,0,0,0,0
1781124883.001735,1735,ubuntu-rog,1,0,0,20,1,335509160,252625,5703267,39915102022,123168,0,145222,0,0,0,7711821463,5631104875,3015421,1,0,3636785365,1,1,1,1,1,1,1,1,1,1,1,1,1,1,1,1,1,1,1,1,19309765,16774644,16773242,16642664,16683501,16712947,16753378,16701301,16578597,16537353,16644395,16896383,16849447,16588405,16596112,16570249,16613964,16517697,16455795,16309311,10915,9904,10736,12889,20452,13997,10765,17680,14412,15613,8564,10955,12243,10504,16066,10253,10437,12209,11119,12904,302207,227506,156124,275817,278050,276207,278351,300779,409362,390929,396823,385187,337693,256624,231850,222470,208333,231658,321186,216103,1993001390,1996114241,1996180056,1995923119,1995813963,1995810908,1995787213,1995849697,1995755043,1995155486,1995548606,1995427991,1995551156,1996041485,1996080175,1996126815,1996124482,1996236768,1996185777,1996387643,4732,4787,3513,5930,6796,7774,4927,5455,7351,8774,5841,8991,8618,6151,6404,7056,5235,3390,6266,5169,0,0,0,0,0,0,0,0,0,0,0,0,0,0,0,0,0,0,0,0,80856,295,203,259,19527,400,164,175,1090,5514,13435,3589,16762,196,333,188,187,434,720,888,0,0,0,0,0,0,0,0,0,0,0,0,0,0,0,0,0,0,0,0,0,0,0,0,0,0,0,0,0,0,0,0,0,0,0,0,0,0,0,0,0,0,0,0,0,0,0,0,0,0,0,0,0,0,0,0,0,0,0,0
1781124884.001503,1503,ubuntu-rog,1,0,0,20,1,335509162,252625,5703267,39915104018,123168,0,145222,0,0,0,7711821761,5631105283,3015421,1,0,3636785578,1,1,1,1,1,1,1,1,1,1,1,1,1,1,1,1,1,1,1,1,19309765,16774644,16773242,16642664,16683501,16712949,16753378,16701301,16578597,16537353,16644395,16896383,16849447,16588405,16596112,16570249,16613964,16517697,16455795,16309312,10915,9904,10736,12889,20452,13997,10765,17680,14412,15613,8564,10955,12243,10504,16066,10253,10437,12209,11119,12904,302207,227506,156124,275817,278050,276207,278351,300779,409362,390929,396823,385187,337693,256624,231850,222470,208333,231658,321186,216103,1993001490,1996114341,1996180156,1995923219,1995814063,1995811005,1995787313,1995849797,1995755143,1995155586,1995548706,1995428091,1995551256,1996041584,1996080275,1996126914,1996124582,1996236868,1996185877,1996387743,4732,4787,3513,5930,6796,7774,4927,5455,7351,8774,5841,8991,8618,6151,6404,7056,5235,3390,6266,5169,0,0,0,0,0,0,0,0,0,0,0,0,0,0,0,0,0,0,0,0,80856,295,203,259,19527,400,164,175,1090,5514,13435,3589,16762,196,333,188,187,434,720,888,0,0,0,0,0,0,0,0,0,0,0,0,0,0,0,0,0,0,0,0,0,0,0,0,0,0,0,0,0,0,0,0,0,0,0,0,0,0,0,0,0,0,0,0,0,0,0,0,0,0,0,0,0,0,0,0,0,0,0,0
1781124885.002511,2511,ubuntu-rog,1,0,0,20,1,335509162,252625,5703268,39915106018,123168,0,145222,0,0,0,7711822074,5631105749,3015421,1,0,3636785809,1,1,1,1,1,1,1,1,1,1,1,1,1,1,1,1,1,1,1,1,19309765,16774644,16773242,16642664,16683501,16712949,16753378,16701301,16578597,16537353,16644395,16896383,16849447,16588406,16596112,16570249,16613964,16517697,16455795,16309312,10915,9904,10736,12889,20452,13997,10765,17680,14412,15613,8564,10955,12243,10504,16066,10253,10437,12209,11119,12904,302207,227506,156124,275817,278050,276207,278351,300779,409362,390929,396823,385187,337693,256624,231850,222470,208333,231658,321186,216103,1993001590,1996114441,1996180256,1995923319,1995814163,1995811105,1995787413,1995849897,1995755243,1995155686,1995548806,1995428191,1995551355,1996041684,1996080375,1996127014,1996124682,1996236968,1996185977,1996387843,4732,4787,3513,5930,6796,7774,4927,5455,7351,8774,5841,8991,8618,6151,6404,7056,5235,3390,6266,5169,0,0,0,0,0,0,0,0,0,0,0,0,0,0,0,0,0,0,0,0,80856,295,203,259,19527,400,164,175,1090,5514,13435,3589,16762,196,333,188,187,434,720,888,0,0,0,0,0,0,0,0,0,0,0,0,0,0,0,0,0,0,0,0,0,0,0,0,0,0,0,0,0,0,0,0,0,0,0,0,0,0,0,0,0,0,0,0,0,0,0,0,0,0,0,0,0,0,0,0,0,0,0,0
1781124886.002368,2368,ubuntu-rog,1,0,0,20,1,335509163,252625,5703268,39915108015,123168,0,145222,0,0,0,7711822409,5631106196,3015421,1,0,3636786067,1,1,1,1,1,1,1,1,1,1,1,1,1,1,1,1,1,1,1,1,19309765,16774644,16773242,16642664,16683501,16712949,16753378,16701301,16578597,16537353,16644395,16896383,16849447,16588406,16596112,16570249,16613964,16517697,16455795,16309312,10915,9904,10736,12889,20452,13997,10765,17680,14412,15613,8564,10955,12243,10504,16066,10253,10437,12209,11119,12904,302207,227506,156124,275817,278050,276207,278351,300779,409362,390929,396823,385187,337694,256624,231850,222470,208333,231658,321186,216103,1993001690,1996114541,1996180356,1995923419,1995814263,1995811205,1995787513,1995849997,1995755343,1995155785,1995548906,1995428290,1995551455,1996041783,1996080475,1996127114,1996124782,1996237068,1996186077,1996387943,4732,4787,3513,5930,6796,7774,4927,5455,7351,8774,5841,8991,8618,6151,6404,7056,5235,3390,6266,5169,0,0,0,0,0,0,0,0,0,0,0,0,0,0,0,0,0,0,0,0,80856,295,203,259,19527,400,164,175,1090,5514,13435,3589,16762,196,333,188,187,434,720,888,0,0,0,0,0,0,0,0,0,0,0,0,0,0,0,0,0,0,0,0,0,0,0,0,0,0,0,0,0,0,0,0,0,0,0,0,0,0,0,0,0,0,0,0,0,0,0,0,0,0,0,0,0,0,0,0,0,0,0,0
1781124887.001660,1660,ubuntu-rog,1,0,0,20,1,335509163,252625,5703269,39915110012,123168,0,145222,0,0,0,7711822647,5631106516,3015421,1,0,3636786257,1,1,1,1,1,1,1,1,1,1,1,1,1,1,1,1,1,1,1,1,19309765,16774644,16773242,16642664,16683501,16712949,16753378,16701301,16578597,16537353,16644395,16896383,16849447,16588406,16596112,16570249,16613964,16517697,16455795,16309312,10915,9904,10736,12889,20452,13997,10765,17680,14412,15613,8564,10955,12243,10504,16066,10253,10437,12209,11119,12904,302207,227506,156124,275817,278050,276207,278351,300779,409362,390929,396823,385187,337694,256624,231850,222470,208333,231658,321186,216103,1993001790,1996114641,1996180456,1995923519,1995814363,1995811305,1995787613,1995850097,1995755443,1995155885,1995549006,1995428390,1995551555,1996041883,1996080575,1996127214,1996124882,1996237168,1996186177,1996388043,4732,4787,3513,5930,6796,7774,4927,5455,7351,8774,5841,8991,8618,6151,6404,7056,5235,3390,6266,5169,0,0,0,0,0,0,0,0,0,0,0,0,0,0,0,0,0,0,0,0,80856,295,203,259,19527,400,164,175,1090,5514,13435,3589,16762,196,333,188,187,434,720,888,0,0,0,0,0,0,0,0,0,0,0,0,0,0,0,0,0,0,0,0,0,0,0,0,0,0,0,0,0,0,0,0,0,0,0,0,0,0,0,0,0,0,0,0,0,0,0,0,0,0,0,0,0,0,0,0,0,0,0,0
1781124888.001523,1523,ubuntu-rog,1,0,0,20,1,335509164,252625,5703270,39915112011,123168,0,145222,0,0,0,7711822894,5631106854,3015421,1,0,3636786440,1,1,1,1,1,1,1,1,1,1,1,1,1,1,1,1,1,1,1,1,19309765,16774644,16773242,16642664,16683501,16712949,16753378,16701301,16578597,16537353,16644395,16896383,16849447,16588406,16596112,16570249,16613964,16517697,16455795,16309312,10915,9904,10736,12889,20452,13997,10765,17680,14412,15613,8564,10955,12243,10504,16066,10253,10437,12209,11119,12904,302207,227506,156124,275817,278050,276207,278351,300779,409362,390929,396823,385187,337694,256624,231850,222470,208333,231658,321186,216103,1993001890,1996114741,1996180556,1995923619,1995814463,1995811405,1995787713,1995850196,1995755543,1995155985,1995549106,1995428490,1995551655,1996041983,1996080675,1996127314,1996124982,1996237268,1996186277,1996388142,4732,4787,3513,5930,6796,7774,4927,5455,7351,8774,5841,8991,8618,6151,6404,7056,5235,3390,6266,5169,0,0,0,0,0,0,0,0,0,0,0,0,0,0,0,0,0,0,0,0,80856,295,203,259,19527,400,164,175,1090,5514,13435,3589,16762,196,333,188,187,434,720,888,0,0,0,0,0,0,0,0,0,0,0,0,0,0,0,0,0,0,0,0,0,0,0,0,0,0,0,0,0,0,0,0,0,0,0,0,0,0,0,0,0,0,0,0,0,0,0,0,0,0,0,0,0,0,0,0,0,0,0,0
1781124889.002280,2280,ubuntu-rog,1,0,0,20,1,335509164,252625,5703270,39915114010,123168,0,145223,0,0,0,7711823246,5631107234,3015421,1,0,3636786746,1,1,1,1,1,1,1,1,1,1,1,1,1,1,1,1,1,1,1,1,19309765,16774644,16773242,16642664,16683501,16712949,16753378,16701301,16578597,16537353,16644395,16896383,16849448,16588406,16596112,16570249,16613964,16517697,16455795,16309312,10915,9904,10736,12889,20452,13997,10765,17680,14412,15613,8564,10955,12243,10504,16066,10253,10437,12209,11119,12904,302207,227506,156124,275817,278050,276207,278351,300779,409362,390929,396823,385187,337694,256624,231850,222470,208333,231658,321186,216103,1993001990,1996114841,1996180656,1995923719,1995814563,1995811504,1995787813,1995850296,1995755643,1995156085,1995549205,1995428590,1995551754,1996042083,1996080775,1996127414,1996125082,1996237368,1996186377,1996388242,4732,4787,3513,5930,6796,7774,4927,5455,7351,8774,5841,8991,8618,6151,6404,7056,5235,3390,6266,5169,0,0,0,0,0,0,0,0,0,0,0,0,0,0,0,0,0,0,0,0,80856,295,203,259,19527,400,164,175,1090,5514,13435,3589,16762,196,333,188,187,434,720,888,0,0,0,0,0,0,0,0,0,0,0,0,0,0,0,0,0,0,0,0,0,0,0,0,0,0,0,0,0,0,0,0,0,0,0,0,0,0,0,0,0,0,0,0,0,0,0,0,0,0,0,0,0,0,0,0,0,0,0,0
1781124890.002271,2271,ubuntu-rog,1,0,0,20,1,335509165,252625,5703271,39915116008,123168,0,145223,0,0,0,7711823530,5631107656,3015421,1,0,3636786951,1,1,1,1,1,1,1,1,1,1,1,1,1,1,1,1,1,1,1,1,19309765,16774644,16773242,16642664,16683501,16712949,16753378,16701301,16578597,16537353,16644395,16896383,16849448,16588406,16596112,16570249,16613964,16517697,16455795,16309312,10915,9904,10736,12889,20452,13997,10765,17680,14412,15613,8564,10955,12243,10504,16066,10253,10437,12209,11119,12904,302207,227506,156124,275817,278050,276207,278351,300779,409362,390929,396823,385187,337694,256625,231850,222470,208333,231658,321186,216103,1993002090,1996114941,1996180756,1995923819,1995814663,1995811604,1995787913,1995850396,1995755743,1995156184,1995549305,1995428690,1995551854,1996042182,1996080875,1996127514,1996125182,1996237468,1996186477,1996388342,4732,4787,3513,5930,6796,7774,4927,5455,7351,8774,5841,8991,8618,6151,6404,7056,5235,3390,6266,5169,0,0,0,0,0,0,0,0,0,0,0,0,0,0,0,0,0,0,0,0,80856,295,203,259,19527,400,164,175,1090,5514,13435,3589,16762,196,333,188,187,434,720,888,0,0,0,0,0,0,0,0,0,0,0,0,0,0,0,0,0,0,0,0,0,0,0,0,0,0,0,0,0,0,0,0,0,0,0,0,0,0,0,0,0,0,0,0,0,0,0,0,0,0,0,0,0,0,0,0,0,0,0,0
1781124891.002111,2111,ubuntu-rog,1,0,0,20,1,335509165,252625,5703271,39915118005,123168,0,145223,0,0,0,7711823840,5631108045,3015421,1,0,3636787237,1,1,1,1,1,1,1,1,1,1,1,1,1,1,1,1,1,1,1,1,19309765,16774644,16773242,16642664,16683501,16712949,16753378,16701302,16578597,16537353,16644395,16896383,16849448,16588407,16596112,16570249,16613964,16517697,16455795,16309312,10915,9904,10736,12889,20452,13997,10765,17680,14412,15613,8564,10955,12243,10504,16066,10253,10437,12209,11119,12904,302207,227506,156124,275818,278050,276207,278351,300779,409362,390929,396823,385187,337695,256625,231850,222470,208333,231658,321186,216103,1993002190,1996115041,1996180856,1995923919,1995814763,1995811704,1995788013,1995850496,1995755843,1995156284,1995549405,1995428790,1995551954,1996042282,1996080975,1996127614,1996125282,1996237568,1996186577,1996388442,4732,4787,3513,5930,6796,7774,4927,5455,7351,8774,5841,8991,8618,6151,6404,7056,5235,3390,6266,5169,0,0,0,0,0,0,0,0,0,0,0,0,0,0,0,0,0,0,0,0,80856,295,203,259,19527,400,164,175,1090,5514,13435,3589,16762,196,333,188,187,434,720,888,0,0,0,0,0,0,0,0,0,0,0,0,0,0,0,0,0,0,0,0,0,0,0,0,0,0,0,0,0,0,0,0,0,0,0,0,0,0,0,0,0,0,0,0,0,0,0,0,0,0,0,0,0,0,0,0,0,0,0,0
1781124892.001408,1408,ubuntu-rog,1,0,0,20,1,335509166,252625,5703272,39915120002,123168,0,145223,0,0,0,7711824136,5631108373,3015421,1,0,3636787472,1,1,1,1,1,1,1,1,1,1,1,1,1,1,1,1,1,1,1,1,19309765,16774644,16773242,16642664,16683501,16712949,16753378,16701302,16578597,16537353,16644395,16896383,16849448,16588407,16596112,16570249,16613964,16517697,16455795,16309312,10915,9904,10736,12889,20452,13997,10765,17680,14412,15613,8564,10955,12243,10504,16066,10253,10437,12209,11119,12904,302207,227506,156124,275818,278050,276207,278351,300779,409362,390929,396823,385187,337695,256625,231850,222470,208333,231658,321186,216103,1993002290,1996115140,1996180956,1995924019,1995814862,1995811804,1995788113,1995850596,1995755942,1995156384,1995549505,1995428890,1995552054,1996042381,1996081075,1996127714,1996125382,1996237667,1996186677,1996388542,4732,4787,3513,5930,6796,7774,4927,5455,7351,8774,5841,8991,8618,6151,6404,7056,5235,3390,6266,5169,0,0,0,0,0,0,0,0,0,0,0,0,0,0,0,0,0,0,0,0,80856,295,203,259,19527,400,164,175,1090,5514,13435,3589,16762,196,333,188,187,434,720,888,0,0,0,0,0,0,0,0,0,0,0,0,0,0,0,0,0,0,0,0,0,0,0,0,0,0,0,0,0,0,0,0,0,0,0,0,0,0,0,0,0,0,0,0,0,0,0,0,0,0,0,0,0,0,0,0,0,0,0,0
1781124893.002269,2269,ubuntu-rog,1,0,0,20,1,335509166,252625,5703272,39915122002,123168,0,145223,0,0,0,7711824428,5631108730,3015421,1,0,3636787705,1,1,1,1,1,1,1,1,1,1,1,1,1,1,1,1,1,1,1,1,19309765,16774644,16773242,16642664,16683501,16712949,16753378,16701302,16578597,16537353,16644395,16896383,16849448,16588407,16596112,16570249,16613964,16517697,16455795,16309312,10915,9904,10736,12889,20452,13997,10765,17680,14412,15613,8564,10955,12243,10504,16066,10253,10437,12209,11119,12904,302207,227506,156124,275818,278050,276207,278351,300779,409362,390929,396823,385187,337695,256625,231850,222470,208333,231658,321186,216103,1993002390,1996115240,1996181056,1995924119,1995814963,1995811903,1995788213,1995850696,1995756042,1995156484,1995549605,1995428990,1995552153,1996042481,1996081175,1996127814,1996125482,1996237768,1996186777,1996388642,4732,4787,3513,5930,6796,7774,4927,5455,7351,8774,5841,8991,8618,6151,6404,7056,5235,3390,6266,5169,0,0,0,0,0,0,0,0,0,0,0,0,0,0,0,0,0,0,0,0,80856,295,203,259,19527,400,164,175,1090,5514,13435,3589,16762,196,333,188,187,434,720,888,0,0,0,0,0,0,0,0,0,0,0,0,0,0,0,0,0,0,0,0,0,0,0,0,0,0,0,0,0,0,0,0,0,0,0,0,0,0,0,0,0,0,0,0,0,0,0,0,0,0,0,0,0,0,0,0,0,0,0,0
1781124894.002032,2032,ubuntu-rog,1,0,0,20,1,335509167,252625,5703272,39915123999,123168,0,145223,0,0,0,7711824746,5631109074,3015421,1,0,3636788006,1,1,1,1,1,1,1,1,1,1,1,1,1,1,1,1,1,1,1,1,19309765,16774644,16773242,16642664,16683501,16712949,16753378,16701302,16578597,16537353,16644395,16896384,16849448,16588407,16596112,16570249,16613964,16517697,16455795,16309312,10915,9904,10736,12889,20452,13997,10765,17680,14412,15613,8564,10955,12243,10504,16066,10253,10437,12209,11119,12904,302207,227506,156124,275818,278050,276207,278351,300779,409362,390929,396823,385187,337695,256625,231850,222470,208333,231658,321186,216103,1993002490,1996115340,1996181156,1995924219,1995815062,1995812003,1995788313,1995850796,1995756142,1995156583,1995549705,1995429089,1995552253,1996042581,1996081275,1996127913,1996125582,1996237868,1996186877,1996388742,4732,4787,3513,5930,6796,7774,4927,5455,7351,8774,5841,8991,8618,6151,6404,7056,5235,3390,6266,5169,0,0,0,0,0,0,0,0,0,0,0,0,0,0,0,0,0,0,0,0,80856,295,203,259,19527,400,164,175,1090,5514,13435,3589,16762,196,333,188,187,434,720,888,0,0,0,0,0,0,0,0,0,0,0,0,0,0,0,0,0,0,0,0,0,0,0,0,0,0,0,0,0,0,0,0,0,0,0,0,0,0,0,0,0,0,0,0,0,0,0,0,0,0,0,0,0,0,0,0,0,0,0,0
1781124895.002031,2031,ubuntu-rog,1,0,0,20,1,335509168,252625,5703273,39915125997,123168,0,145223,0,0,0,7711825108,5631109490,3015422,2,0,3636788307,1,1,1,1,1,1,1,1,1,1,1,1,1,1,1,1,1,1,1,1,19309765,16774644,16773242,16642664,16683501,16712950,16753378,16701302,16578597,16537353,16644395,16896384,16849448,16588407,16596112,16570249,16613964,16517697,16455795,16309312,10915,9904,10736,12889,20452,13997,10765,17680,14412,15613,8564,10955,12243,10504,16066,10253,10437,12209,11119,12904,302207,227506,156124,275818,278050,276207,278351,300779,409362,390929,396823,385187,337695,256625,231850,222470,208333,231658,321186,216103,1993002590,1996115440,1996181255,1995924319,1995815162,1995812103,1995788413,1995850896,1995756242,1995156683,1995549805,1995429189,1995552353,1996042680,1996081375,1996128013,1996125682,1996237968,1996186977,1996388842,4732,4787,3513,5930,6796,7774,4927,5455,7351,8774,5841,8991,8618,6151,6404,7056,5235,3390,6266,5169,0,0,0,0,0,0,0,0,0,0,0,0,0,0,0,0,0,0,0,0,80856,295,203,259,19527,400,164,175,1090,5514,13435,3589,16762,196,333,188,187,434,720,888,0,0,0,0,0,0,0,0,0,0,0,0,0,0,0,0,0,0,0,0,0,0,0,0,0,0,0,0,0,0,0,0,0,0,0,0,0,0,0,0,0,0,0,0,0,0,0,0,0,0,0,0,0,0,0,0,0,0,0,0
1781124896.001849,1849,ubuntu-rog,1,0,0,20,1,335509169,252625,5703274,39915127994,123168,0,145223,0,0,0,7711825436,5631109879,3015422,1,0,3636788617,1,1,1,1,1,1,1,1,1,1,1,1,1,1,1,1,1,1,1,1,19309765,16774644,16773243,16642664,16683501,16712950,16753378,16701302,16578597,16537353,16644395,16896384,16849448,16588407,16596112,16570249,16613964,16517697,16455795,16309312,10915,9904,10736,12889,20452,13997,10765,17680,14412,15613,8564,10955,12243,10504,16066,10253,10437,12209,11119,12904,302207,227506,156124,275818,278050,276207,278351,300779,409362,390929,396823,385187,337695,256625,231850,222470,208333,231658,321186,216103,1993002690,1996115540,1996181355,1995924419,1995815262,1995812203,1995788513,1995850995,1995756342,1995156783,1995549904,1995429289,1995552453,1996042780,1996081475,1996128113,1996125782,1996238067,1996187077,1996388942,4732,4787,3513,5930,6796,7774,4927,5455,7351,8774,5841,8991,8618,6151,6404,7056,5235,3390,6266,5169,0,0,0,0,0,0,0,0,0,0,0,0,0,0,0,0,0,0,0,0,80856,295,203,259,19527,400,164,175,1090,5514,13435,3589,16762,196,333,188,187,434,720,888,0,0,0,0,0,0,0,0,0,0,0,0,0,0,0,0,0,0,0,0,0,0,0,0,0,0,0,0,0,0,0,0,0,0,0,0,0,0,0,0,0,0,0,0,0,0,0,0,0,0,0,0,0,0,0,0,0,0,0,0
1781124897.002166,2166,ubuntu-rog,1,0,0,20,1,335509170,252625,5703275,39915129992,123168,0,145223,0,0,0,7711825748,5631110270,3015422,1,0,3636788889,1,1,1,1,1,1,1,1,1,1,1,1,1,1,1,1,1,1,1,1,19309765,16774644,16773243,16642664,16683501,16712950,16753378,16701302,16578597,16537353,16644395,16896384,16849448,16588408,16596112,16570249,16613964,16517697,16455795,16309312,10915,9904,10736,12889,20452,13997,10765,17680,14412,15613,8564,10955,12243,10504,16066,10253,10437,12209,11119,12904,302207,227506,156124,275818,278050,276207,278351,300779,409362,390929,396823,385187,337696,256625,231850,222470,208333,231658,321186,216103,1993002790,1996115640,1996181455,1995924519,1995815362,1995812303,1995788613,1995851095,1995756442,1995156883,1995550004,1995429389,1995552552,1996042879,1996081575,1996128213,1996125882,1996238168,1996187177,1996389042,4732,4787,3513,5930,6796,7774,4927,5455,7351,8774,5841,8991,8618,6151,6404,7056,5235,3390,6266,5169,0,0,0,0,0,0,0,0,0,0,0,0,0,0,0,0,0,0,0,0,80856,295,203,259,19527,400,164,175,1090,5514,13435,3589,16762,196,333,188,187,434,720,888,0,0,0,0,0,0,0,0,0,0,0,0,0,0,0,0,0,0,0,0,0,0,0,0,0,0,0,0,0,0,0,0,0,0,0,0,0,0,0,0,0,0,0,0,0,0,0,0,0,0,0,0,0,0,0,0,0,0,0,0
1781124898.002022,2022,ubuntu-rog,1,0,0,20,1,335509170,252625,5703275,39915131990,123168,0,145223,0,0,0,7711826001,5631110604,3015422,1,0,3636789105,1,1,1,1,1,1,1,1,1,1,1,1,1,1,1,1,1,1,1,1,19309765,16774644,16773243,16642664,16683501,16712950,16753378,16701302,16578597,16537353,16644395,16896384,16849448,16588408,16596112,16570250,16613964,16517697,16455795,16309312,10915,9904,10736,12889,20452,13997,10765,17680,14412,15613,8564,10955,12243,10504,16066,10253,10437,12209,11119,12904,302207,227506,156124,275818,278050,276207,278351,300779,409362,390929,396823,385187,337696,256625,231850,222470,208333,231658,321186,216103,1993002890,1996115740,1996181555,1995924619,1995815462,1995812402,1995788713,1995851195,1995756542,1995156983,1995550104,1995429489,1995552652,1996042979,1996081675,1996128313,1996125982,1996238267,1996187277,1996389142,4732,4787,3513,5930,6796,7774,4927,5455,7351,8774,5841,8991,8618,6151,6404,7056,5235,3390,6266,5169,0,0,0,0,0,0,0,0,0,0,0,0,0,0,0,0,0,0,0,0,80856,295,203,259,19527,400,164,175,1090,5514,13435,3589,16762,196,333,188,187,434,720,888,0,0,0,0,0,0,0,0,0,0,0,0,0,0,0,0,0,0,0,0,0,0,0,0,0,0,0,0,0,0,0,0,0,0,0,0,0,0,0,0,0,0,0,0,0,0,0,0,0,0,0,0,0,0,0,0,0,0,0,0
1781124899.001751,1751,ubuntu-rog,1,0,0,20,1,335509171,252625,5703275,39915133988,123168,0,145223,0,0,0,7711826320,5631110960,3015422,1,0,3636789422,1,1,1,1,1,1,1,1,1,1,1,1,1,1,1,1,1,1,1,1,19309765,16774644,16773243,16642664,16683501,16712950,16753378,16701302,16578597,16537353,16644396,16896384,16849448,16588408,16596112,16570250,16613964,16517697,16455795,16309312,10915,9904,10736,12889,20452,13997,10765,17680,14412,15613,8564,10955,12243,10504,16066,10253,10437,12209,11119,12904,302207,227506,156124,275818,278050,276207,278351,300779,409362,390929,396823,385187,337696,256625,231850,222470,208333,231658,321186,216103,1993002990,1996115840,1996181655,1995924719,1995815562,1995812502,1995788813,1995851295,1995756642,1995157082,1995550204,1995429589,1995552752,1996043079,1996081775,1996128413,1996126082,1996238367,1996187377,1996389242,4732,4787,3513,5930,6796,7774,4927,5455,7351,8774,5841,8991,8618,6151,6404,7056,5235,3390,6266,5169,0,0,0,0,0,0,0,0,0,0,0,0,0,0,0,0,0,0,0,0,80856,295,203,259,19527,400,164,175,1090,5514,13435,3589,16762,196,333,188,187,434,720,888,0,0,0,0,0,0,0,0,0,0,0,0,0,0,0,0,0,0,0,0,0,0,0,0,0,0,0,0,0,0,0,0,0,0,0,0,0,0,0,0,0,0,0,0,0,0,0,0,0,0,0,0,0,0,0,0,0,0,0,0
1781124900.001751,1751,ubuntu-rog,1,0,0,20,1,335509171,252625,5703276,39915135985,123168,0,145223,0,0,0,7711826641,5631111347,3015422,2,0,3636789683,1,1,1,1,1,1,1,1,1,1,1,1,1,1,1,1,1,1,1,1,19309765,16774644,16773243,16642664,16683501,16712950,16753378,16701302,16578597,16537353,16644396,16896384,16849448,16588408,16596112,16570250,16613964,16517697,16455795,16309312,10915,9904,10736,12889,20452,13997,10765,17680,14412,15613,8564,10955,12243,10504,16066,10253,10437,12209,11119,12904,302207,227506,156124,275818,278050,276208,278351,300779,409362,390929,396823,385188,337696,256625,231850,222470,208333,231658,321186,216103,1993003089,1996115940,1996181755,1995924819,1995815662,1995812602,1995788913,1995851395,1995756741,1995157182,1995550304,1995429689,1995552852,1996043178,1996081875,1996128513,1996126182,1996238467,1996187477,1996389341,4732,4787,3513,5930,6796,7774,4927,5455,7351,8774,5841,8991,8618,6151,6404,7056,5235,3390,6266,5169,0,0,0,0,0,0,0,0,0,0,0,0,0,0,0,0,0,0,0,0,80856,295,203,259,19527,400,164,175,1090,5514,13435,3589,16762,196,333,188,187,434,720,888,0,0,0,0,0,0,0,0,0,0,0,0,0,0,0,0,0,0,0,0,0,0,0,0,0,0,0,0,0,0,0,0,0,0,0,0,0,0,0,0,0,0,0,0,0,0,0,0,0,0,0,0,0,0,0,0,0,0,0,0
1781124901.002589,2589,ubuntu-rog,1,0,0,20,1,335509172,252625,5703276,39915137985,123168,0,145223,0,0,0,7711827007,5631111707,3015422,1,0,3636789985,1,1,1,1,1,1,1,1,1,1,1,1,1,1,1,1,1,1,1,1,19309765,16774644,16773243,16642664,16683501,16712950,16753378,16701302,16578597,16537353,16644396,16896384,16849448,16588409,16596112,16570250,16613964,16517697,16455795,16309312,10915,9904,10736,12889,20452,13997,10765,17680,14412,15613,8564,10955,12243,10504,16066,10253,10437,12209,11119,12904,302207,227506,156124,275818,278050,276208,278351,300779,409362,390929,396823,385188,337696,256625,231850,222470,208333,231658,321186,216103,1993003189,1996116040,1996181855,1995924919,1995815762,1995812702,1995789012,1995851495,1995756841,1995157282,1995550404,1995429789,1995552951,1996043278,1996081975,1996128613,1996126282,1996238568,1996187577,1996389441,4732,4787,3513,5930,6796,7774,4927,5455,7351,8774,5841,8991,8618,6152,6404,7056,5235,3390,6266,5169,0,0,0,0,0,0,0,0,0,0,0,0,0,0,0,0,0,0,0,0,80856,295,203,259,19527,400,164,175,1090,5514,13435,3589,16762,196,333,188,187,434,720,888,0,0,0,0,0,0,0,0,0,0,0,0,0,0,0,0,0,0,0,0,0,0,0,0,0,0,0,0,0,0,0,0,0,0,0,0,0,0,0,0,0,0,0,0,0,0,0,0,0,0,0,0,0,0,0,0,0,0,0,0
1781124902.001889,1889,ubuntu-rog,1,0,0,20,1,335509173,252625,5703278,39915139980,123168,0,145223,0,0,0,7711827531,5631112188,3015425,1,0,3636790385,1,1,1,1,1,1,1,1,1,1,1,1,1,1,1,1,1,1,1,1,19309765,16774644,16773243,16642664,16683501,16712950,16753378,16701302,16578597,16537353,16644396,16896384,16849448,16588409,16596112,16570250,16613964,16517697,16455795,16309312,10915,9904,10736,12889,20452,13997,10765,17680,14412,15613,8564,10955,12243,10504,16066,10253,10437,12209,11119,12904,302207,227506,156124,275818,278050,276208,278351,300779,409362,390930,396823,385188,337696,256625,231850,222470,208333,231658,321186,216104,1993003289,1996116140,1996181955,1995925019,1995815862,1995812801,1995789112,1995851595,1995756941,1995157381,1995550504,1995429889,1995553051,1996043378,1996082075,1996128713,1996126382,1996238667,1996187676,1996389541,4732,4787,3513,5930,6796,7774,4927,5455,7351,8774,5841,8991,8618,6152,6404,7056,5235,3390,6266,5169,0,0,0,0,0,0,0,0,0,0,0,0,0,0,0,0,0,0,0,0,80856,295,203,259,19527,400,164,175,1090,5514,13435,3589,16762,196,333,188,187,434,720,888,0,0,0,0,0,0,0,0,0,0,0,0,0,0,0,0,0,0,0,0,0,0,0,0,0,0,0,0,0,0,0,0,0,0,0,0,0,0,0,0,0,0,0,0,0,0,0,0,0,0,0,0,0,0,0,0,0,0,0,0
1781124903.001743,1743,ubuntu-rog,1,0,0,20,1,335509174,252625,5703278,39915141978,123168,0,145223,0,0,0,7711827828,5631112566,3015425,1,0,3636790606,1,1,1,1,1,1,1,1,1,1,1,1,1,1,1,1,1,1,1,1,19309765,16774644,16773243,16642664,16683501,16712950,16753378,16701302,16578597,16537354,16644396,16896384,16849448,16588409,16596112,16570250,16613964,16517697,16455795,16309312,10915,9904,10736,12889,20452,13997,10765,17680,14412,15613,8564,10955,12243,10504,16066,10253,10437,12209,11119,12904,302207,227506,156124,275818,278050,276208,278351,300779,409362,390930,396823,385188,337697,256626,231850,222470,208333,231658,321186,216104,1993003389,1996116240,1996182055,1995925119,1995815962,1995812901,1995789212,1995851695,1995757041,1995157481,1995550604,1995429988,1995553151,1996043477,1996082175,1996128813,1996126482,1996238767,1996187776,1996389640,4732,4787,3513,5930,6796,7774,4927,5455,7351,8774,5841,8991,8618,6152,6404,7056,5235,3390,6266,5169,0,0,0,0,0,0,0,0,0,0,0,0,0,0,0,0,0,0,0,0,80856,295,203,259,19527,400,164,175,1090,5514,13435,3589,16762,196,333,188,187,434,720,888,0,0,0,0,0,0,0,0,0,0,0,0,0,0,0,0,0,0,0,0,0,0,0,0,0,0,0,0,0,0,0,0,0,0,0,0,0,0,0,0,0,0,0,0,0,0,0,0,0,0,0,0,0,0,0,0,0,0,0,0
1781124904.001519,1519,ubuntu-rog,1,0,0,20,1,335509174,252625,5703279,39915143976,123168,0,145223,0,0,0,7711828124,5631112927,3015425,1,0,3636790874,1,1,1,1,1,1,1,1,1,1,1,1,1,1,1,1,1,1,1,1,19309765,16774644,16773243,16642664,16683501,16712950,16753378,16701302,16578597,16537354,16644396,16896384,16849448,16588409,16596112,16570250,16613964,16517697,16455795,16309312,10915,9904,10736,12889,20452,13997,10765,17680,14412,15613,8564,10955,12243,10504,16066,10253,10437,12209,11119,12904,302207,227506,156124,275818,278050,276208,278351,300779,409362,390930,396823,385188,337697,256626,231850,222471,208333,231658,321186,216104,1993003489,1996116340,1996182154,1995925219,1995816062,1995813001,1995789312,1995851795,1995757141,1995157581,1995550703,1995430088,1995553251,1996043577,1996082275,1996128912,1996126582,1996238867,1996187876,1996389740,4732,4787,3513,5930,6796,7774,4927,5455,7351,8774,5841,8991,8618,6152,6404,7056,5235,3390,6266,5169,0,0,0,0,0,0,0,0,0,0,0,0,0,0,0,0,0,0,0,0,80856,295,203,259,19527,400,164,175,1090,5514,13435,3589,16762,196,333,188,187,434,720,888,0,0,0,0,0,0,0,0,0,0,0,0,0,0,0,0,0,0,0,0,0,0,0,0,0,0,0,0,0,0,0,0,0,0,0,0,0,0,0,0,0,0,0,0,0,0,0,0,0,0,0,0,0,0,0,0,0,0,0,0
1781124905.002523,2523,ubuntu-rog,1,0,0,20,1,335509175,252625,5703279,39915145976,123168,0,145223,0,0,0,7711828495,5631113319,3015425,1,0,3636791221,1,1,1,1,1,1,1,1,1,1,1,1,1,1,1,1,1,1,1,1,19309765,16774644,16773243,16642664,16683501,16712950,16753378,16701302,16578597,16537354,16644396,16896384,16849448,16588409,16596112,16570250,16613964,16517697,16455795,16309312,10915,9904,10736,12889,20452,13997,10765,17680,14412,15613,8564,10955,12243,10504,16066,10253,10437,12209,11119,12904,302207,227506,156124,275818,278050,276208,278351,300779,409362,390930,396823,385188,337697,256626,231850,222471,208333,231658,321186,216104,1993003589,1996116440,1996182255,1995925319,1995816162,1995813101,1995789412,1995851895,1995757241,1995157681,1995550803,1995430188,1995553351,1996043677,1996082375,1996129012,1996126682,1996238967,1996187976,1996389840,4732,4787,3513,5930,6796,7774,4927,5455,7351,8774,5841,8991,8618,6152,6404,7056,5235,3390,6266,5169,0,0,0,0,0,0,0,0,0,0,0,0,0,0,0,0,0,0,0,0,80856,295,203,259,19527,400,164,175,1090,5514,13435,3589,16762,196,333,188,187,434,720,888,0,0,0,0,0,0,0,0,0,0,0,0,0,0,0,0,0,0,0,0,0,0,0,0,0,0,0,0,0,0,0,0,0,0,0,0,0,0,0,0,0,0,0,0,0,0,0,0,0,0,0,0,0,0,0,0,0,0,0,0
1781124906.002359,2359,ubuntu-rog,1,0,0,20,1,335509175,252625,5703280,39915147974,123169,0,145223,0,0,0,7711828849,5631113710,3015425,1,0,3636791523,1,1,1,1,1,1,1,1,1,1,1,1,1,1,1,1,1,1,1,1,19309765,16774644,16773243,16642664,16683501,16712950,16753379,16701302,16578597,16537354,16644396,16896384,16849448,16588409,16596112,16570250,16613964,16517697,16455795,16309312,10915,9904,10736,12889,20452,13997,10765,17680,14412,15613,8564,10955,12243,10504,16066,10253,10437,12209,11119,12904,302207,227506,156124,275818,278050,276208,278351,300779,409362,390930,396823,385188,337697,256626,231850,222471,208333,231658,321186,216104,1993003689,1996116540,1996182354,1995925419,1995816262,1995813201,1995789511,1995851995,1995757341,1995157780,1995550903,1995430288,1995553450,1996043777,1996082475,1996129112,1996126782,1996239067,1996188076,1996389940,4732,4787,3513,5930,6796,7774,4927,5455,7351,8774,5841,8991,8618,6152,6404,7056,5235,3390,6266,5169,0,0,0,0,0,0,0,0,0,0,0,0,0,0,0,0,0,0,0,0,80856,295,203,259,19527,400,164,175,1090,5514,13435,3589,16762,196,333,188,187,434,720,888,0,0,0,0,0,0,0,0,0,0,0,0,0,0,0,0,0,0,0,0,0,0,0,0,0,0,0,0,0,0,0,0,0,0,0,0,0,0,0,0,0,0,0,0,0,0,0,0,0,0,0,0,0,0,0,0,0,0,0,0
1781124907.001652,1652,ubuntu-rog,1,0,0,20,1,335509175,252625,5703281,39915149970,123169,0,145223,0,0,0,7711829179,5631114098,3015425,1,0,3636791822,1,1,1,1,1,1,1,1,1,1,1,1,1,1,1,1,1,1,1,1,19309765,16774644,16773243,16642664,16683501,16712950,16753379,16701302,16578597,16537354,16644396,16896384,16849448,16588410,16596112,16570250,16613964,16517697,16455795,16309312,10915,9904,10736,12889,20452,13997,10765,17680,14412,15613,8564,10955,12243,10504,16066,10253,10437,12209,11119,12904,302207,227506,156124,275818,278050,276208,278352,300779,409362,390930,396823,385188,337697,256626,231850,222471,208333,231658,321186,216104,1993003789,1996116640,1996182454,1995925519,1995816362,1995813301,1995789611,1995852094,1995757441,1995157880,1995551003,1995430388,1995553550,1996043876,1996082575,1996129212,1996126882,1996239167,1996188176,1996390040,4732,4787,3513,5930,6796,7774,4927,5455,7351,8774,5841,8991,8618,6152,6404,7056,5235,3390,6266,5169,0,0,0,0,0,0,0,0,0,0,0,0,0,0,0,0,0,0,0,0,80856,295,203,259,19527,400,164,175,1090,5514,13435,3589,16762,196,333,188,187,434,720,888,0,0,0,0,0,0,0,0,0,0,0,0,0,0,0,0,0,0,0,0,0,0,0,0,0,0,0,0,0,0,0,0,0,0,0,0,0,0,0,0,0,0,0,0,0,0,0,0,0,0,0,0,0,0,0,0,0,0,0,0
1781124908.001502,1502,ubuntu-rog,1,0,0,20,1,335509176,252625,5703281,39915151967,123169,0,145223,0,0,0,7711829504,5631114519,3015426,1,0,3636792071,1,1,1,1,1,1,1,1,1,1,1,1,1,1,1,1,1,1,1,1,19309765,16774644,16773243,16642664,16683501,16712950,16753379,16701302,16578597,16537354,16644396,16896384,16849448,16588410,16596112,16570250,16613964,16517697,16455795,16309312,10915,9904,10736,12889,20452,13997,10765,17680,14412,15613,8564,10955,12243,10504,16066,10253,10437,12209,11119,12904,302207,227506,156124,275818,278050,276208,278352,300779,409363,390930,396823,385188,337697,256626,231850,222471,208333,231658,321186,216104,1993003889,1996116740,1996182554,1995925619,1995816462,1995813401,1995789711,1995852194,1995757540,1995157980,1995551103,1995430488,1995553650,1996043976,1996082675,1996129312,1996126982,1996239267,1996188276,1996390140,4732,4787,3513,5930,6796,7774,4927,5455,7351,8774,5841,8991,8618,6152,6404,7056,5235,3390,6266,5169,0,0,0,0,0,0,0,0,0,0,0,0,0,0,0,0,0,0,0,0,80856,295,203,259,19527,400,164,175,1090,5514,13435,3589,16762,196,333,188,187,434,720,888,0,0,0,0,0,0,0,0,0,0,0,0,0,0,0,0,0,0,0,0,0,0,0,0,0,0,0,0,0,0,0,0,0,0,0,0,0,0,0,0,0,0,0,0,0,0,0,0,0,0,0,0,0,0,0,0,0,0,0,0
1781124909.002269,2269,ubuntu-rog,1,0,0,20,1,335509176,252625,5703282,39915153967,123169,0,145223,0,0,0,7711829837,5631114869,3015426,1,0,3636792390,1,1,1,1,1,1,1,1,1,1,1,1,1,1,1,1,1,1,1,1,19309765,16774644,16773243,16642664,16683501,16712950,16753379,16701302,16578597,16537354,16644396,16896384,16849448,16588410,16596112,16570250,16613964,16517697,16455795,16309312,10915,9904,10736,12889,20452,13997,10765,17680,14412,15613,8564,10955,12243,10504,16066,10253,10437,12209,11119,12904,302207,227506,156124,275818,278050,276208,278352,300779,409363,390930,396824,385188,337697,256626,231850,222471,208333,231658,321186,216104,1993003989,1996116840,1996182654,1995925719,1995816562,1995813501,1995789811,1995852294,1995757640,1995158080,1995551203,1995430588,1995553749,1996044075,1996082775,1996129412,1996127082,1996239367,1996188376,1996390240,4732,4787,3513,5930,6796,7774,4927,5455,7351,8774,5841,8991,8618,6152,6404,7056,5235,3390,6266,5169,0,0,0,0,0,0,0,0,0,0,0,0,0,0,0,0,0,0,0,0,80856,295,203,259,19527,400,164,175,1090,5514,13435,3589,16762,196,333,188,187,434,720,888,0,0,0,0,0,0,0,0,0,0,0,0,0,0,0,0,0,0,0,0,0,0,0,0,0,0,0,0,0,0,0,0,0,0,0,0,0,0,0,0,0,0,0,0,0,0,0,0,0,0,0,0,0,0,0,0,0,0,0,0
1781124910.002251,2251,ubuntu-rog,1,0,0,20,1,335509177,252625,5703282,39915155964,123169,0,145223,0,0,0,7711830192,5631115339,3015426,1,0,3636792729,1,1,1,1,1,1,1,1,1,1,1,1,1,1,1,1,1,1,1,1,19309765,16774644,16773243,16642664,16683501,16712950,16753379,16701302,16578597,16537354,16644396,16896384,16849448,16588410,16596112,16570250,16613964,16517697,16455795,16309312,10915,9904,10736,12889,20452,13997,10765,17680,14412,15613,8564,10955,12243,10504,16066,10253,10437,12209,11119,12904,302207,227506,156124,275818,278050,276208,278352,300779,409363,390930,396824,385188,337697,256627,231850,222471,208333,231658,321186,216104,1993004089,1996116940,1996182754,1995925819,1995816662,1995813601,1995789911,1995852394,1995757740,1995158179,1995551303,1995430688,1995553849,1996044175,1996082875,1996129512,1996127182,1996239467,1996188476,1996390340,4732,4787,3513,5930,6796,7774,4927,5455,7351,8774,5841,8991,8618,6152,6404,7056,5235,3390,6266,5169,0,0,0,0,0,0,0,0,0,0,0,0,0,0,0,0,0,0,0,0,80856,295,203,259,19527,400,164,175,1090,5514,13435,3589,16762,196,333,188,187,434,720,888,0,0,0,0,0,0,0,0,0,0,0,0,0,0,0,0,0,0,0,0,0,0,0,0,0,0,0,0,0,0,0,0,0,0,0,0,0,0,0,0,0,0,0,0,0,0,0,0,0,0,0,0,0,0,0,0,0,0,0,0
1781124911.002102,2102,ubuntu-rog,1,0,0,20,1,335509179,252625,5703283,39915157960,123169,0,145223,0,0,0,7711830517,5631115698,3015426,1,0,3636793008,1,1,1,1,1,1,1,1,1,1,1,1,1,1,1,1,1,1,1,1,19309765,16774644,16773243,16642664,16683501,16712950,16753380,16701302,16578597,16537354,16644396,16896384,16849448,16588410,16596112,16570250,16613964,16517697,16455795,16309312,10915,9904,10736,12889,20452,13997,10765,17680,14412,15613,8564,10955,12243,10504,16066,10253,10437,12209,11119,12904,302207,227506,156124,275818,278050,276208,278352,300779,409363,390930,396824,385188,337697,256627,231850,222471,208333,231658,321186,216104,1993004189,1996117040,1996182854,1995925919,1995816762,1995813701,1995790009,1995852494,1995757840,1995158279,1995551403,1995430788,1995553949,1996044274,1996082975,1996129612,1996127282,1996239567,1996188576,1996390440,4732,4787,3513,5930,6796,7774,4927,5455,7351,8774,5841,8991,8618,6152,6404,7056,5235,3390,6266,5169,0,0,0,0,0,0,0,0,0,0,0,0,0,0,0,0,0,0,0,0,80856,295,203,259,19527,400,164,175,1090,5514,13435,3589,16762,196,333,188,187,434,720,888,0,0,0,0,0,0,0,0,0,0,0,0,0,0,0,0,0,0,0,0,0,0,0,0,0,0,0,0,0,0,0,0,0,0,0,0,0,0,0,0,0,0,0,0,0,0,0,0,0,0,0,0,0,0,0,0,0,0,0,0
1781124912.001395,1395,ubuntu-rog,1,0,0,20,1,335509179,252625,5703283,39915159957,123169,0,145223,0,0,0,7711830832,5631116039,3015426,1,0,3636793301,1,1,1,1,1,1,1,1,1,1,1,1,1,1,1,1,1,1,1,1,19309765,16774644,16773243,16642664,16683501,16712950,16753381,16701302,16578597,16537354,16644396,16896384,16849448,16588411,16596112,16570250,16613964,16517697,16455795,16309312,10915,9904,10736,12889,20452,13997,10765,17680,14412,15613,8564,10955,12243,10504,16066,10253,10437,12209,11119,12904,302207,227506,156124,275818,278050,276208,278352,300779,409363,390930,396824,385188,337698,256627,231850,222471,208333,231658,321186,216104,1993004288,1996117140,1996182954,1995926019,1995816862,1995813801,1995790108,1995852594,1995757940,1995158379,1995551502,1995430888,1995554049,1996044374,1996083075,1996129712,1996127382,1996239667,1996188676,1996390540,4732,4787,3513,5930,6796,7774,4927,5455,7351,8774,5841,8991,8618,6152,6404,7056,5235,3390,6266,5169,0,0,0,0,0,0,0,0,0,0,0,0,0,0,0,0,0,0,0,0,80856,295,203,259,19527,400,164,175,1090,5514,13435,3589,16762,196,333,188,187,434,720,888,0,0,0,0,0,0,0,0,0,0,0,0,0,0,0,0,0,0,0,0,0,0,0,0,0,0,0,0,0,0,0,0,0,0,0,0,0,0,0,0,0,0,0,0,0,0,0,0,0,0,0,0,0,0,0,0,0,0,0,0
1781124913.002247,2247,ubuntu-rog,1,0,0,20,1,335509181,252625,5703284,39915161957,123169,0,145223,0,0,0,7711831183,5631116452,3015426,1,0,3636793586,1,1,1,1,1,1,1,1,1,1,1,1,1,1,1,1,1,1,1,1,19309765,16774644,16773243,16642664,16683501,16712950,16753381,16701302,16578597,16537354,16644396,16896384,16849448,16588411,16596112,16570250,16613964,16517697,16455795,16309312,10915,9904,10736,12889,20452,13997,10765,17680,14412,15613,8564,10955,12243,10504,16066,10253,10437,12209,11119,12904,302207,227506,156124,275818,278050,276208,278352,300779,409363,390931,396824,385188,337698,256627,231850,222471,208333,231658,321186,216104,1993004388,1996117240,1996183054,1995926119,1995816962,1995813901,1995790208,1995852694,1995758040,1995158478,1995551602,1995430988,1995554148,1996044474,1996083175,1996129812,1996127482,1996239767,1996188776,1996390640,4732,4787,3513,5930,6796,7774,4927,5455,7351,8774,5841,8991,8618,6152,6404,7056,5235,3390,6266,5169,0,0,0,0,0,0,0,0,0,0,0,0,0,0,0,0,0,0,0,0,80856,295,203,259,19527,400,164,175,1090,5514,13435,3589,16762,196,333,188,187,434,720,888,0,0,0,0,0,0,0,0,0,0,0,0,0,0,0,0,0,0,0,0,0,0,0,0,0,0,0,0,0,0,0,0,0,0,0,0,0,0,0,0,0,0,0,0,0,0,0,0,0,0,0,0,0,0,0,0,0,0,0,0
1781124914.001988,1988,ubuntu-rog,1,0,0,20,1,335509181,252625,5703284,39915163954,123169,0,145223,0,0,0,7711831473,5631116815,3015426,1,0,3636793843,1,1,1,1,1,1,1,1,1,1,1,1,1,1,1,1,1,1,1,1,19309765,16774644,16773243,16642664,16683501,16712950,16753381,16701302,16578597,16537354,16644396,16896384,16849448,16588411,16596112,16570250,16613964,16517697,16455795,16309312,10915,9904,10736,12889,20452,13997,10765,17680,14412,15613,8564,10955,12243,10504,16066,10253,10437,12209,11119,12904,302207,227506,156124,275818,278050,276208,278352,300779,409363,390931,396824,385188,337698,256627,231850,222471,208333,231658,321186,216104,1993004488,1996117340,1996183154,1995926219,1995817062,1995814001,1995790308,1995852794,1995758140,1995158578,1995551702,1995431088,1995554248,1996044573,1996083275,1996129911,1996127582,1996239867,1996188876,1996390739,4732,4787,3513,5930,6796,7774,4927,5455,7351,8774,5841,8991,8618,6152,6404,7056,5235,3390,6266,5169,0,0,0,0,0,0,0,0,0,0,0,0,0,0,0,0,0,0,0,0,80856,295,203,259,19527,400,164,175,1090,5514,13435,3589,16762,196,333,188,187,434,720,888,0,0,0,0,0,0,0,0,0,0,0,0,0,0,0,0,0,0,0,0,0,0,0,0,0,0,0,0,0,0,0,0,0,0,0,0,0,0,0,0,0,0,0,0,0,0,0,0,0,0,0,0,0,0,0,0,0,0,0,0
1781124915.001977,1977,ubuntu-rog,1,0,0,20,1,335509181,252625,5703285,39915165952,123169,0,145223,0,0,0,7711831766,5631117218,3015426,1,0,3636794100,1,1,1,1,1,1,1,1,1,1,1,1,1,1,1,1,1,1,1,1,19309765,16774644,16773243,16642664,16683501,16712950,16753381,16701302,16578597,16537354,16644396,16896384,16849448,16588411,16596112,16570250,16613964,16517697,16455795,16309312,10915,9904,10736,12889,20452,13997,10765,17680,14412,15613,8564,10955,12243,10504,16066,10253,10437,12209,11119,12904,302207,227506,156124,275818,278050,276208,278352,300779,409363,390931,396824,385188,337698,256627,231850,222471,208333,231658,321186,216104,1993004588,1996117440,1996183254,1995926319,1995817162,1995814101,1995790408,1995852894,1995758240,1995158678,1995551802,1995431187,1995554348,1996044673,1996083374,1996130011,1996127682,1996239967,1996188976,1996390839,4732,4787,3513,5930,6796,7774,4927,5455,7351,8774,5841,8991,8618,6152,6404,7056,5235,3390,6266,5169,0,0,0,0,0,0,0,0,0,0,0,0,0,0,0,0,0,0,0,0,80856,295,203,259,19527,400,164,175,1090,5514,13435,3589,16762,196,333,188,187,434,720,888,0,0,0,0,0,0,0,0,0,0,0,0,0,0,0,0,0,0,0,0,0,0,0,0,0,0,0,0,0,0,0,0,0,0,0,0,0,0,0,0,0,0,0,0,0,0,0,0,0,0,0,0,0,0,0,0,0,0,0,0
1781124916.001826,1826,ubuntu-rog,1,0,0,20,1,335509182,252625,5703285,39915167951,123169,0,145224,0,0,0,7711831995,5631117526,3015426,1,0,3636794251,1,1,1,1,1,1,1,1,1,1,1,1,1,1,1,1,1,1,1,1,19309765,16774644,16773243,16642664,16683501,16712950,16753381,16701302,16578597,16537354,16644396,16896384,16849448,16588411,16596112,16570250,16613964,16517697,16455795,16309312,10915,9904,10736,12889,20452,13997,10765,17680,14412,15613,8564,10955,12243,10504,16066,10253,10437,12209,11119,12904,302207,227506,156124,275818,278050,276208,278352,300779,409363,390931,396824,385188,337698,256627,231850,222471,208333,231658,321186,216104,1993004688,1996117540,1996183354,1995926418,1995817262,1995814201,1995790508,1995852994,1995758339,1995158778,1995551902,1995431287,1995554448,1996044773,1996083474,1996130111,1996127782,1996240067,1996189076,1996390939,4732,4787,3513,5930,6796,7774,4927,5455,7351,8774,5841,8991,8618,6152,6404,7056,5235,3390,6266,5169,0,0,0,0,0,0,0,0,0,0,0,0,0,0,0,0,0,0,0,0,80856,295,203,259,19527,400,164,175,1090,5514,13435,3589,16762,196,333,188,187,434,720,888,0,0,0,0,0,0,0,0,0,0,0,0,0,0,0,0,0,0,0,0,0,0,0,0,0,0,0,0,0,0,0,0,0,0,0,0,0,0,0,0,0,0,0,0,0,0,0,0,0,0,0,0,0,0,0,0,0,0,0,0
1781124917.002153,2153,ubuntu-rog,1,0,0,20,1,335509182,252625,5703286,39915169949,123169,0,145224,0,0,0,7711832324,5631117914,3015426,1,0,3636794559,1,1,1,1,1,1,1,1,1,1,1,1,1,1,1,1,1,1,1,1,19309765,16774644,16773243,16642664,16683501,16712950,16753381,16701302,16578597,16537354,16644396,16896384,16849448,16588412,16596112,16570250,16613964,16517697,16455795,16309312,10915,9904,10736,12889,20452,13997,10765,17680,14412,15613,8564,10955,12243,10504,16066,10253,10437,12209,11119,12904,302207,227506,156124,275818,278050,276208,278352,300779,409363,390931,396824,385188,337698,256627,231850,222471,208333,231658,321186,216104,1993004788,1996117640,1996183453,1995926518,1995817361,1995814301,1995790607,1995853093,1995758439,1995158877,1995552002,1995431387,1995554548,1996044872,1996083574,1996130211,1996127882,1996240167,1996189176,1996391039,4732,4787,3513,5930,6796,7774,4927,5455,7351,8774,5841,8991,8618,6152,6404,7056,5235,3390,6266,5169,0,0,0,0,0,0,0,0,0,0,0,0,0,0,0,0,0,0,0,0,80856,295,203,259,19527,400,164,175,1090,5514,13435,3589,16762,196,333,188,187,434,720,888,0,0,0,0,0,0,0,0,0,0,0,0,0,0,0,0,0,0,0,0,0,0,0,0,0,0,0,0,0,0,0,0,0,0,0,0,0,0,0,0,0,0,0,0,0,0,0,0,0,0,0,0,0,0,0,0,0,0,0,0
1781124918.001984,1984,ubuntu-rog,1,0,0,20,1,335509183,252625,5703286,39915171947,123169,0,145224,0,0,0,7711832619,5631118318,3015426,1,0,3636794806,1,1,1,1,1,1,1,1,1,1,1,1,1,1,1,1,1,1,1,1,19309765,16774644,16773243,16642664,16683501,16712950,16753381,16701302,16578597,16537354,16644396,16896384,16849448,16588412,16596112,16570251,16613964,16517697,16455795,16309312,10915,9904,10736,12889,20452,13997,10765,17680,14412,15613,8564,10955,12243,10504,16066,10253,10437,12209,11119,12904,302207,227506,156124,275818,278050,276208,278352,300779,409363,390931,396824,385188,337698,256627,231850,222471,208333,231658,321186,216104,1993004888,1996117740,1996183553,1995926618,1995817461,1995814401,1995790707,1995853193,1995758539,1995158977,1995552102,1995431487,1995554648,1996044972,1996083674,1996130310,1996127982,1996240267,1996189276,1996391139,4732,4787,3513,5930,6796,7774,4927,5455,7351,8774,5841,8991,8618,6152,6404,7056,5235,3390,6266,5169,0,0,0,0,0,0,0,0,0,0,0,0,0,0,0,0,0,0,0,0,80856,295,203,259,19527,400,164,175,1090,5514,13435,3589,16762,196,333,188,187,434,720,888,0,0,0,0,0,0,0,0,0,0,0,0,0,0,0,0,0,0,0,0,0,0,0,0,0,0,0,0,0,0,0,0,0,0,0,0,0,0,0,0,0,0,0,0,0,0,0,0,0,0,0,0,0,0,0,0,0,0,0,0
1781124919.001752,1752,ubuntu-rog,1,0,0,20,1,335509183,252625,5703287,39915173944,123169,0,145224,0,0,0,7711832931,5631118698,3015426,1,0,3636795035,1,1,1,1,1,1,1,1,1,1,1,1,1,1,1,1,1,1,1,1,19309765,16774644,16773243,16642664,16683501,16712950,16753381,16701302,16578597,16537354,16644396,16896384,16849448,16588412,16596112,16570251,16613964,16517697,16455795,16309312,10915,9904,10736,12889,20452,13997,10765,17680,14412,15613,8564,10955,12243,10504,16066,10253,10437,12209,11119,12904,302207,227506,156124,275818,278050,276208,278352,300779,409363,390931,396824,385188,337698,256628,231850,222471,208333,231658,321186,216104,1993004988,1996117840,1996183653,1995926718,1995817561,1995814501,1995790807,1995853293,1995758639,1995159077,1995552202,1995431587,1995554747,1996045072,1996083774,1996130410,1996128082,1996240367,1996189376,1996391239,4732,4787,3513,5930,6796,7774,4927,5455,7351,8774,5841,8991,8618,6152,6404,7056,5235,3390,6266,5169,0,0,0,0,0,0,0,0,0,0,0,0,0,0,0,0,0,0,0,0,80856,295,203,259,19527,400,164,175,1090,5514,13435,3589,16762,196,333,188,187,434,720,888,0,0,0,0,0,0,0,0,0,0,0,0,0,0,0,0,0,0,0,0,0,0,0,0,0,0,0,0,0,0,0,0,0,0,0,0,0,0,0,0,0,0,0,0,0,0,0,0,0,0,0,0,0,0,0,0,0,0,0,0
1781124920.001746,1746,ubuntu-rog,1,0,0,20,1,335509184,252625,5703287,39915175942,123169,0,145224,0,0,0,7711833230,5631119114,3015426,1,0,3636795254,1,1,1,1,1,1,1,1,1,1,1,1,1,1,1,1,1,1,1,1,19309765,16774644,16773243,16642664,16683501,16712950,16753381,16701302,16578597,16537354,16644396,16896384,16849448,16588412,16596112,16570251,16613964,16517697,16455795,16309312,10915,9904,10736,12889,20452,13997,10765,17680,14412,15613,8564,10955,12243,10504,16066,10253,10437,12209,11119,12904,302207,227506,156124,275818,278050,276208,278352,300779,409363,390931,396824,385188,337698,256628,231850,222471,208333,231658,321186,216104,1993005088,1996117940,1996183753,1995926818,1995817661,1995814601,1995790907,1995853393,1995758739,1995159177,1995552302,1995431687,1995554847,1996045172,1996083874,1996130510,1996128182,1996240467,1996189476,1996391339,4732,4787,3513,5930,6796,7774,4927,5455,7351,8774,5841,8991,8618,6152,6404,7056,5235,3390,6266,5169,0,0,0,0,0,0,0,0,0,0,0,0,0,0,0,0,0,0,0,0,80856,295,203,259,19527,400,164,175,1090,5514,13435,3589,16762,196,333,188,187,434,720,888,0,0,0,0,0,0,0,0,0,0,0,0,0,0,0,0,0,0,0,0,0,0,0,0,0,0,0,0,0,0,0,0,0,0,0,0,0,0,0,0,0,0,0,0,0,0,0,0,0,0,0,0,0,0,0,0,0,0,0,0
1781124921.002588,2588,ubuntu-rog,1,0,0,20,1,335509184,252625,5703287,39915177942,123169,0,145224,0,0,0,7711833530,5631119451,3015426,1,0,3636795533,1,1,1,1,1,1,1,1,1,1,1,1,1,1,1,1,1,1,1,1,19309765,16774644,16773243,16642664,16683501,16712950,16753381,16701302,16578597,16537354,16644396,16896384,16849448,16588412,16596112,16570251,16613964,16517697,16455795,16309312,10915,9904,10736,12889,20452,13997,10765,17680,14412,15613,8564,10955,12243,10504,16066,10253,10437,12209,11119,12904,302207,227506,156124,275818,278050,276208,278352,300779,409363,390931,396824,385188,337698,256628,231850,222471,208333,231658,321186,216104,1993005188,1996118040,1996183853,1995926918,1995817761,1995814701,1995791007,1995853493,1995758839,1995159277,1995552402,1995431787,1995554947,1996045272,1996083974,1996130610,1996128282,1996240567,1996189576,1996391439,4732,4787,3513,5930,6796,7774,4927,5455,7351,8774,5841,8991,8618,6152,6404,7056,5235,3390,6266,5169,0,0,0,0,0,0,0,0,0,0,0,0,0,0,0,0,0,0,0,0,80856,295,203,259,19527,400,164,175,1090,5514,13435,3589,16762,196,333,188,187,434,720,888,0,0,0,0,0,0,0,0,0,0,0,0,0,0,0,0,0,0,0,0,0,0,0,0,0,0,0,0,0,0,0,0,0,0,0,0,0,0,0,0,0,0,0,0,0,0,0,0,0,0,0,0,0,0,0,0,0,0,0,0
1781124922.001887,1887,ubuntu-rog,1,0,0,20,1,335509186,252625,5703288,39915179938,123169,0,145224,0,0,0,7711833893,5631119889,3015426,1,0,3636795832,1,1,1,1,1,1,1,1,1,1,1,1,1,1,1,1,1,1,1,1,19309765,16774644,16773243,16642665,16683501,16712950,16753381,16701302,16578597,16537354,16644396,16896385,16849448,16588412,16596112,16570251,16613964,16517697,16455795,16309312,10915,9904,10736,12889,20452,13997,10765,17680,14412,15613,8564,10955,12243,10504,16066,10253,10437,12209,11119,12904,302207,227506,156124,275818,278050,276208,278353,300779,409363,390931,396824,385188,337699,256628,231850,222471,208333,231658,321186,216104,1993005288,1996118140,1996183953,1995927018,1995817861,1995814800,1995791106,1995853593,1995758939,1995159376,1995552501,1995431887,1995555047,1996045371,1996084074,1996130709,1996128382,1996240667,1996189676,1996391539,4732,4787,3513,5930,6796,7774,4927,5455,7351,8774,5841,8991,8618,6152,6404,7056,5235,3390,6266,5169,0,0,0,0,0,0,0,0,0,0,0,0,0,0,0,0,0,0,0,0,80856,295,203,259,19527,400,164,175,1090,5514,13435,3589,16762,196,333,188,187,434,720,888,0,0,0,0,0,0,0,0,0,0,0,0,0,0,0,0,0,0,0,0,0,0,0,0,0,0,0,0,0,0,0,0,0,0,0,0,0,0,0,0,0,0,0,0,0,0,0,0,0,0,0,0,0,0,0,0,0,0,0,0
1781124923.001739,1739,ubuntu-rog,1,0,0,20,1,335509186,252625,5703289,39915181936,123169,0,145224,0,0,0,7711834124,5631120200,3015426,1,0,3636796016,1,1,1,1,1,1,1,1,1,1,1,1,1,1,1,1,1,1,1,1,19309765,16774644,16773243,16642665,16683501,16712950,16753382,16701302,16578597,16537354,16644396,16896385,16849448,16588412,16596112,16570251,16613964,16517697,16455795,16309312,10915,9904,10736,12889,20452,13997,10765,17680,14412,15613,8564,10955,12243,10504,16066,10253,10437,12209,11119,12904,302207,227506,156124,275818,278050,276208,278353,300779,409363,390931,396824,385188,337699,256628,231850,222471,208333,231658,321186,216104,1993005388,1996118240,1996184053,1995927118,1995817961,1995814900,1995791206,1995853693,1995759038,1995159476,1995552601,1995431987,1995555147,1996045471,1996084174,1996130809,1996128482,1996240767,1996189776,1996391639,4732,4787,3513,5930,6796,7774,4927,5455,7351,8774,5841,8991,8618,6152,6404,7056,5235,3390,6266,5169,0,0,0,0,0,0,0,0,0,0,0,0,0,0,0,0,0,0,0,0,80856,295,203,259,19527,400,164,175,1090,5514,13435,3589,16762,196,333,188,187,434,720,888,0,0,0,0,0,0,0,0,0,0,0,0,0,0,0,0,0,0,0,0,0,0,0,0,0,0,0,0,0,0,0,0,0,0,0,0,0,0,0,0,0,0,0,0,0,0,0,0,0,0,0,0,0,0,0,0,0,0,0,0
1781124924.001497,1497,ubuntu-rog,1,0,0,20,1,335509187,252625,5703289,39915183933,123169,0,145224,0,0,0,7711834494,5631120661,3015426,1,0,3636796331,1,1,1,1,1,1,1,1,1,1,1,1,1,1,1,1,1,1,1,1,19309765,16774644,16773244,16642665,16683501,16712950,16753382,16701302,16578598,16537354,16644396,16896385,16849448,16588412,16596112,16570252,16613964,16517697,16455795,16309312,10915,9904,10736,12889,20452,13997,10765,17680,14412,15613,8564,10955,12243,10504,16066,10253,10437,12209,11119,12904,302207,227506,156124,275818,278050,276208,278353,300779,409363,390931,396824,385188,337699,256628,231850,222471,208333,231658,321186,216104,1993005488,1996118340,1996184153,1995927218,1995818061,1995815000,1995791306,1995853793,1995759138,1995159576,1995552701,1995432087,1995555247,1996045571,1996084274,1996130908,1996128582,1996240867,1996189876,1996391739,4732,4787,3513,5930,6796,7774,4927,5455,7351,8774,5841,8991,8618,6152,6404,7056,5235,3390,6266,5169,0,0,0,0,0,0,0,0,0,0,0,0,0,0,0,0,0,0,0,0,80856,295,203,259,19527,400,164,175,1090,5514,13435,3589,16762,196,333,188,187,434,720,888,0,0,0,0,0,0,0,0,0,0,0,0,0,0,0,0,0,0,0,0,0,0,0,0,0,0,0,0,0,0,0,0,0,0,0,0,0,0,0,0,0,0,0,0,0,0,0,0,0,0,0,0,0,0,0,0,0,0,0,0
1781124925.002495,2495,ubuntu-rog,1,0,0,20,1,335509188,252625,5703290,39915185933,123169,0,145224,0,0,0,7711834791,5631121055,3015426,1,0,3636796564,1,1,1,1,1,1,1,1,1,1,1,1,1,1,1,1,1,1,1,1,19309765,16774644,16773244,16642665,16683501,16712950,16753382,16701302,16578598,16537354,16644396,16896385,16849449,16588412,16596112,16570252,16613964,16517697,16455795,16309312,10915,9904,10736,12889,20452,13997,10765,17680,14412,15613,8564,10955,12243,10504,16066,10253,10437,12209,11119,12904,302207,227506,156125,275818,278050,276208,278353,300780,409363,390931,396824,385188,337699,256628,231850,222471,208333,231658,321186,216104,1993005588,1996118440,1996184253,1995927318,1995818161,1995815100,1995791406,1995853893,1995759238,1995159675,1995552801,1995432187,1995555347,1996045671,1996084374,1996131008,1996128682,1996240967,1996189976,1996391839,4732,4787,3513,5930,6796,7774,4927,5455,7351,8774,5841,8991,8618,6152,6404,7056,5235,3390,6266,5169,0,0,0,0,0,0,0,0,0,0,0,0,0,0,0,0,0,0,0,0,80856,295,203,259,19527,400,164,175,1090,5514,13435,3589,16762,196,333,188,187,434,720,888,0,0,0,0,0,0,0,0,0,0,0,0,0,0,0,0,0,0,0,0,0,0,0,0,0,0,0,0,0,0,0,0,0,0,0,0,0,0,0,0,0,0,0,0,0,0,0,0,0,0,0,0,0,0,0,0,0,0,0,0
1781124926.002349,2349,ubuntu-rog,1,0,0,20,1,335509188,252625,5703290,39915187932,123169,0,145224,0,0,0,7711835109,5631121415,3015426,1,0,3636796832,1,1,1,1,1,1,1,1,1,1,1,1,1,1,1,1,1,1,1,1,19309765,16774644,16773244,16642665,16683501,16712950,16753382,16701302,16578598,16537354,16644396,16896385,16849449,16588412,16596112,16570252,16613964,16517697,16455795,16309312,10915,9904,10736,12889,20452,13997,10765,17680,14412,15613,8564,10955,12243,10504,16066,10253,10437,12209,11119,12904,302207,227506,156125,275818,278050,276208,278353,300780,409363,390931,396824,385188,337699,256628,231850,222472,208333,231658,321186,216104,1993005688,1996118540,1996184353,1995927418,1995818261,1995815200,1995791506,1995853993,1995759338,1995159775,1995552901,1995432287,1995555446,1996045771,1996084474,1996131108,1996128782,1996241067,1996190076,1996391939,4732,4787,3513,5930,6796,7774,4927,5455,7351,8774,5841,8991,8618,6152,6404,7056,5235,3390,6266,5169,0,0,0,0,0,0,0,0,0,0,0,0,0,0,0,0,0,0,0,0,80856,295,203,259,19527,400,164,175,1090,5514,13435,3589,16762,196,333,188,187,434,720,888,0,0,0,0,0,0,0,0,0,0,0,0,0,0,0,0,0,0,0,0,0,0,0,0,0,0,0,0,0,0,0,0,0,0,0,0,0,0,0,0,0,0,0,0,0,0,0,0,0,0,0,0,0,0,0,0,0,0,0,0
1781124927.001643,1643,ubuntu-rog,1,0,0,20,1,335509188,252625,5703291,39915189928,123169,0,145224,0,0,0,7711835394,5631121789,3015426,1,0,3636797065,1,1,1,1,1,1,1,1,1,1,1,1,1,1,1,1,1,1,1,1,19309765,16774644,16773244,16642665,16683501,16712950,16753382,16701302,16578598,16537354,16644396,16896385,16849449,16588412,16596112,16570252,16613964,16517697,16455795,16309312,10915,9904,10736,12889,20452,13997,10765,17680,14412,15613,8564,10955,12243,10504,16066,10253,10437,12209,11119,12904,302207,227506,156125,275818,278050,276208,278353,300780,409363,390932,396824,385188,337699,256628,231850,222472,208333,231658,321186,216104,1993005787,1996118640,1996184453,1995927518,1995818361,1995815300,1995791605,1995854093,1995759438,1995159875,1995553001,1995432387,1995555546,1996045871,1996084574,1996131207,1996128882,1996241167,1996190176,1996392038,4732,4787,3513,5930,6796,7774,4927,5455,7351,8774,5841,8991,8618,6152,6404,7056,5235,3390,6266,5169,0,0,0,0,0,0,0,0,0,0,0,0,0,0,0,0,0,0,0,0,80856,295,203,259,19527,400,164,175,1090,5514,13435,3589,16762,196,333,188,187,434,720,888,0,0,0,0,0,0,0,0,0,0,0,0,0,0,0,0,0,0,0,0,0,0,0,0,0,0,0,0,0,0,0,0,0,0,0,0,0,0,0,0,0,0,0,0,0,0,0,0,0,0,0,0,0,0,0,0,0,0,0,0
1781124928.001501,1501,ubuntu-rog,1,0,0,20,1,335509188,252625,5703291,39915191926,123169,0,145224,0,0,0,7711835652,5631122099,3015426,1,0,3636797255,1,1,1,1,1,1,1,1,1,1,1,1,1,1,1,1,1,1,1,1,19309765,16774644,16773244,16642665,16683501,16712950,16753382,16701302,16578598,16537354,16644396,16896385,16849449,16588412,16596112,16570252,16613964,16517697,16455795,16309312,10915,9904,10736,12889,20452,13997,10765,17680,14412,15613,8564,10955,12243,10504,16066,10253,10437,12209,11119,12904,302207,227506,156125,275818,278050,276208,278353,300780,409363,390932,396824,385188,337699,256628,231850,222472,208333,231658,321186,216104,1993005887,1996118740,1996184552,1995927618,1995818461,1995815400,1995791705,1995854193,1995759538,1995159975,1995553101,1995432487,1995555646,1996045971,1996084674,1996131307,1996128982,1996241267,1996190276,1996392138,4732,4787,3513,5930,6796,7774,4927,5455,7351,8774,5841,8991,8618,6152,6404,7056,5235,3390,6266,5169,0,0,0,0,0,0,0,0,0,0,0,0,0,0,0,0,0,0,0,0,80856,295,203,259,19527,400,164,175,1090,5514,13435,3589,16762,196,333,188,187,434,720,888,0,0,0,0,0,0,0,0,0,0,0,0,0,0,0,0,0,0,0,0,0,0,0,0,0,0,0,0,0,0,0,0,0,0,0,0,0,0,0,0,0,0,0,0,0,0,0,0,0,0,0,0,0,0,0,0,0,0,0,0
1781124929.002267,2267,ubuntu-rog,1,0,0,20,1,335509190,252625,5703292,39915193926,123169,0,145224,0,0,0,7711835961,5631122464,3015426,1,0,3636797494,1,1,1,1,1,1,1,1,1,1,1,1,1,1,1,1,1,1,1,1,19309765,16774644,16773244,16642665,16683501,16712950,16753383,16701302,16578598,16537355,16644396,16896385,16849449,16588412,16596112,16570252,16613964,16517697,16455795,16309312,10915,9904,10736,12889,20452,13997,10765,17680,14412,15613,8564,10955,12243,10504,16066,10253,10437,12209,11119,12904,302207,227506,156125,275818,278050,276208,278353,300780,409363,390932,396824,385188,337699,256628,231850,222472,208333,231658,321186,216104,1993005987,1996118840,1996184652,1995927718,1995818561,1995815500,1995791805,1995854293,1995759637,1995160075,1995553201,1995432586,1995555746,1996046071,1996084774,1996131407,1996129082,1996241367,1996190376,1996392238,4732,4787,3513,5930,6796,7774,4927,5455,7351,8774,5841,8991,8618,6152,6404,7056,5235,3390,6266,5169,0,0,0,0,0,0,0,0,0,0,0,0,0,0,0,0,0,0,0,0,80856,295,203,259,19527,400,164,175,1090,5514,13435,3589,16762,196,333,188,187,434,720,888,0,0,0,0,0,0,0,0,0,0,0,0,0,0,0,0,0,0,0,0,0,0,0,0,0,0,0,0,0,0,0,0,0,0,0,0,0,0,0,0,0,0,0,0,0,0,0,0,0,0,0,0,0,0,0,0,0,0,0,0
1781124930.002275,2275,ubuntu-rog,1,0,0,20,1,335509190,252625,5703292,39915195924,123169,0,145224,0,0,0,7711836284,5631122870,3015426,1,0,3636797807,1,1,1,1,1,1,1,1,1,1,1,1,1,1,1,1,1,1,1,1,19309765,16774644,16773244,16642665,16683501,16712950,16753383,16701302,16578598,16537355,16644396,16896385,16849449,16588412,16596112,16570252,16613964,16517697,16455795,16309312,10915,9904,10736,12889,20452,13997,10765,17680,14412,15613,8564,10955,12243,10504,16066,10253,10437,12209,11119,12904,302207,227506,156125,275818,278050,276208,278353,300780,409363,390932,396824,385188,337699,256628,231850,222472,208333,231658,321186,216104,1993006087,1996118940,1996184752,1995927818,1995818661,1995815600,1995791905,1995854392,1995759737,1995160174,1995553301,1995432686,1995555846,1996046171,1996084874,1996131506,1996129182,1996241467,1996190476,1996392338,4732,4787,3513,5930,6796,7774,4927,5455,7351,8774,5841,8991,8618,6152,6404,7056,5235,3390,6266,5169,0,0,0,0,0,0,0,0,0,0,0,0,0,0,0,0,0,0,0,0,80856,295,203,259,19527,400,164,175,1090,5514,13435,3589,16762,196,333,188,187,434,720,888,0,0,0,0,0,0,0,0,0,0,0,0,0,0,0,0,0,0,0,0,0,0,0,0,0,0,0,0,0,0,0,0,0,0,0,0,0,0,0,0,0,0,0,0,0,0,0,0,0,0,0,0,0,0,0,0,0,0,0,0
1781124931.002120,2120,ubuntu-rog,1,0,0,20,1,335509191,252625,5703293,39915197921,123169,0,145224,0,0,0,7711836609,5631123256,3015426,1,0,3636798112,1,1,1,1,1,1,1,1,1,1,1,1,1,1,1,1,1,1,1,1,19309765,16774644,16773244,16642665,16683501,16712950,16753383,16701302,16578598,16537355,16644396,16896385,16849449,16588412,16596112,16570252,16613964,16517697,16455795,16309313,10915,9904,10736,12889,20452,13997,10765,17680,14412,15613,8564,10955,12243,10504,16066,10253,10437,12209,11119,12904,302207,227506,156125,275818,278050,276208,278353,300780,409363,390932,396824,385188,337699,256628,231850,222472,208333,231658,321186,216104,1993006187,1996119040,1996184852,1995927918,1995818761,1995815700,1995792005,1995854492,1995759837,1995160274,1995553400,1995432786,1995555946,1996046270,1996084974,1996131606,1996129282,1996241567,1996190576,1996392438,4732,4787,3513,5930,6796,7774,4927,5455,7351,8774,5841,8991,8618,6152,6404,7056,5235,3390,6266,5169,0,0,0,0,0,0,0,0,0,0,0,0,0,0,0,0,0,0,0,0,80856,295,203,259,19527,400,164,175,1090,5514,13435,3589,16762,196,333,188,187,434,720,888,0,0,0,0,0,0,0,0,0,0,0,0,0,0,0,0,0,0,0,0,0,0,0,0,0,0,0,0,0,0,0,0,0,0,0,0,0,0,0,0,0,0,0,0,0,0,0,0,0,0,0,0,0,0,0,0,0,0,0,0
1781124932.001423,1423,ubuntu-rog,1,0,0,20,1,335509191,252625,5703293,39915199918,123169,0,145224,0,0,0,7711836909,5631123595,3015426,1,0,3636798372,1,1,1,1,1,1,1,1,1,1,1,1,1,1,1,1,1,1,1,1,19309765,16774644,16773244,16642665,16683501,16712950,16753383,16701302,16578598,16537355,16644396,16896385,16849449,16588412,16596112,16570253,16613964,16517697,16455795,16309313,10915,9904,10736,12889,20452,13997,10765,17680,14412,15613,8564,10955,12243,10504,16066,10253,10437,12209,11119,12904,302207,227506,156125,275818,278050,276208,278353,300780,409363,390932,396824,385188,337700,256628,231850,222472,208333,231658,321186,216104,1993006287,1996119140,1996184952,1995928018,1995818861,1995815800,1995792104,1995854592,1995759937,1995160374,1995553500,1995432886,1995556045,1996046370,1996085074,1996131706,1996129382,1996241667,1996190676,1996392538,4732,4787,3513,5930,6796,7774,4927,5455,7351,8774,5841,8991,8618,6152,6404,7056,5235,3390,6266,5169,0,0,0,0,0,0,0,0,0,0,0,0,0,0,0,0,0,0,0,0,80856,295,203,259,19527,400,164,175,1090,5514,13435,3589,16762,196,333,188,187,434,720,888,0,0,0,0,0,0,0,0,0,0,0,0,0,0,0,0,0,0,0,0,0,0,0,0,0,0,0,0,0,0,0,0,0,0,0,0,0,0,0,0,0,0,0,0,0,0,0,0,0,0,0,0,0,0,0,0,0,0,0,0
1781124933.002264,2264,ubuntu-rog,1,0,0,20,1,335509191,252625,5703293,39915201918,123169,0,145224,0,0,0,7711837238,5631123925,3015426,1,0,3636798705,1,1,1,1,1,1,1,1,1,1,1,1,1,1,1,1,1,1,1,1,19309765,16774644,16773244,16642665,16683501,16712950,16753383,16701302,16578598,16537355,16644396,16896385,16849449,16588413,16596112,16570253,16613964,16517697,16455795,16309313,10915,9904,10736,12889,20452,13997,10765,17680,14412,15613,8564,10955,12243,10504,16066,10253,10437,12209,11119,12904,302207,227506,156125,275818,278050,276208,278353,300780,409363,390932,396824,385188,337700,256628,231850,222472,208333,231658,321186,216104,1993006387,1996119240,1996185052,1995928118,1995818961,1995815900,1995792204,1995854692,1995760037,1995160474,1995553600,1995432986,1995556145,1996046470,1996085174,1996131805,1996129482,1996241767,1996190776,1996392638,4732,4787,3513,5930,6796,7774,4927,5455,7351,8774,5841,8991,8618,6152,6404,7056,5235,3390,6266,5169,0,0,0,0,0,0,0,0,0,0,0,0,0,0,0,0,0,0,0,0,80856,295,203,259,19527,400,164,175,1090,5514,13435,3589,16762,196,333,188,187,434,720,888,0,0,0,0,0,0,0,0,0,0,0,0,0,0,0,0,0,0,0,0,0,0,0,0,0,0,0,0,0,0,0,0,0,0,0,0,0,0,0,0,0,0,0,0,0,0,0,0,0,0,0,0,0,0,0,0,0,0,0,0
1781124934.002026,2026,ubuntu-rog,1,0,0,20,1,335509192,252625,5703294,39915203914,123169,0,145224,0,0,0,7711837617,5631124573,3015426,2,0,3636798999,1,1,1,1,1,1,1,1,1,1,1,1,1,1,1,1,1,1,1,1,19309765,16774644,16773244,16642665,16683501,16712950,16753383,16701302,16578598,16537355,16644397,16896385,16849449,16588413,16596112,16570253,16613964,16517697,16455796,16309313,10915,9904,10736,12889,20452,13997,10765,17680,14412,15613,8564,10955,12243,10504,16066,10253,10437,12209,11119,12904,302207,227506,156125,275818,278050,276208,278353,300780,409363,390932,396824,385188,337700,256628,231850,222472,208333,231658,321186,216104,1993006487,1996119340,1996185152,1995928218,1995819061,1995816000,1995792304,1995854792,1995760136,1995160573,1995553700,1995433086,1995556245,1996046570,1996085274,1996131905,1996129582,1996241867,1996190876,1996392738,4732,4787,3513,5930,6796,7774,4927,5455,7351,8774,5841,8991,8618,6152,6404,7056,5235,3390,6266,5169,0,0,0,0,0,0,0,0,0,0,0,0,0,0,0,0,0,0,0,0,80856,295,203,259,19527,400,164,175,1090,5514,13435,3589,16762,196,333,188,187,434,720,888,0,0,0,0,0,0,0,0,0,0,0,0,0,0,0,0,0,0,0,0,0,0,0,0,0,0,0,0,0,0,0,0,0,0,0,0,0,0,0,0,0,0,0,0,0,0,0,0,0,0,0,0,0,0,0,0,0,0,0,0
1781124935.002028,2028,ubuntu-rog,1,0,0,20,1,335509193,252625,5703294,39915205912,123169,0,145224,0,0,0,7711837855,5631124825,3015426,1,0,3636799200,1,1,1,1,1,1,1,1,1,1,1,1,1,1,1,1,1,1,1,1,19309765,16774644,16773244,16642665,16683501,16712950,16753383,16701302,16578598,16537355,16644397,16896385,16849449,16588413,16596112,16570253,16613964,16517697,16455796,16309313,10915,9904,10736,12889,20452,13997,10765,17680,14412,15613,8564,10955,12243,10504,16066,10253,10437,12209,11119,12904,302207,227506,156125,275818,278050,276208,278353,300780,409363,390932,396824,385188,337700,256628,231850,222472,208333,231658,321186,216104,1993006587,1996119440,1996185252,1995928318,1995819161,1995816100,1995792404,1995854892,1995760236,1995160673,1995553800,1995433186,1995556345,1996046670,1996085374,1996132004,1996129682,1996241967,1996190976,1996392838,4732,4787,3513,5930,6796,7774,4927,5455,7351,8774,5841,8991,8618,6152,6404,7056,5235,3390,6266,5169,0,0,0,0,0,0,0,0,0,0,0,0,0,0,0,0,0,0,0,0,80856,295,203,259,19527,400,164,175,1090,5514,13435,3589,16762,196,333,188,187,434,720,888,0,0,0,0,0,0,0,0,0,0,0,0,0,0,0,0,0,0,0,0,0,0,0,0,0,0,0,0,0,0,0,0,0,0,0,0,0,0,0,0,0,0,0,0,0,0,0,0,0,0,0,0,0,0,0,0,0,0,0,0
1781124936.001846,1846,ubuntu-rog,1,0,0,20,1,335509194,252625,5703294,39915207911,123169,0,145224,0,0,0,7711838088,5631125019,3015426,1,0,3636799412,1,1,1,1,1,1,1,1,1,1,1,1,1,1,1,1,1,1,1,1,19309765,16774644,16773244,16642665,16683501,16712950,16753383,16701302,16578598,16537355,16644397,16896385,16849449,16588413,16596112,16570253,16613964,16517697,16455796,16309313,10915,9904,10736,12889,20452,13997,10765,17680,14412,15613,8564,10955,12243,10504,16066,10253,10437,12209,11119,12904,302207,227506,156125,275818,278050,276208,278353,300780,409363,390932,396824,385188,337700,256628,231850,222472,208333,231658,321186,216104,1993006687,1996119540,1996185352,1995928418,1995819261,1995816200,1995792504,1995854992,1995760336,1995160773,1995553900,1995433286,1995556445,1996046770,1996085474,1996132104,1996129782,1996242067,1996191076,1996392938,4732,4787,3513,5930,6796,7774,4927,5455,7351,8774,5841,8991,8618,6152,6404,7056,5235,3390,6266,5169,0,0,0,0,0,0,0,0,0,0,0,0,0,0,0,0,0,0,0,0,80856,295,203,259,19527,400,164,175,1090,5514,13435,3589,16762,196,333,188,187,434,720,888,0,0,0,0,0,0,0,0,0,0,0,0,0,0,0,0,0,0,0,0,0,0,0,0,0,0,0,0,0,0,0,0,0,0,0,0,0,0,0,0,0,0,0,0,0,0,0,0,0,0,0,0,0,0,0,0,0,0,0,0
1781124937.002174,2174,ubuntu-rog,1,0,0,20,1,335509194,252625,5703295,39915209909,123169,0,145224,0,0,0,7711838450,5631125411,3015426,1,0,3636799754,1,1,1,1,1,1,1,1,1,1,1,1,1,1,1,1,1,1,1,1,19309765,16774644,16773244,16642665,16683501,16712950,16753383,16701302,16578598,16537355,16644397,16896385,16849449,16588413,16596112,16570253,16613964,16517697,16455796,16309313,10915,9904,10736,12889,20452,13997,10765,17680,14412,15613,8564,10955,12243,10504,16066,10253,10437,12209,11119,12904,302207,227506,156125,275818,278050,276208,278353,300780,409363,390932,396824,385188,337700,256628,231850,222472,208333,231658,321186,216104,1993006787,1996119640,1996185452,1995928518,1995819361,1995816300,1995792603,1995855092,1995760436,1995160873,1995554000,1995433386,1995556545,1996046870,1996085574,1996132204,1996129882,1996242167,1996191176,1996393038,4732,4787,3513,5930,6796,7774,4927,5455,7351,8774,5841,8991,8618,6152,6404,7056,5235,3390,6266,5169,0,0,0,0,0,0,0,0,0,0,0,0,0,0,0,0,0,0,0,0,80856,295,203,259,19527,400,164,175,1090,5514,13435,3589,16762,196,333,188,187,434,720,888,0,0,0,0,0,0,0,0,0,0,0,0,0,0,0,0,0,0,0,0,0,0,0,0,0,0,0,0,0,0,0,0,0,0,0,0,0,0,0,0,0,0,0,0,0,0,0,0,0,0,0,0,0,0,0,0,0,0,0,0
1781124938.002029,2029,ubuntu-rog,1,0,0,20,1,335509194,252625,5703295,39915211908,123169,0,145224,0,0,0,7711838703,5631125591,3015426,1,0,3636799996,1,1,1,1,1,1,1,1,1,1,1,1,1,1,1,1,1,1,1,1,19309765,16774644,16773244,16642665,16683501,16712950,16753383,16701302,16578598,16537355,16644397,16896385,16849449,16588413,16596112,16570253,16613964,16517697,16455796,16309313,10915,9904,10736,12889,20452,13997,10765,17680,14412,15613,8564,10955,12243,10504,16066,10253,10437,12209,11119,12904,302207,227506,156125,275818,278050,276208,278353,300780,409363,390932,396824,385188,337700,256629,231850,222472,208333,231658,321186,216104,1993006887,1996119740,1996185552,1995928618,1995819461,1995816400,1995792703,1995855192,1995760536,1995160972,1995554100,1995433486,1995556645,1996046969,1996085674,1996132304,1996129982,1996242267,1996191276,1996393137,4732,4787,3513,5930,6796,7774,4927,5455,7351,8774,5841,8991,8618,6152,6404,7056,5235,3390,6266,5169,0,0,0,0,0,0,0,0,0,0,0,0,0,0,0,0,0,0,0,0,80856,295,203,259,19527,400,164,175,1090,5514,13435,3589,16762,196,333,188,187,434,720,888,0,0,0,0,0,0,0,0,0,0,0,0,0,0,0,0,0,0,0,0,0,0,0,0,0,0,0,0,0,0,0,0,0,0,0,0,0,0,0,0,0,0,0,0,0,0,0,0,0,0,0,0,0,0,0,0,0,0,0,0
1781124939.001765,1765,ubuntu-rog,1,0,0,20,1,335509195,252625,5703295,39915213905,123169,0,145224,0,0,0,7711838970,5631125808,3015426,1,0,3636800264,1,1,1,1,1,1,1,1,1,1,1,1,1,1,1,1,1,1,1,1,19309765,16774644,16773244,16642665,16683501,16712950,16753384,16701302,16578598,16537355,16644397,16896385,16849449,16588413,16596112,16570254,16613964,16517697,16455796,16309313,10915,9904,10736,12889,20452,13997,10765,17680,14412,15613,8564,10955,12243,10504,16066,10253,10437,12209,11119,12904,302207,227506,156125,275818,278050,276208,278353,300780,409363,390932,396824,385188,337700,256629,231850,222472,208333,231658,321186,216104,1993006987,1996119840,1996185652,1995928718,1995819561,1995816500,1995792803,1995855292,1995760636,1995161072,1995554199,1995433586,1995556745,1996047069,1996085774,1996132403,1996130082,1996242367,1996191376,1996393237,4732,4787,3513,5930,6796,7774,4927,5455,7351,8774,5841,8991,8618,6152,6404,7056,5235,3390,6266,5169,0,0,0,0,0,0,0,0,0,0,0,0,0,0,0,0,0,0,0,0,80856,295,203,259,19527,400,164,175,1090,5514,13435,3589,16762,196,333,188,187,434,720,888,0,0,0,0,0,0,0,0,0,0,0,0,0,0,0,0,0,0,0,0,0,0,0,0,0,0,0,0,0,0,0,0,0,0,0,0,0,0,0,0,0,0,0,0,0,0,0,0,0,0,0,0,0,0,0,0,0,0,0,0
1781124940.001770,1770,ubuntu-rog,1,0,0,20,1,335509196,252625,5703296,39915215903,123169,0,145224,0,0,0,7711839281,5631126221,3015426,1,0,3636800535,1,1,1,1,1,1,1,1,1,1,1,1,1,1,1,1,1,1,1,1,19309765,16774644,16773244,16642665,16683501,16712950,16753384,16701302,16578598,16537355,16644397,16896385,16849449,16588413,16596112,16570254,16613964,16517697,16455796,16309313,10915,9904,10736,12889,20452,13997,10765,17680,14412,15613,8564,10955,12243,10504,16066,10253,10437,12209,11119,12904,302207,227506,156125,275818,278050,276208,278354,300780,409363,390932,396824,385188,337700,256629,231850,222473,208333,231658,321186,216104,1993007087,1996119940,1996185752,1995928818,1995819660,1995816600,1995792903,1995855392,1995760736,1995161172,1995554299,1995433685,1995556844,1996047169,1996085874,1996132503,1996130182,1996242467,1996191476,1996393337,4732,4787,3513,5930,6796,7774,4927,5455,7351,8774,5841,8991,8618,6152,6404,7056,5235,3390,6266,5169,0,0,0,0,0,0,0,0,0,0,0,0,0,0,0,0,0,0,0,0,80856,295,203,259,19527,400,164,175,1090,5514,13435,3589,16762,196,333,188,187,434,720,888,0,0,0,0,0,0,0,0,0,0,0,0,0,0,0,0,0,0,0,0,0,0,0,0,0,0,0,0,0,0,0,0,0,0,0,0,0,0,0,0,0,0,0,0,0,0,0,0,0,0,0,0,0,0,0,0,0,0,0,0
1781124941.002624,2624,ubuntu-rog,1,0,0,20,1,335509196,252625,5703296,39915217903,123169,0,145224,0,0,0,7711839572,5631126600,3015426,1,0,3636800804,1,1,1,1,1,1,1,1,1,1,1,1,1,1,1,1,1,1,1,1,19309765,16774644,16773244,16642665,16683501,16712950,16753384,16701302,16578598,16537355,16644397,16896385,16849449,16588413,16596112,16570254,16613964,16517697,16455796,16309313,10915,9904,10736,12889,20452,13997,10765,17680,14412,15613,8564,10955,12243,10504,16066,10253,10437,12209,11119,12904,302207,227506,156125,275818,278050,276208,278354,300780,409363,390932,396824,385188,337700,256629,231850,222473,208333,231658,321186,216104,1993007187,1996120040,1996185852,1995928918,1995819760,1995816700,1995793002,1995855492,1995760835,1995161272,1995554399,1995433785,1995556944,1996047269,1996085974,1996132603,1996130282,1996242567,1996191576,1996393437,4732,4787,3513,5930,6796,7774,4927,5455,7351,8774,5841,8991,8618,6152,6404,7056,5235,3390,6266,5169,0,0,0,0,0,0,0,0,0,0,0,0,0,0,0,0,0,0,0,0,80856,295,203,259,19527,400,164,175,1090,5514,13435,3589,16762,196,333,188,187,434,720,888,0,0,0,0,0,0,0,0,0,0,0,0,0,0,0,0,0,0,0,0,0,0,0,0,0,0,0,0,0,0,0,0,0,0,0,0,0,0,0,0,0,0,0,0,0,0,0,0,0,0,0,0,0,0,0,0,0,0,0,0
1781124942.001916,1916,ubuntu-rog,1,0,0,20,1,335509196,252625,5703297,39915219900,123169,0,145224,0,0,0,7711839898,5631126932,3015426,1,0,3636801113,1,1,1,1,1,1,1,1,1,1,1,1,1,1,1,1,1,1,1,1,19309765,16774644,16773244,16642665,16683501,16712950,16753384,16701302,16578598,16537355,16644397,16896385,16849449,16588413,16596112,16570254,16613964,16517697,16455796,16309313,10915,9904,10736,12889,20452,13997,10765,17680,14412,15613,8564,10955,12243,10504,16066,10253,10437,12209,11119,12904,302207,227506,156125,275818,278050,276208,278354,300780,409363,390932,396824,385188,337700,256629,231850,222473,208333,231658,321186,216104,1993007286,1996120140,1996185952,1995929018,1995819860,1995816799,1995793102,1995855591,1995760935,1995161371,1995554499,1995433885,1995557044,1996047369,1996086073,1996132702,1996130382,1996242667,1996191675,1996393537,4732,4787,3513,5930,6796,7774,4927,5455,7351,8774,5841,8991,8618,6152,6404,7056,5235,3390,6266,5169,0,0,0,0,0,0,0,0,0,0,0,0,0,0,0,0,0,0,0,0,80856,295,203,259,19527,400,164,175,1090,5514,13435,3589,16762,196,333,188,187,434,720,888,0,0,0,0,0,0,0,0,0,0,0,0,0,0,0,0,0,0,0,0,0,0,0,0,0,0,0,0,0,0,0,0,0,0,0,0,0,0,0,0,0,0,0,0,0,0,0,0,0,0,0,0,0,0,0,0,0,0,0,0
1781124943.001761,1761,ubuntu-rog,1,0,0,20,1,335509197,252625,5703297,39915221898,123169,0,145224,0,0,0,7711840190,5631127266,3015426,1,0,3636801371,1,1,1,1,1,1,1,1,1,1,1,1,1,1,1,1,1,1,1,1,19309765,16774644,16773244,16642665,16683501,16712950,16753384,16701302,16578598,16537355,16644397,16896385,16849449,16588413,16596112,16570254,16613964,16517697,16455796,16309313,10915,9904,10736,12889,20452,13997,10765,17680,14412,15613,8564,10955,12243,10504,16066,10253,10437,12209,11119,12904,302207,227506,156125,275818,278050,276208,278354,300780,409363,390932,396824,385188,337700,256629,231850,222473,208333,231658,321186,216104,1993007386,1996120240,1996186052,1995929118,1995819960,1995816899,1995793202,1995855691,1995761035,1995161471,1995554599,1995433985,1995557144,1996047468,1996086173,1996132802,1996130482,1996242767,1996191775,1996393637,4732,4787,3513,5930,6796,7774,4927,5455,7351,8774,5841,8991,8618,6152,6404,7056,5235,3390,6266,5169,0,0,0,0,0,0,0,0,0,0,0,0,0,0,0,0,0,0,0,0,80856,295,203,259,19527,400,164,175,1090,5514,13435,3589,16762,196,333,188,187,434,720,888,0,0,0,0,0,0,0,0,0,0,0,0,0,0,0,0,0,0,0,0,0,0,0,0,0,0,0,0,0,0,0,0,0,0,0,0,0,0,0,0,0,0,0,0,0,0,0,0,0,0,0,0,0,0,0,0,0,0,0,0
1781124944.001533,1533,ubuntu-rog,1,0,0,20,1,335509198,252625,5703298,39915223895,123169,0,145224,0,0,0,7711840515,5631127669,3015426,1,0,3636801647,1,1,1,1,1,1,1,1,1,1,1,1,1,1,1,1,1,1,1,1,19309765,16774644,16773244,16642665,16683501,16712950,16753384,16701302,16578598,16537355,16644397,16896385,16849449,16588413,16596112,16570254,16613964,16517697,16455796,16309313,10915,9904,10736,12889,20452,13997,10765,17680,14412,15613,8564,10955,12243,10504,16066,10253,10437,12209,11119,12904,302207,227506,156125,275818,278050,276208,278354,300780,409363,390932,396824,385188,337700,256629,231850,222473,208333,231658,321186,216104,1993007486,1996120340,1996186152,1995929218,1995820060,1995816999,1995793302,1995855791,1995761135,1995161571,1995554699,1995434085,1995557244,1996047568,1996086273,1996132902,1996130582,1996242867,1996191875,1996393737,4732,4787,3513,5930,6796,7774,4927,5455,7351,8774,5841,8991,8618,6152,6404,7056,5235,3390,6266,5169,0,0,0,0,0,0,0,0,0,0,0,0,0,0,0,0,0,0,0,0,80856,295,203,259,19527,400,164,175,1090,5514,13435,3589,16762,196,333,188,187,434,720,888,0,0,0,0,0,0,0,0,0,0,0,0,0,0,0,0,0,0,0,0,0,0,0,0,0,0,0,0,0,0,0,0,0,0,0,0,0,0,0,0,0,0,0,0,0,0,0,0,0,0,0,0,0,0,0,0,0,0,0,0
1781124945.002538,2538,ubuntu-rog,1,0,0,20,1,335509198,252625,5703299,39915225895,123169,0,145224,0,0,0,7711840827,5631128048,3015426,1,0,3636801887,1,1,1,1,1,1,1,1,1,1,1,1,1,1,1,1,1,1,1,1,19309765,16774644,16773244,16642665,16683501,16712950,16753384,16701302,16578598,16537355,16644397,16896385,16849449,16588413,16596112,16570255,16613964,16517697,16455796,16309313,10915,9904,10736,12889,20452,13997,10765,17680,14412,15613,8564,10955,12243,10504,16066,10253,10437,12209,11119,12904,302207,227506,156125,275818,278050,276208,278354,300780,409364,390933,396824,385188,337700,256629,231850,222473,208333,231658,321186,216104,1993007586,1996120440,1996186252,1995929318,1995820160,1995817099,1995793402,1995855891,1995761235,1995161671,1995554799,1995434185,1995557344,1996047668,1996086373,1996133001,1996130682,1996242967,1996191976,1996393837,4732,4787,3513,5930,6796,7774,4927,5455,7351,8774,5841,8991,8618,6152,6404,7056,5235,3390,6266,5169,0,0,0,0,0,0,0,0,0,0,0,0,0,0,0,0,0,0,0,0,80856,295,203,259,19527,400,164,175,1090,5514,13435,3589,16762,196,333,188,187,434,720,888,0,0,0,0,0,0,0,0,0,0,0,0,0,0,0,0,0,0,0,0,0,0,0,0,0,0,0,0,0,0,0,0,0,0,0,0,0,0,0,0,0,0,0,0,0,0,0,0,0,0,0,0,0,0,0,0,0,0,0,0
1781124946.002380,2380,ubuntu-rog,1,0,0,20,1,335509199,252625,5703299,39915227892,123169,0,145224,0,0,0,7711841130,5631128449,3015426,1,0,3636802133,1,1,1,1,1,1,1,1,1,1,1,1,1,1,1,1,1,1,1,1,19309765,16774644,16773244,16642665,16683501,16712950,16753384,16701302,16578598,16537355,16644397,16896385,16849449,16588414,16596112,16570255,16613964,16517697,16455796,16309313,10915,9904,10736,12889,20452,13997,10765,17680,14412,15613,8564,10955,12243,10504,16066,10253,10437,12209,11119,12904,302207,227506,156125,275818,278050,276208,278354,300780,409364,390933,396824,385188,337700,256629,231850,222473,208333,231658,321186,216104,1993007686,1996120540,1996186351,1995929418,1995820260,1995817199,1995793501,1995855991,1995761335,1995161771,1995554899,1995434285,1995557444,1996047768,1996086473,1996133101,1996130782,1996243067,1996192075,1996393937,4732,4787,3513,5930,6796,7774,4927,5455,7351,8774,5841,8991,8618,6152,6404,7056,5235,3390,6266,5169,0,0,0,0,0,0,0,0,0,0,0,0,0,0,0,0,0,0,0,0,80856,295,203,259,19527,400,164,175,1090,5514,13435,3589,16762,196,333,188,187,434,720,888,0,0,0,0,0,0,0,0,0,0,0,0,0,0,0,0,0,0,0,0,0,0,0,0,0,0,0,0,0,0,0,0,0,0,0,0,0,0,0,0,0,0,0,0,0,0,0,0,0,0,0,0,0,0,0,0,0,0,0,0
1781124947.001685,1685,ubuntu-rog,1,0,0,20,1,335509199,252625,5703300,39915229890,123169,0,145224,0,0,0,7711841381,5631128765,3015426,1,0,3636802351,1,1,1,1,1,1,1,1,1,1,1,1,1,1,1,1,1,1,1,1,19309765,16774644,16773244,16642665,16683501,16712950,16753384,16701302,16578598,16537355,16644397,16896385,16849449,16588414,16596112,16570255,16613964,16517697,16455796,16309313,10915,9904,10736,12889,20452,13997,10765,17680,14412,15613,8564,10955,12243,10504,16066,10253,10437,12209,11119,12904,302207,227506,156125,275818,278050,276208,278354,300780,409364,390933,396824,385188,337700,256629,231850,222473,208333,231658,321186,216104,1993007786,1996120640,1996186451,1995929518,1995820360,1995817299,1995793601,1995856091,1995761435,1995161870,1995554999,1995434385,1995557543,1996047868,1996086573,1996133201,1996130882,1996243167,1996192175,1996394037,4732,4787,3513,5930,6796,7774,4927,5455,7351,8774,5841,8991,8618,6152,6404,7056,5235,3390,6266,5169,0,0,0,0,0,0,0,0,0,0,0,0,0,0,0,0,0,0,0,0,80856,295,203,259,19527,400,164,175,1090,5514,13435,3589,16762,196,333,188,187,434,720,888,0,0,0,0,0,0,0,0,0,0,0,0,0,0,0,0,0,0,0,0,0,0,0,0,0,0,0,0,0,0,0,0,0,0,0,0,0,0,0,0,0,0,0,0,0,0,0,0,0,0,0,0,0,0,0,0,0,0,0,0
1781124948.001535,1535,ubuntu-rog,1,0,0,20,1,335509200,252625,5703300,39915231887,123169,0,145224,0,0,0,7711841731,5631129174,3015426,1,0,3636802670,1,1,1,1,1,1,1,1,1,1,1,1,1,1,1,1,1,1,1,1,19309765,16774644,16773244,16642665,16683501,16712950,16753384,16701302,16578598,16537356,16644397,16896385,16849449,16588414,16596112,16570255,16613964,16517697,16455796,16309313,10915,9904,10736,12889,20452,13997,10765,17680,14412,15613,8564,10955,12243,10504,16066,10253,10437,12209,11119,12904,302207,227506,156125,275818,278050,276208,278354,300780,409364,390933,396824,385188,337701,256629,231850,222473,208333,231658,321186,216104,1993007886,1996120740,1996186551,1995929618,1995820460,1995817399,1995793701,1995856191,1995761535,1995161970,1995555098,1995434485,1995557643,1996047967,1996086673,1996133300,1996130982,1996243267,1996192275,1996394137,4732,4787,3513,5930,6796,7774,4927,5455,7351,8774,5841,8991,8618,6152,6404,7056,5235,3390,6266,5169,0,0,0,0,0,0,0,0,0,0,0,0,0,0,0,0,0,0,0,0,80856,295,203,259,19527,400,164,175,1090,5514,13435,3589,16762,196,333,188,187,434,720,888,0,0,0,0,0,0,0,0,0,0,0,0,0,0,0,0,0,0,0,0,0,0,0,0,0,0,0,0,0,0,0,0,0,0,0,0,0,0,0,0,0,0,0,0,0,0,0,0,0,0,0,0,0,0,0,0,0,0,0,0
1781124949.002285,2285,ubuntu-rog,1,0,0,20,1,335509200,252625,5703301,39915233887,123169,0,145224,0,0,0,7711842062,5631129559,3015426,1,0,3636802932,1,1,1,1,1,1,1,1,1,1,1,1,1,1,1,1,1,1,1,1,19309765,16774644,16773244,16642665,16683501,16712950,16753384,16701302,16578598,16537356,16644397,16896385,16849449,16588414,16596112,16570255,16613964,16517697,16455796,16309313,10915,9904,10736,12889,20452,13997,10765,17680,14412,15613,8564,10955,12243,10504,16066,10253,10437,12209,11119,12904,302207,227506,156125,275818,278050,276208,278354,300780,409364,390933,396824,385188,337701,256629,231850,222473,208333,231658,321186,216104,1993007986,1996120840,1996186651,1995929718,1995820560,1995817499,1995793801,1995856291,1995761634,1995162070,1995555198,1995434585,1995557743,1996048067,1996086773,1996133400,1996131082,1996243367,1996192375,1996394237,4732,4787,3513,5930,6796,7774,4927,5455,7351,8774,5841,8991,8618,6152,6404,7056,5235,3390,6266,5169,0,0,0,0,0,0,0,0,0,0,0,0,0,0,0,0,0,0,0,0,80856,295,203,259,19527,400,164,175,1090,5514,13435,3589,16762,196,333,188,187,434,720,888,0,0,0,0,0,0,0,0,0,0,0,0,0,0,0,0,0,0,0,0,0,0,0,0,0,0,0,0,0,0,0,0,0,0,0,0,0,0,0,0,0,0,0,0,0,0,0,0,0,0,0,0,0,0,0,0,0,0,0,0
1781124950.002291,2291,ubuntu-rog,1,0,0,20,1,335509201,252625,5703302,39915235884,123169,0,145224,0,0,0,7711842380,5631129959,3015426,1,0,3636803198,1,1,1,1,1,1,1,1,1,1,1,1,1,1,1,1,1,1,1,1,19309765,16774644,16773244,16642665,16683501,16712950,16753385,16701302,16578598,16537356,16644397,16896385,16849449,16588414,16596112,16570255,16613964,16517697,16455796,16309313,10915,9904,10736,12889,20452,13997,10765,17680,14412,15613,8564,10955,12243,10504,16066,10253,10437,12209,11119,12904,302207,227506,156125,275818,278050,276208,278354,300780,409364,390933,396824,385188,337701,256629,231850,222473,208333,231658,321186,216104,1993008086,1996120940,1996186751,1995929818,1995820660,1995817599,1995793901,1995856390,1995761734,1995162169,1995555298,1995434685,1995557843,1996048167,1996086873,1996133500,1996131182,1996243467,1996192475,1996394336,4732,4787,3513,5930,6796,7774,4927,5455,7351,8774,5841,8991,8618,6152,6404,7056,5235,3390,6266,5169,0,0,0,0,0,0,0,0,0,0,0,0,0,0,0,0,0,0,0,0,80856,295,203,259,19527,400,164,175,1090,5514,13435,3589,16762,196,333,188,187,434,720,888,0,0,0,0,0,0,0,0,0,0,0,0,0,0,0,0,0,0,0,0,0,0,0,0,0,0,0,0,0,0,0,0,0,0,0,0,0,0,0,0,0,0,0,0,0,0,0,0,0,0,0,0,0,0,0,0,0,0,0,0
1781124951.002135,2135,ubuntu-rog,1,0,0,20,1,335509201,252625,5703302,39915237881,123169,0,145224,0,0,0,7711842748,5631130383,3015426,1,1,3636803525,1,1,1,1,1,1,1,1,1,1,1,1,1,1,1,1,1,1,1,1,19309765,16774644,16773244,16642665,16683501,16712950,16753385,16701302,16578598,16537356,16644397,16896385,16849449,16588414,16596112,16570255,16613964,16517697,16455796,16309313,10915,9904,10736,12889,20452,13997,10765,17680,14412,15613,8564,10955,12243,10504,16066,10253,10437,12209,11119,12904,302207,227506,156125,275818,278050,276208,278354,300780,409364,390933,396824,385188,337701,256629,231850,222473,208333,231658,321186,216104,1993008186,1996121040,1996186851,1995929918,1995820760,1995817699,1995794000,1995856490,1995761834,1995162269,1995555398,1995434785,1995557943,1996048267,1996086973,1996133599,1996131282,1996243567,1996192575,1996394436,4732,4787,3513,5930,6796,7774,4927,5455,7351,8774,5841,8991,8618,6152,6404,7056,5235,3390,6266,5169,0,0,0,0,0,0,0,0,0,0,0,0,0,0,0,0,0,0,0,0,80856,295,203,259,19527,400,164,175,1090,5514,13435,3589,16762,196,333,188,187,434,720,888,0,0,0,0,0,0,0,0,0,0,0,0,0,0,0,0,0,0,0,0,0,0,0,0,0,0,0,0,0,0,0,0,0,0,0,0,0,0,0,0,0,0,0,0,0,0,0,0,0,0,0,0,0,0,0,0,0,0,0,0
1781124952.001434,1434,ubuntu-rog,1,0,0,20,1,335509201,252625,5703303,39915239877,123169,0,145224,0,0,0,7711843146,5631130830,3015426,1,0,3636803852,1,1,1,1,1,1,1,1,1,1,1,1,1,1,1,1,1,1,1,1,19309765,16774644,16773244,16642665,16683501,16712950,16753385,16701302,16578598,16537356,16644397,16896385,16849449,16588414,16596112,16570255,16613964,16517697,16455796,16309313,10915,9904,10736,12889,20452,13997,10765,17680,14412,15613,8564,10955,12243,10504,16066,10253,10437,12209,11119,12904,302207,227506,156125,275818,278051,276208,278355,300780,409364,390933,396824,385189,337701,256630,231850,222474,208333,231658,321186,216104,1993008286,1996121140,1996186951,1995930018,1995820859,1995817799,1995794100,1995856590,1995761934,1995162369,1995555498,1995434884,1995558043,1996048367,1996087073,1996133699,1996131381,1996243667,1996192675,1996394536,4732,4787,3513,5930,6796,7774,4927,5455,7351,8774,5841,8992,8618,6152,6404,7056,5235,3390,6266,5169,0,0,0,0,0,0,0,0,0,0,0,0,0,0,0,0,0,0,0,0,80856,295,203,259,19527,400,164,175,1090,5514,13435,3589,16762,196,333,188,187,434,720,888,0,0,0,0,0,0,0,0,0,0,0,0,0,0,0,0,0,0,0,0,0,0,0,0,0,0,0,0,0,0,0,0,0,0,0,0,0,0,0,0,0,0,0,0,0,0,0,0,0,0,0,0,0,0,0,0,0,0,0,0
1781124953.002278,2278,ubuntu-rog,1,0,0,20,1,335509201,252625,5703304,39915241878,123169,0,145224,0,0,0,7711843434,5631131158,3015426,1,0,3636804089,1,1,1,1,1,1,1,1,1,1,1,1,1,1,1,1,1,1,1,1,19309765,16774644,16773244,16642665,16683501,16712950,16753385,16701302,16578598,16537356,16644397,16896385,16849449,16588414,16596112,16570255,16613964,16517697,16455796,16309313,10915,9904,10736,12889,20452,13997,10765,17680,14412,15613,8564,10955,12243,10504,16066,10253,10437,12209,11119,12904,302207,227506,156125,275818,278051,276208,278355,300780,409364,390933,396824,385189,337701,256630,231850,222474,208333,231658,321186,216104,1993008386,1996121240,1996187051,1995930118,1995820960,1995817899,1995794200,1995856690,1995762034,1995162469,1995555598,1995434984,1995558143,1996048467,1996087173,1996133798,1996131482,1996243767,1996192775,1996394636,4732,4787,3513,5930,6796,7774,4927,5455,7351,8774,5841,8992,8618,6152,6404,7056,5235,3390,6266,5169,0,0,0,0,0,0,0,0,0,0,0,0,0,0,0,0,0,0,0,0,80856,295,203,259,19527,400,164,175,1090,5514,13435,3589,16762,196,333,188,187,434,720,888,0,0,0,0,0,0,0,0,0,0,0,0,0,0,0,0,0,0,0,0,0,0,0,0,0,0,0,0,0,0,0,0,0,0,0,0,0,0,0,0,0,0,0,0,0,0,0,0,0,0,0,0,0,0,0,0,0,0,0,0
1781124954.002048,2048,ubuntu-rog,1,0,0,20,1,335509202,252625,5703305,39915243875,123169,0,145224,0,0,0,7711843755,5631131542,3015426,1,0,3636804392,1,1,1,1,1,1,1,1,1,1,1,1,1,1,1,1,1,1,1,1,19309765,16774644,16773244,16642665,16683501,16712950,16753385,16701302,16578598,16537356,16644397,16896385,16849449,16588414,16596112,16570256,16613964,16517697,16455796,16309313,10915,9904,10736,12889,20452,13997,10765,17680,14412,15613,8564,10955,12243,10504,16066,10253,10437,12209,11119,12904,302207,227506,156125,275818,278051,276208,278355,300780,409364,390933,396824,385189,337701,256630,231850,222474,208333,231658,321186,216104,1993008485,1996121340,1996187151,1995930218,1995821059,1995817999,1995794300,1995856790,1995762134,1995162568,1995555698,1995435084,1995558243,1996048566,1996087273,1996133898,1996131581,1996243867,1996192875,1996394736,4732,4787,3513,5930,6796,7774,4927,5455,7351,8774,5841,8992,8618,6152,6404,7056,5235,3390,6266,5169,0,0,0,0,0,0,0,0,0,0,0,0,0,0,0,0,0,0,0,0,80856,295,203,259,19527,400,164,175,1090,5514,13435,3589,16762,196,333,188,187,434,720,888,0,0,0,0,0,0,0,0,0,0,0,0,0,0,0,0,0,0,0,0,0,0,0,0,0,0,0,0,0,0,0,0,0,0,0,0,0,0,0,0,0,0,0,0,0,0,0,0,0,0,0,0,0,0,0,0,0,0,0,0
1781124955.002055,2055,ubuntu-rog,1,0,0,20,1,335509203,252625,5703305,39915245873,123169,0,145224,0,0,0,7711844068,5631131925,3015426,1,0,3636804662,1,1,1,1,1,1,1,1,1,1,1,1,1,1,1,1,1,1,1,1,19309765,16774644,16773244,16642665,16683501,16712950,16753385,16701302,16578598,16537356,16644397,16896385,16849449,16588414,16596112,16570256,16613964,16517697,16455796,16309313,10915,9904,10736,12889,20452,13997,10765,17680,14412,15613,8564,10955,12243,10504,16066,10253,10437,12209,11119,12904,302207,227506,156125,275818,278051,276208,278355,300780,409364,390933,396824,385189,337701,256630,231850,222474,208333,231658,321186,216104,1993008585,1996121440,1996187251,1995930318,1995821159,1995818099,1995794399,1995856890,1995762234,1995162668,1995555798,1995435184,1995558342,1996048666,1996087373,1996133998,1996131681,1996243967,1996192975,1996394836,4732,4787,3513,5930,6796,7774,4927,5455,7351,8774,5841,8992,8618,6152,6404,7056,5235,3390,6266,5169,0,0,0,0,0,0,0,0,0,0,0,0,0,0,0,0,0,0,0,0,80856,295,203,259,19527,400,164,175,1090,5514,13435,3589,16762,196,333,188,187,434,720,888,0,0,0,0,0,0,0,0,0,0,0,0,0,0,0,0,0,0,0,0,0,0,0,0,0,0,0,0,0,0,0,0,0,0,0,0,0,0,0,0,0,0,0,0,0,0,0,0,0,0,0,0,0,0,0,0,0,0,0,0
1781124956.001870,1870,ubuntu-rog,1,0,0,20,1,335509204,252625,5703305,39915247870,123169,0,145224,0,0,0,7711844387,5631132320,3015426,1,0,3636804932,1,1,1,1,1,1,1,1,1,1,1,1,1,1,1,1,1,1,1,1,19309765,16774644,16773244,16642665,16683501,16712950,16753385,16701302,16578598,16537356,16644397,16896385,16849450,16588414,16596112,16570256,16613964,16517697,16455796,16309313,10915,9904,10736,12889,20452,13997,10765,17680,14412,15613,8564,10955,12243,10504,16066,10253,10437,12209,11119,12904,302207,227506,156125,275818,278051,276208,278355,300780,409364,390933,396824,385189,337701,256630,231850,222474,208333,231658,321186,216104,1993008685,1996121540,1996187351,1995930418,1995821259,1995818199,1995794499,1995856990,1995762334,1995162768,1995555897,1995435284,1995558442,1996048766,1996087473,1996134097,1996131781,1996244067,1996193075,1996394936,4732,4787,3513,5930,6796,7774,4927,5455,7351,8774,5841,8992,8618,6152,6404,7056,5235,3390,6266,5169,0,0,0,0,0,0,0,0,0,0,0,0,0,0,0,0,0,0,0,0,80856,295,203,259,19527,400,164,175,1090,5514,13435,3589,16762,196,333,188,187,434,720,888,0,0,0,0,0,0,0,0,0,0,0,0,0,0,0,0,0,0,0,0,0,0,0,0,0,0,0,0,0,0,0,0,0,0,0,0,0,0,0,0,0,0,0,0,0,0,0,0,0,0,0,0,0,0,0,0,0,0,0,0
1781124957.002189,2189,ubuntu-rog,1,0,0,20,1,335509204,252625,5703306,39915249869,123169,0,145224,0,0,0,7711844702,5631132676,3015426,1,0,3636805194,1,1,1,1,1,1,1,1,1,1,1,1,1,1,1,1,1,1,1,1,19309765,16774644,16773244,16642665,16683501,16712950,16753385,16701302,16578598,16537356,16644397,16896385,16849450,16588414,16596112,16570256,16613964,16517697,16455796,16309313,10915,9904,10736,12889,20452,13997,10765,17680,14412,15613,8564,10955,12243,10504,16066,10253,10437,12209,11119,12904,302207,227506,156125,275818,278051,276208,278355,300780,409364,390933,396824,385189,337701,256630,231850,222474,208333,231658,321186,216104,1993008785,1996121640,1996187451,1995930518,1995821359,1995818299,1995794599,1995857090,1995762434,1995162868,1995555997,1995435383,1995558542,1996048866,1996087573,1996134197,1996131881,1996244167,1996193175,1996395036,4732,4787,3513,5930,6796,7774,4927,5455,7351,8774,5841,8992,8618,6152,6404,7056,5235,3390,6266,5169,0,0,0,0,0,0,0,0,0,0,0,0,0,0,0,0,0,0,0,0,80856,295,203,259,19527,400,164,175,1090,5514,13435,3589,16762,196,333,188,187,434,720,888,0,0,0,0,0,0,0,0,0,0,0,0,0,0,0,0,0,0,0,0,0,0,0,0,0,0,0,0,0,0,0,0,0,0,0,0,0,0,0,0,0,0,0,0,0,0,0,0,0,0,0,0,0,0,0,0,0,0,0,0
1781124958.002047,2047,ubuntu-rog,1,0,0,20,1,335509205,252625,5703306,39915251866,123169,0,145224,0,0,0,7711844970,5631133055,3015426,1,0,3636805422,1,1,1,1,1,1,1,1,1,1,1,1,1,1,1,1,1,1,1,1,19309765,16774644,16773245,16642665,16683501,16712950,16753385,16701302,16578598,16537356,16644397,16896385,16849450,16588414,16596112,16570257,16613964,16517697,16455796,16309313,10915,9904,10736,12889,20452,13997,10765,17680,14412,15613,8564,10955,12243,10504,16066,10253,10437,12209,11119,12904,302207,227506,156125,275818,278051,276208,278355,300781,409364,390933,396824,385189,337701,256630,231850,222474,208333,231658,321186,216104,1993008885,1996121740,1996187551,1995930618,1995821459,1995818399,1995794699,1995857190,1995762533,1995162967,1995556097,1995435483,1995558642,1996048966,1996087673,1996134297,1996131981,1996244267,1996193275,1996395136,4732,4787,3513,5930,6796,7774,4927,5455,7351,8774,5841,8992,8618,6152,6404,7056,5235,3390,6266,5169,0,0,0,0,0,0,0,0,0,0,0,0,0,0,0,0,0,0,0,0,80856,295,203,259,19527,400,164,175,1090,5514,13435,3589,16762,196,333,188,187,434,720,888,0,0,0,0,0,0,0,0,0,0,0,0,0,0,0,0,0,0,0,0,0,0,0,0,0,0,0,0,0,0,0,0,0,0,0,0,0,0,0,0,0,0,0,0,0,0,0,0,0,0,0,0,0,0,0,0,0,0,0,0
1781124959.001781,1781,ubuntu-rog,1,0,0,20,1,335509206,252625,5703307,39915253864,123169,0,145224,0,0,0,7711845268,5631133427,3015426,1,0,3636805697,1,1,1,1,1,1,1,1,1,1,1,1,1,1,1,1,1,1,1,1,19309765,16774644,16773245,16642665,16683501,16712950,16753385,16701302,16578598,16537356,16644397,16896385,16849450,16588414,16596112,16570257,16613964,16517697,16455796,16309313,10915,9904,10736,12889,20452,13997,10765,17680,14412,15613,8564,10955,12243,10504,16066,10253,10437,12209,11119,12904,302207,227506,156125,275818,278051,276208,278355,300781,409364,390933,396824,385189,337702,256630,231850,222474,208333,231658,321186,216104,1993008985,1996121840,1996187651,1995930718,1995821559,1995818499,1995794799,1995857290,1995762633,1995163067,1995556197,1995435583,1995558741,1996049065,1996087773,1996134396,1996132081,1996244367,1996193375,1996395236,4732,4787,3513,5930,6796,7774,4927,5455,7351,8774,5841,8992,8618,6152,6404,7056,5235,3390,6266,5169,0,0,0,0,0,0,0,0,0,0,0,0,0,0,0,0,0,0,0,0,80856,295,203,259,19527,400,164,175,1090,5514,13435,3589,16762,196,333,188,187,434,720,888,0,0,0,0,0,0,0,0,0,0,0,0,0,0,0,0,0,0,0,0,0,0,0,0,0,0,0,0,0,0,0,0,0,0,0,0,0,0,0,0,0,0,0,0,0,0,0,0,0,0,0,0,0,0,0,0,0,0,0,0
1781124960.001784,1784,ubuntu-rog,1,0,0,20,1,335509206,252625,5703307,39915255862,123169,0,145224,0,0,0,7711845540,5631133808,3015426,2,0,3636805895,1,1,1,1,1,1,1,1,1,1,1,1,1,1,1,1,1,1,1,1,19309765,16774644,16773245,16642665,16683501,16712950,16753385,16701302,16578598,16537356,16644397,16896385,16849450,16588414,16596112,16570257,16613964,16517697,16455796,16309313,10915,9904,10736,12889,20452,13997,10765,17680,14412,15613,8564,10955,12243,10504,16066,10253,10437,12209,11119,12904,302207,227506,156125,275818,278051,276208,278355,300781,409364,390933,396825,385189,337702,256630,231850,222474,208333,231658,321186,216104,1993009085,1996121940,1996187751,1995930818,1995821659,1995818599,1995794898,1995857390,1995762733,1995163167,1995556297,1995435683,1995558841,1996049165,1996087873,1996134496,1996132181,1996244467,1996193475,1996395335,4732,4787,3513,5930,6796,7774,4927,5455,7351,8774,5841,8992,8618,6152,6404,7056,5235,3390,6266,5169,0,0,0,0,0,0,0,0,0,0,0,0,0,0,0,0,0,0,0,0,80856,295,203,259,19527,400,164,175,1090,5514,13435,3589,16762,196,333,188,187,434,720,888,0,0,0,0,0,0,0,0,0,0,0,0,0,0,0,0,0,0,0,0,0,0,0,0,0,0,0,0,0,0,0,0,0,0,0,0,0,0,0,0,0,0,0,0,0,0,0,0,0,0,0,0,0,0,0,0,0,0,0,0
1781124961.002629,2629,ubuntu-rog,1,0,0,20,1,335509207,252625,5703308,39915257861,123169,0,145224,0,0,0,7711845892,5631134243,3015426,1,0,3636806178,1,1,1,1,1,1,1,1,1,1,1,1,1,1,1,1,1,1,1,1,19309765,16774644,16773245,16642665,16683501,16712950,16753385,16701302,16578598,16537356,16644397,16896385,16849450,16588414,16596112,16570257,16613964,16517697,16455796,16309313,10915,9904,10736,12889,20452,13997,10765,17680,14412,15613,8564,10955,12243,10504,16066,10253,10437,12209,11119,12904,302207,227506,156125,275818,278051,276208,278356,300781,409364,390933,396825,385189,337702,256630,231851,222474,208333,231658,321186,216104,1993009185,1996122040,1996187851,1995930918,1995821759,1995818699,1995794998,1995857490,1995762833,1995163267,1995556397,1995435783,1995558941,1996049265,1996087973,1996134595,1996132282,1996244567,1996193575,1996395435,4732,4787,3513,5930,6796,7774,4927,5455,7351,8774,5841,8992,8618,6152,6404,7056,5235,3390,6266,5169,0,0,0,0,0,0,0,0,0,0,0,0,0,0,0,0,0,0,0,0,80856,295,203,259,19527,400,164,175,1090,5514,13435,3589,16762,196,333,188,187,434,720,888,0,0,0,0,0,0,0,0,0,0,0,0,0,0,0,0,0,0,0,0,0,0,0,0,0,0,0,0,0,0,0,0,0,0,0,0,0,0,0,0,0,0,0,0,0,0,0,0,0,0,0,0,0,0,0,0,0,0,0,0
1781124962.001927,1927,ubuntu-rog,1,0,0,20,1,335509207,252625,5703309,39915259858,123169,0,145224,0,0,0,7711846164,5631134562,3015426,1,0,3636806409,1,1,1,1,1,1,1,1,1,1,1,1,1,1,1,1,1,1,1,1,19309765,16774644,16773245,16642665,16683501,16712950,16753385,16701302,16578598,16537356,16644397,16896385,16849450,16588414,16596112,16570257,16613964,16517697,16455796,16309313,10915,9904,10736,12889,20452,13997,10765,17680,14412,15613,8564,10955,12243,10504,16066,10253,10437,12209,11119,12904,302207,227506,156125,275818,278051,276208,278356,300781,409364,390933,396825,385189,337702,256630,231851,222474,208333,231658,321186,216104,1993009285,1996122140,1996187951,1995931018,1995821859,1995818799,1995795098,1995857589,1995762933,1995163367,1995556496,1995435883,1995559041,1996049365,1996088073,1996134695,1996132381,1996244667,1996193675,1996395535,4732,4787,3513,5930,6796,7774,4927,5455,7351,8774,5841,8992,8618,6152,6404,7056,5235,3390,6266,5169,0,0,0,0,0,0,0,0,0,0,0,0,0,0,0,0,0,0,0,0,80856,295,203,259,19527,400,164,175,1090,5514,13435,3589,16762,196,333,188,187,434,720,888,0,0,0,0,0,0,0,0,0,0,0,0,0,0,0,0,0,0,0,0,0,0,0,0,0,0,0,0,0,0,0,0,0,0,0,0,0,0,0,0,0,0,0,0,0,0,0,0,0,0,0,0,0,0,0,0,0,0,0,0
1781124963.001780,1780,ubuntu-rog,1,0,0,20,1,335509208,252625,5703309,39915261856,123169,0,145224,0,0,0,7711846415,5631134891,3015426,1,0,3636806620,1,1,1,1,1,1,1,1,1,1,1,1,1,1,1,1,1,1,1,1,19309765,16774644,16773245,16642665,16683501,16712950,16753386,16701302,16578598,16537356,16644397,16896385,16849450,16588414,16596112,16570257,16613964,16517697,16455796,16309313,10915,9904,10736,12889,20452,13997,10765,17680,14412,15613,8564,10955,12243,10504,16066,10253,10437,12209,11119,12904,302207,227506,156125,275818,278051,276208,278356,300781,409364,390933,396825,385189,337702,256630,231851,222474,208333,231658,321186,216104,1993009385,1996122240,1996188050,1995931118,1995821959,1995818899,1995795197,1995857689,1995763033,1995163467,1995556596,1995435983,1995559141,1996049465,1996088173,1996134795,1996132481,1996244767,1996193775,1996395635,4732,4787,3513,5930,6796,7774,4927,5455,7351,8774,5841,8992,8618,6152,6404,7056,5235,3390,6266,5169,0,0,0,0,0,0,0,0,0,0,0,0,0,0,0,0,0,0,0,0,80856,295,203,259,19527,400,164,175,1090,5514,13435,3589,16762,196,333,188,187,434,720,888,0,0,0,0,0,0,0,0,0,0,0,0,0,0,0,0,0,0,0,0,0,0,0,0,0,0,0,0,0,0,0,0,0,0,0,0,0,0,0,0,0,0,0,0,0,0,0,0,0,0,0,0,0,0,0,0,0,0,0,0
1781124964.001537,1537,ubuntu-rog,1,0,0,20,1,335509208,252625,5703310,39915263854,123169,0,145224,0,0,0,7711846675,5631135225,3015426,1,0,3636806848,1,1,1,1,1,1,1,1,1,1,1,1,1,1,1,1,1,1,1,1,19309765,16774644,16773245,16642665,16683501,16712950,16753386,16701302,16578598,16537356,16644397,16896385,16849450,16588414,16596112,16570258,16613964,16517697,16455796,16309313,10915,9904,10736,12889,20452,13997,10765,17680,14412,15613,8564,10955,12243,10504,16066,10253,10437,12209,11119,12904,302207,227506,156125,275818,278051,276208,278356,300781,409364,390933,396825,385189,337702,256630,231851,222474,208333,231658,321186,216104,1993009485,1996122340,1996188150,1995931218,1995822059,1995818999,1995795297,1995857789,1995763133,1995163566,1995556696,1995436083,1995559241,1996049565,1996088273,1996134895,1996132581,1996244867,1996193875,1996395735,4732,4787,3513,5930,6796,7774,4927,5455,7351,8774,5841,8992,8618,6152,6404,7056,5235,3390,6266,5169,0,0,0,0,0,0,0,0,0,0,0,0,0,0,0,0,0,0,0,0,80856,295,203,259,19527,400,164,175,1090,5514,13435,3589,16762,196,333,188,187,434,720,888,0,0,0,0,0,0,0,0,0,0,0,0,0,0,0,0,0,0,0,0,0,0,0,0,0,0,0,0,0,0,0,0,0,0,0,0,0,0,0,0,0,0,0,0,0,0,0,0,0,0,0,0,0,0,0,0,0,0,0,0
1781124965.002533,2533,ubuntu-rog,1,0,0,20,1,335509209,252625,5703310,39915265854,123169,0,145224,0,0,0,7711846992,5631135639,3015426,1,0,3636807117,1,1,1,1,1,1,1,1,1,1,1,1,1,1,1,1,1,1,1,1,19309765,16774644,16773245,16642665,16683501,16712950,16753386,16701302,16578599,16537356,16644397,16896385,16849450,16588414,16596112,16570258,16613964,16517697,16455796,16309313,10915,9904,10736,12889,20452,13997,10765,17680,14412,15613,8564,10955,12243,10504,16066,10253,10437,12209,11119,12904,302207,227506,156125,275818,278051,276208,278356,300781,409364,390933,396825,385189,337702,256630,231851,222475,208333,231658,321186,216104,1993009585,1996122440,1996188250,1995931318,1995822159,1995819099,1995795397,1995857889,1995763232,1995163666,1995556796,1995436183,1995559340,1996049664,1996088373,1996134994,1996132681,1996244967,1996193975,1996395835,4732,4787,3513,5930,6796,7774,4927,5455,7351,8774,5841,8992,8618,6152,6404,7056,5235,3390,6266,5169,0,0,0,0,0,0,0,0,0,0,0,0,0,0,0,0,0,0,0,0,80856,295,203,259,19527,400,164,175,1090,5514,13435,3589,16762,196,333,188,187,434,720,888,0,0,0,0,0,0,0,0,0,0,0,0,0,0,0,0,0,0,0,0,0,0,0,0,0,0,0,0,0,0,0,0,0,0,0,0,0,0,0,0,0,0,0,0,0,0,0,0,0,0,0,0,0,0,0,0,0,0,0,0
1781124966.002381,2381,ubuntu-rog,1,0,0,20,1,335509209,252625,5703311,39915267852,123169,0,145224,0,0,0,7711847277,5631136005,3015426,1,0,3636807378,1,1,1,1,1,1,1,1,1,1,1,1,1,1,1,1,1,1,1,1,19309765,16774644,16773245,16642665,16683501,16712950,16753386,16701302,16578599,16537356,16644397,16896385,16849450,16588414,16596112,16570258,16613964,16517697,16455796,16309313,10915,9904,10736,12889,20452,13997,10765,17680,14412,15613,8564,10955,12243,10504,16066,10253,10437,12209,11119,12904,302207,227506,156125,275818,278051,276208,278356,300781,409364,390933,396825,385189,337702,256631,231851,222475,208333,231658,321186,216104,1993009685,1996122540,1996188350,1995931418,1995822259,1995819199,1995795497,1995857989,1995763332,1995163766,1995556896,1995436283,1995559440,1996049764,1996088473,1996135094,1996132781,1996245067,1996194075,1996395935,4732,4787,3513,5930,6796,7774,4927,5455,7351,8774,5841,8992,8618,6152,6404,7056,5235,3390,6266,5169,0,0,0,0,0,0,0,0,0,0,0,0,0,0,0,0,0,0,0,0,80856,295,203,259,19527,400,164,175,1090,5514,13435,3589,16762,196,333,188,187,434,720,888,0,0,0,0,0,0,0,0,0,0,0,0,0,0,0,0,0,0,0,0,0,0,0,0,0,0,0,0,0,0,0,0,0,0,0,0,0,0,0,0,0,0,0,0,0,0,0,0,0,0,0,0,0,0,0,0,0,0,0,0
1781124967.001686,1686,ubuntu-rog,1,0,0,20,1,335509210,252625,5703312,39915269848,123170,0,145224,0,0,0,7711847627,5631136402,3015426,1,0,3636807668,1,1,1,1,1,1,1,1,1,1,1,1,1,1,1,1,1,1,1,1,19309765,16774644,16773245,16642665,16683501,16712950,16753386,16701302,16578599,16537356,16644398,16896385,16849450,16588414,16596112,16570258,16613964,16517697,16455796,16309313,10915,9904,10736,12889,20452,13997,10765,17680,14412,15613,8564,10955,12243,10504,16066,10253,10437,12209,11119,12904,302207,227506,156125,275818,278051,276208,278356,300781,409364,390933,396825,385189,337703,256631,231851,222475,208333,231658,321186,216104,1993009784,1996122640,1996188450,1995931517,1995822359,1995819299,1995795597,1995858089,1995763432,1995163866,1995556996,1995436383,1995559540,1996049864,1996088573,1996135193,1996132881,1996245167,1996194175,1996396035,4732,4787,3513,5930,6796,7774,4927,5455,7351,8774,5841,8992,8618,6152,6404,7056,5235,3390,6266,5169,0,0,0,0,0,0,0,0,0,0,0,0,0,0,0,0,0,0,0,0,80856,295,203,259,19527,400,164,175,1090,5514,13435,3589,16762,196,333,188,187,434,720,888,0,0,0,0,0,0,0,0,0,0,0,0,0,0,0,0,0,0,0,0,0,0,0,0,0,0,0,0,0,0,0,0,0,0,0,0,0,0,0,0,0,0,0,0,0,0,0,0,0,0,0,0,0,0,0,0,0,0,0,0
1781124968.001538,1538,ubuntu-rog,1,0,0,20,1,335509210,252625,5703312,39915271846,123170,0,145224,0,0,0,7711847931,5631136776,3015426,1,0,3636807926,1,1,1,1,1,1,1,1,1,1,1,1,1,1,1,1,1,1,1,1,19309765,16774644,16773245,16642665,16683501,16712950,16753386,16701302,16578599,16537356,16644398,16896385,16849450,16588414,16596112,16570258,16613964,16517697,16455796,16309313,10915,9904,10736,12889,20452,13997,10765,17680,14412,15613,8564,10955,12243,10504,16066,10253,10437,12209,11119,12904,302207,227506,156125,275818,278051,276208,278356,300781,409364,390933,396825,385189,337703,256631,231851,222475,208333,231658,321186,216104,1993009884,1996122740,1996188550,1995931617,1995822459,1995819398,1995795696,1995858189,1995763532,1995163966,1995557095,1995436483,1995559640,1996049964,1996088673,1996135293,1996132981,1996245267,1996194275,1996396135,4732,4787,3513,5930,6796,7774,4927,5455,7351,8774,5841,8992,8618,6152,6404,7056,5235,3390,6266,5169,0,0,0,0,0,0,0,0,0,0,0,0,0,0,0,0,0,0,0,0,80856,295,203,259,19527,400,164,175,1090,5514,13435,3589,16762,196,333,188,187,434,720,888,0,0,0,0,0,0,0,0,0,0,0,0,0,0,0,0,0,0,0,0,0,0,0,0,0,0,0,0,0,0,0,0,0,0,0,0,0,0,0,0,0,0,0,0,0,0,0,0,0,0,0,0,0,0,0,0,0,0,0,0
1781124969.002314,2314,ubuntu-rog,1,0,0,20,1,335509211,252625,5703313,39915273846,123170,0,145224,0,0,0,7711848238,5631137148,3015426,2,0,3636808171,1,1,1,1,1,1,1,1,1,1,1,1,1,1,1,1,1,1,1,1,19309765,16774644,16773245,16642665,16683501,16712950,16753386,16701302,16578599,16537356,16644398,16896385,16849450,16588414,16596112,16570259,16613964,16517697,16455796,16309313,10915,9904,10736,12889,20452,13997,10765,17680,14412,15613,8564,10955,12243,10504,16066,10253,10437,12209,11119,12904,302207,227506,156125,275818,278051,276208,278356,300781,409365,390933,396825,385189,337703,256631,231851,222475,208333,231658,321186,216104,1993009984,1996122840,1996188650,1995931718,1995822559,1995819498,1995795796,1995858289,1995763632,1995164066,1995557195,1995436583,1995559740,1996050064,1996088773,1996135393,1996133081,1996245367,1996194375,1996396235,4732,4787,3513,5930,6796,7774,4927,5455,7351,8774,5841,8992,8618,6152,6404,7056,5235,3390,6266,5169,0,0,0,0,0,0,0,0,0,0,0,0,0,0,0,0,0,0,0,0,80856,295,203,259,19527,400,164,175,1090,5514,13435,3589,16762,196,333,188,187,434,720,888,0,0,0,0,0,0,0,0,0,0,0,0,0,0,0,0,0,0,0,0,0,0,0,0,0,0,0,0,0,0,0,0,0,0,0,0,0,0,0,0,0,0,0,0,0,0,0,0,0,0,0,0,0,0,0,0,0,0,0,0
1781124970.002319,2319,ubuntu-rog,1,0,0,20,1,335509211,252625,5703313,39915275844,123170,0,145224,0,0,0,7711848561,5631137549,3015426,1,0,3636808442,1,1,1,1,1,1,1,1,1,1,1,1,1,1,1,1,1,1,1,1,19309765,16774644,16773245,16642665,16683501,16712950,16753386,16701302,16578599,16537356,16644398,16896385,16849450,16588414,16596112,16570259,16613964,16517697,16455796,16309313,10915,9904,10736,12889,20452,13997,10765,17680,14412,15613,8564,10955,12243,10504,16066,10253,10437,12209,11119,12904,302207,227506,156125,275818,278051,276208,278356,300781,409365,390933,396825,385189,337703,256631,231851,222475,208333,231658,321186,216104,1993010084,1996122940,1996188750,1995931818,1995822659,1995819598,1995795896,1995858389,1995763731,1995164165,1995557295,1995436683,1995559840,1996050164,1996088873,1996135492,1996133181,1996245467,1996194475,1996396335,4732,4787,3513,5930,6796,7774,4927,5455,7351,8774,5841,8992,8618,6152,6404,7056,5235,3390,6266,5169,0,0,0,0,0,0,0,0,0,0,0,0,0,0,0,0,0,0,0,0,80856,295,203,259,19527,400,164,175,1090,5514,13435,3589,16762,196,333,188,187,434,720,888,0,0,0,0,0,0,0,0,0,0,0,0,0,0,0,0,0,0,0,0,0,0,0,0,0,0,0,0,0,0,0,0,0,0,0,0,0,0,0,0,0,0,0,0,0,0,0,0,0,0,0,0,0,0,0,0,0,0,0,0
1781124971.002205,2205,ubuntu-rog,1,0,0,20,1,335509213,252625,5703314,39915277840,123170,0,145224,0,0,