#Time,Time_usec,ProducerName,component_id,job_id,app_id,MemTotal,MemFree,MemAvailable,Buffers,Cached,SwapCached,Active,Inactive,Active(anon),Inactive(anon),Active(file),Inactive(file),Unevictable,Mlocked,SwapTotal,SwapFree,Zswap,Zswapped,Dirty,Writeback,AnonPages,Mapped,Shmem,KReclaimable,Slab,SReclaimable,SUnreclaim,KernelStack,PageTables,SecPageTables,NFS_Unstable,Bounce,WritebackTmp,CommitLimit,Committed_AS,VmallocTotal,VmallocUsed,VmallocChunk,Percpu,HardwareCorrupted,AnonHugePages,ShmemHugePages,ShmemPmdMapped,FileHugePages,FilePmdMapped,Unaccepted,HugePages_Total,HugePages_Free,HugePages_Rsvd,HugePages_Surp,Hugepagesize,Hugetlb,DirectMap4k,DirectMap2M,DirectMap1G
1777067238.001227,1227,ubuntu-rog,1,0,0,65683160,35864096,59877056,282472,22640556,0,5198372,21137896,3414016,25264,1784356,21112632,0,0,8388604,8388604,0,0,380,0,3413980,418784,26088,1846632,2523240,1846632,676608,15392,49496,0,0,0,0,41230184,6865880,34359738367,87484,0,83280,0,0,0,0,0,0,0,0,0,0,0,2048,0,1493776,27707392,38797312
1777067239.001437,1437,ubuntu-rog,1,0,0,65683160,33436568,57449540,282496,22640568,0,7625812,21137908,5841456,25264,1784356,21112644,0,0,8388604,8388604,0,0,420,0,5841276,418784,26088,1846632,2523240,1846632,676608,15392,53976,0,0,0,0,41230184,9347072,34359738367,87484,0,83280,0,0,0,0,0,0,0,0,0,0,0,2048,0,1493776,27707392,38797312
1777067240.001732,1732,ubuntu-rog,1,0,0,65683160,32815544,56828516,282504,22640560,0,8231344,21137908,6446988,25264,1784356,21112644,0,0,8388604,8388604,0,0,420,0,6446856,418784,26088,1846632,2523240,1846632,676608,15392,55460,0,0,0,0,41230184,9898448,34359738367,87484,0,83280,0,0,0,0,0,0,0,0,0,0,0,2048,0,1493776,27707392,38797312
1777067241.001850,1850,ubuntu-rog,1,0,0,65683160,32815544,56828516,282504,22640568,0,8231352,21137908,6446996,25264,1784356,21112644,0,0,8388604,8388604,0,0,420,0,6446856,418968,26088,1846632,2523200,1846632,676568,15392,55460,0,0,0,0,41230184,9898448,34359738367,87484,0,83280,0,0,0,0,0,0,0,0,0,0,0,2048,0,1493776,27707392,38797312
1777067242.002065,2065,ubuntu-rog,1,0,0,65683160,32815544,56828516,282504,22640572,0,8231352,21137908,6446996,25264,1784356,21112644,0,0,8388604,8388604,0,0,428,0,6446856,418968,26088,1846632,2523200,1846632,676568,15392,55460,0,0,0,0,41230184,9898448,34359738367,87484,0,83280,0,0,0,0,0,0,0,0,0,0,0,2048,0,1493776,27707392,38797312
1777067243.001121,1121,ubuntu-rog,1,0,0,65683160,32815544,56828516,282504,22640572,0,8231352,21137908,6446996,25264,1784356,21112644,0,0,8388604,8388604,0,0,428,0,6446856,418968,26088,1846632,2523196,1846632,676564,15392,55460,0,0,0,0,41230184,9898448,34359738367,87484,0,83280,0,0,0,0,0,0,0,0,0,0,0,2048,0,1493776,27707392,38797312
1777067244.001281,1281,ubuntu-rog,1,0,0,65683160,32815544,56828516,282504,22640576,0,8231352,21137908,6446996,25264,1784356,21112644,0,0,8388604,8388604,0,0,436,0,6446856,418968,26088,1846632,2523196,1846632,676564,15392,55460,0,0,0,0,41230184,9898448,34359738367,87484,0,83280,0,0,0,0,0,0,0,0,0,0,0,2048,0,1493776,27707392,38797312
1777067245.001556,1556,ubuntu-rog,1,0,0,65683160,32815544,56828516,282504,22640580,0,8231352,21137908,6446996,25264,1784356,21112644,0,0,8388604,8388604,0,0,440,0,6446872,418968,26088,1846632,2523196,1846632,676564,15392,55460,0,0,0,0,41230184,9898448,34359738367,87484,0,83280,0,0,0,0,0,0,0,0,0,0,0,2048,0,1493776,27707392,38797312
1777067246.002216,2216,ubuntu-rog,1,0,0,65683160,33613416,57626456,282512,22640580,0,7208588,21137976,5424232,25264,1784356,21112712,0,0,8388604,8388604,0,0,444,0,5427040,418968,26088,1846632,2523196,1846632,676564,15392,53072,0,0,0,0,41230184,8880256,34359738367,87484,0,83280,0,0,0,0,0,0,0,0,0,0,0,2048,0,1493776,27707392,38797312
1777067247.001297,1297,ubuntu-rog,1,0,0,65683160,34109272,58122312,282512,22640580,0,6821564,21137976,5037208,25264,1784356,21112712,0,0,8388604,8388604,0,0,444,0,5037556,418968,26088,1846632,2523196,1846632,676564,15408,52724,0,0,0,0,41230184,8488988,34359738367,87484,0,83280,0,0,0,0,0,0,0,0,0,0,0,2048,0,1493776,27707392,38797312
1777067248.001053,1053,ubuntu-rog,1,0,0,65683160,33050476,57063516,282512,22640580,0,7997584,21137976,6213228,25264,1784356,21112712,0,0,8388604,8388604,0,0,444,0,6213620,419032,26088,1846632,2523196,1846632,676564,15408,55012,0,0,0,0,41230184,9665152,34359738367,87484,0,83280,0,0,0,0,0,0,0,0,0,0,0,2048,0,1493776,27707392,38797312
1777067249.001064,1064,ubuntu-rog,1,0,0,65683160,33050476,57063516,282512,22640588,0,7997644,21137976,6213288,25264,1784356,21112712,0,0,8388604,8388604,0,0,244,0,6213620,419032,26088,1846632,2523196,1846632,676564,15408,55012,0,0,0,0,41230184,9665152,34359738367,87484,0,83280,0,0,0,0,0,0,0,0,0,0,0,2048,0,1493776,27707392,38797312
1777067250.002304,2304,ubuntu-rog,1,0,0,65683160,33050476,57063516,282512,22640588,0,7997644,21137976,6213288,25264,1784356,21112712,0,0,8388604,8388604,0,0,244,0,6213620,419032,26088,1846632,2523196,1846632,676564,15408,55012,0,0,0,0,41230184,9665152,34359738367,87484,0,83280,0,0,0,0,0,0,0,0,0,0,0,2048,0,1493776,27707392,38797312
1777067251.001209,1209,ubuntu-rog,1,0,0,65683160,33050476,57063516,282520,22640592,0,7997644,21137976,6213288,25264,1784356,21112712,0,0,8388604,8388604,0,0,260,0,6213620,419032,26088,1846632,2523196,1846632,676564,15408,55012,0,0,0,0,41230184,9665152,34359738367,87484,0,83280,0,0,0,0,0,0,0,0,0,0,0,2048,0,1493776,27707392,38797312
1777067252.001308,1308,ubuntu-rog,1,0,0,65683160,33050476,57063516,282520,22640596,0,7997644,21137976,6213288,25264,1784356,21112712,0,0,8388604,8388604,0,0,264,0,6213620,419032,26088,1846632,2523196,1846632,676564,15408,55012,0,0,0,0,41230184,9665152,34359738367,87484,0,83280,0,0,0,0,0,0,0,0,0,0,0,2048,0,1493776,27707392,38797312
1777067253.001059,1059,ubuntu-rog,1,0,0,65683160,33050476,57063516,282520,22640596,0,7997644,21137976,6213288,25264,1784356,21112712,0,0,8388604,8388604,0,0,264,0,6213620,419032,26088,1846632,2523196,1846632,676564,15408,55012,0,0,0,0,41230184,9665152,34359738367,87484,0,83280,0,0,0,0,0,0,0,0,0,0,0,2048,0,1493776,27707392,38797312
1777067254.002060,2060,ubuntu-rog,1,0,0,65683160,33050476,57063516,282520,22640596,0,7997644,21137976,6213288,25264,1784356,21112712,0,0,8388604,8388604,0,0,264,0,6213620,419032,26088,1846632,2523196,1846632,676564,15408,55012,0,0,0,0,41230184,9665152,34359738367,87484,0,83280,0,0,0,0,0,0,0,0,0,0,0,2048,0,1493776,27707392,38797312
1777067255.001309,1309,ubuntu-rog,1,0,0,65683160,33050476,57063516,282520,22640600,0,7997644,21137976,6213288,25264,1784356,21112712,0,0,8388604,8388604,0,0,268,0,6213620,419032,26088,1846632,2523196,1846632,676564,15408,55012,0,0,0,0,41230184,9665152,34359738367,87484,0,83280,0,0,0,0,0,0,0,0,0,0,0,2048,0,1493776,27707392,38797312
1777067256.001206,1206,ubuntu-rog,1,0,0,65683160,33050476,57063540,282528,22640604,0,7997744,21138000,6213388,25264,1784356,21112736,0,0,8388604,8388604,0,0,272,0,6213620,419032,26088,1846632,2523196,1846632,676564,15408,55012,0,0,0,0,41230184,9665152,34359738367,87484,0,83280,0,0,0,0,0,0,0,0,0,0,0,2048,0,1493776,27707392,38797312
1777067257.001310,1310,ubuntu-rog,1,0,0,65683160,33050476,57063540,282528,22640604,0,7997744,21138000,6213388,25264,1784356,21112736,0,0,8388604,8388604,0,0,272,0,6213620,419032,26088,1846632,2523196,1846632,676564,15408,55012,0,0,0,0,41230184,9665152,34359738367,87484,0,83280,0,0,0,0,0,0,0,0,0,0,0,2048,0,1493776,27707392,38797312
1777067258.002057,2057,ubuntu-rog,1,0,0,65683160,33050476,57063540,282528,22640604,0,7997744,21138000,6213388,25264,1784356,21112736,0,0,8388604,8388604,0,0,272,0,6213620,419032,26088,1846632,2523196,1846632,676564,15408,55012,0,0,0,0,41230184,9665152,34359738367,87484,0,83280,0,0,0,0,0,0,0,0,0,0,0,2048,0,1493776,27707392,38797312
1777067259.001062,1062,ubuntu-rog,1,0,0,65683160,33050476,57063540,282528,22640608,0,7997744,21138000,6213388,25264,1784356,21112736,0,0,8388604,8388604,0,0,276,0,6213620,419032,26088,1846632,2523196,1846632,676564,15408,55012,0,0,0,0,41230184,9665152,34359738367,87484,0,83280,0,0,0,0,0,0,0,0,0,0,0,2048,0,1493776,27707392,38797312
1777067260.001307,1307,ubuntu-rog,1,0,0,65683160,33050476,57063540,282528,22640612,0,7997744,21138000,6213388,25264,1784356,21112736,0,0,8388604,8388604,0,0,280,0,6213620,419032,26088,1846632,2523196,1846632,676564,15408,55012,0,0,0,0,41230184,9665152,34359738367,87484,0,83280,0,0,0,0,0,0,0,0,0,0,0,2048,0,1493776,27707392,38797312
1777067261.001207,1207,ubuntu-rog,1,0,0,65683160,33050476,57063540,282536,22640604,0,7997744,21138000,6213388,25264,1784356,21112736,0,0,8388604,8388604,0,0,280,0,6213620,419032,26088,1846632,2523196,1846632,676564,15408,55012,0,0,0,0,41230184,9665152,34359738367,87484,0,83280,0,0,0,0,0,0,0,0,0,0,0,2048,0,1493776,27707392,38797312
1777067262.002304,2304,ubuntu-rog,1,0,0,65683160,33050476,57063540,282536,22640612,0,7997744,21138000,6213388,25264,1784356,21112736,0,0,8388604,8388604,0,0,280,0,6213620,419032,26088,1846632,2523196,1846632,676564,15408,55012,0,0,0,0,41230184,9665152,34359738367,87484,0,83280,0,0,0,0,0,0,0,0,0,0,0,2048,0,1493776,27707392,38797312
1777067263.001062,1062,ubuntu-rog,1,0,0,65683160,33050476,57063540,282536,22640620,0,7997744,21138000,6213388,25264,1784356,21112736,0,0,8388604,8388604,0,0,264,0,6213620,419032,26088,1846632,2523196,1846632,676564,15408,55012,0,0,0,0,41230184,9665152,34359738367,87484,0,83280,0,0,0,0,0,0,0,0,0,0,0,2048,0,1493776,27707392,38797312
1777067264.001067,1067,ubuntu-rog,1,0,0,65683160,33051284,57064348,282536,22640620,0,7997744,21138000,6213388,25264,1784356,21112736,0,0,8388604,8388604,0,0,264,0,6213620,419032,26088,1846632,2523196,1846632,676564,15408,55012,0,0,0,0,41230184,9665276,34359738367,87484,0,83280,0,0,0,0,0,0,0,0,0,0,0,2048,0,1493776,27707392,38797312
1777067265.001312,1312,ubuntu-rog,1,0,0,65683160,33053820,57066884,282536,22640620,0,7997924,21138000,6213568,25264,1784356,21112736,0,0,8388604,8388604,0,0,264,0,6213784,419032,26088,1846632,2523196,1846632,676564,15408,55012,0,0,0,0,41230184,9665304,34359738367,87484,0,83280,0,0,0,0,0,0,0,0,0,0,0,2048,0,1493776,27707392,38797312
1777067266.002202,2202,ubuntu-rog,1,0,0,65683160,33056424,57069488,282536,22640628,0,7997924,21138000,6213568,25264,1784356,21112736,0,0,8388604,8388604,0,0,272,0,6213784,419032,26088,1846632,2523184,1846632,676552,15408,55012,0,0,0,0,41230184,9665304,34359738367,87484,0,83280,0,0,0,0,0,0,0,0,0,0,0,2048,0,1493776,27707392,38797312
1777067267.001311,1311,ubuntu-rog,1,0,0,65683160,33057548,57070632,282544,22640628,0,7998092,21138020,6213736,25264,1784356,21112756,0,0,8388604,8388604,0,0,180,0,6213784,419032,26088,1846632,2523184,1846632,676552,15408,55012,0,0,0,0,41230184,9665304,34359738367,87484,0,83280,0,0,0,0,0,0,0,0,0,0,0,2048,0,1493776,27707392,38797312
1777067268.001061,1061,ubuntu-rog,1,0,0,65683160,33057904,57070988,282544,22640628,0,7998108,21138020,6213752,25264,1784356,21112756,0,0,8388604,8388604,0,0,104,0,6213784,419032,26088,1846632,2523184,1846632,676552,15408,55012,0,0,0,0,41230184,9665304,34359738367,87484,0,83280,0,0,0,0,0,0,0,0,0,0,0,2048,0,1493776,27707392,38797312
1777067269.001061,1061,ubuntu-rog,1,0,0,65683160,33057904,57070988,282544,22640628,0,7998108,21138020,6213752,25264,1784356,21112756,0,0,8388604,8388604,0,0,104,0,6213784,419032,26088,1846632,2523176,1846632,676544,15408,55012,0,0,0,0,41230184,9665304,34359738367,87484,0,83280,0,0,0,0,0,0,0,0,0,0,0,2048,0,1493776,27707392,38797312
1777067270.002302,2302,ubuntu-rog,1,0,0,65683160,33057904,57070988,282544,22640632,0,7998108,21138020,6213752,25264,1784356,21112756,0,0,8388604,8388604,0,0,104,0,6213784,419032,26088,1846632,2523176,1846632,676544,15408,55012,0,0,0,0,41230184,9665304,34359738367,87484,0,83280,0,0,0,0,0,0,0,0,0,0,0,2048,0,1493776,27707392,38797312
1777067271.001208,1208,ubuntu-rog,1,0,0,65683160,33057904,57070988,282544,22640632,0,7998108,21138020,6213752,25264,1784356,21112756,0,0,8388604,8388604,0,0,104,0,6213784,419032,26088,1846632,2523176,1846632,676544,15408,55012,0,0,0,0,41230184,9665304,34359738367,87484,0,83280,0,0,0,0,0,0,0,0,0,0,0,2048,0,1493776,27707392,38797312
1777067272.001309,1309,ubuntu-rog,1,0,0,65683160,33057904,57070988,282552,22640628,0,7998108,21138020,6213752,25264,1784356,21112756,0,0,8388604,8388604,0,0,108,0,6213784,419032,26088,1846632,2523176,1846632,676544,15408,55012,0,0,0,0,41230184,9665304,34359738367,87484,0,83280,0,0,0,0,0,0,0,0,0,0,0,2048,0,1493776,27707392,38797312
1777067273.001063,1063,ubuntu-rog,1,0,0,65683160,33057904,57070988,282552,22640640,0,7998108,21138020,6213752,25264,1784356,21112756,0,0,8388604,8388604,0,0,60,0,6213784,419032,26088,1846632,2523176,1846632,676544,15408,55012,0,0,0,0,41230184,9665304,34359738367,87484,0,83280,0,0,0,0,0,0,0,0,0,0,0,2048,0,1493776,27707392,38797312
1777067274.002063,2063,ubuntu-rog,1,0,0,65683160,33057904,57070988,282552,22640640,0,7998108,21138020,6213752,25264,1784356,21112756,0,0,8388604,8388604,0,0,60,0,6213784,419032,26088,1846632,2523176,1846632,676544,15408,55012,0,0,0,0,41230184,9665304,34359738367,87484,0,83280,0,0,0,0,0,0,0,0,0,0,0,2048,0,1493776,27707392,38797312
1777067275.001310,1310,ubuntu-rog,1,0,0,65683160,33057904,57070988,282552,22640644,0,7998212,21138020,6213856,25264,1784356,21112756,0,0,8388604,8388604,0,0,68,0,6213788,419032,26088,1846632,2523176,1846632,676544,15408,55012,0,0,0,0,41230184,9665304,34359738367,87484,0,83280,0,0,0,0,0,0,0,0,0,0,0,2048,0,1493776,27707392,38797312
1777067276.001207,1207,ubuntu-rog,1,0,0,65683160,33058308,57071392,282552,22640644,0,7998212,21138020,6213856,25264,1784356,21112756,0,0,8388604,8388604,0,0,68,0,6213788,419032,26088,1846632,2523176,1846632,676544,15408,55012,0,0,0,0,41230184,9665304,34359738367,87484,0,83280,0,0,0,0,0,0,0,0,0,0,0,2048,0,1493776,27707392,38797312
1777067277.001313,1313,ubuntu-rog,1,0,0,65683160,33059312,57072396,282552,22640652,0,7998212,21138020,6213856,25264,1784356,21112756,0,0,8388604,8388604,0,0,84,0,6213788,419032,26088,1846632,2523176,1846632,676544,15408,55012,0,0,0,0,41230184,9665304,34359738367,87484,0,83280,0,0,0,0,0,0,0,0,0,0,0,2048,0,1493776,27707392,38797312
1777067278.002058,2058,ubuntu-rog,1,0,0,65683160,33059948,57073032,282560,22640652,0,7998212,21138020,6213856,25264,1784356,21112756,0,0,8388604,8388604,0,0,84,0,6213788,419032,26088,1846632,2523176,1846632,676544,15408,55012,0,0,0,0,41230184,9665304,34359738367,87484,0,83280,0,0,0,0,0,0,0,0,0,0,0,2048,0,1493776,27707392,38797312
1777067279.001061,1061,ubuntu-rog,1,0,0,65683160,33060348,57073432,282560,22640652,0,7998212,21138020,6213856,25264,1784356,21112756,0,0,8388604,8388604,0,0,84,0,6213788,419032,26088,1846632,2523176,1846632,676544,15408,55012,0,0,0,0,41230184,9665304,34359738367,87484,0,83280,0,0,0,0,0,0,0,0,0,0,0,2048,0,1493776,27707392,38797312
1777067280.001304,1304,ubuntu-rog,1,0,0,65683160,33060348,57073432,282560,22640656,0,7998212,21138020,6213856,25264,1784356,21112756,0,0,8388604,8388604,0,0,88,0,6213788,419032,26088,1846632,2523176,1846632,676544,15408,55012,0,0,0,0,41230184,9665304,34359738367,87484,0,83280,0,0,0,0,0,0,0,0,0,0,0,2048,0,1493776,27707392,38797312
1777067281.001206,1206,ubuntu-rog,1,0,0,65683160,33060348,57073432,282560,22640656,0,7998212,21138020,6213856,25264,1784356,21112756,0,0,8388604,8388604,0,0,88,0,6213788,419032,26088,1846632,2523176,1846632,676544,15408,55012,0,0,0,0,41230184,9665304,34359738367,87484,0,83280,0,0,0,0,0,0,0,0,0,0,0,2048,0,1493776,27707392,38797312
1777067282.002305,2305,ubuntu-rog,1,0,0,65683160,33060348,57073436,282560,22640656,0,7998212,21138024,6213856,25264,1784356,21112760,0,0,8388604,8388604,0,0,28,0,6213788,419032,26088,1846632,2523176,1846632,676544,15408,55012,0,0,0,0,41230184,9665304,34359738367,87484,0,83280,0,0,0,0,0,0,0,0,0,0,0,2048,0,1493776,27707392,38797312
1777067283.001057,1057,ubuntu-rog,1,0,0,65683160,33060348,57073436,282568,22640664,0,7998212,21138024,6213856,25264,1784356,21112760,0,0,8388604,8388604,0,0,44,0,6213788,419032,26088,1846632,2523176,1846632,676544,15408,55012,0,0,0,0,41230184,9665304,34359738367,87484,0,83280,0,0,0,0,0,0,0,0,0,0,0,2048,0,1493776,27707392,38797312
1777067284.001059,1059,ubuntu-rog,1,0,0,65683160,33060348,57073436,282568,22640664,0,7998212,21138024,6213856,25264,1784356,21112760,0,0,8388604,8388604,0,0,44,0,6213788,419032,26088,1846632,2523176,1846632,676544,15408,55012,0,0,0,0,41230184,9665304,34359738367,87484,0,83280,0,0,0,0,0,0,0,0,0,0,0,2048,0,1493776,27707392,38797312
1777067285.001299,1299,ubuntu-rog,1,0,0,65683160,33060348,57073436,282568,22640664,0,7998212,21138024,6213856,25264,1784356,21112760,0,0,8388604,8388604,0,0,44,0,6213788,419032,26088,1846632,2523176,1846632,676544,15408,55012,0,0,0,0,41230184,9665304,34359738367,87484,0,83280,0,0,0,0,0,0,0,0,0,0,0,2048,0,1493776,27707392,38797312
1777067286.002196,2196,ubuntu-rog,1,0,0,65683160,33060348,57073436,282568,22640664,0,7998212,21138024,6213856,25264,1784356,21112760,0,0,8388604,8388604,0,0,44,0,6213788,419032,26088,1846632,2523176,1846632,676544,15408,55012,0,0,0,0,41230184,9665304,34359738367,87484,0,83280,0,0,0,0,0,0,0,0,0,0,0,2048,0,1493776,27707392,38797312
1777067287.001303,1303,ubuntu-rog,1,0,0,65683160,33060348,57073436,282568,22640668,0,7998212,21138024,6213856,25264,1784356,21112760,0,0,8388604,8388604,0,0,48,0,6213788,419032,26088,1846632,2523176,1846632,676544,15408,55012,0,0,0,0,41230184,9665304,34359738367,87484,0,83280,0,0,0,0,0,0,0,0,0,0,0,2048,0,1493776,27707392,38797312
1777067288.001057,1057,ubuntu-rog,1,0,0,65683160,33060348,57073436,282576,22640676,0,7998212,21138024,6213856,25264,1784356,21112760,0,0,8388604,8388604,0,0,56,0,6213788,419032,26088,1846632,2523176,1846632,676544,15408,55012,0,0,0,0,41230184,9665304,34359738367,87484,0,83280,0,0,0,0,0,0,0,0,0,0,0,2048,0,1493776,27707392,38797312
1777067289.001061,1061,ubuntu-rog,1,0,0,65683160,33060348,57073436,282576,22640676,0,7998212,21138024,6213856,25264,1784356,21112760,0,0,8388604,8388604,0,0,56,0,6213788,419032,26088,1846632,2523176,1846632,676544,15408,55012,0,0,0,0,41230184,9665304,34359738367,87484,0,83280,0,0,0,0,0,0,0,0,0,0,0,2048,0,1493776,27707392,38797312
1777067290.002296,2296,ubuntu-rog,1,0,0,65683160,33060348,57073436,282576,22640680,0,7998212,21138024,6213856,25264,1784356,21112760,0,0,8388604,8388604,0,0,60,0,6213788,419032,26088,1846632,2523176,1846632,676544,15408,55012,0,0,0,0,41230184,9665304,34359738367,87484,0,83280,0,0,0,0,0,0,0,0,0,0,0,2048,0,1493776,27707392,38797312
1777067291.001203,1203,ubuntu-rog,1,0,0,65683160,33060348,57073436,282576,22640680,0,7998060,21138024,6213704,25264,1784356,21112760,0,0,8388604,8388604,0,0,60,0,6213636,419032,26088,1846632,2523176,1846632,676544,15408,55012,0,0,0,0,41230184,9665152,34359738367,87484,0,83280,0,0,0,0,0,0,0,0,0,0,0,2048,0,1493776,27707392,38797312
1777067292.001300,1300,ubuntu-rog,1,0,0,65683160,33060348,57073436,282576,22640680,0,7998060,21138024,6213704,25264,1784356,21112760,0,0,8388604,8388604,0,0,60,0,6213636,419032,26088,1846632,2523176,1846632,676544,15408,55012,0,0,0,0,41230184,9665152,34359738367,87484,0,83280,0,0,0,0,0,0,0,0,0,0,0,2048,0,1493776,27707392,38797312
1777067293.001379,1379,ubuntu-rog,1,0,0,65683160,33060348,57073436,282576,22640680,0,7998060,21138024,6213704,25264,1784356,21112760,0,0,8388604,8388604,0,0,60,0,6213636,419032,26088,1846632,2523176,1846632,676544,15408,55012,0,0,0,0,41230184,9665152,34359738367,87484,0,83280,0,0,0,0,0,0,0,0,0,0,0,2048,0,1493776,27707392,38797312
1777067294.001586,1586,ubuntu-rog,1,0,0,65683160,29311428,53324516,282584,22640688,0,11738180,21138024,9953824,25264,1784356,21112760,0,0,8388604,8388604,0,0,68,0,9953748,419032,26088,1846632,2523176,1846632,676544,15408,62324,0,0,0,0,41230184,16074808,34359738367,87484,0,83280,0,0,0,0,0,0,0,0,0,0,0,2048,0,1493776,27707392,38797312
1777067295.002249,2249,ubuntu-rog,1,0,0,65683160,27351352,51364440,282584,22640688,0,13305092,21138024,11520736,25264,1784356,21112760,0,0,8388604,8388604,0,0,68,0,11520688,419032,26088,1846632,2523176,1846632,676544,15408,65564,0,0,0,0,41230184,14972068,34359738367,87484,0,83280,0,0,0,0,0,0,0,0,0,0,0,2048,0,1493776,27707392,38797312
1777067296.001206,1206,ubuntu-rog,1,0,0,65683160,27359216,51372304,282584,22640688,0,13305004,21138024,11520648,25264,1784356,21112760,0,0,8388604,8388604,0,0,68,0,11520552,419032,26088,1846632,2523176,1846632,676544,15408,65400,0,0,0,0,41230184,14972068,34359738367,87484,0,83280,0,0,0,0,0,0,0,0,0,0,0,2048,0,1493776,27707392,38797312
1777067297.001314,1314,ubuntu-rog,1,0,0,65683160,27367280,51380368,282584,22640692,0,13305004,21138024,11520648,25264,1784356,21112760,0,0,8388604,8388604,0,0,72,0,11520572,419032,26088,1846632,2523176,1846632,676544,15408,65400,0,0,0,0,41230184,14972068,34359738367,87484,0,83280,0,0,0,0,0,0,0,0,0,0,0,2048,0,1493776,27707392,38797312
1777067298.001062,1062,ubuntu-rog,1,0,0,65683160,27375344,51388432,282584,22640692,0,13305004,21138024,11520648,25264,1784356,21112760,0,0,8388604,8388604,0,0,72,0,11520572,419032,26088,1846632,2523176,1846632,676544,15408,65400,0,0,0,0,41230184,14972068,34359738367,87484,0,83280,0,0,0,0,0,0,0,0,0,0,0,2048,0,1493776,27707392,38797312
1777067299.002058,2058,ubuntu-rog,1,0,0,65683160,27383408,51396496,282592,22640696,0,13305004,21138024,11520648,25264,1784356,21112760,0,0,8388604,8388604,0,0,76,0,11520572,419032,26088,1846632,2523176,1846632,676544,15408,65400,0,0,0,0,41230184,14972068,34359738367,87484,0,83280,0,0,0,0,0,0,0,0,0,0,0,2048,0,1493776,27707392,38797312
1777067300.001306,1306,ubuntu-rog,1,0,0,65683160,27399284,51412372,282592,22640700,0,13305004,21138024,11520648,25264,1784356,21112760,0,0,8388604,8388604,0,0,80,0,11520572,419032,26088,1846632,2523176,1846632,676544,15408,65400,0,0,0,0,41230184,14972068,34359738367,87484,0,83280,0,0,0,0,0,0,0,0,0,0,0,2048,0,1493776,27707392,38797312
1777067301.001206,1206,ubuntu-rog,1,0,0,65683160,27407348,51420436,282592,22640704,0,13305004,21138024,11520648,25264,1784356,21112760,0,0,8388604,8388604,0,0,84,0,11520572,419032,26088,1846632,2523176,1846632,676544,15408,65400,0,0,0,0,41230184,14972068,34359738367,87484,0,83280,0,0,0,0,0,0,0,0,0,0,0,2048,0,1493776,27707392,38797312
1777067302.001303,1303,ubuntu-rog,1,0,0,65683160,27415412,51428500,282592,22640704,0,13305004,21138024,11520648,25264,1784356,21112760,0,0,8388604,8388604,0,0,84,0,11520572,419032,26088,1846632,2523176,1846632,676544,15408,65400,0,0,0,0,41230184,14972068,34359738367,87484,0,83280,0,0,0,0,0,0,0,0,0,0,0,2048,0,1493776,27707392,38797312
1777067303.002056,2056,ubuntu-rog,1,0,0,65683160,27423476,51436564,282592,22640704,0,13305004,21138024,11520648,25264,1784356,21112760,0,0,8388604,8388604,0,0,84,0,11520572,419032,26088,1846632,2523176,1846632,676544,15408,65400,0,0,0,0,41230184,14972068,34359738367,87484,0,83280,0,0,0,0,0,0,0,0,0,0,0,2048,0,1493776,27707392,38797312
1777067304.001060,1060,ubuntu-rog,1,0,0,65683160,27431540,51444628,282600,22640708,0,13305004,21138024,11520648,25264,1784356,21112760,0,0,8388604,8388604,0,0,88,0,11520572,419032,26088,1846632,2523176,1846632,676544,15408,65400,0,0,0,0,41230184,14972068,34359738367,87484,0,83280,0,0,0,0,0,0,0,0,0,0,0,2048,0,1493776,27707392,38797312
1777067305.001304,1304,ubuntu-rog,1,0,0,65683160,27439604,51452692,282600,22640712,0,13305004,21138024,11520648,25264,1784356,21112760,0,0,8388604,8388604,0,0,92,0,11520572,419032,26088,1846632,2523176,1846632,676544,15408,65400,0,0,0,0,41230184,14972068,34359738367,87484,0,83280,0,0,0,0,0,0,0,0,0,0,0,2048,0,1493776,27707392,38797312
1777067306.001204,1204,ubuntu-rog,1,0,0,65683160,27447668,51460812,282600,22640712,0,13305004,21138080,11520648,25264,1784356,21112816,0,0,8388604,8388604,0,0,76,0,11520572,419032,26088,1846632,2523176,1846632,676544,15408,65400,0,0,0,0,41230184,14972068,34359738367,87484,0,83280,0,0,0,0,0,0,0,0,0,0,0,2048,0,1493776,27707392,38797312
1777067307.002304,2304,ubuntu-rog,1,0,0,65683160,27455732,51468876,282600,22640712,0,13305004,21138080,11520648,25264,1784356,21112816,0,0,8388604,8388604,0,0,76,0,11520572,419032,26088,1846632,2523176,1846632,676544,15408,65400,0,0,0,0,41230184,14972068,34359738367,87484,0,83280,0,0,0,0,0,0,0,0,0,0,0,2048,0,1493776,27707392,38797312
1777067308.001061,1061,ubuntu-rog,1,0,0,65683160,27463796,51476940,282600,22640716,0,13305004,21138080,11520648,25264,1784356,21112816,0,0,8388604,8388604,0,0,80,0,11520572,419032,26088,1846632,2523176,1846632,676544,15408,65400,0,0,0,0,41230184,14972068,34359738367,87484,0,83280,0,0,0,0,0,0,0,0,0,0,0,2048,0,1493776,27707392,38797312
1777067309.001062,1062,ubuntu-rog,1,0,0,65683160,27471860,51485004,282608,22640716,0,13305004,21138080,11520648,25264,1784356,21112816,0,0,8388604,8388604,0,0,88,0,11520572,419032,26088,1846632,2523176,1846632,676544,15408,65400,0,0,0,0,41230184,14972068,34359738367,87484,0,83280,0,0,0,0,0,0,0,0,0,0,0,2048,0,1493776,27707392,38797312
1777067310.001301,1301,ubuntu-rog,1,0,0,65683160,27483964,51497108,282608,22640720,0,13305004,21138080,11520648,25264,1784356,21112816,0,0,8388604,8388604,0,0,92,0,11520572,419032,26088,1846632,2523176,1846632,676544,15408,65400,0,0,0,0,41230184,14972068,34359738367,87484,0,83280,0,0,0,0,0,0,0,0,0,0,0,2048,0,1493776,27707392,38797312
1777067311.001603,1603,ubuntu-rog,1,0,0,65683160,27491772,51504916,282608,22640724,0,13305004,21138080,11520648,25264,1784356,21112816,0,0,8388604,8388604,0,0,24,0,11520572,419032,26088,1846632,2523176,1846632,676544,15408,65400,0,0,0,0,41230184,14972068,34359738367,87484,0,83280,0,0,0,0,0,0,0,0,0,0,0,2048,0,1493776,27707392,38797312
1777067312.001310,1310,ubuntu-rog,1,0,0,65683160,27499836,51513104,282608,22640728,0,13305004,21138204,11520648,25264,1784356,21112940,0,0,8388604,8388604,0,0,32,0,11520572,419032,26088,1846632,2523176,1846632,676544,15408,65400,0,0,0,0,41230184,14972068,34359738367,87484,0,83280,0,0,0,0,0,0,0,0,0,0,0,2048,0,1493776,27707392,38797312
1777067313.002058,2058,ubuntu-rog,1,0,0,65683160,27507900,51521168,282608,22640728,0,13305004,21138204,11520648,25264,1784356,21112940,0,0,8388604,8388604,0,0,32,0,11520572,419032,26088,1846632,2523176,1846632,676544,15408,65400,0,0,0,0,41230184,14972068,34359738367,87484,0,83280,0,0,0,0,0,0,0,0,0,0,0,2048,0,1493776,27707392,38797312
1777067314.001062,1062,ubuntu-rog,1,0,0,65683160,27515964,51529232,282608,22640728,0,13305004,21138204,11520648,25264,1784356,21112940,0,0,8388604,8388604,0,0,16,0,11520572,419032,26088,1846632,2523176,1846632,676544,15408,65400,0,0,0,0,41230184,14972068,34359738367,87484,0,83280,0,0,0,0,0,0,0,0,0,0,0,2048,0,1493776,27707392,38797312
1777067315.001301,1301,ubuntu-rog,1,0,0,65683160,27524028,51537296,282616,22640732,0,13305004,21138204,11520648,25264,1784356,21112940,0,0,8388604,8388604,0,0,48,0,11520572,419032,26088,1846632,2523176,1846632,676544,15408,65400,0,0,0,0,41230184,14972068,34359738367,87484,0,83280,0,0,0,0,0,0,0,0,0,0,0,2048,0,1493776,27707392,38797312
1777067316.001201,1201,ubuntu-rog,1,0,0,65683160,27532092,51545360,282616,22640736,0,13305004,21138204,11520648,25264,1784356,21112940,0,0,8388604,8388604,0,0,56,0,11520572,419032,26088,1846632,2523176,1846632,676544,15408,65400,0,0,0,0,41230184,14972068,34359738367,87484,0,83280,0,0,0,0,0,0,0,0,0,0,0,2048,0,1493776,27707392,38797312
1777067317.002301,2301,ubuntu-rog,1,0,0,65683160,27540156,51553424,282616,22640736,0,13305004,21138204,11520648,25264,1784356,21112940,0,0,8388604,8388604,0,0,56,0,11520572,419032,26088,1846632,2523176,1846632,676544,15408,65400,0,0,0,0,41230184,14972068,34359738367,87484,0,83280,0,0,0,0,0,0,0,0,0,0,0,2048,0,1493776,27707392,38797312
1777067318.001060,1060,ubuntu-rog,1,0,0,65683160,27548220,51561488,282616,22640740,0,13305004,21138204,11520648,25264,1784356,21112940,0,0,8388604,8388604,0,0,60,0,11520572,419032,26088,1846632,2523176,1846632,676544,15408,65400,0,0,0,0,41230184,14972068,34359738367,87484,0,83280,0,0,0,0,0,0,0,0,0,0,0,2048,0,1493776,27707392,38797312
1777067319.001060,1060,ubuntu-rog,1,0,0,65683160,27556284,51569552,282616,22640740,0,13305004,21138204,11520648,25264,1784356,21112940,0,0,8388604,8388604,0,0,60,0,11520572,419032,26088,1846632,2523176,1846632,676544,15408,65400,0,0,0,0,41230184,14972068,34359738367,87484,0,83280,0,0,0,0,0,0,0,0,0,0,0,2048,0,1493776,27707392,38797312
1777067320.001301,1301,ubuntu-rog,1,0,0,65683160,27566368,51579636,282624,22640740,0,13305004,21138204,11520648,25264,1784356,21112940,0,0,8388604,8388604,0,0,60,0,11520572,419032,26088,1846632,2523176,1846632,676544,15408,65400,0,0,0,0,41230184,14972068,34359738367,87484,0,83280,0,0,0,0,0,0,0,0,0,0,0,2048,0,1493776,27707392,38797312
1777067321.002201,2201,ubuntu-rog,1,0,0,65683160,27574180,51587448,282624,22640748,0,13305004,21138204,11520648,25264,1784356,21112940,0,0,8388604,8388604,0,0,68,0,11520572,419032,26088,1846632,2523176,1846632,676544,15408,65400,0,0,0,0,41230184,14972068,34359738367,87484,0,83280,0,0,0,0,0,0,0,0,0,0,0,2048,0,1493776,27707392,38797312
1777067322.001304,1304,ubuntu-rog,1,0,0,65683160,27582244,51595512,282624,22640748,0,13305004,21138204,11520648,25264,1784356,21112940,0,0,8388604,8388604,0,0,68,0,11520572,419032,26088,1846632,2523176,1846632,676544,15408,65400,0,0,0,0,41230184,14972068,34359738367,87484,0,83280,0,0,0,0,0,0,0,0,0,0,0,2048,0,1493776,27707392,38797312
1777067323.001061,1061,ubuntu-rog,1,0,0,65683160,27590308,51603576,282624,22640748,0,13305004,21138204,11520648,25264,1784356,21112940,0,0,8388604,8388604,0,0,68,0,11520572,419032,26088,1846632,2523176,1846632,676544,15408,65400,0,0,0,0,41230184,14972068,34359738367,87484,0,83280,0,0,0,0,0,0,0,0,0,0,0,2048,0,1493776,27707392,38797312
1777067324.001059,1059,ubuntu-rog,1,0,0,65683160,27598372,51611640,282624,22640752,0,13305004,21138204,11520648,25264,1784356,21112940,0,0,8388604,8388604,0,0,72,0,11520572,419032,26088,1846632,2523176,1846632,676544,15408,65400,0,0,0,0,41230184,14972068,34359738367,87484,0,83280,0,0,0,0,0,0,0,0,0,0,0,2048,0,1493776,27707392,38797312
1777067325.002300,2300,ubuntu-rog,1,0,0,65683160,27606436,51619704,282624,22640756,0,13305004,21138204,11520648,25264,1784356,21112940,0,0,8388604,8388604,0,0,76,0,11520572,419032,26088,1846632,2523176,1846632,676544,15408,65400,0,0,0,0,41230184,14972068,34359738367,87484,0,83280,0,0,0,0,0,0,0,0,0,0,0,2048,0,1493776,27707392,38797312
1777067326.001207,1207,ubuntu-rog,1,0,0,65683160,27614500,51627768,282632,22640756,0,13305004,21138204,11520648,25264,1784356,21112940,0,0,8388604,8388604,0,0,76,0,11520572,419032,26088,1846632,2523176,1846632,676544,15408,65400,0,0,0,0,41230184,14972068,34359738367,87484,0,83280,0,0,0,0,0,0,0,0,0,0,0,2048,0,1493776,27707392,38797312
1777067327.001308,1308,ubuntu-rog,1,0,0,65683160,27622564,51635832,282632,22640760,0,13305004,21138204,11520648,25264,1784356,21112940,0,0,8388604,8388604,0,0,80,0,11520572,419032,26088,1846632,2523176,1846632,676544,15408,65400,0,0,0,0,41230184,14972068,34359738367,87484,0,83280,0,0,0,0,0,0,0,0,0,0,0,2048,0,1493776,27707392,38797312
1777067328.001058,1058,ubuntu-rog,1,0,0,65683160,27630628,51643896,282632,22640764,0,13305004,21138204,11520648,25264,1784356,21112940,0,0,8388604,8388604,0,0,84,0,11520572,419032,26088,1846632,2523176,1846632,676544,15408,65400,0,0,0,0,41230184,14972068,34359738367,87484,0,83280,0,0,0,0,0,0,0,0,0,0,0,2048,0,1493776,27707392,38797312
1777067329.002058,2058,ubuntu-rog,1,0,0,65683160,27638692,51651960,282632,22640764,0,13305004,21138204,11520648,25264,1784356,21112940,0,0,8388604,8388604,0,0,84,0,11520572,419032,26088,1846632,2523176,1846632,676544,15408,65400,0,0,0,0,41230184,14972068,34359738367,87484,0,83280,0,0,0,0,0,0,0,0,0,0,0,2048,0,1493776,27707392,38797312
1777067330.001306,1306,ubuntu-rog,1,0,0,65683160,27647968,51661236,282632,22640764,0,13305004,21138204,11520648,25264,1784356,21112940,0,0,8388604,8388604,0,0,84,0,11520572,419032,26088,1846632,2523176,1846632,676544,15408,65400,0,0,0,0,41230184,14972068,34359738367,87484,0,83280,0,0,0,0,0,0,0,0,0,0,0,2048,0,1493776,27707392,38797312
1777067331.001203,1203,ubuntu-rog,1,0,0,65683160,27655580,51668848,282640,22640764,0,13305004,21138204,11520648,25264,1784356,21112940,0,0,8388604,8388604,0,0,84,0,11520572,419032,26088,1846632,2523176,1846632,676544,15408,65400,0,0,0,0,41230184,14972068,34359738367,87484,0,83280,0,0,0,0,0,0,0,0,0,0,0,2048,0,1493776,27707392,38797312
1777067332.001306,1306,ubuntu-rog,1,0,0,65683160,27663644,51676912,282640,22640772,0,13305004,21138204,11520648,25264,1784356,21112940,0,0,8388604,8388604,0,0,92,0,11520572,419032,26088,1846632,2523176,1846632,676544,15408,65400,0,0,0,0,41230184,14972068,34359738367,87484,0,83280,0,0,0,0,0,0,0,0,0,0,0,2048,0,1493776,27707392,38797312
1777067333.002056,2056,ubuntu-rog,1,0,0,65683160,27671708,51684976,282640,22640772,0,13305004,21138204,11520648,25264,1784356,21112940,0,0,8388604,8388604,0,0,92,0,11520572,419032,26088,1846632,2523176,1846632,676544,15408,65400,0,0,0,0,41230184,14972068,34359738367,87484,0,83280,0,0,0,0,0,0,0,0,0,0,0,2048,0,1493776,27707392,38797312
1777067334.001064,1064,ubuntu-rog,1,0,0,65683160,27679772,51693040,282640,22640772,0,13305004,21138204,11520648,25264,1784356,21112940,0,0,8388604,8388604,0,0,92,0,11520572,419032,26088,1846632,2523176,1846632,676544,15408,65400,0,0,0,0,41230184,14972068,34359738367,87484,0,83280,0,0,0,0,0,0,0,0,0,0,0,2048,0,1493776,27707392,38797312
1777067335.001304,1304,ubuntu-rog,1,0,0,65683160,27687836,51701104,282640,22640776,0,13305004,21138204,11520648,25264,1784356,21112940,0,0,8388604,8388604,0,0,96,0,11520572,419032,26088,1846632,2523176,1846632,676544,15408,65400,0,0,0,0,41230184,14972068,34359738367,87484,0,83280,0,0,0,0,0,0,0,0,0,0,0,2048,0,1493776,27707392,38797312
1777067336.001204,1204,ubuntu-rog,1,0,0,65683160,27695496,51708764,282648,22640776,0,13305004,21138204,11520648,25264,1784356,21112940,0,0,8388604,8388604,0,0,96,0,11520572,419032,26088,1846632,2523176,1846632,676544,15408,65400,0,0,0,0,41230184,14972068,34359738367,87484,0,83280,0,0,0,0,0,0,0,0,0,0,0,2048,0,1493776,27707392,38797312
1777067337.002304,2304,ubuntu-rog,1,0,0,65683160,27702352,51715620,282648,22640780,0,13305152,21138204,11520796,25264,1784356,21112940,0,0,8388604,8388604,0,0,100,0,11520620,419032,26088,1846632,2523176,1846632,676544,15408,65400,0,0,0,0,41230184,14972528,34359738367,87484,0,83280,0,0,0,0,0,0,0,0,0,0,0,2048,0,1493776,27707392,38797312
1777067338.001060,1060,ubuntu-rog,1,0,0,65683160,27708248,51721516,282648,22640784,0,13305152,21138204,11520796,25264,1784356,21112940,0,0,8388604,8388604,0,0,104,0,11520620,419032,26088,1846632,2523176,1846632,676544,15408,65400,0,0,0,0,41230184,14972528,34359738367,87484,0,83280,0,0,0,0,0,0,0,0,0,0,0,2048,0,1493776,27707392,38797312
1777067339.001061,1061,ubuntu-rog,1,0,0,65683160,27713308,51726576,282648,22640788,0,13305152,21138204,11520796,25264,1784356,21112940,0,0,8388604,8388604,0,0,108,0,11520620,419032,26088,1846632,2523176,1846632,676544,15408,65400,0,0,0,0,41230184,14972528,34359738367,87484,0,83280,0,0,0,0,0,0,0,0,0,0,0,2048,0,1493776,27707392,38797312
1777067340.001307,1307,ubuntu-rog,1,0,0,65683160,27718440,51731708,282648,22640788,0,13305152,21138204,11520796,25264,1784356,21112940,0,0,8388604,8388604,0,0,108,0,11520620,419032,26088,1846632,2523176,1846632,676544,15408,65400,0,0,0,0,41230184,14972528,34359738367,87484,0,83280,0,0,0,0,0,0,0,0,0,0,0,2048,0,1493776,27707392,38797312
1777067341.002204,2204,ubuntu-rog,1,0,0,65683160,27721572,51734840,282648,22640788,0,13305152,21138204,11520796,25264,1784356,21112940,0,0,8388604,8388604,0,0,108,0,11520620,419096,26088,1846632,2523176,1846632,676544,15408,65400,0,0,0,0,41230184,14972528,34359738367,87484,0,83280,0,0,0,0,0,0,0,0,0,0,0,2048,0,1493776,27707392,38797312
1777067342.001311,1311,ubuntu-rog,1,0,0,65683160,27725024,51738300,282656,22640792,0,13305164,21138212,11520808,25264,1784356,21112948,0,0,8388604,8388604,0,0,60,0,11520620,419096,26088,1846632,2523176,1846632,676544,15408,65400,0,0,0,0,41230184,14972528,34359738367,87484,0,83280,0,0,0,0,0,0,0,0,0,0,0,2048,0,1493776,27707392,38797312
1777067343.001066,1066,ubuntu-rog,1,0,0,65683160,27728088,51741364,282656,22640796,0,13305164,21138212,11520808,25264,1784356,21112948,0,0,8388604,8388604,0,0,64,0,11520620,419096,26088,1846632,2523176,1846632,676544,15408,65400,0,0,0,0,41230184,14972528,34359738367,87484,0,83280,0,0,0,0,0,0,0,0,0,0,0,2048,0,1493776,27707392,38797312
1777067344.001077,1077,ubuntu-rog,1,0,0,65683160,27730716,51743992,282656,22640796,0,13305164,21138212,11520808,25264,1784356,21112948,0,0,8388604,8388604,0,0,64,0,11520620,419096,26088,1846632,2523176,1846632,676544,15408,65400,0,0,0,0,41230184,14972528,34359738367,87484,0,83280,0,0,0,0,0,0,0,0,0,0,0,2048,0,1493776,27707392,38797312
1777067345.001316,1316,ubuntu-rog,1,0,0,65683160,27732964,51746240,282656,22640796,0,13305164,21138212,11520808,25264,1784356,21112948,0,0,8388604,8388604,0,0,64,0,11520620,419096,26088,1846632,2523176,1846632,676544,15408,65400,0,0,0,0,41230184,14972528,34359738367,87484,0,83280,0,0,0,0,0,0,0,0,0,0,0,2048,0,1493776,27707392,38797312
1777067346.001217,1217,ubuntu-rog,1,0,0,65683160,27735288,51748576,282656,22640800,0,13305164,21138224,11520808,25264,1784356,21112960,0,0,8388604,8388604,0,0,40,0,11520620,419096,26088,1846632,2523176,1846632,676544,15408,65400,0,0,0,0,41230184,14972528,34359738367,87484,0,83280,0,0,0,0,0,0,0,0,0,0,0,2048,0,1493776,27707392,38797312
1777067347.003305,3305,ubuntu-rog,1,0,0,65683160,27736916,51750204,282664,22640800,0,13305164,21138224,11520808,25264,1784356,21112960,0,0,8388604,8388604,0,0,28,0,11520620,419096,26088,1846632,2523176,1846632,676544,15408,65400,0,0,0,0,41230184,14972528,34359738367,87484,0,83280,0,0,0,0,0,0,0,0,0,0,0,2048,0,1493776,27707392,38797312
1777067348.001059,1059,ubuntu-rog,1,0,0,65683160,27738288,51751576,282664,22640800,0,13305164,21138224,11520808,25264,1784356,21112960,0,0,8388604,8388604,0,0,28,0,11520620,419096,26088,1846632,2523176,1846632,676544,15408,65400,0,0,0,0,41230184,14972528,34359738367,87484,0,83280,0,0,0,0,0,0,0,0,0,0,0,2048,0,1493776,27707392,38797312
1777067349.001057,1057,ubuntu-rog,1,0,0,65683160,27739844,51753132,282664,22640812,0,13305164,21138224,11520808,25264,1784356,21112960,0,0,8388604,8388604,0,0,48,0,11520620,419096,26088,1846632,2523176,1846632,676544,15408,65400,0,0,0,0,41230184,14972528,34359738367,87484,0,83280,0,0,0,0,0,0,0,0,0,0,0,2048,0,1493776,27707392,38797312
1777067350.001297,1297,ubuntu-rog,1,0,0,65683160,27741204,51754492,282664,22640812,0,13305164,21138224,11520808,25264,1784356,21112960,0,0,8388604,8388604,0,0,48,0,11520620,419096,26088,1846632,2523176,1846632,676544,15408,65400,0,0,0,0,41230184,14972528,34359738367,87484,0,83280,0,0,0,0,0,0,0,0,0,0,0,2048,0,1493776,27707392,38797312
1777067351.001197,1197,ubuntu-rog,1,0,0,65683160,27741996,51755284,282664,22640812,0,13305164,21138224,11520808,25264,1784356,21112960,0,0,8388604,8388604,0,0,48,0,11520620,419096,26088,1846632,2523176,1846632,676544,15408,65400,0,0,0,0,41230184,14972528,34359738367,87484,0,83280,0,0,0,0,0,0,0,0,0,0,0,2048,0,1493776,27707392,38797312
1777067352.001300,1300,ubuntu-rog,1,0,0,65683160,27742812,51756100,282672,22640804,0,13305164,21138224,11520808,25264,1784356,21112960,0,0,8388604,8388604,0,0,48,0,11520620,419096,26088,1846632,2523176,1846632,676544,15408,65400,0,0,0,0,41230184,14972528,34359738367,87484,0,83280,0,0,0,0,0,0,0,0,0,0,0,2048,0,1493776,27707392,38797312
1777067353.001096,1096,ubuntu-rog,1,0,0,65683160,27743044,51756332,282672,22640816,0,13305164,21138224,11520808,25264,1784356,21112960,0,0,8388604,8388604,0,0,60,0,11520620,419096,26088,1846632,2523176,1846632,676544,15408,65400,0,0,0,0,41230184,14972528,34359738367,87484,0,83280,0,0,0,0,0,0,0,0,0,0,0,2048,0,1493776,27707392,38797312
1777067354.003063,3063,ubuntu-rog,1,0,0,65683160,27743044,51756332,282672,22640820,0,13305164,21138224,11520808,25264,1784356,21112960,0,0,8388604,8388604,0,0,64,0,11520620,419128,26088,1846632,2523176,1846632,676544,15408,65400,0,0,0,0,41230184,14972528,34359738367,87484,0,83280,0,0,0,0,0,0,0,0,0,0,0,2048,0,1493776,27707392,38797312
1777067355.001299,1299,ubuntu-rog,1,0,0,65683160,27743044,51756332,282672,22640820,0,13305164,21138224,11520808,25264,1784356,21112960,0,0,8388604,8388604,0,0,64,0,11520620,419128,26088,1846632,2523176,1846632,676544,15408,65400,0,0,0,0,41230184,14972528,34359738367,87484,0,83280,0,0,0,0,0,0,0,0,0,0,0,2048,0,1493776,27707392,38797312
1777067356.001203,1203,ubuntu-rog,1,0,0,65683160,27743044,51756332,282672,22640824,0,13305164,21138224,11520808,25264,1784356,21112960,0,0,8388604,8388604,0,0,68,0,11520620,419128,26088,1846632,2523176,1846632,676544,15408,65400,0,0,0,0,41230184,14972528,34359738367,87484,0,83280,0,0,0,0,0,0,0,0,0,0,0,2048,0,1493776,27707392,38797312
1777067357.001318,1318,ubuntu-rog,1,0,0,65683160,27743044,51756332,282672,22640824,0,13305164,21138224,11520808,25264,1784356,21112960,0,0,8388604,8388604,0,0,68,0,11520620,419128,26088,1846632,2523176,1846632,676544,15408,65400,0,0,0,0,41230184,14972528,34359738367,87484,0,83280,0,0,0,0,0,0,0,0,0,0,0,2048,0,1493776,27707392,38797312
1777067358.001077,1077,ubuntu-rog,1,0,0,65683160,27743044,51756332,282680,22640824,0,13305164,21138224,11520808,25264,1784356,21112960,0,0,8388604,8388604,0,0,68,0,11520620,419128,26088,1846632,2523176,1846632,676544,15408,65400,0,0,0,0,41230184,14972528,34359738367,87484,0,83280,0,0,0,0,0,0,0,0,0,0,0,2048,0,1493776,27707392,38797312
1777067359.001076,1076,ubuntu-rog,1,0,0,65683160,27743044,51756332,282680,22640828,0,13305164,21138224,11520808,25264,1784356,21112960,0,0,8388604,8388604,0,0,72,0,11520620,419128,26088,1846632,2523176,1846632,676544,15408,65400,0,0,0,0,41230184,14972528,34359738367,87484,0,83280,0,0,0,0,0,0,0,0,0,0,0,2048,0,1493776,27707392,38797312
1777067360.001315,1315,ubuntu-rog,1,0,0,65683160,27743044,51756332,282680,22640832,0,13305164,21138224,11520808,25264,1784356,21112960,0,0,8388604,8388604,0,0,76,0,11520620,419128,26088,1846632,2523176,1846632,676544,15408,65400,0,0,0,0,41230184,14972528,34359738367,87516,0,83280,0,0,0,0,0,0,0,0,0,0,0,2048,0,1493776,27707392,38797312
1777067361.001208,1208,ubuntu-rog,1,0,0,65683160,27743044,51756332,282680,22640836,0,13305164,21138224,11520808,25264,1784356,21112960,0,0,8388604,8388604,0,0,80,0,11520620,419128,26088,1846632,2523176,1846632,676544,15408,65400,0,0,0,0,41230184,14972528,34359738367,87484,0,83280,0,0,0,0,0,0,0,0,0,0,0,2048,0,1493776,27707392,38797312
1777067362.001323,1323,ubuntu-rog,1,0,0,65683160,27743044,51756332,282680,22640836,0,13305164,21138224,11520808,25264,1784356,21112960,0,0,8388604,8388604,0,0,80,0,11520620,419128,26088,1846632,2523176,1846632,676544,15408,65400,0,0,0,0,41230184,14972528,34359738367,87484,0,83280,0,0,0,0,0,0,0,0,0,0,0,2048,0,1493776,27707392,38797312
1777067363.001081,1081,ubuntu-rog,1,0,0,65683160,27743044,51756332,282680,22640840,0,13305164,21138224,11520808,25264,1784356,21112960,0,0,8388604,8388604,0,0,84,0,11520620,419128,26088,1846632,2523176,1846632,676544,15408,65400,0,0,0,0,41230184,14972528,34359738367,87484,0,83280,0,0,0,0,0,0,0,0,0,0,0,2048,0,1493776,27707392,38797312
1777067364.003059,3059,ubuntu-rog,1,0,0,65683160,27743044,51756332,282688,22640840,0,13305164,21138224,11520808,25264,1784356,21112960,0,0,8388604,8388604,0,0,84,0,11520620,419128,26088,1846632,2523176,1846632,676544,15408,65400,0,0,0,0,41230184,14972528,34359738367,87484,0,83280,0,0,0,0,0,0,0,0,0,0,0,2048,0,1493776,27707392,38797312
1777067365.001306,1306,ubuntu-rog,1,0,0,65683160,27743044,51756332,282688,22640844,0,13305164,21138224,11520808,25264,1784356,21112960,0,0,8388604,8388604,0,0,88,0,11520620,419128,26088,1846632,2523176,1846632,676544,15408,65400,0,0,0,0,41230184,14972528,34359738367,87484,0,83280,0,0,0,0,0,0,0,0,0,0,0,2048,0,1493776,27707392,38797312
1777067366.001237,1237,ubuntu-rog,1,0,0,65683160,27743044,51756332,282688,22640848,0,13305164,21138224,11520808,25264,1784356,21112960,0,0,8388604,8388604,0,0,92,0,11520620,419128,26088,1846632,2523176,1846632,676544,15408,65400,0,0,0,0,41230184,14972528,34359738367,87484,0,83280,0,0,0,0,0,0,0,0,0,0,0,2048,0,1493776,27707392,38797312
1777067367.001313,1313,ubuntu-rog,1,0,0,65683160,27743044,51756332,282688,22640848,0,13305164,21138224,11520808,25264,1784356,21112960,0,0,8388604,8388604,0,0,92,0,11520620,419128,26088,1846632,2523176,1846632,676544,15408,65400,0,0,0,0,41230184,14972528,34359738367,87484,0,83280,0,0,0,0,0,0,0,0,0,0,0,2048,0,1493776,27707392,38797312
1777067368.001083,1083,ubuntu-rog,1,0,0,65683160,27743044,51756332,282688,22640848,0,13305164,21138224,11520808,25264,1784356,21112960,0,0,8388604,8388604,0,0,92,0,11520620,419128,26088,1846632,2523176,1846632,676544,15408,65400,0,0,0,0,41230184,14972528,34359738367,87484,0,83280,0,0,0,0,0,0,0,0,0,0,0,2048,0,1493776,27707392,38797312
1777067369.001082,1082,ubuntu-rog,1,0,0,65683160,27743044,51756332,282688,22640848,0,13305164,21138224,11520808,25264,1784356,21112960,0,0,8388604,8388604,0,0,92,0,11520620,419128,26088,1846632,2523176,1846632,676544,15424,65400,0,0,0,0,41230184,14972528,34359738367,87500,0,83280,0,0,0,0,0,0,0,0,0,0,0,2048,0,1493776,27707392,38797312
1777067370.003290,3290,ubuntu-rog,1,0,0,65683160,27743044,51756332,282696,22640852,0,13305164,21138224,11520808,25264,1784356,21112960,0,0,8388604,8388604,0,0,96,0,11520620,419128,26088,1846632,2523176,1846632,676544,15424,65400,0,0,0,0,41230184,14972528,34359738367,87500,0,83280,0,0,0,0,0,0,0,0,0,0,0,2048,0,1493776,27707392,38797312
1777067371.001207,1207,ubuntu-rog,1,0,0,65683160,27743044,51756332,282696,22640856,0,13305164,21138224,11520808,25264,1784356,21112960,0,0,8388604,8388604,0,0,100,0,11520620,419128,26088,1846632,2523176,1846632,676544,15424,65400,0,0,0,0,41230184,14972528,34359738367,87500,0,83280,0,0,0,0,0,0,0,0,0,0,0,2048,0,1493776,27707392,38797312
1777067372.001303,1303,ubuntu-rog,1,0,0,65683160,27743044,51756332,282700,22640852,0,13305164,21138224,11520808,25264,1784356,21112960,0,0,8388604,8388604,0,0,100,0,11520620,419128,26088,1846632,2523176,1846632,676544,15424,65400,0,0,0,0,41230184,14972528,34359738367,87500,0,83280,0,0,0,0,0,0,0,0,0,0,0,2048,0,1493776,27707392,38797312
1777067373.001069,1069,ubuntu-rog,1,0,0,65683160,27743044,51756368,282700,22640864,0,13305232,21138260,11520876,25264,1784356,21112996,0,0,8388604,8388604,0,0,72,0,11520620,419128,26088,1846632,2523176,1846632,676544,15424,65400,0,0,0,0,41230184,14972528,34359738367,87500,0,83280,0,0,0,0,0,0,0,0,0,0,0,2048,0,1493776,27707392,38797312
1777067374.001066,1066,ubuntu-rog,1,0,0,65683160,27743044,51756368,282700,22640864,0,13305232,21138260,11520876,25264,1784356,21112996,0,0,8388604,8388604,0,0,72,0,11520620,419128,26088,1846632,2523176,1846632,676544,15424,65400,0,0,0,0,41230184,14972528,34359738367,87500,0,83280,0,0,0,0,0,0,0,0,0,0,0,2048,0,1493776,27707392,38797312
1777067375.001316,1316,ubuntu-rog,1,0,0,65683160,27743044,51756368,282700,22640864,0,13305232,21138260,11520876,25264,1784356,21112996,0,0,8388604,8388604,0,0,72,0,11520620,419128,26088,1846632,2523176,1846632,676544,15424,65400,0,0,0,0,41230184,14972528,34359738367,87500,0,83280,0,0,0,0,0,0,0,0,0,0,0,2048,0,1493776,27707392,38797312
1777067376.001213,1213,ubuntu-rog,1,0,0,65683160,27743044,51756368,282712,22640868,0,13305232,21138260,11520876,25264,1784356,21112996,0,0,8388604,8388604,0,0,84,0,11520620,419128,26088,1846632,2523176,1846632,676544,15424,65400,0,0,0,0,41230184,14972528,34359738367,87500,0,83280,0,0,0,0,0,0,0,0,0,0,0,2048,0,1493776,27707392,38797312
1777067377.001319,1319,ubuntu-rog,1,0,0,65683160,27743044,51756368,282712,22640872,0,13305232,21138260,11520876,25264,1784356,21112996,0,0,8388604,8388604,0,0,88,0,11520620,419128,26088,1846632,2523176,1846632,676544,15424,65400,0,0,0,0,41230184,14972528,34359738367,87500,0,83280,0,0,0,0,0,0,0,0,0,0,0,2048,0,1493776,27707392,38797312
1777067378.002056,2056,ubuntu-rog,1,0,0,65683160,27743044,51756380,282712,22640872,0,13305232,21138272,11520876,25264,1784356,21113008,0,0,8388604,8388604,0,0,56,0,11520620,419128,26088,1846632,2523176,1846632,676544,15424,65400,0,0,0,0,41230184,14972528,34359738367,87500,0,83280,0,0,0,0,0,0,0,0,0,0,0,2048,0,1493776,27707392,38797312
1777067379.001084,1084,ubuntu-rog,1,0,0,65683160,27743044,51756380,282712,22640872,0,13305232,21138272,11520876,25264,1784356,21113008,0,0,8388604,8388604,0,0,56,0,11520620,419128,26088,1846632,2523176,1846632,676544,15424,65400,0,0,0,0,41230184,14972528,34359738367,87500,0,83280,0,0,0,0,0,0,0,0,0,0,0,2048,0,1493776,27707392,38797312
1777067380.001313,1313,ubuntu-rog,1,0,0,65683160,27743044,51756380,282712,22640876,0,13305232,21138272,11520876,25264,1784356,21113008,0,0,8388604,8388604,0,0,60,0,11520620,419128,26088,1846632,2523176,1846632,676544,15424,65400,0,0,0,0,41230184,14972528,34359738367,87500,0,83280,0,0,0,0,0,0,0,0,0,0,0,2048,0,1493776,27707392,38797312
1777067381.001198,1198,ubuntu-rog,1,0,0,65683160,27743044,51756380,282720,22640876,0,13305232,21138272,11520876,25264,1784356,21113008,0,0,8388604,8388604,0,0,68,0,11520620,419128,26088,1846632,2523176,1846632,676544,15424,65400,0,0,0,0,41230184,14972528,34359738367,87500,0,83280,0,0,0,0,0,0,0,0,0,0,0,2048,0,1493776,27707392,38797312
1777067382.001319,1319,ubuntu-rog,1,0,0,65683160,27743044,51756380,282720,22640880,0,13305232,21138272,11520876,25264,1784356,21113008,0,0,8388604,8388604,0,0,72,0,11520620,419128,26088,1846632,2523176,1846632,676544,15424,65400,0,0,0,0,41230184,14972528,34359738367,87500,0,83280,0,0,0,0,0,0,0,0,0,0,0,2048,0,1493776,27707392,38797312
1777067383.001084,1084,ubuntu-rog,1,0,0,65683160,27743044,51756448,282724,22640880,0,13305332,21138340,11520976,25264,1784356,21113076,0,0,8388604,8388604,0,0,24,0,11520808,419128,26088,1846632,2523176,1846632,676544,15424,65400,0,0,0,0,41230184,14972700,34359738367,87500,0,83280,0,0,0,0,0,0,0,0,0,0,0,2048,0,1493776,27707392,38797312
1777067384.001066,1066,ubuntu-rog,1,0,0,65683160,27743044,51756448,282724,22640884,0,13305332,21138340,11520976,25264,1784356,21113076,0,0,8388604,8388604,0,0,28,0,11520808,419128,26088,1846632,2523176,1846632,676544,15408,65400,0,0,0,0,41230184,14972700,34359738367,87484,0,83280,0,0,0,0,0,0,0,0,0,0,0,2048,0,1493776,27707392,38797312
1777067385.001322,1322,ubuntu-rog,1,0,0,65683160,27743044,51756448,282724,22640888,0,13305332,21138340,11520976,25264,1784356,21113076,0,0,8388604,8388604,0,0,36,0,11520808,419128,26088,1846632,2523176,1846632,676544,15408,65400,0,0,0,0,41230184,14972700,34359738367,87484,0,83280,0,0,0,0,0,0,0,0,0,0,0,2048,0,1493776,27707392,38797312
1777067386.001211,1211,ubuntu-rog,1,0,0,65683160,27743044,51756448,282724,22640888,0,13305332,21138340,11520976,25264,1784356,21113076,0,0,8388604,8388604,0,0,36,0,11520808,419128,26088,1846632,2523176,1846632,676544,15408,65400,0,0,0,0,41230184,14972700,34359738367,87484,0,83280,0,0,0,0,0,0,0,0,0,0,0,2048,0,1493776,27707392,38797312
1777067387.001326,1326,ubuntu-rog,1,0,0,65683160,27743044,51756448,282736,22640896,0,13305332,21138340,11520976,25264,1784356,21113076,0,0,8388604,8388604,0,0,80,0,11520808,419128,26088,1846632,2523176,1846632,676544,15408,65400,0,0,0,0,41230184,14972700,34359738367,87484,0,83280,0,0,0,0,0,0,0,0,0,0,0,2048,0,1493776,27707392,38797312
1777067388.001062,1062,ubuntu-rog,1,0,0,65683160,27743044,51756448,282736,22640896,0,13305332,21138340,11520976,25264,1784356,21113076,0,0,8388604,8388604,0,0,80,0,11520808,419128,26088,1846632,2523176,1846632,676544,15408,65400,0,0,0,0,41230184,14972700,34359738367,87484,0,83280,0,0,0,0,0,0,0,0,0,0,0,2048,0,1493776,27707392,38797312
1777067389.001079,1079,ubuntu-rog,1,0,0,65683160,27743044,51756448,282736,22640896,0,13305332,21138340,11520976,25264,1784356,21113076,0,0,8388604,8388604,0,0,80,0,11520808,419128,26088,1846632,2523176,1846632,676544,15408,65400,0,0,0,0,41230184,14972700,34359738367,87484,0,83280,0,0,0,0,0,0,0,0,0,0,0,2048,0,1493776,27707392,38797312
1777067390.002293,2293,ubuntu-rog,1,0,0,65683160,27743044,51756448,282736,22640896,0,13305332,21138340,11520976,25264,1784356,21113076,0,0,8388604,8388604,0,0,80,0,11520808,419128,26088,1846632,2523176,1846632,676544,15408,65400,0,0,0,0,41230184,14972700,34359738367,87484,0,83280,0,0,0,0,0,0,0,0,0,0,0,2048,0,1493776,27707392,38797312
1777067391.001196,1196,ubuntu-rog,1,0,0,65683160,27743044,51756448,282736,22640900,0,13305332,21138340,11520976,25264,1784356,21113076,0,0,8388604,8388604,0,0,84,0,11520808,419128,26088,1846632,2523176,1846632,676544,15408,65400,0,0,0,0,41230184,14972700,34359738367,87484,0,83280,0,0,0,0,0,0,0,0,0,0,0,2048,0,1493776,27707392,38797312
1777067392.001350,1350,ubuntu-rog,1,0,0,65683160,27743044,51756448,282736,22640900,0,13305332,21138340,11520976,25264,1784356,21113076,0,0,8388604,8388604,0,0,84,0,11520808,419128,26088,1846632,2523176,1846632,676544,15408,65400,0,0,0,0,41230184,14972700,34359738367,87484,0,83280,0,0,0,0,0,0,0,0,0,0,0,2048,0,1493776,27707392,38797312
1777067393.001063,1063,ubuntu-rog,1,0,0,65683160,27743044,51756448,282744,22640904,0,13305288,21138340,11520932,25264,1784356,21113076,0,0,8388604,8388604,0,0,88,0,11520780,419128,26088,1846632,2523176,1846632,676544,15408,65400,0,0,0,0,41230184,14972700,34359738367,87484,0,83280,0,0,0,0,0,0,0,0,0,0,0,2048,0,1493776,27707392,38797312
1777067394.001086,1086,ubuntu-rog,1,0,0,65683160,27743044,51756448,282744,22640908,0,13305288,21138340,11520932,25264,1784356,21113076,0,0,8388604,8388604,0,0,92,0,11520780,419128,26088,1846632,2523176,1846632,676544,15408,65400,0,0,0,0,41230184,14972700,34359738367,87484,0,83280,0,0,0,0,0,0,0,0,0,0,0,2048,0,1493776,27707392,38797312
1777067395.001320,1320,ubuntu-rog,1,0,0,65683160,27743044,51756448,282744,22640908,0,13305288,21138340,11520932,25264,1784356,21113076,0,0,8388604,8388604,0,0,92,0,11520780,419128,26088,1846632,2523176,1846632,676544,15408,65400,0,0,0,0,41230184,14972700,34359738367,87484,0,83280,0,0,0,0,0,0,0,0,0,0,0,2048,0,1493776,27707392,38797312
1777067396.001206,1206,ubuntu-rog,1,0,0,65683160,27743044,51756448,282744,22640908,0,13305288,21138340,11520932,25264,1784356,21113076,0,0,8388604,8388604,0,0,92,0,11520780,419128,26088,1846632,2523176,1846632,676544,15408,65400,0,0,0,0,41230184,14972700,34359738367,87484,0,83280,0,0,0,0,0,0,0,0,0,0,0,2048,0,1493776,27707392,38797312
1777067397.001295,1295,ubuntu-rog,1,0,0,65683160,27743044,51756448,282744,22640908,0,13305288,21138340,11520932,25264,1784356,21113076,0,0,8388604,8388604,0,0,92,0,11520780,419128,26088,1846632,2523176,1846632,676544,15408,65400,0,0,0,0,41230184,14972700,34359738367,87484,0,83280,0,0,0,0,0,0,0,0,0,0,0,2048,0,1493776,27707392,38797312
1777067398.001086,1086,ubuntu-rog,1,0,0,65683160,27743044,51756448,282744,22640920,0,13305288,21138340,11520932,25264,1784356,21113076,0,0,8388604,8388604,0,0,104,0,11520780,419128,26088,1846632,2523176,1846632,676544,15408,65400,0,0,0,0,41230184,14972700,34359738367,87484,0,83280,0,0,0,0,0,0,0,0,0,0,0,2048,0,1493776,27707392,38797312
1777067399.001087,1087,ubuntu-rog,1,0,0,65683160,27743044,51756448,282752,22640920,0,13305288,21138340,11520932,25264,1784356,21113076,0,0,8388604,8388604,0,0,104,0,11520780,419128,26088,1846632,2523176,1846632,676544,15408,65400,0,0,0,0,41230184,14972700,34359738367,87484,0,83280,0,0,0,0,0,0,0,0,0,0,0,2048,0,1493776,27707392,38797312
1777067400.002232,2232,ubuntu-rog,1,0,0,65683160,27743044,51756448,282752,22640920,0,13305288,21138340,11520932,25264,1784356,21113076,0,0,8388604,8388604,0,0,104,0,11520780,419128,26088,1846632,2523176,1846632,676544,15408,65400,0,0,0,0,41230184,14972700,34359738367,87484,0,83280,0,0,0,0,0,0,0,0,0,0,0,2048,0,1493776,27707392,38797312
1777067401.001205,1205,ubuntu-rog,1,0,0,65683160,27743044,51756448,282752,22640924,0,13305288,21138340,11520932,25264,1784356,21113076,0,0,8388604,8388604,0,0,108,0,11520780,419128,26088,1846632,2523176,1846632,676544,15408,65400,0,0,0,0,41230184,14972700,34359738367,87484,0,83280,0,0,0,0,0,0,0,0,0,0,0,2048,0,1493776,27707392,38797312
1777067402.001304,1304,ubuntu-rog,1,0,0,65683160,27743044,51756448,282752,22640924,0,13305288,21138340,11520932,25264,1784356,21113076,0,0,8388604,8388604,0,0,108,0,11520780,419128,26088,1846632,2523176,1846632,676544,15408,65400,0,0,0,0,41230184,14972700,34359738367,87484,0,83280,0,0,0,0,0,0,0,0,0,0,0,2048,0,1493776,27707392,38797312
1777067403.001065,1065,ubuntu-rog,1,0,0,65683160,27743044,51756480,282752,22640924,0,13305288,21138372,11520932,25264,1784356,21113108,0,0,8388604,8388604,0,0,68,0,11520780,419128,26088,1846632,2523176,1846632,676544,15408,65400,0,0,0,0,41230184,14972700,34359738367,87484,0,83280,0,0,0,0,0,0,0,0,0,0,0,2048,0,1493776,27707392,38797312
1777067404.001085,1085,ubuntu-rog,1,0,0,65683160,27743044,51756480,282764,22640932,0,13305288,21138372,11520932,25264,1784356,21113108,0,0,8388604,8388604,0,0,80,0,11520780,419128,26088,1846632,2523176,1846632,676544,15408,65400,0,0,0,0,41230184,14972700,34359738367,87484,0,83280,0,0,0,0,0,0,0,0,0,0,0,2048,0,1493776,27707392,38797312
1777067405.002350,2350,ubuntu-rog,1,0,0,65683160,27743044,51756480,282764,22640932,0,13305288,21138372,11520932,25264,1784356,21113108,0,0,8388604,8388604,0,0,80,0,11520780,419128,26088,1846632,2523176,1846632,676544,15408,65400,0,0,0,0,41230184,14972700,34359738367,87484,0,83280,0,0,0,0,0,0,0,0,0,0,0,2048,0,1493776,27707392,38797312
1777067406.001218,1218,ubuntu-rog,1,0,0,65683160,27743044,51756480,282764,22640932,0,13305288,21138372,11520932,25264,1784356,21113108,0,0,8388604,8388604,0,0,80,0,11520780,419128,26088,1846632,2523176,1846632,676544,15408,65400,0,0,0,0,41230184,14972700,34359738367,87484,0,83280,0,0,0,0,0,0,0,0,0,0,0,2048,0,1493776,27707392,38797312
1777067407.001300,1300,ubuntu-rog,1,0,0,65683160,27743044,51756480,282764,22640932,0,13305288,21138372,11520932,25264,1784356,21113108,0,0,8388604,8388604,0,0,80,0,11520780,419128,26088,1846632,2523176,1846632,676544,15408,65400,0,0,0,0,41230184,14972700,34359738367,87484,0,83280,0,0,0,0,0,0,0,0,0,0,0,2048,0,1493776,27707392,38797312
1777067408.001073,1073,ubuntu-rog,1,0,0,65683160,27738196,51751736,282764,22640936,0,13305308,21138476,11520952,25264,1784356,21113212,0,0,8388604,8388604,0,0,84,0,11520780,419128,26088,1846632,2523176,1846632,676544,15408,65400,0,0,0,0,41230184,14972700,34359738367,87516,0,83280,0,0,0,0,0,0,0,0,0,0,0,2048,0,1493776,27707392,38797312
1777067409.002057,2057,ubuntu-rog,1,0,0,65683160,27737752,51751312,282764,22640948,0,13305372,21138496,11521016,25264,1784356,21113232,0,0,8388604,8388604,0,0,304,0,11520780,419132,26088,1846632,2523176,1846632,676544,15440,65400,0,0,0,0,41230184,14972700,34359738367,87516,0,83280,0,0,0,0,0,0,0,0,0,0,0,2048,0,1493776,27707392,38797312
1777067410.001308,1308,ubuntu-rog,1,0,0,65683160,27737752,51751312,282772,22640952,0,13305372,21138496,11521016,25264,1784356,21113232,0,0,8388604,8388604,0,0,324,0,11520780,419132,26088,1846632,2523176,1846632,676544,15440,65400,0,0,0,0,41230184,14972700,34359738367,87516,0,83280,0,0,0,0,0,0,0,0,0,0,0,2048,0,1493776,27707392,38797312
1777067411.001199,1199,ubuntu-rog,1,0,0,65683160,27737752,51751312,282772,22640956,0,13305304,21138496,11520948,25264,1784356,21113232,0,0,8388604,8388604,0,0,328,0,11520608,419132,26088,1846632,2523176,1846632,676544,15440,65400,0,0,0,0,41230184,14972528,34359738367,87516,0,83280,0,0,0,0,0,0,0,0,0,0,0,2048,0,1493776,27707392,38797312
1777067412.001311,1311,ubuntu-rog,1,0,0,65683160,27737752,51751312,282772,22640956,0,13305304,21138496,11520948,25264,1784356,21113232,0,0,8388604,8388604,0,0,272,0,11520608,419132,26088,1846632,2523176,1846632,676544,15440,65400,0,0,0,0,41230184,14972528,34359738367,87516,0,83280,0,0,0,0,0,0,0,0,0,0,0,2048,0,1493776,27707392,38797312
1777067413.004055,4055,ubuntu-rog,1,0,0,65683160,27737752,51751312,282772,22640956,0,13305304,21138496,11520948,25264,1784356,21113232,0,0,8388604,8388604,0,0,272,0,11520608,419132,26088,1846632,2523176,1846632,676544,15440,65400,0,0,0,0,41230184,14972528,34359738367,87516,0,83280,0,0,0,0,0,0,0,0,0,0,0,2048,0,1493776,27707392,38797312
1777067414.001067,1067,ubuntu-rog,1,0,0,65683160,27737752,51751312,282772,22640956,0,13305304,21138496,11520948,25264,1784356,21113232,0,0,8388604,8388604,0,0,248,0,11520608,419132,26088,1846632,2523176,1846632,676544,15440,65400,0,0,0,0,41230184,14972528,34359738367,87516,0,83280,0,0,0,0,0,0,0,0,0,0,0,2048,0,1493776,27707392,38797312
1777067415.001303,1303,ubuntu-rog,1,0,0,65683160,27737752,51751312,282772,22640964,0,13305304,21138496,11520948,25264,1784356,21113232,0,0,8388604,8388604,0,0,260,0,11520608,419132,26088,1846632,2523176,1846632,676544,15440,65400,0,0,0,0,41230184,14972528,34359738367,87516,0,83280,0,0,0,0,0,0,0,0,0,0,0,2048,0,1493776,27707392,38797312
1777067416.001200,1200,ubuntu-rog,1,0,0,65683160,27737752,51751340,282784,22640964,0,13305400,21138524,11521044,25264,1784356,21113260,0,0,8388604,8388604,0,0,284,0,11520608,419132,26088,1846632,2523176,1846632,676544,15440,65400,0,0,0,0,41230184,14972528,34359738367,87516,0,83280,0,0,0,0,0,0,0,0,0,0,0,2048,0,1493776,27707392,38797312
1777067417.001299,1299,ubuntu-rog,1,0,0,65683160,27737752,51751340,282784,22640964,0,13305400,21138524,11521044,25264,1784356,21113260,0,0,8388604,8388604,0,0,284,0,11520608,419132,26088,1846632,2523176,1846632,676544,15440,65400,0,0,0,0,41230184,14972528,34359738367,87516,0,83280,0,0,0,0,0,0,0,0,0,0,0,2048,0,1493776,27707392,38797312
1777067418.001063,1063,ubuntu-rog,1,0,0,65683160,27737752,51751340,282784,22640968,0,13305400,21138524,11521044,25264,1784356,21113260,0,0,8388604,8388604,0,0,288,0,11520608,419132,26088,1846632,2523176,1846632,676544,15440,65400,0,0,0,0,41230184,14972528,34359738367,87516,0,83280,0,0,0,0,0,0,0,0,0,0,0,2048,0,1493776,27707392,38797312
1777067419.001069,1069,ubuntu-rog,1,0,0,65683160,27737752,51751340,282784,22640968,0,13305400,21138524,11521044,25264,1784356,21113260,0,0,8388604,8388604,0,0,272,0,11520608,419132,26088,1846632,2523176,1846632,676544,15440,65400,0,0,0,0,41230184,14972528,34359738367,87516,0,83280,0,0,0,0,0,0,0,0,0,0,0,2048,0,1493776,27707392,38797312
1777067420.001300,1300,ubuntu-rog,1,0,0,65683160,27737752,51751340,282784,22640972,0,13305400,21138524,11521044,25264,1784356,21113260,0,0,8388604,8388604,0,0,276,0,11520608,419132,26088,1846632,2523176,1846632,676544,15440,65400,0,0,0,0,41230184,14972528,34359738367,87516,0,83280,0,0,0,0,0,0,0,0,0,0,0,2048,0,1493776,27707392,38797312
1777067421.001208,1208,ubuntu-rog,1,0,0,65683160,27737752,51751340,282784,22640972,0,13305400,21138524,11521044,25264,1784356,21113260,0,0,8388604,8388604,0,0,276,0,11520608,419132,26088,1846632,2523176,1846632,676544,15440,65400,0,0,0,0,41230184,14972528,34359738367,87516,0,83280,0,0,0,0,0,0,0,0,0,0,0,2048,0,1493776,27707392,38797312
1777067422.001305,1305,ubuntu-rog,1,0,0,65683160,27737752,51751340,282792,22640980,0,13305400,21138524,11521044,25264,1784356,21113260,0,0,8388604,8388604,0,0,300,0,11520608,419132,26088,1846632,2523176,1846632,676544,15440,65400,0,0,0,0,41230184,14972528,34359738367,87516,0,83280,0,0,0,0,0,0,0,0,0,0,0,2048,0,1493776,27707392,38797312
1777067423.001064,1064,ubuntu-rog,1,0,0,65683160,27737752,51751340,282792,22640980,0,13305400,21138524,11521044,25264,1784356,21113260,0,0,8388604,8388604,0,0,300,0,11520608,419132,26088,1846632,2523176,1846632,676544,15440,65400,0,0,0,0,41230184,14972528,34359738367,87516,0,83280,0,0,0,0,0,0,0,0,0,0,0,2048,0,1493776,27707392,38797312
1777067424.001074,1074,ubuntu-rog,1,0,0,65683160,27737752,51751340,282792,22640980,0,13305400,21138524,11521044,25264,1784356,21113260,0,0,8388604,8388604,0,0,300,0,11520608,419132,26088,1846632,2523176,1846632,676544,15440,65400,0,0,0,0,41230184,14972528,34359738367,87516,0,83280,0,0,0,0,0,0,0,0,0,0,0,2048,0,1493776,27707392,38797312
1777067425.001311,1311,ubuntu-rog,1,0,0,65683160,27737752,51751340,282792,22640984,0,13305400,21138524,11521044,25264,1784356,21113260,0,0,8388604,8388604,0,0,304,0,11520608,419132,26088,1846632,2523176,1846632,676544,15440,65400,0,0,0,0,41230184,14972528,34359738367,87516,0,83280,0,0,0,0,0,0,0,0,0,0,0,2048,0,1493776,27707392,38797312
1777067426.001212,1212,ubuntu-rog,1,0,0,65683160,27737752,51751340,282792,22640988,0,13305400,21138524,11521044,25264,1784356,21113260,0,0,8388604,8388604,0,0,308,0,11520608,419132,26088,1846632,2523176,1846632,676544,15440,65400,0,0,0,0,41230184,14972528,34359738367,87516,0,83280,0,0,0,0,0,0,0,0,0,0,0,2048,0,1493776,27707392,38797312
1777067427.003291,3291,ubuntu-rog,1,0,0,65683160,27737752,51751340,282792,22640988,0,13305400,21138524,11521044,25264,1784356,21113260,0,0,8388604,8388604,0,0,308,0,11520608,419132,26088,1846632,2523176,1846632,676544,15440,65400,0,0,0,0,41230184,14972528,34359738367,87516,0,83280,0,0,0,0,0,0,0,0,0,0,0,2048,0,1493776,27707392,38797312
1777067428.001066,1066,ubuntu-rog,1,0,0,65683160,27737752,51751340,282800,22640988,0,13305400,21138524,11521044,25264,1784356,21113260,0,0,8388604,8388604,0,0,308,0,11520608,419132,26088,1846632,2523176,1846632,676544,15440,65400,0,0,0,0,41230184,14972528,34359738367,87516,0,83280,0,0,0,0,0,0,0,0,0,0,0,2048,0,1493776,27707392,38797312
1777067429.001064,1064,ubuntu-rog,1,0,0,65683160,27737752,51751340,282800,22640992,0,13305400,21138524,11521044,25264,1784356,21113260,0,0,8388604,8388604,0,0,312,0,11520608,419132,26088,1846632,2523176,1846632,676544,15440,65400,0,0,0,0,41230184,14972528,34359738367,87516,0,83280,0,0,0,0,0,0,0,0,0,0,0,2048,0,1493776,27707392,38797312
1777067430.001305,1305,ubuntu-rog,1,0,0,65683160,27737752,51751340,282800,22640992,0,13305400,21138524,11521044,25264,1784356,21113260,0,0,8388604,8388604,0,0,312,0,11520608,419132,26088,1846632,2523176,1846632,676544,15440,65400,0,0,0,0,41230184,14972528,34359738367,87516,0,83280,0,0,0,0,0,0,0,0,0,0,0,2048,0,1493776,27707392,38797312
1777067431.001239,1239,ubuntu-rog,1,0,0,65683160,27737752,51751340,282800,22640996,0,13305400,21138524,11521044,25264,1784356,21113260,0,0,8388604,8388604,0,0,316,0,11520608,419132,26088,1846632,2523176,1846632,676544,15440,65400,0,0,0,0,41230184,14972528,34359738367,87516,0,83280,0,0,0,0,0,0,0,0,0,0,0,2048,0,1493776,27707392,38797312
1777067432.001314,1314,ubuntu-rog,1,0,0,65683160,27737752,51751340,282800,22641000,0,13305400,21138524,11521044,25264,1784356,21113260,0,0,8388604,8388604,0,0,320,0,11520608,419132,26088,1846632,2523176,1846632,676544,15440,65400,0,0,0,0,41230184,14972528,34359738367,87516,0,83280,0,0,0,0,0,0,0,0,0,0,0,2048,0,1493776,27707392,38797312
1777067433.001071,1071,ubuntu-rog,1,0,0,65683160,27737752,51751340,282800,22641000,0,13305400,21138524,11521044,25264,1784356,21113260,0,0,8388604,8388604,0,0,320,0,11520608,419132,26088,1846632,2523176,1846632,676544,15440,65400,0,0,0,0,41230184,14972528,34359738367,87516,0,83280,0,0,0,0,0,0,0,0,0,0,0,2048,0,1493776,27707392,38797312
1777067434.004059,4059,ubuntu-rog,1,0,0,65683160,27737752,51751348,282808,22641004,0,13305416,21138532,11521060,25264,1784356,21113268,0,0,8388604,8388604,0,0,284,0,11520608,419132,26088,1846632,2523176,1846632,676544,15440,65400,0,0,0,0,41230184,14972528,34359738367,87516,0,83280,0,0,0,0,0,0,0,0,0,0,0,2048,0,1493776,27707392,38797312
1777067435.001301,1301,ubuntu-rog,1,0,0,65683160,27737752,51751348,282808,22641004,0,13305416,21138532,11521060,25264,1784356,21113268,0,0,8388604,8388604,0,0,284,0,11520608,419132,26088,1846632,2523176,1846632,676544,15440,65400,0,0,0,0,41230184,14972528,34359738367,87516,0,83280,0,0,0,0,0,0,0,0,0,0,0,2048,0,1493776,27707392,38797312
1777067436.001207,1207,ubuntu-rog,1,0,0,65683160,27737752,51751348,282808,22641008,0,13305416,21138532,11521060,25264,1784356,21113268,0,0,8388604,8388604,0,0,292,0,11520608,419132,26088,1846632,2523176,1846632,676544,15440,65400,0,0,0,0,41230184,14972528,34359738367,87516,0,83280,0,0,0,0,0,0,0,0,0,0,0,2048,0,1493776,27707392,38797312
1777067437.001294,1294,ubuntu-rog,1,0,0,65683160,27737752,51751348,282828,22640992,0,13305820,21138532,11521464,25264,1784356,21113268,0,0,8388604,8388604,0,0,296,0,11521416,419132,26088,1846632,2523176,1846632,676544,15440,65400,0,0,0,0,41230184,15007020,34359738367,87580,0,83280,0,0,0,0,0,0,0,0,0,0,0,2048,0,1493776,27707392,38797312
1777067438.001068,1068,ubuntu-rog,1,0,0,65683160,27737752,51751476,282828,22641020,0,13306448,21138660,11522092,25264,1784356,21113396,0,0,8388604,8388604,0,0,464,0,11521656,419196,26092,1846632,2523208,1846632,676576,15520,65504,0,0,0,0,41230184,15007020,34359738367,87580,0,83280,0,0,0,0,0,0,0,0,0,0,0,2048,0,1493776,27707392,38797312
1777067439.001272,1272,ubuntu-rog,1,0,0,65683160,27737752,51751476,282828,22641024,0,13306452,21138660,11522096,25264,1784356,21113396,0,0,8388604,8388604,0,0,456,0,11521656,419196,26092,1846632,2523208,1846632,676576,15520,65504,0,0,0,0,41230184,15007020,34359738367,87580,0,83280,0,0,0,0,0,0,0,0,0,0,0,2048,0,1493776,27707392,38797312
1777067440.001316,1316,ubuntu-rog,1,0,0,65683160,27737752,51751540,282892,22641024,0,13306476,21138724,11522120,25264,1784356,21113460,0,0,8388604,8388604,0,0,212,0,11521656,419196,26092,1846632,2523208,1846632,676576,15520,65504,0,0,0,0,41230184,15007020,34359738367,87580,0,83280,0,0,0,0,0,0,0,0,0,0,0,2048,0,1493776,27707392,38797312
1777067441.001209,1209,ubuntu-rog,1,0,0,65683160,27737752,51751540,282892,22641024,0,13306476,21138724,11522120,25264,1784356,21113460,0,0,8388604,8388604,0,0,212,0,11521656,419196,26092,1846632,2523208,1846632,676576,15520,65504,0,0,0,0,41230184,15007020,34359738367,87580,0,83280,0,0,0,0,0,0,0,0,0,0,0,2048,0,1493776,27707392,38797312
1777067442.001304,1304,ubuntu-rog,1,0,0,65683160,27737752,51751540,282892,22641032,0,13306476,21138724,11522120,25264,1784356,21113460,0,0,8388604,8388604,0,0,220,0,11521656,419196,26092,1846632,2523208,1846632,676576,15520,65504,0,0,0,0,41230184,15007020,34359738367,87580,0,83280,0,0,0,0,0,0,0,0,0,0,0,2048,0,1493776,27707392,38797312
1777067443.001069,1069,ubuntu-rog,1,0,0,65683160,27737752,51751540,282892,22641032,0,13306476,21138724,11522120,25264,1784356,21113460,0,0,8388604,8388604,0,0,220,0,11521656,419196,26092,1846632,2523200,1846632,676568,15520,65504,0,0,0,0,41230184,15007020,34359738367,87580,0,83280,0,0,0,0,0,0,0,0,0,0,0,2048,0,1493776,27707392,38797312
1777067444.004065,4065,ubuntu-rog,1,0,0,65683160,27737752,51751552,282892,22641032,0,13306500,21138736,11522144,25264,1784356,21113472,0,0,8388604,8388604,0,0,192,0,11521656,419196,26092,1846632,2523200,1846632,676568,15520,65504,0,0,0,0,41230184,15007020,34359738367,87580,0,83280,0,0,0,0,0,0,0,0,0,0,0,2048,0,1493776,27707392,38797312
1777067445.001317,1317,ubuntu-rog,1,0,0,65683160,27737752,51751552,282904,22641032,0,13306500,21138736,11522144,25264,1784356,21113472,0,0,8388604,8388604,0,0,192,0,11521656,419196,26092,1846632,2523200,1846632,676568,15520,65504,0,0,0,0,41230184,15007020,34359738367,87580,0,83280,0,0,0,0,0,0,0,0,0,0,0,2048,0,1493776,27707392,38797312
1777067446.001209,1209,ubuntu-rog,1,0,0,65683160,27737752,51751552,282904,22641040,0,13306500,21138736,11522144,25264,1784356,21113472,0,0,8388604,8388604,0,0,200,0,11521676,419196,26092,1846632,2523200,1846632,676568,15520,65504,0,0,0,0,41230184,15007020,34359738367,87580,0,83280,0,0,0,0,0,0,0,0,0,0,0,2048,0,1493776,27707392,38797312
1777067447.001314,1314,ubuntu-rog,1,0,0,65683160,27737752,51751572,282904,22641040,0,13305692,21138756,11521336,25264,1784356,21113492,0,0,8388604,8388604,0,0,36,0,11520868,419196,26092,1846632,2523200,1846632,676568,15520,65504,0,0,0,0,41230184,14972528,34359738367,87580,0,83280,0,0,0,0,0,0,0,0,0,0,0,2048,0,1493776,27707392,38797312
1777067448.001068,1068,ubuntu-rog,1,0,0,65683160,27737752,51751572,282904,22641040,0,13305520,21138756,11521164,25264,1784356,21113492,0,0,8388604,8388604,0,0,188,0,11520628,419132,26088,1846632,2523200,1846632,676568,15456,65400,0,0,0,0,41230184,14972528,34359738367,87580,0,83280,0,0,0,0,0,0,0,0,0,0,0,2048,0,1493776,27707392,38797312
1777067449.001062,1062,ubuntu-rog,1,0,0,65683160,27713916,51727736,282904,22641044,0,13325720,21138756,11541364,25264,1784356,21113492,0,0,8388604,8388604,0,0,196,0,11540844,419132,26088,1846632,2523200,1846632,676568,15456,65404,0,0,0,0,41230184,14993148,34359738367,87580,0,83280,0,0,0,0,0,0,0,0,0,0,0,2048,0,1493776,27707392,38797312
1777067450.001301,1301,ubuntu-rog,1,0,0,65683160,27665800,51679656,282904,22641044,0,13376880,21138792,11592524,25264,1784356,21113528,0,0,8388604,8388604,0,0,196,0,11592064,419132,26088,1846632,2523200,1846632,676568,15456,65508,0,0,0,0,41230184,15044368,34359738367,87580,0,83280,0,0,0,0,0,0,0,0,0,0,0,2048,0,1493776,27707392,38797312
1777067451.001216,1216,ubuntu-rog,1,0,0,65683160,27609336,51623192,282912,22641044,0,13428092,21138792,11643736,25264,1784356,21113528,0,0,8388604,8388604,0,0,220,0,11643284,419132,26088,1846632,2523200,1846632,676568,15456,65608,0,0,0,0,41230184,15095588,34359738367,87580,0,83280,0,0,0,0,0,0,0,0,0,0,0,2048,0,1493776,27707392,38797312
1777067452.001311,1311,ubuntu-rog,1,0,0,65683160,27569016,51582872,282912,22641044,0,13469136,21138792,11684780,25264,1784356,21113528,0,0,8388604,8388604,0,0,220,0,11684260,419132,26088,1846632,2523200,1846632,676568,15456,65688,0,0,0,0,41230184,15136564,34359738367,87580,0,83280,0,0,0,0,0,0,0,0,0,0,0,2048,0,1493776,27707392,38797312
1777067453.001065,1065,ubuntu-rog,1,0,0,65683160,27520648,51534504,282912,22641052,0,13520348,21138792,11735992,25264,1784356,21113528,0,0,8388604,8388604,0,0,228,0,11735480,419132,26088,1846632,2523200,1846632,676568,15456,65788,0,0,0,0,41230184,15187784,34359738367,87580,0,83280,0,0,0,0,0,0,0,0,0,0,0,2048,0,1493776,27707392,38797312
1777067454.004056,4056,ubuntu-rog,1,0,0,65683160,27472264,51486120,282912,22641052,0,13571560,21138792,11787204,25264,1784356,21113528,0,0,8388604,8388604,0,0,228,0,11786700,419132,26088,1846632,2523200,1846632,676568,15456,65888,0,0,0,0,41230184,15239004,34359738367,87580,0,83280,0,0,0,0,0,0,0,0,0,0,0,2048,0,1493776,27707392,38797312
1777067455.001294,1294,ubuntu-rog,1,0,0,65683160,27415800,51429676,282912,22641052,0,13622772,21138812,11838416,25264,1784356,21113548,0,0,8388604,8388604,0,0,212,0,11837920,419132,26088,1846632,2523200,1846632,676568,15456,65988,0,0,0,0,41230184,15290224,34359738367,87580,0,83280,0,0,0,0,0,0,0,0,0,0,0,2048,0,1493776,27707392,38797312
1777067456.001208,1208,ubuntu-rog,1,0,0,65683160,27375480,51389356,282912,22641056,0,13663692,21138812,11879336,25264,1784356,21113548,0,0,8388604,8388604,0,0,216,0,11878896,419132,26088,1846632,2523200,1846632,676568,15456,66068,0,0,0,0,41230184,15331200,34359738367,87580,0,83280,0,0,0,0,0,0,0,0,0,0,0,2048,0,1493776,27707392,38797312
1777067457.001335,1335,ubuntu-rog,1,0,0,65683160,27327112,51340988,282920,22641056,0,13714904,21138812,11930548,25264,1784356,21113548,0,0,8388604,8388604,0,0,232,0,11930116,419132,26088,1846632,2523200,1846632,676568,15456,66168,0,0,0,0,41230184,15382420,34359738367,87580,0,83280,0,0,0,0,0,0,0,0,0,0,0,2048,0,1493776,27707392,38797312
1777067458.001074,1074,ubuntu-rog,1,0,0,65683160,27262568,51276444,282920,22641060,0,13766116,21138812,11981760,25264,1784356,21113548,0,0,8388604,8388604,0,0,240,0,11981336,419132,26088,1846632,2523200,1846632,676568,15456,66268,0,0,0,0,41230184,15433640,34359738367,87580,0,83280,0,0,0,0,0,0,0,0,0,0,0,2048,0,1493776,27707392,38797312
1777067459.001077,1077,ubuntu-rog,1,0,0,65683160,27214200,51228076,282920,22641064,0,13817328,21138812,12032972,25264,1784356,21113548,0,0,8388604,8388604,0,0,244,0,12032556,419132,26088,1846632,2523200,1846632,676568,15456,66368,0,0,0,0,41230184,15484860,34359738367,87580,0,83280,0,0,0,0,0,0,0,0,0,0,0,2048,0,1493776,27707392,38797312
1777067460.001300,1300,ubuntu-rog,1,0,0,65683160,27165832,51179708,282920,22641068,0,13868664,21138812,12084308,25264,1784356,21113548,0,0,8388604,8388604,0,0,248,0,12083776,419132,26088,1846632,2523200,1846632,676568,15456,66468,0,0,0,0,41230184,15536080,34359738367,87580,0,83280,0,0,0,0,0,0,0,0,0,0,0,2048,0,1493776,27707392,38797312
1777067461.001196,1196,ubuntu-rog,1,0,0,65683160,27125512,51139388,282920,22641068,0,13909584,21138812,12125228,25264,1784356,21113548,0,0,8388604,8388604,0,0,248,0,12124752,419132,26088,1846632,2523200,1846632,676568,15456,66548,0,0,0,0,41230184,15577056,34359738367,87580,0,83280,0,0,0,0,0,0,0,0,0,0,0,2048,0,1493776,27707392,38797312
1777067462.001298,1298,ubuntu-rog,1,0,0,65683160,27069048,51082924,282920,22641068,0,13960796,21138812,12176440,25264,1784356,21113548,0,0,8388604,8388604,0,0,248,0,12175972,419132,26088,1846632,2523200,1846632,676568,15456,66648,0,0,0,0,41230184,15628276,34359738367,87580,0,83280,0,0,0,0,0,0,0,0,0,0,0,2048,0,1493776,27707392,38797312
1777067463.001066,1066,ubuntu-rog,1,0,0,65683160,27020680,51034556,282928,22641072,0,14012008,21138812,12227652,25264,1784356,21113548,0,0,8388604,8388604,0,0,252,0,12227192,419132,26088,1846632,2523200,1846632,676568,15456,66748,0,0,0,0,41230184,15679496,34359738367,87580,0,83280,0,0,0,0,0,0,0,0,0,0,0,2048,0,1493776,27707392,38797312
1777067464.002066,2066,ubuntu-rog,1,0,0,65683160,26964460,50978352,282928,22641076,0,14063080,21138828,12278724,25264,1784356,21113564,0,0,8388604,8388604,0,0,256,0,12278412,419132,26088,1846632,2523200,1846632,676568,15456,66848,0,0,0,0,41230184,15730716,34359738367,87580,0,83280,0,0,0,0,0,0,0,0,0,0,0,2048,0,1493776,27707392,38797312
1777067465.001293,1293,ubuntu-rog,1,0,0,65683160,26916068,50929960,282928,22641076,0,14114640,21138828,12330284,25264,1784356,21113564,0,0,8388604,8388604,0,0,216,0,12329892,419132,26088,1846632,2523200,1846632,676568,15456,66928,0,0,0,0,41230184,15781936,34359738367,87580,0,83280,0,0,0,0,0,0,0,0,0,0,0,2048,0,1493776,27707392,38797312
1777067466.001215,1215,ubuntu-rog,1,0,0,65683160,26875764,50889656,282928,22641076,0,14155348,21138828,12370992,25264,1784356,21113564,0,0,8388604,8388604,0,0,216,0,12370608,419132,26088,1846632,2523200,1846632,676568,15456,67032,0,0,0,0,41230184,15822912,34359738367,87580,0,83280,0,0,0,0,0,0,0,0,0,0,0,2048,0,1493776,27707392,38797312
1777067467.001297,1297,ubuntu-rog,1,0,0,65683160,26827396,50841288,282928,22641080,0,14206560,21138828,12422204,25264,1784356,21113564,0,0,8388604,8388604,0,0,224,0,12421828,419132,26088,1846632,2523200,1846632,676568,15456,67132,0,0,0,0,41230184,15874132,34359738367,87580,0,83280,0,0,0,0,0,0,0,0,0,0,0,2048,0,1493776,27707392,38797312
1777067468.003058,3058,ubuntu-rog,1,0,0,65683160,26770932,50784836,282940,22641080,0,14257760,21138840,12473404,25264,1784356,21113576,0,0,8388604,8388604,0,0,232,0,12473048,419132,26088,1846632,2523200,1846632,676568,15456,67232,0,0,0,0,41230184,15925352,34359738367,87580,0,83280,0,0,0,0,0,0,0,0,0,0,0,2048,0,1493776,27707392,38797312
1777067469.001066,1066,ubuntu-rog,1,0,0,65683160,26722548,50736452,282940,22641080,0,14308972,21138840,12524616,25264,1784356,21113576,0,0,8388604,8388604,0,0,232,0,12524268,419132,26088,1846632,2523200,1846632,676568,15456,67332,0,0,0,0,41230184,15976572,34359738367,87580,0,83280,0,0,0,0,0,0,0,0,0,0,0,2048,0,1493776,27707392,38797312
1777067470.001346,1346,ubuntu-rog,1,0,0,65683160,26682260,50696164,282940,22641092,0,14350084,21138840,12565728,25264,1784356,21113576,0,0,8388604,8388604,0,0,244,0,12565388,419132,26088,1846632,2523200,1846632,676568,15456,67432,0,0,0,0,41230184,16017548,34359738367,87580,0,83280,0,0,0,0,0,0,0,0,0,0,0,2048,0,1493776,27707392,38797312
1777067471.001221,1221,ubuntu-rog,1,0,0,65683160,26633860,50647764,282940,22641092,0,14401228,21138840,12616872,25264,1784356,21113576,0,0,8388604,8388604,0,0,244,0,12616464,419132,26088,1846632,2523200,1846632,676568,15456,67512,0,0,0,0,41230184,16068768,34359738367,87580,0,83280,0,0,0,0,0,0,0,0,0,0,0,2048,0,1493776,27707392,38797312
1777067472.001308,1308,ubuntu-rog,1,0,0,65683160,26577396,50591300,282940,22641092,0,14452440,21138840,12668084,25264,1784356,21113576,0,0,8388604,8388604,0,0,244,0,12667684,419132,26088,1846632,2523200,1846632,676568,15456,67612,0,0,0,0,41230184,16119988,34359738367,87580,0,83280,0,0,0,0,0,0,0,0,0,0,0,2048,0,1493776,27707392,38797312
1777067473.001067,1067,ubuntu-rog,1,0,0,65683160,26529028,50542932,282940,22641092,0,14503652,21138840,12719296,25264,1784356,21113576,0,0,8388604,8388604,0,0,244,0,12718904,419132,26088,1846632,2523200,1846632,676568,15456,67712,0,0,0,0,41230184,16171208,34359738367,87580,0,83280,0,0,0,0,0,0,0,0,0,0,0,2048,0,1493776,27707392,38797312
1777067474.001068,1068,ubuntu-rog,1,0,0,65683160,26480644,50494556,282948,22641096,0,14554856,21138848,12770500,25264,1784356,21113584,0,0,8388604,8388604,0,0,248,0,12770124,419132,26088,1846632,2523200,1846632,676568,15456,67812,0,0,0,0,41230184,16222428,34359738367,87580,0,83280,0,0,0,0,0,0,0,0,0,0,0,2048,0,1493776,27707392,38797312
1777067475.002291,2291,ubuntu-rog,1,0,0,65683160,26432260,50446180,282948,22641100,0,14595968,21138856,12811612,25264,1784356,21113592,0,0,8388604,8388604,0,0,224,0,12811248,419132,26088,1846632,2523200,1846632,676568,15456,67912,0,0,0,0,41230184,16263404,34359738367,87580,0,83280,0,0,0,0,0,0,0,0,0,0,0,2048,0,1493776,27707392,38797312
1777067476.001203,1203,ubuntu-rog,1,0,0,65683160,26383860,50397780,282948,22641100,0,14646988,21138856,12862632,25264,1784356,21113592,0,0,8388604,8388604,0,0,224,0,12862324,419132,26088,1846632,2523200,1846632,676568,15456,67992,0,0,0,0,41230184,16314624,34359738367,87580,0,83280,0,0,0,0,0,0,0,0,0,0,0,2048,0,1493776,27707392,38797312
1777067477.001313,1313,ubuntu-rog,1,0,0,65683160,26327428,50341348,282948,22641104,0,14698200,21138856,12913844,25264,1784356,21113592,0,0,8388604,8388604,0,0,228,0,12913544,419132,26088,1846632,2523200,1846632,676568,15456,68092,0,0,0,0,41230184,16365844,34359738367,87580,0,83280,0,0,0,0,0,0,0,0,0,0,0,2048,0,1493776,27707392,38797312
1777067478.001075,1075,ubuntu-rog,1,0,0,65683160,26270964,50284884,282948,22641104,0,14749536,21138856,12965180,25264,1784356,21113592,0,0,8388604,8388604,0,0,84,0,12964764,419132,26088,1846632,2523200,1846632,676568,15456,68192,0,0,0,0,41230184,16417064,34359738367,87580,0,83280,0,0,0,0,0,0,0,0,0,0,0,2048,0,1493776,27707392,38797312
1777067479.004058,4058,ubuntu-rog,1,0,0,65683160,26222580,50236500,282948,22641104,0,14800784,21138856,13016428,25264,1784356,21113592,0,0,8388604,8388604,0,0,84,0,13016088,419132,26088,1846632,2523200,1846632,676568,15456,68292,0,0,0,0,41230184,16468284,34359738367,87580,0,83280,0,0,0,0,0,0,0,0,0,0,0,2048,0,1493776,27707392,38797312
1777067480.001304,1304,ubuntu-rog,1,0,0,65683160,26182276,50196208,282960,22641108,0,14841656,21138868,13057300,25264,1784356,21113604,0,0,8388604,8388604,0,0,84,0,13056960,419132,26088,1846632,2523200,1846632,676568,15456,68372,0,0,0,0,41230184,16509260,34359738367,87580,0,83280,0,0,0,0,0,0,0,0,0,0,0,2048,0,1493776,27707392,38797312
1777067481.001207,1207,ubuntu-rog,1,0,0,65683160,26133892,50147824,282960,22641112,0,14892868,21138868,13108512,25264,1784356,21113604,0,0,8388604,8388604,0,0,92,0,13108180,419132,26088,1846632,2523200,1846632,676568,15456,68472,0,0,0,0,41230184,16560480,34359738367,87580,0,83280,0,0,0,0,0,0,0,0,0,0,0,2048,0,1493776,27707392,38797312
1777067482.001306,1306,ubuntu-rog,1,0,0,65683160,26077428,50091360,282960,22641112,0,14944080,21138868,13159724,25264,1784356,21113604,0,0,8388604,8388604,0,0,44,0,13159400,419132,26088,1846632,2523200,1846632,676568,15456,68572,0,0,0,0,41230184,16611700,34359738367,87580,0,83280,0,0,0,0,0,0,0,0,0,0,0,2048,0,1493776,27707392,38797312
1777067483.001078,1078,ubuntu-rog,1,0,0,65683160,26025424,50039356,282960,22641116,0,14995292,21138868,13210936,25264,1784356,21113604,0,0,8388604,8388604,0,0,48,0,13210620,419132,26088,1846632,2523200,1846632,676568,15456,68672,0,0,0,0,41230184,16662920,34359738367,87580,0,83280,0,0,0,0,0,0,0,0,0,0,0,2048,0,1493776,27707392,38797312
1777067484.001097,1097,ubuntu-rog,1,0,0,65683160,25416760,49430788,282960,22641120,0,15537964,21138964,13753608,25264,1784356,21113700,0,0,8388604,8388604,0,0,52,0,13754264,419132,26088,1846632,2523200,1846632,676568,15456,69344,0,0,0,0,41230184,17212220,34359738367,87580,0,83280,0,0,0,0,0,0,0,0,0,0,0,2048,0,1493776,27707392,38797312
1777067485.001325,1325,ubuntu-rog,1,0,0,65683160,25805776,49819812,282968,22641120,0,15176196,21138972,13391840,25264,1784356,21113708,0,0,8388604,8388604,0,0,60,0,13391148,419132,26088,1846632,2523200,1846632,676568,15456,69036,0,0,0,0,41230184,16920912,34359738367,87580,0,83280,0,0,0,0,0,0,0,0,0,0,0,2048,0,1493776,27707392,38797312
1777067486.001227,1227,ubuntu-rog,1,0,0,65683160,25804280,49818316,282968,22641124,0,15169372,21138972,13385016,25264,1784356,21113708,0,0,8388604,8388604,0,0,64,0,13385288,419132,26088,1846632,2523200,1846632,676568,15456,69012,0,0,0,0,41230184,16837588,34359738367,87580,0,83280,0,0,0,0,0,0,0,0,0,0,0,2048,0,1493776,27707392,38797312
1777067487.001320,1320,ubuntu-rog,1,0,0,65683160,25752116,49766152,282968,22641128,0,15220584,21138972,13436228,25264,1784356,21113708,0,0,8388604,8388604,0,0,68,0,13436508,419132,26088,1846632,2523200,1846632,676568,15456,69112,0,0,0,0,41230184,16888808,34359738367,87580,0,83280,0,0,0,0,0,0,0,0,0,0,0,2048,0,1493776,27707392,38797312
1777067488.001074,1074,ubuntu-rog,1,0,0,65683160,25707644,49721680,282968,22641128,0,15271796,21138972,13487440,25264,1784356,21113708,0,0,8388604,8388604,0,0,68,0,13487728,419132,26088,1846632,2523200,1846632,676568,15456,69216,0,0,0,0,41230184,16940028,34359738367,87580,0,83280,0,0,0,0,0,0,0,0,0,0,0,2048,0,1493776,27707392,38797312
1777067489.002057,2057,ubuntu-rog,1,0,0,65683160,25670432,49684468,282968,22641128,0,15312840,21138972,13528484,25264,1784356,21113708,0,0,8388604,8388604,0,0,68,0,13528704,419132,26088,1846632,2523200,1846632,676568,15456,69296,0,0,0,0,41230184,16981004,34359738367,87580,0,83280,0,0,0,0,0,0,0,0,0,0,0,2048,0,1493776,27707392,38797312
1777067490.001311,1311,ubuntu-rog,1,0,0,65683160,25625132,49639168,282968,22641128,0,15364080,21138972,13579724,25264,1784356,21113708,0,0,8388604,8388604,0,0,52,16,13579924,419132,26088,1846632,2523200,1846632,676568,15456,69396,0,0,0,0,41230184,17032224,34359738367,87580,0,83280,0,0,0,0,0,0,0,0,0,0,0,2048,0,1493776,27707392,38797312
1777067491.001219,1219,ubuntu-rog,1,0,0,65683160,25577088,49591124,282976,22641132,0,15415292,21138972,13630936,25264,1784356,21113708,0,0,8388604,8388604,0,0,68,0,13631144,419132,26088,1846632,2523200,1846632,676568,15456,69496,0,0,0,0,41230184,17083444,34359738367,87580,0,83280,0,0,0,0,0,0,0,0,0,0,0,2048,0,1493776,27707392,38797312
1777067492.001319,1319,ubuntu-rog,1,0,0,65683160,25521128,49535164,282976,22641136,0,15466504,21138972,13682148,25264,1784356,21113708,0,0,8388604,8388604,0,0,72,0,13682364,419132,26088,1846632,2523200,1846632,676568,15456,69596,0,0,0,0,41230184,17134664,34359738367,87580,0,83280,0,0,0,0,0,0,0,0,0,0,0,2048,0,1493776,27707392,38797312
1777067493.003056,3056,ubuntu-rog,1,0,0,65683160,25472844,49486880,282976,22641136,0,15517716,21138972,13733360,25264,1784356,21113708,0,0,8388604,8388604,0,0,72,0,13733584,419132,26088,1846632,2523200,1846632,676568,15456,69696,0,0,0,0,41230184,17185884,34359738367,87580,0,83280,0,0,0,0,0,0,0,0,0,0,0,2048,0,1493776,27707392,38797312
1777067494.001069,1069,ubuntu-rog,1,0,0,65683160,25432928,49446964,282976,22641140,0,15558636,21138972,13774280,25264,1784356,21113708,0,0,8388604,8388604,0,0,76,0,13774560,419132,26088,1846632,2523200,1846632,676568,15456,69776,0,0,0,0,41230184,17226860,34359738367,87580,0,83280,0,0,0,0,0,0,0,0,0,0,0,2048,0,1493776,27707392,38797312
1777067495.001316,1316,ubuntu-rog,1,0,0,65683160,25385872,49399908,282976,22641144,0,15609972,21138972,13825616,25264,1784356,21113708,0,0,8388604,8388604,0,0,84,0,13825780,419132,26088,1846632,2523200,1846632,676568,15456,69876,0,0,0,0,41230184,17278080,34359738367,87580,0,83280,0,0,0,0,0,0,0,0,0,0,0,2048,0,1493776,27707392,38797312
1777067496.001214,1214,ubuntu-rog,1,0,0,65683160,25330468,49344504,282988,22641144,0,15661184,21138972,13876828,25264,1784356,21113708,0,0,8388604,8388604,0,0,52,0,13877000,419132,26088,1846632,2523200,1846632,676568,15456,69976,0,0,0,0,41230184,17329300,34359738367,87580,0,83280,0,0,0,0,0,0,0,0,0,0,0,2048,0,1493776,27707392,38797312
1777067497.001313,1313,ubuntu-rog,1,0,0,65683160,25283792,49297828,282988,22641148,0,15712396,21138972,13928040,25264,1784356,21113708,0,0,8388604,8388604,0,0,56,0,13928220,419132,26088,1846632,2523200,1846632,676568,15456,70076,0,0,0,0,41230184,17380520,34359738367,87580,0,83280,0,0,0,0,0,0,0,0,0,0,0,2048,0,1493776,27707392,38797312
1777067498.001069,1069,ubuntu-rog,1,0,0,65683160,25236548,49250584,282988,22641152,0,15759164,21138972,13974808,25264,1784356,21113708,0,0,8388604,8388604,0,0,64,0,13975404,419132,26088,1846632,2523200,1846632,676568,15456,70176,0,0,0,0,41230184,17431740,34359738367,87580,0,83280,0,0,0,0,0,0,0,0,0,0,0,2048,0,1493776,27707392,38797312
1777067499.001065,1065,ubuntu-rog,1,0,0,65683160,25188540,49202576,282988,22641152,0,15804528,21138972,14020172,25264,1784356,21113708,0,0,8388604,8388604,0,0,64,0,14020420,419132,26088,1846632,2523200,1846632,676568,15456,70256,0,0,0,0,41230184,17472716,34359738367,87580,0,83280,0,0,0,0,0,0,0,0,0,0,0,2048,0,1493776,27707392,38797312
1777067500.004301,4301,ubuntu-rog,1,0,0,65683160,25144312,49158348,282988,22641152,0,15855740,21138972,14071384,25264,1784356,21113708,0,0,8388604,8388604,0,0,64,0,14071640,419132,26088,1846632,2523200,1846632,676568,15456,70356,0,0,0,0,41230184,17523936,34359738367,87580,0,83280,0,0,0,0,0,0,0,0,0,0,0,2048,0,1493776,27707392,38797312
1777067501.001218,1218,ubuntu-rog,1,0,0,65683160,25090836,49104872,282988,22641156,0,15906952,21138972,14122596,25264,1784356,21113708,0,0,8388604,8388604,0,0,68,0,14122860,419132,26088,1846632,2523200,1846632,676568,15456,70456,0,0,0,0,41230184,17575156,34359738367,87580,0,83280,0,0,0,0,0,0,0,0,0,0,0,2048,0,1493776,27707392,38797312
1777067502.001316,1316,ubuntu-rog,1,0,0,65683160,25049836,49063872,282996,22641156,0,15958480,21138972,14174124,25264,1784356,21113708,0,0,8388604,8388604,0,0,68,0,14174288,419132,26088,1846632,2523200,1846632,676568,15456,70556,0,0,0,0,41230184,17626376,34359738367,87580,0,83280,0,0,0,0,0,0,0,0,0,0,0,2048,0,1493776,27707392,38797312
1777067503.001073,1073,ubuntu-rog,1,0,0,65683160,25005584,49019620,282996,22641160,0,15999208,21138972,14214852,25264,1784356,21113708,0,0,8388604,8388604,0,0,72,0,14215056,419132,26088,1846632,2523200,1846632,676568,15456,70636,0,0,0,0,41230184,17667352,34359738367,87580,0,83280,0,0,0,0,0,0,0,0,0,0,0,2048,0,1493776,27707392,38797312
1777067504.001073,1073,ubuntu-rog,1,0,0,65683160,24960536,48974572,282996,22641160,0,16050640,21138972,14266284,25264,1784356,21113708,0,0,8388604,8388604,0,0,72,0,14266468,419132,26088,1846632,2523200,1846632,676568,15456,70740,0,0,0,0,41230184,17718740,34359738367,87580,0,83280,0,0,0,0,0,0,0,0,0,0,0,2048,0,1493776,27707392,38797312
1777067505.001311,1311,ubuntu-rog,1,0,0,65683160,24905800,48919836,282996,22641164,0,16101852,21138972,14317496,25264,1784356,21113708,0,0,8388604,8388604,0,0,76,0,14317688,419132,26088,1846632,2523200,1846632,676568,15456,70840,0,0,0,0,41230184,17769960,34359738367,87580,0,83280,0,0,0,0,0,0,0,0,0,0,0,2048,0,1493776,27707392,38797312
1777067506.001213,1213,ubuntu-rog,1,0,0,65683160,24858560,48872596,282996,22641164,0,16153064,21138972,14368708,25264,1784356,21113708,0,0,8388604,8388604,0,0,52,0,14368908,419132,26088,1846632,2523200,1846632,676568,15456,70940,0,0,0,0,41230184,17821180,34359738367,87580,0,83280,0,0,0,0,0,0,0,0,0,0,0,2048,0,1493776,27707392,38797312
1777067507.001315,1315,ubuntu-rog,1,0,0,65683160,24810292,48824328,282996,22641168,0,16204276,21138972,14419920,25264,1784356,21113708,0,0,8388604,8388604,0,0,56,0,14420128,419132,26088,1846632,2523200,1846632,676568,15456,71040,0,0,0,0,41230184,17872400,34359738367,87580,0,83280,0,0,0,0,0,0,0,0,0,0,0,2048,0,1493776,27707392,38797312
1777067508.001064,1064,ubuntu-rog,1,0,0,65683160,24762396,48776432,283008,22641176,0,16245320,21138972,14460964,25264,1784356,21113708,0,0,8388604,8388604,0,0,68,0,14461104,419132,26088,1846632,2523200,1846632,676568,15456,71120,0,0,0,0,41230184,17913376,34359738367,87580,0,83280,0,0,0,0,0,0,0,0,0,0,0,2048,0,1493776,27707392,38797312
1777067509.001068,1068,ubuntu-rog,1,0,0,65683160,24714516,48728552,283008,22641176,0,16296532,21138972,14512176,25264,1784356,21113708,0,0,8388604,8388604,0,0,68,0,14512324,419132,26088,1846632,2523200,1846632,676568,15456,71224,0,0,0,0,41230184,17964596,34359738367,87580,0,83280,0,0,0,0,0,0,0,0,0,0,0,2048,0,1493776,27707392,38797312
1777067510.002302,2302,ubuntu-rog,1,0,0,65683160,24666148,48680184,283008,22641176,0,16347744,21138972,14563388,25264,1784356,21113708,0,0,8388604,8388604,0,0,68,0,14563544,419132,26088,1846632,2523200,1846632,676568,15456,71324,0,0,0,0,41230184,18015816,34359738367,87580,0,83280,0,0,0,0,0,0,0,0,0,0,0,2048,0,1493776,27707392,38797312
1777067511.001218,1218,ubuntu-rog,1,0,0,65683160,24610188,48624224,283008,22641176,0,16398956,21138972,14614600,25264,1784356,21113708,0,0,8388604,8388604,0,0,68,0,14614764,419132,26088,1846632,2523200,1846632,676568,15456,71424,0,0,0,0,41230184,18067036,34359738367,87580,0,83280,0,0,0,0,0,0,0,0,0,0,0,2048,0,1493776,27707392,38797312
1777067512.001309,1309,ubuntu-rog,1,0,0,65683160,24570808,48584844,283008,22641180,0,16440068,21138972,14655712,25264,1784356,21113708,0,0,8388604,8388604,0,0,72,0,14655884,419132,26088,1846632,2523200,1846632,676568,15456,71524,0,0,0,0,41230184,18108012,34359738367,87580,0,83280,0,0,0,0,0,0,0,0,0,0,0,2048,0,1493776,27707392,38797312
1777067513.001067,1067,ubuntu-rog,1,0,0,65683160,24523392,48537428,283016,22641180,0,16491088,21138972,14706732,25264,1784356,21113708,0,0,8388604,8388604,0,0,72,0,14706960,419132,26088,1846632,2523200,1846632,676568,15456,71604,0,0,0,0,41230184,18159232,34359738367,87580,0,83280,0,0,0,0,0,0,0,0,0,0,0,2048,0,1493776,27707392,38797312
1777067514.003057,3057,ubuntu-rog,1,0,0,65683160,24468488,48482524,283016,22641184,0,16542348,21138972,14757992,25264,1784356,21113708,0,0,8388604,8388604,0,0,76,0,14758136,419132,26088,1846632,2523200,1846632,676568,15456,71704,0,0,0,0,41230184,18210452,34359738367,87580,0,83280,0,0,0,0,0,0,0,0,0,0,0,2048,0,1493776,27707392,38797312
1777067515.001313,1313,ubuntu-rog,1,0,0,65683160,24420796,48434832,283016,22641188,0,16593560,21138972,14809204,25264,1784356,21113708,0,0,8388604,8388604,0,0,80,0,14809356,419132,26088,1846632,2523200,1846632,676568,15456,71804,0,0,0,0,41230184,18261672,34359738367,87580,0,83280,0,0,0,0,0,0,0,0,0,0,0,2048,0,1493776,27707392,38797312
1777067516.001229,1229,ubuntu-rog,1,0,0,65683160,24372816,48386852,283016,22641188,0,16644772,21138972,14860416,25264,1784356,21113708,0,0,8388604,8388604,0,0,52,0,14860576,419132,26088,1846632,2523200,1846632,676568,15456,71904,0,0,0,0,41230184,18312892,34359738367,87580,0,83280,0,0,0,0,0,0,0,0,0,0,0,2048,0,1493776,27707392,38797312
1777067517.001311,1311,ubuntu-rog,1,0,0,65683160,24325324,48339360,283016,22641188,0,16685816,21138972,14901460,25264,1784356,21113708,0,0,8388604,8388604,0,0,52,0,14901552,419132,26088,1846632,2523200,1846632,676568,15456,71984,0,0,0,0,41230184,18353868,34359738367,87580,0,83280,0,0,0,0,0,0,0,0,0,0,0,2048,0,1493776,27707392,38797312
1777067518.001067,1067,ubuntu-rog,1,0,0,65683160,24277660,48291696,283016,22641192,0,16737028,21138972,14952672,25264,1784356,21113708,0,0,8388604,8388604,0,0,56,0,14952772,419132,26088,1846632,2523200,1846632,676568,15456,72084,0,0,0,0,41230184,18405088,34359738367,87580,0,83280,0,0,0,0,0,0,0,0,0,0,0,2048,0,1493776,27707392,38797312
1777067519.001074,1074,ubuntu-rog,1,0,0,65683160,24221600,48235708,283024,22641200,0,16788292,21139044,15003936,25264,1784356,21113780,0,0,8388604,8388604,0,0,72,0,15003992,419132,26088,1846632,2523200,1846632,676568,15456,72184,0,0,0,0,41230184,18456308,34359738367,87580,0,83280,0,0,0,0,0,0,0,0,0,0,0,2048,0,1493776,27707392,38797312
1777067520.001308,1308,ubuntu-rog,1,0,0,65683160,24174124,48188232,283024,22641200,0,16839504,21139044,15055148,25264,1784356,21113780,0,0,8388604,8388604,0,0,72,0,15055212,419132,26088,1846632,2523200,1846632,676568,15456,72284,0,0,0,0,41230184,18507528,34359738367,87580,0,83280,0,0,0,0,0,0,0,0,0,0,0,2048,0,1493776,27707392,38797312
1777067521.004202,4202,ubuntu-rog,1,0,0,65683160,24125940,48140048,283024,22641200,0,16890648,21139044,15106292,25264,1784356,21113780,0,0,8388604,8388604,0,0,72,0,15106692,419132,26088,1846632,2523200,1846632,676568,15456,72364,0,0,0,0,41230184,18558748,34359738367,87580,0,83280,0,0,0,0,0,0,0,0,0,0,0,2048,0,1493776,27707392,38797312
1777067522.001317,1317,ubuntu-rog,1,0,0,65683160,24086040,48100148,283024,22641204,0,16931760,21139044,15147404,25264,1784356,21113780,0,0,8388604,8388604,0,0,76,0,15147408,419132,26088,1846632,2523200,1846632,676568,15456,72464,0,0,0,0,41230184,18599724,34359738367,87580,0,83280,0,0,0,0,0,0,0,0,0,0,0,2048,0,1493776,27707392,38797312
1777067523.001071,1071,ubuntu-rog,1,0,0,65683160,24030080,48044188,283024,22641204,0,16982972,21139044,15198616,25264,1784356,21113780,0,0,8388604,8388604,0,0,76,0,15198628,419132,26088,1846632,2523200,1846632,676568,15456,72564,0,0,0,0,41230184,18650944,34359738367,87580,0,83280,0,0,0,0,0,0,0,0,0,0,0,2048,0,1493776,27707392,38797312
1777067524.001067,1067,ubuntu-rog,1,0,0,65683160,23981812,47995920,283024,22641204,0,17034184,21139044,15249828,25264,1784356,21113780,0,0,8388604,8388604,0,0,76,0,15249848,419132,26088,1846632,2523200,1846632,676568,15456,72664,0,0,0,0,41230184,18702164,34359738367,87580,0,83280,0,0,0,0,0,0,0,0,0,0,0,2048,0,1493776,27707392,38797312
1777067525.001318,1318,ubuntu-rog,1,0,0,65683160,23925852,47939960,283032,22641212,0,17085396,21139044,15301040,25264,1784356,21113780,0,0,8388604,8388604,0,0,88,0,15301068,419132,26088,1846632,2523200,1846632,676568,15456,72764,0,0,0,0,41230184,18753384,34359738367,87580,0,83280,0,0,0,0,0,0,0,0,0,0,0,2048,0,1493776,27707392,38797312
1777067526.001214,1214,ubuntu-rog,1,0,0,65683160,23886036,47900144,283032,22641212,0,17126336,21139044,15341980,25264,1784356,21113780,0,0,8388604,8388604,0,0,32,0,15342044,419132,26088,1846632,2523200,1846632,676568,15456,72844,0,0,0,0,41230184,18794360,34359738367,87580,0,83280,0,0,0,0,0,0,0,0,0,0,0,2048,0,1493776,27707392,38797312
1777067527.001310,1310,ubuntu-rog,1,0,0,65683160,23837668,47851776,283032,22641212,0,17177548,21139044,15393192,25264,1784356,21113780,0,0,8388604,8388604,0,0,32,0,15393264,419132,26088,1846632,2523200,1846632,676568,15456,72944,0,0,0,0,41230184,18845580,34359738367,87580,0,83280,0,0,0,0,0,0,0,0,0,0,0,2048,0,1493776,27707392,38797312
1777067528.001071,1071,ubuntu-rog,1,0,0,65683160,23781708,47795816,283032,22641212,0,17228760,21139044,15444404,25264,1784356,21113780,0,0,8388604,8388604,0,0,32,0,15444484,419132,26088,1846632,2523200,1846632,676568,15456,73044,0,0,0,0,41230184,18896800,34359738367,87580,0,83280,0,0,0,0,0,0,0,0,0,0,0,2048,0,1493776,27707392,38797312
1777067529.001070,1070,ubuntu-rog,1,0,0,65683160,23733828,47747936,283032,22641216,0,17279972,21139044,15495616,25264,1784356,21113780,0,0,8388604,8388604,0,0,40,0,15495704,419132,26088,1846632,2523200,1846632,676568,15456,73144,0,0,0,0,41230184,18948020,34359738367,87580,0,83280,0,0,0,0,0,0,0,0,0,0,0,2048,0,1493776,27707392,38797312
1777067530.001314,1314,ubuntu-rog,1,0,0,65683160,23685864,47699972,283032,22641220,0,17331308,21139044,15546952,25264,1784356,21113780,0,0,8388604,8388604,0,0,44,0,15546924,419132,26088,1846632,2523200,1846632,676568,15456,73248,0,0,0,0,41230184,18999240,34359738367,87580,0,83280,0,0,0,0,0,0,0,0,0,0,0,2048,0,1493776,27707392,38797312
1777067531.001235,1235,ubuntu-rog,1,0,0,65683160,23645272,47659380,283044,22641224,0,17372320,21139044,15587964,25264,1784356,21113780,0,0,8388604,8388604,0,0,72,0,15588020,419132,26088,1846632,2523200,1846632,676568,15456,73368,0,0,0,0,41230184,19040048,34359738367,87580,0,83280,0,0,0,0,0,0,0,0,0,0,0,2048,0,1493776,27707392,38797312
1777067532.002303,2303,ubuntu-rog,1,0,0,65683160,23589684,47603792,283044,22641228,0,17423272,21139044,15638916,25264,1784356,21113780,0,0,8388604,8388604,0,0,76,0,15638952,419132,26088,1846632,2523200,1846632,676568,15456,73428,0,0,0,0,41230184,19091268,34359738367,87580,0,83280,0,0,0,0,0,0,0,0,0,0,0,2048,0,1493776,27707392,38797312
1777067533.001062,1062,ubuntu-rog,1,0,0,65683160,23541720,47555828,283044,22641228,0,17474484,21139044,15690128,25264,1784356,21113780,0,0,8388604,8388604,0,0,76,0,15690172,419132,26088,1846632,2523200,1846632,676568,15456,73528,0,0,0,0,41230184,19142488,34359738367,87580,0,83280,0,0,0,0,0,0,0,0,0,0,0,2048,0,1493776,27707392,38797312
1777067534.001058,1058,ubuntu-rog,1,0,0,65683160,23485760,47499868,283044,22641228,0,17525696,21139044,15741340,25264,1784356,21113780,0,0,8388604,8388604,0,0,76,0,15741392,419132,26088,1846632,2523200,1846632,676568,15456,73628,0,0,0,0,41230184,19193708,34359738367,87580,0,83280,0,0,0,0,0,0,0,0,0,0,0,2048,0,1493776,27707392,38797312
1777067535.001294,1294,ubuntu-rog,1,0,0,65683160,23437744,47451852,283044,22641228,0,17576908,21139044,15792552,25264,1784356,21113780,0,0,8388604,8388604,0,0,76,0,15792612,419132,26088,1846632,2523200,1846632,676568,15456,73728,0,0,0,0,41230184,19244928,34359738367,87580,0,83280,0,0,0,0,0,0,0,0,0,0,0,2048,0,1493776,27707392,38797312
1777067536.002197,2197,ubuntu-rog,1,0,0,65683160,23398484,47412592,283052,22641236,0,17618020,21139044,15833664,25264,1784356,21113780,0,0,8388604,8388604,0,0,88,0,15833588,419132,26088,1846632,2523200,1846632,676568,15456,73808,0,0,0,0,41230184,19285904,34359738367,87564,0,83280,0,0,0,0,0,0,0,0,0,0,0,2048,0,1493776,27707392,38797312
1777067537.001181,1181,ubuntu-rog,1,0,0,65683160,23342116,47356224,283052,22641236,0,17669492,21139044,15885136,25264,1784356,21113780,0,0,8388604,8388604,0,0,60,0,15885096,419132,26088,1846632,2523200,1846632,676568,15456,73948,0,0,0,0,41230184,19337124,34359738367,87564,0,83280,0,0,0,0,0,0,0,0,0,0,0,2048,0,1493776,27707392,38797312
1777067538.002062,2062,ubuntu-rog,1,0,0,65683160,23294356,47308464,283052,22641236,0,17720444,21139044,15936088,25264,1784356,21113780,0,0,8388604,8388604,0,0,60,0,15936028,419132,26088,1846632,2523200,1846632,676568,15456,74008,0,0,0,0,41230184,19388344,34359738367,87564,0,83280,0,0,0,0,0,0,0,0,0,0,0,2048,0,1493776,27707392,38797312
1777067539.001064,1064,ubuntu-rog,1,0,0,65683160,23238388,47252496,283052,22641240,0,17771656,21139044,15987300,25264,1784356,21113780,0,0,8388604,8388604,0,0,64,0,15987248,419132,26088,1846632,2523200,1846632,676568,15456,74108,0,0,0,0,41230184,19439564,34359738367,87564,0,83280,0,0,0,0,0,0,0,0,0,0,0,2048,0,1493776,27707392,38797312
1777067540.001302,1302,ubuntu-rog,1,0,0,65683160,23198480,47212588,283052,22641240,0,17819040,21139044,16034684,25264,1784356,21113780,0,0,8388604,8388604,0,0,64,0,16034688,419132,26088,1846632,2523200,1846632,676568,15456,74188,0,0,0,0,41230184,19490784,34359738367,87548,0,83280,0,0,0,0,0,0,0,0,0,0,0,2048,0,1493776,27707392,38797312
1777067541.001200,1200,ubuntu-rog,1,0,0,65683160,23150196,47164304,283052,22641244,0,17863788,21139044,16079432,25264,1784356,21113780,0,0,8388604,8388604,0,0,72,0,16079444,419132,26088,1846632,2523200,1846632,676568,15408,74288,0,0,0,0,41230184,19531760,34359738367,87548,0,83280,0,0,0,0,0,0,0,0,0,0,0,2048,0,1493776,27707392,38797312
1777067542.002299,2299,ubuntu-rog,1,0,0,65683160,23102332,47116540,283064,22641244,0,17915024,21139144,16130668,25264,1784356,21113880,0,0,8388604,8388604,0,0,72,0,16130664,419132,26088,1846632,2523200,1846632,676568,15408,74388,0,0,0,0,41230184,19582980,34359738367,87548,0,83280,0,0,0,0,0,0,0,0,0,0,0,2048,0,1493776,27707392,38797312
1777067543.001063,1063,ubuntu-rog,1,0,0,65683160,23046372,47060580,283064,22641248,0,17966360,21139144,16182004,25264,1784356,21113880,0,0,8388604,8388604,0,0,76,0,16181884,419132,26088,1846632,2523200,1846632,676568,15408,74488,0,0,0,0,41230184,19634200,34359738367,87548,0,83280,0,0,0,0,0,0,0,0,0,0,0,2048,0,1493776,27707392,38797312
1777067544.001069,1069,ubuntu-rog,1,0,0,65683160,22990176,47004384,283064,22641252,0,18017448,21139144,16233092,25264,1784356,21113880,0,0,8388604,8388604,0,0,80,0,16233104,419132,26088,1846632,2523200,1846632,676568,15408,74588,0,0,0,0,41230184,19685420,34359738367,87548,0,83280,0,0,0,0,0,0,0,0,0,0,0,2048,0,1493776,27707392,38797312
1777067545.001295,1295,ubuntu-rog,1,0,0,65683160,22949872,46964080,283064,22641252,0,18058560,21139144,16274204,25264,1784356,21113880,0,0,8388604,8388604,0,0,80,0,16274224,419132,26088,1846632,2523200,1846632,676568,15408,74688,0,0,0,0,41230184,19726396,34359738367,87548,0,83280,0,0,0,0,0,0,0,0,0,0,0,2048,0,1493776,27707392,38797312
1777067546.002195,2195,ubuntu-rog,1,0,0,65683160,22901488,46915696,283064,22641256,0,18109704,21139144,16325348,25264,1784356,21113880,0,0,8388604,8388604,0,0,84,0,16325300,419132,26088,1846632,2523200,1846632,676568,15408,74768,0,0,0,0,41230184,19777616,34359738367,87548,0,83280,0,0,0,0,0,0,0,0,0,0,0,2048,0,1493776,27707392,38797312
1777067547.001304,1304,ubuntu-rog,1,0,0,65683160,22845040,46859248,283064,22641260,0,18160916,21139144,16376560,25264,1784356,21113880,0,0,8388604,8388604,0,0,88,0,16376520,419132,26088,1846632,2523200,1846632,676568,15408,74868,0,0,0,0,41230184,19828836,34359738367,87548,0,83280,0,0,0,0,0,0,0,0,0,0,0,2048,0,1493776,27707392,38797312
1777067548.001063,1063,ubuntu-rog,1,0,0,65683160,22788576,46802784,283072,22641260,0,18212128,21139144,16427772,25264,1784356,21113880,0,0,8388604,8388604,0,0,88,0,16427740,419132,26088,1846632,2523200,1846632,676568,15408,74968,0,0,0,0,41230184,19880056,34359738367,87532,0,83280,0,0,0,0,0,0,0,0,0,0,0,2048,0,1493776,27707392,38797312
1777067549.001068,1068,ubuntu-rog,1,0,0,65683160,22740208,46754416,283072,22641260,0,18263340,21139144,16478984,25264,1784356,21113880,0,0,8388604,8388604,0,0,88,0,16478960,419132,26088,1846632,2523200,1846632,676568,15392,75068,0,0,0,0,41230184,19931276,34359738367,87532,0,83280,0,0,0,0,0,0,0,0,0,0,0,2048,0,1493776,27707392,38797312
1777067550.002332,2332,ubuntu-rog,1,0,0,65683160,22699768,46713984,283072,22641264,0,18304520,21139152,16520164,25264,1784356,21113888,0,0,8388604,8388604,0,0,56,0,16520224,419132,26088,1846632,2523200,1846632,676568,15392,75188,0,0,0,0,41230184,19972252,34359738367,87532,0,83280,0,0,0,0,0,0,0,0,0,0,0,2048,0,1493776,27707392,38797312
1777067551.001208,1208,ubuntu-rog,1,0,0,65683160,22649128,46663344,283072,22641264,0,18355472,21139152,16571116,25264,1784356,21113888,0,0,8388604,8388604,0,0,56,0,16571156,419132,26088,1846632,2523200,1846632,676568,15392,75248,0,0,0,0,41230184,20023472,34359738367,87532,0,83280,0,0,0,0,0,0,0,0,0,0,0,2048,0,1493776,27707392,38797312
1777067552.001307,1307,ubuntu-rog,1,0,0,65683160,22596820,46611036,283072,22641268,0,18406684,21139152,16622328,25264,1784356,21113888,0,0,8388604,8388604,0,0,60,0,16622376,419132,26088,1846632,2523200,1846632,676568,15392,75352,0,0,0,0,41230184,20074692,34359738367,87532,0,83280,0,0,0,0,0,0,0,0,0,0,0,2048,0,1493776,27707392,38797312
1777067553.001063,1063,ubuntu-rog,1,0,0,65683160,22540860,46555076,283080,22641272,0,18457896,21139152,16673540,25264,1784356,21113888,0,0,8388604,8388604,0,0,68,0,16673596,419132,26088,1846632,2523200,1846632,676568,15392,75452,0,0,0,0,41230184,20125912,34359738367,87532,0,83280,0,0,0,0,0,0,0,0,0,0,0,2048,0,1493776,27707392,38797312
1777067554.002061,2061,ubuntu-rog,1,0,0,65683160,22492980,46507196,283080,22641272,0,18509108,21139152,16724752,25264,1784356,21113888,0,0,8388604,8388604,0,0,68,0,16724816,419132,26088,1846632,2523200,1846632,676568,15392,75552,0,0,0,0,41230184,20177132,34359738367,87532,0,83280,0,0,0,0,0,0,0,0,0,0,0,2048,0,1493776,27707392,38797312
1777067555.001302,1302,ubuntu-rog,1,0,0,65683160,22452692,46466908,283080,22641272,0,18550220,21139152,16765864,25264,1784356,21113888,0,0,8388604,8388604,0,0,68,0,16765936,419132,26088,1846632,2523200,1846632,676568,15392,75652,0,0,0,0,41230184,20218108,34359738367,87532,0,83280,0,0,0,0,0,0,0,0,0,0,0,2048,0,1493776,27707392,38797312
1777067556.001204,1204,ubuntu-rog,1,0,0,65683160,22396708,46410924,283080,22641276,0,18601364,21139152,16817008,25264,1784356,21113888,0,0,8388604,8388604,0,0,72,0,16817012,419132,26088,1846632,2523200,1846632,676568,15392,75732,0,0,0,0,41230184,20269328,34359738367,87532,0,83280,0,0,0,0,0,0,0,0,0,0,0,2048,0,1493776,27707392,38797312
1777067557.001309,1309,ubuntu-rog,1,0,0,65683160,22349088,46363304,283080,22641280,0,18652656,21139152,16868300,25264,1784356,21113888,0,0,8388604,8388604,0,0,36,0,16868232,419132,26088,1846632,2523200,1846632,676568,15392,75836,0,0,0,0,41230184,20320548,34359738367,87532,0,83280,0,0,0,0,0,0,0,0,0,0,0,2048,0,1493776,27707392,38797312
1777067558.002061,2061,ubuntu-rog,1,0,0,65683160,22300720,46314936,283092,22641284,0,18703868,21139152,16919512,25264,1784356,21113888,0,0,8388604,8388604,0,0,60,0,16919452,419132,26088,1846632,2523200,1846632,676568,15392,75936,0,0,0,0,41230184,20371768,34359738367,87532,0,83280,0,0,0,0,0,0,0,0,0,0,0,2048,0,1493776,27707392,38797312
1777067559.001065,1065,ubuntu-rog,1,0,0,65683160,22244760,46258976,283092,22641284,0,18755080,21139152,16970724,25264,1784356,21113888,0,0,8388604,8388604,0,0,60,0,16970672,419132,26088,1846632,2523200,1846632,676568,15392,76036,0,0,0,0,41230184,20422988,34359738367,87532,0,83280,0,0,0,0,0,0,0,0,0,0,0,2048,0,1493776,27707392,38797312
1777067560.001303,1303,ubuntu-rog,1,0,0,65683160,22204944,46219160,283092,22641288,0,18796124,21139152,17011768,25264,1784356,21113888,0,0,8388604,8388604,0,0,68,0,17011648,419132,26088,1846632,2523200,1846632,676568,15392,76116,0,0,0,0,41230184,20463964,34359738367,87548,0,83280,0,0,0,0,0,0,0,0,0,0,0,2048,0,1493776,27707392,38797312
1777067561.001196,1196,ubuntu-rog,1,0,0,65683160,22156576,46170792,283092,22641288,0,18847336,21139152,17062980,25264,1784356,21113888,0,0,8388604,8388604,0,0,68,0,17062868,419132,26088,1846632,2523200,1846632,676568,15392,76216,0,0,0,0,41230184,20515184,34359738367,87548,0,83280,0,0,0,0,0,0,0,0,0,0,0,2048,0,1493776,27707392,38797312
1777067562.002300,2300,ubuntu-rog,1,0,0,65683160,22100616,46114832,283092,22641288,0,18898548,21139152,17114192,25264,1784356,21113888,0,0,8388604,8388604,0,0,52,0,17114088,419132,26088,1846632,2523204,1846632,676572,15392,76316,0,0,0,0,41230184,20566404,34359738367,87548,0,83280,0,0,0,0,0,0,0,0,0,0,0,2048,0,1493776,27707392,38797312
1777067563.001429,1429,ubuntu-rog,1,0,0,65683160,22052380,46066596,283092,22641296,0,18950020,21139152,17165664,25264,1784356,21113888,0,0,8388604,8388604,0,0,60,0,17165596,419132,26088,1846632,2523204,1846632,676572,15392,76456,0,0,0,0,41230184,20617624,34359738367,87548,0,83280,0,0,0,0,0,0,0,0,0,0,0,2048,0,1493776,27707392,38797312
1777067564.002065,2065,ubuntu-rog,1,0,0,65683160,22004756,46018972,283100,22641296,0,18996740,21139152,17212384,25264,1784356,21113888,0,0,8388604,8388604,0,0,64,0,17212748,419132,26088,1846632,2523200,1846632,676568,15392,76496,0,0,0,0,41230184,20668844,34359738367,87548,0,83280,0,0,0,0,0,0,0,0,0,0,0,2048,0,1493776,27707392,38797312
1777067565.001301,1301,ubuntu-rog,1,0,0,65683160,21956876,45971092,283100,22641296,0,19041892,21139152,17257536,25264,1784356,21113888,0,0,8388604,8388604,0,0,64,0,17257504,419132,26088,1846632,2523200,1846632,676568,15392,76596,0,0,0,0,41230184,20709820,34359738367,87548,0,83280,0,0,0,0,0,0,0,0,0,0,0,2048,0,1493776,27707392,38797312
1777067566.001203,1203,ubuntu-rog,1,0,0,65683160,21908592,45922808,283100,22641296,0,19093104,21139152,17308748,25264,1784356,21113888,0,0,8388604,8388604,0,0,64,0,17308724,419132,26088,1846632,2523200,1846632,676568,15392,76696,0,0,0,0,41230184,20761040,34359738367,87548,0,83280,0,0,0,0,0,0,0,0,0,0,0,2048,0,1493776,27707392,38797312
1777067567.001302,1302,ubuntu-rog,1,0,0,65683160,21860628,45874844,283100,22641300,0,19144316,21139152,17359960,25264,1784356,21113888,0,0,8388604,8388604,0,0,44,0,17359944,419132,26088,1846632,2523200,1846632,676568,15392,76796,0,0,0,0,41230184,20812260,34359738367,87548,0,83280,0,0,0,0,0,0,0,0,0,0,0,2048,0,1493776,27707392,38797312
1777067568.002059,2059,ubuntu-rog,1,0,0,65683160,21804668,45818884,283100,22641304,0,19195528,21139152,17411172,25264,1784356,21113888,0,0,8388604,8388604,0,0,52,0,17411164,419132,26088,1846632,2523200,1846632,676568,15392,76896,0,0,0,0,41230184,20863480,34359738367,87548,0,83280,0,0,0,0,0,0,0,0,0,0,0,2048,0,1493776,27707392,38797312
1777067569.001084,1084,ubuntu-rog,1,0,0,65683160,21764596,45778812,283100,22641308,0,19236708,21139152,17452352,25264,1784356,21113888,0,0,8388604,8388604,0,0,60,0,17452428,419132,26088,1846632,2523200,1846632,676568,15392,77016,0,0,0,0,41230184,20904456,34359738367,87548,0,83280,0,0,0,0,0,0,0,0,0,0,0,2048,0,1493776,27707392,38797312
1777067570.002303,2303,ubuntu-rog,1,0,0,65683160,21716584,45730800,283112,22641312,0,19287660,21139152,17503304,25264,1784356,21113888,0,0,8388604,8388604,0,0,64,0,17503360,419132,26088,1846632,2523200,1846632,676568,15392,77076,0,0,0,0,41230184,20955676,34359738367,87548,0,83280,0,0,0,0,0,0,0,0,0,0,0,2048,0,1493776,27707392,38797312
1777067571.001206,1206,ubuntu-rog,1,0,0,65683160,21661128,45675344,283112,22641312,0,19338872,21139152,17554516,25264,1784356,21113888,0,0,8388604,8388604,0,0,64,0,17554580,419132,26088,1846632,2523200,1846632,676568,15392,77176,0,0,0,0,41230184,21006896,34359738367,87548,0,83280,0,0,0,0,0,0,0,0,0,0,0,2048,0,1493776,27707392,38797312
1777067572.001304,1304,ubuntu-rog,1,0,0,65683160,21612760,45626976,283112,22641312,0,19390084,21139152,17605728,25264,1784356,21113888,0,0,8388604,8388604,0,0,64,0,17605800,419132,26088,1846632,2523200,1846632,676568,15392,77276,0,0,0,0,41230184,21058116,34359738367,87548,0,83280,0,0,0,0,0,0,0,0,0,0,0,2048,0,1493776,27707392,38797312
1777067573.001063,1063,ubuntu-rog,1,0,0,65683160,21556296,45570512,283112,22641312,0,19441296,21139152,17656940,25264,1784356,21113888,0,0,8388604,8388604,0,0,64,0,17657020,419132,26088,1846632,2523200,1846632,676568,15392,77380,0,0,0,0,41230184,21109336,34359738367,87548,0,83280,0,0,0,0,0,0,0,0,0,0,0,2048,0,1493776,27707392,38797312
1777067574.002064,2064,ubuntu-rog,1,0,0,65683160,21515992,45530332,283112,22641320,0,19482408,21139276,17698052,25264,1784356,21114012,0,0,8388604,8388604,0,0,72,0,17698140,419132,26088,1846632,2523200,1846632,676568,15392,77480,0,0,0,0,41230184,21150312,34359738367,87548,0,83280,0,0,0,0,0,0,0,0,0,0,0,2048,0,1493776,27707392,38797312
1777067575.001310,1310,ubuntu-rog,1,0,0,65683160,21467608,45481948,283120,22641320,0,19533480,21139276,17749124,25264,1784356,21114012,0,0,8388604,8388604,0,0,72,0,17749208,419132,26088,1846632,2523200,1846632,676568,15392,77572,0,0,0,0,41230184,21201532,34359738367,87548,0,83280,0,0,0,0,0,0,0,0,0,0,0,2048,0,1493776,27707392,38797312
1777067576.001207,1207,ubuntu-rog,1,0,0,65683160,21419476,45433816,283120,22641320,0,19584832,21139276,17800476,25264,1784356,21114012,0,0,8388604,8388604,0,0,72,0,17800580,419132,26088,1846632,2523200,1846632,676568,15392,77680,0,0,0,0,41230184,21252752,34359738367,87548,0,83280,0,0,0,0,0,0,0,0,0,0,0,2048,0,1493776,27707392,38797312
1777067577.001308,1308,ubuntu-rog,1,0,0,65683160,21371596,45385936,283120,22641324,0,19635976,21139276,17851620,25264,1784356,21114012,0,0,8388604,8388604,0,0,76,0,17851656,419132,26088,1846632,2523200,1846632,676568,15392,77760,0,0,0,0,41230184,21303972,34359738367,87548,0,83280,0,0,0,0,0,0,0,0,0,0,0,2048,0,1493776,27707392,38797312
1777067578.002060,2060,ubuntu-rog,1,0,0,65683160,21323616,45337956,283120,22641324,0,19687188,21139276,17902832,25264,1784356,21114012,0,0,8388604,8388604,0,0,76,0,17902876,419132,26088,1846632,2523200,1846632,676568,15392,77860,0,0,0,0,41230184,21355192,34359738367,87548,0,83280,0,0,0,0,0,0,0,0,0,0,0,2048,0,1493776,27707392,38797312
1777067579.001066,1066,ubuntu-rog,1,0,0,65683160,21275736,45290076,283120,22641324,0,19728248,21139276,17943892,25264,1784356,21114012,0,0,8388604,8388604,0,0,76,0,17943976,419132,26088,1846632,2523200,1846632,676568,15392,77956,0,0,0,0,41230184,21396168,34359738367,87548,0,83280,0,0,0,0,0,0,0,0,0,0,0,2048,0,1493776,27707392,38797312
1777067580.001306,1306,ubuntu-rog,1,0,0,65683160,21227436,45241776,283120,22641332,0,19779320,21139276,17994964,25264,1784356,21114012,0,0,8388604,8388604,0,0,84,0,17995072,419132,26088,1846632,2523200,1846632,676568,15392,78040,0,0,0,0,41230184,21447388,34359738367,87548,0,83280,0,0,0,0,0,0,0,0,0,0,0,2048,0,1493776,27707392,38797312
1777067581.001203,1203,ubuntu-rog,1,0,0,65683160,21179472,45193812,283128,22641336,0,19830656,21139276,18046300,25264,1784356,21114012,0,0,8388604,8388604,0,0,88,0,18046292,419132,26088,1846632,2523200,1846632,676568,15392,78140,0,0,0,0,41230184,21498608,34359738367,87548,0,83280,0,0,0,0,0,0,0,0,0,0,0,2048,0,1493776,27707392,38797312
1777067582.002334,2334,ubuntu-rog,1,0,0,65683160,21115564,45129904,283128,22641336,0,19881936,21139276,18097580,25264,1784356,21114012,0,0,8388604,8388604,0,0,88,0,18097656,419132,26088,1846632,2523200,1846632,676568,15392,78260,0,0,0,0,41230184,21549828,34359738367,87548,0,83280,0,0,0,0,0,0,0,0,0,0,0,2048,0,1493776,27707392,38797312
1777067583.001067,1067,ubuntu-rog,1,0,0,65683160,21060108,45074448,283128,22641336,0,19933080,21139276,18148724,25264,1784356,21114012,0,0,8388604,8388604,0,0,88,0,18148732,419132,26088,1846632,2523200,1846632,676568,15392,78340,0,0,0,0,41230184,21601048,34359738367,87548,0,83280,0,0,0,0,0,0,0,0,0,0,0,2048,0,1493776,27707392,38797312
1777067584.001064,1064,ubuntu-rog,1,0,0,65683160,21019788,45034184,283128,22641340,0,19974124,21139332,18189768,25264,1784356,21114068,0,0,8388604,8388604,0,0,64,0,18189708,419132,26088,1846632,2523200,1846632,676568,15392,78420,0,0,0,0,41230184,21642024,34359738367,87548,0,83280,0,0,0,0,0,0,0,0,0,0,0,2048,0,1493776,27707392,38797312
1777067585.001307,1307,ubuntu-rog,1,0,0,65683160,20971420,44985816,283128,22641344,0,20025336,21139332,18240980,25264,1784356,21114068,0,0,8388604,8388604,0,0,68,0,18240928,419132,26088,1846632,2523200,1846632,676568,15392,78520,0,0,0,0,41230184,21693244,34359738367,87548,0,83280,0,0,0,0,0,0,0,0,0,0,0,2048,0,1493776,27707392,38797312
1777067586.002194,2194,ubuntu-rog,1,0,0,65683160,20914956,44929352,283128,22641344,0,20076548,21139332,18292192,25264,1784356,21114068,0,0,8388604,8388604,0,0,68,0,18292148,419132,26088,1846632,2523200,1846632,676568,15392,78620,0,0,0,0,41230184,21744464,34359738367,87548,0,83280,0,0,0,0,0,0,0,0,0,0,0,2048,0,1493776,27707392,38797312
1777067587.001304,1304,ubuntu-rog,1,0,0,65683160,20866572,44880968,283136,22641344,0,20127760,21139332,18343404,25264,1784356,21114068,0,0,8388604,8388604,0,0,72,0,18343368,419132,26088,1846632,2523200,1846632,676568,15392,78720,0,0,0,0,41230184,21795684,34359738367,87548,0,83280,0,0,0,0,0,0,0,0,0,0,0,2048,0,1493776,27707392,38797312
1777067588.001064,1064,ubuntu-rog,1,0,0,65683160,20826284,44840680,283136,22641348,0,20168868,21139332,18384512,25264,1784356,21114068,0,0,8388604,8388604,0,0,44,0,18384488,419132,26088,1846632,2523200,1846632,676568,15392,78820,0,0,0,0,41230184,21836660,34359738367,87548,0,83280,0,0,0,0,0,0,0,0,0,0,0,2048,0,1493776,27707392,38797312
1777067589.001066,1066,ubuntu-rog,1,0,0,65683160,20777884,44792280,283136,22641348,0,20219888,21139332,18435532,25264,1784356,21114068,0,0,8388604,8388604,0,0,44,0,18435564,419132,26088,1846632,2523200,1846632,676568,15392,78900,0,0,0,0,41230184,21887880,34359738367,87548,0,83280,0,0,0,0,0,0,0,0,0,0,0,2048,0,1493776,27707392,38797312
1777067590.002303,2303,ubuntu-rog,1,0,0,65683160,20721420,44735816,283136,22641348,0,20271100,21139332,18486744,25264,1784356,21114068,0,0,8388604,8388604,0,0,44,0,18486784,419132,26088,1846632,2523200,1846632,676568,15392,79000,0,0,0,0,41230184,21939100,34359738367,87548,0,83280,0,0,0,0,0,0,0,0,0,0,0,2048,0,1493776,27707392,38797312
1777067591.001200,1200,ubuntu-rog,1,0,0,65683160,20674060,44688456,283136,22641356,0,20322436,21139332,18538080,25264,1784356,21114068,0,0,8388604,8388604,0,0,52,0,18538004,419132,26088,1846632,2523200,1846632,676568,15392,79100,0,0,0,0,41230184,21990320,34359738367,87548,0,83280,0,0,0,0,0,0,0,0,0,0,0,2048,0,1493776,27707392,38797312
1777067592.001305,1305,ubuntu-rog,1,0,0,65683160,20617596,44631992,283148,22641360,0,20373648,21139332,18589292,25264,1784356,21114068,0,0,8388604,8388604,0,0,76,0,18589244,419132,26088,1846632,2523200,1846632,676568,15392,79200,0,0,0,0,41230184,22041540,34359738367,87548,0,83280,0,0,0,0,0,0,0,0,0,0,0,2048,0,1493776,27707392,38797312
1777067593.001062,1062,ubuntu-rog,1,0,0,65683160,20577292,44591688,283148,22641360,0,20414760,21139332,18630404,25264,1784356,21114068,0,0,8388604,8388604,0,0,76,0,18630364,419132,26088,1846632,2523200,1846632,676568,15392,79300,0,0,0,0,41230184,22082516,34359738367,87548,0,83280,0,0,0,0,0,0,0,0,0,0,0,2048,0,1493776,27707392,38797312
1777067594.002063,2063,ubuntu-rog,1,0,0,65683160,20528892,44543288,283148,22641360,0,20465780,21139332,18681424,25264,1784356,21114068,0,0,8388604,8388604,0,0,76,0,18681440,419132,26088,1846632,2523200,1846632,676568,15392,79380,0,0,0,0,41230184,22133736,34359738367,87548,0,83280,0,0,0,0,0,0,0,0,0,0,0,2048,0,1493776,27707392,38797312
1777067595.001263,1263,ubuntu-rog,1,0,0,65683160,20473656,44488052,283148,22641364,0,20516992,21139332,18732636,25264,1784356,21114068,0,0,8388604,8388604,0,0,80,0,18732660,419132,26088,1846632,2523196,1846632,676564,15392,79484,0,0,0,0,41230184,22184956,34359738367,87548,0,83280,0,0,0,0,0,0,0,0,0,0,0,2048,0,1493776,27707392,38797312
1777067596.001206,1206,ubuntu-rog,1,0,0,65683160,20423860,44438256,283148,22641368,0,20568204,21139332,18783848,25264,1784356,21114068,0,0,8388604,8388604,0,0,84,0,18783880,419132,26088,1846632,2523196,1846632,676564,15392,79584,0,0,0,0,41230184,22236176,34359738367,87548,0,83280,0,0,0,0,0,0,0,0,0,0,0,2048,0,1493776,27707392,38797312
1777067597.001298,1298,ubuntu-rog,1,0,0,65683160,20378012,44392408,283156,22641368,0,20619416,21139332,18835060,25264,1784356,21114068,0,0,8388604,8388604,0,0,84,0,18835100,419132,26088,1846632,2523196,1846632,676564,15392,79684,0,0,0,0,41230184,22287396,34359738367,87548,0,83280,0,0,0,0,0,0,0,0,0,0,0,2048,0,1493776,27707392,38797312
1777067598.002061,2061,ubuntu-rog,1,0,0,65683160,20331492,44345888,283156,22641372,0,20660528,21139332,18876172,25264,1784356,21114068,0,0,8388604,8388604,0,0,44,0,18876220,419132,26088,1846632,2523196,1846632,676564,15392,79784,0,0,0,0,41230184,22328372,34359738367,87548,0,83280,0,0,0,0,0,0,0,0,0,0,0,2048,0,1493776,27707392,38797312
1777067599.001066,1066,ubuntu-rog,1,0,0,65683160,20285528,44299924,283156,22641372,0,20711672,21139332,18927316,25264,1784356,21114068,0,0,8388604,8388604,0,0,44,0,18927296,419132,26088,1846632,2523196,1846632,676564,15392,79864,0,0,0,0,41230184,22379592,34359738367,87548,0,83280,0,0,0,0,0,0,0,0,0,0,0,2048,0,1493776,27707392,38797312
1777067600.001308,1308,ubuntu-rog,1,0,0,65683160,20231584,44245980,283156,22641372,0,20762884,21139332,18978528,25264,1784356,21114068,0,0,8388604,8388604,0,0,44,0,18978516,419132,26088,1846632,2523196,1846632,676564,15392,79964,0,0,0,0,41230184,22430812,34359738367,87548,0,83280,0,0,0,0,0,0,0,0,0,0,0,2048,0,1493776,27707392,38797312
1777067601.001161,1161,ubuntu-rog,1,0,0,65683160,20181280,44195676,283156,22641376,0,20814356,21139332,19030000,25264,1784356,21114068,0,0,8388604,8388604,0,0,48,0,19030024,419132,26088,1846632,2523196,1846632,676564,15392,80104,0,0,0,0,41230184,22482032,34359738367,87548,0,83280,0,0,0,0,0,0,0,0,0,0,0,2048,0,1493776,27707392,38797312
1777067602.002304,2304,ubuntu-rog,1,0,0,65683160,20127508,44141904,283168,22641380,0,20865308,21139332,19080952,25264,1784356,21114068,0,0,8388604,8388604,0,0,60,0,19080956,419132,26088,1846632,2523196,1846632,676564,15392,80164,0,0,0,0,41230184,22533252,34359738367,87548,0,83280,0,0,0,0,0,0,0,0,0,0,0,2048,0,1493776,27707392,38797312
1777067603.001065,1065,ubuntu-rog,1,0,0,65683160,20088448,44102844,283168,22641380,0,20906228,21139332,19121872,25264,1784356,21114068,0,0,8388604,8388604,0,0,60,0,19121932,419132,26088,1846632,2523196,1846632,676564,15392,80244,0,0,0,0,41230184,22574228,34359738367,87548,0,83280,0,0,0,0,0,0,0,0,0,0,0,2048,0,1493776,27707392,38797312
1777067604.001066,1066,ubuntu-rog,1,0,0,65683160,20034520,44048916,283168,22641380,0,20957564,21139332,19173208,25264,1784356,21114068,0,0,8388604,8388604,0,0,60,0,19173152,419132,26088,1846632,2523196,1846632,676564,15392,80344,0,0,0,0,41230184,22625448,34359738367,87548,0,83280,0,0,0,0,0,0,0,0,0,0,0,2048,0,1493776,27707392,38797312
1777067605.001309,1309,ubuntu-rog,1,0,0,65683160,19989076,44003472,283168,22641388,0,21008776,21139332,19224420,25264,1784356,21114068,0,0,8388604,8388604,0,0,72,0,19224372,419132,26088,1846632,2523196,1846632,676564,15392,80444,0,0,0,0,41230184,22676668,34359738367,87548,0,83280,0,0,0,0,0,0,0,0,0,0,0,2048,0,1493776,27707392,38797312
1777067606.002204,2204,ubuntu-rog,1,0,0,65683160,19936960,43951356,283168,22641388,0,21059988,21139332,19275632,25264,1784356,21114068,0,0,8388604,8388604,0,0,72,0,19275592,419132,26088,1846632,2523196,1846632,676564,15392,80544,0,0,0,0,41230184,22727888,34359738367,87548,0,83280,0,0,0,0,0,0,0,0,0,0,0,2048,0,1493776,27707392,38797312
1777067607.001311,1311,ubuntu-rog,1,0,0,65683160,19900284,43914680,283176,22641392,0,21101100,21139332,19316744,25264,1784356,21114068,0,0,8388604,8388604,0,0,76,0,19316712,419132,26088,1846632,2523196,1846632,676564,15392,80644,0,0,0,0,41230184,22768864,34359738367,87548,0,83280,0,0,0,0,0,0,0,0,0,0,0,2048,0,1493776,27707392,38797312
1777067608.001064,1064,ubuntu-rog,1,0,0,65683160,19845496,43859892,283176,22641396,0,21152120,21139332,19367764,25264,1784356,21114068,0,0,8388604,8388604,0,0,80,0,19367788,419132,26088,1846632,2523196,1846632,676564,15392,80724,0,0,0,0,41230184,22820084,34359738367,87548,0,83280,0,0,0,0,0,0,0,0,0,0,0,2048,0,1493776,27707392,38797312
1777067609.001062,1062,ubuntu-rog,1,0,0,65683160,19801060,43815456,283176,22641396,0,21203332,21139332,19418976,25264,1784356,21114068,0,0,8388604,8388604,0,0,80,0,19419008,419132,26088,1846632,2523196,1846632,676564,15392,80824,0,0,0,0,41230184,22871304,34359738367,87548,0,83280,0,0,0,0,0,0,0,0,0,0,0,2048,0,1493776,27707392,38797312
1777067610.002299,2299,ubuntu-rog,1,0,0,65683160,19747664,43762060,283176,22641396,0,21254544,21139332,19470188,25264,1784356,21114068,0,0,8388604,8388604,0,0,80,0,19470228,419132,26088,1846632,2523196,1846632,676564,15392,80924,0,0,0,0,41230184,22922524,34359738367,87548,0,83280,0,0,0,0,0,0,0,0,0,0,0,2048,0,1493776,27707392,38797312
1777067611.001204,1204,ubuntu-rog,1,0,0,65683160,19694044,43708440,283176,22641396,0,21305756,21139332,19521400,25264,1784356,21114068,0,0,8388604,8388604,0,0,80,0,19521448,419132,26088,1846632,2523196,1846632,676564,15392,81024,0,0,0,0,41230184,22973744,34359738367,87548,0,83280,0,0,0,0,0,0,0,0,0,0,0,2048,0,1493776,27707392,38797312
1777067612.001302,1302,ubuntu-rog,1,0,0,65683160,19658168,43672564,283184,22641400,0,21346868,21139332,19562512,25264,1784356,21114068,0,0,8388604,8388604,0,0,88,0,19562568,419132,26088,1846632,2523196,1846632,676564,15392,81124,0,0,0,0,41230184,23014720,34359738367,87548,0,83280,0,0,0,0,0,0,0,0,0,0,0,2048,0,1493776,27707392,38797312
1777067613.001064,1064,ubuntu-rog,1,0,0,65683160,19604356,43618752,283184,22641404,0,21398012,21139332,19613656,25264,1784356,21114068,0,0,8388604,8388604,0,0,92,0,19613644,419132,26088,1846632,2523196,1846632,676564,15392,81204,0,0,0,0,41230184,23065940,34359738367,87548,0,83280,0,0,0,0,0,0,0,0,0,0,0,2048,0,1493776,27707392,38797312
1777067614.002069,2069,ubuntu-rog,1,0,0,65683160,19550040,43564436,283184,22641404,0,21449416,21139332,19665060,25264,1784356,21114068,0,0,8388604,8388604,0,0,92,0,19665008,419132,26088,1846632,2523196,1846632,676564,15392,81324,0,0,0,0,41230184,23117160,34359738367,87548,0,83280,0,0,0,0,0,0,0,0,0,0,0,2048,0,1493776,27707392,38797312
1777067615.001312,1312,ubuntu-rog,1,0,0,65683160,19502144,43516540,283184,22641408,0,21500436,21139332,19716080,25264,1784356,21114068,0,0,8388604,8388604,0,0,96,0,19716084,419132,26088,1846632,2523196,1846632,676564,15392,81404,0,0,0,0,41230184,23168380,34359738367,87548,0,83280,0,0,0,0,0,0,0,0,0,0,0,2048,0,1493776,27707392,38797312
1777067616.001209,1209,ubuntu-rog,1,0,0,65683160,19453876,43468272,283184,22641408,0,21551648,21139332,19767292,25264,1784356,21114068,0,0,8388604,8388604,0,0,96,0,19767304,419132,26088,1846632,2523196,1846632,676564,15392,81508,0,0,0,0,41230184,23219600,34359738367,87548,0,83280,0,0,0,0,0,0,0,0,0,0,0,2048,0,1493776,27707392,38797312
1777067617.001307,1307,ubuntu-rog,1,0,0,65683160,19405492,43419888,283184,22641412,0,21592760,21139332,19808404,25264,1784356,21114068,0,0,8388604,8388604,0,0,100,0,19808424,419132,26088,1846632,2523196,1846632,676564,15392,81608,0,0,0,0,41230184,23260576,34359738367,87548,0,83280,0,0,0,0,0,0,0,0,0,0,0,2048,0,1493776,27707392,38797312
1777067618.002064,2064,ubuntu-rog,1,0,0,65683160,19357092,43371488,283192,22641416,0,21643904,21139332,19859548,25264,1784356,21114068,0,0,8388604,8388604,0,0,80,0,19859500,419132,26088,1846632,2523196,1846632,676564,15392,81688,0,0,0,0,41230184,23311796,34359738367,87548,0,83280,0,0,0,0,0,0,0,0,0,0,0,2048,0,1493776,27707392,38797312
1777067619.001067,1067,ubuntu-rog,1,0,0,65683160,19308724,43323120,283192,22641420,0,21695116,21139332,19910760,25264,1784356,21114068,0,0,8388604,8388604,0,0,48,0,19910720,419132,26088,1846632,2523196,1846632,676564,15392,81788,0,0,0,0,41230184,23363016,34359738367,87548,0,83280,0,0,0,0,0,0,0,0,0,0,0,2048,0,1493776,27707392,38797312
1777067620.001306,1306,ubuntu-rog,1,0,0,65683160,19253068,43267464,283192,22641420,0,21746328,21139332,19961972,25264,1784356,21114068,0,0,8388604,8388604,0,0,48,0,19961940,419132,26088,1846632,2523196,1846632,676564,15392,81888,0,0,0,0,41230184,23414236,34359738367,87548,0,83280,0,0,0,0,0,0,0,0,0,0,0,2048,0,1493776,27707392,38797312
1777067621.001212,1212,ubuntu-rog,1,0,0,65683160,19204900,43219296,283192,22641420,0,21797540,21139332,20013184,25264,1784356,21114068,0,0,8388604,8388604,0,0,48,0,20013160,419132,26088,1846632,2523196,1846632,676564,15392,81988,0,0,0,0,41230184,23465456,34359738367,87548,0,83280,0,0,0,0,0,0,0,0,0,0,0,2048,0,1493776,27707392,38797312
1777067622.002307,2307,ubuntu-rog,1,0,0,65683160,19164580,43179080,283192,22641424,0,21838656,21139436,20054300,25264,1784356,21114172,0,0,8388604,8388604,0,0,52,0,20054284,419132,26088,1846632,2523196,1846632,676564,15392,82080,0,0,0,0,41230184,23506432,34359738367,87548,0,83280,0,0,0,0,0,0,0,0,0,0,0,2048,0,1493776,27707392,38797312
1777067623.001063,1063,ubuntu-rog,1,0,0,65683160,19116196,43130696,283204,22641424,0,21889692,21139436,20105336,25264,1784356,21114172,0,0,8388604,8388604,0,0,68,0,20105356,419132,26088,1846632,2523196,1846632,676564,15392,82168,0,0,0,0,41230184,23557652,34359738367,87548,0,83280,0,0,0,0,0,0,0,0,0,0,0,2048,0,1493776,27707392,38797312
1777067624.001063,1063,ubuntu-rog,1,0,0,65683160,19062456,43076956,283204,22641428,0,21940904,21139436,20156548,25264,1784356,21114172,0,0,8388604,8388604,0,0,72,0,20156576,419132,26088,1846632,2523196,1846632,676564,15392,82268,0,0,0,0,41230184,23608872,34359738367,87548,0,83280,0,0,0,0,0,0,0,0,0,0,0,2048,0,1493776,27707392,38797312
1777067625.001300,1300,ubuntu-rog,1,0,0,65683160,19006812,43021312,283204,22641428,0,21992240,21139436,20207884,25264,1784356,21114172,0,0,8388604,8388604,0,0,72,0,20207984,419132,26088,1846632,2523188,1846632,676556,15392,82368,0,0,0,0,41230184,23660260,34359738367,87548,0,83280,0,0,0,0,0,0,0,0,0,0,0,2048,0,1493776,27707392,38797312
1777067626.002204,2204,ubuntu-rog,1,0,0,65683160,18967012,42981588,283204,22641432,0,22033208,21139512,20248852,25264,1784356,21114248,0,0,8388604,8388604,0,0,76,0,20248960,419132,26088,1846632,2523188,1846632,676556,15392,82448,0,0,0,0,41230184,23701236,34359738367,87548,0,83280,0,0,0,0,0,0,0,0,0,0,0,2048,0,1493776,27707392,38797312
1777067627.001348,1348,ubuntu-rog,1,0,0,65683160,18910564,42925140,283204,22641432,0,22084488,21139512,20300132,25264,1784356,21114248,0,0,8388604,8388604,0,0,76,0,20300324,419132,26088,1846632,2523188,1846632,676556,15392,82568,0,0,0,0,41230184,23752456,34359738367,87548,0,83280,0,0,0,0,0,0,0,0,0,0,0,2048,0,1493776,27707392,38797312
1777067628.001067,1067,ubuntu-rog,1,0,0,65683160,18862164,42876748,283212,22641432,0,22135624,21139520,20351268,25264,1784356,21114256,0,0,8388604,8388604,0,0,76,0,20351400,419132,26088,1846632,2523188,1846632,676556,15392,82648,0,0,0,0,41230184,23803676,34359738367,87548,0,83280,0,0,0,0,0,0,0,0,0,0,0,2048,0,1493776,27707392,38797312
1777067629.001068,1068,ubuntu-rog,1,0,0,65683160,18813796,42828380,283212,22641444,0,22186836,21139520,20402480,25264,1784356,21114256,0,0,8388604,8388604,0,0,68,0,20402620,419132,26088,1846632,2523188,1846632,676556,15392,82748,0,0,0,0,41230184,23854896,34359738367,87548,0,83280,0,0,0,0,0,0,0,0,0,0,0,2048,0,1493776,27707392,38797312
1777067630.002301,2301,ubuntu-rog,1,0,0,65683160,18757332,42771916,283212,22641444,0,22238048,21139520,20453692,25264,1784356,21114256,0,0,8388604,8388604,0,0,68,0,20453840,419132,26088,1846632,2523188,1846632,676556,15392,82848,0,0,0,0,41230184,23906116,34359738367,87548,0,83280,0,0,0,0,0,0,0,0,0,0,0,2048,0,1493776,27707392,38797312
1777067631.001209,1209,ubuntu-rog,1,0,0,65683160,18717012,42731596,283212,22641444,0,22279092,21139520,20494736,25264,1784356,21114256,0,0,8388604,8388604,0,0,68,0,20494816,419132,26088,1846632,2523188,1846632,676556,15392,82928,0,0,0,0,41230184,23947092,34359738367,87548,0,83280,0,0,0,0,0,0,0,0,0,0,0,2048,0,1493776,27707392,38797312
1777067632.001308,1308,ubuntu-rog,1,0,0,65683160,18668644,42683228,283212,22641444,0,22330304,21139520,20545948,25264,1784356,21114256,0,0,8388604,8388604,0,0,68,0,20546036,419132,26088,1846632,2523188,1846632,676556,15392,83028,0,0,0,0,41230184,23998312,34359738367,87548,0,83280,0,0,0,0,0,0,0,0,0,0,0,2048,0,1493776,27707392,38797312
1777067633.001061,1061,ubuntu-rog,1,0,0,65683160,18620260,42634844,283212,22641448,0,22381516,21139520,20597160,25264,1784356,21114256,0,0,8388604,8388604,0,0,72,0,20597256,419132,26088,1846632,2523188,1846632,676556,15392,83128,0,0,0,0,41230184,24049532,34359738367,87548,0,83280,0,0,0,0,0,0,0,0,0,0,0,2048,0,1493776,27707392,38797312
1777067634.002061,2061,ubuntu-rog,1,0,0,65683160,18563796,42578392,283224,22641448,0,22432716,21139532,20648360,25264,1784356,21114268,0,0,8388604,8388604,0,0,72,0,20648476,419132,26088,1846632,2523188,1846632,676556,15392,83228,0,0,0,0,41230184,24100752,34359738367,87548,0,83280,0,0,0,0,0,0,0,0,0,0,0,2048,0,1493776,27707392,38797312
1777067635.001307,1307,ubuntu-rog,1,0,0,65683160,18515428,42530024,283224,22641452,0,22483900,21139532,20699544,25264,1784356,21114268,0,0,8388604,8388604,0,0,76,0,20699680,419132,26088,1846632,2523188,1846632,676556,15392,83328,0,0,0,0,41230184,24151972,34359738367,87548,0,83280,0,0,0,0,0,0,0,0,0,0,0,2048,0,1493776,27707392,38797312
1777067636.001206,1206,ubuntu-rog,1,0,0,65683160,18475108,42489704,283224,22641456,0,22524820,21139532,20740464,25264,1784356,21114268,0,0,8388604,8388604,0,0,80,0,20740656,419132,26088,1846632,2523188,1846632,676556,15392,83408,0,0,0,0,41230184,24192948,34359738367,87548,0,83280,0,0,0,0,0,0,0,0,0,0,0,2048,0,1493776,27707392,38797312
1777067637.001307,1307,ubuntu-rog,1,0,0,65683160,18418644,42433240,283224,22641456,0,22576032,21139532,20791676,25264,1784356,21114268,0,0,8388604,8388604,0,0,80,0,20791876,419132,26088,1846632,2523188,1846632,676556,15392,83512,0,0,0,0,41230184,24244168,34359738367,87548,0,83280,0,0,0,0,0,0,0,0,0,0,0,2048,0,1493776,27707392,38797312
1777067638.002062,2062,ubuntu-rog,1,0,0,65683160,18366228,42380824,283224,22641456,0,22627244,21139532,20842888,25264,1784356,21114268,0,0,8388604,8388604,0,0,80,0,20843096,419132,26088,1846632,2523188,1846632,676556,15392,83612,0,0,0,0,41230184,24295388,34359738367,87548,0,83280,0,0,0,0,0,0,0,0,0,0,0,2048,0,1493776,27707392,38797312
1777067639.001065,1065,ubuntu-rog,1,0,0,65683160,18317860,42332456,283224,22641460,0,22678456,21139532,20894100,25264,1784356,21114268,0,0,8388604,8388604,0,0,68,0,20894316,419132,26088,1846632,2523188,1846632,676556,15392,83712,0,0,0,0,41230184,24346608,34359738367,87548,0,83280,0,0,0,0,0,0,0,0,0,0,0,2048,0,1493776,27707392,38797312
1777067640.001303,1303,ubuntu-rog,1,0,0,65683160,18277168,42291764,283232,22641464,0,22720040,21139532,20935684,25264,1784356,21114268,0,0,8388604,8388604,0,0,76,0,20935984,419132,26088,1846632,2523188,1846632,676556,15392,83832,0,0,0,0,41230184,24397828,34359738367,87548,0,83280,0,0,0,0,0,0,0,0,0,0,0,2048,0,1493776,27707392,38797312
1777067641.001208,1208,ubuntu-rog,1,0,0,65683160,18225124,42239720,283232,22641468,0,22770924,21139532,20986568,25264,1784356,21114268,0,0,8388604,8388604,0,0,84,0,20986768,419132,26088,1846632,2523188,1846632,676556,15392,83900,0,0,0,0,41230184,24438804,34359738367,87548,0,83280,0,0,0,0,0,0,0,0,0,0,0,2048,0,1493776,27707392,38797312
1777067642.002300,2300,ubuntu-rog,1,0,0,65683160,18176740,42191336,283232,22641468,0,22821924,21139532,21037568,25264,1784356,21114268,0,0,8388604,8388604,0,0,84,0,21037732,419132,26088,1846632,2523188,1846632,676556,15392,83992,0,0,0,0,41230184,24490024,34359738367,87548,0,83280,0,0,0,0,0,0,0,0,0,0,0,2048,0,1493776,27707392,38797312
1777067643.001066,1066,ubuntu-rog,1,0,0,65683160,18120680,42135276,283232,22641472,0,22873136,21139532,21088780,25264,1784356,21114268,0,0,8388604,8388604,0,0,88,0,21088952,419132,26088,1846632,2523188,1846632,676556,15392,84092,0,0,0,0,41230184,24541244,34359738367,87548,0,83280,0,0,0,0,0,0,0,0,0,0,0,2048,0,1493776,27707392,38797312
1777067644.001066,1066,ubuntu-rog,1,0,0,65683160,18071892,42086488,283232,22641472,0,22924224,21139532,21139868,25264,1784356,21114268,0,0,8388604,8388604,0,0,88,0,21140172,419132,26088,1846632,2523188,1846632,676556,15392,84192,0,0,0,0,41230184,24592464,34359738367,87548,0,83280,0,0,0,0,0,0,0,0,0,0,0,2048,0,1493776,27707392,38797312
1777067645.001302,1302,ubuntu-rog,1,0,0,65683160,18031588,42046184,283232,22641472,0,22965268,21139532,21180912,25264,1784356,21114268,0,0,8388604,8388604,0,0,88,0,21181148,419132,26088,1846632,2523188,1846632,676556,15392,84272,0,0,0,0,41230184,24633440,34359738367,87548,0,83280,0,0,0,0,0,0,0,0,0,0,0,2048,0,1493776,27707392,38797312
1777067646.001260,1260,ubuntu-rog,1,0,0,65683160,17979172,41993768,283240,22641480,0,23016480,21139532,21232124,25264,1784356,21114268,0,0,8388604,8388604,0,0,96,0,21232368,419132,26088,1846632,2523188,1846632,676556,15392,84372,0,0,0,0,41230184,24684660,34359738367,87548,0,83280,0,0,0,0,0,0,0,0,0,0,0,2048,0,1493776,27707392,38797312
1777067647.001400,1400,ubuntu-rog,1,0,0,65683160,17922708,41937304,283240,22641480,0,23067692,21139532,21283336,25264,1784356,21114268,0,0,8388604,8388604,0,0,96,0,21283588,419132,26088,1846632,2523188,1846632,676556,15392,84472,0,0,0,0,41230184,24735880,34359738367,87548,0,83280,0,0,0,0,0,0,0,0,0,0,0,2048,0,1493776,27707392,38797312
1777067648.002063,2063,ubuntu-rog,1,0,0,65683160,17874324,41888920,283240,22641480,0,23118904,21139532,21334548,25264,1784356,21114268,0,0,8388604,8388604,0,0,96,0,21334808,419132,26088,1846632,2523188,1846632,676556,15392,84572,0,0,0,0,41230184,24787100,34359738367,87548,0,83280,0,0,0,0,0,0,0,0,0,0,0,2048,0,1493776,27707392,38797312
1777067649.001065,1065,ubuntu-rog,1,0,0,65683160,17825956,41840568,283240,22641480,0,23170204,21139548,21385848,25264,1784356,21114284,0,0,8388604,8388604,0,0,28,0,21386028,419132,26088,1846632,2523188,1846632,676556,15392,84672,0,0,0,0,41230184,24838320,34359738367,87548,0,83280,0,0,0,0,0,0,0,0,0,0,0,2048,0,1493776,27707392,38797312
1777067650.001310,1310,ubuntu-rog,1,0,0,65683160,17785636,41800248,283240,22641484,0,23211248,21139548,21426892,25264,1784356,21114284,0,0,8388604,8388604,0,0,36,0,21427004,419132,26088,1846632,2523188,1846632,676556,15392,84752,0,0,0,0,41230184,24879296,34359738367,87548,0,83280,0,0,0,0,0,0,0,0,0,0,0,2048,0,1493776,27707392,38797312
1777067651.001206,1206,ubuntu-rog,1,0,0,65683160,17729172,41743784,283252,22641488,0,23262348,21139548,21477992,25264,1784356,21114284,0,0,8388604,8388604,0,0,60,0,21478056,419132,26088,1846632,2523188,1846632,676556,15392,84852,0,0,0,0,41230184,24930348,34359738367,87548,0,83280,0,0,0,0,0,0,0,0,0,0,0,2048,0,1493776,27707392,38797312
1777067652.002307,2307,ubuntu-rog,1,0,0,65683160,17680788,41695400,283252,22641488,0,23313560,21139548,21529204,25264,1784356,21114284,0,0,8388604,8388604,0,0,60,0,21529276,419132,26088,1846632,2523188,1846632,676556,15392,84952,0,0,0,0,41230184,24981568,34359738367,87548,0,83280,0,0,0,0,0,0,0,0,0,0,0,2048,0,1493776,27707392,38797312
1777067653.001068,1068,ubuntu-rog,1,0,0,65683160,17624608,41639220,283252,22641496,0,23364964,21139548,21580608,25264,1784356,21114284,0,0,8388604,8388604,0,0,68,0,21580640,419132,26088,1846632,2523188,1846632,676556,15392,85072,0,0,0,0,41230184,25032788,34359738367,87548,0,83280,0,0,0,0,0,0,0,0,0,0,0,2048,0,1493776,27707392,38797312
1777067654.001068,1068,ubuntu-rog,1,0,0,65683160,17576208,41590820,283252,22641496,0,23416108,21139548,21631752,25264,1784356,21114284,0,0,8388604,8388604,0,0,68,0,21631716,419132,26088,1846632,2523188,1846632,676556,15392,85152,0,0,0,0,41230184,25084008,34359738367,87548,0,83280,0,0,0,0,0,0,0,0,0,0,0,2048,0,1493776,27707392,38797312
1777067655.001307,1307,ubuntu-rog,1,0,0,65683160,17536952,41551564,283252,22641496,0,23457028,21139548,21672672,25264,1784356,21114284,0,0,8388604,8388604,0,0,68,0,21672692,419132,26088,1846632,2523188,1846632,676556,15408,85232,0,0,0,0,41230184,25124984,34359738367,87548,0,83280,0,0,0,0,0,0,0,0,0,0,0,2048,0,1493776,27707392,38797312
1777067656.002202,2202,ubuntu-rog,1,0,0,65683160,17488756,41503368,283260,22641496,0,23508240,21139548,21723884,25264,1784356,21114284,0,0,8388604,8388604,0,0,72,0,21723912,419132,26088,1846632,2523188,1846632,676556,15408,85332,0,0,0,0,41230184,25176204,34359738367,87548,0,83280,0,0,0,0,0,0,0,0,0,0,0,2048,0,1493776,27707392,38797312
1777067657.001306,1306,ubuntu-rog,1,0,0,65683160,17432664,41447276,283260,22641504,0,23559452,21139548,21775096,25264,1784356,21114284,0,0,8388604,8388604,0,0,80,0,21775132,419132,26088,1846632,2523188,1846632,676556,15408,85432,0,0,0,0,41230184,25227424,34359738367,87548,0,83280,0,0,0,0,0,0,0,0,0,0,0,2048,0,1493776,27707392,38797312
1777067658.001068,1068,ubuntu-rog,1,0,0,65683160,17376216,41390828,283260,22641504,0,23610664,21139548,21826308,25264,1784356,21114284,0,0,8388604,8388604,0,0,80,0,21826352,419132,26088,1846632,2523188,1846632,676556,15408,85532,0,0,0,0,41230184,25278644,34359738367,87548,0,83280,0,0,0,0,0,0,0,0,0,0,0,2048,0,1493776,27707392,38797312
1777067659.001080,1080,ubuntu-rog,1,0,0,65683160,17327864,41342496,283260,22641504,0,23657480,21139568,21873124,25264,1784356,21114304,0,0,8388604,8388604,0,0,52,0,21872868,419132,26088,1846632,2523188,1846632,676556,15408,85656,0,0,0,0,41230184,25329864,34359738367,87548,0,83280,0,0,0,0,0,0,0,0,0,0,0,2048,0,1493776,27707392,38797312
1777067660.002304,2304,ubuntu-rog,1,0,0,65683160,17279448,41294080,283260,22641508,0,23702776,21139568,21918420,25264,1784356,21114304,0,0,8388604,8388604,0,0,56,0,21918548,419132,26088,1846632,2523188,1846632,676556,15408,85716,0,0,0,0,41230184,25370840,34359738367,87548,0,83280,0,0,0,0,0,0,0,0,0,0,0,2048,0,1493776,27707392,38797312
1777067661.001208,1208,ubuntu-rog,1,0,0,65683160,17231316,41245948,283260,22641508,0,23753988,21139568,21969632,25264,1784356,21114304,0,0,8388604,8388604,0,0,56,0,21969768,419132,26088,1846632,2523188,1846632,676556,15408,85816,0,0,0,0,41230184,25422060,34359738367,87548,0,83280,0,0,0,0,0,0,0,0,0,0,0,2048,0,1493776,27707392,38797312
1777067662.001304,1304,ubuntu-rog,1,0,0,65683160,17183956,41198600,283272,22641512,0,23805188,21139580,22020832,25264,1784356,21114316,0,0,8388604,8388604,0,0,64,0,22020988,419132,26088,1846632,2523188,1846632,676556,15408,85916,0,0,0,0,41230184,25473280,34359738367,87548,0,83280,0,0,0,0,0,0,0,0,0,0,0,2048,0,1493776,27707392,38797312
1777067663.001064,1064,ubuntu-rog,1,0,0,65683160,17127492,41142136,283272,22641512,0,23856400,21139580,22072044,25264,1784356,21114316,0,0,8388604,8388604,0,0,64,0,22072208,419132,26088,1846632,2523188,1846632,676556,15408,86020,0,0,0,0,41230184,25524500,34359738367,87548,0,83280,0,0,0,0,0,0,0,0,0,0,0,2048,0,1493776,27707392,38797312
1777067664.002062,2062,ubuntu-rog,1,0,0,65683160,17087204,41101848,283272,22641516,0,23897512,21139580,22113156,25264,1784356,21114316,0,0,8388604,8388604,0,0,68,0,22113328,419132,26088,1846632,2523188,1846632,676556,15408,86120,0,0,0,0,41230184,25565476,34359738367,87548,0,83280,0,0,0,0,0,0,0,0,0,0,0,2048,0,1493776,27707392,38797312
1777067665.001296,1296,ubuntu-rog,1,0,0,65683160,17038804,41053448,283272,22641520,0,23948656,21139580,22164300,25264,1784356,21114316,0,0,8388604,8388604,0,0,72,0,22164404,419132,26088,1846632,2523188,1846632,676556,15408,86200,0,0,0,0,41230184,25616696,34359738367,87548,0,83280,0,0,0,0,0,0,0,0,0,0,0,2048,0,1493776,27707392,38797312
1777067666.001209,1209,ubuntu-rog,1,0,0,65683160,16987532,41002176,283272,22641520,0,23999916,21139580,22215560,25264,1784356,21114316,0,0,8388604,8388604,0,0,72,0,22215624,419132,26088,1846632,2523188,1846632,676556,15408,86300,0,0,0,0,41230184,25667916,34359738367,87548,0,83280,0,0,0,0,0,0,0,0,0,0,0,2048,0,1493776,27707392,38797312
1777067667.001312,1312,ubuntu-rog,1,0,0,65683160,16933352,40947996,283280,22641524,0,24051128,21139580,22266772,25264,1784356,21114316,0,0,8388604,8388604,0,0,80,0,22266844,419132,26088,1846632,2523188,1846632,676556,15408,86400,0,0,0,0,41230184,25719136,34359738367,87548,0,83280,0,0,0,0,0,0,0,0,0,0,0,2048,0,1493776,27707392,38797312
1777067668.002063,2063,ubuntu-rog,1,0,0,65683160,16883364,40898008,283280,22641528,0,24102340,21139580,22317984,25264,1784356,21114316,0,0,8388604,8388604,0,0,84,0,22318064,419132,26088,1846632,2523188,1846632,676556,15408,86500,0,0,0,0,41230184,25770356,34359738367,87548,0,83280,0,0,0,0,0,0,0,0,0,0,0,2048,0,1493776,27707392,38797312
1777067669.001063,1063,ubuntu-rog,1,0,0,65683160,16845244,40859888,283280,22641528,0,24143384,21139580,22359028,25264,1784356,21114316,0,0,8388604,8388604,0,0,84,0,22359040,419132,26088,1846632,2523188,1846632,676556,15408,86580,0,0,0,0,41230184,25811332,34359738367,87548,0,83280,0,0,0,0,0,0,0,0,0,0,0,2048,0,1493776,27707392,38797312
1777067670.001297,1297,ubuntu-rog,1,0,0,65683160,16795396,40810040,283280,22641528,0,24194596,21139580,22410240,25264,1784356,21114316,0,0,8388604,8388604,0,0,84,0,22410260,419132,26088,1846632,2523188,1846632,676556,15408,86680,0,0,0,0,41230184,25862552,34359738367,87548,0,83280,0,0,0,0,0,0,0,0,0,0,0,2048,0,1493776,27707392,38797312
1777067671.001205,1205,ubuntu-rog,1,0,0,65683160,16745408,40760052,283280,22641532,0,24245808,21139580,22461452,25264,1784356,21114316,0,0,8388604,8388604,0,0,88,0,22461480,419132,26088,1846632,2523188,1846632,676556,15408,86780,0,0,0,0,41230184,25913772,34359738367,87548,0,83280,0,0,0,0,0,0,0,0,0,0,0,2048,0,1493776,27707392,38797312
1777067672.002299,2299,ubuntu-rog,1,0,0,65683160,16691212,40705856,283288,22641532,0,24297020,21139580,22512664,25264,1784356,21114316,0,0,8388604,8388604,0,0,88,0,22512700,419132,26088,1846632,2523188,1846632,676556,15408,86880,0,0,0,0,41230184,25964992,34359738367,87548,0,83280,0,0,0,0,0,0,0,0,0,0,0,2048,0,1493776,27707392,38797312
1777067673.001074,1074,ubuntu-rog,1,0,0,65683160,16309852,40324624,283288,22641536,0,24640724,21139708,22856368,25264,1784356,21114444,0,0,8388604,8388604,0,0,92,0,22856600,419132,26088,1846632,2523188,1846632,676556,15408,87540,0,0,0,0,41230184,26510384,34359738367,87548,0,83280,0,0,0,0,0,0,0,0,0,0,0,2048,0,1493776,27707392,38797312
1777067674.001067,1067,ubuntu-rog,1,0,0,65683160,16444512,40459288,283288,22641540,0,24538620,21139712,22754264,25264,1784356,21114448,0,0,8388604,8388604,0,0,96,0,22755576,419132,26088,1846632,2523188,1846632,676556,15408,87240,0,0,0,0,41230184,26211264,34359738367,87548,0,83280,0,0,0,0,0,0,0,0,0,0,0,2048,0,1493776,27707392,38797312
1777067675.001312,1312,ubuntu-rog,1,0,0,65683160,16522640,40537416,283288,22641540,0,24455936,21139712,22671580,25264,1784356,21114448,0,0,8388604,8388604,0,0,80,0,22671744,419132,26088,1846632,2523188,1846632,676556,15408,87196,0,0,0,0,41230184,26124036,34359738367,87548,0,83280,0,0,0,0,0,0,0,0,0,0,0,2048,0,1493776,27707392,38797312
1777067676.001205,1205,ubuntu-rog,1,0,0,65683160,16471460,40486236,283288,22641540,0,24507148,21139712,22722792,25264,1784356,21114448,0,0,8388604,8388604,0,0,80,0,22722964,419132,26088,1846632,2523188,1846632,676556,15408,87296,0,0,0,0,41230184,26175256,34359738367,87548,0,83280,0,0,0,0,0,0,0,0,0,0,0,2048,0,1493776,27707392,38797312
1777067677.001337,1337,ubuntu-rog,1,0,0,65683160,16428180,40442960,283296,22641544,0,24558480,21139716,22774124,25264,1784356,21114452,0,0,8388604,8388604,0,0,88,0,22774188,419132,26088,1846632,2523188,1846632,676556,15408,87396,0,0,0,0,41230184,26226476,34359738367,87548,0,83280,0,0,0,0,0,0,0,0,0,0,0,2048,0,1493776,27707392,38797312
1777067678.004063,4063,ubuntu-rog,1,0,0,65683160,16384768,40399548,283296,22641548,0,24599400,21139716,22815044,25264,1784356,21114452,0,0,8388604,8388604,0,0,96,0,22815164,419132,26088,1846632,2523188,1846632,676556,15408,87476,0,0,0,0,41230184,26277696,34359738367,87548,0,83280,0,0,0,0,0,0,0,0,0,0,0,2048,0,1493776,27707392,38797312
1777067679.001066,1066,ubuntu-rog,1,0,0,65683160,16340580,40355360,283296,22641552,0,24650612,21139716,22866256,25264,1784356,21114452,0,0,8388604,8388604,0,0,100,0,22866384,419132,26088,1846632,2523188,1846632,676556,15408,87576,0,0,0,0,41230184,26318672,34359738367,87548,0,83280,0,0,0,0,0,0,0,0,0,0,0,2048,0,1493776,27707392,38797312
1777067680.001311,1311,ubuntu-rog,1,0,0,65683160,16296724,40311504,283296,22641552,0,24701824,21139716,22917468,25264,1784356,21114452,0,0,8388604,8388604,0,0,60,0,22917604,419132,26088,1846632,2523188,1846632,676556,15408,87680,0,0,0,0,41230184,26369892,34359738367,87548,0,83280,0,0,0,0,0,0,0,0,0,0,0,2048,0,1493776,27707392,38797312
1777067681.001210,1210,ubuntu-rog,1,0,0,65683160,16242952,40257732,283296,22641556,0,24753036,21139716,22968680,25264,1784356,21114452,0,0,8388604,8388604,0,0,68,0,22968824,419132,26088,1846632,2523188,1846632,676556,15408,87780,0,0,0,0,41230184,26421112,34359738367,87548,0,83280,0,0,0,0,0,0,0,0,0,0,0,2048,0,1493776,27707392,38797312
1777067682.001322,1322,ubuntu-rog,1,0,0,65683160,16196852,40211632,283296,22641556,0,24804292,21139716,23019936,25264,1784356,21114452,0,0,8388604,8388604,0,0,36,0,23020044,419132,26088,1846632,2523188,1846632,676556,15408,87880,0,0,0,0,41230184,26472332,34359738367,87548,0,83280,0,0,0,0,0,0,0,0,0,0,0,2048,0,1493776,27707392,38797312
1777067683.001061,1061,ubuntu-rog,1,0,0,65683160,16150332,40165112,283308,22641556,0,24845404,21139716,23061048,25264,1784356,21114452,0,0,8388604,8388604,0,0,60,0,23061164,419132,26088,1846632,2523188,1846632,676556,15408,87980,0,0,0,0,41230184,26513308,34359738367,87548,0,83280,0,0,0,0,0,0,0,0,0,0,0,2048,0,1493776,27707392,38797312
1777067684.001063,1063,ubuntu-rog,1,0,0,65683160,16100320,40115100,283308,22641564,0,24896548,21139716,23112192,25264,1784356,21114452,0,0,8388604,8388604,0,0,68,0,23112240,419132,26088,1846632,2523188,1846632,676556,15408,88060,0,0,0,0,41230184,26564528,34359738367,87548,0,83280,0,0,0,0,0,0,0,0,0,0,0,2048,0,1493776,27707392,38797312
1777067685.001311,1311,ubuntu-rog,1,0,0,65683160,16050676,40065456,283308,22641564,0,24947760,21139716,23163404,25264,1784356,21114452,0,0,8388604,8388604,0,0,68,0,23163460,419132,26088,1846632,2523188,1846632,676556,15408,88160,0,0,0,0,41230184,26615748,34359738367,87548,0,83280,0,0,0,0,0,0,0,0,0,0,0,2048,0,1493776,27707392,38797312
1777067686.001209,1209,ubuntu-rog,1,0,0,65683160,15996748,40011528,283308,22641564,0,24998972,21139716,23214616,25264,1784356,21114452,0,0,8388604,8388604,0,0,68,0,23214680,419132,26088,1846632,2523188,1846632,676556,15408,88260,0,0,0,0,41230184,26666968,34359738367,87548,0,83280,0,0,0,0,0,0,0,0,0,0,0,2048,0,1493776,27707392,38797312
1777067687.002309,2309,ubuntu-rog,1,0,0,65683160,15950884,39965664,283308,22641564,0,25050412,21139716,23266056,25264,1784356,21114452,0,0,8388604,8388604,0,0,68,0,23266076,419132,26088,1846632,2523188,1846632,676556,15408,88356,0,0,0,0,41230184,26718188,34359738367,87548,0,83280,0,0,0,0,0,0,0,0,0,0,0,2048,0,1493776,27707392,38797312
1777067688.001063,1063,ubuntu-rog,1,0,0,65683160,15904264,39919044,283308,22641568,0,25091228,21139716,23306872,25264,1784356,21114452,0,0,8388604,8388604,0,0,72,0,23306876,419132,26088,1846632,2523188,1846632,676556,15408,88440,0,0,0,0,41230184,26759164,34359738367,87548,0,83280,0,0,0,0,0,0,0,0,0,0,0,2048,0,1493776,27707392,38797312
1777067689.001062,1062,ubuntu-rog,1,0,0,65683160,15858164,39872944,283316,22641568,0,25142440,21139716,23358084,25264,1784356,21114452,0,0,8388604,8388604,0,0,72,0,23358096,419132,26088,1846632,2523188,1846632,676556,15408,88540,0,0,0,0,41230184,26810384,34359738367,87548,0,83280,0,0,0,0,0,0,0,0,0,0,0,2048,0,1493776,27707392,38797312
1777067690.003310,3310,ubuntu-rog,1,0,0,65683160,15806504,39821284,283316,22641576,0,25193652,21139716,23409296,25264,1784356,21114452,0,0,8388604,8388604,0,0,52,0,23409316,419132,26088,1846632,2523188,1846632,676556,15408,88640,0,0,0,0,41230184,26861604,34359738367,87548,0,83280,0,0,0,0,0,0,0,0,0,0,0,2048,0,1493776,27707392,38797312
1777067691.001206,1206,ubuntu-rog,1,0,0,65683160,15757568,39772348,283316,22641580,0,25244864,21139716,23460508,25264,1784356,21114452,0,0,8388604,8388604,0,0,56,0,23460536,419132,26088,1846632,2523188,1846632,676556,15408,88740,0,0,0,0,41230184,26912824,34359738367,87548,0,83280,0,0,0,0,0,0,0,0,0,0,0,2048,0,1493776,27707392,38797312
1777067692.001309,1309,ubuntu-rog,1,0,0,65683160,15713380,39728160,283316,22641580,0,25285784,21139716,23501428,25264,1784356,21114452,0,0,8388604,8388604,0,0,56,0,23501512,419132,26088,1846632,2523188,1846632,676556,15408,88820,0,0,0,0,41230184,26953800,34359738367,87548,0,83280,0,0,0,0,0,0,0,0,0,0,0,2048,0,1493776,27707392,38797312
1777067693.001067,1067,ubuntu-rog,1,0,0,65683160,15669772,39684552,283316,22641580,0,25336996,21139716,23552640,25264,1784356,21114452,0,0,8388604,8388604,0,0,56,0,23552732,419132,26088,1846632,2523188,1846632,676556,15408,88920,0,0,0,0,41230184,27005020,34359738367,87548,0,83280,0,0,0,0,0,0,0,0,0,0,0,2048,0,1493776,27707392,38797312
1777067694.001063,1063,ubuntu-rog,1,0,0,65683160,15613688,39628468,283328,22641580,0,25388208,21139716,23603852,25264,1784356,21114452,0,0,8388604,8388604,0,0,56,0,23603952,419132,26088,1846632,2523192,1846632,676560,15408,89020,0,0,0,0,41230184,27056240,34359738367,87548,0,83280,0,0,0,0,0,0,0,0,0,0,0,2048,0,1493776,27707392,38797312
1777067695.001310,1310,ubuntu-rog,1,0,0,65683160,15564028,39578808,283328,22641584,0,25439420,21139716,23655064,25264,1784356,21114452,0,0,8388604,8388604,0,0,60,0,23655172,419132,26088,1846632,2523192,1846632,676560,15408,89120,0,0,0,0,41230184,27107460,34359738367,87548,0,83280,0,0,0,0,0,0,0,0,0,0,0,2048,0,1493776,27707392,38797312
1777067696.002208,2208,ubuntu-rog,1,0,0,65683160,15517900,39532728,283328,22641588,0,25490708,21139764,23706352,25264,1784356,21114500,0,0,8388604,8388604,0,0,68,0,23706392,419132,26088,1846632,2523192,1846632,676560,15408,89220,0,0,0,0,41230184,27158680,34359738367,87548,0,83280,0,0,0,0,0,0,0,0,0,0,0,2048,0,1493776,27707392,38797312
1777067697.001313,1313,ubuntu-rog,1,0,0,65683160,15471264,39486092,283328,22641588,0,25531752,21139764,23747396,25264,1784356,21114500,0,0,8388604,8388604,0,0,68,0,23747368,419132,26088,1846632,2523192,1846632,676560,15408,89300,0,0,0,0,41230184,27199656,34359738367,87548,0,83280,0,0,0,0,0,0,0,0,0,0,0,2048,0,1493776,27707392,38797312
1777067698.001065,1065,ubuntu-rog,1,0,0,65683160,15425568,39440396,283328,22641592,0,25582964,21139764,23798608,25264,1784356,21114500,0,0,8388604,8388604,0,0,72,0,23798588,419132,26088,1846632,2523192,1846632,676560,15408,89400,0,0,0,0,41230184,27250876,34359738367,87548,0,83280,0,0,0,0,0,0,0,0,0,0,0,2048,0,1493776,27707392,38797312
1777067699.001065,1065,ubuntu-rog,1,0,0,65683160,15371876,39386704,283328,22641592,0,25634176,21139764,23849820,25264,1784356,21114500,0,0,8388604,8388604,0,0,72,0,23849808,419132,26088,1846632,2523192,1846632,676560,15408,89500,0,0,0,0,41230184,27302096,34359738367,87548,0,83280,0,0,0,0,0,0,0,0,0,0,0,2048,0,1493776,27707392,38797312
1777067700.002305,2305,ubuntu-rog,1,0,0,65683160,15317696,39332524,283336,22641592,0,25685388,21139764,23901032,25264,1784356,21114500,0,0,8388604,8388604,0,0,72,0,23901028,419132,26088,1846632,2523192,1846632,676560,15408,89600,0,0,0,0,41230184,27353316,34359738367,87548,0,83280,0,0,0,0,0,0,0,0,0,0,0,2048,0,1493776,27707392,38797312
1777067701.001213,1213,ubuntu-rog,1,0,0,65683160,15279272,39294100,283336,22641596,0,25728924,21139764,23944568,25264,1784356,21114500,0,0,8388604,8388604,0,0,76,0,23944572,419132,26088,1846632,2523192,1846632,676560,15408,89704,0,0,0,0,41230184,27404536,34359738367,87548,0,83280,0,0,0,0,0,0,0,0,0,0,0,2048,0,1493776,27707392,38797312
1777067702.001318,1318,ubuntu-rog,1,0,0,65683160,15224960,39239788,283344,22641604,0,25777792,21139764,23993436,25264,1784356,21114500,0,0,8388604,8388604,0,0,280,0,23993224,419136,26088,1846632,2523192,1846632,676560,15408,89784,0,0,0,0,41230184,27445512,34359738367,87580,0,83280,0,0,0,0,0,0,0,0,0,0,0,2048,0,1493776,27707392,38797312
1777067703.001065,1065,ubuntu-rog,1,0,0,65683160,15178860,39193688,283344,22641604,0,25829004,21139764,24044648,25264,1784356,21114500,0,0,8388604,8388604,0,0,280,0,24044444,419136,26088,1846632,2523192,1846632,676560,15408,89884,0,0,0,0,41230184,27496732,34359738367,87580,0,83280,0,0,0,0,0,0,0,0,0,0,0,2048,0,1493776,27707392,38797312
1777067704.002060,2060,ubuntu-rog,1,0,0,65683160,15128048,39142876,283344,22641604,0,25880216,21139764,24095860,25264,1784356,21114500,0,0,8388604,8388604,0,0,280,0,24095664,419136,26088,1846632,2523192,1846632,676560,15408,89984,0,0,0,0,41230184,27547952,34359738367,87580,0,83280,0,0,0,0,0,0,0,0,0,0,0,2048,0,1493776,27707392,38797312
1777067705.001315,1315,ubuntu-rog,1,0,0,65683160,15074012,39088840,283344,22641608,0,25931428,21139764,24147072,25264,1784356,21114500,0,0,8388604,8388604,0,0,284,0,24146884,419136,26088,1846632,2523192,1846632,676560,15408,90084,0,0,0,0,41230184,27599172,34359738367,87580,0,83280,0,0,0,0,0,0,0,0,0,0,0,2048,0,1493776,27707392,38797312
1777067706.001210,1210,ubuntu-rog,1,0,0,65683160,15035472,39050300,283344,22641608,0,25972348,21139764,24187992,25264,1784356,21114500,0,0,8388604,8388604,0,0,284,0,24187860,419136,26088,1846632,2523196,1846632,676564,15408,90164,0,0,0,0,41230184,27640148,34359738367,87580,0,83280,0,0,0,0,0,0,0,0,0,0,0,2048,0,1493776,27707392,38797312
1777067707.001313,1313,ubuntu-rog,1,0,0,65683160,14981124,38995952,283352,22641612,0,26023560,21139764,24239204,25264,1784356,21114500,0,0,8388604,8388604,0,0,292,0,24239080,419136,26088,1846632,2523196,1846632,676564,15408,90264,0,0,0,0,41230184,27691368,34359738367,87580,0,83280,0,0,0,0,0,0,0,0,0,0,0,2048,0,1493776,27707392,38797312
1777067708.002134,2134,ubuntu-rog,1,0,0,65683160,14922668,38937496,283352,22641612,0,26074772,21139764,24290416,25264,1784356,21114500,0,0,8388604,8388604,0,0,292,0,24290300,419136,26088,1846632,2523196,1846632,676564,15408,90364,0,0,0,0,41230184,27742588,34359738367,87580,0,83280,0,0,0,0,0,0,0,0,0,0,0,2048,0,1493776,27707392,38797312
1777067709.001067,1067,ubuntu-rog,1,0,0,65683160,14872664,38887492,283352,22641616,0,26125984,21139764,24341628,25264,1784356,21114500,0,0,8388604,8388604,0,0,296,0,24341520,419136,26088,1846632,2523196,1846632,676564,15408,90464,0,0,0,0,41230184,27793808,34359738367,87580,0,83280,0,0,0,0,0,0,0,0,0,0,0,2048,0,1493776,27707392,38797312
1777067710.001314,1314,ubuntu-rog,1,0,0,65683160,14826684,38841512,283352,22641616,0,26177532,21139764,24393176,25264,1784356,21114500,0,0,8388604,8388604,0,0,296,0,24393000,419136,26088,1846632,2523196,1846632,676564,15408,90544,0,0,0,0,41230184,27845028,34359738367,87580,0,83280,0,0,0,0,0,0,0,0,0,0,0,2048,0,1493776,27707392,38797312
1777067711.001208,1208,ubuntu-rog,1,0,0,65683160,14779776,38794604,283352,22641616,0,26218240,21139764,24433884,25264,1784356,21114500,0,0,8388604,8388604,0,0,240,0,24433716,419136,26088,1846632,2523196,1846632,676564,15408,90644,0,0,0,0,41230184,27886004,34359738367,87580,0,83280,0,0,0,0,0,0,0,0,0,0,0,2048,0,1493776,27707392,38797312
1777067712.002313,2313,ubuntu-rog,1,0,0,65683160,14734080,38748908,283364,22641624,0,26269452,21139764,24485096,25264,1784356,21114500,0,0,8388604,8388604,0,0,256,0,24484936,419136,26088,1846632,2523196,1846632,676564,15408,90744,0,0,0,0,41230184,27937224,34359738367,87580,0,83280,0,0,0,0,0,0,0,0,0,0,0,2048,0,1493776,27707392,38797312
1777067713.001064,1064,ubuntu-rog,1,0,0,65683160,14683520,38698348,283364,22641624,0,26320664,21139764,24536308,25264,1784356,21114500,0,0,8388604,8388604,0,0,256,0,24536156,419136,26088,1846632,2523196,1846632,676564,15408,90844,0,0,0,0,41230184,27988444,34359738367,87580,0,83280,0,0,0,0,0,0,0,0,0,0,0,2048,0,1493776,27707392,38797312
1777067714.001067,1067,ubuntu-rog,1,0,0,65683160,14629484,38644392,283364,22641628,0,26371876,21139844,24587520,25264,1784356,21114580,0,0,8388604,8388604,0,0,208,0,24587376,419136,26088,1846632,2523196,1846632,676564,15408,90944,0,0,0,0,41230184,28039664,34359738367,87580,0,83280,0,0,0,0,0,0,0,0,0,0,0,2048,0,1493776,27707392,38797312
1777067715.001311,1311,ubuntu-rog,1,0,0,65683160,14591312,38606220,283364,22641628,0,26412988,21139844,24628632,25264,1784356,21114580,0,0,8388604,8388604,0,0,208,0,24628496,419136,26088,1846632,2523196,1846632,676564,15408,91044,0,0,0,0,41230184,28080640,34359738367,87580,0,83280,0,0,0,0,0,0,0,0,0,0,0,2048,0,1493776,27707392,38797312
1777067716.002206,2206,ubuntu-rog,1,0,0,65683160,14537000,38551908,283364,22641632,0,26464132,21139844,24679776,25264,1784356,21114580,0,0,8388604,8388604,0,0,212,0,24679572,419136,26088,1846632,2523196,1846632,676564,15408,91124,0,0,0,0,41230184,28131860,34359738367,87580,0,83280,0,0,0,0,0,0,0,0,0,0,0,2048,0,1493776,27707392,38797312
1777067717.001315,1315,ubuntu-rog,1,0,0,65683160,14482820,38497728,283372,22641632,0,26515344,21139844,24730988,25264,1784356,21114580,0,0,8388604,8388604,0,0,220,0,24730792,419136,26088,1846632,2523196,1846632,676564,15408,91224,0,0,0,0,41230184,28183080,34359738367,87580,0,83280,0,0,0,0,0,0,0,0,0,0,0,2048,0,1493776,27707392,38797312
1777067718.001065,1065,ubuntu-rog,1,0,0,65683160,14437468,38452376,283372,22641636,0,26566556,21139844,24782200,25264,1784356,21114580,0,0,8388604,8388604,0,0,224,0,24782012,419136,26088,1846632,2523196,1846632,676564,15408,91324,0,0,0,0,41230184,28234300,34359738367,87580,0,83280,0,0,0,0,0,0,0,0,0,0,0,2048,0,1493776,27707392,38797312
1777067719.001065,1065,ubuntu-rog,1,0,0,65683160,14383280,38398188,283372,22641640,0,26617768,21139844,24833412,25264,1784356,21114580,0,0,8388604,8388604,0,0,228,0,24833232,419136,26088,1846632,2523200,1846632,676568,15408,91424,0,0,0,0,41230184,28285520,34359738367,87580,0,83280,0,0,0,0,0,0,0,0,0,0,0,2048,0,1493776,27707392,38797312
1777067720.002299,2299,ubuntu-rog,1,0,0,65683160,14344568,38359476,283372,22641640,0,26659072,21139844,24874716,25264,1784356,21114580,0,0,8388604,8388604,0,0,228,0,24874496,419136,26088,1846632,2523200,1846632,676568,15408,91544,0,0,0,0,41230184,28326496,34359738367,87580,0,83280,0,0,0,0,0,0,0,0,0,0,0,2048,0,1493776,27707392,38797312
1777067721.001207,1207,ubuntu-rog,1,0,0,65683160,14294432,38309340,283372,22641640,0,26709900,21139844,24925544,25264,1784356,21114580,0,0,8388604,8388604,0,0,204,0,24925428,419136,26088,1846632,2523200,1846632,676568,15408,91604,0,0,0,0,41230184,28377716,34359738367,87580,0,83280,0,0,0,0,0,0,0,0,0,0,0,2048,0,1493776,27707392,38797312
1777067722.001309,1309,ubuntu-rog,1,0,0,65683160,14240244,38255152,283372,22641644,0,26761112,21139844,24976756,25264,1784356,21114580,0,0,8388604,8388604,0,0,208,0,24976648,419136,26088,1846632,2523200,1846632,676568,15408,91704,0,0,0,0,41230184,28428936,34359738367,87580,0,83280,0,0,0,0,0,0,0,0,0,0,0,2048,0,1493776,27707392,38797312
1777067723.001065,1065,ubuntu-rog,1,0,0,65683160,14188584,38203492,283384,22641648,0,26812324,21139844,25027968,25264,1784356,21114580,0,0,8388604,8388604,0,0,232,0,25027868,419136,26088,1846632,2523200,1846632,676568,15408,91808,0,0,0,0,41230184,28480156,34359738367,87580,0,83280,0,0,0,0,0,0,0,0,0,0,0,2048,0,1493776,27707392,38797312
1777067724.002064,2064,ubuntu-rog,1,0,0,65683160,14134404,38149312,283384,22641648,0,26863660,21139844,25079304,25264,1784356,21114580,0,0,8388604,8388604,0,0,232,0,25079088,419136,26088,1846632,2523200,1846632,676568,15408,91908,0,0,0,0,41230184,28531376,34359738367,87580,0,83280,0,0,0,0,0,0,0,0,0,0,0,2048,0,1493776,27707392,38797312
1777067725.001305,1305,ubuntu-rog,1,0,0,65683160,14095848,38110756,283384,22641648,0,26904580,21139844,25120224,25264,1784356,21114580,0,0,8388604,8388604,0,0,232,0,25120064,419136,26088,1846632,2523204,1846632,676572,15408,91988,0,0,0,0,41230184,28572352,34359738367,87580,0,83280,0,0,0,0,0,0,0,0,0,0,0,2048,0,1493776,27707392,38797312
1777067726.001208,1208,ubuntu-rog,1,0,0,65683160,14041280,38056188,283384,22641656,0,26955984,21139844,25171628,25264,1784356,21114580,0,0,8388604,8388604,0,0,240,0,25171428,419136,26088,1846632,2523204,1846632,676572,15408,92108,0,0,0,0,41230184,28623572,34359738367,87580,0,83280,0,0,0,0,0,0,0,0,0,0,0,2048,0,1493776,27707392,38797312
1777067727.001387,1387,ubuntu-rog,1,0,0,65683160,13993384,38008292,283384,22641656,0,27007004,21139844,25222648,25264,1784356,21114580,0,0,8388604,8388604,0,0,240,0,25222504,419136,26088,1846632,2523204,1846632,676572,15408,92188,0,0,0,0,41230184,28674792,34359738367,87580,0,83280,0,0,0,0,0,0,0,0,0,0,0,2048,0,1493776,27707392,38797312
1777067728.002062,2062,ubuntu-rog,1,0,0,65683160,13945520,37960428,283392,22641656,0,27058216,21139844,25273860,25264,1784356,21114580,0,0,8388604,8388604,0,0,240,0,25273724,419136,26088,1846632,2523204,1846632,676572,15408,92288,0,0,0,0,41230184,28726012,34359738367,87580,0,83280,0,0,0,0,0,0,0,0,0,0,0,2048,0,1493776,27707392,38797312
1777067729.001067,1067,ubuntu-rog,1,0,0,65683160,13889040,37903948,283392,22641664,0,27109360,21139844,25325004,25264,1784356,21114580,0,0,8388604,8388604,0,0,248,0,25325204,419136,26088,1846632,2523204,1846632,676572,15408,92368,0,0,0,0,41230184,28777232,34359738367,87580,0,83280,0,0,0,0,0,0,0,0,0,0,0,2048,0,1493776,27707392,38797312
1777067730.001304,1304,ubuntu-rog,1,0,0,65683160,13849240,37864148,283392,22641664,0,27150472,21139844,25366116,25264,1784356,21114580,0,0,8388604,8388604,0,0,248,0,25365920,419136,26088,1846632,2523204,1846632,676572,15408,92468,0,0,0,0,41230184,28818208,34359738367,87580,0,83280,0,0,0,0,0,0,0,0,0,0,0,2048,0,1493776,27707392,38797312
1777067731.001202,1202,ubuntu-rog,1,0,0,65683160,13800872,37815780,283392,22641664,0,27201684,21139844,25417328,25264,1784356,21114580,0,0,8388604,8388604,0,0,248,0,25417140,419136,26088,1846632,2523204,1846632,676572,15408,92568,0,0,0,0,41230184,28869428,34359738367,87580,0,83280,0,0,0,0,0,0,0,0,0,0,0,2048,0,1493776,27707392,38797312
1777067732.001218,1218,ubuntu-rog,1,0,0,65683160,13744052,37758960,283392,22641664,0,27253156,21139844,25468800,25264,1784356,21114580,0,0,8388604,8388604,0,0,248,0,25468648,419136,26088,1846632,2523204,1846632,676572,15408,92708,0,0,0,0,41230184,28920648,34359738367,87580,0,83280,0,0,0,0,0,0,0,0,0,0,0,2048,0,1493776,27707392,38797312
1777067733.002060,2060,ubuntu-rog,1,0,0,65683160,13696024,37710932,283392,22641668,0,27304184,21139844,25519828,25264,1784356,21114580,0,0,8388604,8388604,0,0,80,0,25519580,419136,26088,1846632,2523204,1846632,676572,15408,92768,0,0,0,0,41230184,28971868,34359738367,87580,0,83280,0,0,0,0,0,0,0,0,0,0,0,2048,0,1493776,27707392,38797312
1777067734.004061,4061,ubuntu-rog,1,0,0,65683160,13648144,37663052,283400,22641672,0,27351164,21139844,25566808,25264,1784356,21114580,0,0,8388604,8388604,0,0,96,0,25566616,419136,26088,1846632,2523204,1846632,676572,15408,92848,0,0,0,0,41230184,29023088,34359738367,87580,0,83280,0,0,0,0,0,0,0,0,0,0,0,2048,0,1493776,27707392,38797312
1777067735.001299,1299,ubuntu-rog,1,0,0,65683160,13607840,37622748,283400,22641672,0,27396316,21139844,25611960,25264,1784356,21114580,0,0,8388604,8388604,0,0,96,0,25611776,419136,26088,1846632,2523204,1846632,676572,15408,92948,0,0,0,0,41230184,29064064,34359738367,87580,0,83280,0,0,0,0,0,0,0,0,0,0,0,2048,0,1493776,27707392,38797312
1777067736.001204,1204,ubuntu-rog,1,0,0,65683160,13556324,37571232,283400,22641676,0,27447528,21139844,25663172,25264,1784356,21114580,0,0,8388604,8388604,0,0,100,0,25662996,419136,26088,1846632,2523204,1846632,676572,15408,93048,0,0,0,0,41230184,29115284,34359738367,87580,0,83280,0,0,0,0,0,0,0,0,0,0,0,2048,0,1493776,27707392,38797312
1777067737.001300,1300,ubuntu-rog,1,0,0,65683160,13504016,37518924,283400,22641676,0,27498864,21139844,25714508,25264,1784356,21114580,0,0,8388604,8388604,0,0,100,0,25714216,419136,26088,1846632,2523204,1846632,676572,15392,93148,0,0,0,0,41230184,29166504,34359738367,87596,0,83280,0,0,0,0,0,0,0,0,0,0,0,2048,0,1493776,27707392,38797312
1777067738.001062,1062,ubuntu-rog,1,0,0,65683160,13447956,37462864,283400,22641676,0,27550076,21139844,25765720,25264,1784356,21114580,0,0,8388604,8388604,0,0,100,0,25765436,419136,26088,1846632,2523204,1846632,676572,15392,93248,0,0,0,0,41230184,29217724,34359738367,87596,0,83280,0,0,0,0,0,0,0,0,0,0,0,2048,0,1493776,27707392,38797312
1777067739.001066,1066,ubuntu-rog,1,0,0,65683160,13408156,37423064,283408,22641680,0,27591188,21139844,25806832,25264,1784356,21114580,0,0,8388604,8388604,0,0,104,0,25806556,419136,26088,1846632,2523204,1846632,676572,15392,93348,0,0,0,0,41230184,29258700,34359738367,87596,0,83280,0,0,0,0,0,0,0,0,0,0,0,2048,0,1493776,27707392,38797312
1777067740.001302,1302,ubuntu-rog,1,0,0,65683160,13359872,37374780,283424,22641672,0,27642208,21139844,25857852,25264,1784356,21114580,0,0,8388604,8388604,0,0,112,0,25857632,419136,26088,1846632,2523204,1846632,676572,15392,93428,0,0,0,0,41230184,29309920,34359738367,87596,0,83280,0,0,0,0,0,0,0,0,0,0,0,2048,0,1493776,27707392,38797312
1777067741.001203,1203,ubuntu-rog,1,0,0,65683160,13303912,37319020,283472,22641688,0,27693436,21140044,25909080,25264,1784356,21114780,0,0,8388604,8388604,0,0,144,0,25908852,419136,26088,1846632,2523204,1846632,676572,15392,93528,0,0,0,0,41230184,29361140,34359738367,87596,0,83280,0,0,0,0,0,0,0,0,0,0,0,2048,0,1493776,27707392,38797312
1777067742.001303,1303,ubuntu-rog,1,0,0,65683160,13256032,37271140,283472,22641688,0,27744648,21140044,25960292,25264,1784356,21114780,0,0,8388604,8388604,0,0,144,0,25960092,419136,26088,1846632,2523204,1846632,676572,15392,93628,0,0,0,0,41230184,29412360,34359738367,87596,0,83280,0,0,0,0,0,0,0,0,0,0,0,2048,0,1493776,27707392,38797312
1777067743.002059,2059,ubuntu-rog,1,0,0,65683160,13207664,37222772,283472,22641692,0,27795860,21140044,26011504,25264,1784356,21114780,0,0,8388604,8388604,0,0,152,0,26011312,419136,26088,1846632,2523204,1846632,676572,15392,93728,0,0,0,0,41230184,29463580,34359738367,87596,0,83280,0,0,0,0,0,0,0,0,0,0,0,2048,0,1493776,27707392,38797312
1777067744.001064,1064,ubuntu-rog,1,0,0,65683160,13167840,37182948,283472,22641692,0,27836904,21140044,26052548,25264,1784356,21114780,0,0,8388604,8388604,0,0,152,0,26052288,419136,26088,1846632,2523204,1846632,676572,15392,93812,0,0,0,0,41230184,29504556,34359738367,87596,0,83280,0,0,0,0,0,0,0,0,0,0,0,2048,0,1493776,27707392,38797312
1777067745.001342,1342,ubuntu-rog,1,0,0,65683160,13111920,37127028,283472,22641696,0,27888184,21140044,26103828,25264,1784356,21114780,0,0,8388604,8388604,0,0,156,0,26103652,419136,26088,1846632,2523196,1846632,676564,15392,93932,0,0,0,0,41230184,29555776,34359738367,87596,0,83280,0,0,0,0,0,0,0,0,0,0,0,2048,0,1493776,27707392,38797312
1777067746.001204,1204,ubuntu-rog,1,0,0,65683160,13064024,37079132,283484,22641696,0,27939392,21140044,26155036,25264,1784356,21114780,0,0,8388604,8388604,0,0,156,0,26154912,419136,26088,1846632,2523188,1846632,676556,15392,94012,0,0,0,0,41230184,29607164,34359738367,87596,0,83280,0,0,0,0,0,0,0,0,0,0,0,2048,0,1493776,27707392,38797312
1777067747.002289,2289,ubuntu-rog,1,0,0,65683160,13008064,37023172,283484,22641700,0,27990628,21140044,26206272,25264,1784356,21114780,0,0,8388604,8388604,0,0,144,0,26206132,419136,26088,1846632,2523188,1846632,676556,15392,94112,0,0,0,0,41230184,29658384,34359738367,87596,0,83280,0,0,0,0,0,0,0,0,0,0,0,2048,0,1493776,27707392,38797312
1777067748.001063,1063,ubuntu-rog,1,0,0,65683160,12960184,36975292,283484,22641700,0,28041912,21140044,26257556,25264,1784356,21114780,0,0,8388604,8388604,0,0,36,0,26257324,419136,26088,1846632,2523188,1846632,676556,15392,94208,0,0,0,0,41230184,29709604,34359738367,87596,0,83280,0,0,0,0,0,0,0,0,0,0,0,2048,0,1493776,27707392,38797312
1777067749.001064,1064,ubuntu-rog,1,0,0,65683160,12911800,36926908,283484,22641700,0,28082884,21140044,26298528,25264,1784356,21114780,0,0,8388604,8388604,0,0,36,0,26298328,419136,26088,1846632,2523188,1846632,676556,15392,94292,0,0,0,0,41230184,29750580,34359738367,87596,0,83280,0,0,0,0,0,0,0,0,0,0,0,2048,0,1493776,27707392,38797312
1777067750.001301,1301,ubuntu-rog,1,0,0,65683160,12855856,36870964,283484,22641704,0,28134096,21140044,26349740,25264,1784356,21114780,0,0,8388604,8388604,0,0,40,0,26349548,419136,26088,1846632,2523188,1846632,676556,15392,94392,0,0,0,0,41230184,29801800,34359738367,87596,0,83280,0,0,0,0,0,0,0,0,0,0,0,2048,0,1493776,27707392,38797312
1777067751.001152,1152,ubuntu-rog,1,0,0,65683160,12807368,36822476,283492,22641704,0,28185568,21140044,26401212,25264,1784356,21114780,0,0,8388604,8388604,0,0,52,0,26401056,419136,26088,1846632,2523188,1846632,676556,15392,94532,0,0,0,0,41230184,29853020,34359738367,87596,0,83280,0,0,0,0,0,0,0,0,0,0,0,2048,0,1493776,27707392,38797312
1777067752.002300,2300,ubuntu-rog,1,0,0,65683160,12759760,36774872,283492,22641712,0,28236520,21140048,26452164,25264,1784356,21114784,0,0,8388604,8388604,0,0,40,0,26451988,419136,26088,1846632,2523188,1846632,676556,15392,94592,0,0,0,0,41230184,29904240,34359738367,87596,0,83280,0,0,0,0,0,0,0,0,0,0,0,2048,0,1493776,27707392,38797312
1777067753.001063,1063,ubuntu-rog,1,0,0,65683160,12708632,36723744,283492,22641712,0,28286452,21140048,26502096,25264,1784356,21114784,0,0,8388604,8388604,0,0,40,0,26501852,419136,26088,1846632,2523188,1846632,676556,15392,94672,0,0,0,0,41230184,29955460,34359738367,87596,0,83280,0,0,0,0,0,0,0,0,0,0,0,2048,0,1493776,27707392,38797312
1777067754.001060,1060,ubuntu-rog,1,0,0,65683160,12664588,36679700,283492,22641716,0,28328776,21140048,26544420,25264,1784356,21114784,0,0,8388604,8388604,0,0,44,0,26544184,419136,26088,1846632,2523188,1846632,676556,15392,94772,0,0,0,0,41230184,29996436,34359738367,87596,0,83280,0,0,0,0,0,0,0,0,0,0,0,2048,0,1493776,27707392,38797312
1777067755.001297,1297,ubuntu-rog,1,0,0,65683160,12608392,36623504,283492,22641716,0,28379988,21140048,26595632,25264,1784356,21114784,0,0,8388604,8388604,0,0,44,0,26595404,419136,26088,1846632,2523188,1846632,676556,15392,94872,0,0,0,0,41230184,30047656,34359738367,87596,0,83280,0,0,0,0,0,0,0,0,0,0,0,2048,0,1493776,27707392,38797312
1777067756.002197,2197,ubuntu-rog,1,0,0,65683160,12560008,36575120,283492,22641720,0,28431172,21140048,26646816,25264,1784356,21114784,0,0,8388604,8388604,0,0,52,0,26646616,419136,26088,1846632,2523188,1846632,676556,15392,94972,0,0,0,0,41230184,30098876,34359738367,87596,0,83280,0,0,0,0,0,0,0,0,0,0,0,2048,0,1493776,27707392,38797312
1777067757.001299,1299,ubuntu-rog,1,0,0,65683160,12511640,36526752,283504,22641724,0,28482384,21140048,26698028,25264,1784356,21114784,0,0,8388604,8388604,0,0,68,0,26697836,419136,26088,1846632,2523188,1846632,676556,15392,95072,0,0,0,0,41230184,30150096,34359738367,87596,0,83280,0,0,0,0,0,0,0,0,0,0,0,2048,0,1493776,27707392,38797312
1777067758.001065,1065,ubuntu-rog,1,0,0,65683160,12468952,36484080,283504,22641724,0,28525376,21140064,26741020,25264,1784356,21114800,0,0,8388604,8388604,0,0,68,0,26740976,419136,26088,1846632,2523188,1846632,676556,15392,95172,0,0,0,0,41230184,30201316,34359738367,87596,0,83280,0,0,0,0,0,0,0,0,0,0,0,2048,0,1493776,27707392,38797312
1777067759.001064,1064,ubuntu-rog,1,0,0,65683160,12423104,36438232,283504,22641724,0,28574692,21140064,26790336,25264,1784356,21114800,0,0,8388604,8388604,0,0,68,0,26790176,419136,26088,1846632,2523188,1846632,676556,15392,95272,0,0,0,0,41230184,30242292,34359738367,87596,0,83280,0,0,0,0,0,0,0,0,0,0,0,2048,0,1493776,27707392,38797312
1777067760.002292,2292,ubuntu-rog,1,0,0,65683160,12360964,36376092,283504,22641728,0,28625712,21140064,26841356,25264,1784356,21114800,0,0,8388604,8388604,0,0,72,0,26841252,419136,26088,1846632,2523220,1846632,676588,15392,95352,0,0,0,0,41230184,30293512,34359738367,87612,0,83280,0,0,0,0,0,0,0,0,0,0,0,2048,0,1493776,27707392,38797312
1777067761.001200,1200,ubuntu-rog,1,0,0,65683160,12314864,36329992,283504,22641728,0,28676924,21140064,26892568,25264,1784356,21114800,0,0,8388604,8388604,0,0,72,0,26892472,419136,26088,1846632,2523220,1846632,676588,15392,95452,0,0,0,0,41230184,30344732,34359738367,87612,0,83280,0,0,0,0,0,0,0,0,0,0,0,2048,0,1493776,27707392,38797312
1777067762.001297,1297,ubuntu-rog,1,0,0,65683160,12259320,36274448,283512,22641732,0,28728136,21140064,26943780,25264,1784356,21114800,0,0,8388604,8388604,0,0,76,0,26943692,419136,26088,1846632,2523220,1846632,676588,15392,95552,0,0,0,0,41230184,30395952,34359738367,87612,0,83280,0,0,0,0,0,0,0,0,0,0,0,2048,0,1493776,27707392,38797312
1777067763.001059,1059,ubuntu-rog,1,0,0,65683160,12225032,36240160,283512,22641736,0,28769248,21140064,26984892,25264,1784356,21114800,0,0,8388604,8388604,0,0,80,0,26984812,419136,26088,1846632,2523220,1846632,676588,15392,95652,0,0,0,0,41230184,30436928,34359738367,87612,0,83280,0,0,0,0,0,0,0,0,0,0,0,2048,0,1493776,27707392,38797312
1777067764.002065,2065,ubuntu-rog,1,0,0,65683160,12171104,36186232,283512,22641740,0,28820460,21140064,27036104,25264,1784356,21114800,0,0,8388604,8388604,0,0,84,0,27036032,419136,26088,1846632,2523220,1846632,676588,15392,95752,0,0,0,0,41230184,30488148,34359738367,87612,0,83280,0,0,0,0,0,0,0,0,0,0,0,2048,0,1493776,27707392,38797312
1777067765.001303,1303,ubuntu-rog,1,0,0,65683160,12117044,36132172,283512,22641740,0,28871604,21140064,27087248,25264,1784356,21114800,0,0,8388604,8388604,0,0,84,0,27087108,419136,26088,1846632,2523220,1846632,676588,15392,95832,0,0,0,0,41230184,30539368,34359738367,87612,0,83280,0,0,0,0,0,0,0,0,0,0,0,2048,0,1493776,27707392,38797312
1777067766.001201,1201,ubuntu-rog,1,0,0,65683160,12071196,36086324,283512,22641740,0,28922816,21140064,27138460,25264,1784356,21114800,0,0,8388604,8388604,0,0,84,0,27138328,419136,26088,1846632,2523220,1846632,676588,15392,95936,0,0,0,0,41230184,30590588,34359738367,87612,0,83280,0,0,0,0,0,0,0,0,0,0,0,2048,0,1493776,27707392,38797312
1777067767.001299,1299,ubuntu-rog,1,0,0,65683160,12016848,36031976,283512,22641748,0,28974028,21140064,27189672,25264,1784356,21114800,0,0,8388604,8388604,0,0,92,0,27189548,419136,26088,1846632,2523220,1846632,676588,15392,96036,0,0,0,0,41230184,30641808,34359738367,87612,0,83280,0,0,0,0,0,0,0,0,0,0,0,2048,0,1493776,27707392,38797312
1777067768.002052,2052,ubuntu-rog,1,0,0,65683160,11978712,35993840,283520,22641748,0,29014948,21140064,27230592,25264,1784356,21114800,0,0,8388604,8388604,0,0,92,0,27230524,419136,26088,1846632,2523220,1846632,676588,15392,96116,0,0,0,0,41230184,30682784,34359738367,87612,0,83280,0,0,0,0,0,0,0,0,0,0,0,2048,0,1493776,27707392,38797312
1777067769.001061,1061,ubuntu-rog,1,0,0,65683160,11924768,35939896,283520,22641748,0,29066160,21140064,27281804,25264,1784356,21114800,0,0,8388604,8388604,0,0,92,0,27281744,419136,26088,1846632,2523220,1846632,676588,15392,96216,0,0,0,0,41230184,30734004,34359738367,87612,0,83280,0,0,0,0,0,0,0,0,0,0,0,2048,0,1493776,27707392,38797312
1777067770.001283,1283,ubuntu-rog,1,0,0,65683160,11870684,35885812,283520,22641748,0,29117756,21140064,27333400,25264,1784356,21114800,0,0,8388604,8388604,0,0,92,0,27333252,419136,26088,1846632,2523220,1846632,676588,15376,96360,0,0,0,0,41230184,30785224,34359738367,87596,0,83280,0,0,0,0,0,0,0,0,0,0,0,2048,0,1493776,27707392,38797312
1777067771.001204,1204,ubuntu-rog,1,0,0,65683160,11824740,35839868,283520,22641752,0,29168496,21140064,27384140,25264,1784356,21114800,0,0,8388604,8388604,0,0,96,0,27384016,419136,26088,1846632,2523220,1846632,676588,15376,96420,0,0,0,0,41230184,30836276,34359738367,87596,0,83280,0,0,0,0,0,0,0,0,0,0,0,2048,0,1493776,27707392,38797312
1777067772.002298,2298,ubuntu-rog,1,0,0,65683160,11771300,35786428,283520,22641752,0,29219836,21140064,27435480,25264,1784356,21114800,0,0,8388604,8388604,0,0,56,0,27435236,419136,26088,1846632,2523220,1846632,676588,15376,96520,0,0,0,0,41230184,30887496,34359738367,87596,0,83280,0,0,0,0,0,0,0,0,0,0,0,2048,0,1493776,27707392,38797312
1777067773.001061,1061,ubuntu-rog,1,0,0,65683160,11733012,35748140,283520,22641756,0,29260756,21140064,27476400,25264,1784356,21114800,0,0,8388604,8388604,0,0,60,0,27476212,419136,26088,1846632,2523220,1846632,676588,15376,96600,0,0,0,0,41230184,30928472,34359738367,87596,0,83280,0,0,0,0,0,0,0,0,0,0,0,2048,0,1493776,27707392,38797312
1777067774.001058,1058,ubuntu-rog,1,0,0,65683160,11679068,35694196,283532,22641760,0,29311968,21140064,27527612,25264,1784356,21114800,0,0,8388604,8388604,0,0,68,0,27527432,419136,26088,1846632,2523220,1846632,676588,15376,96700,0,0,0,0,41230184,30979692,34359738367,87596,0,83280,0,0,0,0,0,0,0,0,0,0,0,2048,0,1493776,27707392,38797312
1777067775.001295,1295,ubuntu-rog,1,0,0,65683160,11625140,35640268,283532,22641764,0,29363180,21140064,27578824,25264,1784356,21114800,0,0,8388604,8388604,0,0,72,0,27578652,419136,26088,1846632,2523220,1846632,676588,15376,96800,0,0,0,0,41230184,31030912,34359738367,87596,0,83280,0,0,0,0,0,0,0,0,0,0,0,2048,0,1493776,27707392,38797312
1777067776.002196,2196,ubuntu-rog,1,0,0,65683160,11579292,35594420,283532,22641764,0,29414392,21140064,27630036,25264,1784356,21114800,0,0,8388604,8388604,0,0,72,0,27629872,419136,26088,1846632,2523220,1846632,676588,15376,96900,0,0,0,0,41230184,31082132,34359738367,87596,0,83280,0,0,0,0,0,0,0,0,0,0,0,2048,0,1493776,27707392,38797312
1777067777.001302,1302,ubuntu-rog,1,0,0,65683160,11532932,35548060,283532,22641764,0,29461440,21140064,27677084,25264,1784356,21114800,0,0,8388604,8388604,0,0,72,0,27677052,419136,26088,1846632,2523220,1846632,676588,15376,97000,0,0,0,0,41230184,31133352,34359738367,87596,0,83280,0,0,0,0,0,0,0,0,0,0,0,2048,0,1493776,27707392,38797312
1777067778.001059,1059,ubuntu-rog,1,0,0,65683160,11482256,35497384,283532,22641772,0,29506524,21140064,27722168,25264,1784356,21114800,0,0,8388604,8388604,0,0,80,0,27722068,419136,26088,1846632,2523220,1846632,676588,15376,97080,0,0,0,0,41230184,31174328,34359738367,87596,0,83280,0,0,0,0,0,0,0,0,0,0,0,2048,0,1493776,27707392,38797312
1777067779.001059,1059,ubuntu-rog,1,0,0,65683160,11432116,35447244,283540,22641772,0,29557736,21140064,27773380,25264,1784356,21114800,0,0,8388604,8388604,0,0,80,0,27773288,419136,26088,1846632,2523220,1846632,676588,15376,97180,0,0,0,0,41230184,31225548,34359738367,87596,0,83280,0,0,0,0,0,0,0,0,0,0,0,2048,0,1493776,27707392,38797312
1777067780.002285,2285,ubuntu-rog,1,0,0,65683160,11385940,35401068,283540,22641772,0,29608948,21140064,27824592,25264,1784356,21114800,0,0,8388604,8388604,0,0,80,0,27824508,419136,26088,1846632,2523220,1846632,676588,15376,97280,0,0,0,0,41230184,31276768,34359738367,87596,0,83280,0,0,0,0,0,0,0,0,0,0,0,2048,0,1493776,27707392,38797312
1777067781.001199,1199,ubuntu-rog,1,0,0,65683160,11331780,35346908,283540,22641776,0,29660160,21140064,27875804,25264,1784356,21114800,0,0,8388604,8388604,0,0,84,0,27875728,419136,26088,1846632,2523220,1846632,676588,15376,97380,0,0,0,0,41230184,31327988,34359738367,87596,0,83280,0,0,0,0,0,0,0,0,0,0,0,2048,0,1493776,27707392,38797312
1777067782.001295,1295,ubuntu-rog,1,0,0,65683160,11287840,35302968,283540,22641776,0,29701080,21140064,27916724,25264,1784356,21114800,0,0,8388604,8388604,0,0,16,0,27916704,419136,26088,1846632,2523220,1846632,676588,15376,97460,0,0,0,0,41230184,31368964,34359738367,87596,0,83280,0,0,0,0,0,0,0,0,0,0,0,2048,0,1493776,27707392,38797312
1777067783.001095,1095,ubuntu-rog,1,0,0,65683160,11241696,35256824,283540,22641776,0,29752484,21140064,27968128,25264,1784356,21114800,0,0,8388604,8388604,0,0,16,0,27968068,419136,26088,1846632,2523220,1846632,676588,15376,97580,0,0,0,0,41230184,31420184,34359738367,87596,0,83280,0,0,0,0,0,0,0,0,0,0,0,2048,0,1493776,27707392,38797312
1777067784.002063,2063,ubuntu-rog,1,0,0,65683160,11191432,35206560,283540,22641780,0,29803628,21140064,28019272,25264,1784356,21114800,0,0,8388604,8388604,0,0,24,0,28019144,419136,26088,1846632,2523220,1846632,676588,15376,97660,0,0,0,0,41230184,31471404,34359738367,87596,0,83280,0,0,0,0,0,0,0,0,0,0,0,2048,0,1493776,27707392,38797312
1777067785.001289,1289,ubuntu-rog,1,0,0,65683160,11137640,35152768,283552,22641784,0,29854840,21140064,28070484,25264,1784356,21114800,0,0,8388604,8388604,0,0,52,0,28070364,419136,26088,1846632,2523220,1846632,676588,15376,97760,0,0,0,0,41230184,31522624,34359738367,87596,0,83280,0,0,0,0,0,0,0,0,0,0,0,2048,0,1493776,27707392,38797312
1777067786.001199,1199,ubuntu-rog,1,0,0,65683160,11083460,35098588,283552,22641784,0,29906052,21140064,28121696,25264,1784356,21114800,0,0,8388604,8388604,0,0,52,0,28121584,419136,26088,1846632,2523220,1846632,676588,15376,97860,0,0,0,0,41230184,31573844,34359738367,87596,0,83280,0,0,0,0,0,0,0,0,0,0,0,2048,0,1493776,27707392,38797312
1777067787.001300,1300,ubuntu-rog,1,0,0,65683160,11044784,35059912,283552,22641788,0,29947164,21140064,28162808,25264,1784356,21114800,0,0,8388604,8388604,0,0,60,0,28162704,419136,26088,1846632,2523220,1846632,676588,15376,97964,0,0,0,0,41230184,31614820,34359738367,87596,0,83280,0,0,0,0,0,0,0,0,0,0,0,2048,0,1493776,27707392,38797312
1777067788.002054,2054,ubuntu-rog,1,0,0,65683160,10990724,35005852,283552,22641792,0,29998184,21140064,28213828,25264,1784356,21114800,0,0,8388604,8388604,0,0,64,0,28213780,419136,26088,1846632,2523220,1846632,676588,15376,98044,0,0,0,0,41230184,31666040,34359738367,87596,0,83280,0,0,0,0,0,0,0,0,0,0,0,2048,0,1493776,27707392,38797312
1777067789.001064,1064,ubuntu-rog,1,0,0,65683160,10940420,34955548,283552,22641796,0,30049780,21140064,28265424,25264,1784356,21114800,0,0,8388604,8388604,0,0,68,0,28265288,419136,26088,1846632,2523220,1846632,676588,15376,98184,0,0,0,0,41230184,31717260,34359738367,87596,0,83280,0,0,0,0,0,0,0,0,0,0,0,2048,0,1493776,27707392,38797312
1777067790.001305,1305,ubuntu-rog,1,0,0,65683160,10894224,34909352,283560,22641796,0,30100608,21140064,28316252,25264,1784356,21114800,0,0,8388604,8388604,0,0,72,0,28316220,419136,26088,1846632,2523220,1846632,676588,15376,98244,0,0,0,0,41230184,31768480,34359738367,87596,0,83280,0,0,0,0,0,0,0,0,0,0,0,2048,0,1493776,27707392,38797312
1777067791.001198,1198,ubuntu-rog,1,0,0,65683160,10837960,34853088,283560,22641796,0,30151820,21140064,28367464,25264,1784356,21114800,0,0,8388604,8388604,0,0,72,0,28367440,419136,26088,1846632,2523220,1846632,676588,15376,98344,0,0,0,0,41230184,31819700,34359738367,87596,0,83280,0,0,0,0,0,0,0,0,0,0,0,2048,0,1493776,27707392,38797312
1777067792.002295,2295,ubuntu-rog,1,0,0,65683160,10798700,34813828,283560,22641800,0,30192864,21140064,28408508,25264,1784356,21114800,0,0,8388604,8388604,0,0,76,0,28408416,419136,26088,1846632,2523220,1846632,676588,15376,98424,0,0,0,0,41230184,31860676,34359738367,87596,0,83280,0,0,0,0,0,0,0,0,0,0,0,2048,0,1493776,27707392,38797312
1777067793.001060,1060,ubuntu-rog,1,0,0,65683160,10743512,34758640,283560,22641800,0,30244076,21140064,28459720,25264,1784356,21114800,0,0,8388604,8388604,0,0,76,0,28459636,419136,26088,1846632,2523220,1846632,676588,15376,98524,0,0,0,0,41230184,31911896,34359738367,87596,0,83280,0,0,0,0,0,0,0,0,0,0,0,2048,0,1493776,27707392,38797312
1777067794.001060,1060,ubuntu-rog,1,0,0,65683160,10700176,34715304,283560,22641800,0,30295288,21140064,28510932,25264,1784356,21114800,0,0,8388604,8388604,0,0,76,0,28510856,419136,26088,1846632,2523220,1846632,676588,15376,98624,0,0,0,0,41230184,31963116,34359738367,87596,0,83280,0,0,0,0,0,0,0,0,0,0,0,2048,0,1493776,27707392,38797312
1777067795.001291,1291,ubuntu-rog,1,0,0,65683160,10645432,34660560,283560,22641808,0,30346660,21140064,28562304,25264,1784356,21114800,0,0,8388604,8388604,0,0,84,0,28562252,419136,26088,1846632,2523220,1846632,676588,15376,98724,0,0,0,0,41230184,32014336,34359738367,87596,0,83280,0,0,0,0,0,0,0,0,0,0,0,2048,0,1493776,27707392,38797312
1777067796.002200,2200,ubuntu-rog,1,0,0,65683160,10606188,34621316,283568,22641808,0,30387544,21140064,28603188,25264,1784356,21114800,0,0,8388604,8388604,0,0,84,0,28603052,419136,26088,1846632,2523220,1846632,676588,15376,98804,0,0,0,0,41230184,32055312,34359738367,87596,0,83280,0,0,0,0,0,0,0,0,0,0,0,2048,0,1493776,27707392,38797312
1777067797.001294,1294,ubuntu-rog,1,0,0,65683160,10556688,34571816,283568,22641808,0,30438756,21140064,28654400,25264,1784356,21114800,0,0,8388604,8388604,0,0,84,0,28654272,419136,26088,1846632,2523220,1846632,676588,15376,98904,0,0,0,0,41230184,32106532,34359738367,87596,0,83280,0,0,0,0,0,0,0,0,0,0,0,2048,0,1493776,27707392,38797312
1777067798.001060,1060,ubuntu-rog,1,0,0,65683160,10505336,34520588,283568,22641812,0,30489968,21140188,28705612,25264,1784356,21114924,0,0,8388604,8388604,0,0,88,0,28705492,419136,26088,1846632,2523220,1846632,676588,15376,99004,0,0,0,0,41230184,32157752,34359738367,87596,0,83280,0,0,0,0,0,0,0,0,0,0,0,2048,0,1493776,27707392,38797312
1777067799.001055,1055,ubuntu-rog,1,0,0,65683160,10450132,34465384,283568,22641816,0,30541180,21140188,28756824,25264,1784356,21114924,0,0,8388604,8388604,0,0,92,0,28756712,419136,26088,1846632,2523220,1846632,676588,15376,99104,0,0,0,0,41230184,32208972,34359738367,87596,0,83280,0,0,0,0,0,0,0,0,0,0,0,2048,0,1493776,27707392,38797312
1777067800.002285,2285,ubuntu-rog,1,0,0,65683160,10393936,34409188,283568,22641820,0,30592392,21140188,28808036,25264,1784356,21114924,0,0,8388604,8388604,0,0,96,0,28807932,419136,26088,1846632,2523220,1846632,676588,15376,99204,0,0,0,0,41230184,32260192,34359738367,87596,0,83280,0,0,0,0,0,0,0,0,0,0,0,2048,0,1493776,27707392,38797312
1777067801.001195,1195,ubuntu-rog,1,0,0,65683160,10353900,34369236,283576,22641820,0,30633420,21140272,28849064,25264,1784356,21115008,0,0,8388604,8388604,0,0,96,0,28849052,419136,26088,1846632,2523220,1846632,676588,15376,99304,0,0,0,0,41230184,32301168,34359738367,87596,0,83280,0,0,0,0,0,0,0,0,0,0,0,2048,0,1493776,27707392,38797312
1777067802.001338,1338,ubuntu-rog,1,0,0,65683160,10305516,34320852,283576,22641824,0,30684632,21140272,28900276,25264,1784356,21115008,0,0,8388604,8388604,0,0,100,0,28900272,419136,26088,1846632,2523220,1846632,676588,15376,99404,0,0,0,0,41230184,32352388,34359738367,87596,0,83280,0,0,0,0,0,0,0,0,0,0,0,2048,0,1493776,27707392,38797312
1777067803.001064,1064,ubuntu-rog,1,0,0,65683160,10257116,34272452,283576,22641824,0,30735776,21140272,28951420,25264,1784356,21115008,0,0,8388604,8388604,0,0,60,0,28951348,419136,26088,1846632,2523220,1846632,676588,15376,99484,0,0,0,0,41230184,32403608,34359738367,87596,0,83280,0,0,0,0,0,0,0,0,0,0,0,2048,0,1493776,27707392,38797312
1777067804.002058,2058,ubuntu-rog,1,0,0,65683160,10200652,34215988,283576,22641824,0,30786988,21140272,29002632,25264,1784356,21115008,0,0,8388604,8388604,0,0,60,0,29002568,419136,26088,1846632,2523220,1846632,676588,15376,99584,0,0,0,0,41230184,32454828,34359738367,87596,0,83280,0,0,0,0,0,0,0,0,0,0,0,2048,0,1493776,27707392,38797312
1777067805.001296,1296,ubuntu-rog,1,0,0,65683160,10152252,34167588,283576,22641828,0,30838412,21140272,29054056,25264,1784356,21115008,0,0,8388604,8388604,0,0,68,0,29054048,419136,26088,1846632,2523220,1846632,676588,15376,99664,0,0,0,0,41230184,32506048,34359738367,87596,0,83280,0,0,0,0,0,0,0,0,0,0,0,2048,0,1493776,27707392,38797312
1777067806.001202,1202,ubuntu-rog,1,0,0,65683160,10111948,34127284,283576,22641832,0,30879120,21140272,29094764,25264,1784356,21115008,0,0,8388604,8388604,0,0,72,0,29094764,419136,26088,1846632,2523220,1846632,676588,15376,99764,0,0,0,0,41230184,32547024,34359738367,87596,0,83280,0,0,0,0,0,0,0,0,0,0,0,2048,0,1493776,27707392,38797312
1777067807.001299,1299,ubuntu-rog,1,0,0,65683160,10063580,34078916,283588,22641832,0,30930332,21140272,29145976,25264,1784356,21115008,0,0,8388604,8388604,0,0,76,0,29145984,419136,26088,1846632,2523220,1846632,676588,15376,99864,0,0,0,0,41230184,32598244,34359738367,87596,0,83280,0,0,0,0,0,0,0,0,0,0,0,2048,0,1493776,27707392,38797312
1777067808.001377,1377,ubuntu-rog,1,0,0,65683160,10007116,34022452,283588,22641832,0,30981544,21140272,29197188,25264,1784356,21115008,0,0,8388604,8388604,0,0,76,0,29197204,419136,26088,1846632,2523220,1846632,676588,15376,99968,0,0,0,0,41230184,32649464,34359738367,87596,0,83280,0,0,0,0,0,0,0,0,0,0,0,2048,0,1493776,27707392,38797312
1777067809.002065,2065,ubuntu-rog,1,0,0,65683160,9958748,33974084,283588,22641836,0,31032756,21140272,29248400,25264,1784356,21115008,0,0,8388604,8388604,0,0,80,0,29248424,419136,26088,1846632,2523220,1846632,676588,15376,100068,0,0,0,0,41230184,32700684,34359738367,87596,0,83280,0,0,0,0,0,0,0,0,0,0,0,2048,0,1493776,27707392,38797312
1777067810.001293,1293,ubuntu-rog,1,0,0,65683160,9910348,33925684,283588,22641836,0,31080668,21140272,29296312,25264,1784356,21115008,0,0,8388604,8388604,0,0,80,0,29296272,419136,26088,1846632,2523220,1846632,676588,15376,100148,0,0,0,0,41230184,32751904,34359738367,87596,0,83280,0,0,0,0,0,0,0,0,0,0,0,2048,0,1493776,27707392,38797312
1777067811.001204,1204,ubuntu-rog,1,0,0,65683160,9861964,33877300,283588,22641840,0,31125012,21140272,29340656,25264,1784356,21115008,0,0,8388604,8388604,0,0,84,0,29340624,419136,26088,1846632,2523220,1846632,676588,15376,100248,0,0,0,0,41230184,32792880,34359738367,87596,0,83280,0,0,0,0,0,0,0,0,0,0,0,2048,0,1493776,27707392,38797312
1777067812.001292,1292,ubuntu-rog,1,0,0,65683160,9813984,33829320,283596,22641840,0,31176224,21140272,29391868,25264,1784356,21115008,0,0,8388604,8388604,0,0,92,0,29391844,419136,26088,1846632,2523220,1846632,676588,15376,100348,0,0,0,0,41230184,32844100,34359738367,87596,0,83280,0,0,0,0,0,0,0,0,0,0,0,2048,0,1493776,27707392,38797312
1777067813.002055,2055,ubuntu-rog,1,0,0,65683160,9759552,33774924,283596,22641848,0,31227512,21140308,29443156,25264,1784356,21115044,0,0,8388604,8388604,0,0,64,0,29443064,419136,26088,1846632,2523220,1846632,676588,15376,100448,0,0,0,0,41230184,32895320,34359738367,87596,0,83280,0,0,0,0,0,0,0,0,0,0,0,2048,0,1493776,27707392,38797312
1777067814.001066,1066,ubuntu-rog,1,0,0,65683160,9708908,33724280,283596,22641848,0,31278724,21140308,29494368,25264,1784356,21115044,0,0,8388604,8388604,0,0,64,0,29494284,419136,26088,1846632,2523220,1846632,676588,15376,100548,0,0,0,0,41230184,32946540,34359738367,87596,0,83280,0,0,0,0,0,0,0,0,0,0,0,2048,0,1493776,27707392,38797312
1777067815.001311,1311,ubuntu-rog,1,0,0,65683160,9669216,33684588,283596,22641848,0,31319836,21140308,29535480,25264,1784356,21115044,0,0,8388604,8388604,0,0,64,0,29535404,419136,26088,1846632,2523220,1846632,676588,15376,100648,0,0,0,0,41230184,32987516,34359738367,87596,0,83280,0,0,0,0,0,0,0,0,0,0,0,2048,0,1493776,27707392,38797312
1777067816.001200,1200,ubuntu-rog,1,0,0,65683160,9612736,33628112,283596,22641852,0,31370852,21140312,29586496,25264,1784356,21115048,0,0,8388604,8388604,0,0,36,0,29586480,419136,26088,1846632,2523220,1846632,676588,15376,100728,0,0,0,0,41230184,33038736,34359738367,87596,0,83280,0,0,0,0,0,0,0,0,0,0,0,2048,0,1493776,27707392,38797312
1777067817.002296,2296,ubuntu-rog,1,0,0,65683160,9564352,33579732,283608,22641844,0,31422060,21140316,29637704,25264,1784356,21115052,0,0,8388604,8388604,0,0,44,0,29637700,419136,26088,1846632,2523220,1846632,676588,15376,100828,0,0,0,0,41230184,33089956,34359738367,87596,0,83280,0,0,0,0,0,0,0,0,0,0,0,2048,0,1493776,27707392,38797312
1777067818.001063,1063,ubuntu-rog,1,0,0,65683160,9516788,33532168,283608,22641856,0,31473356,21140316,29689000,25264,1784356,21115052,0,0,8388604,8388604,0,0,48,0,29688920,419136,26088,1846632,2523220,1846632,676588,15376,100928,0,0,0,0,41230184,33141176,34359738367,87596,0,83280,0,0,0,0,0,0,0,0,0,0,0,2048,0,1493776,27707392,38797312
1777067819.001060,1060,ubuntu-rog,1,0,0,65683160,9460336,33475720,283608,22641860,0,31524564,21140320,29740208,25264,1784356,21115056,0,0,8388604,8388604,0,0,52,0,29740140,419136,26088,1846632,2523220,1846632,676588,15376,101028,0,0,0,0,41230184,33192396,34359738367,87596,0,83280,0,0,0,0,0,0,0,0,0,0,0,2048,0,1493776,27707392,38797312
1777067820.001297,1297,ubuntu-rog,1,0,0,65683160,9420032,33435416,283608,22641860,0,31565676,21140320,29781320,25264,1784356,21115056,0,0,8388604,8388604,0,0,52,0,29781260,419136,26088,1846632,2523220,1846632,676588,15376,101128,0,0,0,0,41230184,33233372,34359738367,87596,0,83280,0,0,0,0,0,0,0,0,0,0,0,2048,0,1493776,27707392,38797312
1777067821.001522,1522,ubuntu-rog,1,0,0,65683160,9373544,33388928,283608,22641860,0,31616956,21140320,29832600,25264,1784356,21115056,0,0,8388604,8388604,0,0,52,0,29832624,419136,26088,1846632,2523220,1846632,676588,15376,101248,0,0,0,0,41230184,33284592,34359738367,87596,0,83280,0,0,0,0,0,0,0,0,0,0,0,2048,0,1493776,27707392,38797312
1777067822.002301,2301,ubuntu-rog,1,0,0,65683160,9319772,33335156,283616,22641864,0,31667908,21140320,29883552,25264,1784356,21115056,0,0,8388604,8388604,0,0,64,0,29883556,419136,26088,1846632,2523220,1846632,676588,15376,101308,0,0,0,0,41230184,33335812,34359738367,87596,0,83280,0,0,0,0,0,0,0,0,0,0,0,2048,0,1493776,27707392,38797312
1777067823.001062,1062,ubuntu-rog,1,0,0,65683160,9265592,33280976,283616,22641868,0,31719120,21140320,29934764,25264,1784356,21115056,0,0,8388604,8388604,0,0,68,0,29934776,419136,26088,1846632,2523220,1846632,676588,15376,101408,0,0,0,0,41230184,33387032,34359738367,87596,0,83280,0,0,0,0,0,0,0,0,0,0,0,2048,0,1493776,27707392,38797312
1777067824.001063,1063,ubuntu-rog,1,0,0,65683160,9215444,33230828,283616,22641872,0,31770332,21140320,29985976,25264,1784356,21115056,0,0,8388604,8388604,0,0,76,0,29985996,419136,26088,1846632,2523220,1846632,676588,15376,101508,0,0,0,0,41230184,33438252,34359738367,87596,0,83280,0,0,0,0,0,0,0,0,0,0,0,2048,0,1493776,27707392,38797312
1777067825.001296,1296,ubuntu-rog,1,0,0,65683160,9176736,33192120,283616,22641872,0,31811376,21140320,30027020,25264,1784356,21115056,0,0,8388604,8388604,0,0,76,0,30026972,419136,26088,1846632,2523220,1846632,676588,15376,101588,0,0,0,0,41230184,33479228,34359738367,87596,0,83280,0,0,0,0,0,0,0,0,0,0,0,2048,0,1493776,27707392,38797312
1777067826.002198,2198,ubuntu-rog,1,0,0,65683160,9122556,33137940,283616,22641876,0,31862588,21140320,30078232,25264,1784356,21115056,0,0,8388604,8388604,0,0,80,0,30078192,419136,26088,1846632,2523220,1846632,676588,15376,101688,0,0,0,0,41230184,33530448,34359738367,87596,0,83280,0,0,0,0,0,0,0,0,0,0,0,2048,0,1493776,27707392,38797312
1777067827.001299,1299,ubuntu-rog,1,0,0,65683160,9076688,33092072,283616,22641876,0,31914060,21140320,30129704,25264,1784356,21115056,0,0,8388604,8388604,0,0,80,0,30129700,419136,26088,1846632,2523220,1846632,676588,15376,101828,0,0,0,0,41230184,33581668,34359738367,87596,0,83280,0,0,0,0,0,0,0,0,0,0,0,2048,0,1493776,27707392,38797312
1777067828.001063,1063,ubuntu-rog,1,0,0,65683160,9022916,33038300,283624,22641880,0,31965012,21140320,30180656,25264,1784356,21115056,0,0,8388604,8388604,0,0,84,0,30180632,419136,26088,1846632,2523220,1846632,676588,15376,101888,0,0,0,0,41230184,33632888,34359738367,87596,0,83280,0,0,0,0,0,0,0,0,0,0,0,2048,0,1493776,27707392,38797312
1777067829.001064,1064,ubuntu-rog,1,0,0,65683160,8968956,32984340,283624,22641880,0,32016224,21140320,30231868,25264,1784356,21115056,0,0,8388604,8388604,0,0,84,0,30231852,419136,26088,1846632,2523220,1846632,676588,15376,101988,0,0,0,0,41230184,33684108,34359738367,87596,0,83280,0,0,0,0,0,0,0,0,0,0,0,2048,0,1493776,27707392,38797312
1777067830.002297,2297,ubuntu-rog,1,0,0,65683160,8927168,32942552,283624,22641884,0,32057396,21140320,30273040,25264,1784356,21115056,0,0,8388604,8388604,0,0,88,0,30273068,419136,26088,1846632,2523220,1846632,676588,15376,102072,0,0,0,0,41230184,33725388,34359738367,87596,0,83280,0,0,0,0,0,0,0,0,0,0,0,2048,0,1493776,27707392,38797312
1777067831.001202,1202,ubuntu-rog,1,0,0,65683160,8877128,32892512,283624,22641884,0,32108732,21140320,30324376,25264,1784356,21115056,0,0,8388604,8388604,0,0,88,0,30324288,419136,26088,1846632,2523220,1846632,676588,15376,102172,0,0,0,0,41230184,33776608,34359738367,87596,0,83280,0,0,0,0,0,0,0,0,0,0,0,2048,0,1493776,27707392,38797312
1777067832.001298,1298,ubuntu-rog,1,0,0,65683160,8831028,32846412,283624,22641884,0,32159944,21140320,30375588,25264,1784356,21115056,0,0,8388604,8388604,0,0,88,0,30375508,419136,26088,1846632,2523220,1846632,676588,15376,102272,0,0,0,0,41230184,33827828,34359738367,87596,0,83280,0,0,0,0,0,0,0,0,0,0,0,2048,0,1493776,27707392,38797312
1777067833.001060,1060,ubuntu-rog,1,0,0,65683160,8777084,32792468,283632,22641892,0,32211156,21140320,30426800,25264,1784356,21115056,0,0,8388604,8388604,0,0,96,0,30426728,419136,26088,1846632,2523220,1846632,676588,15376,102372,0,0,0,0,41230184,33879048,34359738367,87596,0,83280,0,0,0,0,0,0,0,0,0,0,0,2048,0,1493776,27707392,38797312
1777067834.002062,2062,ubuntu-rog,1,0,0,65683160,8729672,32745112,283632,22641892,0,32254268,21140376,30469912,25264,1784356,21115112,0,0,8388604,8388604,0,0,56,0,30469868,419136,26088,1846632,2523220,1846632,676588,15376,102472,0,0,0,0,41230184,33930268,34359738367,87596,0,83280,0,0,0,0,0,0,0,0,0,0,0,2048,0,1493776,27707392,38797312
1777067835.001297,1297,ubuntu-rog,1,0,0,65683160,8681272,32696712,283632,22641892,0,32303392,21140376,30519036,25264,1784356,21115112,0,0,8388604,8388604,0,0,56,0,30518924,419136,26088,1846632,2523220,1846632,676588,15376,102552,0,0,0,0,41230184,33971244,34359738367,87596,0,83280,0,0,0,0,0,0,0,0,0,0,0,2048,0,1493776,27707392,38797312
1777067836.001198,1198,ubuntu-rog,1,0,0,65683160,8632888,32648328,283632,22641900,0,32354604,21140376,30570248,25264,1784356,21115112,0,0,8388604,8388604,0,0,68,0,30570144,419136,26088,1846632,2523220,1846632,676588,15376,102652,0,0,0,0,41230184,34022464,34359738367,87596,0,83280,0,0,0,0,0,0,0,0,0,0,0,2048,0,1493776,27707392,38797312
1777067837.001298,1298,ubuntu-rog,1,0,0,65683160,8584520,32599960,283632,22641900,0,32405816,21140376,30621460,25264,1784356,21115112,0,0,8388604,8388604,0,0,68,0,30621364,419136,26088,1846632,2523220,1846632,676588,15376,102752,0,0,0,0,41230184,34073684,34359738367,87596,0,83280,0,0,0,0,0,0,0,0,0,0,0,2048,0,1493776,27707392,38797312
1777067838.002057,2057,ubuntu-rog,1,0,0,65683160,8528056,32543496,283644,22641900,0,32457028,21140376,30672672,25264,1784356,21115112,0,0,8388604,8388604,0,0,68,0,30672584,419136,26088,1846632,2523220,1846632,676588,15376,102852,0,0,0,0,41230184,34124904,34359738367,87596,0,83280,0,0,0,0,0,0,0,0,0,0,0,2048,0,1493776,27707392,38797312
1777067839.001061,1061,ubuntu-rog,1,0,0,65683160,8487736,32503188,283644,22641904,0,32497936,21140388,30713580,25264,1784356,21115124,0,0,8388604,8388604,0,0,72,0,30713560,419136,26088,1846632,2523204,1846632,676572,15376,102932,0,0,0,0,41230184,34165880,34359738367,87596,0,83280,0,0,0,0,0,0,0,0,0,0,0,2048,0,1493776,27707392,38797312
1777067840.001286,1286,ubuntu-rog,1,0,0,65683160,8438996,32454448,283644,22641908,0,32549532,21140388,30765176,25264,1784356,21115124,0,0,8388604,8388604,0,0,76,0,30765068,419136,26088,1846632,2523204,1846632,676572,15376,103072,0,0,0,0,41230184,34217100,34359738367,87596,0,83280,0,0,0,0,0,0,0,0,0,0,0,2048,0,1493776,27707392,38797312
1777067841.001203,1203,ubuntu-rog,1,0,0,65683160,8383156,32398608,283644,22641908,0,32600484,21140388,30816128,25264,1784356,21115124,0,0,8388604,8388604,0,0,76,0,30816000,419136,26088,1846632,2523204,1846632,676572,15376,103132,0,0,0,0,41230184,34268320,34359738367,87596,0,83280,0,0,0,0,0,0,0,0,0,0,0,2048,0,1493776,27707392,38797312
1777067842.002296,2296,ubuntu-rog,1,0,0,65683160,8334772,32350224,283644,22641908,0,32651696,21140388,30867340,25264,1784356,21115124,0,0,8388604,8388604,0,0,76,0,30867220,419136,26088,1846632,2523204,1846632,676572,15376,103232,0,0,0,0,41230184,34319540,34359738367,87596,0,83280,0,0,0,0,0,0,0,0,0,0,0,2048,0,1493776,27707392,38797312
1777067843.001062,1062,ubuntu-rog,1,0,0,65683160,8286404,32301856,283652,22641912,0,32702908,21140388,30918552,25264,1784356,21115124,0,0,8388604,8388604,0,0,80,0,30918440,419136,26088,1846632,2523204,1846632,676572,15376,103332,0,0,0,0,41230184,34370760,34359738367,87596,0,83280,0,0,0,0,0,0,0,0,0,0,0,2048,0,1493776,27707392,38797312
1777067844.001060,1060,ubuntu-rog,1,0,0,65683160,8246084,32261536,283652,22641916,0,32743828,21140388,30959472,25264,1784356,21115124,0,0,8388604,8388604,0,0,64,0,30959416,419136,26088,1846632,2523204,1846632,676572,15376,103412,0,0,0,0,41230184,34411736,34359738367,87596,0,83280,0,0,0,0,0,0,0,0,0,0,0,2048,0,1493776,27707392,38797312
1777067845.001294,1294,ubuntu-rog,1,0,0,65683160,8189620,32205072,283652,22641916,0,32795040,21140388,31010684,25264,1784356,21115124,0,0,8388604,8388604,0,0,64,0,31010636,419136,26088,1846632,2523204,1846632,676572,15376,103512,0,0,0,0,41230184,34462956,34359738367,87596,0,83280,0,0,0,0,0,0,0,0,0,0,0,2048,0,1493776,27707392,38797312
1777067846.002211,2211,ubuntu-rog,1,0,0,65683160,8141640,32157092,283652,22641916,0,32846252,21140388,31061896,25264,1784356,21115124,0,0,8388604,8388604,0,0,64,0,31061856,419136,26088,1846632,2523204,1846632,676572,15376,103612,0,0,0,0,41230184,34514176,34359738367,87596,0,83280,0,0,0,0,0,0,0,0,0,0,0,2048,0,1493776,27707392,38797312
1777067847.001304,1304,ubuntu-rog,1,0,0,65683160,8086552,32102012,283652,22641920,0,32897444,21140396,31113088,25264,1784356,21115132,0,0,8388604,8388604,0,0,68,0,31113076,419136,26088,1846632,2523204,1846632,676572,15376,103712,0,0,0,0,41230184,34565396,34359738367,87596,0,83280,0,0,0,0,0,0,0,0,0,0,0,2048,0,1493776,27707392,38797312
1777067848.001062,1062,ubuntu-rog,1,0,0,65683160,8039092,32054552,283652,22641924,0,32948656,21140396,31164300,25264,1784356,21115132,0,0,8388604,8388604,0,0,44,0,31164296,419136,26088,1846632,2523204,1846632,676572,15376,103812,0,0,0,0,41230184,34616616,34359738367,87596,0,83280,0,0,0,0,0,0,0,0,0,0,0,2048,0,1493776,27707392,38797312
1777067849.001061,1061,ubuntu-rog,1,0,0,65683160,7992608,32008068,283664,22641912,0,32989700,21140396,31205344,25264,1784356,21115132,0,0,8388604,8388604,0,0,44,0,31205272,419136,26088,1846632,2523204,1846632,676572,15376,103892,0,0,0,0,41230184,34657592,34359738367,87596,0,83280,0,0,0,0,0,0,0,0,0,0,0,2048,0,1493776,27707392,38797312
1777067850.002299,2299,ubuntu-rog,1,0,0,65683160,11161484,35176956,283664,22641932,0,29683864,21140408,27899508,25264,1784356,21115144,0,0,8388604,8388604,0,0,76,0,27878692,419108,26088,1846632,2523204,1846632,676572,15376,104012,0,0,0,0,41230184,34698568,34359738367,87596,0,83280,0,0,0,0,0,0,0,0,0,0,0,2048,0,1493776,27707392,38797312
1777067851.001203,1203,ubuntu-rog,1,0,0,65683160,17895876,41911348,283664,22641932,0,22968552,21140408,21184196,25264,1784356,21115144,0,0,8388604,8388604,0,0,76,0,21181804,419108,26088,1846632,2523204,1846632,676572,15376,104012,0,0,0,0,41230184,34698568,34359738367,87596,0,83280,0,0,0,0,0,0,0,0,0,0,0,2048,0,1493776,27707392,38797312
1777067852.001304,1304,ubuntu-rog,1,0,0,65683160,24685192,48700664,283664,22641932,0,16191660,21140408,14407304,25264,1784356,21115144,0,0,8388604,8388604,0,0,76,0,14374032,419108,26088,1846632,2523204,1846632,676572,15376,104012,0,0,0,0,41230184,34698568,34359738367,87596,0,83280,0,0,0,0,0,0,0,0,0,0,0,2048,0,1493776,27707392,38797312
1777067853.001064,1064,ubuntu-rog,1,0,0,65683160,27580188,51595716,283672,22641920,0,13346712,21140464,11562356,25264,1784356,21115200,0,0,8388604,8388604,0,0,156,0,11562012,419108,26088,1846632,2523188,1846632,676556,15184,65172,0,0,0,0,41230184,14994316,34359738367,87484,0,83280,0,0,0,0,0,0,0,0,0,0,0,2048,0,1493776,27707392,38797312
1777067854.002059,2059,ubuntu-rog,1,0,0,65683160,27587864,51603392,283672,22641924,0,13346712,21140464,11562356,25264,1784356,21115200,0,0,8388604,8388604,0,0,144,0,11562012,419108,26088,1846632,2523188,1846632,676556,15184,65172,0,0,0,0,41230184,14994316,34359738367,87484,0,83280,0,0,0,0,0,0,0,0,0,0,0,2048,0,1493776,27707392,38797312
1777067855.001301,1301,ubuntu-rog,1,0,0,65683160,27595928,51611456,283672,22641928,0,13346712,21140464,11562356,25264,1784356,21115200,0,0,8388604,8388604,0,0,148,0,11562024,419108,26088,1846632,2523188,1846632,676556,15184,65172,0,0,0,0,41230184,14994316,34359738367,87484,0,83280,0,0,0,0,0,0,0,0,0,0,0,2048,0,1493776,27707392,38797312
1777067856.001205,1205,ubuntu-rog,1,0,0,65683160,27603992,51619520,283672,22641928,0,13346712,21140464,11562356,25264,1784356,21115200,0,0,8388604,8388604,0,0,148,0,11562024,419108,26088,1846632,2523188,1846632,676556,15184,65172,0,0,0,0,41230184,14994316,34359738367,87484,0,83280,0,0,0,0,0,0,0,0,0,0,0,2048,0,1493776,27707392,38797312
1777067857.001303,1303,ubuntu-rog,1,0,0,65683160,27612056,51627584,283672,22641932,0,13346712,21140464,11562356,25264,1784356,21115200,0,0,8388604,8388604,0,0,152,0,11562024,419108,26088,1846632,2523188,1846632,676556,15184,65172,0,0,0,0,41230184,14994316,34359738367,87484,0,83280,0,0,0,0,0,0,0,0,0,0,0,2048,0,1493776,27707392,38797312
1777067858.002060,2060,ubuntu-rog,1,0,0,65683160,27628184,51643712,283680,22641924,0,13346712,21140464,11562356,25264,1784356,21115200,0,0,8388604,8388604,0,0,152,0,11562024,419108,26088,1846632,2523188,1846632,676556,15184,65172,0,0,0,0,41230184,14994316,34359738367,87484,0,83280,0,0,0,0,0,0,0,0,0,0,0,2048,0,1493776,27707392,38797312
1777067859.001077,1077,ubuntu-rog,1,0,0,65683160,27635684,51651212,283680,22641932,0,13346712,21140464,11562356,25264,1784356,21115200,0,0,8388604,8388604,0,0,160,0,11562024,419108,26088,1846632,2523188,1846632,676556,15184,65172,0,0,0,0,41230184,14994316,34359738367,87484,0,83280,0,0,0,0,0,0,0,0,0,0,0,2048,0,1493776,27707392,38797312
1777067860.001306,1306,ubuntu-rog,1,0,0,65683160,27171940,51187504,283680,22641936,0,13825424,21140500,12041068,25264,1784356,21115236,0,0,8388604,8388604,0,0,168,0,12042896,419108,26088,1846632,2523188,1846632,676556,15184,65724,0,0,0,0,41230184,15480236,34359738367,87516,0,83280,0,0,0,0,0,0,0,0,0,0,0,2048,0,1493776,27707392,38797312
1777067861.001215,1215,ubuntu-rog,1,0,0,65683160,27585460,51601032,283680,22641944,0,13416100,21140508,11631744,25264,1784356,21115244,0,0,8388604,8388604,0,0,176,0,11630984,419108,26088,1846632,2523188,1846632,676556,15184,65316,0,0,0,0,41230184,15144024,34359738367,87516,0,83280,0,0,0,0,0,0,0,0,0,0,0,2048,0,1493776,27707392,38797312
1777067862.002301,2301,ubuntu-rog,1,0,0,65683160,27675060,51690632,283680,22641944,0,13349844,21140508,11565488,25264,1784356,21115244,0,0,8388604,8388604,0,0,176,0,11565944,419108,26088,1846632,2523188,1846632,676556,15184,65188,0,0,0,0,41230184,15001668,34359738367,87516,0,83280,0,0,0,0,0,0,0,0,0,0,0,2048,0,1493776,27707392,38797312
1777067863.001062,1062,ubuntu-rog,1,0,0,65683160,27676676,51692248,283680,22641944,0,13349844,21140508,11565488,25264,1784356,21115244,0,0,8388604,8388604,0,0,176,0,11565944,419108,26088,1846632,2523188,1846632,676556,15184,65188,0,0,0,0,41230184,15001668,34359738367,87516,0,83280,0,0,0,0,0,0,0,0,0,0,0,2048,0,1493776,27707392,38797312
1777067864.001060,1060,ubuntu-rog,1,0,0,65683160,27678768,51694340,283692,22641936,0,13349872,21140508,11565516,25264,1784356,21115244,0,0,8388604,8388604,0,0,140,0,11565944,419108,26088,1846632,2523188,1846632,676556,15184,65188,0,0,0,0,41230184,15001668,34359738367,87516,0,83280,0,0,0,0,0,0,0,0,0,0,0,2048,0,1493776,27707392,38797312
1777067865.001305,1305,ubuntu-rog,1,0,0,65683160,27685200,51700772,283692,22641948,0,13349872,21140508,11565516,25264,1784356,21115244,0,0,8388604,8388604,0,0,144,0,11565944,419108,26088,1846632,2523188,1846632,676556,15184,65188,0,0,0,0,41230184,15001668,34359738367,87516,0,83280,0,0,0,0,0,0,0,0,0,0,0,2048,0,1493776,27707392,38797312
1777067866.002201,2201,ubuntu-rog,1,0,0,65683160,27685020,51700592,283692,22641952,0,13349872,21140508,11565516,25264,1784356,21115244,0,0,8388604,8388604,0,0,148,0,11565944,419108,26088,1846632,2523188,1846632,676556,15184,65188,0,0,0,0,41230184,15001668,34359738367,87516,0,83280,0,0,0,0,0,0,0,0,0,0,0,2048,0,1493776,27707392,38797312
1777067867.001313,1313,ubuntu-rog,1,0,0,65683160,27684768,51700340,283692,22641952,0,13349996,21140508,11565640,25264,1784356,21115244,0,0,8388604,8388604,0,0,148,0,11566124,419108,26088,1846632,2523188,1846632,676556,15184,65188,0,0,0,0,41230184,15001828,34359738367,87516,0,83280,0,0,0,0,0,0,0,0,0,0,0,2048,0,1493776,27707392,38797312
1777067868.001063,1063,ubuntu-rog,1,0,0,65683160,27685576,51701148,283692,22641956,0,13349996,21140508,11565640,25264,1784356,21115244,0,0,8388604,8388604,0,0,156,0,11566124,419108,26088,1846632,2523188,1846632,676556,15184,65188,0,0,0,0,41230184,15001828,34359738367,87516,0,83280,0,0,0,0,0,0,0,0,0,0,0,2048,0,1493776,27707392,38797312
1777067869.001061,1061,ubuntu-rog,1,0,0,65683160,27686864,51702436,283700,22641948,0,13349996,21140508,11565640,25264,1784356,21115244,0,0,8388604,8388604,0,0,156,0,11566124,419108,26088,1846632,2523188,1846632,676556,15184,65188,0,0,0,0,41230184,15001828,34359738367,87516,0,83280,0,0,0,0,0,0,0,0,0,0,0,2048,0,1493776,27707392,38797312
1777067870.002299,2299,ubuntu-rog,1,0,0,65683160,27687712,51703284,283700,22641956,0,13349996,21140508,11565640,25264,1784356,21115244,0,0,8388604,8388604,0,0,156,0,11566124,419108,26088,1846632,2523188,1846632,676556,15184,65188,0,0,0,0,41230184,15001828,34359738367,87516,0,83280,0,0,0,0,0,0,0,0,0,0,0,2048,0,1493776,27707392,38797312
1777067871.001205,1205,ubuntu-rog,1,0,0,65683160,27688404,51703992,283700,22641960,0,13350104,21140524,11565748,25264,1784356,21115260,0,0,8388604,8388604,0,0,160,0,11566124,419108,26088,1846632,2523188,1846632,676556,15184,65188,0,0,0,0,41230184,15001828,34359738367,87516,0,83280,0,0,0,0,0,0,0,0,0,0,0,2048,0,1493776,27707392,38797312
1777067872.001305,1305,ubuntu-rog,1,0,0,65683160,27689136,51704724,283700,22641964,0,13350104,21140524,11565748,25264,1784356,21115260,0,0,8388604,8388604,0,0,164,0,11566124,419108,26088,1846632,2523188,1846632,676556,15184,65188,0,0,0,0,41230184,15001828,34359738367,87516,0,83280,0,0,0,0,0,0,0,0,0,0,0,2048,0,1493776,27707392,38797312
1777067873.001061,1061,ubuntu-rog,1,0,0,65683160,27689176,51704764,283700,22641968,0,13350104,21140524,11565748,25264,1784356,21115260,0,0,8388604,8388604,0,0,168,0,11566124,419108,26088,1846632,2523188,1846632,676556,15184,65188,0,0,0,0,41230184,15001828,34359738367,87516,0,83280,0,0,0,0,0,0,0,0,0,0,0,2048,0,1493776,27707392,38797312
1777067874.002056,2056,ubuntu-rog,1,0,0,65683160,27689176,51704764,283712,22641956,0,13350104,21140524,11565748,25264,1784356,21115260,0,0,8388604,8388604,0,0,168,0,11566124,419108,26088,1846632,2523188,1846632,676556,15184,65188,0,0,0,0,41230184,15001828,34359738367,87516,0,83280,0,0,0,0,0,0,0,0,0,0,0,2048,0,1493776,27707392,38797312
1777067875.001302,1302,ubuntu-rog,1,0,0,65683160,27689176,51704764,283712,22641972,0,13350104,21140524,11565748,25264,1784356,21115260,0,0,8388604,8388604,0,0,148,0,11566124,419108,26088,1846632,2523188,1846632,676556,15184,65188,0,0,0,0,41230184,15001828,34359738367,87516,0,83280,0,0,0,0,0,0,0,0,0,0,0,2048,0,1493776,27707392,38797312
1777067876.001203,1203,ubuntu-rog,1,0,0,65683160,27689176,51704764,283712,22641972,0,13350104,21140524,11565748,25264,1784356,21115260,0,0,8388604,8388604,0,0,148,0,11566124,419108,26088,1846632,2523188,1846632,676556,15184,65188,0,0,0,0,41230184,15001828,34359738367,87516,0,83280,0,0,0,0,0,0,0,0,0,0,0,2048,0,1493776,27707392,38797312
1777067877.001313,1313,ubuntu-rog,1,0,0,65683160,27689176,51704764,283712,22641976,0,13350192,21140524,11565836,25264,1784356,21115260,0,0,8388604,8388604,0,0,156,0,11566108,419108,26088,1846632,2523188,1846632,676556,15184,65188,0,0,0,0,41230184,15001828,34359738367,87516,0,83280,0,0,0,0,0,0,0,0,0,0,0,2048,0,1493776,27707392,38797312
1777067878.002057,2057,ubuntu-rog,1,0,0,65683160,27689176,51704764,283712,22641980,0,13350192,21140524,11565836,25264,1784356,21115260,0,0,8388604,8388604,0,0,160,0,11566108,419108,26088,1846632,2523188,1846632,676556,15184,65188,0,0,0,0,41230184,15001828,34359738367,87516,0,83280,0,0,0,0,0,0,0,0,0,0,0,2048,0,1493776,27707392,38797312
1777067879.001062,1062,ubuntu-rog,1,0,0,65683160,27689176,51704764,283720,22641980,0,13350192,21140524,11565836,25264,1784356,21115260,0,0,8388604,8388604,0,0,160,0,11566108,419108,26088,1846632,2523188,1846632,676556,15184,65188,0,0,0,0,41230184,15001828,34359738367,87516,0,83280,0,0,0,0,0,0,0,0,0,0,0,2048,0,1493776,27707392,38797312
1777067880.001303,1303,ubuntu-rog,1,0,0,65683160,27689176,51704804,283720,22641980,0,13350212,21140564,11565856,25264,1784356,21115300,0,0,8388604,8388604,0,0,52,0,11566108,419108,26088,1846632,2523188,1846632,676556,15184,65188,0,0,0,0,41230184,15001828,34359738367,87516,0,83280,0,0,0,0,0,0,0,0,0,0,0,2048,0,1493776,27707392,38797312
1777067881.001199,1199,ubuntu-rog,1,0,0,65683160,27689336,51704964,283720,22641984,0,13350212,21140564,11565856,25264,1784356,21115300,0,0,8388604,8388604,0,0,56,0,11566108,419108,26088,1846632,2523188,1846632,676556,15184,65188,0,0,0,0,41230184,15001828,34359738367,87516,0,83280,0,0,0,0,0,0,0,0,0,0,0,2048,0,1493776,27707392,38797312
1777067882.002301,2301,ubuntu-rog,1,0,0,65683160,27689336,51704964,283720,22641984,0,13350212,21140564,11565856,25264,1784356,21115300,0,0,8388604,8388604,0,0,56,0,11566108,419108,26088,1846632,2523188,1846632,676556,15184,65188,0,0,0,0,41230184,15001828,34359738367,87516,0,83280,0,0,0,0,0,0,0,0,0,0,0,2048,0,1493776,27707392,38797312
1777067883.001062,1062,ubuntu-rog,1,0,0,65683160,27689336,51704964,283720,22641988,0,13350212,21140564,11565856,25264,1784356,21115300,0,0,8388604,8388604,0,0,60,0,11566108,419108,26088,1846632,2523188,1846632,676556,15184,65188,0,0,0,0,41230184,15001828,34359738367,87516,0,83280,0,0,0,0,0,0,0,0,0,0,0,2048,0,1493776,27707392,38797312
1777067884.001058,1058,ubuntu-rog,1,0,0,65683160,27689336,51704964,283728,22641988,0,13350212,21140564,11565856,25264,1784356,21115300,0,0,8388604,8388604,0,0,64,0,11566108,419108,26088,1846632,2523188,1846632,676556,15184,65188,0,0,0,0,41230184,15001828,34359738367,87516,0,83280,0,0,0,0,0,0,0,0,0,0,0,2048,0,1493776,27707392,38797312
1777067885.001304,1304,ubuntu-rog,1,0,0,65683160,27689336,51704964,283728,22641996,0,13350212,21140564,11565856,25264,1784356,21115300,0,0,8388604,8388604,0,0,60,0,11566108,419108,26088,1846632,2523188,1846632,676556,15184,65188,0,0,0,0,41230184,15001828,34359738367,87516,0,83280,0,0,0,0,0,0,0,0,0,0,0,2048,0,1493776,27707392,38797312
1777067886.002200,2200,ubuntu-rog,1,0,0,65683160,27689336,51704964,283728,22641996,0,13350212,21140564,11565856,25264,1784356,21115300,0,0,8388604,8388604,0,0,60,0,11566108,419108,26088,1846632,2523188,1846632,676556,15184,65188,0,0,0,0,41230184,15001828,34359738367,87516,0,83280,0,0,0,0,0,0,0,0,0,0,0,2048,0,1493776,27707392,38797312
1777067887.001302,1302,ubuntu-rog,1,0,0,65683160,27689336,51704964,283728,22641996,0,13350212,21140564,11565856,25264,1784356,21115300,0,0,8388604,8388604,0,0,60,0,11566108,419108,26088,1846632,2523188,1846632,676556,15184,65188,0,0,0,0,41230184,15001828,34359738367,87516,0,83280,0,0,0,0,0,0,0,0,0,0,0,2048,0,1493776,27707392,38797312
1777067888.001060,1060,ubuntu-rog,1,0,0,65683160,27689336,51704964,283728,22642004,0,13350212,21140564,11565856,25264,1784356,21115300,0,0,8388604,8388604,0,0,68,0,11566132,419108,26088,1846632,2523188,1846632,676556,15184,65188,0,0,0,0,41230184,15001828,34359738367,87516,0,83280,0,0,0,0,0,0,0,0,0,0,0,2048,0,1493776,27707392,38797312
1777067889.001058,1058,ubuntu-rog,1,0,0,65683160,27689336,51704964,283736,22641996,0,13350212,21140564,11565856,25264,1784356,21115300,0,0,8388604,8388604,0,0,68,0,11566132,419108,26088,1846632,2523188,1846632,676556,15184,65188,0,0,0,0,41230184,15001828,34359738367,87516,0,83280,0,0,0,0,0,0,0,0,0,0,0,2048,0,1493776,27707392,38797312
1777067890.002298,2298,ubuntu-rog,1,0,0,65683160,27689336,51704964,283736,22642004,0,13350212,21140564,11565856,25264,1784356,21115300,0,0,8388604,8388604,0,0,76,0,11566132,419108,26088,1846632,2523188,1846632,676556,15184,65188,0,0,0,0,41230184,15001828,34359738367,87516,0,83280,0,0,0,0,0,0,0,0,0,0,0,2048,0,1493776,27707392,38797312
1777067891.001204,1204,ubuntu-rog,1,0,0,65683160,27689336,51704964,283736,22642004,0,13350052,21140564,11565696,25264,1784356,21115300,0,0,8388604,8388604,0,0,76,0,11565972,419108,26088,1846632,2523188,1846632,676556,15184,65188,0,0,0,0,41230184,15001668,34359738367,87516,0,83280,0,0,0,0,0,0,0,0,0,0,0,2048,0,1493776,27707392,38797312
1777067892.001298,1298,ubuntu-rog,1,0,0,65683160,27689336,51704964,283736,22642008,0,13350052,21140564,11565696,25264,1784356,21115300,0,0,8388604,8388604,0,0,80,0,11565972,419108,26088,1846632,2523188,1846632,676556,15184,65188,0,0,0,0,41230184,15001668,34359738367,87516,0,83280,0,0,0,0,0,0,0,0,0,0,0,2048,0,1493776,27707392,38797312
1777067893.001059,1059,ubuntu-rog,1,0,0,65683160,27689336,51704964,283736,22642008,0,13350052,21140564,11565696,25264,1784356,21115300,0,0,8388604,8388604,0,0,80,0,11565972,419108,26088,1846632,2523188,1846632,676556,15184,65188,0,0,0,0,41230184,15001668,34359738367,87516,0,83280,0,0,0,0,0,0,0,0,0,0,0,2048,0,1493776,27707392,38797312
1777067894.002057,2057,ubuntu-rog,1,0,0,65683160,27689336,51704964,283744,22642004,0,13350052,21140564,11565696,25264,1784356,21115300,0,0,8388604,8388604,0,0,84,0,11565972,419108,26088,1846632,2523188,1846632,676556,15184,65188,0,0,0,0,41230184,15001668,34359738367,87516,0,83280,0,0,0,0,0,0,0,0,0,0,0,2048,0,1493776,27707392,38797312
1777067895.001303,1303,ubuntu-rog,1,0,0,65683160,27689336,51704964,283744,22642016,0,13350052,21140564,11565696,25264,1784356,21115300,0,0,8388604,8388604,0,0,40,0,11565972,419108,26088,1846632,2523188,1846632,676556,15184,65188,0,0,0,0,41230184,15001668,34359738367,87516,0,83280,0,0,0,0,0,0,0,0,0,0,0,2048,0,1493776,27707392,38797312
1777067896.001205,1205,ubuntu-rog,1,0,0,65683160,27689336,51704964,283744,22642016,0,13350052,21140564,11565696,25264,1784356,21115300,0,0,8388604,8388604,0,0,40,0,11565972,419108,26088,1846632,2523188,1846632,676556,15184,65188,0,0,0,0,41230184,15001668,34359738367,87516,0,83280,0,0,0,0,0,0,0,0,0,0,0,2048,0,1493776,27707392,38797312
1777067897.001300,1300,ubuntu-rog,1,0,0,65683160,27689336,51704964,283744,22642020,0,13350052,21140564,11565696,25264,1784356,21115300,0,0,8388604,8388604,0,0,48,0,11565972,419108,26088,1846632,2523188,1846632,676556,15184,65188,0,0,0,0,41230184,15001668,34359738367,87516,0,83280,0,0,0,0,0,0,0,0,0,0,0,2048,0,1493776,27707392,38797312
1777067898.002056,2056,ubuntu-rog,1,0,0,65683160,27689336,51704964,283744,22642020,0,13350052,21140564,11565696,25264,1784356,21115300,0,0,8388604,8388604,0,0,48,0,11565972,419108,26088,1846632,2523188,1846632,676556,15184,65188,0,0,0,0,41230184,15001668,34359738367,87516,0,83280,0,0,0,0,0,0,0,0,0,0,0,2048,0,1493776,27707392,38797312
1777067899.001058,1058,ubuntu-rog,1,0,0,65683160,27689336,51704964,283756,22642016,0,13350052,21140564,11565696,25264,1784356,21115300,0,0,8388604,8388604,0,0,56,0,11565972,419108,26088,1846632,2523188,1846632,676556,15184,65188,0,0,0,0,41230184,15001668,34359738367,87516,0,83280,0,0,0,0,0,0,0,0,0,0,0,2048,0,1493776,27707392,38797312
1777067900.001298,1298,ubuntu-rog,1,0,0,65683160,27689336,51704964,283756,22642028,0,13350052,21140564,11565696,25264,1784356,21115300,0,0,8388604,8388604,0,0,76,0,11565972,419108,26088,1846632,2523188,1846632,676556,15184,65188,0,0,0,0,41230184,15001668,34359738367,87516,0,83280,0,0,0,0,0,0,0,0,0,0,0,2048,0,1493776,27707392,38797312
1777067901.001202,1202,ubuntu-rog,1,0,0,65683160,27689336,51704964,283756,22642028,0,13350052,21140564,11565696,25264,1784356,21115300,0,0,8388604,8388604,0,0,76,0,11565972,419108,26088,1846632,2523188,1846632,676556,15184,65188,0,0,0,0,41230184,15001668,34359738367,87516,0,83280,0,0,0,0,0,0,0,0,0,0,0,2048,0,1493776,27707392,38797312
1777067902.002297,2297,ubuntu-rog,1,0,0,65683160,27689336,51704964,283756,22642032,0,13350052,21140564,11565696,25264,1784356,21115300,0,0,8388604,8388604,0,0,80,0,11565972,419108,26088,1846632,2523188,1846632,676556,15184,65188,0,0,0,0,41230184,15001668,34359738367,87516,0,83280,0,0,0,0,0,0,0,0,0,0,0,2048,0,1493776,27707392,38797312
1777067903.001059,1059,ubuntu-rog,1,0,0,65683160,27689336,51704964,283756,22642032,0,13350052,21140564,11565696,25264,1784356,21115300,0,0,8388604,8388604,0,0,80,0,11565972,419108,26088,1846632,2523188,1846632,676556,15184,65188,0,0,0,0,41230184,15001668,34359738367,87516,0,83280,0,0,0,0,0,0,0,0,0,0,0,2048,0,1493776,27707392,38797312
1777067904.001062,1062,ubuntu-rog,1,0,0,65683160,27689336,51704964,283764,22642024,0,13350052,21140564,11565696,25264,1784356,21115300,0,0,8388604,8388604,0,0,80,0,11565972,419108,26088,1846632,2523188,1846632,676556,15184,65188,0,0,0,0,41230184,15001668,34359738367,87516,0,83280,0,0,0,0,0,0,0,0,0,0,0,2048,0,1493776,27707392,38797312
1777067905.001301,1301,ubuntu-rog,1,0,0,65683160,27689336,51704964,283764,22642036,0,13350052,21140564,11565696,25264,1784356,21115300,0,0,8388604,8388604,0,0,56,0,11565972,419108,26088,1846632,2523188,1846632,676556,15184,65188,0,0,0,0,41230184,15001668,34359738367,87516,0,83280,0,0,0,0,0,0,0,0,0,0,0,2048,0,1493776,27707392,38797312
1777067906.002199,2199,ubuntu-rog,1,0,0,65683160,27689336,51704964,283764,22642040,0,13350052,21140564,11565696,25264,1784356,21115300,0,0,8388604,8388604,0,0,60,0,11565972,419108,26088,1846632,2523188,1846632,676556,15184,65188,0,0,0,0,41230184,15001668,34359738367,87516,0,83280,0,0,0,0,0,0,0,0,0,0,0,2048,0,1493776,27707392,38797312
1777067907.001497,1497,ubuntu-rog,1,0,0,65683160,27689336,51704964,283764,22642040,0,13350052,21140564,11565696,25264,1784356,21115300,0,0,8388604,8388604,0,0,60,0,11565972,419108,26088,1846632,2523188,1846632,676556,15184,65188,0,0,0,0,41230184,15001668,34359738367,87516,0,83280,0,0,0,0,0,0,0,0,0,0,0,2048,0,1493776,27707392,38797312
1777067908.002062,2062,ubuntu-rog,1,0,0,65683160,27689336,51704964,283764,22642040,0,13350052,21140564,11565696,25264,1784356,21115300,0,0,8388604,8388604,0,0,60,0,11565972,419108,26088,1846632,2523188,1846632,676556,15184,65188,0,0,0,0,41230184,15001668,34359738367,87516,0,83280,0,0,0,0,0,0,0,0,0,0,0,2048,0,1493776,27707392,38797312
1777067909.001058,1058,ubuntu-rog,1,0,0,65683160,27689336,51704964,283776,22642036,0,13350052,21140564,11565696,25264,1784356,21115300,0,0,8388604,8388604,0,0,68,0,11565972,419108,26088,1846632,2523188,1846632,676556,15184,65188,0,0,0,0,41230184,15001668,34359738367,87516,0,83280,0,0,0,0,0,0,0,0,0,0,0,2048,0,1493776,27707392,38797312
1777067910.001290,1290,ubuntu-rog,1,0,0,65683160,27689336,51704964,283776,22642052,0,13350052,21140564,11565696,25264,1784356,21115300,0,0,8388604,8388604,0,0,80,0,11565972,419108,26088,1846632,2523188,1846632,676556,15184,65188,0,0,0,0,41230184,15001668,34359738367,87516,0,83280,0,0,0,0,0,0,0,0,0,0,0,2048,0,1493776,27707392,38797312
1777067911.001198,1198,ubuntu-rog,1,0,0,65683160,27689336,51704964,283776,22642052,0,13350052,21140564,11565696,25264,1784356,21115300,0,0,8388604,8388604,0,0,80,0,11565972,419108,26088,1846632,2523188,1846632,676556,15184,65188,0,0,0,0,41230184,15001668,34359738367,87516,0,83280,0,0,0,0,0,0,0,0,0,0,0,2048,0,1493776,27707392,38797312
1777067912.002293,2293,ubuntu-rog,1,0,0,65683160,27689336,51704964,283776,22642052,0,13350052,21140564,11565696,25264,1784356,21115300,0,0,8388604,8388604,0,0,80,0,11565972,419108,26088,1846632,2523188,1846632,676556,15184,65188,0,0,0,0,41230184,15001668,34359738367,87516,0,83280,0,0,0,0,0,0,0,0,0,0,0,2048,0,1493776,27707392,38797312
1777067913.001066,1066,ubuntu-rog,1,0,0,65683160,27689336,51704964,283776,22642056,0,13350052,21140564,11565696,25264,1784356,21115300,0,0,8388604,8388604,0,0,84,0,11565972,419108,26088,1846632,2523188,1846632,676556,15184,65188,0,0,0,0,41230184,15001668,34359738367,87516,0,83280,0,0,0,0,0,0,0,0,0,0,0,2048,0,1493776,27707392,38797312
1777067914.001062,1062,ubuntu-rog,1,0,0,65683160,27689336,51704964,283776,22642056,0,13350052,21140564,11565696,25264,1784356,21115300,0,0,8388604,8388604,0,0,84,0,11565972,419108,26088,1846632,2523188,1846632,676556,15184,65188,0,0,0,0,41230184,15001668,34359738367,87516,0,83280,0,0,0,0,0,0,0,0,0,0,0,2048,0,1493776,27707392,38797312
1777067915.001290,1290,ubuntu-rog,1,0,0,65683160,27689336,51705020,283784,22642048,0,13350052,21140620,11565696,25264,1784356,21115356,0,0,8388604,8388604,0,0,48,0,11565972,419108,26088,1846632,2523188,1846632,676556,15184,65188,0,0,0,0,41230184,15001668,34359738367,87516,0,83280,0,0,0,0,0,0,0,0,0,0,0,2048,0,1493776,27707392,38797312
1777067916.002193,2193,ubuntu-rog,1,0,0,65683160,27689336,51705020,283784,22642064,0,13350052,21140620,11565696,25264,1784356,21115356,0,0,8388604,8388604,0,0,60,0,11565972,419108,26088,1846632,2523188,1846632,676556,15184,65188,0,0,0,0,41230184,15001668,34359738367,87516,0,83280,0,0,0,0,0,0,0,0,0,0,0,2048,0,1493776,27707392,38797312
1777067917.001294,1294,ubuntu-rog,1,0,0,65683160,27689336,51705020,283784,22642064,0,13350052,21140620,11565696,25264,1784356,21115356,0,0,8388604,8388604,0,0,60,0,11565972,419108,26088,1846632,2523188,1846632,676556,15184,65188,0,0,0,0,41230184,15001668,34359738367,87516,0,83280,0,0,0,0,0,0,0,0,0,0,0,2048,0,1493776,27707392,38797312
1777067918.001063,1063,ubuntu-rog,1,0,0,65683160,27689336,51705020,283784,22642064,0,13350052,21140620,11565696,25264,1784356,21115356,0,0,8388604,8388604,0,0,60,0,11565972,419108,26088,1846632,2523188,1846632,676556,15184,65188,0,0,0,0,41230184,15001668,34359738367,87516,0,83280,0,0,0,0,0,0,0,0,0,0,0,2048,0,1493776,27707392,38797312
1777067919.001059,1059,ubuntu-rog,1,0,0,65683160,27689336,51705020,283784,22642068,0,13350052,21140620,11565696,25264,1784356,21115356,0,0,8388604,8388604,0,0,64,0,11565972,419108,26088,1846632,2523188,1846632,676556,15184,65188,0,0,0,0,41230184,15001668,34359738367,87516,0,83280,0,0,0,0,0,0,0,0,0,0,0,2048,0,1493776,27707392,38797312
1777067920.002303,2303,ubuntu-rog,1,0,0,65683160,27689336,51705020,283792,22642060,0,13350052,21140620,11565696,25264,1784356,21115356,0,0,8388604,8388604,0,0,64,0,11565972,419108,26088,1846632,2523188,1846632,676556,15184,65188,0,0,0,0,41230184,15001668,34359738367,87516,0,83280,0,0,0,0,0,0,0,0,0,0,0,2048,0,1493776,27707392,38797312
1777067921.001204,1204,ubuntu-rog,1,0,0,65683160,27689336,51705020,283792,22642076,0,13350052,21140620,11565696,25264,1784356,21115356,0,0,8388604,8388604,0,0,76,0,11565972,419108,26088,1846632,2523188,1846632,676556,15184,65188,0,0,0,0,41230184,15001668,34359738367,87516,0,83280,0,0,0,0,0,0,0,0,0,0,0,2048,0,1493776,27707392,38797312
1777067922.001298,1298,ubuntu-rog,1,0,0,65683160,27689336,51705020,283792,22642076,0,13350052,21140620,11565696,25264,1784356,21115356,0,0,8388604,8388604,0,0,76,0,11565972,419108,26088,1846632,2523188,1846632,676556,15184,65188,0,0,0,0,41230184,15001668,34359738367,87516,0,83280,0,0,0,0,0,0,0,0,0,0,0,2048,0,1493776,27707392,38797312
1777067923.001064,1064,ubuntu-rog,1,0,0,65683160,27689336,51705020,283792,22642080,0,13350052,21140620,11565696,25264,1784356,21115356,0,0,8388604,8388604,0,0,80,0,11565972,419108,26088,1846632,2523188,1846632,676556,15184,65188,0,0,0,0,41230184,15001668,34359738367,87516,0,83280,0,0,0,0,0,0,0,0,0,0,0,2048,0,1493776,27707392,38797312
1777067924.002057,2057,ubuntu-rog,1,0,0,65683160,27689336,51705020,283792,22642080,0,13350052,21140620,11565696,25264,1784356,21115356,0,0,8388604,8388604,0,0,80,0,11565972,419108,26088,1846632,2523188,1846632,676556,15184,65188,0,0,0,0,41230184,15001668,34359738367,87516,0,83280,0,0,0,0,0,0,0,0,0,0,0,2048,0,1493776,27707392,38797312
1777067925.001294,1294,ubuntu-rog,1,0,0,65683160,27689336,51705020,283792,22642080,0,13350052,21140620,11565696,25264,1784356,21115356,0,0,8388604,8388604,0,0,80,0,11565972,419108,26088,1846632,2523188,1846632,676556,15184,65188,0,0,0,0,41230184,15001668,34359738367,87516,0,83280,0,0,0,0,0,0,0,0,0,0,0,2048,0,1493776,27707392,38797312
1777067926.001195,1195,ubuntu-rog,1,0,0,65683160,27689336,51705036,283804,22642084,0,13350052,21140636,11565696,25264,1784356,21115372,0,0,8388604,8388604,0,0,64,0,11565972,419108,26088,1846632,2523188,1846632,676556,15184,65188,0,0,0,0,41230184,15001668,34359738367,87516,0,83280,0,0,0,0,0,0,0,0,0,0,0,2048,0,1493776,27707392,38797312
1777067927.001302,1302,ubuntu-rog,1,0,0,65683160,27689336,51705160,283804,22642088,0,13350052,21140760,11565696,25264,1784356,21115496,0,0,8388604,8388604,0,0,68,0,11565972,419108,26088,1846632,2523188,1846632,676556,15184,65188,0,0,0,0,41230184,15001668,34359738367,87516,0,83280,0,0,0,0,0,0,0,0,0,0,0,2048,0,1493776,27707392,38797312
1777067928.002056,2056,ubuntu-rog,1,0,0,65683160,27689336,51705160,283804,22642088,0,13350052,21140760,11565696,25264,1784356,21115496,0,0,8388604,8388604,0,0,68,0,11565972,419108,26088,1846632,2523188,1846632,676556,15184,65188,0,0,0,0,41230184,15001668,34359738367,87516,0,83280,0,0,0,0,0,0,0,0,0,0,0,2048,0,1493776,27707392,38797312
1777067929.001061,1061,ubuntu-rog,1,0,0,65683160,27689336,51705160,283804,22642088,0,13350052,21140760,11565696,25264,1784356,21115496,0,0,8388604,8388604,0,0,68,0,11565972,419108,26088,1846632,2523188,1846632,676556,15184,65188,0,0,0,0,41230184,15001668,34359738367,87516,0,83280,0,0,0,0,0,0,0,0,0,0,0,2048,0,1493776,27707392,38797312
1777067930.001297,1297,ubuntu-rog,1,0,0,65683160,27689336,51705160,283804,22642092,0,13350052,21140760,11565696,25264,1784356,21115496,0,0,8388604,8388604,0,0,72,0,11565972,419108,26088,1846632,2523188,1846632,676556,15184,65188,0,0,0,0,41230184,15001668,34359738367,87516,0,83280,0,0,0,0,0,0,0,0,0,0,0,2048,0,1493776,27707392,38797312
1777067931.001198,1198,ubuntu-rog,1,0,0,65683160,27689336,51705176,283812,22642084,0,13350052,21140776,11565696,25264,1784356,21115512,0,0,8388604,8388604,0,0,56,0,11565972,419108,26088,1846632,2523188,1846632,676556,15184,65188,0,0,0,0,41230184,15001668,34359738367,87516,0,83280,0,0,0,0,0,0,0,0,0,0,0,2048,0,1493776,27707392,38797312
1777067932.002318,2318,ubuntu-rog,1,0,0,65683160,27689336,51705176,283812,22642096,0,13350052,21140776,11565696,25264,1784356,21115512,0,0,8388604,8388604,0,0,64,0,11565972,419108,26088,1846632,2523188,1846632,676556,15184,65188,0,0,0,0,41230184,15001668,34359738367,87516,0,83280,0,0,0,0,0,0,0,0,0,0,0,2048,0,1493776,27707392,38797312
1777067933.001064,1064,ubuntu-rog,1,0,0,65683160,27689336,51705176,283812,22642104,0,13350052,21140776,11565696,25264,1784356,21115512,0,0,8388604,8388604,0,0,76,0,11565972,419108,26088,1846632,2523188,1846632,676556,15184,65188,0,0,0,0,41230184,15001668,34359738367,87516,0,83280,0,0,0,0,0,0,0,0,0,0,0,2048,0,1493776,27707392,38797312
1777067934.001060,1060,ubuntu-rog,1,0,0,65683160,27689336,51705176,283812,22642104,0,13350052,21140776,11565696,25264,1784356,21115512,0,0,8388604,8388604,0,0,76,0,11565972,419108,26088,1846632,2523188,1846632,676556,15184,65188,0,0,0,0,41230184,15001668,34359738367,87516,0,83280,0,0,0,0,0,0,0,0,0,0,0,2048,0,1493776,27707392,38797312
1777067935.001294,1294,ubuntu-rog,1,0,0,65683160,27689336,51705176,283812,22642104,0,13350052,21140776,11565696,25264,1784356,21115512,0,0,8388604,8388604,0,0,76,0,11565972,419108,26088,1846632,2523188,1846632,676556,15184,65188,0,0,0,0,41230184,15001668,34359738367,87516,0,83280,0,0,0,0,0,0,0,0,0,0,0,2048,0,1493776,27707392,38797312
1777067936.002194,2194,ubuntu-rog,1,0,0,65683160,27689336,51705184,283812,22642104,0,13350052,21140784,11565696,25264,1784356,21115520,0,0,8388604,8388604,0,0,52,0,11565972,419108,26088,1846632,2523188,1846632,676556,15184,65188,0,0,0,0,41230184,15001668,34359738367,87516,0,83280,0,0,0,0,0,0,0,0,0,0,0,2048,0,1493776,27707392,38797312
1777067937.001299,1299,ubuntu-rog,1,0,0,65683160,27689336,51705184,283824,22642108,0,13350052,21140784,11565696,25264,1784356,21115520,0,0,8388604,8388604,0,0,56,0,11565972,419108,26088,1846632,2523188,1846632,676556,15184,65188,0,0,0,0,41230184,15001668,34359738367,87516,0,83280,0,0,0,0,0,0,0,0,0,0,0,2048,0,1493776,27707392,38797312
1777067938.001059,1059,ubuntu-rog,1,0,0,65683160,27689336,51705184,283824,22642112,0,13350052,21140784,11565696,25264,1784356,21115520,0,0,8388604,8388604,0,0,64,0,11565972,419108,26088,1846632,2523188,1846632,676556,15184,65188,0,0,0,0,41230184,15001668,34359738367,87516,0,83280,0,0,0,0,0,0,0,0,0,0,0,2048,0,1493776,27707392,38797312
1777067939.001067,1067,ubuntu-rog,1,0,0,65683160,27689336,51705184,283824,22642112,0,13350052,21140784,11565696,25264,1784356,21115520,0,0,8388604,8388604,0,0,64,0,11565972,419108,26088,1846632,2523188,1846632,676556,15184,65188,0,0,0,0,41230184,15001668,34359738367,87516,0,83280,0,0,0,0,0,0,0,0,0,0,0,2048,0,1493776,27707392,38797312
1777067940.002294,2294,ubuntu-rog,1,0,0,65683160,27689336,51705184,283824,22642116,0,13350052,21140784,11565696,25264,1784356,21115520,0,0,8388604,8388604,0,0,68,0,11565972,419108,26088,1846632,2523188,1846632,676556,15184,65188,0,0,0,0,41230184,15001668,34359738367,87516,0,83280,0,0,0,0,0,0,0,0,0,0,0,2048,0,1493776,27707392,38797312
1777067941.001196,1196,ubuntu-rog,1,0,0,65683160,27689336,51705184,283824,22642116,0,13350052,21140784,11565696,25264,1784356,21115520,0,0,8388604,8388604,0,0,68,0,11565972,419108,26088,1846632,2523188,1846632,676556,15184,65188,0,0,0,0,41230184,15001668,34359738367,87516,0,83280,0,0,0,0,0,0,0,0,0,0,0,2048,0,1493776,27707392,38797312
1777067942.001292,1292,ubuntu-rog,1,0,0,65683160,27689336,51705184,283832,22642108,0,13350052,21140784,11565696,25264,1784356,21115520,0,0,8388604,8388604,0,0,68,0,11565972,419108,26088,1846632,2523188,1846632,676556,15184,65188,0,0,0,0,41230184,15001668,34359738367,87516,0,83280,0,0,0,0,0,0,0,0,0,0,0,2048,0,1493776,27707392,38797312
1777067943.001061,1061,ubuntu-rog,1,0,0,65683160,27689336,51705184,283832,22642120,0,13350052,21140784,11565696,25264,1784356,21115520,0,0,8388604,8388604,0,0,76,0,11565972,419108,26088,1846632,2523188,1846632,676556,15184,65188,0,0,0,0,41230184,15001668,34359738367,87516,0,83280,0,0,0,0,0,0,0,0,0,0,0,2048,0,1493776,27707392,38797312
1777067944.002057,2057,ubuntu-rog,1,0,0,65683160,27689336,51705184,283832,22642124,0,13350052,21140784,11565696,25264,1784356,21115520,0,0,8388604,8388604,0,0,80,0,11565972,419108,26088,1846632,2523188,1846632,676556,15184,65188,0,0,0,0,41230184,15001668,34359738367,87516,0,83280,0,0,0,0,0,0,0,0,0,0,0,2048,0,1493776,27707392,38797312
1777067945.001294,1294,ubuntu-rog,1,0,0,65683160,27689336,51705184,283832,22642124,0,13350052,21140784,11565696,25264,1784356,21115520,0,0,8388604,8388604,0,0,80,0,11565972,419108,26088,1846632,2523188,1846632,676556,15184,65188,0,0,0,0,41230184,15001668,34359738367,87516,0,83280,0,0,0,0,0,0,0,0,0,0,0,2048,0,1493776,27707392,38797312
1777067946.001198,1198,ubuntu-rog,1,0,0,65683160,27689336,51705184,283832,22642128,0,13350052,21140784,11565696,25264,1784356,21115520,0,0,8388604,8388604,0,0,52,0,11565972,419108,26088,1846632,2523188,1846632,676556,15184,65188,0,0,0,0,41230184,15001668,34359738367,87516,0,83280,0,0,0,0,0,0,0,0,0,0,0,2048,0,1493776,27707392,38797312
1777067947.001295,1295,ubuntu-rog,1,0,0,65683160,27689336,51705184,283840,22642124,0,13350052,21140784,11565696,25264,1784356,21115520,0,0,8388604,8388604,0,0,56,0,11565972,419108,26088,1846632,2523188,1846632,676556,15184,65188,0,0,0,0,41230184,15001668,34359738367,87516,0,83280,0,0,0,0,0,0,0,0,0,0,0,2048,0,1493776,27707392,38797312
1777067948.002056,2056,ubuntu-rog,1,0,0,65683160,27689336,51705184,283840,22642132,0,13350052,21140784,11565696,25264,1784356,21115520,0,0,8388604,8388604,0,0,60,0,11565972,419108,26088,1846632,2523188,1846632,676556,15184,65188,0,0,0,0,41230184,15001668,34359738367,87516,0,83280,0,0,0,0,0,0,0,0,0,0,0,2048,0,1493776,27707392,38797312
1777067949.001062,1062,ubuntu-rog,1,0,0,65683160,27689336,51705184,283840,22642136,0,13350052,21140784,11565696,25264,1784356,21115520,0,0,8388604,8388604,0,0,64,0,11565972,419108,26088,1846632,2523188,1846632,676556,15184,65188,0,0,0,0,41230184,15001668,34359738367,87516,0,83280,0,0,0,0,0,0,0,0,0,0,0,2048,0,1493776,27707392,38797312
1777067950.001297,1297,ubuntu-rog,1,0,0,65683160,27689336,51705184,283840,22642136,0,13350052,21140784,11565696,25264,1784356,21115520,0,0,8388604,8388604,0,0,64,0,11565972,419108,26088,1846632,2523188,1846632,676556,15184,65188,0,0,0,0,41230184,15001668,34359738367,87516,0,83280,0,0,0,0,0,0,0,0,0,0,0,2048,0,1493776,27707392,38797312
1777067951.001227,1227,ubuntu-rog,1,0,0,65683160,27689336,51705184,283840,22642140,0,13350052,21140784,11565696,25264,1784356,21115520,0,0,8388604,8388604,0,0,68,0,11565972,419108,26088,1846632,2523188,1846632,676556,15184,65188,0,0,0,0,41230184,15001668,34359738367,87516,0,83280,0,0,0,0,0,0,0,0,0,0,0,2048,0,1493776,27707392,38797312
1777067952.002299,2299,ubuntu-rog,1,0,0,65683160,27689336,51705184,283848,22642132,0,13350052,21140784,11565696,25264,1784356,21115520,0,0,8388604,8388604,0,0,68,0,11565972,419108,26088,1846632,2523188,1846632,676556,15184,65188,0,0,0,0,41230184,15001668,34359738367,87516,0,83280,0,0,0,0,0,0,0,0,0,0,0,2048,0,1493776,27707392,38797312
1777067953.001063,1063,ubuntu-rog,1,0,0,65683160,27689336,51705184,283848,22642140,0,13350052,21140784,11565696,25264,1784356,21115520,0,0,8388604,8388604,0,0,68,0,11565972,419108,26088,1846632,2523188,1846632,676556,15184,65188,0,0,0,0,41230184,15001668,34359738367,87516,0,83280,0,0,0,0,0,0,0,0,0,0,0,2048,0,1493776,27707392,38797312
1777067954.001059,1059,ubuntu-rog,1,0,0,65683160,27689336,51705184,283848,22642144,0,13350052,21140784,11565696,25264,1784356,21115520,0,0,8388604,8388604,0,0,72,0,11565972,419108,26088,1846632,2523188,1846632,676556,15184,65188,0,0,0,0,41230184,15001668,34359738367,87516,0,83280,0,0,0,0,0,0,0,0,0,0,0,2048,0,1493776,27707392,38797312
1777067955.001300,1300,ubuntu-rog,1,0,0,65683160,27689336,51705184,283848,22642148,0,13350052,21140784,11565696,25264,1784356,21115520,0,0,8388604,8388604,0,0,76,0,11565972,419108,26088,1846632,2523188,1846632,676556,15184,65188,0,0,0,0,41230184,15001668,34359738367,87516,0,83280,0,0,0,0,0,0,0,0,0,0,0,2048,0,1493776,27707392,38797312
1777067956.002198,2198,ubuntu-rog,1,0,0,65683160,27689336,51705184,283848,22642148,0,13350052,21140784,11565696,25264,1784356,21115520,0,0,8388604,8388604,0,0,36,0,11565972,419108,26088,1846632,2523188,1846632,676556,15184,65188,0,0,0,0,41230184,15001668,34359738367,87516,0,83280,0,0,0,0,0,0,0,0,0,0,0,2048,0,1493776,27707392,38797312
1777067957.001288,1288,ubuntu-rog,1,0,0,65683160,27689336,51705184,283860,22642140,0,13350052,21140784,11565696,25264,1784356,21115520,0,0,8388604,8388604,0,0,44,0,11565972,419108,26088,1846632,2523188,1846632,676556,15184,65188,0,0,0,0,41230184,15001668,34359738367,87516,0,83280,0,0,0,0,0,0,0,0,0,0,0,2048,0,1493776,27707392,38797312
1777067958.001065,1065,ubuntu-rog,1,0,0,65683160,27689336,51705184,283860,22642156,0,13350052,21140784,11565696,25264,1784356,21115520,0,0,8388604,8388604,0,0,64,0,11565972,419108,26088,1846632,2523188,1846632,676556,15184,65188,0,0,0,0,41230184,15001668,34359738367,87516,0,83280,0,0,0,0,0,0,0,0,0,0,0,2048,0,1493776,27707392,38797312
1777067959.001062,1062,ubuntu-rog,1,0,0,65683160,27689336,51705184,283860,22642156,0,13350052,21140784,11565696,25264,1784356,21115520,0,0,8388604,8388604,0,0,64,0,11565972,419108,26088,1846632,2523188,1846632,676556,15184,65188,0,0,0,0,41230184,15001668,34359738367,87516,0,83280,0,0,0,0,0,0,0,0,0,0,0,2048,0,1493776,27707392,38797312
1777067960.002297,2297,ubuntu-rog,1,0,0,65683160,27689336,51705184,283860,22642160,0,13350052,21140784,11565696,25264,1784356,21115520,0,0,8388604,8388604,0,0,68,0,11565972,419108,26088,1846632,2523188,1846632,676556,15184,65188,0,0,0,0,41230184,15001668,34359738367,87516,0,83280,0,0,0,0,0,0,0,0,0,0,0,2048,0,1493776,27707392,38797312
1777067961.001203,1203,ubuntu-rog,1,0,0,65683160,27689336,51705184,283860,22642164,0,13350052,21140784,11565696,25264,1784356,21115520,0,0,8388604,8388604,0,0,72,0,11565972,419108,26088,1846632,2523188,1846632,676556,15184,65188,0,0,0,0,41230184,15001668,34359738367,87516,0,83280,0,0,0,0,0,0,0,0,0,0,0,2048,0,1493776,27707392,38797312
1777067962.001294,1294,ubuntu-rog,1,0,0,65683160,27689336,51705184,283868,22642156,0,13350052,21140784,11565696,25264,1784356,21115520,0,0,8388604,8388604,0,0,72,0,11565972,419108,26088,1846632,2523188,1846632,676556,15184,65188,0,0,0,0,41230184,15001668,34359738367,87516,0,83280,0,0,0,0,0,0,0,0,0,0,0,2048,0,1493776,27707392,38797312
1777067963.001062,1062,ubuntu-rog,1,0,0,65683160,27689336,51705184,283868,22642164,0,13350052,21140784,11565696,25264,1784356,21115520,0,0,8388604,8388604,0,0,76,0,11565972,419108,26088,1846632,2523188,1846632,676556,15184,65188,0,0,0,0,41230184,15001668,34359738367,87516,0,83280,0,0,0,0,0,0,0,0,0,0,0,2048,0,1493776,27707392,38797312
1777067964.002061,2061,ubuntu-rog,1,0,0,65683160,27689336,51705184,283868,22642168,0,13350052,21140784,11565696,25264,1784356,21115520,0,0,8388604,8388604,0,0,80,0,11565972,419108,26088,1846632,2523188,1846632,676556,15184,65188,0,0,0,0,41230184,15001668,34359738367,87516,0,83280,0,0,0,0,0,0,0,0,0,0,0,2048,0,1493776,27707392,38797312
1777067965.001295,1295,ubuntu-rog,1,0,0,65683160,27689336,51705184,283868,22642168,0,13350052,21140784,11565696,25264,1784356,21115520,0,0,8388604,8388604,0,0,80,0,11565972,419108,26088,1846632,2523188,1846632,676556,15184,65188,0,0,0,0,41230184,15001668,34359738367,87516,0,83280,0,0,0,0,0,0,0,0,0,0,0,2048,0,1493776,27707392,38797312
1777067966.001552,1552,ubuntu-rog,1,0,0,65683160,27689336,51705184,283868,22642172,0,13350052,21140784,11565696,25264,1784356,21115520,0,0,8388604,8388604,0,0,84,0,11565972,419108,26088,1846632,2523188,1846632,676556,15184,65188,0,0,0,0,41230184,15001668,34359738367,87516,0,83280,0,0,0,0,0,0,0,0,0,0,0,2048,0,1493776,27707392,38797312
1777067967.001303,1303,ubuntu-rog,1,0,0,65683160,27689336,51705184,283868,22642172,0,13350052,21140784,11565696,25264,1784356,21115520,0,0,8388604,8388604,0,0,40,0,11565972,419108,26088,1846632,2523188,1846632,676556,15184,65188,0,0,0,0,41230184,15001668,34359738367,87516,0,83280,0,0,0,0,0,0,0,0,0,0,0,2048,0,1493776,27707392,38797312
1777067968.002060,2060,ubuntu-rog,1,0,0,65683160,27689336,51705184,283880,22642164,0,13350052,21140784,11565696,25264,1784356,21115520,0,0,8388604,8388604,0,0,44,0,11565972,419108,26088,1846632,2523188,1846632,676556,15184,65188,0,0,0,0,41230184,15001668,34359738367,87516,0,83280,0,0,0,0,0,0,0,0,0,0,0,2048,0,1493776,27707392,38797312
1777067969.001062,1062,ubuntu-rog,1,0,0,65683160,27689336,51705184,283880,22642176,0,13350052,21140784,11565696,25264,1784356,21115520,0,0,8388604,8388604,0,0,48,0,11565972,419108,26088,1846632,2523188,1846632,676556,15200,65188,0,0,0,0,41230184,15001668,34359738367,87516,0,83280,0,0,0,0,0,0,0,0,0,0,0,2048,0,1493776,27707392,38797312
1777067970.001343,1343,ubuntu-rog,1,0,0,65683160,27689336,51705184,283880,22642180,0,13350052,21140784,11565696,25264,1784356,21115520,0,0,8388604,8388604,0,0,56,0,11565972,419108,26088,1846632,2523188,1846632,676556,15200,65188,0,0,0,0,41230184,15001668,34359738367,87516,0,83280,0,0,0,0,0,0,0,0,0,0,0,2048,0,1493776,27707392,38797312
1777067971.001204,1204,ubuntu-rog,1,0,0,65683160,27689336,51705184,283880,22642188,0,13350052,21140784,11565696,25264,1784356,21115520,0,0,8388604,8388604,0,0,68,0,11565972,419108,26088,1846632,2523188,1846632,676556,15200,65188,0,0,0,0,41230184,15001668,34359738367,87516,0,83280,0,0,0,0,0,0,0,0,0,0,0,2048,0,1493776,27707392,38797312
1777067972.001312,1312,ubuntu-rog,1,0,0,65683160,27689336,51705184,283880,22642188,0,13350052,21140784,11565696,25264,1784356,21115520,0,0,8388604,8388604,0,0,68,0,11565972,419108,26088,1846632,2523188,1846632,676556,15200,65188,0,0,0,0,41230184,15001668,34359738367,87516,0,83280,0,0,0,0,0,0,0,0,0,0,0,2048,0,1493776,27707392,38797312
1777067973.002062,2062,ubuntu-rog,1,0,0,65683160,27689336,51705184,283880,22642188,0,13350052,21140784,11565696,25264,1784356,21115520,0,0,8388604,8388604,0,0,68,0,11565972,419108,26088,1846632,2523188,1846632,676556,15200,65188,0,0,0,0,41230184,15001668,34359738367,87516,0,83280,0,0,0,0,0,0,0,0,0,0,0,2048,0,1493776,27707392,38797312
1777067974.001064,1064,ubuntu-rog,1,0,0,65683160,27689336,51705184,283888,22642180,0,13350052,21140784,11565696,25264,1784356,21115520,0,0,8388604,8388604,0,0,68,0,11565972,419108,26088,1846632,2523188,1846632,676556,15200,65188,0,0,0,0,41230184,15001668,34359738367,87516,0,83280,0,0,0,0,0,0,0,0,0,0,0,2048,0,1493776,27707392,38797312
1777067975.001303,1303,ubuntu-rog,1,0,0,65683160,27689336,51705184,283888,22642192,0,13350052,21140784,11565696,25264,1784356,21115520,0,0,8388604,8388604,0,0,72,0,11565972,419108,26088,1846632,2523188,1846632,676556,15200,65188,0,0,0,0,41230184,15001668,34359738367,87516,0,83280,0,0,0,0,0,0,0,0,0,0,0,2048,0,1493776,27707392,38797312
1777067976.001158,1158,ubuntu-rog,1,0,0,65683160,27689336,51705184,283888,22642192,0,13350052,21140784,11565696,25264,1784356,21115520,0,0,8388604,8388604,0,0,72,0,11565972,419108,26088,1846632,2523188,1846632,676556,15200,65188,0,0,0,0,41230184,15001668,34359738367,87516,0,83280,0,0,0,0,0,0,0,0,0,0,0,2048,0,1493776,27707392,38797312
1777067977.002292,2292,ubuntu-rog,1,0,0,65683160,27689336,51705184,283888,22642196,0,13350052,21140784,11565696,25264,1784356,21115520,0,0,8388604,8388604,0,0,76,0,11565972,419108,26088,1846632,2523188,1846632,676556,15200,65188,0,0,0,0,41230184,15001668,34359738367,87516,0,83280,0,0,0,0,0,0,0,0,0,0,0,2048,0,1493776,27707392,38797312
1777067978.001066,1066,ubuntu-rog,1,0,0,65683160,27689336,51705252,283888,22642200,0,13350052,21140852,11565696,25264,1784356,21115588,0,0,8388604,8388604,0,0,52,0,11565972,419108,26088,1846632,2523188,1846632,676556,15200,65188,0,0,0,0,41230184,15001668,34359738367,87516,0,83280,0,0,0,0,0,0,0,0,0,0,0,2048,0,1493776,27707392,38797312
1777067979.001063,1063,ubuntu-rog,1,0,0,65683160,27689336,51705252,283888,22642200,0,13350052,21140852,11565696,25264,1784356,21115588,0,0,8388604,8388604,0,0,52,0,11565972,419108,26088,1846632,2523188,1846632,676556,15200,65188,0,0,0,0,41230184,15001668,34359738367,87516,0,83280,0,0,0,0,0,0,0,0,0,0,0,2048,0,1493776,27707392,38797312
1777067980.001298,1298,ubuntu-rog,1,0,0,65683160,27689336,51705252,283896,22642192,0,13350052,21140852,11565696,25264,1784356,21115588,0,0,8388604,8388604,0,0,52,0,11565972,419108,26088,1846632,2523188,1846632,676556,15200,65188,0,0,0,0,41230184,15001668,34359738367,87516,0,83280,0,0,0,0,0,0,0,0,0,0,0,2048,0,1493776,27707392,38797312
1777067981.002197,2197,ubuntu-rog,1,0,0,65683160,27689336,51705252,283896,22642200,0,13350052,21140852,11565696,25264,1784356,21115588,0,0,8388604,8388604,0,0,56,0,11565972,419108,26088,1846632,2523188,1846632,676556,15200,65188,0,0,0,0,41230184,15001668,34359738367,87516,0,83280,0,0,0,0,0,0,0,0,0,0,0,2048,0,1493776,27707392,38797312
1777067982.001304,1304,ubuntu-rog,1,0,0,65683160,27689336,51705252,283896,22642212,0,13350052,21140852,11565696,25264,1784356,21115588,0,0,8388604,8388604,0,0,68,0,11565972,419108,26088,1846632,2523188,1846632,676556,15200,65188,0,0,0,0,41230184,15001668,34359738367,87516,0,83280,0,0,0,0,0,0,0,0,0,0,0,2048,0,1493776,27707392,38797312
1777067983.001065,1065,ubuntu-rog,1,0,0,65683160,27689336,51705252,283896,22642212,0,13350052,21140852,11565696,25264,1784356,21115588,0,0,8388604,8388604,0,0,68,0,11565972,419108,26088,1846632,2523188,1846632,676556,15200,65188,0,0,0,0,41230184,15001668,34359738367,87516,0,83280,0,0,0,0,0,0,0,0,0,0,0,2048,0,1493776,27707392,38797312
1777067984.001066,1066,ubuntu-rog,1,0,0,65683160,27689336,51705252,283896,22642212,0,13350052,21140852,11565696,25264,1784356,21115588,0,0,8388604,8388604,0,0,68,0,11565972,419108,26088,1846632,2523188,1846632,676556,15184,65188,0,0,0,0,41230184,15001668,34359738367,87500,0,83280,0,0,0,0,0,0,0,0,0,0,0,2048,0,1493776,27707392,38797312
1777067985.002301,2301,ubuntu-rog,1,0,0,65683160,27689336,51705252,283904,22642208,0,13350052,21140852,11565696,25264,1784356,21115588,0,0,8388604,8388604,0,0,72,0,11565972,419108,26088,1846632,2523188,1846632,676556,15184,65188,0,0,0,0,41230184,15001668,34359738367,87500,0,83280,0,0,0,0,0,0,0,0,0,0,0,2048,0,1493776,27707392,38797312
1777067986.001201,1201,ubuntu-rog,1,0,0,65683160,27689336,51705252,283904,22642216,0,13350052,21140852,11565696,25264,1784356,21115588,0,0,8388604,8388604,0,0,72,0,11565972,419108,26088,1846632,2523188,1846632,676556,15184,65188,0,0,0,0,41230184,15001668,34359738367,87500,0,83280,0,0,0,0,0,0,0,0,0,0,0,2048,0,1493776,27707392,38797312
1777067987.001302,1302,ubuntu-rog,1,0,0,65683160,27689084,51705000,283904,22642216,0,13350052,21140852,11565696,25264,1784356,21115588,0,0,8388604,8388604,0,0,32,0,11565972,419108,26088,1846632,2523188,1846632,676556,15184,65188,0,0,0,0,41230184,15001668,34359738367,87500,0,83280,0,0,0,0,0,0,0,0,0,0,0,2048,0,1493776,27707392,38797312
1777067988.001064,1064,ubuntu-rog,1,0,0,65683160,27688844,51704760,283904,22642220,0,13350216,21140852,11565860,25264,1784356,21115588,0,0,8388604,8388604,0,0,36,0,11566156,419108,26088,1846632,2523196,1846632,676564,15184,65188,0,0,0,0,41230184,15001836,34359738367,87500,0,83280,0,0,0,0,0,0,0,0,0,0,0,2048,0,1493776,27707392,38797312
1777067989.002072,2072,ubuntu-rog,1,0,0,65683160,27689072,51704988,283904,22642224,0,13350216,21140852,11565860,25264,1784356,21115588,0,0,8388604,8388604,0,0,44,0,11566156,419108,26088,1846632,2523196,1846632,676564,15184,65188,0,0,0,0,41230184,15001836,34359738367,87500,0,83280,0,0,0,0,0,0,0,0,0,0,0,2048,0,1493776,27707392,38797312
1777067990.001305,1305,ubuntu-rog,1,0,0,65683160,27689072,51704988,283916,22642212,0,13350216,21140852,11565860,25264,1784356,21115588,0,0,8388604,8388604,0,0,44,0,11566156,419108,26088,1846632,2523196,1846632,676564,15184,65188,0,0,0,0,41230184,15001836,34359738367,87500,0,83280,0,0,0,0,0,0,0,0,0,0,0,2048,0,1493776,27707392,38797312
1777067991.001200,1200,ubuntu-rog,1,0,0,65683160,27689072,51704988,283916,22642224,0,13350216,21140852,11565860,25264,1784356,21115588,0,0,8388604,8388604,0,0,60,0,11566156,419108,26088,1846632,2523196,1846632,676564,15184,65188,0,0,0,0,41230184,15001836,34359738367,87500,0,83280,0,0,0,0,0,0,0,0,0,0,0,2048,0,1493776,27707392,38797312
1777067992.001302,1302,ubuntu-rog,1,0,0,65683160,27689072,51704988,283916,22642228,0,13350216,21140852,11565860,25264,1784356,21115588,0,0,8388604,8388604,0,0,64,0,11566156,419108,26088,1846632,2523196,1846632,676564,15184,65188,0,0,0,0,41230184,15001836,34359738367,87500,0,83280,0,0,0,0,0,0,0,0,0,0,0,2048,0,1493776,27707392,38797312
1777067993.002060,2060,ubuntu-rog,1,0,0,65683160,27689072,51704988,283916,22642232,0,13350216,21140852,11565860,25264,1784356,21115588,0,0,8388604,8388604,0,0,68,0,11566156,419108,26088,1846632,2523196,1846632,676564,15184,65188,0,0,0,0,41230184,15001836,34359738367,87500,0,83280,0,0,0,0,0,0,0,0,0,0,0,2048,0,1493776,27707392,38797312
1777067994.001064,1064,ubuntu-rog,1,0,0,65683160,27689072,51704988,283916,22642236,0,13350216,21140852,11565860,25264,1784356,21115588,0,0,8388604,8388604,0,0,72,0,11566156,419108,26088,1846632,2523200,1846632,676568,15184,65188,0,0,0,0,41230184,15001836,34359738367,87500,0,83280,0,0,0,0,0,0,0,0,0,0,0,2048,0,1493776,27707392,38797312
1777067995.001290,1290,ubuntu-rog,1,0,0,65683160,27689072,51704988,283924,22642232,0,13350216,21140852,11565860,25264,1784356,21115588,0,0,8388604,8388604,0,0,76,0,11566156,419108,26088,1846632,2523200,1846632,676568,15184,65188,0,0,0,0,41230184,15001836,34359738367,87500,0,83280,0,0,0,0,0,0,0,0,0,0,0,2048,0,1493776,27707392,38797312
1777067996.001205,1205,ubuntu-rog,1,0,0,65683160,27689072,51704988,283924,22642240,0,13350216,21140852,11565860,25264,1784356,21115588,0,0,8388604,8388604,0,0,76,0,11566156,419108,26088,1846632,2523200,1846632,676568,15184,65188,0,0,0,0,41230184,15001836,34359738367,87500,0,83280,0,0,0,0,0,0,0,0,0,0,0,2048,0,1493776,27707392,38797312
1777067997.002297,2297,ubuntu-rog,1,0,0,65683160,27689072,51704988,283924,22642240,0,13350216,21140852,11565860,25264,1784356,21115588,0,0,8388604,8388604,0,0,52,0,11566156,419108,26088,1846632,2523200,1846632,676568,15184,65188,0,0,0,0,41230184,15001836,34359738367,87500,0,83280,0,0,0,0,0,0,0,0,0,0,0,2048,0,1493776,27707392,38797312
1777067998.001062,1062,ubuntu-rog,1,0,0,65683160,27689072,51704988,283924,22642240,0,13350216,21140852,11565860,25264,1784356,21115588,0,0,8388604,8388604,0,0,52,0,11566156,419108,26088,1846632,2523200,1846632,676568,15184,65188,0,0,0,0,41230184,15001836,34359738367,87500,0,83280,0,0,0,0,0,0,0,0,0,0,0,2048,0,1493776,27707392,38797312
1777067999.001063,1063,ubuntu-rog,1,0,0,65683160,27689072,51704988,283924,22642248,0,13350208,21140852,11565852,25264,1784356,21115588,0,0,8388604,8388604,0,0,64,0,11566160,419108,26088,1846632,2523200,1846632,676568,15184,65188,0,0,0,0,41230184,15001836,34359738367,87500,0,83280,0,0,0,0,0,0,0,0,0,0,0,2048,0,1493776,27707392,38797312
1777068000.001300,1300,ubuntu-rog,1,0,0,65683160,27689072,51704988,283936,22642236,0,13350208,21140852,11565852,25264,1784356,21115588,0,0,8388604,8388604,0,0,64,0,11566160,419108,26088,1846632,2523200,1846632,676568,15184,65188,0,0,0,0,41230184,15001836,34359738367,87500,0,83280,0,0,0,0,0,0,0,0,0,0,0,2048,0,1493776,27707392,38797312
1777068001.002197,2197,ubuntu-rog,1,0,0,65683160,27689072,51705112,283936,22642248,0,13350208,21140976,11565852,25264,1784356,21115712,0,0,8388604,8388604,0,0,68,0,11566160,419108,26088,1846632,2523200,1846632,676568,15184,65188,0,0,0,0,41230184,15001836,34359738367,87500,0,83280,0,0,0,0,0,0,0,0,0,0,0,2048,0,1493776,27707392,38797312
1777068002.001301,1301,ubuntu-rog,1,0,0,65683160,27689072,51705120,283944,22642252,0,13350208,21140984,11565852,25264,1784356,21115720,0,0,8388604,8388604,0,0,60,16,11566160,419108,26088,1846632,2523200,1846632,676568,15184,65188,0,0,0,0,41230184,15001836,34359738367,87500,0,83280,0,0,0,0,0,0,0,0,0,0,0,2048,0,1493776,27707392,38797312
1777068003.001061,1061,ubuntu-rog,1,0,0,65683160,27689072,51705120,283944,22642252,0,13350208,21140984,11565852,25264,1784356,21115720,0,0,8388604,8388604,0,0,60,0,11566160,419108,26088,1846632,2523200,1846632,676568,15184,65188,0,0,0,0,41230184,15001836,34359738367,87500,0,83280,0,0,0,0,0,0,0,0,0,0,0,2048,0,1493776,27707392,38797312
1777068004.001064,1064,ubuntu-rog,1,0,0,65683160,27689072,51705120,283944,22642256,0,13350208,21140984,11565852,25264,1784356,21115720,0,0,8388604,8388604,0,0,64,0,11566160,419108,26088,1846632,2523200,1846632,676568,15184,65188,0,0,0,0,41230184,15001836,34359738367,87500,0,83280,0,0,0,0,0,0,0,0,0,0,0,2048,0,1493776,27707392,38797312
1777068005.002288,2288,ubuntu-rog,1,0,0,65683160,27689072,51705120,283944,22642256,0,13350208,21140984,11565852,25264,1784356,21115720,0,0,8388604,8388604,0,0,64,0,11566160,419108,26088,1846632,2523200,1846632,676568,15184,65188,0,0,0,0,41230184,15001836,34359738367,87500,0,83280,0,0,0,0,0,0,0,0,0,0,0,2048,0,1493776,27707392,38797312
1777068006.001199,1199,ubuntu-rog,1,0,0,65683160,27689072,51705120,283944,22642260,0,13350208,21140984,11565852,25264,1784356,21115720,0,0,8388604,8388604,0,0,68,0,11566160,419108,26088,1846632,2523200,1846632,676568,15184,65188,0,0,0,0,41230184,15001836,34359738367,87500,0,83280,0,0,0,0,0,0,0,0,0,0,0,2048,0,1493776,27707392,38797312
1777068007.001298,1298,ubuntu-rog,1,0,0,65683160,27689072,51705120,283952,22642256,0,13350208,21140984,11565852,25264,1784356,21115720,0,0,8388604,8388604,0,0,76,0,11566160,419108,26088,1846632,2523200,1846632,676568,15184,65188,0,0,0,0,41230184,15001836,34359738367,87500,0,83280,0,0,0,0,0,0,0,0,0,0,0,2048,0,1493776,27707392,38797312
1777068008.001060,1060,ubuntu-rog,1,0,0,65683160,27687460,51703600,283960,22642256,0,13350544,21141076,11566188,25264,1784356,21115812,0,0,8388604,8388604,0,0,80,0,11566184,419244,26088,1846632,2523200,1846632,676568,15216,65284,0,0,0,0,41230184,15001836,34359738367,87516,0,83280,0,0,0,0,0,0,0,0,0,0,0,2048,0,1493776,27707392,38797312
1777068009.002061,2061,ubuntu-rog,1,0,0,65683160,27687588,51703744,283960,22642272,0,13350384,21141092,11566028,25264,1784356,21115828,0,0,8388604,8388604,0,0,320,0,11566160,419124,26088,1846632,2523200,1846632,676568,15216,65188,0,0,0,0,41230184,15001836,34359738367,87516,0,83280,0,0,0,0,0,0,0,0,0,0,0,2048,0,1493776,27707392,38797312
1777068010.001305,1305,ubuntu-rog,1,0,0,65683160,27687588,51703744,283960,22642276,0,13350384,21141092,11566028,25264,1784356,21115828,0,0,8388604,8388604,0,0,324,0,11566164,419124,26088,1846632,2523200,1846632,676568,15216,65188,0,0,0,0,41230184,15001836,34359738367,87516,0,83280,0,0,0,0,0,0,0,0,0,0,0,2048,0,1493776,27707392,38797312
1777068011.001198,1198,ubuntu-rog,1,0,0,65683160,27687588,51703744,283960,22642276,0,13350280,21141092,11565924,25264,1784356,21115828,0,0,8388604,8388604,0,0,324,0,11565996,419124,26088,1846632,2523200,1846632,676568,15216,65188,0,0,0,0,41230184,15001668,34359738367,87516,0,83280,0,0,0,0,0,0,0,0,0,0,0,2048,0,1493776,27707392,38797312
1777068012.001297,1297,ubuntu-rog,1,0,0,65683160,27687588,51703744,283960,22642276,0,13350284,21141092,11565928,25264,1784356,21115828,0,0,8388604,8388604,0,0,288,0,11565996,419124,26088,1846632,2523204,1846632,676572,15216,65188,0,0,0,0,41230184,15001668,34359738367,87516,0,83280,0,0,0,0,0,0,0,0,0,0,0,2048,0,1493776,27707392,38797312
1777068013.002056,2056,ubuntu-rog,1,0,0,65683160,27687588,51703744,283960,22642280,0,13350284,21141092,11565928,25264,1784356,21115828,0,0,8388604,8388604,0,0,292,0,11565996,419124,26088,1846632,2523204,1846632,676572,15216,65188,0,0,0,0,41230184,15001668,34359738367,87516,0,83280,0,0,0,0,0,0,0,0,0,0,0,2048,0,1493776,27707392,38797312
1777068014.001068,1068,ubuntu-rog,1,0,0,65683160,27687588,51703744,283968,22642272,0,13350284,21141092,11565928,25264,1784356,21115828,0,0,8388604,8388604,0,0,292,0,11565996,419124,26088,1846632,2523204,1846632,676572,15216,65188,0,0,0,0,41230184,15001668,34359738367,87516,0,83280,0,0,0,0,0,0,0,0,0,0,0,2048,0,1493776,27707392,38797312
1777068015.001305,1305,ubuntu-rog,1,0,0,65683160,27687588,51703744,283968,22642284,0,13350284,21141092,11565928,25264,1784356,21115828,0,0,8388604,8388604,0,0,320,0,11565996,419124,26088,1846632,2523204,1846632,676572,15216,65188,0,0,0,0,41230184,15001668,34359738367,87516,0,83280,0,0,0,0,0,0,0,0,0,0,0,2048,0,1493776,27707392,38797312
1777068016.001199,1199,ubuntu-rog,1,0,0,65683160,27687588,51703744,283968,22642288,0,13350284,21141092,11565928,25264,1784356,21115828,0,0,8388604,8388604,0,0,324,0,11565996,419124,26088,1846632,2523204,1846632,676572,15216,65188,0,0,0,0,41230184,15001668,34359738367,87516,0,83280,0,0,0,0,0,0,0,0,0,0,0,2048,0,1493776,27707392,38797312
1777068017.002292,2292,ubuntu-rog,1,0,0,65683160,27687588,51703744,283968,22642288,0,13350284,21141092,11565928,25264,1784356,21115828,0,0,8388604,8388604,0,0,324,0,11565996,419124,26088,1846632,2523204,1846632,676572,15216,65188,0,0,0,0,41230184,15001668,34359738367,87516,0,83280,0,0,0,0,0,0,0,0,0,0,0,2048,0,1493776,27707392,38797312
1777068018.001058,1058,ubuntu-rog,1,0,0,65683160,27687588,51703752,283968,22642288,0,13350284,21141100,11565928,25264,1784356,21115836,0,0,8388604,8388604,0,0,284,0,11565996,419124,26088,1846632,2523204,1846632,676572,15216,65188,0,0,0,0,41230184,15001668,34359738367,87516,0,83280,0,0,0,0,0,0,0,0,0,0,0,2048,0,1493776,27707392,38797312
1777068019.001060,1060,ubuntu-rog,1,0,0,65683160,27687588,51703752,283980,22642280,0,13350284,21141100,11565928,25264,1784356,21115836,0,0,8388604,8388604,0,0,288,0,11565996,419124,26088,1846632,2523208,1846632,676576,15216,65188,0,0,0,0,41230184,15001668,34359738367,87516,0,83280,0,0,0,0,0,0,0,0,0,0,0,2048,0,1493776,27707392,38797312
1777068020.001286,1286,ubuntu-rog,1,0,0,65683160,27687588,51703752,283980,22642296,0,13350284,21141100,11565928,25264,1784356,21115836,0,0,8388604,8388604,0,0,316,0,11565996,419124,26088,1846632,2523204,1846632,676572,15216,65188,0,0,0,0,41230184,15001668,34359738367,87516,0,83280,0,0,0,0,0,0,0,0,0,0,0,2048,0,1493776,27707392,38797312
1777068021.002205,2205,ubuntu-rog,1,0,0,65683160,27687588,51703752,283980,22642300,0,13350284,21141100,11565928,25264,1784356,21115836,0,0,8388604,8388604,0,0,320,0,11565996,419124,26088,1846632,2523204,1846632,676572,15216,65188,0,0,0,0,41230184,15001668,34359738367,87516,0,83280,0,0,0,0,0,0,0,0,0,0,0,2048,0,1493776,27707392,38797312
1777068022.001304,1304,ubuntu-rog,1,0,0,65683160,27687588,51703752,283980,22642300,0,13350284,21141100,11565928,25264,1784356,21115836,0,0,8388604,8388604,0,0,320,0,11565996,419124,26088,1846632,2523204,1846632,676572,15216,65188,0,0,0,0,41230184,15001668,34359738367,87516,0,83280,0,0,0,0,0,0,0,0,0,0,0,2048,0,1493776,27707392,38797312
1777068023.001064,1064,ubuntu-rog,1,0,0,65683160,27687588,51703752,283980,22642304,0,13350284,21141100,11565928,25264,1784356,21115836,0,0,8388604,8388604,0,0,324,0,11565996,419124,26088,1846632,2523204,1846632,676572,15216,65188,0,0,0,0,41230184,15001668,34359738367,87516,0,83280,0,0,0,0,0,0,0,0,0,0,0,2048,0,1493776,27707392,38797312
1777068024.001062,1062,ubuntu-rog,1,0,0,65683160,27687588,51703752,283980,22642304,0,13350284,21141100,11565928,25264,1784356,21115836,0,0,8388604,8388604,0,0,324,0,11565996,419124,26088,1846632,2523204,1846632,676572,15216,65188,0,0,0,0,41230184,15001668,34359738367,87516,0,83280,0,0,0,0,0,0,0,0,0,0,0,2048,0,1493776,27707392,38797312
1777068025.002293,2293,ubuntu-rog,1,0,0,65683160,27687588,51703752,283988,22642296,0,13350284,21141100,11565928,25264,1784356,21115836,0,0,8388604,8388604,0,0,324,0,11565996,419124,26088,1846632,2523204,1846632,676572,15216,65188,0,0,0,0,41230184,15001668,34359738367,87516,0,83280,0,0,0,0,0,0,0,0,0,0,0,2048,0,1493776,27707392,38797312
1777068026.001202,1202,ubuntu-rog,1,0,0,65683160,27687588,51703752,283988,22642308,0,13350284,21141100,11565928,25264,1784356,21115836,0,0,8388604,8388604,0,0,328,0,11565996,419124,26088,1846632,2523204,1846632,676572,15216,65188,0,0,0,0,41230184,15001668,34359738367,87516,0,83280,0,0,0,0,0,0,0,0,0,0,0,2048,0,1493776,27707392,38797312
1777068027.001301,1301,ubuntu-rog,1,0,0,65683160,27687588,51703752,283988,22642312,0,13350284,21141100,11565928,25264,1784356,21115836,0,0,8388604,8388604,0,0,332,0,11565996,419124,26088,1846632,2523204,1846632,676572,15216,65188,0,0,0,0,41230184,15001668,34359738367,87516,0,83280,0,0,0,0,0,0,0,0,0,0,0,2048,0,1493776,27707392,38797312
1777068028.001063,1063,ubuntu-rog,1,0,0,65683160,27687588,51703752,283988,22642312,0,13350284,21141100,11565928,25264,1784356,21115836,0,0,8388604,8388604,0,0,304,0,11565996,419124,26088,1846632,2523204,1846632,676572,15216,65188,0,0,0,0,41230184,15001668,34359738367,87516,0,83280,0,0,0,0,0,0,0,0,0,0,0,2048,0,1493776,27707392,38797312
1777068029.002063,2063,ubuntu-rog,1,0,0,65683160,27687588,51703752,283988,22642312,0,13350284,21141100,11565928,25264,1784356,21115836,0,0,8388604,8388604,0,0,304,0,11565996,419124,26088,1846632,2523204,1846632,676572,15216,65188,0,0,0,0,41230184,15001668,34359738367,87516,0,83280,0,0,0,0,0,0,0,0,0,0,0,2048,0,1493776,27707392,38797312
1777068030.001294,1294,ubuntu-rog,1,0,0,65683160,27687588,51703752,284000,22642304,0,13350284,21141100,11565928,25264,1784356,21115836,0,0,8388604,8388604,0,0,308,0,11565996,419124,26088,1846632,2523204,1846632,676572,15216,65188,0,0,0,0,41230184,15001668,34359738367,87516,0,83280,0,0,0,0,0,0,0,0,0,0,0,2048,0,1493776,27707392,38797312
1777068031.001201,1201,ubuntu-rog,1,0,0,65683160,27687588,51703752,284000,22642320,0,13350284,21141100,11565928,25264,1784356,21115836,0,0,8388604,8388604,0,0,312,0,11565996,419124,26088,1846632,2523204,1846632,676572,15216,65188,0,0,0,0,41230184,15001668,34359738367,87516,0,83280,0,0,0,0,0,0,0,0,0,0,0,2048,0,1493776,27707392,38797312
1777068032.001299,1299,ubuntu-rog,1,0,0,65683160,27687588,51703752,284000,22642324,0,13350284,21141100,11565928,25264,1784356,21115836,0,0,8388604,8388604,0,0,320,0,11565996,419124,26088,1846632,2523204,1846632,676572,15216,65188,0,0,0,0,41230184,15001668,34359738367,87516,0,83280,0,0,0,0,0,0,0,0,0,0,0,2048,0,1493776,27707392,38797312
1777068033.002068,2068,ubuntu-rog,1,0,0,65683160,27687588,51703752,284000,22642324,0,13350284,21141100,11565928,25264,1784356,21115836,0,0,8388604,8388604,0,0,100,0,11565996,419124,26088,1846632,2523204,1846632,676572,15216,65188,0,0,0,0,41230184,15001668,34359738367,87516,0,83280,0,0,0,0,0,0,0,0,0,0,0,2048,0,1493776,27707392,38797312
1777068034.001066,1066,ubuntu-rog,1,0,0,65683160,27687588,51703752,284000,22642328,0,13350284,21141100,11565928,25264,1784356,21115836,0,0,8388604,8388604,0,0,104,0,11565996,419124,26088,1846632,2523204,1846632,676572,15216,65188,0,0,0,0,41230184,15001668,34359738367,87516,0,83280,0,0,0,0,0,0,0,0,0,0,0,2048,0,1493776,27707392,38797312
1777068035.001292,1292,ubuntu-rog,1,0,0,65683160,27687588,51703752,284000,22642328,0,13350284,21141100,11565928,25264,1784356,21115836,0,0,8388604,8388604,0,0,104,0,11565996,419124,26088,1846632,2523204,1846632,676572,15216,65188,0,0,0,0,41230184,15001668,34359738367,87516,0,83280,0,0,0,0,0,0,0,0,0,0,0,2048,0,1493776,27707392,38797312
1777068036.001203,1203,ubuntu-rog,1,0,0,65683160,27687588,51703752,284008,22642320,0,13350284,21141100,11565928,25264,1784356,21115836,0,0,8388604,8388604,0,0,104,0,11565996,419124,26088,1846632,2523204,1846632,676572,15216,65188,0,0,0,0,41230184,15001668,34359738367,87516,0,83280,0,0,0,0,0,0,0,0,0,0,0,2048,0,1493776,27707392,38797312
1777068037.002296,2296,ubuntu-rog,1,0,0,65683160,27687588,51703816,284008,22642336,0,13350300,21141164,11565944,25264,1784356,21115900,0,0,8388604,8388604,0,0,116,0,11566016,419124,26088,1846632,2523204,1846632,676572,15216,65188,0,0,0,0,41230184,15001668,34359738367,87516,0,83280,0,0,0,0,0,0,0,0,0,0,0,2048,0,1493776,27707392,38797312
1777068038.001066,1066,ubuntu-rog,1,0,0,65683160,27687588,51703848,284008,22642336,0,13350300,21141196,11565944,25264,1784356,21115932,0,0,8388604,8388604,0,0,100,0,11566016,419124,26088,1846632,2523204,1846632,676572,15216,65188,0,0,0,0,41230184,15001668,34359738367,87516,0,83280,0,0,0,0,0,0,0,0,0,0,0,2048,0,1493776,27707392,38797312
1777068039.001063,1063,ubuntu-rog,1,0,0,65683160,27687588,51703848,284008,22642336,0,13350352,21141196,11565996,25264,1784356,21115932,0,0,8388604,8388604,0,0,88,0,11566016,419124,26088,1846632,2523204,1846632,676572,15216,65188,0,0,0,0,41230184,15001668,34359738367,87516,0,83280,0,0,0,0,0,0,0,0,0,0,0,2048,0,1493776,27707392,38797312
1777068040.001305,1305,ubuntu-rog,1,0,0,65683160,27687588,51703896,284064,22642340,0,13350440,21141244,11566084,25264,1784356,21115980,0,0,8388604,8388604,0,0,172,0,11566016,419124,26088,1846632,2523204,1846632,676572,15200,65188,0,0,0,0,41230184,15001668,34359738367,87516,0,83280,0,0,0,0,0,0,0,0,0,0,0,2048,0,1493776,27707392,38797312
1777068041.002197,2197,ubuntu-rog,1,0,0,65683160,27687588,51703896,284064,22642340,0,13350440,21141244,11566084,25264,1784356,21115980,0,0,8388604,8388604,0,0,172,0,11566016,419124,26088,1846632,2523204,1846632,676572,15200,65188,0,0,0,0,41230184,15001668,34359738367,87516,0,83280,0,0,0,0,0,0,0,0,0,0,0,2048,0,1493776,27707392,38797312
1777068042.001300,1300,ubuntu-rog,1,0,0,65683160,27687588,51703896,284072,22642340,0,13350440,21141244,11566084,25264,1784356,21115980,0,0,8388604,8388604,0,0,248,0,11566016,419124,26088,1846632,2523204,1846632,676572,15200,65188,0,0,0,0,41230184,15001668,34359738367,87516,0,83280,0,0,0,0,0,0,0,0,0,0,0,2048,0,1493776,27707392,38797312
1777068043.001062,1062,ubuntu-rog,1,0,0,65683160,27687588,51703896,284072,22642348,0,13350440,21141244,11566084,25264,1784356,21115980,0,0,8388604,8388604,0,0,260,0,11566016,419124,26088,1846632,2523204,1846632,676572,15200,65188,0,0,0,0,41230184,15001668,34359738367,87516,0,83280,0,0,0,0,0,0,0,0,0,0,0,2048,0,1493776,27707392,38797312
1777068044.001058,1058,ubuntu-rog,1,0,0,65683160,27687588,51703896,284072,22642352,0,13350440,21141244,11566084,25264,1784356,21115980,0,0,8388604,8388604,0,0,264,0,11566016,419124,26088,1846632,2523204,1846632,676572,15200,65188,0,0,0,0,41230184,15001668,34359738367,87516,0,83280,0,0,0,0,0,0,0,0,0,0,0,2048,0,1493776,27707392,38797312
1777068045.002293,2293,ubuntu-rog,1,0,0,65683160,27687588,51703896,284072,22642352,0,13350440,21141244,11566084,25264,1784356,21115980,0,0,8388604,8388604,0,0,264,0,11566016,419124,26088,1846632,2523204,1846632,676572,15200,65188,0,0,0,0,41230184,15001668,34359738367,87516,0,83280,0,0,0,0,0,0,0,0,0,0,0,2048,0,1493776,27707392,38797312
1777068046.001214,1214,ubuntu-rog,1,0,0,65683160,27671024,51687332,284072,22642352,0,13377508,21141244,11593152,25264,1784356,21115980,0,0,8388604,8388604,0,0,132,0,11596316,419124,26088,1846632,2523204,1846632,676572,15200,65188,0,0,0,0,41230184,15070592,34359738367,87516,0,83280,0,0,0,0,0,0,0,0,0,0,0,2048,0,1493776,27707392,38797312
1777068047.001311,1311,ubuntu-rog,1,0,0,65683160,27131160,51147536,284080,22642352,0,13826908,21141312,12042552,25264,1784356,21116048,0,0,8388604,8388604,0,0,136,0,12046852,419124,26088,1846632,2523204,1846632,676572,15200,65732,0,0,0,0,41230184,15484120,34359738367,87516,0,83280,0,0,0,0,0,0,0,0,0,0,0,2048,0,1493776,27707392,38797312
1777068048.001069,1069,ubuntu-rog,1,0,0,65683160,27650700,51667088,284080,22642360,0,13347740,21141324,11563384,25264,1784356,21116060,0,0,8388604,8388604,0,0,156,0,11563432,419124,26088,1846632,2523204,1846632,676572,15200,65324,0,0,0,0,41230184,15001652,34359738367,87516,0,83280,0,0,0,0,0,0,0,0,0,0,0,2048,0,1493776,27707392,38797312
1777068049.002059,2059,ubuntu-rog,1,0,0,65683160,27647840,51664228,284080,22642360,0,13350352,21141324,11565996,25264,1784356,21116060,0,0,8388604,8388604,0,0,116,0,11566000,419124,26088,1846632,2523204,1846632,676572,15200,65192,0,0,0,0,41230184,15001652,34359738367,87516,0,83280,0,0,0,0,0,0,0,0,0,0,0,2048,0,1493776,27707392,38797312
1777068050.001307,1307,ubuntu-rog,1,0,0,65683160,27650264,51666652,284080,22642360,0,13350352,21141324,11565996,25264,1784356,21116060,0,0,8388604,8388604,0,0,116,0,11566000,419124,26088,1846632,2523204,1846632,676572,15200,65192,0,0,0,0,41230184,15001652,34359738367,87516,0,83280,0,0,0,0,0,0,0,0,0,0,0,2048,0,1493776,27707392,38797312
1777068051.001206,1206,ubuntu-rog,1,0,0,65683160,27658200,51674588,284080,22642364,0,13350352,21141324,11565996,25264,1784356,21116060,0,0,8388604,8388604,0,0,124,0,11566000,419124,26088,1846632,2523204,1846632,676572,15200,65192,0,0,0,0,41230184,15001652,34359738367,87516,0,83280,0,0,0,0,0,0,0,0,0,0,0,2048,0,1493776,27707392,38797312
1777068052.001304,1304,ubuntu-rog,1,0,0,65683160,27658200,51674588,284092,22642352,0,13350352,21141324,11565996,25264,1784356,21116060,0,0,8388604,8388604,0,0,124,0,11566000,419124,26088,1846632,2523204,1846632,676572,15200,65192,0,0,0,0,41230184,15001652,34359738367,87516,0,83280,0,0,0,0,0,0,0,0,0,0,0,2048,0,1493776,27707392,38797312
1777068053.002057,2057,ubuntu-rog,1,0,0,65683160,27658200,51674588,284092,22642364,0,13350352,21141324,11565996,25264,1784356,21116060,0,0,8388604,8388604,0,0,140,0,11566000,419124,26088,1846632,2523204,1846632,676572,15200,65192,0,0,0,0,41230184,15001652,34359738367,87516,0,83280,0,0,0,0,0,0,0,0,0,0,0,2048,0,1493776,27707392,38797312
1777068054.001063,1063,ubuntu-rog,1,0,0,65683160,27658200,51674588,284092,22642372,0,13350352,21141324,11565996,25264,1784356,21116060,0,0,8388604,8388604,0,0,148,0,11566000,419124,26088,1846632,2523204,1846632,676572,15200,65192,0,0,0,0,41230184,15001652,34359738367,87516,0,83280,0,0,0,0,0,0,0,0,0,0,0,2048,0,1493776,27707392,38797312
1777068055.001305,1305,ubuntu-rog,1,0,0,65683160,27658604,51674992,284092,22642376,0,13350352,21141324,11565996,25264,1784356,21116060,0,0,8388604,8388604,0,0,152,0,11566000,419124,26088,1846632,2523204,1846632,676572,15200,65192,0,0,0,0,41230184,15001652,34359738367,87516,0,83280,0,0,0,0,0,0,0,0,0,0,0,2048,0,1493776,27707392,38797312
1777068056.001205,1205,ubuntu-rog,1,0,0,65683160,27659736,51676124,284092,22642376,0,13350352,21141324,11565996,25264,1784356,21116060,0,0,8388604,8388604,0,0,152,0,11566000,419124,26088,1846632,2523204,1846632,676572,15200,65192,0,0,0,0,41230184,15001652,34359738367,87516,0,83280,0,0,0,0,0,0,0,0,0,0,0,2048,0,1493776,27707392,38797312
1777068057.002301,2301,ubuntu-rog,1,0,0,65683160,27660896,51677284,284092,22642376,0,13350352,21141324,11565996,25264,1784356,21116060,0,0,8388604,8388604,0,0,152,0,11566000,419124,26088,1846632,2523204,1846632,676572,15200,65192,0,0,0,0,41230184,15001652,34359738367,87516,0,83280,0,0,0,0,0,0,0,0,0,0,0,2048,0,1493776,27707392,38797312
1777068058.001064,1064,ubuntu-rog,1,0,0,65683160,27661508,51677896,284100,22642372,0,13350352,21141324,11565996,25264,1784356,21116060,0,0,8388604,8388604,0,0,156,0,11566000,419124,26088,1846632,2523204,1846632,676572,15200,65192,0,0,0,0,41230184,15001652,34359738367,87516,0,83280,0,0,0,0,0,0,0,0,0,0,0,2048,0,1493776,27707392,38797312
1777068059.001062,1062,ubuntu-rog,1,0,0,65683160,27661724,51678112,284100,22642384,0,13350392,21141324,11566036,25264,1784356,21116060,0,0,8388604,8388604,0,0,140,0,11566000,419124,26088,1846632,2523204,1846632,676572,15200,65192,0,0,0,0,41230184,15001652,34359738367,87516,0,83280,0,0,0,0,0,0,0,0,0,0,0,2048,0,1493776,27707392,38797312
1777068060.001312,1312,ubuntu-rog,1,0,0,65683160,27661500,51677888,284100,22642384,0,13350392,21141324,11566036,25264,1784356,21116060,0,0,8388604,8388604,0,0,140,0,11566000,419124,26088,1846632,2523204,1846632,676572,15200,65192,0,0,0,0,41230184,15001652,34359738367,87516,0,83280,0,0,0,0,0,0,0,0,0,0,0,2048,0,1493776,27707392,38797312
1777068061.002203,2203,ubuntu-rog,1,0,0,65683160,27661500,51677888,284100,22642388,0,13350392,21141324,11566036,25264,1784356,21116060,0,0,8388604,8388604,0,0,144,0,11566000,419124,26088,1846632,2523204,1846632,676572,15200,65192,0,0,0,0,41230184,15001652,34359738367,87516,0,83280,0,0,0,0,0,0,0,0,0,0,0,2048,0,1493776,27707392,38797312
1777068062.001304,1304,ubuntu-rog,1,0,0,65683160,27661500,51677888,284100,22642388,0,13350392,21141324,11566036,25264,1784356,21116060,0,0,8388604,8388604,0,0,144,0,11566000,419124,26088,1846632,2523204,1846632,676572,15200,65192,0,0,0,0,41230184,15001652,34359738367,87516,0,83280,0,0,0,0,0,0,0,0,0,0,0,2048,0,1493776,27707392,38797312
1777068063.001059,1059,ubuntu-rog,1,0,0,65683160,27661500,51677888,284112,22642376,0,13350392,21141324,11566036,25264,1784356,21116060,0,0,8388604,8388604,0,0,144,0,11566000,419124,26088,1846632,2523204,1846632,676572,15200,65192,0,0,0,0,41230184,15001652,34359738367,87516,0,83280,0,0,0,0,0,0,0,0,0,0,0,2048,0,1493776,27707392,38797312
1777068064.001060,1060,ubuntu-rog,1,0,0,65683160,27661500,51677888,284112,22642388,0,13350392,21141324,11566036,25264,1784356,21116060,0,0,8388604,8388604,0,0,144,0,11566000,419124,26088,1846632,2523204,1846632,676572,15200,65192,0,0,0,0,41230184,15001652,34359738367,87516,0,83280,0,0,0,0,0,0,0,0,0,0,0,2048,0,1493776,27707392,38797312
1777068065.002298,2298,ubuntu-rog,1,0,0,65683160,27663576,51679964,284112,22642396,0,13350392,21141324,11566036,25264,1784356,21116060,0,0,8388604,8388604,0,0,152,0,11566000,419124,26088,1846632,2523204,1846632,676572,15200,65192,0,0,0,0,41230184,15001652,34359738367,87516,0,83280,0,0,0,0,0,0,0,0,0,0,0,2048,0,1493776,27707392,38797312
1777068066.001203,1203,ubuntu-rog,1,0,0,65683160,27668500,51684888,284112,22642396,0,13350392,21141324,11566036,25264,1784356,21116060,0,0,8388604,8388604,0,0,152,0,11566000,419124,26088,1846632,2523204,1846632,676572,15200,65192,0,0,0,0,41230184,15001652,34359738367,87516,0,83280,0,0,0,0,0,0,0,0,0,0,0,2048,0,1493776,27707392,38797312
1777068067.001302,1302,ubuntu-rog,1,0,0,65683160,27671380,51687808,284112,22642400,0,13350476,21141364,11566120,25264,1784356,21116100,0,0,8388604,8388604,0,0,156,0,11566000,419124,26088,1846632,2523204,1846632,676572,15200,65192,0,0,0,0,41230184,15001652,34359738367,87516,0,83280,0,0,0,0,0,0,0,0,0,0,0,2048,0,1493776,27707392,38797312
1777068068.001060,1060,ubuntu-rog,1,0,0,65683160,27672076,51688504,284112,22642404,0,13350476,21141364,11566120,25264,1784356,21116100,0,0,8388604,8388604,0,0,160,0,11566000,419124,26088,1846632,2523204,1846632,676572,15200,65192,0,0,0,0,41230184,15001652,34359738367,87516,0,83280,0,0,0,0,0,0,0,0,0,0,0,2048,0,1493776,27707392,38797312
1777068069.002056,2056,ubuntu-rog,1,0,0,65683160,27672256,51688684,284120,22642396,0,13350476,21141364,11566120,25264,1784356,21116100,0,0,8388604,8388604,0,0,160,0,11566000,419124,26088,1846632,2523204,1846632,676572,15200,65192,0,0,0,0,41230184,15001652,34359738367,87516,0,83280,0,0,0,0,0,0,0,0,0,0,0,2048,0,1493776,27707392,38797312
1777068070.001301,1301,ubuntu-rog,1,0,0,65683160,27672256,51688684,284120,22642408,0,13350476,21141364,11566120,25264,1784356,21116100,0,0,8388604,8388604,0,0,164,0,11566000,419124,26088,1846632,2523204,1846632,676572,15200,65192,0,0,0,0,41230184,15001652,34359738367,87516,0,83280,0,0,0,0,0,0,0,0,0,0,0,2048,0,1493776,27707392,38797312
1777068071.001200,1200,ubuntu-rog,1,0,0,65683160,27672256,51688684,284120,22642408,0,13350476,21141364,11566120,25264,1784356,21116100,0,0,8388604,8388604,0,0,164,0,11566000,419124,26088,1846632,2523204,1846632,676572,15200,65192,0,0,0,0,41230184,15001652,34359738367,87516,0,83280,0,0,0,0,0,0,0,0,0,0,0,2048,0,1493776,27707392,38797312
1777068072.001302,1302,ubuntu-rog,1,0,0,65683160,27672256,51688684,284120,22642412,0,13350476,21141364,11566120,25264,1784356,21116100,0,0,8388604,8388604,0,0,168,0,11566000,419124,26088,1846632,2523204,1846632,676572,15200,65192,0,0,0,0,41230184,15001652,34359738367,87516,0,83280,0,0,0,0,0,0,0,0,0,0,0,2048,0,1493776,27707392,38797312
1777068073.002055,2055,ubuntu-rog,1,0,0,65683160,27672256,51688684,284120,22642412,0,13350500,21141364,11566144,25264,1784356,21116100,0,0,8388604,8388604,0,0,96,0,11566000,419124,26088,1846632,2523204,1846632,676572,15200,65192,0,0,0,0,41230184,15001652,34359738367,87516,0,83280,0,0,0,0,0,0,0,0,0,0,0,2048,0,1493776,27707392,38797312
1777068074.001062,1062,ubuntu-rog,1,0,0,65683160,27672256,51688684,284128,22642404,0,13350500,21141364,11566144,25264,1784356,21116100,0,0,8388604,8388604,0,0,80,0,11566000,419124,26088,1846632,2523204,1846632,676572,15200,65192,0,0,0,0,41230184,15001652,34359738367,87516,0,83280,0,0,0,0,0,0,0,0,0,0,0,2048,0,1493776,27707392,38797312
1777068075.001303,1303,ubuntu-rog,1,0,0,65683160,27672256,51688684,284128,22642416,0,13350500,21141364,11566144,25264,1784356,21116100,0,0,8388604,8388604,0,0,88,0,11566000,419124,26088,1846632,2523204,1846632,676572,15200,65192,0,0,0,0,41230184,15001652,34359738367,87516,0,83280,0,0,0,0,0,0,0,0,0,0,0,2048,0,1493776,27707392,38797312
1777068076.001204,1204,ubuntu-rog,1,0,0,65683160,27672256,51688684,284128,22642420,0,13350500,21141364,11566144,25264,1784356,21116100,0,0,8388604,8388604,0,0,92,0,11566000,419124,26088,1846632,2523204,1846632,676572,15200,65192,0,0,0,0,41230184,15001652,34359738367,87516,0,83280,0,0,0,0,0,0,0,0,0,0,0,2048,0,1493776,27707392,38797312
1777068077.002297,2297,ubuntu-rog,1,0,0,65683160,27672256,51688684,284128,22642420,0,13350500,21141364,11566144,25264,1784356,21116100,0,0,8388604,8388604,0,0,92,0,11566000,419124,26088,1846632,2523204,1846632,676572,15200,65192,0,0,0,0,41230184,15001652,34359738367,87516,0,83280,0,0,0,0,0,0,0,0,0,0,0,2048,0,1493776,27707392,38797312
1777068078.001059,1059,ubuntu-rog,1,0,0,65683160,27672256,51688684,284128,22642424,0,13350500,21141364,11566144,25264,1784356,21116100,0,0,8388604,8388604,0,0,60,0,11566000,419124,26088,1846632,2523204,1846632,676572,15200,65192,0,0,0,0,41230184,15001652,34359738367,87516,0,83280,0,0,0,0,0,0,0,0,0,0,0,2048,0,1493776,27707392,38797312
1777068079.001061,1061,ubuntu-rog,1,0,0,65683160,27672256,51688684,284128,22642424,0,13350500,21141364,11566144,25264,1784356,21116100,0,0,8388604,8388604,0,0,20,0,11566000,419124,26088,1846632,2523204,1846632,676572,15200,65192,0,0,0,0,41230184,15001652,34359738367,87516,0,83280,0,0,0,0,0,0,0,0,0,0,0,2048,0,1493776,27707392,38797312
1777068080.001304,1304,ubuntu-rog,1,0,0,65683160,27672256,51688684,284140,22642416,0,13350500,21141364,11566144,25264,1784356,21116100,0,0,8388604,8388604,0,0,28,0,11566000,419124,26088,1846632,2523204,1846632,676572,15200,65192,0,0,0,0,41230184,15001652,34359738367,87516,0,83280,0,0,0,0,0,0,0,0,0,0,0,2048,0,1493776,27707392,38797312
1777068081.002198,2198,ubuntu-rog,1,0,0,65683160,27672256,51688684,284140,22642432,0,13350500,21141364,11566144,25264,1784356,21116100,0,0,8388604,8388604,0,0,56,0,11566000,419124,26088,1846632,2523204,1846632,676572,15200,65192,0,0,0,0,41230184,15001652,34359738367,87516,0,83280,0,0,0,0,0,0,0,0,0,0,0,2048,0,1493776,27707392,38797312
1777068082.001303,1303,ubuntu-rog,1,0,0,65683160,27672256,51688684,284140,22642436,0,13350500,21141364,11566144,25264,1784356,21116100,0,0,8388604,8388604,0,0,64,0,11566000,419124,26088,1846632,2523204,1846632,676572,15200,65192,0,0,0,0,41230184,15001652,34359738367,87516,0,83280,0,0,0,0,0,0,0,0,0,0,0,2048,0,1493776,27707392,38797312
1777068083.001059,1059,ubuntu-rog,1,0,0,65683160,27672256,51688684,284140,22642436,0,13350500,21141364,11566144,25264,1784356,21116100,0,0,8388604,8388604,0,0,64,0,11566000,419124,26088,1846632,2523204,1846632,676572,15200,65192,0,0,0,0,41230184,15001652,34359738367,87516,0,83280,0,0,0,0,0,0,0,0,0,0,0,2048,0,1493776,27707392,38797312
1777068084.001062,1062,ubuntu-rog,1,0,0,65683160,27672256,51688684,284140,22642436,0,13350500,21141364,11566144,25264,1784356,21116100,0,0,8388604,8388604,0,0,64,0,11566000,419124,26088,1846632,2523204,1846632,676572,15200,65192,0,0,0,0,41230184,15001652,34359738367,87516,0,83280,0,0,0,0,0,0,0,0,0,0,0,2048,0,1493776,27707392,38797312
1777068085.002299,2299,ubuntu-rog,1,0,0,65683160,27672256,51688684,284140,22642440,0,13350500,21141364,11566144,25264,1784356,21116100,0,0,8388604,8388604,0,0,68,0,11566000,419124,26088,1846632,2523204,1846632,676572,15200,65192,0,0,0,0,41230184,15001652,34359738367,87516,0,83280,0,0,0,0,0,0,0,0,0,0,0,2048,0,1493776,27707392,38797312
1777068086.001203,1203,ubuntu-rog,1,0,0,65683160,27672256,51688684,284148,22642440,0,13350500,21141364,11566144,25264,1784356,21116100,0,0,8388604,8388604,0,0,72,0,11566000,419124,26088,1846632,2523204,1846632,676572,15200,65192,0,0,0,0,41230184,15001652,34359738367,87516,0,83280,0,0,0,0,0,0,0,0,0,0,0,2048,0,1493776,27707392,38797312
1777068087.001300,1300,ubuntu-rog,1,0,0,65683160,27672256,51688684,284148,22642444,0,13350500,21141364,11566144,25264,1784356,21116100,0,0,8388604,8388604,0,0,76,0,11566000,419124,26088,1846632,2523204,1846632,676572,15200,65192,0,0,0,0,41230184,15001652,34359738367,87516,0,83280,0,0,0,0,0,0,0,0,0,0,0,2048,0,1493776,27707392,38797312
1777068088.001060,1060,ubuntu-rog,1,0,0,65683160,27672256,51688684,284148,22642444,0,13350500,21141364,11566144,25264,1784356,21116100,0,0,8388604,8388604,0,0,76,0,11566000,419124,26088,1846632,2523204,1846632,676572,15200,65192,0,0,0,0,41230184,15001652,34359738367,87516,0,83280,0,0,0,0,0,0,0,0,0,0,0,2048,0,1493776,27707392,38797312
1777068089.002057,2057,ubuntu-rog,1,0,0,65683160,27672256,51688684,284148,22642448,0,13350500,21141364,11566144,25264,1784356,21116100,0,0,8388604,8388604,0,0,80,0,11566000,419124,26088,1846632,2523204,1846632,676572,15200,65192,0,0,0,0,41230184,15001652,34359738367,87516,0,83280,0,0,0,0,0,0,0,0,0,0,0,2048,0,1493776,27707392,38797312
1777068090.001301,1301,ubuntu-rog,1,0,0,65683160,27672256,51688684,284148,22642448,0,13350500,21141364,11566144,25264,1784356,21116100,0,0,8388604,8388604,0,0,52,0,11566000,419124,26088,1846632,2523204,1846632,676572,15200,65192,0,0,0,0,41230184,15001652,34359738367,87516,0,83280,0,0,0,0,0,0,0,0,0,0,0,2048,0,1493776,27707392,38797312
1777068091.001200,1200,ubuntu-rog,1,0,0,65683160,27672256,51688684,284160,22642436,0,13350500,21141364,11566144,25264,1784356,21116100,0,0,8388604,8388604,0,0,52,0,11566000,419124,26088,1846632,2523204,1846632,676572,15200,65192,0,0,0,0,41230184,15001652,34359738367,87516,0,83280,0,0,0,0,0,0,0,0,0,0,0,2048,0,1493776,27707392,38797312
1777068092.001299,1299,ubuntu-rog,1,0,0,65683160,27672256,51688684,284160,22642460,0,13350500,21141364,11566144,25264,1784356,21116100,0,0,8388604,8388604,0,0,68,0,11566000,419124,26088,1846632,2523204,1846632,676572,15200,65192,0,0,0,0,41230184,15001652,34359738367,87516,0,83280,0,0,0,0,0,0,0,0,0,0,0,2048,0,1493776,27707392,38797312
1777068093.002057,2057,ubuntu-rog,1,0,0,65683160,27672256,51688684,284160,22642460,0,13350500,21141364,11566144,25264,1784356,21116100,0,0,8388604,8388604,0,0,68,0,11566000,419124,26088,1846632,2523204,1846632,676572,15200,65192,0,0,0,0,41230184,15001652,34359738367,87516,0,83280,0,0,0,0,0,0,0,0,0,0,0,2048,0,1493776,27707392,38797312
1777068094.001069,1069,ubuntu-rog,1,0,0,65683160,27672256,51688684,284160,22642460,0,13350500,21141364,11566144,25264,1784356,21116100,0,0,8388604,8388604,0,0,68,0,11566000,419124,26088,1846632,2523204,1846632,676572,15200,65192,0,0,0,0,41230184,15001652,34359738367,87516,0,83280,0,0,0,0,0,0,0,0,0,0,0,2048,0,1493776,27707392,38797312
1777068095.001302,1302,ubuntu-rog,1,0,0,65683160,27672256,51688684,284160,22642460,0,13350500,21141364,11566144,25264,1784356,21116100,0,0,8388604,8388604,0,0,68,0,11566000,419124,26088,1846632,2523204,1846632,676572,15200,65192,0,0,0,0,41230184,15001652,34359738367,87516,0,83280,0,0,0,0,0,0,0,0,0,0,0,2048,0,1493776,27707392,38797312
1777068096.001201,1201,ubuntu-rog,1,0,0,65683160,27672256,51688684,284160,22642464,0,13350500,21141364,11566144,25264,1784356,21116100,0,0,8388604,8388604,0,0,72,0,11566000,419124,26088,1846632,2523204,1846632,676572,15200,65192,0,0,0,0,41230184,15001652,34359738367,87516,0,83280,0,0,0,0,0,0,0,0,0,0,0,2048,0,1493776,27707392,38797312
1777068097.002293,2293,ubuntu-rog,1,0,0,65683160,27672256,51688684,284168,22642456,0,13350500,21141364,11566144,25264,1784356,21116100,0,0,8388604,8388604,0,0,72,0,11566000,419124,26088,1846632,2523204,1846632,676572,15200,65192,0,0,0,0,41230184,15001652,34359738367,87516,0,83280,0,0,0,0,0,0,0,0,0,0,0,2048,0,1493776,27707392,38797312
1777068098.001062,1062,ubuntu-rog,1,0,0,65683160,27672256,51688684,284168,22642468,0,13350500,21141364,11566144,25264,1784356,21116100,0,0,8388604,8388604,0,0,76,0,11566000,419124,26088,1846632,2523204,1846632,676572,15200,65192,0,0,0,0,41230184,15001652,34359738367,87516,0,83280,0,0,0,0,0,0,0,0,0,0,0,2048,0,1493776,27707392,38797312
1777068099.001059,1059,ubuntu-rog,1,0,0,65683160,27672256,51688684,284168,22642472,0,13350500,21141364,11566144,25264,1784356,21116100,0,0,8388604,8388604,0,0,80,0,11566000,419124,26088,1846632,2523204,1846632,676572,15200,65192,0,0,0,0,41230184,15001652,34359738367,87516,0,83280,0,0,0,0,0,0,0,0,0,0,0,2048,0,1493776,27707392,38797312
1777068100.001301,1301,ubuntu-rog,1,0,0,65683160,27672256,51688684,284168,22642472,0,13350500,21141364,11566144,25264,1784356,21116100,0,0,8388604,8388604,0,0,80,0,11566000,419124,26088,1846632,2523204,1846632,676572,15200,65192,0,0,0,0,41230184,15001652,34359738367,87516,0,83280,0,0,0,0,0,0,0,0,0,0,0,2048,0,1493776,27707392,38797312
1777068101.002197,2197,ubuntu-rog,1,0,0,65683160,27672256,51688684,284168,22642472,0,13350500,21141364,11566144,25264,1784356,21116100,0,0,8388604,8388604,0,0,80,0,11566000,419124,26088,1846632,2523204,1846632,676572,15200,65192,0,0,0,0,41230184,15001652,34359738367,87516,0,83280,0,0,0,0,0,0,0,0,0,0,0,2048,0,1493776,27707392,38797312
1777068102.001298,1298,ubuntu-rog,1,0,0,65683160,27672256,51688684,284176,22642464,0,13350500,21141364,11566144,25264,1784356,21116100,0,0,8388604,8388604,0,0,80,0,11566000,419124,26088,1846632,2523204,1846632,676572,15200,65192,0,0,0,0,41230184,15001652,34359738367,87516,0,83280,0,0,0,0,0,0,0,0,0,0,0,2048,0,1493776,27707392,38797312
1777068103.001061,1061,ubuntu-rog,1,0,0,65683160,27672256,51688788,284176,22642480,0,13350520,21141468,11566164,25264,1784356,21116204,0,0,8388604,8388604,0,0,88,0,11566000,419124,26088,1846632,2523204,1846632,676572,15200,65192,0,0,0,0,41230184,15001652,34359738367,87516,0,83280,0,0,0,0,0,0,0,0,0,0,0,2048,0,1493776,27707392,38797312
1777068104.001060,1060,ubuntu-rog,1,0,0,65683160,27672256,51688788,284176,22642484,0,13350520,21141468,11566164,25264,1784356,21116204,0,0,8388604,8388604,0,0,92,0,11566000,419124,26088,1846632,2523204,1846632,676572,15200,65192,0,0,0,0,41230184,15001652,34359738367,87516,0,83280,0,0,0,0,0,0,0,0,0,0,0,2048,0,1493776,27707392,38797312
1777068105.002288,2288,ubuntu-rog,1,0,0,65683160,27672256,51688788,284176,22642484,0,13350520,21141468,11566164,25264,1784356,21116204,0,0,8388604,8388604,0,0,92,0,11566000,419124,26088,1846632,2523204,1846632,676572,15200,65192,0,0,0,0,41230184,15001652,34359738367,87516,0,83280,0,0,0,0,0,0,0,0,0,0,0,2048,0,1493776,27707392,38797312
1777068106.001231,1231,ubuntu-rog,1,0,0,65683160,27672256,51688788,284176,22642488,0,13350520,21141468,11566164,25264,1784356,21116204,0,0,8388604,8388604,0,0,96,0,11566000,419124,26088,1846632,2523204,1846632,676572,15200,65192,0,0,0,0,41230184,15001652,34359738367,87516,0,83280,0,0,0,0,0,0,0,0,0,0,0,2048,0,1493776,27707392,38797312
1777068107.001305,1305,ubuntu-rog,1,0,0,65683160,27672508,51689040,284176,22642488,0,13350520,21141468,11566164,25264,1784356,21116204,0,0,8388604,8388604,0,0,96,0,11566000,419124,26088,1846632,2523204,1846632,676572,15200,65192,0,0,0,0,41230184,15001652,34359738367,87516,0,83280,0,0,0,0,0,0,0,0,0,0,0,2048,0,1493776,27707392,38797312
1777068108.001063,1063,ubuntu-rog,1,0,0,65683160,27672508,51689040,284184,22642488,0,13350520,21141468,11566164,25264,1784356,21116204,0,0,8388604,8388604,0,0,96,0,11566000,419124,26088,1846632,2523204,1846632,676572,15200,65192,0,0,0,0,41230184,15001652,34359738367,87516,0,83280,0,0,0,0,0,0,0,0,0,0,0,2048,0,1493776,27707392,38797312
1777068109.002060,2060,ubuntu-rog,1,0,0,65683160,27672256,51688840,284184,22642492,0,13350644,21141520,11566288,25264,1784356,21116256,0,0,8388604,8388604,0,0,100,0,11566192,419124,26088,1846632,2523220,1846632,676588,15200,65192,0,0,0,0,41230184,15001824,34359738367,87516,0,83280,0,0,0,0,0,0,0,0,0,0,0,2048,0,1493776,27707392,38797312
1777068110.001303,1303,ubuntu-rog,1,0,0,65683160,27672388,51688972,284184,22642496,0,13350648,21141520,11566292,25264,1784356,21116256,0,0,8388604,8388604,0,0,56,0,11566192,419124,26088,1846632,2523220,1846632,676588,15200,65192,0,0,0,0,41230184,15001824,34359738367,87516,0,83280,0,0,0,0,0,0,0,0,0,0,0,2048,0,1493776,27707392,38797312
1777068111.001203,1203,ubuntu-rog,1,0,0,65683160,27672388,51688972,284184,22642496,0,13350648,21141520,11566292,25264,1784356,21116256,0,0,8388604,8388604,0,0,56,0,11566192,419124,26088,1846632,2523220,1846632,676588,15200,65192,0,0,0,0,41230184,15001824,34359738367,87516,0,83280,0,0,0,0,0,0,0,0,0,0,0,2048,0,1493776,27707392,38797312
1777068112.001294,1294,ubuntu-rog,1,0,0,65683160,27672388,51688976,284184,22642496,0,13350652,21141524,11566296,25264,1784356,21116260,0,0,8388604,8388604,0,0,28,0,11566192,419124,26088,1846632,2523220,1846632,676588,15200,65192,0,0,0,0,41230184,15001824,34359738367,87516,0,83280,0,0,0,0,0,0,0,0,0,0,0,2048,0,1493776,27707392,38797312
1777068113.002064,2064,ubuntu-rog,1,0,0,65683160,27672388,51688976,284196,22642488,0,13350652,21141524,11566296,25264,1784356,21116260,0,0,8388604,8388604,0,0,32,0,11566192,419124,26088,1846632,2523220,1846632,676588,15200,65192,0,0,0,0,41230184,15001824,34359738367,87516,0,83280,0,0,0,0,0,0,0,0,0,0,0,2048,0,1493776,27707392,38797312
1777068114.001064,1064,ubuntu-rog,1,0,0,65683160,27672388,51688976,284196,22642504,0,13350652,21141524,11566296,25264,1784356,21116260,0,0,8388604,8388604,0,0,64,0,11566192,419124,26088,1846632,2523220,1846632,676588,15200,65192,0,0,0,0,41230184,15001824,34359738367,87516,0,83280,0,0,0,0,0,0,0,0,0,0,0,2048,0,1493776,27707392,38797312
1777068115.001299,1299,ubuntu-rog,1,0,0,65683160,27672388,51688976,284196,22642504,0,13350652,21141524,11566296,25264,1784356,21116260,0,0,8388604,8388604,0,0,64,0,11566192,419124,26088,1846632,2523220,1846632,676588,15200,65192,0,0,0,0,41230184,15001824,34359738367,87516,0,83280,0,0,0,0,0,0,0,0,0,0,0,2048,0,1493776,27707392,38797312
1777068116.001205,1205,ubuntu-rog,1,0,0,65683160,27672388,51688976,284196,22642512,0,13350652,21141524,11566296,25264,1784356,21116260,0,0,8388604,8388604,0,0,76,0,11566192,419124,26088,1846632,2523220,1846632,676588,15200,65192,0,0,0,0,41230184,15001824,34359738367,87516,0,83280,0,0,0,0,0,0,0,0,0,0,0,2048,0,1493776,27707392,38797312
1777068117.002301,2301,ubuntu-rog,1,0,0,65683160,27672388,51688976,284196,22642512,0,13350652,21141524,11566296,25264,1784356,21116260,0,0,8388604,8388604,0,0,76,0,11566192,419124,26088,1846632,2523220,1846632,676588,15200,65192,0,0,0,0,41230184,15001824,34359738367,87516,0,83280,0,0,0,0,0,0,0,0,0,0,0,2048,0,1493776,27707392,38797312
1777068118.001065,1065,ubuntu-rog,1,0,0,65683160,27672388,51688976,284196,22642512,0,13350652,21141524,11566296,25264,1784356,21116260,0,0,8388604,8388604,0,0,76,0,11566192,419124,26088,1846632,2523220,1846632,676588,15200,65192,0,0,0,0,41230184,15001824,34359738367,87516,0,83280,0,0,0,0,0,0,0,0,0,0,0,2048,0,1493776,27707392,38797312
1777068119.001066,1066,ubuntu-rog,1,0,0,65683160,27672640,51689228,284204,22642508,0,13350624,21141524,11566268,25264,1784356,21116260,0,0,8388604,8388604,0,0,76,0,11566176,419124,26088,1846632,2523220,1846632,676588,15200,65192,0,0,0,0,41230184,15001824,34359738367,87516,0,83280,0,0,0,0,0,0,0,0,0,0,0,2048,0,1493776,27707392,38797312
1777068120.001299,1299,ubuntu-rog,1,0,0,65683160,27672640,51689228,284204,22642520,0,13350624,21141524,11566268,25264,1784356,21116260,0,0,8388604,8388604,0,0,56,0,11566176,419124,26088,1846632,2523220,1846632,676588,15200,65192,0,0,0,0,41230184,15001824,34359738367,87516,0,83280,0,0,0,0,0,0,0,0,0,0,0,2048,0,1493776,27707392,38797312
1777068121.002195,2195,ubuntu-rog,1,0,0,65683160,27672640,51689228,284204,22642520,0,13350624,21141524,11566268,25264,1784356,21116260,0,0,8388604,8388604,0,0,56,0,11566176,419124,26088,1846632,2523220,1846632,676588,15200,65192,0,0,0,0,41230184,15001824,34359738367,87516,0,83280,0,0,0,0,0,0,0,0,0,0,0,2048,0,1493776,27707392,38797312
1777068122.001297,1297,ubuntu-rog,1,0,0,65683160,27672640,51689228,284204,22642520,0,13350624,21141524,11566268,25264,1784356,21116260,0,0,8388604,8388604,0,0,56,0,11566176,419124,26088,1846632,2523220,1846632,676588,15200,65192,0,0,0,0,41230184,15001824,34359738367,87516,0,83280,0,0,0,0,0,0,0,0,0,0,0,2048,0,1493776,27707392,38797312
1777068123.001061,1061,ubuntu-rog,1,0,0,65683160,27672640,51689228,284204,22642524,0,13350624,21141524,11566268,25264,1784356,21116260,0,0,8388604,8388604,0,0,60,0,11566176,419124,26088,1846632,2523220,1846632,676588,15200,65192,0,0,0,0,41230184,15001824,34359738367,87516,0,83280,0,0,0,0,0,0,0,0,0,0,0,2048,0,1493776,27707392,38797312
1777068124.001059,1059,ubuntu-rog,1,0,0,65683160,27672640,51689228,284216,22642512,0,13350624,21141524,11566268,25264,1784356,21116260,0,0,8388604,8388604,0,0,60,0,11566176,419124,26088,1846632,2523220,1846632,676588,15200,65192,0,0,0,0,41230184,15001824,34359738367,87516,0,83280,0,0,0,0,0,0,0,0,0,0,0,2048,0,1493776,27707392,38797312
1777068125.002335,2335,ubuntu-rog,1,0,0,65683160,27672640,51689228,284216,22642528,0,13350624,21141524,11566268,25264,1784356,21116260,0,0,8388604,8388604,0,0,68,0,11566176,419124,26088,1846632,2523220,1846632,676588,15200,65192,0,0,0,0,41230184,15001824,34359738367,87516,0,83280,0,0,0,0,0,0,0,0,0,0,0,2048,0,1493776,27707392,38797312
1777068126.001205,1205,ubuntu-rog,1,0,0,65683160,27672640,51689228,284216,22642528,0,13350624,21141524,11566268,25264,1784356,21116260,0,0,8388604,8388604,0,0,68,0,11566180,419124,26088,1846632,2523220,1846632,676588,15200,65192,0,0,0,0,41230184,15001824,34359738367,87516,0,83280,0,0,0,0,0,0,0,0,0,0,0,2048,0,1493776,27707392,38797312
1777068127.001300,1300,ubuntu-rog,1,0,0,65683160,27672640,51689228,284216,22642532,0,13350624,21141524,11566268,25264,1784356,21116260,0,0,8388604,8388604,0,0,72,0,11566180,419124,26088,1846632,2523220,1846632,676588,15200,65192,0,0,0,0,41230184,15001824,34359738367,87516,0,83280,0,0,0,0,0,0,0,0,0,0,0,2048,0,1493776,27707392,38797312
1777068128.001062,1062,ubuntu-rog,1,0,0,65683160,27672640,51689308,284216,22642536,0,13350668,21141604,11566312,25264,1784356,21116340,0,0,8388604,8388604,0,0,76,0,11566180,419124,26088,1846632,2523220,1846632,676588,15200,65192,0,0,0,0,41230184,15001824,34359738367,87516,0,83280,0,0,0,0,0,0,0,0,0,0,0,2048,0,1493776,27707392,38797312
1777068129.002058,2058,ubuntu-rog,1,0,0,65683160,27672640,51689308,284216,22642536,0,13350668,21141604,11566312,25264,1784356,21116340,0,0,8388604,8388604,0,0,76,0,11566180,419124,26088,1846632,2523220,1846632,676588,15200,65192,0,0,0,0,41230184,15001824,34359738367,87516,0,83280,0,0,0,0,0,0,0,0,0,0,0,2048,0,1493776,27707392,38797312
1777068130.001296,1296,ubuntu-rog,1,0,0,65683160,27672640,51689308,284224,22642536,0,13350668,21141604,11566312,25264,1784356,21116340,0,0,8388604,8388604,0,0,80,0,11566180,419124,26088,1846632,2523220,1846632,676588,15200,65192,0,0,0,0,41230184,15001824,34359738367,87516,0,83280,0,0,0,0,0,0,0,0,0,0,0,2048,0,1493776,27707392,38797312
1777068131.001424,1424,ubuntu-rog,1,0,0,65683160,27672640,51689308,284224,22642544,0,13350552,21141604,11566196,25264,1784356,21116340,0,0,8388604,8388604,0,0,84,0,11566008,419124,26088,1846632,2523224,1846632,676592,15200,65192,0,0,0,0,41230184,15001652,34359738367,87516,0,83280,0,0,0,0,0,0,0,0,0,0,0,2048,0,1493776,27707392,38797312
1777068132.002296,2296,ubuntu-rog,1,0,0,65683160,27672640,51689308,284224,22642544,0,13350552,21141604,11566196,25264,1784356,21116340,0,0,8388604,8388604,0,0,84,0,11566008,419124,26088,1846632,2523224,1846632,676592,15200,65192,0,0,0,0,41230184,15001652,34359738367,87516,0,83280,0,0,0,0,0,0,0,0,0,0,0,2048,0,1493776,27707392,38797312
1777068133.001058,1058,ubuntu-rog,1,0,0,65683160,27672640,51689308,284224,22642544,0,13350552,21141604,11566196,25264,1784356,21116340,0,0,8388604,8388604,0,0,84,0,11566008,419124,26088,1846632,2523224,1846632,676592,15200,65192,0,0,0,0,41230184,15001652,34359738367,87516,0,83280,0,0,0,0,0,0,0,0,0,0,0,2048,0,1493776,27707392,38797312
1777068134.001060,1060,ubuntu-rog,1,0,0,65683160,27672640,51689308,284224,22642548,0,13350552,21141604,11566196,25264,1784356,21116340,0,0,8388604,8388604,0,0,88,0,11566008,419124,26088,1846632,2523224,1846632,676592,15200,65192,0,0,0,0,41230184,15001652,34359738367,87516,0,83280,0,0,0,0,0,0,0,0,0,0,0,2048,0,1493776,27707392,38797312
1777068135.001293,1293,ubuntu-rog,1,0,0,65683160,27672640,51689308,284232,22642540,0,13350552,21141604,11566196,25264,1784356,21116340,0,0,8388604,8388604,0,0,88,0,11566008,419124,26088,1846632,2523224,1846632,676592,15200,65192,0,0,0,0,41230184,15001652,34359738367,87516,0,83280,0,0,0,0,0,0,0,0,0,0,0,2048,0,1493776,27707392,38797312
1777068136.002196,2196,ubuntu-rog,1,0,0,65683160,27672640,51689308,284232,22642552,0,13350552,21141604,11566196,25264,1784356,21116340,0,0,8388604,8388604,0,0,92,0,11566008,419124,26088,1846632,2523224,1846632,676592,15200,65192,0,0,0,0,41230184,15001652,34359738367,87516,0,83280,0,0,0,0,0,0,0,0,0,0,0,2048,0,1493776,27707392,38797312
1777068137.001294,1294,ubuntu-rog,1,0,0,65683160,27672640,51689308,284232,22642556,0,13350552,21141604,11566196,25264,1784356,21116340,0,0,8388604,8388604,0,0,96,0,11566008,419124,26088,1846632,2523228,1846632,676596,15200,65192,0,0,0,0,41230184,15001652,34359738367,87516,0,83280,0,0,0,0,0,0,0,0,0,0,0,2048,0,1493776,27707392,38797312
1777068138.001065,1065,ubuntu-rog,1,0,0,65683160,27672640,51689308,284232,22642556,0,13350552,21141604,11566196,25264,1784356,21116340,0,0,8388604,8388604,0,0,96,0,11566008,419124,26088,1846632,2523228,1846632,676596,15200,65192,0,0,0,0,41230184,15001652,34359738367,87516,0,83280,0,0,0,0,0,0,0,0,0,0,0,2048,0,1493776,27707392,38797312
1777068139.001061,1061,ubuntu-rog,1,0,0,65683160,27672640,51689308,284232,22642556,0,13350552,21141604,11566196,25264,1784356,21116340,0,0,8388604,8388604,0,0,96,0,11566008,419124,26088,1846632,2523228,1846632,676596,15200,65192,0,0,0,0,41230184,15001652,34359738367,87516,0,83280,0,0,0,0,0,0,0,0,0,0,0,2048,0,1493776,27707392,38797312
1777068140.002295,2295,ubuntu-rog,1,0,0,65683160,27672640,51689308,284240,22642548,0,13350552,21141604,11566196,25264,1784356,21116340,0,0,8388604,8388604,0,0,96,0,11566008,419124,26088,1846632,2523228,1846632,676596,15200,65192,0,0,0,0,41230184,15001652,34359738367,87516,0,83280,0,0,0,0,0,0,0,0,0,0,0,2048,0,1493776,27707392,38797312
1777068141.001200,1200,ubuntu-rog,1,0,0,65683160,27672640,51689308,284240,22642564,0,13350552,21141604,11566196,25264,1784356,21116340,0,0,8388604,8388604,0,0,68,0,11566008,419124,26088,1846632,2523228,1846632,676596,15200,65192,0,0,0,0,41230184,15001652,34359738367,87516,0,83280,0,0,0,0,0,0,0,0,0,0,0,2048,0,1493776,27707392,38797312
1777068142.001293,1293,ubuntu-rog,1,0,0,65683160,27672640,51689308,284240,22642568,0,13350552,21141604,11566196,25264,1784356,21116340,0,0,8388604,8388604,0,0,72,0,11566008,419124,26088,1846632,2523228,1846632,676596,15200,65192,0,0,0,0,41230184,15001652,34359738367,87516,0,83280,0,0,0,0,0,0,0,0,0,0,0,2048,0,1493776,27707392,38797312
1777068143.001061,1061,ubuntu-rog,1,0,0,65683160,27672640,51689308,284240,22642568,0,13350552,21141604,11566196,25264,1784356,21116340,0,0,8388604,8388604,0,0,72,0,11566008,419124,26088,1846632,2523228,1846632,676596,15200,65192,0,0,0,0,41230184,15001652,34359738367,87516,0,83280,0,0,0,0,0,0,0,0,0,0,0,2048,0,1493776,27707392,38797312
1777068144.002090,2090,ubuntu-rog,1,0,0,65683160,27672640,51689324,284240,22642572,0,13350564,21141620,11566208,25264,1784356,21116356,0,0,8388604,8388604,0,0,48,0,11566008,419124,26088,1846632,2523228,1846632,676596,15200,65192,0,0,0,0,41230184,15001652,34359738367,87516,0,83280,0,0,0,0,0,0,0,0,0,0,0,2048,0,1493776,27707392,38797312
1777068145.001303,1303,ubuntu-rog,1,0,0,65683160,27672640,51689324,284240,22642572,0,13350564,21141620,11566208,25264,1784356,21116356,0,0,8388604,8388604,0,0,48,0,11566008,419124,26088,1846632,2523228,1846632,676596,15200,65192,0,0,0,0,41230184,15001652,34359738367,87516,0,83280,0,0,0,0,0,0,0,0,0,0,0,2048,0,1493776,27707392,38797312
1777068146.001201,1201,ubuntu-rog,1,0,0,65683160,27672640,51689324,284248,22642564,0,13350564,21141620,11566208,25264,1784356,21116356,0,0,8388604,8388604,0,0,48,0,11566008,419124,26088,1846632,2523228,1846632,676596,15200,65192,0,0,0,0,41230184,15001652,34359738367,87516,0,83280,0,0,0,0,0,0,0,0,0,0,0,2048,0,1493776,27707392,38797312
1777068147.001295,1295,ubuntu-rog,1,0,0,65683160,27672640,51689324,284248,22642576,0,13350564,21141620,11566208,25264,1784356,21116356,0,0,8388604,8388604,0,0,76,0,11566008,419124,26088,1846632,2523228,1846632,676596,15200,65192,0,0,0,0,41230184,15001652,34359738367,87516,0,83280,0,0,0,0,0,0,0,0,0,0,0,2048,0,1493776,27707392,38797312
1777068148.002058,2058,ubuntu-rog,1,0,0,65683160,27672640,51689324,284248,22642580,0,13350564,21141620,11566208,25264,1784356,21116356,0,0,8388604,8388604,0,0,80,0,11566008,419124,26088,1846632,2523228,1846632,676596,15200,65192,0,0,0,0,41230184,15001652,34359738367,87516,0,83280,0,0,0,0,0,0,0,0,0,0,0,2048,0,1493776,27707392,38797312
1777068149.001061,1061,ubuntu-rog,1,0,0,65683160,27672640,51689324,284248,22642580,0,13350564,21141620,11566208,25264,1784356,21116356,0,0,8388604,8388604,0,0,80,0,11566008,419124,26088,1846632,2523228,1846632,676596,15200,65192,0,0,0,0,41230184,15001652,34359738367,87516,0,83280,0,0,0,0,0,0,0,0,0,0,0,2048,0,1493776,27707392,38797312
1777068150.001309,1309,ubuntu-rog,1,0,0,65683160,27672640,51689324,284248,22642580,0,13350564,21141620,11566208,25264,1784356,21116356,0,0,8388604,8388604,0,0,80,0,11566008,419124,26088,1846632,2523232,1846632,676600,15200,65192,0,0,0,0,41230184,15001652,34359738367,87516,0,83280,0,0,0,0,0,0,0,0,0,0,0,2048,0,1493776,27707392,38797312
1777068151.001209,1209,ubuntu-rog,1,0,0,65683160,27672640,51689328,284264,22642572,0,13350564,21141624,11566208,25264,1784356,21116360,0,0,8388604,8388604,0,0,44,0,11566008,419124,26088,1846632,2523232,1846632,676600,15200,65192,0,0,0,0,41230184,15001652,34359738367,87516,0,83280,0,0,0,0,0,0,0,0,0,0,0,2048,0,1493776,27707392,38797312
1777068152.002293,2293,ubuntu-rog,1,0,0,65683160,27672640,51689328,284264,22642584,0,13350564,21141624,11566208,25264,1784356,21116360,0,0,8388604,8388604,0,0,48,0,11566008,419124,26088,1846632,2523232,1846632,676600,15200,65192,0,0,0,0,41230184,15001652,34359738367,87516,0,83280,0,0,0,0,0,0,0,0,0,0,0,2048,0,1493776,27707392,38797312
1777068153.001061,1061,ubuntu-rog,1,0,0,65683160,27672640,51689328,284264,22642592,0,13350564,21141624,11566208,25264,1784356,21116360,0,0,8388604,8388604,0,0,64,0,11566008,419124,26088,1846632,2523232,1846632,676600,15200,65192,0,0,0,0,41230184,15001652,34359738367,87516,0,83280,0,0,0,0,0,0,0,0,0,0,0,2048,0,1493776,27707392,38797312
1777068154.001062,1062,ubuntu-rog,1,0,0,65683160,27672640,51689328,284264,22642592,0,13350564,21141624,11566208,25264,1784356,21116360,0,0,8388604,8388604,0,0,64,0,11566008,419124,26088,1846632,2523232,1846632,676600,15200,65192,0,0,0,0,41230184,15001652,34359738367,87516,0,83280,0,0,0,0,0,0,0,0,0,0,0,2048,0,1493776,27707392,38797312
1777068155.001293,1293,ubuntu-rog,1,0,0,65683160,27672640,51689328,284264,22642596,0,13350564,21141624,11566208,25264,1784356,21116360,0,0,8388604,8388604,0,0,68,0,11566008,419124,26088,1846632,2523232,1846632,676600,15200,65192,0,0,0,0,41230184,15001652,34359738367,87516,0,83280,0,0,0,0,0,0,0,0,0,0,0,2048,0,1493776,27707392,38797312
1777068156.002192,2192,ubuntu-rog,1,0,0,65683160,27672640,51689328,284272,22642588,0,13350564,21141624,11566208,25264,1784356,21116360,0,0,8388604,8388604,0,0,68,0,11566008,419124,26088,1846632,2523232,1846632,676600,15200,65192,0,0,0,0,41230184,15001652,34359738367,87516,0,83280,0,0,0,0,0,0,0,0,0,0,0,2048,0,1493776,27707392,38797312
1777068157.001304,1304,ubuntu-rog,1,0,0,65683160,27672640,51689328,284272,22642596,0,13350564,21141624,11566208,25264,1784356,21116360,0,0,8388604,8388604,0,0,72,0,11566008,419124,26088,1846632,2523232,1846632,676600,15200,65192,0,0,0,0,41230184,15001652,34359738367,87516,0,83280,0,0,0,0,0,0,0,0,0,0,0,2048,0,1493776,27707392,38797312
1777068158.001065,1065,ubuntu-rog,1,0,0,65683160,27672640,51689328,284272,22642604,0,13350564,21141624,11566208,25264,1784356,21116360,0,0,8388604,8388604,0,0,80,0,11566008,419124,26088,1846632,2523232,1846632,676600,15200,65192,0,0,0,0,41230184,15001652,34359738367,87516,0,83280,0,0,0,0,0,0,0,0,0,0,0,2048,0,1493776,27707392,38797312
1777068159.001062,1062,ubuntu-rog,1,0,0,65683160,27672640,51689328,284272,22642604,0,13350564,21141624,11566208,25264,1784356,21116360,0,0,8388604,8388604,0,0,80,0,11566008,419124,26088,1846632,2523232,1846632,676600,15200,65192,0,0,0,0,41230184,15001652,34359738367,87516,0,83280,0,0,0,0,0,0,0,0,0,0,0,2048,0,1493776,27707392,38797312
1777068160.002292,2292,ubuntu-rog,1,0,0,65683160,27672640,51689328,284272,22642604,0,13350564,21141624,11566208,25264,1784356,21116360,0,0,8388604,8388604,0,0,80,0,11566008,419124,26088,1846632,2523232,1846632,676600,15200,65192,0,0,0,0,41230184,15001652,34359738367,87516,0,83280,0,0,0,0,0,0,0,0,0,0,0,2048,0,1493776,27707392,38797312
1777068161.001197,1197,ubuntu-rog,1,0,0,65683160,27672640,51689328,284280,22642600,0,13350564,21141624,11566208,25264,1784356,21116360,0,0,8388604,8388604,0,0,84,0,11566008,419124,26088,1846632,2523232,1846632,676600,15200,65192,0,0,0,0,41230184,15001652,34359738367,87516,0,83280,0,0,0,0,0,0,0,0,0,0,0,2048,0,1493776,27707392,38797312
1777068162.001299,1299,ubuntu-rog,1,0,0,65683160,27672640,51689328,284280,22642608,0,13350564,21141624,11566208,25264,1784356,21116360,0,0,8388604,8388604,0,0,84,0,11566008,419124,26088,1846632,2523232,1846632,676600,15200,65192,0,0,0,0,41230184,15001652,34359738367,87516,0,83280,0,0,0,0,0,0,0,0,0,0,0,2048,0,1493776,27707392,38797312
1777068163.001065,1065,ubuntu-rog,1,0,0,65683160,27672640,51689328,284280,22642608,0,13350564,21141624,11566208,25264,1784356,21116360,0,0,8388604,8388604,0,0,84,0,11566008,419124,26088,1846632,2523232,1846632,676600,15200,65192,0,0,0,0,41230184,15001652,34359738367,87516,0,83280,0,0,0,0,0,0,0,0,0,0,0,2048,0,1493776,27707392,38797312
1777068164.002060,2060,ubuntu-rog,1,0,0,65683160,27672640,51689328,284280,22642612,0,13350564,21141624,11566208,25264,1784356,21116360,0,0,8388604,8388604,0,0,88,0,11566008,419124,26088,1846632,2523232,1846632,676600,15200,65192,0,0,0,0,41230184,15001652,34359738367,87516,0,83280,0,0,0,0,0,0,0,0,0,0,0,2048,0,1493776,27707392,38797312
1777068165.001296,1296,ubuntu-rog,1,0,0,65683160,27672640,51689328,284280,22642620,0,13350564,21141624,11566208,25264,1784356,21116360,0,0,8388604,8388604,0,0,96,0,11566008,419124,26088,1846632,2523232,1846632,676600,15200,65192,0,0,0,0,41230184,15001652,34359738367,87516,0,83280,0,0,0,0,0,0,0,0,0,0,0,2048,0,1493776,27707392,38797312
1777068166.001198,1198,ubuntu-rog,1,0,0,65683160,27672640,51689328,284288,22642612,0,13350564,21141624,11566208,25264,1784356,21116360,0,0,8388604,8388604,0,0,96,0,11566008,419124,26088,1846632,2523232,1846632,676600,15200,65192,0,0,0,0,41230184,15001652,34359738367,87516,0,83280,0,0,0,0,0,0,0,0,0,0,0,2048,0,1493776,27707392,38797312
1777068167.001289,1289,ubuntu-rog,1,0,0,65683160,27672640,51689328,284288,22642620,0,13350564,21141624,11566208,25264,1784356,21116360,0,0,8388604,8388604,0,0,96,0,11566008,419124,26088,1846632,2523232,1846632,676600,15200,65192,0,0,0,0,41230184,15001652,34359738367,87516,0,83280,0,0,0,0,0,0,0,0,0,0,0,2048,0,1493776,27707392,38797312
1777068168.002056,2056,ubuntu-rog,1,0,0,65683160,27672640,51689328,284288,22642624,0,13350564,21141624,11566208,25264,1784356,21116360,0,0,8388604,8388604,0,0,100,0,11566008,419124,26088,1846632,2523232,1846632,676600,15200,65192,0,0,0,0,41230184,15001652,34359738367,87516,0,83280,0,0,0,0,0,0,0,0,0,0,0,2048,0,1493776,27707392,38797312
1777068169.001066,1066,ubuntu-rog,1,0,0,65683160,27672640,51689328,284288,22642628,0,13350564,21141624,11566208,25264,1784356,21116360,0,0,8388604,8388604,0,0,104,0,11566008,419124,26088,1846632,2523232,1846632,676600,15200,65192,0,0,0,0,41230184,15001652,34359738367,87516,0,83280,0,0,0,0,0,0,0,0,0,0,0,2048,0,1493776,27707392,38797312
1777068170.001300,1300,ubuntu-rog,1,0,0,65683160,27672640,51689328,284288,22642628,0,13350564,21141624,11566208,25264,1784356,21116360,0,0,8388604,8388604,0,0,104,0,11566008,419124,26088,1846632,2523232,1846632,676600,15200,65192,0,0,0,0,41230184,15001652,34359738367,87516,0,83280,0,0,0,0,0,0,0,0,0,0,0,2048,0,1493776,27707392,38797312
1777068171.001200,1200,ubuntu-rog,1,0,0,65683160,27672640,51689364,284296,22642620,0,13350564,21141660,11566208,25264,1784356,21116396,0,0,8388604,8388604,0,0,64,0,11566008,419124,26088,1846632,2523232,1846632,676600,15200,65192,0,0,0,0,41230184,15001652,34359738367,87516,0,83280,0,0,0,0,0,0,0,0,0,0,0,2048,0,1493776,27707392,38797312
1777068172.002294,2294,ubuntu-rog,1,0,0,65683160,27672640,51689364,284296,22642632,0,13350564,21141660,11566208,25264,1784356,21116396,0,0,8388604,8388604,0,0,76,0,11566008,419124,26088,1846632,2523232,1846632,676600,15200,65192,0,0,0,0,41230184,15001652,34359738367,87516,0,83280,0,0,0,0,0,0,0,0,0,0,0,2048,0,1493776,27707392,38797312
1777068173.001064,1064,ubuntu-rog,1,0,0,65683160,27672640,51689364,284296,22642632,0,13350564,21141660,11566208,25264,1784356,21116396,0,0,8388604,8388604,0,0,76,0,11566008,419124,26088,1846632,2523232,1846632,676600,15200,65192,0,0,0,0,41230184,15001652,34359738367,87516,0,83280,0,0,0,0,0,0,0,0,0,0,0,2048,0,1493776,27707392,38797312
1777068174.001063,1063,ubuntu-rog,1,0,0,65683160,27672640,51689364,284296,22642632,0,13350564,21141660,11566208,25264,1784356,21116396,0,0,8388604,8388604,0,0,76,0,11566008,419124,26088,1846632,2523232,1846632,676600,15200,65192,0,0,0,0,41230184,15001652,34359738367,87516,0,83280,0,0,0,0,0,0,0,0,0,0,0,2048,0,1493776,27707392,38797312
1777068175.001284,1284,ubuntu-rog,1,0,0,65683160,27672388,51689112,284296,22642640,0,13350564,21141660,11566208,25264,1784356,21116396,0,0,8388604,8388604,0,0,84,0,11566008,419124,26088,1846632,2523232,1846632,676600,15200,65192,0,0,0,0,41230184,15001652,34359738367,87516,0,83280,0,0,0,0,0,0,0,0,0,0,0,2048,0,1493776,27707392,38797312
1777068176.002203,2203,ubuntu-rog,1,0,0,65683160,27672388,51689112,284296,22642640,0,13350564,21141660,11566208,25264,1784356,21116396,0,0,8388604,8388604,0,0,84,0,11566008,419124,26088,1846632,2523232,1846632,676600,15200,65192,0,0,0,0,41230184,15001652,34359738367,87516,0,83280,0,0,0,0,0,0,0,0,0,0,0,2048,0,1493776,27707392,38797312
1777068177.001300,1300,ubuntu-rog,1,0,0,65683160,27672388,51689112,284304,22642636,0,13350564,21141660,11566208,25264,1784356,21116396,0,0,8388604,8388604,0,0,88,0,11566008,419124,26088,1846632,2523232,1846632,676600,15200,65192,0,0,0,0,41230184,15001652,34359738367,87516,0,83280,0,0,0,0,0,0,0,0,0,0,0,2048,0,1493776,27707392,38797312
1777068178.001060,1060,ubuntu-rog,1,0,0,65683160,27672388,51689112,284304,22642644,0,13350564,21141660,11566208,25264,1784356,21116396,0,0,8388604,8388604,0,0,60,0,11566008,419124,26088,1846632,2523232,1846632,676600,15200,65192,0,0,0,0,41230184,15001652,34359738367,87516,0,83280,0,0,0,0,0,0,0,0,0,0,0,2048,0,1493776,27707392,38797312
1777068179.001060,1060,ubuntu-rog,1,0,0,65683160,27672388,51689236,284304,22642648,0,13350564,21141784,11566208,25264,1784356,21116520,0,0,8388604,8388604,0,0,64,0,11566008,419124,26088,1846632,2523232,1846632,676600,15200,65192,0,0,0,0,41230184,15001652,34359738367,87516,0,83280,0,0,0,0,0,0,0,0,0,0,0,2048,0,1493776,27707392,38797312
1777068180.002287,2287,ubuntu-rog,1,0,0,65683160,27672388,51689236,284304,22642652,0,13350564,21141784,11566208,25264,1784356,21116520,0,0,8388604,8388604,0,0,68,0,11566008,419124,26088,1846632,2523232,1846632,676600,15200,65192,0,0,0,0,41230184,15001652,34359738367,87516,0,83280,0,0,0,0,0,0,0,0,0,0,0,2048,0,1493776,27707392,38797312
1777068181.001200,1200,ubuntu-rog,1,0,0,65683160,27672388,51689236,284304,22642652,0,13350564,21141784,11566208,25264,1784356,21116520,0,0,8388604,8388604,0,0,68,0,11566008,419124,26088,1846632,2523232,1846632,676600,15200,65192,0,0,0,0,41230184,15001652,34359738367,87516,0,83280,0,0,0,0,0,0,0,0,0,0,0,2048,0,1493776,27707392,38797312
1777068182.001308,1308,ubuntu-rog,1,0,0,65683160,27672388,51689236,284316,22642656,0,13350564,21141784,11566208,25264,1784356,21116520,0,0,8388604,8388604,0,0,64,0,11566008,419124,26088,1846632,2523232,1846632,676600,15200,65192,0,0,0,0,41230184,15001652,34359738367,87516,0,83280,0,0,0,0,0,0,0,0,0,0,0,2048,0,1493776,27707392,38797312
1777068183.001064,1064,ubuntu-rog,1,0,0,65683160,27672388,51689236,284316,22642656,0,13350564,21141784,11566208,25264,1784356,21116520,0,0,8388604,8388604,0,0,64,0,11566008,419124,26088,1846632,2523232,1846632,676600,15200,65192,0,0,0,0,41230184,15001652,34359738367,87516,0,83280,0,0,0,0,0,0,0,0,0,0,0,2048,0,1493776,27707392,38797312
1777068184.002056,2056,ubuntu-rog,1,0,0,65683160,27672388,51689236,284316,22642656,0,13350564,21141784,11566208,25264,1784356,21116520,0,0,8388604,8388604,0,0,64,0,11566008,419124,26088,1846632,2523232,1846632,676600,15200,65192,0,0,0,0,41230184,15001652,34359738367,87516,0,83280,0,0,0,0,0,0,0,0,0,0,0,2048,0,1493776,27707392,38797312
1777068185.001296,1296,ubuntu-rog,1,0,0,65683160,27672388,51689236,284316,22642656,0,13350564,21141784,11566208,25264,1784356,21116520,0,0,8388604,8388604,0,0,64,0,11566008,419124,26088,1846632,2523232,1846632,676600,15200,65192,0,0,0,0,41230184,15001652,34359738367,87516,0,83280,0,0,0,0,0,0,0,0,0,0,0,2048,0,1493776,27707392,38797312
1777068186.001198,1198,ubuntu-rog,1,0,0,65683160,27672388,51689236,284316,22642664,0,13350564,21141784,11566208,25264,1784356,21116520,0,0,8388604,8388604,0,0,76,0,11566028,419124,26088,1846632,2523232,1846632,676600,15200,65192,0,0,0,0,41230184,15001652,34359738367,87516,0,83280,0,0,0,0,0,0,0,0,0,0,0,2048,0,1493776,27707392,38797312
1777068187.001292,1292,ubuntu-rog,1,0,0,65683160,27672388,51689236,284324,22642656,0,13350564,21141784,11566208,25264,1784356,21116520,0,0,8388604,8388604,0,0,60,0,11566028,419124,26088,1846632,2523232,1846632,676600,15200,65192,0,0,0,0,41230184,15001652,34359738367,87516,0,83280,0,0,0,0,0,0,0,0,0,0,0,2048,0,1493776,27707392,38797312
1777068188.002067,2067,ubuntu-rog,1,0,0,65683160,27672388,51689236,284324,22642664,0,13350564,21141784,11566208,25264,1784356,21116520,0,0,8388604,8388604,0,0,64,0,11566028,419124,26088,1846632,2523232,1846632,676600,15200,65192,0,0,0,0,41230184,15001652,34359738367,87516,0,83280,0,0,0,0,0,0,0,0,0,0,0,2048,0,1493776,27707392,38797312
1777068189.001063,1063,ubuntu-rog,1,0,0,65683160,27672388,51689236,284324,22642672,0,13350564,21141784,11566208,25264,1784356,21116520,0,0,8388604,8388604,0,0,76,0,11566028,419124,26088,1846632,2523232,1846632,676600,15200,65192,0,0,0,0,41230184,15001652,34359738367,87516,0,83280,0,0,0,0,0,0,0,0,0,0,0,2048,0,1493776,27707392,38797312
1777068190.001297,1297,ubuntu-rog,1,0,0,65683160,27672388,51689236,284324,22642672,0,13350564,21141784,11566208,25264,1784356,21116520,0,0,8388604,8388604,0,0,76,0,11566028,419124,26088,1846632,2523232,1846632,676600,15200,65192,0,0,0,0,41230184,15001652,34359738367,87516,0,83280,0,0,0,0,0,0,0,0,0,0,0,2048,0,1493776,27707392,38797312
1777068191.001206,1206,ubuntu-rog,1,0,0,65683160,27672388,51689236,284324,22642676,0,13350564,21141784,11566208,25264,1784356,21116520,0,0,8388604,8388604,0,0,80,0,11566028,419124,26088,1846632,2523232,1846632,676600,15200,65192,0,0,0,0,41230184,15001652,34359738367,87516,0,83280,0,0,0,0,0,0,0,0,0,0,0,2048,0,1493776,27707392,38797312
1777068192.002295,2295,ubuntu-rog,1,0,0,65683160,27672388,51689236,284324,22642676,0,13350564,21141784,11566208,25264,1784356,21116520,0,0,8388604,8388604,0,0,80,0,11566028,419124,26088,1846632,2523232,1846632,676600,15200,65192,0,0,0,0,41230184,15001652,34359738367,87516,0,83280,0,0,0,0,0,0,0,0,0,0,0,2048,0,1493776,27707392,38797312
1777068193.001061,1061,ubuntu-rog,1,0,0,65683160,27672388,51689236,284332,22642672,0,13350564,21141784,11566208,25264,1784356,21116520,0,0,8388604,8388604,0,0,84,0,11566028,419124,26088,1846632,2523232,1846632,676600,15200,65192,0,0,0,0,41230184,15001652,34359738367,87516,0,83280,0,0,0,0,0,0,0,0,0,0,0,2048,0,1493776,27707392,38797312
1777068194.001058,1058,ubuntu-rog,1,0,0,65683160,27672388,51689236,284332,22642680,0,13350564,21141784,11566208,25264,1784356,21116520,0,0,8388604,8388604,0,0,84,0,11566028,419124,26088,1846632,2523232,1846632,676600,15200,65192,0,0,0,0,41230184,15001652,34359738367,87516,0,83280,0,0,0,0,0,0,0,0,0,0,0,2048,0,1493776,27707392,38797312
1777068195.001296,1296,ubuntu-rog,1,0,0,65683160,27672388,51689236,284332,22642680,0,13350564,21141784,11566208,25264,1784356,21116520,0,0,8388604,8388604,0,0,84,0,11566028,419124,26088,1846632,2523232,1846632,676600,15200,65192,0,0,0,0,41230184,15001652,34359738367,87516,0,83280,0,0,0,0,0,0,0,0,0,0,0,2048,0,1493776,27707392,38797312
1777068196.002199,2199,ubuntu-rog,1,0,0,65683160,27672388,51689236,284332,22642684,0,13350564,21141784,11566208,25264,1784356,21116520,0,0,8388604,8388604,0,0,88,0,11566028,419124,26088,1846632,2523232,1846632,676600,15200,65192,0,0,0,0,41230184,15001652,34359738367,87516,0,83280,0,0,0,0,0,0,0,0,0,0,0,2048,0,1493776,27707392,38797312
1777068197.001299,1299,ubuntu-rog,1,0,0,65683160,27672388,51689236,284332,22642688,0,13350564,21141784,11566208,25264,1784356,21116520,0,0,8388604,8388604,0,0,92,0,11566028,419124,26088,1846632,2523232,1846632,676600,15200,65192,0,0,0,0,41230184,15001652,34359738367,87516,0,83280,0,0,0,0,0,0,0,0,0,0,0,2048,0,1493776,27707392,38797312
1777068198.001060,1060,ubuntu-rog,1,0,0,65683160,27672388,51689236,284332,22642688,0,13350564,21141784,11566208,25264,1784356,21116520,0,0,8388604,8388604,0,0,92,0,11566028,419124,26088,1846632,2523232,1846632,676600,15200,65192,0,0,0,0,41230184,15001652,34359738367,87516,0,83280,0,0,0,0,0,0,0,0,0,0,0,2048,0,1493776,27707392,38797312
1777068199.001062,1062,ubuntu-rog,1,0,0,65683160,27672388,51689236,284340,22642684,0,13350564,21141784,11566208,25264,1784356,21116520,0,0,8388604,8388604,0,0,96,0,11566032,419124,26088,1846632,2523232,1846632,676600,15200,65192,0,0,0,0,41230184,15001652,34359738367,87516,0,83280,0,0,0,0,0,0,0,0,0,0,0,2048,0,1493776,27707392,38797312
1777068200.002288,2288,ubuntu-rog,1,0,0,65683160,27672388,51689236,284340,22642692,0,13350564,21141784,11566208,25264,1784356,21116520,0,0,8388604,8388604,0,0,96,0,11566032,419124,26088,1846632,2523232,1846632,676600,15200,65192,0,0,0,0,41230184,15001652,34359738367,87516,0,83280,0,0,0,0,0,0,0,0,0,0,0,2048,0,1493776,27707392,38797312
1777068201.001205,1205,ubuntu-rog,1,0,0,65683160,27672388,51689236,284340,22642696,0,13350564,21141784,11566208,25264,1784356,21116520,0,0,8388604,8388604,0,0,100,0,11566032,419124,26088,1846632,2523232,1846632,676600,15200,65192,0,0,0,0,41230184,15001652,34359738367,87516,0,83280,0,0,0,0,0,0,0,0,0,0,0,2048,0,1493776,27707392,38797312
1777068202.001300,1300,ubuntu-rog,1,0,0,65683160,27672388,51689236,284340,22642700,0,13350564,21141784,11566208,25264,1784356,21116520,0,0,8388604,8388604,0,0,64,0,11566032,419124,26088,1846632,2523232,1846632,676600,15200,65192,0,0,0,0,41230184,15001652,34359738367,87516,0,83280,0,0,0,0,0,0,0,0,0,0,0,2048,0,1493776,27707392,38797312
1777068203.001061,1061,ubuntu-rog,1,0,0,65683160,27672388,51689236,284340,22642704,0,13350564,21141784,11566208,25264,1784356,21116520,0,0,8388604,8388604,0,0,72,0,11566032,419124,26088,1846632,2523232,1846632,676600,15200,65192,0,0,0,0,41230184,15001652,34359738367,87516,0,83280,0,0,0,0,0,0,0,0,0,0,0,2048,0,1493776,27707392,38797312
1777068204.002055,2055,ubuntu-rog,1,0,0,65683160,27672388,51689236,284348,22642696,0,13350564,21141784,11566208,25264,1784356,21116520,0,0,8388604,8388604,0,0,72,0,11566032,419124,26088,1846632,2523232,1846632,676600,15200,65192,0,0,0,0,41230184,15001652,34359738367,87516,0,83280,0,0,0,0,0,0,0,0,0,0,0,2048,0,1493776,27707392,38797312
1777068205.001292,1292,ubuntu-rog,1,0,0,65683160,27672388,51689236,284348,22642704,0,13350564,21141784,11566208,25264,1784356,21116520,0,0,8388604,8388604,0,0,76,0,11566032,419124,26088,1846632,2523232,1846632,676600,15200,65192,0,0,0,0,41230184,15001652,34359738367,87516,0,83280,0,0,0,0,0,0,0,0,0,0,0,2048,0,1493776,27707392,38797312
1777068206.001192,1192,ubuntu-rog,1,0,0,65683160,27672388,51689236,284348,22642708,0,13350564,21141784,11566208,25264,1784356,21116520,0,0,8388604,8388604,0,0,80,0,11566032,419124,26088,1846632,2523232,1846632,676600,15200,65192,0,0,0,0,41230184,15001652,34359738367,87516,0,83280,0,0,0,0,0,0,0,0,0,0,0,2048,0,1493776,27707392,38797312
1777068207.001340,1340,ubuntu-rog,1,0,0,65683160,27672388,51689236,284348,22642708,0,13350564,21141784,11566208,25264,1784356,21116520,0,0,8388604,8388604,0,0,80,0,11566032,419124,26088,1846632,2523232,1846632,676600,15200,65192,0,0,0,0,41230184,15001652,34359738367,87516,0,83280,0,0,0,0,0,0,0,0,0,0,0,2048,0,1493776,27707392,38797312
1777068208.002062,2062,ubuntu-rog,1,0,0,65683160,27672388,51689236,284348,22642712,0,13350564,21141784,11566208,25264,1784356,21116520,0,0,8388604,8388604,0,0,48,0,11566032,419124,26088,1846632,2523232,1846632,676600,15200,65192,0,0,0,0,41230184,15001652,34359738367,87516,0,83280,0,0,0,0,0,0,0,0,0,0,0,2048,0,1493776,27707392,38797312
1777068209.001063,1063,ubuntu-rog,1,0,0,65683160,27672388,51689236,284356,22642704,0,13350564,21141784,11566208,25264,1784356,21116520,0,0,8388604,8388604,0,0,48,0,11566032,419124,26088,1846632,2523232,1846632,676600,15200,65192,0,0,0,0,41230184,15001652,34359738367,87516,0,83280,0,0,0,0,0,0,0,0,0,0,0,2048,0,1493776,27707392,38797312
1777068210.001298,1298,ubuntu-rog,1,0,0,65683160,27672388,51689236,284356,22642716,0,13350564,21141784,11566208,25264,1784356,21116520,0,0,8388604,8388604,0,0,60,0,11566032,419124,26088,1846632,2523232,1846632,676600,15200,65192,0,0,0,0,41230184,15001652,34359738367,87516,0,83280,0,0,0,0,0,0,0,0,0,0,0,2048,0,1493776,27707392,38797312
1777068211.001199,1199,ubuntu-rog,1,0,0,65683160,27672388,51689236,284356,22642716,0,13350564,21141784,11566208,25264,1784356,21116520,0,0,8388604,8388604,0,0,60,0,11566032,419124,26088,1846632,2523232,1846632,676600,15200,65192,0,0,0,0,41230184,15001652,34359738367,87516,0,83280,0,0,0,0,0,0,0,0,0,0,0,2048,0,1493776,27707392,38797312
1777068212.002292,2292,ubuntu-rog,1,0,0,65683160,27672388,51689236,284356,22642716,0,13350564,21141784,11566208,25264,1784356,21116520,0,0,8388604,8388604,0,0,36,0,11566032,419124,26088,1846632,2523232,1846632,676600,15200,65192,0,0,0,0,41230184,15001652,34359738367,87516,0,83280,0,0,0,0,0,0,0,0,0,0,0,2048,0,1493776,27707392,38797312
1777068213.001063,1063,ubuntu-rog,1,0,0,65683160,27672388,51689236,284356,22642724,0,13350564,21141784,11566208,25264,1784356,21116520,0,0,8388604,8388604,0,0,48,0,11566032,419124,26088,1846632,2523232,1846632,676600,15200,65192,0,0,0,0,41230184,15001652,34359738367,87516,0,83280,0,0,0,0,0,0,0,0,0,0,0,2048,0,1493776,27707392,38797312
1777068214.001065,1065,ubuntu-rog,1,0,0,65683160,27672388,51689236,284356,22642728,0,13350564,21141784,11566208,25264,1784356,21116520,0,0,8388604,8388604,0,0,52,0,11566032,419124,26088,1846632,2523232,1846632,676600,15200,65192,0,0,0,0,41230184,15001652,34359738367,87516,0,83280,0,0,0,0,0,0,0,0,0,0,0,2048,0,1493776,27707392,38797312
1777068215.001295,1295,ubuntu-rog,1,0,0,65683160,27672388,51689236,284368,22642728,0,13350564,21141784,11566208,25264,1784356,21116520,0,0,8388604,8388604,0,0,68,0,11566032,419124,26088,1846632,2523232,1846632,676600,15200,65192,0,0,0,0,41230184,15001652,34359738367,87516,0,83280,0,0,0,0,0,0,0,0,0,0,0,2048,0,1493776,27707392,38797312
1777068216.002197,2197,ubuntu-rog,1,0,0,65683160,27672388,51689236,284368,22642728,0,13350564,21141784,11566208,25264,1784356,21116520,0,0,8388604,8388604,0,0,68,0,11566032,419124,26088,1846632,2523232,1846632,676600,15200,65192,0,0,0,0,41230184,15001652,34359738367,87516,0,83280,0,0,0,0,0,0,0,0,0,0,0,2048,0,1493776,27707392,38797312
1777068217.001294,1294,ubuntu-rog,1,0,0,65683160,27672388,51689236,284368,22642732,0,13350564,21141784,11566208,25264,1784356,21116520,0,0,8388604,8388604,0,0,72,0,11566032,419124,26088,1846632,2523232,1846632,676600,15200,65192,0,0,0,0,41230184,15001652,34359738367,87516,0,83280,0,0,0,0,0,0,0,0,0,0,0,2048,0,1493776,27707392,38797312
1777068218.001061,1061,ubuntu-rog,1,0,0,65683160,27672388,51689236,284368,22642732,0,13350564,21141784,11566208,25264,1784356,21116520,0,0,8388604,8388604,0,0,72,0,11566032,419124,26088,1846632,2523232,1846632,676600,15200,65192,0,0,0,0,41230184,15001652,34359738367,87516,0,83280,0,0,0,0,0,0,0,0,0,0,0,2048,0,1493776,27707392,38797312
1777068219.001060,1060,ubuntu-rog,1,0,0,65683160,27672388,51689332,284368,22642736,0,13350564,21141880,11566208,25264,1784356,21116616,0,0,8388604,8388604,0,0,76,0,11566032,419124,26088,1846632,2523232,1846632,676600,15200,65192,0,0,0,0,41230184,15001652,34359738367,87516,0,83280,0,0,0,0,0,0,0,0,0,0,0,2048,0,1493776,27707392,38797312
1777068220.002290,2290,ubuntu-rog,1,0,0,65683160,27672388,51689332,284376,22642732,0,13350564,21141880,11566208,25264,1784356,21116616,0,0,8388604,8388604,0,0,80,0,11566032,419124,26088,1846632,2523232,1846632,676600,15200,65192,0,0,0,0,41230184,15001652,34359738367,87516,0,83280,0,0,0,0,0,0,0,0,0,0,0,2048,0,1493776,27707392,38797312
1777068221.001197,1197,ubuntu-rog,1,0,0,65683160,27672388,51689332,284376,22642740,0,13350564,21141880,11566208,25264,1784356,21116616,0,0,8388604,8388604,0,0,80,0,11566032,419124,26088,1846632,2523232,1846632,676600,15200,65192,0,0,0,0,41230184,15001652,34359738367,87516,0,83280,0,0,0,0,0,0,0,0,0,0,0,2048,0,1493776,27707392,38797312
1777068222.001299,1299,ubuntu-rog,1,0,0,65683160,27672388,51689332,284376,22642740,0,13350564,21141880,11566208,25264,1784356,21116616,0,0,8388604,8388604,0,0,80,0,11566032,419124,26088,1846632,2523232,1846632,676600,15200,65192,0,0,0,0,41230184,15001652,34359738367,87516,0,83280,0,0,0,0,0,0,0,0,0,0,0,2048,0,1493776,27707392,38797312
1777068223.001061,1061,ubuntu-rog,1,0,0,65683160,27672388,51689332,284376,22642740,0,13350564,21141880,11566208,25264,1784356,21116616,0,0,8388604,8388604,0,0,64,0,11566032,419124,26088,1846632,2523232,1846632,676600,15200,65192,0,0,0,0,41230184,15001652,34359738367,87516,0,83280,0,0,0,0,0,0,0,0,0,0,0,2048,0,1493776,27707392,38797312
1777068224.002057,2057,ubuntu-rog,1,0,0,65683160,27672388,51689332,284376,22642748,0,13350564,21141880,11566208,25264,1784356,21116616,0,0,8388604,8388604,0,0,72,0,11566032,419124,26088,1846632,2523232,1846632,676600,15200,65192,0,0,0,0,41230184,15001652,34359738367,87516,0,83280,0,0,0,0,0,0,0,0,0,0,0,2048,0,1493776,27707392,38797312
1777068225.001296,1296,ubuntu-rog,1,0,0,65683160,27672388,51689332,284384,22642740,0,13350564,21141880,11566208,25264,1784356,21116616,0,0,8388604,8388604,0,0,72,0,11566032,419124,26088,1846632,2523232,1846632,676600,15200,65192,0,0,0,0,41230184,15001652,34359738367,87516,0,83280,0,0,0,0,0,0,0,0,0,0,0,2048,0,1493776,27707392,38797312
1777068226.001196,1196,ubuntu-rog,1,0,0,65683160,27672388,51689332,284384,22642752,0,13350564,21141880,11566208,25264,1784356,21116616,0,0,8388604,8388604,0,0,84,0,11566032,419124,26088,1846632,2523232,1846632,676600,15200,65192,0,0,0,0,41230184,15001652,34359738367,87516,0,83280,0,0,0,0,0,0,0,0,0,0,0,2048,0,1493776,27707392,38797312
1777068227.001300,1300,ubuntu-rog,1,0,0,65683160,27672388,51689332,284384,22642756,0,13350564,21141880,11566208,25264,1784356,21116616,0,0,8388604,8388604,0,0,88,0,11566032,419124,26088,1846632,2523232,1846632,676600,15200,65192,0,0,0,0,41230184,15001652,34359738367,87516,0,83280,0,0,0,0,0,0,0,0,0,0,0,2048,0,1493776,27707392,38797312
1777068228.002057,2057,ubuntu-rog,1,0,0,65683160,27672388,51689332,284384,22642756,0,13350564,21141880,11566208,25264,1784356,21116616,0,0,8388604,8388604,0,0,88,0,11566032,419124,26088,1846632,2523232,1846632,676600,15200,65192,0,0,0,0,41230184,15001652,34359738367,87516,0,83280,0,0,0,0,0,0,0,0,0,0,0,2048,0,1493776,27707392,38797312
1777068229.001059,1059,ubuntu-rog,1,0,0,65683160,27672388,51689332,284384,22642756,0,13350564,21141880,11566208,25264,1784356,21116616,0,0,8388604,8388604,0,0,88,0,11566032,419124,26088,1846632,2523232,1846632,676600,15200,65192,0,0,0,0,41230184,15001652,34359738367,87516,0,83280,0,0,0,0,0,0,0,0,0,0,0,2048,0,1493776,27707392,38797312
1777068230.001296,1296,ubuntu-rog,1,0,0,65683160,27671888,51688912,284392,22642752,0,13350688,21141960,11566332,25264,1784356,21116696,0,0,8388604,8388604,0,0,92,0,11566196,419124,26088,1846632,2523232,1846632,676600,15200,65192,0,0,0,0,41230184,15001804,34359738367,87516,0,83280,0,0,0,0,0,0,0,0,0,0,0,2048,0,1493776,27707392,38797312
1777068231.001197,1197,ubuntu-rog,1,0,0,65683160,27671888,51688912,284392,22642764,0,13350688,21141960,11566332,25264,1784356,21116696,0,0,8388604,8388604,0,0,96,0,11566196,419124,26088,1846632,2523232,1846632,676600,15200,65192,0,0,0,0,41230184,15001804,34359738367,87516,0,83280,0,0,0,0,0,0,0,0,0,0,0,2048,0,1493776,27707392,38797312
1777068232.002314,2314,ubuntu-rog,1,0,0,65683160,27671888,51688912,284392,22642764,0,13350688,21141960,11566332,25264,1784356,21116696,0,0,8388604,8388604,0,0,96,0,11566196,419124,26088,1846632,2523232,1846632,676600,15200,65192,0,0,0,0,41230184,15001804,34359738367,87516,0,83280,0,0,0,0,0,0,0,0,0,0,0,2048,0,1493776,27707392,38797312
1777068233.001069,1069,ubuntu-rog,1,0,0,65683160,27177388,51194492,284392,22642764,0,13745264,21142040,11960908,25264,1784356,21116776,0,0,8388604,8388604,0,0,96,0,11960232,419124,26088,1846632,2523232,1846632,676600,15200,65712,0,0,0,0,41230184,15484256,34359738367,87516,0,83280,0,0,0,0,0,0,0,0,0,0,0,2048,0,1493776,27707392,38797312
1777068234.001072,1072,ubuntu-rog,1,0,0,65683160,27559492,51576600,284392,22642768,0,13420236,21142044,11635880,25264,1784356,21116780,0,0,8388604,8388604,0,0,100,0,11635120,419124,26088,1846632,2523232,1846632,676600,15200,65324,0,0,0,0,41230184,15070728,34359738367,87516,0,83280,0,0,0,0,0,0,0,0,0,0,0,2048,0,1493776,27707392,38797312
1777068235.001307,1307,ubuntu-rog,1,0,0,65683160,27644756,51661868,284400,22642764,0,13350072,21142048,11565716,25264,1784356,21116784,0,0,8388604,8388604,0,0,104,0,11566188,419124,26088,1846632,2523232,1846632,676600,15200,65188,0,0,0,0,41230184,15001796,34359738367,87516,0,83280,0,0,0,0,0,0,0,0,0,0,0,2048,0,1493776,27707392,38797312
1777068236.002199,2199,ubuntu-rog,1,0,0,65683160,27644756,51661868,284400,22642772,0,13350072,21142048,11565716,25264,1784356,21116784,0,0,8388604,8388604,0,0,104,0,11566188,419124,26088,1846632,2523232,1846632,676600,15200,65188,0,0,0,0,41230184,15001796,34359738367,87516,0,83280,0,0,0,0,0,0,0,0,0,0,0,2048,0,1493776,27707392,38797312
1777068237.001306,1306,ubuntu-rog,1,0,0,65683160,27646776,51663888,284400,22642776,0,13350072,21142048,11565716,25264,1784356,21116784,0,0,8388604,8388604,0,0,108,0,11566188,419124,26088,1846632,2523224,1846632,676592,15200,65188,0,0,0,0,41230184,15001796,34359738367,87516,0,83280,0,0,0,0,0,0,0,0,0,0,0,2048,0,1493776,27707392,38797312
1777068238.001061,1061,ubuntu-rog,1,0,0,65683160,27648868,51665980,284400,22642780,0,13350120,21142048,11565764,25264,1784356,21116784,0,0,8388604,8388604,0,0,64,0,11566188,419124,26088,1846632,2523224,1846632,676592,15200,65188,0,0,0,0,41230184,15001796,34359738367,87516,0,83280,0,0,0,0,0,0,0,0,0,0,0,2048,0,1493776,27707392,38797312
1777068239.001059,1059,ubuntu-rog,1,0,0,65683160,27650488,51667600,284400,22642780,0,13350120,21142048,11565764,25264,1784356,21116784,0,0,8388604,8388604,0,0,64,0,11566188,419124,26088,1846632,2523224,1846632,676592,15200,65188,0,0,0,0,41230184,15001796,34359738367,87516,0,83280,0,0,0,0,0,0,0,0,0,0,0,2048,0,1493776,27707392,38797312
1777068240.002290,2290,ubuntu-rog,1,0,0,65683160,27651856,51668968,284408,22642772,0,13350088,21142048,11565732,25264,1784356,21116784,0,0,8388604,8388604,0,0,64,0,11566180,419124,26088,1846632,2523224,1846632,676592,15200,65188,0,0,0,0,41230184,15001796,34359738367,87516,0,83280,0,0,0,0,0,0,0,0,0,0,0,2048,0,1493776,27707392,38797312
1777068241.001201,1201,ubuntu-rog,1,0,0,65683160,27660004,51677116,284408,22642788,0,13350088,21142048,11565732,25264,1784356,21116784,0,0,8388604,8388604,0,0,64,0,11566180,419124,26088,1846632,2523224,1846632,676592,15200,65188,0,0,0,0,41230184,15001796,34359738367,87516,0,83280,0,0,0,0,0,0,0,0,0,0,0,2048,0,1493776,27707392,38797312
1777068242.001302,1302,ubuntu-rog,1,0,0,65683160,27660004,51677116,284408,22642788,0,13350088,21142048,11565732,25264,1784356,21116784,0,0,8388604,8388604,0,0,64,0,11566180,419124,26088,1846632,2523224,1846632,676592,15200,65188,0,0,0,0,41230184,15001796,34359738367,87516,0,83280,0,0,0,0,0,0,0,0,0,0,0,2048,0,1493776,27707392,38797312
1777068243.001058,1058,ubuntu-rog,1,0,0,65683160,27660004,51677116,284408,22642788,0,13350088,21142048,11565732,25264,1784356,21116784,0,0,8388604,8388604,0,0,36,0,11566180,419124,26088,1846632,2523224,1846632,676592,15200,65188,0,0,0,0,41230184,15001796,34359738367,87516,0,83280,0,0,0,0,0,0,0,0,0,0,0,2048,0,1493776,27707392,38797312
1777068244.002056,2056,ubuntu-rog,1,0,0,65683160,27660004,51677116,284408,22642792,0,13350088,21142048,11565732,25264,1784356,21116784,0,0,8388604,8388604,0,0,40,0,11566180,419124,26088,1846632,2523224,1846632,676592,15200,65188,0,0,0,0,41230184,15001796,34359738367,87516,0,83280,0,0,0,0,0,0,0,0,0,0,0,2048,0,1493776,27707392,38797312
1777068245.001298,1298,ubuntu-rog,1,0,0,65683160,27660004,51677116,284420,22642780,0,13350088,21142048,11565732,25264,1784356,21116784,0,0,8388604,8388604,0,0,40,0,11566180,419124,26088,1846632,2523224,1846632,676592,15200,65188,0,0,0,0,41230184,15001796,34359738367,87516,0,83280,0,0,0,0,0,0,0,0,0,0,0,2048,0,1493776,27707392,38797312
1777068246.001204,1204,ubuntu-rog,1,0,0,65683160,27660004,51677116,284420,22642796,0,13350088,21142048,11565732,25264,1784356,21116784,0,0,8388604,8388604,0,0,60,0,11566180,419124,26088,1846632,2523224,1846632,676592,15200,65188,0,0,0,0,41230184,15001796,34359738367,87516,0,83280,0,0,0,0,0,0,0,0,0,0,0,2048,0,1493776,27707392,38797312
1777068247.001301,1301,ubuntu-rog,1,0,0,65683160,27660004,51677116,284420,22642796,0,13350088,21142048,11565732,25264,1784356,21116784,0,0,8388604,8388604,0,0,60,0,11566180,419124,26088,1846632,2523224,1846632,676592,15200,65188,0,0,0,0,41230184,15001796,34359738367,87516,0,83280,0,0,0,0,0,0,0,0,0,0,0,2048,0,1493776,27707392,38797312
1777068248.002057,2057,ubuntu-rog,1,0,0,65683160,27660004,51677116,284420,22642800,0,13350088,21142048,11565732,25264,1784356,21116784,0,0,8388604,8388604,0,0,64,0,11566180,419124,26088,1846632,2523224,1846632,676592,15200,65188,0,0,0,0,41230184,15001796,34359738367,87516,0,83280,0,0,0,0,0,0,0,0,0,0,0,2048,0,1493776,27707392,38797312
1777068249.001062,1062,ubuntu-rog,1,0,0,65683160,27660004,51677116,284420,22642800,0,13350088,21142048,11565732,25264,1784356,21116784,0,0,8388604,8388604,0,0,64,0,11566180,419124,26088,1846632,2523224,1846632,676592,15200,65188,0,0,0,0,41230184,15001796,34359738367,87516,0,83280,0,0,0,0,0,0,0,0,0,0,0,2048,0,1493776,27707392,38797312
1777068250.001301,1301,ubuntu-rog,1,0,0,65683160,27661376,51678488,284428,22642796,0,13350088,21142048,11565732,25264,1784356,21116784,0,0,8388604,8388604,0,0,68,0,11566180,419124,26088,1846632,2523224,1846632,676592,15200,65188,0,0,0,0,41230184,15001796,34359738367,87516,0,83280,0,0,0,0,0,0,0,0,0,0,0,2048,0,1493776,27707392,38797312
1777068251.001202,1202,ubuntu-rog,1,0,0,65683160,27663936,51681084,284428,22642808,0,13349976,21142084,11565620,25264,1784356,21116820,0,0,8388604,8388604,0,0,72,0,11566004,419124,26088,1846632,2523224,1846632,676592,15200,65188,0,0,0,0,41230184,15001644,34359738367,87516,0,83280,0,0,0,0,0,0,0,0,0,0,0,2048,0,1493776,27707392,38797312
1777068252.002297,2297,ubuntu-rog,1,0,0,65683160,27666372,51683520,284428,22642812,0,13349976,21142084,11565620,25264,1784356,21116820,0,0,8388604,8388604,0,0,76,0,11566012,419124,26088,1846632,2523224,1846632,676592,15200,65188,0,0,0,0,41230184,15001644,34359738367,87516,0,83280,0,0,0,0,0,0,0,0,0,0,0,2048,0,1493776,27707392,38797312
1777068253.001059,1059,ubuntu-rog,1,0,0,65683160,27669544,51686692,284428,22642812,0,13349976,21142084,11565620,25264,1784356,21116820,0,0,8388604,8388604,0,0,76,0,11566012,419124,26088,1846632,2523224,1846632,676592,15200,65188,0,0,0,0,41230184,15001644,34359738367,87516,0,83280,0,0,0,0,0,0,0,0,0,0,0,2048,0,1493776,27707392,38797312
1777068254.001056,1056,ubuntu-rog,1,0,0,65683160,27670432,51687580,284428,22642812,0,13349976,21142084,11565620,25264,1784356,21116820,0,0,8388604,8388604,0,0,76,0,11566012,419124,26088,1846632,2523224,1846632,676592,15200,65188,0,0,0,0,41230184,15001644,34359738367,87516,0,83280,0,0,0,0,0,0,0,0,0,0,0,2048,0,1493776,27707392,38797312
1777068255.001301,1301,ubuntu-rog,1,0,0,65683160,27670692,51687840,284436,22642808,0,13349976,21142084,11565620,25264,1784356,21116820,0,0,8388604,8388604,0,0,80,0,11566012,419124,26088,1846632,2523224,1846632,676592,15200,65188,0,0,0,0,41230184,15001644,34359738367,87516,0,83280,0,0,0,0,0,0,0,0,0,0,0,2048,0,1493776,27707392,38797312
1777068256.002198,2198,ubuntu-rog,1,0,0,65683160,27670812,51687960,284436,22642816,0,13349976,21142084,11565620,25264,1784356,21116820,0,0,8388604,8388604,0,0,84,0,11566012,419124,26088,1846632,2523224,1846632,676592,15200,65188,0,0,0,0,41230184,15001644,34359738367,87516,0,83280,0,0,0,0,0,0,0,0,0,0,0,2048,0,1493776,27707392,38797312
1777068257.001300,1300,ubuntu-rog,1,0,0,65683160,27670812,51687960,284436,22642820,0,13349976,21142084,11565620,25264,1784356,21116820,0,0,8388604,8388604,0,0,88,0,11566012,419124,26088,1846632,2523224,1846632,676592,15200,65188,0,0,0,0,41230184,15001644,34359738367,87516,0,83280,0,0,0,0,0,0,0,0,0,0,0,2048,0,1493776,27707392,38797312
1777068258.001057,1057,ubuntu-rog,1,0,0,65683160,27670812,51687960,284436,22642824,0,13349976,21142084,11565620,25264,1784356,21116820,0,0,8388604,8388604,0,0,92,0,11566012,419124,26088,1846632,2523224,1846632,676592,15200,65188,0,0,0,0,41230184,15001644,34359738367,87516,0,83280,0,0,0,0,0,0,0,0,0,0,0,2048,0,1493776,27707392,38797312
1777068259.001058,1058,ubuntu-rog,1,0,0,65683160,27670812,51687960,284436,22642824,0,13349976,21142084,11565620,25264,1784356,21116820,0,0,8388604,8388604,0,0,76,0,11566012,419124,26088,1846632,2523224,1846632,676592,15200,65188,0,0,0,0,41230184,15001644,34359738367,87516,0,83280,0,0,0,0,0,0,0,0,0,0,0,2048,0,1493776,27707392,38797312
1777068260.002302,2302,ubuntu-rog,1,0,0,65683160,27670812,51687960,284436,22642824,0,13349976,21142084,11565620,25264,1784356,21116820,0,0,8388604,8388604,0,0,76,0,11566012,419124,26088,1846632,2523224,1846632,676592,15200,65188,0,0,0,0,41230184,15001644,34359738367,87500,0,83280,0,0,0,0,0,0,0,0,0,0,0,2048,0,1493776,27707392,38797312
1777068261.001202,1202,ubuntu-rog,1,0,0,65683160,27670812,51687960,284444,22642816,0,13349976,21142084,11565620,25264,1784356,21116820,0,0,8388604,8388604,0,0,76,0,11566012,419124,26088,1846632,2523224,1846632,676592,15200,65188,0,0,0,0,41230184,15001644,34359738367,87500,0,83280,0,0,0,0,0,0,0,0,0,0,0,2048,0,1493776,27707392,38797312
1777068262.001301,1301,ubuntu-rog,1,0,0,65683160,27670812,51687960,284444,22642832,0,13349976,21142084,11565620,25264,1784356,21116820,0,0,8388604,8388604,0,0,92,0,11566012,419124,26088,1846632,2523224,1846632,676592,15200,65188,0,0,0,0,41230184,15001644,34359738367,87500,0,83280,0,0,0,0,0,0,0,0,0,0,0,2048,0,1493776,27707392,38797312
1777068263.001059,1059,ubuntu-rog,1,0,0,65683160,27670812,51687960,284444,22642836,0,13349976,21142084,11565620,25264,1784356,21116820,0,0,8388604,8388604,0,0,96,0,11566012,419124,26088,1846632,2523224,1846632,676592,15200,65188,0,0,0,0,41230184,15001644,34359738367,87500,0,83280,0,0,0,0,0,0,0,0,0,0,0,2048,0,1493776,27707392,38797312
1777068264.002055,2055,ubuntu-rog,1,0,0,65683160,27670812,51687960,284444,22642836,0,13349976,21142084,11565620,25264,1784356,21116820,0,0,8388604,8388604,0,0,96,0,11566012,419124,26088,1846632,2523224,1846632,676592,15200,65188,0,0,0,0,41230184,15001644,34359738367,87500,0,83280,0,0,0,0,0,0,0,0,0,0,0,2048,0,1493776,27707392,38797312
1777068265.001300,1300,ubuntu-rog,1,0,0,65683160,27670812,51687960,284444,22642840,0,13349976,21142084,11565620,25264,1784356,21116820,0,0,8388604,8388604,0,0,100,0,11566012,419124,26088,1846632,2523224,1846632,676592,15200,65188,0,0,0,0,41230184,15001644,34359738367,87500,0,83280,0,0,0,0,0,0,0,0,0,0,0,2048,0,1493776,27707392,38797312
1777068266.001200,1200,ubuntu-rog,1,0,0,65683160,27670812,51687960,284452,22642832,0,13349976,21142084,11565620,25264,1784356,21116820,0,0,8388604,8388604,0,0,100,0,11566012,419124,26088,1846632,2523224,1846632,676592,15200,65188,0,0,0,0,41230184,15001644,34359738367,87500,0,83280,0,0,0,0,0,0,0,0,0,0,0,2048,0,1493776,27707392,38797312
1777068267.001299,1299,ubuntu-rog,1,0,0,65683160,27670812,51687960,284452,22642840,0,13349976,21142084,11565620,25264,1784356,21116820,0,0,8388604,8388604,0,0,100,0,11566012,419124,26088,1846632,2523224,1846632,676592,15200,65188,0,0,0,0,41230184,15001644,34359738367,87500,0,83280,0,0,0,0,0,0,0,0,0,0,0,2048,0,1493776,27707392,38797312
1777068268.002051,2051,ubuntu-rog,1,0,0,65683160,27670812,51687960,284452,22642844,0,13349976,21142084,11565620,25264,1784356,21116820,0,0,8388604,8388604,0,0,104,0,11566012,419124,26088,1846632,2523224,1846632,676592,15200,65188,0,0,0,0,41230184,15001644,34359738367,87500,0,83280,0,0,0,0,0,0,0,0,0,0,0,2048,0,1493776,27707392,38797312
1777068269.001060,1060,ubuntu-rog,1,0,0,65683160,27670812,51687960,284452,22642848,0,13349976,21142084,11565620,25264,1784356,21116820,0,0,8388604,8388604,0,0,108,0,11566012,419124,26088,1846632,2523224,1846632,676592,15200,65188,0,0,0,0,41230184,15001644,34359738367,87500,0,83280,0,0,0,0,0,0,0,0,0,0,0,2048,0,1493776,27707392,38797312
1777068270.001297,1297,ubuntu-rog,1,0,0,65683160,27670812,51687960,284452,22642848,0,13349976,21142084,11565620,25264,1784356,21116820,0,0,8388604,8388604,0,0,108,0,11566012,419124,26088,1846632,2523224,1846632,676592,15200,65188,0,0,0,0,41230184,15001644,34359738367,87500,0,83280,0,0,0,0,0,0,0,0,0,0,0,2048,0,1493776,27707392,38797312
1777068271.001196,1196,ubuntu-rog,1,0,0,65683160,27670812,51687960,284460,22642840,0,13349976,21142084,11565620,25264,1784356,21116820,0,0,8388604,8388604,0,0,108,0,11566012,419124,26088,1846632,2523224,1846632,676592,15200,65188,0,0,0,0,41230184,15001644,34359738367,87500,0,83280,0,0,0,0,0,0,0,0,0,0,0,2048,0,1493776,27707392,38797312
1777068272.002298,2298,ubuntu-rog,1,0,0,65683160,27670812,51687960,284460,22642852,0,13349976,21142084,11565620,25264,1784356,21116820,0,0,8388604,8388604,0,0,76,0,11566012,419124,26088,1846632,2523224,1846632,676592,15200,65188,0,0,0,0,41230184,15001644,34359738367,87500,0,83280,0,0,0,0,0,0,0,0,0,0,0,2048,0,1493776,27707392,38797312
1777068273.001060,1060,ubuntu-rog,1,0,0,65683160,27670812,51687960,284460,22642852,0,13349976,21142084,11565620,25264,1784356,21116820,0,0,8388604,8388604,0,0,76,0,11566012,419124,26088,1846632,2523224,1846632,676592,15200,65188,0,0,0,0,41230184,15001644,34359738367,87500,0,83280,0,0,0,0,0,0,0,0,0,0,0,2048,0,1493776,27707392,38797312
1777068274.001059,1059,ubuntu-rog,1,0,0,65683160,27670812,51687960,284460,22642856,0,13349976,21142084,11565620,25264,1784356,21116820,0,0,8388604,8388604,0,0,16,0,11566012,419124,26088,1846632,2523224,1846632,676592,15200,65188,0,0,0,0,41230184,15001644,34359738367,87500,0,83280,0,0,0,0,0,0,0,0,0,0,0,2048,0,1493776,27707392,38797312
1777068275.001301,1301,ubuntu-rog,1,0,0,65683160,27670812,51688048,284460,22642864,0,13350012,21142172,11565656,25264,1784356,21116908,0,0,8388604,8388604,0,0,28,0,11566012,419124,26088,1846632,2523224,1846632,676592,15200,65188,0,0,0,0,41230184,15001644,34359738367,87500,0,83280,0,0,0,0,0,0,0,0,0,0,0,2048,0,1493776,27707392,38797312
1777068276.002199,2199,ubuntu-rog,1,0,0,65683160,27670812,51688048,284460,22642864,0,13350012,21142172,11565656,25264,1784356,21116908,0,0,8388604,8388604,0,0,28,0,11566012,419124,26088,1846632,2523224,1846632,676592,15200,65188,0,0,0,0,41230184,15001644,34359738367,87500,0,83280,0,0,0,0,0,0,0,0,0,0,0,2048,0,1493776,27707392,38797312
1777068277.001303,1303,ubuntu-rog,1,0,0,65683160,27670812,51688048,284472,22642852,0,13350012,21142172,11565656,25264,1784356,21116908,0,0,8388604,8388604,0,0,28,0,11566012,419124,26088,1846632,2523224,1846632,676592,15200,65188,0,0,0,0,41230184,15001644,34359738367,87500,0,83280,0,0,0,0,0,0,0,0,0,0,0,2048,0,1493776,27707392,38797312
1777068278.001058,1058,ubuntu-rog,1,0,0,65683160,27670812,51688084,284472,22642864,0,13350020,21142208,11565664,25264,1784356,21116944,0,0,8388604,8388604,0,0,52,0,11566012,419124,26088,1846632,2523224,1846632,676592,15200,65188,0,0,0,0,41230184,15001644,34359738367,87500,0,83280,0,0,0,0,0,0,0,0,0,0,0,2048,0,1493776,27707392,38797312
1777068279.001060,1060,ubuntu-rog,1,0,0,65683160,27670812,51688084,284472,22642872,0,13350020,21142208,11565664,25264,1784356,21116944,0,0,8388604,8388604,0,0,60,0,11566012,419124,26088,1846632,2523224,1846632,676592,15200,65188,0,0,0,0,41230184,15001644,34359738367,87500,0,83280,0,0,0,0,0,0,0,0,0,0,0,2048,0,1493776,27707392,38797312
1777068280.001468,1468,ubuntu-rog,1,0,0,65683160,27670812,51688084,284472,22642872,0,13350020,21142208,11565664,25264,1784356,21116944,0,0,8388604,8388604,0,0,60,0,11566012,419124,26088,1846632,2523224,1846632,676592,15200,65188,0,0,0,0,41230184,15001644,34359738367,87500,0,83280,0,0,0,0,0,0,0,0,0,0,0,2048,0,1493776,27707392,38797312
1777068281.002201,2201,ubuntu-rog,1,0,0,65683160,27671064,51688336,284472,22642872,0,13350020,21142208,11565664,25264,1784356,21116944,0,0,8388604,8388604,0,0,60,0,11566012,419124,26088,1846632,2523224,1846632,676592,15200,65188,0,0,0,0,41230184,15001644,34359738367,87500,0,83280,0,0,0,0,0,0,0,0,0,0,0,2048,0,1493776,27707392,38797312
1777068282.001295,1295,ubuntu-rog,1,0,0,65683160,27671316,51688588,284480,22642868,0,13350020,21142208,11565664,25264,1784356,21116944,0,0,8388604,8388604,0,0,64,0,11566012,419124,26088,1846632,2523224,1846632,676592,15200,65188,0,0,0,0,41230184,15001644,34359738367,87500,0,83280,0,0,0,0,0,0,0,0,0,0,0,2048,0,1493776,27707392,38797312
1777068283.001060,1060,ubuntu-rog,1,0,0,65683160,27671316,51688588,284480,22642876,0,13350020,21142208,11565664,25264,1784356,21116944,0,0,8388604,8388604,0,0,68,0,11566012,419124,26088,1846632,2523224,1846632,676592,15200,65188,0,0,0,0,41230184,15001644,34359738367,87500,0,83280,0,0,0,0,0,0,0,0,0,0,0,2048,0,1493776,27707392,38797312
1777068284.001059,1059,ubuntu-rog,1,0,0,65683160,27671316,51688588,284480,22642876,0,13350020,21142208,11565664,25264,1784356,21116944,0,0,8388604,8388604,0,0,68,0,11566012,419124,26088,1846632,2523224,1846632,676592,15200,65188,0,0,0,0,41230184,15001644,34359738367,87500,0,83280,0,0,0,0,0,0,0,0,0,0,0,2048,0,1493776,27707392,38797312
1777068285.002292,2292,ubuntu-rog,1,0,0,65683160,27671316,51688588,284480,22642880,0,13350020,21142208,11565664,25264,1784356,21116944,0,0,8388604,8388604,0,0,72,0,11566012,419124,26088,1846632,2523224,1846632,676592,15200,65188,0,0,0,0,41230184,15001644,34359738367,87500,0,83280,0,0,0,0,0,0,0,0,0,0,0,2048,0,1493776,27707392,38797312
1777068286.001188,1188,ubuntu-rog,1,0,0,65683160,27671316,51688588,284480,22642884,0,13350020,21142208,11565664,25264,1784356,21116944,0,0,8388604,8388604,0,0,76,0,11566012,419124,26088,1846632,2523224,1846632,676592,15200,65188,0,0,0,0,41230184,15001644,34359738367,87500,0,83280,0,0,0,0,0,0,0,0,0,0,0,2048,0,1493776,27707392,38797312
1777068287.001299,1299,ubuntu-rog,1,0,0,65683160,27671316,51688588,284480,22642888,0,13350020,21142208,11565664,25264,1784356,21116944,0,0,8388604,8388604,0,0,80,0,11566012,419124,26088,1846632,2523224,1846632,676592,15200,65188,0,0,0,0,41230184,15001644,34359738367,87500,0,83280,0,0,0,0,0,0,0,0,0,0,0,2048,0,1493776,27707392,38797312
1777068288.001060,1060,ubuntu-rog,1,0,0,65683160,27671316,51688588,284488,22642880,0,13350020,21142208,11565664,25264,1784356,21116944,0,0,8388604,8388604,0,0,80,0,11566012,419124,26088,1846632,2523224,1846632,676592,15200,65188,0,0,0,0,41230184,15001644,34359738367,87500,0,83280,0,0,0,0,0,0,0,0,0,0,0,2048,0,1493776,27707392,38797312
1777068289.002057,2057,ubuntu-rog,1,0,0,65683160,27671316,51688588,284488,22642892,0,13350020,21142208,11565664,25264,1784356,21116944,0,0,8388604,8388604,0,0,84,0,11566012,419124,26088,1846632,2523224,1846632,676592,15200,65188,0,0,0,0,41230184,15001644,34359738367,87500,0,83280,0,0,0,0,0,0,0,0,0,0,0,2048,0,1493776,27707392,38797312
1777068290.001292,1292,ubuntu-rog,1,0,0,65683160,27671316,51688588,284488,22642896,0,13350020,21142208,11565664,25264,1784356,21116944,0,0,8388604,8388604,0,0,88,0,11566012,419124,26088,1846632,2523224,1846632,676592,15200,65188,0,0,0,0,41230184,15001644,34359738367,87500,0,83280,0,0,0,0,0,0,0,0,0,0,0,2048,0,1493776,27707392,38797312
1777068291.001194,1194,ubuntu-rog,1,0,0,65683160,27671316,51688588,284488,22642896,0,13350020,21142208,11565664,25264,1784356,21116944,0,0,8388604,8388604,0,0,88,0,11566012,419124,26088,1846632,2523224,1846632,676592,15200,65188,0,0,0,0,41230184,15001644,34359738367,87500,0,83280,0,0,0,0,0,0,0,0,0,0,0,2048,0,1493776,27707392,38797312
1777068292.001290,1290,ubuntu-rog,1,0,0,65683160,27671316,51688588,284488,22642896,0,13350020,21142208,11565664,25264,1784356,21116944,0,0,8388604,8388604,0,0,88,0,11566012,419124,26088,1846632,2523224,1846632,676592,15200,65188,0,0,0,0,41230184,15001644,34359738367,87500,0,83280,0,0,0,0,0,0,0,0,0,0,0,2048,0,1493776,27707392,38797312
1777068293.002062,2062,ubuntu-rog,1,0,0,65683160,27671316,51688588,284488,22642900,0,13350020,21142208,11565664,25264,1784356,21116944,0,0,8388604,8388604,0,0,92,0,11566012,419124,26088,1846632,2523224,1846632,676592,15200,65188,0,0,0,0,41230184,15001644,34359738367,87500,0,83280,0,0,0,0,0,0,0,0,0,0,0,2048,0,1493776,27707392,38797312
1777068294.001061,1061,ubuntu-rog,1,0,0,65683160,27671316,51688588,284496,22642900,0,13350020,21142208,11565664,25264,1784356,21116944,0,0,8388604,8388604,0,0,76,0,11566012,419124,26088,1846632,2523224,1846632,676592,15200,65188,0,0,0,0,41230184,15001644,34359738367,87500,0,83280,0,0,0,0,0,0,0,0,0,0,0,2048,0,1493776,27707392,38797312
1777068295.001297,1297,ubuntu-rog,1,0,0,65683160,27671316,51688588,284496,22642900,0,13350020,21142208,11565664,25264,1784356,21116944,0,0,8388604,8388604,0,0,76,0,11566012,419124,26088,1846632,2523224,1846632,676592,15200,65188,0,0,0,0,41230184,15001644,34359738367,87500,0,83280,0,0,0,0,0,0,0,0,0,0,0,2048,0,1493776,27707392,38797312
1777068296.001196,1196,ubuntu-rog,1,0,0,65683160,27671316,51688588,284496,22642908,0,13350020,21142208,11565664,25264,1784356,21116944,0,0,8388604,8388604,0,0,84,0,11566012,419124,26088,1846632,2523224,1846632,676592,15200,65188,0,0,0,0,41230184,15001644,34359738367,87500,0,83280,0,0,0,0,0,0,0,0,0,0,0,2048,0,1493776,27707392,38797312
1777068297.002295,2295,ubuntu-rog,1,0,0,65683160,27671316,51688588,284496,22642908,0,13350020,21142208,11565664,25264,1784356,21116944,0,0,8388604,8388604,0,0,84,0,11566012,419124,26088,1846632,2523224,1846632,676592,15200,65188,0,0,0,0,41230184,15001644,34359738367,87500,0,83280,0,0,0,0,0,0,0,0,0,0,0,2048,0,1493776,27707392,38797312
1777068298.001062,1062,ubuntu-rog,1,0,0,65683160,27671316,51688588,284496,22642908,0,13350020,21142208,11565664,25264,1784356,21116944,0,0,8388604