#Time,Time_usec,ProducerName,component_id,job_id,app_id,nr_free_pages,nr_zone_inactive_anon,nr_zone_active_anon,nr_zone_inactive_file,nr_zone_active_file,nr_zone_unevictable,nr_zone_write_pending,nr_mlock,nr_bounce,nr_zspages,nr_free_cma,nr_unaccepted,numa_hit,numa_miss,numa_foreign,numa_interleave,numa_local,numa_other,nr_inactive_anon,nr_active_anon,nr_inactive_file,nr_active_file,nr_unevictable,nr_slab_reclaimable,nr_slab_unreclaimable,nr_isolated_anon,nr_isolated_file,workingset_nodes,workingset_refault_anon,workingset_refault_file,workingset_activate_anon,workingset_activate_file,workingset_restore_anon,workingset_restore_file,workingset_nodereclaim,nr_anon_pages,nr_mapped,nr_file_pages,nr_dirty,nr_writeback,nr_writeback_temp,nr_shmem,nr_shmem_hugepages,nr_shmem_pmdmapped,nr_file_hugepages,nr_file_pmdmapped,nr_anon_transparent_hugepages,nr_vmscan_write,nr_vmscan_immediate_reclaim,nr_dirtied,nr_written,nr_throttled_written,nr_kernel_misc_reclaimable,nr_foll_pin_acquired,nr_foll_pin_released,nr_kernel_stack,nr_page_table_pages,nr_sec_page_table_pages,nr_iommu_pages,nr_swapcached,pgpromote_success,pgpromote_candidate,pgdemote_kswapd,pgdemote_direct,pgdemote_khugepaged,nr_hugetlb,nr_dirty_threshold,nr_dirty_background_threshold,nr_memmap_pages,nr_memmap_boot_pages,pgpgin,pgpgout,pswpin,pswpout,pgalloc_dma,pgalloc_dma32,pgalloc_normal,pgalloc_movable,pgalloc_device,allocstall_dma,allocstall_dma32,allocstall_normal,allocstall_movable,allocstall_device,pgskip_dma,pgskip_dma32,pgskip_normal,pgskip_movable,pgskip_device,pgfree,pgactivate,pgdeactivate,pglazyfree,pgfault,pgmajfault,pglazyfreed,pgrefill,pgreuse,pgsteal_kswapd,pgsteal_direct,pgsteal_khugepaged,pgscan_kswapd,pgscan_direct,pgscan_khugepaged,pgscan_direct_throttle,pgscan_anon,pgscan_file,pgsteal_anon,pgsteal_file,zone_reclaim_success,zone_reclaim_failed,pginodesteal,slabs_scanned,kswapd_inodesteal,kswapd_low_wmark_hit_quickly,kswapd_high_wmark_hit_quickly,pageoutrun,pgrotated,drop_pagecache,drop_slab,oom_kill,numa_pte_updates,numa_huge_pte_updates,numa_hint_faults,numa_hint_faults_local,numa_pages_migrated,pgmigrate_success,pgmigrate_fail,thp_migration_success,thp_migration_fail,thp_migration_split,compact_migrate_scanned,compact_free_scanned,compact_isolated,compact_stall,compact_fail,compact_success,compact_daemon_wake,compact_daemon_migrate_scanned,compact_daemon_free_scanned,htlb_buddy_alloc_success,htlb_buddy_alloc_fail,unevictable_pgs_culled,unevictable_pgs_scanned,unevictable_pgs_rescued,unevictable_pgs_mlocked,unevictable_pgs_munlocked,unevictable_pgs_cleared,unevictable_pgs_stranded,thp_fault_alloc,thp_fault_fallback,thp_fault_fallback_charge,thp_collapse_alloc,thp_collapse_alloc_failed,thp_file_alloc,thp_file_fallback,thp_file_fallback_charge,thp_file_mapped,thp_split_page,thp_split_page_failed,thp_deferred_split_page,thp_underused_split_page,thp_split_pmd,thp_scan_exceed_none_pte,thp_scan_exceed_swap_pte,thp_scan_exceed_share_pte,thp_split_pud,thp_zero_page_alloc,thp_zero_page_alloc_failed,thp_swpout,thp_swpout_fallback,balloon_inflate,balloon_deflate,balloon_migrate,swap_ra,swap_ra_hit,swpin_zero,swpout_zero,ksm_swpin_copy,cow_ksm,zswpin,zswpout,zswpwb,direct_map_level2_splits,direct_map_level3_splits,nr_unstable
1777070486.001851,1851,ubuntu-rog,1,0,0,8723791,6316,1093059,5281500,446089,0,91,0,0,0,0,0,1964881247,0,0,4907,1966039927,0,6316,1093059,5281500,446089,0,461658,169205,0,0,14149,0,199,0,0,0,3,0,1093078,104731,5734095,91,0,0,6522,0,0,0,0,0,0,0,48073998,44710550,0,0,107847,107847,15424,12776,0,0,0,0,0,0,0,0,0,2866373,1431436,0,262144,7673627,219171193,0,0,1026,709620,2036154850,0,0,0,0,0,3,0,0,0,0,0,0,2045832407,495,14121,1865289,1810994166,23823,0,106997,120538226,651092,169,0,651981,169,0,0,0,652150,0,651261,0,0,0,0,0,33,0,85,14704,0,0,0,0,0,0,0,0,225554,611,0,0,0,1015829,21385469,452411,0,0,0,85,1015829,21385469,0,0,46508,4050,23496,19446,19446,0,0,100512,0,0,364,0,0,0,0,0,0,0,59,0,59,0,0,0,0,0,0,0,0,0,0,0,0,0,0,0,0,0,0,0,0,714,24,0
1777070487.001945,1945,ubuntu-rog,1,0,0,8203678,6316,1611893,5281503,446089,0,62,0,0,0,0,0,1965401086,0,0,4907,1966559766,0,6316,1611893,5281503,446089,0,461658,169205,0,0,14149,0,199,0,0,0,3,0,1611873,104731,5734104,62,0,0,6522,0,0,0,0,0,0,0,48074028,44710609,0,0,107847,107847,15424,13807,0,0,0,0,0,0,0,0,0,2762376,1379501,0,262144,7673627,219171689,0,0,1026,709620,2036674674,0,0,0,0,0,3,0,0,0,0,0,0,2045832436,495,14121,1865289,1811512930,23823,0,106997,120538226,651092,169,0,651981,169,0,0,0,652150,0,651261,0,0,0,0,0,33,0,85,14704,0,0,0,0,0,0,0,0,225554,611,0,0,0,1015829,21385469,452411,0,0,0,85,1015829,21385469,0,0,46508,4050,23496,19446,19446,0,0,100512,0,0,364,0,0,0,0,0,0,0,59,0,59,0,0,0,0,0,0,0,0,0,0,0,0,0,0,0,0,0,0,0,0,714,24,0
1777070488.001135,1135,ubuntu-rog,1,0,0,8203651,6316,1611989,5281503,446089,0,64,0,0,0,0,0,1965401119,0,0,4907,1966559799,0,6316,1611989,5281503,446089,0,461658,169200,0,0,14149,0,199,0,0,0,3,0,1611953,104731,5734106,64,0,0,6522,0,0,0,0,0,0,0,48074038,44710617,0,0,107847,107847,15424,13875,0,0,0,0,0,0,0,0,0,2762371,1379499,0,262144,7673627,219171717,0,0,1026,709620,2036674707,0,0,0,0,0,3,0,0,0,0,0,0,2045832483,495,14121,1865289,1811512933,23823,0,106997,120538226,651092,169,0,651981,169,0,0,0,652150,0,651261,0,0,0,0,0,33,0,85,14704,0,0,0,0,0,0,0,0,225554,611,0,0,0,1015829,21385469,452411,0,0,0,85,1015829,21385469,0,0,46508,4050,23496,19446,19446,0,0,100512,0,0,364,0,0,0,0,0,0,0,59,0,59,0,0,0,0,0,0,0,0,0,0,0,0,0,0,0,0,0,0,0,0,714,24,0
1777070489.001332,1332,ubuntu-rog,1,0,0,8203651,6316,1611989,5281503,446089,0,64,0,0,0,0,0,1965401144,0,0,4907,1966559824,0,6316,1611989,5281503,446089,0,461658,169184,0,0,14149,0,199,0,0,0,3,0,1611953,104777,5734106,64,0,0,6522,0,0,0,0,0,0,0,48074038,44710617,0,0,107847,107847,15424,13875,0,0,0,0,0,0,0,0,0,2762371,1379499,0,262144,7673627,219171717,0,0,1026,709620,2036674739,0,0,0,0,0,3,0,0,0,0,0,0,2045832523,495,14121,1865289,1811512933,23823,0,106997,120538226,651092,169,0,651981,169,0,0,0,652150,0,651261,0,0,0,0,0,33,0,85,14704,0,0,0,0,0,0,0,0,225554,611,0,0,0,1015829,21385469,452411,0,0,0,85,1015829,21385469,0,0,46508,4050,23496,19446,19446,0,0,100512,0,0,364,0,0,0,0,0,0,0,59,0,59,0,0,0,0,0,0,0,0,0,0,0,0,0,0,0,0,0,0,0,0,714,24,0
1777070490.001511,1511,ubuntu-rog,1,0,0,8203651,6316,1611989,5281503,446089,0,66,0,0,0,0,0,1965401176,0,0,4907,1966559856,0,6316,1611989,5281503,446089,0,461658,169184,0,0,14149,0,199,0,0,0,3,0,1611953,104777,5734107,66,0,0,6522,0,0,0,0,0,0,0,48074040,44710617,0,0,107847,107847,15424,13875,0,0,0,0,0,0,0,0,0,2762371,1379499,0,262144,7673627,219171717,0,0,1026,709620,2036674771,0,0,0,0,0,3,0,0,0,0,0,0,2045832562,495,14121,1865289,1811512933,23823,0,106997,120538226,651092,169,0,651981,169,0,0,0,652150,0,651261,0,0,0,0,0,33,0,85,14704,0,0,0,0,0,0,0,0,225554,611,0,0,0,1015829,21385469,452411,0,0,0,85,1015829,21385469,0,0,46508,4050,23496,19446,19446,0,0,100512,0,0,364,0,0,0,0,0,0,0,59,0,59,0,0,0,0,0,0,0,0,0,0,0,0,0,0,0,0,0,0,0,0,714,24,0
1777070491.001672,1672,ubuntu-rog,1,0,0,8203651,6316,1611989,5281503,446089,0,66,0,0,0,0,0,1965401205,0,0,4907,1966559885,0,6316,1611989,5281503,446089,0,461658,169183,0,0,14149,0,199,0,0,0,3,0,1611953,104777,5734107,66,0,0,6522,0,0,0,0,0,0,0,48074040,44710617,0,0,107847,107847,15424,13875,0,0,0,0,0,0,0,0,0,2762371,1379499,0,262144,7673627,219171717,0,0,1026,709620,2036674800,0,0,0,0,0,3,0,0,0,0,0,0,2045832592,495,14121,1865289,1811512933,23823,0,106997,120538226,651092,169,0,651981,169,0,0,0,652150,0,651261,0,0,0,0,0,33,0,85,14704,0,0,0,0,0,0,0,0,225554,611,0,0,0,1015829,21385469,452411,0,0,0,85,1015829,21385469,0,0,46508,4050,23496,19446,19446,0,0,100512,0,0,364,0,0,0,0,0,0,0,59,0,59,0,0,0,0,0,0,0,0,0,0,0,0,0,0,0,0,0,0,0,0,714,24,0
1777070492.001777,1777,ubuntu-rog,1,0,0,8203651,6316,1611989,5281503,446089,0,68,0,0,0,0,0,1965401227,0,0,4907,1966559907,0,6316,1611989,5281503,446089,0,461658,169183,0,0,14149,0,199,0,0,0,3,0,1611953,104777,5734108,68,0,0,6522,0,0,0,0,0,0,0,48074042,44710617,0,0,107847,107847,15424,13875,0,0,0,0,0,0,0,0,0,2762371,1379499,0,262144,7673627,219171717,0,0,1026,709620,2036674829,0,0,0,0,0,3,0,0,0,0,0,0,2045832612,495,14121,1865289,1811512933,23823,0,106997,120538226,651092,169,0,651981,169,0,0,0,652150,0,651261,0,0,0,0,0,33,0,85,14704,0,0,0,0,0,0,0,0,225554,611,0,0,0,1015829,21385469,452411,0,0,0,85,1015829,21385469,0,0,46508,4050,23496,19446,19446,0,0,100512,0,0,364,0,0,0,0,0,0,0,59,0,59,0,0,0,0,0,0,0,0,0,0,0,0,0,0,0,0,0,0,0,0,714,24,0
1777070493.002149,2149,ubuntu-rog,1,0,0,8540789,6316,1232945,5281503,446089,0,68,0,0,0,0,0,1965401397,0,0,4907,1966560077,0,6316,1232945,5281503,446089,0,461658,169183,0,0,14149,0,199,0,0,0,3,0,1232915,104777,5734111,68,0,0,6522,0,0,0,0,0,0,0,48074049,44710624,0,0,107847,107847,15424,13168,0,0,0,0,0,0,0,0,0,2829782,1413163,0,262144,7673627,219171805,0,0,1026,709620,2036674999,0,0,0,0,0,3,0,0,0,0,0,0,2046212580,495,14121,1865289,1811512948,23823,0,106997,120538226,651092,169,0,651981,169,0,0,0,652150,0,651261,0,0,0,0,0,33,0,85,14704,0,0,0,0,0,0,0,0,225554,611,0,0,0,1015829,21385469,452411,0,0,0,85,1015829,21385469,0,0,46508,4050,23496,19446,19446,0,0,100512,0,0,364,0,0,0,0,0,0,0,59,0,59,0,0,0,0,0,0,0,0,0,0,0,0,0,0,0,0,0,0,0,0,714,24,0
1777070494.001250,1250,ubuntu-rog,1,0,0,8458033,6316,1318093,5281516,446089,0,68,0,0,0,0,0,1965696131,0,0,4907,1966854811,0,6316,1318093,5281516,446089,0,461658,169183,0,0,14149,0,199,0,0,0,3,0,1318251,104777,5734111,68,0,0,6522,0,0,0,0,0,0,0,48074049,44710624,0,0,107847,107847,15424,13274,0,0,0,0,0,0,0,0,0,2813237,1404901,0,262144,7673627,219171805,0,0,1026,709620,2036969756,0,0,0,0,0,3,0,0,0,0,0,0,2046420838,495,14121,1865289,1811807569,23823,0,106997,120538226,651092,169,0,651981,169,0,0,0,652150,0,651261,0,0,0,0,0,33,0,85,14704,0,0,0,0,0,0,0,0,225554,611,0,0,0,1015829,21385469,452411,0,0,0,85,1015829,21385469,0,0,46508,4050,23496,19446,19446,0,0,100512,0,0,364,0,0,0,0,0,0,0,59,0,59,0,0,0,0,0,0,0,0,0,0,0,0,0,0,0,0,0,0,0,0,714,24,0
1777070495.001253,1253,ubuntu-rog,1,0,0,8509518,6316,1274986,5281516,446089,0,68,0,0,0,0,0,1965832106,0,0,4907,1966990786,0,6316,1274986,5281516,446089,0,461658,169183,0,0,14149,0,199,0,0,0,3,0,1275283,104777,5734111,68,0,0,6522,0,0,0,0,0,0,0,48074049,44710624,0,0,107847,107847,15424,13193,0,0,0,0,0,0,0,0,0,2823532,1410042,0,262144,7673627,219171805,0,0,1026,709620,2037105715,0,0,0,0,0,3,0,0,0,0,0,0,2046599785,495,14121,1865289,1811943100,23823,0,106997,120538226,651092,169,0,651981,169,0,0,0,652150,0,651261,0,0,0,0,0,33,0,85,14704,0,0,0,0,0,0,0,0,225554,611,0,0,0,1015829,21385469,452411,0,0,0,85,1015829,21385469,0,0,46508,4050,23496,19446,19446,0,0,100512,0,0,364,0,0,0,0,0,0,0,59,0,59,0,0,0,0,0,0,0,0,0,0,0,0,0,0,0,0,0,0,0,0,714,24,0
1777070496.001311,1311,ubuntu-rog,1,0,0,8263061,6316,1553494,5281516,446089,0,68,0,0,0,0,0,1966129269,0,0,4907,1967287949,0,6316,1553494,5281516,446089,0,461658,169183,0,0,14149,0,199,0,0,0,3,0,1553646,104793,5734111,68,0,0,6522,0,0,0,0,0,0,0,48074049,44710624,0,0,107847,107847,15424,13764,0,0,0,0,0,0,0,0,0,2774252,1385432,0,262144,7673627,219171805,0,0,1026,709620,2037402871,0,0,0,0,0,3,0,0,0,0,0,0,2046619095,495,14121,1865289,1812239597,23823,0,106997,120538226,651092,169,0,651981,169,0,0,0,652150,0,651261,0,0,0,0,0,33,0,85,14704,0,0,0,0,0,0,0,0,225554,611,0,0,0,1015829,21385469,452411,0,0,0,85,1015829,21385469,0,0,46508,4050,23496,19446,19446,0,0,100512,0,0,364,0,0,0,0,0,0,0,59,0,59,0,0,0,0,0,0,0,0,0,0,0,0,0,0,0,0,0,0,0,0,714,24,0
1777070497.002173,2173,ubuntu-rog,1,0,0,8263061,6316,1553494,5281516,446089,0,69,0,0,0,0,0,1966129319,0,0,4907,1967287999,0,6316,1553494,5281516,446089,0,461658,169183,0,0,14149,0,199,0,0,0,3,0,1553646,104793,5734112,69,0,0,6522,0,0,0,0,0,0,0,48074050,44710624,0,0,107847,107847,15424,13764,0,0,0,0,0,0,0,0,0,2774252,1385432,0,262144,7673627,219171805,0,0,1026,709620,2037402921,0,0,0,0,0,3,0,0,0,0,0,0,2046619144,495,14121,1865289,1812239597,23823,0,106997,120538226,651092,169,0,651981,169,0,0,0,652150,0,651261,0,0,0,0,0,33,0,85,14704,0,0,0,0,0,0,0,0,225554,611,0,0,0,1015829,21385469,452411,0,0,0,85,1015829,21385469,0,0,46508,4050,23496,19446,19446,0,0,100512,0,0,364,0,0,0,0,0,0,0,59,0,59,0,0,0,0,0,0,0,0,0,0,0,0,0,0,0,0,0,0,0,0,714,24,0
1777070498.001158,1158,ubuntu-rog,1,0,0,8263061,6316,1553494,5281516,446089,0,70,0,0,0,0,0,1966129349,0,0,4907,1967288029,0,6316,1553494,5281516,446089,0,461658,169183,0,0,14149,0,199,0,0,0,3,0,1553646,104793,5734114,70,0,0,6522,0,0,0,0,0,0,0,48074051,44710624,0,0,107847,107847,15424,13764,0,0,0,0,0,0,0,0,0,2774252,1385432,0,262144,7673627,219171833,0,0,1026,709620,2037402951,0,0,0,0,0,3,0,0,0,0,0,0,2046619171,495,14121,1865289,1812239597,23823,0,106997,120538226,651092,169,0,651981,169,0,0,0,652150,0,651261,0,0,0,0,0,33,0,85,14704,0,0,0,0,0,0,0,0,225554,611,0,0,0,1015829,21385469,452411,0,0,0,85,1015829,21385469,0,0,46508,4050,23496,19446,19446,0,0,100512,0,0,364,0,0,0,0,0,0,0,59,0,59,0,0,0,0,0,0,0,0,0,0,0,0,0,0,0,0,0,0,0,0,714,24,0
1777070499.001262,1262,ubuntu-rog,1,0,0,8263061,6316,1553494,5281516,446089,0,73,0,0,0,0,0,1966129380,0,0,4907,1967288060,0,6316,1553494,5281516,446089,0,461658,169183,0,0,14149,0,199,0,0,0,3,0,1553646,104793,5734116,73,0,0,6522,0,0,0,0,0,0,0,48074054,44710624,0,0,107847,107847,15424,13764,0,0,0,0,0,0,0,0,0,2774252,1385432,0,262144,7673627,219171833,0,0,1026,709620,2037402982,0,0,0,0,0,3,0,0,0,0,0,0,2046619201,495,14121,1865289,1812239597,23823,0,106997,120538226,651092,169,0,651981,169,0,0,0,652150,0,651261,0,0,0,0,0,33,0,85,14704,0,0,0,0,0,0,0,0,225554,611,0,0,0,1015829,21385469,452411,0,0,0,85,1015829,21385469,0,0,46508,4050,23496,19446,19446,0,0,100512,0,0,364,0,0,0,0,0,0,0,59,0,59,0,0,0,0,0,0,0,0,0,0,0,0,0,0,0,0,0,0,0,0,714,24,0
1777070500.001300,1300,ubuntu-rog,1,0,0,8263061,6316,1553494,5281516,446089,0,74,0,0,0,0,0,1966129406,0,0,4907,1967288086,0,6316,1553494,5281516,446089,0,461658,169183,0,0,14149,0,199,0,0,0,3,0,1553646,104793,5734117,74,0,0,6522,0,0,0,0,0,0,0,48074055,44710624,0,0,107847,107847,15424,13764,0,0,0,0,0,0,0,0,0,2774252,1385432,0,262144,7673627,219171833,0,0,1026,709620,2037403008,0,0,0,0,0,3,0,0,0,0,0,0,2046619226,495,14121,1865289,1812239597,23823,0,106997,120538226,651092,169,0,651981,169,0,0,0,652150,0,651261,0,0,0,0,0,33,0,85,14704,0,0,0,0,0,0,0,0,225554,611,0,0,0,1015829,21385469,452411,0,0,0,85,1015829,21385469,0,0,46508,4050,23496,19446,19446,0,0,100512,0,0,364,0,0,0,0,0,0,0,59,0,59,0,0,0,0,0,0,0,0,0,0,0,0,0,0,0,0,0,0,0,0,714,24,0
1777070501.002302,2302,ubuntu-rog,1,0,0,8263061,6316,1553494,5281516,446089,0,74,0,0,0,0,0,1966129437,0,0,4907,1967288117,0,6316,1553494,5281516,446089,0,461658,169183,0,0,14149,0,199,0,0,0,3,0,1553646,104793,5734117,74,0,0,6522,0,0,0,0,0,0,0,48074055,44710624,0,0,107847,107847,15424,13764,0,0,0,0,0,0,0,0,0,2774252,1385432,0,262144,7673627,219171833,0,0,1026,709620,2037403039,0,0,0,0,0,3,0,0,0,0,0,0,2046619257,495,14121,1865289,1812239597,23823,0,106997,120538226,651092,169,0,651981,169,0,0,0,652150,0,651261,0,0,0,0,0,33,0,85,14704,0,0,0,0,0,0,0,0,225554,611,0,0,0,1015829,21385469,452411,0,0,0,85,1015829,21385469,0,0,46508,4050,23496,19446,19446,0,0,100512,0,0,364,0,0,0,0,0,0,0,59,0,59,0,0,0,0,0,0,0,0,0,0,0,0,0,0,0,0,0,0,0,0,714,24,0
1777070502.001160,1160,ubuntu-rog,1,0,0,8263061,6316,1553494,5281516,446089,0,74,0,0,0,0,0,1966129467,0,0,4907,1967288147,0,6316,1553494,5281516,446089,0,461658,169183,0,0,14149,0,199,0,0,0,3,0,1553646,104793,5734117,74,0,0,6522,0,0,0,0,0,0,0,48074055,44710624,0,0,107847,107847,15424,13764,0,0,0,0,0,0,0,0,0,2774252,1385432,0,262144,7673627,219171833,0,0,1026,709620,2037403069,0,0,0,0,0,3,0,0,0,0,0,0,2046619287,495,14121,1865289,1812239597,23823,0,106997,120538226,651092,169,0,651981,169,0,0,0,652150,0,651261,0,0,0,0,0,33,0,85,14704,0,0,0,0,0,0,0,0,225554,611,0,0,0,1015829,21385469,452411,0,0,0,85,1015829,21385469,0,0,46508,4050,23496,19446,19446,0,0,100512,0,0,364,0,0,0,0,0,0,0,59,0,59,0,0,0,0,0,0,0,0,0,0,0,0,0,0,0,0,0,0,0,0,714,24,0
1777070503.001159,1159,ubuntu-rog,1,0,0,8263061,6316,1553520,5281521,446089,0,75,0,0,0,0,0,1966129492,0,0,4907,1967288172,0,6316,1553520,5281521,446089,0,461658,169183,0,0,14149,0,199,0,0,0,3,0,1553646,104793,5734118,75,0,0,6522,0,0,0,0,0,0,0,48074056,44710624,0,0,107847,107847,15424,13764,0,0,0,0,0,0,0,0,0,2774253,1385433,0,262144,7673627,219171853,0,0,1026,709620,2037403094,0,0,0,0,0,3,0,0,0,0,0,0,2046619309,495,14121,1865289,1812239597,23823,0,106997,120538226,651092,169,0,651981,169,0,0,0,652150,0,651261,0,0,0,0,0,33,0,85,14704,0,0,0,0,0,0,0,0,225554,611,0,0,0,1015829,21385469,452411,0,0,0,85,1015829,21385469,0,0,46508,4050,23496,19446,19446,0,0,100512,0,0,364,0,0,0,0,0,0,0,59,0,59,0,0,0,0,0,0,0,0,0,0,0,0,0,0,0,0,0,0,0,0,714,24,0
1777070504.001258,1258,ubuntu-rog,1,0,0,8263061,6316,1553520,5281521,446089,0,77,0,0,0,0,0,1966129522,0,0,4907,1967288202,0,6316,1553520,5281521,446089,0,461658,169183,0,0,14149,0,199,0,0,0,3,0,1553646,104793,5734121,77,0,0,6522,0,0,0,0,0,0,0,48074058,44710624,0,0,107847,107847,15424,13764,0,0,0,0,0,0,0,0,0,2774253,1385433,0,262144,7673627,219171853,0,0,1026,709620,2037403124,0,0,0,0,0,3,0,0,0,0,0,0,2046619338,495,14121,1865289,1812239597,23823,0,106997,120538226,651092,169,0,651981,169,0,0,0,652150,0,651261,0,0,0,0,0,33,0,85,14704,0,0,0,0,0,0,0,0,225554,611,0,0,0,1015829,21385469,452411,0,0,0,85,1015829,21385469,0,0,46508,4050,23496,19446,19446,0,0,100512,0,0,364,0,0,0,0,0,0,0,59,0,59,0,0,0,0,0,0,0,0,0,0,0,0,0,0,0,0,0,0,0,0,714,24,0
1777070505.002297,2297,ubuntu-rog,1,0,0,8263061,6316,1553520,5281521,446089,0,77,0,0,0,0,0,1966129551,0,0,4907,1967288231,0,6316,1553520,5281521,446089,0,461658,169183,0,0,14149,0,199,0,0,0,3,0,1553646,104793,5734121,77,0,0,6522,0,0,0,0,0,0,0,48074058,44710624,0,0,107847,107847,15424,13764,0,0,0,0,0,0,0,0,0,2774253,1385433,0,262144,7673627,219171853,0,0,1026,709620,2037403153,0,0,0,0,0,3,0,0,0,0,0,0,2046619367,495,14121,1865289,1812239597,23823,0,106997,120538226,651092,169,0,651981,169,0,0,0,652150,0,651261,0,0,0,0,0,33,0,85,14704,0,0,0,0,0,0,0,0,225554,611,0,0,0,1015829,21385469,452411,0,0,0,85,1015829,21385469,0,0,46508,4050,23496,19446,19446,0,0,100512,0,0,364,0,0,0,0,0,0,0,59,0,59,0,0,0,0,0,0,0,0,0,0,0,0,0,0,0,0,0,0,0,0,714,24,0
1777070506.001303,1303,ubuntu-rog,1,0,0,8263061,6316,1553520,5281521,446089,0,77,0,0,0,0,0,1966129575,0,0,4907,1967288255,0,6316,1553520,5281521,446089,0,461658,169183,0,0,14149,0,199,0,0,0,3,0,1553646,104793,5734121,77,0,0,6522,0,0,0,0,0,0,0,48074058,44710624,0,0,107847,107847,15424,13764,0,0,0,0,0,0,0,0,0,2774253,1385433,0,262144,7673627,219171853,0,0,1026,709620,2037403177,0,0,0,0,0,3,0,0,0,0,0,0,2046619391,495,14121,1865289,1812239597,23823,0,106997,120538226,651092,169,0,651981,169,0,0,0,652150,0,651261,0,0,0,0,0,33,0,85,14704,0,0,0,0,0,0,0,0,225554,611,0,0,0,1015829,21385469,452411,0,0,0,85,1015829,21385469,0,0,46508,4050,23496,19446,19446,0,0,100512,0,0,364,0,0,0,0,0,0,0,59,0,59,0,0,0,0,0,0,0,0,0,0,0,0,0,0,0,0,0,0,0,0,714,24,0
1777070507.001157,1157,ubuntu-rog,1,0,0,8263061,6316,1553520,5281521,446089,0,78,0,0,0,0,0,1966129608,0,0,4907,1967288288,0,6316,1553520,5281521,446089,0,461658,169183,0,0,14149,0,199,0,0,0,3,0,1553646,104793,5734122,78,0,0,6522,0,0,0,0,0,0,0,48074059,44710624,0,0,107847,107847,15424,13764,0,0,0,0,0,0,0,0,0,2774253,1385433,0,262144,7673627,219171853,0,0,1026,709620,2037403210,0,0,0,0,0,3,0,0,0,0,0,0,2046619423,495,14121,1865289,1812239597,23823,0,106997,120538226,651092,169,0,651981,169,0,0,0,652150,0,651261,0,0,0,0,0,33,0,85,14704,0,0,0,0,0,0,0,0,225554,611,0,0,0,1015829,21385469,452411,0,0,0,85,1015829,21385469,0,0,46508,4050,23496,19446,19446,0,0,100512,0,0,364,0,0,0,0,0,0,0,59,0,59,0,0,0,0,0,0,0,0,0,0,0,0,0,0,0,0,0,0,0,0,714,24,0
1777070508.001159,1159,ubuntu-rog,1,0,0,8263061,6316,1553520,5281521,446089,0,78,0,0,0,0,0,1966129639,0,0,4907,1967288319,0,6316,1553520,5281521,446089,0,461658,169183,0,0,14149,0,199,0,0,0,3,0,1553646,104793,5734122,78,0,0,6522,0,0,0,0,0,0,0,48074059,44710624,0,0,107847,107847,15424,13764,0,0,0,0,0,0,0,0,0,2774253,1385433,0,262144,7673627,219171869,0,0,1026,709620,2037403241,0,0,0,0,0,3,0,0,0,0,0,0,2046619452,495,14121,1865289,1812239597,23823,0,106997,120538226,651092,169,0,651981,169,0,0,0,652150,0,651261,0,0,0,0,0,33,0,85,14704,0,0,0,0,0,0,0,0,225554,611,0,0,0,1015829,21385469,452411,0,0,0,85,1015829,21385469,0,0,46508,4050,23496,19446,19446,0,0,100512,0,0,364,0,0,0,0,0,0,0,59,0,59,0,0,0,0,0,0,0,0,0,0,0,0,0,0,0,0,0,0,0,0,714,24,0
1777070509.002262,2262,ubuntu-rog,1,0,0,8263061,6316,1553520,5281521,446089,0,79,0,0,0,0,0,1966129662,0,0,4907,1967288342,0,6316,1553520,5281521,446089,0,461658,169183,0,0,14149,0,199,0,0,0,3,0,1553646,104793,5734125,79,0,0,6522,0,0,0,0,0,0,0,48074060,44710624,0,0,107847,107847,15424,13764,0,0,0,0,0,0,0,0,0,2774253,1385433,0,262144,7673627,219171869,0,0,1026,709620,2037403264,0,0,0,0,0,3,0,0,0,0,0,0,2046619474,495,14121,1865289,1812239597,23823,0,106997,120538226,651092,169,0,651981,169,0,0,0,652150,0,651261,0,0,0,0,0,33,0,85,14704,0,0,0,0,0,0,0,0,225554,611,0,0,0,1015829,21385469,452411,0,0,0,85,1015829,21385469,0,0,46508,4050,23496,19446,19446,0,0,100512,0,0,364,0,0,0,0,0,0,0,59,0,59,0,0,0,0,0,0,0,0,0,0,0,0,0,0,0,0,0,0,0,0,714,24,0
1777070510.001302,1302,ubuntu-rog,1,0,0,8263061,6316,1553520,5281521,446089,0,79,0,0,0,0,0,1966129691,0,0,4907,1967288371,0,6316,1553520,5281521,446089,0,461658,169183,0,0,14149,0,199,0,0,0,3,0,1553646,104793,5734125,79,0,0,6522,0,0,0,0,0,0,0,48074060,44710624,0,0,107847,107847,15424,13764,0,0,0,0,0,0,0,0,0,2774253,1385433,0,262144,7673627,219171869,0,0,1026,709620,2037403293,0,0,0,0,0,3,0,0,0,0,0,0,2046619503,495,14121,1865289,1812239597,23823,0,106997,120538226,651092,169,0,651981,169,0,0,0,652150,0,651261,0,0,0,0,0,33,0,85,14704,0,0,0,0,0,0,0,0,225554,611,0,0,0,1015829,21385469,452411,0,0,0,85,1015829,21385469,0,0,46508,4050,23496,19446,19446,0,0,100512,0,0,364,0,0,0,0,0,0,0,59,0,59,0,0,0,0,0,0,0,0,0,0,0,0,0,0,0,0,0,0,0,0,714,24,0
1777070511.001304,1304,ubuntu-rog,1,0,0,8263061,6316,1553520,5281521,446089,0,81,0,0,0,0,0,1966129721,0,0,4907,1967288401,0,6316,1553520,5281521,446089,0,461658,169183,0,0,14149,0,199,0,0,0,3,0,1553646,104793,5734127,81,0,0,6522,0,0,0,0,0,0,0,48074062,44710624,0,0,107847,107847,15424,13764,0,0,0,0,0,0,0,0,0,2774253,1385433,0,262144,7673627,219171869,0,0,1026,709620,2037403323,0,0,0,0,0,3,0,0,0,0,0,0,2046619531,495,14121,1865289,1812239597,23823,0,106997,120538226,651092,169,0,651981,169,0,0,0,652150,0,651261,0,0,0,0,0,33,0,85,14704,0,0,0,0,0,0,0,0,225554,611,0,0,0,1015829,21385469,452411,0,0,0,85,1015829,21385469,0,0,46508,4050,23496,19446,19446,0,0,100512,0,0,364,0,0,0,0,0,0,0,59,0,59,0,0,0,0,0,0,0,0,0,0,0,0,0,0,0,0,0,0,0,0,714,24,0
1777070512.001158,1158,ubuntu-rog,1,0,0,8263061,6316,1553520,5281521,446089,0,81,0,0,0,0,0,1966129759,0,0,4907,1967288439,0,6316,1553520,5281521,446089,0,461658,169183,0,0,14149,0,199,0,0,0,3,0,1553646,104793,5734127,81,0,0,6522,0,0,0,0,0,0,0,48074062,44710624,0,0,107847,107847,15424,13764,0,0,0,0,0,0,0,0,0,2774253,1385433,0,262144,7673627,219171869,0,0,1026,709620,2037403361,0,0,0,0,0,3,0,0,0,0,0,0,2046619569,495,14121,1865289,1812239597,23823,0,106997,120538226,651092,169,0,651981,169,0,0,0,652150,0,651261,0,0,0,0,0,33,0,85,14704,0,0,0,0,0,0,0,0,225554,611,0,0,0,1015829,21385469,452411,0,0,0,85,1015829,21385469,0,0,46508,4050,23496,19446,19446,0,0,100512,0,0,364,0,0,0,0,0,0,0,59,0,59,0,0,0,0,0,0,0,0,0,0,0,0,0,0,0,0,0,0,0,0,714,24,0
1777070513.002157,2157,ubuntu-rog,1,0,0,8263061,6316,1553520,5281521,446089,0,81,0,0,0,0,0,1966129792,0,0,4907,1967288472,0,6316,1553520,5281521,446089,0,461658,169183,0,0,14149,0,199,0,0,0,3,0,1553646,104793,5734127,81,0,0,6522,0,0,0,0,0,0,0,48074062,44710624,0,0,107847,107847,15424,13764,0,0,0,0,0,0,0,0,0,2774253,1385433,0,262144,7673627,219171885,0,0,1026,709620,2037403394,0,0,0,0,0,3,0,0,0,0,0,0,2046619602,495,14121,1865289,1812239597,23823,0,106997,120538226,651092,169,0,651981,169,0,0,0,652150,0,651261,0,0,0,0,0,33,0,85,14704,0,0,0,0,0,0,0,0,225554,611,0,0,0,1015829,21385469,452411,0,0,0,85,1015829,21385469,0,0,46508,4050,23496,19446,19446,0,0,100512,0,0,364,0,0,0,0,0,0,0,59,0,59,0,0,0,0,0,0,0,0,0,0,0,0,0,0,0,0,0,0,0,0,714,24,0
1777070514.001261,1261,ubuntu-rog,1,0,0,8263061,6316,1553542,5281521,446089,0,83,0,0,0,0,0,1966129819,0,0,4907,1967288499,0,6316,1553542,5281521,446089,0,461658,169183,0,0,14149,0,199,0,0,0,3,0,1553646,104793,5734131,83,0,0,6522,0,0,0,0,0,0,0,48074068,44710628,0,0,107847,107847,15424,13764,0,0,0,0,0,0,0,0,0,2774253,1385433,0,262144,7673627,219172029,0,0,1026,709620,2037403421,0,0,0,0,0,3,0,0,0,0,0,0,2046619625,495,14121,1865289,1812239597,23823,0,106997,120538226,651092,169,0,651981,169,0,0,0,652150,0,651261,0,0,0,0,0,33,0,85,14704,0,0,0,0,0,0,0,0,225554,611,0,0,0,1015829,21385469,452411,0,0,0,85,1015829,21385469,0,0,46508,4050,23496,19446,19446,0,0,100512,0,0,364,0,0,0,0,0,0,0,59,0,59,0,0,0,0,0,0,0,0,0,0,0,0,0,0,0,0,0,0,0,0,714,24,0
1777070515.001302,1302,ubuntu-rog,1,0,0,8263061,6316,1553571,5281521,446089,0,55,0,0,0,0,0,1966129848,0,0,4907,1967288528,0,6316,1553571,5281521,446089,0,461658,169183,0,0,14149,0,199,0,0,0,3,0,1553646,104793,5734131,55,0,0,6522,0,0,0,0,0,0,0,48074068,44710656,0,0,107847,107847,15440,13764,0,0,0,0,0,0,0,0,0,2774253,1385433,0,262144,7673627,219172029,0,0,1026,709620,2037403450,0,0,0,0,0,3,0,0,0,0,0,0,2046619654,495,14121,1865289,1812239597,23823,0,106997,120538226,651092,169,0,651981,169,0,0,0,652150,0,651261,0,0,0,0,0,33,0,85,14704,0,0,0,0,0,0,0,0,225554,611,0,0,0,1015829,21385469,452411,0,0,0,85,1015829,21385469,0,0,46508,4050,23496,19446,19446,0,0,100512,0,0,364,0,0,0,0,0,0,0,59,0,59,0,0,0,0,0,0,0,0,0,0,0,0,0,0,0,0,0,0,0,0,714,24,0
1777070516.001306,1306,ubuntu-rog,1,0,0,8263061,6316,1553571,5281521,446089,0,55,0,0,0,0,0,1966129877,0,0,4907,1967288557,0,6316,1553571,5281521,446089,0,461658,169183,0,0,14149,0,199,0,0,0,3,0,1553646,104793,5734131,55,0,0,6522,0,0,0,0,0,0,0,48074068,44710656,0,0,107847,107847,15440,13764,0,0,0,0,0,0,0,0,0,2774253,1385433,0,262144,7673627,219172029,0,0,1026,709620,2037403479,0,0,0,0,0,3,0,0,0,0,0,0,2046619683,495,14121,1865289,1812239597,23823,0,106997,120538226,651092,169,0,651981,169,0,0,0,652150,0,651261,0,0,0,0,0,33,0,85,14704,0,0,0,0,0,0,0,0,225554,611,0,0,0,1015829,21385469,452411,0,0,0,85,1015829,21385469,0,0,46508,4050,23496,19446,19446,0,0,100512,0,0,364,0,0,0,0,0,0,0,59,0,59,0,0,0,0,0,0,0,0,0,0,0,0,0,0,0,0,0,0,0,0,714,24,0
1777070517.002155,2155,ubuntu-rog,1,0,0,8263061,6316,1553571,5281521,446089,0,55,0,0,0,0,0,1966129899,0,0,4907,1967288579,0,6316,1553571,5281521,446089,0,461658,169183,0,0,14149,0,199,0,0,0,3,0,1553646,104793,5734131,55,0,0,6522,0,0,0,0,0,0,0,48074068,44710656,0,0,107847,107847,15440,13764,0,0,0,0,0,0,0,0,0,2774253,1385433,0,262144,7673627,219172029,0,0,1026,709620,2037403501,0,0,0,0,0,3,0,0,0,0,0,0,2046619705,495,14121,1865289,1812239597,23823,0,106997,120538226,651092,169,0,651981,169,0,0,0,652150,0,651261,0,0,0,0,0,33,0,85,14704,0,0,0,0,0,0,0,0,225554,611,0,0,0,1015829,21385469,452411,0,0,0,85,1015829,21385469,0,0,46508,4050,23496,19446,19446,0,0,100512,0,0,364,0,0,0,0,0,0,0,59,0,59,0,0,0,0,0,0,0,0,0,0,0,0,0,0,0,0,0,0,0,0,714,24,0
1777070518.001160,1160,ubuntu-rog,1,0,0,8263061,6316,1553571,5281521,446089,0,56,0,0,0,0,0,1966129928,0,0,4907,1967288608,0,6316,1553571,5281521,446089,0,461658,169183,0,0,14149,0,199,0,0,0,3,0,1553646,104793,5734132,56,0,0,6522,0,0,0,0,0,0,0,48074069,44710656,0,0,107847,107847,15440,13764,0,0,0,0,0,0,0,0,0,2774253,1385433,0,262144,7673627,219172029,0,0,1026,709620,2037403530,0,0,0,0,0,3,0,0,0,0,0,0,2046619733,495,14121,1865289,1812239597,23823,0,106997,120538226,651092,169,0,651981,169,0,0,0,652150,0,651261,0,0,0,0,0,33,0,85,14704,0,0,0,0,0,0,0,0,225554,611,0,0,0,1015829,21385469,452411,0,0,0,85,1015829,21385469,0,0,46508,4050,23496,19446,19446,0,0,100512,0,0,364,0,0,0,0,0,0,0,59,0,59,0,0,0,0,0,0,0,0,0,0,0,0,0,0,0,0,0,0,0,0,714,24,0
1777070519.001259,1259,ubuntu-rog,1,0,0,8263061,6316,1553575,5281521,446089,0,11,0,0,0,0,0,1966129961,0,0,4907,1967288641,0,6316,1553575,5281521,446089,0,461658,169183,0,0,14149,0,199,0,0,0,3,0,1553646,104793,5734134,11,0,0,6522,0,0,0,0,0,0,0,48074080,44710712,0,0,107847,107847,15440,13764,0,0,0,0,0,0,0,0,0,2774253,1385433,0,262144,7673627,219172297,0,0,1026,709620,2037403563,0,0,0,0,0,3,0,0,0,0,0,0,2046619764,495,14121,1865289,1812239597,23823,0,106997,120538226,651092,169,0,651981,169,0,0,0,652150,0,651261,0,0,0,0,0,33,0,85,14704,0,0,0,0,0,0,0,0,225554,611,0,0,0,1015829,21385469,452411,0,0,0,85,1015829,21385469,0,0,46508,4050,23496,19446,19446,0,0,100512,0,0,364,0,0,0,0,0,0,0,59,0,59,0,0,0,0,0,0,0,0,0,0,0,0,0,0,0,0,0,0,0,0,714,24,0
1777070520.001304,1304,ubuntu-rog,1,0,0,8263061,6316,1553575,5281521,446089,0,13,0,0,0,0,0,1966129986,0,0,4907,1967288666,0,6316,1553575,5281521,446089,0,461658,169183,0,0,14149,0,199,0,0,0,3,0,1553646,104793,5734135,13,0,0,6522,0,0,0,0,0,0,0,48074082,44710712,0,0,107847,107847,15440,13764,0,0,0,0,0,0,0,0,0,2774253,1385433,0,262144,7673627,219172297,0,0,1026,709620,2037403588,0,0,0,0,0,3,0,0,0,0,0,0,2046619789,495,14121,1865289,1812239597,23823,0,106997,120538226,651092,169,0,651981,169,0,0,0,652150,0,651261,0,0,0,0,0,33,0,85,14704,0,0,0,0,0,0,0,0,225554,611,0,0,0,1015829,21385469,452411,0,0,0,85,1015829,21385469,0,0,46508,4050,23496,19446,19446,0,0,100512,0,0,364,0,0,0,0,0,0,0,59,0,59,0,0,0,0,0,0,0,0,0,0,0,0,0,0,0,0,0,0,0,0,714,24,0
1777070521.002301,2301,ubuntu-rog,1,0,0,8263061,6316,1553575,5281521,446089,0,15,0,0,0,0,0,1966130018,0,0,4907,1967288698,0,6316,1553575,5281521,446089,0,461658,169183,0,0,14149,0,199,0,0,0,3,0,1553646,104793,5734136,15,0,0,6522,0,0,0,0,0,0,0,48074084,44710712,0,0,107847,107847,15440,13764,0,0,0,0,0,0,0,0,0,2774253,1385433,0,262144,7673627,219172297,0,0,1026,709620,2037403620,0,0,0,0,0,3,0,0,0,0,0,0,2046619819,495,14121,1865289,1812239597,23823,0,106997,120538226,651092,169,0,651981,169,0,0,0,652150,0,651261,0,0,0,0,0,33,0,85,14704,0,0,0,0,0,0,0,0,225554,611,0,0,0,1015829,21385469,452411,0,0,0,85,1015829,21385469,0,0,46508,4050,23496,19446,19446,0,0,100512,0,0,364,0,0,0,0,0,0,0,59,0,59,0,0,0,0,0,0,0,0,0,0,0,0,0,0,0,0,0,0,0,0,714,24,0
1777070522.001161,1161,ubuntu-rog,1,0,0,8263061,6316,1553575,5281521,446089,0,15,0,0,0,0,0,1966130046,0,0,4907,1967288726,0,6316,1553575,5281521,446089,0,461658,169183,0,0,14149,0,199,0,0,0,3,0,1553646,104793,5734136,15,0,0,6522,0,0,0,0,0,0,0,48074084,44710712,0,0,107847,107847,15440,13764,0,0,0,0,0,0,0,0,0,2774253,1385433,0,262144,7673627,219172297,0,0,1026,709620,2037403648,0,0,0,0,0,3,0,0,0,0,0,0,2046619847,495,14121,1865289,1812239597,23823,0,106997,120538226,651092,169,0,651981,169,0,0,0,652150,0,651261,0,0,0,0,0,33,0,85,14704,0,0,0,0,0,0,0,0,225554,611,0,0,0,1015829,21385469,452411,0,0,0,85,1015829,21385469,0,0,46508,4050,23496,19446,19446,0,0,100512,0,0,364,0,0,0,0,0,0,0,59,0,59,0,0,0,0,0,0,0,0,0,0,0,0,0,0,0,0,0,0,0,0,714,24,0
1777070523.001159,1159,ubuntu-rog,1,0,0,8263061,6316,1553575,5281521,446089,0,17,0,0,0,0,0,1966130077,0,0,4907,1967288757,0,6316,1553575,5281521,446089,0,461658,169183,0,0,14149,0,199,0,0,0,3,0,1553647,104793,5734137,17,0,0,6522,0,0,0,0,0,0,0,48074086,44710712,0,0,107847,107847,15440,13764,0,0,0,0,0,0,0,0,0,2774253,1385433,0,262144,7673627,219172297,0,0,1026,709620,2037403679,0,0,0,0,0,3,0,0,0,0,0,0,2046619876,495,14121,1865289,1812239598,23823,0,106997,120538226,651092,169,0,651981,169,0,0,0,652150,0,651261,0,0,0,0,0,33,0,85,14704,0,0,0,0,0,0,0,0,225554,611,0,0,0,1015829,21385469,452411,0,0,0,85,1015829,21385469,0,0,46508,4050,23496,19446,19446,0,0,100512,0,0,364,0,0,0,0,0,0,0,59,0,59,0,0,0,0,0,0,0,0,0,0,0,0,0,0,0,0,0,0,0,0,714,24,0
1777070524.001261,1261,ubuntu-rog,1,0,0,8263162,6316,1553575,5281521,446089,0,17,0,0,0,0,0,1966130109,0,0,4907,1967288789,0,6316,1553575,5281521,446089,0,461658,169183,0,0,14149,0,199,0,0,0,3,0,1553647,104793,5734137,17,0,0,6522,0,0,0,0,0,0,0,48074086,44710712,0,0,107847,107847,15440,13764,0,0,0,0,0,0,0,0,0,2774274,1385443,0,262144,7673627,219172313,0,0,1026,709620,2037403711,0,0,0,0,0,3,0,0,0,0,0,0,2046619906,495,14121,1865289,1812239598,23823,0,106997,120538226,651092,169,0,651981,169,0,0,0,652150,0,651261,0,0,0,0,0,33,0,85,14704,0,0,0,0,0,0,0,0,225554,611,0,0,0,1015829,21385469,452411,0,0,0,85,1015829,21385469,0,0,46508,4050,23496,19446,19446,0,0,100512,0,0,364,0,0,0,0,0,0,0,59,0,59,0,0,0,0,0,0,0,0,0,0,0,0,0,0,0,0,0,0,0,0,714,24,0
1777070525.002297,2297,ubuntu-rog,1,0,0,8263429,6316,1553575,5281521,446089,0,19,0,0,0,0,0,1966130138,0,0,4907,1967288818,0,6316,1553575,5281521,446089,0,461658,169183,0,0,14149,0,199,0,0,0,3,0,1553647,104793,5734141,19,0,0,6522,0,0,0,0,0,0,0,48074088,44710712,0,0,107847,107847,15440,13764,0,0,0,0,0,0,0,0,0,2774327,1385470,0,262144,7673627,219172313,0,0,1026,709620,2037403740,0,0,0,0,0,3,0,0,0,0,0,0,2046619933,495,14121,1865289,1812239598,23823,0,106997,120538226,651092,169,0,651981,169,0,0,0,652150,0,651261,0,0,0,0,0,33,0,85,14704,0,0,0,0,0,0,0,0,225554,611,0,0,0,1015829,21385469,452411,0,0,0,85,1015829,21385469,0,0,46508,4050,23496,19446,19446,0,0,100512,0,0,364,0,0,0,0,0,0,0,59,0,59,0,0,0,0,0,0,0,0,0,0,0,0,0,0,0,0,0,0,0,0,714,24,0
1777070526.001304,1304,ubuntu-rog,1,0,0,8263588,6316,1553575,5281521,446089,0,19,0,0,0,0,0,1966130168,0,0,4907,1967288848,0,6316,1553575,5281521,446089,0,461658,169183,0,0,14149,0,199,0,0,0,3,0,1553647,104793,5734141,19,0,0,6522,0,0,0,0,0,0,0,48074088,44710712,0,0,107847,107847,15440,13764,0,0,0,0,0,0,0,0,0,2774359,1385485,0,262144,7673627,219172313,0,0,1026,709620,2037403770,0,0,0,0,0,3,0,0,0,0,0,0,2046619963,495,14121,1865289,1812239598,23823,0,106997,120538226,651092,169,0,651981,169,0,0,0,652150,0,651261,0,0,0,0,0,33,0,85,14704,0,0,0,0,0,0,0,0,225554,611,0,0,0,1015829,21385469,452411,0,0,0,85,1015829,21385469,0,0,46508,4050,23496,19446,19446,0,0,100512,0,0,364,0,0,0,0,0,0,0,59,0,59,0,0,0,0,0,0,0,0,0,0,0,0,0,0,0,0,0,0,0,0,714,24,0
1777070527.001158,1158,ubuntu-rog,1,0,0,8263688,6316,1553575,5281521,446089,0,19,0,0,0,0,0,1966130203,0,0,4907,1967288883,0,6316,1553575,5281521,446089,0,461658,169183,0,0,14149,0,199,0,0,0,3,0,1553647,104793,5734141,19,0,0,6522,0,0,0,0,0,0,0,48074088,44710712,0,0,107847,107847,15440,13764,0,0,0,0,0,0,0,0,0,2774379,1385495,0,262144,7673627,219172313,0,0,1026,709620,2037403805,0,0,0,0,0,3,0,0,0,0,0,0,2046619998,495,14121,1865289,1812239598,23823,0,106997,120538226,651092,169,0,651981,169,0,0,0,652150,0,651261,0,0,0,0,0,33,0,85,14704,0,0,0,0,0,0,0,0,225554,611,0,0,0,1015829,21385469,452411,0,0,0,85,1015829,21385469,0,0,46508,4050,23496,19446,19446,0,0,100512,0,0,364,0,0,0,0,0,0,0,59,0,59,0,0,0,0,0,0,0,0,0,0,0,0,0,0,0,0,0,0,0,0,714,24,0
1777070528.001159,1159,ubuntu-rog,1,0,0,8263751,6316,1553575,5281521,446089,0,20,0,0,0,0,0,1966130227,0,0,4907,1967288907,0,6316,1553575,5281521,446089,0,461658,169183,0,0,14149,0,199,0,0,0,3,0,1553647,104793,5734142,20,0,0,6522,0,0,0,0,0,0,0,48074089,44710712,0,0,107847,107847,15440,13764,0,0,0,0,0,0,0,0,0,2774391,1385502,0,262144,7673627,219172313,0,0,1026,709620,2037403829,0,0,0,0,0,3,0,0,0,0,0,0,2046620021,495,14121,1865289,1812239598,23823,0,106997,120538226,651092,169,0,651981,169,0,0,0,652150,0,651261,0,0,0,0,0,33,0,85,14704,0,0,0,0,0,0,0,0,225554,611,0,0,0,1015829,21385469,452411,0,0,0,85,1015829,21385469,0,0,46508,4050,23496,19446,19446,0,0,100512,0,0,364,0,0,0,0,0,0,0,59,0,59,0,0,0,0,0,0,0,0,0,0,0,0,0,0,0,0,0,0,0,0,714,24,0
1777070529.002256,2256,ubuntu-rog,1,0,0,8263751,6316,1553626,5281532,446089,0,20,0,0,0,0,0,1966130418,0,0,4907,1967289098,0,6316,1553626,5281532,446089,0,461658,169183,0,0,14149,0,199,0,0,0,3,0,1553688,104793,5734142,20,0,0,6522,0,0,0,0,0,0,0,48074089,44710712,0,0,107847,107847,15440,13764,0,0,0,0,0,0,0,0,0,2774394,1385503,0,262144,7673627,219172329,0,0,1026,709620,2037404090,0,0,0,0,0,3,0,0,0,0,0,0,2046620223,495,14121,1865289,1812239653,23823,0,106997,120538226,651092,169,0,651981,169,0,0,0,652150,0,651261,0,0,0,0,0,33,0,85,14704,0,0,0,0,0,0,0,0,225554,611,0,0,0,1015829,21385469,452411,0,0,0,85,1015829,21385469,0,0,46508,4050,23496,19446,19446,0,0,100512,0,0,364,0,0,0,0,0,0,0,59,0,59,0,0,0,0,0,0,0,0,0,0,0,0,0,0,0,0,0,0,0,0,714,24,0
1777070530.001299,1299,ubuntu-rog,1,0,0,8263751,6316,1553626,5281532,446089,0,20,0,0,0,0,0,1966130449,0,0,4907,1967289129,0,6316,1553626,5281532,446089,0,461658,169183,0,0,14149,0,199,0,0,0,3,0,1553688,104793,5734144,20,0,0,6522,0,0,0,0,0,0,0,48074089,44710712,0,0,107847,107847,15440,13764,0,0,0,0,0,0,0,0,0,2774394,1385503,0,262144,7673627,219172329,0,0,1026,709620,2037404121,0,0,0,0,0,3,0,0,0,0,0,0,2046620253,495,14121,1865289,1812239654,23823,0,106997,120538226,651092,169,0,651981,169,0,0,0,652150,0,651261,0,0,0,0,0,33,0,85,14704,0,0,0,0,0,0,0,0,225554,611,0,0,0,1015829,21385469,452411,0,0,0,85,1015829,21385469,0,0,46508,4050,23496,19446,19446,0,0,100512,0,0,364,0,0,0,0,0,0,0,59,0,59,0,0,0,0,0,0,0,0,0,0,0,0,0,0,0,0,0,0,0,0,714,24,0
1777070531.001303,1303,ubuntu-rog,1,0,0,8263751,6316,1553617,5281532,446089,0,22,0,0,0,0,0,1966130480,0,0,4907,1967289160,0,6316,1553617,5281532,446089,0,461658,169183,0,0,14149,0,199,0,0,0,3,0,1553685,104793,5734146,22,0,0,6522,0,0,0,0,0,0,0,48074091,44710712,0,0,107847,107847,15440,13764,0,0,0,0,0,0,0,0,0,2774394,1385503,0,262144,7673627,219172329,0,0,1026,709620,2037404152,0,0,0,0,0,3,0,0,0,0,0,0,2046620286,495,14121,1865289,1812239659,23823,0,106997,120538226,651092,169,0,651981,169,0,0,0,652150,0,651261,0,0,0,0,0,33,0,85,14704,0,0,0,0,0,0,0,0,225554,611,0,0,0,1015829,21385469,452411,0,0,0,85,1015829,21385469,0,0,46508,4050,23496,19446,19446,0,0,100512,0,0,364,0,0,0,0,0,0,0,59,0,59,0,0,0,0,0,0,0,0,0,0,0,0,0,0,0,0,0,0,0,0,714,24,0
1777070532.001157,1157,ubuntu-rog,1,0,0,8263751,6316,1553617,5281532,446089,0,22,0,0,0,0,0,1966130511,0,0,4907,1967289191,0,6316,1553617,5281532,446089,0,461658,169181,0,0,14149,0,199,0,0,0,3,0,1553685,104793,5734146,22,0,0,6522,0,0,0,0,0,0,0,48074091,44710712,0,0,107847,107847,15440,13764,0,0,0,0,0,0,0,0,0,2774394,1385503,0,262144,7673627,219172329,0,0,1026,709620,2037404183,0,0,0,0,0,3,0,0,0,0,0,0,2046620319,495,14121,1865289,1812239659,23823,0,106997,120538226,651092,169,0,651981,169,0,0,0,652150,0,651261,0,0,0,0,0,33,0,85,14704,0,0,0,0,0,0,0,0,225554,611,0,0,0,1015829,21385469,452411,0,0,0,85,1015829,21385469,0,0,46508,4050,23496,19446,19446,0,0,100512,0,0,364,0,0,0,0,0,0,0,59,0,59,0,0,0,0,0,0,0,0,0,0,0,0,0,0,0,0,0,0,0,0,714,24,0
1777070533.002152,2152,ubuntu-rog,1,0,0,8263751,6316,1553617,5281532,446089,0,22,0,0,0,0,0,1966130541,0,0,4907,1967289221,0,6316,1553617,5281532,446089,0,461658,169181,0,0,14149,0,199,0,0,0,3,0,1553685,104793,5734146,22,0,0,6522,0,0,0,0,0,0,0,48074091,44710712,0,0,107847,107847,15440,13764,0,0,0,0,0,0,0,0,0,2774394,1385503,0,262144,7673627,219172329,0,0,1026,709620,2037404213,0,0,0,0,0,3,0,0,0,0,0,0,2046620349,495,14121,1865289,1812239659,23823,0,106997,120538226,651092,169,0,651981,169,0,0,0,652150,0,651261,0,0,0,0,0,33,0,85,14704,0,0,0,0,0,0,0,0,225554,611,0,0,0,1015829,21385469,452411,0,0,0,85,1015829,21385469,0,0,46508,4050,23496,19446,19446,0,0,100512,0,0,364,0,0,0,0,0,0,0,59,0,59,0,0,0,0,0,0,0,0,0,0,0,0,0,0,0,0,0,0,0,0,714,24,0
1777070534.001259,1259,ubuntu-rog,1,0,0,8263751,6316,1553617,5281532,446089,0,22,0,0,0,0,0,1966130563,0,0,4907,1967289243,0,6316,1553617,5281532,446089,0,461658,169181,0,0,14149,0,199,0,0,0,3,0,1553685,104793,5734146,22,0,0,6522,0,0,0,0,0,0,0,48074091,44710712,0,0,107847,107847,15440,13764,0,0,0,0,0,0,0,0,0,2774394,1385503,0,262144,7673627,219172329,0,0,1026,709620,2037404235,0,0,0,0,0,3,0,0,0,0,0,0,2046620371,495,14121,1865289,1812239659,23823,0,106997,120538226,651092,169,0,651981,169,0,0,0,652150,0,651261,0,0,0,0,0,33,0,85,14704,0,0,0,0,0,0,0,0,225554,611,0,0,0,1015829,21385469,452411,0,0,0,85,1015829,21385469,0,0,46508,4050,23496,19446,19446,0,0,100512,0,0,364,0,0,0,0,0,0,0,59,0,59,0,0,0,0,0,0,0,0,0,0,0,0,0,0,0,0,0,0,0,0,714,24,0
1777070535.001300,1300,ubuntu-rog,1,0,0,8263751,6316,1553617,5281532,446089,0,23,0,0,0,0,0,1966130595,0,0,4907,1967289275,0,6316,1553617,5281532,446089,0,461658,169181,0,0,14149,0,199,0,0,0,3,0,1553685,104793,5734147,23,0,0,6522,0,0,0,0,0,0,0,48074092,44710712,0,0,107847,107847,15440,13764,0,0,0,0,0,0,0,0,0,2774394,1385503,0,262144,7673627,219172345,0,0,1026,709620,2037404267,0,0,0,0,0,3,0,0,0,0,0,0,2046620400,495,14121,1865289,1812239659,23823,0,106997,120538226,651092,169,0,651981,169,0,0,0,652150,0,651261,0,0,0,0,0,33,0,85,14704,0,0,0,0,0,0,0,0,225554,611,0,0,0,1015829,21385469,452411,0,0,0,85,1015829,21385469,0,0,46508,4050,23496,19446,19446,0,0,100512,0,0,364,0,0,0,0,0,0,0,59,0,59,0,0,0,0,0,0,0,0,0,0,0,0,0,0,0,0,0,0,0,0,714,24,0
1777070536.001295,1295,ubuntu-rog,1,0,0,8263751,6316,1553617,5281532,446089,0,25,0,0,0,0,0,1966130626,0,0,4907,1967289306,0,6316,1553617,5281532,446089,0,461658,169181,0,0,14149,0,199,0,0,0,3,0,1553685,104793,5734151,25,0,0,6522,0,0,0,0,0,0,0,48074094,44710712,0,0,107847,107847,15440,13764,0,0,0,0,0,0,0,0,0,2774394,1385503,0,262144,7673627,219172345,0,0,1026,709620,2037404298,0,0,0,0,0,3,0,0,0,0,0,0,2046620429,495,14121,1865289,1812239659,23823,0,106997,120538226,651092,169,0,651981,169,0,0,0,652150,0,651261,0,0,0,0,0,33,0,85,14704,0,0,0,0,0,0,0,0,225554,611,0,0,0,1015829,21385469,452411,0,0,0,85,1015829,21385469,0,0,46508,4050,23496,19446,19446,0,0,100512,0,0,364,0,0,0,0,0,0,0,59,0,59,0,0,0,0,0,0,0,0,0,0,0,0,0,0,0,0,0,0,0,0,714,24,0
1777070537.002155,2155,ubuntu-rog,1,0,0,8263751,6316,1553617,5281532,446089,0,25,0,0,0,0,0,1966130650,0,0,4907,1967289330,0,6316,1553617,5281532,446089,0,461658,169181,0,0,14149,0,199,0,0,0,3,0,1553685,104793,5734151,25,0,0,6522,0,0,0,0,0,0,0,48074094,44710712,0,0,107847,107847,15440,13764,0,0,0,0,0,0,0,0,0,2774394,1385503,0,262144,7673627,219172345,0,0,1026,709620,2037404322,0,0,0,0,0,3,0,0,0,0,0,0,2046620453,495,14121,1865289,1812239659,23823,0,106997,120538226,651092,169,0,651981,169,0,0,0,652150,0,651261,0,0,0,0,0,33,0,85,14704,0,0,0,0,0,0,0,0,225554,611,0,0,0,1015829,21385469,452411,0,0,0,85,1015829,21385469,0,0,46508,4050,23496,19446,19446,0,0,100512,0,0,364,0,0,0,0,0,0,0,59,0,59,0,0,0,0,0,0,0,0,0,0,0,0,0,0,0,0,0,0,0,0,714,24,0
1777070538.001159,1159,ubuntu-rog,1,0,0,8263751,6316,1553648,5281532,446089,0,26,0,0,0,0,0,1966130686,0,0,4907,1967289366,0,6316,1553648,5281532,446089,0,461658,169181,0,0,14149,0,199,0,0,0,3,0,1553690,104793,5734152,26,0,0,6522,0,0,0,0,0,0,0,48074095,44710712,0,0,107847,107847,15440,13764,0,0,0,0,0,0,0,0,0,2774394,1385503,0,262144,7673627,219172345,0,0,1026,709620,2037404358,0,0,0,0,0,3,0,0,0,0,0,0,2046620483,495,14121,1865289,1812239664,23823,0,106997,120538226,651092,169,0,651981,169,0,0,0,652150,0,651261,0,0,0,0,0,33,0,85,14704,0,0,0,0,0,0,0,0,225554,611,0,0,0,1015829,21385469,452411,0,0,0,85,1015829,21385469,0,0,46508,4050,23496,19446,19446,0,0,100512,0,0,364,0,0,0,0,0,0,0,59,0,59,0,0,0,0,0,0,0,0,0,0,0,0,0,0,0,0,0,0,0,0,714,24,0
1777070539.001257,1257,ubuntu-rog,1,0,0,8263751,6316,1553648,5281532,446089,0,26,0,0,0,0,0,1966130715,0,0,4907,1967289395,0,6316,1553648,5281532,446089,0,461658,169181,0,0,14149,0,199,0,0,0,3,0,1553690,104793,5734152,26,0,0,6522,0,0,0,0,0,0,0,48074095,44710712,0,0,107847,107847,15440,13764,0,0,0,0,0,0,0,0,0,2774394,1385503,0,262144,7673627,219172345,0,0,1026,709620,2037404387,0,0,0,0,0,3,0,0,0,0,0,0,2046620512,495,14121,1865289,1812239664,23823,0,106997,120538226,651092,169,0,651981,169,0,0,0,652150,0,651261,0,0,0,0,0,33,0,85,14704,0,0,0,0,0,0,0,0,225554,611,0,0,0,1015829,21385469,452411,0,0,0,85,1015829,21385469,0,0,46508,4050,23496,19446,19446,0,0,100512,0,0,364,0,0,0,0,0,0,0,59,0,59,0,0,0,0,0,0,0,0,0,0,0,0,0,0,0,0,0,0,0,0,714,24,0
1777070540.001301,1301,ubuntu-rog,1,0,0,8263751,6316,1553648,5281532,446089,0,26,0,0,0,0,0,1966130745,0,0,4907,1967289425,0,6316,1553648,5281532,446089,0,461658,169181,0,0,14149,0,199,0,0,0,3,0,1553690,104793,5734152,26,0,0,6522,0,0,0,0,0,0,0,48074095,44710712,0,0,107847,107847,15440,13764,0,0,0,0,0,0,0,0,0,2774394,1385503,0,262144,7673627,219172361,0,0,1026,709620,2037404417,0,0,0,0,0,3,0,0,0,0,0,0,2046620540,495,14121,1865289,1812239664,23823,0,106997,120538226,651092,169,0,651981,169,0,0,0,652150,0,651261,0,0,0,0,0,33,0,85,14704,0,0,0,0,0,0,0,0,225554,611,0,0,0,1015829,21385469,452411,0,0,0,85,1015829,21385469,0,0,46508,4050,23496,19446,19446,0,0,100512,0,0,364,0,0,0,0,0,0,0,59,0,59,0,0,0,0,0,0,0,0,0,0,0,0,0,0,0,0,0,0,0,0,714,24,0
1777070541.001517,1517,ubuntu-rog,1,0,0,8044076,6316,1773323,5281532,446089,0,26,0,0,0,0,0,1966350910,0,0,4907,1967509590,0,6316,1773323,5281532,446089,0,461658,169181,0,0,14149,0,199,0,0,0,3,0,1773365,104793,5734154,26,0,0,6522,0,0,0,0,0,0,0,48074095,44710712,0,0,107847,107847,15440,14168,0,0,0,0,0,0,0,0,0,2730469,1363567,0,262144,7673627,219172361,0,0,1026,709620,2037624607,0,0,0,0,0,3,0,0,0,0,0,0,2046620568,495,14121,1865289,1812459394,23823,0,106997,120538226,651092,169,0,651981,169,0,0,0,652150,0,651261,0,0,0,0,0,33,0,85,14704,0,0,0,0,0,0,0,0,225554,611,0,0,0,1015829,21385469,452411,0,0,0,85,1015829,21385469,0,0,46508,4050,23496,19446,19446,0,0,100512,0,0,364,0,0,0,0,0,0,0,59,0,59,0,0,0,0,0,0,0,0,0,0,0,0,0,0,0,0,0,0,0,0,714,24,0
1777070542.001647,1647,ubuntu-rog,1,0,0,7098662,6316,2715719,5281532,446089,0,28,0,0,0,0,0,1967295147,0,0,4907,1968453827,0,6316,2715719,5281532,446089,0,461658,169181,0,0,14149,0,199,0,0,0,3,0,2715760,104793,5734156,28,0,0,6522,0,0,0,0,0,0,0,48074097,44710712,0,0,107847,107847,15440,15943,0,0,0,0,0,0,0,0,0,2541433,1269165,0,262144,7673627,219172361,0,0,1026,709620,2038568848,0,0,0,0,0,3,0,0,0,0,0,0,2046620591,495,14121,1865289,1813401793,23823,0,106997,120538252,651092,169,0,651981,169,0,0,0,652150,0,651261,0,0,0,0,0,33,0,85,14704,0,0,0,0,0,0,0,0,225554,611,0,0,0,1015829,21385469,452411,0,0,0,85,1015829,21385469,0,0,46508,4050,23496,19446,19446,0,0,100512,0,0,364,0,0,0,0,0,0,0,59,0,59,0,0,0,0,0,0,0,0,0,0,0,0,0,0,0,0,0,0,0,0,714,24,0
1777070543.002129,2129,ubuntu-rog,1,0,0,6840425,6316,2880384,5281532,446089,0,28,0,0,0,0,0,1967736403,0,0,4907,1968895083,0,6316,2880384,5281532,446089,0,461658,169181,0,0,14149,0,199,0,0,0,3,0,2880423,104793,5734156,28,0,0,6522,0,0,0,0,0,0,0,48074097,44710712,0,0,107847,107847,15440,16361,0,0,0,0,0,0,0,0,0,2489798,1243379,0,262144,7673627,219172361,0,0,1026,709620,2039010075,0,0,0,0,0,3,0,0,0,0,0,0,2046896866,495,14121,1865289,1813842108,23823,0,106997,120538252,651092,169,0,651981,169,0,0,0,652150,0,651261,0,0,0,0,0,33,0,85,14704,0,0,0,0,0,0,0,0,225554,611,0,0,0,1015829,21385469,452411,0,0,0,85,1015829,21385469,0,0,46508,4050,23496,19446,19446,0,0,100512,0,0,364,0,0,0,0,0,0,0,59,0,59,0,0,0,0,0,0,0,0,0,0,0,0,0,0,0,0,0,0,0,0,714,24,0
1777070544.001263,1263,ubuntu-rog,1,0,0,6842374,6316,2880384,5281532,446089,0,28,0,0,0,0,0,1967736435,0,0,4907,1968895115,0,6316,2880384,5281532,446089,0,461658,169181,0,0,14149,0,199,0,0,0,3,0,2880423,104793,5734156,28,0,0,6522,0,0,0,0,0,0,0,48074097,44710712,0,0,107847,107847,15440,16361,0,0,0,0,0,0,0,0,0,2490188,1243573,0,262144,7673627,219172361,0,0,1026,709620,2039010114,0,0,0,0,0,3,0,0,0,0,0,0,2046896905,495,14121,1865289,1813842108,23823,0,106997,120538252,651092,169,0,651981,169,0,0,0,652150,0,651261,0,0,0,0,0,33,0,85,14704,0,0,0,0,0,0,0,0,225554,611,0,0,0,1015829,21385469,452411,0,0,0,85,1015829,21385469,0,0,46508,4050,23496,19446,19446,0,0,100512,0,0,364,0,0,0,0,0,0,0,59,0,59,0,0,0,0,0,0,0,0,0,0,0,0,0,0,0,0,0,0,0,0,714,24,0
1777070545.001295,1295,ubuntu-rog,1,0,0,6844390,6316,2880384,5281532,446089,0,29,0,0,0,0,0,1967736461,0,0,4907,1968895141,0,6316,2880384,5281532,446089,0,461658,169181,0,0,14149,0,199,0,0,0,3,0,2880423,104793,5734157,29,0,0,6522,0,0,0,0,0,0,0,48074098,44710712,0,0,107847,107847,15440,16361,0,0,0,0,0,0,0,0,0,2490591,1243775,0,262144,7673627,219172377,0,0,1026,709620,2039010140,0,0,0,0,0,3,0,0,0,0,0,0,2046896928,495,14121,1865289,1813842108,23823,0,106997,120538252,651092,169,0,651981,169,0,0,0,652150,0,651261,0,0,0,0,0,33,0,85,14704,0,0,0,0,0,0,0,0,225554,611,0,0,0,1015829,21385469,452411,0,0,0,85,1015829,21385469,0,0,46508,4050,23496,19446,19446,0,0,100512,0,0,364,0,0,0,0,0,0,0,59,0,59,0,0,0,0,0,0,0,0,0,0,0,0,0,0,0,0,0,0,0,0,714,24,0
1777070546.001300,1300,ubuntu-rog,1,0,0,6846406,6316,2880384,5281532,446089,0,29,0,0,0,0,0,1967736489,0,0,4907,1968895169,0,6316,2880384,5281532,446089,0,461658,169181,0,0,14149,0,199,0,0,0,3,0,2880423,104793,5734159,29,0,0,6522,0,0,0,0,0,0,0,48074098,44710712,0,0,107847,107847,15440,16361,0,0,0,0,0,0,0,0,0,2490994,1243976,0,262144,7673627,219172377,0,0,1026,709620,2039010168,0,0,0,0,0,3,0,0,0,0,0,0,2046896956,495,14121,1865289,1813842108,23823,0,106997,120538252,651092,169,0,651981,169,0,0,0,652150,0,651261,0,0,0,0,0,33,0,85,14704,0,0,0,0,0,0,0,0,225554,611,0,0,0,1015829,21385469,452411,0,0,0,85,1015829,21385469,0,0,46508,4050,23496,19446,19446,0,0,100512,0,0,364,0,0,0,0,0,0,0,59,0,59,0,0,0,0,0,0,0,0,0,0,0,0,0,0,0,0,0,0,0,0,714,24,0
1777070547.002151,2151,ubuntu-rog,1,0,0,6848422,6316,2880384,5281532,446089,0,30,0,0,0,0,0,1967736521,0,0,4907,1968895201,0,6316,2880384,5281532,446089,0,461658,169181,0,0,14149,0,199,0,0,0,3,0,2880423,104793,5734160,30,0,0,6522,0,0,0,0,0,0,0,48074099,44710712,0,0,107847,107847,15440,16361,0,0,0,0,0,0,0,0,0,2491397,1244177,0,262144,7673627,219172377,0,0,1026,709620,2039010200,0,0,0,0,0,3,0,0,0,0,0,0,2046896987,495,14121,1865289,1813842108,23823,0,106997,120538252,651092,169,0,651981,169,0,0,0,652150,0,651261,0,0,0,0,0,33,0,85,14704,0,0,0,0,0,0,0,0,225554,611,0,0,0,1015829,21385469,452411,0,0,0,85,1015829,21385469,0,0,46508,4050,23496,19446,19446,0,0,100512,0,0,364,0,0,0,0,0,0,0,59,0,59,0,0,0,0,0,0,0,0,0,0,0,0,0,0,0,0,0,0,0,0,714,24,0
1777070548.001157,1157,ubuntu-rog,1,0,0,6850438,6316,2880384,5281532,446089,0,31,0,0,0,0,0,1967736544,0,0,4907,1968895224,0,6316,2880384,5281532,446089,0,461658,169181,0,0,14149,0,199,0,0,0,3,0,2880423,104793,5734161,31,0,0,6522,0,0,0,0,0,0,0,48074100,44710712,0,0,107847,107847,15440,16361,0,0,0,0,0,0,0,0,0,2491800,1244379,0,262144,7673627,219172377,0,0,1026,709620,2039010223,0,0,0,0,0,3,0,0,0,0,0,0,2046897009,495,14121,1865289,1813842108,23823,0,106997,120538252,651092,169,0,651981,169,0,0,0,652150,0,651261,0,0,0,0,0,33,0,85,14704,0,0,0,0,0,0,0,0,225554,611,0,0,0,1015829,21385469,452411,0,0,0,85,1015829,21385469,0,0,46508,4050,23496,19446,19446,0,0,100512,0,0,364,0,0,0,0,0,0,0,59,0,59,0,0,0,0,0,0,0,0,0,0,0,0,0,0,0,0,0,0,0,0,714,24,0
1777070549.001261,1261,ubuntu-rog,1,0,0,6852454,6316,2880384,5281532,446089,0,32,0,0,0,0,0,1967736576,0,0,4907,1968895256,0,6316,2880384,5281532,446089,0,461658,169181,0,0,14149,0,199,0,0,0,3,0,2880423,104793,5734162,32,0,0,6522,0,0,0,0,0,0,0,48074101,44710712,0,0,107847,107847,15440,16361,0,0,0,0,0,0,0,0,0,2492203,1244580,0,262144,7673627,219172377,0,0,1026,709620,2039010255,0,0,0,0,0,3,0,0,0,0,0,0,2046897040,495,14121,1865289,1813842108,23823,0,106997,120538252,651092,169,0,651981,169,0,0,0,652150,0,651261,0,0,0,0,0,33,0,85,14704,0,0,0,0,0,0,0,0,225554,611,0,0,0,1015829,21385469,452411,0,0,0,85,1015829,21385469,0,0,46508,4050,23496,19446,19446,0,0,100512,0,0,364,0,0,0,0,0,0,0,59,0,59,0,0,0,0,0,0,0,0,0,0,0,0,0,0,0,0,0,0,0,0,714,24,0
1777070550.001294,1294,ubuntu-rog,1,0,0,6854470,6316,2880384,5281557,446089,0,21,0,0,0,0,0,1967736608,0,0,4907,1968895288,0,6316,2880384,5281557,446089,0,461658,169181,0,0,14149,0,199,0,0,0,3,0,2880423,104793,5734162,21,0,0,6522,0,0,0,0,0,0,0,48074101,44710723,0,0,107847,107847,15440,16361,0,0,0,0,0,0,0,0,0,2492611,1244784,0,262144,7673627,219172457,0,0,1026,709620,2039010287,0,0,0,0,0,3,0,0,0,0,0,0,2046897070,495,14121,1865289,1813842108,23823,0,106997,120538252,651092,169,0,651981,169,0,0,0,652150,0,651261,0,0,0,0,0,33,0,85,14704,0,0,0,0,0,0,0,0,225554,611,0,0,0,1015829,21385469,452411,0,0,0,85,1015829,21385469,0,0,46508,4050,23496,19446,19446,0,0,100512,0,0,364,0,0,0,0,0,0,0,59,0,59,0,0,0,0,0,0,0,0,0,0,0,0,0,0,0,0,0,0,0,0,714,24,0
1777070551.002293,2293,ubuntu-rog,1,0,0,6856486,6316,2880384,5281557,446089,0,15,0,0,0,0,0,1967736629,0,0,4907,1968895309,0,6316,2880384,5281557,446089,0,461658,169181,0,0,14149,0,199,0,0,0,3,0,2880423,104793,5734164,15,0,0,6522,0,0,0,0,0,0,0,48074102,44710730,0,0,107847,107847,15440,16361,0,0,0,0,0,0,0,0,0,2493014,1244985,0,262144,7673627,219172457,0,0,1026,709620,2039010308,0,0,0,0,0,3,0,0,0,0,0,0,2046897091,495,14121,1865289,1813842108,23823,0,106997,120538252,651092,169,0,651981,169,0,0,0,652150,0,651261,0,0,0,0,0,33,0,85,14704,0,0,0,0,0,0,0,0,225554,611,0,0,0,1015829,21385469,452411,0,0,0,85,1015829,21385469,0,0,46508,4050,23496,19446,19446,0,0,100512,0,0,364,0,0,0,0,0,0,0,59,0,59,0,0,0,0,0,0,0,0,0,0,0,0,0,0,0,0,0,0,0,0,714,24,0
1777070552.001156,1156,ubuntu-rog,1,0,0,6858502,6316,2880384,5281557,446089,0,16,0,0,0,0,0,1967736661,0,0,4907,1968895341,0,6316,2880384,5281557,446089,0,461658,169181,0,0,14149,0,199,0,0,0,3,0,2880423,104793,5734165,16,0,0,6522,0,0,0,0,0,0,0,48074103,44710730,0,0,107847,107847,15440,16361,0,0,0,0,0,0,0,0,0,2493417,1245186,0,262144,7673627,219172457,0,0,1026,709620,2039010341,0,0,0,0,0,3,0,0,0,0,0,0,2046897123,495,14121,1865289,1813842108,23823,0,106997,120538252,651092,169,0,651981,169,0,0,0,652150,0,651261,0,0,0,0,0,33,0,85,14704,0,0,0,0,0,0,0,0,225554,611,0,0,0,1015829,21385469,452411,0,0,0,85,1015829,21385469,0,0,46508,4050,23496,19446,19446,0,0,100512,0,0,364,0,0,0,0,0,0,0,59,0,59,0,0,0,0,0,0,0,0,0,0,0,0,0,0,0,0,0,0,0,0,714,24,0
1777070553.001159,1159,ubuntu-rog,1,0,0,6861528,6316,2880384,5281557,446089,0,18,0,0,0,0,0,1967736692,0,0,4907,1968895372,0,6316,2880384,5281557,446089,0,461658,169181,0,0,14149,0,199,0,0,0,3,0,2880423,104793,5734166,18,0,0,6522,0,0,0,0,0,0,0,48074105,44710730,0,0,107847,107847,15440,16361,0,0,0,0,0,0,0,0,0,2494022,1245488,0,262144,7673627,219172457,0,0,1026,709620,2039010371,0,0,0,0,0,3,0,0,0,0,0,0,2046897152,495,14121,1865289,1813842108,23823,0,106997,120538252,651092,169,0,651981,169,0,0,0,652150,0,651261,0,0,0,0,0,33,0,85,14704,0,0,0,0,0,0,0,0,225554,611,0,0,0,1015829,21385469,452411,0,0,0,85,1015829,21385469,0,0,46508,4050,23496,19446,19446,0,0,100512,0,0,364,0,0,0,0,0,0,0,59,0,59,0,0,0,0,0,0,0,0,0,0,0,0,0,0,0,0,0,0,0,0,714,24,0
1777070554.001257,1257,ubuntu-rog,1,0,0,6863480,6316,2880384,5281557,446089,0,18,0,0,0,0,0,1967736720,0,0,4907,1968895400,0,6316,2880384,5281557,446089,0,461658,169181,0,0,14149,0,199,0,0,0,3,0,2880423,104793,5734166,18,0,0,6522,0,0,0,0,0,0,0,48074105,44710730,0,0,107847,107847,15440,16361,0,0,0,0,0,0,0,0,0,2494413,1245683,0,262144,7673627,219172457,0,0,1026,709620,2039010399,0,0,0,0,0,3,0,0,0,0,0,0,2046897180,495,14121,1865289,1813842108,23823,0,106997,120538252,651092,169,0,651981,169,0,0,0,652150,0,651261,0,0,0,0,0,33,0,85,14704,0,0,0,0,0,0,0,0,225554,611,0,0,0,1015829,21385469,452411,0,0,0,85,1015829,21385469,0,0,46508,4050,23496,19446,19446,0,0,100512,0,0,364,0,0,0,0,0,0,0,59,0,59,0,0,0,0,0,0,0,0,0,0,0,0,0,0,0,0,0,0,0,0,714,24,0
1777070555.002289,2289,ubuntu-rog,1,0,0,6865496,6316,2880384,5281557,446089,0,18,0,0,0,0,0,1967736753,0,0,4907,1968895433,0,6316,2880384,5281557,446089,0,461658,169181,0,0,14149,0,199,0,0,0,3,0,2880423,104793,5734166,18,0,0,6522,0,0,0,0,0,0,0,48074105,44710730,0,0,107847,107847,15440,16361,0,0,0,0,0,0,0,0,0,2494816,1245885,0,262144,7673627,219172541,0,0,1026,709620,2039010432,0,0,0,0,0,3,0,0,0,0,0,0,2046897211,495,14121,1865289,1813842108,23823,0,106997,120538252,651092,169,0,651981,169,0,0,0,652150,0,651261,0,0,0,0,0,33,0,85,14704,0,0,0,0,0,0,0,0,225554,611,0,0,0,1015829,21385469,452411,0,0,0,85,1015829,21385469,0,0,46508,4050,23496,19446,19446,0,0,100512,0,0,364,0,0,0,0,0,0,0,59,0,59,0,0,0,0,0,0,0,0,0,0,0,0,0,0,0,0,0,0,0,0,714,24,0
1777070556.001299,1299,ubuntu-rog,1,0,0,6867512,6316,2880397,5281569,446089,0,7,0,0,0,0,0,1967736778,0,0,4907,1968895458,0,6316,2880397,5281569,446089,0,461658,169181,0,0,14149,0,199,0,0,0,3,0,2880423,104793,5734169,7,0,0,6522,0,0,0,0,0,0,0,48074109,44710745,0,0,107847,107847,15440,16361,0,0,0,0,0,0,0,0,0,2495221,1246087,0,262144,7673627,219172541,0,0,1026,709620,2039010457,0,0,0,0,0,3,0,0,0,0,0,0,2046897235,495,14121,1865289,1813842108,23823,0,106997,120538252,651092,169,0,651981,169,0,0,0,652150,0,651261,0,0,0,0,0,33,0,85,14704,0,0,0,0,0,0,0,0,225554,611,0,0,0,1015829,21385469,452411,0,0,0,85,1015829,21385469,0,0,46508,4050,23496,19446,19446,0,0,100512,0,0,364,0,0,0,0,0,0,0,59,0,59,0,0,0,0,0,0,0,0,0,0,0,0,0,0,0,0,0,0,0,0,714,24,0
1777070557.001157,1157,ubuntu-rog,1,0,0,6869528,6316,2880397,5281569,446089,0,7,0,0,0,0,0,1967736805,0,0,4907,1968895485,0,6316,2880397,5281569,446089,0,461658,169181,0,0,14149,0,199,0,0,0,3,0,2880423,104793,5734169,7,0,0,6522,0,0,0,0,0,0,0,48074109,44710745,0,0,107847,107847,15440,16361,0,0,0,0,0,0,0,0,0,2495624,1246288,0,262144,7673627,219172541,0,0,1026,709620,2039010484,0,0,0,0,0,3,0,0,0,0,0,0,2046897262,495,14121,1865289,1813842108,23823,0,106997,120538252,651092,169,0,651981,169,0,0,0,652150,0,651261,0,0,0,0,0,33,0,85,14704,0,0,0,0,0,0,0,0,225554,611,0,0,0,1015829,21385469,452411,0,0,0,85,1015829,21385469,0,0,46508,4050,23496,19446,19446,0,0,100512,0,0,364,0,0,0,0,0,0,0,59,0,59,0,0,0,0,0,0,0,0,0,0,0,0,0,0,0,0,0,0,0,0,714,24,0
1777070558.001159,1159,ubuntu-rog,1,0,0,6871544,6316,2880397,5281569,446089,0,8,0,0,0,0,0,1967736836,0,0,4907,1968895516,0,6316,2880397,5281569,446089,0,461658,169181,0,0,14149,0,199,0,0,0,3,0,2880423,104793,5734170,8,0,0,6522,0,0,0,0,0,0,0,48074110,44710745,0,0,107847,107847,15440,16361,0,0,0,0,0,0,0,0,0,2496028,1246490,0,262144,7673627,219172541,0,0,1026,709620,2039010515,0,0,0,0,0,3,0,0,0,0,0,0,2046897292,495,14121,1865289,1813842108,23823,0,106997,120538252,651092,169,0,651981,169,0,0,0,652150,0,651261,0,0,0,0,0,33,0,85,14704,0,0,0,0,0,0,0,0,225554,611,0,0,0,1015829,21385469,452411,0,0,0,85,1015829,21385469,0,0,46508,4050,23496,19446,19446,0,0,100512,0,0,364,0,0,0,0,0,0,0,59,0,59,0,0,0,0,0,0,0,0,0,0,0,0,0,0,0,0,0,0,0,0,714,24,0
1777070559.002254,2254,ubuntu-rog,1,0,0,6873560,6316,2880397,5281569,446089,0,9,0,0,0,0,0,1967736859,0,0,4907,1968895539,0,6316,2880397,5281569,446089,0,461658,169181,0,0,14149,0,199,0,0,0,3,0,2880423,104793,5734171,9,0,0,6522,0,0,0,0,0,0,0,48074111,44710745,0,0,107847,107847,15440,16361,0,0,0,0,0,0,0,0,0,2496431,1246691,0,262144,7673627,219172541,0,0,1026,709620,2039010538,0,0,0,0,0,3,0,0,0,0,0,0,2046897314,495,14121,1865289,1813842108,23823,0,106997,120538252,651092,169,0,651981,169,0,0,0,652150,0,651261,0,0,0,0,0,33,0,85,14704,0,0,0,0,0,0,0,0,225554,611,0,0,0,1015829,21385469,452411,0,0,0,85,1015829,21385469,0,0,46508,4050,23496,19446,19446,0,0,100512,0,0,364,0,0,0,0,0,0,0,59,0,59,0,0,0,0,0,0,0,0,0,0,0,0,0,0,0,0,0,0,0,0,714,24,0
1777070560.001295,1295,ubuntu-rog,1,0,0,6875576,6316,2880397,5281569,446089,0,11,0,0,0,0,0,1967736891,0,0,4907,1968895571,0,6316,2880397,5281569,446089,0,461658,169181,0,0,14149,0,199,0,0,0,3,0,2880423,104793,5734172,11,0,0,6522,0,0,0,0,0,0,0,48074113,44710745,0,0,107847,107847,15440,16361,0,0,0,0,0,0,0,0,0,2496834,1246892,0,262144,7673627,219172573,0,0,1026,709620,2039010570,0,0,0,0,0,3,0,0,0,0,0,0,2046897343,495,14121,1865289,1813842108,23823,0,106997,120538252,651092,169,0,651981,169,0,0,0,652150,0,651261,0,0,0,0,0,33,0,85,14704,0,0,0,0,0,0,0,0,225554,611,0,0,0,1015829,21385469,452411,0,0,0,85,1015829,21385469,0,0,46508,4050,23496,19446,19446,0,0,100512,0,0,364,0,0,0,0,0,0,0,59,0,59,0,0,0,0,0,0,0,0,0,0,0,0,0,0,0,0,0,0,0,0,714,24,0
1777070561.001297,1297,ubuntu-rog,1,0,0,6877592,6316,2880397,5281569,446089,0,14,0,0,0,0,0,1967736924,0,0,4907,1968895604,0,6316,2880397,5281569,446089,0,461658,169181,0,0,14149,0,199,0,0,0,3,0,2880423,104793,5734174,14,0,0,6522,0,0,0,0,0,0,0,48074116,44710745,0,0,107847,107847,15440,16361,0,0,0,0,0,0,0,0,0,2497237,1247094,0,262144,7673627,219172573,0,0,1026,709620,2039010603,0,0,0,0,0,3,0,0,0,0,0,0,2046897376,495,14121,1865289,1813842108,23823,0,106997,120538252,651092,169,0,651981,169,0,0,0,652150,0,651261,0,0,0,0,0,33,0,85,14704,0,0,0,0,0,0,0,0,225554,611,0,0,0,1015829,21385469,452411,0,0,0,85,1015829,21385469,0,0,46508,4050,23496,19446,19446,0,0,100512,0,0,364,0,0,0,0,0,0,0,59,0,59,0,0,0,0,0,0,0,0,0,0,0,0,0,0,0,0,0,0,0,0,714,24,0
1777070562.001158,1158,ubuntu-rog,1,0,0,6879608,6316,2880397,5281569,446089,0,14,0,0,0,0,0,1967736948,0,0,4907,1968895628,0,6316,2880397,5281569,446089,0,461658,169181,0,0,14149,0,199,0,0,0,3,0,2880423,104793,5734174,14,0,0,6522,0,0,0,0,0,0,0,48074116,44710745,0,0,107847,107847,15440,16361,0,0,0,0,0,0,0,0,0,2497640,1247295,0,262144,7673627,219172573,0,0,1026,709620,2039010627,0,0,0,0,0,3,0,0,0,0,0,0,2046897400,495,14121,1865289,1813842108,23823,0,106997,120538252,651092,169,0,651981,169,0,0,0,652150,0,651261,0,0,0,0,0,33,0,85,14704,0,0,0,0,0,0,0,0,225554,611,0,0,0,1015829,21385469,452411,0,0,0,85,1015829,21385469,0,0,46508,4050,23496,19446,19446,0,0,100512,0,0,364,0,0,0,0,0,0,0,59,0,59,0,0,0,0,0,0,0,0,0,0,0,0,0,0,0,0,0,0,0,0,714,24,0
1777070563.002152,2152,ubuntu-rog,1,0,0,6882129,6316,2880397,5281569,446089,0,15,0,0,0,0,0,1967736981,0,0,4907,1968895661,0,6316,2880397,5281569,446089,0,461658,169181,0,0,14149,0,199,0,0,0,3,0,2880423,104793,5734175,15,0,0,6522,0,0,0,0,0,0,0,48074117,44710745,0,0,107847,107847,15440,16361,0,0,0,0,0,0,0,0,0,2498144,1247547,0,262144,7673627,219172573,0,0,1026,709620,2039010660,0,0,0,0,0,3,0,0,0,0,0,0,2046897432,495,14121,1865289,1813842108,23823,0,106997,120538252,651092,169,0,651981,169,0,0,0,652150,0,651261,0,0,0,0,0,33,0,85,14704,0,0,0,0,0,0,0,0,225554,611,0,0,0,1015829,21385469,452411,0,0,0,85,1015829,21385469,0,0,46508,4050,23496,19446,19446,0,0,100512,0,0,364,0,0,0,0,0,0,0,59,0,59,0,0,0,0,0,0,0,0,0,0,0,0,0,0,0,0,0,0,0,0,714,24,0
1777070564.001257,1257,ubuntu-rog,1,0,0,6884082,6316,2880397,5281569,446089,0,16,0,0,0,0,0,1967737011,0,0,4907,1968895691,0,6316,2880397,5281569,446089,0,461658,169181,0,0,14149,0,199,0,0,0,3,0,2880423,104793,5734176,16,0,0,6522,0,0,0,0,0,0,0,48074118,44710745,0,0,107847,107847,15440,16361,0,0,0,0,0,0,0,0,0,2498535,1247742,0,262144,7673627,219172573,0,0,1026,709620,2039010690,0,0,0,0,0,3,0,0,0,0,0,0,2046897461,495,14121,1865289,1813842108,23823,0,106997,120538252,651092,169,0,651981,169,0,0,0,652150,0,651261,0,0,0,0,0,33,0,85,14704,0,0,0,0,0,0,0,0,225554,611,0,0,0,1015829,21385469,452411,0,0,0,85,1015829,21385469,0,0,46508,4050,23496,19446,19446,0,0,100512,0,0,364,0,0,0,0,0,0,0,59,0,59,0,0,0,0,0,0,0,0,0,0,0,0,0,0,0,0,0,0,0,0,714,24,0
1777070565.001297,1297,ubuntu-rog,1,0,0,6886098,6316,2880397,5281569,446089,0,16,0,0,0,0,0,1967737034,0,0,4907,1968895714,0,6316,2880397,5281569,446089,0,461658,169181,0,0,14149,0,199,0,0,0,3,0,2880423,104793,5734176,16,0,0,6522,0,0,0,0,0,0,0,48074118,44710745,0,0,107847,107847,15440,16361,0,0,0,0,0,0,0,0,0,2498938,1247943,0,262144,7673627,219172589,0,0,1026,709620,2039010713,0,0,0,0,0,3,0,0,0,0,0,0,2046897482,495,14121,1865289,1813842108,23823,0,106997,120538252,651092,169,0,651981,169,0,0,0,652150,0,651261,0,0,0,0,0,33,0,85,14704,0,0,0,0,0,0,0,0,225554,611,0,0,0,1015829,21385469,452411,0,0,0,85,1015829,21385469,0,0,46508,4050,23496,19446,19446,0,0,100512,0,0,364,0,0,0,0,0,0,0,59,0,59,0,0,0,0,0,0,0,0,0,0,0,0,0,0,0,0,0,0,0,0,714,24,0
1777070566.001298,1298,ubuntu-rog,1,0,0,6888114,6316,2880397,5281569,446089,0,17,0,0,0,0,0,1967737066,0,0,4907,1968895746,0,6316,2880397,5281569,446089,0,461658,169181,0,0,14149,0,199,0,0,0,3,0,2880423,104793,5734179,17,0,0,6522,0,0,0,0,0,0,0,48074119,44710745,0,0,107847,107847,15440,16361,0,0,0,0,0,0,0,0,0,2499341,1248144,0,262144,7673627,219172589,0,0,1026,709620,2039010745,0,0,0,0,0,3,0,0,0,0,0,0,2046897513,495,14121,1865289,1813842108,23823,0,106997,120538252,651092,169,0,651981,169,0,0,0,652150,0,651261,0,0,0,0,0,33,0,85,14704,0,0,0,0,0,0,0,0,225554,611,0,0,0,1015829,21385469,452411,0,0,0,85,1015829,21385469,0,0,46508,4050,23496,19446,19446,0,0,100512,0,0,364,0,0,0,0,0,0,0,59,0,59,0,0,0,0,0,0,0,0,0,0,0,0,0,0,0,0,0,0,0,0,714,24,0
1777070567.002152,2152,ubuntu-rog,1,0,0,6890130,6316,2880397,5281569,446089,0,17,0,0,0,0,0,1967737097,0,0,4907,1968895777,0,6316,2880397,5281569,446089,0,461658,169181,0,0,14149,0,199,0,0,0,3,0,2880423,104793,5734179,17,0,0,6522,0,0,0,0,0,0,0,48074119,44710745,0,0,107847,107847,15440,16361,0,0,0,0,0,0,0,0,0,2499744,1248346,0,262144,7673627,219172589,0,0,1026,709620,2039010776,0,0,0,0,0,3,0,0,0,0,0,0,2046897544,495,14121,1865289,1813842108,23823,0,106997,120538252,651092,169,0,651981,169,0,0,0,652150,0,651261,0,0,0,0,0,33,0,85,14704,0,0,0,0,0,0,0,0,225554,611,0,0,0,1015829,21385469,452411,0,0,0,85,1015829,21385469,0,0,46508,4050,23496,19446,19446,0,0,100512,0,0,364,0,0,0,0,0,0,0,59,0,59,0,0,0,0,0,0,0,0,0,0,0,0,0,0,0,0,0,0,0,0,714,24,0
1777070568.001156,1156,ubuntu-rog,1,0,0,6892146,6316,2880397,5281569,446089,0,17,0,0,0,0,0,1967737124,0,0,4907,1968895804,0,6316,2880397,5281569,446089,0,461658,169181,0,0,14149,0,199,0,0,0,3,0,2880423,104793,5734179,17,0,0,6522,0,0,0,0,0,0,0,48074119,44710745,0,0,107847,107847,15440,16361,0,0,0,0,0,0,0,0,0,2500147,1248547,0,262144,7673627,219172589,0,0,1026,709620,2039010803,0,0,0,0,0,3,0,0,0,0,0,0,2046897571,495,14121,1865289,1813842108,23823,0,106997,120538252,651092,169,0,651981,169,0,0,0,652150,0,651261,0,0,0,0,0,33,0,85,14704,0,0,0,0,0,0,0,0,225554,611,0,0,0,1015829,21385469,452411,0,0,0,85,1015829,21385469,0,0,46508,4050,23496,19446,19446,0,0,100512,0,0,364,0,0,0,0,0,0,0,59,0,59,0,0,0,0,0,0,0,0,0,0,0,0,0,0,0,0,0,0,0,0,714,24,0
1777070569.001256,1256,ubuntu-rog,1,0,0,6894162,6316,2880397,5281569,446089,0,19,0,0,0,0,0,1967737169,0,0,4907,1968895849,0,6316,2880397,5281569,446089,0,461658,169181,0,0,14149,0,199,0,0,0,3,0,2880423,104793,5734181,19,0,0,6522,0,0,0,0,0,0,0,48074121,44710745,0,0,107847,107847,15440,16361,0,0,0,0,0,0,0,0,0,2500550,1248748,0,262144,7673627,219172589,0,0,1026,709620,2039010848,0,0,0,0,0,3,0,0,0,0,0,0,2046897614,495,14121,1865289,1813842108,23823,0,106997,120538252,651092,169,0,651981,169,0,0,0,652150,0,651261,0,0,0,0,0,33,0,85,14704,0,0,0,0,0,0,0,0,225554,611,0,0,0,1015829,21385469,452411,0,0,0,85,1015829,21385469,0,0,46508,4050,23496,19446,19446,0,0,100512,0,0,364,0,0,0,0,0,0,0,59,0,59,0,0,0,0,0,0,0,0,0,0,0,0,0,0,0,0,0,0,0,0,714,24,0
1777070570.001291,1291,ubuntu-rog,1,0,0,6896178,6316,2880397,5281569,446089,0,19,0,0,0,0,0,1967737206,0,0,4907,1968895886,0,6316,2880397,5281569,446089,0,461658,169181,0,0,14149,0,199,0,0,0,3,0,2880423,104793,5734181,19,0,0,6522,0,0,0,0,0,0,0,48074121,44710745,0,0,107847,107847,15440,16361,0,0,0,0,0,0,0,0,0,2500953,1248949,0,262144,7673627,219172605,0,0,1026,709620,2039010885,0,0,0,0,0,3,0,0,0,0,0,0,2046897649,495,14121,1865289,1813842108,23823,0,106997,120538252,651092,169,0,651981,169,0,0,0,652150,0,651261,0,0,0,0,0,33,0,85,14704,0,0,0,0,0,0,0,0,225554,611,0,0,0,1015829,21385469,452411,0,0,0,85,1015829,21385469,0,0,46508,4050,23496,19446,19446,0,0,100512,0,0,364,0,0,0,0,0,0,0,59,0,59,0,0,0,0,0,0,0,0,0,0,0,0,0,0,0,0,0,0,0,0,714,24,0
1777070571.002295,2295,ubuntu-rog,1,0,0,6898194,6316,2880397,5281569,446089,0,19,0,0,0,0,0,1967737234,0,0,4907,1968895914,0,6316,2880397,5281569,446089,0,461658,169181,0,0,14149,0,199,0,0,0,3,0,2880423,104793,5734183,19,0,0,6522,0,0,0,0,0,0,0,48074121,44710745,0,0,107847,107847,15440,16361,0,0,0,0,0,0,0,0,0,2501356,1249151,0,262144,7673627,219172605,0,0,1026,709620,2039010913,0,0,0,0,0,3,0,0,0,0,0,0,2046897677,495,14121,1865289,1813842108,23823,0,106997,120538252,651092,169,0,651981,169,0,0,0,652150,0,651261,0,0,0,0,0,33,0,85,14704,0,0,0,0,0,0,0,0,225554,611,0,0,0,1015829,21385469,452411,0,0,0,85,1015829,21385469,0,0,46508,4050,23496,19446,19446,0,0,100512,0,0,364,0,0,0,0,0,0,0,59,0,59,0,0,0,0,0,0,0,0,0,0,0,0,0,0,0,0,0,0,0,0,714,24,0
1777070572.001164,1164,ubuntu-rog,1,0,0,6900833,6316,2880438,5281569,446089,0,68,0,0,0,0,0,1967738488,0,0,4907,1968897168,0,6316,2880438,5281569,446089,0,461658,169177,0,0,14149,0,199,0,0,0,3,0,2880423,104794,5734184,68,0,0,6522,0,0,0,0,0,0,0,48074170,44710745,0,0,107847,107847,15456,16361,0,0,0,0,0,0,0,0,0,2501884,1249414,0,262144,7673627,219172605,0,0,1026,709620,2039012167,0,0,0,0,0,3,0,0,0,0,0,0,2046898898,495,14121,1865289,1813844232,23823,0,106997,120538621,651092,169,0,651981,169,0,0,0,652150,0,651261,0,0,0,0,0,33,0,85,14704,0,0,0,0,0,0,0,0,225554,611,0,0,0,1015829,21385469,452411,0,0,0,85,1015829,21385469,0,0,46508,4050,23496,19446,19446,0,0,100512,0,0,364,0,0,0,0,0,0,0,59,0,59,0,0,0,0,0,0,0,0,0,0,0,0,0,0,0,0,0,0,0,0,714,24,0
1777070573.001158,1158,ubuntu-rog,1,0,0,6903556,6316,2880438,5281569,446089,0,69,0,0,0,0,0,1967738514,0,0,4907,1968897194,0,6316,2880438,5281569,446089,0,461658,169177,0,0,14149,0,199,0,0,0,3,0,2880423,104794,5734185,69,0,0,6522,0,0,0,0,0,0,0,48074171,44710745,0,0,107847,107847,15456,16361,0,0,0,0,0,0,0,0,0,2502428,1249686,0,262144,7673627,219172605,0,0,1026,709620,2039012193,0,0,0,0,0,3,0,0,0,0,0,0,2046898923,495,14121,1865289,1813844232,23823,0,106997,120538621,651092,169,0,651981,169,0,0,0,652150,0,651261,0,0,0,0,0,33,0,85,14704,0,0,0,0,0,0,0,0,225554,611,0,0,0,1015829,21385469,452411,0,0,0,85,1015829,21385469,0,0,46508,4050,23496,19446,19446,0,0,100512,0,0,364,0,0,0,0,0,0,0,59,0,59,0,0,0,0,0,0,0,0,0,0,0,0,0,0,0,0,0,0,0,0,714,24,0
1777070574.001259,1259,ubuntu-rog,1,0,0,6905454,6316,2880438,5281569,446089,0,69,0,0,0,0,0,1967738543,0,0,4907,1968897223,0,6316,2880438,5281569,446089,0,461658,169177,0,0,14149,0,199,0,0,0,3,0,2880423,104794,5734185,69,0,0,6522,0,0,0,0,0,0,0,48074171,44710745,0,0,107847,107847,15456,16361,0,0,0,0,0,0,0,0,0,2502808,1249876,0,262144,7673627,219172605,0,0,1026,709620,2039012222,0,0,0,0,0,3,0,0,0,0,0,0,2046898952,495,14121,1865289,1813844232,23823,0,106997,120538621,651092,169,0,651981,169,0,0,0,652150,0,651261,0,0,0,0,0,33,0,85,14704,0,0,0,0,0,0,0,0,225554,611,0,0,0,1015829,21385469,452411,0,0,0,85,1015829,21385469,0,0,46508,4050,23496,19446,19446,0,0,100512,0,0,364,0,0,0,0,0,0,0,59,0,59,0,0,0,0,0,0,0,0,0,0,0,0,0,0,0,0,0,0,0,0,714,24,0
1777070575.002287,2287,ubuntu-rog,1,0,0,6907470,6316,2880438,5281569,446089,0,70,0,0,0,0,0,1967738576,0,0,4907,1968897256,0,6316,2880438,5281569,446089,0,461658,169177,0,0,14149,0,199,0,0,0,3,0,2880423,104794,5734186,70,0,0,6522,0,0,0,0,0,0,0,48074172,44710745,0,0,107847,107847,15456,16361,0,0,0,0,0,0,0,0,0,2503211,1250077,0,262144,7673627,219172641,0,0,1026,709620,2039012255,0,0,0,0,0,3,0,0,0,0,0,0,2046898982,495,14121,1865289,1813844232,23823,0,106997,120538621,651092,169,0,651981,169,0,0,0,652150,0,651261,0,0,0,0,0,33,0,85,14704,0,0,0,0,0,0,0,0,225554,611,0,0,0,1015829,21385469,452411,0,0,0,85,1015829,21385469,0,0,46508,4050,23496,19446,19446,0,0,100512,0,0,364,0,0,0,0,0,0,0,59,0,59,0,0,0,0,0,0,0,0,0,0,0,0,0,0,0,0,0,0,0,0,714,24,0
1777070576.001299,1299,ubuntu-rog,1,0,0,6909486,6316,2880438,5281569,446089,0,76,0,0,0,0,0,1967738599,0,0,4907,1968897279,0,6316,2880438,5281569,446089,0,461658,169174,0,0,14149,0,199,0,0,0,3,0,2880423,104794,5734189,76,0,0,6522,0,0,0,0,0,0,0,48074178,44710745,0,0,107847,107847,15456,16361,0,0,0,0,0,0,0,0,0,2503614,1250278,0,262144,7673627,219172641,0,0,1026,709620,2039012278,0,0,0,0,0,3,0,0,0,0,0,0,2046899007,495,14121,1865289,1813844232,23823,0,106997,120538621,651092,169,0,651981,169,0,0,0,652150,0,651261,0,0,0,0,0,33,0,85,14704,0,0,0,0,0,0,0,0,225554,611,0,0,0,1015829,21385469,452411,0,0,0,85,1015829,21385469,0,0,46508,4050,23496,19446,19446,0,0,100512,0,0,364,0,0,0,0,0,0,0,59,0,59,0,0,0,0,0,0,0,0,0,0,0,0,0,0,0,0,0,0,0,0,714,24,0
1777070577.001155,1155,ubuntu-rog,1,0,0,6911502,6316,2880438,5281569,446089,0,76,0,0,0,0,0,1967738629,0,0,4907,1968897309,0,6316,2880438,5281569,446089,0,461658,169174,0,0,14149,0,199,0,0,0,3,0,2880423,104794,5734189,76,0,0,6522,0,0,0,0,0,0,0,48074178,44710745,0,0,107847,107847,15456,16361,0,0,0,0,0,0,0,0,0,2504017,1250480,0,262144,7673627,219172641,0,0,1026,709620,2039012308,0,0,0,0,0,3,0,0,0,0,0,0,2046899037,495,14121,1865289,1813844232,23823,0,106997,120538621,651092,169,0,651981,169,0,0,0,652150,0,651261,0,0,0,0,0,33,0,85,14704,0,0,0,0,0,0,0,0,225554,611,0,0,0,1015829,21385469,452411,0,0,0,85,1015829,21385469,0,0,46508,4050,23496,19446,19446,0,0,100512,0,0,364,0,0,0,0,0,0,0,59,0,59,0,0,0,0,0,0,0,0,0,0,0,0,0,0,0,0,0,0,0,0,714,24,0
1777070578.001157,1157,ubuntu-rog,1,0,0,6913518,6316,2880438,5281569,446089,0,76,0,0,0,0,0,1967738657,0,0,4907,1968897337,0,6316,2880438,5281569,446089,0,461658,169174,0,0,14149,0,199,0,0,0,3,0,2880423,104794,5734189,76,0,0,6522,0,0,0,0,0,0,0,48074178,44710745,0,0,107847,107847,15456,16361,0,0,0,0,0,0,0,0,0,2504420,1250681,0,262144,7673627,219172641,0,0,1026,709620,2039012336,0,0,0,0,0,3,0,0,0,0,0,0,2046899065,495,14121,1865289,1813844232,23823,0,106997,120538621,651092,169,0,651981,169,0,0,0,652150,0,651261,0,0,0,0,0,33,0,85,14704,0,0,0,0,0,0,0,0,225554,611,0,0,0,1015829,21385469,452411,0,0,0,85,1015829,21385469,0,0,46508,4050,23496,19446,19446,0,0,100512,0,0,364,0,0,0,0,0,0,0,59,0,59,0,0,0,0,0,0,0,0,0,0,0,0,0,0,0,0,0,0,0,0,714,24,0
1777070579.002256,2256,ubuntu-rog,1,0,0,6915534,6316,2880438,5281569,446089,0,76,0,0,0,0,0,1967738678,0,0,4907,1968897358,0,6316,2880438,5281569,446089,0,461658,169174,0,0,14149,0,199,0,0,0,3,0,2880423,104794,5734189,76,0,0,6522,0,0,0,0,0,0,0,48074178,44710745,0,0,107847,107847,15456,16361,0,0,0,0,0,0,0,0,0,2504823,1250882,0,262144,7673627,219172641,0,0,1026,709620,2039012357,0,0,0,0,0,3,0,0,0,0,0,0,2046899086,495,14121,1865289,1813844237,23823,0,106997,120538626,651092,169,0,651981,169,0,0,0,652150,0,651261,0,0,0,0,0,33,0,85,14704,0,0,0,0,0,0,0,0,225554,611,0,0,0,1015829,21385469,452411,0,0,0,85,1015829,21385469,0,0,46508,4050,23496,19446,19446,0,0,100512,0,0,364,0,0,0,0,0,0,0,59,0,59,0,0,0,0,0,0,0,0,0,0,0,0,0,0,0,0,0,0,0,0,714,24,0
1777070580.001294,1294,ubuntu-rog,1,0,0,6917550,6316,2880438,5281569,446089,0,78,0,0,0,0,0,1967738713,0,0,4907,1968897393,0,6316,2880438,5281569,446089,0,461658,169174,0,0,14149,0,199,0,0,0,3,0,2880423,104794,5734191,78,0,0,6522,0,0,0,0,0,0,0,48074180,44710745,0,0,107847,107847,15456,16361,0,0,0,0,0,0,0,0,0,2505227,1251084,0,262144,7673627,219172657,0,0,1026,709620,2039012392,0,0,0,0,0,3,0,0,0,0,0,0,2046899118,495,14121,1865289,1813844237,23823,0,106997,120538626,651092,169,0,651981,169,0,0,0,652150,0,651261,0,0,0,0,0,33,0,85,14704,0,0,0,0,0,0,0,0,225554,611,0,0,0,1015829,21385469,452411,0,0,0,85,1015829,21385469,0,0,46508,4050,23496,19446,19446,0,0,100512,0,0,364,0,0,0,0,0,0,0,59,0,59,0,0,0,0,0,0,0,0,0,0,0,0,0,0,0,0,0,0,0,0,714,24,0
1777070581.001300,1300,ubuntu-rog,1,0,0,6919566,6316,2880438,5281579,446089,0,67,0,0,0,0,0,1967738744,0,0,4907,1968897424,0,6316,2880438,5281579,446089,0,461658,169174,0,0,14149,0,199,0,0,0,3,0,2880423,104794,5734193,67,0,0,6522,0,0,0,0,0,0,0,48074180,44710756,0,0,107847,107847,15456,16361,0,0,0,0,0,0,0,0,0,2505632,1251286,0,262144,7673627,219172701,0,0,1026,709620,2039012423,0,0,0,0,0,3,0,0,0,0,0,0,2046899148,495,14121,1865289,1813844237,23823,0,106997,120538626,651092,169,0,651981,169,0,0,0,652150,0,651261,0,0,0,0,0,33,0,85,14704,0,0,0,0,0,0,0,0,225554,611,0,0,0,1015829,21385469,452411,0,0,0,85,1015829,21385469,0,0,46508,4050,23496,19446,19446,0,0,100512,0,0,364,0,0,0,0,0,0,0,59,0,59,0,0,0,0,0,0,0,0,0,0,0,0,0,0,0,0,0,0,0,0,714,24,0
1777070582.001154,1154,ubuntu-rog,1,0,0,6921582,6316,2880438,5281579,446089,0,67,0,0,0,0,0,1967738772,0,0,4907,1968897452,0,6316,2880438,5281579,446089,0,461658,169174,0,0,14149,0,199,0,0,0,3,0,2880423,104794,5734193,67,0,0,6522,0,0,0,0,0,0,0,48074180,44710756,0,0,107847,107847,15456,16361,0,0,0,0,0,0,0,0,0,2506035,1251487,0,262144,7673627,219172701,0,0,1026,709620,2039012451,0,0,0,0,0,3,0,0,0,0,0,0,2046899176,495,14121,1865289,1813844237,23823,0,106997,120538626,651092,169,0,651981,169,0,0,0,652150,0,651261,0,0,0,0,0,33,0,85,14704,0,0,0,0,0,0,0,0,225554,611,0,0,0,1015829,21385469,452411,0,0,0,85,1015829,21385469,0,0,46508,4050,23496,19446,19446,0,0,100512,0,0,364,0,0,0,0,0,0,0,59,0,59,0,0,0,0,0,0,0,0,0,0,0,0,0,0,0,0,0,0,0,0,714,24,0
1777070583.002154,2154,ubuntu-rog,1,0,0,6923800,6316,2880438,5281579,446089,0,68,0,0,0,0,0,1967738804,0,0,4907,1968897484,0,6316,2880438,5281579,446089,0,461658,169174,0,0,14149,0,199,0,0,0,3,0,2880423,104794,5734194,68,0,0,6522,0,0,0,0,0,0,0,48074181,44710756,0,0,107847,107847,15456,16361,0,0,0,0,0,0,0,0,0,2506478,1251709,0,262144,7673627,219172701,0,0,1026,709620,2039012483,0,0,0,0,0,3,0,0,0,0,0,0,2046899207,495,14121,1865289,1813844237,23823,0,106997,120538626,651092,169,0,651981,169,0,0,0,652150,0,651261,0,0,0,0,0,33,0,85,14704,0,0,0,0,0,0,0,0,225554,611,0,0,0,1015829,21385469,452411,0,0,0,85,1015829,21385469,0,0,46508,4050,23496,19446,19446,0,0,100512,0,0,364,0,0,0,0,0,0,0,59,0,59,0,0,0,0,0,0,0,0,0,0,0,0,0,0,0,0,0,0,0,0,714,24,0
1777070584.001256,1256,ubuntu-rog,1,0,0,6924975,6316,2880438,5281579,446089,0,68,0,0,0,0,0,1967738826,0,0,4907,1968897506,0,6316,2880438,5281579,446089,0,461658,169174,0,0,14149,0,199,0,0,0,3,0,2880423,104794,5734194,68,0,0,6522,0,0,0,0,0,0,0,48074181,44710756,0,0,107847,107847,15456,16361,0,0,0,0,0,0,0,0,0,2506713,1251826,0,262144,7673627,219172701,0,0,1026,709620,2039012505,0,0,0,0,0,3,0,0,0,0,0,0,2046899229,495,14121,1865289,1813844237,23823,0,106997,120538626,651092,169,0,651981,169,0,0,0,652150,0,651261,0,0,0,0,0,33,0,85,14704,0,0,0,0,0,0,0,0,225554,611,0,0,0,1015829,21385469,452411,0,0,0,85,1015829,21385469,0,0,46508,4050,23496,19446,19446,0,0,100512,0,0,364,0,0,0,0,0,0,0,59,0,59,0,0,0,0,0,0,0,0,0,0,0,0,0,0,0,0,0,0,0,0,714,24,0
1777070585.001295,1295,ubuntu-rog,1,0,0,6926349,6316,2880438,5281579,446089,0,69,0,0,0,0,0,1967738857,0,0,4907,1968897537,0,6316,2880438,5281579,446089,0,461658,169174,0,0,14149,0,199,0,0,0,3,0,2880423,104794,5734195,69,0,0,6522,0,0,0,0,0,0,0,48074182,44710756,0,0,107847,107847,15456,16361,0,0,0,0,0,0,0,0,0,2506988,1251963,0,262144,7673627,219172717,0,0,1026,709620,2039012536,0,0,0,0,0,3,0,0,0,0,0,0,2046899257,495,14121,1865289,1813844237,23823,0,106997,120538626,651092,169,0,651981,169,0,0,0,652150,0,651261,0,0,0,0,0,33,0,85,14704,0,0,0,0,0,0,0,0,225554,611,0,0,0,1015829,21385469,452411,0,0,0,85,1015829,21385469,0,0,46508,4050,23496,19446,19446,0,0,100512,0,0,364,0,0,0,0,0,0,0,59,0,59,0,0,0,0,0,0,0,0,0,0,0,0,0,0,0,0,0,0,0,0,714,24,0
1777070586.001300,1300,ubuntu-rog,1,0,0,6927648,6316,2880438,5281579,446089,0,71,0,0,0,0,0,1967738888,0,0,4907,1968897568,0,6316,2880438,5281579,446089,0,461658,169174,0,0,14149,0,199,0,0,0,3,0,2880423,104794,5734198,71,0,0,6522,0,0,0,0,0,0,0,48074184,44710756,0,0,107847,107847,15456,16361,0,0,0,0,0,0,0,0,0,2507248,1252093,0,262144,7673627,219172789,0,0,1026,709620,2039012567,0,0,0,0,0,3,0,0,0,0,0,0,2046899293,495,14121,1865289,1813844237,23823,0,106997,120538626,651092,169,0,651981,169,0,0,0,652150,0,651261,0,0,0,0,0,33,0,85,14704,0,0,0,0,0,0,0,0,225554,611,0,0,0,1015829,21385469,452411,0,0,0,85,1015829,21385469,0,0,46508,4050,23496,19446,19446,0,0,100512,0,0,364,0,0,0,0,0,0,0,59,0,59,0,0,0,0,0,0,0,0,0,0,0,0,0,0,0,0,0,0,0,0,714,24,0
1777070587.002151,2151,ubuntu-rog,1,0,0,6928671,6316,2880438,5281579,446089,0,55,0,0,0,0,0,1967738912,0,0,4907,1968897592,0,6316,2880438,5281579,446089,0,461658,169174,0,0,14149,0,199,0,0,0,3,0,2880423,104794,5734199,55,0,0,6522,0,0,0,0,0,0,0,48074186,44710774,0,0,107847,107847,15456,16361,0,0,0,0,0,0,0,0,0,2507452,1252195,0,262144,7673627,219172789,0,0,1026,709620,2039012591,0,0,0,0,0,3,0,0,0,0,0,0,2046899316,495,14121,1865289,1813844237,23823,0,106997,120538626,651092,169,0,651981,169,0,0,0,652150,0,651261,0,0,0,0,0,33,0,85,14704,0,0,0,0,0,0,0,0,225554,611,0,0,0,1015829,21385469,452411,0,0,0,85,1015829,21385469,0,0,46508,4050,23496,19446,19446,0,0,100512,0,0,364,0,0,0,0,0,0,0,59,0,59,0,0,0,0,0,0,0,0,0,0,0,0,0,0,0,0,0,0,0,0,714,24,0
1777070588.001156,1156,ubuntu-rog,1,0,0,6929671,6316,2880438,5281579,446089,0,55,0,0,0,0,0,1967738942,0,0,4907,1968897622,0,6316,2880438,5281579,446089,0,461658,169174,0,0,14149,0,199,0,0,0,3,0,2880423,104794,5734199,55,0,0,6522,0,0,0,0,0,0,0,48074186,44710774,0,0,107847,107847,15456,16361,0,0,0,0,0,0,0,0,0,2507652,1252295,0,262144,7673627,219172789,0,0,1026,709620,2039012621,0,0,0,0,0,3,0,0,0,0,0,0,2046899347,495,14121,1865289,1813844238,23823,0,106997,120538626,651092,169,0,651981,169,0,0,0,652150,0,651261,0,0,0,0,0,33,0,85,14704,0,0,0,0,0,0,0,0,225554,611,0,0,0,1015829,21385469,452411,0,0,0,85,1015829,21385469,0,0,46508,4050,23496,19446,19446,0,0,100512,0,0,364,0,0,0,0,0,0,0,59,0,59,0,0,0,0,0,0,0,0,0,0,0,0,0,0,0,0,0,0,0,0,714,24,0
1777070589.001256,1256,ubuntu-rog,1,0,0,6930479,6316,2880438,5281579,446089,0,55,0,0,0,0,0,1967738973,0,0,4907,1968897653,0,6316,2880438,5281579,446089,0,461658,169173,0,0,14149,0,199,0,0,0,3,0,2880423,104810,5734199,55,0,0,6522,0,0,0,0,0,0,0,48074186,44710774,0,0,107847,107847,15456,16361,0,0,0,0,0,0,0,0,0,2507814,1252376,0,262144,7673627,219172789,0,0,1026,709620,2039012652,0,0,0,0,0,3,0,0,0,0,0,0,2046899378,495,14121,1865289,1813844238,23823,0,106997,120538626,651092,169,0,651981,169,0,0,0,652150,0,651261,0,0,0,0,0,33,0,85,14704,0,0,0,0,0,0,0,0,225554,611,0,0,0,1015829,21385469,452411,0,0,0,85,1015829,21385469,0,0,46508,4050,23496,19446,19446,0,0,100512,0,0,364,0,0,0,0,0,0,0,59,0,59,0,0,0,0,0,0,0,0,0,0,0,0,0,0,0,0,0,0,0,0,714,24,0
1777070590.001293,1293,ubuntu-rog,1,0,0,6931073,6316,2880438,5281579,446089,0,56,0,0,0,0,0,1967738998,0,0,4907,1968897678,0,6316,2880438,5281579,446089,0,461658,169173,0,0,14149,0,199,0,0,0,3,0,2880423,104810,5734200,56,0,0,6522,0,0,0,0,0,0,0,48074187,44710774,0,0,107847,107847,15456,16361,0,0,0,0,0,0,0,0,0,2507932,1252435,0,262144,7673627,219172813,0,0,1026,709620,2039012677,0,0,0,0,0,3,0,0,0,0,0,0,2046899400,495,14121,1865289,1813844238,23823,0,106997,120538626,651092,169,0,651981,169,0,0,0,652150,0,651261,0,0,0,0,0,33,0,85,14704,0,0,0,0,0,0,0,0,225554,611,0,0,0,1015829,21385469,452411,0,0,0,85,1015829,21385469,0,0,46508,4050,23496,19446,19446,0,0,100512,0,0,364,0,0,0,0,0,0,0,59,0,59,0,0,0,0,0,0,0,0,0,0,0,0,0,0,0,0,0,0,0,0,714,24,0
1777070591.002294,2294,ubuntu-rog,1,0,0,6931690,6316,2880400,5281579,446089,0,61,0,0,0,0,0,1967739032,0,0,4907,1968897712,0,6316,2880400,5281579,446089,0,461658,169173,0,0,14149,0,199,0,0,0,3,0,2880385,104810,5734203,61,0,0,6522,0,0,0,0,0,0,0,48074192,44710774,0,0,107847,107847,15456,16361,0,0,0,0,0,0,0,0,0,2508056,1252496,0,262144,7673627,219172829,0,0,1026,709620,2039012711,0,0,0,0,0,3,0,0,0,0,0,0,2046899471,495,14121,1865289,1813844238,23823,0,106997,120538626,651092,169,0,651981,169,0,0,0,652150,0,651261,0,0,0,0,0,33,0,85,14704,0,0,0,0,0,0,0,0,225554,611,0,0,0,1015829,21385469,452411,0,0,0,85,1015829,21385469,0,0,46508,4050,23496,19446,19446,0,0,100512,0,0,364,0,0,0,0,0,0,0,59,0,59,0,0,0,0,0,0,0,0,0,0,0,0,0,0,0,0,0,0,0,0,714,24,0
1777070592.001157,1157,ubuntu-rog,1,0,0,6932218,6316,2880400,5281579,446089,0,57,0,0,0,0,0,1967739059,0,0,4907,1968897739,0,6316,2880400,5281579,446089,0,461658,169173,0,0,14149,0,199,0,0,0,3,0,2880385,104810,5734203,57,0,0,6522,0,0,0,0,0,0,0,48074192,44710778,0,0,107847,107847,15456,16361,0,0,0,0,0,0,0,0,0,2508161,1252549,0,262144,7673627,219172829,0,0,1026,709620,2039012738,0,0,0,0,0,3,0,0,0,0,0,0,2046899498,495,14121,1865289,1813844238,23823,0,106997,120538626,651092,169,0,651981,169,0,0,0,652150,0,651261,0,0,0,0,0,33,0,85,14704,0,0,0,0,0,0,0,0,225554,611,0,0,0,1015829,21385469,452411,0,0,0,85,1015829,21385469,0,0,46508,4050,23496,19446,19446,0,0,100512,0,0,364,0,0,0,0,0,0,0,59,0,59,0,0,0,0,0,0,0,0,0,0,0,0,0,0,0,0,0,0,0,0,714,24,0
1777070593.001158,1158,ubuntu-rog,1,0,0,6932869,6316,2880400,5281579,446089,0,57,0,0,0,0,0,1967739082,0,0,4907,1968897762,0,6316,2880400,5281579,446089,0,461658,169173,0,0,14149,0,199,0,0,0,3,0,2880385,104810,5734203,57,0,0,6522,0,0,0,0,0,0,0,48074192,44710778,0,0,107847,107847,15456,16361,0,0,0,0,0,0,0,0,0,2508292,1252614,0,262144,7673627,219172829,0,0,1026,709620,2039012761,0,0,0,0,0,3,0,0,0,0,0,0,2046899521,495,14121,1865289,1813844238,23823,0,106997,120538626,651092,169,0,651981,169,0,0,0,652150,0,651261,0,0,0,0,0,33,0,85,14704,0,0,0,0,0,0,0,0,225554,611,0,0,0,1015829,21385469,452411,0,0,0,85,1015829,21385469,0,0,46508,4050,23496,19446,19446,0,0,100512,0,0,364,0,0,0,0,0,0,0,59,0,59,0,0,0,0,0,0,0,0,0,0,0,0,0,0,0,0,0,0,0,0,714,24,0
1777070594.001259,1259,ubuntu-rog,1,0,0,6933110,6316,2880400,5281579,446089,0,58,0,0,0,0,0,1967739113,0,0,4907,1968897793,0,6316,2880400,5281579,446089,0,461658,169173,0,0,14149,0,199,0,0,0,3,0,2880385,104810,5734204,58,0,0,6522,0,0,0,0,0,0,0,48074193,44710778,0,0,107847,107847,15456,16361,0,0,0,0,0,0,0,0,0,2508340,1252638,0,262144,7673627,219172829,0,0,1026,709620,2039012792,0,0,0,0,0,3,0,0,0,0,0,0,2046899551,495,14121,1865289,1813844238,23823,0,106997,120538626,651092,169,0,651981,169,0,0,0,652150,0,651261,0,0,0,0,0,33,0,85,14704,0,0,0,0,0,0,0,0,225554,611,0,0,0,1015829,21385469,452411,0,0,0,85,1015829,21385469,0,0,46508,4050,23496,19446,19446,0,0,100512,0,0,364,0,0,0,0,0,0,0,59,0,59,0,0,0,0,0,0,0,0,0,0,0,0,0,0,0,0,0,0,0,0,714,24,0
1777070595.002289,2289,ubuntu-rog,1,0,0,6933413,6316,2880400,5281579,446089,0,58,0,0,0,0,0,1967739144,0,0,4907,1968897824,0,6316,2880400,5281579,446089,0,461658,169173,0,0,14149,0,199,0,0,0,3,0,2880385,104810,5734204,58,0,0,6522,0,0,0,0,0,0,0,48074193,44710778,0,0,107847,107847,15456,16361,0,0,0,0,0,0,0,0,0,2508400,1252669,0,262144,7673627,219172829,0,0,1026,709620,2039012823,0,0,0,0,0,3,0,0,0,0,0,0,2046899582,495,14121,1865289,1813844238,23823,0,106997,120538626,651092,169,0,651981,169,0,0,0,652150,0,651261,0,0,0,0,0,33,0,85,14704,0,0,0,0,0,0,0,0,225554,611,0,0,0,1015829,21385469,452411,0,0,0,85,1015829,21385469,0,0,46508,4050,23496,19446,19446,0,0,100512,0,0,364,0,0,0,0,0,0,0,59,0,59,0,0,0,0,0,0,0,0,0,0,0,0,0,0,0,0,0,0,0,0,714,24,0
1777070596.001293,1293,ubuntu-rog,1,0,0,6933788,6316,2880400,5281579,446089,0,58,0,0,0,0,0,1967739174,0,0,4907,1968897854,0,6316,2880400,5281579,446089,0,461658,169173,0,0,14149,0,199,0,0,0,3,0,2880385,104810,5734204,58,0,0,6522,0,0,0,0,0,0,0,48074193,44710778,0,0,107847,107847,15456,16361,0,0,0,0,0,0,0,0,0,2508475,1252706,0,262144,7673627,219172853,0,0,1026,709620,2039012853,0,0,0,0,0,3,0,0,0,0,0,0,2046899610,495,14121,1865289,1813844238,23823,0,106997,120538626,651092,169,0,651981,169,0,0,0,652150,0,651261,0,0,0,0,0,33,0,85,14704,0,0,0,0,0,0,0,0,225554,611,0,0,0,1015829,21385469,452411,0,0,0,85,1015829,21385469,0,0,46508,4050,23496,19446,19446,0,0,100512,0,0,364,0,0,0,0,0,0,0,59,0,59,0,0,0,0,0,0,0,0,0,0,0,0,0,0,0,0,0,0,0,0,714,24,0
1777070597.001163,1163,ubuntu-rog,1,0,0,6934016,6316,2880400,5281579,446089,0,63,0,0,0,0,0,1967739208,0,0,4907,1968897888,0,6316,2880400,5281579,446089,0,461658,169173,0,0,14149,0,199,0,0,0,3,0,2880385,104810,5734209,63,0,0,6522,0,0,0,0,0,0,0,48074198,44710778,0,0,107847,107847,15456,16361,0,0,0,0,0,0,0,0,0,2508521,1252729,0,262144,7673627,219172853,0,0,1026,709620,2039012887,0,0,0,0,0,3,0,0,0,0,0,0,2046899641,495,14121,1865289,1813844238,23823,0,106997,120538626,651092,169,0,651981,169,0,0,0,652150,0,651261,0,0,0,0,0,33,0,85,14704,0,0,0,0,0,0,0,0,225554,611,0,0,0,1015829,21385469,452411,0,0,0,85,1015829,21385469,0,0,46508,4050,23496,19446,19446,0,0,100512,0,0,364,0,0,0,0,0,0,0,59,0,59,0,0,0,0,0,0,0,0,0,0,0,0,0,0,0,0,0,0,0,0,714,24,0
1777070598.001159,1159,ubuntu-rog,1,0,0,6934303,6316,2880400,5281579,446089,0,63,0,0,0,0,0,1967739232,0,0,4907,1968897912,0,6316,2880400,5281579,446089,0,461658,169173,0,0,14149,0,199,0,0,0,3,0,2880385,104810,5734209,63,0,0,6522,0,0,0,0,0,0,0,48074198,44710778,0,0,107847,107847,15456,16361,0,0,0,0,0,0,0,0,0,2508578,1252757,0,262144,7673627,219172853,0,0,1026,709620,2039012911,0,0,0,0,0,3,0,0,0,0,0,0,2046899665,495,14121,1865289,1813844238,23823,0,106997,120538626,651092,169,0,651981,169,0,0,0,652150,0,651261,0,0,0,0,0,33,0,85,14704,0,0,0,0,0,0,0,0,225554,611,0,0,0,1015829,21385469,452411,0,0,0,85,1015829,21385469,0,0,46508,4050,23496,19446,19446,0,0,100512,0,0,364,0,0,0,0,0,0,0,59,0,59,0,0,0,0,0,0,0,0,0,0,0,0,0,0,0,0,0,0,0,0,714,24,0
1777070599.002252,2252,ubuntu-rog,1,0,0,6934454,6316,2880400,5281579,446089,0,63,0,0,0,0,0,1967739264,0,0,4907,1968897944,0,6316,2880400,5281579,446089,0,461658,169173,0,0,14149,0,199,0,0,0,3,0,2880385,104810,5734209,63,0,0,6522,0,0,0,0,0,0,0,48074198,44710778,0,0,107847,107847,15456,16361,0,0,0,0,0,0,0,0,0,2508608,1252772,0,262144,7673627,219172853,0,0,1026,709620,2039012943,0,0,0,0,0,3,0,0,0,0,0,0,2046899697,495,14121,1865289,1813844238,23823,0,106997,120538626,651092,169,0,651981,169,0,0,0,652150,0,651261,0,0,0,0,0,33,0,85,14704,0,0,0,0,0,0,0,0,225554,611,0,0,0,1015829,21385469,452411,0,0,0,85,1015829,21385469,0,0,46508,4050,23496,19446,19446,0,0,100512,0,0,364,0,0,0,0,0,0,0,59,0,59,0,0,0,0,0,0,0,0,0,0,0,0,0,0,0,0,0,0,0,0,714,24,0
1777070600.001279,1279,ubuntu-rog,1,0,0,6934494,6316,2880400,5281579,446089,0,63,0,0,0,0,0,1967739293,0,0,4907,1968897973,0,6316,2880400,5281579,446089,0,461658,169173,0,0,14149,0,199,0,0,0,3,0,2880385,104810,5734209,63,0,0,6522,0,0,0,0,0,0,0,48074198,44710778,0,0,107847,107847,15456,16361,0,0,0,0,0,0,0,0,0,2508616,1252776,0,262144,7673627,219172853,0,0,1026,709620,2039012972,0,0,0,0,0,3,0,0,0,0,0,0,2046899726,495,14121,1865289,1813844238,23823,0,106997,120538626,651092,169,0,651981,169,0,0,0,652150,0,651261,0,0,0,0,0,33,0,85,14704,0,0,0,0,0,0,0,0,225554,611,0,0,0,1015829,21385469,452411,0,0,0,85,1015829,21385469,0,0,46508,4050,23496,19446,19446,0,0,100512,0,0,364,0,0,0,0,0,0,0,59,0,59,0,0,0,0,0,0,0,0,0,0,0,0,0,0,0,0,0,0,0,0,714,24,0
1777070601.001305,1305,ubuntu-rog,1,0,0,6934494,6316,2880400,5281579,446089,0,64,0,0,0,0,0,1967739318,0,0,4907,1968897998,0,6316,2880400,5281579,446089,0,461658,169173,0,0,14149,0,199,0,0,0,3,0,2880385,104810,5734210,64,0,0,6522,0,0,0,0,0,0,0,48074199,44710778,0,0,107847,107847,15456,16361,0,0,0,0,0,0,0,0,0,2508616,1252776,0,262144,7673627,219172853,0,0,1026,709620,2039012997,0,0,0,0,0,3,0,0,0,0,0,0,2046899750,495,14121,1865289,1813844238,23823,0,106997,120538626,651092,169,0,651981,169,0,0,0,652150,0,651261,0,0,0,0,0,33,0,85,14704,0,0,0,0,0,0,0,0,225554,611,0,0,0,1015829,21385469,452411,0,0,0,85,1015829,21385469,0,0,46508,4050,23496,19446,19446,0,0,100512,0,0,364,0,0,0,0,0,0,0,59,0,59,0,0,0,0,0,0,0,0,0,0,0,0,0,0,0,0,0,0,0,0,714,24,0
1777070602.001152,1152,ubuntu-rog,1,0,0,6934494,6316,2880400,5281579,446089,0,65,0,0,0,0,0,1967739349,0,0,4907,1968898029,0,6316,2880400,5281579,446089,0,461658,169173,0,0,14149,0,199,0,0,0,3,0,2880385,104810,5734213,65,0,0,6522,0,0,0,0,0,0,0,48074200,44710778,0,0,107847,107847,15456,16361,0,0,0,0,0,0,0,0,0,2508616,1252776,0,262144,7673627,219172869,0,0,1026,709620,2039013028,0,0,0,0,0,3,0,0,0,0,0,0,2046899778,495,14121,1865289,1813844238,23823,0,106997,120538626,651092,169,0,651981,169,0,0,0,652150,0,651261,0,0,0,0,0,33,0,85,14704,0,0,0,0,0,0,0,0,225554,611,0,0,0,1015829,21385469,452411,0,0,0,85,1015829,21385469,0,0,46508,4050,23496,19446,19446,0,0,100512,0,0,364,0,0,0,0,0,0,0,59,0,59,0,0,0,0,0,0,0,0,0,0,0,0,0,0,0,0,0,0,0,0,714,24,0
1777070603.002154,2154,ubuntu-rog,1,0,0,6934577,6316,2880419,5281587,446089,0,17,0,0,0,0,0,1967739380,0,0,4907,1968898060,0,6316,2880419,5281587,446089,0,461658,169173,0,0,14149,0,199,0,0,0,3,0,2880385,104810,5734213,17,0,0,6522,0,0,0,0,0,0,0,48074200,44710826,0,0,107847,107847,15456,16361,0,0,0,0,0,0,0,0,0,2508635,1252786,0,262144,7673627,219173061,0,0,1026,709620,2039013059,0,0,0,0,0,3,0,0,0,0,0,0,2046899812,495,14121,1865289,1813844238,23823,0,106997,120538626,651092,169,0,651981,169,0,0,0,652150,0,651261,0,0,0,0,0,33,0,85,14704,0,0,0,0,0,0,0,0,225554,611,0,0,0,1015829,21385469,452411,0,0,0,85,1015829,21385469,0,0,46508,4050,23496,19446,19446,0,0,100512,0,0,364,0,0,0,0,0,0,0,59,0,59,0,0,0,0,0,0,0,0,0,0,0,0,0,0,0,0,0,0,0,0,714,24,0
1777070604.001258,1258,ubuntu-rog,1,0,0,6934577,6316,2880419,5281587,446089,0,18,0,0,0,0,0,1967739405,0,0,4907,1968898085,0,6316,2880419,5281587,446089,0,461658,169173,0,0,14149,0,199,0,0,0,3,0,2880385,104810,5734214,18,0,0,6522,0,0,0,0,0,0,0,48074201,44710826,0,0,107847,107847,15456,16361,0,0,0,0,0,0,0,0,0,2508635,1252786,0,262144,7673627,219173061,0,0,1026,709620,2039013084,0,0,0,0,0,3,0,0,0,0,0,0,2046899836,495,14121,1865289,1813844238,23823,0,106997,120538626,651092,169,0,651981,169,0,0,0,652150,0,651261,0,0,0,0,0,33,0,85,14704,0,0,0,0,0,0,0,0,225554,611,0,0,0,1015829,21385469,452411,0,0,0,85,1015829,21385469,0,0,46508,4050,23496,19446,19446,0,0,100512,0,0,364,0,0,0,0,0,0,0,59,0,59,0,0,0,0,0,0,0,0,0,0,0,0,0,0,0,0,0,0,0,0,714,24,0
1777070605.001291,1291,ubuntu-rog,1,0,0,6934577,6316,2880419,5281587,446089,0,18,0,0,0,0,0,1967739436,0,0,4907,1968898116,0,6316,2880419,5281587,446089,0,461658,169173,0,0,14149,0,199,0,0,0,3,0,2880385,104810,5734214,18,0,0,6522,0,0,0,0,0,0,0,48074201,44710826,0,0,107847,107847,15456,16361,0,0,0,0,0,0,0,0,0,2508635,1252786,0,262144,7673627,219173061,0,0,1026,709620,2039013115,0,0,0,0,0,3,0,0,0,0,0,0,2046899867,495,14121,1865289,1813844238,23823,0,106997,120538626,651092,169,0,651981,169,0,0,0,652150,0,651261,0,0,0,0,0,33,0,85,14704,0,0,0,0,0,0,0,0,225554,611,0,0,0,1015829,21385469,452411,0,0,0,85,1015829,21385469,0,0,46508,4050,23496,19446,19446,0,0,100512,0,0,364,0,0,0,0,0,0,0,59,0,59,0,0,0,0,0,0,0,0,0,0,0,0,0,0,0,0,0,0,0,0,714,24,0
1777070606.001294,1294,ubuntu-rog,1,0,0,6934577,6316,2880419,5281587,446089,0,18,0,0,0,0,0,1967739469,0,0,4907,1968898149,0,6316,2880419,5281587,446089,0,461658,169173,0,0,14149,0,199,0,0,0,3,0,2880385,104810,5734214,18,0,0,6522,0,0,0,0,0,0,0,48074201,44710826,0,0,107847,107847,15456,16361,0,0,0,0,0,0,0,0,0,2508635,1252786,0,262144,7673627,219173061,0,0,1026,709620,2039013148,0,0,0,0,0,3,0,0,0,0,0,0,2046899900,495,14121,1865289,1813844238,23823,0,106997,120538626,651092,169,0,651981,169,0,0,0,652150,0,651261,0,0,0,0,0,33,0,85,14704,0,0,0,0,0,0,0,0,225554,611,0,0,0,1015829,21385469,452411,0,0,0,85,1015829,21385469,0,0,46508,4050,23496,19446,19446,0,0,100512,0,0,364,0,0,0,0,0,0,0,59,0,59,0,0,0,0,0,0,0,0,0,0,0,0,0,0,0,0,0,0,0,0,714,24,0
1777070607.002146,2146,ubuntu-rog,1,0,0,6934577,6316,2880419,5281587,446089,0,19,0,0,0,0,0,1967739492,0,0,4907,1968898172,0,6316,2880419,5281587,446089,0,461658,169173,0,0,14149,0,199,0,0,0,3,0,2880385,104810,5734215,19,0,0,6522,0,0,0,0,0,0,0,48074202,44710826,0,0,107847,107847,15456,16361,0,0,0,0,0,0,0,0,0,2508635,1252786,0,262144,7673627,219173085,0,0,1026,709620,2039013171,0,0,0,0,0,3,0,0,0,0,0,0,2046899920,495,14121,1865289,1813844238,23823,0,106997,120538626,651092,169,0,651981,169,0,0,0,652150,0,651261,0,0,0,0,0,33,0,85,14704,0,0,0,0,0,0,0,0,225554,611,0,0,0,1015829,21385469,452411,0,0,0,85,1015829,21385469,0,0,46508,4050,23496,19446,19446,0,0,100512,0,0,364,0,0,0,0,0,0,0,59,0,59,0,0,0,0,0,0,0,0,0,0,0,0,0,0,0,0,0,0,0,0,714,24,0
1777070608.001162,1162,ubuntu-rog,1,0,0,6934577,6316,2880419,5281587,446089,0,22,0,0,0,0,0,1967739520,0,0,4907,1968898200,0,6316,2880419,5281587,446089,0,461658,169173,0,0,14149,0,199,0,0,0,3,0,2880385,104810,5734218,22,0,0,6522,0,0,0,0,0,0,0,48074205,44710826,0,0,107847,107847,15456,16361,0,0,0,0,0,0,0,0,0,2508635,1252786,0,262144,7673627,219173085,0,0,1026,709620,2039013199,0,0,0,0,0,3,0,0,0,0,0,0,2046899947,495,14121,1865289,1813844238,23823,0,106997,120538626,651092,169,0,651981,169,0,0,0,652150,0,651261,0,0,0,0,0,33,0,85,14704,0,0,0,0,0,0,0,0,225554,611,0,0,0,1015829,21385469,452411,0,0,0,85,1015829,21385469,0,0,46508,4050,23496,19446,19446,0,0,100512,0,0,364,0,0,0,0,0,0,0,59,0,59,0,0,0,0,0,0,0,0,0,0,0,0,0,0,0,0,0,0,0,0,714,24,0
1777070609.001260,1260,ubuntu-rog,1,0,0,6934577,6316,2880419,5281587,446089,0,23,0,0,0,0,0,1967739550,0,0,4907,1968898230,0,6316,2880419,5281587,446089,0,461658,169173,0,0,14149,0,199,0,0,0,3,0,2880385,104810,5734219,23,0,0,6522,0,0,0,0,0,0,0,48074206,44710826,0,0,107847,107847,15456,16361,0,0,0,0,0,0,0,0,0,2508635,1252786,0,262144,7673627,219173085,0,0,1026,709620,2039013229,0,0,0,0,0,3,0,0,0,0,0,0,2046899976,495,14121,1865289,1813844239,23823,0,106997,120538627,651092,169,0,651981,169,0,0,0,652150,0,651261,0,0,0,0,0,33,0,85,14704,0,0,0,0,0,0,0,0,225554,611,0,0,0,1015829,21385469,452411,0,0,0,85,1015829,21385469,0,0,46508,4050,23496,19446,19446,0,0,100512,0,0,364,0,0,0,0,0,0,0,59,0,59,0,0,0,0,0,0,0,0,0,0,0,0,0,0,0,0,0,0,0,0,714,24,0
1777070610.001292,1292,ubuntu-rog,1,0,0,6934577,6316,2880419,5281587,446089,0,23,0,0,0,0,0,1967739578,0,0,4907,1968898258,0,6316,2880419,5281587,446089,0,461658,169173,0,0,14149,0,199,0,0,0,3,0,2880385,104810,5734219,23,0,0,6522,0,0,0,0,0,0,0,48074206,44710826,0,0,107847,107847,15456,16361,0,0,0,0,0,0,0,0,0,2508635,1252786,0,262144,7673627,219173085,0,0,1026,709620,2039013257,0,0,0,0,0,3,0,0,0,0,0,0,2046900004,495,14121,1865289,1813844239,23823,0,106997,120538627,651092,169,0,651981,169,0,0,0,652150,0,651261,0,0,0,0,0,33,0,85,14704,0,0,0,0,0,0,0,0,225554,611,0,0,0,1015829,21385469,452411,0,0,0,85,1015829,21385469,0,0,46508,4050,23496,19446,19446,0,0,100512,0,0,364,0,0,0,0,0,0,0,59,0,59,0,0,0,0,0,0,0,0,0,0,0,0,0,0,0,0,0,0,0,0,714,24,0
1777070611.002289,2289,ubuntu-rog,1,0,0,6934577,6316,2880419,5281587,446089,0,24,0,0,0,0,0,1967739626,0,0,4907,1968898306,0,6316,2880419,5281587,446089,0,461658,169173,0,0,14149,0,199,0,0,0,3,0,2880398,104810,5734220,24,0,0,6522,0,0,0,0,0,0,0,48074207,44710826,0,0,107847,107847,15456,16361,0,0,0,0,0,0,0,0,0,2508635,1252786,0,262144,7673627,219173085,0,0,1026,709620,2039013305,0,0,0,0,0,3,0,0,0,0,0,0,2046900038,495,14121,1865289,1813844252,23823,0,106997,120538627,651092,169,0,651981,169,0,0,0,652150,0,651261,0,0,0,0,0,33,0,85,14704,0,0,0,0,0,0,0,0,225554,611,0,0,0,1015829,21385469,452411,0,0,0,85,1015829,21385469,0,0,46508,4050,23496,19446,19446,0,0,100512,0,0,364,0,0,0,0,0,0,0,59,0,59,0,0,0,0,0,0,0,0,0,0,0,0,0,0,0,0,0,0,0,0,714,24,0
1777070612.001157,1157,ubuntu-rog,1,0,0,6934577,6316,2880419,5281587,446089,0,24,0,0,0,0,0,1967739654,0,0,4907,1968898334,0,6316,2880419,5281587,446089,0,461658,169173,0,0,14149,0,199,0,0,0,3,0,2880398,104810,5734220,24,0,0,6522,0,0,0,0,0,0,0,48074207,44710826,0,0,107847,107847,15456,16361,0,0,0,0,0,0,0,0,0,2508635,1252786,0,262144,7673627,219173085,0,0,1026,709620,2039013333,0,0,0,0,0,3,0,0,0,0,0,0,2046900066,495,14121,1865289,1813844252,23823,0,106997,120538627,651092,169,0,651981,169,0,0,0,652150,0,651261,0,0,0,0,0,33,0,85,14704,0,0,0,0,0,0,0,0,225554,611,0,0,0,1015829,21385469,452411,0,0,0,85,1015829,21385469,0,0,46508,4050,23496,19446,19446,0,0,100512,0,0,364,0,0,0,0,0,0,0,59,0,59,0,0,0,0,0,0,0,0,0,0,0,0,0,0,0,0,0,0,0,0,714,24,0
1777070613.001148,1148,ubuntu-rog,1,0,0,6934577,6316,2880453,5281587,446089,0,25,0,0,0,0,0,1967739838,0,0,4907,1968898518,0,6316,2880453,5281587,446089,0,461658,169173,0,0,14149,0,199,0,0,0,3,0,2880415,104810,5734223,25,0,0,6522,0,0,0,0,0,0,0,48074208,44710826,0,0,107847,107847,15456,16361,0,0,0,0,0,0,0,0,0,2508635,1252786,0,262144,7673627,219173101,0,0,1026,709620,2039013517,0,0,0,0,0,3,0,0,0,0,0,0,2046900216,495,14121,1865289,1813844404,23823,0,106997,120538627,651092,169,0,651981,169,0,0,0,652150,0,651261,0,0,0,0,0,33,0,85,14704,0,0,0,0,0,0,0,0,225554,611,0,0,0,1015829,21385469,452411,0,0,0,85,1015829,21385469,0,0,46508,4050,23496,19446,19446,0,0,100512,0,0,364,0,0,0,0,0,0,0,59,0,59,0,0,0,0,0,0,0,0,0,0,0,0,0,0,0,0,0,0,0,0,714,24,0
1777070614.001268,1268,ubuntu-rog,1,0,0,6934577,6316,2880453,5281587,446089,0,26,0,0,0,0,0,1967739867,0,0,4907,1968898547,0,6316,2880453,5281587,446089,0,461658,169173,0,0,14149,0,199,0,0,0,3,0,2880415,104810,5734224,26,0,0,6522,0,0,0,0,0,0,0,48074209,44710826,0,0,107847,107847,15456,16361,0,0,0,0,0,0,0,0,0,2508635,1252786,0,262144,7673627,219173101,0,0,1026,709620,2039013546,0,0,0,0,0,3,0,0,0,0,0,0,2046900244,495,14121,1865289,1813844404,23823,0,106997,120538627,651092,169,0,651981,169,0,0,0,652150,0,651261,0,0,0,0,0,33,0,85,14704,0,0,0,0,0,0,0,0,225554,611,0,0,0,1015829,21385469,452411,0,0,0,85,1015829,21385469,0,0,46508,4050,23496,19446,19446,0,0,100512,0,0,364,0,0,0,0,0,0,0,59,0,59,0,0,0,0,0,0,0,0,0,0,0,0,0,0,0,0,0,0,0,0,714,24,0
1777070615.002288,2288,ubuntu-rog,1,0,0,6934577,6316,2880453,5281587,446089,0,26,0,0,0,0,0,1967739889,0,0,4907,1968898569,0,6316,2880453,5281587,446089,0,461658,169173,0,0,14149,0,199,0,0,0,3,0,2880415,104810,5734224,26,0,0,6522,0,0,0,0,0,0,0,48074209,44710826,0,0,107847,107847,15456,16361,0,0,0,0,0,0,0,0,0,2508635,1252786,0,262144,7673627,219173101,0,0,1026,709620,2039013568,0,0,0,0,0,3,0,0,0,0,0,0,2046900266,495,14121,1865289,1813844404,23823,0,106997,120538627,651092,169,0,651981,169,0,0,0,652150,0,651261,0,0,0,0,0,33,0,85,14704,0,0,0,0,0,0,0,0,225554,611,0,0,0,1015829,21385469,452411,0,0,0,85,1015829,21385469,0,0,46508,4050,23496,19446,19446,0,0,100512,0,0,364,0,0,0,0,0,0,0,59,0,59,0,0,0,0,0,0,0,0,0,0,0,0,0,0,0,0,0,0,0,0,714,24,0
1777070616.001296,1296,ubuntu-rog,1,0,0,6934577,6316,2880453,5281587,446089,0,26,0,0,0,0,0,1967739918,0,0,4907,1968898598,0,6316,2880453,5281587,446089,0,461658,169173,0,0,14149,0,199,0,0,0,3,0,2880415,104810,5734224,26,0,0,6522,0,0,0,0,0,0,0,48074209,44710826,0,0,107847,107847,15456,16361,0,0,0,0,0,0,0,0,0,2508635,1252786,0,262144,7673627,219173121,0,0,1026,709620,2039013597,0,0,0,0,0,3,0,0,0,0,0,0,2046900295,495,14121,1865289,1813844404,23823,0,106997,120538627,651092,169,0,651981,169,0,0,0,652150,0,651261,0,0,0,0,0,33,0,85,14704,0,0,0,0,0,0,0,0,225554,611,0,0,0,1015829,21385469,452411,0,0,0,85,1015829,21385469,0,0,46508,4050,23496,19446,19446,0,0,100512,0,0,364,0,0,0,0,0,0,0,59,0,59,0,0,0,0,0,0,0,0,0,0,0,0,0,0,0,0,0,0,0,0,714,24,0
1777070617.001157,1157,ubuntu-rog,1,0,0,6934577,6316,2880453,5281592,446089,0,9,0,0,0,0,0,1967739949,0,0,4907,1968898629,0,6316,2880453,5281592,446089,0,461658,169173,0,0,14149,0,199,0,0,0,3,0,2880415,104810,5734225,9,0,0,6522,0,0,0,0,0,0,0,48074209,44710843,0,0,107847,107847,15456,16361,0,0,0,0,0,0,0,0,0,2508636,1252786,0,262144,7673627,219173161,0,0,1026,709620,2039013628,0,0,0,0,0,3,0,0,0,0,0,0,2046900325,495,14121,1865289,1813844404,23823,0,106997,120538627,651092,169,0,651981,169,0,0,0,652150,0,651261,0,0,0,0,0,33,0,85,14704,0,0,0,0,0,0,0,0,225554,611,0,0,0,1015829,21385469,452411,0,0,0,85,1015829,21385469,0,0,46508,4050,23496,19446,19446,0,0,100512,0,0,364,0,0,0,0,0,0,0,59,0,59,0,0,0,0,0,0,0,0,0,0,0,0,0,0,0,0,0,0,0,0,714,24,0
1777070618.001156,1156,ubuntu-rog,1,0,0,6934577,6316,2880453,5281592,446089,0,11,0,0,0,0,0,1967739978,0,0,4907,1968898658,0,6316,2880453,5281592,446089,0,461658,169173,0,0,14149,0,199,0,0,0,3,0,2880415,104810,5734226,11,0,0,6522,0,0,0,0,0,0,0,48074211,44710843,0,0,107847,107847,15456,16361,0,0,0,0,0,0,0,0,0,2508636,1252786,0,262144,7673627,219173197,0,0,1026,709620,2039013657,0,0,0,0,0,3,0,0,0,0,0,0,2046900350,495,14121,1865289,1813844404,23823,0,106997,120538627,651092,169,0,651981,169,0,0,0,652150,0,651261,0,0,0,0,0,33,0,85,14704,0,0,0,0,0,0,0,0,225554,611,0,0,0,1015829,21385469,452411,0,0,0,85,1015829,21385469,0,0,46508,4050,23496,19446,19446,0,0,100512,0,0,364,0,0,0,0,0,0,0,59,0,59,0,0,0,0,0,0,0,0,0,0,0,0,0,0,0,0,0,0,0,0,714,24,0
1777070619.002250,2250,ubuntu-rog,1,0,0,6934577,6316,2880467,5281607,446089,0,17,0,0,0,0,0,1967740010,0,0,4907,1968898690,0,6316,2880467,5281607,446089,0,461658,169173,0,0,14149,0,199,0,0,0,3,0,2880417,104810,5734230,17,0,0,6522,0,0,0,0,0,0,0,48074217,44710843,0,0,107847,107847,15456,16361,0,0,0,0,0,0,0,0,0,2508639,1252788,0,262144,7673627,219173197,0,0,1026,709620,2039013689,0,0,0,0,0,3,0,0,0,0,0,0,2046900381,495,14121,1865289,1813844406,23823,0,106997,120538627,651092,169,0,651981,169,0,0,0,652150,0,651261,0,0,0,0,0,33,0,85,14704,0,0,0,0,0,0,0,0,225554,611,0,0,0,1015829,21385469,452411,0,0,0,85,1015829,21385469,0,0,46508,4050,23496,19446,19446,0,0,100512,0,0,364,0,0,0,0,0,0,0,59,0,59,0,0,0,0,0,0,0,0,0,0,0,0,0,0,0,0,0,0,0,0,714,24,0
1777070620.001293,1293,ubuntu-rog,1,0,0,6934577,6316,2880467,5281607,446089,0,17,0,0,0,0,0,1967740039,0,0,4907,1968898719,0,6316,2880467,5281607,446089,0,461658,169173,0,0,14149,0,199,0,0,0,3,0,2880417,104810,5734230,17,0,0,6522,0,0,0,0,0,0,0,48074217,44710843,0,0,107847,107847,15456,16361,0,0,0,0,0,0,0,0,0,2508639,1252788,0,262144,7673627,219173197,0,0,1026,709620,2039013718,0,0,0,0,0,3,0,0,0,0,0,0,2046900410,495,14121,1865289,1813844406,23823,0,106997,120538627,651092,169,0,651981,169,0,0,0,652150,0,651261,0,0,0,0,0,33,0,85,14704,0,0,0,0,0,0,0,0,225554,611,0,0,0,1015829,21385469,452411,0,0,0,85,1015829,21385469,0,0,46508,4050,23496,19446,19446,0,0,100512,0,0,364,0,0,0,0,0,0,0,59,0,59,0,0,0,0,0,0,0,0,0,0,0,0,0,0,0,0,0,0,0,0,714,24,0
1777070621.001300,1300,ubuntu-rog,1,0,0,6934577,6316,2880467,5281607,446089,0,19,0,0,0,0,0,1967740062,0,0,4907,1968898742,0,6316,2880467,5281607,446089,0,461658,169173,0,0,14149,0,199,0,0,0,3,0,2880417,104810,5734232,19,0,0,6522,0,0,0,0,0,0,0,48074219,44710843,0,0,107847,107847,15456,16361,0,0,0,0,0,0,0,0,0,2508639,1252788,0,262144,7673627,219173197,0,0,1026,709620,2039013741,0,0,0,0,0,3,0,0,0,0,0,0,2046900431,495,14121,1865289,1813844406,23823,0,106997,120538627,651092,169,0,651981,169,0,0,0,652150,0,651261,0,0,0,0,0,33,0,85,14704,0,0,0,0,0,0,0,0,225554,611,0,0,0,1015829,21385469,452411,0,0,0,85,1015829,21385469,0,0,46508,4050,23496,19446,19446,0,0,100512,0,0,364,0,0,0,0,0,0,0,59,0,59,0,0,0,0,0,0,0,0,0,0,0,0,0,0,0,0,0,0,0,0,714,24,0
1777070622.001156,1156,ubuntu-rog,1,0,0,6934577,6316,2880467,5281610,446089,0,12,0,0,0,0,0,1967740093,0,0,4907,1968898773,0,6316,2880467,5281610,446089,0,461658,169173,0,0,14149,0,199,0,0,0,3,0,2880417,104810,5734232,12,0,0,6522,0,0,0,0,0,0,0,48074219,44710850,0,0,107847,107847,15456,16361,0,0,0,0,0,0,0,0,0,2508639,1252788,0,262144,7673627,219173225,0,0,1026,709620,2039013772,0,0,0,0,0,3,0,0,0,0,0,0,2046900462,495,14121,1865289,1813844407,23823,0,106997,120538628,651092,169,0,651981,169,0,0,0,652150,0,651261,0,0,0,0,0,33,0,85,14704,0,0,0,0,0,0,0,0,225554,611,0,0,0,1015829,21385469,452411,0,0,0,85,1015829,21385469,0,0,46508,4050,23496,19446,19446,0,0,100512,0,0,364,0,0,0,0,0,0,0,59,0,59,0,0,0,0,0,0,0,0,0,0,0,0,0,0,0,0,0,0,0,0,714,24,0
1777070623.002151,2151,ubuntu-rog,1,0,0,6934577,6316,2880467,5281610,446089,0,12,0,0,0,0,0,1967740127,0,0,4907,1968898807,0,6316,2880467,5281610,446089,0,461658,169173,0,0,14149,0,199,0,0,0,3,0,2880417,104810,5734232,12,0,0,6522,0,0,0,0,0,0,0,48074219,44710850,0,0,107847,107847,15456,16361,0,0,0,0,0,0,0,0,0,2508639,1252788,0,262144,7673627,219173261,0,0,1026,709620,2039013806,0,0,0,0,0,3,0,0,0,0,0,0,2046900493,495,14121,1865289,1813844407,23823,0,106997,120538628,651092,169,0,651981,169,0,0,0,652150,0,651261,0,0,0,0,0,33,0,85,14704,0,0,0,0,0,0,0,0,225554,611,0,0,0,1015829,21385469,452411,0,0,0,85,1015829,21385469,0,0,46508,4050,23496,19446,19446,0,0,100512,0,0,364,0,0,0,0,0,0,0,59,0,59,0,0,0,0,0,0,0,0,0,0,0,0,0,0,0,0,0,0,0,0,714,24,0
1777070624.001253,1253,ubuntu-rog,1,0,0,6934577,6316,2880467,5281610,446089,0,14,0,0,0,0,0,1967740150,0,0,4907,1968898830,0,6316,2880467,5281610,446089,0,461658,169173,0,0,14149,0,199,0,0,0,3,0,2880417,104810,5734236,14,0,0,6522,0,0,0,0,0,0,0,48074221,44710850,0,0,107847,107847,15456,16361,0,0,0,0,0,0,0,0,0,2508639,1252788,0,262144,7673627,219173261,0,0,1026,709620,2039013829,0,0,0,0,0,3,0,0,0,0,0,0,2046900515,495,14121,1865289,1813844407,23823,0,106997,120538628,651092,169,0,651981,169,0,0,0,652150,0,651261,0,0,0,0,0,33,0,85,14704,0,0,0,0,0,0,0,0,225554,611,0,0,0,1015829,21385469,452411,0,0,0,85,1015829,21385469,0,0,46508,4050,23496,19446,19446,0,0,100512,0,0,364,0,0,0,0,0,0,0,59,0,59,0,0,0,0,0,0,0,0,0,0,0,0,0,0,0,0,0,0,0,0,714,24,0
1777070625.001292,1292,ubuntu-rog,1,0,0,6934577,6316,2880467,5281610,446089,0,15,0,0,0,0,0,1967740180,0,0,4907,1968898860,0,6316,2880467,5281610,446089,0,461658,169173,0,0,14149,0,199,0,0,0,3,0,2880417,104810,5734237,15,0,0,6522,0,0,0,0,0,0,0,48074222,44710850,0,0,107847,107847,15456,16361,0,0,0,0,0,0,0,0,0,2508639,1252788,0,262144,7673627,219173261,0,0,1026,709620,2039013859,0,0,0,0,0,3,0,0,0,0,0,0,2046900544,495,14121,1865289,1813844407,23823,0,106997,120538628,651092,169,0,651981,169,0,0,0,652150,0,651261,0,0,0,0,0,33,0,85,14704,0,0,0,0,0,0,0,0,225554,611,0,0,0,1015829,21385469,452411,0,0,0,85,1015829,21385469,0,0,46508,4050,23496,19446,19446,0,0,100512,0,0,364,0,0,0,0,0,0,0,59,0,59,0,0,0,0,0,0,0,0,0,0,0,0,0,0,0,0,0,0,0,0,714,24,0
1777070626.001317,1317,ubuntu-rog,1,0,0,6934577,6316,2880467,5281610,446089,0,15,0,0,0,0,0,1967740209,0,0,4907,1968898889,0,6316,2880467,5281610,446089,0,461658,169173,0,0,14149,0,199,0,0,0,3,0,2880417,104810,5734237,15,0,0,6522,0,0,0,0,0,0,0,48074222,44710850,0,0,107847,107847,15456,16361,0,0,0,0,0,0,0,0,0,2508639,1252788,0,262144,7673627,219173261,0,0,1026,709620,2039013888,0,0,0,0,0,3,0,0,0,0,0,0,2046900573,495,14121,1865289,1813844407,23823,0,106997,120538628,651092,169,0,651981,169,0,0,0,652150,0,651261,0,0,0,0,0,33,0,85,14704,0,0,0,0,0,0,0,0,225554,611,0,0,0,1015829,21385469,452411,0,0,0,85,1015829,21385469,0,0,46508,4050,23496,19446,19446,0,0,100512,0,0,364,0,0,0,0,0,0,0,59,0,59,0,0,0,0,0,0,0,0,0,0,0,0,0,0,0,0,0,0,0,0,714,24,0
1777070627.002162,2162,ubuntu-rog,1,0,0,6934577,6316,2880467,5281613,446089,0,15,0,0,0,0,0,1967740237,0,0,4907,1968898917,0,6316,2880467,5281613,446089,0,461658,169173,0,0,14149,0,199,0,0,0,3,0,2880417,104810,5734237,11,4,0,6522,0,0,0,0,0,0,0,48074222,44710850,0,0,107847,107847,15456,16361,0,0,0,0,0,0,0,0,0,2508640,1252788,0,262144,7673627,219173277,0,0,1026,709620,2039013916,0,0,0,0,0,3,0,0,0,0,0,0,2046900601,495,14121,1865289,1813844407,23823,0,106997,120538628,651092,169,0,651981,169,0,0,0,652150,0,651261,0,0,0,0,0,33,0,85,14704,0,0,0,0,0,0,0,0,225554,611,0,0,0,1015829,21385469,452411,0,0,0,85,1015829,21385469,0,0,46508,4050,23496,19446,19446,0,0,100512,0,0,364,0,0,0,0,0,0,0,59,0,59,0,0,0,0,0,0,0,0,0,0,0,0,0,0,0,0,0,0,0,0,714,24,0
1777070628.001158,1158,ubuntu-rog,1,0,0,6934577,6316,2880467,5281613,446089,0,12,0,0,0,0,0,1967740271,0,0,4907,1968898951,0,6316,2880467,5281613,446089,0,461658,169173,0,0,14149,0,199,0,0,0,3,0,2880417,104810,5734238,12,0,0,6522,0,0,0,0,0,0,0,48074223,44710854,0,0,107847,107847,15456,16361,0,0,0,0,0,0,0,0,0,2508640,1252788,0,262144,7673627,219173313,0,0,1026,709620,2039013950,0,0,0,0,0,3,0,0,0,0,0,0,2046900632,495,14121,1865289,1813844407,23823,0,106997,120538628,651092,169,0,651981,169,0,0,0,652150,0,651261,0,0,0,0,0,33,0,85,14704,0,0,0,0,0,0,0,0,225554,611,0,0,0,1015829,21385469,452411,0,0,0,85,1015829,21385469,0,0,46508,4050,23496,19446,19446,0,0,100512,0,0,364,0,0,0,0,0,0,0,59,0,59,0,0,0,0,0,0,0,0,0,0,0,0,0,0,0,0,0,0,0,0,714,24,0
1777070629.001259,1259,ubuntu-rog,1,0,0,6934577,6316,2880467,5281613,446089,0,15,0,0,0,0,0,1967740294,0,0,4907,1968898974,0,6316,2880467,5281613,446089,0,461658,169173,0,0,14149,0,199,0,0,0,3,0,2880417,104810,5734240,15,0,0,6522,0,0,0,0,0,0,0,48074226,44710854,0,0,107847,107847,15456,16361,0,0,0,0,0,0,0,0,0,2508640,1252788,0,262144,7673627,219173313,0,0,1026,709620,2039013973,0,0,0,0,0,3,0,0,0,0,0,0,2046900655,495,14121,1865289,1813844407,23823,0,106997,120538628,651092,169,0,651981,169,0,0,0,652150,0,651261,0,0,0,0,0,33,0,85,14704,0,0,0,0,0,0,0,0,225554,611,0,0,0,1015829,21385469,452411,0,0,0,85,1015829,21385469,0,0,46508,4050,23496,19446,19446,0,0,100512,0,0,364,0,0,0,0,0,0,0,59,0,59,0,0,0,0,0,0,0,0,0,0,0,0,0,0,0,0,0,0,0,0,714,24,0
1777070630.001292,1292,ubuntu-rog,1,0,0,6934577,6316,2880456,5281613,446089,0,16,0,0,0,0,0,1967740419,0,0,4907,1968899099,0,6316,2880456,5281613,446089,0,461658,169173,0,0,14149,0,199,0,0,0,3,0,2880418,104810,5734241,16,0,0,6522,0,0,0,0,0,0,0,48074227,44710854,0,0,107847,107847,15456,16361,0,0,0,0,0,0,0,0,0,2508640,1252788,0,262144,7673627,219173313,0,0,1026,709620,2039014098,0,0,0,0,0,3,0,0,0,0,0,0,2046900788,495,14121,1865289,1813844502,23823,0,106997,120538628,651092,169,0,651981,169,0,0,0,652150,0,651261,0,0,0,0,0,33,0,85,14704,0,0,0,0,0,0,0,0,225554,611,0,0,0,1015829,21385469,452411,0,0,0,85,1015829,21385469,0,0,46508,4050,23496,19446,19446,0,0,100512,0,0,364,0,0,0,0,0,0,0,59,0,59,0,0,0,0,0,0,0,0,0,0,0,0,0,0,0,0,0,0,0,0,714,24,0
1777070631.002290,2290,ubuntu-rog,1,0,0,6934577,6316,2880456,5281613,446089,0,16,0,0,0,0,0,1967740448,0,0,4907,1968899128,0,6316,2880456,5281613,446089,0,461658,169173,0,0,14149,0,199,0,0,0,3,0,2880418,104810,5734241,16,0,0,6522,0,0,0,0,0,0,0,48074227,44710854,0,0,107847,107847,15456,16361,0,0,0,0,0,0,0,0,0,2508640,1252788,0,262144,7673627,219173313,0,0,1026,709620,2039014127,0,0,0,0,0,3,0,0,0,0,0,0,2046900817,495,14121,1865289,1813844502,23823,0,106997,120538628,651092,169,0,651981,169,0,0,0,652150,0,651261,0,0,0,0,0,33,0,85,14704,0,0,0,0,0,0,0,0,225554,611,0,0,0,1015829,21385469,452411,0,0,0,85,1015829,21385469,0,0,46508,4050,23496,19446,19446,0,0,100512,0,0,364,0,0,0,0,0,0,0,59,0,59,0,0,0,0,0,0,0,0,0,0,0,0,0,0,0,0,0,0,0,0,714,24,0
1777070632.001149,1149,ubuntu-rog,1,0,0,6934577,6316,2880456,5281613,446089,0,17,0,0,0,0,0,1967740475,0,0,4907,1968899155,0,6316,2880456,5281613,446089,0,461658,169173,0,0,14149,0,199,0,0,0,3,0,2880421,104810,5734242,17,0,0,6522,0,0,0,0,0,0,0,48074228,44710854,0,0,107847,107847,15456,16361,0,0,0,0,0,0,0,0,0,2508640,1252788,0,262144,7673627,219173313,0,0,1026,709620,2039014154,0,0,0,0,0,3,0,0,0,0,0,0,2046900840,495,14121,1865289,1813844505,23823,0,106997,120538628,651092,169,0,651981,169,0,0,0,652150,0,651261,0,0,0,0,0,33,0,85,14704,0,0,0,0,0,0,0,0,225554,611,0,0,0,1015829,21385469,452411,0,0,0,85,1015829,21385469,0,0,46508,4050,23496,19446,19446,0,0,100512,0,0,364,0,0,0,0,0,0,0,59,0,59,0,0,0,0,0,0,0,0,0,0,0,0,0,0,0,0,0,0,0,0,714,24,0
1777070633.001163,1163,ubuntu-rog,1,0,0,6934577,6316,2880456,5281613,446089,0,19,0,0,0,0,0,1967740519,0,0,4907,1968899199,0,6316,2880456,5281613,446089,0,461658,169173,0,0,14149,0,199,0,0,0,3,0,2880421,104810,5734243,19,0,0,6522,0,0,0,0,0,0,0,48074230,44710854,0,0,107847,107847,15456,16361,0,0,0,0,0,0,0,0,0,2508640,1252788,0,262144,7673627,219173329,0,0,1026,709620,2039014198,0,0,0,0,0,3,0,0,0,0,0,0,2046900881,495,14121,1865289,1813844505,23823,0,106997,120538628,651092,169,0,651981,169,0,0,0,652150,0,651261,0,0,0,0,0,33,0,85,14704,0,0,0,0,0,0,0,0,225554,611,0,0,0,1015829,21385469,452411,0,0,0,85,1015829,21385469,0,0,46508,4050,23496,19446,19446,0,0,100512,0,0,364,0,0,0,0,0,0,0,59,0,59,0,0,0,0,0,0,0,0,0,0,0,0,0,0,0,0,0,0,0,0,714,24,0
1777070634.001262,1262,ubuntu-rog,1,0,0,6934577,6316,2880456,5281613,446089,0,19,0,0,0,0,0,1967740548,0,0,4907,1968899228,0,6316,2880456,5281613,446089,0,461658,169173,0,0,14149,0,199,0,0,0,3,0,2880421,104810,5734245,19,0,0,6522,0,0,0,0,0,0,0,48074230,44710854,0,0,107847,107847,15456,16361,0,0,0,0,0,0,0,0,0,2508640,1252788,0,262144,7673627,219173329,0,0,1026,709620,2039014227,0,0,0,0,0,3,0,0,0,0,0,0,2046900910,495,14121,1865289,1813844505,23823,0,106997,120538628,651092,169,0,651981,169,0,0,0,652150,0,651261,0,0,0,0,0,33,0,85,14704,0,0,0,0,0,0,0,0,225554,611,0,0,0,1015829,21385469,452411,0,0,0,85,1015829,21385469,0,0,46508,4050,23496,19446,19446,0,0,100512,0,0,364,0,0,0,0,0,0,0,59,0,59,0,0,0,0,0,0,0,0,0,0,0,0,0,0,0,0,0,0,0,0,714,24,0
1777070635.002290,2290,ubuntu-rog,1,0,0,6934577,6316,2880456,5281613,446089,0,21,0,0,0,0,0,1967740584,0,0,4907,1968899264,0,6316,2880456,5281613,446089,0,461658,169173,0,0,14149,0,199,0,0,0,3,0,2880421,104810,5734247,21,0,0,6522,0,0,0,0,0,0,0,48074232,44710854,0,0,107847,107847,15456,16361,0,0,0,0,0,0,0,0,0,2508640,1252788,0,262144,7673627,219173329,0,0,1026,709620,2039014263,0,0,0,0,0,3,0,0,0,0,0,0,2046900944,495,14121,1865289,1813844505,23823,0,106997,120538628,651092,169,0,651981,169,0,0,0,652150,0,651261,0,0,0,0,0,33,0,85,14704,0,0,0,0,0,0,0,0,225554,611,0,0,0,1015829,21385469,452411,0,0,0,85,1015829,21385469,0,0,46508,4050,23496,19446,19446,0,0,100512,0,0,364,0,0,0,0,0,0,0,59,0,59,0,0,0,0,0,0,0,0,0,0,0,0,0,0,0,0,0,0,0,0,714,24,0
1777070636.001293,1293,ubuntu-rog,1,0,0,6934577,6316,2880456,5281613,446089,0,21,0,0,0,0,0,1967740619,0,0,4907,1968899299,0,6316,2880456,5281613,446089,0,461658,169173,0,0,14149,0,199,0,0,0,3,0,2880421,104810,5734247,21,0,0,6522,0,0,0,0,0,0,0,48074232,44710854,0,0,107847,107847,15456,16361,0,0,0,0,0,0,0,0,0,2508640,1252788,0,262144,7673627,219173329,0,0,1026,709620,2039014298,0,0,0,0,0,3,0,0,0,0,0,0,2046900979,495,14121,1865289,1813844505,23823,0,106997,120538628,651092,169,0,651981,169,0,0,0,652150,0,651261,0,0,0,0,0,33,0,85,14704,0,0,0,0,0,0,0,0,225554,611,0,0,0,1015829,21385469,452411,0,0,0,85,1015829,21385469,0,0,46508,4050,23496,19446,19446,0,0,100512,0,0,364,0,0,0,0,0,0,0,59,0,59,0,0,0,0,0,0,0,0,0,0,0,0,0,0,0,0,0,0,0,0,714,24,0
1777070637.001155,1155,ubuntu-rog,1,0,0,6934577,6316,2880456,5281613,446089,0,21,0,0,0,0,0,1967740648,0,0,4907,1968899328,0,6316,2880456,5281613,446089,0,461658,169173,0,0,14149,0,199,0,0,0,3,0,2880421,104810,5734247,21,0,0,6522,0,0,0,0,0,0,0,48074232,44710854,0,0,107847,107847,15456,16361,0,0,0,0,0,0,0,0,0,2508640,1252788,0,262144,7673627,219173329,0,0,1026,709620,2039014327,0,0,0,0,0,3,0,0,0,0,0,0,2046901008,495,14121,1865289,1813844505,23823,0,106997,120538628,651092,169,0,651981,169,0,0,0,652150,0,651261,0,0,0,0,0,33,0,85,14704,0,0,0,0,0,0,0,0,225554,611,0,0,0,1015829,21385469,452411,0,0,0,85,1015829,21385469,0,0,46508,4050,23496,19446,19446,0,0,100512,0,0,364,0,0,0,0,0,0,0,59,0,59,0,0,0,0,0,0,0,0,0,0,0,0,0,0,0,0,0,0,0,0,714,24,0
1777070638.001159,1159,ubuntu-rog,1,0,0,6934577,6316,2880456,5281613,446089,0,21,0,0,0,0,0,1967740670,0,0,4907,1968899350,0,6316,2880456,5281613,446089,0,461658,169173,0,0,14149,0,199,0,0,0,3,0,2880421,104810,5734247,21,0,0,6522,0,0,0,0,0,0,0,48074232,44710854,0,0,107847,107847,15456,16361,0,0,0,0,0,0,0,0,0,2508640,1252788,0,262144,7673627,219173345,0,0,1026,709620,2039014349,0,0,0,0,0,3,0,0,0,0,0,0,2046901028,495,14121,1865289,1813844505,23823,0,106997,120538628,651092,169,0,651981,169,0,0,0,652150,0,651261,0,0,0,0,0,33,0,85,14704,0,0,0,0,0,0,0,0,225554,611,0,0,0,1015829,21385469,452411,0,0,0,85,1015829,21385469,0,0,46508,4050,23496,19446,19446,0,0,100512,0,0,364,0,0,0,0,0,0,0,59,0,59,0,0,0,0,0,0,0,0,0,0,0,0,0,0,0,0,0,0,0,0,714,24,0
1777070639.002293,2293,ubuntu-rog,1,0,0,6934577,6316,2880456,5281613,446089,0,22,0,0,0,0,0,1967740699,0,0,4907,1968899379,0,6316,2880456,5281613,446089,0,461658,169173,0,0,14149,0,199,0,0,0,3,0,2880421,104810,5734250,22,0,0,6522,0,0,0,0,0,0,0,48074233,44710854,0,0,107847,107847,15456,16361,0,0,0,0,0,0,0,0,0,2508640,1252788,0,262144,7673627,219173345,0,0,1026,709620,2039014378,0,0,0,0,0,3,0,0,0,0,0,0,2046901056,495,14121,1865289,1813844505,23823,0,106997,120538628,651092,169,0,651981,169,0,0,0,652150,0,651261,0,0,0,0,0,33,0,85,14704,0,0,0,0,0,0,0,0,225554,611,0,0,0,1015829,21385469,452411,0,0,0,85,1015829,21385469,0,0,46508,4050,23496,19446,19446,0,0,100512,0,0,364,0,0,0,0,0,0,0,59,0,59,0,0,0,0,0,0,0,0,0,0,0,0,0,0,0,0,0,0,0,0,714,24,0
1777070640.001297,1297,ubuntu-rog,1,0,0,6934577,6316,2880456,5281613,446089,0,22,0,0,0,0,0,1967740728,0,0,4907,1968899408,0,6316,2880456,5281613,446089,0,461658,169173,0,0,14149,0,199,0,0,0,3,0,2880421,104810,5734250,22,0,0,6522,0,0,0,0,0,0,0,48074233,44710854,0,0,107847,107847,15456,16361,0,0,0,0,0,0,0,0,0,2508640,1252788,0,262144,7673627,219173345,0,0,1026,709620,2039014407,0,0,0,0,0,3,0,0,0,0,0,0,2046901086,495,14121,1865289,1813844505,23823,0,106997,120538628,651092,169,0,651981,169,0,0,0,652150,0,651261,0,0,0,0,0,33,0,85,14704,0,0,0,0,0,0,0,0,225554,611,0,0,0,1015829,21385469,452411,0,0,0,85,1015829,21385469,0,0,46508,4050,23496,19446,19446,0,0,100512,0,0,364,0,0,0,0,0,0,0,59,0,59,0,0,0,0,0,0,0,0,0,0,0,0,0,0,0,0,0,0,0,0,714,24,0
1777070641.001298,1298,ubuntu-rog,1,0,0,6934577,6316,2880456,5281613,446089,0,23,0,0,0,0,0,1967740759,0,0,4907,1968899439,0,6316,2880456,5281613,446089,0,461658,169173,0,0,14149,0,199,0,0,0,3,0,2880421,104810,5734251,23,0,0,6522,0,0,0,0,0,0,0,48074234,44710854,0,0,107847,107847,15456,16361,0,0,0,0,0,0,0,0,0,2508640,1252788,0,262144,7673627,219173345,0,0,1026,709620,2039014438,0,0,0,0,0,3,0,0,0,0,0,0,2046901115,495,14121,1865289,1813844505,23823,0,106997,120538628,651092,169,0,651981,169,0,0,0,652150,0,651261,0,0,0,0,0,33,0,85,14704,0,0,0,0,0,0,0,0,225554,611,0,0,0,1015829,21385469,452411,0,0,0,85,1015829,21385469,0,0,46508,4050,23496,19446,19446,0,0,100512,0,0,364,0,0,0,0,0,0,0,59,0,59,0,0,0,0,0,0,0,0,0,0,0,0,0,0,0,0,0,0,0,0,714,24,0
1777070642.001156,1156,ubuntu-rog,1,0,0,6934388,6316,2880412,5281613,446089,0,24,0,0,0,0,0,1967741276,0,0,4907,1968899956,0,6316,2880412,5281613,446089,0,461658,169173,0,0,14149,0,199,0,0,0,3,0,2880373,104810,5734252,24,0,0,6522,0,0,0,0,0,0,0,48074235,44710854,0,0,107847,107847,15456,16361,0,0,0,0,0,0,0,0,0,2508602,1252769,0,262144,7673627,219173345,0,0,1026,709620,2039014955,0,0,0,0,0,3,0,0,0,0,0,0,2046901713,495,14121,1865289,1813844988,23823,0,106997,120538629,651092,169,0,651981,169,0,0,0,652150,0,651261,0,0,0,0,0,33,0,85,14704,0,0,0,0,0,0,0,0,225554,611,0,0,0,1015829,21385469,452411,0,0,0,85,1015829,21385469,0,0,46508,4050,23496,19446,19446,0,0,100512,0,0,364,0,0,0,0,0,0,0,59,0,59,0,0,0,0,0,0,0,0,0,0,0,0,0,0,0,0,0,0,0,0,714,24,0
1777070643.002154,2154,ubuntu-rog,1,0,0,6934388,6316,2880358,5281613,446089,0,24,0,0,0,0,0,1967741302,0,0,4907,1968899982,0,6316,2880358,5281613,446089,0,461658,169173,0,0,14149,0,199,0,0,0,3,0,2880328,104810,5734252,24,0,0,6522,0,0,0,0,0,0,0,48074235,44710854,0,0,107847,107847,15456,16361,0,0,0,0,0,0,0,0,0,2508602,1252769,0,262144,7673627,219173365,0,0,1026,709620,2039014981,0,0,0,0,0,3,0,0,0,0,0,0,2046901737,495,14121,1865289,1813844988,23823,0,106997,120538629,651092,169,0,651981,169,0,0,0,652150,0,651261,0,0,0,0,0,33,0,85,14704,0,0,0,0,0,0,0,0,225554,611,0,0,0,1015829,21385469,452411,0,0,0,85,1015829,21385469,0,0,46508,4050,23496,19446,19446,0,0,100512,0,0,364,0,0,0,0,0,0,0,59,0,59,0,0,0,0,0,0,0,0,0,0,0,0,0,0,0,0,0,0,0,0,714,24,0
1777070644.001246,1246,ubuntu-rog,1,0,0,6934388,6316,2880358,5281613,446089,0,25,0,0,0,0,0,1967741329,0,0,4907,1968900009,0,6316,2880358,5281613,446089,0,461658,169173,0,0,14149,0,199,0,0,0,3,0,2880328,104810,5734254,25,0,0,6522,0,0,0,0,0,0,0,48074236,44710854,0,0,107847,107847,15456,16361,0,0,0,0,0,0,0,0,0,2508602,1252769,0,262144,7673627,219173365,0,0,1026,709620,2039015008,0,0,0,0,0,3,0,0,0,0,0,0,2046901764,495,14121,1865289,1813844988,23823,0,106997,120538629,651092,169,0,651981,169,0,0,0,652150,0,651261,0,0,0,0,0,33,0,85,14704,0,0,0,0,0,0,0,0,225554,611,0,0,0,1015829,21385469,452411,0,0,0,85,1015829,21385469,0,0,46508,4050,23496,19446,19446,0,0,100512,0,0,364,0,0,0,0,0,0,0,59,0,59,0,0,0,0,0,0,0,0,0,0,0,0,0,0,0,0,0,0,0,0,714,24,0
1777070645.001287,1287,ubuntu-rog,1,0,0,6934388,6316,2880358,5281613,446089,0,26,0,0,0,0,0,1967741360,0,0,4907,1968900040,0,6316,2880358,5281613,446089,0,461658,169173,0,0,14149,0,199,0,0,0,3,0,2880328,104810,5734255,26,0,0,6522,0,0,0,0,0,0,0,48074237,44710854,0,0,107847,107847,15456,16361,0,0,0,0,0,0,0,0,0,2508602,1252769,0,262144,7673627,219173365,0,0,1026,709620,2039015039,0,0,0,0,0,3,0,0,0,0,0,0,2046901794,495,14121,1865289,1813844988,23823,0,106997,120538629,651092,169,0,651981,169,0,0,0,652150,0,651261,0,0,0,0,0,33,0,85,14704,0,0,0,0,0,0,0,0,225554,611,0,0,0,1015829,21385469,452411,0,0,0,85,1015829,21385469,0,0,46508,4050,23496,19446,19446,0,0,100512,0,0,364,0,0,0,0,0,0,0,59,0,59,0,0,0,0,0,0,0,0,0,0,0,0,0,0,0,0,0,0,0,0,714,24,0
1777070646.001309,1309,ubuntu-rog,1,0,0,6934388,6316,2880358,5281613,446089,0,28,0,0,0,0,0,1967741384,0,0,4907,1968900064,0,6316,2880358,5281613,446089,0,461658,169173,0,0,14149,0,199,0,0,0,3,0,2880328,104810,5734257,28,0,0,6522,0,0,0,0,0,0,0,48074239,44710854,0,0,107847,107847,15456,16361,0,0,0,0,0,0,0,0,0,2508602,1252769,0,262144,7673627,219173365,0,0,1026,709620,2039015063,0,0,0,0,0,3,0,0,0,0,0,0,2046901816,495,14121,1865289,1813844988,23823,0,106997,120538629,651092,169,0,651981,169,0,0,0,652150,0,651261,0,0,0,0,0,33,0,85,14704,0,0,0,0,0,0,0,0,225554,611,0,0,0,1015829,21385469,452411,0,0,0,85,1015829,21385469,0,0,46508,4050,23496,19446,19446,0,0,100512,0,0,364,0,0,0,0,0,0,0,59,0,59,0,0,0,0,0,0,0,0,0,0,0,0,0,0,0,0,0,0,0,0,714,24,0
1777070647.002152,2152,ubuntu-rog,1,0,0,6934388,6316,2880358,5281613,446089,0,28,0,0,0,0,0,1967741417,0,0,4907,1968900097,0,6316,2880358,5281613,446089,0,461658,169173,0,0,14149,0,199,0,0,0,3,0,2880328,104810,5734257,28,0,0,6522,0,0,0,0,0,0,0,48074239,44710854,0,0,107847,107847,15456,16361,0,0,0,0,0,0,0,0,0,2508602,1252769,0,262144,7673627,219173365,0,0,1026,709620,2039015096,0,0,0,0,0,3,0,0,0,0,0,0,2046901849,495,14121,1865289,1813844988,23823,0,106997,120538629,651092,169,0,651981,169,0,0,0,652150,0,651261,0,0,0,0,0,33,0,85,14704,0,0,0,0,0,0,0,0,225554,611,0,0,0,1015829,21385469,452411,0,0,0,85,1015829,21385469,0,0,46508,4050,23496,19446,19446,0,0,100512,0,0,364,0,0,0,0,0,0,0,59,0,59,0,0,0,0,0,0,0,0,0,0,0,0,0,0,0,0,0,0,0,0,714,24,0
1777070648.001159,1159,ubuntu-rog,1,0,0,6934388,6316,2880357,5281621,446089,0,19,0,0,0,0,0,1967741456,0,0,4907,1968900136,0,6316,2880357,5281621,446089,0,461658,169173,0,0,14149,0,199,0,0,0,3,0,2880328,104810,5734257,19,0,0,6522,0,0,0,0,0,0,0,48074240,44710864,0,0,107847,107847,15456,16361,0,0,0,0,0,0,0,0,0,2508604,1252770,0,262144,7673627,219173433,0,0,1026,709620,2039015135,0,0,0,0,0,3,0,0,0,0,0,0,2046901886,495,14121,1865289,1813844988,23823,0,106997,120538629,651092,169,0,651981,169,0,0,0,652150,0,651261,0,0,0,0,0,33,0,85,14704,0,0,0,0,0,0,0,0,225554,611,0,0,0,1015829,21385469,452411,0,0,0,85,1015829,21385469,0,0,46508,4050,23496,19446,19446,0,0,100512,0,0,364,0,0,0,0,0,0,0,59,0,59,0,0,0,0,0,0,0,0,0,0,0,0,0,0,0,0,0,0,0,0,714,24,0
1777070649.001250,1250,ubuntu-rog,1,0,0,6934388,6316,2880357,5281621,446089,0,22,0,0,0,0,0,1967741481,0,0,4907,1968900161,0,6316,2880357,5281621,446089,0,461658,169173,0,0,14149,0,199,0,0,0,3,0,2880328,104810,5734260,22,0,0,6522,0,0,0,0,0,0,0,48074243,44710864,0,0,107847,107847,15456,16361,0,0,0,0,0,0,0,0,0,2508604,1252770,0,262144,7673627,219173469,0,0,1026,709620,2039015160,0,0,0,0,0,3,0,0,0,0,0,0,2046901912,495,14121,1865289,1813844988,23823,0,106997,120538629,651092,169,0,651981,169,0,0,0,652150,0,651261,0,0,0,0,0,33,0,85,14704,0,0,0,0,0,0,0,0,225554,611,0,0,0,1015829,21385469,452411,0,0,0,85,1015829,21385469,0,0,46508,4050,23496,19446,19446,0,0,100512,0,0,364,0,0,0,0,0,0,0,59,0,59,0,0,0,0,0,0,0,0,0,0,0,0,0,0,0,0,0,0,0,0,714,24,0
1777070650.001291,1291,ubuntu-rog,1,0,0,6934325,6316,2880357,5281623,446089,0,12,0,0,0,0,0,1967741721,0,0,4907,1968900401,0,6316,2880357,5281623,446089,0,461658,169177,0,0,14149,0,199,0,0,0,3,0,2880328,104810,5734260,12,0,0,6522,0,0,0,0,0,0,0,48074243,44710874,0,0,107847,107847,15456,16361,0,0,0,0,0,0,0,0,0,2508592,1252764,0,262144,7673627,219173469,0,0,1026,709620,2039015487,0,0,0,0,0,3,0,0,0,0,0,0,2046902180,495,14121,1865289,1813845058,23823,0,106997,120538629,651092,169,0,651981,169,0,0,0,652150,0,651261,0,0,0,0,0,33,0,85,14704,0,0,0,0,0,0,0,0,225554,611,0,0,0,1015829,21385469,452411,0,0,0,85,1015829,21385469,0,0,46508,4050,23496,19446,19446,0,0,100512,0,0,364,0,0,0,0,0,0,0,59,0,59,0,0,0,0,0,0,0,0,0,0,0,0,0,0,0,0,0,0,0,0,714,24,0
1777070651.002288,2288,ubuntu-rog,1,0,0,6934325,6316,2880395,5281623,446089,0,12,0,0,0,0,0,1967741757,0,0,4907,1968900437,0,6316,2880395,5281623,446089,0,461658,169175,0,0,14149,0,199,0,0,0,3,0,2880372,104810,5734260,12,0,0,6522,0,0,0,0,0,0,0,48074243,44710874,0,0,107847,107847,15456,16361,0,0,0,0,0,0,0,0,0,2508592,1252764,0,262144,7673627,219173469,0,0,1026,709620,2039015523,0,0,0,0,0,3,0,0,0,0,0,0,2046902221,495,14121,1865289,1813845064,23823,0,106997,120538629,651092,169,0,651981,169,0,0,0,652150,0,651261,0,0,0,0,0,33,0,85,14704,0,0,0,0,0,0,0,0,225554,611,0,0,0,1015829,21385469,452411,0,0,0,85,1015829,21385469,0,0,46508,4050,23496,19446,19446,0,0,100512,0,0,364,0,0,0,0,0,0,0,59,0,59,0,0,0,0,0,0,0,0,0,0,0,0,0,0,0,0,0,0,0,0,714,24,0
1777070652.001190,1190,ubuntu-rog,1,0,0,6934325,6316,2880395,5281623,446089,0,14,0,0,0,0,0,1967741782,0,0,4907,1968900462,0,6316,2880395,5281623,446089,0,461658,169175,0,0,14149,0,199,0,0,0,3,0,2880372,104810,5734262,14,0,0,6522,0,0,0,0,0,0,0,48074245,44710874,0,0,107847,107847,15456,16361,0,0,0,0,0,0,0,0,0,2508592,1252764,0,262144,7673627,219173469,0,0,1026,709620,2039015548,0,0,0,0,0,3,0,0,0,0,0,0,2046902244,495,14121,1865289,1813845064,23823,0,106997,120538629,651092,169,0,651981,169,0,0,0,652150,0,651261,0,0,0,0,0,33,0,85,14704,0,0,0,0,0,0,0,0,225554,611,0,0,0,1015829,21385469,452411,0,0,0,85,1015829,21385469,0,0,46508,4050,23496,19446,19446,0,0,100512,0,0,364,0,0,0,0,0,0,0,59,0,59,0,0,0,0,0,0,0,0,0,0,0,0,0,0,0,0,0,0,0,0,714,24,0
1777070653.001164,1164,ubuntu-rog,1,0,0,6934325,6316,2880415,5281624,446089,0,7,0,0,0,0,0,1967741819,0,0,4907,1968900499,0,6316,2880415,5281624,446089,0,461658,169175,0,0,14149,0,199,0,0,0,3,0,2880372,104810,5734263,7,0,0,6522,0,0,0,0,0,0,0,48074245,44710881,0,0,107847,107847,15456,16361,0,0,0,0,0,0,0,0,0,2508592,1252764,0,262144,7673627,219173533,0,0,1026,709620,2039015585,0,0,0,0,0,3,0,0,0,0,0,0,2046902279,495,14121,1865289,1813845064,23823,0,106997,120538629,651092,169,0,651981,169,0,0,0,652150,0,651261,0,0,0,0,0,33,0,85,14704,0,0,0,0,0,0,0,0,225554,611,0,0,0,1015829,21385469,452411,0,0,0,85,1015829,21385469,0,0,46508,4050,23496,19446,19446,0,0,100512,0,0,364,0,0,0,0,0,0,0,59,0,59,0,0,0,0,0,0,0,0,0,0,0,0,0,0,0,0,0,0,0,0,714,24,0
1777070654.001260,1260,ubuntu-rog,1,0,0,6934325,6316,2880415,5281624,446089,0,12,0,0,0,0,0,1967741850,0,0,4907,1968900530,0,6316,2880415,5281624,446089,0,461658,169175,0,0,14149,0,199,0,0,0,3,0,2880372,104810,5734266,12,0,0,6522,0,0,0,0,0,0,0,48074250,44710881,0,0,107847,107847,15456,16361,0,0,0,0,0,0,0,0,0,2508592,1252764,0,262144,7673627,219173533,0,0,1026,709620,2039015616,0,0,0,0,0,3,0,0,0,0,0,0,2046902310,495,14121,1865289,1813845064,23823,0,106997,120538629,651092,169,0,651981,169,0,0,0,652150,0,651261,0,0,0,0,0,33,0,85,14704,0,0,0,0,0,0,0,0,225554,611,0,0,0,1015829,21385469,452411,0,0,0,85,1015829,21385469,0,0,46508,4050,23496,19446,19446,0,0,100512,0,0,364,0,0,0,0,0,0,0,59,0,59,0,0,0,0,0,0,0,0,0,0,0,0,0,0,0,0,0,0,0,0,714,24,0
1777070655.002288,2288,ubuntu-rog,1,0,0,6934325,6316,2880415,5281624,446089,0,12,0,0,0,0,0,1967741876,0,0,4907,1968900556,0,6316,2880415,5281624,446089,0,461658,169175,0,0,14149,0,199,0,0,0,3,0,2880372,104810,5734266,12,0,0,6522,0,0,0,0,0,0,0,48074250,44710881,0,0,107847,107847,15456,16361,0,0,0,0,0,0,0,0,0,2508592,1252764,0,262144,7673627,219173533,0,0,1026,709620,2039015642,0,0,0,0,0,3,0,0,0,0,0,0,2046902336,495,14121,1865289,1813845064,23823,0,106997,120538629,651092,169,0,651981,169,0,0,0,652150,0,651261,0,0,0,0,0,33,0,85,14704,0,0,0,0,0,0,0,0,225554,611,0,0,0,1015829,21385469,452411,0,0,0,85,1015829,21385469,0,0,46508,4050,23496,19446,19446,0,0,100512,0,0,364,0,0,0,0,0,0,0,59,0,59,0,0,0,0,0,0,0,0,0,0,0,0,0,0,0,0,0,0,0,0,714,24,0
1777070656.001296,1296,ubuntu-rog,1,0,0,6934325,6316,2880415,5281624,446089,0,13,0,0,0,0,0,1967741908,0,0,4907,1968900588,0,6316,2880415,5281624,446089,0,461658,169175,0,0,14149,0,199,0,0,0,3,0,2880372,104810,5734267,13,0,0,6522,0,0,0,0,0,0,0,48074251,44710881,0,0,107847,107847,15456,16361,0,0,0,0,0,0,0,0,0,2508592,1252764,0,262144,7673627,219173533,0,0,1026,709620,2039015674,0,0,0,0,0,3,0,0,0,0,0,0,2046902367,495,14121,1865289,1813845064,23823,0,106997,120538629,651092,169,0,651981,169,0,0,0,652150,0,651261,0,0,0,0,0,33,0,85,14704,0,0,0,0,0,0,0,0,225554,611,0,0,0,1015829,21385469,452411,0,0,0,85,1015829,21385469,0,0,46508,4050,23496,19446,19446,0,0,100512,0,0,364,0,0,0,0,0,0,0,59,0,59,0,0,0,0,0,0,0,0,0,0,0,0,0,0,0,0,0,0,0,0,714,24,0
1777070657.001153,1153,ubuntu-rog,1,0,0,6934325,6316,2880415,5281624,446089,0,15,0,0,0,0,0,1967741932,0,0,4907,1968900612,0,6316,2880415,5281624,446089,0,461658,169175,0,0,14149,0,199,0,0,0,3,0,2880372,104810,5734268,15,0,0,6522,0,0,0,0,0,0,0,48074253,44710881,0,0,107847,107847,15456,16361,0,0,0,0,0,0,0,0,0,2508592,1252764,0,262144,7673627,219173533,0,0,1026,709620,2039015698,0,0,0,0,0,3,0,0,0,0,0,0,2046902390,495,14121,1865289,1813845064,23823,0,106997,120538629,651092,169,0,651981,169,0,0,0,652150,0,651261,0,0,0,0,0,33,0,85,14704,0,0,0,0,0,0,0,0,225554,611,0,0,0,1015829,21385469,452411,0,0,0,85,1015829,21385469,0,0,46508,4050,23496,19446,19446,0,0,100512,0,0,364,0,0,0,0,0,0,0,59,0,59,0,0,0,0,0,0,0,0,0,0,0,0,0,0,0,0,0,0,0,0,714,24,0
1777070658.001155,1155,ubuntu-rog,1,0,0,6934325,6316,2880415,5281624,446089,0,16,0,0,0,0,0,1967741965,0,0,4907,1968900645,0,6316,2880415,5281624,446089,0,461658,169175,0,0,14149,0,199,0,0,0,3,0,2880372,104810,5734269,16,0,0,6522,0,0,0,0,0,0,0,48074254,44710881,0,0,107847,107847,15456,16361,0,0,0,0,0,0,0,0,0,2508592,1252764,0,262144,7673627,219173549,0,0,1026,709620,2039015731,0,0,0,0,0,3,0,0,0,0,0,0,2046902420,495,14121,1865289,1813845064,23823,0,106997,120538629,651092,169,0,651981,169,0,0,0,652150,0,651261,0,0,0,0,0,33,0,85,14704,0,0,0,0,0,0,0,0,225554,611,0,0,0,1015829,21385469,452411,0,0,0,85,1015829,21385469,0,0,46508,4050,23496,19446,19446,0,0,100512,0,0,364,0,0,0,0,0,0,0,59,0,59,0,0,0,0,0,0,0,0,0,0,0,0,0,0,0,0,0,0,0,0,714,24,0
1777070659.002262,2262,ubuntu-rog,1,0,0,6934325,6316,2880415,5281624,446089,0,17,0,0,0,0,0,1967742009,0,0,4907,1968900689,0,6316,2880415,5281624,446089,0,461658,169175,0,0,14149,0,199,0,0,0,3,0,2880372,104810,5734272,17,0,0,6522,0,0,0,0,0,0,0,48074255,44710881,0,0,107847,107847,15456,16361,0,0,0,0,0,0,0,0,0,2508592,1252764,0,262144,7673627,219173549,0,0,1026,709620,2039015775,0,0,0,0,0,3,0,0,0,0,0,0,2046902451,495,14121,1865289,1813845064,23823,0,106997,120538629,651092,169,0,651981,169,0,0,0,652150,0,651261,0,0,0,0,0,33,0,85,14704,0,0,0,0,0,0,0,0,225554,611,0,0,0,1015829,21385469,452411,0,0,0,85,1015829,21385469,0,0,46508,4050,23496,19446,19446,0,0,100512,0,0,364,0,0,0,0,0,0,0,59,0,59,0,0,0,0,0,0,0,0,0,0,0,0,0,0,0,0,0,0,0,0,714,24,0
1777070660.001293,1293,ubuntu-rog,1,0,0,6934325,6316,2880415,5281624,446089,0,17,0,0,0,0,0,1967742034,0,0,4907,1968900714,0,6316,2880415,5281624,446089,0,461658,169175,0,0,14149,0,199,0,0,0,3,0,2880372,104810,5734272,17,0,0,6522,0,0,0,0,0,0,0,48074255,44710881,0,0,107847,107847,15456,16361,0,0,0,0,0,0,0,0,0,2508592,1252764,0,262144,7673627,219173549,0,0,1026,709620,2039015814,0,0,0,0,0,3,0,0,0,0,0,0,2046902490,495,14121,1865289,1813845075,23823,0,106997,120538640,651092,169,0,651981,169,0,0,0,652150,0,651261,0,0,0,0,0,33,0,85,14704,0,0,0,0,0,0,0,0,225554,611,0,0,0,1015829,21385469,452411,0,0,0,85,1015829,21385469,0,0,46508,4050,23496,19446,19446,0,0,100512,0,0,364,0,0,0,0,0,0,0,59,0,59,0,0,0,0,0,0,0,0,0,0,0,0,0,0,0,0,0,0,0,0,714,24,0
1777070661.001296,1296,ubuntu-rog,1,0,0,6934325,6316,2880415,5281624,446089,0,17,0,0,0,0,0,1967742062,0,0,4907,1968900742,0,6316,2880415,5281624,446089,0,461658,169175,0,0,14149,0,199,0,0,0,3,0,2880372,104810,5734272,17,0,0,6522,0,0,0,0,0,0,0,48074255,44710881,0,0,107847,107847,15456,16361,0,0,0,0,0,0,0,0,0,2508592,1252764,0,262144,7673627,219173549,0,0,1026,709620,2039015842,0,0,0,0,0,3,0,0,0,0,0,0,2046902518,495,14121,1865289,1813845075,23823,0,106997,120538640,651092,169,0,651981,169,0,0,0,652150,0,651261,0,0,0,0,0,33,0,85,14704,0,0,0,0,0,0,0,0,225554,611,0,0,0,1015829,21385469,452411,0,0,0,85,1015829,21385469,0,0,46508,4050,23496,19446,19446,0,0,100512,0,0,364,0,0,0,0,0,0,0,59,0,59,0,0,0,0,0,0,0,0,0,0,0,0,0,0,0,0,0,0,0,0,714,24,0
1777070662.001155,1155,ubuntu-rog,1,0,0,6934325,6316,2880415,5281624,446089,0,17,0,0,0,0,0,1967742090,0,0,4907,1968900770,0,6316,2880415,5281624,446089,0,461658,169175,0,0,14149,0,199,0,0,0,3,0,2880372,104810,5734272,17,0,0,6522,0,0,0,0,0,0,0,48074255,44710881,0,0,107847,107847,15456,16361,0,0,0,0,0,0,0,0,0,2508592,1252764,0,262144,7673627,219173549,0,0,1026,709620,2039015870,0,0,0,0,0,3,0,0,0,0,0,0,2046902546,495,14121,1865289,1813845075,23823,0,106997,120538640,651092,169,0,651981,169,0,0,0,652150,0,651261,0,0,0,0,0,33,0,85,14704,0,0,0,0,0,0,0,0,225554,611,0,0,0,1015829,21385469,452411,0,0,0,85,1015829,21385469,0,0,46508,4050,23496,19446,19446,0,0,100512,0,0,364,0,0,0,0,0,0,0,59,0,59,0,0,0,0,0,0,0,0,0,0,0,0,0,0,0,0,0,0,0,0,714,24,0
1777070663.002152,2152,ubuntu-rog,1,0,0,6934325,6316,2880415,5281629,446089,0,15,0,0,0,0,0,1967742116,0,0,4907,1968900796,0,6316,2880415,5281629,446089,0,461658,169175,0,0,14149,0,199,0,0,0,3,0,2880372,104810,5734274,15,0,0,6522,0,0,0,0,0,0,0,48074257,44710885,0,0,107847,107847,15456,16361,0,0,0,0,0,0,0,0,0,2508593,1252765,0,262144,7673627,219173593,0,0,1026,709620,2039015896,0,0,0,0,0,3,0,0,0,0,0,0,2046902568,495,14121,1865289,1813845075,23823,0,106997,120538640,651092,169,0,651981,169,0,0,0,652150,0,651261,0,0,0,0,0,33,0,85,14704,0,0,0,0,0,0,0,0,225554,611,0,0,0,1015829,21385469,452411,0,0,0,85,1015829,21385469,0,0,46508,4050,23496,19446,19446,0,0,100512,0,0,364,0,0,0,0,0,0,0,59,0,59,0,0,0,0,0,0,0,0,0,0,0,0,0,0,0,0,0,0,0,0,714,24,0
1777070664.001256,1256,ubuntu-rog,1,0,0,6934325,6316,2880415,5281629,446089,0,18,0,0,0,0,0,1967742147,0,0,4907,1968900827,0,6316,2880415,5281629,446089,0,461658,169175,0,0,14149,0,199,0,0,0,3,0,2880372,104810,5734276,18,0,0,6522,0,0,0,0,0,0,0,48074260,44710885,0,0,107847,107847,15456,16361,0,0,0,0,0,0,0,0,0,2508593,1252765,0,262144,7673627,219173593,0,0,1026,709620,2039015927,0,0,0,0,0,3,0,0,0,0,0,0,2046902599,495,14121,1865289,1813845075,23823,0,106997,120538640,651092,169,0,651981,169,0,0,0,652150,0,651261,0,0,0,0,0,33,0,85,14704,0,0,0,0,0,0,0,0,225554,611,0,0,0,1015829,21385469,452411,0,0,0,85,1015829,21385469,0,0,46508,4050,23496,19446,19446,0,0,100512,0,0,364,0,0,0,0,0,0,0,59,0,59,0,0,0,0,0,0,0,0,0,0,0,0,0,0,0,0,0,0,0,0,714,24,0
1777070665.001298,1298,ubuntu-rog,1,0,0,6934325,6316,2880415,5281629,446089,0,18,0,0,0,0,0,1967742177,0,0,4907,1968900857,0,6316,2880415,5281629,446089,0,461658,169175,0,0,14149,0,199,0,0,0,3,0,2880372,104810,5734276,18,0,0,6522,0,0,0,0,0,0,0,48074260,44710885,0,0,107847,107847,15456,16361,0,0,0,0,0,0,0,0,0,2508593,1252765,0,262144,7673627,219173593,0,0,1026,709620,2039015957,0,0,0,0,0,3,0,0,0,0,0,0,2046902629,495,14121,1865289,1813845075,23823,0,106997,120538640,651092,169,0,651981,169,0,0,0,652150,0,651261,0,0,0,0,0,33,0,85,14704,0,0,0,0,0,0,0,0,225554,611,0,0,0,1015829,21385469,452411,0,0,0,85,1015829,21385469,0,0,46508,4050,23496,19446,19446,0,0,100512,0,0,364,0,0,0,0,0,0,0,59,0,59,0,0,0,0,0,0,0,0,0,0,0,0,0,0,0,0,0,0,0,0,714,24,0
1777070666.001298,1298,ubuntu-rog,1,0,0,6934325,6316,2880415,5281629,446089,0,19,0,0,0,0,0,1967742200,0,0,4907,1968900880,0,6316,2880415,5281629,446089,0,461658,169175,0,0,14149,0,199,0,0,0,3,0,2880372,104810,5734277,19,0,0,6522,0,0,0,0,0,0,0,48074261,44710885,0,0,107847,107847,15456,16361,0,0,0,0,0,0,0,0,0,2508593,1252765,0,262144,7673627,219173593,0,0,1026,709620,2039015980,0,0,0,0,0,3,0,0,0,0,0,0,2046902651,495,14121,1865289,1813845075,23823,0,106997,120538640,651092,169,0,651981,169,0,0,0,652150,0,651261,0,0,0,0,0,33,0,85,14704,0,0,0,0,0,0,0,0,225554,611,0,0,0,1015829,21385469,452411,0,0,0,85,1015829,21385469,0,0,46508,4050,23496,19446,19446,0,0,100512,0,0,364,0,0,0,0,0,0,0,59,0,59,0,0,0,0,0,0,0,0,0,0,0,0,0,0,0,0,0,0,0,0,714,24,0
1777070667.002149,2149,ubuntu-rog,1,0,0,6934325,6316,2880415,5281629,446089,0,19,0,0,0,0,0,1967742229,0,0,4907,1968900909,0,6316,2880415,5281629,446089,0,461658,169175,0,0,14149,0,199,0,0,0,3,0,2880372,104810,5734277,19,0,0,6522,0,0,0,0,0,0,0,48074261,44710885,0,0,107847,107847,15456,16361,0,0,0,0,0,0,0,0,0,2508593,1252765,0,262144,7673627,219173593,0,0,1026,709620,2039016009,0,0,0,0,0,3,0,0,0,0,0,0,2046902680,495,14121,1865289,1813845075,23823,0,106997,120538640,651092,169,0,651981,169,0,0,0,652150,0,651261,0,0,0,0,0,33,0,85,14704,0,0,0,0,0,0,0,0,225554,611,0,0,0,1015829,21385469,452411,0,0,0,85,1015829,21385469,0,0,46508,4050,23496,19446,19446,0,0,100512,0,0,364,0,0,0,0,0,0,0,59,0,59,0,0,0,0,0,0,0,0,0,0,0,0,0,0,0,0,0,0,0,0,714,24,0
1777070668.001155,1155,ubuntu-rog,1,0,0,6934325,6316,2880415,5281629,446089,0,20,0,0,0,0,0,1967742260,0,0,4907,1968900940,0,6316,2880415,5281629,446089,0,461658,169175,0,0,14149,0,199,0,0,0,3,0,2880372,104810,5734278,20,0,0,6522,0,0,0,0,0,0,0,48074262,44710885,0,0,107847,107847,15456,16361,0,0,0,0,0,0,0,0,0,2508593,1252765,0,262144,7673627,219173609,0,0,1026,709620,2039016040,0,0,0,0,0,3,0,0,0,0,0,0,2046902708,495,14121,1865289,1813845075,23823,0,106997,120538640,651092,169,0,651981,169,0,0,0,652150,0,651261,0,0,0,0,0,33,0,85,14704,0,0,0,0,0,0,0,0,225554,611,0,0,0,1015829,21385469,452411,0,0,0,85,1015829,21385469,0,0,46508,4050,23496,19446,19446,0,0,100512,0,0,364,0,0,0,0,0,0,0,59,0,59,0,0,0,0,0,0,0,0,0,0,0,0,0,0,0,0,0,0,0,0,714,24,0
1777070669.001252,1252,ubuntu-rog,1,0,0,6934325,6316,2880415,5281629,446089,0,20,0,0,0,0,0,1967742286,0,0,4907,1968900966,0,6316,2880415,5281629,446089,0,461658,169175,0,0,14149,0,199,0,0,0,3,0,2880372,104810,5734280,20,0,0,6522,0,0,0,0,0,0,0,48074262,44710885,0,0,107847,107847,15456,16361,0,0,0,0,0,0,0,0,0,2508593,1252765,0,262144,7673627,219173609,0,0,1026,709620,2039016066,0,0,0,0,0,3,0,0,0,0,0,0,2046902734,495,14121,1865289,1813845075,23823,0,106997,120538640,651092,169,0,651981,169,0,0,0,652150,0,651261,0,0,0,0,0,33,0,85,14704,0,0,0,0,0,0,0,0,225554,611,0,0,0,1015829,21385469,452411,0,0,0,85,1015829,21385469,0,0,46508,4050,23496,19446,19446,0,0,100512,0,0,364,0,0,0,0,0,0,0,59,0,59,0,0,0,0,0,0,0,0,0,0,0,0,0,0,0,0,0,0,0,0,714,24,0
1777070670.001283,1283,ubuntu-rog,1,0,0,6934325,6316,2880415,5281629,446089,0,23,0,0,0,0,0,1967742318,0,0,4907,1968900998,0,6316,2880415,5281629,446089,0,461658,169175,0,0,14149,0,199,0,0,0,3,0,2880372,104810,5734282,23,0,0,6522,0,0,0,0,0,0,0,48074265,44710885,0,0,107847,107847,15456,16361,0,0,0,0,0,0,0,0,0,2508593,1252765,0,262144,7673627,219173609,0,0,1026,709620,2039016098,0,0,0,0,0,3,0,0,0,0,0,0,2046902764,495,14121,1865289,1813845075,23823,0,106997,120538640,651092,169,0,651981,169,0,0,0,652150,0,651261,0,0,0,0,0,33,0,85,14704,0,0,0,0,0,0,0,0,225554,611,0,0,0,1015829,21385469,452411,0,0,0,85,1015829,21385469,0,0,46508,4050,23496,19446,19446,0,0,100512,0,0,364,0,0,0,0,0,0,0,59,0,59,0,0,0,0,0,0,0,0,0,0,0,0,0,0,0,0,0,0,0,0,714,24,0
1777070671.002283,2283,ubuntu-rog,1,0,0,6934325,6316,2880415,5281629,446089,0,23,0,0,0,0,0,1967742341,0,0,4907,1968901021,0,6316,2880415,5281629,446089,0,461658,169175,0,0,14149,0,199,0,0,0,3,0,2880372,104810,5734282,23,0,0,6522,0,0,0,0,0,0,0,48074265,44710885,0,0,107847,107847,15456,16361,0,0,0,0,0,0,0,0,0,2508593,1252765,0,262144,7673627,219173609,0,0,1026,709620,2039016121,0,0,0,0,0,3,0,0,0,0,0,0,2046902787,495,14121,1865289,1813845075,23823,0,106997,120538640,651092,169,0,651981,169,0,0,0,652150,0,651261,0,0,0,0,0,33,0,85,14704,0,0,0,0,0,0,0,0,225554,611,0,0,0,1015829,21385469,452411,0,0,0,85,1015829,21385469,0,0,46508,4050,23496,19446,19446,0,0,100512,0,0,364,0,0,0,0,0,0,0,59,0,59,0,0,0,0,0,0,0,0,0,0,0,0,0,0,0,0,0,0,0,0,714,24,0
1777070672.001165,1165,ubuntu-rog,1,0,0,6934325,6316,2880415,5281629,446089,0,23,0,0,0,0,0,1967742370,0,0,4907,1968901050,0,6316,2880415,5281629,446089,0,461658,169175,0,0,14149,0,199,0,0,0,3,0,2880372,104810,5734282,23,0,0,6522,0,0,0,0,0,0,0,48074265,44710885,0,0,107847,107847,15456,16361,0,0,0,0,0,0,0,0,0,2508593,1252765,0,262144,7673627,219173609,0,0,1026,709620,2039016150,0,0,0,0,0,3,0,0,0,0,0,0,2046902816,495,14121,1865289,1813845075,23823,0,106997,120538640,651092,169,0,651981,169,0,0,0,652150,0,651261,0,0,0,0,0,33,0,85,14704,0,0,0,0,0,0,0,0,225554,611,0,0,0,1015829,21385469,452411,0,0,0,85,1015829,21385469,0,0,46508,4050,23496,19446,19446,0,0,100512,0,0,364,0,0,0,0,0,0,0,59,0,59,0,0,0,0,0,0,0,0,0,0,0,0,0,0,0,0,0,0,0,0,714,24,0
1777070673.001159,1159,ubuntu-rog,1,0,0,6934325,6316,2880415,5281629,446089,0,24,0,0,0,0,0,1967742403,0,0,4907,1968901083,0,6316,2880415,5281629,446089,0,461658,169175,0,0,14149,0,199,0,0,0,3,0,2880372,104810,5734283,24,0,0,6522,0,0,0,0,0,0,0,48074266,44710885,0,0,107847,107847,15456,16361,0,0,0,0,0,0,0,0,0,2508593,1252765,0,262144,7673627,219173625,0,0,1026,709620,2039016183,0,0,0,0,0,3,0,0,0,0,0,0,2046902846,495,14121,1865289,1813845075,23823,0,106997,120538640,651092,169,0,651981,169,0,0,0,652150,0,651261,0,0,0,0,0,33,0,85,14704,0,0,0,0,0,0,0,0,225554,611,0,0,0,1015829,21385469,452411,0,0,0,85,1015829,21385469,0,0,46508,4050,23496,19446,19446,0,0,100512,0,0,364,0,0,0,0,0,0,0,59,0,59,0,0,0,0,0,0,0,0,0,0,0,0,0,0,0,0,0,0,0,0,714,24,0
1777070674.001260,1260,ubuntu-rog,1,0,0,6934325,6316,2880415,5281629,446089,0,25,0,0,0,0,0,1967742425,0,0,4907,1968901105,0,6316,2880415,5281629,446089,0,461658,169175,0,0,14149,0,199,0,0,0,3,0,2880372,104810,5734286,25,0,0,6522,0,0,0,0,0,0,0,48074267,44710885,0,0,107847,107847,15456,16361,0,0,0,0,0,0,0,0,0,2508593,1252765,0,262144,7673627,219173625,0,0,1026,709620,2039016205,0,0,0,0,0,3,0,0,0,0,0,0,2046902867,495,14121,1865289,1813845075,23823,0,106997,120538640,651092,169,0,651981,169,0,0,0,652150,0,651261,0,0,0,0,0,33,0,85,14704,0,0,0,0,0,0,0,0,225554,611,0,0,0,1015829,21385469,452411,0,0,0,85,1015829,21385469,0,0,46508,4050,23496,19446,19446,0,0,100512,0,0,364,0,0,0,0,0,0,0,59,0,59,0,0,0,0,0,0,0,0,0,0,0,0,0,0,0,0,0,0,0,0,714,24,0
1777070675.002291,2291,ubuntu-rog,1,0,0,6934325,6316,2880415,5281629,446089,0,25,0,0,0,0,0,1967742453,0,0,4907,1968901133,0,6316,2880415,5281629,446089,0,461658,169175,0,0,14149,0,199,0,0,0,3,0,2880372,104810,5734286,25,0,0,6522,0,0,0,0,0,0,0,48074267,44710885,0,0,107847,107847,15456,16361,0,0,0,0,0,0,0,0,0,2508593,1252765,0,262144,7673627,219173625,0,0,1026,709620,2039016233,0,0,0,0,0,3,0,0,0,0,0,0,2046902895,495,14121,1865289,1813845075,23823,0,106997,120538640,651092,169,0,651981,169,0,0,0,652150,0,651261,0,0,0,0,0,33,0,85,14704,0,0,0,0,0,0,0,0,225554,611,0,0,0,1015829,21385469,452411,0,0,0,85,1015829,21385469,0,0,46508,4050,23496,19446,19446,0,0,100512,0,0,364,0,0,0,0,0,0,0,59,0,59,0,0,0,0,0,0,0,0,0,0,0,0,0,0,0,0,0,0,0,0,714,24,0
1777070676.001293,1293,ubuntu-rog,1,0,0,6934325,6316,2880415,5281629,446089,0,25,0,0,0,0,0,1967742483,0,0,4907,1968901163,0,6316,2880415,5281629,446089,0,461658,169175,0,0,14149,0,199,0,0,0,3,0,2880372,104810,5734286,25,0,0,6522,0,0,0,0,0,0,0,48074267,44710885,0,0,107847,107847,15456,16361,0,0,0,0,0,0,0,0,0,2508593,1252765,0,262144,7673627,219173625,0,0,1026,709620,2039016263,0,0,0,0,0,3,0,0,0,0,0,0,2046902925,495,14121,1865289,1813845075,23823,0,106997,120538640,651092,169,0,651981,169,0,0,0,652150,0,651261,0,0,0,0,0,33,0,85,14704,0,0,0,0,0,0,0,0,225554,611,0,0,0,1015829,21385469,452411,0,0,0,85,1015829,21385469,0,0,46508,4050,23496,19446,19446,0,0,100512,0,0,364,0,0,0,0,0,0,0,59,0,59,0,0,0,0,0,0,0,0,0,0,0,0,0,0,0,0,0,0,0,0,714,24,0
1777070677.001152,1152,ubuntu-rog,1,0,0,6934325,6316,2880415,5281629,446089,0,26,0,0,0,0,0,1967742507,0,0,4907,1968901187,0,6316,2880415,5281629,446089,0,461658,169175,0,0,14149,0,199,0,0,0,3,0,2880372,104810,5734287,26,0,0,6522,0,0,0,0,0,0,0,48074268,44710885,0,0,107847,107847,15456,16361,0,0,0,0,0,0,0,0,0,2508593,1252765,0,262144,7673627,219173625,0,0,1026,709620,2039016287,0,0,0,0,0,3,0,0,0,0,0,0,2046902948,495,14121,1865289,1813845075,23823,0,106997,120538640,651092,169,0,651981,169,0,0,0,652150,0,651261,0,0,0,0,0,33,0,85,14704,0,0,0,0,0,0,0,0,225554,611,0,0,0,1015829,21385469,452411,0,0,0,85,1015829,21385469,0,0,46508,4050,23496,19446,19446,0,0,100512,0,0,364,0,0,0,0,0,0,0,59,0,59,0,0,0,0,0,0,0,0,0,0,0,0,0,0,0,0,0,0,0,0,714,24,0
1777070678.001164,1164,ubuntu-rog,1,0,0,6934325,6316,2880415,5281629,446089,0,26,0,0,0,0,0,1967742539,0,0,4907,1968901219,0,6316,2880415,5281629,446089,0,461658,169175,0,0,14149,0,199,0,0,0,3,0,2880372,104810,5734287,26,0,0,6522,0,0,0,0,0,0,0,48074268,44710885,0,0,107847,107847,15456,16361,0,0,0,0,0,0,0,0,0,2508593,1252765,0,262144,7673627,219173641,0,0,1026,709620,2039016319,0,0,0,0,0,3,0,0,0,0,0,0,2046902978,495,14121,1865289,1813845075,23823,0,106997,120538640,651092,169,0,651981,169,0,0,0,652150,0,651261,0,0,0,0,0,33,0,85,14704,0,0,0,0,0,0,0,0,225554,611,0,0,0,1015829,21385469,452411,0,0,0,85,1015829,21385469,0,0,46508,4050,23496,19446,19446,0,0,100512,0,0,364,0,0,0,0,0,0,0,59,0,59,0,0,0,0,0,0,0,0,0,0,0,0,0,0,0,0,0,0,0,0,714,24,0
1777070679.002259,2259,ubuntu-rog,1,0,0,6934325,6316,2880416,5281639,446089,0,35,0,0,0,0,0,1967742572,0,0,4907,1968901252,0,6316,2880416,5281639,446089,0,461658,169175,0,0,14149,0,199,0,0,0,3,0,2880372,104810,5734292,35,0,0,6522,0,0,0,0,0,0,0,48074279,44710887,0,0,107847,107847,15456,16361,0,0,0,0,0,0,0,0,0,2508595,1252766,0,262144,7673627,219173697,0,0,1026,709620,2039016352,0,0,0,0,0,3,0,0,0,0,0,0,2046903008,495,14121,1865289,1813845075,23823,0,106997,120538640,651092,169,0,651981,169,0,0,0,652150,0,651261,0,0,0,0,0,33,0,85,14704,0,0,0,0,0,0,0,0,225554,611,0,0,0,1015829,21385469,452411,0,0,0,85,1015829,21385469,0,0,46508,4050,23496,19446,19446,0,0,100512,0,0,364,0,0,0,0,0,0,0,59,0,59,0,0,0,0,0,0,0,0,0,0,0,0,0,0,0,0,0,0,0,0,714,24,0
1777070680.001293,1293,ubuntu-rog,1,0,0,6934325,6316,2880416,5281639,446089,0,36,0,0,0,0,0,1967742593,0,0,4907,1968901273,0,6316,2880416,5281639,446089,0,461658,169175,0,0,14149,0,199,0,0,0,3,0,2880372,104810,5734293,36,0,0,6522,0,0,0,0,0,0,0,48074280,44710887,0,0,107847,107847,15456,16361,0,0,0,0,0,0,0,0,0,2508595,1252766,0,262144,7673627,219173697,0,0,1026,709620,2039016373,0,0,0,0,0,3,0,0,0,0,0,0,2046903028,495,14121,1865289,1813845075,23823,0,106997,120538640,651092,169,0,651981,169,0,0,0,652150,0,651261,0,0,0,0,0,33,0,85,14704,0,0,0,0,0,0,0,0,225554,611,0,0,0,1015829,21385469,452411,0,0,0,85,1015829,21385469,0,0,46508,4050,23496,19446,19446,0,0,100512,0,0,364,0,0,0,0,0,0,0,59,0,59,0,0,0,0,0,0,0,0,0,0,0,0,0,0,0,0,0,0,0,0,714,24,0
1777070681.001298,1298,ubuntu-rog,1,0,0,6934325,6316,2880416,5281639,446089,0,36,0,0,0,0,0,1967742621,0,0,4907,1968901301,0,6316,2880416,5281639,446089,0,461658,169175,0,0,14149,0,199,0,0,0,3,0,2880372,104810,5734293,36,0,0,6522,0,0,0,0,0,0,0,48074280,44710887,0,0,107847,107847,15456,16361,0,0,0,0,0,0,0,0,0,2508595,1252766,0,262144,7673627,219173697,0,0,1026,709620,2039016401,0,0,0,0,0,3,0,0,0,0,0,0,2046903056,495,14121,1865289,1813845075,23823,0,106997,120538640,651092,169,0,651981,169,0,0,0,652150,0,651261,0,0,0,0,0,33,0,85,14704,0,0,0,0,0,0,0,0,225554,611,0,0,0,1015829,21385469,452411,0,0,0,85,1015829,21385469,0,0,46508,4050,23496,19446,19446,0,0,100512,0,0,364,0,0,0,0,0,0,0,59,0,59,0,0,0,0,0,0,0,0,0,0,0,0,0,0,0,0,0,0,0,0,714,24,0
1777070682.001156,1156,ubuntu-rog,1,0,0,6934325,6316,2880416,5281639,446089,0,37,0,0,0,0,0,1967742651,0,0,4907,1968901331,0,6316,2880416,5281639,446089,0,461658,169175,0,0,14149,0,199,0,0,0,3,0,2880372,104810,5734294,37,0,0,6522,0,0,0,0,0,0,0,48074281,44710887,0,0,107847,107847,15456,16361,0,0,0,0,0,0,0,0,0,2508595,1252766,0,262144,7673627,219173697,0,0,1026,709620,2039016431,0,0,0,0,0,3,0,0,0,0,0,0,2046903085,495,14121,1865289,1813845077,23823,0,106997,120538642,651092,169,0,651981,169,0,0,0,652150,0,651261,0,0,0,0,0,33,0,85,14704,0,0,0,0,0,0,0,0,225554,611,0,0,0,1015829,21385469,452411,0,0,0,85,1015829,21385469,0,0,46508,4050,23496,19446,19446,0,0,100512,0,0,364,0,0,0,0,0,0,0,59,0,59,0,0,0,0,0,0,0,0,0,0,0,0,0,0,0,0,0,0,0,0,714,24,0
1777070683.002147,2147,ubuntu-rog,1,0,0,6934325,6316,2880416,5281639,446089,0,37,0,0,0,0,0,1967742678,0,0,4907,1968901358,0,6316,2880416,5281639,446089,0,461658,169175,0,0,14149,0,199,0,0,0,3,0,2880372,104810,5734294,37,0,0,6522,0,0,0,0,0,0,0,48074281,44710887,0,0,107847,107847,15456,16361,0,0,0,0,0,0,0,0,0,2508595,1252766,0,262144,7673627,219173765,0,0,1026,709620,2039016458,0,0,0,0,0,3,0,0,0,0,0,0,2046903112,495,14121,1865289,1813845077,23823,0,106997,120538642,651092,169,0,651981,169,0,0,0,652150,0,651261,0,0,0,0,0,33,0,85,14704,0,0,0,0,0,0,0,0,225554,611,0,0,0,1015829,21385469,452411,0,0,0,85,1015829,21385469,0,0,46508,4050,23496,19446,19446,0,0,100512,0,0,364,0,0,0,0,0,0,0,59,0,59,0,0,0,0,0,0,0,0,0,0,0,0,0,0,0,0,0,0,0,0,714,24,0
1777070684.001290,1290,ubuntu-rog,1,0,0,6934325,6316,2880416,5281659,446089,0,22,0,0,0,0,0,1967742715,0,0,4907,1968901395,0,6316,2880416,5281659,446089,0,461658,169175,0,0,14149,0,199,0,0,0,3,0,2880372,104810,5734295,22,0,0,6522,0,0,0,0,0,0,0,48074283,44710904,0,0,107847,107847,15456,16361,0,0,0,0,0,0,0,0,0,2508599,1252768,0,262144,7673627,219173921,0,0,1026,709620,2039016495,0,0,0,0,0,3,0,0,0,0,0,0,2046903156,495,14121,1865289,1813845077,23823,0,106997,120538642,651092,169,0,651981,169,0,0,0,652150,0,651261,0,0,0,0,0,33,0,85,14704,0,0,0,0,0,0,0,0,225554,611,0,0,0,1015829,21385469,452411,0,0,0,85,1015829,21385469,0,0,46508,4050,23496,19446,19446,0,0,100512,0,0,364,0,0,0,0,0,0,0,59,0,59,0,0,0,0,0,0,0,0,0,0,0,0,0,0,0,0,0,0,0,0,714,24,0
1777070685.001300,1300,ubuntu-rog,1,0,0,6934325,6316,2880416,5281659,446089,0,7,0,0,0,0,0,1967742741,0,0,4907,1968901421,0,6316,2880416,5281659,446089,0,461658,169175,0,0,14149,0,199,0,0,0,3,0,2880372,104810,5734299,7,0,0,6522,0,0,0,0,0,0,0,48074289,44710925,0,0,107847,107847,15456,16361,0,0,0,0,0,0,0,0,0,2508599,1252768,0,262144,7673627,219173921,0,0,1026,709620,2039016521,0,0,0,0,0,3,0,0,0,0,0,0,2046903181,495,14121,1865289,1813845077,23823,0,106997,120538642,651092,169,0,651981,169,0,0,0,652150,0,651261,0,0,0,0,0,33,0,85,14704,0,0,0,0,0,0,0,0,225554,611,0,0,0,1015829,21385469,452411,0,0,0,85,1015829,21385469,0,0,46508,4050,23496,19446,19446,0,0,100512,0,0,364,0,0,0,0,0,0,0,59,0,59,0,0,0,0,0,0,0,0,0,0,0,0,0,0,0,0,0,0,0,0,714,24,0
1777070686.001289,1289,ubuntu-rog,1,0,0,6934325,6316,2880416,5281659,446089,0,7,0,0,0,0,0,1967742774,0,0,4907,1968901454,0,6316,2880416,5281659,446089,0,461658,169175,0,0,14149,0,199,0,0,0,3,0,2880372,104810,5734299,7,0,0,6522,0,0,0,0,0,0,0,48074289,44710925,0,0,107847,107847,15456,16361,0,0,0,0,0,0,0,0,0,2508599,1252768,0,262144,7673627,219173921,0,0,1026,709620,2039016554,0,0,0,0,0,3,0,0,0,0,0,0,2046903214,495,14121,1865289,1813845077,23823,0,106997,120538642,651092,169,0,651981,169,0,0,0,652150,0,651261,0,0,0,0,0,33,0,85,14704,0,0,0,0,0,0,0,0,225554,611,0,0,0,1015829,21385469,452411,0,0,0,85,1015829,21385469,0,0,46508,4050,23496,19446,19446,0,0,100512,0,0,364,0,0,0,0,0,0,0,59,0,59,0,0,0,0,0,0,0,0,0,0,0,0,0,0,0,0,0,0,0,0,714,24,0
1777070687.002153,2153,ubuntu-rog,1,0,0,6934325,6316,2880416,5281659,446089,0,8,0,0,0,0,0,1967742810,0,0,4907,1968901490,0,6316,2880416,5281659,446089,0,461658,169175,0,0,14149,0,199,0,0,0,3,0,2880377,104810,5734300,8,0,0,6522,0,0,0,0,0,0,0,48074290,44710925,0,0,107847,107847,15456,16361,0,0,0,0,0,0,0,0,0,2508599,1252768,0,262144,7673627,219173921,0,0,1026,709620,2039016590,0,0,0,0,0,3,0,0,0,0,0,0,2046903244,495,14121,1865289,1813845082,23823,0,106997,120538642,651092,169,0,651981,169,0,0,0,652150,0,651261,0,0,0,0,0,33,0,85,14704,0,0,0,0,0,0,0,0,225554,611,0,0,0,1015829,21385469,452411,0,0,0,85,1015829,21385469,0,0,46508,4050,23496,19446,19446,0,0,100512,0,0,364,0,0,0,0,0,0,0,59,0,59,0,0,0,0,0,0,0,0,0,0,0,0,0,0,0,0,0,0,0,0,714,24,0
1777070688.001156,1156,ubuntu-rog,1,0,0,6934325,6316,2880416,5281659,446089,0,8,0,0,0,0,0,1967742832,0,0,4907,1968901512,0,6316,2880416,5281659,446089,0,461658,169175,0,0,14149,0,199,0,0,0,3,0,2880377,104810,5734300,8,0,0,6522,0,0,0,0,0,0,0,48074290,44710925,0,0,107847,107847,15456,16361,0,0,0,0,0,0,0,0,0,2508599,1252768,0,262144,7673627,219173921,0,0,1026,709620,2039016612,0,0,0,0,0,3,0,0,0,0,0,0,2046903266,495,14121,1865289,1813845082,23823,0,106997,120538642,651092,169,0,651981,169,0,0,0,652150,0,651261,0,0,0,0,0,33,0,85,14704,0,0,0,0,0,0,0,0,225554,611,0,0,0,1015829,21385469,452411,0,0,0,85,1015829,21385469,0,0,46508,4050,23496,19446,19446,0,0,100512,0,0,364,0,0,0,0,0,0,0,59,0,59,0,0,0,0,0,0,0,0,0,0,0,0,0,0,0,0,0,0,0,0,714,24,0
1777070689.001259,1259,ubuntu-rog,1,0,0,6934325,6316,2880416,5281659,446089,0,8,0,0,0,0,0,1967742865,0,0,4907,1968901545,0,6316,2880416,5281659,446089,0,461658,169175,0,0,14149,0,199,0,0,0,3,0,2880377,104810,5734300,8,0,0,6522,0,0,0,0,0,0,0,48074290,44710925,0,0,107847,107847,15456,16361,0,0,0,0,0,0,0,0,0,2508599,1252768,0,262144,7673627,219173937,0,0,1026,709620,2039016645,0,0,0,0,0,3,0,0,0,0,0,0,2046903297,495,14121,1865289,1813845082,23823,0,106997,120538642,651092,169,0,651981,169,0,0,0,652150,0,651261,0,0,0,0,0,33,0,85,14704,0,0,0,0,0,0,0,0,225554,611,0,0,0,1015829,21385469,452411,0,0,0,85,1015829,21385469,0,0,46508,4050,23496,19446,19446,0,0,100512,0,0,364,0,0,0,0,0,0,0,59,0,59,0,0,0,0,0,0,0,0,0,0,0,0,0,0,0,0,0,0,0,0,714,24,0
1777070690.001287,1287,ubuntu-rog,1,0,0,6934325,6316,2880416,5281659,446089,0,11,0,0,0,0,0,1967742897,0,0,4907,1968901577,0,6316,2880416,5281659,446089,0,461658,169175,0,0,14149,0,199,0,0,0,3,0,2880377,104810,5734304,11,0,0,6522,0,0,0,0,0,0,0,48074293,44710925,0,0,107847,107847,15456,16361,0,0,0,0,0,0,0,0,0,2508599,1252768,0,262144,7673627,219173937,0,0,1026,709620,2039016677,0,0,0,0,0,3,0,0,0,0,0,0,2046903327,495,14121,1865289,1813845082,23823,0,106997,120538642,651092,169,0,651981,169,0,0,0,652150,0,651261,0,0,0,0,0,33,0,85,14704,0,0,0,0,0,0,0,0,225554,611,0,0,0,1015829,21385469,452411,0,0,0,85,1015829,21385469,0,0,46508,4050,23496,19446,19446,0,0,100512,0,0,364,0,0,0,0,0,0,0,59,0,59,0,0,0,0,0,0,0,0,0,0,0,0,0,0,0,0,0,0,0,0,714,24,0
1777070691.002292,2292,ubuntu-rog,1,0,0,6934325,6316,2880416,5281659,446089,0,11,0,0,0,0,0,1967742919,0,0,4907,1968901599,0,6316,2880416,5281659,446089,0,461658,169175,0,0,14149,0,199,0,0,0,3,0,2880377,104810,5734304,11,0,0,6522,0,0,0,0,0,0,0,48074293,44710925,0,0,107847,107847,15456,16361,0,0,0,0,0,0,0,0,0,2508599,1252768,0,262144,7673627,219173937,0,0,1026,709620,2039016699,0,0,0,0,0,3,0,0,0,0,0,0,2046903349,495,14121,1865289,1813845082,23823,0,106997,120538642,651092,169,0,651981,169,0,0,0,652150,0,651261,0,0,0,0,0,33,0,85,14704,0,0,0,0,0,0,0,0,225554,611,0,0,0,1015829,21385469,452411,0,0,0,85,1015829,21385469,0,0,46508,4050,23496,19446,19446,0,0,100512,0,0,364,0,0,0,0,0,0,0,59,0,59,0,0,0,0,0,0,0,0,0,0,0,0,0,0,0,0,0,0,0,0,714,24,0
1777070692.001149,1149,ubuntu-rog,1,0,0,6934325,6316,2880416,5281659,446089,0,11,0,0,0,0,0,1967742951,0,0,4907,1968901631,0,6316,2880416,5281659,446089,0,461658,169175,0,0,14149,0,199,0,0,0,3,0,2880377,104810,5734304,11,0,0,6522,0,0,0,0,0,0,0,48074293,44710925,0,0,107847,107847,15456,16361,0,0,0,0,0,0,0,0,0,2508599,1252768,0,262144,7673627,219173937,0,0,1026,709620,2039016731,0,0,0,0,0,3,0,0,0,0,0,0,2046903381,495,14121,1865289,1813845082,23823,0,106997,120538642,651092,169,0,651981,169,0,0,0,652150,0,651261,0,0,0,0,0,33,0,85,14704,0,0,0,0,0,0,0,0,225554,611,0,0,0,1015829,21385469,452411,0,0,0,85,1015829,21385469,0,0,46508,4050,23496,19446,19446,0,0,100512,0,0,364,0,0,0,0,0,0,0,59,0,59,0,0,0,0,0,0,0,0,0,0,0,0,0,0,0,0,0,0,0,0,714,24,0
1777070693.001158,1158,ubuntu-rog,1,0,0,6934325,6316,2880416,5281659,446089,0,11,0,0,0,0,0,1967742980,0,0,4907,1968901660,0,6316,2880416,5281659,446089,0,461658,169175,0,0,14149,0,199,0,0,0,3,0,2880377,104810,5734304,11,0,0,6522,0,0,0,0,0,0,0,48074293,44710925,0,0,107847,107847,15456,16361,0,0,0,0,0,0,0,0,0,2508599,1252768,0,262144,7673627,219173937,0,0,1026,709620,2039016760,0,0,0,0,0,3,0,0,0,0,0,0,2046903410,495,14121,1865289,1813845082,23823,0,106997,120538642,651092,169,0,651981,169,0,0,0,652150,0,651261,0,0,0,0,0,33,0,85,14704,0,0,0,0,0,0,0,0,225554,611,0,0,0,1015829,21385469,452411,0,0,0,85,1015829,21385469,0,0,46508,4050,23496,19446,19446,0,0,100512,0,0,364,0,0,0,0,0,0,0,59,0,59,0,0,0,0,0,0,0,0,0,0,0,0,0,0,0,0,0,0,0,0,714,24,0
1777070694.001255,1255,ubuntu-rog,1,0,0,6934325,6316,2880416,5281659,446089,0,13,0,0,0,0,0,1967743004,0,0,4907,1968901684,0,6316,2880416,5281659,446089,0,461658,169175,0,0,14149,0,199,0,0,0,3,0,2880377,104810,5734306,13,0,0,6522,0,0,0,0,0,0,0,48074295,44710925,0,0,107847,107847,15456,16361,0,0,0,0,0,0,0,0,0,2508599,1252768,0,262144,7673627,219173953,0,0,1026,709620,2039016784,0,0,0,0,0,3,0,0,0,0,0,0,2046903430,495,14121,1865289,1813845082,23823,0,106997,120538642,651092,169,0,651981,169,0,0,0,652150,0,651261,0,0,0,0,0,33,0,85,14704,0,0,0,0,0,0,0,0,225554,611,0,0,0,1015829,21385469,452411,0,0,0,85,1015829,21385469,0,0,46508,4050,23496,19446,19446,0,0,100512,0,0,364,0,0,0,0,0,0,0,59,0,59,0,0,0,0,0,0,0,0,0,0,0,0,0,0,0,0,0,0,0,0,714,24,0
1777070695.002285,2285,ubuntu-rog,1,0,0,6934325,6316,2880416,5281659,446089,0,13,0,0,0,0,0,1967743033,0,0,4907,1968901713,0,6316,2880416,5281659,446089,0,461658,169175,0,0,14149,0,199,0,0,0,3,0,2880377,104810,5734308,13,0,0,6522,0,0,0,0,0,0,0,48074295,44710925,0,0,107847,107847,15456,16361,0,0,0,0,0,0,0,0,0,2508599,1252768,0,262144,7673627,219173953,0,0,1026,709620,2039016813,0,0,0,0,0,3,0,0,0,0,0,0,2046903459,495,14121,1865289,1813845082,23823,0,106997,120538642,651092,169,0,651981,169,0,0,0,652150,0,651261,0,0,0,0,0,33,0,85,14704,0,0,0,0,0,0,0,0,225554,611,0,0,0,1015829,21385469,452411,0,0,0,85,1015829,21385469,0,0,46508,4050,23496,19446,19446,0,0,100512,0,0,364,0,0,0,0,0,0,0,59,0,59,0,0,0,0,0,0,0,0,0,0,0,0,0,0,0,0,0,0,0,0,714,24,0
1777070696.001286,1286,ubuntu-rog,1,0,0,6934325,6316,2880416,5281659,446089,0,14,0,0,0,0,0,1967743065,0,0,4907,1968901745,0,6316,2880416,5281659,446089,0,461658,169175,0,0,14149,0,199,0,0,0,3,0,2880377,104810,5734309,14,0,0,6522,0,0,0,0,0,0,0,48074296,44710925,0,0,107847,107847,15456,16361,0,0,0,0,0,0,0,0,0,2508599,1252768,0,262144,7673627,219173953,0,0,1026,709620,2039016845,0,0,0,0,0,3,0,0,0,0,0,0,2046903490,495,14121,1865289,1813845082,23823,0,106997,120538642,651092,169,0,651981,169,0,0,0,652150,0,651261,0,0,0,0,0,33,0,85,14704,0,0,0,0,0,0,0,0,225554,611,0,0,0,1015829,21385469,452411,0,0,0,85,1015829,21385469,0,0,46508,4050,23496,19446,19446,0,0,100512,0,0,364,0,0,0,0,0,0,0,59,0,59,0,0,0,0,0,0,0,0,0,0,0,0,0,0,0,0,0,0,0,0,714,24,0
1777070697.001185,1185,ubuntu-rog,1,0,0,6934325,6316,2880416,5281659,446089,0,15,0,0,0,0,0,1967743088,0,0,4907,1968901768,0,6316,2880416,5281659,446089,0,461658,169175,0,0,14149,0,199,0,0,0,3,0,2880377,104810,5734310,15,0,0,6522,0,0,0,0,0,0,0,48074297,44710925,0,0,107847,107847,15456,16361,0,0,0,0,0,0,0,0,0,2508599,1252768,0,262144,7673627,219173953,0,0,1026,709620,2039016868,0,0,0,0,0,3,0,0,0,0,0,0,2046903512,495,14121,1865289,1813845082,23823,0,106997,120538642,651092,169,0,651981,169,0,0,0,652150,0,651261,0,0,0,0,0,33,0,85,14704,0,0,0,0,0,0,0,0,225554,611,0,0,0,1015829,21385469,452411,0,0,0,85,1015829,21385469,0,0,46508,4050,23496,19446,19446,0,0,100512,0,0,364,0,0,0,0,0,0,0,59,0,59,0,0,0,0,0,0,0,0,0,0,0,0,0,0,0,0,0,0,0,0,714,24,0
1777070698.001161,1161,ubuntu-rog,1,0,0,6934325,6316,2880416,5281659,446089,0,15,0,0,0,0,0,1967743117,0,0,4907,1968901797,0,6316,2880416,5281659,446089,0,461658,169175,0,0,14149,0,199,0,0,0,3,0,2880377,104810,5734310,15,0,0,6522,0,0,0,0,0,0,0,48074297,44710925,0,0,107847,107847,15456,16361,0,0,0,0,0,0,0,0,0,2508599,1252768,0,262144,7673627,219173953,0,0,1026,709620,2039016897,0,0,0,0,0,3,0,0,0,0,0,0,2046903541,495,14121,1865289,1813845082,23823,0,106997,120538642,651092,169,0,651981,169,0,0,0,652150,0,651261,0,0,0,0,0,33,0,85,14704,0,0,0,0,0,0,0,0,225554,611,0,0,0,1015829,21385469,452411,0,0,0,85,1015829,21385469,0,0,46508,4050,23496,19446,19446,0,0,100512,0,0,364,0,0,0,0,0,0,0,59,0,59,0,0,0,0,0,0,0,0,0,0,0,0,0,0,0,0,0,0,0,0,714,24,0
1777070699.002248,2248,ubuntu-rog,1,0,0,6934325,6316,2880416,5281659,446089,0,15,0,0,0,0,0,1967743149,0,0,4907,1968901829,0,6316,2880416,5281659,446089,0,461658,169175,0,0,14149,0,199,0,0,0,3,0,2880377,104810,5734310,15,0,0,6522,0,0,0,0,0,0,0,48074297,44710925,0,0,107847,107847,15456,16361,0,0,0,0,0,0,0,0,0,2508599,1252768,0,262144,7673627,219173969,0,0,1026,709620,2039016929,0,0,0,0,0,3,0,0,0,0,0,0,2046903571,495,14121,1865289,1813845082,23823,0,106997,120538642,651092,169,0,651981,169,0,0,0,652150,0,651261,0,0,0,0,0,33,0,85,14704,0,0,0,0,0,0,0,0,225554,611,0,0,0,1015829,21385469,452411,0,0,0,85,1015829,21385469,0,0,46508,4050,23496,19446,19446,0,0,100512,0,0,364,0,0,0,0,0,0,0,59,0,59,0,0,0,0,0,0,0,0,0,0,0,0,0,0,0,0,0,0,0,0,714,24,0
1777070700.001299,1299,ubuntu-rog,1,0,0,6926324,6316,2884498,5281659,446089,0,16,0,0,0,0,0,1967747291,0,0,4907,1968905971,0,6316,2884498,5281659,446089,0,461658,169175,0,0,14149,0,199,0,0,0,3,0,2884478,104810,5734312,16,0,0,6522,0,0,0,0,0,0,0,48074298,44710925,0,0,107847,107847,15456,16372,0,0,0,0,0,0,0,0,0,2506999,1251969,0,262144,7673627,219173969,0,0,1026,709620,2039021078,0,0,0,0,0,3,0,0,0,0,0,0,2046903610,495,14121,1865289,1813849191,23823,0,106997,120538645,651092,169,0,651981,169,0,0,0,652150,0,651261,0,0,0,0,0,33,0,85,14704,0,0,0,0,0,0,0,0,225554,611,0,0,0,1015829,21385469,452411,0,0,0,85,1015829,21385469,0,0,46508,4050,23496,19446,19446,0,0,100512,0,0,364,0,0,0,0,0,0,0,59,0,59,0,0,0,0,0,0,0,0,0,0,0,0,0,0,0,0,0,0,0,0,714,24,0
1777070701.001304,1304,ubuntu-rog,1,0,0,6926324,6316,2884498,5281659,446089,0,18,0,0,0,0,0,1967747324,0,0,4907,1968906004,0,6316,2884498,5281659,446089,0,461658,169175,0,0,14149,0,199,0,0,0,3,0,2884478,104810,5734314,18,0,0,6522,0,0,0,0,0,0,0,48074300,44710925,0,0,107847,107847,15456,16371,0,0,0,0,0,0,0,0,0,2506999,1251969,0,262144,7673627,219173969,0,0,1026,709620,2039021111,0,0,0,0,0,3,0,0,0,0,0,0,2046903641,495,14121,1865289,1813849191,23823,0,106997,120538645,651092,169,0,651981,169,0,0,0,652150,0,651261,0,0,0,0,0,33,0,85,14704,0,0,0,0,0,0,0,0,225554,611,0,0,0,1015829,21385469,452411,0,0,0,85,1015829,21385469,0,0,46508,4050,23496,19446,19446,0,0,100512,0,0,364,0,0,0,0,0,0,0,59,0,59,0,0,0,0,0,0,0,0,0,0,0,0,0,0,0,0,0,0,0,0,714,24,0
1777070702.001165,1165,ubuntu-rog,1,0,0,6926072,6316,2884539,5281659,446089,0,59,0,0,0,0,0,1967747758,0,0,4907,1968906438,0,6316,2884539,5281659,446089,0,461658,169175,0,0,14149,0,199,0,0,0,3,0,2884478,104810,5734314,59,0,0,6522,0,0,0,0,0,0,0,48074341,44710925,0,0,107847,107847,15456,16371,0,0,0,0,0,0,0,0,0,2506949,1251944,0,262144,7673627,219173969,0,0,1026,709620,2039021545,0,0,0,0,0,3,0,0,0,0,0,0,2046904052,495,14121,1865289,1813849895,23823,0,106997,120538759,651092,169,0,651981,169,0,0,0,652150,0,651261,0,0,0,0,0,33,0,85,14704,0,0,0,0,0,0,0,0,225554,611,0,0,0,1015829,21385469,452411,0,0,0,85,1015829,21385469,0,0,46508,4050,23496,19446,19446,0,0,100512,0,0,364,0,0,0,0,0,0,0,59,0,59,0,0,0,0,0,0,0,0,0,0,0,0,0,0,0,0,0,0,0,0,714,24,0
1777070703.002155,2155,ubuntu-rog,1,0,0,6926072,6316,2884539,5281659,446089,0,59,0,0,0,0,0,1967747788,0,0,4907,1968906468,0,6316,2884539,5281659,446089,0,461658,169175,0,0,14149,0,199,0,0,0,3,0,2884478,104810,5734314,59,0,0,6522,0,0,0,0,0,0,0,48074341,44710925,0,0,107847,107847,15456,16371,0,0,0,0,0,0,0,0,0,2506949,1251944,0,262144,7673627,219173969,0,0,1026,709620,2039021575,0,0,0,0,0,3,0,0,0,0,0,0,2046904082,495,14121,1865289,1813849895,23823,0,106997,120538759,651092,169,0,651981,169,0,0,0,652150,0,651261,0,0,0,0,0,33,0,85,14704,0,0,0,0,0,0,0,0,225554,611,0,0,0,1015829,21385469,452411,0,0,0,85,1015829,21385469,0,0,46508,4050,23496,19446,19446,0,0,100512,0,0,364,0,0,0,0,0,0,0,59,0,59,0,0,0,0,0,0,0,0,0,0,0,0,0,0,0,0,0,0,0,0,714,24,0
1777070704.001488,1488,ubuntu-rog,1,0,0,6926072,6316,2884539,5281659,446089,0,56,0,0,0,0,0,1967747820,0,0,4907,1968906500,0,6316,2884539,5281659,446089,0,461658,169175,0,0,14149,0,199,0,0,0,3,0,2884478,104810,5734315,56,0,0,6522,0,0,0,0,0,0,0,48074342,44710929,0,0,107847,107847,15456,16371,0,0,0,0,0,0,0,0,0,2506949,1251944,0,262144,7673627,219174045,0,0,1026,709620,2039021607,0,0,0,0,0,3,0,0,0,0,0,0,2046904111,495,14121,1865289,1813849895,23823,0,106997,120538759,651092,169,0,651981,169,0,0,0,652150,0,651261,0,0,0,0,0,33,0,85,14704,0,0,0,0,0,0,0,0,225554,611,0,0,0,1015829,21385469,452411,0,0,0,85,1015829,21385469,0,0,46508,4050,23496,19446,19446,0,0,100512,0,0,364,0,0,0,0,0,0,0,59,0,59,0,0,0,0,0,0,0,0,0,0,0,0,0,0,0,0,0,0,0,0,714,24,0
1777070705.002304,2304,ubuntu-rog,1,0,0,6926072,6316,2884539,5281659,446089,0,67,0,0,0,0,0,1967747842,0,0,4907,1968906522,0,6316,2884539,5281659,446089,0,461658,169175,0,0,14149,0,199,0,0,0,3,0,2884478,104810,5734317,67,0,0,6522,0,0,0,0,0,0,0,48074353,44710929,0,0,107847,107847,15456,16371,0,0,0,0,0,0,0,0,0,2506949,1251944,0,262144,7673627,219174045,0,0,1026,709620,2039021629,0,0,0,0,0,3,0,0,0,0,0,0,2046904133,495,14121,1865289,1813849895,23823,0,106997,120538759,651092,169,0,651981,169,0,0,0,652150,0,651261,0,0,0,0,0,33,0,85,14704,0,0,0,0,0,0,0,0,225554,611,0,0,0,1015829,21385469,452411,0,0,0,85,1015829,21385469,0,0,46508,4050,23496,19446,19446,0,0,100512,0,0,364,0,0,0,0,0,0,0,59,0,59,0,0,0,0,0,0,0,0,0,0,0,0,0,0,0,0,0,0,0,0,714,24,0
1777070706.001301,1301,ubuntu-rog,1,0,0,6926476,6316,2884539,5281659,446089,0,69,0,0,0,0,0,1967747871,0,0,4907,1968906551,0,6316,2884539,5281659,446089,0,461658,169175,0,0,14149,0,199,0,0,0,3,0,2884478,104810,5734318,69,0,0,6522,0,0,0,0,0,0,0,48074355,44710929,0,0,107847,107847,15456,16371,0,0,0,0,0,0,0,0,0,2507029,1251984,0,262144,7673627,219174045,0,0,1026,709620,2039021658,0,0,0,0,0,3,0,0,0,0,0,0,2046904161,495,14121,1865289,1813849895,23823,0,106997,120538759,651092,169,0,651981,169,0,0,0,652150,0,651261,0,0,0,0,0,33,0,85,14704,0,0,0,0,0,0,0,0,225554,611,0,0,0,1015829,21385469,452411,0,0,0,85,1015829,21385469,0,0,46508,4050,23496,19446,19446,0,0,100512,0,0,364,0,0,0,0,0,0,0,59,0,59,0,0,0,0,0,0,0,0,0,0,0,0,0,0,0,0,0,0,0,0,714,24,0
1777070707.001157,1157,ubuntu-rog,1,0,0,6926954,6316,2884539,5281659,446089,0,70,0,0,0,0,0,1967747902,0,0,4907,1968906582,0,6316,2884539,5281659,446089,0,461658,169175,0,0,14149,0,199,0,0,0,3,0,2884478,104810,5734319,70,0,0,6522,0,0,0,0,0,0,0,48074356,44710929,0,0,107847,107847,15456,16371,0,0,0,0,0,0,0,0,0,2507125,1252032,0,262144,7673627,219174045,0,0,1026,709620,2039021689,0,0,0,0,0,3,0,0,0,0,0,0,2046904191,495,14121,1865289,1813849895,23823,0,106997,120538759,651092,169,0,651981,169,0,0,0,652150,0,651261,0,0,0,0,0,33,0,85,14704,0,0,0,0,0,0,0,0,225554,611,0,0,0,1015829,21385469,452411,0,0,0,85,1015829,21385469,0,0,46508,4050,23496,19446,19446,0,0,100512,0,0,364,0,0,0,0,0,0,0,59,0,59,0,0,0,0,0,0,0,0,0,0,0,0,0,0,0,0,0,0,0,0,714,24,0
1777070708.001158,1158,ubuntu-rog,1,0,0,6927426,6316,2884539,5281659,446089,0,71,0,0,0,0,0,1967747929,0,0,4907,1968906609,0,6316,2884539,5281659,446089,0,461658,169175,0,0,14149,0,199,0,0,0,3,0,2884478,104810,5734320,71,0,0,6522,0,0,0,0,0,0,0,48074357,44710929,0,0,107847,107847,15456,16371,0,0,0,0,0,0,0,0,0,2507219,1252079,0,262144,7673627,219174225,0,0,1026,709620,2039021723,0,0,0,0,0,3,0,0,0,0,0,0,2046904219,495,14121,1865289,1813849897,23823,0,106997,120538761,651092,169,0,651981,169,0,0,0,652150,0,651261,0,0,0,0,0,33,0,85,14704,0,0,0,0,0,0,0,0,225554,611,0,0,0,1015829,21385469,452411,0,0,0,85,1015829,21385469,0,0,46508,4050,23496,19446,19446,0,0,100512,0,0,364,0,0,0,0,0,0,0,59,0,59,0,0,0,0,0,0,0,0,0,0,0,0,0,0,0,0,0,0,0,0,714,24,0
1777070709.002251,2251,ubuntu-rog,1,0,0,6927675,6316,2884539,5281659,446089,0,33,0,0,0,0,0,1967747959,0,0,4907,1968906639,0,6316,2884539,5281659,446089,0,461658,169183,0,0,14149,0,199,0,0,0,3,0,2884478,104810,5734322,33,0,0,6522,0,0,0,0,0,0,0,48074359,44710969,0,0,107847,107847,15456,16371,0,0,0,0,0,0,0,0,0,2507269,1252104,0,262144,7673627,219174225,0,0,1026,709620,2039021753,0,0,0,0,0,3,0,0,0,0,0,0,2046904249,495,14121,1865289,1813849897,23823,0,106997,120538761,651092,169,0,651981,169,0,0,0,652150,0,651261,0,0,0,0,0,33,0,85,14704,0,0,0,0,0,0,0,0,225554,611,0,0,0,1015829,21385469,452411,0,0,0,85,1015829,21385469,0,0,46508,4050,23496,19446,19446,0,0,100512,0,0,364,0,0,0,0,0,0,0,59,0,59,0,0,0,0,0,0,0,0,0,0,0,0,0,0,0,0,0,0,0,0,714,24,0
1777070710.001292,1292,ubuntu-rog,1,0,0,6928036,6316,2884539,5281659,446089,0,33,0,0,0,0,0,1967747989,0,0,4907,1968906669,0,6316,2884539,5281659,446089,0,461658,169183,0,0,14149,0,199,0,0,0,3,0,2884478,104810,5734322,33,0,0,6522,0,0,0,0,0,0,0,48074359,44710969,0,0,107847,107847,15456,16371,0,0,0,0,0,0,0,0,0,2507341,1252140,0,262144,7673627,219174225,0,0,1026,709620,2039021783,0,0,0,0,0,3,0,0,0,0,0,0,2046904279,495,14121,1865289,1813849897,23823,0,106997,120538761,651092,169,0,651981,169,0,0,0,652150,0,651261,0,0,0,0,0,33,0,85,14704,0,0,0,0,0,0,0,0,225554,611,0,0,0,1015829,21385469,452411,0,0,0,85,1015829,21385469,0,0,46508,4050,23496,19446,19446,0,0,100512,0,0,364,0,0,0,0,0,0,0,59,0,59,0,0,0,0,0,0,0,0,0,0,0,0,0,0,0,0,0,0,0,0,714,24,0
1777070711.001505,1505,ubuntu-rog,1,0,0,6928326,6316,2884496,5281659,446089,0,34,0,0,0,0,0,1967748014,0,0,4907,1968906694,0,6316,2884496,5281659,446089,0,461658,169183,0,0,14149,0,199,0,0,0,3,0,2884435,104810,5734323,34,0,0,6522,0,0,0,0,0,0,0,48074360,44710969,0,0,107847,107847,15456,16371,0,0,0,0,0,0,0,0,0,2507399,1252169,0,262144,7673627,219174225,0,0,1026,709620,2039021808,0,0,0,0,0,3,0,0,0,0,0,0,2046904346,495,14121,1865289,1813849897,23823,0,106997,120538761,651092,169,0,651981,169,0,0,0,652150,0,651261,0,0,0,0,0,33,0,85,14704,0,0,0,0,0,0,0,0,225554,611,0,0,0,1015829,21385469,452411,0,0,0,85,1015829,21385469,0,0,46508,4050,23496,19446,19446,0,0,100512,0,0,364,0,0,0,0,0,0,0,59,0,59,0,0,0,0,0,0,0,0,0,0,0,0,0,0,0,0,0,0,0,0,714,24,0
1777070712.002165,2165,ubuntu-rog,1,0,0,6928528,6316,2884496,5281659,446089,0,35,0,0,0,0,0,1967748046,0,0,4907,1968906726,0,6316,2884496,5281659,446089,0,461658,169183,0,0,14149,0,199,0,0,0,3,0,2884435,104810,5734324,35,0,0,6522,0,0,0,0,0,0,0,48074361,44710969,0,0,107847,107847,15456,16371,0,0,0,0,0,0,0,0,0,2507440,1252189,0,262144,7673627,219174225,0,0,1026,709620,2039021847,0,0,0,0,0,3,0,0,0,0,0,0,2046904376,495,14121,1865289,1813849897,23823,0,106997,120538761,651092,169,0,651981,169,0,0,0,652150,0,651261,0,0,0,0,0,33,0,85,14704,0,0,0,0,0,0,0,0,225554,611,0,0,0,1015829,21385469,452411,0,0,0,85,1015829,21385469,0,0,46508,4050,23496,19446,19446,0,0,100512,0,0,364,0,0,0,0,0,0,0,59,0,59,0,0,0,0,0,0,0,0,0,0,0,0,0,0,0,0,0,0,0,0,714,24,0
1777070713.001159,1159,ubuntu-rog,1,0,0,6928568,6316,2884496,5281659,446089,0,35,0,0,0,0,0,1967748079,0,0,4907,1968906759,0,6316,2884496,5281659,446089,0,461658,169183,0,0,14149,0,199,0,0,0,3,0,2884435,104810,5734324,35,0,0,6522,0,0,0,0,0,0,0,48074361,44710969,0,0,107847,107847,15456,16371,0,0,0,0,0,0,0,0,0,2507448,1252193,0,262144,7673627,219174245,0,0,1026,709620,2039021880,0,0,0,0,0,3,0,0,0,0,0,0,2046904407,495,14121,1865289,1813849897,23823,0,106997,120538761,651092,169,0,651981,169,0,0,0,652150,0,651261,0,0,0,0,0,33,0,85,14704,0,0,0,0,0,0,0,0,225554,611,0,0,0,1015829,21385469,452411,0,0,0,85,1015829,21385469,0,0,46508,4050,23496,19446,19446,0,0,100512,0,0,364,0,0,0,0,0,0,0,59,0,59,0,0,0,0,0,0,0,0,0,0,0,0,0,0,0,0,0,0,0,0,714,24,0
1777070714.001260,1260,ubuntu-rog,1,0,0,6928644,6316,2884496,5281659,446089,0,36,0,0,0,0,0,1967748109,0,0,4907,1968906789,0,6316,2884496,5281659,446089,0,461658,169183,0,0,14149,0,199,0,0,0,3,0,2884435,104810,5734326,36,0,0,6522,0,0,0,0,0,0,0,48074362,44710969,0,0,107847,107847,15456,16371,0,0,0,0,0,0,0,0,0,2507463,1252200,0,262144,7673627,219174313,0,0,1026,709620,2039021910,0,0,0,0,0,3,0,0,0,0,0,0,2046904436,495,14121,1865289,1813849897,23823,0,106997,120538761,651092,169,0,651981,169,0,0,0,652150,0,651261,0,0,0,0,0,33,0,85,14704,0,0,0,0,0,0,0,0,225554,611,0,0,0,1015829,21385469,452411,0,0,0,85,1015829,21385469,0,0,46508,4050,23496,19446,19446,0,0,100512,0,0,364,0,0,0,0,0,0,0,59,0,59,0,0,0,0,0,0,0,0,0,0,0,0,0,0,0,0,0,0,0,0,714,24,0
1777070715.001292,1292,ubuntu-rog,1,0,0,6928644,6316,2884496,5281660,446089,0,21,0,0,0,0,0,1967748141,0,0,4907,1968906821,0,6316,2884496,5281660,446089,0,461658,169183,0,0,14149,0,199,0,0,0,3,0,2884435,104810,5734328,21,0,0,6522,0,0,0,0,0,0,0,48074364,44710986,0,0,107847,107847,15456,16371,0,0,0,0,0,0,0,0,0,2507463,1252200,0,262144,7673627,219174313,0,0,1026,709620,2039021942,0,0,0,0,0,3,0,0,0,0,0,0,2046904467,495,14121,1865289,1813849897,23823,0,106997,120538761,651092,169,0,651981,169,0,0,0,652150,0,651261,0,0,0,0,0,33,0,85,14704,0,0,0,0,0,0,0,0,225554,611,0,0,0,1015829,21385469,452411,0,0,0,85,1015829,21385469,0,0,46508,4050,23496,19446,19446,0,0,100512,0,0,364,0,0,0,0,0,0,0,59,0,59,0,0,0,0,0,0,0,0,0,0,0,0,0,0,0,0,0,0,0,0,714,24,0
1777070716.002291,2291,ubuntu-rog,1,0,0,6928644,6316,2884496,5281660,446089,0,21,0,0,0,0,0,1967748166,0,0,4907,1968906846,0,6316,2884496,5281660,446089,0,461658,169183,0,0,14149,0,199,0,0,0,3,0,2884435,104810,5734328,21,0,0,6522,0,0,0,0,0,0,0,48074364,44710986,0,0,107847,107847,15456,16371,0,0,0,0,0,0,0,0,0,2507463,1252200,0,262144,7673627,219174313,0,0,1026,709620,2039021967,0,0,0,0,0,3,0,0,0,0,0,0,2046904492,495,14121,1865289,1813849897,23823,0,106997,120538761,651092,169,0,651981,169,0,0,0,652150,0,651261,0,0,0,0,0,33,0,85,14704,0,0,0,0,0,0,0,0,225554,611,0,0,0,1015829,21385469,452411,0,0,0,85,1015829,21385469,0,0,46508,4050,23496,19446,19446,0,0,100512,0,0,364,0,0,0,0,0,0,0,59,0,59,0,0,0,0,0,0,0,0,0,0,0,0,0,0,0,0,0,0,0,0,714,24,0
1777070717.001159,1159,ubuntu-rog,1,0,0,6928644,6316,2884496,5281660,446089,0,21,0,0,0,0,0,1967748193,0,0,4907,1968906873,0,6316,2884496,5281660,446089,0,461658,169183,0,0,14149,0,199,0,0,0,3,0,2884435,104810,5734328,21,0,0,6522,0,0,0,0,0,0,0,48074364,44710986,0,0,107847,107847,15456,16371,0,0,0,0,0,0,0,0,0,2507463,1252200,0,262144,7673627,219174313,0,0,1026,709620,2039021994,0,0,0,0,0,3,0,0,0,0,0,0,2046904519,495,14121,1865289,1813849897,23823,0,106997,120538761,651092,169,0,651981,169,0,0,0,652150,0,651261,0,0,0,0,0,33,0,85,14704,0,0,0,0,0,0,0,0,225554,611,0,0,0,1015829,21385469,452411,0,0,0,85,1015829,21385469,0,0,46508,4050,23496,19446,19446,0,0,100512,0,0,364,0,0,0,0,0,0,0,59,0,59,0,0,0,0,0,0,0,0,0,0,0,0,0,0,0,0,0,0,0,0,714,24,0
1777070718.001431,1431,ubuntu-rog,1,0,0,6928644,6316,2884496,5281660,446089,0,25,0,0,0,0,0,1967748227,0,0,4907,1968906907,0,6316,2884496,5281660,446089,0,461658,169183,0,0,14149,0,199,0,0,0,3,0,2884435,104810,5734331,25,0,0,6522,0,0,0,0,0,0,0,48074368,44710986,0,0,107847,107847,15456,16371,0,0,0,0,0,0,0,0,0,2507463,1252200,0,262144,7673627,219174313,0,0,1026,709620,2039022028,0,0,0,0,0,3,0,0,0,0,0,0,2046904550,495,14121,1865289,1813849897,23823,0,106997,120538761,651092,169,0,651981,169,0,0,0,652150,0,651261,0,0,0,0,0,33,0,85,14704,0,0,0,0,0,0,0,0,225554,611,0,0,0,1015829,21385469,452411,0,0,0,85,1015829,21385469,0,0,46508,4050,23496,19446,19446,0,0,100512,0,0,364,0,0,0,0,0,0,0,59,0,59,0,0,0,0,0,0,0,0,0,0,0,0,0,0,0,0,0,0,0,0,714,24,0
1777070719.002248,2248,ubuntu-rog,1,0,0,6928644,6316,2884496,5281660,446089,0,25,0,0,0,0,0,1967748253,0,0,4907,1968906933,0,6316,2884496,5281660,446089,0,461658,169183,0,0,14149,0,199,0,0,0,3,0,2884435,104810,5734331,25,0,0,6522,0,0,0,0,0,0,0,48074368,44710986,0,0,107847,107847,15440,16371,0,0,0,0,0,0,0,0,0,2507463,1252200,0,262144,7673627,219174349,0,0,1026,709620,2039022054,0,0,0,0,0,3,0,0,0,0,0,0,2046904577,495,14121,1865289,1813849897,23823,0,106997,120538761,651092,169,0,651981,169,0,0,0,652150,0,651261,0,0,0,0,0,33,0,85,14704,0,0,0,0,0,0,0,0,225554,611,0,0,0,1015829,21385469,452411,0,0,0,85,1015829,21385469,0,0,46508,4050,23496,19446,19446,0,0,100512,0,0,364,0,0,0,0,0,0,0,59,0,59,0,0,0,0,0,0,0,0,0,0,0,0,0,0,0,0,0,0,0,0,714,24,0
1777070720.001297,1297,ubuntu-rog,1,0,0,6928644,6316,2884519,5281664,446089,0,27,0,0,0,0,0,1967748297,0,0,4907,1968906977,0,6316,2884519,5281664,446089,0,461658,169183,0,0,14149,0,199,0,0,0,3,0,2884435,104810,5734334,27,0,0,6522,0,0,0,0,0,0,0,48074370,44710986,0,0,107847,107847,15440,16371,0,0,0,0,0,0,0,0,0,2507464,1252201,0,262144,7673627,219174409,0,0,1026,709620,2039022098,0,0,0,0,0,3,0,0,0,0,0,0,2046904621,495,14121,1865289,1813849897,23823,0,106997,120538761,651092,169,0,651981,169,0,0,0,652150,0,651261,0,0,0,0,0,33,0,85,14704,0,0,0,0,0,0,0,0,225554,611,0,0,0,1015829,21385469,452411,0,0,0,85,1015829,21385469,0,0,46508,4050,23496,19446,19446,0,0,100512,0,0,364,0,0,0,0,0,0,0,59,0,59,0,0,0,0,0,0,0,0,0,0,0,0,0,0,0,0,0,0,0,0,714,24,0
1777070721.001301,1301,ubuntu-rog,1,0,0,6928644,6316,2884519,5281664,446089,0,11,0,0,0,0,0,1967748340,0,0,4907,1968907020,0,6316,2884519,5281664,446089,0,461658,169183,0,0,14149,0,199,0,0,0,3,0,2884435,104810,5734334,11,0,0,6522,0,0,0,0,0,0,0,48074370,44711002,0,0,107847,107847,15440,16371,0,0,0,0,0,0,0,0,0,2507464,1252201,0,262144,7673627,219174409,0,0,1026,709620,2039022141,0,0,0,0,0,3,0,0,0,0,0,0,2046904664,495,14121,1865289,1813849897,23823,0,106997,120538761,651092,169,0,651981,169,0,0,0,652150,0,651261,0,0,0,0,0,33,0,85,14704,0,0,0,0,0,0,0,0,225554,611,0,0,0,1015829,21385469,452411,0,0,0,85,1015829,21385469,0,0,46508,4050,23496,19446,19446,0,0,100512,0,0,364,0,0,0,0,0,0,0,59,0,59,0,0,0,0,0,0,0,0,0,0,0,0,0,0,0,0,0,0,0,0,714,24,0
1777070722.001159,1159,ubuntu-rog,1,0,0,6928644,6316,2884519,5281664,446089,0,12,0,0,0,0,0,1967748376,0,0,4907,1968907056,0,6316,2884519,5281664,446089,0,461658,169183,0,0,14149,0,199,0,0,0,3,0,2884435,104810,5734335,12,0,0,6522,0,0,0,0,0,0,0,48074371,44711002,0,0,107847,107847,15440,16371,0,0,0,0,0,0,0,0,0,2507464,1252201,0,262144,7673627,219174409,0,0,1026,709620,2039022177,0,0,0,0,0,3,0,0,0,0,0,0,2046904699,495,14121,1865289,1813849897,23823,0,106997,120538761,651092,169,0,651981,169,0,0,0,652150,0,651261,0,0,0,0,0,33,0,85,14704,0,0,0,0,0,0,0,0,225554,611,0,0,0,1015829,21385469,452411,0,0,0,85,1015829,21385469,0,0,46508,4050,23496,19446,19446,0,0,100512,0,0,364,0,0,0,0,0,0,0,59,0,59,0,0,0,0,0,0,0,0,0,0,0,0,0,0,0,0,0,0,0,0,714,24,0
1777070723.002156,2156,ubuntu-rog,1,0,0,6928644,6316,2884519,5281664,446089,0,13,0,0,0,0,0,1967748408,0,0,4907,1968907088,0,6316,2884519,5281664,446089,0,461658,169183,0,0,14149,0,199,0,0,0,3,0,2884435,104810,5734336,13,0,0,6522,0,0,0,0,0,0,0,48074372,44711002,0,0,107847,107847,15440,16371,0,0,0,0,0,0,0,0,0,2507464,1252201,0,262144,7673627,219174409,0,0,1026,709620,2039022209,0,0,0,0,0,3,0,0,0,0,0,0,2046904730,495,14121,1865289,1813849897,23823,0,106997,120538761,651092,169,0,651981,169,0,0,0,652150,0,651261,0,0,0,0,0,33,0,85,14704,0,0,0,0,0,0,0,0,225554,611,0,0,0,1015829,21385469,452411,0,0,0,85,1015829,21385469,0,0,46508,4050,23496,19446,19446,0,0,100512,0,0,364,0,0,0,0,0,0,0,59,0,59,0,0,0,0,0,0,0,0,0,0,0,0,0,0,0,0,0,0,0,0,714,24,0
1777070724.001257,1257,ubuntu-rog,1,0,0,6928644,6316,2884519,5281664,446089,0,13,0,0,0,0,0,1967748437,0,0,4907,1968907117,0,6316,2884519,5281664,446089,0,461658,169183,0,0,14149,0,199,0,0,0,3,0,2884435,104810,5734336,13,0,0,6522,0,0,0,0,0,0,0,48074372,44711002,0,0,107847,107847,15440,16371,0,0,0,0,0,0,0,0,0,2507464,1252201,0,262144,7673627,219174409,0,0,1026,709620,2039022238,0,0,0,0,0,3,0,0,0,0,0,0,2046904759,495,14121,1865289,1813849897,23823,0,106997,120538761,651092,169,0,651981,169,0,0,0,652150,0,651261,0,0,0,0,0,33,0,85,14704,0,0,0,0,0,0,0,0,225554,611,0,0,0,1015829,21385469,452411,0,0,0,85,1015829,21385469,0,0,46508,4050,23496,19446,19446,0,0,100512,0,0,364,0,0,0,0,0,0,0,59,0,59,0,0,0,0,0,0,0,0,0,0,0,0,0,0,0,0,0,0,0,0,714,24,0
1777070725.001243,1243,ubuntu-rog,1,0,0,6928644,6316,2884519,5281664,446089,0,16,0,0,0,0,0,1967748461,0,0,4907,1968907141,0,6316,2884519,5281664,446089,0,461658,169183,0,0,14149,0,199,0,0,0,3,0,2884435,104810,5734339,16,0,0,6522,0,0,0,0,0,0,0,48074375,44711002,0,0,107847,107847,15440,16371,0,0,0,0,0,0,0,0,0,2507464,1252201,0,262144,7673627,219174425,0,0,1026,709620,2039022262,0,0,0,0,0,3,0,0,0,0,0,0,2046904780,495,14121,1865289,1813849897,23823,0,106997,120538761,651092,169,0,651981,169,0,0,0,652150,0,651261,0,0,0,0,0,33,0,85,14704,0,0,0,0,0,0,0,0,225554,611,0,0,0,1015829,21385469,452411,0,0,0,85,1015829,21385469,0,0,46508,4050,23496,19446,19446,0,0,100512,0,0,364,0,0,0,0,0,0,0,59,0,59,0,0,0,0,0,0,0,0,0,0,0,0,0,0,0,0,0,0,0,0,714,24,0
1777070726.001458,1458,ubuntu-rog,1,0,0,6928644,6316,2884519,5281664,446089,0,16,0,0,0,0,0,1967748494,0,0,4907,1968907174,0,6316,2884519,5281664,446089,0,461658,169183,0,0,14149,0,199,0,0,0,3,0,2884435,104810,5734339,16,0,0,6522,0,0,0,0,0,0,0,48074375,44711002,0,0,107847,107847,15440,16371,0,0,0,0,0,0,0,0,0,2507464,1252201,0,262144,7673627,219174425,0,0,1026,709620,2039022295,0,0,0,0,0,3,0,0,0,0,0,0,2046904813,495,14121,1865289,1813849897,23823,0,106997,120538761,651092,169,0,651981,169,0,0,0,652150,0,651261,0,0,0,0,0,33,0,85,14704,0,0,0,0,0,0,0,0,225554,611,0,0,0,1015829,21385469,452411,0,0,0,85,1015829,21385469,0,0,46508,4050,23496,19446,19446,0,0,100512,0,0,364,0,0,0,0,0,0,0,59,0,59,0,0,0,0,0,0,0,0,0,0,0,0,0,0,0,0,0,0,0,0,714,24,0
1777070727.002161,2161,ubuntu-rog,1,0,0,6928644,6316,2884519,5281664,446089,0,16,0,0,0,0,0,1967748522,0,0,4907,1968907202,0,6316,2884519,5281664,446089,0,461658,169183,0,0,14149,0,199,0,0,0,3,0,2884435,104810,5734339,16,0,0,6522,0,0,0,0,0,0,0,48074375,44711002,0,0,107847,107847,15440,16371,0,0,0,0,0,0,0,0,0,2507464,1252201,0,262144,7673627,219174425,0,0,1026,709620,2039022323,0,0,0,0,0,3,0,0,0,0,0,0,2046904841,495,14121,1865289,1813849897,23823,0,106997,120538761,651092,169,0,651981,169,0,0,0,652150,0,651261,0,0,0,0,0,33,0,85,14704,0,0,0,0,0,0,0,0,225554,611,0,0,0,1015829,21385469,452411,0,0,0,85,1015829,21385469,0,0,46508,4050,23496,19446,19446,0,0,100512,0,0,364,0,0,0,0,0,0,0,59,0,59,0,0,0,0,0,0,0,0,0,0,0,0,0,0,0,0,0,0,0,0,714,24,0
1777070728.001159,1159,ubuntu-rog,1,0,0,6928644,6316,2884519,5281664,446089,0,17,0,0,0,0,0,1967748548,0,0,4907,1968907228,0,6316,2884519,5281664,446089,0,461658,169183,0,0,14149,0,199,0,0,0,3,0,2884435,104810,5734340,17,0,0,6522,0,0,0,0,0,0,0,48074376,44711002,0,0,107847,107847,15440,16371,0,0,0,0,0,0,0,0,0,2507464,1252201,0,262144,7673627,219174425,0,0,1026,709620,2039022349,0,0,0,0,0,3,0,0,0,0,0,0,2046904866,495,14121,1865289,1813849897,23823,0,106997,120538761,651092,169,0,651981,169,0,0,0,652150,0,651261,0,0,0,0,0,33,0,85,14704,0,0,0,0,0,0,0,0,225554,611,0,0,0,1015829,21385469,452411,0,0,0,85,1015829,21385469,0,0,46508,4050,23496,19446,19446,0,0,100512,0,0,364,0,0,0,0,0,0,0,59,0,59,0,0,0,0,0,0,0,0,0,0,0,0,0,0,0,0,0,0,0,0,714,24,0
1777070729.001264,1264,ubuntu-rog,1,0,0,6928644,6316,2884519,5281664,446089,0,18,0,0,0,0,0,1967748577,0,0,4907,1968907257,0,6316,2884519,5281664,446089,0,461658,169183,0,0,14149,0,199,0,0,0,3,0,2884435,104810,5734341,18,0,0,6522,0,0,0,0,0,0,0,48074377,44711002,0,0,107847,107847,15440,16371,0,0,0,0,0,0,0,0,0,2507464,1252201,0,262144,7673627,219174425,0,0,1026,709620,2039022378,0,0,0,0,0,3,0,0,0,0,0,0,2046904894,495,14121,1865289,1813849897,23823,0,106997,120538761,651092,169,0,651981,169,0,0,0,652150,0,651261,0,0,0,0,0,33,0,85,14704,0,0,0,0,0,0,0,0,225554,611,0,0,0,1015829,21385469,452411,0,0,0,85,1015829,21385469,0,0,46508,4050,23496,19446,19446,0,0,100512,0,0,364,0,0,0,0,0,0,0,59,0,59,0,0,0,0,0,0,0,0,0,0,0,0,0,0,0,0,0,0,0,0,714,24,0
1777070730.001296,1296,ubuntu-rog,1,0,0,6928644,6316,2884519,5281664,446089,0,18,0,0,0,0,0,1967748603,0,0,4907,1968907283,0,6316,2884519,5281664,446089,0,461658,169183,0,0,14149,0,199,0,0,0,3,0,2884435,104810,5734341,18,0,0,6522,0,0,0,0,0,0,0,48074377,44711002,0,0,107847,107847,15440,16371,0,0,0,0,0,0,0,0,0,2507464,1252201,0,262144,7673627,219174441,0,0,1026,709620,2039022404,0,0,0,0,0,3,0,0,0,0,0,0,2046904918,495,14121,1865289,1813849897,23823,0,106997,120538761,651092,169,0,651981,169,0,0,0,652150,0,651261,0,0,0,0,0,33,0,85,14704,0,0,0,0,0,0,0,0,225554,611,0,0,0,1015829,21385469,452411,0,0,0,85,1015829,21385469,0,0,46508,4050,23496,19446,19446,0,0,100512,0,0,364,0,0,0,0,0,0,0,59,0,59,0,0,0,0,0,0,0,0,0,0,0,0,0,0,0,0,0,0,0,0,714,24,0
1777070731.004299,4299,ubuntu-rog,1,0,0,6928644,6316,2884519,5281664,446089,0,19,0,0,0,0,0,1967748633,0,0,4907,1968907313,0,6316,2884519,5281664,446089,0,461658,169183,0,0,14149,0,199,0,0,0,3,0,2884435,104810,5734344,19,0,0,6522,0,0,0,0,0,0,0,48074378,44711002,0,0,107847,107847,15440,16371,0,0,0,0,0,0,0,0,0,2507464,1252201,0,262144,7673627,219174441,0,0,1026,709620,2039022434,0,0,0,0,0,3,0,0,0,0,0,0,2046904947,495,14121,1865289,1813849897,23823,0,106997,120538761,651092,169,0,651981,169,0,0,0,652150,0,651261,0,0,0,0,0,33,0,85,14704,0,0,0,0,0,0,0,0,225554,611,0,0,0,1015829,21385469,452411,0,0,0,85,1015829,21385469,0,0,46508,4050,23496,19446,19446,0,0,100512,0,0,364,0,0,0,0,0,0,0,59,0,59,0,0,0,0,0,0,0,0,0,0,0,0,0,0,0,0,0,0,0,0,714,24,0
1777070732.005157,5157,ubuntu-rog,1,0,0,6928644,6316,2884519,5281664,446089,0,20,0,0,0,0,0,1967748666,0,0,4907,1968907346,0,6316,2884519,5281664,446089,0,461658,169183,0,0,14149,0,199,0,0,0,3,0,2884435,104810,5734345,20,0,0,6522,0,0,0,0,0,0,0,48074379,44711002,0,0,107847,107847,15440,16371,0,0,0,0,0,0,0,0,0,2507464,1252201,0,262144,7673627,219174441,0,0,1026,709620,2039022467,0,0,0,0,0,3,0,0,0,0,0,0,2046904979,495,14121,1865289,1813849897,23823,0,106997,120538761,651092,169,0,651981,169,0,0,0,652150,0,651261,0,0,0,0,0,33,0,85,14704,0,0,0,0,0,0,0,0,225554,611,0,0,0,1015829,21385469,452411,0,0,0,85,1015829,21385469,0,0,46508,4050,23496,19446,19446,0,0,100512,0,0,364,0,0,0,0,0,0,0,59,0,59,0,0,0,0,0,0,0,0,0,0,0,0,0,0,0,0,0,0,0,0,714,24,0
1777070733.001144,1144,ubuntu-rog,1,0,0,6928644,6316,2884546,5281664,446089,0,18,0,0,0,0,0,1967748692,0,0,4907,1968907372,0,6316,2884546,5281664,446089,0,461658,169183,0,0,14149,0,199,0,0,0,3,0,2884435,104810,5734345,18,0,0,6522,0,0,0,0,0,0,0,48074379,44711004,0,0,107847,107847,15440,16371,0,0,0,0,0,0,0,0,0,2507464,1252201,0,262144,7673627,219174449,0,0,1026,709620,2039022493,0,0,0,0,0,3,0,0,0,0,0,0,2046905006,495,14121,1865289,1813849897,23823,0,106997,120538761,651092,169,0,651981,169,0,0,0,652150,0,651261,0,0,0,0,0,33,0,85,14704,0,0,0,0,0,0,0,0,225554,611,0,0,0,1015829,21385469,452411,0,0,0,85,1015829,21385469,0,0,46508,4050,23496,19446,19446,0,0,100512,0,0,364,0,0,0,0,0,0,0,59,0,59,0,0,0,0,0,0,0,0,0,0,0,0,0,0,0,0,0,0,0,0,714,24,0
1777070734.002268,2268,ubuntu-rog,1,0,0,6796906,6316,3008765,5281751,446089,0,19,0,0,0,0,0,1967873486,0,0,4907,1969032166,0,6316,3008765,5281751,446089,0,461658,169183,0,0,14149,0,199,0,0,0,3,0,3008873,104810,5734346,19,0,0,6522,0,0,0,0,0,0,0,48074380,44711004,0,0,107847,107847,15440,16579,0,0,0,0,0,0,0,0,0,2481140,1239055,0,262144,7673627,219174449,0,0,1026,709620,2039147287,0,0,0,0,0,3,0,0,0,0,0,0,2046905076,495,14121,1865289,1813974417,23823,0,106997,120538761,651092,169,0,651981,169,0,0,0,652150,0,651261,0,0,0,0,0,33,0,85,14704,0,0,0,0,0,0,0,0,225554,611,0,0,0,1015829,21385469,452411,0,0,0,85,1015829,21385469,0,0,46508,4050,23496,19446,19446,0,0,100512,0,0,364,0,0,0,0,0,0,0,59,0,59,0,0,0,0,0,0,0,0,0,0,0,0,0,0,0,0,0,0,0,0,714,24,0
1777070735.001286,1286,ubuntu-rog,1,0,0,6877382,6316,2919566,5281752,446089,0,19,0,0,0,0,0,1968096101,0,0,4907,1969254781,0,6316,2919566,5281752,446089,0,461658,169183,0,0,14149,0,199,0,0,0,3,0,2919570,104810,5734349,19,0,0,6522,0,0,0,0,0,0,0,48074381,44711005,0,0,107847,107847,15440,16513,0,0,0,0,0,0,0,0,0,2497231,1247091,0,262144,7673627,219174469,0,0,1026,709620,2039369915,0,0,0,0,0,3,0,0,0,0,0,0,2047215916,495,14121,1865289,1814196517,23823,0,106997,120538761,651092,169,0,651981,169,0,0,0,652150,0,651261,0,0,0,0,0,33,0,85,14704,0,0,0,0,0,0,0,0,225554,611,0,0,0,1015829,21385469,452411,0,0,0,85,1015829,21385469,0,0,46508,4050,23496,19446,19446,0,0,100512,0,0,364,0,0,0,0,0,0,0,59,0,59,0,0,0,0,0,0,0,0,0,0,0,0,0,0,0,0,0,0,0,0,714,24,0
1777070736.001270,1270,ubuntu-rog,1,0,0,6915860,6316,2892177,5281754,446089,0,19,0,0,0,0,0,1968172241,0,0,4907,1969330921,0,6316,2892177,5281754,446089,0,461658,169183,0,0,14149,0,199,0,0,0,3,0,2892276,104810,5734349,19,0,0,6522,0,0,0,0,0,0,0,48074381,44711005,0,0,107847,107847,15440,16450,0,0,0,0,0,0,0,0,0,2504926,1250933,0,262144,7673627,219174469,0,0,1026,709620,2039446042,0,0,0,0,0,3,0,0,0,0,0,0,2047320762,495,14121,1865289,1814272368,23823,0,106997,120538761,651092,169,0,651981,169,0,0,0,652150,0,651261,0,0,0,0,0,33,0,85,14704,0,0,0,0,0,0,0,0,225554,611,0,0,0,1015829,21385469,452411,0,0,0,85,1015829,21385469,0,0,46508,4050,23496,19446,19446,0,0,100512,0,0,364,0,0,0,0,0,0,0,59,0,59,0,0,0,0,0,0,0,0,0,0,0,0,0,0,0,0,0,0,0,0,714,24,0
1777070737.001162,1162,ubuntu-rog,1,0,0,6916414,6316,2892125,5281754,446089,0,19,0,0,0,0,0,1968172271,0,0,4907,1969330951,0,6316,2892125,5281754,446089,0,461658,169183,0,0,14149,0,199,0,0,0,3,0,2892248,104810,5734349,19,0,0,6522,0,0,0,0,0,0,0,48074381,44711005,0,0,107847,107847,15440,16387,0,0,0,0,0,0,0,0,0,2505036,1250989,0,262144,7673627,219174469,0,0,1026,709620,2039446079,0,0,0,0,0,3,0,0,0,0,0,0,2047320799,495,14121,1865289,1814272368,23823,0,106997,120538761,651092,169,0,651981,169,0,0,0,652150,0,651261,0,0,0,0,0,33,0,85,14704,0,0,0,0,0,0,0,0,225554,611,0,0,0,1015829,21385469,452411,0,0,0,85,1015829,21385469,0,0,46508,4050,23496,19446,19446,0,0,100512,0,0,364,0,0,0,0,0,0,0,59,0,59,0,0,0,0,0,0,0,0,0,0,0,0,0,0,0,0,0,0,0,0,714,24,0
1777070738.002158,2158,ubuntu-rog,1,0,0,6917139,6316,2892125,5281754,446089,0,19,0,0,0,0,0,1968172303,0,0,4907,1969330983,0,6316,2892125,5281754,446089,0,461658,169183,0,0,14149,0,199,0,0,0,3,0,2892248,104810,5734349,19,0,0,6522,0,0,0,0,0,0,0,48074381,44711005,0,0,107847,107847,15440,16387,0,0,0,0,0,0,0,0,0,2505181,1251061,0,262144,7673627,219174469,0,0,1026,709620,2039446111,0,0,0,0,0,3,0,0,0,0,0,0,2047320831,495,14121,1865289,1814272368,23823,0,106997,120538761,651092,169,0,651981,169,0,0,0,652150,0,651261,0,0,0,0,0,33,0,85,14704,0,0,0,0,0,0,0,0,225554,611,0,0,0,1015829,21385469,452411,0,0,0,85,1015829,21385469,0,0,46508,4050,23496,19446,19446,0,0,100512,0,0,364,0,0,0,0,0,0,0,59,0,59,0,0,0,0,0,0,0,0,0,0,0,0,0,0,0,0,0,0,0,0,714,24,0
1777070739.001276,1276,ubuntu-rog,1,0,0,6917822,6316,2892125,5281754,446089,0,20,0,0,0,0,0,1968172327,0,0,4907,1969331007,0,6316,2892125,5281754,446089,0,461658,169183,0,0,14149,0,199,0,0,0,3,0,2892248,104810,5734350,20,0,0,6522,0,0,0,0,0,0,0,48074382,44711005,0,0,107847,107847,15440,16387,0,0,0,0,0,0,0,0,0,2505318,1251129,0,262144,7673627,219174469,0,0,1026,709620,2039446136,0,0,0,0,0,3,0,0,0,0,0,0,2047320854,495,14121,1865289,1814272369,23823,0,106997,120538761,651092,169,0,651981,169,0,0,0,652150,0,651261,0,0,0,0,0,33,0,85,14704,0,0,0,0,0,0,0,0,225554,611,0,0,0,1015829,21385469,452411,0,0,0,85,1015829,21385469,0,0,46508,4050,23496,19446,19446,0,0,100512,0,0,364,0,0,0,0,0,0,0,59,0,59,0,0,0,0,0,0,0,0,0,0,0,0,0,0,0,0,0,0,0,0,714,24,0
1777070740.001306,1306,ubuntu-rog,1,0,0,6918407,6316,2892187,5281772,446089,0,35,0,0,0,0,0,1968172385,0,0,4907,1969331065,0,6316,2892187,5281772,446089,0,461658,169183,0,0,14149,0,199,0,0,0,3,0,2892248,104810,5734369,35,0,0,6522,0,0,0,0,0,0,0,48074411,44711019,0,0,107847,107847,15440,16387,0,0,0,0,0,0,0,0,0,2505438,1251189,0,262144,7673627,219174981,0,0,1026,709620,2039446193,0,0,0,0,0,3,0,0,0,0,0,0,2047320893,495,14121,1865289,1814272369,23823,0,106997,120538761,651092,169,0,651981,169,0,0,0,652150,0,651261,0,0,0,0,0,33,0,85,14704,0,0,0,0,0,0,0,0,225554,611,0,0,0,1015829,21385469,452411,0,0,0,85,1015829,21385469,0,0,46508,4050,23496,19446,19446,0,0,100512,0,0,364,0,0,0,0,0,0,0,59,0,59,0,0,0,0,0,0,0,0,0,0,0,0,0,0,0,0,0,0,0,0,714,24,0
1777070741.001304,1304,ubuntu-rog,1,0,0,6919007,6316,2892187,5281772,446089,0,35,0,0,0,0,0,1968172414,0,0,4907,1969331094,0,6316,2892187,5281772,446089,0,461658,169183,0,0,14149,0,199,0,0,0,3,0,2892248,104810,5734369,35,0,0,6522,0,0,0,0,0,0,0,48074411,44711019,0,0,107847,107847,15440,16387,0,0,0,0,0,0,0,0,0,2505558,1251249,0,262144,7673627,219174981,0,0,1026,709620,2039446222,0,0,0,0,0,3,0,0,0,0,0,0,2047320922,495,14121,1865289,1814272369,23823,0,106997,120538761,651092,169,0,651981,169,0,0,0,652150,0,651261,0,0,0,0,0,33,0,85,14704,0,0,0,0,0,0,0,0,225554,611,0,0,0,1015829,21385469,452411,0,0,0,85,1015829,21385469,0,0,46508,4050,23496,19446,19446,0,0,100512,0,0,364,0,0,0,0,0,0,0,59,0,59,0,0,0,0,0,0,0,0,0,0,0,0,0,0,0,0,0,0,0,0,714,24,0
1777070742.004159,4159,ubuntu-rog,1,0,0,6919431,6316,2892187,5281772,446089,0,36,0,0,0,0,0,1968172442,0,0,4907,1969331122,0,6316,2892187,5281772,446089,0,461658,169183,0,0,14149,0,199,0,0,0,3,0,2892248,104810,5734370,36,0,0,6522,0,0,0,0,0,0,0,48074412,44711019,0,0,107847,107847,15440,16387,0,0,0,0,0,0,0,0,0,2505643,1251292,0,262144,7673627,219174981,0,0,1026,709620,2039446250,0,0,0,0,0,3,0,0,0,0,0,0,2047320949,495,14121,1865289,1814272369,23823,0,106997,120538761,651092,169,0,651981,169,0,0,0,652150,0,651261,0,0,0,0,0,33,0,85,14704,0,0,0,0,0,0,0,0,225554,611,0,0,0,1015829,21385469,452411,0,0,0,85,1015829,21385469,0,0,46508,4050,23496,19446,19446,0,0,100512,0,0,364,0,0,0,0,0,0,0,59,0,59,0,0,0,0,0,0,0,0,0,0,0,0,0,0,0,0,0,0,0,0,714,24,0
1777070743.001162,1162,ubuntu-rog,1,0,0,6921810,6316,2892187,5281772,446089,0,38,0,0,0,0,0,1968172473,0,0,4907,1969331153,0,6316,2892187,5281772,446089,0,461658,169183,0,0,14149,0,199,0,0,0,3,0,2892248,104810,5734371,38,0,0,6522,0,0,0,0,0,0,0,48074414,44711019,0,0,107847,107847,15440,16387,0,0,0,0,0,0,0,0,0,2506119,1251529,0,262144,7673627,219174981,0,0,1026,709620,2039446281,0,0,0,0,0,3,0,0,0,0,0,0,2047320979,495,14121,1865289,1814272369,23823,0,106997,120538761,651092,169,0,651981,169,0,0,0,652150,0,651261,0,0,0,0,0,33,0,85,14704,0,0,0,0,0,0,0,0,225554,611,0,0,0,1015829,21385469,452411,0,0,0,85,1015829,21385469,0,0,46508,4050,23496,19446,19446,0,0,100512,0,0,364,0,0,0,0,0,0,0,59,0,59,0,0,0,0,0,0,0,0,0,0,0,0,0,0,0,0,0,0,0,0,714,24,0
1777070744.001263,1263,ubuntu-rog,1,0,0,6921842,6316,2892187,5281772,446089,0,38,0,0,0,0,0,1968172499,0,0,4907,1969331179,0,6316,2892187,5281772,446089,0,461658,169183,0,0,14149,0,199,0,0,0,3,0,2892248,104810,5734371,38,0,0,6522,0,0,0,0,0,0,0,48074414,44711019,0,0,107847,107847,15440,16387,0,0,0,0,0,0,0,0,0,2506125,1251532,0,262144,7673627,219174981,0,0,1026,709620,2039446307,0,0,0,0,0,3,0,0,0,0,0,0,2047321005,495,14121,1865289,1814272369,23823,0,106997,120538761,651092,169,0,651981,169,0,0,0,652150,0,651261,0,0,0,0,0,33,0,85,14704,0,0,0,0,0,0,0,0,225554,611,0,0,0,1015829,21385469,452411,0,0,0,85,1015829,21385469,0,0,46508,4050,23496,19446,19446,0,0,100512,0,0,364,0,0,0,0,0,0,0,59,0,59,0,0,0,0,0,0,0,0,0,0,0,0,0,0,0,0,0,0,0,0,714,24,0
1777070745.001313,1313,ubuntu-rog,1,0,0,6921842,6316,2892187,5281772,446089,0,24,0,0,0,0,0,1968172534,0,0,4907,1969331214,0,6316,2892187,5281772,446089,0,461658,169183,0,0,14149,0,199,0,0,0,3,0,2892248,104810,5734374,24,0,0,6522,0,0,0,0,0,0,0,48074417,44711036,0,0,107847,107847,15440,16387,0,0,0,0,0,0,0,0,0,2506125,1251532,0,262144,7673627,219175117,0,0,1026,709620,2039446342,0,0,0,0,0,3,0,0,0,0,0,0,2047321037,495,14121,1865289,1814272369,23823,0,106997,120538761,651092,169,0,651981,169,0,0,0,652150,0,651261,0,0,0,0,0,33,0,85,14704,0,0,0,0,0,0,0,0,225554,611,0,0,0,1015829,21385469,452411,0,0,0,85,1015829,21385469,0,0,46508,4050,23496,19446,19446,0,0,100512,0,0,364,0,0,0,0,0,0,0,59,0,59,0,0,0,0,0,0,0,0,0,0,0,0,0,0,0,0,0,0,0,0,714,24,0
1777070746.001316,1316,ubuntu-rog,1,0,0,6921842,6316,2892187,5281772,446089,0,26,0,0,0,0,0,1968172564,0,0,4907,1969331244,0,6316,2892187,5281772,446089,0,461658,169183,0,0,14149,0,199,0,0,0,3,0,2892248,104810,5734375,26,0,0,6522,0,0,0,0,0,0,0,48074419,44711036,0,0,107847,107847,15440,16387,0,0,0,0,0,0,0,0,0,2506125,1251532,0,262144,7673627,219175117,0,0,1026,709620,2039446372,0,0,0,0,0,3,0,0,0,0,0,0,2047321066,495,14121,1865289,1814272369,23823,0,106997,120538761,651092,169,0,651981,169,0,0,0,652150,0,651261,0,0,0,0,0,33,0,85,14704,0,0,0,0,0,0,0,0,225554,611,0,0,0,1015829,21385469,452411,0,0,0,85,1015829,21385469,0,0,46508,4050,23496,19446,19446,0,0,100512,0,0,364,0,0,0,0,0,0,0,59,0,59,0,0,0,0,0,0,0,0,0,0,0,0,0,0,0,0,0,0,0,0,714,24,0
1777070747.001160,1160,ubuntu-rog,1,0,0,6921842,6316,2892187,5281772,446089,0,26,0,0,0,0,0,1968172586,0,0,4907,1969331266,0,6316,2892187,5281772,446089,0,461658,169183,0,0,14149,0,199,0,0,0,3,0,2892248,104810,5734375,26,0,0,6522,0,0,0,0,0,0,0,48074419,44711036,0,0,107847,107847,15440,16387,0,0,0,0,0,0,0,0,0,2506125,1251532,0,262144,7673627,219175117,0,0,1026,709620,2039446394,0,0,0,0,0,3,0,0,0,0,0,0,2047321088,495,14121,1865289,1814272369,23823,0,106997,120538761,651092,169,0,651981,169,0,0,0,652150,0,651261,0,0,0,0,0,33,0,85,14704,0,0,0,0,0,0,0,0,225554,611,0,0,0,1015829,21385469,452411,0,0,0,85,1015829,21385469,0,0,46508,4050,23496,19446,19446,0,0,100512,0,0,364,0,0,0,0,0,0,0,59,0,59,0,0,0,0,0,0,0,0,0,0,0,0,0,0,0,0,0,0,0,0,714,24,0
1777070748.002160,2160,ubuntu-rog,1,0,0,6921842,6316,2892187,5281772,446089,0,26,0,0,0,0,0,1968172614,0,0,4907,1969331294,0,6316,2892187,5281772,446089,0,461658,169183,0,0,14149,0,199,0,0,0,3,0,2892248,104810,5734375,26,0,0,6522,0,0,0,0,0,0,0,48074419,44711036,0,0,107847,107847,15440,16387,0,0,0,0,0,0,0,0,0,2506125,1251532,0,262144,7673627,219175117,0,0,1026,709620,2039446422,0,0,0,0,0,3,0,0,0,0,0,0,2047321116,495,14121,1865289,1814272369,23823,0,106997,120538761,651092,169,0,651981,169,0,0,0,652150,0,651261,0,0,0,0,0,33,0,85,14704,0,0,0,0,0,0,0,0,225554,611,0,0,0,1015829,21385469,452411,0,0,0,85,1015829,21385469,0,0,46508,4050,23496,19446,19446,0,0,100512,0,0,364,0,0,0,0,0,0,0,59,0,59,0,0,0,0,0,0,0,0,0,0,0,0,0,0,0,0,0,0,0,0,714,24,0
1777070749.001268,1268,ubuntu-rog,1,0,0,6921842,6316,2892187,5281772,446089,0,27,0,0,0,0,0,1968172644,0,0,4907,1969331324,0,6316,2892187,5281772,446089,0,461658,169183,0,0,14149,0,199,0,0,0,3,0,2892248,104810,5734376,27,0,0,6522,0,0,0,0,0,0,0,48074420,44711036,0,0,107847,107847,15440,16387,0,0,0,0,0,0,0,0,0,2506125,1251532,0,262144,7673627,219175117,0,0,1026,709620,2039446452,0,0,0,0,0,3,0,0,0,0,0,0,2047321145,495,14121,1865289,1814272369,23823,0,106997,120538761,651092,169,0,651981,169,0,0,0,652150,0,651261,0,0,0,0,0,33,0,85,14704,0,0,0,0,0,0,0,0,225554,611,0,0,0,1015829,21385469,452411,0,0,0,85,1015829,21385469,0,0,46508,4050,23496,19446,19446,0,0,100512,0,0,364,0,0,0,0,0,0,0,59,0,59,0,0,0,0,0,0,0,0,0,0,0,0,0,0,0,0,0,0,0,0,714,24,0
1777070750.001305,1305,ubuntu-rog,1,0,0,6921842,6316,2892187,5281772,446089,0,27,0,0,0,0,0,1968172674,0,0,4907,1969331354,0,6316,2892187,5281772,446089,0,461658,169183,0,0,14149,0,199,0,0,0,3,0,2892248,104810,5734376,27,0,0,6522,0,0,0,0,0,0,0,48074420,44711036,0,0,107847,107847,15440,16387,0,0,0,0,0,0,0,0,0,2506125,1251532,0,262144,7673627,219175153,0,0,1026,709620,2039446482,0,0,0,0,0,3,0,0,0,0,0,0,2047321172,495,14121,1865289,1814272369,23823,0,106997,120538761,651092,169,0,651981,169,0,0,0,652150,0,651261,0,0,0,0,0,33,0,85,14704,0,0,0,0,0,0,0,0,225554,611,0,0,0,1015829,21385469,452411,0,0,0,85,1015829,21385469,0,0,46508,4050,23496,19446,19446,0,0,100512,0,0,364,0,0,0,0,0,0,0,59,0,59,0,0,0,0,0,0,0,0,0,0,0,0,0,0,0,0,0,0,0,0,714,24,0
1777070751.001306,1306,ubuntu-rog,1,0,0,6921842,6316,2892187,5281772,446089,0,31,0,0,0,0,0,1968172706,0,0,4907,1969331386,0,6316,2892187,5281772,446089,0,461658,169183,0,0,14149,0,199,0,0,0,3,0,2892248,104810,5734380,31,0,0,6522,0,0,0,0,0,0,0,48074424,44711036,0,0,107847,107847,15440,16387,0,0,0,0,0,0,0,0,0,2506125,1251532,0,262144,7673627,219175153,0,0,1026,709620,2039446514,0,0,0,0,0,3,0,0,0,0,0,0,2047321203,495,14121,1865289,1814272369,23823,0,106997,120538761,651092,169,0,651981,169,0,0,0,652150,0,651261,0,0,0,0,0,33,0,85,14704,0,0,0,0,0,0,0,0,225554,611,0,0,0,1015829,21385469,452411,0,0,0,85,1015829,21385469,0,0,46508,4050,23496,19446,19446,0,0,100512,0,0,364,0,0,0,0,0,0,0,59,0,59,0,0,0,0,0,0,0,0,0,0,0,0,0,0,0,0,0,0,0,0,714,24,0
1777070752.002159,2159,ubuntu-rog,1,0,0,6921943,6316,2892187,5281772,446089,0,31,0,0,0,0,0,1968172736,0,0,4907,1969331416,0,6316,2892187,5281772,446089,0,461658,169183,0,0,14149,0,199,0,0,0,3,0,2892248,104810,5734380,31,0,0,6522,0,0,0,0,0,0,0,48074424,44711036,0,0,107847,107847,15440,16387,0,0,0,0,0,0,0,0,0,2506145,1251542,0,262144,7673627,219175153,0,0,1026,709620,2039446544,0,0,0,0,0,3,0,0,0,0,0,0,2047321233,495,14121,1865289,1814272369,23823,0,106997,120538761,651092,169,0,651981,169,0,0,0,652150,0,651261,0,0,0,0,0,33,0,85,14704,0,0,0,0,0,0,0,0,225554,611,0,0,0,1015829,21385469,452411,0,0,0,85,1015829,21385469,0,0,46508,4050,23496,19446,19446,0,0,100512,0,0,364,0,0,0,0,0,0,0,59,0,59,0,0,0,0,0,0,0,0,0,0,0,0,0,0,0,0,0,0,0,0,714,24,0
1777070753.001161,1161,ubuntu-rog,1,0,0,6922194,6316,2892187,5281772,446089,0,32,0,0,0,0,0,1968172758,0,0,4907,1969331438,0,6316,2892187,5281772,446089,0,461658,169183,0,0,14149,0,199,0,0,0,3,0,2892248,104810,5734381,32,0,0,6522,0,0,0,0,0,0,0,48074425,44711036,0,0,107847,107847,15440,16387,0,0,0,0,0,0,0,0,0,2506196,1251568,0,262144,7673627,219175153,0,0,1026,709620,2039446566,0,0,0,0,0,3,0,0,0,0,0,0,2047321254,495,14121,1865289,1814272369,23823,0,106997,120538761,651092,169,0,651981,169,0,0,0,652150,0,651261,0,0,0,0,0,33,0,85,14704,0,0,0,0,0,0,0,0,225554,611,0,0,0,1015829,21385469,452411,0,0,0,85,1015829,21385469,0,0,46508,4050,23496,19446,19446,0,0,100512,0,0,364,0,0,0,0,0,0,0,59,0,59,0,0,0,0,0,0,0,0,0,0,0,0,0,0,0,0,0,0,0,0,714,24,0
1777070754.001267,1267,ubuntu-rog,1,0,0,6922223,6316,2892187,5281772,446089,0,32,0,0,0,0,0,1968172787,0,0,4907,1969331467,0,6316,2892187,5281772,446089,0,461658,169183,0,0,14149,0,199,0,0,0,3,0,2892248,104810,5734381,32,0,0,6522,0,0,0,0,0,0,0,48074425,44711036,0,0,107847,107847,15440,16387,0,0,0,0,0,0,0,0,0,2506201,1251570,0,262144,7673627,219175153,0,0,1026,709620,2039446595,0,0,0,0,0,3,0,0,0,0,0,0,2047321283,495,14121,1865289,1814272369,23823,0,106997,120538761,651092,169,0,651981,169,0,0,0,652150,0,651261,0,0,0,0,0,33,0,85,14704,0,0,0,0,0,0,0,0,225554,611,0,0,0,1015829,21385469,452411,0,0,0,85,1015829,21385469,0,0,46508,4050,23496,19446,19446,0,0,100512,0,0,364,0,0,0,0,0,0,0,59,0,59,0,0,0,0,0,0,0,0,0,0,0,0,0,0,0,0,0,0,0,0,714,24,0
1777070755.001301,1301,ubuntu-rog,1,0,0,6922224,6316,2892209,5281781,446089,0,33,0,0,0,0,0,1968172816,0,0,4907,1969331496,0,6316,2892209,5281781,446089,0,461658,169183,0,0,14149,0,199,0,0,0,3,0,2892248,104810,5734382,33,0,0,6522,0,0,0,0,0,0,0,48074426,44711036,0,0,107847,107847,15440,16387,0,0,0,0,0,0,0,0,0,2506203,1251571,0,262144,7673627,219175153,0,0,1026,709620,2039446624,0,0,0,0,0,3,0,0,0,0,0,0,2047321311,495,14121,1865289,1814272369,23823,0,106997,120538761,651092,169,0,651981,169,0,0,0,652150,0,651261,0,0,0,0,0,33,0,85,14704,0,0,0,0,0,0,0,0,225554,611,0,0,0,1015829,21385469,452411,0,0,0,85,1015829,21385469,0,0,46508,4050,23496,19446,19446,0,0,100512,0,0,364,0,0,0,0,0,0,0,59,0,59,0,0,0,0,0,0,0,0,0,0,0,0,0,0,0,0,0,0,0,0,714,24,0
1777070756.002298,2298,ubuntu-rog,1,0,0,6922224,6316,2892209,5281781,446089,0,11,0,0,0,0,0,1968172848,0,0,4907,1969331528,0,6316,2892209,5281781,446089,0,461658,169183,0,0,14149,0,199,0,0,0,3,0,2892248,104810,5734384,11,0,0,6522,0,0,0,0,0,0,0,48074428,44711060,0,0,107847,107847,15440,16387,0,0,0,0,0,0,0,0,0,2506203,1251571,0,262144,7673627,219175257,0,0,1026,709620,2039446656,0,0,0,0,0,3,0,0,0,0,0,0,2047321339,495,14121,1865289,1814272369,23823,0,106997,120538761,651092,169,0,651981,169,0,0,0,652150,0,651261,0,0,0,0,0,33,0,85,14704,0,0,0,0,0,0,0,0,225554,611,0,0,0,1015829,21385469,452411,0,0,0,85,1015829,21385469,0,0,46508,4050,23496,19446,19446,0,0,100512,0,0,364,0,0,0,0,0,0,0,59,0,59,0,0,0,0,0,0,0,0,0,0,0,0,0,0,0,0,0,0,0,0,714,24,0
1777070757.001164,1164,ubuntu-rog,1,0,0,6922224,6316,2892209,5281781,446089,0,13,0,0,0,0,0,1968172881,0,0,4907,1969331561,0,6316,2892209,5281781,446089,0,461658,169183,0,0,14149,0,199,0,0,0,3,0,2892248,104810,5734386,13,0,0,6522,0,0,0,0,0,0,0,48074430,44711060,0,0,107847,107847,15440,16387,0,0,0,0,0,0,0,0,0,2506203,1251571,0,262144,7673627,219175257,0,0,1026,709620,2039446689,0,0,0,0,0,3,0,0,0,0,0,0,2047321372,495,14121,1865289,1814272369,23823,0,106997,120538761,651092,169,0,651981,169,0,0,0,652150,0,651261,0,0,0,0,0,33,0,85,14704,0,0,0,0,0,0,0,0,225554,611,0,0,0,1015829,21385469,452411,0,0,0,85,1015829,21385469,0,0,46508,4050,23496,19446,19446,0,0,100512,0,0,364,0,0,0,0,0,0,0,59,0,59,0,0,0,0,0,0,0,0,0,0,0,0,0,0,0,0,0,0,0,0,714,24,0
1777070758.001168,1168,ubuntu-rog,1,0,0,6922224,6316,2892209,5281781,446089,0,13,0,0,0,0,0,1968172905,0,0,4907,1969331585,0,6316,2892209,5281781,446089,0,461658,169183,0,0,14149,0,199,0,0,0,3,0,2892248,104810,5734386,13,0,0,6522,0,0,0,0,0,0,0,48074430,44711060,0,0,107847,107847,15440,16387,0,0,0,0,0,0,0,0,0,2506203,1251571,0,262144,7673627,219175257,0,0,1026,709620,2039446713,0,0,0,0,0,3,0,0,0,0,0,0,2047321396,495,14121,1865289,1814272369,23823,0,106997,120538761,651092,169,0,651981,169,0,0,0,652150,0,651261,0,0,0,0,0,33,0,85,14704,0,0,0,0,0,0,0,0,225554,611,0,0,0,1015829,21385469,452411,0,0,0,85,1015829,21385469,0,0,46508,4050,23496,19446,19446,0,0,100512,0,0,364,0,0,0,0,0,0,0,59,0,59,0,0,0,0,0,0,0,0,0,0,0,0,0,0,0,0,0,0,0,0,714,24,0
1777070759.001266,1266,ubuntu-rog,1,0,0,6922224,6316,2892209,5281781,446089,0,13,0,0,0,0,0,1968172934,0,0,4907,1969331614,0,6316,2892209,5281781,446089,0,461658,169183,0,0,14149,0,199,0,0,0,3,0,2892248,104810,5734386,13,0,0,6522,0,0,0,0,0,0,0,48074430,44711060,0,0,107847,107847,15440,16387,0,0,0,0,0,0,0,0,0,2506203,1251571,0,262144,7673627,219175257,0,0,1026,709620,2039446742,0,0,0,0,0,3,0,0,0,0,0,0,2047321425,495,14121,1865289,1814272369,23823,0,106997,120538761,651092,169,0,651981,169,0,0,0,652150,0,651261,0,0,0,0,0,33,0,85,14704,0,0,0,0,0,0,0,0,225554,611,0,0,0,1015829,21385469,452411,0,0,0,85,1015829,21385469,0,0,46508,4050,23496,19446,19446,0,0,100512,0,0,364,0,0,0,0,0,0,0,59,0,59,0,0,0,0,0,0,0,0,0,0,0,0,0,0,0,0,0,0,0,0,714,24,0
1777070760.003303,3303,ubuntu-rog,1,0,0,6922224,6316,2892209,5281781,446089,0,14,0,0,0,0,0,1968172964,0,0,4907,1969331644,0,6316,2892209,5281781,446089,0,461658,169183,0,0,14149,0,199,0,0,0,3,0,2892248,104810,5734387,14,0,0,6522,0,0,0,0,0,0,0,48074431,44711060,0,0,107847,107847,15440,16387,0,0,0,0,0,0,0,0,0,2506203,1251571,0,262144,7673627,219175257,0,0,1026,709620,2039446772,0,0,0,0,0,3,0,0,0,0,0,0,2047321454,495,14121,1865289,1814272369,23823,0,106997,120538761,651092,169,0,651981,169,0,0,0,652150,0,651261,0,0,0,0,0,33,0,85,14704,0,0,0,0,0,0,0,0,225554,611,0,0,0,1015829,21385469,452411,0,0,0,85,1015829,21385469,0,0,46508,4050,23496,19446,19446,0,0,100512,0,0,364,0,0,0,0,0,0,0,59,0,59,0,0,0,0,0,0,0,0,0,0,0,0,0,0,0,0,0,0,0,0,714,24,0
1777070761.001308,1308,ubuntu-rog,1,0,0,6922224,6316,2892209,5281781,446089,0,14,0,0,0,0,0,1968172988,0,0,4907,1969331668,0,6316,2892209,5281781,446089,0,461658,169183,0,0,14149,0,199,0,0,0,3,0,2892248,104810,5734387,14,0,0,6522,0,0,0,0,0,0,0,48074431,44711060,0,0,107847,107847,15440,16387,0,0,0,0,0,0,0,0,0,2506203,1251571,0,262144,7673627,219175273,0,0,1026,709620,2039446796,0,0,0,0,0,3,0,0,0,0,0,0,2047321476,495,14121,1865289,1814272369,23823,0,106997,120538761,651092,169,0,651981,169,0,0,0,652150,0,651261,0,0,0,0,0,33,0,85,14704,0,0,0,0,0,0,0,0,225554,611,0,0,0,1015829,21385469,452411,0,0,0,85,1015829,21385469,0,0,46508,4050,23496,19446,19446,0,0,100512,0,0,364,0,0,0,0,0,0,0,59,0,59,0,0,0,0,0,0,0,0,0,0,0,0,0,0,0,0,0,0,0,0,714,24,0
1777070762.001163,1163,ubuntu-rog,1,0,0,6922224,6316,2892209,5281781,446089,0,15,0,0,0,0,0,1968173017,0,0,4907,1969331697,0,6316,2892209,5281781,446089,0,461658,169183,0,0,14149,0,199,0,0,0,3,0,2892248,104810,5734390,15,0,0,6522,0,0,0,0,0,0,0,48074432,44711060,0,0,107847,107847,15440,16387,0,0,0,0,0,0,0,0,0,2506203,1251571,0,262144,7673627,219175273,0,0,1026,709620,2039446825,0,0,0,0,0,3,0,0,0,0,0,0,2047321504,495,14121,1865289,1814272371,23823,0,106997,120538763,651092,169,0,651981,169,0,0,0,652150,0,651261,0,0,0,0,0,33,0,85,14704,0,0,0,0,0,0,0,0,225554,611,0,0,0,1015829,21385469,452411,0,0,0,85,1015829,21385469,0,0,46508,4050,23496,19446,19446,0,0,100512,0,0,364,0,0,0,0,0,0,0,59,0,59,0,0,0,0,0,0,0,0,0,0,0,0,0,0,0,0,0,0,0,0,714,24,0
1777070763.001163,1163,ubuntu-rog,1,0,0,6922224,6316,2892209,5281781,446089,0,16,0,0,0,0,0,1968173050,0,0,4907,1969331730,0,6316,2892209,5281781,446089,0,461658,169183,0,0,14149,0,199,0,0,0,3,0,2892248,104810,5734391,16,0,0,6522,0,0,0,0,0,0,0,48074433,44711060,0,0,107847,107847,15440,16387,0,0,0,0,0,0,0,0,0,2506203,1251571,0,262144,7673627,219175273,0,0,1026,709620,2039446858,0,0,0,0,0,3,0,0,0,0,0,0,2047321536,495,14121,1865289,1814272371,23823,0,106997,120538763,651092,169,0,651981,169,0,0,0,652150,0,651261,0,0,0,0,0,33,0,85,14704,0,0,0,0,0,0,0,0,225554,611,0,0,0,1015829,21385469,452411,0,0,0,85,1015829,21385469,0,0,46508,4050,23496,19446,19446,0,0,100512,0,0,364,0,0,0,0,0,0,0,59,0,59,0,0,0,0,0,0,0,0,0,0,0,0,0,0,0,0,0,0,0,0,714,24,0
1777070764.002261,2261,ubuntu-rog,1,0,0,6922224,6316,2892209,5281781,446089,0,16,0,0,0,0,0,1968173073,0,0,4907,1969331753,0,6316,2892209,5281781,446089,0,461658,169183,0,0,14149,0,199,0,0,0,3,0,2892248,104810,5734391,16,0,0,6522,0,0,0,0,0,0,0,48074433,44711060,0,0,107847,107847,15440,16387,0,0,0,0,0,0,0,0,0,2506203,1251571,0,262144,7673627,219175273,0,0,1026,709620,2039446881,0,0,0,0,0,3,0,0,0,0,0,0,2047321559,495,14121,1865289,1814272371,23823,0,106997,120538763,651092,169,0,651981,169,0,0,0,652150,0,651261,0,0,0,0,0,33,0,85,14704,0,0,0,0,0,0,0,0,225554,611,0,0,0,1015829,21385469,452411,0,0,0,85,1015829,21385469,0,0,46508,4050,23496,19446,19446,0,0,100512,0,0,364,0,0,0,0,0,0,0,59,0,59,0,0,0,0,0,0,0,0,0,0,0,0,0,0,0,0,0,0,0,0,714,24,0
1777070765.001303,1303,ubuntu-rog,1,0,0,6922224,6316,2892209,5281781,446089,0,16,0,0,0,0,0,1968173102,0,0,4907,1969331782,0,6316,2892209,5281781,446089,0,461658,169183,0,0,14149,0,199,0,0,0,3,0,2892248,104810,5734391,16,0,0,6522,0,0,0,0,0,0,0,48074433,44711060,0,0,107847,107847,15440,16387,0,0,0,0,0,0,0,0,0,2506203,1251571,0,262144,7673627,219175273,0,0,1026,709620,2039446910,0,0,0,0,0,3,0,0,0,0,0,0,2047321588,495,14121,1865289,1814272371,23823,0,106997,120538763,651092,169,0,651981,169,0,0,0,652150,0,651261,0,0,0,0,0,33,0,85,14704,0,0,0,0,0,0,0,0,225554,611,0,0,0,1015829,21385469,452411,0,0,0,85,1015829,21385469,0,0,46508,4050,23496,19446,19446,0,0,100512,0,0,364,0,0,0,0,0,0,0,59,0,59,0,0,0,0,0,0,0,0,0,0,0,0,0,0,0,0,0,0,0,0,714,24,0
1777070766.001309,1309,ubuntu-rog,1,0,0,6922224,6316,2892209,5281781,446089,0,17,0,0,0,0,0,1968173131,0,0,4907,1969331811,0,6316,2892209,5281781,446089,0,461658,169183,0,0,14149,0,199,0,0,0,3,0,2892248,104810,5734392,17,0,0,6522,0,0,0,0,0,0,0,48074434,44711060,0,0,107847,107847,15440,16387,0,0,0,0,0,0,0,0,0,2506203,1251571,0,262144,7673627,219175273,0,0,1026,709620,2039446939,0,0,0,0,0,3,0,0,0,0,0,0,2047321616,495,14121,1865289,1814272371,23823,0,106997,120538763,651092,169,0,651981,169,0,0,0,652150,0,651261,0,0,0,0,0,33,0,85,14704,0,0,0,0,0,0,0,0,225554,611,0,0,0,1015829,21385469,452411,0,0,0,85,1015829,21385469,0,0,46508,4050,23496,19446,19446,0,0,100512,0,0,364,0,0,0,0,0,0,0,59,0,59,0,0,0,0,0,0,0,0,0,0,0,0,0,0,0,0,0,0,0,0,714,24,0
1777070767.001164,1164,ubuntu-rog,1,0,0,6922224,6316,2892209,5281781,446089,0,19,0,0,0,0,0,1968173155,0,0,4907,1969331835,0,6316,2892209,5281781,446089,0,461658,169183,0,0,14149,0,199,0,0,0,3,0,2892248,104810,5734396,19,0,0,6522,0,0,0,0,0,0,0,48074436,44711060,0,0,107847,107847,15440,16387,0,0,0,0,0,0,0,0,0,2506203,1251571,0,262144,7673627,219175289,0,0,1026,709620,2039446963,0,0,0,0,0,3,0,0,0,0,0,0,2047321636,495,14121,1865289,1814272371,23823,0,106997,120538763,651092,169,0,651981,169,0,0,0,652150,0,651261,0,0,0,0,0,33,0,85,14704,0,0,0,0,0,0,0,0,225554,611,0,0,0,1015829,21385469,452411,0,0,0,85,1015829,21385469,0,0,46508,4050,23496,19446,19446,0,0,100512,0,0,364,0,0,0,0,0,0,0,59,0,59,0,0,0,0,0,0,0,0,0,0,0,0,0,0,0,0,0,0,0,0,714,24,0
1777070768.002160,2160,ubuntu-rog,1,0,0,6922224,6316,2892209,5281781,446089,0,19,0,0,0,0,0,1968173185,0,0,4907,1969331865,0,6316,2892209,5281781,446089,0,461658,169183,0,0,14149,0,199,0,0,0,3,0,2892248,104810,5734396,19,0,0,6522,0,0,0,0,0,0,0,48074436,44711060,0,0,107847,107847,15440,16387,0,0,0,0,0,0,0,0,0,2506203,1251571,0,262144,7673627,219175289,0,0,1026,709620,2039446993,0,0,0,0,0,3,0,0,0,0,0,0,2047321666,495,14121,1865289,1814272371,23823,0,106997,120538763,651092,169,0,651981,169,0,0,0,652150,0,651261,0,0,0,0,0,33,0,85,14704,0,0,0,0,0,0,0,0,225554,611,0,0,0,1015829,21385469,452411,0,0,0,85,1015829,21385469,0,0,46508,4050,23496,19446,19446,0,0,100512,0,0,364,0,0,0,0,0,0,0,59,0,59,0,0,0,0,0,0,0,0,0,0,0,0,0,0,0,0,0,0,0,0,714,24,0
1777070769.001273,1273,ubuntu-rog,1,0,0,6922224,6316,2892209,5281781,446089,0,19,0,0,0,0,0,1968173220,0,0,4907,1969331900,0,6316,2892209,5281781,446089,0,461658,169183,0,0,14149,0,199,0,0,0,3,0,2892248,104810,5734396,19,0,0,6522,0,0,0,0,0,0,0,48074436,44711060,0,0,107847,107847,15440,16387,0,0,0,0,0,0,0,0,0,2506203,1251571,0,262144,7673627,219175289,0,0,1026,709620,2039447028,0,0,0,0,0,3,0,0,0,0,0,0,2047321701,495,14121,1865289,1814272371,23823,0,106997,120538763,651092,169,0,651981,169,0,0,0,652150,0,651261,0,0,0,0,0,33,0,85,14704,0,0,0,0,0,0,0,0,225554,611,0,0,0,1015829,21385469,452411,0,0,0,85,1015829,21385469,0,0,46508,4050,23496,19446,19446,0,0,100512,0,0,364,0,0,0,0,0,0,0,59,0,59,0,0,0,0,0,0,0,0,0,0,0,0,0,0,0,0,0,0,0,0,714,24,0
1777070770.001312,1312,ubuntu-rog,1,0,0,6922224,6316,2892209,5281781,446089,0,20,0,0,0,0,0,1968173259,0,0,4907,1969331939,0,6316,2892209,5281781,446089,0,461658,169183,0,0,14149,0,199,0,0,0,3,0,2892248,104810,5734397,20,0,0,6522,0,0,0,0,0,0,0,48074437,44711060,0,0,107847,107847,15440,16387,0,0,0,0,0,0,0,0,0,2506203,1251571,0,262144,7673627,219175289,0,0,1026,709620,2039447067,0,0,0,0,0,3,0,0,0,0,0,0,2047321734,495,14121,1865289,1814272371,23823,0,106997,120538763,651092,169,0,651981,169,0,0,0,652150,0,651261,0,0,0,0,0,33,0,85,14704,0,0,0,0,0,0,0,0,225554,611,0,0,0,1015829,21385469,452411,0,0,0,85,1015829,21385469,0,0,46508,4050,23496,19446,19446,0,0,100512,0,0,364,0,0,0,0,0,0,0,59,0,59,0,0,0,0,0,0,0,0,0,0,0,0,0,0,0,0,0,0,0,0,714,24,0
1777070771.001312,1312,ubuntu-rog,1,0,0,6922161,6316,2892257,5281781,446089,0,20,0,0,0,0,0,1968173425,0,0,4907,1969332105,0,6316,2892257,5281781,446089,0,461658,169185,0,0,14149,0,199,0,0,0,3,0,2892289,104810,5734397,20,0,0,6522,0,0,0,0,0,0,0,48074437,44711060,0,0,107847,107847,15440,16387,0,0,0,0,0,0,0,0,0,2506191,1251565,0,262144,7673627,219175289,0,0,1026,709620,2039447304,0,0,0,0,0,3,0,0,0,0,0,0,2047321931,495,14121,1865289,1814272429,23823,0,106997,120538763,651092,169,0,651981,169,0,0,0,652150,0,651261,0,0,0,0,0,33,0,85,14704,0,0,0,0,0,0,0,0,225554,611,0,0,0,1015829,21385469,452411,0,0,0,85,1015829,21385469,0,0,46508,4050,23496,19446,19446,0,0,100512,0,0,364,0,0,0,0,0,0,0,59,0,59,0,0,0,0,0,0,0,0,0,0,0,0,0,0,0,0,0,0,0,0,714,24,0
1777070772.002164,2164,ubuntu-rog,1,0,0,6922161,6316,2892257,5281781,446089,0,20,0,0,0,0,0,1968173453,0,0,4907,1969332133,0,6316,2892257,5281781,446089,0,461658,169185,0,0,14149,0,199,0,0,0,3,0,2892289,104810,5734397,20,0,0,6522,0,0,0,0,0,0,0,48074437,44711060,0,0,107847,107847,15440,16387,0,0,0,0,0,0,0,0,0,2506191,1251565,0,262144,7673627,219175305,0,0,1026,709620,2039447332,0,0,0,0,0,3,0,0,0,0,0,0,2047321957,495,14121,1865289,1814272429,23823,0,106997,120538763,651092,169,0,651981,169,0,0,0,652150,0,651261,0,0,0,0,0,33,0,85,14704,0,0,0,0,0,0,0,0,225554,611,0,0,0,1015829,21385469,452411,0,0,0,85,1015829,21385469,0,0,46508,4050,23496,19446,19446,0,0,100512,0,0,364,0,0,0,0,0,0,0,59,0,59,0,0,0,0,0,0,0,0,0,0,0,0,0,0,0,0,0,0,0,0,714,24,0
1777070773.001166,1166,ubuntu-rog,1,0,0,6922098,6316,2892257,5281781,446089,0,22,0,0,0,0,0,1968173482,0,0,4907,1969332162,0,6316,2892257,5281781,446089,0,461658,169185,0,0,14149,0,199,0,0,0,3,0,2892289,104810,5734401,22,0,0,6522,0,0,0,0,0,0,0,48074439,44711060,0,0,107847,107847,15440,16387,0,0,0,0,0,0,0,0,0,2506178,1251559,0,262144,7673627,219175305,0,0,1026,709620,2039447361,0,0,0,0,0,3,0,0,0,0,0,0,2047321984,495,14121,1865289,1814272429,23823,0,106997,120538763,651092,169,0,651981,169,0,0,0,652150,0,651261,0,0,0,0,0,33,0,85,14704,0,0,0,0,0,0,0,0,225554,611,0,0,0,1015829,21385469,452411,0,0,0,85,1015829,21385469,0,0,46508,4050,23496,19446,19446,0,0,100512,0,0,364,0,0,0,0,0,0,0,59,0,59,0,0,0,0,0,0,0,0,0,0,0,0,0,0,0,0,0,0,0,0,714,24,0
1777070774.001268,1268,ubuntu-rog,1,0,0,6922141,6316,2892257,5281781,446089,0,22,0,0,0,0,0,1968173511,0,0,4907,1969332191,0,6316,2892257,5281781,446089,0,461658,169185,0,0,14149,0,199,0,0,0,3,0,2892289,104810,5734401,22,0,0,6522,0,0,0,0,0,0,0,48074439,44711060,0,0,107847,107847,15440,16387,0,0,0,0,0,0,0,0,0,2506187,1251563,0,262144,7673627,219175305,0,0,1026,709620,2039447390,0,0,0,0,0,3,0,0,0,0,0,0,2047322013,495,14121,1865289,1814272429,23823,0,106997,120538763,651092,169,0,651981,169,0,0,0,652150,0,651261,0,0,0,0,0,33,0,85,14704,0,0,0,0,0,0,0,0,225554,611,0,0,0,1015829,21385469,452411,0,0,0,85,1015829,21385469,0,0,46508,4050,23496,19446,19446,0,0,100512,0,0,364,0,0,0,0,0,0,0,59,0,59,0,0,0,0,0,0,0,0,0,0,0,0,0,0,0,0,0,0,0,0,714,24,0
1777070775.001310,1310,ubuntu-rog,1,0,0,6922141,6316,2892257,5281781,446089,0,22,0,0,0,0,0,1968173535,0,0,4907,1969332215,0,6316,2892257,5281781,446089,0,461658,169183,0,0,14149,0,199,0,0,0,3,0,2892289,104810,5734401,22,0,0,6522,0,0,0,0,0,0,0,48074439,44711060,0,0,107847,107847,15440,16387,0,0,0,0,0,0,0,0,0,2506187,1251563,0,262144,7673627,219175305,0,0,1026,709620,2039447414,0,0,0,0,0,3,0,0,0,0,0,0,2047322039,495,14121,1865289,1814272429,23823,0,106997,120538763,651092,169,0,651981,169,0,0,0,652150,0,651261,0,0,0,0,0,33,0,85,14704,0,0,0,0,0,0,0,0,225554,611,0,0,0,1015829,21385469,452411,0,0,0,85,1015829,21385469,0,0,46508,4050,23496,19446,19446,0,0,100512,0,0,364,0,0,0,0,0,0,0,59,0,59,0,0,0,0,0,0,0,0,0,0,0,0,0,0,0,0,0,0,0,0,714,24,0
1777070776.002301,2301,ubuntu-rog,1,0,0,6922141,6316,2892257,5281781,446089,0,2,0,0,0,0,0,1968173566,0,0,4907,1969332246,0,6316,2892257,5281781,446089,0,461658,169183,0,0,14149,0,199,0,0,0,3,0,2892289,104810,5734401,2,0,0,6522,0,0,0,0,0,0,0,48074439,44711080,0,0,107847,107847,15440,16387,0,0,0,0,0,0,0,0,0,2506187,1251563,0,262144,7673627,219175385,0,0,1026,709620,2039447445,0,0,0,0,0,3,0,0,0,0,0,0,2047322070,495,14121,1865289,1814272429,23823,0,106997,120538763,651092,169,0,651981,169,0,0,0,652150,0,651261,0,0,0,0,0,33,0,85,14704,0,0,0,0,0,0,0,0,225554,611,0,0,0,1015829,21385469,452411,0,0,0,85,1015829,21385469,0,0,46508,4050,23496,19446,19446,0,0,100512,0,0,364,0,0,0,0,0,0,0,59,0,59,0,0,0,0,0,0,0,0,0,0,0,0,0,0,0,0,0,0,0,0,714,24,0
1777070777.001161,1161,ubuntu-rog,1,0,0,6922141,6316,2892257,5281781,446089,0,4,0,0,0,0,0,1968173596,0,0,4907,1969332276,0,6316,2892257,5281781,446089,0,461658,169183,0,0,14149,0,199,0,0,0,3,0,2892289,104810,5734402,4,0,0,6522,0,0,0,0,0,0,0,48074441,44711080,0,0,107847,107847,15440,16387,0,0,0,0,0,0,0,0,0,2506187,1251563,0,262144,7673627,219175385,0,0,1026,709620,2039447475,0,0,0,0,0,3,0,0,0,0,0,0,2047322099,495,14121,1865289,1814272429,23823,0,106997,120538763,651092,169,0,651981,169,0,0,0,652150,0,651261,0,0,0,0,0,33,0,85,14704,0,0,0,0,0,0,0,0,225554,611,0,0,0,1015829,21385469,452411,0,0,0,85,1015829,21385469,0,0,46508,4050,23496,19446,19446,0,0,100512,0,0,364,0,0,0,0,0,0,0,59,0,59,0,0,0,0,0,0,0,0,0,0,0,0,0,0,0,0,0,0,0,0,714,24,0
1777070778.001168,1168,ubuntu-rog,1,0,0,6922141,6316,2892257,5281781,446089,0,6,0,0,0,0,0,1968173622,0,0,4907,1969332302,0,6316,2892257,5281781,446089,0,461658,169183,0,0,14149,0,199,0,0,0,3,0,2892289,104810,5734403,6,0,0,6522,0,0,0,0,0,0,0,48074443,44711080,0,0,107847,107847,15440,16387,0,0,0,0,0,0,0,0,0,2506187,1251563,0,262144,7673627,219175425,0,0,1026,709620,2039447501,0,0,0,0,0,3,0,0,0,0,0,0,2047322121,495,14121,1865289,1814272429,23823,0,106997,120538763,651092,169,0,651981,169,0,0,0,652150,0,651261,0,0,0,0,0,33,0,85,14704,0,0,0,0,0,0,0,0,225554,611,0,0,0,1015829,21385469,452411,0,0,0,85,1015829,21385469,0,0,46508,4050,23496,19446,19446,0,0,100512,0,0,364,0,0,0,0,0,0,0,59,0,59,0,0,0,0,0,0,0,0,0,0,0,0,0,0,0,0,0,0,0,0,714,24,0
1777070779.001267,1267,ubuntu-rog,1,0,0,6922141,6316,2892257,5281781,446089,0,13,0,0,0,0,0,1968173651,0,0,4907,1969332331,0,6316,2892257,5281781,446089,0,461658,169183,0,0,14149,0,199,0,0,0,3,0,2892289,104810,5734407,13,0,0,6522,0,0,0,0,0,0,0,48074450,44711080,0,0,107847,107847,15440,16387,0,0,0,0,0,0,0,0,0,2506187,1251563,0,262144,7673627,219175425,0,0,1026,709620,2039447530,0,0,0,0,0,3,0,0,0,0,0,0,2047322149,495,14121,1865289,1814272429,23823,0,106997,120538763,651092,169,0,651981,169,0,0,0,652150,0,651261,0,0,0,0,0,33,0,85,14704,0,0,0,0,0,0,0,0,225554,611,0,0,0,1015829,21385469,452411,0,0,0,85,1015829,21385469,0,0,46508,4050,23496,19446,19446,0,0,100512,0,0,364,0,0,0,0,0,0,0,59,0,59,0,0,0,0,0,0,0,0,0,0,0,0,0,0,0,0,0,0,0,0,714,24,0
1777070780.002303,2303,ubuntu-rog,1,0,0,6922141,6316,2892257,5281781,446089,0,14,0,0,0,0,0,1968173681,0,0,4907,1969332361,0,6316,2892257,5281781,446089,0,461658,169183,0,0,14149,0,199,0,0,0,3,0,2892289,104810,5734408,14,0,0,6522,0,0,0,0,0,0,0,48074451,44711080,0,0,107847,107847,15440,16387,0,0,0,0,0,0,0,0,0,2506187,1251563,0,262144,7673627,219175425,0,0,1026,709620,2039447560,0,0,0,0,0,3,0,0,0,0,0,0,2047322178,495,14121,1865289,1814272429,23823,0,106997,120538763,651092,169,0,651981,169,0,0,0,652150,0,651261,0,0,0,0,0,33,0,85,14704,0,0,0,0,0,0,0,0,225554,611,0,0,0,1015829,21385469,452411,0,0,0,85,1015829,21385469,0,0,46508,4050,23496,19446,19446,0,0,100512,0,0,364,0,0,0,0,0,0,0,59,0,59,0,0,0,0,0,0,0,0,0,0,0,0,0,0,0,0,0,0,0,0,714,24,0
1777070781.001312,1312,ubuntu-rog,1,0,0,6922141,6316,2892238,5281781,446089,0,14,0,0,0,0,0,1968173708,0,0,4907,1969332388,0,6316,2892238,5281781,446089,0,461658,169183,0,0,14149,0,199,0,0,0,3,0,2892276,104810,5734408,14,0,0,6522,0,0,0,0,0,0,0,48074451,44711080,0,0,107847,107847,15440,16387,0,0,0,0,0,0,0,0,0,2506187,1251563,0,262144,7673627,219175425,0,0,1026,709620,2039447587,0,0,0,0,0,3,0,0,0,0,0,0,2047322218,495,14121,1865289,1814272435,23823,0,106997,120538763,651092,169,0,651981,169,0,0,0,652150,0,651261,0,0,0,0,0,33,0,85,14704,0,0,0,0,0,0,0,0,225554,611,0,0,0,1015829,21385469,452411,0,0,0,85,1015829,21385469,0,0,46508,4050,23496,19446,19446,0,0,100512,0,0,364,0,0,0,0,0,0,0,59,0,59,0,0,0,0,0,0,0,0,0,0,0,0,0,0,0,0,0,0,0,0,714,24,0
1777070782.003159,3159,ubuntu-rog,1,0,0,6922141,6316,2892238,5281781,446089,0,14,0,0,0,0,0,1968173738,0,0,4907,1969332418,0,6316,2892238,5281781,446089,0,461658,169183,0,0,14149,0,199,0,0,0,3,0,2892276,104810,5734408,14,0,0,6522,0,0,0,0,0,0,0,48074451,44711080,0,0,107847,107847,15440,16387,0,0,0,0,0,0,0,0,0,2506187,1251563,0,262144,7673627,219175425,0,0,1026,709620,2039447617,0,0,0,0,0,3,0,0,0,0,0,0,2047322248,495,14121,1865289,1814272435,23823,0,106997,120538763,651092,169,0,651981,169,0,0,0,652150,0,651261,0,0,0,0,0,33,0,85,14704,0,0,0,0,0,0,0,0,225554,611,0,0,0,1015829,21385469,452411,0,0,0,85,1015829,21385469,0,0,46508,4050,23496,19446,19446,0,0,100512,0,0,364,0,0,0,0,0,0,0,59,0,59,0,0,0,0,0,0,0,0,0,0,0,0,0,0,0,0,0,0,0,0,714,24,0
1777070783.001139,1139,ubuntu-rog,1,0,0,6922141,6316,2892238,5281781,446089,0,14,0,0,0,0,0,1968173772,0,0,4907,1969332452,0,6316,2892238,5281781,446089,0,461658,169183,0,0,14149,0,199,0,0,0,3,0,2892276,104810,5734408,14,0,0,6522,0,0,0,0,0,0,0,48074451,44711080,0,0,107847,107847,15440,16387,0,0,0,0,0,0,0,0,0,2506187,1251563,0,262144,7673627,219175445,0,0,1026,709620,2039447651,0,0,0,0,0,3,0,0,0,0,0,0,2047322280,495,14121,1865289,1814272435,23823,0,106997,120538763,651092,169,0,651981,169,0,0,0,652150,0,651261,0,0,0,0,0,33,0,85,14704,0,0,0,0,0,0,0,0,225554,611,0,0,0,1015829,21385469,452411,0,0,0,85,1015829,21385469,0,0,46508,4050,23496,19446,19446,0,0,100512,0,0,364,0,0,0,0,0,0,0,59,0,59,0,0,0,0,0,0,0,0,0,0,0,0,0,0,0,0,0,0,0,0,714,24,0
1777070784.001262,1262,ubuntu-rog,1,0,0,6922141,6316,2892238,5281781,446089,0,17,0,0,0,0,0,1968173800,0,0,4907,1969332480,0,6316,2892238,5281781,446089,0,461658,169183,0,0,14149,0,199,0,0,0,3,0,2892276,104810,5734412,17,0,0,6522,0,0,0,0,0,0,0,48074454,44711080,0,0,107847,107847,15440,16387,0,0,0,0,0,0,0,0,0,2506187,1251563,0,262144,7673627,219175445,0,0,1026,709620,2039447679,0,0,0,0,0,3,0,0,0,0,0,0,2047322314,495,14121,1865289,1814272435,23823,0,106997,120538763,651092,169,0,651981,169,0,0,0,652150,0,651261,0,0,0,0,0,33,0,85,14704,0,0,0,0,0,0,0,0,225554,611,0,0,0,1015829,21385469,452411,0,0,0,85,1015829,21385469,0,0,46508,4050,23496,19446,19446,0,0,100512,0,0,364,0,0,0,0,0,0,0,59,0,59,0,0,0,0,0,0,0,0,0,0,0,0,0,0,0,0,0,0,0,0,714,24,0
1777070785.001296,1296,ubuntu-rog,1,0,0,6922141,6316,2892238,5281781,446089,0,17,0,0,0,0,0,1968173826,0,0,4907,1969332506,0,6316,2892238,5281781,446089,0,461658,169183,0,0,14149,0,199,0,0,0,3,0,2892276,104810,5734412,17,0,0,6522,0,0,0,0,0,0,0,48074454,44711080,0,0,107847,107847,15392,16387,0,0,0,0,0,0,0,0,0,2506187,1251563,0,262144,7673627,219175445,0,0,1026,709620,2039447705,0,0,0,0,0,3,0,0,0,0,0,0,2047322340,495,14121,1865289,1814272435,23823,0,106997,120538763,651092,169,0,651981,169,0,0,0,652150,0,651261,0,0,0,0,0,33,0,85,14704,0,0,0,0,0,0,0,0,225554,611,0,0,0,1015829,21385469,452411,0,0,0,85,1015829,21385469,0,0,46508,4050,23496,19446,19446,0,0,100512,0,0,364,0,0,0,0,0,0,0,59,0,59,0,0,0,0,0,0,0,0,0,0,0,0,0,0,0,0,0,0,0,0,714,24,0
1777070786.001298,1298,ubuntu-rog,1,0,0,6922141,6316,2892238,5281781,446089,0,17,0,0,0,0,0,1968173851,0,0,4907,1969332531,0,6316,2892238,5281781,446089,0,461658,169183,0,0,14149,0,199,0,0,0,3,0,2892276,104810,5734412,17,0,0,6522,0,0,0,0,0,0,0,48074454,44711080,0,0,107847,107847,15392,16387,0,0,0,0,0,0,0,0,0,2506187,1251563,0,262144,7673627,219175445,0,0,1026,709620,2039447730,0,0,0,0,0,3,0,0,0,0,0,0,2047322365,495,14121,1865289,1814272435,23823,0,106997,120538763,651092,169,0,651981,169,0,0,0,652150,0,651261,0,0,0,0,0,33,0,85,14704,0,0,0,0,0,0,0,0,225554,611,0,0,0,1015829,21385469,452411,0,0,0,85,1015829,21385469,0,0,46508,4050,23496,19446,19446,0,0,100512,0,0,364,0,0,0,0,0,0,0,59,0,59,0,0,0,0,0,0,0,0,0,0,0,0,0,0,0,0,0,0,0,0,714,24,0
1777070787.001159,1159,ubuntu-rog,1,0,0,6922141,6316,2892238,5281788,446089,0,10,0,0,0,0,0,1968173882,0,0,4907,1969332562,0,6316,2892238,5281788,446089,0,461658,169183,0,0,14149,0,199,0,0,0,3,0,2892276,104810,5734413,10,0,0,6522,0,0,0,0,0,0,0,48074455,44711088,0,0,107847,107847,15392,16387,0,0,0,0,0,0,0,0,0,2506188,1251564,0,262144,7673627,219175469,0,0,1026,709620,2039447761,0,0,0,0,0,3,0,0,0,0,0,0,2047322395,495,14121,1865289,1814272435,23823,0,106997,120538763,651092,169,0,651981,169,0,0,0,652150,0,651261,0,0,0,0,0,33,0,85,14704,0,0,0,0,0,0,0,0,225554,611,0,0,0,1015829,21385469,452411,0,0,0,85,1015829,21385469,0,0,46508,4050,23496,19446,19446,0,0,100512,0,0,364,0,0,0,0,0,0,0,59,0,59,0,0,0,0,0,0,0,0,0,0,0,0,0,0,0,0,0,0,0,0,714,24,0
1777070788.002153,2153,ubuntu-rog,1,0,0,6922141,6316,2892238,5281788,446089,0,10,0,0,0,0,0,1968173915,0,0,4907,1969332595,0,6316,2892238,5281788,446089,0,461658,169183,0,0,14149,0,199,0,0,0,3,0,2892276,104810,5734413,10,0,0,6522,0,0,0,0,0,0,0,48074455,44711088,0,0,107847,107847,15392,16387,0,0,0,0,0,0,0,0,0,2506188,1251564,0,262144,7673627,219175485,0,0,1026,709620,2039447794,0,0,0,0,0,3,0,0,0,0,0,0,2047322426,495,14121,1865289,1814272435,23823,0,106997,120538763,651092,169,0,651981,169,0,0,0,652150,0,651261,0,0,0,0,0,33,0,85,14704,0,0,0,0,0,0,0,0,225554,611,0,0,0,1015829,21385469,452411,0,0,0,85,1015829,21385469,0,0,46508,4050,23496,19446,19446,0,0,100512,0,0,364,0,0,0,0,0,0,0,59,0,59,0,0,0,0,0,0,0,0,0,0,0,0,0,0,0,0,0,0,0,0,714,24,0
1777070789.001529,1529,ubuntu-rog,1,0,0,6922141,6316,2892238,5281788,446089,0,13,0,0,0,0,0,1968173943,0,0,4907,1969332623,0,6316,2892238,5281788,446089,0,461658,169183,0,0,14149,0,199,0,0,0,3,0,2892276,104810,5734416,13,0,0,6522,0,0,0,0,0,0,0,48074458,44711088,0,0,107847,107847,15392,16387,0,0,0,0,0,0,0,0,0,2506188,1251564,0,262144,7673627,219175485,0,0,1026,709620,2039447822,0,0,0,0,0,3,0,0,0,0,0,0,2047322453,495,14121,1865289,1814272435,23823,0,106997,120538763,651092,169,0,651981,169,0,0,0,652150,0,651261,0,0,0,0,0,33,0,85,14704,0,0,0,0,0,0,0,0,225554,611,0,0,0,1015829,21385469,452411,0,0,0,85,1015829,21385469,0,0,46508,4050,23496,19446,19446,0,0,100512,0,0,364,0,0,0,0,0,0,0,59,0,59,0,0,0,0,0,0,0,0,0,0,0,0,0,0,0,0,0,0,0,0,714,24,0
1777070790.002301,2301,ubuntu-rog,1,0,0,6922141,6316,2892238,5281788,446089,0,13,0,0,0,0,0,1968173972,0,0,4907,1969332652,0,6316,2892238,5281788,446089,0,461658,169183,0,0,14149,0,199,0,0,0,3,0,2892276,104810,5734416,13,0,0,6522,0,0,0,0,0,0,0,48074458,44711088,0,0,107847,107847,15392,16387,0,0,0,0,0,0,0,0,0,2506188,1251564,0,262144,7673627,219175485,0,0,1026,709620,2039447851,0,0,0,0,0,3,0,0,0,0,0,0,2047322482,495,14121,1865289,1814272435,23823,0,106997,120538763,651092,169,0,651981,169,0,0,0,652150,0,651261,0,0,0,0,0,33,0,85,14704,0,0,0,0,0,0,0,0,225554,611,0,0,0,1015829,21385469,452411,0,0,0,85,1015829,21385469,0,0,46508,4050,23496,19446,19446,0,0,100512,0,0,364,0,0,0,0,0,0,0,59,0,59,0,0,0,0,0,0,0,0,0,0,0,0,0,0,0,0,0,0,0,0,714,24,0
1777070791.001300,1300,ubuntu-rog,1,0,0,6922141,6316,2892238,5281788,446089,0,14,0,0,0,0,0,1968174003,0,0,4907,1969332683,0,6316,2892238,5281788,446089,0,461658,169183,0,0,14149,0,199,0,0,0,3,0,2892276,104810,5734417,14,0,0,6522,0,0,0,0,0,0,0,48074459,44711088,0,0,107847,107847,15392,16387,0,0,0,0,0,0,0,0,0,2506188,1251564,0,262144,7673627,219175485,0,0,1026,709620,2039447882,0,0,0,0,0,3,0,0,0,0,0,0,2047322512,495,14121,1865289,1814272435,23823,0,106997,120538763,651092,169,0,651981,169,0,0,0,652150,0,651261,0,0,0,0,0,33,0,85,14704,0,0,0,0,0,0,0,0,225554,611,0,0,0,1015829,21385469,452411,0,0,0,85,1015829,21385469,0,0,46508,4050,23496,19446,19446,0,0,100512,0,0,364,0,0,0,0,0,0,0,59,0,59,0,0,0,0,0,0,0,0,0,0,0,0,0,0,0,0,0,0,0,0,714,24,0
1777070792.001161,1161,ubuntu-rog,1,0,0,6922141,6316,2892238,5281788,446089,0,15,0,0,0,0,0,1968174026,0,0,4907,1969332706,0,6316,2892238,5281788,446089,0,461658,169183,0,0,14149,0,199,0,0,0,3,0,2892276,104810,5734418,15,0,0,6522,0,0,0,0,0,0,0,48074460,44711088,0,0,107847,107847,15392,16387,0,0,0,0,0,0,0,0,0,2506188,1251564,0,262144,7673627,219175485,0,0,1026,709620,2039447905,0,0,0,0,0,3,0,0,0,0,0,0,2047322534,495,14121,1865289,1814272435,23823,0,106997,120538763,651092,169,0,651981,169,0,0,0,652150,0,651261,0,0,0,0,0,33,0,85,14704,0,0,0,0,0,0,0,0,225554,611,0,0,0,1015829,21385469,452411,0,0,0,85,1015829,21385469,0,0,46508,4050,23496,19446,19446,0,0,100512,0,0,364,0,0,0,0,0,0,0,59,0,59,0,0,0,0,0,0,0,0,0,0,0,0,0,0,0,0,0,0,0,0,714,24,0
1777070793.001157,1157,ubuntu-rog,1,0,0,6922141,6316,2892238,5281788,446089,0,15,0,0,0,0,0,1968174057,0,0,4907,1969332737,0,6316,2892238,5281788,446089,0,461658,169183,0,0,14149,0,199,0,0,0,3,0,2892276,104810,5734418,15,0,0,6522,0,0,0,0,0,0,0,48074460,44711088,0,0,107847,107847,15392,16387,0,0,0,0,0,0,0,0,0,2506188,1251564,0,262144,7673627,219175485,0,0,1026,709620,2039447936,0,0,0,0,0,3,0,0,0,0,0,0,2047322565,495,14121,1865289,1814272435,23823,0,106997,120538763,651092,169,0,651981,169,0,0,0,652150,0,651261,0,0,0,0,0,33,0,85,14704,0,0,0,0,0,0,0,0,225554,611,0,0,0,1015829,21385469,452411,0,0,0,85,1015829,21385469,0,0,46508,4050,23496,19446,19446,0,0,100512,0,0,364,0,0,0,0,0,0,0,59,0,59,0,0,0,0,0,0,0,0,0,0,0,0,0,0,0,0,0,0,0,0,714,24,0
1777070794.002254,2254,ubuntu-rog,1,0,0,6922141,6316,2892238,5281788,446089,0,16,0,0,0,0,0,1968174091,0,0,4907,1969332771,0,6316,2892238,5281788,446089,0,461658,169183,0,0,14149,0,199,0,0,0,3,0,2892276,104810,5734419,16,0,0,6522,0,0,0,0,0,0,0,48074461,44711088,0,0,107847,107847,15392,16387,0,0,0,0,0,0,0,0,0,2506188,1251564,0,262144,7673627,219175501,0,0,1026,709620,2039447970,0,0,0,0,0,3,0,0,0,0,0,0,2047322596,495,14121,1865289,1814272435,23823,0,106997,120538763,651092,169,0,651981,169,0,0,0,652150,0,651261,0,0,0,0,0,33,0,85,14704,0,0,0,0,0,0,0,0,225554,611,0,0,0,1015829,21385469,452411,0,0,0,85,1015829,21385469,0,0,46508,4050,23496,19446,19446,0,0,100512,0,0,364,0,0,0,0,0,0,0,59,0,59,0,0,0,0,0,0,0,0,0,0,0,0,0,0,0,0,0,0,0,0,714,24,0
1777070795.001303,1303,ubuntu-rog,1,0,0,6922141,6316,2892238,5281788,446089,0,17,0,0,0,0,0,1968174114,0,0,4907,1969332794,0,6316,2892238,5281788,446089,0,461658,169183,0,0,14149,0,199,0,0,0,3,0,2892276,104810,5734422,17,0,0,6522,0,0,0,0,0,0,0,48074462,44711088,0,0,107847,107847,15392,16387,0,0,0,0,0,0,0,0,0,2506188,1251564,0,262144,7673627,219175501,0,0,1026,709620,2039447993,0,0,0,0,0,3,0,0,0,0,0,0,2047322618,495,14121,1865289,1814272435,23823,0,106997,120538763,651092,169,0,651981,169,0,0,0,652150,0,651261,0,0,0,0,0,33,0,85,14704,0,0,0,0,0,0,0,0,225554,611,0,0,0,1015829,21385469,452411,0,0,0,85,1015829,21385469,0,0,46508,4050,23496,19446,19446,0,0,100512,0,0,364,0,0,0,0,0,0,0,59,0,59,0,0,0,0,0,0,0,0,0,0,0,0,0,0,0,0,0,0,0,0,714,24,0
1777070796.001511,1511,ubuntu-rog,1,0,0,6922141,6316,2892238,5281788,446089,0,17,0,0,0,0,0,1968174143,0,0,4907,1969332823,0,6316,2892238,5281788,446089,0,461658,169183,0,0,14149,0,199,0,0,0,3,0,2892276,104810,5734422,17,0,0,6522,0,0,0,0,0,0,0,48074462,44711088,0,0,107847,107847,15392,16387,0,0,0,0,0,0,0,0,0,2506188,1251564,0,262144,7673627,219175501,0,0,1026,709620,2039448022,0,0,0,0,0,3,0,0,0,0,0,0,2047322647,495,14121,1865289,1814272435,23823,0,106997,120538763,651092,169,0,651981,169,0,0,0,652150,0,651261,0,0,0,0,0,33,0,85,14704,0,0,0,0,0,0,0,0,225554,611,0,0,0,1015829,21385469,452411,0,0,0,85,1015829,21385469,0,0,46508,4050,23496,19446,19446,0,0,100512,0,0,364,0,0,0,0,0,0,0,59,0,59,0,0,0,0,0,0,0,0,0,0,0,0,0,0,0,0,0,0,0,0,714,24,0
1777070797.001195,1195,ubuntu-rog,1,0,0,6922141,6316,2892238,5281788,446089,0,17,0,0,0,0,0,1968174173,0,0,4907,1969332853,0,6316,2892238,5281788,446089,0,461658,169183,0,0,14149,0,199,0,0,0,3,0,2892276,104810,5734422,17,0,0,6522,0,0,0,0,0,0,0,48074462,44711088,0,0,107847,107847,15392,16387,0,0,0,0,0,0,0,0,0,2506188,1251564,0,262144,7673627,219175501,0,0,1026,709620,2039448052,0,0,0,0,0,3,0,0,0,0,0,0,2047322677,495,14121,1865289,1814272435,23823,0,106997,120538763,651092,169,0,651981,169,0,0,0,652150,0,651261,0,0,0,0,0,33,0,85,14704,0,0,0,0,0,0,0,0,225554,611,0,0,0,1015829,21385469,452411,0,0,0,85,1015829,21385469,0,0,46508,4050,23496,19446,19446,0,0,100512,0,0,364,0,0,0,0,0,0,0,59,0,59,0,0,0,0,0,0,0,0,0,0,0,0,0,0,0,0,0,0,0,0,714,24,0
1777070798.002165,2165,ubuntu-rog,1,0,0,6922141,6316,2892238,5281788,446089,0,18,0,0,0,0,0,1968174197,0,0,4907,1969332877,0,6316,2892238,5281788,446089,0,461658,169183,0,0,14149,0,199,0,0,0,3,0,2892276,104810,5734423,18,0,0,6522,0,0,0,0,0,0,0,48074463,44711088,0,0,107847,107847,15392,16387,0,0,0,0,0,0,0,0,0,2506188,1251564,0,262144,7673627,219175501,0,0,1026,709620,2039448076,0,0,0,0,0,3,0,0,0,0,0,0,2047322700,495,14121,1865289,1814272435,23823,0,106997,120538763,651092,169,0,651981,169,0,0,0,652150,0,651261,0,0,0,0,0,33,0,85,14704,0,0,0,0,0,0,0,0,225554,611,0,0,0,1015829,21385469,452411,0,0,0,85,1015829,21385469,0,0,46508,4050,23496,19446,19446,0,0,100512,0,0,364,0,0,0,0,0,0,0,59,0,59,0,0,0,0,0,0,0,0,0,0,0,0,0,0,0,0,0,0,0,0,714,24,0
1777070799.001267,1267,ubuntu-rog,1,0,0,6922141,6316,2892238,5281788,446089,0,18,0,0,0,0,0,1968174231,0,0,4907,1969332911,0,6316,2892238,5281788,446089,0,461658,169183,0,0,14149,0,199,0,0,0,3,0,2892276,104810,5734423,18,0,0,6522,0,0,0,0,0,0,0,48074463,44711088,0,0,107847,107847,15392,16387,0,0,0,0,0,0,0,0,0,2506188,1251564,0,262144,7673627,219175517,0,0,1026,709620,2039448110,0,0,0,0,0,3,0,0,0,0,0,0,2047322732,495,14121,1865289,1814272435,23823,0,106997,120538763,651092,169,0,651981,169,0,0,0,652150,0,651261,0,0,0,0,0,33,0,85,14704,0,0,0,0,0,0,0,0,225554,611,0,0,0,1015829,21385469,452411,0,0,0,85,1015829,21385469,0,0,46508,4050,23496,19446,19446,0,0,100512,0,0,364,0,0,0,0,0,0,0,59,0,59,0,0,0,0,0,0,0,0,0,0,0,0,0,0,0,0,0,0,0,0,714,24,0
1777070800.001296,1296,ubuntu-rog,1,0,0,6922141,6316,2892238,5281788,446089,0,19,0,0,0,0,0,1968174265,0,0,4907,1969332945,0,6316,2892238,5281788,446089,0,461658,169183,0,0,14149,0,199,0,0,0,3,0,2892276,104810,5734426,19,0,0,6522,0,0,0,0,0,0,0,48074464,44711088,0,0,107847,107847,15392,16387,0,0,0,0,0,0,0,0,0,2506188,1251564,0,262144,7673627,219175517,0,0,1026,709620,2039448144,0,0,0,0,0,3,0,0,0,0,0,0,2047322765,495,14121,1865289,1814272435,23823,0,106997,120538763,651092,169,0,651981,169,0,0,0,652150,0,651261,0,0,0,0,0,33,0,85,14704,0,0,0,0,0,0,0,0,225554,611,0,0,0,1015829,21385469,452411,0,0,0,85,1015829,21385469,0,0,46508,4050,23496,19446,19446,0,0,100512,0,0,364,0,0,0,0,0,0,0,59,0,59,0,0,0,0,0,0,0,0,0,0,0,0,0,0,0,0,0,0,0,0,714,24,0
1777070801.001299,1299,ubuntu-rog,1,0,0,6922141,6316,2892238,5281788,446089,0,20,0,0,0,0,0,1968174298,0,0,4907,1969332978,0,6316,2892238,5281788,446089,0,461658,169183,0,0,14149,0,199,0,0,0,3,0,2892276,104810,5734427,20,0,0,6522,0,0,0,0,0,0,0,48074465,44711088,0,0,107847,107847,15392,16387,0,0,0,0,0,0,0,0,0,2506188,1251564,0,262144,7673627,219175517,0,0,1026,709620,2039448177,0,0,0,0,0,3,0,0,0,0,0,0,2047322797,495,14121,1865289,1814272435,23823,0,106997,120538763,651092,169,0,651981,169,0,0,0,652150,0,651261,0,0,0,0,0,33,0,85,14704,0,0,0,0,0,0,0,0,225554,611,0,0,0,1015829,21385469,452411,0,0,0,85,1015829,21385469,0,0,46508,4050,23496,19446,19446,0,0,100512,0,0,364,0,0,0,0,0,0,0,59,0,59,0,0,0,0,0,0,0,0,0,0,0,0,0,0,0,0,0,0,0,0,714,24,0
1777070802.002154,2154,ubuntu-rog,1,0,0,6922141,6316,2892238,5281788,446089,0,20,0,0,0,0,0,1968174326,0,0,4907,1969333006,0,6316,2892238,5281788,446089,0,461658,169183,0,0,14149,0,199,0,0,0,3,0,2892276,104810,5734427,20,0,0,6522,0,0,0,0,0,0,0,48074465,44711088,0,0,107847,107847,15392,16387,0,0,0,0,0,0,0,0,0,2506188,1251564,0,262144,7673627,219175517,0,0,1026,709620,2039448205,0,0,0,0,0,3,0,0,0,0,0,0,2047322825,495,14121,1865289,1814272435,23823,0,106997,120538763,651092,169,0,651981,169,0,0,0,652150,0,651261,0,0,0,0,0,33,0,85,14704,0,0,0,0,0,0,0,0,225554,611,0,0,0,1015829,21385469,452411,0,0,0,85,1015829,21385469,0,0,46508,4050,23496,19446,19446,0,0,100512,0,0,364,0,0,0,0,0,0,0,59,0,59,0,0,0,0,0,0,0,0,0,0,0,0,0,0,0,0,0,0,0,0,714,24,0
1777070803.001432,1432,ubuntu-rog,1,0,0,6922141,6316,2892238,5281788,446089,0,20,0,0,0,0,0,1968174349,0,0,4907,1969333029,0,6316,2892238,5281788,446089,0,461658,169183,0,0,14149,0,199,0,0,0,3,0,2892276,104810,5734427,20,0,0,6522,0,0,0,0,0,0,0,48074465,44711088,0,0,107847,107847,15392,16387,0,0,0,0,0,0,0,0,0,2506188,1251564,0,262144,7673627,219175517,0,0,1026,709620,2039448228,0,0,0,0,0,3,0,0,0,0,0,0,2047322848,495,14121,1865289,1814272435,23823,0,106997,120538763,651092,169,0,651981,169,0,0,0,652150,0,651261,0,0,0,0,0,33,0,85,14704,0,0,0,0,0,0,0,0,225554,611,0,0,0,1015829,21385469,452411,0,0,0,85,1015829,21385469,0,0,46508,4050,23496,19446,19446,0,0,100512,0,0,364,0,0,0,0,0,0,0,59,0,59,0,0,0,0,0,0,0,0,0,0,0,0,0,0,0,0,0,0,0,0,714,24,0
1777070804.002228,2228,ubuntu-rog,1,0,0,6922141,6316,2892238,5281788,446089,0,21,0,0,0,0,0,1968174380,0,0,4907,1969333060,0,6316,2892238,5281788,446089,0,461658,169183,0,0,14149,0,199,0,0,0,3,0,2892276,104810,5734428,21,0,0,6522,0,0,0,0,0,0,0,48074466,44711088,0,0,107847,107847,15392,16387,0,0,0,0,0,0,0,0,0,2506188,1251564,0,262144,7673627,219175533,0,0,1026,709620,2039448259,0,0,0,0,0,3,0,0,0,0,0,0,2047322876,495,14121,1865289,1814272435,23823,0,106997,120538763,651092,169,0,651981,169,0,0,0,652150,0,651261,0,0,0,0,0,33,0,85,14704,0,0,0,0,0,0,0,0,225554,611,0,0,0,1015829,21385469,452411,0,0,0,85,1015829,21385469,0,0,46508,4050,23496,19446,19446,0,0,100512,0,0,364,0,0,0,0,0,0,0,59,0,59,0,0,0,0,0,0,0,0,0,0,0,0,0,0,0,0,0,0,0,0,714,24,0
1777070805.001301,1301,ubuntu-rog,1,0,0,6922141,6316,2892267,5281790,446089,0,22,0,0,0,0,0,1968174411,0,0,4907,1969333091,0,6316,2892267,5281790,446089,0,461658,169183,0,0,14149,0,199,0,0,0,3,0,2892276,104810,5734431,22,0,0,6522,0,0,0,0,0,0,0,48074467,44711088,0,0,107847,107847,15392,16387,0,0,0,0,0,0,0,0,0,2506189,1251564,0,262144,7673627,219175533,0,0,1026,709620,2039448290,0,0,0,0,0,3,0,0,0,0,0,0,2047322906,495,14121,1865289,1814272435,23823,0,106997,120538763,651092,169,0,651981,169,0,0,0,652150,0,651261,0,0,0,0,0,33,0,85,14704,0,0,0,0,0,0,0,0,225554,611,0,0,0,1015829,21385469,452411,0,0,0,85,1015829,21385469,0,0,46508,4050,23496,19446,19446,0,0,100512,0,0,364,0,0,0,0,0,0,0,59,0,59,0,0,0,0,0,0,0,0,0,0,0,0,0,0,0,0,0,0,0,0,714,24,0
1777070806.001302,1302,ubuntu-rog,1,0,0,6922141,6316,2892267,5281821,446089,0,23,0,0,0,0,0,1968174437,0,0,4907,1969333117,0,6316,2892267,5281821,446089,0,461658,169183,0,0,14149,0,199,0,0,0,3,0,2892276,104810,5734432,23,0,0,6522,0,0,0,0,0,0,0,48074468,44711088,0,0,107847,107847,15392,16387,0,0,0,0,0,0,0,0,0,2506195,1251567,0,262144,7673627,219175601,0,0,1026,709620,2039448316,0,0,0,0,0,3,0,0,0,0,0,0,2047322931,495,14121,1865289,1814272435,23823,0,106997,120538763,651092,169,0,651981,169,0,0,0,652150,0,651261,0,0,0,0,0,33,0,85,14704,0,0,0,0,0,0,0,0,225554,611,0,0,0,1015829,21385469,452411,0,0,0,85,1015829,21385469,0,0,46508,4050,23496,19446,19446,0,0,100512,0,0,364,0,0,0,0,0,0,0,59,0,59,0,0,0,0,0,0,0,0,0,0,0,0,0,0,0,0,0,0,0,0,714,24,0
1777070807.001157,1157,ubuntu-rog,1,0,0,6922141,6316,2892267,5281822,446089,0,6,0,0,0,0,0,1968174468,0,0,4907,1969333148,0,6316,2892267,5281822,446089,0,461658,169183,0,0,14149,0,199,0,0,0,3,0,2892276,104810,5734432,6,0,0,6522,0,0,0,0,0,0,0,48074468,44711105,0,0,107847,107847,15392,16387,0,0,0,0,0,0,0,0,0,2506195,1251567,0,262144,7673627,219175601,0,0,1026,709620,2039448347,0,0,0,0,0,3,0,0,0,0,0,0,2047322962,495,14121,1865289,1814272435,23823,0,106997,120538763,651092,169,0,651981,169,0,0,0,652150,0,651261,0,0,0,0,0,33,0,85,14704,0,0,0,0,0,0,0,0,225554,611,0,0,0,1015829,21385469,452411,0,0,0,85,1015829,21385469,0,0,46508,4050,23496,19446,19446,0,0,100512,0,0,364,0,0,0,0,0,0,0,59,0,59,0,0,0,0,0,0,0,0,0,0,0,0,0,0,0,0,0,0,0,0,714,24,0
1777070808.002156,2156,ubuntu-rog,1,0,0,6922141,6316,2892267,5281822,446089,0,8,0,0,0,0,0,1968174498,0,0,4907,1969333178,0,6316,2892267,5281822,446089,0,461658,169183,0,0,14149,0,199,0,0,0,3,0,2892276,104810,5734433,8,0,0,6522,0,0,0,0,0,0,0,48074470,44711105,0,0,107847,107847,15392,16387,0,0,0,0,0,0,0,0,0,2506195,1251567,0,262144,7673627,219175601,0,0,1026,709620,2039448377,0,0,0,0,0,3,0,0,0,0,0,0,2047322991,495,14121,1865289,1814272435,23823,0,106997,120538763,651092,169,0,651981,169,0,0,0,652150,0,651261,0,0,0,0,0,33,0,85,14704,0,0,0,0,0,0,0,0,225554,611,0,0,0,1015829,21385469,452411,0,0,0,85,1015829,21385469,0,0,46508,4050,23496,19446,19446,0,0,100512,0,0,364,0,0,0,0,0,0,0,59,0,59,0,0,0,0,0,0,0,0,0,0,0,0,0,0,0,0,0,0,0,0,714,24,0
1777070809.001265,1265,ubuntu-rog,1,0,0,6922141,6316,2892267,5281822,446089,0,8,0,0,0,0,0,1968174523,0,0,4907,1969333203,0,6316,2892267,5281822,446089,0,461658,169183,0,0,14149,0,199,0,0,0,3,0,2892276,104810,5734433,8,0,0,6522,0,0,0,0,0,0,0,48074470,44711105,0,0,107847,107847,15392,16387,0,0,0,0,0,0,0,0,0,2506195,1251567,0,262144,7673627,219175637,0,0,1026,709620,2039448402,0,0,0,0,0,3,0,0,0,0,0,0,2047323013,495,14121,1865289,1814272435,23823,0,106997,120538763,651092,169,0,651981,169,0,0,0,652150,0,651261,0,0,0,0,0,33,0,85,14704,0,0,0,0,0,0,0,0,225554,611,0,0,0,1015829,21385469,452411,0,0,0,85,1015829,21385469,0,0,46508,4050,23496,19446,19446,0,0,100512,0,0,364,0,0,0,0,0,0,0,59,0,59,0,0,0,0,0,0,0,0,0,0,0,0,0,0,0,0,0,0,0,0,714,24,0
1777070810.001497,1497,ubuntu-rog,1,0,0,6922141,6316,2892267,5281822,446089,0,12,0,0,0,0,0,1968174553,0,0,4907,1969333233,0,6316,2892267,5281822,446089,0,461658,169183,0,0,14149,0,199,0,0,0,3,0,2892276,104810,5734436,12,0,0,6522,0,0,0,0,0,0,0,48074474,44711105,0,0,107847,107847,15392,16387,0,0,0,0,0,0,0,0,0,2506195,1251567,0,262144,7673627,219175637,0,0,1026,709620,2039448432,0,0,0,0,0,3,0,0,0,0,0,0,2047323043,495,14121,1865289,1814272435,23823,0,106997,120538763,651092,169,0,651981,169,0,0,0,652150,0,651261,0,0,0,0,0,33,0,85,14704,0,0,0,0,0,0,0,0,225554,611,0,0,0,1015829,21385469,452411,0,0,0,85,1015829,21385469,0,0,46508,4050,23496,19446,19446,0,0,100512,0,0,364,0,0,0,0,0,0,0,59,0,59,0,0,0,0,0,0,0,0,0,0,0,0,0,0,0,0,0,0,0,0,714,24,0
1777070811.002266,2266,ubuntu-rog,1,0,0,6922141,6316,2892267,5281822,446089,0,15,0,0,0,0,0,1968174588,0,0,4907,1969333268,0,6316,2892267,5281822,446089,0,461658,169183,0,0,14149,0,199,0,0,0,3,0,2892276,104810,5734438,15,0,0,6522,0,0,0,0,0,0,0,48074477,44711105,0,0,107847,107847,15392,16387,0,0,0,0,0,0,0,0,0,2506195,1251567,0,262144,7673627,219175653,0,0,1026,709620,2039448467,0,0,0,0,0,3,0,0,0,0,0,0,2047323076,495,14121,1865289,1814272435,23823,0,106997,120538763,651092,169,0,651981,169,0,0,0,652150,0,651261,0,0,0,0,0,33,0,85,14704,0,0,0,0,0,0,0,0,225554,611,0,0,0,1015829,21385469,452411,0,0,0,85,1015829,21385469,0,0,46508,4050,23496,19446,19446,0,0,100512,0,0,364,0,0,0,0,0,0,0,59,0,59,0,0,0,0,0,0,0,0,0,0,0,0,0,0,0,0,0,0,0,0,714,24,0
1777070812.003160,3160,ubuntu-rog,1,0,0,6922141,6316,2892267,5281822,446089,0,11,0,0,0,0,0,1968174618,0,0,4907,1969333298,0,6316,2892267,5281822,446089,0,461658,169183,0,0,14149,0,199,0,0,0,3,0,2892276,104810,5734438,11,0,0,6522,0,0,0,0,0,0,0,48074477,44711109,0,0,107847,107847,15392,16387,0,0,0,0,0,0,0,0,0,2506195,1251567,0,262144,7673627,219175653,0,0,1026,709620,2039448497,0,0,0,0,0,3,0,0,0,0,0,0,2047323106,495,14121,1865289,1814272435,23823,0,106997,120538763,651092,169,0,651981,169,0,0,0,652150,0,651261,0,0,0,0,0,33,0,85,14704,0,0,0,0,0,0,0,0,225554,611,0,0,0,1015829,21385469,452411,0,0,0,85,1015829,21385469,0,0,46508,4050,23496,19446,19446,0,0,100512,0,0,364,0,0,0,0,0,0,0,59,0,59,0,0,0,0,0,0,0,0,0,0,0,0,0,0,0,0,0,0,0,0,714,24,0
1777070813.001161,1161,ubuntu-rog,1,0,0,6922141,6316,2892267,5281822,446089,0,11,0,0,0,0,0,1968174648,0,0,4907,1969333328,0,6316,2892267,5281822,446089,0,461658,169183,0,0,14149,0,199,0,0,0,3,0,2892276,104810,5734438,11,0,0,6522,0,0,0,0,0,0,0,48074477,44711109,0,0,107847,107847,15392,16387,0,0,0,0,0,0,0,0,0,2506195,1251567,0,262144,7673627,219175653,0,0,1026,709620,2039448527,0,0,0,0,0,3,0,0,0,0,0,0,2047323136,495,14121,1865289,1814272435,23823,0,106997,120538763,651092,169,0,651981,169,0,0,0,652150,0,651261,0,0,0,0,0,33,0,85,14704,0,0,0,0,0,0,0,0,225554,611,0,0,0,1015829,21385469,452411,0,0,0,85,1015829,21385469,0,0,46508,4050,23496,19446,19446,0,0,100512,0,0,364,0,0,0,0,0,0,0,59,0,59,0,0,0,0,0,0,0,0,0,0,0,0,0,0,0,0,0,0,0,0,714,24,0
1777070814.001264,1264,ubuntu-rog,1,0,0,6922141,6316,2892267,5281822,446089,0,11,0,0,0,0,0,1968174673,0,0,4907,1969333353,0,6316,2892267,5281822,446089,0,461658,169183,0,0,14149,0,199,0,0,0,3,0,2892276,104810,5734438,11,0,0,6522,0,0,0,0,0,0,0,48074477,44711109,0,0,107847,107847,15392,16387,0,0,0,0,0,0,0,0,0,2506195,1251567,0,262144,7673627,219175653,0,0,1026,709620,2039448552,0,0,0,0,0,3,0,0,0,0,0,0,2047323161,495,14121,1865289,1814272435,23823,0,106997,120538763,651092,169,0,651981,169,0,0,0,652150,0,651261,0,0,0,0,0,33,0,85,14704,0,0,0,0,0,0,0,0,225554,611,0,0,0,1015829,21385469,452411,0,0,0,85,1015829,21385469,0,0,46508,4050,23496,19446,19446,0,0,100512,0,0,364,0,0,0,0,0,0,0,59,0,59,0,0,0,0,0,0,0,0,0,0,0,0,0,0,0,0,0,0,0,0,714,24,0
1777070815.001301,1301,ubuntu-rog,1,0,0,6922141,6316,2892267,5281822,446089,0,12,0,0,0,0,0,1968174705,0,0,4907,1969333385,0,6316,2892267,5281822,446089,0,461658,169183,0,0,14149,0,199,0,0,0,3,0,2892276,104810,5734439,12,0,0,6522,0,0,0,0,0,0,0,48074478,44711109,0,0,107847,107847,15392,16387,0,0,0,0,0,0,0,0,0,2506195,1251567,0,262144,7673627,219175681,0,0,1026,709620,2039448584,0,0,0,0,0,3,0,0,0,0,0,0,2047323190,495,14121,1865289,1814272435,23823,0,106997,120538763,651092,169,0,651981,169,0,0,0,652150,0,651261,0,0,0,0,0,33,0,85,14704,0,0,0,0,0,0,0,0,225554,611,0,0,0,1015829,21385469,452411,0,0,0,85,1015829,21385469,0,0,46508,4050,23496,19446,19446,0,0,100512,0,0,364,0,0,0,0,0,0,0,59,0,59,0,0,0,0,0,0,0,0,0,0,0,0,0,0,0,0,0,0,0,0,714,24,0
1777070816.001299,1299,ubuntu-rog,1,0,0,6922141,6316,2892267,5281822,446089,0,15,0,0,0,0,0,1968174735,0,0,4907,1969333415,0,6316,2892267,5281822,446089,0,461658,169183,0,0,14149,0,199,0,0,0,3,0,2892276,104810,5734442,15,0,0,6522,0,0,0,0,0,0,0,48074481,44711109,0,0,107847,107847,15392,16387,0,0,0,0,0,0,0,0,0,2506195,1251567,0,262144,7673627,219175681,0,0,1026,709620,2039448614,0,0,0,0,0,3,0,0,0,0,0,0,2047323219,495,14121,1865289,1814272435,23823,0,106997,120538763,651092,169,0,651981,169,0,0,0,652150,0,651261,0,0,0,0,0,33,0,85,14704,0,0,0,0,0,0,0,0,225554,611,0,0,0,1015829,21385469,452411,0,0,0,85,1015829,21385469,0,0,46508,4050,23496,19446,19446,0,0,100512,0,0,364,0,0,0,0,0,0,0,59,0,59,0,0,0,0,0,0,0,0,0,0,0,0,0,0,0,0,0,0,0,0,714,24,0
1777070817.001108,1108,ubuntu-rog,1,0,0,6922141,6316,2892267,5281822,446089,0,16,0,0,0,0,0,1968174760,0,0,4907,1969333440,0,6316,2892267,5281822,446089,0,461658,169183,0,0,14149,0,199,0,0,0,3,0,2892276,104810,5734443,16,0,0,6522,0,0,0,0,0,0,0,48074482,44711109,0,0,107847,107847,15376,16387,0,0,0,0,0,0,0,0,0,2506195,1251567,0,262144,7673627,219175681,0,0,1026,709620,2039448639,0,0,0,0,0,3,0,0,0,0,0,0,2047323243,495,14121,1865289,1814272435,23823,0,106997,120538763,651092,169,0,651981,169,0,0,0,652150,0,651261,0,0,0,0,0,33,0,85,14704,0,0,0,0,0,0,0,0,225554,611,0,0,0,1015829,21385469,452411,0,0,0,85,1015829,21385469,0,0,46508,4050,23496,19446,19446,0,0,100512,0,0,364,0,0,0,0,0,0,0,59,0,59,0,0,0,0,0,0,0,0,0,0,0,0,0,0,0,0,0,0,0,0,714,24,0
1777070818.002166,2166,ubuntu-rog,1,0,0,6922141,6316,2892267,5281822,446089,0,17,0,0,0,0,0,1968174790,0,0,4907,1969333470,0,6316,2892267,5281822,446089,0,461658,169183,0,0,14149,0,199,0,0,0,3,0,2892276,104810,5734444,17,0,0,6522,0,0,0,0,0,0,0,48074483,44711109,0,0,107847,107847,15376,16387,0,0,0,0,0,0,0,0,0,2506195,1251567,0,262144,7673627,219175681,0,0,1026,709620,2039448669,0,0,0,0,0,3,0,0,0,0,0,0,2047323272,495,14121,1865289,1814272435,23823,0,106997,120538763,651092,169,0,651981,169,0,0,0,652150,0,651261,0,0,0,0,0,33,0,85,14704,0,0,0,0,0,0,0,0,225554,611,0,0,0,1015829,21385469,452411,0,0,0,85,1015829,21385469,0,0,46508,4050,23496,19446,19446,0,0,100512,0,0,364,0,0,0,0,0,0,0,59,0,59,0,0,0,0,0,0,0,0,0,0,0,0,0,0,0,0,0,0,0,0,714,24,0
1777070819.001260,1260,ubuntu-rog,1,0,0,6922141,6316,2892284,5281822,446089,0,15,0,0,0,0,0,1968174820,0,0,4907,1969333500,0,6316,2892284,5281822,446089,0,461658,169183,0,0,14149,0,199,0,0,0,3,0,2892276,104810,5734444,10,5,0,6522,0,0,0,0,0,0,0,48074483,44711111,0,0,107847,107847,15376,16387,0,0,0,0,0,0,0,0,0,2506195,1251567,0,262144,7673627,219175701,0,0,1026,709620,2039448699,0,0,0,0,0,3,0,0,0,0,0,0,2047323302,495,14121,1865289,1814272435,23823,0,106997,120538763,651092,169,0,651981,169,0,0,0,652150,0,651261,0,0,0,0,0,33,0,85,14704,0,0,0,0,0,0,0,0,225554,611,0,0,0,1015829,21385469,452411,0,0,0,85,1015829,21385469,0,0,46508,4050,23496,19446,19446,0,0,100512,0,0,364,0,0,0,0,0,0,0,59,0,59,0,0,0,0,0,0,0,0,0,0,0,0,0,0,0,0,0,0,0,0,714,24,0
1777070820.001305,1305,ubuntu-rog,1,0,0,6922141,6316,2892284,5281822,446089,0,10,0,0,0,0,0,1968174843,0,0,4907,1969333523,0,6316,2892284,5281822,446089,0,461658,169183,0,0,14149,0,199,0,0,0,3,0,2892276,104810,5734444,10,0,0,6522,0,0,0,0,0,0,0,48074483,44711116,0,0,107847,107847,15376,16387,0,0,0,0,0,0,0,0,0,2506195,1251567,0,262144,7673627,219175701,0,0,1026,709620,2039448722,0,0,0,0,0,3,0,0,0,0,0,0,2047323326,495,14121,1865289,1814272435,23823,0,106997,120538763,651092,169,0,651981,169,0,0,0,652150,0,651261,0,0,0,0,0,33,0,85,14704,0,0,0,0,0,0,0,0,225554,611,0,0,0,1015829,21385469,452411,0,0,0,85,1015829,21385469,0,0,46508,4050,23496,19446,19446,0,0,100512,0,0,364,0,0,0,0,0,0,0,59,0,59,0,0,0,0,0,0,0,0,0,0,0,0,0,0,0,0,0,0,0,0,714,24,0
1777070821.001298,1298,ubuntu-rog,1,0,0,6922141,6316,2892284,5281822,446089,0,10,0,0,0,0,0,1968174874,0,0,4907,1969333554,0,6316,2892284,5281822,446089,0,461658,169183,0,0,14149,0,199,0,0,0,3,0,2892276,104810,5734444,10,0,0,6522,0,0,0,0,0,0,0,48074483,44711116,0,0,107847,107847,15376,16387,0,0,0,0,0,0,0,0,0,2506195,1251567,0,262144,7673627,219175717,0,0,1026,709620,2039448753,0,0,0,0,0,3,0,0,0,0,0,0,2047323354,495,14121,1865289,1814272435,23823,0,106997,120538763,651092,169,0,651981,169,0,0,0,652150,0,651261,0,0,0,0,0,33,0,85,14704,0,0,0,0,0,0,0,0,225554,611,0,0,0,1015829,21385469,452411,0,0,0,85,1015829,21385469,0,0,46508,4050,23496,19446,19446,0,0,100512,0,0,364,0,0,0,0,0,0,0,59,0,59,0,0,0,0,0,0,0,0,0,0,0,0,0,0,0,0,0,0,0,0,714,24,0
1777070822.002154,2154,ubuntu-rog,1,0,0,6922141,6316,2892284,5281822,446089,0,14,0,0,0,0,0,1968174905,0,0,4907,1969333585,0,6316,2892284,5281822,446089,0,461658,169183,0,0,14149,0,199,0,0,0,3,0,2892276,104810,5734448,14,0,0,6522,0,0,0,0,0,0,0,48074487,44711116,0,0,107847,107847,15376,16387,0,0,0,0,0,0,0,0,0,2506195,1251567,0,262144,7673627,219175717,0,0,1026,709620,2039448784,0,0,0,0,0,3,0,0,0,0,0,0,2047323383,495,14121,1865289,1814272435,23823,0,106997,120538763,651092,169,0,651981,169,0,0,0,652150,0,651261,0,0,0,0,0,33,0,85,14704,0,0,0,0,0,0,0,0,225554,611,0,0,0,1015829,21385469,452411,0,0,0,85,1015829,21385469,0,0,46508,4050,23496,19446,19446,0,0,100512,0,0,364,0,0,0,0,0,0,0,59,0,59,0,0,0,0,0,0,0,0,0,0,0,0,0,0,0,0,0,0,0,0,714,24,0
1777070823.001161,1161,ubuntu-rog,1,0,0,6922141,6316,2892284,5281822,446089,0,14,0,0,0,0,0,1968174929,0,0,4907,1969333609,0,6316,2892284,5281822,446089,0,461658,169183,0,0,14149,0,199,0,0,0,3,0,2892276,104810,5734448,14,0,0,6522,0,0,0,0,0,0,0,48074487,44711116,0,0,107847,107847,15376,16387,0,0,0,0,0,0,0,0,0,2506195,1251567,0,262144,7673627,219175717,0,0,1026,709620,2039448808,0,0,0,0,0,3,0,0,0,0,0,0,2047323407,495,14121,1865289,1814272435,23823,0,106997,120538763,651092,169,0,651981,169,0,0,0,652150,0,651261,0,0,0,0,0,33,0,85,14704,0,0,0,0,0,0,0,0,225554,611,0,0,0,1015829,21385469,452411,0,0,0,85,1015829,21385469,0,0,46508,4050,23496,19446,19446,0,0,100512,0,0,364,0,0,0,0,0,0,0,59,0,59,0,0,0,0,0,0,0,0,0,0,0,0,0,0,0,0,0,0,0,0,714,24,0
1777070824.001493,1493,ubuntu-rog,1,0,0,6922141,6316,2892284,5281822,446089,0,14,0,0,0,0,0,1968174962,0,0,4907,1969333642,0,6316,2892284,5281822,446089,0,461658,169183,0,0,14149,0,199,0,0,0,3,0,2892276,104810,5734448,14,0,0,6522,0,0,0,0,0,0,0,48074487,44711116,0,0,107847,107847,15376,16387,0,0,0,0,0,0,0,0,0,2506195,1251567,0,262144,7673627,219175717,0,0,1026,709620,2039448841,0,0,0,0,0,3,0,0,0,0,0,0,2047323440,495,14121,1865289,1814272435,23823,0,106997,120538763,651092,169,0,651981,169,0,0,0,652150,0,651261,0,0,0,0,0,33,0,85,14704,0,0,0,0,0,0,0,0,225554,611,0,0,0,1015829,21385469,452411,0,0,0,85,1015829,21385469,0,0,46508,4050,23496,19446,19446,0,0,100512,0,0,364,0,0,0,0,0,0,0,59,0,59,0,0,0,0,0,0,0,0,0,0,0,0,0,0,0,0,0,0,0,0,714,24,0
1777070825.002283,2283,ubuntu-rog,1,0,0,6922141,6316,2892284,5281822,446089,0,15,0,0,0,0,0,1968174994,0,0,4907,1969333674,0,6316,2892284,5281822,446089,0,461658,169183,0,0,14149,0,199,0,0,0,3,0,2892276,104810,5734449,15,0,0,6522,0,0,0,0,0,0,0,48074488,44711116,0,0,107847,107847,15376,16387,0,0,0,0,0,0,0,0,0,2506195,1251567,0,262144,7673627,219175717,0,0,1026,709620,2039448873,0,0,0,0,0,3,0,0,0,0,0,0,2047323471,495,14121,1865289,1814272435,23823,0,106997,120538763,651092,169,0,651981,169,0,0,0,652150,0,651261,0,0,0,0,0,33,0,85,14704,0,0,0,0,0,0,0,0,225554,611,0,0,0,1015829,21385469,452411,0,0,0,85,1015829,21385469,0,0,46508,4050,23496,19446,19446,0,0,100512,0,0,364,0,0,0,0,0,0,0,59,0,59,0,0,0,0,0,0,0,0,0,0,0,0,0,0,0,0,0,0,0,0,714,24,0
1777070826.001314,1314,ubuntu-rog,1,0,0,6922141,6316,2892284,5281822,446089,0,15,0,0,0,0,0,1968175023,0,0,4907,1969333703,0,6316,2892284,5281822,446089,0,461658,169183,0,0,14149,0,199,0,0,0,3,0,2892276,104810,5734449,15,0,0,6522,0,0,0,0,0,0,0,48074488,44711116,0,0,107847,107847,15376,16387,0,0,0,0,0,0,0,0,0,2506195,1251567,0,262144,7673627,219175733,0,0,1026,709620,2039448902,0,0,0,0,0,3,0,0,0,0,0,0,2047323498,495,14121,1865289,1814272435,23823,0,106997,120538763,651092,169,0,651981,169,0,0,0,652150,0,651261,0,0,0,0,0,33,0,85,14704,0,0,0,0,0,0,0,0,225554,611,0,0,0,1015829,21385469,452411,0,0,0,85,1015829,21385469,0,0,46508,4050,23496,19446,19446,0,0,100512,0,0,364,0,0,0,0,0,0,0,59,0,59,0,0,0,0,0,0,0,0,0,0,0,0,0,0,0,0,0,0,0,0,714,24,0
1777070827.001161,1161,ubuntu-rog,1,0,0,6922141,6316,2892306,5281831,446089,0,15,0,0,0,0,0,1968175053,0,0,4907,1969333733,0,6316,2892306,5281831,446089,0,461658,169183,0,0,14149,0,199,0,0,0,3,0,2892276,104810,5734451,15,0,0,6522,0,0,0,0,0,0,0,48074488,44711116,0,0,107847,107847,15376,16387,0,0,0,0,0,0,0,0,0,2506197,1251568,0,262144,7673627,219175733,0,0,1026,709620,2039448939,0,0,0,0,0,3,0,0,0,0,0,0,2047323535,495,14121,1865289,1814272435,23823,0,106997,120538763,651092,169,0,651981,169,0,0,0,652150,0,651261,0,0,0,0,0,33,0,85,14704,0,0,0,0,0,0,0,0,225554,611,0,0,0,1015829,21385469,452411,0,0,0,85,1015829,21385469,0,0,46508,4050,23496,19446,19446,0,0,100512,0,0,364,0,0,0,0,0,0,0,59,0,59,0,0,0,0,0,0,0,0,0,0,0,0,0,0,0,0,0,0,0,0,714,24,0
1777070828.001163,1163,ubuntu-rog,1,0,0,6922141,6316,2892306,5281831,446089,0,17,0,0,0,0,0,1968175078,0,0,4907,1969333758,0,6316,2892306,5281831,446089,0,461658,169183,0,0,14149,0,199,0,0,0,3,0,2892276,104810,5734453,17,0,0,6522,0,0,0,0,0,0,0,48074490,44711116,0,0,107847,107847,15376,16387,0,0,0,0,0,0,0,0,0,2506197,1251568,0,262144,7673627,219175733,0,0,1026,709620,2039448964,0,0,0,0,0,3,0,0,0,0,0,0,2047323558,495,14121,1865289,1814272435,23823,0,106997,120538763,651092,169,0,651981,169,0,0,0,652150,0,651261,0,0,0,0,0,33,0,85,14704,0,0,0,0,0,0,0,0,225554,611,0,0,0,1015829,21385469,452411,0,0,0,85,1015829,21385469,0,0,46508,4050,23496,19446,19446,0,0,100512,0,0,364,0,0,0,0,0,0,0,59,0,59,0,0,0,0,0,0,0,0,0,0,0,0,0,0,0,0,0,0,0,0,714,24,0
1777070829.002263,2263,ubuntu-rog,1,0,0,6922141,6316,2892306,5281831,446089,0,18,0,0,0,0,0,1968175109,0,0,4907,1969333789,0,6316,2892306,5281831,446089,0,461658,169183,0,0,14149,0,199,0,0,0,3,0,2892276,104810,5734454,18,0,0,6522,0,0,0,0,0,0,0,48074491,44711116,0,0,107847,107847,15376,16387,0,0,0,0,0,0,0,0,0,2506197,1251568,0,262144,7673627,219175733,0,0,1026,709620,2039448995,0,0,0,0,0,3,0,0,0,0,0,0,2047323588,495,14121,1865289,1814272435,23823,0,106997,120538763,651092,169,0,651981,169,0,0,0,652150,0,651261,0,0,0,0,0,33,0,85,14704,0,0,0,0,0,0,0,0,225554,611,0,0,0,1015829,21385469,452411,0,0,0,85,1015829,21385469,0,0,46508,4050,23496,19446,19446,0,0,100512,0,0,364,0,0,0,0,0,0,0,59,0,59,0,0,0,0,0,0,0,0,0,0,0,0,0,0,0,0,0,0,0,0,714,24,0
1777070830.001296,1296,ubuntu-rog,1,0,0,6922141,6316,2892306,5281831,446089,0,18,0,0,0,0,0,1968175140,0,0,4907,1969333820,0,6316,2892306,5281831,446089,0,461658,169183,0,0,14149,0,199,0,0,0,3,0,2892276,104810,5734454,18,0,0,6522,0,0,0,0,0,0,0,48074491,44711116,0,0,107847,107847,15376,16387,0,0,0,0,0,0,0,0,0,2506197,1251568,0,262144,7673627,219175733,0,0,1026,709620,2039449026,0,0,0,0,0,3,0,0,0,0,0,0,2047323619,495,14121,1865289,1814272435,23823,0,106997,120538763,651092,169,0,651981,169,0,0,0,652150,0,651261,0,0,0,0,0,33,0,85,14704,0,0,0,0,0,0,0,0,225554,611,0,0,0,1015829,21385469,452411,0,0,0,85,1015829,21385469,0,0,46508,4050,23496,19446,19446,0,0,100512,0,0,364,0,0,0,0,0,0,0,59,0,59,0,0,0,0,0,0,0,0,0,0,0,0,0,0,0,0,0,0,0,0,714,24,0
1777070831.001303,1303,ubuntu-rog,1,0,0,6922141,6316,2892278,5281831,446089,0,18,0,0,0,0,0,1968175168,0,0,4907,1969333848,0,6316,2892278,5281831,446089,0,461658,169183,0,0,14149,0,199,0,0,0,3,0,2892238,104810,5734454,18,0,0,6522,0,0,0,0,0,0,0,48074491,44711116,0,0,107847,107847,15376,16387,0,0,0,0,0,0,0,0,0,2506197,1251568,0,262144,7673627,219175749,0,0,1026,709620,2039449054,0,0,0,0,0,3,0,0,0,0,0,0,2047323673,495,14121,1865289,1814272435,23823,0,106997,120538763,651092,169,0,651981,169,0,0,0,652150,0,651261,0,0,0,0,0,33,0,85,14704,0,0,0,0,0,0,0,0,225554,611,0,0,0,1015829,21385469,452411,0,0,0,85,1015829,21385469,0,0,46508,4050,23496,19446,19446,0,0,100512,0,0,364,0,0,0,0,0,0,0,59,0,59,0,0,0,0,0,0,0,0,0,0,0,0,0,0,0,0,0,0,0,0,714,24,0
1777070832.001153,1153,ubuntu-rog,1,0,0,6922141,6316,2892278,5281831,446089,0,19,0,0,0,0,0,1968175199,0,0,4907,1969333879,0,6316,2892278,5281831,446089,0,461658,169183,0,0,14149,0,199,0,0,0,3,0,2892238,104810,5734457,19,0,0,6522,0,0,0,0,0,0,0,48074492,44711116,0,0,107847,107847,15376,16387,0,0,0,0,0,0,0,0,0,2506197,1251568,0,262144,7673627,219175749,0,0,1026,709620,2039449085,0,0,0,0,0,3,0,0,0,0,0,0,2047323703,495,14121,1865289,1814272435,23823,0,106997,120538763,651092,169,0,651981,169,0,0,0,652150,0,651261,0,0,0,0,0,33,0,85,14704,0,0,0,0,0,0,0,0,225554,611,0,0,0,1015829,21385469,452411,0,0,0,85,1015829,21385469,0,0,46508,4050,23496,19446,19446,0,0,100512,0,0,364,0,0,0,0,0,0,0,59,0,59,0,0,0,0,0,0,0,0,0,0,0,0,0,0,0,0,0,0,0,0,714,24,0
1777070833.002164,2164,ubuntu-rog,1,0,0,6922141,6316,2892278,5281831,446089,0,20,0,0,0,0,0,1968175229,0,0,4907,1969333909,0,6316,2892278,5281831,446089,0,461658,169183,0,0,14149,0,199,0,0,0,3,0,2892238,104810,5734458,20,0,0,6522,0,0,0,0,0,0,0,48074493,44711116,0,0,107847,107847,15376,16387,0,0,0,0,0,0,0,0,0,2506197,1251568,0,262144,7673627,219175749,0,0,1026,709620,2039449115,0,0,0,0,0,3,0,0,0,0,0,0,2047323732,495,14121,1865289,1814272435,23823,0,106997,120538763,651092,169,0,651981,169,0,0,0,652150,0,651261,0,0,0,0,0,33,0,85,14704,0,0,0,0,0,0,0,0,225554,611,0,0,0,1015829,21385469,452411,0,0,0,85,1015829,21385469,0,0,46508,4050,23496,19446,19446,0,0,100512,0,0,364,0,0,0,0,0,0,0,59,0,59,0,0,0,0,0,0,0,0,0,0,0,0,0,0,0,0,0,0,0,0,714,24,0
1777070834.001260,1260,ubuntu-rog,1,0,0,6922141,6316,2892278,5281831,446089,0,20,0,0,0,0,0,1968175252,0,0,4907,1969333932,0,6316,2892278,5281831,446089,0,461658,169183,0,0,14149,0,199,0,0,0,3,0,2892238,104810,5734458,20,0,0,6522,0,0,0,0,0,0,0,48074493,44711116,0,0,107847,107847,15376,16387,0,0,0,0,0,0,0,0,0,2506197,1251568,0,262144,7673627,219175749,0,0,1026,709620,2039449138,0,0,0,0,0,3,0,0,0,0,0,0,2047323756,495,14121,1865289,1814272435,23823,0,106997,120538763,651092,169,0,651981,169,0,0,0,652150,0,651261,0,0,0,0,0,33,0,85,14704,0,0,0,0,0,0,0,0,225554,611,0,0,0,1015829,21385469,452411,0,0,0,85,1015829,21385469,0,0,46508,4050,23496,19446,19446,0,0,100512,0,0,364,0,0,0,0,0,0,0,59,0,59,0,0,0,0,0,0,0,0,0,0,0,0,0,0,0,0,0,0,0,0,714,24,0
1777070835.001295,1295,ubuntu-rog,1,0,0,6922141,6316,2892278,5281831,446089,0,20,0,0,0,0,0,1968175284,0,0,4907,1969333964,0,6316,2892278,5281831,446089,0,461658,169182,0,0,14149,0,199,0,0,0,3,0,2892238,104810,5734458,20,0,0,6522,0,0,0,0,0,0,0,48074493,44711116,0,0,107847,107847,15376,16387,0,0,0,0,0,0,0,0,0,2506197,1251568,0,262144,7673627,219175749,0,0,1026,709620,2039449170,0,0,0,0,0,3,0,0,0,0,0,0,2047323788,495,14121,1865289,1814272435,23823,0,106997,120538763,651092,169,0,651981,169,0,0,0,652150,0,651261,0,0,0,0,0,33,0,85,14704,0,0,0,0,0,0,0,0,225554,611,0,0,0,1015829,21385469,452411,0,0,0,85,1015829,21385469,0,0,46508,4050,23496,19446,19446,0,0,100512,0,0,364,0,0,0,0,0,0,0,59,0,59,0,0,0,0,0,0,0,0,0,0,0,0,0,0,0,0,0,0,0,0,714,24,0
1777070836.001300,1300,ubuntu-rog,1,0,0,6922141,6316,2892278,5281831,446089,0,21,0,0,0,0,0,1968175326,0,0,4907,1969334006,0,6316,2892278,5281831,446089,0,461658,169182,0,0,14149,0,199,0,0,0,3,0,2892245,104810,5734459,21,0,0,6522,0,0,0,0,0,0,0,48074494,44711116,0,0,107847,107847,15376,16387,0,0,0,0,0,0,0,0,0,2506197,1251568,0,262144,7673627,219175749,0,0,1026,709620,2039449212,0,0,0,0,0,3,0,0,0,0,0,0,2047323822,495,14121,1865289,1814272442,23823,0,106997,120538763,651092,169,0,651981,169,0,0,0,652150,0,651261,0,0,0,0,0,33,0,85,14704,0,0,0,0,0,0,0,0,225554,611,0,0,0,1015829,21385469,452411,0,0,0,85,1015829,21385469,0,0,46508,4050,23496,19446,19446,0,0,100512,0,0,364,0,0,0,0,0,0,0,59,0,59,0,0,0,0,0,0,0,0,0,0,0,0,0,0,0,0,0,0,0,0,714,24,0
1777070837.002151,2151,ubuntu-rog,1,0,0,6922141,6316,2892286,5281834,446089,0,5,0,0,0,0,0,1968175351,0,0,4907,1969334031,0,6316,2892286,5281834,446089,0,461658,169182,0,0,14149,0,199,0,0,0,3,0,2892245,104810,5734461,5,0,0,6522,0,0,0,0,0,0,0,48074494,44711132,0,0,107847,107847,15376,16387,0,0,0,0,0,0,0,0,0,2506197,1251568,0,262144,7673627,219175849,0,0,1026,709620,2039449237,0,0,0,0,0,3,0,0,0,0,0,0,2047323845,495,14121,1865289,1814272442,23823,0,106997,120538763,651092,169,0,651981,169,0,0,0,652150,0,651261,0,0,0,0,0,33,0,85,14704,0,0,0,0,0,0,0,0,225554,611,0,0,0,1015829,21385469,452411,0,0,0,85,1015829,21385469,0,0,46508,4050,23496,19446,19446,0,0,100512,0,0,364,0,0,0,0,0,0,0,59,0,59,0,0,0,0,0,0,0,0,0,0,0,0,0,0,0,0,0,0,0,0,714,24,0
1777070838.001161,1161,ubuntu-rog,1,0,0,6922141,6316,2892286,5281834,446089,0,5,0,0,0,0,0,1968175380,0,0,4907,1969334060,0,6316,2892286,5281834,446089,0,461658,169182,0,0,14149,0,199,0,0,0,3,0,2892245,104810,5734461,5,0,0,6522,0,0,0,0,0,0,0,48074494,44711132,0,0,107847,107847,15376,16387,0,0,0,0,0,0,0,0,0,2506197,1251568,0,262144,7673627,219175849,0,0,1026,709620,2039449266,0,0,0,0,0,3,0,0,0,0,0,0,2047323874,495,14121,1865289,1814272442,23823,0,106997,120538763,651092,169,0,651981,169,0,0,0,652150,0,651261,0,0,0,0,0,33,0,85,14704,0,0,0,0,0,0,0,0,225554,611,0,0,0,1015829,21385469,452411,0,0,0,85,1015829,21385469,0,0,46508,4050,23496,19446,19446,0,0,100512,0,0,364,0,0,0,0,0,0,0,59,0,59,0,0,0,0,0,0,0,0,0,0,0,0,0,0,0,0,0,0,0,0,714,24,0
1777070839.001303,1303,ubuntu-rog,1,0,0,6922141,6316,2892286,5281834,446089,0,9,0,0,0,0,0,1968175411,0,0,4907,1969334091,0,6316,2892286,5281834,446089,0,461658,169182,0,0,14149,0,199,0,0,0,3,0,2892245,104810,5734463,9,0,0,6522,0,0,0,0,0,0,0,48074498,44711132,0,0,107847,107847,15376,16387,0,0,0,0,0,0,0,0,0,2506197,1251568,0,262144,7673627,219175849,0,0,1026,709620,2039449297,0,0,0,0,0,3,0,0,0,0,0,0,2047323903,495,14121,1865289,1814272442,23823,0,106997,120538763,651092,169,0,651981,169,0,0,0,652150,0,651261,0,0,0,0,0,33,0,85,14704,0,0,0,0,0,0,0,0,225554,611,0,0,0,1015829,21385469,452411,0,0,0,85,1015829,21385469,0,0,46508,4050,23496,19446,19446,0,0,100512,0,0,364,0,0,0,0,0,0,0,59,0,59,0,0,0,0,0,0,0,0,0,0,0,0,0,0,0,0,0,0,0,0,714,24,0
1777070840.001310,1310,ubuntu-rog,1,0,0,6922141,6316,2892286,5281834,446089,0,10,0,0,0,0,0,1968175438,0,0,4907,1969334118,0,6316,2892286,5281834,446089,0,461658,169182,0,0,14149,0,199,0,0,0,3,0,2892245,104810,5734464,10,0,0,6522,0,0,0,0,0,0,0,48074499,44711132,0,0,107847,107847,15376,16387,0,0,0,0,0,0,0,0,0,2506197,1251568,0,262144,7673627,219175849,0,0,1026,709620,2039449325,0,0,0,0,0,3,0,0,0,0,0,0,2047323930,495,14121,1865289,1814272442,23823,0,106997,120538763,651092,169,0,651981,169,0,0,0,652150,0,651261,0,0,0,0,0,33,0,85,14704,0,0,0,0,0,0,0,0,225554,611,0,0,0,1015829,21385469,452411,0,0,0,85,1015829,21385469,0,0,46508,4050,23496,19446,19446,0,0,100512,0,0,364,0,0,0,0,0,0,0,59,0,59,0,0,0,0,0,0,0,0,0,0,0,0,0,0,0,0,0,0,0,0,714,24,0
1777070841.002300,2300,ubuntu-rog,1,0,0,6922141,6316,2892286,5281834,446089,0,10,0,0,0,0,0,1968175467,0,0,4907,1969334147,0,6316,2892286,5281834,446089,0,461658,169182,0,0,14149,0,199,0,0,0,3,0,2892245,104810,5734464,10,0,0,6522,0,0,0,0,0,0,0,48074499,44711132,0,0,107847,107847,15376,16387,0,0,0,0,0,0,0,0,0,2506197,1251568,0,262144,7673627,219175849,0,0,1026,709620,2039449353,0,0,0,0,0,3,0,0,0,0,0,0,2047323958,495,14121,1865289,1814272442,23823,0,106997,120538763,651092,169,0,651981,169,0,0,0,652150,0,651261,0,0,0,0,0,33,0,85,14704,0,0,0,0,0,0,0,0,225554,611,0,0,0,1015829,21385469,452411,0,0,0,85,1015829,21385469,0,0,46508,4050,23496,19446,19446,0,0,100512,0,0,364,0,0,0,0,0,0,0,59,0,59,0,0,0,0,0,0,0,0,0,0,0,0,0,0,0,0,0,0,0,0,714,24,0
1777070842.001157,1157,ubuntu-rog,1,0,0,6922141,6316,2892286,5281834,446089,0,10,0,0,0,0,0,1968175497,0,0,4907,1969334177,0,6316,2892286,5281834,446089,0,461658,169182,0,0,14149,0,199,0,0,0,3,0,2892245,104810,5734464,10,0,0,6522,0,0,0,0,0,0,0,48074499,44711132,0,0,107847,107847,15376,16387,0,0,0,0,0,0,0,0,0,2506197,1251568,0,262144,7673627,219175885,0,0,1026,709620,2039449383,0,0,0,0,0,3,0,0,0,0,0,0,2047323985,495,14121,1865289,1814272442,23823,0,106997,120538763,651092,169,0,651981,169,0,0,0,652150,0,651261,0,0,0,0,0,33,0,85,14704,0,0,0,0,0,0,0,0,225554,611,0,0,0,1015829,21385469,452411,0,0,0,85,1015829,21385469,0,0,46508,4050,23496,19446,19446,0,0,100512,0,0,364,0,0,0,0,0,0,0,59,0,59,0,0,0,0,0,0,0,0,0,0,0,0,0,0,0,0,0,0,0,0,714,24,0
1777070843.001158,1158,ubuntu-rog,1,0,0,6922141,6316,2892286,5281834,446089,0,15,0,0,0,0,0,1968175528,0,0,4907,1969334208,0,6316,2892286,5281834,446089,0,461658,169182,0,0,14149,0,199,0,0,0,3,0,2892245,104810,5734468,15,0,0,6522,0,0,0,0,0,0,0,48074504,44711132,0,0,107847,107847,15376,16387,0,0,0,0,0,0,0,0,0,2506197,1251568,0,262144,7673627,219175885,0,0,1026,709620,2039449414,0,0,0,0,0,3,0,0,0,0,0,0,2047324015,495,14121,1865289,1814272442,23823,0,106997,120538763,651092,169,0,651981,169,0,0,0,652150,0,651261,0,0,0,0,0,33,0,85,14704,0,0,0,0,0,0,0,0,225554,611,0,0,0,1015829,21385469,452411,0,0,0,85,1015829,21385469,0,0,46508,4050,23496,19446,19446,0,0,100512,0,0,364,0,0,0,0,0,0,0,59,0,59,0,0,0,0,0,0,0,0,0,0,0,0,0,0,0,0,0,0,0,0,714,24,0
1777070844.001259,1259,ubuntu-rog,1,0,0,6922141,6316,2892286,5281834,446089,0,16,0,0,0,0,0,1968175558,0,0,4907,1969334238,0,6316,2892286,5281834,446089,0,461658,169182,0,0,14149,0,199,0,0,0,3,0,2892245,104810,5734469,16,0,0,6522,0,0,0,0,0,0,0,48074505,44711132,0,0,107847,107847,15376,16387,0,0,0,0,0,0,0,0,0,2506197,1251568,0,262144,7673627,219175885,0,0,1026,709620,2039449444,0,0,0,0,0,3,0,0,0,0,0,0,2047324044,495,14121,1865289,1814272442,23823,0,106997,120538763,651092,169,0,651981,169,0,0,0,652150,0,651261,0,0,0,0,0,33,0,85,14704,0,0,0,0,0,0,0,0,225554,611,0,0,0,1015829,21385469,452411,0,0,0,85,1015829,21385469,0,0,46508,4050,23496,19446,19446,0,0,100512,0,0,364,0,0,0,0,0,0,0,59,0,59,0,0,0,0,0,0,0,0,0,0,0,0,0,0,0,0,0,0,0,0,714,24,0
1777070845.003293,3293,ubuntu-rog,1,0,0,6922141,6316,2892286,5281834,446089,0,16,0,0,0,0,0,1968175580,0,0,4907,1969334260,0,6316,2892286,5281834,446089,0,461658,169182,0,0,14149,0,199,0,0,0,3,0,2892245,104810,5734469,16,0,0,6522,0,0,0,0,0,0,0,48074505,44711132,0,0,107847,107847,15376,16387,0,0,0,0,0,0,0,0,0,2506197,1251568,0,262144,7673627,219175885,0,0,1026,709620,2039449466,0,0,0,0,0,3,0,0,0,0,0,0,2047324066,495,14121,1865289,1814272442,23823,0,106997,120538763,651092,169,0,651981,169,0,0,0,652150,0,651261,0,0,0,0,0,33,0,85,14704,0,0,0,0,0,0,0,0,225554,611,0,0,0,1015829,21385469,452411,0,0,0,85,1015829,21385469,0,0,46508,4050,23496,19446,19446,0,0,100512,0,0,364,0,0,0,0,0,0,0,59,0,59,0,0,0,0,0,0,0,0,0,0,0,0,0,0,0,0,0,0,0,0,714,24,0
1777070846.001244,1244,ubuntu-rog,1,0,0,6922141,6316,2892286,5281834,446089,0,17,0,0,0,0,0,1968175609,0,0,4907,1969334289,0,6316,2892286,5281834,446089,0,461658,169182,0,0,14149,0,199,0,0,0,3,0,2892245,104810,5734470,17,0,0,6522,0,0,0,0,0,0,0,48074506,44711132,0,0,107847,107847,15376,16387,0,0,0,0,0,0,0,0,0,2506197,1251568,0,262144,7673627,219175885,0,0,1026,709620,2039449495,0,0,0,0,0,3,0,0,0,0,0,0,2047324094,495,14121,1865289,1814272442,23823,0,106997,120538763,651092,169,0,651981,169,0,0,0,652150,0,651261,0,0,0,0,0,33,0,85,14704,0,0,0,0,0,0,0,0,225554,611,0,0,0,1015829,21385469,452411,0,0,0,85,1015829,21385469,0,0,46508,4050,23496,19446,19446,0,0,100512,0,0,364,0,0,0,0,0,0,0,59,0,59,0,0,0,0,0,0,0,0,0,0,0,0,0,0,0,0,0,0,0,0,714,24,0
1777070847.002162,2162,ubuntu-rog,1,0,0,6922141,6316,2892286,5281834,446089,0,17,0,0,0,0,0,1968175655,0,0,4907,1969334335,0,6316,2892286,5281834,446089,0,461658,169182,0,0,14149,0,199,0,0,0,3,0,2892245,104810,5734470,17,0,0,6522,0,0,0,0,0,0,0,48074506,44711132,0,0,107847,107847,15376,16387,0,0,0,0,0,0,0,0,0,2506197,1251568,0,262144,7673627,219175929,0,0,1026,709620,2039449541,0,0,0,0,0,3,0,0,0,0,0,0,2047324138,495,14121,1865289,1814272442,23823,0,106997,120538763,651092,169,0,651981,169,0,0,0,652150,0,651261,0,0,0,0,0,33,0,85,14704,0,0,0,0,0,0,0,0,225554,611,0,0,0,1015829,21385469,452411,0,0,0,85,1015829,21385469,0,0,46508,4050,23496,19446,19446,0,0,100512,0,0,364,0,0,0,0,0,0,0,59,0,59,0,0,0,0,0,0,0,0,0,0,0,0,0,0,0,0,0,0,0,0,714,24,0
1777070848.001159,1159,ubuntu-rog,1,0,0,6922141,6316,2892286,5281837,446089,0,14,0,0,0,0,0,1968175684,0,0,4907,1969334364,0,6316,2892286,5281837,446089,0,461658,169182,0,0,14149,0,199,0,0,0,3,0,2892245,104810,5734472,14,0,0,6522,0,0,0,0,0,0,0,48074507,44711136,0,0,107847,107847,15376,16387,0,0,0,0,0,0,0,0,0,2506198,1251569,0,262144,7673627,219175929,0,0,1026,709620,2039449570,0,0,0,0,0,3,0,0,0,0,0,0,2047324167,495,14121,1865289,1814272442,23823,0,106997,120538763,651092,169,0,651981,169,0,0,0,652150,0,651261,0,0,0,0,0,33,0,85,14704,0,0,0,0,0,0,0,0,225554,611,0,0,0,1015829,21385469,452411,0,0,0,85,1015829,21385469,0,0,46508,4050,23496,19446,19446,0,0,100512,0,0,364,0,0,0,0,0,0,0,59,0,59,0,0,0,0,0,0,0,0,0,0,0,0,0,0,0,0,0,0,0,0,714,24,0
1777070849.001258,1258,ubuntu-rog,1,0,0,6922141,6316,2892286,5281837,446089,0,15,0,0,0,0,0,1968175730,0,0,4907,1969334410,0,6316,2892286,5281837,446089,0,461658,169182,0,0,14149,0,199,0,0,0,3,0,2892245,104810,5734473,15,0,0,6522,0,0,0,0,0,0,0,48074508,44711136,0,0,107847,107847,15376,16387,0,0,0,0,0,0,0,0,0,2506198,1251569,0,262144,7673627,219175929,0,0,1026,709620,2039449616,0,0,0,0,0,3,0,0,0,0,0,0,2047324210,495,14121,1865289,1814272444,23823,0,106997,120538763,651092,169,0,651981,169,0,0,0,652150,0,651261,0,0,0,0,0,33,0,85,14704,0,0,0,0,0,0,0,0,225554,611,0,0,0,1015829,21385469,452411,0,0,0,85,1015829,21385469,0,0,46508,4050,23496,19446,19446,0,0,100512,0,0,364,0,0,0,0,0,0,0,59,0,59,0,0,0,0,0,0,0,0,0,0,0,0,0,0,0,0,0,0,0,0,714,24,0
1777070850.001297,1297,ubuntu-rog,1,0,0,6922141,6316,2892286,5281837,446089,0,16,0,0,0,0,0,1968175766,0,0,4907,1969334446,0,6316,2892286,5281837,446089,0,461658,169182,0,0,14149,0,199,0,0,0,3,0,2892247,104810,5734474,16,0,0,6522,0,0,0,0,0,0,0,48074509,44711136,0,0,107847,107847,15376,16387,0,0,0,0,0,0,0,0,0,2506198,1251569,0,262144,7673627,219175929,0,0,1026,709620,2039449652,0,0,0,0,0,3,0,0,0,0,0,0,2047324245,495,14121,1865289,1814272444,23823,0,106997,120538763,651092,169,0,651981,169,0,0,0,652150,0,651261,0,0,0,0,0,33,0,85,14704,0,0,0,0,0,0,0,0,225554,611,0,0,0,1015829,21385469,452411,0,0,0,85,1015829,21385469,0,0,46508,4050,23496,19446,19446,0,0,100512,0,0,364,0,0,0,0,0,0,0,59,0,59,0,0,0,0,0,0,0,0,0,0,0,0,0,0,0,0,0,0,0,0,714,24,0
1777070851.002296,2296,ubuntu-rog,1,0,0,6922141,6316,2892286,5281837,446089,0,16,0,0,0,0,0,1968175790,0,0,4907,1969334470,0,6316,2892286,5281837,446089,0,461658,169182,0,0,14149,0,199,0,0,0,3,0,2892247,104810,5734474,16,0,0,6522,0,0,0,0,0,0,0,48074509,44711136,0,0,107847,107847,15376,16387,0,0,0,0,0,0,0,0,0,2506198,1251569,0,262144,7673627,219175929,0,0,1026,709620,2039449676,0,0,0,0,0,3,0,0,0,0,0,0,2047324269,495,14121,1865289,1814272444,23823,0,106997,120538763,651092,169,0,651981,169,0,0,0,652150,0,651261,0,0,0,0,0,33,0,85,14704,0,0,0,0,0,0,0,0,225554,611,0,0,0,1015829,21385469,452411,0,0,0,85,1015829,21385469,0,0,46508,4050,23496,19446,19446,0,0,100512,0,0,364,0,0,0,0,0,0,0,59,0,59,0,0,0,0,0,0,0,0,0,0,0,0,0,0,0,0,0,0,0,0,714,24,0
1777070852.001164,1164,ubuntu-rog,1,0,0,6922141,6316,2892286,5281839,446089,0,11,0,0,0,0,0,1968175819,0,0,4907,1969334499,0,6316,2892286,5281839,446089,0,461658,169182,0,0,14149,0,199,0,0,0,3,0,2892247,104810,5734475,11,0,0,6522,0,0,0,0,0,0,0,48074511,44711143,0,0,107847,107847,15376,16387,0,0,0,0,0,0,0,0,0,2506198,1251569,0,262144,7673627,219175949,0,0,1026,709620,2039449705,0,0,0,0,0,3,0,0,0,0,0,0,2047324297,495,14121,1865289,1814272444,23823,0,106997,120538763,651092,169,0,651981,169,0,0,0,652150,0,651261,0,0,0,0,0,33,0,85,14704,0,0,0,0,0,0,0,0,225554,611,0,0,0,1015829,21385469,452411,0,0,0,85,1015829,21385469,0,0,46508,4050,23496,19446,19446,0,0,100512,0,0,364,0,0,0,0,0,0,0,59,0,59,0,0,0,0,0,0,0,0,0,0,0,0,0,0,0,0,0,0,0,0,714,24,0
1777070853.001154,1154,ubuntu-rog,1,0,0,6922141,6316,2892316,5281840,446089,0,14,0,0,0,0,0,1968175853,0,0,4907,1969334533,0,6316,2892316,5281840,446089,0,461658,169182,0,0,14149,0,199,0,0,0,3,0,2892247,104810,5734478,14,0,0,6522,0,0,0,0,0,0,0,48074514,44711143,0,0,107847,107847,15376,16387,0,0,0,0,0,0,0,0,0,2506199,1251569,0,262144,7673627,219175969,0,0,1026,709620,2039449739,0,0,0,0,0,3,0,0,0,0,0,0,2047324328,495,14121,1865289,1814272444,23823,0,106997,120538763,651092,169,0,651981,169,0,0,0,652150,0,651261,0,0,0,0,0,33,0,85,14704,0,0,0,0,0,0,0,0,225554,611,0,0,0,1015829,21385469,452411,0,0,0,85,1015829,21385469,0,0,46508,4050,23496,19446,19446,0,0,100512,0,0,364,0,0,0,0,0,0,0,59,0,59,0,0,0,0,0,0,0,0,0,0,0,0,0,0,0,0,0,0,0,0,714,24,0
1777070854.001261,1261,ubuntu-rog,1,0,0,6922141,6316,2892316,5281840,446089,0,14,0,0,0,0,0,1968175879,0,0,4907,1969334559,0,6316,2892316,5281840,446089,0,461658,169182,0,0,14149,0,199,0,0,0,3,0,2892247,104810,5734478,14,0,0,6522,0,0,0,0,0,0,0,48074514,44711143,0,0,107847,107847,15376,16387,0,0,0,0,0,0,0,0,0,2506199,1251569,0,262144,7673627,219175969,0,0,1026,709620,2039449765,0,0,0,0,0,3,0,0,0,0,0,0,2047324354,495,14121,1865289,1814272444,23823,0,106997,120538763,651092,169,0,651981,169,0,0,0,652150,0,651261,0,0,0,0,0,33,0,85,14704,0,0,0,0,0,0,0,0,225554,611,0,0,0,1015829,21385469,452411,0,0,0,85,1015829,21385469,0,0,46508,4050,23496,19446,19446,0,0,100512,0,0,364,0,0,0,0,0,0,0,59,0,59,0,0,0,0,0,0,0,0,0,0,0,0,0,0,0,0,0,0,0,0,714,24,0
1777070855.002303,2303,ubuntu-rog,1,0,0,6922141,6316,2892316,5281840,446089,0,15,0,0,0,0,0,1968175910,0,0,4907,1969334590,0,6316,2892316,5281840,446089,0,461658,169182,0,0,14149,0,199,0,0,0,3,0,2892247,104810,5734479,15,0,0,6522,0,0,0,0,0,0,0,48074515,44711143,0,0,107847,107847,15376,16387,0,0,0,0,0,0,0,0,0,2506199,1251569,0,262144,7673627,219175969,0,0,1026,709620,2039449796,0,0,0,0,0,3,0,0,0,0,0,0,2047324384,495,14121,1865289,1814272444,23823,0,106997,120538763,651092,169,0,651981,169,0,0,0,652150,0,651261,0,0,0,0,0,33,0,85,14704,0,0,0,0,0,0,0,0,225554,611,0,0,0,1015829,21385469,452411,0,0,0,85,1015829,21385469,0,0,46508,4050,23496,19446,19446,0,0,100512,0,0,364,0,0,0,0,0,0,0,59,0,59,0,0,0,0,0,0,0,0,0,0,0,0,0,0,0,0,0,0,0,0,714,24,0
1777070856.001306,1306,ubuntu-rog,1,0,0,6922141,6316,2892316,5281840,446089,0,16,0,0,0,0,0,1968175938,0,0,4907,1969334618,0,6316,2892316,5281840,446089,0,461658,169182,0,0,14149,0,199,0,0,0,3,0,2892247,104810,5734480,16,0,0,6522,0,0,0,0,0,0,0,48074516,44711143,0,0,107847,107847,15376,16387,0,0,0,0,0,0,0,0,0,2506199,1251569,0,262144,7673627,219175969,0,0,1026,709620,2039449824,0,0,0,0,0,3,0,0,0,0,0,0,2047324411,495,14121,1865289,1814272444,23823,0,106997,120538763,651092,169,0,651981,169,0,0,0,652150,0,651261,0,0,0,0,0,33,0,85,14704,0,0,0,0,0,0,0,0,225554,611,0,0,0,1015829,21385469,452411,0,0,0,85,1015829,21385469,0,0,46508,4050,23496,19446,19446,0,0,100512,0,0,364,0,0,0,0,0,0,0,59,0,59,0,0,0,0,0,0,0,0,0,0,0,0,0,0,0,0,0,0,0,0,714,24,0
1777070857.001166,1166,ubuntu-rog,1,0,0,6922141,6316,2892316,5281840,446089,0,16,0,0,0,0,0,1968175967,0,0,4907,1969334647,0,6316,2892316,5281840,446089,0,461658,169182,0,0,14149,0,199,0,0,0,3,0,2892247,104810,5734480,16,0,0,6522,0,0,0,0,0,0,0,48074516,44711143,0,0,107847,107847,15376,16387,0,0,0,0,0,0,0,0,0,2506199,1251569,0,262144,7673627,219175969,0,0,1026,709620,2039449853,0,0,0,0,0,3,0,0,0,0,0,0,2047324440,495,14121,1865289,1814272444,23823,0,106997,120538763,651092,169,0,651981,169,0,0,0,652150,0,651261,0,0,0,0,0,33,0,85,14704,0,0,0,0,0,0,0,0,225554,611,0,0,0,1015829,21385469,452411,0,0,0,85,1015829,21385469,0,0,46508,4050,23496,19446,19446,0,0,100512,0,0,364,0,0,0,0,0,0,0,59,0,59,0,0,0,0,0,0,0,0,0,0,0,0,0,0,0,0,0,0,0,0,714,24,0
1777070858.001166,1166,ubuntu-rog,1,0,0,6922141,6316,2892316,5281840,446089,0,16,0,0,0,0,0,1968175998,0,0,4907,1969334678,0,6316,2892316,5281840,446089,0,461658,169182,0,0,14149,0,199,0,0,0,3,0,2892247,104810,5734482,16,0,0,6522,0,0,0,0,0,0,0,48074516,44711143,0,0,107847,107847,15376,16387,0,0,0,0,0,0,0,0,0,2506199,1251569,0,262144,7673627,219175985,0,0,1026,709620,2039449884,0,0,0,0,0,3,0,0,0,0,0,0,2047324468,495,14121,1865289,1814272445,23823,0,106997,120538763,651092,169,0,651981,169,0,0,0,652150,0,651261,0,0,0,0,0,33,0,85,14704,0,0,0,0,0,0,0,0,225554,611,0,0,0,1015829,21385469,452411,0,0,0,85,1015829,21385469,0,0,46508,4050,23496,19446,19446,0,0,100512,0,0,364,0,0,0,0,0,0,0,59,0,59,0,0,0,0,0,0,0,0,0,0,0,0,0,0,0,0,0,0,0,0,714,24,0
1777070859.001532,1532,ubuntu-rog,1,0,0,6921296,6316,2893081,5281840,446089,0,36,0,0,0,0,0,1968176984,0,0,4907,1969335664,0,6316,2893081,5281840,446089,0,461658,169182,0,0,14149,0,199,0,0,0,3,0,2893117,104810,5734482,16,20,0,6522,0,0,0,0,0,0,0,48074536,44711143,0,0,107847,107847,15376,16387,0,0,0,0,0,0,0,0,0,2506030,1251485,0,262144,7673627,219176197,0,0,1026,709620,2039450870,0,0,0,0,0,3,0,0,0,0,0,0,2047324513,495,14121,1865289,1814273401,23823,0,106997,120538790,651092,169,0,651981,169,0,0,0,652150,0,651261,0,0,0,0,0,33,0,85,14704,0,0,0,0,0,0,0,0,225554,611,0,0,0,1015829,21385469,452411,0,0,0,85,1015829,21385469,0,0,46508,4050,23496,19446,19446,0,0,100512,0,0,364,0,0,0,0,0,0,0,59,0,59,0,0,0,0,0,0,0,0,0,0,0,0,0,0,0,0,0,0,0,0,714,24,0
1777070860.002349,2349,ubuntu-rog,1,0,0,6921196,6316,2893178,5281851,446089,0,60,0,0,0,0,0,1968177016,0,0,4907,1969335696,0,6316,2893178,5281851,446089,0,461658,169182,0,0,14149,0,199,0,0,0,3,0,2893175,104811,5734489,60,0,0,6522,0,0,0,0,0,0,0,48074581,44711164,0,0,107847,107847,15376,16387,0,0,0,0,0,0,0,0,0,2506012,1251476,0,262144,7673627,219176197,0,0,1026,709620,2039450916,0,0,0,0,0,3,0,0,0,0,0,0,2047324562,495,14121,1865289,1814273401,23823,0,106997,120538790,651092,169,0,651981,169,0,0,0,652150,0,651261,0,0,0,0,0,33,0,85,14704,0,0,0,0,0,0,0,0,225554,611,0,0,0,1015829,21385469,452411,0,0,0,85,1015829,21385469,0,0,46508,4050,23496,19446,19446,0,0,100512,0,0,364,0,0,0,0,0,0,0,59,0,59,0,0,0,0,0,0,0,0,0,0,0,0,0,0,0,0,0,0,0,0,714,24,0
1777070861.005308,5308,ubuntu-rog,1,0,0,6921196,6316,2893178,5281851,446089,0,61,0,0,0,0,0,1968177047,0,0,4907,1969335727,0,6316,2893178,5281851,446089,0,461658,169182,0,0,14149,0,199,0,0,0,3,0,2893175,104811,5734490,61,0,0,6522,0,0,0,0,0,0,0,48074582,44711164,0,0,107847,107847,15376,16387,0,0,0,0,0,0,0,0,0,2506012,1251476,0,262144,7673627,219176197,0,0,1026,709620,2039450947,0,0,0,0,0,3,0,0,0,0,0,0,2047324592,495,14121,1865289,1814273401,23823,0,106997,120538790,651092,169,0,651981,169,0,0,0,652150,0,651261,0,0,0,0,0,33,0,85,14704,0,0,0,0,0,0,0,0,225554,611,0,0,0,1015829,21385469,452411,0,0,0,85,1015829,21385469,0,0,46508,4050,23496,19446,19446,0,0,100512,0,0,364,0,0,0,0,0,0,0,59,0,59,0,0,0,0,0,0,0,0,0,0,0,0,0,0,0,0,0,0,0,0,714,24,0
1777070862.001160,1160,ubuntu-rog,1,0,0,6921196,6316,2893178,5281851,446089,0,86,0,0,0,0,0,1968177070,0,0,4907,1969335750,0,6316,2893178,5281851,446089,0,461658,169182,0,0,14149,0,199,0,0,0,3,0,2893175,104811,5734490,86,0,0,6522,0,0,0,0,0,0,0,48074607,44711164,0,0,107847,107847,15376,16387,0,0,0,0,0,0,0,0,0,2506012,1251476,0,262144,7673627,219176197,0,0,1026,709620,2039450970,0,0,0,0,0,3,0,0,0,0,0,0,2047324615,495,14121,1865289,1814273426,23823,0,106997,120538815,651092,169,0,651981,169,0,0,0,652150,0,651261,0,0,0,0,0,33,0,85,14704,0,0,0,0,0,0,0,0,225554,611,0,0,0,1015829,21385469,452411,0,0,0,85,1015829,21385469,0,0,46508,4050,23496,19446,19446,0,0,100512,0,0,364,0,0,0,0,0,0,0,59,0,59,0,0,0,0,0,0,0,0,0,0,0,0,0,0,0,0,0,0,0,0,714,24,0
1777070863.001161,1161,ubuntu-rog,1,0,0,6921196,6316,2893178,5281851,446089,0,87,0,0,0,0,0,1968177101,0,0,4907,1969335781,0,6316,2893178,5281851,446089,0,461658,169182,0,0,14149,0,199,0,0,0,3,0,2893175,104811,5734491,87,0,0,6522,0,0,0,0,0,0,0,48074608,44711164,0,0,107847,107847,15376,16387,0,0,0,0,0,0,0,0,0,2506012,1251476,0,262144,7673627,219176197,0,0,1026,709620,2039451001,0,0,0,0,0,3,0,0,0,0,0,0,2047324645,495,14121,1865289,1814273426,23823,0,106997,120538815,651092,169,0,651981,169,0,0,0,652150,0,651261,0,0,0,0,0,33,0,85,14704,0,0,0,0,0,0,0,0,225554,611,0,0,0,1015829,21385469,452411,0,0,0,85,1015829,21385469,0,0,46508,4050,23496,19446,19446,0,0,100512,0,0,364,0,0,0,0,0,0,0,59,0,59,0,0,0,0,0,0,0,0,0,0,0,0,0,0,0,0,0,0,0,0,714,24,0
1777070864.001264,1264,ubuntu-rog,1,0,0,6921196,6316,2893178,5281851,446089,0,87,0,0,0,0,0,1968177129,0,0,4907,1969335809,0,6316,2893178,5281851,446089,0,461658,169182,0,0,14149,0,199,0,0,0,3,0,2893175,104811,5734491,87,0,0,6522,0,0,0,0,0,0,0,48074608,44711164,0,0,107847,107847,15376,16387,0,0,0,0,0,0,0,0,0,2506012,1251476,0,262144,7673627,219176197,0,0,1026,709620,2039451029,0,0,0,0,0,3,0,0,0,0,0,0,2047324673,495,14121,1865289,1814273426,23823,0,106997,120538815,651092,169,0,651981,169,0,0,0,652150,0,651261,0,0,0,0,0,33,0,85,14704,0,0,0,0,0,0,0,0,225554,611,0,0,0,1015829,21385469,452411,0,0,0,85,1015829,21385469,0,0,46508,4050,23496,19446,19446,0,0,100512,0,0,364,0,0,0,0,0,0,0,59,0,59,0,0,0,0,0,0,0,0,0,0,0,0,0,0,0,0,0,0,0,0,714,24,0
1777070865.001302,1302,ubuntu-rog,1,0,0,6921196,6316,2893178,5281851,446089,0,88,0,0,0,0,0,1968177153,0,0,4907,1969335833,0,6316,2893178,5281851,446089,0,461658,169182,0,0,14149,0,199,0,0,0,3,0,2893175,104811,5734494,88,0,0,6522,0,0,0,0,0,0,0,48074609,44711164,0,0,107847,107847,15376,16387,0,0,0,0,0,0,0,0,0,2506012,1251476,0,262144,7673627,219176225,0,0,1026,709620,2039451053,0,0,0,0,0,3,0,0,0,0,0,0,2047324694,495,14121,1865289,1814273426,23823,0,106997,120538815,651092,169,0,651981,169,0,0,0,652150,0,651261,0,0,0,0,0,33,0,85,14704,0,0,0,0,0,0,0,0,225554,611,0,0,0,1015829,21385469,452411,0,0,0,85,1015829,21385469,0,0,46508,4050,23496,19446,19446,0,0,100512,0,0,364,0,0,0,0,0,0,0,59,0,59,0,0,0,0,0,0,0,0,0,0,0,0,0,0,0,0,0,0,0,0,714,24,0
1777070866.001308,1308,ubuntu-rog,1,0,0,6921196,6316,2893178,5281851,446089,0,89,0,0,0,0,0,1968177184,0,0,4907,1969335864,0,6316,2893178,5281851,446089,0,461658,169182,0,0,14149,0,199,0,0,0,3,0,2893175,104811,5734495,89,0,0,6522,0,0,0,0,0,0,0,48074610,44711164,0,0,107847,107847,15376,16387,0,0,0,0,0,0,0,0,0,2506012,1251476,0,262144,7673627,219176225,0,0,1026,709620,2039451084,0,0,0,0,0,3,0,0,0,0,0,0,2047324724,495,14121,1865289,1814273426,23823,0,106997,120538815,651092,169,0,651981,169,0,0,0,652150,0,651261,0,0,0,0,0,33,0,85,14704,0,0,0,0,0,0,0,0,225554,611,0,0,0,1015829,21385469,452411,0,0,0,85,1015829,21385469,0,0,46508,4050,23496,19446,19446,0,0,100512,0,0,364,0,0,0,0,0,0,0,59,0,59,0,0,0,0,0,0,0,0,0,0,0,0,0,0,0,0,0,0,0,0,714,24,0
1777070867.001168,1168,ubuntu-rog,1,0,0,6921196,6316,2893178,5281851,446089,0,90,0,0,0,0,0,1968177216,0,0,4907,1969335896,0,6316,2893178,5281851,446089,0,461658,169182,0,0,14149,0,199,0,0,0,3,0,2893175,104811,5734496,90,0,0,6522,0,0,0,0,0,0,0,48074611,44711164,0,0,107847,107847,15376,16387,0,0,0,0,0,0,0,0,0,2506012,1251476,0,262144,7673627,219176225,0,0,1026,709620,2039451116,0,0,0,0,0,3,0,0,0,0,0,0,2047324755,495,14121,1865289,1814273426,23823,0,106997,120538815,651092,169,0,651981,169,0,0,0,652150,0,651261,0,0,0,0,0,33,0,85,14704,0,0,0,0,0,0,0,0,225554,611,0,0,0,1015829,21385469,452411,0,0,0,85,1015829,21385469,0,0,46508,4050,23496,19446,19446,0,0,100512,0,0,364,0,0,0,0,0,0,0,59,0,59,0,0,0,0,0,0,0,0,0,0,0,0,0,0,0,0,0,0,0,0,714,24,0
1777070868.001160,1160,ubuntu-rog,1,0,0,6921196,6316,2893202,5281851,446089,0,73,0,0,0,0,0,1968177241,0,0,4907,1969335921,0,6316,2893202,5281851,446089,0,461658,169182,0,0,14149,0,199,0,0,0,3,0,2893175,104811,5734496,73,0,0,6522,0,0,0,0,0,0,0,48074611,44711181,0,0,107847,107847,15376,16387,0,0,0,0,0,0,0,0,0,2506012,1251476,0,262144,7673627,219176293,0,0,1026,709620,2039451141,0,0,0,0,0,3,0,0,0,0,0,0,2047324780,495,14121,1865289,1814273426,23823,0,106997,120538815,651092,169,0,651981,169,0,0,0,652150,0,651261,0,0,0,0,0,33,0,85,14704,0,0,0,0,0,0,0,0,225554,611,0,0,0,1015829,21385469,452411,0,0,0,85,1015829,21385469,0,0,46508,4050,23496,19446,19446,0,0,100512,0,0,364,0,0,0,0,0,0,0,59,0,59,0,0,0,0,0,0,0,0,0,0,0,0,0,0,0,0,0,0,0,0,714,24,0
1777070869.001277,1277,ubuntu-rog,1,0,0,6921196,6316,2893202,5281851,446089,0,73,0,0,0,0,0,1968177270,0,0,4907,1969335950,0,6316,2893202,5281851,446089,0,461658,169182,0,0,14149,0,199,0,0,0,3,0,2893175,104811,5734496,73,0,0,6522,0,0,0,0,0,0,0,48074611,44711181,0,0,107847,107847,15376,16387,0,0,0,0,0,0,0,0,0,2506012,1251476,0,262144,7673627,219176293,0,0,1026,709620,2039451170,0,0,0,0,0,3,0,0,0,0,0,0,2047324809,495,14121,1865289,1814273426,23823,0,106997,120538815,651092,169,0,651981,169,0,0,0,652150,0,651261,0,0,0,0,0,33,0,85,14704,0,0,0,0,0,0,0,0,225554,611,0,0,0,1015829,21385469,452411,0,0,0,85,1015829,21385469,0,0,46508,4050,23496,19446,19446,0,0,100512,0,0,364,0,0,0,0,0,0,0,59,0,59,0,0,0,0,0,0,0,0,0,0,0,0,0,0,0,0,0,0,0,0,714,24,0
1777070870.001303,1303,ubuntu-rog,1,0,0,6921196,6316,2893202,5281851,446089,0,78,0,0,0,0,0,1968177298,0,0,4907,1969335978,0,6316,2893202,5281851,446089,0,461658,169182,0,0,14149,0,199,0,0,0,3,0,2893175,104811,5734500,78,0,0,6522,0,0,0,0,0,0,0,48074616,44711181,0,0,107847,107847,15376,16387,0,0,0,0,0,0,0,0,0,2506012,1251476,0,262144,7673627,219176333,0,0,1026,709620,2039451198,0,0,0,0,0,3,0,0,0,0,0,0,2047324833,495,14121,1865289,1814273426,23823,0,106997,120538815,651092,169,0,651981,169,0,0,0,652150,0,651261,0,0,0,0,0,33,0,85,14704,0,0,0,0,0,0,0,0,225554,611,0,0,0,1015829,21385469,452411,0,0,0,85,1015829,21385469,0,0,46508,4050,23496,19446,19446,0,0,100512,0,0,364,0,0,0,0,0,0,0,59,0,59,0,0,0,0,0,0,0,0,0,0,0,0,0,0,0,0,0,0,0,0,714,24,0
1777070871.002297,2297,ubuntu-rog,1,0,0,6921196,6316,2893202,5281851,446089,0,78,0,0,0,0,0,1968177327,0,0,4907,1969336007,0,6316,2893202,5281851,446089,0,461658,169182,0,0,14149,0,199,0,0,0,3,0,2893175,104811,5734500,78,0,0,6522,0,0,0,0,0,0,0,48074616,44711181,0,0,107847,107847,15376,16387,0,0,0,0,0,0,0,0,0,2506012,1251476,0,262144,7673627,219176333,0,0,1026,709620,2039451227,0,0,0,0,0,3,0,0,0,0,0,0,2047324862,495,14121,1865289,1814273426,23823,0,106997,120538815,651092,169,0,651981,169,0,0,0,652150,0,651261,0,0,0,0,0,33,0,85,14704,0,0,0,0,0,0,0,0,225554,611,0,0,0,1015829,21385469,452411,0,0,0,85,1015829,21385469,0,0,46508,4050,23496,19446,19446,0,0,100512,0,0,364,0,0,0,0,0,0,0,59,0,59,0,0,0,0,0,0,0,0,0,0,0,0,0,0,0,0,0,0,0,0,714,24,0
1777070872.001160,1160,ubuntu-rog,1,0,0,6921196,6316,2893202,5281851,446089,0,80,0,0,0,0,0,1968177358,0,0,4907,1969336038,0,6316,2893202,5281851,446089,0,461658,169182,0,0,14149,0,199,0,0,0,3,0,2893175,104811,5734501,80,0,0,6522,0,0,0,0,0,0,0,48074618,44711181,0,0,107847,107847,15376,16387,0,0,0,0,0,0,0,0,0,2506012,1251476,0,262144,7673627,219176333,0,0,1026,709620,2039451258,0,0,0,0,0,3,0,0,0,0,0,0,2047324892,495,14121,1865289,1814273426,23823,0,106997,120538815,651092,169,0,651981,169,0,0,0,652150,0,651261,0,0,0,0,0,33,0,85,14704,0,0,0,0,0,0,0,0,225554,611,0,0,0,1015829,21385469,452411,0,0,0,85,1015829,21385469,0,0,46508,4050,23496,19446,19446,0,0,100512,0,0,364,0,0,0,0,0,0,0,59,0,59,0,0,0,0,0,0,0,0,0,0,0,0,0,0,0,0,0,0,0,0,714,24,0
1777070873.001109,1109,ubuntu-rog,1,0,0,6921196,6316,2893202,5281851,446089,0,80,0,0,0,0,0,1968177382,0,0,4907,1969336062,0,6316,2893202,5281851,446089,0,461658,169182,0,0,14149,0,199,0,0,0,3,0,2893175,104811,5734501,80,0,0,6522,0,0,0,0,0,0,0,48074618,44711181,0,0,107847,107847,15376,16387,0,0,0,0,0,0,0,0,0,2506012,1251476,0,262144,7673627,219176333,0,0,1026,709620,2039451282,0,0,0,0,0,3,0,0,0,0,0,0,2047324916,495,14121,1865289,1814273426,23823,0,106997,120538815,651092,169,0,651981,169,0,0,0,652150,0,651261,0,0,0,0,0,33,0,85,14704,0,0,0,0,0,0,0,0,225554,611,0,0,0,1015829,21385469,452411,0,0,0,85,1015829,21385469,0,0,46508,4050,23496,19446,19446,0,0,100512,0,0,364,0,0,0,0,0,0,0,59,0,59,0,0,0,0,0,0,0,0,0,0,0,0,0,0,0,0,0,0,0,0,714,24,0
1777070874.002267,2267,ubuntu-rog,1,0,0,6921196,6316,2893202,5281851,446089,0,81,0,0,0,0,0,1968177413,0,0,4907,1969336093,0,6316,2893202,5281851,446089,0,461658,169182,0,0,14149,0,199,0,0,0,3,0,2893175,104811,5734502,81,0,0,6522,0,0,0,0,0,0,0,48074619,44711181,0,0,107847,107847,15376,16387,0,0,0,0,0,0,0,0,0,2506012,1251476,0,262144,7673627,219176333,0,0,1026,709620,2039451313,0,0,0,0,0,3,0,0,0,0,0,0,2047324946,495,14121,1865289,1814273426,23823,0,106997,120538815,651092,169,0,651981,169,0,0,0,652150,0,651261,0,0,0,0,0,33,0,85,14704,0,0,0,0,0,0,0,0,225554,611,0,0,0,1015829,21385469,452411,0,0,0,85,1015829,21385469,0,0,46508,4050,23496,19446,19446,0,0,100512,0,0,364,0,0,0,0,0,0,0,59,0,59,0,0,0,0,0,0,0,0,0,0,0,0,0,0,0,0,0,0,0,0,714,24,0
1777070875.001312,1312,ubuntu-rog,1,0,0,6921196,6316,2893202,5281851,446089,0,81,0,0,0,0,0,1968177445,0,0,4907,1969336125,0,6316,2893202,5281851,446089,0,461658,169182,0,0,14149,0,199,0,0,0,3,0,2893175,104811,5734504,81,0,0,6522,0,0,0,0,0,0,0,48074619,44711181,0,0,107847,107847,15376,16387,0,0,0,0,0,0,0,0,0,2506012,1251476,0,262144,7673627,219176349,0,0,1026,709620,2039451345,0,0,0,0,0,3,0,0,0,0,0,0,2047324976,495,14121,1865289,1814273426,23823,0,106997,120538815,651092,169,0,651981,169,0,0,0,652150,0,651261,0,0,0,0,0,33,0,85,14704,0,0,0,0,0,0,0,0,225554,611,0,0,0,1015829,21385469,452411,0,0,0,85,1015829,21385469,0,0,46508,4050,23496,19446,19446,0,0,100512,0,0,364,0,0,0,0,0,0,0,59,0,59,0,0,0,0,0,0,0,0,0,0,0,0,0,0,0,0,0,0,0,0,714,24,0
1777070876.001304,1304,ubuntu-rog,1,0,0,6921196,6316,2893202,5281851,446089,0,81,0,0,0,0,0,1968177467,0,0,4907,1969336147,0,6316,2893202,5281851,446089,0,461658,169182,0,0,14149,0,199,0,0,0,3,0,2893175,104811,5734504,81,0,0,6522,0,0,0,0,0,0,0,48074619,44711181,0,0,107847,107847,15376,16387,0,0,0,0,0,0,0,0,0,2506012,1251476,0,262144,7673627,219176349,0,0,1026,709620,2039451367,0,0,0,0,0,3,0,0,0,0,0,0,2047324998,495,14121,1865289,1814273426,23823,0,106997,120538815,651092,169,0,651981,169,0,0,0,652150,0,651261,0,0,0,0,0,33,0,85,14704,0,0,0,0,0,0,0,0,225554,611,0,0,0,1015829,21385469,452411,0,0,0,85,1015829,21385469,0,0,46508,4050,23496,19446,19446,0,0,100512,0,0,364,0,0,0,0,0,0,0,59,0,59,0,0,0,0,0,0,0,0,0,0,0,0,0,0,0,0,0,0,0,0,714,24,0
1777070877.001164,1164,ubuntu-rog,1,0,0,6921196,6316,2893202,5281851,446089,0,84,0,0,0,0,0,1968177500,0,0,4907,1969336180,0,6316,2893202,5281851,446089,0,461658,169182,0,0,14149,0,199,0,0,0,3,0,2893175,104811,5734507,84,0,0,6522,0,0,0,0,0,0,0,48074622,44711181,0,0,107847,107847,15376,16387,0,0,0,0,0,0,0,0,0,2506012,1251476,0,262144,7673627,219176349,0,0,1026,709620,2039451400,0,0,0,0,0,3,0,0,0,0,0,0,2047325028,495,14121,1865289,1814273426,23823,0,106997,120538815,651092,169,0,651981,169,0,0,0,652150,0,651261,0,0,0,0,0,33,0,85,14704,0,0,0,0,0,0,0,0,225554,611,0,0,0,1015829,21385469,452411,0,0,0,85,1015829,21385469,0,0,46508,4050,23496,19446,19446,0,0,100512,0,0,364,0,0,0,0,0,0,0,59,0,59,0,0,0,0,0,0,0,0,0,0,0,0,0,0,0,0,0,0,0,0,714,24,0
1777070878.002164,2164,ubuntu-rog,1,0,0,6921196,6316,2893202,5281851,446089,0,84,0,0,0,0,0,1968177532,0,0,4907,1969336212,0,6316,2893202,5281851,446089,0,461658,169182,0,0,14149,0,199,0,0,0,3,0,2893175,104811,5734507,84,0,0,6522,0,0,0,0,0,0,0,48074622,44711181,0,0,107847,107847,15376,16387,0,0,0,0,0,0,0,0,0,2506012,1251476,0,262144,7673627,219176349,0,0,1026,709620,2039451432,0,0,0,0,0,3,0,0,0,0,0,0,2047325058,495,14121,1865289,1814273428,23823,0,106997,120538815,651092,169,0,651981,169,0,0,0,652150,0,651261,0,0,0,0,0,33,0,85,14704,0,0,0,0,0,0,0,0,225554,611,0,0,0,1015829,21385469,452411,0,0,0,85,1015829,21385469,0,0,46508,4050,23496,19446,19446,0,0,100512,0,0,364,0,0,0,0,0,0,0,59,0,59,0,0,0,0,0,0,0,0,0,0,0,0,0,0,0,0,0,0,0,0,714,24,0
1777070879.001269,1269,ubuntu-rog,1,0,0,6921196,6316,2893202,5281851,446089,0,84,0,0,0,0,0,1968177554,0,0,4907,1969336234,0,6316,2893202,5281851,446089,0,461658,169182,0,0,14149,0,199,0,0,0,3,0,2893177,104811,5734507,84,0,0,6522,0,0,0,0,0,0,0,48074622,44711181,0,0,107847,107847,15376,16387,0,0,0,0,0,0,0,0,0,2506012,1251476,0,262144,7673627,219176349,0,0,1026,709620,2039451454,0,0,0,0,0,3,0,0,0,0,0,0,2047325080,495,14121,1865289,1814273428,23823,0,106997,120538815,651092,169,0,651981,169,0,0,0,652150,0,651261,0,0,0,0,0,33,0,85,14704,0,0,0,0,0,0,0,0,225554,611,0,0,0,1015829,21385469,452411,0,0,0,85,1015829,21385469,0,0,46508,4050,23496,19446,19446,0,0,100512,0,0,364,0,0,0,0,0,0,0,59,0,59,0,0,0,0,0,0,0,0,0,0,0,0,0,0,0,0,0,0,0,0,714,24,0
1777070880.001186,1186,ubuntu-rog,1,0,0,6921196,6316,2893202,5281851,446089,0,84,0,0,0,0,0,1968177586,0,0,4907,1969336266,0,6316,2893202,5281851,446089,0,461658,169182,0,0,14149,0,199,0,0,0,3,0,2893177,104811,5734509,84,0,0,6522,0,0,0,0,0,0,0,48074622,44711181,0,0,107847,107847,15376,16387,0,0,0,0,0,0,0,0,0,2506012,1251476,0,262144,7673627,219176365,0,0,1026,709620,2039451486,0,0,0,0,0,3,0,0,0,0,0,0,2047325111,495,14121,1865289,1814273428,23823,0,106997,120538815,651092,169,0,651981,169,0,0,0,652150,0,651261,0,0,0,0,0,33,0,85,14704,0,0,0,0,0,0,0,0,225554,611,0,0,0,1015829,21385469,452411,0,0,0,85,1015829,21385469,0,0,46508,4050,23496,19446,19446,0,0,100512,0,0,364,0,0,0,0,0,0,0,59,0,59,0,0,0,0,0,0,0,0,0,0,0,0,0,0,0,0,0,0,0,0,714,24,0
1777070881.001381,1381,ubuntu-rog,1,0,0,6921196,6316,2893202,5281851,446089,0,85,0,0,0,0,0,1968177617,0,0,4907,1969336297,0,6316,2893202,5281851,446089,0,461658,169182,0,0,14149,0,199,0,0,0,3,0,2893177,104811,5734510,85,0,0,6522,0,0,0,0,0,0,0,48074623,44711181,0,0,107847,107847,15376,16387,0,0,0,0,0,0,0,0,0,2506012,1251476,0,262144,7673627,219176365,0,0,1026,709620,2039451517,0,0,0,0,0,3,0,0,0,0,0,0,2047325140,495,14121,1865289,1814273428,23823,0,106997,120538815,651092,169,0,651981,169,0,0,0,652150,0,651261,0,0,0,0,0,33,0,85,14704,0,0,0,0,0,0,0,0,225554,611,0,0,0,1015829,21385469,452411,0,0,0,85,1015829,21385469,0,0,46508,4050,23496,19446,19446,0,0,100512,0,0,364,0,0,0,0,0,0,0,59,0,59,0,0,0,0,0,0,0,0,0,0,0,0,0,0,0,0,0,0,0,0,714,24,0
1777070882.002164,2164,ubuntu-rog,1,0,0,6921196,6316,2893202,5281851,446089,0,85,0,0,0,0,0,1968177664,0,0,4907,1969336344,0,6316,2893202,5281851,446089,0,461658,169182,0,0,14149,0,199,0,0,0,3,0,2893177,104811,5734510,85,0,0,6522,0,0,0,0,0,0,0,48074623,44711181,0,0,107847,107847,15376,16387,0,0,0,0,0,0,0,0,0,2506012,1251476,0,262144,7673627,219176365,0,0,1026,709620,2039451564,0,0,0,0,0,3,0,0,0,0,0,0,2047325187,495,14121,1865289,1814273428,23823,0,106997,120538815,651092,169,0,651981,169,0,0,0,652150,0,651261,0,0,0,0,0,33,0,85,14704,0,0,0,0,0,0,0,0,225554,611,0,0,0,1015829,21385469,452411,0,0,0,85,1015829,21385469,0,0,46508,4050,23496,19446,19446,0,0,100512,0,0,364,0,0,0,0,0,0,0,59,0,59,0,0,0,0,0,0,0,0,0,0,0,0,0,0,0,0,0,0,0,0,714,24,0
1777070883.001166,1166,ubuntu-rog,1,0,0,6921196,6316,2893202,5281851,446089,0,86,0,0,0,0,0,1968177699,0,0,4907,1969336379,0,6316,2893202,5281851,446089,0,461658,169182,0,0,14149,0,199,0,0,0,3,0,2893177,104811,5734511,86,0,0,6522,0,0,0,0,0,0,0,48074624,44711181,0,0,107847,107847,15360,16387,0,0,0,0,0,0,0,0,0,2506012,1251476,0,262144,7673627,219176461,0,0,1026,709620,2039451599,0,0,0,0,0,3,0,0,0,0,0,0,2047325225,495,14121,1865289,1814273428,23823,0,106997,120538815,651092,169,0,651981,169,0,0,0,652150,0,651261,0,0,0,0,0,33,0,85,14704,0,0,0,0,0,0,0,0,225554,611,0,0,0,1015829,21385469,452411,0,0,0,85,1015829,21385469,0,0,46508,4050,23496,19446,19446,0,0,100512,0,0,364,0,0,0,0,0,0,0,59,0,59,0,0,0,0,0,0,0,0,0,0,0,0,0,0,0,0,0,0,0,0,714,24,0
1777070884.001267,1267,ubuntu-rog,1,0,0,6921196,6316,2893202,5281851,446089,0,61,0,0,0,0,0,1968177726,0,0,4907,1969336406,0,6316,2893202,5281851,446089,0,461658,169182,0,0,14149,0,199,0,0,0,3,0,2893177,104811,5734512,61,0,0,6522,0,0,0,0,0,0,0,48074625,44711207,0,0,107847,107847,15360,16387,0,0,0,0,0,0,0,0,0,2506012,1251476,0,262144,7673627,219176461,0,0,1026,709620,2039451626,0,0,0,0,0,3,0,0,0,0,0,0,2047325251,495,14121,1865289,1814273428,23823,0,106997,120538815,651092,169,0,651981,169,0,0,0,652150,0,651261,0,0,0,0,0,33,0,85,14704,0,0,0,0,0,0,0,0,225554,611,0,0,0,1015829,21385469,452411,0,0,0,85,1015829,21385469,0,0,46508,4050,23496,19446,19446,0,0,100512,0,0,364,0,0,0,0,0,0,0,59,0,59,0,0,0,0,0,0,0,0,0,0,0,0,0,0,0,0,0,0,0,0,714,24,0
1777070885.001307,1307,ubuntu-rog,1,0,0,6921196,6316,2893202,5281851,446089,0,66,0,0,0,0,0,1968177766,0,0,4907,1969336446,0,6316,2893202,5281851,446089,0,461658,169182,0,0,14149,0,199,0,0,0,3,0,2893177,104811,5734514,66,0,0,6522,0,0,0,0,0,0,0,48074630,44711207,0,0,107847,107847,15360,16387,0,0,0,0,0,0,0,0,0,2506012,1251476,0,262144,7673627,219176489,0,0,1026,709620,2039451666,0,0,0,0,0,3,0,0,0,0,0,0,2047325289,495,14121,1865289,1814273428,23823,0,106997,120538815,651092,169,0,651981,169,0,0,0,652150,0,651261,0,0,0,0,0,33,0,85,14704,0,0,0,0,0,0,0,0,225554,611,0,0,0,1015829,21385469,452411,0,0,0,85,1015829,21385469,0,0,46508,4050,23496,19446,19446,0,0,100512,0,0,364,0,0,0,0,0,0,0,59,0,59,0,0,0,0,0,0,0,0,0,0,0,0,0,0,0,0,0,0,0,0,714,24,0
1777070886.002309,2309,ubuntu-rog,1,0,0,6921196,6316,2893202,5281851,446089,0,66,0,0,0,0,0,1968177807,0,0,4907,1969336487,0,6316,2893202,5281851,446089,0,461658,169182,0,0,14149,0,199,0,0,0,3,0,2893188,104811,5734514,66,0,0,6522,0,0,0,0,0,0,0,48074630,44711207,0,0,107847,107847,15360,16387,0,0,0,0,0,0,0,0,0,2506012,1251476,0,262144,7673627,219176489,0,0,1026,709620,2039451707,0,0,0,0,0,3,0,0,0,0,0,0,2047325319,495,14121,1865289,1814273439,23823,0,106997,120538815,651092,169,0,651981,169,0,0,0,652150,0,651261,0,0,0,0,0,33,0,85,14704,0,0,0,0,0,0,0,0,225554,611,0,0,0,1015829,21385469,452411,0,0,0,85,1015829,21385469,0,0,46508,4050,23496,19446,19446,0,0,100512,0,0,364,0,0,0,0,0,0,0,59,0,59,0,0,0,0,0,0,0,0,0,0,0,0,0,0,0,0,0,0,0,0,714,24,0
1777070887.001437,1437,ubuntu-rog,1,0,0,6921196,6316,2893202,5281851,446089,0,67,0,0,0,0,0,1968177830,0,0,4907,1969336510,0,6316,2893202,5281851,446089,0,461658,169182,0,0,14149,0,199,0,0,0,3,0,2893188,104811,5734515,67,0,0,6522,0,0,0,0,0,0,0,48074631,44711207,0,0,107847,107847,15360,16387,0,0,0,0,0,0,0,0,0,2506012,1251476,0,262144,7673627,219176489,0,0,1026,709620,2039451730,0,0,0,0,0,3,0,0,0,0,0,0,2047325341,495,14121,1865289,1814273439,23823,0,106997,120538815,651092,169,0,651981,169,0,0,0,652150,0,651261,0,0,0,0,0,33,0,85,14704,0,0,0,0,0,0,0,0,225554,611,0,0,0,1015829,21385469,452411,0,0,0,85,1015829,21385469,0,0,46508,4050,23496,19446,19446,0,0,100512,0,0,364,0,0,0,0,0,0,0,59,0,59,0,0,0,0,0,0,0,0,0,0,0,0,0,0,0,0,0,0,0,0,714,24,0
1777070888.002165,2165,ubuntu-rog,1,0,0,6921196,6316,2893202,5281851,446089,0,68,0,0,0,0,0,1968177861,0,0,4907,1969336541,0,6316,2893202,5281851,446089,0,461658,169182,0,0,14149,0,199,0,0,0,3,0,2893188,104811,5734516,68,0,0,6522,0,0,0,0,0,0,0,48074632,44711207,0,0,107847,107847,15360,16387,0,0,0,0,0,0,0,0,0,2506012,1251476,0,262144,7673627,219176489,0,0,1026,709620,2039451761,0,0,0,0,0,3,0,0,0,0,0,0,2047325371,495,14121,1865289,1814273439,23823,0,106997,120538815,651092,169,0,651981,169,0,0,0,652150,0,651261,0,0,0,0,0,33,0,85,14704,0,0,0,0,0,0,0,0,225554,611,0,0,0,1015829,21385469,452411,0,0,0,85,1015829,21385469,0,0,46508,4050,23496,19446,19446,0,0,100512,0,0,364,0,0,0,0,0,0,0,59,0,59,0,0,0,0,0,0,0,0,0,0,0,0,0,0,0,0,0,0,0,0,714,24,0
1777070889.001271,1271,ubuntu-rog,1,0,0,6921196,6316,2893202,5281851,446089,0,70,0,0,0,0,0,1968177891,0,0,4907,1969336571,0,6316,2893202,5281851,446089,0,461658,169182,0,0,14149,0,199,0,0,0,3,0,2893188,104811,5734517,70,0,0,6522,0,0,0,0,0,0,0,48074634,44711207,0,0,107847,107847,15360,16387,0,0,0,0,0,0,0,0,0,2506012,1251476,0,262144,7673627,219176489,0,0,1026,709620,2039451791,0,0,0,0,0,3,0,0,0,0,0,0,2047325400,495,14121,1865289,1814273439,23823,0,106997,120538815,651092,169,0,651981,169,0,0,0,652150,0,651261,0,0,0,0,0,33,0,85,14704,0,0,0,0,0,0,0,0,225554,611,0,0,0,1015829,21385469,452411,0,0,0,85,1015829,21385469,0,0,46508,4050,23496,19446,19446,0,0,100512,0,0,364,0,0,0,0,0,0,0,59,0,59,0,0,0,0,0,0,0,0,0,0,0,0,0,0,0,0,0,0,0,0,714,24,0
1777070890.001308,1308,ubuntu-rog,1,0,0,6921196,6316,2893202,5281851,446089,0,70,0,0,0,0,0,1968177919,0,0,4907,1969336599,0,6316,2893202,5281851,446089,0,461658,169182,0,0,14149,0,199,0,0,0,3,0,2893188,104811,5734517,70,0,0,6522,0,0,0,0,0,0,0,48074634,44711207,0,0,107847,107847,15360,16387,0,0,0,0,0,0,0,0,0,2506012,1251476,0,262144,7673627,219176693,0,0,1026,709620,2039451819,0,0,0,0,0,3,0,0,0,0,0,0,2047325428,495,14121,1865289,1814273439,23823,0,106997,120538815,651092,169,0,651981,169,0,0,0,652150,0,651261,0,0,0,0,0,33,0,85,14704,0,0,0,0,0,0,0,0,225554,611,0,0,0,1015829,21385469,452411,0,0,0,85,1015829,21385469,0,0,46508,4050,23496,19446,19446,0,0,100512,0,0,364,0,0,0,0,0,0,0,59,0,59,0,0,0,0,0,0,0,0,0,0,0,0,0,0,0,0,0,0,0,0,714,24,0
1777070891.001309,1309,ubuntu-rog,1,0,0,6921196,6316,2893202,5281851,446089,0,20,0,0,0,0,0,1968177961,0,0,4907,1969336641,0,6316,2893202,5281851,446089,0,461658,169182,0,0,14149,0,199,0,0,0,3,0,2893188,104811,5734520,20,0,0,6522,0,0,0,0,0,0,0,48074635,44711258,0,0,107847,107847,15360,16387,0,0,0,0,0,0,0,0,0,2506012,1251476,0,262144,7673627,219176709,0,0,1026,709620,2039451861,0,0,0,0,0,3,0,0,0,0,0,0,2047325461,495,14121,1865289,1814273439,23823,0,106997,120538815,651092,169,0,651981,169,0,0,0,652150,0,651261,0,0,0,0,0,33,0,85,14704,0,0,0,0,0,0,0,0,225554,611,0,0,0,1015829,21385469,452411,0,0,0,85,1015829,21385469,0,0,46508,4050,23496,19446,19446,0,0,100512,0,0,364,0,0,0,0,0,0,0,59,0,59,0,0,0,0,0,0,0,0,0,0,0,0,0,0,0,0,0,0,0,0,714,24,0
1777070892.002162,2162,ubuntu-rog,1,0,0,6921196,6316,2893202,5281851,446089,0,20,0,0,0,0,0,1968177993,0,0,4907,1969336673,0,6316,2893202,5281851,446089,0,461658,169182,0,0,14149,0,199,0,0,0,3,0,2893188,104811,5734520,20,0,0,6522,0,0,0,0,0,0,0,48074635,44711258,0,0,107847,107847,15360,16387,0,0,0,0,0,0,0,0,0,2506012,1251476,0,262144,7673627,219176709,0,0,1026,709620,2039451893,0,0,0,0,0,3,0,0,0,0,0,0,2047325493,495,14121,1865289,1814273439,23823,0,106997,120538815,651092,169,0,651981,169,0,0,0,652150,0,651261,0,0,0,0,0,33,0,85,14704,0,0,0,0,0,0,0,0,225554,611,0,0,0,1015829,21385469,452411,0,0,0,85,1015829,21385469,0,0,46508,4050,23496,19446,19446,0,0,100512,0,0,364,0,0,0,0,0,0,0,59,0,59,0,0,0,0,0,0,0,0,0,0,0,0,0,0,0,0,0,0,0,0,714,24,0
1777070893.001167,1167,ubuntu-rog,1,0,0,6921196,6316,2893202,5281851,446089,0,20,0,0,0,0,0,1968178016,0,0,4907,1969336696,0,6316,2893202,5281851,446089,0,461658,169182,0,0,14149,0,199,0,0,0,3,0,2893188,104811,5734520,20,0,0,6522,0,0,0,0,0,0,0,48074635,44711258,0,0,107847,107847,15360,16387,0,0,0,0,0,0,0,0,0,2506012,1251476,0,262144,7673627,219176709,0,0,1026,709620,2039451916,0,0,0,0,0,3,0,0,0,0,0,0,2047325520,495,14121,1865289,1814273439,23823,0,106997,120538815,651092,169,0,651981,169,0,0,0,652150,0,651261,0,0,0,0,0,33,0,85,14704,0,0,0,0,0,0,0,0,225554,611,0,0,0,1015829,21385469,452411,0,0,0,85,1015829,21385469,0,0,46508,4050,23496,19446,19446,0,0,100512,0,0,364,0,0,0,0,0,0,0,59,0,59,0,0,0,0,0,0,0,0,0,0,0,0,0,0,0,0,0,0,0,0,714,24,0
1777070894.001512,1512,ubuntu-rog,1,0,0,6921196,6316,2893263,5281852,446089,0,22,0,0,0,0,0,1968178239,0,0,4907,1969336919,0,6316,2893263,5281852,446089,0,461658,169196,0,0,14149,0,199,0,0,0,3,0,2893235,104811,5734522,22,0,0,6522,0,0,0,0,0,0,0,48074637,44711258,0,0,107847,107847,15360,16387,0,0,0,0,0,0,0,0,0,2506012,1251476,0,262144,7673627,219176709,0,0,1026,709620,2039452228,0,0,0,0,0,3,0,0,0,0,0,0,2047325754,495,14121,1865289,1814273504,23823,0,106997,120538815,651092,169,0,651981,169,0,0,0,652150,0,651261,0,0,0,0,0,33,0,85,14704,0,0,0,0,0,0,0,0,225554,611,0,0,0,1015829,21385469,452411,0,0,0,85,1015829,21385469,0,0,46508,4050,23496,19446,19446,0,0,100512,0,0,364,0,0,0,0,0,0,0,59,0,59,0,0,0,0,0,0,0,0,0,0,0,0,0,0,0,0,0,0,0,0,714,24,0
1777070895.002308,2308,ubuntu-rog,1,0,0,6921196,6316,2893263,5281852,446089,0,22,0,0,0,0,0,1968178268,0,0,4907,1969336948,0,6316,2893263,5281852,446089,0,461658,169196,0,0,14149,0,199,0,0,0,3,0,2893235,104811,5734522,22,0,0,6522,0,0,0,0,0,0,0,48074637,44711258,0,0,107847,107847,15360,16387,0,0,0,0,0,0,0,0,0,2506012,1251476,0,262144,7673627,219176709,0,0,1026,709620,2039452257,0,0,0,0,0,3,0,0,0,0,0,0,2047325783,495,14121,1865289,1814273504,23823,0,106997,120538815,651092,169,0,651981,169,0,0,0,652150,0,651261,0,0,0,0,0,33,0,85,14704,0,0,0,0,0,0,0,0,225554,611,0,0,0,1015829,21385469,452411,0,0,0,85,1015829,21385469,0,0,46508,4050,23496,19446,19446,0,0,100512,0,0,364,0,0,0,0,0,0,0,59,0,59,0,0,0,0,0,0,0,0,0,0,0,0,0,0,0,0,0,0,0,0,714,24,0
1777070896.001309,1309,ubuntu-rog,1,0,0,6921196,6316,2893263,5281852,446089,0,22,0,0,0,0,0,1968178298,0,0,4907,1969336978,0,6316,2893263,5281852,446089,0,461658,169196,0,0,14149,0,199,0,0,0,3,0,2893235,104811,5734522,22,0,0,6522,0,0,0,0,0,0,0,48074637,44711258,0,0,107847,107847,15360,16387,0,0,0,0,0,0,0,0,0,2506012,1251476,0,262144,7673627,219176725,0,0,1026,709620,2039452287,0,0,0,0,0,3,0,0,0,0,0,0,2047325811,495,14121,1865289,1814273504,23823,0,106997,120538815,651092,169,0,651981,169,0,0,0,652150,0,651261,0,0,0,0,0,33,0,85,14704,0,0,0,0,0,0,0,0,225554,611,0,0,0,1015829,21385469,452411,0,0,0,85,1015829,21385469,0,0,46508,4050,23496,19446,19446,0,0,100512,0,0,364,0,0,0,0,0,0,0,59,0,59,0,0,0,0,0,0,0,0,0,0,0,0,0,0,0,0,0,0,0,0,714,24,0
1777070897.001166,1166,ubuntu-rog,1,0,0,6921196,6316,2893263,5281852,446089,0,22,0,0,0,0,0,1968178329,0,0,4907,1969337009,0,6316,2893263,5281852,446089,0,461658,169196,0,0,14149,0,199,0,0,0,3,0,2893235,104811,5734524,22,0,0,6522,0,0,0,0,0,0,0,48074637,44711258,0,0,107847,107847,15360,16387,0,0,0,0,0,0,0,0,0,2506012,1251476,0,262144,7673627,219176725,0,0,1026,709620,2039452318,0,0,0,0,0,3,0,0,0,0,0,0,2047325842,495,14121,1865289,1814273504,23823,0,106997,120538815,651092,169,0,651981,169,0,0,0,652150,0,651261,0,0,0,0,0,33,0,85,14704,0,0,0,0,0,0,0,0,225554,611,0,0,0,1015829,21385469,452411,0,0,0,85,1015829,21385469,0,0,46508,4050,23496,19446,19446,0,0,100512,0,0,364,0,0,0,0,0,0,0,59,0,59,0,0,0,0,0,0,0,0,0,0,0,0,0,0,0,0,0,0,0,0,714,24,0
1777070898.001167,1167,ubuntu-rog,1,0,0,6921196,6316,2893263,5281852,446089,0,23,0,0,0,0,0,1968178353,0,0,4907,1969337033,0,6316,2893263,5281852,446089,0,461658,169194,0,0,14149,0,199,0,0,0,3,0,2893235,104811,5734525,23,0,0,6522,0,0,0,0,0,0,0,48074638,44711258,0,0,107847,107847,15360,16387,0,0,0,0,0,0,0,0,0,2506012,1251476,0,262144,7673627,219176765,0,0,1026,709620,2039452342,0,0,0,0,0,3,0,0,0,0,0,0,2047325867,495,14121,1865289,1814273504,23823,0,106997,120538815,651092,169,0,651981,169,0,0,0,652150,0,651261,0,0,0,0,0,33,0,85,14704,0,0,0,0,0,0,0,0,225554,611,0,0,0,1015829,21385469,452411,0,0,0,85,1015829,21385469,0,0,46508,4050,23496,19446,19446,0,0,100512,0,0,364,0,0,0,0,0,0,0,59,0,59,0,0,0,0,0,0,0,0,0,0,0,0,0,0,0,0,0,0,0,0,714,24,0
1777070899.002262,2262,ubuntu-rog,1,0,0,6921196,6316,2893263,5281852,446089,0,14,0,0,0,0,0,1968178382,0,0,4907,1969337062,0,6316,2893263,5281852,446089,0,461658,169194,0,0,14149,0,199,0,0,0,3,0,2893235,104811,5734526,14,0,0,6522,0,0,0,0,0,0,0,48074639,44711268,0,0,107847,107847,15360,16387,0,0,0,0,0,0,0,0,0,2506012,1251476,0,262144,7673627,219176765,0,0,1026,709620,2039452371,0,0,0,0,0,3,0,0,0,0,0,0,2047325895,495,14121,1865289,1814273504,23823,0,106997,120538815,651092,169,0,651981,169,0,0,0,652150,0,651261,0,0,0,0,0,33,0,85,14704,0,0,0,0,0,0,0,0,225554,611,0,0,0,1015829,21385469,452411,0,0,0,85,1015829,21385469,0,0,46508,4050,23496,19446,19446,0,0,100512,0,0,364,0,0,0,0,0,0,0,59,0,59,0,0,0,0,0,0,0,0,0,0,0,0,0,0,0,0,0,0,0,0,714,24,0
1777070900.001309,1309,ubuntu-rog,1,0,0,6921196,6316,2893263,5281852,446089,0,14,0,0,0,0,0,1968178410,0,0,4907,1969337090,0,6316,2893263,5281852,446089,0,461658,169194,0,0,14149,0,199,0,0,0,3,0,2893235,104811,5734526,14,0,0,6522,0,0,0,0,0,0,0,48074639,44711268,0,0,107847,107847,15360,16387,0,0,0,0,0,0,0,0,0,2506012,1251476,0,262144,7673627,219176765,0,0,1026,709620,2039452399,0,0,0,0,0,3,0,0,0,0,0,0,2047325923,495,14121,1865289,1814273504,23823,0,106997,120538815,651092,169,0,651981,169,0,0,0,652150,0,651261,0,0,0,0,0,33,0,85,14704,0,0,0,0,0,0,0,0,225554,611,0,0,0,1015829,21385469,452411,0,0,0,85,1015829,21385469,0,0,46508,4050,23496,19446,19446,0,0,100512,0,0,364,0,0,0,0,0,0,0,59,0,59,0,0,0,0,0,0,0,0,0,0,0,0,0,0,0,0,0,0,0,0,714,24,0
1777070901.001229,1229,ubuntu-rog,1,0,0,6921196,6316,2893263,5281852,446089,0,17,0,0,0,0,0,1968178432,0,0,4907,1969337112,0,6316,2893263,5281852,446089,0,461658,169194,0,0,14149,0,199,0,0,0,3,0,2893235,104811,5734528,17,0,0,6522,0,0,0,0,0,0,0,48074642,44711268,0,0,107847,107847,15360,16387,0,0,0,0,0,0,0,0,0,2506012,1251476,0,262144,7673627,219176765,0,0,1026,709620,2039452421,0,0,0,0,0,3,0,0,0,0,0,0,2047325943,495,14121,1865289,1814273504,23823,0,106997,120538815,651092,169,0,651981,169,0,0,0,652150,0,651261,0,0,0,0,0,33,0,85,14704,0,0,0,0,0,0,0,0,225554,611,0,0,0,1015829,21385469,452411,0,0,0,85,1015829,21385469,0,0,46508,4050,23496,19446,19446,0,0,100512,0,0,364,0,0,0,0,0,0,0,59,0,59,0,0,0,0,0,0,0,0,0,0,0,0,0,0,0,0,0,0,0,0,714,24,0
1777070902.001168,1168,ubuntu-rog,1,0,0,6921196,6316,2893263,5281852,446089,0,19,0,0,0,0,0,1968178464,0,0,4907,1969337144,0,6316,2893263,5281852,446089,0,461658,169194,0,0,14149,0,199,0,0,0,3,0,2893235,104811,5734531,19,0,0,6522,0,0,0,0,0,0,0,48074644,44711268,0,0,107847,107847,15360,16387,0,0,0,0,0,0,0,0,0,2506012,1251476,0,262144,7673627,219176801,0,0,1026,709620,2039452453,0,0,0,0,0,3,0,0,0,0,0,0,2047325972,495,14121,1865289,1814273504,23823,0,106997,120538815,651092,169,0,651981,169,0,0,0,652150,0,651261,0,0,0,0,0,33,0,85,14704,0,0,0,0,0,0,0,0,225554,611,0,0,0,1015829,21385469,452411,0,0,0,85,1015829,21385469,0,0,46508,4050,23496,19446,19446,0,0,100512,0,0,364,0,0,0,0,0,0,0,59,0,59,0,0,0,0,0,0,0,0,0,0,0,0,0,0,0,0,0,0,0,0,714,24,0
1777070903.002161,2161,ubuntu-rog,1,0,0,6921196,6316,2893263,5281852,446089,0,19,0,0,0,0,0,1968178495,0,0,4907,1969337175,0,6316,2893263,5281852,446089,0,461658,169194,0,0,14149,0,199,0,0,0,3,0,2893235,104811,5734531,19,0,0,6522,0,0,0,0,0,0,0,48074644,44711268,0,0,107847,107847,15360,16387,0,0,0,0,0,0,0,0,0,2506012,1251476,0,262144,7673627,219176801,0,0,1026,709620,2039452484,0,0,0,0,0,3,0,0,0,0,0,0,2047326003,495,14121,1865289,1814273504,23823,0,106997,120538815,651092,169,0,651981,169,0,0,0,652150,0,651261,0,0,0,0,0,33,0,85,14704,0,0,0,0,0,0,0,0,225554,611,0,0,0,1015829,21385469,452411,0,0,0,85,1015829,21385469,0,0,46508,4050,23496,19446,19446,0,0,100512,0,0,364,0,0,0,0,0,0,0,59,0,59,0,0,0,0,0,0,0,0,0,0,0,0,0,0,0,0,0,0,0,0,714,24,0
1777070904.001265,1265,ubuntu-rog,1,0,0,6921196,6316,2893253,5281856,446089,0,12,0,0,0,0,0,1968178524,0,0,4907,1969337204,0,6316,2893253,5281856,446089,0,461658,169194,0,0,14149,0,199,0,0,0,3,0,2893228,104811,5734531,12,0,0,6522,0,0,0,0,0,0,0,48074644,44711275,0,0,107847,107847,15360,16387,0,0,0,0,0,0,0,0,0,2506013,1251476,0,262144,7673627,219176829,0,0,1026,709620,2039452513,0,0,0,0,0,3,0,0,0,0,0,0,2047326055,495,14121,1865289,1814273509,23823,0,106997,120538815,651092,169,0,651981,169,0,0,0,652150,0,651261,0,0,0,0,0,33,0,85,14704,0,0,0,0,0,0,0,0,225554,611,0,0,0,1015829,21385469,452411,0,0,0,85,1015829,21385469,0,0,46508,4050,23496,19446,19446,0,0,100512,0,0,364,0,0,0,0,0,0,0,59,0,59,0,0,0,0,0,0,0,0,0,0,0,0,0,0,0,0,0,0,0,0,714,24,0
1777070905.001302,1302,ubuntu-rog,1,0,0,6921196,6316,2893253,5281856,446089,0,15,0,0,0,0,0,1968178557,0,0,4907,1969337237,0,6316,2893253,5281856,446089,0,461658,169194,0,0,14149,0,199,0,0,0,3,0,2893228,104811,5734533,15,0,0,6522,0,0,0,0,0,0,0,48074647,44711275,0,0,107847,107847,15360,16387,0,0,0,0,0,0,0,0,0,2506013,1251476,0,262144,7673627,219176829,0,0,1026,709620,2039452546,0,0,0,0,0,3,0,0,0,0,0,0,2047326086,495,14121,1865289,1814273509,23823,0,106997,120538815,651092,169,0,651981,169,0,0,0,652150,0,651261,0,0,0,0,0,33,0,85,14704,0,0,0,0,0,0,0,0,225554,611,0,0,0,1015829,21385469,452411,0,0,0,85,1015829,21385469,0,0,46508,4050,23496,19446,19446,0,0,100512,0,0,364,0,0,0,0,0,0,0,59,0,59,0,0,0,0,0,0,0,0,0,0,0,0,0,0,0,0,0,0,0,0,714,24,0
1777070906.001302,1302,ubuntu-rog,1,0,0,6921196,6316,2893253,5281856,446089,0,15,0,0,0,0,0,1968178586,0,0,4907,1969337266,0,6316,2893253,5281856,446089,0,461658,169194,0,0,14149,0,199,0,0,0,3,0,2893228,104811,5734533,15,0,0,6522,0,0,0,0,0,0,0,48074647,44711275,0,0,107847,107847,15360,16387,0,0,0,0,0,0,0,0,0,2506013,1251476,0,262144,7673627,219176829,0,0,1026,709620,2039452575,0,0,0,0,0,3,0,0,0,0,0,0,2047326115,495,14121,1865289,1814273509,23823,0,106997,120538815,651092,169,0,651981,169,0,0,0,652150,0,651261,0,0,0,0,0,33,0,85,14704,0,0,0,0,0,0,0,0,225554,611,0,0,0,1015829,21385469,452411,0,0,0,85,1015829,21385469,0,0,46508,4050,23496,19446,19446,0,0,100512,0,0,364,0,0,0,0,0,0,0,59,0,59,0,0,0,0,0,0,0,0,0,0,0,0,0,0,0,0,0,0,0,0,714,24,0
1777070907.002158,2158,ubuntu-rog,1,0,0,6921196,6316,2893253,5281856,446089,0,16,0,0,0,0,0,1968178608,0,0,4907,1969337288,0,6316,2893253,5281856,446089,0,461658,169194,0,0,14149,0,199,0,0,0,3,0,2893228,104811,5734535,16,0,0,6522,0,0,0,0,0,0,0,48074648,44711275,0,0,107847,107847,15360,16387,0,0,0,0,0,0,0,0,0,2506013,1251476,0,262144,7673627,219176857,0,0,1026,709620,2039452597,0,0,0,0,0,3,0,0,0,0,0,0,2047326135,495,14121,1865289,1814273509,23823,0,106997,120538815,651092,169,0,651981,169,0,0,0,652150,0,651261,0,0,0,0,0,33,0,85,14704,0,0,0,0,0,0,0,0,225554,611,0,0,0,1015829,21385469,452411,0,0,0,85,1015829,21385469,0,0,46508,4050,23496,19446,19446,0,0,100512,0,0,364,0,0,0,0,0,0,0,59,0,59,0,0,0,0,0,0,0,0,0,0,0,0,0,0,0,0,0,0,0,0,714,24,0
1777070908.001186,1186,ubuntu-rog,1,0,0,6921196,6316,2893253,5281856,446089,0,17,0,0,0,0,0,1968178639,0,0,4907,1969337319,0,6316,2893253,5281856,446089,0,461658,169194,0,0,14149,0,199,0,0,0,3,0,2893228,104811,5734536,17,0,0,6522,0,0,0,0,0,0,0,48074649,44711275,0,0,107847,107847,15360,16387,0,0,0,0,0,0,0,0,0,2506013,1251476,0,262144,7673627,219176857,0,0,1026,709620,2039452628,0,0,0,0,0,3,0,0,0,0,0,0,2047326165,495,14121,1865289,1814273509,23823,0,106997,120538815,651092,169,0,651981,169,0,0,0,652150,0,651261,0,0,0,0,0,33,0,85,14704,0,0,0,0,0,0,0,0,225554,611,0,0,0,1015829,21385469,452411,0,0,0,85,1015829,21385469,0,0,46508,4050,23496,19446,19446,0,0,100512,0,0,364,0,0,0,0,0,0,0,59,0,59,0,0,0,0,0,0,0,0,0,0,0,0,0,0,0,0,0,0,0,0,714,24,0
1777070909.001274,1274,ubuntu-rog,1,0,0,6921196,6316,2893253,5281856,446089,0,17,0,0,0,0,0,1968178671,0,0,4907,1969337351,0,6316,2893253,5281856,446089,0,461658,169194,0,0,14149,0,199,0,0,0,3,0,2893228,104811,5734536,17,0,0,6522,0,0,0,0,0,0,0,48074649,44711275,0,0,107847,107847,15360,16387,0,0,0,0,0,0,0,0,0,2506013,1251476,0,262144,7673627,219176857,0,0,1026,709620,2039452660,0,0,0,0,0,3,0,0,0,0,0,0,2047326197,495,14121,1865289,1814273509,23823,0,106997,120538815,651092,169,0,651981,169,0,0,0,652150,0,651261,0,0,0,0,0,33,0,85,14704,0,0,0,0,0,0,0,0,225554,611,0,0,0,1015829,21385469,452411,0,0,0,85,1015829,21385469,0,0,46508,4050,23496,19446,19446,0,0,100512,0,0,364,0,0,0,0,0,0,0,59,0,59,0,0,0,0,0,0,0,0,0,0,0,0,0,0,0,0,0,0,0,0,714,24,0
1777070910.001308,1308,ubuntu-rog,1,0,0,6921196,6316,2893253,5281856,446089,0,18,0,0,0,0,0,1968178702,0,0,4907,1969337382,0,6316,2893253,5281856,446089,0,461658,169194,0,0,14149,0,199,0,0,0,3,0,2893228,104811,5734537,18,0,0,6522,0,0,0,0,0,0,0,48074650,44711275,0,0,107847,107847,15360,16387,0,0,0,0,0,0,0,0,0,2506013,1251476,0,262144,7673627,219176857,0,0,1026,709620,2039452691,0,0,0,0,0,3,0,0,0,0,0,0,2047326227,495,14121,1865289,1814273509,23823,0,106997,120538815,651092,169,0,651981,169,0,0,0,652150,0,651261,0,0,0,0,0,33,0,85,14704,0,0,0,0,0,0,0,0,225554,611,0,0,0,1015829,21385469,452411,0,0,0,85,1015829,21385469,0,0,46508,4050,23496,19446,19446,0,0,100512,0,0,364,0,0,0,0,0,0,0,59,0,59,0,0,0,0,0,0,0,0,0,0,0,0,0,0,0,0,0,0,0,0,714,24,0
1777070911.002300,2300,ubuntu-rog,1,0,0,6921196,6316,2893253,5281856,446089,0,18,0,0,0,0,0,1968178742,0,0,4907,1969337422,0,6316,2893253,5281856,446089,0,461658,169194,0,0,14149,0,199,0,0,0,3,0,2893228,104811,5734537,18,0,0,6522,0,0,0,0,0,0,0,48074650,44711275,0,0,107847,107847,15360,16387,0,0,0,0,0,0,0,0,0,2506013,1251476,0,262144,7673627,219176857,0,0,1026,709620,2039452731,0,0,0,0,0,3,0,0,0,0,0,0,2047326267,495,14121,1865289,1814273509,23823,0,106997,120538815,651092,169,0,651981,169,0,0,0,652150,0,651261,0,0,0,0,0,33,0,85,14704,0,0,0,0,0,0,0,0,225554,611,0,0,0,1015829,21385469,452411,0,0,0,85,1015829,21385469,0,0,46508,4050,23496,19446,19446,0,0,100512,0,0,364,0,0,0,0,0,0,0,59,0,59,0,0,0,0,0,0,0,0,0,0,0,0,0,0,0,0,0,0,0,0,714,24,0
1777070912.001162,1162,ubuntu-rog,1,0,0,6921196,6316,2893253,5281856,446089,0,19,0,0,0,0,0,1968178788,0,0,4907,1969337468,0,6316,2893253,5281856,446089,0,461658,169194,0,0,14149,0,199,0,0,0,3,0,2893228,104811,5734538,19,0,0,6522,0,0,0,0,0,0,0,48074651,44711275,0,0,107847,107847,15360,16387,0,0,0,0,0,0,0,0,0,2506013,1251476,0,262144,7673627,219176857,0,0,1026,709620,2039452777,0,0,0,0,0,3,0,0,0,0,0,0,2047326312,495,14121,1865289,1814273509,23823,0,106997,120538815,651092,169,0,651981,169,0,0,0,652150,0,651261,0,0,0,0,0,33,0,85,14704,0,0,0,0,0,0,0,0,225554,611,0,0,0,1015829,21385469,452411,0,0,0,85,1015829,21385469,0,0,46508,4050,23496,19446,19446,0,0,100512,0,0,364,0,0,0,0,0,0,0,59,0,59,0,0,0,0,0,0,0,0,0,0,0,0,0,0,0,0,0,0,0,0,714,24,0
1777070913.001159,1159,ubuntu-rog,1,0,0,6921196,6316,2893253,5281856,446089,0,20,0,0,0,0,0,1968178831,0,0,4907,1969337511,0,6316,2893253,5281856,446089,0,461658,169194,0,0,14149,0,199,0,0,0,3,0,2893228,104811,5734541,20,0,0,6522,0,0,0,0,0,0,0,48074652,44711275,0,0,107847,107847,15360,16387,0,0,0,0,0,0,0,0,0,2506013,1251476,0,262144,7673627,219176873,0,0,1026,709620,2039452820,0,0,0,0,0,3,0,0,0,0,0,0,2047326352,495,14121,1865289,1814273509,23823,0,106997,120538815,651092,169,0,651981,169,0,0,0,652150,0,651261,0,0,0,0,0,33,0,85,14704,0,0,0,0,0,0,0,0,225554,611,0,0,0,1015829,21385469,452411,0,0,0,85,1015829,21385469,0,0,46508,4050,23496,19446,19446,0,0,100512,0,0,364,0,0,0,0,0,0,0,59,0,59,0,0,0,0,0,0,0,0,0,0,0,0,0,0,0,0,0,0,0,0,714,24,0
1777070914.001266,1266,ubuntu-rog,1,0,0,6921196,6316,2893253,5281856,446089,0,20,0,0,0,0,0,1968178874,0,0,4907,1969337554,0,6316,2893253,5281856,446089,0,461658,169194,0,0,14149,0,199,0,0,0,3,0,2893228,104811,5734541,20,0,0,6522,0,0,0,0,0,0,0,48074652,44711275,0,0,107847,107847,15360,16387,0,0,0,0,0,0,0,0,0,2506013,1251476,0,262144,7673627,219176873,0,0,1026,709620,2039452863,0,0,0,0,0,3,0,0,0,0,0,0,2047326395,495,14121,1865289,1814273509,23823,0,106997,120538815,651092,169,0,651981,169,0,0,0,652150,0,651261,0,0,0,0,0,33,0,85,14704,0,0,0,0,0,0,0,0,225554,611,0,0,0,1015829,21385469,452411,0,0,0,85,1015829,21385469,0,0,46508,4050,23496,19446,19446,0,0,100512,0,0,364,0,0,0,0,0,0,0,59,0,59,0,0,0,0,0,0,0,0,0,0,0,0,0,0,0,0,0,0,0,0,714,24,0
1777070915.002278,2278,ubuntu-rog,1,0,0,6921196,6316,2893253,5281861,446089,0,13,0,0,0,0,0,1968178909,0,0,4907,1969337589,0,6316,2893253,5281861,446089,0,461658,169194,0,0,14149,0,199,0,0,0,3,0,2893228,104811,5734542,13,0,0,6522,0,0,0,0,0,0,0,48074653,44711283,0,0,107847,107847,15360,16387,0,0,0,0,0,0,0,0,0,2506014,1251477,0,262144,7673627,219176897,0,0,1026,709620,2039452898,0,0,0,0,0,3,0,0,0,0,0,0,2047326430,495,14121,1865289,1814273509,23823,0,106997,120538815,651092,169,0,651981,169,0,0,0,652150,0,651261,0,0,0,0,0,33,0,85,14704,0,0,0,0,0,0,0,0,225554,611,0,0,0,1015829,21385469,452411,0,0,0,85,1015829,21385469,0,0,46508,4050,23496,19446,19446,0,0,100512,0,0,364,0,0,0,0,0,0,0,59,0,59,0,0,0,0,0,0,0,0,0,0,0,0,0,0,0,0,0,0,0,0,714,24,0
1777070916.001315,1315,ubuntu-rog,1,0,0,6921196,6316,2893253,5281861,446089,0,14,0,0,0,0,0,1968178941,0,0,4907,1969337621,0,6316,2893253,5281861,446089,0,461658,169194,0,0,14149,0,199,0,0,0,3,0,2893228,104811,5734543,14,0,0,6522,0,0,0,0,0,0,0,48074654,44711283,0,0,107847,107847,15360,16387,0,0,0,0,0,0,0,0,0,2506014,1251477,0,262144,7673627,219176897,0,0,1026,709620,2039452930,0,0,0,0,0,3,0,0,0,0,0,0,2047326460,495,14121,1865289,1814273509,23823,0,106997,120538815,651092,169,0,651981,169,0,0,0,652150,0,651261,0,0,0,0,0,33,0,85,14704,0,0,0,0,0,0,0,0,225554,611,0,0,0,1015829,21385469,452411,0,0,0,85,1015829,21385469,0,0,46508,4050,23496,19446,19446,0,0,100512,0,0,364,0,0,0,0,0,0,0,59,0,59,0,0,0,0,0,0,0,0,0,0,0,0,0,0,0,0,0,0,0,0,714,24,0
1777070917.001164,1164,ubuntu-rog,1,0,0,6921196,6316,2893253,5281861,446089,0,14,0,0,0,0,0,1968178982,0,0,4907,1969337662,0,6316,2893253,5281861,446089,0,461658,169194,0,0,14149,0,199,0,0,0,3,0,2893228,104811,5734543,14,0,0,6522,0,0,0,0,0,0,0,48074654,44711283,0,0,107847,107847,15360,16387,0,0,0,0,0,0,0,0,0,2506014,1251477,0,262144,7673627,219176897,0,0,1026,709620,2039452971,0,0,0,0,0,3,0,0,0,0,0,0,2047326501,495,14121,1865289,1814273509,23823,0,106997,120538815,651092,169,0,651981,169,0,0,0,652150,0,651261,0,0,0,0,0,33,0,85,14704,0,0,0,0,0,0,0,0,225554,611,0,0,0,1015829,21385469,452411,0,0,0,85,1015829,21385469,0,0,46508,4050,23496,19446,19446,0,0,100512,0,0,364,0,0,0,0,0,0,0,59,0,59,0,0,0,0,0,0,0,0,0,0,0,0,0,0,0,0,0,0,0,0,714,24,0
1777070918.001165,1165,ubuntu-rog,1,0,0,6921196,6316,2893253,5281861,446089,0,14,0,0,0,0,0,1968179019,0,0,4907,1969337699,0,6316,2893253,5281861,446089,0,461658,169194,0,0,14149,0,199,0,0,0,3,0,2893228,104811,5734543,14,0,0,6522,0,0,0,0,0,0,0,48074654,44711283,0,0,107847,107847,15360,16387,0,0,0,0,0,0,0,0,0,2506014,1251477,0,262144,7673627,219176913,0,0,1026,709620,2039453008,0,0,0,0,0,3,0,0,0,0,0,0,2047326536,495,14121,1865289,1814273509,23823,0,106997,120538815,651092,169,0,651981,169,0,0,0,652150,0,651261,0,0,0,0,0,33,0,85,14704,0,0,0,0,0,0,0,0,225554,611,0,0,0,1015829,21385469,452411,0,0,0,85,1015829,21385469,0,0,46508,4050,23496,19446,19446,0,0,100512,0,0,364,0,0,0,0,0,0,0,59,0,59,0,0,0,0,0,0,0,0,0,0,0,0,0,0,0,0,0,0,0,0,714,24,0
1777070919.002260,2260,ubuntu-rog,1,0,0,6921196,6316,2893253,5281861,446089,0,13,0,0,0,0,0,1968179056,0,0,4907,1969337736,0,6316,2893253,5281861,446089,0,461658,169194,0,0,14149,0,199,0,0,0,3,0,2893228,104811,5734546,13,0,0,6522,0,0,0,0,0,0,0,48074657,44711287,0,0,107847,107847,15360,16387,0,0,0,0,0,0,0,0,0,2506014,1251477,0,262144,7673627,219176929,0,0,1026,709620,2039453045,0,0,0,0,0,3,0,0,0,0,0,0,2047326572,495,14121,1865289,1814273509,23823,0,106997,120538815,651092,169,0,651981,169,0,0,0,652150,0,651261,0,0,0,0,0,33,0,85,14704,0,0,0,0,0,0,0,0,225554,611,0,0,0,1015829,21385469,452411,0,0,0,85,1015829,21385469,0,0,46508,4050,23496,19446,19446,0,0,100512,0,0,364,0,0,0,0,0,0,0,59,0,59,0,0,0,0,0,0,0,0,0,0,0,0,0,0,0,0,0,0,0,0,714,24,0
1777070920.001305,1305,ubuntu-rog,1,0,0,6921196,6316,2893253,5281861,446089,0,13,0,0,0,0,0,1968179100,0,0,4907,1969337780,0,6316,2893253,5281861,446089,0,461658,169194,0,0,14149,0,199,0,0,0,3,0,2893228,104811,5734546,13,0,0,6522,0,0,0,0,0,0,0,48074657,44711287,0,0,107847,107847,15360,16387,0,0,0,0,0,0,0,0,0,2506014,1251477,0,262144,7673627,219176929,0,0,1026,709620,2039453089,0,0,0,0,0,3,0,0,0,0,0,0,2047326616,495,14121,1865289,1814273509,23823,0,106997,120538815,651092,169,0,651981,169,0,0,0,652150,0,651261,0,0,0,0,0,33,0,85,14704,0,0,0,0,0,0,0,0,225554,611,0,0,0,1015829,21385469,452411,0,0,0,85,1015829,21385469,0,0,46508,4050,23496,19446,19446,0,0,100512,0,0,364,0,0,0,0,0,0,0,59,0,59,0,0,0,0,0,0,0,0,0,0,0,0,0,0,0,0,0,0,0,0,714,24,0
1777070921.001313,1313,ubuntu-rog,1,0,0,6921196,6316,2893253,5281861,446089,0,14,0,0,0,0,0,1968179129,0,0,4907,1969337809,0,6316,2893253,5281861,446089,0,461658,169194,0,0,14149,0,199,0,0,0,3,0,2893228,104811,5734547,14,0,0,6522,0,0,0,0,0,0,0,48074658,44711287,0,0,107847,107847,15360,16387,0,0,0,0,0,0,0,0,0,2506014,1251477,0,262144,7673627,219176929,0,0,1026,709620,2039453118,0,0,0,0,0,3,0,0,0,0,0,0,2047326644,495,14121,1865289,1814273509,23823,0,106997,120538815,651092,169,0,651981,169,0,0,0,652150,0,651261,0,0,0,0,0,33,0,85,14704,0,0,0,0,0,0,0,0,225554,611,0,0,0,1015829,21385469,452411,0,0,0,85,1015829,21385469,0,0,46508,4050,23496,19446,19446,0,0,100512,0,0,364,0,0,0,0,0,0,0,59,0,59,0,0,0,0,0,0,0,0,0,0,0,0,0,0,0,0,0,0,0,0,714,24,0
1777070922.001152,1152,ubuntu-rog,1,0,0,6921196,6316,2893253,5281861,446089,0,15,0,0,0,0,0,1968179171,0,0,4907,1969337851,0,6316,2893253,5281861,446089,0,461658,169194,0,0,14149,0,199,0,0,0,3,0,2893228,104811,5734548,15,0,0,6522,0,0,0,0,0,0,0,48074659,44711287,0,0,107847,107847,15360,16387,0,0,0,0,0,0,0,0,0,2506014,1251477,0,262144,7673627,219176929,0,0,1026,709620,2039453160,0,0,0,0,0,3,0,0,0,0,0,0,2047326685,495,14121,1865289,1814273509,23823,0,106997,120538815,651092,169,0,651981,169,0,0,0,652150,0,651261,0,0,0,0,0,33,0,85,14704,0,0,0,0,0,0,0,0,225554,611,0,0,0,1015829,21385469,452411,0,0,0,85,1015829,21385469,0,0,46508,4050,23496,19446,19446,0,0,100512,0,0,364,0,0,0,0,0,0,0,59,0,59,0,0,0,0,0,0,0,0,0,0,0,0,0,0,0,0,0,0,0,0,714,24,0
1777070923.002165,2165,ubuntu-rog,1,0,0,6921196,6316,2893253,5281861,446089,0,15,0,0,0,0,0,1968179211,0,0,4907,1969337891,0,6316,2893253,5281861,446089,0,461658,169194,0,0,14149,0,199,0,0,0,3,0,2893228,104811,5734548,15,0,0,6522,0,0,0,0,0,0,0,48074659,44711287,0,0,107847,107847,15360,16387,0,0,0,0,0,0,0,0,0,2506014,1251477,0,262144,7673627,219176929,0,0,1026,709620,2039453200,0,0,0,0,0,3,0,0,0,0,0,0,2047326725,495,14121,1865289,1814273509,23823,0,106997,120538815,651092,169,0,651981,169,0,0,0,652150,0,651261,0,0,0,0,0,33,0,85,14704,0,0,0,0,0,0,0,0,225554,611,0,0,0,1015829,21385469,452411,0,0,0,85,1015829,21385469,0,0,46508,4050,23496,19446,19446,0,0,100512,0,0,364,0,0,0,0,0,0,0,59,0,59,0,0,0,0,0,0,0,0,0,0,0,0,0,0,0,0,0,0,0,0,714,24,0
1777070924.001269,1269,ubuntu-rog,1,0,0,6921196,6316,2893253,5281861,446089,0,19,0,0,0,0,0,1968179242,0,0,4907,1969337922,0,6316,2893253,5281861,446089,0,461658,169194,0,0,14149,0,199,0,0,0,3,0,2893228,104811,5734550,19,0,0,6522,0,0,0,0,0,0,0,48074663,44711287,0,0,107847,107847,15360,16387,0,0,0,0,0,0,0,0,0,2506014,1251477,0,262144,7673627,219176961,0,0,1026,709620,2039453231,0,0,0,0,0,3,0,0,0,0,0,0,2047326754,495,14121,1865289,1814273509,23823,0,106997,120538815,651092,169,0,651981,169,0,0,0,652150,0,651261,0,0,0,0,0,33,0,85,14704,0,0,0,0,0,0,0,0,225554,611,0,0,0,1015829,21385469,452411,0,0,0,85,1015829,21385469,0,0,46508,4050,23496,19446,19446,0,0,100512,0,0,364,0,0,0,0,0,0,0,59,0,59,0,0,0,0,0,0,0,0,0,0,0,0,0,0,0,0,0,0,0,0,714,24,0
1777070925.001308,1308,ubuntu-rog,1,0,0,6921196,6316,2893253,5281861,446089,0,19,0,0,0,0,0,1968179270,0,0,4907,1969337950,0,6316,2893253,5281861,446089,0,461658,169194,0,0,14149,0,199,0,0,0,3,0,2893228,104811,5734550,19,0,0,6522,0,0,0,0,0,0,0,48074663,44711287,0,0,107847,107847,15360,16387,0,0,0,0,0,0,0,0,0,2506014,1251477,0,262144,7673627,219176961,0,0,1026,709620,2039453259,0,0,0,0,0,3,0,0,0,0,0,0,2047326782,495,14121,1865289,1814273509,23823,0,106997,120538815,651092,169,0,651981,169,0,0,0,652150,0,651261,0,0,0,0,0,33,0,85,14704,0,0,0,0,0,0,0,0,225554,611,0,0,0,1015829,21385469,452411,0,0,0,85,1015829,21385469,0,0,46508,4050,23496,19446,19446,0,0,100512,0,0,364,0,0,0,0,0,0,0,59,0,59,0,0,0,0,0,0,0,0,0,0,0,0,0,0,0,0,0,0,0,0,714,24,0
1777070926.001308,1308,ubuntu-rog,1,0,0,6921196,6316,2893253,5281861,446089,0,22,0,0,0,0,0,1968179295,0,0,4907,1969337975,0,6316,2893253,5281861,446089,0,461658,169194,0,0,14149,0,199,0,0,0,3,0,2893228,104811,5734552,22,0,0,6522,0,0,0,0,0,0,0,48074666,44711287,0,0,107847,107847,15360,16387,0,0,0,0,0,0,0,0,0,2506014,1251477,0,262144,7673627,219176961,0,0,1026,709620,2039453284,0,0,0,0,0,3,0,0,0,0,0,0,2047326805,495,14121,1865289,1814273509,23823,0,106997,120538815,651092,169,0,651981,169,0,0,0,652150,0,651261,0,0,0,0,0,33,0,85,14704,0,0,0,0,0,0,0,0,225554,611,0,0,0,1015829,21385469,452411,0,0,0,85,1015829,21385469,0,0,46508,4050,23496,19446,19446,0,0,100512,0,0,364,0,0,0,0,0,0,0,59,0,59,0,0,0,0,0,0,0,0,0,0,0,0,0,0,0,0,0,0,0,0,714,24,0
1777070927.002162,2162,ubuntu-rog,1,0,0,6921196,6316,2893253,5281861,446089,0,23,0,0,0,0,0,1968179325,0,0,4907,1969338005,0,6316,2893253,5281861,446089,0,461658,169194,0,0,14149,0,199,0,0,0,3,0,2893228,104811,5734553,23,0,0,6522,0,0,0,0,0,0,0,48074667,44711287,0,0,107847,107847,15360,16387,0,0,0,0,0,0,0,0,0,2506014,1251477,0,262144,7673627,219176961,0,0,1026,709620,2039453314,0,0,0,0,0,3,0,0,0,0,0,0,2047326834,495,14121,1865289,1814273509,23823,0,106997,120538815,651092,169,0,651981,169,0,0,0,652150,0,651261,0,0,0,0,0,33,0,85,14704,0,0,0,0,0,0,0,0,225554,611,0,0,0,1015829,21385469,452411,0,0,0,85,1015829,21385469,0,0,46508,4050,23496,19446,19446,0,0,100512,0,0,364,0,0,0,0,0,0,0,59,0,59,0,0,0,0,0,0,0,0,0,0,0,0,0,0,0,0,0,0,0,0,714,24,0
1777070928.001165,1165,ubuntu-rog,1,0,0,6921196,6316,2893253,5281861,446089,0,23,0,0,0,0,0,1968179356,0,0,4907,1969338036,0,6316,2893253,5281861,446089,0,461658,169194,0,0,14149,0,199,0,0,0,3,0,2893228,104811,5734553,23,0,0,6522,0,0,0,0,0,0,0,48074667,44711287,0,0,107847,107847,15360,16387,0,0,0,0,0,0,0,0,0,2506014,1251477,0,262144,7673627,219176961,0,0,1026,709620,2039453345,0,0,0,0,0,3,0,0,0,0,0,0,2047326865,495,14121,1865289,1814273509,23823,0,106997,120538815,651092,169,0,651981,169,0,0,0,652150,0,651261,0,0,0,0,0,33,0,85,14704,0,0,0,0,0,0,0,0,225554,611,0,0,0,1015829,21385469,452411,0,0,0,85,1015829,21385469,0,0,46508,4050,23496,19446,19446,0,0,100512,0,0,364,0,0,0,0,0,0,0,59,0,59,0,0,0,0,0,0,0,0,0,0,0,0,0,0,0,0,0,0,0,0,714,24,0
1777070929.001247,1247,ubuntu-rog,1,0,0,6921196,6316,2893253,5281861,446089,0,24,0,0,0,0,0,1968179381,0,0,4907,1969338061,0,6316,2893253,5281861,446089,0,461658,169194,0,0,14149,0,199,0,0,0,3,0,2893228,104811,5734556,24,0,0,6522,0,0,0,0,0,0,0,48074668,44711287,0,0,107847,107847,15360,16387,0,0,0,0,0,0,0,0,0,2506014,1251477,0,262144,7673627,219177017,0,0,1026,709620,2039453370,0,0,0,0,0,3,0,0,0,0,0,0,2047326887,495,14121,1865289,1814273509,23823,0,106997,120538815,651092,169,0,651981,169,0,0,0,652150,0,651261,0,0,0,0,0,33,0,85,14704,0,0,0,0,0,0,0,0,225554,611,0,0,0,1015829,21385469,452411,0,0,0,85,1015829,21385469,0,0,46508,4050,23496,19446,19446,0,0,100512,0,0,364,0,0,0,0,0,0,0,59,0,59,0,0,0,0,0,0,0,0,0,0,0,0,0,0,0,0,0,0,0,0,714,24,0
1777070930.001309,1309,ubuntu-rog,1,0,0,6921196,6316,2893253,5281885,446089,0,14,0,0,0,0,0,1968179408,0,0,4907,1969338088,0,6316,2893253,5281885,446089,0,461658,169194,0,0,14149,0,199,0,0,0,3,0,2893228,104811,5734556,14,0,0,6522,0,0,0,0,0,0,0,48074668,44711297,0,0,107847,107847,15360,16387,0,0,0,0,0,0,0,0,0,2506019,1251479,0,262144,7673627,219177017,0,0,1026,709620,2039453397,0,0,0,0,0,3,0,0,0,0,0,0,2047326914,495,14121,1865289,1814273509,23823,0,106997,120538815,651092,169,0,651981,169,0,0,0,652150,0,651261,0,0,0,0,0,33,0,85,14704,0,0,0,0,0,0,0,0,225554,611,0,0,0,1015829,21385469,452411,0,0,0,85,1015829,21385469,0,0,46508,4050,23496,19446,19446,0,0,100512,0,0,364,0,0,0,0,0,0,0,59,0,59,0,0,0,0,0,0,0,0,0,0,0,0,0,0,0,0,0,0,0,0,714,24,0
1777070931.002305,2305,ubuntu-rog,1,0,0,6921196,6316,2893253,5281885,446089,0,14,0,0,0,0,0,1968179436,0,0,4907,1969338116,0,6316,2893253,5281885,446089,0,461658,169194,0,0,14149,0,199,0,0,0,3,0,2893228,104811,5734556,14,0,0,6522,0,0,0,0,0,0,0,48074668,44711297,0,0,107847,107847,15360,16387,0,0,0,0,0,0,0,0,0,2506019,1251479,0,262144,7673627,219177017,0,0,1026,709620,2039453425,0,0,0,0,0,3,0,0,0,0,0,0,2047326942,495,14121,1865289,1814273509,23823,0,106997,120538815,651092,169,0,651981,169,0,0,0,652150,0,651261,0,0,0,0,0,33,0,85,14704,0,0,0,0,0,0,0,0,225554,611,0,0,0,1015829,21385469,452411,0,0,0,85,1015829,21385469,0,0,46508,4050,23496,19446,19446,0,0,100512,0,0,364,0,0,0,0,0,0,0,59,0,59,0,0,0,0,0,0,0,0,0,0,0,0,0,0,0,0,0,0,0,0,714,24,0
1777070932.001165,1165,ubuntu-rog,1,0,0,6921196,6316,2893253,5281885,446089,0,17,0,0,0,0,0,1968179462,0,0,4907,1969338142,0,6316,2893253,5281885,446089,0,461658,169194,0,0,14149,0,199,0,0,0,3,0,2893228,104811,5734558,17,0,0,6522,0,0,0,0,0,0,0,48074671,44711297,0,0,107847,107847,15360,16387,0,0,0,0,0,0,0,0,0,2506019,1251479,0,262144,7673627,219177017,0,0,1026,709620,2039453451,0,0,0,0,0,3,0,0,0,0,0,0,2047326966,495,14121,1865289,1814273509,23823,0,106997,120538815,651092,169,0,651981,169,0,0,0,652150,0,651261,0,0,0,0,0,33,0,85,14704,0,0,0,0,0,0,0,0,225554,611,0,0,0,1015829,21385469,452411,0,0,0,85,1015829,21385469,0,0,46508,4050,23496,19446,19446,0,0,100512,0,0,364,0,0,0,0,0,0,0,59,0,59,0,0,0,0,0,0,0,0,0,0,0,0,0,0,0,0,0,0,0,0,714,24,0
1777070933.001167,1167,ubuntu-rog,1,0,0,6921196,6316,2893253,5281885,446089,0,17,0,0,0,0,0,1968179493,0,0,4907,1969338173,0,6316,2893253,5281885,446089,0,461658,169194,0,0,14149,0,199,0,0,0,3,0,2893228,104811,5734558,17,0,0,6522,0,0,0,0,0,0,0,48074671,44711297,0,0,107847,107847,15360,16387,0,0,0,0,0,0,0,0,0,2506019,1251479,0,262144,7673627,219177017,0,0,1026,709620,2039453482,0,0,0,0,0,3,0,0,0,0,0,0,2047326997,495,14121,1865289,1814273509,23823,0,106997,120538815,651092,169,0,651981,169,0,0,0,652150,0,651261,0,0,0,0,0,33,0,85,14704,0,0,0,0,0,0,0,0,225554,611,0,0,0,1015829,21385469,452411,0,0,0,85,1015829,21385469,0,0,46508,4050,23496,19446,19446,0,0,100512,0,0,364,0,0,0,0,0,0,0,59,0,59,0,0,0,0,0,0,0,0,0,0,0,0,0,0,0,0,0,0,0,0,714,24,0
1777070934.001264,1264,ubuntu-rog,1,0,0,6921196,6316,2893253,5281885,446089,0,17,0,0,0,0,0,1968179526,0,0,4907,1969338206,0,6316,2893253,5281885,446089,0,461658,169194,0,0,14149,0,199,0,0,0,3,0,2893228,104811,5734558,17,0,0,6522,0,0,0,0,0,0,0,48074671,44711297,0,0,107847,107847,15360,16387,0,0,0,0,0,0,0,0,0,2506019,1251479,0,262144,7673627,219177053,0,0,1026,709620,2039453515,0,0,0,0,0,3,0,0,0,0,0,0,2047327028,495,14121,1865289,1814273509,23823,0,106997,120538815,651092,169,0,651981,169,0,0,0,652150,0,651261,0,0,0,0,0,33,0,85,14704,0,0,0,0,0,0,0,0,225554,611,0,0,0,1015829,21385469,452411,0,0,0,85,1015829,21385469,0,0,46508,4050,23496,19446,19446,0,0,100512,0,0,364,0,0,0,0,0,0,0,59,0,59,0,0,0,0,0,0,0,0,0,0,0,0,0,0,0,0,0,0,0,0,714,24,0
1777070935.002306,2306,ubuntu-rog,1,0,0,6921196,6316,2893253,5281885,446089,0,20,0,0,0,0,0,1968179547,0,0,4907,1969338227,0,6316,2893253,5281885,446089,0,461658,169194,0,0,14149,0,199,0,0,0,3,0,2893228,104811,5734560,20,0,0,6522,0,0,0,0,0,0,0,48074674,44711297,0,0,107847,107847,15360,16387,0,0,0,0,0,0,0,0,0,2506019,1251479,0,262144,7673627,219177053,0,0,1026,709620,2039453536,0,0,0,0,0,3,0,0,0,0,0,0,2047327049,495,14121,1865289,1814273509,23823,0,106997,120538815,651092,169,0,651981,169,0,0,0,652150,0,651261,0,0,0,0,0,33,0,85,14704,0,0,0,0,0,0,0,0,225554,611,0,0,0,1015829,21385469,452411,0,0,0,85,1015829,21385469,0,0,46508,4050,23496,19446,19446,0,0,100512,0,0,364,0,0,0,0,0,0,0,59,0,59,0,0,0,0,0,0,0,0,0,0,0,0,0,0,0,0,0,0,0,0,714,24,0
1777070936.001205,1205,ubuntu-rog,1,0,0,6921196,6316,2893253,5281885,446089,0,21,0,0,0,0,0,1968179577,0,0,4907,1969338257,0,6316,2893253,5281885,446089,0,461658,169194,0,0,14149,0,199,0,0,0,3,0,2893228,104811,5734561,21,0,0,6522,0,0,0,0,0,0,0,48074675,44711297,0,0,107847,107847,15360,16387,0,0,0,0,0,0,0,0,0,2506019,1251479,0,262144,7673627,219177053,0,0,1026,709620,2039453566,0,0,0,0,0,3,0,0,0,0,0,0,2047327078,495,14121,1865289,1814273509,23823,0,106997,120538815,651092,169,0,651981,169,0,0,0,652150,0,651261,0,0,0,0,0,33,0,85,14704,0,0,0,0,0,0,0,0,225554,611,0,0,0,1015829,21385469,452411,0,0,0,85,1015829,21385469,0,0,46508,4050,23496,19446,19446,0,0,100512,0,0,364,0,0,0,0,0,0,0,59,0,59,0,0,0,0,0,0,0,0,0,0,0,0,0,0,0,0,0,0,0,0,714,24,0
1777070937.002159,2159,ubuntu-rog,1,0,0,6785919,6316,3016474,5281966,446089,0,21,0,0,0,0,0,1968303399,0,0,4907,1969462079,0,6316,3016474,5281966,446089,0,461658,169194,0,0,14149,0,199,0,0,0,3,0,3016701,104811,5734561,21,0,0,6522,0,0,0,0,0,0,0,48074675,44711297,0,0,107847,107847,15360,16604,0,0,0,0,0,0,0,0,0,2478986,1237979,0,262144,7673627,219177053,0,0,1026,709620,2039577388,0,0,0,0,0,3,0,0,0,0,0,0,2047327131,495,14121,1865289,1814397052,23823,0,106997,120538815,651092,169,0,651981,169,0,0,0,652150,0,651261,0,0,0,0,0,33,0,85,14704,0,0,0,0,0,0,0,0,225554,611,0,0,0,1015829,21385469,452411,0,0,0,85,1015829,21385469,0,0,46508,4050,23496,19446,19446,0,0,100512,0,0,364,0,0,0,0,0,0,0,59,0,59,0,0,0,0,0,0,0,0,0,0,0,0,0,0,0,0,0,0,0,0,714,24,0
1777070938.001154,1154,ubuntu-rog,1,0,0,6864028,6316,2930419,5281968,446089,0,23,0,0,0,0,0,1968527916,0,0,4907,1969686596,0,6316,2930419,5281968,446089,0,461658,169194,0,0,14149,0,199,0,0,0,3,0,2930560,104811,5734563,23,0,0,6522,0,0,0,0,0,0,0,48074677,44711297,0,0,107847,107847,15360,16552,0,0,0,0,0,0,0,0,0,2494605,1245779,0,262144,7673627,219177053,0,0,1026,709620,2039801905,0,0,0,0,0,3,0,0,0,0,0,0,2047637965,495,14121,1865289,1814621047,23823,0,106997,120538815,651092,169,0,651981,169,0,0,0,652150,0,651261,0,0,0,0,0,33,0,85,14704,0,0,0,0,0,0,0,0,225554,611,0,0,0,1015829,21385469,452411,0,0,0,85,1015829,21385469,0,0,46508,4050,23496,19446,19446,0,0,100512,0,0,364,0,0,0,0,0,0,0,59,0,59,0,0,0,0,0,0,0,0,0,0,0,0,0,0,0,0,0,0,0,0,714,24,0
1777070939.001261,1261,ubuntu-rog,1,0,0,6905165,6316,2898153,5281969,446089,0,16,0,0,0,0,0,1968600189,0,0,4907,1969758869,0,6316,2898153,5281969,446089,0,461658,169194,0,0,14149,0,199,0,0,0,3,0,2898206,104811,5734564,16,0,0,6522,0,0,0,0,0,0,0,48074678,44711305,0,0,107847,107847,15360,16462,0,0,0,0,0,0,0,0,0,2502830,1249887,0,262144,7673627,219177085,0,0,1026,709620,2039874178,0,0,0,0,0,3,0,0,0,0,0,0,2047742810,495,14121,1865289,1814693050,23823,0,106997,120538815,651092,169,0,651981,169,0,0,0,652150,0,651261,0,0,0,0,0,33,0,85,14704,0,0,0,0,0,0,0,0,225554,611,0,0,0,1015829,21385469,452411,0,0,0,85,1015829,21385469,0,0,46508,4050,23496,19446,19446,0,0,100512,0,0,364,0,0,0,0,0,0,0,59,0,59,0,0,0,0,0,0,0,0,0,0,0,0,0,0,0,0,0,0,0,0,714,24,0
1777070940.001326,1326,ubuntu-rog,1,0,0,6905279,6316,2898053,5281969,446089,0,17,0,0,0,0,0,1968600215,0,0,4907,1969758895,0,6316,2898053,5281969,446089,0,461658,169194,0,0,14149,0,199,0,0,0,3,0,2898111,104811,5734566,17,0,0,6522,0,0,0,0,0,0,0,48074679,44711305,0,0,107847,107847,15360,16396,0,0,0,0,0,0,0,0,0,2502853,1249898,0,262144,7673627,219177113,0,0,1026,709620,2039874204,0,0,0,0,0,3,0,0,0,0,0,0,2047742835,495,14121,1865289,1814693050,23823,0,106997,120538815,651092,169,0,651981,169,0,0,0,652150,0,651261,0,0,0,0,0,33,0,85,14704,0,0,0,0,0,0,0,0,225554,611,0,0,0,1015829,21385469,452411,0,0,0,85,1015829,21385469,0,0,46508,4050,23496,19446,19446,0,0,100512,0,0,364,0,0,0,0,0,0,0,59,0,59,0,0,0,0,0,0,0,0,0,0,0,0,0,0,0,0,0,0,0,0,714,24,0
1777070941.002315,2315,ubuntu-rog,1,0,0,6906056,6316,2898053,5281969,446089,0,17,0,0,0,0,0,1968600246,0,0,4907,1969758926,0,6316,2898053,5281969,446089,0,461658,169194,0,0,14149,0,199,0,0,0,3,0,2898111,104811,5734566,17,0,0,6522,0,0,0,0,0,0,0,48074679,44711305,0,0,107847,107847,15360,16396,0,0,0,0,0,0,0,0,0,2503008,1249976,0,262144,7673627,219177113,0,0,1026,709620,2039874235,0,0,0,0,0,3,0,0,0,0,0,0,2047742865,495,14121,1865289,1814693050,23823,0,106997,120538815,651092,169,0,651981,169,0,0,0,652150,0,651261,0,0,0,0,0,33,0,85,14704,0,0,0,0,0,0,0,0,225554,611,0,0,0,1015829,21385469,452411,0,0,0,85,1015829,21385469,0,0,46508,4050,23496,19446,19446,0,0,100512,0,0,364,0,0,0,0,0,0,0,59,0,59,0,0,0,0,0,0,0,0,0,0,0,0,0,0,0,0,0,0,0,0,714,24,0
1777070942.001173,1173,ubuntu-rog,1,0,0,6906739,6316,2898053,5281969,446089,0,17,0,0,0,0,0,1968600275,0,0,4907,1969758955,0,6316,2898053,5281969,446089,0,461658,169194,0,0,14149,0,199,0,0,0,3,0,2898111,104811,5734566,17,0,0,6522,0,0,0,0,0,0,0,48074679,44711305,0,0,107847,107847,15360,16396,0,0,0,0,0,0,0,0,0,2503145,1250044,0,262144,7673627,219177113,0,0,1026,709620,2039874264,0,0,0,0,0,3,0,0,0,0,0,0,2047742894,495,14121,1865289,1814693050,23823,0,106997,120538815,651092,169,0,651981,169,0,0,0,652150,0,651261,0,0,0,0,0,33,0,85,14704,0,0,0,0,0,0,0,0,225554,611,0,0,0,1015829,21385469,452411,0,0,0,85,1015829,21385469,0,0,46508,4050,23496,19446,19446,0,0,100512,0,0,364,0,0,0,0,0,0,0,59,0,59,0,0,0,0,0,0,0,0,0,0,0,0,0,0,0,0,0,0,0,0,714,24,0
1777070943.001169,1169,ubuntu-rog,1,0,0,6907324,6316,2898053,5281969,446089,0,20,0,0,0,0,0,1968600299,0,0,4907,1969758979,0,6316,2898053,5281969,446089,0,461658,169194,0,0,14149,0,199,0,0,0,3,0,2898111,104811,5734568,20,0,0,6522,0,0,0,0,0,0,0,48074682,44711305,0,0,107847,107847,15360,16396,0,0,0,0,0,0,0,0,0,2503262,1250102,0,262144,7673627,219177113,0,0,1026,709620,2039874288,0,0,0,0,0,3,0,0,0,0,0,0,2047742916,495,14121,1865289,1814693050,23823,0,106997,120538815,651092,169,0,651981,169,0,0,0,652150,0,651261,0,0,0,0,0,33,0,85,14704,0,0,0,0,0,0,0,0,225554,611,0,0,0,1015829,21385469,452411,0,0,0,85,1015829,21385469,0,0,46508,4050,23496,19446,19446,0,0,100512,0,0,364,0,0,0,0,0,0,0,59,0,59,0,0,0,0,0,0,0,0,0,0,0,0,0,0,0,0,0,0,0,0,714,24,0
1777070944.001272,1272,ubuntu-rog,1,0,0,6909372,6316,2898053,5281969,446089,0,20,0,0,0,0,0,1968600329,0,0,4907,1969759009,0,6316,2898053,5281969,446089,0,461658,169194,0,0,14149,0,199,0,0,0,3,0,2898111,104811,5734568,20,0,0,6522,0,0,0,0,0,0,0,48074682,44711305,0,0,107847,107847,15360,16396,0,0,0,0,0,0,0,0,0,2503671,1250307,0,262144,7673627,219177113,0,0,1026,709620,2039874318,0,0,0,0,0,3,0,0,0,0,0,0,2047742946,495,14121,1865289,1814693050,23823,0,106997,120538815,651092,169,0,651981,169,0,0,0,652150,0,651261,0,0,0,0,0,33,0,85,14704,0,0,0,0,0,0,0,0,225554,611,0,0,0,1015829,21385469,452411,0,0,0,85,1015829,21385469,0,0,46508,4050,23496,19446,19446,0,0,100512,0,0,364,0,0,0,0,0,0,0,59,0,59,0,0,0,0,0,0,0,0,0,0,0,0,0,0,0,0,0,0,0,0,714,24,0
1777070945.002308,2308,ubuntu-rog,1,0,0,6909372,6316,2898053,5281969,446089,0,20,0,0,0,0,0,1968600358,0,0,4907,1969759038,0,6316,2898053,5281969,446089,0,461658,169194,0,0,14149,0,199,0,0,0,3,0,2898111,104811,5734568,20,0,0,6522,0,0,0,0,0,0,0,48074682,44711305,0,0,107847,107847,15360,16396,0,0,0,0,0,0,0,0,0,2503671,1250307,0,262144,7673627,219177113,0,0,1026,709620,2039874347,0,0,0,0,0,3,0,0,0,0,0,0,2047742975,495,14121,1865289,1814693050,23823,0,106997,120538815,651092,169,0,651981,169,0,0,0,652150,0,651261,0,0,0,0,0,33,0,85,14704,0,0,0,0,0,0,0,0,225554,611,0,0,0,1015829,21385469,452411,0,0,0,85,1015829,21385469,0,0,46508,4050,23496,19446,19446,0,0,100512,0,0,364,0,0,0,0,0,0,0,59,0,59,0,0,0,0,0,0,0,0,0,0,0,0,0,0,0,0,0,0,0,0,714,24,0
1777070946.001317,1317,ubuntu-rog,1,0,0,6909372,6316,2898053,5281969,446089,0,21,0,0,0,0,0,1968600383,0,0,4907,1969759063,0,6316,2898053,5281969,446089,0,461658,169194,0,0,14149,0,199,0,0,0,3,0,2898111,104811,5734571,21,0,0,6522,0,0,0,0,0,0,0,48074683,44711305,0,0,107847,107847,15360,16396,0,0,0,0,0,0,0,0,0,2503671,1250307,0,262144,7673627,219177129,0,0,1026,709620,2039874372,0,0,0,0,0,3,0,0,0,0,0,0,2047742997,495,14121,1865289,1814693050,23823,0,106997,120538815,651092,169,0,651981,169,0,0,0,652150,0,651261,0,0,0,0,0,33,0,85,14704,0,0,0,0,0,0,0,0,225554,611,0,0,0,1015829,21385469,452411,0,0,0,85,1015829,21385469,0,0,46508,4050,23496,19446,19446,0,0,100512,0,0,364,0,0,0,0,0,0,0,59,0,59,0,0,0,0,0,0,0,0,0,0,0,0,0,0,0,0,0,0,0,0,714,24,0
1777070947.001170,1170,ubuntu-rog,1,0,0,6909372,6316,2898053,5281969,446089,0,21,0,0,0,0,0,1968600415,0,0,4907,1969759095,0,6316,2898053,5281969,446089,0,461658,169194,0,0,14149,0,199,0,0,0,3,0,2898111,104811,5734571,21,0,0,6522,0,0,0,0,0,0,0,48074683,44711305,0,0,107847,107847,15360,16396,0,0,0,0,0,0,0,0,0,2503671,1250307,0,262144,7673627,219177129,0,0,1026,709620,2039874404,0,0,0,0,0,3,0,0,0,0,0,0,2047743029,495,14121,1865289,1814693050,23823,0,106997,120538815,651092,169,0,651981,169,0,0,0,652150,0,651261,0,0,0,0,0,33,0,85,14704,0,0,0,0,0,0,0,0,225554,611,0,0,0,1015829,21385469,452411,0,0,0,85,1015829,21385469,0,0,46508,4050,23496,19446,19446,0,0,100512,0,0,364,0,0,0,0,0,0,0,59,0,59,0,0,0,0,0,0,0,0,0,0,0,0,0,0,0,0,0,0,0,0,714,24,0
1777070948.001166,1166,ubuntu-rog,1,0,0,6909372,6316,2898053,5281969,446089,0,21,0,0,0,0,0,1968600445,0,0,4907,1969759125,0,6316,2898053,5281969,446089,0,461658,169194,0,0,14149,0,199,0,0,0,3,0,2898111,104811,5734571,21,0,0,6522,0,0,0,0,0,0,0,48074683,44711305,0,0,107847,107847,15360,16396,0,0,0,0,0,0,0,0,0,2503671,1250307,0,262144,7673627,219177129,0,0,1026,709620,2039874434,0,0,0,0,0,3,0,0,0,0,0,0,2047743059,495,14121,1865289,1814693050,23823,0,106997,120538815,651092,169,0,651981,169,0,0,0,652150,0,651261,0,0,0,0,0,33,0,85,14704,0,0,0,0,0,0,0,0,225554,611,0,0,0,1015829,21385469,452411,0,0,0,85,1015829,21385469,0,0,46508,4050,23496,19446,19446,0,0,100512,0,0,364,0,0,0,0,0,0,0,59,0,59,0,0,0,0,0,0,0,0,0,0,0,0,0,0,0,0,0,0,0,0,714,24,0
1777070949.002272,2272,ubuntu-rog,1,0,0,6909636,6316,2898053,5281969,446089,0,22,0,0,0,0,0,1968600467,0,0,4907,1969759147,0,6316,2898053,5281969,446089,0,461658,169194,0,0,14149,0,199,0,0,0,3,0,2898111,104811,5734572,22,0,0,6522,0,0,0,0,0,0,0,48074684,44711305,0,0,107847,107847,15360,16396,0,0,0,0,0,0,0,0,0,2503724,1250333,0,262144,7673627,219177161,0,0,1026,709620,2039874456,0,0,0,0,0,3,0,0,0,0,0,0,2047743080,495,14121,1865289,1814693050,23823,0,106997,120538815,651092,169,0,651981,169,0,0,0,652150,0,651261,0,0,0,0,0,33,0,85,14704,0,0,0,0,0,0,0,0,225554,611,0,0,0,1015829,21385469,452411,0,0,0,85,1015829,21385469,0,0,46508,4050,23496,19446,19446,0,0,100512,0,0,364,0,0,0,0,0,0,0,59,0,59,0,0,0,0,0,0,0,0,0,0,0,0,0,0,0,0,0,0,0,0,714,24,0
1777070950.001317,1317,ubuntu-rog,1,0,0,6909909,6316,2898075,5281969,446089,0,14,0,0,0,0,0,1968600496,0,0,4907,1969759176,0,6316,2898075,5281969,446089,0,461658,169194,0,0,14149,0,199,0,0,0,3,0,2898111,104811,5734574,14,0,0,6522,0,0,0,0,0,0,0,48074686,44711315,0,0,107847,107847,15360,16396,0,0,0,0,0,0,0,0,0,2503779,1250361,0,262144,7673627,219177161,0,0,1026,709620,2039874485,0,0,0,0,0,3,0,0,0,0,0,0,2047743107,495,14121,1865289,1814693050,23823,0,106997,120538815,651092,169,0,651981,169,0,0,0,652150,0,651261,0,0,0,0,0,33,0,85,14704,0,0,0,0,0,0,0,0,225554,611,0,0,0,1015829,21385469,452411,0,0,0,85,1015829,21385469,0,0,46508,4050,23496,19446,19446,0,0,100512,0,0,364,0,0,0,0,0,0,0,59,0,59,0,0,0,0,0,0,0,0,0,0,0,0,0,0,0,0,0,0,0,0,714,24,0
1777070951.001332,1332,ubuntu-rog,1,0,0,6909946,6316,2898032,5281969,446089,0,14,0,0,0,0,0,1968600529,0,0,4907,1969759209,0,6316,2898032,5281969,446089,0,461658,169194,0,0,14149,0,199,0,0,0,3,0,2898068,104811,5734574,14,0,0,6522,0,0,0,0,0,0,0,48074686,44711315,0,0,107847,107847,15360,16396,0,0,0,0,0,0,0,0,0,2503786,1250364,0,262144,7673627,219177177,0,0,1026,709620,2039874518,0,0,0,0,0,3,0,0,0,0,0,0,2047743181,495,14121,1865289,1814693050,23823,0,106997,120538815,651092,169,0,651981,169,0,0,0,652150,0,651261,0,0,0,0,0,33,0,85,14704,0,0,0,0,0,0,0,0,225554,611,0,0,0,1015829,21385469,452411,0,0,0,85,1015829,21385469,0,0,46508,4050,23496,19446,19446,0,0,100512,0,0,364,0,0,0,0,0,0,0,59,0,59,0,0,0,0,0,0,0,0,0,0,0,0,0,0,0,0,0,0,0,0,714,24,0
1777070952.001175,1175,ubuntu-rog,1,0,0,6910002,6316,2898032,5281969,446089,0,16,0,0,0,0,0,1968600560,0,0,4907,1969759240,0,6316,2898032,5281969,446089,0,461658,169194,0,0,14149,0,199,0,0,0,3,0,2898068,104811,5734576,16,0,0,6522,0,0,0,0,0,0,0,48074688,44711315,0,0,107847,107847,15360,16396,0,0,0,0,0,0,0,0,0,2503797,1250370,0,262144,7673627,219177177,0,0,1026,709620,2039874549,0,0,0,0,0,3,0,0,0,0,0,0,2047743212,495,14121,1865289,1814693050,23823,0,106997,120538815,651092,169,0,651981,169,0,0,0,652150,0,651261,0,0,0,0,0,33,0,85,14704,0,0,0,0,0,0,0,0,225554,611,0,0,0,1015829,21385469,452411,0,0,0,85,1015829,21385469,0,0,46508,4050,23496,19446,19446,0,0,100512,0,0,364,0,0,0,0,0,0,0,59,0,59,0,0,0,0,0,0,0,0,0,0,0,0,0,0,0,0,0,0,0,0,714,24,0
1777070953.002163,2163,ubuntu-rog,1,0,0,6910002,6316,2898032,5281969,446089,0,17,0,0,0,0,0,1968600594,0,0,4907,1969759274,0,6316,2898032,5281969,446089,0,461658,169194,0,0,14149,0,199,0,0,0,3,0,2898068,104811,5734577,17,0,0,6522,0,0,0,0,0,0,0,48074689,44711315,0,0,107847,107847,15360,16396,0,0,0,0,0,0,0,0,0,2503797,1250370,0,262144,7673627,219177177,0,0,1026,709620,2039874583,0,0,0,0,0,3,0,0,0,0,0,0,2047743245,495,14121,1865289,1814693050,23823,0,106997,120538815,651092,169,0,651981,169,0,0,0,652150,0,651261,0,0,0,0,0,33,0,85,14704,0,0,0,0,0,0,0,0,225554,611,0,0,0,1015829,21385469,452411,0,0,0,85,1015829,21385469,0,0,46508,4050,23496,19446,19446,0,0,100512,0,0,364,0,0,0,0,0,0,0,59,0,59,0,0,0,0,0,0,0,0,0,0,0,0,0,0,0,0,0,0,0,0,714,24,0
1777070954.001279,1279,ubuntu-rog,1,0,0,6910948,6316,2898032,5281969,446089,0,17,0,0,0,0,0,1968600618,0,0,4907,1969759298,0,6316,2898032,5281969,446089,0,461658,169194,0,0,14149,0,199,0,0,0,3,0,2898068,104811,5734577,17,0,0,6522,0,0,0,0,0,0,0,48074689,44711315,0,0,107847,107847,15360,16396,0,0,0,0,0,0,0,0,0,2503986,1250464,0,262144,7673627,219177177,0,0,1026,709620,2039874607,0,0,0,0,0,3,0,0,0,0,0,0,2047743269,495,14121,1865289,1814693050,23823,0,106997,120538815,651092,169,0,651981,169,0,0,0,652150,0,651261,0,0,0,0,0,33,0,85,14704,0,0,0,0,0,0,0,0,225554,611,0,0,0,1015829,21385469,452411,0,0,0,85,1015829,21385469,0,0,46508,4050,23496,19446,19446,0,0,100512,0,0,364,0,0,0,0,0,0,0,59,0,59,0,0,0,0,0,0,0,0,0,0,0,0,0,0,0,0,0,0,0,0,714,24,0
1777070955.001317,1317,ubuntu-rog,1,0,0,6910948,6316,2898032,5281969,446089,0,18,0,0,0,0,0,1968600646,0,0,4907,1969759326,0,6316,2898032,5281969,446089,0,461658,169194,0,0,14149,0,199,0,0,0,3,0,2898068,104811,5734578,18,0,0,6522,0,0,0,0,0,0,0,48074690,44711315,0,0,107847,107847,15360,16396,0,0,0,0,0,0,0,0,0,2503986,1250464,0,262144,7673627,219177177,0,0,1026,709620,2039874635,0,0,0,0,0,3,0,0,0,0,0,0,2047743296,495,14121,1865289,1814693050,23823,0,106997,120538815,651092,169,0,651981,169,0,0,0,652150,0,651261,0,0,0,0,0,33,0,85,14704,0,0,0,0,0,0,0,0,225554,611,0,0,0,1015829,21385469,452411,0,0,0,85,1015829,21385469,0,0,46508,4050,23496,19446,19446,0,0,100512,0,0,364,0,0,0,0,0,0,0,59,0,59,0,0,0,0,0,0,0,0,0,0,0,0,0,0,0,0,0,0,0,0,714,24,0
1777070956.001315,1315,ubuntu-rog,1,0,0,6911192,6316,2898032,5281969,446089,0,18,0,0,0,0,0,1968600674,0,0,4907,1969759354,0,6316,2898032,5281969,446089,0,461658,169194,0,0,14149,0,199,0,0,0,3,0,2898068,104811,5734578,18,0,0,6522,0,0,0,0,0,0,0,48074690,44711315,0,0,107847,107847,15360,16396,0,0,0,0,0,0,0,0,0,2504035,1250489,0,262144,7673627,219177177,0,0,1026,709620,2039874663,0,0,0,0,0,3,0,0,0,0,0,0,2047743324,495,14121,1865289,1814693050,23823,0,106997,120538815,651092,169,0,651981,169,0,0,0,652150,0,651261,0,0,0,0,0,33,0,85,14704,0,0,0,0,0,0,0,0,225554,611,0,0,0,1015829,21385469,452411,0,0,0,85,1015829,21385469,0,0,46508,4050,23496,19446,19446,0,0,100512,0,0,364,0,0,0,0,0,0,0,59,0,59,0,0,0,0,0,0,0,0,0,0,0,0,0,0,0,0,0,0,0,0,714,24,0
1777070957.002166,2166,ubuntu-rog,1,0,0,6911953,6316,2898032,5281969,446089,0,19,0,0,0,0,0,1968600700,0,0,4907,1969759380,0,6316,2898032,5281969,446089,0,461658,169194,0,0,14149,0,199,0,0,0,3,0,2898068,104811,5734581,19,0,0,6522,0,0,0,0,0,0,0,48074691,44711315,0,0,107847,107847,15360,16396,0,0,0,0,0,0,0,0,0,2504187,1250565,0,262144,7673627,219177193,0,0,1026,709620,2039874689,0,0,0,0,0,3,0,0,0,0,0,0,2047743347,495,14121,1865289,1814693050,23823,0,106997,120538815,651092,169,0,651981,169,0,0,0,652150,0,651261,0,0,0,0,0,33,0,85,14704,0,0,0,0,0,0,0,0,225554,611,0,0,0,1015829,21385469,452411,0,0,0,85,1015829,21385469,0,0,46508,4050,23496,19446,19446,0,0,100512,0,0,364,0,0,0,0,0,0,0,59,0,59,0,0,0,0,0,0,0,0,0,0,0,0,0,0,0,0,0,0,0,0,714,24,0
1777070958.001172,1172,ubuntu-rog,1,0,0,6912266,6316,2898032,5281969,446089,0,19,0,0,0,0,0,1968600731,0,0,4907,1969759411,0,6316,2898032,5281969,446089,0,461658,169194,0,0,14149,0,199,0,0,0,3,0,2898068,104811,5734581,19,0,0,6522,0,0,0,0,0,0,0,48074691,44711315,0,0,107847,107847,15360,16396,0,0,0,0,0,0,0,0,0,2504250,1250596,0,262144,7673627,219177193,0,0,1026,709620,2039874720,0,0,0,0,0,3,0,0,0,0,0,0,2047743378,495,14121,1865289,1814693050,23823,0,106997,120538815,651092,169,0,651981,169,0,0,0,652150,0,651261,0,0,0,0,0,33,0,85,14704,0,0,0,0,0,0,0,0,225554,611,0,0,0,1015829,21385469,452411,0,0,0,85,1015829,21385469,0,0,46508,4050,23496,19446,19446,0,0,100512,0,0,364,0,0,0,0,0,0,0,59,0,59,0,0,0,0,0,0,0,0,0,0,0,0,0,0,0,0,0,0,0,0,714,24,0
1777070959.001276,1276,ubuntu-rog,1,0,0,6912362,6316,2898032,5281969,446089,0,19,0,0,0,0,0,1968600761,0,0,4907,1969759441,0,6316,2898032,5281969,446089,0,461658,169194,0,0,14149,0,199,0,0,0,3,0,2898068,104811,5734581,19,0,0,6522,0,0,0,0,0,0,0,48074691,44711315,0,0,107847,107847,15360,16396,0,0,0,0,0,0,0,0,0,2504269,1250605,0,262144,7673627,219177193,0,0,1026,709620,2039874750,0,0,0,0,0,3,0,0,0,0,0,0,2047743408,495,14121,1865289,1814693050,23823,0,106997,120538815,651092,169,0,651981,169,0,0,0,652150,0,651261,0,0,0,0,0,33,0,85,14704,0,0,0,0,0,0,0,0,225554,611,0,0,0,1015829,21385469,452411,0,0,0,85,1015829,21385469,0,0,46508,4050,23496,19446,19446,0,0,100512,0,0,364,0,0,0,0,0,0,0,59,0,59,0,0,0,0,0,0,0,0,0,0,0,0,0,0,0,0,0,0,0,0,714,24,0
1777070960.001313,1313,ubuntu-rog,1,0,0,6912362,6316,2898048,5281984,446089,0,17,0,0,0,0,0,1968600802,0,0,4907,1969759482,0,6316,2898048,5281984,446089,0,461658,169194,0,0,14149,0,199,0,0,0,3,0,2898068,104811,5734583,17,0,0,6522,0,0,0,0,0,0,0,48074693,44711319,0,0,107847,107847,15360,16396,0,0,0,0,0,0,0,0,0,2504272,1250607,0,262144,7673627,219177209,0,0,1026,709620,2039874791,0,0,0,0,0,3,0,0,0,0,0,0,2047743447,495,14121,1865289,1814693050,23823,0,106997,120538815,651092,169,0,651981,169,0,0,0,652150,0,651261,0,0,0,0,0,33,0,85,14704,0,0,0,0,0,0,0,0,225554,611,0,0,0,1015829,21385469,452411,0,0,0,85,1015829,21385469,0,0,46508,4050,23496,19446,19446,0,0,100512,0,0,364,0,0,0,0,0,0,0,59,0,59,0,0,0,0,0,0,0,0,0,0,0,0,0,0,0,0,0,0,0,0,714,24,0
1777070961.002311,2311,ubuntu-rog,1,0,0,6912362,6316,2898048,5281984,446089,0,17,0,0,0,0,0,1968600833,0,0,4907,1969759513,0,6316,2898048,5281984,446089,0,461658,169194,0,0,14149,0,199,0,0,0,3,0,2898068,104811,5734583,17,0,0,6522,0,0,0,0,0,0,0,48074693,44711319,0,0,107847,107847,15360,16396,0,0,0,0,0,0,0,0,0,2504272,1250607,0,262144,7673627,219177209,0,0,1026,709620,2039874822,0,0,0,0,0,3,0,0,0,0,0,0,2047743478,495,14121,1865289,1814693050,23823,0,106997,120538815,651092,169,0,651981,169,0,0,0,652150,0,651261,0,0,0,0,0,33,0,85,14704,0,0,0,0,0,0,0,0,225554,611,0,0,0,1015829,21385469,452411,0,0,0,85,1015829,21385469,0,0,46508,4050,23496,19446,19446,0,0,100512,0,0,364,0,0,0,0,0,0,0,59,0,59,0,0,0,0,0,0,0,0,0,0,0,0,0,0,0,0,0,0,0,0,714,24,0
1777070962.001181,1181,ubuntu-rog,1,0,0,6912362,6316,2898048,5281984,446089,0,22,0,0,0,0,0,1968600864,0,0,4907,1969759544,0,6316,2898048,5281984,446089,0,461658,169194,0,0,14149,0,199,0,0,0,3,0,2898068,104811,5734586,22,0,0,6522,0,0,0,0,0,0,0,48074698,44711319,0,0,107847,107847,15360,16396,0,0,0,0,0,0,0,0,0,2504272,1250607,0,262144,7673627,219177237,0,0,1026,709620,2039874853,0,0,0,0,0,3,0,0,0,0,0,0,2047743506,495,14121,1865289,1814693050,23823,0,106997,120538815,651092,169,0,651981,169,0,0,0,652150,0,651261,0,0,0,0,0,33,0,85,14704,0,0,0,0,0,0,0,0,225554,611,0,0,0,1015829,21385469,452411,0,0,0,85,1015829,21385469,0,0,46508,4050,23496,19446,19446,0,0,100512,0,0,364,0,0,0,0,0,0,0,59,0,59,0,0,0,0,0,0,0,0,0,0,0,0,0,0,0,0,0,0,0,0,714,24,0
1777070963.001190,1190,ubuntu-rog,1,0,0,6912362,6316,2898048,5281984,446089,0,22,0,0,0,0,0,1968600886,0,0,4907,1969759566,0,6316,2898048,5281984,446089,0,461658,169194,0,0,14149,0,199,0,0,0,3,0,2898068,104811,5734586,22,0,0,6522,0,0,0,0,0,0,0,48074698,44711319,0,0,107847,107847,15360,16396,0,0,0,0,0,0,0,0,0,2504272,1250607,0,262144,7673627,219177237,0,0,1026,709620,2039874875,0,0,0,0,0,3,0,0,0,0,0,0,2047743528,495,14121,1865289,1814693050,23823,0,106997,120538815,651092,169,0,651981,169,0,0,0,652150,0,651261,0,0,0,0,0,33,0,85,14704,0,0,0,0,0,0,0,0,225554,611,0,0,0,1015829,21385469,452411,0,0,0,85,1015829,21385469,0,0,46508,4050,23496,19446,19446,0,0,100512,0,0,364,0,0,0,0,0,0,0,59,0,59,0,0,0,0,0,0,0,0,0,0,0,0,0,0,0,0,0,0,0,0,714,24,0
1777070964.001298,1298,ubuntu-rog,1,0,0,6912362,6316,2898048,5281984,446089,0,23,0,0,0,0,0,1968600918,0,0,4907,1969759598,0,6316,2898048,5281984,446089,0,461658,169194,0,0,14149,0,199,0,0,0,3,0,2898068,104811,5734587,23,0,0,6522,0,0,0,0,0,0,0,48074699,44711319,0,0,107847,107847,15360,16396,0,0,0,0,0,0,0,0,0,2504272,1250607,0,262144,7673627,219177237,0,0,1026,709620,2039874907,0,0,0,0,0,3,0,0,0,0,0,0,2047743559,495,14121,1865289,1814693050,23823,0,106997,120538815,651092,169,0,651981,169,0,0,0,652150,0,651261,0,0,0,0,0,33,0,85,14704,0,0,0,0,0,0,0,0,225554,611,0,0,0,1015829,21385469,452411,0,0,0,85,1015829,21385469,0,0,46508,4050,23496,19446,19446,0,0,100512,0,0,364,0,0,0,0,0,0,0,59,0,59,0,0,0,0,0,0,0,0,0,0,0,0,0,0,0,0,0,0,0,0,714,24,0
1777070965.001336,1336,ubuntu-rog,1,0,0,6912362,6316,2898048,5281984,446089,0,12,0,0,0,0,0,1968600950,0,0,4907,1969759630,0,6316,2898048,5281984,446089,0,461658,169194,0,0,14149,0,199,0,0,0,3,0,2898068,104811,5734587,12,0,0,6522,0,0,0,0,0,0,0,48074699,44711330,0,0,107847,107847,15360,16396,0,0,0,0,0,0,0,0,0,2504272,1250607,0,262144,7673627,219177281,0,0,1026,709620,2039874939,0,0,0,0,0,3,0,0,0,0,0,0,2047743591,495,14121,1865289,1814693050,23823,0,106997,120538815,651092,169,0,651981,169,0,0,0,652150,0,651261,0,0,0,0,0,33,0,85,14704,0,0,0,0,0,0,0,0,225554,611,0,0,0,1015829,21385469,452411,0,0,0,85,1015829,21385469,0,0,46508,4050,23496,19446,19446,0,0,100512,0,0,364,0,0,0,0,0,0,0,59,0,59,0,0,0,0,0,0,0,0,0,0,0,0,0,0,0,0,0,0,0,0,714,24,0
1777070966.002315,2315,ubuntu-rog,1,0,0,6912362,6316,2898048,5281984,446089,0,13,0,0,0,0,0,1968600980,0,0,4907,1969759660,0,6316,2898048,5281984,446089,0,461658,169194,0,0,14149,0,199,0,0,0,3,0,2898068,104811,5734588,13,0,0,6522,0,0,0,0,0,0,0,48074700,44711330,0,0,107847,107847,15360,16396,0,0,0,0,0,0,0,0,0,2504272,1250607,0,262144,7673627,219177281,0,0,1026,709620,2039874969,0,0,0,0,0,3,0,0,0,0,0,0,2047743620,495,14121,1865289,1814693050,23823,0,106997,120538815,651092,169,0,651981,169,0,0,0,652150,0,651261,0,0,0,0,0,33,0,85,14704,0,0,0,0,0,0,0,0,225554,611,0,0,0,1015829,21385469,452411,0,0,0,85,1015829,21385469,0,0,46508,4050,23496,19446,19446,0,0,100512,0,0,364,0,0,0,0,0,0,0,59,0,59,0,0,0,0,0,0,0,0,0,0,0,0,0,0,0,0,0,0,0,0,714,24,0
1777070967.001180,1180,ubuntu-rog,1,0,0,6912362,6316,2898072,5281991,446089,0,16,0,0,0,0,0,1968601013,0,0,4907,1969759693,0,6316,2898072,5281991,446089,0,461658,169194,0,0,14149,0,199,0,0,0,3,0,2898068,104811,5734591,16,0,0,6522,0,0,0,0,0,0,0,48074703,44711330,0,0,107847,107847,15360,16396,0,0,0,0,0,0,0,0,0,2504274,1250608,0,262144,7673627,219177309,0,0,1026,709620,2039875002,0,0,0,0,0,3,0,0,0,0,0,0,2047743650,495,14121,1865289,1814693050,23823,0,106997,120538815,651092,169,0,651981,169,0,0,0,652150,0,651261,0,0,0,0,0,33,0,85,14704,0,0,0,0,0,0,0,0,225554,611,0,0,0,1015829,21385469,452411,0,0,0,85,1015829,21385469,0,0,46508,4050,23496,19446,19446,0,0,100512,0,0,364,0,0,0,0,0,0,0,59,0,59,0,0,0,0,0,0,0,0,0,0,0,0,0,0,0,0,0,0,0,0,714,24,0
1777070968.001180,1180,ubuntu-rog,1,0,0,6912362,6316,2898072,5281991,446089,0,16,0,0,0,0,0,1968601035,0,0,4907,1969759715,0,6316,2898072,5281991,446089,0,461658,169194,0,0,14149,0,199,0,0,0,3,0,2898068,104811,5734591,16,0,0,6522,0,0,0,0,0,0,0,48074703,44711330,0,0,107847,107847,15360,16396,0,0,0,0,0,0,0,0,0,2504274,1250608,0,262144,7673627,219177309,0,0,1026,709620,2039875024,0,0,0,0,0,3,0,0,0,0,0,0,2047743672,495,14121,1865289,1814693050,23823,0,106997,120538815,651092,169,0,651981,169,0,0,0,652150,0,651261,0,0,0,0,0,33,0,85,14704,0,0,0,0,0,0,0,0,225554,611,0,0,0,1015829,21385469,452411,0,0,0,85,1015829,21385469,0,0,46508,4050,23496,19446,19446,0,0,100512,0,0,364,0,0,0,0,0,0,0,59,0,59,0,0,0,0,0,0,0,0,0,0,0,0,0,0,0,0,0,0,0,0,714,24,0
1777070969.001293,1293,ubuntu-rog,1,0,0,6912362,6316,2898072,5281991,446089,0,16,0,0,0,0,0,1968601068,0,0,4907,1969759748,0,6316,2898072,5281991,446089,0,461658,169194,0,0,14149,0,199,0,0,0,3,0,2898068,104811,5734591,16,0,0,6522,0,0,0,0,0,0,0,48074703,44711330,0,0,107851,107851,15376,16396,0,0,0,0,0,0,0,0,0,2504274,1250608,0,262144,7673627,219177309,0,0,1026,709620,2039875057,0,0,0,0,0,3,0,0,0,0,0,0,2047743701,495,14121,1865289,1814693050,23823,0,106997,120538815,651092,169,0,651981,169,0,0,0,652150,0,651261,0,0,0,0,0,33,0,85,14704,0,0,0,0,0,0,0,0,225554,611,0,0,0,1015829,21385469,452411,0,0,0,85,1015829,21385469,0,0,46508,4050,23496,19446,19446,0,0,100512,0,0,364,0,0,0,0,0,0,0,59,0,59,0,0,0,0,0,0,0,0,0,0,0,0,0,0,0,0,0,0,0,0,714,24,0
1777070970.001339,1339,ubuntu-rog,1,0,0,6912362,6316,2898072,5281991,446089,0,17,0,0,0,0,0,1968601099,0,0,4907,1969759779,0,6316,2898072,5281991,446089,0,461658,169194,0,0,14149,0,199,0,0,0,3,0,2898068,104811,5734592,17,0,0,6522,0,0,0,0,0,0,0,48074704,44711330,0,0,107851,107851,15376,16396,0,0,0,0,0,0,0,0,0,2504274,1250608,0,262144,7673627,219177309,0,0,1026,709620,2039875088,0,0,0,0,0,3,0,0,0,0,0,0,2047743731,495,14121,1865289,1814693050,23823,0,106997,120538815,651092,169,0,651981,169,0,0,0,652150,0,651261,0,0,0,0,0,33,0,85,14704,0,0,0,0,0,0,0,0,225554,611,0,0,0,1015829,21385469,452411,0,0,0,85,1015829,21385469,0,0,46508,4050,23496,19446,19446,0,0,100512,0,0,364,0,0,0,0,0,0,0,59,0,59,0,0,0,0,0,0,0,0,0,0,0,0,0,0,0,0,0,0,0,0,714,24,0
1777070971.001346,1346,ubuntu-rog,1,0,0,6912362,6316,2898072,5281991,446089,0,18,0,0,0,0,0,1968601123,0,0,4907,1969759803,0,6316,2898072,5281991,446089,0,461658,169194,0,0,14149,0,199,0,0,0,3,0,2898068,104811,5734593,18,0,0,6522,0,0,0,0,0,0,0,48074705,44711330,0,0,107851,107851,15376,16396,0,0,0,0,0,0,0,0,0,2504274,1250608,0,262144,7673627,219177309,0,0,1026,709620,2039875112,0,0,0,0,0,3,0,0,0,0,0,0,2047743754,495,14121,1865289,1814693050,23823,0,106997,120538815,651092,169,0,651981,169,0,0,0,652150,0,651261,0,0,0,0,0,33,0,85,14704,0,0,0,0,0,0,0,0,225554,611,0,0,0,1015829,21385469,452411,0,0,0,85,1015829,21385469,0,0,46508,4050,23496,19446,19446,0,0,100512,0,0,364,0,0,0,0,0,0,0,59,0,59,0,0,0,0,0,0,0,0,0,0,0,0,0,0,0,0,0,0,0,0,714,24,0
1777070972.001184,1184,ubuntu-rog,1,0,0,6912362,6316,2898072,5281991,446089,0,18,0,0,0,0,0,1968601154,0,0,4907,1969759834,0,6316,2898072,5281991,446089,0,461658,169194,0,0,14149,0,199,0,0,0,3,0,2898068,104811,5734593,18,0,0,6522,0,0,0,0,0,0,0,48074705,44711330,0,0,107851,107851,15376,16396,0,0,0,0,0,0,0,0,0,2504274,1250608,0,262144,7673627,219177325,0,0,1026,709620,2039875143,0,0,0,0,0,3,0,0,0,0,0,0,2047743783,495,14121,1865289,1814693050,23823,0,106997,120538815,651092,169,0,651981,169,0,0,0,652150,0,651261,0,0,0,0,0,33,0,85,14704,0,0,0,0,0,0,0,0,225554,611,0,0,0,1015829,21385469,452411,0,0,0,85,1015829,21385469,0,0,46508,4050,23496,19446,19446,0,0,100512,0,0,364,0,0,0,0,0,0,0,59,0,59,0,0,0,0,0,0,0,0,0,0,0,0,0,0,0,0,0,0,0,0,714,24,0
1777070973.001187,1187,ubuntu-rog,1,0,0,6912362,6316,2898072,5281991,446089,0,18,0,0,0,0,0,1968601182,0,0,4907,1969759862,0,6316,2898072,5281991,446089,0,461658,169194,0,0,14149,0,199,0,0,0,3,0,2898068,104811,5734595,18,0,0,6522,0,0,0,0,0,0,0,48074705,44711330,0,0,107851,107851,15376,16396,0,0,0,0,0,0,0,0,0,2504274,1250608,0,262144,7673627,219177325,0,0,1026,709620,2039875171,0,0,0,0,0,3,0,0,0,0,0,0,2047743811,495,14121,1865289,1814693050,23823,0,106997,120538815,651092,169,0,651981,169,0,0,0,652150,0,651261,0,0,0,0,0,33,0,85,14704,0,0,0,0,0,0,0,0,225554,611,0,0,0,1015829,21385469,452411,0,0,0,85,1015829,21385469,0,0,46508,4050,23496,19446,19446,0,0,100512,0,0,364,0,0,0,0,0,0,0,59,0,59,0,0,0,0,0,0,0,0,0,0,0,0,0,0,0,0,0,0,0,0,714,24,0
1777070974.001303,1303,ubuntu-rog,1,0,0,6912362,6316,2898072,5281991,446089,0,20,0,0,0,0,0,1968601206,0,0,4907,1969759886,0,6316,2898072,5281991,446089,0,461658,169194,0,0,14149,0,199,0,0,0,3,0,2898068,104811,5734597,20,0,0,6522,0,0,0,0,0,0,0,48074707,44711330,0,0,107851,107851,15376,16396,0,0,0,0,0,0,0,0,0,2504274,1250608,0,262144,7673627,219177325,0,0,1026,709620,2039875195,0,0,0,0,0,3,0,0,0,0,0,0,2047743833,495,14121,1865289,1814693050,23823,0,106997,120538815,651092,169,0,651981,169,0,0,0,652150,0,651261,0,0,0,0,0,33,0,85,14704,0,0,0,0,0,0,0,0,225554,611,0,0,0,1015829,21385469,452411,0,0,0,85,1015829,21385469,0,0,46508,4050,23496,19446,19446,0,0,100512,0,0,364,0,0,0,0,0,0,0,59,0,59,0,0,0,0,0,0,0,0,0,0,0,0,0,0,0,0,0,0,0,0,714,24,0
1777070975.001336,1336,ubuntu-rog,1,0,0,6912362,6316,2898072,5281991,446089,0,20,0,0,0,0,0,1968601235,0,0,4907,1969759915,0,6316,2898072,5281991,446089,0,461658,169194,0,0,14149,0,199,0,0,0,3,0,2898068,104811,5734597,20,0,0,6522,0,0,0,0,0,0,0,48074707,44711330,0,0,107851,107851,15376,16396,0,0,0,0,0,0,0,0,0,2504274,1250608,0,262144,7673627,219177353,0,0,1026,709620,2039875224,0,0,0,0,0,3,0,0,0,0,0,0,2047743862,495,14121,1865289,1814693050,23823,0,106997,120538815,651092,169,0,651981,169,0,0,0,652150,0,651261,0,0,0,0,0,33,0,85,14704,0,0,0,0,0,0,0,0,225554,611,0,0,0,1015829,21385469,452411,0,0,0,85,1015829,21385469,0,0,46508,4050,23496,19446,19446,0,0,100512,0,0,364,0,0,0,0,0,0,0,59,0,59,0,0,0,0,0,0,0,0,0,0,0,0,0,0,0,0,0,0,0,0,714,24,0
1777070976.001341,1341,ubuntu-rog,1,0,0,6912362,6316,2898072,5281991,446089,0,13,0,0,0,0,0,1968601265,0,0,4907,1969759945,0,6316,2898072,5281991,446089,0,461658,169194,0,0,14149,0,199,0,0,0,3,0,2898068,104811,5734597,13,0,0,6522,0,0,0,0,0,0,0,48074707,44711337,0,0,107851,107851,15376,16396,0,0,0,0,0,0,0,0,0,2504274,1250608,0,262144,7673627,219177353,0,0,1026,709620,2039875254,0,0,0,0,0,3,0,0,0,0,0,0,2047743892,495,14121,1865289,1814693050,23823,0,106997,120538815,651092,169,0,651981,169,0,0,0,652150,0,651261,0,0,0,0,0,33,0,85,14704,0,0,0,0,0,0,0,0,225554,611,0,0,0,1015829,21385469,452411,0,0,0,85,1015829,21385469,0,0,46508,4050,23496,19446,19446,0,0,100512,0,0,364,0,0,0,0,0,0,0,59,0,59,0,0,0,0,0,0,0,0,0,0,0,0,0,0,0,0,0,0,0,0,714,24,0
1777070977.001188,1188,ubuntu-rog,1,0,0,6912362,6316,2898072,5281991,446089,0,16,0,0,0,0,0,1968601289,0,0,4907,1969759969,0,6316,2898072,5281991,446089,0,461658,169194,0,0,14149,0,199,0,0,0,3,0,2898068,104811,5734599,16,0,0,6522,0,0,0,0,0,0,0,48074710,44711337,0,0,107851,107851,15376,16396,0,0,0,0,0,0,0,0,0,2504274,1250608,0,262144,7673627,219177353,0,0,1026,709620,2039875278,0,0,0,0,0,3,0,0,0,0,0,0,2047743914,495,14121,1865289,1814693050,23823,0,106997,120538815,651092,169,0,651981,169,0,0,0,652150,0,651261,0,0,0,0,0,33,0,85,14704,0,0,0,0,0,0,0,0,225554,611,0,0,0,1015829,21385469,452411,0,0,0,85,1015829,21385469,0,0,46508,4050,23496,19446,19446,0,0,100512,0,0,364,0,0,0,0,0,0,0,59,0,59,0,0,0,0,0,0,0,0,0,0,0,0,0,0,0,0,0,0,0,0,714,24,0
1777070978.003171,3171,ubuntu-rog,1,0,0,6912362,6316,2898072,5281991,446089,0,17,0,0,0,0,0,1968601322,0,0,4907,1969760002,0,6316,2898072,5281991,446089,0,461658,169194,0,0,14149,0,199,0,0,0,3,0,2898068,104811,5734601,17,0,0,6522,0,0,0,0,0,0,0,48074711,44711337,0,0,107851,107851,15376,16396,0,0,0,0,0,0,0,0,0,2504274,1250608,0,262144,7673627,219177381,0,0,1026,709620,2039875311,0,0,0,0,0,3,0,0,0,0,0,0,2047743945,495,14121,1865289,1814693050,23823,0,106997,120538815,651092,169,0,651981,169,0,0,0,652150,0,651261,0,0,0,0,0,33,0,85,14704,0,0,0,0,0,0,0,0,225554,611,0,0,0,1015829,21385469,452411,0,0,0,85,1015829,21385469,0,0,46508,4050,23496,19446,19446,0,0,100512,0,0,364,0,0,0,0,0,0,0,59,0,59,0,0,0,0,0,0,0,0,0,0,0,0,0,0,0,0,0,0,0,0,714,24,0
1777070979.001278,1278,ubuntu-rog,1,0,0,6912362,6316,2898072,5281991,446089,0,17,0,0,0,0,0,1968601350,0,0,4907,1969760030,0,6316,2898072,5281991,446089,0,461658,169194,0,0,14149,0,199,0,0,0,3,0,2898068,104811,5734601,17,0,0,6522,0,0,0,0,0,0,0,48074711,44711337,0,0,107851,107851,15376,16396,0,0,0,0,0,0,0,0,0,2504274,1250608,0,262144,7673627,219177381,0,0,1026,709620,2039875339,0,0,0,0,0,3,0,0,0,0,0,0,2047743973,495,14121,1865289,1814693050,23823,0,106997,120538815,651092,169,0,651981,169,0,0,0,652150,0,651261,0,0,0,0,0,33,0,85,14704,0,0,0,0,0,0,0,0,225554,611,0,0,0,1015829,21385469,452411,0,0,0,85,1015829,21385469,0,0,46508,4050,23496,19446,19446,0,0,100512,0,0,364,0,0,0,0,0,0,0,59,0,59,0,0,0,0,0,0,0,0,0,0,0,0,0,0,0,0,0,0,0,0,714,24,0
1777070980.001324,1324,ubuntu-rog,1,0,0,6912362,6316,2898072,5281991,446089,0,17,0,0,0,0,0,1968601374,0,0,4907,1969760054,0,6316,2898072,5281991,446089,0,461658,169194,0,0,14149,0,199,0,0,0,3,0,2898068,104811,5734601,17,0,0,6522,0,0,0,0,0,0,0,48074711,44711337,0,0,107851,107851,15376,16396,0,0,0,0,0,0,0,0,0,2504274,1250608,0,262144,7673627,219177381,0,0,1026,709620,2039875363,0,0,0,0,0,3,0,0,0,0,0,0,2047743997,495,14121,1865289,1814693050,23823,0,106997,120538815,651092,169,0,651981,169,0,0,0,652150,0,651261,0,0,0,0,0,33,0,85,14704,0,0,0,0,0,0,0,0,225554,611,0,0,0,1015829,21385469,452411,0,0,0,85,1015829,21385469,0,0,46508,4050,23496,19446,19446,0,0,100512,0,0,364,0,0,0,0,0,0,0,59,0,59,0,0,0,0,0,0,0,0,0,0,0,0,0,0,0,0,0,0,0,0,714,24,0
1777070981.001322,1322,ubuntu-rog,1,0,0,6912362,6316,2898072,5281991,446089,0,18,0,0,0,0,0,1968601407,0,0,4907,1969760087,0,6316,2898072,5281991,446089,0,461658,169194,0,0,14149,0,199,0,0,0,3,0,2898068,104811,5734602,18,0,0,6522,0,0,0,0,0,0,0,48074712,44711337,0,0,107851,107851,15376,16396,0,0,0,0,0,0,0,0,0,2504274,1250608,0,262144,7673627,219177381,0,0,1026,709620,2039875396,0,0,0,0,0,3,0,0,0,0,0,0,2047744029,495,14121,1865289,1814693050,23823,0,106997,120538815,651092,169,0,651981,169,0,0,0,652150,0,651261,0,0,0,0,0,33,0,85,14704,0,0,0,0,0,0,0,0,225554,611,0,0,0,1015829,21385469,452411,0,0,0,85,1015829,21385469,0,0,46508,4050,23496,19446,19446,0,0,100512,0,0,364,0,0,0,0,0,0,0,59,0,59,0,0,0,0,0,0,0,0,0,0,0,0,0,0,0,0,0,0,0,0,714,24,0
1777070982.001196,1196,ubuntu-rog,1,0,0,6912362,6316,2898079,5281991,446089,0,12,0,0,0,0,0,1968601433,0,0,4907,1969760113,0,6316,2898079,5281991,446089,0,461658,169194,0,0,14149,0,199,0,0,0,3,0,2898068,104811,5734603,12,0,0,6522,0,0,0,0,0,0,0,48074713,44711344,0,0,107851,107851,15376,16396,0,0,0,0,0,0,0,0,0,2504274,1250608,0,262144,7673627,219177401,0,0,1026,709620,2039875422,0,0,0,0,0,3,0,0,0,0,0,0,2047744054,495,14121,1865289,1814693050,23823,0,106997,120538815,651092,169,0,651981,169,0,0,0,652150,0,651261,0,0,0,0,0,33,0,85,14704,0,0,0,0,0,0,0,0,225554,611,0,0,0,1015829,21385469,452411,0,0,0,85,1015829,21385469,0,0,46508,4050,23496,19446,19446,0,0,100512,0,0,364,0,0,0,0,0,0,0,59,0,59,0,0,0,0,0,0,0,0,0,0,0,0,0,0,0,0,0,0,0,0,714,24,0
1777070983.003170,3170,ubuntu-rog,1,0,0,6912362,6316,2898079,5281991,446089,0,12,0,0,0,0,0,1968601462,0,0,4907,1969760142,0,6316,2898079,5281991,446089,0,461658,169194,0,0,14149,0,199,0,0,0,3,0,2898068,104811,5734603,12,0,0,6522,0,0,0,0,0,0,0,48074713,44711344,0,0,107851,107851,15376,16396,0,0,0,0,0,0,0,0,0,2504274,1250608,0,262144,7673627,219177401,0,0,1026,709620,2039875451,0,0,0,0,0,3,0,0,0,0,0,0,2047744083,495,14121,1865289,1814693050,23823,0,106997,120538815,651092,169,0,651981,169,0,0,0,652150,0,651261,0,0,0,0,0,33,0,85,14704,0,0,0,0,0,0,0,0,225554,611,0,0,0,1015829,21385469,452411,0,0,0,85,1015829,21385469,0,0,46508,4050,23496,19446,19446,0,0,100512,0,0,364,0,0,0,0,0,0,0,59,0,59,0,0,0,0,0,0,0,0,0,0,0,0,0,0,0,0,0,0,0,0,714,24,0
1777070984.002278,2278,ubuntu-rog,1,0,0,6912362,6316,2898079,5281991,446089,0,15,0,0,0,0,0,1968601496,0,0,4907,1969760176,0,6316,2898079,5281991,446089,0,461658,169194,0,0,14149,0,199,0,0,0,3,0,2898068,104811,5734606,15,0,0,6522,0,0,0,0,0,0,0,48074716,44711344,0,0,107851,107851,15360,16396,0,0,0,0,0,0,0,0,0,2504274,1250608,0,262144,7673627,219177417,0,0,1026,709620,2039875485,0,0,0,0,0,3,0,0,0,0,0,0,2047744118,495,14121,1865289,1814693050,23823,0,106997,120538815,651092,169,0,651981,169,0,0,0,652150,0,651261,0,0,0,0,0,33,0,85,14704,0,0,0,0,0,0,0,0,225554,611,0,0,0,1015829,21385469,452411,0,0,0,85,1015829,21385469,0,0,46508,4050,23496,19446,19446,0,0,100512,0,0,364,0,0,0,0,0,0,0,59,0,59,0,0,0,0,0,0,0,0,0,0,0,0,0,0,0,0,0,0,0,0,714,24,0
1777070985.001347,1347,ubuntu-rog,1,0,0,6912362,6316,2898079,5281991,446089,0,15,0,0,0,0,0,1968601518,0,0,4907,1969760198,0,6316,2898079,5281991,446089,0,461658,169194,0,0,14149,0,199,0,0,0,3,0,2898068,104811,5734606,15,0,0,6522,0,0,0,0,0,0,0,48074716,44711344,0,0,107851,107851,15360,16396,0,0,0,0,0,0,0,0,0,2504274,1250608,0,262144,7673627,219177417,0,0,1026,709620,2039875507,0,0,0,0,0,3,0,0,0,0,0,0,2047744140,495,14121,1865289,1814693050,23823,0,106997,120538815,651092,169,0,651981,169,0,0,0,652150,0,651261,0,0,0,0,0,33,0,85,14704,0,0,0,0,0,0,0,0,225554,611,0,0,0,1015829,21385469,452411,0,0,0,85,1015829,21385469,0,0,46508,4050,23496,19446,19446,0,0,100512,0,0,364,0,0,0,0,0,0,0,59,0,59,0,0,0,0,0,0,0,0,0,0,0,0,0,0,0,0,0,0,0,0,714,24,0
1777070986.001278,1278,ubuntu-rog,1,0,0,6912362,6316,2898079,5281991,446089,0,16,0,0,0,0,0,1968601547,0,0,4907,1969760227,0,6316,2898079,5281991,446089,0,461658,169194,0,0,14149,0,199,0,0,0,3,0,2898068,104811,5734607,16,0,0,6522,0,0,0,0,0,0,0,48074717,44711344,0,0,107851,107851,15360,16396,0,0,0,0,0,0,0,0,0,2504274,1250608,0,262144,7673627,219177417,0,0,1026,709620,2039875536,0,0,0,0,0,3,0,0,0,0,0,0,2047744168,495,14121,1865289,1814693050,23823,0,106997,120538815,651092,169,0,651981,169,0,0,0,652150,0,651261,0,0,0,0,0,33,0,85,14704,0,0,0,0,0,0,0,0,225554,611,0,0,0,1015829,21385469,452411,0,0,0,85,1015829,21385469,0,0,46508,4050,23496,19446,19446,0,0,100512,0,0,364,0,0,0,0,0,0,0,59,0,59,0,0,0,0,0,0,0,0,0,0,0,0,0,0,0,0,0,0,0,0,714,24,0
1777070987.001188,1188,ubuntu-rog,1,0,0,6912362,6316,2898079,5281991,446089,0,16,0,0,0,0,0,1968601576,0,0,4907,1969760256,0,6316,2898079,5281991,446089,0,461658,169194,0,0,14149,0,199,0,0,0,3,0,2898068,104811,5734607,16,0,0,6522,0,0,0,0,0,0,0,48074717,44711344,0,0,107851,107851,15360,16396,0,0,0,0,0,0,0,0,0,2504274,1250608,0,262144,7673627,219177417,0,0,1026,709620,2039875565,0,0,0,0,0,3,0,0,0,0,0,0,2047744197,495,14121,1865289,1814693050,23823,0,106997,120538815,651092,169,0,651981,169,0,0,0,652150,0,651261,0,0,0,0,0,33,0,85,14704,0,0,0,0,0,0,0,0,225554,611,0,0,0,1015829,21385469,452411,0,0,0,85,1015829,21385469,0,0,46508,4050,23496,19446,19446,0,0,100512,0,0,364,0,0,0,0,0,0,0,59,0,59,0,0,0,0,0,0,0,0,0,0,0,0,0,0,0,0,0,0,0,0,714,24,0
1777070988.001171,1171,ubuntu-rog,1,0,0,6912362,6316,2898079,5281991,446089,0,18,0,0,0,0,0,1968601613,0,0,4907,1969760293,0,6316,2898079,5281991,446089,0,461658,169194,0,0,14149,0,199,0,0,0,3,0,2898075,104811,5734609,18,0,0,6522,0,0,0,0,0,0,0,48074719,44711344,0,0,107851,107851,15360,16398,0,0,0,0,0,0,0,0,0,2504274,1250608,0,262144,7673627,219177417,0,0,1026,709620,2039875602,0,0,0,0,0,3,0,0,0,0,0,0,2047744223,495,14121,1865289,1814693057,23823,0,106997,120538815,651092,169,0,651981,169,0,0,0,652150,0,651261,0,0,0,0,0,33,0,85,14704,0,0,0,0,0,0,0,0,225554,611,0,0,0,1015829,21385469,452411,0,0,0,85,1015829,21385469,0,0,46508,4050,23496,19446,19446,0,0,100512,0,0,364,0,0,0,0,0,0,0,59,0,59,0,0,0,0,0,0,0,0,0,0,0,0,0,0,0,0,0,0,0,0,714,24,0
1777070989.001294,1294,ubuntu-rog,1,0,0,6912362,6316,2898079,5281991,446089,0,18,0,0,0,0,0,1968601646,0,0,4907,1969760326,0,6316,2898079,5281991,446089,0,461658,169194,0,0,14149,0,199,0,0,0,3,0,2898075,104811,5734610,18,0,0,6522,0,0,0,0,0,0,0,48074719,44711344,0,0,107851,107851,15360,16398,0,0,0,0,0,0,0,0,0,2504274,1250608,0,262144,7673627,219177433,0,0,1026,709620,2039875635,0,0,0,0,0,3,0,0,0,0,0,0,2047744254,495,14121,1865289,1814693057,23823,0,106997,120538815,651092,169,0,651981,169,0,0,0,652150,0,651261,0,0,0,0,0,33,0,85,14704,0,0,0,0,0,0,0,0,225554,611,0,0,0,1015829,21385469,452411,0,0,0,85,1015829,21385469,0,0,46508,4050,23496,19446,19446,0,0,100512,0,0,364,0,0,0,0,0,0,0,59,0,59,0,0,0,0,0,0,0,0,0,0,0,0,0,0,0,0,0,0,0,0,714,24,0
1777070990.002310,2310,ubuntu-rog,1,0,0,6912362,6316,2898079,5281991,446089,0,18,0,0,0,0,0,1968601676,0,0,4907,1969760356,0,6316,2898079,5281991,446089,0,461658,169194,0,0,14149,0,199,0,0,0,3,0,2898075,104811,5734611,18,0,0,6522,0,0,0,0,0,0,0,48074719,44711344,0,0,107851,107851,15360,16398,0,0,0,0,0,0,0,0,0,2504274,1250608,0,262144,7673627,219177433,0,0,1026,709620,2039875665,0,0,0,0,0,3,0,0,0,0,0,0,2047744284,495,14121,1865289,1814693057,23823,0,106997,120538815,651092,169,0,651981,169,0,0,0,652150,0,651261,0,0,0,0,0,33,0,85,14704,0,0,0,0,0,0,0,0,225554,611,0,0,0,1015829,21385469,452411,0,0,0,85,1015829,21385469,0,0,46508,4050,23496,19446,19446,0,0,100512,0,0,364,0,0,0,0,0,0,0,59,0,59,0,0,0,0,0,0,0,0,0,0,0,0,0,0,0,0,0,0,0,0,714,24,0
1777070991.001320,1320,ubuntu-rog,1,0,0,6912362,6316,2898079,5281991,446089,0,19,0,0,0,0,0,1968601698,0,0,4907,1969760378,0,6316,2898079,5281991,446089,0,461658,169194,0,0,14149,0,199,0,0,0,3,0,2898075,104811,5734612,19,0,0,6522,0,0,0,0,0,0,0,48074720,44711344,0,0,107851,107851,15360,16398,0,0,0,0,0,0,0,0,0,2504274,1250608,0,262144,7673627,219177433,0,0,1026,709620,2039875687,0,0,0,0,0,3,0,0,0,0,0,0,2047744305,495,14121,1865289,1814693057,23823,0,106997,120538815,651092,169,0,651981,169,0,0,0,652150,0,651261,0,0,0,0,0,33,0,85,14704,0,0,0,0,0,0,0,0,225554,611,0,0,0,1015829,21385469,452411,0,0,0,85,1015829,21385469,0,0,46508,4050,23496,19446,19446,0,0,100512,0,0,364,0,0,0,0,0,0,0,59,0,59,0,0,0,0,0,0,0,0,0,0,0,0,0,0,0,0,0,0,0,0,714,24,0
1777070992.001225,1225,ubuntu-rog,1,0,0,6912425,6316,2898079,5281991,446089,0,19,0,0,0,0,0,1968601727,0,0,4907,1969760407,0,6316,2898079,5281991,446089,0,461658,169194,0,0,14149,0,199,0,0,0,3,0,2898075,104811,5734612,19,0,0,6522,0,0,0,0,0,0,0,48074720,44711344,0,0,107851,107851,15360,16398,0,0,0,0,0,0,0,0,0,2504286,1250614,0,262144,7673627,219177433,0,0,1026,709620,2039875716,0,0,0,0,0,3,0,0,0,0,0,0,2047744334,495,14121,1865289,1814693057,23823,0,106997,120538815,651092,169,0,651981,169,0,0,0,652150,0,651261,0,0,0,0,0,33,0,85,14704,0,0,0,0,0,0,0,0,225554,611,0,0,0,1015829,21385469,452411,0,0,0,85,1015829,21385469,0,0,46508,4050,23496,19446,19446,0,0,100512,0,0,364,0,0,0,0,0,0,0,59,0,59,0,0,0,0,0,0,0,0,0,0,0,0,0,0,0,0,0,0,0,0,714,24,0
1777070993.002162,2162,ubuntu-rog,1,0,0,6912425,6316,2898079,5281991,446089,0,20,0,0,0,0,0,1968601761,0,0,4907,1969760441,0,6316,2898079,5281991,446089,0,461658,169194,0,0,14149,0,199,0,0,0,3,0,2898075,104811,5734613,20,0,0,6522,0,0,0,0,0,0,0,48074721,44711344,0,0,107851,107851,15360,16398,0,0,0,0,0,0,0,0,0,2504286,1250614,0,262144,7673627,219177433,0,0,1026,709620,2039875750,0,0,0,0,0,3,0,0,0,0,0,0,2047744367,495,14121,1865289,1814693057,23823,0,106997,120538815,651092,169,0,651981,169,0,0,0,652150,0,651261,0,0,0,0,0,33,0,85,14704,0,0,0,0,0,0,0,0,225554,611,0,0,0,1015829,21385469,452411,0,0,0,85,1015829,21385469,0,0,46508,4050,23496,19446,19446,0,0,100512,0,0,364,0,0,0,0,0,0,0,59,0,59,0,0,0,0,0,0,0,0,0,0,0,0,0,0,0,0,0,0,0,0,714,24,0
1777070994.001267,1267,ubuntu-rog,1,0,0,6912425,6316,2898079,5281991,446089,0,20,0,0,0,0,0,1968601792,0,0,4907,1969760472,0,6316,2898079,5281991,446089,0,461658,169194,0,0,14149,0,199,0,0,0,3,0,2898075,104811,5734613,20,0,0,6522,0,0,0,0,0,0,0,48074721,44711344,0,0,107851,107851,15360,16398,0,0,0,0,0,0,0,0,0,2504286,1250614,0,262144,7673627,219177433,0,0,1026,709620,2039875781,0,0,0,0,0,3,0,0,0,0,0,0,2047744398,495,14121,1865289,1814693057,23823,0,106997,120538815,651092,169,0,651981,169,0,0,0,652150,0,651261,0,0,0,0,0,33,0,85,14704,0,0,0,0,0,0,0,0,225554,611,0,0,0,1015829,21385469,452411,0,0,0,85,1015829,21385469,0,0,46508,4050,23496,19446,19446,0,0,100512,0,0,364,0,0,0,0,0,0,0,59,0,59,0,0,0,0,0,0,0,0,0,0,0,0,0,0,0,0,0,0,0,0,714,24,0
1777070995.001304,1304,ubuntu-rog,1,0,0,6912425,6316,2898079,5281991,446089,0,22,0,0,0,0,0,1968601826,0,0,4907,1969760506,0,6316,2898079,5281991,446089,0,461658,169194,0,0,14149,0,199,0,0,0,3,0,2898075,104811,5734616,22,0,0,6522,0,0,0,0,0,0,0,48074723,44711344,0,0,107851,107851,15360,16398,0,0,0,0,0,0,0,0,0,2504286,1250614,0,262144,7673627,219177453,0,0,1026,709620,2039875815,0,0,0,0,0,3,0,0,0,0,0,0,2047744429,495,14121,1865289,1814693057,23823,0,106997,120538815,651092,169,0,651981,169,0,0,0,652150,0,651261,0,0,0,0,0,33,0,85,14704,0,0,0,0,0,0,0,0,225554,611,0,0,0,1015829,21385469,452411,0,0,0,85,1015829,21385469,0,0,46508,4050,23496,19446,19446,0,0,100512,0,0,364,0,0,0,0,0,0,0,59,0,59,0,0,0,0,0,0,0,0,0,0,0,0,0,0,0,0,0,0,0,0,714,24,0
1777070996.001305,1305,ubuntu-rog,1,0,0,6912425,6316,2898079,5281991,446089,0,18,0,0,0,0,0,1968601851,0,0,4907,1969760531,0,6316,2898079,5281991,446089,0,461658,169194,0,0,14149,0,199,0,0,0,3,0,2898075,104811,5734616,18,0,0,6522,0,0,0,0,0,0,0,48074723,44711348,0,0,107851,107851,15360,16398,0,0,0,0,0,0,0,0,0,2504286,1250614,0,262144,7673627,219177469,0,0,1026,709620,2039875840,0,0,0,0,0,3,0,0,0,0,0,0,2047744454,495,14121,1865289,1814693057,23823,0,106997,120538815,651092,169,0,651981,169,0,0,0,652150,0,651261,0,0,0,0,0,33,0,85,14704,0,0,0,0,0,0,0,0,225554,611,0,0,0,1015829,21385469,452411,0,0,0,85,1015829,21385469,0,0,46508,4050,23496,19446,19446,0,0,100512,0,0,364,0,0,0,0,0,0,0,59,0,59,0,0,0,0,0,0,0,0,0,0,0,0,0,0,0,0,0,0,0,0,714,24,0
1777070997.002162,2162,ubuntu-rog,1,0,0,6912425,6316,2898079,5281991,446089,0,18,0,0,0,0,0,1968601879,0,0,4907,1969760559,0,6316,2898079,5281991,446089,0,461658,169194,0,0,14149,0,199,0,0,0,3,0,2898075,104811,5734616,18,0,0,6522,0,0,0,0,0,0,0,48074723,44711348,0,0,107851,107851,15360,16398,0,0,0,0,0,0,0,0,0,2504286,1250614,0,262144,7673627,219177469,0,0,1026,709620,2039875868,0,0,0,0,0,3,0,0,0,0,0,0,2047744482,495,14121,1865289,1814693057,23823,0,106997,120538815,651092,169,0,651981,169,0,0,0,652150,0,651261,0,0,0,0,0,33,0,85,14704,0,0,0,0,0,0,0,0,225554,611,0,0,0,1015829,21385469,452411,0,0,0,85,1015829,21385469,0,0,46508,4050,23496,19446,19446,0,0,100512,0,0,364,0,0,0,0,0,0,0,59,0,59,0,0,0,0,0,0,0,0,0,0,0,0,0,0,0,0,0,0,0,0,714,24,0
1777070998.001169,1169,ubuntu-rog,1,0,0,6912425,6316,2898079,5281991,446089,0,19,0,0,0,0,0,1968601908,0,0,4907,1969760588,0,6316,2898079,5281991,446089,0,461658,169194,0,0,14149,0,199,0,0,0,3,0,2898075,104811,5734617,19,0,0,6522,0,0,0,0,0,0,0,48074724,44711348,0,0,107851,107851,15360,16398,0,0,0,0,0,0,0,0,0,2504286,1250614,0,262144,7673627,219177469,0,0,1026,709620,2039875897,0,0,0,0,0,3,0,0,0,0,0,0,2047744510,495,14121,1865289,1814693057,23823,0,106997,120538815,651092,169,0,651981,169,0,0,0,652150,0,651261,0,0,0,0,0,33,0,85,14704,0,0,0,0,0,0,0,0,225554,611,0,0,0,1015829,21385469,452411,0,0,0,85,1015829,21385469,0,0,46508,4050,23496,19446,19446,0,0,100512,0,0,364,0,0,0,0,0,0,0,59,0,59,0,0,0,0,0,0,0,0,0,0,0,0,0,0,0,0,0,0,0,0,714,24,0
1777070999.001506,1506,ubuntu-rog,1,0,0,6912425,6316,2898079,5281991,446089,0,22,0,0,0,0,0,1968601933,0,0,4907,1969760613,0,6316,2898079,5281991,446089,0,461658,169194,0,0,14149,0,199,0,0,0,3,0,2898075,104811,5734619,22,0,0,6522,0,0,0,0,0,0,0,48074727,44711348,0,0,107851,107851,15360,16398,0,0,0,0,0,0,0,0,0,2504286,1250614,0,262144,7673627,219177469,0,0,1026,709620,2039875922,0,0,0,0,0,3,0,0,0,0,0,0,2047744533,495,14121,1865289,1814693057,23823,0,106997,120538815,651092,169,0,651981,169,0,0,0,652150,0,651261,0,0,0,0,0,33,0,85,14704,0,0,0,0,0,0,0,0,225554,611,0,0,0,1015829,21385469,452411,0,0,0,85,1015829,21385469,0,0,46508,4050,23496,19446,19446,0,0,100512,0,0,364,0,0,0,0,0,0,0,59,0,59,0,0,0,0,0,0,0,0,0,0,0,0,0,0,0,0,0,0,0,0,714,24,0
1777071000.002302,2302,ubuntu-rog,1,0,0,6912425,6316,2898079,5281991,446089,0,22,0,0,0,0,0,1968601967,0,0,4907,1969760647,0,6316,2898079,5281991,446089,0,461658,169194,0,0,14149,0,199,0,0,0,3,0,2898075,104811,5734619,22,0,0,6522,0,0,0,0,0,0,0,48074727,44711348,0,0,107851,107851,15360,16398,0,0,0,0,0,0,0,0,0,2504286,1250614,0,262144,7673627,219177497,0,0,1026,709620,2039875956,0,0,0,0,0,3,0,0,0,0,0,0,2047744565,495,14121,1865289,1814693057,23823,0,106997,120538815,651092,169,0,651981,169,0,0,0,652150,0,651261,0,0,0,0,0,33,0,85,14704,0,0,0,0,0,0,0,0,225554,611,0,0,0,1015829,21385469,452411,0,0,0,85,1015829,21385469,0,0,46508,4050,23496,19446,19446,0,0,100512,0,0,364,0,0,0,0,0,0,0,59,0,59,0,0,0,0,0,0,0,0,0,0,0,0,0,0,0,0,0,0,0,0,714,24,0
1777071001.001306,1306,ubuntu-rog,1,0,0,6912425,6316,2898079,5281991,446089,0,14,0,0,0,0,0,1968602002,0,0,4907,1969760682,0,6316,2898079,5281991,446089,0,461658,169194,0,0,14149,0,199,0,0,0,3,0,2898075,104811,5734621,14,0,0,6522,0,0,0,0,0,0,0,48074730,44711359,0,0,107851,107851,15360,16398,0,0,0,0,0,0,0,0,0,2504286,1250614,0,262144,7673627,219177541,0,0,1026,709620,2039875991,0,0,0,0,0,3,0,0,0,0,0,0,2047744600,495,14121,1865289,1814693057,23823,0,106997,120538815,651092,169,0,651981,169,0,0,0,652150,0,651261,0,0,0,0,0,33,0,85,14704,0,0,0,0,0,0,0,0,225554,611,0,0,0,1015829,21385469,452411,0,0,0,85,1015829,21385469,0,0,46508,4050,23496,19446,19446,0,0,100512,0,0,364,0,0,0,0,0,0,0,59,0,59,0,0,0,0,0,0,0,0,0,0,0,0,0,0,0,0,0,0,0,0,714,24,0
1777071002.001164,1164,ubuntu-rog,1,0,0,6912425,6316,2898079,5281991,446089,0,16,0,0,0,0,0,1968602041,0,0,4907,1969760721,0,6316,2898079,5281991,446089,0,461658,169194,0,0,14149,0,199,0,0,0,3,0,2898075,104811,5734622,16,0,0,6522,0,0,0,0,0,0,0,48074732,44711359,0,0,107851,107851,15360,16398,0,0,0,0,0,0,0,0,0,2504286,1250614,0,262144,7673627,219177541,0,0,1026,709620,2039876030,0,0,0,0,0,3,0,0,0,0,0,0,2047744638,495,14121,1865289,1814693057,23823,0,106997,120538815,651092,169,0,651981,169,0,0,0,652150,0,651261,0,0,0,0,0,33,0,85,14704,0,0,0,0,0,0,0,0,225554,611,0,0,0,1015829,21385469,452411,0,0,0,85,1015829,21385469,0,0,46508,4050,23496,19446,19446,0,0,100512,0,0,364,0,0,0,0,0,0,0,59,0,59,0,0,0,0,0,0,0,0,0,0,0,0,0,0,0,0,0,0,0,0,714,24,0
1777071003.001165,1165,ubuntu-rog,1,0,0,6912425,6316,2898079,5281991,446089,0,16,0,0,0,0,0,1968602084,0,0,4907,1969760764,0,6316,2898079,5281991,446089,0,461658,169194,0,0,14149,0,199,0,0,0,3,0,2898075,104811,5734622,16,0,0,6522,0,0,0,0,0,0,0,48074732,44711359,0,0,107851,107851,15360,16398,0,0,0,0,0,0,0,0,0,2504286,1250614,0,262144,7673627,219177541,0,0,1026,709620,2039876073,0,0,0,0,0,3,0,0,0,0,0,0,2047744681,495,14121,1865289,1814693057,23823,0,106997,120538815,651092,169,0,651981,169,0,0,0,652150,0,651261,0,0,0,0,0,33,0,85,14704,0,0,0,0,0,0,0,0,225554,611,0,0,0,1015829,21385469,452411,0,0,0,85,1015829,21385469,0,0,46508,4050,23496,19446,19446,0,0,100512,0,0,364,0,0,0,0,0,0,0,59,0,59,0,0,0,0,0,0,0,0,0,0,0,0,0,0,0,0,0,0,0,0,714,24,0
1777071004.002259,2259,ubuntu-rog,1,0,0,6912425,6316,2898079,5281991,446089,0,17,0,0,0,0,0,1968602115,0,0,4907,1969760795,0,6316,2898079,5281991,446089,0,461658,169194,0,0,14149,0,199,0,0,0,3,0,2898075,104811,5734623,17,0,0,6522,0,0,0,0,0,0,0,48074733,44711359,0,0,107851,107851,15360,16398,0,0,0,0,0,0,0,0,0,2504286,1250614,0,262144,7673627,219177541,0,0,1026,709620,2039876104,0,0,0,0,0,3,0,0,0,0,0,0,2047744711,495,14121,1865289,1814693057,23823,0,106997,120538815,651092,169,0,651981,169,0,0,0,652150,0,651261,0,0,0,0,0,33,0,85,14704,0,0,0,0,0,0,0,0,225554,611,0,0,0,1015829,21385469,452411,0,0,0,85,1015829,21385469,0,0,46508,4050,23496,19446,19446,0,0,100512,0,0,364,0,0,0,0,0,0,0,59,0,59,0,0,0,0,0,0,0,0,0,0,0,0,0,0,0,0,0,0,0,0,714,24,0
1777071005.001301,1301,ubuntu-rog,1,0,0,6912425,6316,2898079,5281991,446089,0,18,0,0,0,0,0,1968602138,0,0,4907,1969760818,0,6316,2898079,5281991,446089,0,461658,169194,0,0,14149,0,199,0,0,0,3,0,2898075,104811,5734624,18,0,0,6522,0,0,0,0,0,0,0,48074734,44711359,0,0,107851,107851,15360,16398,0,0,0,0,0,0,0,0,0,2504286,1250614,0,262144,7673627,219177541,0,0,1026,709620,2039876127,0,0,0,0,0,3,0,0,0,0,0,0,2047744733,495,14121,1865289,1814693057,23823,0,106997,120538815,651092,169,0,651981,169,0,0,0,652150,0,651261,0,0,0,0,0,33,0,85,14704,0,0,0,0,0,0,0,0,225554,611,0,0,0,1015829,21385469,452411,0,0,0,85,1015829,21385469,0,0,46508,4050,23496,19446,19446,0,0,100512,0,0,364,0,0,0,0,0,0,0,59,0,59,0,0,0,0,0,0,0,0,0,0,0,0,0,0,0,0,0,0,0,0,714,24,0
1777071006.001223,1223,ubuntu-rog,1,0,0,6912425,6316,2898079,5281991,446089,0,19,0,0,0,0,0,1968602181,0,0,4907,1969760861,0,6316,2898079,5281991,446089,0,461658,169194,0,0,14149,0,199,0,0,0,3,0,2898083,104811,5734626,19,0,0,6522,0,0,0,0,0,0,0,48074735,44711359,0,0,107851,107851,15360,16398,0,0,0,0,0,0,0,0,0,2504286,1250614,0,262144,7673627,219177569,0,0,1026,709620,2039876170,0,0,0,0,0,3,0,0,0,0,0,0,2047744766,495,14121,1865289,1814693065,23823,0,106997,120538815,651092,169,0,651981,169,0,0,0,652150,0,651261,0,0,0,0,0,33,0,85,14704,0,0,0,0,0,0,0,0,225554,611,0,0,0,1015829,21385469,452411,0,0,0,85,1015829,21385469,0,0,46508,4050,23496,19446,19446,0,0,100512,0,0,364,0,0,0,0,0,0,0,59,0,59,0,0,0,0,0,0,0,0,0,0,0,0,0,0,0,0,0,0,0,0,714,24,0
1777071007.003160,3160,ubuntu-rog,1,0,0,6912425,6316,2898079,5281991,446089,0,19,0,0,0,0,0,1968602212,0,0,4907,1969760892,0,6316,2898079,5281991,446089,0,461658,169194,0,0,14149,0,199,0,0,0,3,0,2898083,104811,5734626,19,0,0,6522,0,0,0,0,0,0,0,48074735,44711359,0,0,107851,107851,15360,16398,0,0,0,0,0,0,0,0,0,2504286,1250614,0,262144,7673627,219177569,0,0,1026,709620,2039876201,0,0,0,0,0,3,0,0,0,0,0,0,2047744797,495,14121,1865289,1814693065,23823,0,106997,120538815,651092,169,0,651981,169,0,0,0,652150,0,651261,0,0,0,0,0,33,0,85,14704,0,0,0,0,0,0,0,0,225554,611,0,0,0,1015829,21385469,452411,0,0,0,85,1015829,21385469,0,0,46508,4050,23496,19446,19446,0,0,100512,0,0,364,0,0,0,0,0,0,0,59,0,59,0,0,0,0,0,0,0,0,0,0,0,0,0,0,0,0,0,0,0,0,714,24,0
1777071008.001164,1164,ubuntu-rog,1,0,0,6912526,6316,2897978,5281991,446089,0,20,0,0,0,0,0,1968602808,0,0,4907,1969761488,0,6316,2897978,5281991,446089,0,461658,169194,0,0,14149,0,199,0,0,0,3,0,2897982,104811,5734627,20,0,0,6522,0,0,0,0,0,0,0,48074736,44711359,0,0,107851,107851,15360,16398,0,0,0,0,0,0,0,0,0,2504306,1250624,0,262144,7673627,219177569,0,0,1026,709620,2039876800,0,0,0,0,0,3,0,0,0,0,0,0,2047745513,495,14121,1865289,1814694162,23823,0,106997,120539184,651092,169,0,651981,169,0,0,0,652150,0,651261,0,0,0,0,0,33,0,85,14704,0,0,0,0,0,0,0,0,225554,611,0,0,0,1015829,21385469,452411,0,0,0,85,1015829,21385469,0,0,46508,4050,23496,19446,19446,0,0,100512,0,0,364,0,0,0,0,0,0,0,59,0,59,0,0,0,0,0,0,0,0,0,0,0,0,0,0,0,0,0,0,0,0,714,24,0
1777071009.001263,1263,ubuntu-rog,1,0,0,6912491,6316,2897973,5281993,446089,0,74,0,0,0,0,0,1968602837,0,0,4907,1969761517,0,6316,2897973,5281993,446089,0,461658,169198,0,0,14149,0,199,0,0,0,3,0,2897918,104812,5734629,74,0,0,6522,0,0,0,0,0,0,0,48074790,44711359,0,0,107851,107851,15392,16398,0,0,0,0,0,0,0,0,0,2504300,1250621,0,262144,7673627,219177569,0,0,1026,709620,2039876829,0,0,0,0,0,3,0,0,0,0,0,0,2047745542,495,14121,1865289,1814694162,23823,0,106997,120539184,651092,169,0,651981,169,0,0,0,652150,0,651261,0,0,0,0,0,33,0,85,14704,0,0,0,0,0,0,0,0,225554,611,0,0,0,1015829,21385469,452411,0,0,0,85,1015829,21385469,0,0,46508,4050,23496,19446,19446,0,0,100512,0,0,364,0,0,0,0,0,0,0,59,0,59,0,0,0,0,0,0,0,0,0,0,0,0,0,0,0,0,0,0,0,0,714,24,0
1777071010.001301,1301,ubuntu-rog,1,0,0,6912491,6316,2897973,5281993,446089,0,75,0,0,0,0,0,1968602866,0,0,4907,1969761546,0,6316,2897973,5281993,446089,0,461658,169198,0,0,14149,0,199,0,0,0,3,0,2897918,104812,5734630,75,0,0,6522,0,0,0,0,0,0,0,48074791,44711359,0,0,107851,107851,15392,16398,0,0,0,0,0,0,0,0,0,2504300,1250621,0,262144,7673627,219177569,0,0,1026,709620,2039876858,0,0,0,0,0,3,0,0,0,0,0,0,2047745570,495,14121,1865289,1814694162,23823,0,106997,120539184,651092,169,0,651981,169,0,0,0,652150,0,651261,0,0,0,0,0,33,0,85,14704,0,0,0,0,0,0,0,0,225554,611,0,0,0,1015829,21385469,452411,0,0,0,85,1015829,21385469,0,0,46508,4050,23496,19446,19446,0,0,100512,0,0,364,0,0,0,0,0,0,0,59,0,59,0,0,0,0,0,0,0,0,0,0,0,0,0,0,0,0,0,0,0,0,714,24,0
1777071011.002297,2297,ubuntu-rog,1,0,0,6912491,6316,2897973,5281993,446089,0,76,0,0,0,0,0,1968602898,0,0,4907,1969761578,0,6316,2897973,5281993,446089,0,461658,169198,0,0,14149,0,199,0,0,0,3,0,2897918,104812,5734631,68,8,0,6522,0,0,0,0,0,0,0,48074792,44711359,0,0,107851,107851,15392,16398,0,0,0,0,0,0,0,0,0,2504300,1250621,0,262144,7673627,219177601,0,0,1026,709620,2039876890,0,0,0,0,0,3,0,0,0,0,0,0,2047745601,495,14121,1865289,1814694162,23823,0,106997,120539184,651092,169,0,651981,169,0,0,0,652150,0,651261,0,0,0,0,0,33,0,85,14704,0,0,0,0,0,0,0,0,225554,611,0,0,0,1015829,21385469,452411,0,0,0,85,1015829,21385469,0,0,46508,4050,23496,19446,19446,0,0,100512,0,0,364,0,0,0,0,0,0,0,59,0,59,0,0,0,0,0,0,0,0,0,0,0,0,0,0,0,0,0,0,0,0,714,24,0
1777071012.001161,1161,ubuntu-rog,1,0,0,6912491,6316,2897973,5281993,446089,0,74,0,0,0,0,0,1968602940,0,0,4907,1969761620,0,6316,2897973,5281993,446089,0,461658,169198,0,0,14149,0,199,0,0,0,3,0,2897918,104812,5734634,74,0,0,6522,0,0,0,0,0,0,0,48074798,44711367,0,0,107851,107851,15392,16398,0,0,0,0,0,0,0,0,0,2504300,1250621,0,262144,7673627,219177645,0,0,1026,709620,2039876932,0,0,0,0,0,3,0,0,0,0,0,0,2047745636,495,14121,1865289,1814694162,23823,0,106997,120539184,651092,169,0,651981,169,0,0,0,652150,0,651261,0,0,0,0,0,33,0,85,14704,0,0,0,0,0,0,0,0,225554,611,0,0,0,1015829,21385469,452411,0,0,0,85,1015829,21385469,0,0,46508,4050,23496,19446,19446,0,0,100512,0,0,364,0,0,0,0,0,0,0,59,0,59,0,0,0,0,0,0,0,0,0,0,0,0,0,0,0,0,0,0,0,0,714,24,0
1777071013.001176,1176,ubuntu-rog,1,0,0,6912554,6316,2898035,5281993,446089,0,74,0,0,0,0,0,1968603154,0,0,4907,1969761834,0,6316,2898035,5281993,446089,0,461658,169200,0,0,14149,0,199,0,0,0,3,0,2897964,104812,5734634,74,0,0,6522,0,0,0,0,0,0,0,48074798,44711367,0,0,107851,107851,15392,16398,0,0,0,0,0,0,0,0,0,2504312,1250627,0,262144,7673627,219177645,0,0,1026,709620,2039877224,0,0,0,0,0,3,0,0,0,0,0,0,2047745860,495,14121,1865289,1814694228,23823,0,106997,120539187,651092,169,0,651981,169,0,0,0,652150,0,651261,0,0,0,0,0,33,0,85,14704,0,0,0,0,0,0,0,0,225554,611,0,0,0,1015829,21385469,452411,0,0,0,85,1015829,21385469,0,0,46508,4050,23496,19446,19446,0,0,100512,0,0,364,0,0,0,0,0,0,0,59,0,59,0,0,0,0,0,0,0,0,0,0,0,0,0,0,0,0,0,0,0,0,714,24,0
1777071014.001269,1269,ubuntu-rog,1,0,0,6912554,6316,2898035,5281993,446089,0,74,0,0,0,0,0,1968603187,0,0,4907,1969761867,0,6316,2898035,5281993,446089,0,461658,169200,0,0,14149,0,199,0,0,0,3,0,2897964,104812,5734634,74,0,0,6522,0,0,0,0,0,0,0,48074798,44711367,0,0,107851,107851,15392,16398,0,0,0,0,0,0,0,0,0,2504312,1250627,0,262144,7673627,219177645,0,0,1026,709620,2039877257,0,0,0,0,0,3,0,0,0,0,0,0,2047745893,495,14121,1865289,1814694228,23823,0,106997,120539187,651092,169,0,651981,169,0,0,0,652150,0,651261,0,0,0,0,0,33,0,85,14704,0,0,0,0,0,0,0,0,225554,611,0,0,0,1015829,21385469,452411,0,0,0,85,1015829,21385469,0,0,46508,4050,23496,19446,19446,0,0,100512,0,0,364,0,0,0,0,0,0,0,59,0,59,0,0,0,0,0,0,0,0,0,0,0,0,0,0,0,0,0,0,0,0,714,24,0
1777071015.002298,2298,ubuntu-rog,1,0,0,6912554,6316,2898035,5282000,446089,0,65,0,0,0,0,0,1968603219,0,0,4907,1969761899,0,6316,2898035,5282000,446089,0,461658,169200,0,0,14149,0,199,0,0,0,3,0,2897964,104812,5734636,65,0,0,6522,0,0,0,0,0,0,0,48074801,44711379,0,0,107851,107851,15392,16398,0,0,0,0,0,0,0,0,0,2504314,1250628,0,262144,7673627,219177685,0,0,1026,709620,2039877289,0,0,0,0,0,3,0,0,0,0,0,0,2047745924,495,14121,1865289,1814694228,23823,0,106997,120539187,651092,169,0,651981,169,0,0,0,652150,0,651261,0,0,0,0,0,33,0,85,14704,0,0,0,0,0,0,0,0,225554,611,0,0,0,1015829,21385469,452411,0,0,0,85,1015829,21385469,0,0,46508,4050,23496,19446,19446,0,0,100512,0,0,364,0,0,0,0,0,0,0,59,0,59,0,0,0,0,0,0,0,0,0,0,0,0,0,0,0,0,0,0,0,0,714,24,0
1777071016.001299,1299,ubuntu-rog,1,0,0,6912554,6316,2898035,5282000,446089,0,65,0,0,0,0,0,1968603242,0,0,4907,1969761922,0,6316,2898035,5282000,446089,0,461658,169200,0,0,14149,0,199,0,0,0,3,0,2897964,104812,5734636,65,0,0,6522,0,0,0,0,0,0,0,48074801,44711379,0,0,107851,107851,15392,16398,0,0,0,0,0,0,0,0,0,2504314,1250628,0,262144,7673627,219177685,0,0,1026,709620,2039877312,0,0,0,0,0,3,0,0,0,0,0,0,2047745947,495,14121,1865289,1814694228,23823,0,106997,120539187,651092,169,0,651981,169,0,0,0,652150,0,651261,0,0,0,0,0,33,0,85,14704,0,0,0,0,0,0,0,0,225554,611,0,0,0,1015829,21385469,452411,0,0,0,85,1015829,21385469,0,0,46508,4050,23496,19446,19446,0,0,100512,0,0,364,0,0,0,0,0,0,0,59,0,59,0,0,0,0,0,0,0,0,0,0,0,0,0,0,0,0,0,0,0,0,714,24,0
1777071017.001160,1160,ubuntu-rog,1,0,0,6912554,6316,2898035,5282000,446089,0,65,0,0,0,0,0,1968603272,0,0,4907,1969761952,0,6316,2898035,5282000,446089,0,461658,169200,0,0,14149,0,199,0,0,0,3,0,2897964,104812,5734636,65,0,0,6522,0,0,0,0,0,0,0,48074801,44711379,0,0,107851,107851,15392,16398,0,0,0,0,0,0,0,0,0,2504314,1250628,0,262144,7673627,219177701,0,0,1026,709620,2039877342,0,0,0,0,0,3,0,0,0,0,0,0,2047745975,495,14121,1865289,1814694228,23823,0,106997,120539187,651092,169,0,651981,169,0,0,0,652150,0,651261,0,0,0,0,0,33,0,85,14704,0,0,0,0,0,0,0,0,225554,611,0,0,0,1015829,21385469,452411,0,0,0,85,1015829,21385469,0,0,46508,4050,23496,19446,19446,0,0,100512,0,0,364,0,0,0,0,0,0,0,59,0,59,0,0,0,0,0,0,0,0,0,0,0,0,0,0,0,0,0,0,0,0,714,24,0
1777071018.001160,1160,ubuntu-rog,1,0,0,6912554,6316,2898035,5282000,446089,0,67,0,0,0,0,0,1968603300,0,0,4907,1969761980,0,6316,2898035,5282000,446089,0,461658,169200,0,0,14149,0,199,0,0,0,3,0,2897964,104812,5734638,67,0,0,6522,0,0,0,0,0,0,0,48074803,44711379,0,0,107851,107851,15392,16398,0,0,0,0,0,0,0,0,0,2504314,1250628,0,262144,7673627,219177701,0,0,1026,709620,2039877370,0,0,0,0,0,3,0,0,0,0,0,0,2047746003,495,14121,1865289,1814694228,23823,0,106997,120539187,651092,169,0,651981,169,0,0,0,652150,0,651261,0,0,0,0,0,33,0,85,14704,0,0,0,0,0,0,0,0,225554,611,0,0,0,1015829,21385469,452411,0,0,0,85,1015829,21385469,0,0,46508,4050,23496,19446,19446,0,0,100512,0,0,364,0,0,0,0,0,0,0,59,0,59,0,0,0,0,0,0,0,0,0,0,0,0,0,0,0,0,0,0,0,0,714,24,0
1777071019.002259,2259,ubuntu-rog,1,0,0,6912554,6316,2898035,5282000,446089,0,68,0,0,0,0,0,1968603324,0,0,4907,1969762004,0,6316,2898035,5282000,446089,0,461658,169200,0,0,14149,0,199,0,0,0,3,0,2897964,104812,5734639,68,0,0,6522,0,0,0,0,0,0,0,48074804,44711379,0,0,107851,107851,15392,16398,0,0,0,0,0,0,0,0,0,2504314,1250628,0,262144,7673627,219177701,0,0,1026,709620,2039877394,0,0,0,0,0,3,0,0,0,0,0,0,2047746026,495,14121,1865289,1814694228,23823,0,106997,120539187,651092,169,0,651981,169,0,0,0,652150,0,651261,0,0,0,0,0,33,0,85,14704,0,0,0,0,0,0,0,0,225554,611,0,0,0,1015829,21385469,452411,0,0,0,85,1015829,21385469,0,0,46508,4050,23496,19446,19446,0,0,100512,0,0,364,0,0,0,0,0,0,0,59,0,59,0,0,0,0,0,0,0,0,0,0,0,0,0,0,0,0,0,0,0,0,714,24,0
1777071020.001209,1209,ubuntu-rog,1,0,0,6912554,6316,2898035,5282000,446089,0,68,0,0,0,0,0,1968603354,0,0,4907,1969762034,0,6316,2898035,5282000,446089,0,461658,169200,0,0,14149,0,199,0,0,0,3,0,2897964,104812,5734639,68,0,0,6522,0,0,0,0,0,0,0,48074804,44711379,0,0,107851,107851,15392,16398,0,0,0,0,0,0,0,0,0,2504314,1250628,0,262144,7673627,219177701,0,0,1026,709620,2039877424,0,0,0,0,0,3,0,0,0,0,0,0,2047746056,495,14121,1865289,1814694228,23823,0,106997,120539187,651092,169,0,651981,169,0,0,0,652150,0,651261,0,0,0,0,0,33,0,85,14704,0,0,0,0,0,0,0,0,225554,611,0,0,0,1015829,21385469,452411,0,0,0,85,1015829,21385469,0,0,46508,4050,23496,19446,19446,0,0,100512,0,0,364,0,0,0,0,0,0,0,59,0,59,0,0,0,0,0,0,0,0,0,0,0,0,0,0,0,0,0,0,0,0,714,24,0
1777071021.001308,1308,ubuntu-rog,1,0,0,6912554,6316,2898035,5282000,446089,0,69,0,0,0,0,0,1968603385,0,0,4907,1969762065,0,6316,2898035,5282000,446089,0,461658,169200,0,0,14149,0,199,0,0,0,3,0,2897964,104812,5734640,69,0,0,6522,0,0,0,0,0,0,0,48074805,44711379,0,0,107851,107851,15392,16398,0,0,0,0,0,0,0,0,0,2504314,1250628,0,262144,7673627,219177701,0,0,1026,709620,2039877455,0,0,0,0,0,3,0,0,0,0,0,0,2047746086,495,14121,1865289,1814694228,23823,0,106997,120539187,651092,169,0,651981,169,0,0,0,652150,0,651261,0,0,0,0,0,33,0,85,14704,0,0,0,0,0,0,0,0,225554,611,0,0,0,1015829,21385469,452411,0,0,0,85,1015829,21385469,0,0,46508,4050,23496,19446,19446,0,0,100512,0,0,364,0,0,0,0,0,0,0,59,0,59,0,0,0,0,0,0,0,0,0,0,0,0,0,0,0,0,0,0,0,0,714,24,0
1777071022.001160,1160,ubuntu-rog,1,0,0,6912554,6316,2898035,5282000,446089,0,70,0,0,0,0,0,1968603406,0,0,4907,1969762086,0,6316,2898035,5282000,446089,0,461658,169200,0,0,14149,0,199,0,0,0,3,0,2897964,104812,5734641,70,0,0,6522,0,0,0,0,0,0,0,48074806,44711379,0,0,107851,107851,15392,16398,0,0,0,0,0,0,0,0,0,2504314,1250628,0,262144,7673627,219177701,0,0,1026,709620,2039877476,0,0,0,0,0,3,0,0,0,0,0,0,2047746106,495,14121,1865289,1814694228,23823,0,106997,120539187,651092,169,0,651981,169,0,0,0,652150,0,651261,0,0,0,0,0,33,0,85,14704,0,0,0,0,0,0,0,0,225554,611,0,0,0,1015829,21385469,452411,0,0,0,85,1015829,21385469,0,0,46508,4050,23496,19446,19446,0,0,100512,0,0,364,0,0,0,0,0,0,0,59,0,59,0,0,0,0,0,0,0,0,0,0,0,0,0,0,0,0,0,0,0,0,714,24,0
1777071023.002160,2160,ubuntu-rog,1,0,0,6912554,6316,2898033,5282000,446089,0,71,0,0,0,0,0,1968603444,0,0,4907,1969762124,0,6316,2898033,5282000,446089,0,461658,169200,0,0,14149,0,199,0,0,0,3,0,2897966,104812,5734644,71,0,0,6522,0,0,0,0,0,0,0,48074807,44711379,0,0,107851,107851,15392,16398,0,0,0,0,0,0,0,0,0,2504314,1250628,0,262144,7673627,219177717,0,0,1026,709620,2039877514,0,0,0,0,0,3,0,0,0,0,0,0,2047746137,495,14121,1865289,1814694234,23823,0,106997,120539187,651092,169,0,651981,169,0,0,0,652150,0,651261,0,0,0,0,0,33,0,85,14704,0,0,0,0,0,0,0,0,225554,611,0,0,0,1015829,21385469,452411,0,0,0,85,1015829,21385469,0,0,46508,4050,23496,19446,19446,0,0,100512,0,0,364,0,0,0,0,0,0,0,59,0,59,0,0,0,0,0,0,0,0,0,0,0,0,0,0,0,0,0,0,0,0,714,24,0
1777071024.001260,1260,ubuntu-rog,1,0,0,6912554,6316,2898033,5282000,446089,0,71,0,0,0,0,0,1968603474,0,0,4907,1969762154,0,6316,2898033,5282000,446089,0,461658,169200,0,0,14149,0,199,0,0,0,3,0,2897966,104812,5734644,71,0,0,6522,0,0,0,0,0,0,0,48074807,44711379,0,0,107851,107851,15392,16398,0,0,0,0,0,0,0,0,0,2504314,1250628,0,262144,7673627,219177717,0,0,1026,709620,2039877544,0,0,0,0,0,3,0,0,0,0,0,0,2047746167,495,14121,1865289,1814694234,23823,0,106997,120539187,651092,169,0,651981,169,0,0,0,652150,0,651261,0,0,0,0,0,33,0,85,14704,0,0,0,0,0,0,0,0,225554,611,0,0,0,1015829,21385469,452411,0,0,0,85,1015829,21385469,0,0,46508,4050,23496,19446,19446,0,0,100512,0,0,364,0,0,0,0,0,0,0,59,0,59,0,0,0,0,0,0,0,0,0,0,0,0,0,0,0,0,0,0,0,0,714,24,0
1777071025.001296,1296,ubuntu-rog,1,0,0,6912554,6316,2898033,5282000,446089,0,71,0,0,0,0,0,1968603504,0,0,4907,1969762184,0,6316,2898033,5282000,446089,0,461658,169200,0,0,14149,0,199,0,0,0,3,0,2897966,104812,5734644,71,0,0,6522,0,0,0,0,0,0,0,48074807,44711379,0,0,107851,107851,15392,16398,0,0,0,0,0,0,0,0,0,2504314,1250628,0,262144,7673627,219177717,0,0,1026,709620,2039877581,0,0,0,0,0,3,0,0,0,0,0,0,2047746196,495,14121,1865289,1814694234,23823,0,106997,120539187,651092,169,0,651981,169,0,0,0,652150,0,651261,0,0,0,0,0,33,0,85,14704,0,0,0,0,0,0,0,0,225554,611,0,0,0,1015829,21385469,452411,0,0,0,85,1015829,21385469,0,0,46508,4050,23496,19446,19446,0,0,100512,0,0,364,0,0,0,0,0,0,0,59,0,59,0,0,0,0,0,0,0,0,0,0,0,0,0,0,0,0,0,0,0,0,714,24,0
1777071026.001221,1221,ubuntu-rog,1,0,0,6912554,6316,2898033,5282000,446089,0,73,0,0,0,0,0,1968603536,0,0,4907,1969762216,0,6316,2898033,5282000,446089,0,461658,169200,0,0,14149,0,199,0,0,0,3,0,2897966,104812,5734646,73,0,0,6522,0,0,0,0,0,0,0,48074809,44711379,0,0,107851,107851,15392,16398,0,0,0,0,0,0,0,0,0,2504314,1250628,0,262144,7673627,219177717,0,0,1026,709620,2039877613,0,0,0,0,0,3,0,0,0,0,0,0,2047746226,495,14121,1865289,1814694234,23823,0,106997,120539187,651092,169,0,651981,169,0,0,0,652150,0,651261,0,0,0,0,0,33,0,85,14704,0,0,0,0,0,0,0,0,225554,611,0,0,0,1015829,21385469,452411,0,0,0,85,1015829,21385469,0,0,46508,4050,23496,19446,19446,0,0,100512,0,0,364,0,0,0,0,0,0,0,59,0,59,0,0,0,0,0,0,0,0,0,0,0,0,0,0,0,0,0,0,0,0,714,24,0
1777071027.002152,2152,ubuntu-rog,1,0,0,6912554,6316,2898033,5282000,446089,0,73,0,0,0,0,0,1968603558,0,0,4907,1969762238,0,6316,2898033,5282000,446089,0,461658,169200,0,0,14149,0,199,0,0,0,3,0,2897966,104812,5734646,73,0,0,6522,0,0,0,0,0,0,0,48074809,44711379,0,0,107851,107851,15392,16398,0,0,0,0,0,0,0,0,0,2504314,1250628,0,262144,7673627,219177717,0,0,1026,709620,2039877635,0,0,0,0,0,3,0,0,0,0,0,0,2047746248,495,14121,1865289,1814694234,23823,0,106997,120539187,651092,169,0,651981,169,0,0,0,652150,0,651261,0,0,0,0,0,33,0,85,14704,0,0,0,0,0,0,0,0,225554,611,0,0,0,1015829,21385469,452411,0,0,0,85,1015829,21385469,0,0,46508,4050,23496,19446,19446,0,0,100512,0,0,364,0,0,0,0,0,0,0,59,0,59,0,0,0,0,0,0,0,0,0,0,0,0,0,0,0,0,0,0,0,0,714,24,0
1777071028.001162,1162,ubuntu-rog,1,0,0,6912554,6316,2898033,5282000,446089,0,73,0,0,0,0,0,1968603584,0,0,4907,1969762264,0,6316,2898033,5282000,446089,0,461658,169200,0,0,14149,0,199,0,0,0,3,0,2897966,104812,5734646,73,0,0,6522,0,0,0,0,0,0,0,48074809,44711379,0,0,107851,107851,15392,16398,0,0,0,0,0,0,0,0,0,2504314,1250628,0,262144,7673627,219177717,0,0,1026,709620,2039877661,0,0,0,0,0,3,0,0,0,0,0,0,2047746274,495,14121,1865289,1814694234,23823,0,106997,120539187,651092,169,0,651981,169,0,0,0,652150,0,651261,0,0,0,0,0,33,0,85,14704,0,0,0,0,0,0,0,0,225554,611,0,0,0,1015829,21385469,452411,0,0,0,85,1015829,21385469,0,0,46508,4050,23496,19446,19446,0,0,100512,0,0,364,0,0,0,0,0,0,0,59,0,59,0,0,0,0,0,0,0,0,0,0,0,0,0,0,0,0,0,0,0,0,714,24,0
1777071029.001264,1264,ubuntu-rog,1,0,0,6912554,6316,2898033,5282000,446089,0,74,0,0,0,0,0,1968603619,0,0,4907,1969762299,0,6316,2898033,5282000,446089,0,461658,169200,0,0,14149,0,199,0,0,0,3,0,2897969,104812,5734649,74,0,0,6522,0,0,0,0,0,0,0,48074810,44711379,0,0,107851,107851,15392,16398,0,0,0,0,0,0,0,0,0,2504314,1250628,0,262144,7673627,219177733,0,0,1026,709620,2039877696,0,0,0,0,0,3,0,0,0,0,0,0,2047746303,495,14121,1865289,1814694237,23823,0,106997,120539187,651092,169,0,651981,169,0,0,0,652150,0,651261,0,0,0,0,0,33,0,85,14704,0,0,0,0,0,0,0,0,225554,611,0,0,0,1015829,21385469,452411,0,0,0,85,1015829,21385469,0,0,46508,4050,23496,19446,19446,0,0,100512,0,0,364,0,0,0,0,0,0,0,59,0,59,0,0,0,0,0,0,0,0,0,0,0,0,0,0,0,0,0,0,0,0,714,24,0
1777071030.001295,1295,ubuntu-rog,1,0,0,6912554,6316,2898033,5282000,446089,0,74,0,0,0,0,0,1968603641,0,0,4907,1969762321,0,6316,2898033,5282000,446089,0,461658,169200,0,0,14149,0,199,0,0,0,3,0,2897969,104812,5734649,74,0,0,6522,0,0,0,0,0,0,0,48074810,44711379,0,0,107851,107851,15392,16398,0,0,0,0,0,0,0,0,0,2504314,1250628,0,262144,7673627,219177733,0,0,1026,709620,2039877718,0,0,0,0,0,3,0,0,0,0,0,0,2047746325,495,14121,1865289,1814694237,23823,0,106997,120539187,651092,169,0,651981,169,0,0,0,652150,0,651261,0,0,0,0,0,33,0,85,14704,0,0,0,0,0,0,0,0,225554,611,0,0,0,1015829,21385469,452411,0,0,0,85,1015829,21385469,0,0,46508,4050,23496,19446,19446,0,0,100512,0,0,364,0,0,0,0,0,0,0,59,0,59,0,0,0,0,0,0,0,0,0,0,0,0,0,0,0,0,0,0,0,0,714,24,0
1777071031.002295,2295,ubuntu-rog,1,0,0,6912554,6316,2898033,5282000,446089,0,74,0,0,0,0,0,1968603671,0,0,4907,1969762351,0,6316,2898033,5282000,446089,0,461658,169200,0,0,14149,0,199,0,0,0,3,0,2897970,104812,5734649,74,0,0,6522,0,0,0,0,0,0,0,48074810,44711379,0,0,107851,107851,15392,16398,0,0,0,0,0,0,0,0,0,2504314,1250628,0,262144,7673627,219177733,0,0,1026,709620,2039877748,0,0,0,0,0,3,0,0,0,0,0,0,2047746354,495,14121,1865289,1814694238,23823,0,106997,120539187,651092,169,0,651981,169,0,0,0,652150,0,651261,0,0,0,0,0,33,0,85,14704,0,0,0,0,0,0,0,0,225554,611,0,0,0,1015829,21385469,452411,0,0,0,85,1015829,21385469,0,0,46508,4050,23496,19446,19446,0,0,100512,0,0,364,0,0,0,0,0,0,0,59,0,59,0,0,0,0,0,0,0,0,0,0,0,0,0,0,0,0,0,0,0,0,714,24,0
1777071032.002154,2154,ubuntu-rog,1,0,0,6912554,6316,2898033,5282002,446089,0,71,0,0,0,0,0,1968603702,0,0,4907,1969762382,0,6316,2898033,5282002,446089,0,461658,169200,0,0,14149,0,199,0,0,0,3,0,2897970,104812,5734650,71,0,0,6522,0,0,0,0,0,0,0,48074811,44711383,0,0,107851,107851,15392,16398,0,0,0,0,0,0,0,0,0,2504314,1250628,0,262144,7673627,219177749,0,0,1026,709620,2039877779,0,0,0,0,0,3,0,0,0,0,0,0,2047746402,495,14121,1865289,1814694238,23823,0,106997,120539187,651092,169,0,651981,169,0,0,0,652150,0,651261,0,0,0,0,0,33,0,85,14704,0,0,0,0,0,0,0,0,225554,611,0,0,0,1015829,21385469,452411,0,0,0,85,1015829,21385469,0,0,46508,4050,23496,19446,19446,0,0,100512,0,0,364,0,0,0,0,0,0,0,59,0,59,0,0,0,0,0,0,0,0,0,0,0,0,0,0,0,0,0,0,0,0,714,24,0
1777071033.001432,1432,ubuntu-rog,1,0,0,6912554,6316,2898033,5282002,446089,0,72,0,0,0,0,0,1968603725,0,0,4907,1969762405,0,6316,2898033,5282002,446089,0,461658,169200,0,0,14149,0,199,0,0,0,3,0,2897970,104812,5734651,72,0,0,6522,0,0,0,0,0,0,0,48074812,44711383,0,0,107851,107851,15392,16398,0,0,0,0,0,0,0,0,0,2504314,1250628,0,262144,7673627,219177749,0,0,1026,709620,2039877802,0,0,0,0,0,3,0,0,0,0,0,0,2047746424,495,14121,1865289,1814694238,23823,0,106997,120539187,651092,169,0,651981,169,0,0,0,652150,0,651261,0,0,0,0,0,33,0,85,14704,0,0,0,0,0,0,0,0,225554,611,0,0,0,1015829,21385469,452411,0,0,0,85,1015829,21385469,0,0,46508,4050,23496,19446,19446,0,0,100512,0,0,364,0,0,0,0,0,0,0,59,0,59,0,0,0,0,0,0,0,0,0,0,0,0,0,0,0,0,0,0,0,0,714,24,0
1777071034.002266,2266,ubuntu-rog,1,0,0,6912554,6316,2898033,5282002,446089,0,75,0,0,0,0,0,1968603756,0,0,4907,1969762436,0,6316,2898033,5282002,446089,0,461658,169200,0,0,14149,0,199,0,0,0,3,0,2897970,104812,5734653,75,0,0,6522,0,0,0,0,0,0,0,48074815,44711383,0,0,107851,107851,15392,16398,0,0,0,0,0,0,0,0,0,2504314,1250628,0,262144,7673627,219177777,0,0,1026,709620,2039877833,0,0,0,0,0,3,0,0,0,0,0,0,2047746453,495,14121,1865289,1814694238,23823,0,106997,120539187,651092,169,0,651981,169,0,0,0,652150,0,651261,0,0,0,0,0,33,0,85,14704,0,0,0,0,0,0,0,0,225554,611,0,0,0,1015829,21385469,452411,0,0,0,85,1015829,21385469,0,0,46508,4050,23496,19446,19446,0,0,100512,0,0,364,0,0,0,0,0,0,0,59,0,59,0,0,0,0,0,0,0,0,0,0,0,0,0,0,0,0,0,0,0,0,714,24,0
1777071035.001298,1298,ubuntu-rog,1,0,0,6912554,6316,2898033,5282002,446089,0,77,0,0,0,0,0,1968603786,0,0,4907,1969762466,0,6316,2898033,5282002,446089,0,461658,169200,0,0,14149,0,199,0,0,0,3,0,2897970,104812,5734654,77,0,0,6522,0,0,0,0,0,0,0,48074817,44711383,0,0,107851,107851,15392,16398,0,0,0,0,0,0,0,0,0,2504314,1250628,0,262144,7673627,219177777,0,0,1026,709620,2039877863,0,0,0,0,0,3,0,0,0,0,0,0,2047746482,495,14121,1865289,1814694240,23823,0,106997,120539189,651092,169,0,651981,169,0,0,0,652150,0,651261,0,0,0,0,0,33,0,85,14704,0,0,0,0,0,0,0,0,225554,611,0,0,0,1015829,21385469,452411,0,0,0,85,1015829,21385469,0,0,46508,4050,23496,19446,19446,0,0,100512,0,0,364,0,0,0,0,0,0,0,59,0,59,0,0,0,0,0,0,0,0,0,0,0,0,0,0,0,0,0,0,0,0,714,24,0
1777071036.001305,1305,ubuntu-rog,1,0,0,6912554,6316,2898033,5282002,446089,0,78,0,0,0,0,0,1968603808,0,0,4907,1969762488,0,6316,2898033,5282002,446089,0,461658,169200,0,0,14149,0,199,0,0,0,3,0,2897970,104812,5734655,78,0,0,6522,0,0,0,0,0,0,0,48074818,44711383,0,0,107851,107851,15392,16398,0,0,0,0,0,0,0,0,0,2504314,1250628,0,262144,7673627,219177777,0,0,1026,709620,2039877885,0,0,0,0,0,3,0,0,0,0,0,0,2047746503,495,14121,1865289,1814694240,23823,0,106997,120539189,651092,169,0,651981,169,0,0,0,652150,0,651261,0,0,0,0,0,33,0,85,14704,0,0,0,0,0,0,0,0,225554,611,0,0,0,1015829,21385469,452411,0,0,0,85,1015829,21385469,0,0,46508,4050,23496,19446,19446,0,0,100512,0,0,364,0,0,0,0,0,0,0,59,0,59,0,0,0,0,0,0,0,0,0,0,0,0,0,0,0,0,0,0,0,0,714,24,0
1777071037.001163,1163,ubuntu-rog,1,0,0,6912554,6316,2898235,5282002,446089,0,67,0,0,0,0,0,1968604505,0,0,4907,1969763185,0,6316,2898235,5282002,446089,0,461658,169200,0,0,14149,0,199,0,0,0,3,0,2898172,104812,5734656,67,0,0,6522,0,0,0,0,0,0,0,48074819,44711395,0,0,107851,107851,15392,16398,0,0,0,0,0,0,0,0,0,2504314,1250628,0,262144,7673627,219177929,0,0,1026,709620,2039878582,0,0,0,0,0,3,0,0,0,0,0,0,2047746919,495,14121,1865289,1814695443,23823,0,106997,120539456,651092,169,0,651981,169,0,0,0,652150,0,651261,0,0,0,0,0,33,0,85,14704,0,0,0,0,0,0,0,0,225554,611,0,0,0,1015829,21385469,452411,0,0,0,85,1015829,21385469,0,0,46508,4050,23496,19446,19446,0,0,100512,0,0,364,0,0,0,0,0,0,0,59,0,59,0,0,0,0,0,0,0,0,0,0,0,0,0,0,0,0,0,0,0,0,714,24,0
1777071038.002162,2162,ubuntu-rog,1,0,0,6912554,6316,2898299,5282010,446089,0,103,0,0,0,0,0,1968604536,0,0,4907,1969763216,0,6316,2898299,5282010,446089,0,461658,169200,0,0,14149,0,199,0,0,0,3,0,2898233,104831,5734661,103,0,0,6523,0,0,0,0,0,0,0,48074856,44711396,0,0,107851,107851,15472,16426,0,0,0,0,0,0,0,0,0,2504316,1250629,0,262144,7673627,219177929,0,0,1026,709620,2039878613,0,0,0,0,0,3,0,0,0,0,0,0,2047746950,495,14121,1865289,1814695443,23823,0,106997,120539456,651092,169,0,651981,169,0,0,0,652150,0,651261,0,0,0,0,0,33,0,85,14704,0,0,0,0,0,0,0,0,225554,611,0,0,0,1015829,21385469,452411,0,0,0,85,1015829,21385469,0,0,46508,4050,23496,19446,19446,0,0,100512,0,0,364,0,0,0,0,0,0,0,59,0,59,0,0,0,0,0,0,0,0,0,0,0,0,0,0,0,0,0,0,0,0,714,24,0
1777071039.001264,1264,ubuntu-rog,1,0,0,6912554,6316,2898299,5282010,446089,0,103,0,0,0,0,0,1968604562,0,0,4907,1969763242,0,6316,2898299,5282010,446089,0,461658,169200,0,0,14149,0,199,0,0,0,3,0,2898233,104831,5734661,103,0,0,6523,0,0,0,0,0,0,0,48074856,44711396,0,0,107851,107851,15472,16426,0,0,0,0,0,0,0,0,0,2504316,1250629,0,262144,7673627,219178237,0,0,1026,709620,2039878640,0,0,0,0,0,3,0,0,0,0,0,0,2047746977,495,14121,1865289,1814695444,23823,0,106997,120539456,651092,169,0,651981,169,0,0,0,652150,0,651261,0,0,0,0,0,33,0,85,14704,0,0,0,0,0,0,0,0,225554,611,0,0,0,1015829,21385469,452411,0,0,0,85,1015829,21385469,0,0,46508,4050,23496,19446,19446,0,0,100512,0,0,364,0,0,0,0,0,0,0,59,0,59,0,0,0,0,0,0,0,0,0,0,0,0,0,0,0,0,0,0,0,0,714,24,0
1777071040.001206,1206,ubuntu-rog,1,0,0,6912554,6316,2898314,5282061,446089,0,60,0,0,0,0,0,1968604621,0,0,4907,1969763301,0,6316,2898314,5282061,446089,0,461658,169200,0,0,14149,0,199,0,0,0,3,0,2898233,104831,5734680,60,0,0,6523,0,0,0,0,0,0,0,48074900,44711483,0,0,107851,107851,15472,16426,0,0,0,0,0,0,0,0,0,2504326,1250634,0,262144,7673627,219178813,0,0,1026,709620,2039878698,0,0,0,0,0,3,0,0,0,0,0,0,2047747017,495,14121,1865289,1814695444,23823,0,106997,120539456,651092,169,0,651981,169,0,0,0,652150,0,651261,0,0,0,0,0,33,0,85,14704,0,0,0,0,0,0,0,0,225554,611,0,0,0,1015829,21385469,452411,0,0,0,85,1015829,21385469,0,0,46508,4050,23496,19446,19446,0,0,100512,0,0,364,0,0,0,0,0,0,0,59,0,59,0,0,0,0,0,0,0,0,0,0,0,0,0,0,0,0,0,0,0,0,714,24,0
1777071041.002305,2305,ubuntu-rog,1,0,0,6912554,6316,2898314,5282061,446089,0,60,0,0,0,0,0,1968604650,0,0,4907,1969763330,0,6316,2898314,5282061,446089,0,461658,169200,0,0,14149,0,199,0,0,0,3,0,2898233,104831,5734680,60,0,0,6523,0,0,0,0,0,0,0,48074900,44711483,0,0,107851,107851,15472,16426,0,0,0,0,0,0,0,0,0,2504326,1250634,0,262144,7673627,219178813,0,0,1026,709620,2039878727,0,0,0,0,0,3,0,0,0,0,0,0,2047747046,495,14121,1865289,1814695444,23823,0,106997,120539456,651092,169,0,651981,169,0,0,0,652150,0,651261,0,0,0,0,0,33,0,85,14704,0,0,0,0,0,0,0,0,225554,611,0,0,0,1015829,21385469,452411,0,0,0,85,1015829,21385469,0,0,46508,4050,23496,19446,19446,0,0,100512,0,0,364,0,0,0,0,0,0,0,59,0,59,0,0,0,0,0,0,0,0,0,0,0,0,0,0,0,0,0,0,0,0,714,24,0
1777071042.001163,1163,ubuntu-rog,1,0,0,6912554,6316,2898314,5282061,446089,0,60,0,0,0,0,0,1968604680,0,0,4907,1969763360,0,6316,2898314,5282061,446089,0,461658,169200,0,0,14149,0,199,0,0,0,3,0,2898233,104831,5734680,60,0,0,6523,0,0,0,0,0,0,0,48074900,44711483,0,0,107851,107851,15472,16426,0,0,0,0,0,0,0,0,0,2504326,1250634,0,262144,7673627,219178813,0,0,1026,709620,2039878757,0,0,0,0,0,3,0,0,0,0,0,0,2047747076,495,14121,1865289,1814695445,23823,0,106997,120539457,651092,169,0,651981,169,0,0,0,652150,0,651261,0,0,0,0,0,33,0,85,14704,0,0,0,0,0,0,0,0,225554,611,0,0,0,1015829,21385469,452411,0,0,0,85,1015829,21385469,0,0,46508,4050,23496,19446,19446,0,0,100512,0,0,364,0,0,0,0,0,0,0,59,0,59,0,0,0,0,0,0,0,0,0,0,0,0,0,0,0,0,0,0,0,0,714,24,0
1777071043.001164,1164,ubuntu-rog,1,0,0,6912554,6316,2898314,5282061,446089,0,62,0,0,0,0,0,1968604713,0,0,4907,1969763393,0,6316,2898314,5282061,446089,0,461658,169200,0,0,14149,0,199,0,0,0,3,0,2898233,104831,5734682,62,0,0,6523,0,0,0,0,0,0,0,48074902,44711483,0,0,107851,107851,15472,16426,0,0,0,0,0,0,0,0,0,2504326,1250634,0,262144,7673627,219178825,0,0,1026,709620,2039878797,0,0,0,0,0,3,0,0,0,0,0,0,2047747106,495,14121,1865289,1814695445,23823,0,106997,120539457,651092,169,0,651981,169,0,0,0,652150,0,651261,0,0,0,0,0,33,0,85,14704,0,0,0,0,0,0,0,0,225554,611,0,0,0,1015829,21385469,452411,0,0,0,85,1015829,21385469,0,0,46508,4050,23496,19446,19446,0,0,100512,0,0,364,0,0,0,0,0,0,0,59,0,59,0,0,0,0,0,0,0,0,0,0,0,0,0,0,0,0,0,0,0,0,714,24,0
1777071044.001263,1263,ubuntu-rog,1,0,0,6912554,6316,2898322,5282064,446089,0,59,0,0,0,0,0,1968604741,0,0,4907,1969763421,0,6316,2898322,5282064,446089,0,461658,169200,0,0,14149,0,199,0,0,0,3,0,2898233,104831,5734682,59,0,0,6523,0,0,0,0,0,0,0,48074902,44711486,0,0,107851,107851,15472,16426,0,0,0,0,0,0,0,0,0,2504327,1250634,0,262144,7673627,219178825,0,0,1026,709620,2039878825,0,0,0,0,0,3,0,0,0,0,0,0,2047747134,495,14121,1865289,1814695445,23823,0,106997,120539457,651092,169,0,651981,169,0,0,0,652150,0,651261,0,0,0,0,0,33,0,85,14704,0,0,0,0,0,0,0,0,225554,611,0,0,0,1015829,21385469,452411,0,0,0,85,1015829,21385469,0,0,46508,4050,23496,19446,19446,0,0,100512,0,0,364,0,0,0,0,0,0,0,59,0,59,0,0,0,0,0,0,0,0,0,0,0,0,0,0,0,0,0,0,0,0,714,24,0
1777071045.002302,2302,ubuntu-rog,1,0,0,6912554,6316,2898322,5282064,446089,0,63,0,0,0,0,0,1968604771,0,0,4907,1969763451,0,6316,2898322,5282064,446089,0,461658,169200,0,0,14149,0,199,0,0,0,3,0,2898233,104831,5734684,63,0,0,6523,0,0,0,0,0,0,0,48074906,44711486,0,0,107851,107851,15472,16426,0,0,0,0,0,0,0,0,0,2504327,1250634,0,262144,7673627,219178897,0,0,1026,709620,2039878855,0,0,0,0,0,3,0,0,0,0,0,0,2047747162,495,14121,1865289,1814695445,23823,0,106997,120539457,651092,169,0,651981,169,0,0,0,652150,0,651261,0,0,0,0,0,33,0,85,14704,0,0,0,0,0,0,0,0,225554,611,0,0,0,1015829,21385469,452411,0,0,0,85,1015829,21385469,0,0,46508,4050,23496,19446,19446,0,0,100512,0,0,364,0,0,0,0,0,0,0,59,0,59,0,0,0,0,0,0,0,0,0,0,0,0,0,0,0,0,0,0,0,0,714,24,0
1777071046.001301,1301,ubuntu-rog,1,0,0,6912554,6316,2898322,5282064,446089,0,64,0,0,0,0,0,1968604800,0,0,4907,1969763480,0,6316,2898322,5282064,446089,0,461658,169200,0,0,14149,0,199,0,0,0,3,0,2898233,104831,5734685,64,0,0,6523,0,0,0,0,0,0,0,48074907,44711486,0,0,107851,107851,15472,16426,0,0,0,0,0,0,0,0,0,2504327,1250634,0,262144,7673627,219178897,0,0,1026,709620,2039878884,0,0,0,0,0,3,0,0,0,0,0,0,2047747190,495,14121,1865289,1814695445,23823,0,106997,120539457,651092,169,0,651981,169,0,0,0,652150,0,651261,0,0,0,0,0,33,0,85,14704,0,0,0,0,0,0,0,0,225554,611,0,0,0,1015829,21385469,452411,0,0,0,85,1015829,21385469,0,0,46508,4050,23496,19446,19446,0,0,100512,0,0,364,0,0,0,0,0,0,0,59,0,59,0,0,0,0,0,0,0,0,0,0,0,0,0,0,0,0,0,0,0,0,714,24,0
1777071047.001430,1430,ubuntu-rog,1,0,0,6912887,6316,2898080,5282064,446089,0,58,0,0,0,0,0,1968604883,0,0,4907,1969763563,0,6316,2898080,5282064,446089,0,461658,169200,0,0,14149,0,199,0,0,0,3,0,2897970,104812,5734686,58,0,0,6523,0,0,0,0,0,0,0,48074908,44711493,0,0,107851,107851,15440,16398,0,0,0,0,0,0,0,0,0,2504393,1250667,0,262144,7673627,219178925,0,0,1026,709620,2039878974,0,0,0,0,0,3,0,0,0,0,0,0,2047747546,495,14121,1865289,1814695570,23823,0,106997,120539545,651092,169,0,651981,169,0,0,0,652150,0,651261,0,0,0,0,0,33,0,85,14704,0,0,0,0,0,0,0,0,225554,611,0,0,0,1015829,21385469,452411,0,0,0,85,1015829,21385469,0,0,46508,4050,23496,19446,19446,0,0,100512,0,0,364,0,0,0,0,0,0,0,59,0,59,0,0,0,0,0,0,0,0,0,0,0,0,0,0,0,0,0,0,0,0,714,24,0
1777071048.002152,2152,ubuntu-rog,1,0,0,6912833,6316,2898062,5282066,446089,0,45,0,0,0,0,0,1968604914,0,0,4907,1969763594,0,6316,2898062,5282066,446089,0,461658,169208,0,0,14149,0,199,0,0,0,3,0,2897970,104812,5734686,45,0,0,6522,0,0,0,0,0,0,0,48074946,44711544,0,0,107851,107851,15408,16398,0,0,0,0,0,0,0,0,0,2504383,1250662,0,262144,7673627,219179101,0,0,1026,709620,2039879005,0,0,0,0,0,3,0,0,0,0,0,0,2047747577,495,14121,1865289,1814695570,23823,0,106997,120539545,651092,169,0,651981,169,0,0,0,652150,0,651261,0,0,0,0,0,33,0,85,14704,0,0,0,0,0,0,0,0,225554,611,0,0,0,1015829,21385469,452411,0,0,0,85,1015829,21385469,0,0,46508,4050,23496,19446,19446,0,0,100512,0,0,364,0,0,0,0,0,0,0,59,0,59,0,0,0,0,0,0,0,0,0,0,0,0,0,0,0,0,0,0,0,0,714,24,0
1777071049.001271,1271,ubuntu-rog,1,0,0,6912833,6316,2898062,5282066,446089,0,45,0,0,0,0,0,1968604944,0,0,4907,1969763624,0,6316,2898062,5282066,446089,0,461658,169208,0,0,14149,0,199,0,0,0,3,0,2897970,104812,5734686,45,0,0,6522,0,0,0,0,0,0,0,48074946,44711544,0,0,107851,107851,15408,16398,0,0,0,0,0,0,0,0,0,2504383,1250662,0,262144,7673627,219179101,0,0,1026,709620,2039879035,0,0,0,0,0,3,0,0,0,0,0,0,2047747607,495,14121,1865289,1814695570,23823,0,106997,120539545,651092,169,0,651981,169,0,0,0,652150,0,651261,0,0,0,0,0,33,0,85,14704,0,0,0,0,0,0,0,0,225554,611,0,0,0,1015829,21385469,452411,0,0,0,85,1015829,21385469,0,0,46508,4050,23496,19446,19446,0,0,100512,0,0,364,0,0,0,0,0,0,0,59,0,59,0,0,0,0,0,0,0,0,0,0,0,0,0,0,0,0,0,0,0,0,714,24,0
1777071050.001302,1302,ubuntu-rog,1,0,0,6912833,6316,2898062,5282066,446089,0,54,0,0,0,0,0,1968604969,0,0,4907,1969763649,0,6316,2898062,5282066,446089,0,461658,169208,0,0,14149,0,199,0,0,0,3,0,2897970,104812,5734689,54,0,0,6522,0,0,0,0,0,0,0,48074955,44711544,0,0,107851,107851,15408,16398,0,0,0,0,0,0,0,0,0,2504383,1250662,0,262144,7673627,219179141,0,0,1026,709620,2039879060,0,0,0,0,0,3,0,0,0,0,0,0,2047747629,495,14121,1865289,1814695570,23823,0,106997,120539545,651092,169,0,651981,169,0,0,0,652150,0,651261,0,0,0,0,0,33,0,85,14704,0,0,0,0,0,0,0,0,225554,611,0,0,0,1015829,21385469,452411,0,0,0,85,1015829,21385469,0,0,46508,4050,23496,19446,19446,0,0,100512,0,0,364,0,0,0,0,0,0,0,59,0,59,0,0,0,0,0,0,0,0,0,0,0,0,0,0,0,0,0,0,0,0,714,24,0
1777071051.001301,1301,ubuntu-rog,1,0,0,6912833,6316,2898062,5282066,446089,0,54,0,0,0,0,0,1968605000,0,0,4907,1969763680,0,6316,2898062,5282066,446089,0,461658,169208,0,0,14149,0,199,0,0,0,3,0,2897970,104812,5734689,54,0,0,6522,0,0,0,0,0,0,0,48074955,44711544,0,0,107851,107851,15408,16398,0,0,0,0,0,0,0,0,0,2504383,1250662,0,262144,7673627,219179141,0,0,1026,709620,2039879091,0,0,0,0,0,3,0,0,0,0,0,0,2047747660,495,14121,1865289,1814695570,23823,0,106997,120539545,651092,169,0,651981,169,0,0,0,652150,0,651261,0,0,0,0,0,33,0,85,14704,0,0,0,0,0,0,0,0,225554,611,0,0,0,1015829,21385469,452411,0,0,0,85,1015829,21385469,0,0,46508,4050,23496,19446,19446,0,0,100512,0,0,364,0,0,0,0,0,0,0,59,0,59,0,0,0,0,0,0,0,0,0,0,0,0,0,0,0,0,0,0,0,0,714,24,0
1777071052.004158,4158,ubuntu-rog,1,0,0,6912833,6316,2898062,5282066,446089,0,54,0,0,0,0,0,1968605028,0,0,4907,1969763708,0,6316,2898062,5282066,446089,0,461658,169208,0,0,14149,0,199,0,0,0,3,0,2897970,104812,5734689,54,0,0,6522,0,0,0,0,0,0,0,48074955,44711544,0,0,107851,107851,15408,16398,0,0,0,0,0,0,0,0,0,2504383,1250662,0,262144,7673627,219179141,0,0,1026,709620,2039879119,0,0,0,0,0,3,0,0,0,0,0,0,2047747688,495,14121,1865289,1814695570,23823,0,106997,120539545,651092,169,0,651981,169,0,0,0,652150,0,651261,0,0,0,0,0,33,0,85,14704,0,0,0,0,0,0,0,0,225554,611,0,0,0,1015829,21385469,452411,0,0,0,85,1015829,21385469,0,0,46508,4050,23496,19446,19446,0,0,100512,0,0,364,0,0,0,0,0,0,0,59,0,59,0,0,0,0,0,0,0,0,0,0,0,0,0,0,0,0,0,0,0,0,714,24,0
1777071053.001164,1164,ubuntu-rog,1,0,0,6912833,6316,2898062,5282066,446089,0,55,0,0,0,0,0,1968605050,0,0,4907,1969763730,0,6316,2898062,5282066,446089,0,461658,169208,0,0,14149,0,199,0,0,0,3,0,2897970,104812,5734690,55,0,0,6522,0,0,0,0,0,0,0,48074956,44711544,0,0,107851,107851,15408,16398,0,0,0,0,0,0,0,0,0,2504383,1250662,0,262144,7673627,219179141,0,0,1026,709620,2039879141,0,0,0,0,0,3,0,0,0,0,0,0,2047747709,495,14121,1865289,1814695570,23823,0,106997,120539545,651092,169,0,651981,169,0,0,0,652150,0,651261,0,0,0,0,0,33,0,85,14704,0,0,0,0,0,0,0,0,225554,611,0,0,0,1015829,21385469,452411,0,0,0,85,1015829,21385469,0,0,46508,4050,23496,19446,19446,0,0,100512,0,0,364,0,0,0,0,0,0,0,59,0,59,0,0,0,0,0,0,0,0,0,0,0,0,0,0,0,0,0,0,0,0,714,24,0
1777071054.001178,1178,ubuntu-rog,1,0,0,6912833,6316,2898062,5282066,446089,0,56,0,0,0,0,0,1968605084,0,0,4907,1969763764,0,6316,2898062,5282066,446089,0,461658,169208,0,0,14149,0,199,0,0,0,3,0,2897970,104812,5734691,56,0,0,6522,0,0,0,0,0,0,0,48074957,44711544,0,0,107851,107851,15408,16398,0,0,0,0,0,0,0,0,0,2504383,1250662,0,262144,7673627,219179141,0,0,1026,709620,2039879175,0,0,0,0,0,3,0,0,0,0,0,0,2047747742,495,14121,1865289,1814695570,23823,0,106997,120539545,651092,169,0,651981,169,0,0,0,652150,0,651261,0,0,0,0,0,33,0,85,14704,0,0,0,0,0,0,0,0,225554,611,0,0,0,1015829,21385469,452411,0,0,0,85,1015829,21385469,0,0,46508,4050,23496,19446,19446,0,0,100512,0,0,364,0,0,0,0,0,0,0,59,0,59,0,0,0,0,0,0,0,0,0,0,0,0,0,0,0,0,0,0,0,0,714,24,0
1777071055.002292,2292,ubuntu-rog,1,0,0,6912833,6316,2898062,5282066,446089,0,56,0,0,0,0,0,1968605117,0,0,4907,1969763797,0,6316,2898062,5282066,446089,0,461658,169208,0,0,14149,0,199,0,0,0,3,0,2897970,104812,5734693,56,0,0,6522,0,0,0,0,0,0,0,48074957,44711544,0,0,107851,107851,15408,16398,0,0,0,0,0,0,0,0,0,2504383,1250662,0,262144,7673627,219179161,0,0,1026,709620,2039879208,0,0,0,0,0,3,0,0,0,0,0,0,2047747773,495,14121,1865289,1814695570,23823,0,106997,120539545,651092,169,0,651981,169,0,0,0,652150,0,651261,0,0,0,0,0,33,0,85,14704,0,0,0,0,0,0,0,0,225554,611,0,0,0,1015829,21385469,452411,0,0,0,85,1015829,21385469,0,0,46508,4050,23496,19446,19446,0,0,100512,0,0,364,0,0,0,0,0,0,0,59,0,59,0,0,0,0,0,0,0,0,0,0,0,0,0,0,0,0,0,0,0,0,714,24,0
1777071056.001306,1306,ubuntu-rog,1,0,0,6912833,6316,2898062,5282066,446089,0,56,0,0,0,0,0,1968605147,0,0,4907,1969763827,0,6316,2898062,5282066,446089,0,461658,169208,0,0,14149,0,199,0,0,0,3,0,2897970,104812,5734693,56,0,0,6522,0,0,0,0,0,0,0,48074957,44711544,0,0,107851,107851,15408,16398,0,0,0,0,0,0,0,0,0,2504383,1250662,0,262144,7673627,219179161,0,0,1026,709620,2039879238,0,0,0,0,0,3,0,0,0,0,0,0,2047747803,495,14121,1865289,1814695570,23823,0,106997,120539545,651092,169,0,651981,169,0,0,0,652150,0,651261,0,0,0,0,0,33,0,85,14704,0,0,0,0,0,0,0,0,225554,611,0,0,0,1015829,21385469,452411,0,0,0,85,1015829,21385469,0,0,46508,4050,23496,19446,19446,0,0,100512,0,0,364,0,0,0,0,0,0,0,59,0,59,0,0,0,0,0,0,0,0,0,0,0,0,0,0,0,0,0,0,0,0,714,24,0
1777071057.001156,1156,ubuntu-rog,1,0,0,6912833,6316,2898062,5282066,446089,0,57,0,0,0,0,0,1968605179,0,0,4907,1969763859,0,6316,2898062,5282066,446089,0,461658,169208,0,0,14149,0,199,0,0,0,3,0,2897970,104812,5734694,57,0,0,6522,0,0,0,0,0,0,0,48074958,44711544,0,0,107851,107851,15408,16398,0,0,0,0,0,0,0,0,0,2504383,1250662,0,262144,7673627,219179161,0,0,1026,709620,2039879270,0,0,0,0,0,3,0,0,0,0,0,0,2047747834,495,14121,1865289,1814695570,23823,0,106997,120539545,651092,169,0,651981,169,0,0,0,652150,0,651261,0,0,0,0,0,33,0,85,14704,0,0,0,0,0,0,0,0,225554,611,0,0,0,1015829,21385469,452411,0,0,0,85,1015829,21385469,0,0,46508,4050,23496,19446,19446,0,0,100512,0,0,364,0,0,0,0,0,0,0,59,0,59,0,0,0,0,0,0,0,0,0,0,0,0,0,0,0,0,0,0,0,0,714,24,0
1777071058.001160,1160,ubuntu-rog,1,0,0,6912833,6316,2898062,5282066,446089,0,57,0,0,0,0,0,1968605201,0,0,4907,1969763881,0,6316,2898062,5282066,446089,0,461658,169208,0,0,14149,0,199,0,0,0,3,0,2897970,104812,5734694,57,0,0,6522,0,0,0,0,0,0,0,48074958,44711544,0,0,107851,107851,15408,16398,0,0,0,0,0,0,0,0,0,2504383,1250662,0,262144,7673627,219179161,0,0,1026,709620,2039879292,0,0,0,0,0,3,0,0,0,0,0,0,2047747856,495,14121,1865289,1814695570,23823,0,106997,120539545,651092,169,0,651981,169,0,0,0,652150,0,651261,0,0,0,0,0,33,0,85,14704,0,0,0,0,0,0,0,0,225554,611,0,0,0,1015829,21385469,452411,0,0,0,85,1015829,21385469,0,0,46508,4050,23496,19446,19446,0,0,100512,0,0,364,0,0,0,0,0,0,0,59,0,59,0,0,0,0,0,0,0,0,0,0,0,0,0,0,0,0,0,0,0,0,714,24,0
1777071059.002272,2272,ubuntu-rog,1,0,0,6912833,6316,2898062,5282066,446089,0,59,0,0,0,0,0,1968605239,0,0,4907,1969763919,0,6316,2898062,5282066,446089,0,461658,169208,0,0,14149,0,199,0,0,0,3,0,2897970,104812,5734696,59,0,0,6522,0,0,0,0,0,0,0,48074960,44711544,0,0,107851,107851,15408,16398,0,0,0,0,0,0,0,0,0,2504383,1250662,0,262144,7673627,219179161,0,0,1026,709620,2039879337,0,0,0,0,0,3,0,0,0,0,0,0,2047747883,495,14121,1865289,1814695581,23823,0,106997,120539556,651092,169,0,651981,169,0,0,0,652150,0,651261,0,0,0,0,0,33,0,85,14704,0,0,0,0,0,0,0,0,225554,611,0,0,0,1015829,21385469,452411,0,0,0,85,1015829,21385469,0,0,46508,4050,23496,19446,19446,0,0,100512,0,0,364,0,0,0,0,0,0,0,59,0,59,0,0,0,0,0,0,0,0,0,0,0,0,0,0,0,0,0,0,0,0,714,24,0
1777071060.001302,1302,ubuntu-rog,1,0,0,6912833,6316,2898062,5282066,446089,0,60,0,0,0,0,0,1968605273,0,0,4907,1969763953,0,6316,2898062,5282066,446089,0,461658,169208,0,0,14149,0,199,0,0,0,3,0,2897970,104812,5734699,60,0,0,6522,0,0,0,0,0,0,0,48074961,44711544,0,0,107851,107851,15408,16398,0,0,0,0,0,0,0,0,0,2504383,1250662,0,262144,7673627,219179177,0,0,1026,709620,2039879378,0,0,0,0,0,3,0,0,0,0,0,0,2047747946,495,14121,1865289,1814695581,23823,0,106997,120539556,651092,169,0,651981,169,0,0,0,652150,0,651261,0,0,0,0,0,33,0,85,14704,0,0,0,0,0,0,0,0,225554,611,0,0,0,1015829,21385469,452411,0,0,0,85,1015829,21385469,0,0,46508,4050,23496,19446,19446,0,0,100512,0,0,364,0,0,0,0,0,0,0,59,0,59,0,0,0,0,0,0,0,0,0,0,0,0,0,0,0,0,0,0,0,0,714,24,0
1777071061.001557,1557,ubuntu-rog,1,0,0,6912833,6316,2898062,5282066,446089,0,60,0,0,0,0,0,1968605297,0,0,4907,1969763977,0,6316,2898062,5282066,446089,0,461658,169208,0,0,14149,0,199,0,0,0,3,0,2897970,104812,5734699,60,0,0,6522,0,0,0,0,0,0,0,48074961,44711544,0,0,107851,107851,15408,16398,0,0,0,0,0,0,0,0,0,2504383,1250662,0,262144,7673627,219179177,0,0,1026,709620,2039879402,0,0,0,0,0,3,0,0,0,0,0,0,2047747969,495,14121,1865289,1814695581,23823,0,106997,120539556,651092,169,0,651981,169,0,0,0,652150,0,651261,0,0,0,0,0,33,0,85,14704,0,0,0,0,0,0,0,0,225554,611,0,0,0,1015829,21385469,452411,0,0,0,85,1015829,21385469,0,0,46508,4050,23496,19446,19446,0,0,100512,0,0,364,0,0,0,0,0,0,0,59,0,59,0,0,0,0,0,0,0,0,0,0,0,0,0,0,0,0,0,0,0,0,714,24,0
1777071062.002163,2163,ubuntu-rog,1,0,0,6912833,6316,2898062,5282066,446089,0,60,0,0,0,0,0,1968605326,0,0,4907,1969764006,0,6316,2898062,5282066,446089,0,461658,169208,0,0,14149,0,199,0,0,0,3,0,2897970,104812,5734699,60,0,0,6522,0,0,0,0,0,0,0,48074961,44711544,0,0,107851,107851,15408,16398,0,0,0,0,0,0,0,0,0,2504383,1250662,0,262144,7673627,219179177,0,0,1026,709620,2039879431,0,0,0,0,0,3,0,0,0,0,0,0,2047747998,495,14121,1865289,1814695584,23823,0,106997,120539559,651092,169,0,651981,169,0,0,0,652150,0,651261,0,0,0,0,0,33,0,85,14704,0,0,0,0,0,0,0,0,225554,611,0,0,0,1015829,21385469,452411,0,0,0,85,1015829,21385469,0,0,46508,4050,23496,19446,19446,0,0,100512,0,0,364,0,0,0,0,0,0,0,59,0,59,0,0,0,0,0,0,0,0,0,0,0,0,0,0,0,0,0,0,0,0,714,24,0
1777071063.001161,1161,ubuntu-rog,1,0,0,6912833,6316,2898062,5282066,446089,0,60,0,0,0,0,0,1968605358,0,0,4907,1969764038,0,6316,2898062,5282066,446089,0,461658,169208,0,0,14149,0,199,0,0,0,3,0,2897970,104812,5734699,60,0,0,6522,0,0,0,0,0,0,0,48074961,44711544,0,0,107851,107851,15408,16398,0,0,0,0,0,0,0,0,0,2504383,1250662,0,262144,7673627,219179177,0,0,1026,709620,2039879463,0,0,0,0,0,3,0,0,0,0,0,0,2047748030,495,14121,1865289,1814695584,23823,0,106997,120539559,651092,169,0,651981,169,0,0,0,652150,0,651261,0,0,0,0,0,33,0,85,14704,0,0,0,0,0,0,0,0,225554,611,0,0,0,1015829,21385469,452411,0,0,0,85,1015829,21385469,0,0,46508,4050,23496,19446,19446,0,0,100512,0,0,364,0,0,0,0,0,0,0,59,0,59,0,0,0,0,0,0,0,0,0,0,0,0,0,0,0,0,0,0,0,0,714,24,0
1777071064.001259,1259,ubuntu-rog,1,0,0,6912833,6316,2898062,5282066,446089,0,61,0,0,0,0,0,1968605383,0,0,4907,1969764063,0,6316,2898062,5282066,446089,0,461658,169208,0,0,14149,0,199,0,0,0,3,0,2897970,104812,5734700,61,0,0,6522,0,0,0,0,0,0,0,48074962,44711544,0,0,107851,107851,15408,16398,0,0,0,0,0,0,0,0,0,2504383,1250662,0,262144,7673627,219179177,0,0,1026,709620,2039879488,0,0,0,0,0,3,0,0,0,0,0,0,2047748054,495,14121,1865289,1814695584,23823,0,106997,120539559,651092,169,0,651981,169,0,0,0,652150,0,651261,0,0,0,0,0,33,0,85,14704,0,0,0,0,0,0,0,0,225554,611,0,0,0,1015829,21385469,452411,0,0,0,85,1015829,21385469,0,0,46508,4050,23496,19446,19446,0,0,100512,0,0,364,0,0,0,0,0,0,0,59,0,59,0,0,0,0,0,0,0,0,0,0,0,0,0,0,0,0,0,0,0,0,714,24,0
1777071065.001295,1295,ubuntu-rog,1,0,0,6912833,6316,2898062,5282066,446089,0,62,0,0,0,0,0,1968605414,0,0,4907,1969764094,0,6316,2898062,5282066,446089,0,461658,169208,0,0,14149,0,199,0,0,0,3,0,2897970,104812,5734701,62,0,0,6522,0,0,0,0,0,0,0,48074963,44711544,0,0,107851,107851,15408,16398,0,0,0,0,0,0,0,0,0,2504383,1250662,0,262144,7673627,219179177,0,0,1026,709620,2039879519,0,0,0,0,0,3,0,0,0,0,0,0,2047748084,495,14121,1865289,1814695584,23823,0,106997,120539559,651092,169,0,651981,169,0,0,0,652150,0,651261,0,0,0,0,0,33,0,85,14704,0,0,0,0,0,0,0,0,225554,611,0,0,0,1015829,21385469,452411,0,0,0,85,1015829,21385469,0,0,46508,4050,23496,19446,19446,0,0,100512,0,0,364,0,0,0,0,0,0,0,59,0,59,0,0,0,0,0,0,0,0,0,0,0,0,0,0,0,0,0,0,0,0,714,24,0
1777071066.002295,2295,ubuntu-rog,1,0,0,6912833,6316,2898062,5282066,446089,0,63,0,0,0,0,0,1968605447,0,0,4907,1969764127,0,6316,2898062,5282066,446089,0,461658,169208,0,0,14149,0,199,0,0,0,3,0,2897970,104812,5734703,63,0,0,6522,0,0,0,0,0,0,0,48074964,44711544,0,0,107851,107851,15408,16398,0,0,0,0,0,0,0,0,0,2504383,1250662,0,262144,7673627,219179197,0,0,1026,709620,2039879552,0,0,0,0,0,3,0,0,0,0,0,0,2047748115,495,14121,1865289,1814695584,23823,0,106997,120539559,651092,169,0,651981,169,0,0,0,652150,0,651261,0,0,0,0,0,33,0,85,14704,0,0,0,0,0,0,0,0,225554,611,0,0,0,1015829,21385469,452411,0,0,0,85,1015829,21385469,0,0,46508,4050,23496,19446,19446,0,0,100512,0,0,364,0,0,0,0,0,0,0,59,0,59,0,0,0,0,0,0,0,0,0,0,0,0,0,0,0,0,0,0,0,0,714,24,0
1777071067.001157,1157,ubuntu-rog,1,0,0,6912833,6316,2898083,5282076,446089,0,64,0,0,0,0,0,1968605469,0,0,4907,1969764149,0,6316,2898083,5282076,446089,0,461658,169208,0,0,14149,0,199,0,0,0,3,0,2897970,104812,5734704,64,0,0,6522,0,0,0,0,0,0,0,48074965,44711544,0,0,107851,107851,15408,16398,0,0,0,0,0,0,0,0,0,2504385,1250663,0,262144,7673627,219179213,0,0,1026,709620,2039879574,0,0,0,0,0,3,0,0,0,0,0,0,2047748136,495,14121,1865289,1814695584,23823,0,106997,120539559,651092,169,0,651981,169,0,0,0,652150,0,651261,0,0,0,0,0,33,0,85,14704,0,0,0,0,0,0,0,0,225554,611,0,0,0,1015829,21385469,452411,0,0,0,85,1015829,21385469,0,0,46508,4050,23496,19446,19446,0,0,100512,0,0,364,0,0,0,0,0,0,0,59,0,59,0,0,0,0,0,0,0,0,0,0,0,0,0,0,0,0,0,0,0,0,714,24,0
1777071068.001442,1442,ubuntu-rog,1,0,0,6912833,6316,2898083,5282076,446089,0,60,0,0,0,0,0,1968605499,0,0,4907,1969764179,0,6316,2898083,5282076,446089,0,461658,169208,0,0,14149,0,199,0,0,0,3,0,2897970,104812,5734704,60,0,0,6522,0,0,0,0,0,0,0,48074965,44711548,0,0,107851,107851,15408,16398,0,0,0,0,0,0,0,0,0,2504385,1250663,0,262144,7673627,219179213,0,0,1026,709620,2039879604,0,0,0,0,0,3,0,0,0,0,0,0,2047748166,495,14121,1865289,1814695584,23823,0,106997,120539559,651092,169,0,651981,169,0,0,0,652150,0,651261,0,0,0,0,0,33,0,85,14704,0,0,0,0,0,0,0,0,225554,611,0,0,0,1015829,21385469,452411,0,0,0,85,1015829,21385469,0,0,46508,4050,23496,19446,19446,0,0,100512,0,0,364,0,0,0,0,0,0,0,59,0,59,0,0,0,0,0,0,0,0,0,0,0,0,0,0,0,0,0,0,0,0,714,24,0
1777071069.003262,3262,ubuntu-rog,1,0,0,6912833,6316,2898083,5282076,446089,0,60,0,0,0,0,0,1968605531,0,0,4907,1969764211,0,6316,2898083,5282076,446089,0,461658,169208,0,0,14149,0,199,0,0,0,3,0,2897970,104812,5734704,60,0,0,6522,0,0,0,0,0,0,0,48074965,44711548,0,0,107851,107851,15408,16398,0,0,0,0,0,0,0,0,0,2504385,1250663,0,262144,7673627,219179213,0,0,1026,709620,2039879636,0,0,0,0,0,3,0,0,0,0,0,0,2047748198,495,14121,1865289,1814695584,23823,0,106997,120539559,651092,169,0,651981,169,0,0,0,652150,0,651261,0,0,0,0,0,33,0,85,14704,0,0,0,0,0,0,0,0,225554,611,0,0,0,1015829,21385469,452411,0,0,0,85,1015829,21385469,0,0,46508,4050,23496,19446,19446,0,0,100512,0,0,364,0,0,0,0,0,0,0,59,0,59,0,0,0,0,0,0,0,0,0,0,0,0,0,0,0,0,0,0,0,0,714,24,0
1777071070.001297,1297,ubuntu-rog,1,0,0,6912833,6316,2898083,5282076,446089,0,61,0,0,0,0,0,1968605562,0,0,4907,1969764242,0,6316,2898083,5282076,446089,0,461658,169208,0,0,14149,0,199,0,0,0,3,0,2897970,104812,5734705,61,0,0,6522,0,0,0,0,0,0,0,48074966,44711548,0,0,107851,107851,15408,16398,0,0,0,0,0,0,0,0,0,2504385,1250663,0,262144,7673627,219179213,0,0,1026,709620,2039879667,0,0,0,0,0,3,0,0,0,0,0,0,2047748228,495,14121,1865289,1814695584,23823,0,106997,120539559,651092,169,0,651981,169,0,0,0,652150,0,651261,0,0,0,0,0,33,0,85,14704,0,0,0,0,0,0,0,0,225554,611,0,0,0,1015829,21385469,452411,0,0,0,85,1015829,21385469,0,0,46508,4050,23496,19446,19446,0,0,100512,0,0,364,0,0,0,0,0,0,0,59,0,59,0,0,0,0,0,0,0,0,0,0,0,0,0,0,0,0,0,0,0,0,714,24,0
1777071071.001296,1296,ubuntu-rog,1,0,0,6912833,6316,2898053,5282076,446089,0,63,0,0,0,0,0,1968605597,0,0,4907,1969764277,0,6316,2898053,5282076,446089,0,461658,169208,0,0,14149,0,199,0,0,0,3,0,2897928,104812,5734708,63,0,0,6522,0,0,0,0,0,0,0,48074968,44711548,0,0,107851,107851,15408,16398,0,0,0,0,0,0,0,0,0,2504385,1250663,0,262144,7673627,219179241,0,0,1026,709620,2039879702,0,0,0,0,0,3,0,0,0,0,0,0,2047748290,495,14121,1865289,1814695584,23823,0,106997,120539559,651092,169,0,651981,169,0,0,0,652150,0,651261,0,0,0,0,0,33,0,85,14704,0,0,0,0,0,0,0,0,225554,611,0,0,0,1015829,21385469,452411,0,0,0,85,1015829,21385469,0,0,46508,4050,23496,19446,19446,0,0,100512,0,0,364,0,0,0,0,0,0,0,59,0,59,0,0,0,0,0,0,0,0,0,0,0,0,0,0,0,0,0,0,0,0,714,24,0
1777071072.001158,1158,ubuntu-rog,1,0,0,6912833,6316,2898053,5282076,446089,0,65,0,0,0,0,0,1968605619,0,0,4907,1969764299,0,6316,2898053,5282076,446089,0,461658,169208,0,0,14149,0,199,0,0,0,3,0,2897928,104812,5734709,65,0,0,6522,0,0,0,0,0,0,0,48074970,44711548,0,0,107851,107851,15408,16398,0,0,0,0,0,0,0,0,0,2504385,1250663,0,262144,7673627,219179241,0,0,1026,709620,2039879724,0,0,0,0,0,3,0,0,0,0,0,0,2047748311,495,14121,1865289,1814695584,23823,0,106997,120539559,651092,169,0,651981,169,0,0,0,652150,0,651261,0,0,0,0,0,33,0,85,14704,0,0,0,0,0,0,0,0,225554,611,0,0,0,1015829,21385469,452411,0,0,0,85,1015829,21385469,0,0,46508,4050,23496,19446,19446,0,0,100512,0,0,364,0,0,0,0,0,0,0,59,0,59,0,0,0,0,0,0,0,0,0,0,0,0,0,0,0,0,0,0,0,0,714,24,0
1777071073.002155,2155,ubuntu-rog,1,0,0,6912833,6316,2898053,5282078,446089,0,54,0,0,0,0,0,1968605649,0,0,4907,1969764329,0,6316,2898053,5282078,446089,0,461658,169209,0,0,14149,0,199,0,0,0,3,0,2897928,104812,5734709,54,0,0,6522,0,0,0,0,0,0,0,48074970,44711559,0,0,107851,107851,15408,16398,0,0,0,0,0,0,0,0,0,2504385,1250663,0,262144,7673627,219179285,0,0,1026,709620,2039879754,0,0,0,0,0,3,0,0,0,0,0,0,2047748340,495,14121,1865289,1814695584,23823,0,106997,120539559,651092,169,0,651981,169,0,0,0,652150,0,651261,0,0,0,0,0,33,0,85,14704,0,0,0,0,0,0,0,0,225554,611,0,0,0,1015829,21385469,452411,0,0,0,85,1015829,21385469,0,0,46508,4050,23496,19446,19446,0,0,100512,0,0,364,0,0,0,0,0,0,0,59,0,59,0,0,0,0,0,0,0,0,0,0,0,0,0,0,0,0,0,0,0,0,714,24,0
1777071074.001267,1267,ubuntu-rog,1,0,0,6912833,6316,2898053,5282078,446089,0,56,0,0,0,0,0,1968605684,0,0,4907,1969764364,0,6316,2898053,5282078,446089,0,461658,169209,0,0,14149,0,199,0,0,0,3,0,2897928,104812,5734710,56,0,0,6522,0,0,0,0,0,0,0,48074972,44711559,0,0,107851,107851,15408,16398,0,0,0,0,0,0,0,0,0,2504385,1250663,0,262144,7673627,219179285,0,0,1026,709620,2039879789,0,0,0,0,0,3,0,0,0,0,0,0,2047748374,495,14121,1865289,1814695584,23823,0,106997,120539559,651092,169,0,651981,169,0,0,0,652150,0,651261,0,0,0,0,0,33,0,85,14704,0,0,0,0,0,0,0,0,225554,611,0,0,0,1015829,21385469,452411,0,0,0,85,1015829,21385469,0,0,46508,4050,23496,19446,19446,0,0,100512,0,0,364,0,0,0,0,0,0,0,59,0,59,0,0,0,0,0,0,0,0,0,0,0,0,0,0,0,0,0,0,0,0,714,24,0
1777071075.001513,1513,ubuntu-rog,1,0,0,6912833,6316,2898053,5282078,446089,0,56,0,0,0,0,0,1968605708,0,0,4907,1969764388,0,6316,2898053,5282078,446089,0,461658,169209,0,0,14149,0,199,0,0,0,3,0,2897928,104812,5734710,56,0,0,6522,0,0,0,0,0,0,0,48074972,44711559,0,0,107851,107851,15408,16398,0,0,0,0,0,0,0,0,0,2504385,1250663,0,262144,7673627,219179285,0,0,1026,709620,2039879813,0,0,0,0,0,3,0,0,0,0,0,0,2047748398,495,14121,1865289,1814695584,23823,0,106997,120539559,651092,169,0,651981,169,0,0,0,652150,0,651261,0,0,0,0,0,33,0,85,14704,0,0,0,0,0,0,0,0,225554,611,0,0,0,1015829,21385469,452411,0,0,0,85,1015829,21385469,0,0,46508,4050,23496,19446,19446,0,0,100512,0,0,364,0,0,0,0,0,0,0,59,0,59,0,0,0,0,0,0,0,0,0,0,0,0,0,0,0,0,0,0,0,0,714,24,0
1777071076.002307,2307,ubuntu-rog,1,0,0,6912833,6316,2898053,5282078,446089,0,57,0,0,0,0,0,1968605738,0,0,4907,1969764418,0,6316,2898053,5282078,446089,0,461658,169209,0,0,14149,0,199,0,0,0,3,0,2897928,104812,5734711,57,0,0,6522,0,0,0,0,0,0,0,48074973,44711559,0,0,107851,107851,15408,16398,0,0,0,0,0,0,0,0,0,2504385,1250663,0,262144,7673627,219179285,0,0,1026,709620,2039879843,0,0,0,0,0,3,0,0,0,0,0,0,2047748427,495,14121,1865289,1814695584,23823,0,106997,120539559,651092,169,0,651981,169,0,0,0,652150,0,651261,0,0,0,0,0,33,0,85,14704,0,0,0,0,0,0,0,0,225554,611,0,0,0,1015829,21385469,452411,0,0,0,85,1015829,21385469,0,0,46508,4050,23496,19446,19446,0,0,100512,0,0,364,0,0,0,0,0,0,0,59,0,59,0,0,0,0,0,0,0,0,0,0,0,0,0,0,0,0,0,0,0,0,714,24,0
1777071077.001159,1159,ubuntu-rog,1,0,0,6912833,6316,2898053,5282078,446089,0,58,0,0,0,0,0,1968605768,0,0,4907,1969764448,0,6316,2898053,5282078,446089,0,461658,169209,0,0,14149,0,199,0,0,0,3,0,2897928,104812,5734713,58,0,0,6522,0,0,0,0,0,0,0,48074974,44711559,0,0,107851,107851,15408,16398,0,0,0,0,0,0,0,0,0,2504385,1250663,0,262144,7673627,219179313,0,0,1026,709620,2039879873,0,0,0,0,0,3,0,0,0,0,0,0,2047748455,495,14121,1865289,1814695584,23823,0,106997,120539559,651092,169,0,651981,169,0,0,0,652150,0,651261,0,0,0,0,0,33,0,85,14704,0,0,0,0,0,0,0,0,225554,611,0,0,0,1015829,21385469,452411,0,0,0,85,1015829,21385469,0,0,46508,4050,23496,19446,19446,0,0,100512,0,0,364,0,0,0,0,0,0,0,59,0,59,0,0,0,0,0,0,0,0,0,0,0,0,0,0,0,0,0,0,0,0,714,24,0
1777071078.001158,1158,ubuntu-rog,1,0,0,6912833,6316,2898053,5282078,446089,0,52,0,0,0,0,0,1968605790,0,0,4907,1969764470,0,6316,2898053,5282078,446089,0,461658,169209,0,0,14149,0,199,0,0,0,3,0,2897928,104812,5734714,52,0,0,6522,0,0,0,0,0,0,0,48074975,44711566,0,0,107851,107851,15408,16398,0,0,0,0,0,0,0,0,0,2504385,1250663,0,262144,7673627,219179485,0,0,1026,709620,2039879895,0,0,0,0,0,3,0,0,0,0,0,0,2047748486,495,14121,1865289,1814695584,23823,0,106997,120539559,651092,169,0,651981,169,0,0,0,652150,0,651261,0,0,0,0,0,33,0,85,14704,0,0,0,0,0,0,0,0,225554,611,0,0,0,1015829,21385469,452411,0,0,0,85,1015829,21385469,0,0,46508,4050,23496,19446,19446,0,0,100512,0,0,364,0,0,0,0,0,0,0,59,0,59,0,0,0,0,0,0,0,0,0,0,0,0,0,0,0,0,0,0,0,0,714,24,0
1777071079.001260,1260,ubuntu-rog,1,0,0,6912833,6316,2898053,5282078,446089,0,16,0,0,0,0,0,1968605819,0,0,4907,1969764499,0,6316,2898053,5282078,446089,0,461658,169209,0,0,14149,0,199,0,0,0,3,0,2897928,104812,5734714,16,0,0,6522,0,0,0,0,0,0,0,48074975,44711602,0,0,107851,107851,15408,16398,0,0,0,0,0,0,0,0,0,2504385,1250663,0,262144,7673627,219179485,0,0,1026,709620,2039879924,0,0,0,0,0,3,0,0,0,0,0,0,2047748515,495,14121,1865289,1814695584,23823,0,106997,120539559,651092,169,0,651981,169,0,0,0,652150,0,651261,0,0,0,0,0,33,0,85,14704,0,0,0,0,0,0,0,0,225554,611,0,0,0,1015829,21385469,452411,0,0,0,85,1015829,21385469,0,0,46508,4050,23496,19446,19446,0,0,100512,0,0,364,0,0,0,0,0,0,0,59,0,59,0,0,0,0,0,0,0,0,0,0,0,0,0,0,0,0,0,0,0,0,714,24,0
1777071080.002291,2291,ubuntu-rog,1,0,0,6912833,6316,2898053,5282078,446089,0,16,0,0,0,0,0,1968605850,0,0,4907,1969764530,0,6316,2898053,5282078,446089,0,461658,169209,0,0,14149,0,199,0,0,0,3,0,2897928,104812,5734714,16,0,0,6522,0,0,0,0,0,0,0,48074975,44711602,0,0,107851,107851,15408,16398,0,0,0,0,0,0,0,0,0,2504385,1250663,0,262144,7673627,219179485,0,0,1026,709620,2039879955,0,0,0,0,0,3,0,0,0,0,0,0,2047748546,495,14121,1865289,1814695584,23823,0,106997,120539559,651092,169,0,651981,169,0,0,0,652150,0,651261,0,0,0,0,0,33,0,85,14704,0,0,0,0,0,0,0,0,225554,611,0,0,0,1015829,21385469,452411,0,0,0,85,1015829,21385469,0,0,46508,4050,23496,19446,19446,0,0,100512,0,0,364,0,0,0,0,0,0,0,59,0,59,0,0,0,0,0,0,0,0,0,0,0,0,0,0,0,0,0,0,0,0,714,24,0
1777071081.001300,1300,ubuntu-rog,1,0,0,6912833,6316,2898053,5282078,446089,0,8,0,0,0,0,0,1968605878,0,0,4907,1969764558,0,6316,2898053,5282078,446089,0,461658,169209,0,0,14149,0,199,0,0,0,3,0,2897928,104812,5734716,8,0,0,6522,0,0,0,0,0,0,0,48074978,44711613,0,0,107851,107851,15408,16398,0,0,0,0,0,0,0,0,0,2504385,1250663,0,262144,7673627,219179509,0,0,1026,709620,2039879983,0,0,0,0,0,3,0,0,0,0,0,0,2047748572,495,14121,1865289,1814695584,23823,0,106997,120539559,651092,169,0,651981,169,0,0,0,652150,0,651261,0,0,0,0,0,33,0,85,14704,0,0,0,0,0,0,0,0,225554,611,0,0,0,1015829,21385469,452411,0,0,0,85,1015829,21385469,0,0,46508,4050,23496,19446,19446,0,0,100512,0,0,364,0,0,0,0,0,0,0,59,0,59,0,0,0,0,0,0,0,0,0,0,0,0,0,0,0,0,0,0,0,0,714,24,0
1777071082.001159,1159,ubuntu-rog,1,0,0,6912833,6316,2898053,5282078,446089,0,13,0,0,0,0,0,1968605910,0,0,4907,1969764590,0,6316,2898053,5282078,446089,0,461658,169209,0,0,14149,0,199,0,0,0,3,0,2897928,104812,5734718,13,0,0,6522,0,0,0,0,0,0,0,48074983,44711613,0,0,107851,107851,15408,16398,0,0,0,0,0,0,0,0,0,2504385,1250663,0,262144,7673627,219179537,0,0,1026,709620,2039880015,0,0,0,0,0,3,0,0,0,0,0,0,2047748602,495,14121,1865289,1814695586,23823,0,106997,120539561,651092,169,0,651981,169,0,0,0,652150,0,651261,0,0,0,0,0,33,0,85,14704,0,0,0,0,0,0,0,0,225554,611,0,0,0,1015829,21385469,452411,0,0,0,85,1015829,21385469,0,0,46508,4050,23496,19446,19446,0,0,100512,0,0,364,0,0,0,0,0,0,0,59,0,59,0,0,0,0,0,0,0,0,0,0,0,0,0,0,0,0,0,0,0,0,714,24,0
1777071083.001168,1168,ubuntu-rog,1,0,0,6912833,6316,2898053,5282078,446089,0,13,0,0,0,0,0,1968605937,0,0,4907,1969764617,0,6316,2898053,5282078,446089,0,461658,169209,0,0,14149,0,199,0,0,0,3,0,2897928,104812,5734718,13,0,0,6522,0,0,0,0,0,0,0,48074983,44711613,0,0,107851,107851,15408,16398,0,0,0,0,0,0,0,0,0,2504385,1250663,0,262144,7673627,219179537,0,0,1026,709620,2039880042,0,0,0,0,0,3,0,0,0,0,0,0,2047748629,495,14121,1865289,1814695586,23823,0,106997,120539561,651092,169,0,651981,169,0,0,0,652150,0,651261,0,0,0,0,0,33,0,85,14704,0,0,0,0,0,0,0,0,225554,611,0,0,0,1015829,21385469,452411,0,0,0,85,1015829,21385469,0,0,46508,4050,23496,19446,19446,0,0,100512,0,0,364,0,0,0,0,0,0,0,59,0,59,0,0,0,0,0,0,0,0,0,0,0,0,0,0,0,0,0,0,0,0,714,24,0
1777071084.002259,2259,ubuntu-rog,1,0,0,6912833,6316,2898053,5282078,446089,0,14,0,0,0,0,0,1968605969,0,0,4907,1969764649,0,6316,2898053,5282078,446089,0,461658,169209,0,0,14149,0,199,0,0,0,3,0,2897928,104812,5734719,14,0,0,6522,0,0,0,0,0,0,0,48074984,44711613,0,0,107851,107851,15408,16398,0,0,0,0,0,0,0,0,0,2504385,1250663,0,262144,7673627,219179537,0,0,1026,709620,2039880074,0,0,0,0,0,3,0,0,0,0,0,0,2047748660,495,14121,1865289,1814695586,23823,0,106997,120539561,651092,169,0,651981,169,0,0,0,652150,0,651261,0,0,0,0,0,33,0,85,14704,0,0,0,0,0,0,0,0,225554,611,0,0,0,1015829,21385469,452411,0,0,0,85,1015829,21385469,0,0,46508,4050,23496,19446,19446,0,0,100512,0,0,364,0,0,0,0,0,0,0,59,0,59,0,0,0,0,0,0,0,0,0,0,0,0,0,0,0,0,0,0,0,0,714,24,0
1777071085.001297,1297,ubuntu-rog,1,0,0,6912833,6316,2898053,5282078,446089,0,15,0,0,0,0,0,1968605999,0,0,4907,1969764679,0,6316,2898053,5282078,446089,0,461658,169209,0,0,14149,0,199,0,0,0,3,0,2897928,104812,5734720,15,0,0,6522,0,0,0,0,0,0,0,48074985,44711613,0,0,107851,107851,15408,16398,0,0,0,0,0,0,0,0,0,2504385,1250663,0,262144,7673627,219179537,0,0,1026,709620,2039880104,0,0,0,0,0,3,0,0,0,0,0,0,2047748689,495,14121,1865289,1814695586,23823,0,106997,120539561,651092,169,0,651981,169,0,0,0,652150,0,651261,0,0,0,0,0,33,0,85,14704,0,0,0,0,0,0,0,0,225554,611,0,0,0,1015829,21385469,452411,0,0,0,85,1015829,21385469,0,0,46508,4050,23496,19446,19446,0,0,100512,0,0,364,0,0,0,0,0,0,0,59,0,59,0,0,0,0,0,0,0,0,0,0,0,0,0,0,0,0,0,0,0,0,714,24,0
1777071086.001302,1302,ubuntu-rog,1,0,0,6912833,6316,2898053,5282078,446089,0,15,0,0,0,0,0,1968606022,0,0,4907,1969764702,0,6316,2898053,5282078,446089,0,461658,169209,0,0,14149,0,199,0,0,0,3,0,2897928,104812,5734720,15,0,0,6522,0,0,0,0,0,0,0,48074985,44711613,0,0,107851,107851,15408,16398,0,0,0,0,0,0,0,0,0,2504385,1250663,0,262144,7673627,219179537,0,0,1026,709620,2039880127,0,0,0,0,0,3,0,0,0,0,0,0,2047748712,495,14121,1865289,1814695586,23823,0,106997,120539561,651092,169,0,651981,169,0,0,0,652150,0,651261,0,0,0,0,0,33,0,85,14704,0,0,0,0,0,0,0,0,225554,611,0,0,0,1015829,21385469,452411,0,0,0,85,1015829,21385469,0,0,46508,4050,23496,19446,19446,0,0,100512,0,0,364,0,0,0,0,0,0,0,59,0,59,0,0,0,0,0,0,0,0,0,0,0,0,0,0,0,0,0,0,0,0,714,24,0
1777071087.001159,1159,ubuntu-rog,1,0,0,6912833,6316,2898053,5282078,446089,0,16,0,0,0,0,0,1968606052,0,0,4907,1969764732,0,6316,2898053,5282078,446089,0,461658,169209,0,0,14149,0,199,0,0,0,3,0,2897928,104812,5734721,16,0,0,6522,0,0,0,0,0,0,0,48074986,44711613,0,0,107851,107851,15408,16398,0,0,0,0,0,0,0,0,0,2504385,1250663,0,262144,7673627,219179537,0,0,1026,709620,2039880157,0,0,0,0,0,3,0,0,0,0,0,0,2047748741,495,14121,1865289,1814695586,23823,0,106997,120539561,651092,169,0,651981,169,0,0,0,652150,0,651261,0,0,0,0,0,33,0,85,14704,0,0,0,0,0,0,0,0,225554,611,0,0,0,1015829,21385469,452411,0,0,0,85,1015829,21385469,0,0,46508,4050,23496,19446,19446,0,0,100512,0,0,364,0,0,0,0,0,0,0,59,0,59,0,0,0,0,0,0,0,0,0,0,0,0,0,0,0,0,0,0,0,0,714,24,0
1777071088.002155,2155,ubuntu-rog,1,0,0,6912833,6316,2898053,5282078,446089,0,17,0,0,0,0,0,1968606086,0,0,4907,1969764766,0,6316,2898053,5282078,446089,0,461658,169209,0,0,14149,0,199,0,0,0,3,0,2897928,104812,5734724,17,0,0,6522,0,0,0,0,0,0,0,48074987,44711613,0,0,107851,107851,15408,16398,0,0,0,0,0,0,0,0,0,2504385,1250663,0,262144,7673627,219179553,0,0,1026,709620,2039880191,0,0,0,0,0,3,0,0,0,0,0,0,2047748772,495,14121,1865289,1814695586,23823,0,106997,120539561,651092,169,0,651981,169,0,0,0,652150,0,651261,0,0,0,0,0,33,0,85,14704,0,0,0,0,0,0,0,0,225554,611,0,0,0,1015829,21385469,452411,0,0,0,85,1015829,21385469,0,0,46508,4050,23496,19446,19446,0,0,100512,0,0,364,0,0,0,0,0,0,0,59,0,59,0,0,0,0,0,0,0,0,0,0,0,0,0,0,0,0,0,0,0,0,714,24,0
1777071089.001485,1485,ubuntu-rog,1,0,0,6912833,6316,2898053,5282078,446089,0,17,0,0,0,0,0,1968606108,0,0,4907,1969764788,0,6316,2898053,5282078,446089,0,461658,169209,0,0,14149,0,199,0,0,0,3,0,2897928,104812,5734724,17,0,0,6522,0,0,0,0,0,0,0,48074987,44711613,0,0,107851,107851,15408,16398,0,0,0,0,0,0,0,0,0,2504385,1250663,0,262144,7673627,219179553,0,0,1026,709620,2039880213,0,0,0,0,0,3,0,0,0,0,0,0,2047748794,495,14121,1865289,1814695586,23823,0,106997,120539561,651092,169,0,651981,169,0,0,0,652150,0,651261,0,0,0,0,0,33,0,85,14704,0,0,0,0,0,0,0,0,225554,611,0,0,0,1015829,21385469,452411,0,0,0,85,1015829,21385469,0,0,46508,4050,23496,19446,19446,0,0,100512,0,0,364,0,0,0,0,0,0,0,59,0,59,0,0,0,0,0,0,0,0,0,0,0,0,0,0,0,0,0,0,0,0,714,24,0
1777071090.002252,2252,ubuntu-rog,1,0,0,6912833,6316,2898053,5282078,446089,0,17,0,0,0,0,0,1968606137,0,0,4907,1969764817,0,6316,2898053,5282078,446089,0,461658,169209,0,0,14149,0,199,0,0,0,3,0,2897928,104812,5734724,17,0,0,6522,0,0,0,0,0,0,0,48074987,44711613,0,0,107851,107851,15408,16398,0,0,0,0,0,0,0,0,0,2504385,1250663,0,262144,7673627,219179553,0,0,1026,709620,2039880242,0,0,0,0,0,3,0,0,0,0,0,0,2047748823,495,14121,1865289,1814695586,23823,0,106997,120539561,651092,169,0,651981,169,0,0,0,652150,0,651261,0,0,0,0,0,33,0,85,14704,0,0,0,0,0,0,0,0,225554,611,0,0,0,1015829,21385469,452411,0,0,0,85,1015829,21385469,0,0,46508,4050,23496,19446,19446,0,0,100512,0,0,364,0,0,0,0,0,0,0,59,0,59,0,0,0,0,0,0,0,0,0,0,0,0,0,0,0,0,0,0,0,0,714,24,0
1777071091.001302,1302,ubuntu-rog,1,0,0,6912833,6316,2898053,5282078,446089,0,18,0,0,0,0,0,1968606168,0,0,4907,1969764848,0,6316,2898053,5282078,446089,0,461658,169209,0,0,14149,0,199,0,0,0,3,0,2897928,104812,5734725,18,0,0,6522,0,0,0,0,0,0,0,48074988,44711613,0,0,107851,107851,15408,16398,0,0,0,0,0,0,0,0,0,2504385,1250663,0,262144,7673627,219179553,0,0,1026,709620,2039880273,0,0,0,0,0,3,0,0,0,0,0,0,2047748853,495,14121,1865289,1814695586,23823,0,106997,120539561,651092,169,0,651981,169,0,0,0,652150,0,651261,0,0,0,0,0,33,0,85,14704,0,0,0,0,0,0,0,0,225554,611,0,0,0,1015829,21385469,452411,0,0,0,85,1015829,21385469,0,0,46508,4050,23496,19446,19446,0,0,100512,0,0,364,0,0,0,0,0,0,0,59,0,59,0,0,0,0,0,0,0,0,0,0,0,0,0,0,0,0,0,0,0,0,714,24,0
1777071092.001156,1156,ubuntu-rog,1,0,0,6912833,6316,2898053,5282078,446089,0,19,0,0,0,0,0,1968606192,0,0,4907,1969764872,0,6316,2898053,5282078,446089,0,461658,169210,0,0,14149,0,199,0,0,0,3,0,2897928,104812,5734726,19,0,0,6522,0,0,0,0,0,0,0,48074989,44711613,0,0,107851,107851,15408,16398,0,0,0,0,0,0,0,0,0,2504385,1250663,0,262144,7673627,219179553,0,0,1026,709620,2039880297,0,0,0,0,0,3,0,0,0,0,0,0,2047748875,495,14121,1865289,1814695586,23823,0,106997,120539561,651092,169,0,651981,169,0,0,0,652150,0,651261,0,0,0,0,0,33,0,85,14704,0,0,0,0,0,0,0,0,225554,611,0,0,0,1015829,21385469,452411,0,0,0,85,1015829,21385469,0,0,46508,4050,23496,19446,19446,0,0,100512,0,0,364,0,0,0,0,0,0,0,59,0,59,0,0,0,0,0,0,0,0,0,0,0,0,0,0,0,0,0,0,0,0,714,24,0
1777071093.001160,1160,ubuntu-rog,1,0,0,6912833,6316,2898053,5282078,446089,0,19,0,0,0,0,0,1968606225,0,0,4907,1969764905,0,6316,2898053,5282078,446089,0,461658,169210,0,0,14149,0,199,0,0,0,3,0,2897928,104812,5734726,19,0,0,6522,0,0,0,0,0,0,0,48074989,44711613,0,0,107851,107851,15408,16398,0,0,0,0,0,0,0,0,0,2504385,1250663,0,262144,7673627,219179553,0,0,1026,709620,2039880330,0,0,0,0,0,3,0,0,0,0,0,0,2047748908,495,14121,1865289,1814695586,23823,0,106997,120539561,651092,169,0,651981,169,0,0,0,652150,0,651261,0,0,0,0,0,33,0,85,14704,0,0,0,0,0,0,0,0,225554,611,0,0,0,1015829,21385469,452411,0,0,0,85,1015829,21385469,0,0,46508,4050,23496,19446,19446,0,0,100512,0,0,364,0,0,0,0,0,0,0,59,0,59,0,0,0,0,0,0,0,0,0,0,0,0,0,0,0,0,0,0,0,0,714,24,0
1777071094.002252,2252,ubuntu-rog,1,0,0,6912833,6316,2898053,5282078,446089,0,19,0,0,0,0,0,1968606260,0,0,4907,1969764940,0,6316,2898053,5282078,446089,0,461658,169210,0,0,14149,0,199,0,0,0,3,0,2897928,104812,5734728,19,0,0,6522,0,0,0,0,0,0,0,48074989,44711613,0,0,107851,107851,15408,16398,0,0,0,0,0,0,0,0,0,2504385,1250663,0,262144,7673627,219179569,0,0,1026,709620,2039880365,0,0,0,0,0,3,0,0,0,0,0,0,2047748941,495,14121,1865289,1814695586,23823,0,106997,120539561,651092,169,0,651981,169,0,0,0,652150,0,651261,0,0,0,0,0,33,0,85,14704,0,0,0,0,0,0,0,0,225554,611,0,0,0,1015829,21385469,452411,0,0,0,85,1015829,21385469,0,0,46508,4050,23496,19446,19446,0,0,100512,0,0,364,0,0,0,0,0,0,0,59,0,59,0,0,0,0,0,0,0,0,0,0,0,0,0,0,0,0,0,0,0,0,714,24,0
1777071095.001296,1296,ubuntu-rog,1,0,0,6912833,6316,2898053,5282078,446089,0,20,0,0,0,0,0,1968606281,0,0,4907,1969764961,0,6316,2898053,5282078,446089,0,461658,169210,0,0,14149,0,199,0,0,0,3,0,2897928,104812,5734729,20,0,0,6522,0,0,0,0,0,0,0,48074990,44711613,0,0,107851,107851,15408,16398,0,0,0,0,0,0,0,0,0,2504385,1250663,0,262144,7673627,219179569,0,0,1026,709620,2039880386,0,0,0,0,0,3,0,0,0,0,0,0,2047748961,495,14121,1865289,1814695586,23823,0,106997,120539561,651092,169,0,651981,169,0,0,0,652150,0,651261,0,0,0,0,0,33,0,85,14704,0,0,0,0,0,0,0,0,225554,611,0,0,0,1015829,21385469,452411,0,0,0,85,1015829,21385469,0,0,46508,4050,23496,19446,19446,0,0,100512,0,0,364,0,0,0,0,0,0,0,59,0,59,0,0,0,0,0,0,0,0,0,0,0,0,0,0,0,0,0,0,0,0,714,24,0
1777071096.001509,1509,ubuntu-rog,1,0,0,6912833,6316,2898053,5282078,446089,0,21,0,0,0,0,0,1968606310,0,0,4907,1969764990,0,6316,2898053,5282078,446089,0,461658,169210,0,0,14149,0,199,0,0,0,3,0,2897928,104812,5734730,21,0,0,6522,0,0,0,0,0,0,0,48074991,44711613,0,0,107851,107851,15408,16398,0,0,0,0,0,0,0,0,0,2504385,1250663,0,262144,7673627,219179569,0,0,1026,709620,2039880415,0,0,0,0,0,3,0,0,0,0,0,0,2047748989,495,14121,1865289,1814695586,23823,0,106997,120539561,651092,169,0,651981,169,0,0,0,652150,0,651261,0,0,0,0,0,33,0,85,14704,0,0,0,0,0,0,0,0,225554,611,0,0,0,1015829,21385469,452411,0,0,0,85,1015829,21385469,0,0,46508,4050,23496,19446,19446,0,0,100512,0,0,364,0,0,0,0,0,0,0,59,0,59,0,0,0,0,0,0,0,0,0,0,0,0,0,0,0,0,0,0,0,0,714,24,0
1777071097.002165,2165,ubuntu-rog,1,0,0,6912833,6316,2898053,5282078,446089,0,21,0,0,0,0,0,1968606339,0,0,4907,1969765019,0,6316,2898053,5282078,446089,0,461658,169210,0,0,14149,0,199,0,0,0,3,0,2897928,104812,5734730,21,0,0,6522,0,0,0,0,0,0,0,48074991,44711613,0,0,107851,107851,15408,16398,0,0,0,0,0,0,0,0,0,2504385,1250663,0,262144,7673627,219179569,0,0,1026,709620,2039880444,0,0,0,0,0,3,0,0,0,0,0,0,2047749018,495,14121,1865289,1814695586,23823,0,106997,120539561,651092,169,0,651981,169,0,0,0,652150,0,651261,0,0,0,0,0,33,0,85,14704,0,0,0,0,0,0,0,0,225554,611,0,0,0,1015829,21385469,452411,0,0,0,85,1015829,21385469,0,0,46508,4050,23496,19446,19446,0,0,100512,0,0,364,0,0,0,0,0,0,0,59,0,59,0,0,0,0,0,0,0,0,0,0,0,0,0,0,0,0,0,0,0,0,714,24,0
1777071098.001162,1162,ubuntu-rog,1,0,0,6912833,6316,2898053,5282078,446089,0,23,0,0,0,0,0,1968606371,0,0,4907,1969765051,0,6316,2898053,5282078,446089,0,461658,169211,0,0,14149,0,199,0,0,0,3,0,2897928,104812,5734732,23,0,0,6522,0,0,0,0,0,0,0,48074993,44711613,0,0,107851,107851,15408,16398,0,0,0,0,0,0,0,0,0,2504385,1250663,0,262144,7673627,219179569,0,0,1026,709620,2039880476,0,0,0,0,0,3,0,0,0,0,0,0,2047749047,495,14121,1865289,1814695586,23823,0,106997,120539561,651092,169,0,651981,169,0,0,0,652150,0,651261,0,0,0,0,0,33,0,85,14704,0,0,0,0,0,0,0,0,225554,611,0,0,0,1015829,21385469,452411,0,0,0,85,1015829,21385469,0,0,46508,4050,23496,19446,19446,0,0,100512,0,0,364,0,0,0,0,0,0,0,59,0,59,0,0,0,0,0,0,0,0,0,0,0,0,0,0,0,0,0,0,0,0,714,24,0
1777071099.001257,1257,ubuntu-rog,1,0,0,6912833,6316,2898053,5282078,446089,0,23,0,0,0,0,0,1968606406,0,0,4907,1969765086,0,6316,2898053,5282078,446089,0,461658,169211,0,0,14149,0,199,0,0,0,3,0,2897928,104812,5734732,23,0,0,6522,0,0,0,0,0,0,0,48074993,44711613,0,0,107851,107851,15408,16398,0,0,0,0,0,0,0,0,0,2504385,1250663,0,262144,7673627,219179569,0,0,1026,709620,2039880518,0,0,0,0,0,3,0,0,0,0,0,0,2047749081,495,14121,1865289,1814695586,23823,0,106997,120539561,651092,169,0,651981,169,0,0,0,652150,0,651261,0,0,0,0,0,33,0,85,14704,0,0,0,0,0,0,0,0,225554,611,0,0,0,1015829,21385469,452411,0,0,0,85,1015829,21385469,0,0,46508,4050,23496,19446,19446,0,0,100512,0,0,364,0,0,0,0,0,0,0,59,0,59,0,0,0,0,0,0,0,0,0,0,0,0,0,0,0,0,0,0,0,0,714,24,0
1777071100.001296,1296,ubuntu-rog,1,0,0,6912833,6316,2898053,5282078,446089,0,23,0,0,0,0,0,1968606435,0,0,4907,1969765115,0,6316,2898053,5282078,446089,0,461658,169211,0,0,14149,0,199,0,0,0,3,0,2897928,104812,5734734,23,0,0,6522,0,0,0,0,0,0,0,48074993,44711613,0,0,107851,107851,15408,16398,0,0,0,0,0,0,0,0,0,2504385,1250663,0,262144,7673627,219179585,0,0,1026,709620,2039880547,0,0,0,0,0,3,0,0,0,0,0,0,2047749108,495,14121,1865289,1814695587,23823,0,106997,120539562,651092,169,0,651981,169,0,0,0,652150,0,651261,0,0,0,0,0,33,0,85,14704,0,0,0,0,0,0,0,0,225554,611,0,0,0,1015829,21385469,452411,0,0,0,85,1015829,21385469,0,0,46508,4050,23496,19446,19446,0,0,100512,0,0,364,0,0,0,0,0,0,0,59,0,59,0,0,0,0,0,0,0,0,0,0,0,0,0,0,0,0,0,0,0,0,714,24,0
1777071101.002293,2293,ubuntu-rog,1,0,0,6912833,6316,2898053,5282078,446089,0,23,0,0,0,0,0,1968606465,0,0,4907,1969765145,0,6316,2898053,5282078,446089,0,461658,169211,0,0,14149,0,199,0,0,0,3,0,2897928,104812,5734734,23,0,0,6522,0,0,0,0,0,0,0,48074993,44711613,0,0,107851,107851,15408,16398,0,0,0,0,0,0,0,0,0,2504385,1250663,0,262144,7673627,219179585,0,0,1026,709620,2039880577,0,0,0,0,0,3,0,0,0,0,0,0,2047749138,495,14121,1865289,1814695587,23823,0,106997,120539562,651092,169,0,651981,169,0,0,0,652150,0,651261,0,0,0,0,0,33,0,85,14704,0,0,0,0,0,0,0,0,225554,611,0,0,0,1015829,21385469,452411,0,0,0,85,1015829,21385469,0,0,46508,4050,23496,19446,19446,0,0,100512,0,0,364,0,0,0,0,0,0,0,59,0,59,0,0,0,0,0,0,0,0,0,0,0,0,0,0,0,0,0,0,0,0,714,24,0
1777071102.001158,1158,ubuntu-rog,1,0,0,6912833,6316,2898053,5282078,446089,0,24,0,0,0,0,0,1968606496,0,0,4907,1969765176,0,6316,2898053,5282078,446089,0,461658,169211,0,0,14149,0,199,0,0,0,3,0,2897928,104812,5734735,24,0,0,6522,0,0,0,0,0,0,0,48074994,44711613,0,0,107851,107851,15408,16398,0,0,0,0,0,0,0,0,0,2504385,1250663,0,262144,7673627,219179585,0,0,1026,709620,2039880608,0,0,0,0,0,3,0,0,0,0,0,0,2047749168,495,14121,1865289,1814695588,23823,0,106997,120539563,651092,169,0,651981,169,0,0,0,652150,0,651261,0,0,0,0,0,33,0,85,14704,0,0,0,0,0,0,0,0,225554,611,0,0,0,1015829,21385469,452411,0,0,0,85,1015829,21385469,0,0,46508,4050,23496,19446,19446,0,0,100512,0,0,364,0,0,0,0,0,0,0,59,0,59,0,0,0,0,0,0,0,0,0,0,0,0,0,0,0,0,0,0,0,0,714,24,0
1777071103.001149,1149,ubuntu-rog,1,0,0,6912833,6316,2898053,5282078,446089,0,21,0,0,0,0,0,1968606520,0,0,4907,1969765200,0,6316,2898053,5282078,446089,0,461658,169211,0,0,14149,0,199,0,0,0,3,0,2897928,104812,5734736,21,0,0,6522,0,0,0,0,0,0,0,48074995,44711617,0,0,107851,107851,15408,16398,0,0,0,0,0,0,0,0,0,2504385,1250663,0,262144,7673627,219179601,0,0,1026,709620,2039880632,0,0,0,0,0,3,0,0,0,0,0,0,2047749191,495,14121,1865289,1814695588,23823,0,106997,120539563,651092,169,0,651981,169,0,0,0,652150,0,651261,0,0,0,0,0,33,0,85,14704,0,0,0,0,0,0,0,0,225554,611,0,0,0,1015829,21385469,452411,0,0,0,85,1015829,21385469,0,0,46508,4050,23496,19446,19446,0,0,100512,0,0,364,0,0,0,0,0,0,0,59,0,59,0,0,0,0,0,0,0,0,0,0,0,0,0,0,0,0,0,0,0,0,714,24,0
1777071104.001268,1268,ubuntu-rog,1,0,0,6912833,6316,2898053,5282078,446089,0,21,0,0,0,0,0,1968606554,0,0,4907,1969765234,0,6316,2898053,5282078,446089,0,461658,169211,0,0,14149,0,199,0,0,0,3,0,2897928,104812,5734736,21,0,0,6522,0,0,0,0,0,0,0,48074995,44711617,0,0,107851,107851,15408,16398,0,0,0,0,0,0,0,0,0,2504385,1250663,0,262144,7673627,219179601,0,0,1026,709620,2039880666,0,0,0,0,0,3,0,0,0,0,0,0,2047749225,495,14121,1865289,1814695588,23823,0,106997,120539563,651092,169,0,651981,169,0,0,0,652150,0,651261,0,0,0,0,0,33,0,85,14704,0,0,0,0,0,0,0,0,225554,611,0,0,0,1015829,21385469,452411,0,0,0,85,1015829,21385469,0,0,46508,4050,23496,19446,19446,0,0,100512,0,0,364,0,0,0,0,0,0,0,59,0,59,0,0,0,0,0,0,0,0,0,0,0,0,0,0,0,0,0,0,0,0,714,24,0
1777071105.002301,2301,ubuntu-rog,1,0,0,6912833,6316,2898053,5282078,446089,0,22,0,0,0,0,0,1968606587,0,0,4907,1969765267,0,6316,2898053,5282078,446089,0,461658,169211,0,0,14149,0,199,0,0,0,3,0,2897928,104812,5734737,22,0,0,6522,0,0,0,0,0,0,0,48074996,44711617,0,0,107851,107851,15408,16398,0,0,0,0,0,0,0,0,0,2504385,1250663,0,262144,7673627,219179601,0,0,1026,709620,2039880699,0,0,0,0,0,3,0,0,0,0,0,0,2047749257,495,14121,1865289,1814695588,23823,0,106997,120539563,651092,169,0,651981,169,0,0,0,652150,0,651261,0,0,0,0,0,33,0,85,14704,0,0,0,0,0,0,0,0,225554,611,0,0,0,1015829,21385469,452411,0,0,0,85,1015829,21385469,0,0,46508,4050,23496,19446,19446,0,0,100512,0,0,364,0,0,0,0,0,0,0,59,0,59,0,0,0,0,0,0,0,0,0,0,0,0,0,0,0,0,0,0,0,0,714,24,0
1777071106.001305,1305,ubuntu-rog,1,0,0,6912833,6316,2898053,5282078,446089,0,23,0,0,0,0,0,1968606615,0,0,4907,1969765295,0,6316,2898053,5282078,446089,0,461658,169211,0,0,14149,0,199,0,0,0,3,0,2897928,104812,5734739,23,0,0,6522,0,0,0,0,0,0,0,48074997,44711617,0,0,107851,107851,15408,16398,0,0,0,0,0,0,0,0,0,2504385,1250663,0,262144,7673627,219179629,0,0,1026,709620,2039880727,0,0,0,0,0,3,0,0,0,0,0,0,2047749283,495,14121,1865289,1814695588,23823,0,106997,120539563,651092,169,0,651981,169,0,0,0,652150,0,651261,0,0,0,0,0,33,0,85,14704,0,0,0,0,0,0,0,0,225554,611,0,0,0,1015829,21385469,452411,0,0,0,85,1015829,21385469,0,0,46508,4050,23496,19446,19446,0,0,100512,0,0,364,0,0,0,0,0,0,0,59,0,59,0,0,0,0,0,0,0,0,0,0,0,0,0,0,0,0,0,0,0,0,714,24,0
1777071107.001157,1157,ubuntu-rog,1,0,0,6912833,6316,2898053,5282078,446089,0,23,0,0,0,0,0,1968606643,0,0,4907,1969765323,0,6316,2898053,5282078,446089,0,461658,169211,0,0,14149,0,199,0,0,0,3,0,2897928,104812,5734739,23,0,0,6522,0,0,0,0,0,0,0,48074997,44711617,0,0,107851,107851,15408,16398,0,0,0,0,0,0,0,0,0,2504385,1250663,0,262144,7673627,219179629,0,0,1026,709620,2039880755,0,0,0,0,0,3,0,0,0,0,0,0,2047749311,495,14121,1865289,1814695588,23823,0,106997,120539563,651092,169,0,651981,169,0,0,0,652150,0,651261,0,0,0,0,0,33,0,85,14704,0,0,0,0,0,0,0,0,225554,611,0,0,0,1015829,21385469,452411,0,0,0,85,1015829,21385469,0,0,46508,4050,23496,19446,19446,0,0,100512,0,0,364,0,0,0,0,0,0,0,59,0,59,0,0,0,0,0,0,0,0,0,0,0,0,0,0,0,0,0,0,0,0,714,24,0
1777071108.001158,1158,ubuntu-rog,1,0,0,6912833,6316,2898053,5282078,446089,0,25,0,0,0,0,0,1968606673,0,0,4907,1969765353,0,6316,2898053,5282078,446089,0,461658,169211,0,0,14149,0,199,0,0,0,3,0,2897928,104812,5734740,25,0,0,6522,0,0,0,0,0,0,0,48074999,44711617,0,0,107851,107851,15408,16398,0,0,0,0,0,0,0,0,0,2504385,1250663,0,262144,7673627,219179673,0,0,1026,709620,2039880785,0,0,0,0,0,3,0,0,0,0,0,0,2047749340,495,14121,1865289,1814695588,23823,0,106997,120539563,651092,169,0,651981,169,0,0,0,652150,0,651261,0,0,0,0,0,33,0,85,14704,0,0,0,0,0,0,0,0,225554,611,0,0,0,1015829,21385469,452411,0,0,0,85,1015829,21385469,0,0,46508,4050,23496,19446,19446,0,0,100512,0,0,364,0,0,0,0,0,0,0,59,0,59,0,0,0,0,0,0,0,0,0,0,0,0,0,0,0,0,0,0,0,0,714,24,0
1777071109.002258,2258,ubuntu-rog,1,0,0,6912833,6316,2898053,5282078,446089,0,17,0,0,0,0,0,1968606696,0,0,4907,1969765376,0,6316,2898053,5282078,446089,0,461658,169211,0,0,14149,0,199,0,0,0,3,0,2897928,104812,5734742,17,0,0,6522,0,0,0,0,0,0,0,48075002,44711628,0,0,107851,107851,15408,16398,0,0,0,0,0,0,0,0,0,2504385,1250663,0,262144,7673627,219179673,0,0,1026,709620,2039880808,0,0,0,0,0,3,0,0,0,0,0,0,2047749361,495,14121,1865289,1814695588,23823,0,106997,120539563,651092,169,0,651981,169,0,0,0,652150,0,651261,0,0,0,0,0,33,0,85,14704,0,0,0,0,0,0,0,0,225554,611,0,0,0,1015829,21385469,452411,0,0,0,85,1015829,21385469,0,0,46508,4050,23496,19446,19446,0,0,100512,0,0,364,0,0,0,0,0,0,0,59,0,59,0,0,0,0,0,0,0,0,0,0,0,0,0,0,0,0,0,0,0,0,714,24,0
1777071110.001306,1306,ubuntu-rog,1,0,0,6912833,6316,2898053,5282078,446089,0,17,0,0,0,0,0,1968606726,0,0,4907,1969765406,0,6316,2898053,5282078,446089,0,461658,169211,0,0,14149,0,199,0,0,0,3,0,2897928,104812,5734742,17,0,0,6522,0,0,0,0,0,0,0,48075002,44711628,0,0,107851,107851,15408,16398,0,0,0,0,0,0,0,0,0,2504385,1250663,0,262144,7673627,219179673,0,0,1026,709620,2039880838,0,0,0,0,0,3,0,0,0,0,0,0,2047749391,495,14121,1865289,1814695588,23823,0,106997,120539563,651092,169,0,651981,169,0,0,0,652150,0,651261,0,0,0,0,0,33,0,85,14704,0,0,0,0,0,0,0,0,225554,611,0,0,0,1015829,21385469,452411,0,0,0,85,1015829,21385469,0,0,46508,4050,23496,19446,19446,0,0,100512,0,0,364,0,0,0,0,0,0,0,59,0,59,0,0,0,0,0,0,0,0,0,0,0,0,0,0,0,0,0,0,0,0,714,24,0
1777071111.001316,1316,ubuntu-rog,1,0,0,6912833,6316,2898053,5282078,446089,0,17,0,0,0,0,0,1968606759,0,0,4907,1969765439,0,6316,2898053,5282078,446089,0,461658,169211,0,0,14149,0,199,0,0,0,3,0,2897928,104812,5734742,17,0,0,6522,0,0,0,0,0,0,0,48075002,44711628,0,0,107851,107851,15408,16398,0,0,0,0,0,0,0,0,0,2504385,1250663,0,262144,7673627,219179673,0,0,1026,709620,2039880871,0,0,0,0,0,3,0,0,0,0,0,0,2047749424,495,14121,1865289,1814695588,23823,0,106997,120539563,651092,169,0,651981,169,0,0,0,652150,0,651261,0,0,0,0,0,33,0,85,14704,0,0,0,0,0,0,0,0,225554,611,0,0,0,1015829,21385469,452411,0,0,0,85,1015829,21385469,0,0,46508,4050,23496,19446,19446,0,0,100512,0,0,364,0,0,0,0,0,0,0,59,0,59,0,0,0,0,0,0,0,0,0,0,0,0,0,0,0,0,0,0,0,0,714,24,0
1777071112.001159,1159,ubuntu-rog,1,0,0,6912833,6316,2898053,5282078,446089,0,19,0,0,0,0,0,1968606793,0,0,4907,1969765473,0,6316,2898053,5282078,446089,0,461658,169211,0,0,14149,0,199,0,0,0,3,0,2897928,104812,5734745,19,0,0,6522,0,0,0,0,0,0,0,48075004,44711628,0,0,107851,107851,15408,16398,0,0,0,0,0,0,0,0,0,2504385,1250663,0,262144,7673627,219179725,0,0,1026,709620,2039880905,0,0,0,0,0,3,0,0,0,0,0,0,2047749455,495,14121,1865289,1814695588,23823,0,106997,120539563,651092,169,0,651981,169,0,0,0,652150,0,651261,0,0,0,0,0,33,0,85,14704,0,0,0,0,0,0,0,0,225554,611,0,0,0,1015829,21385469,452411,0,0,0,85,1015829,21385469,0,0,46508,4050,23496,19446,19446,0,0,100512,0,0,364,0,0,0,0,0,0,0,59,0,59,0,0,0,0,0,0,0,0,0,0,0,0,0,0,0,0,0,0,0,0,714,24,0
1777071113.002157,2157,ubuntu-rog,1,0,0,6912833,6316,2898053,5282078,446089,0,12,0,0,0,0,0,1968606821,0,0,4907,1969765501,0,6316,2898053,5282078,446089,0,461658,169211,0,0,14149,0,199,0,0,0,3,0,2897928,104812,5734745,12,0,0,6522,0,0,0,0,0,0,0,48075004,44711635,0,0,107851,107851,15408,16398,0,0,0,0,0,0,0,0,0,2504385,1250663,0,262144,7673627,219179725,0,0,1026,709620,2039880933,0,0,0,0,0,3,0,0,0,0,0,0,2047749483,495,14121,1865289,1814695588,23823,0,106997,120539563,651092,169,0,651981,169,0,0,0,652150,0,651261,0,0,0,0,0,33,0,85,14704,0,0,0,0,0,0,0,0,225554,611,0,0,0,1015829,21385469,452411,0,0,0,85,1015829,21385469,0,0,46508,4050,23496,19446,19446,0,0,100512,0,0,364,0,0,0,0,0,0,0,59,0,59,0,0,0,0,0,0,0,0,0,0,0,0,0,0,0,0,0,0,0,0,714,24,0
1777071114.001264,1264,ubuntu-rog,1,0,0,6912833,6316,2898070,5282090,446089,0,7,0,0,0,0,0,1968606846,0,0,4907,1969765526,0,6316,2898070,5282090,446089,0,461658,169211,0,0,14149,0,199,0,0,0,3,0,2897928,104812,5734746,7,0,0,6522,0,0,0,0,0,0,0,48075006,44711642,0,0,107851,107851,15408,16398,0,0,0,0,0,0,0,0,0,2504388,1250665,0,262144,7673627,219179753,0,0,1026,709620,2039880958,0,0,0,0,0,3,0,0,0,0,0,0,2047749507,495,14121,1865289,1814695588,23823,0,106997,120539563,651092,169,0,651981,169,0,0,0,652150,0,651261,0,0,0,0,0,33,0,85,14704,0,0,0,0,0,0,0,0,225554,611,0,0,0,1015829,21385469,452411,0,0,0,85,1015829,21385469,0,0,46508,4050,23496,19446,19446,0,0,100512,0,0,364,0,0,0,0,0,0,0,59,0,59,0,0,0,0,0,0,0,0,0,0,0,0,0,0,0,0,0,0,0,0,714,24,0
1777071115.001297,1297,ubuntu-rog,1,0,0,6912833,6316,2898070,5282090,446089,0,7,0,0,0,0,0,1968606878,0,0,4907,1969765558,0,6316,2898070,5282090,446089,0,461658,169211,0,0,14149,0,199,0,0,0,3,0,2897928,104812,5734746,7,0,0,6522,0,0,0,0,0,0,0,48075006,44711642,0,0,107851,107851,15408,16398,0,0,0,0,0,0,0,0,0,2504388,1250665,0,262144,7673627,219179753,0,0,1026,709620,2039880990,0,0,0,0,0,3,0,0,0,0,0,0,2047749539,495,14121,1865289,1814695588,23823,0,106997,120539563,651092,169,0,651981,169,0,0,0,652150,0,651261,0,0,0,0,0,33,0,85,14704,0,0,0,0,0,0,0,0,225554,611,0,0,0,1015829,21385469,452411,0,0,0,85,1015829,21385469,0,0,46508,4050,23496,19446,19446,0,0,100512,0,0,364,0,0,0,0,0,0,0,59,0,59,0,0,0,0,0,0,0,0,0,0,0,0,0,0,0,0,0,0,0,0,714,24,0
1777071116.001301,1301,ubuntu-rog,1,0,0,6912833,6316,2898070,5282090,446089,0,8,0,0,0,0,0,1968606911,0,0,4907,1969765591,0,6316,2898070,5282090,446089,0,461658,169211,0,0,14149,0,199,0,0,0,3,0,2897928,104812,5734747,8,0,0,6522,0,0,0,0,0,0,0,48075007,44711642,0,0,107851,107851,15408,16398,0,0,0,0,0,0,0,0,0,2504388,1250665,0,262144,7673627,219179753,0,0,1026,709620,2039881023,0,0,0,0,0,3,0,0,0,0,0,0,2047749571,495,14121,1865289,1814695588,23823,0,106997,120539563,651092,169,0,651981,169,0,0,0,652150,0,651261,0,0,0,0,0,33,0,85,14704,0,0,0,0,0,0,0,0,225554,611,0,0,0,1015829,21385469,452411,0,0,0,85,1015829,21385469,0,0,46508,4050,23496,19446,19446,0,0,100512,0,0,364,0,0,0,0,0,0,0,59,0,59,0,0,0,0,0,0,0,0,0,0,0,0,0,0,0,0,0,0,0,0,714,24,0
1777071117.001429,1429,ubuntu-rog,1,0,0,6912833,6316,2898070,5282090,446089,0,13,0,0,0,0,0,1968606944,0,0,4907,1969765624,0,6316,2898070,5282090,446089,0,461658,169211,0,0,14149,0,199,0,0,0,3,0,2897928,104812,5734749,13,0,0,6522,0,0,0,0,0,0,0,48075012,44711642,0,0,107851,107851,15408,16398,0,0,0,0,0,0,0,0,0,2504388,1250665,0,262144,7673627,219179781,0,0,1026,709620,2039881056,0,0,0,0,0,3,0,0,0,0,0,0,2047749602,495,14121,1865289,1814695588,23823,0,106997,120539563,651092,169,0,651981,169,0,0,0,652150,0,651261,0,0,0,0,0,33,0,85,14704,0,0,0,0,0,0,0,0,225554,611,0,0,0,1015829,21385469,452411,0,0,0,85,1015829,21385469,0,0,46508,4050,23496,19446,19446,0,0,100512,0,0,364,0,0,0,0,0,0,0,59,0,59,0,0,0,0,0,0,0,0,0,0,0,0,0,0,0,0,0,0,0,0,714,24,0
1777071118.002163,2163,ubuntu-rog,1,0,0,6912833,6316,2898070,5282090,446089,0,13,0,0,0,0,0,1968606976,0,0,4907,1969765656,0,6316,2898070,5282090,446089,0,461658,169211,0,0,14149,0,199,0,0,0,3,0,2897928,104812,5734749,13,0,0,6522,0,0,0,0,0,0,0,48075012,44711642,0,0,107851,107851,15408,16398,0,0,0,0,0,0,0,0,0,2504388,1250665,0,262144,7673627,219179781,0,0,1026,709620,2039881088,0,0,0,0,0,3,0,0,0,0,0,0,2047749634,495,14121,1865289,1814695588,23823,0,106997,120539563,651092,169,0,651981,169,0,0,0,652150,0,651261,0,0,0,0,0,33,0,85,14704,0,0,0,0,0,0,0,0,225554,611,0,0,0,1015829,21385469,452411,0,0,0,85,1015829,21385469,0,0,46508,4050,23496,19446,19446,0,0,100512,0,0,364,0,0,0,0,0,0,0,59,0,59,0,0,0,0,0,0,0,0,0,0,0,0,0,0,0,0,0,0,0,0,714,24,0
1777071119.001262,1262,ubuntu-rog,1,0,0,6912833,6316,2898070,5282090,446089,0,14,0,0,0,0,0,1968607006,0,0,4907,1969765686,0,6316,2898070,5282090,446089,0,461658,169211,0,0,14149,0,199,0,0,0,3,0,2897928,104812,5734750,14,0,0,6522,0,0,0,0,0,0,0,48075013,44711642,0,0,107851,107851,15408,16398,0,0,0,0,0,0,0,0,0,2504388,1250665,0,262144,7673627,219179781,0,0,1026,709620,2039881118,0,0,0,0,0,3,0,0,0,0,0,0,2047749663,495,14121,1865289,1814695588,23823,0,106997,120539563,651092,169,0,651981,169,0,0,0,652150,0,651261,0,0,0,0,0,33,0,85,14704,0,0,0,0,0,0,0,0,225554,611,0,0,0,1015829,21385469,452411,0,0,0,85,1015829,21385469,0,0,46508,4050,23496,19446,19446,0,0,100512,0,0,364,0,0,0,0,0,0,0,59,0,59,0,0,0,0,0,0,0,0,0,0,0,0,0,0,0,0,0,0,0,0,714,24,0
1777071120.001294,1294,ubuntu-rog,1,0,0,6912833,6316,2898070,5282090,446089,0,16,0,0,0,0,0,1968607029,0,0,4907,1969765709,0,6316,2898070,5282090,446089,0,461658,169211,0,0,14149,0,199,0,0,0,3,0,2897928,104812,5734752,16,0,0,6522,0,0,0,0,0,0,0,48075015,44711642,0,0,107851,107851,15408,16398,0,0,0,0,0,0,0,0,0,2504388,1250665,0,262144,7673627,219179781,0,0,1026,709620,2039881141,0,0,0,0,0,3,0,0,0,0,0,0,2047749685,495,14121,1865289,1814695588,23823,0,106997,120539563,651092,169,0,651981,169,0,0,0,652150,0,651261,0,0,0,0,0,33,0,85,14704,0,0,0,0,0,0,0,0,225554,611,0,0,0,1015829,21385469,452411,0,0,0,85,1015829,21385469,0,0,46508,4050,23496,19446,19446,0,0,100512,0,0,364,0,0,0,0,0,0,0,59,0,59,0,0,0,0,0,0,0,0,0,0,0,0,0,0,0,0,0,0,0,0,714,24,0
1777071121.001295,1295,ubuntu-rog,1,0,0,6912833,6316,2898070,5282090,446089,0,16,0,0,0,0,0,1968607059,0,0,4907,1969765739,0,6316,2898070,5282090,446089,0,461658,169211,0,0,14149,0,199,0,0,0,3,0,2897928,104812,5734752,16,0,0,6522,0,0,0,0,0,0,0,48075015,44711642,0,0,107851,107851,15408,16398,0,0,0,0,0,0,0,0,0,2504388,1250665,0,262144,7673627,219179781,0,0,1026,709620,2039881171,0,0,0,0,0,3,0,0,0,0,0,0,2047749714,495,14121,1865289,1814695588,23823,0,106997,120539563,651092,169,0,651981,169,0,0,0,652150,0,651261,0,0,0,0,0,33,0,85,14704,0,0,0,0,0,0,0,0,225554,611,0,0,0,1015829,21385469,452411,0,0,0,85,1015829,21385469,0,0,46508,4050,23496,19446,19446,0,0,100512,0,0,364,0,0,0,0,0,0,0,59,0,59,0,0,0,0,0,0,0,0,0,0,0,0,0,0,0,0,0,0,0,0,714,24,0
1777071122.002151,2151,ubuntu-rog,1,0,0,6912833,6316,2898070,5282090,446089,0,16,0,0,0,0,0,1968607088,0,0,4907,1969765768,0,6316,2898070,5282090,446089,0,461658,169211,0,0,14149,0,199,0,0,0,3,0,2897928,104812,5734752,16,0,0,6522,0,0,0,0,0,0,0,48075015,44711642,0,0,107851,107851,15408,16398,0,0,0,0,0,0,0,0,0,2504388,1250665,0,262144,7673627,219179781,0,0,1026,709620,2039881200,0,0,0,0,0,3,0,0,0,0,0,0,2047749743,495,14121,1865289,1814695588,23823,0,106997,120539563,651092,169,0,651981,169,0,0,0,652150,0,651261,0,0,0,0,0,33,0,85,14704,0,0,0,0,0,0,0,0,225554,611,0,0,0,1015829,21385469,452411,0,0,0,85,1015829,21385469,0,0,46508,4050,23496,19446,19446,0,0,100512,0,0,364,0,0,0,0,0,0,0,59,0,59,0,0,0,0,0,0,0,0,0,0,0,0,0,0,0,0,0,0,0,0,714,24,0
1777071123.001455,1455,ubuntu-rog,1,0,0,6912833,6316,2898070,5282090,446089,0,17,0,0,0,0,0,1968607118,0,0,4907,1969765798,0,6316,2898070,5282090,446089,0,461658,169211,0,0,14149,0,199,0,0,0,3,0,2897928,104812,5734755,17,0,0,6522,0,0,0,0,0,0,0,48075016,44711642,0,0,107851,107851,15408,16398,0,0,0,0,0,0,0,0,0,2504388,1250665,0,262144,7673627,219179797,0,0,1026,709620,2039881230,0,0,0,0,0,3,0,0,0,0,0,0,2047749770,495,14121,1865289,1814695588,23823,0,106997,120539563,651092,169,0,651981,169,0,0,0,652150,0,651261,0,0,0,0,0,33,0,85,14704,0,0,0,0,0,0,0,0,225554,611,0,0,0,1015829,21385469,452411,0,0,0,85,1015829,21385469,0,0,46508,4050,23496,19446,19446,0,0,100512,0,0,364,0,0,0,0,0,0,0,59,0,59,0,0,0,0,0,0,0,0,0,0,0,0,0,0,0,0,0,0,0,0,714,24,0
1777071124.002245,2245,ubuntu-rog,1,0,0,6912833,6316,2898070,5282090,446089,0,17,0,0,0,0,0,1968607149,0,0,4907,1969765829,0,6316,2898070,5282090,446089,0,461658,169211,0,0,14149,0,199,0,0,0,3,0,2897928,104812,5734755,17,0,0,6522,0,0,0,0,0,0,0,48075016,44711642,0,0,107851,107851,15408,16398,0,0,0,0,0,0,0,0,0,2504388,1250665,0,262144,7673627,219179797,0,0,1026,709620,2039881261,0,0,0,0,0,3,0,0,0,0,0,0,2047749809,495,14121,1865289,1814695588,23823,0,106997,120539563,651092,169,0,651981,169,0,0,0,652150,0,651261,0,0,0,0,0,33,0,85,14704,0,0,0,0,0,0,0,0,225554,611,0,0,0,1015829,21385469,452411,0,0,0,85,1015829,21385469,0,0,46508,4050,23496,19446,19446,0,0,100512,0,0,364,0,0,0,0,0,0,0,59,0,59,0,0,0,0,0,0,0,0,0,0,0,0,0,0,0,0,0,0,0,0,714,24,0
1777071125.001298,1298,ubuntu-rog,1,0,0,6912833,6316,2898070,5282090,446089,0,18,0,0,0,0,0,1968607179,0,0,4907,1969765859,0,6316,2898070,5282090,446089,0,461658,169211,0,0,14149,0,199,0,0,0,3,0,2897928,104812,5734756,18,0,0,6522,0,0,0,0,0,0,0,48075017,44711642,0,0,107851,107851,15408,16398,0,0,0,0,0,0,0,0,0,2504388,1250665,0,262144,7673627,219179797,0,0,1026,709620,2039881291,0,0,0,0,0,3,0,0,0,0,0,0,2047749838,495,14121,1865289,1814695588,23823,0,106997,120539563,651092,169,0,651981,169,0,0,0,652150,0,651261,0,0,0,0,0,33,0,85,14704,0,0,0,0,0,0,0,0,225554,611,0,0,0,1015829,21385469,452411,0,0,0,85,1015829,21385469,0,0,46508,4050,23496,19446,19446,0,0,100512,0,0,364,0,0,0,0,0,0,0,59,0,59,0,0,0,0,0,0,0,0,0,0,0,0,0,0,0,0,0,0,0,0,714,24,0
1777071126.001301,1301,ubuntu-rog,1,0,0,6912833,6316,2898070,5282090,446089,0,19,0,0,0,0,0,1968607206,0,0,4907,1969765886,0,6316,2898070,5282090,446089,0,461658,169211,0,0,14149,0,199,0,0,0,3,0,2897928,104812,5734757,19,0,0,6522,0,0,0,0,0,0,0,48075018,44711642,0,0,107851,107851,15408,16398,0,0,0,0,0,0,0,0,0,2504388,1250665,0,262144,7673627,219179797,0,0,1026,709620,2039881318,0,0,0,0,0,3,0,0,0,0,0,0,2047749864,495,14121,1865289,1814695588,23823,0,106997,120539563,651092,169,0,651981,169,0,0,0,652150,0,651261,0,0,0,0,0,33,0,85,14704,0,0,0,0,0,0,0,0,225554,611,0,0,0,1015829,21385469,452411,0,0,0,85,1015829,21385469,0,0,46508,4050,23496,19446,19446,0,0,100512,0,0,364,0,0,0,0,0,0,0,59,0,59,0,0,0,0,0,0,0,0,0,0,0,0,0,0,0,0,0,0,0,0,714,24,0
1777071127.001156,1156,ubuntu-rog,1,0,0,6912833,6316,2898070,5282090,446089,0,19,0,0,0,0,0,1968607234,0,0,4907,1969765914,0,6316,2898070,5282090,446089,0,461658,169211,0,0,14149,0,199,0,0,0,3,0,2897928,104812,5734757,19,0,0,6522,0,0,0,0,0,0,0,48075018,44711642,0,0,107851,107851,15408,16398,0,0,0,0,0,0,0,0,0,2504388,1250665,0,262144,7673627,219179797,0,0,1026,709620,2039881346,0,0,0,0,0,3,0,0,0,0,0,0,2047749892,495,14121,1865289,1814695588,23823,0,106997,120539563,651092,169,0,651981,169,0,0,0,652150,0,651261,0,0,0,0,0,33,0,85,14704,0,0,0,0,0,0,0,0,225554,611,0,0,0,1015829,21385469,452411,0,0,0,85,1015829,21385469,0,0,46508,4050,23496,19446,19446,0,0,100512,0,0,364,0,0,0,0,0,0,0,59,0,59,0,0,0,0,0,0,0,0,0,0,0,0,0,0,0,0,0,0,0,0,714,24,0
1777071128.002153,2153,ubuntu-rog,1,0,0,6912833,6316,2898070,5282090,446089,0,19,0,0,0,0,0,1968607268,0,0,4907,1969765948,0,6316,2898070,5282090,446089,0,461658,169211,0,0,14149,0,199,0,0,0,3,0,2897928,104812,5734759,19,0,0,6522,0,0,0,0,0,0,0,48075018,44711642,0,0,107851,107851,15408,16398,0,0,0,0,0,0,0,0,0,2504388,1250665,0,262144,7673627,219179813,0,0,1026,709620,2039881380,0,0,0,0,0,3,0,0,0,0,0,0,2047749916,495,14121,1865289,1814695596,23823,0,106997,120539563,651092,169,0,651981,169,0,0,0,652150,0,651261,0,0,0,0,0,33,0,85,14704,0,0,0,0,0,0,0,0,225554,611,0,0,0,1015829,21385469,452411,0,0,0,85,1015829,21385469,0,0,46508,4050,23496,19446,19446,0,0,100512,0,0,364,0,0,0,0,0,0,0,59,0,59,0,0,0,0,0,0,0,0,0,0,0,0,0,0,0,0,0,0,0,0,714,24,0
1777071129.001255,1255,ubuntu-rog,1,0,0,6912833,6316,2898070,5282090,446089,0,20,0,0,0,0,0,1968607299,0,0,4907,1969765979,0,6316,2898070,5282090,446089,0,461658,169211,0,0,14149,0,199,0,0,0,3,0,2897936,104812,5734760,20,0,0,6522,0,0,0,0,0,0,0,48075019,44711642,0,0,107851,107851,15408,16398,0,0,0,0,0,0,0,0,0,2504388,1250665,0,262144,7673627,219179813,0,0,1026,709620,2039881411,0,0,0,0,0,3,0,0,0,0,0,0,2047749946,495,14121,1865289,1814695596,23823,0,106997,120539563,651092,169,0,651981,169,0,0,0,652150,0,651261,0,0,0,0,0,33,0,85,14704,0,0,0,0,0,0,0,0,225554,611,0,0,0,1015829,21385469,452411,0,0,0,85,1015829,21385469,0,0,46508,4050,23496,19446,19446,0,0,100512,0,0,364,0,0,0,0,0,0,0,59,0,59,0,0,0,0,0,0,0,0,0,0,0,0,0,0,0,0,0,0,0,0,714,24,0
1777071130.001504,1504,ubuntu-rog,1,0,0,6912833,6316,2898070,5282090,446089,0,20,0,0,0,0,0,1968607329,0,0,4907,1969766009,0,6316,2898070,5282090,446089,0,461658,169211,0,0,14149,0,199,0,0,0,3,0,2897936,104812,5734760,20,0,0,6522,0,0,0,0,0,0,0,48075019,44711642,0,0,107851,107851,15408,16398,0,0,0,0,0,0,0,0,0,2504388,1250665,0,262144,7673627,219179813,0,0,1026,709620,2039881441,0,0,0,0,0,3,0,0,0,0,0,0,2047749976,495,14121,1865289,1814695596,23823,0,106997,120539563,651092,169,0,651981,169,0,0,0,652150,0,651261,0,0,0,0,0,33,0,85,14704,0,0,0,0,0,0,0,0,225554,611,0,0,0,1015829,21385469,452411,0,0,0,85,1015829,21385469,0,0,46508,4050,23496,19446,19446,0,0,100512,0,0,364,0,0,0,0,0,0,0,59,0,59,0,0,0,0,0,0,0,0,0,0,0,0,0,0,0,0,0,0,0,0,714,24,0
1777071131.001720,1720,ubuntu-rog,1,0,0,6912833,6316,2898070,5282090,446089,0,21,0,0,0,0,0,1968607351,0,0,4907,1969766031,0,6316,2898070,5282090,446089,0,461658,169211,0,0,14149,0,199,0,0,0,3,0,2897936,104812,5734761,21,0,0,6522,0,0,0,0,0,0,0,48075020,44711642,0,0,107851,107851,15408,16398,0,0,0,0,0,0,0,0,0,2504388,1250665,0,262144,7673627,219179813,0,0,1026,709620,2039881463,0,0,0,0,0,3,0,0,0,0,0,0,2047749997,495,14121,1865289,1814695596,23823,0,106997,120539563,651092,169,0,651981,169,0,0,0,652150,0,651261,0,0,0,0,0,33,0,85,14704,0,0,0,0,0,0,0,0,225554,611,0,0,0,1015829,21385469,452411,0,0,0,85,1015829,21385469,0,0,46508,4050,23496,19446,19446,0,0,100512,0,0,364,0,0,0,0,0,0,0,59,0,59,0,0,0,0,0,0,0,0,0,0,0,0,0,0,0,0,0,0,0,0,714,24,0
1777071132.004144,4144,ubuntu-rog,1,0,0,6912833,6316,2898070,5282090,446089,0,21,0,0,0,0,0,1968607384,0,0,4907,1969766064,0,6316,2898070,5282090,446089,0,461658,169211,0,0,14149,0,199,0,0,0,3,0,2897936,104812,5734761,21,0,0,6522,0,0,0,0,0,0,0,48075020,44711642,0,0,107851,107851,15408,16398,0,0,0,0,0,0,0,0,0,2504388,1250665,0,262144,7673627,219179813,0,0,1026,709620,2039881496,0,0,0,0,0,3,0,0,0,0,0,0,2047750030,495,14121,1865289,1814695596,23823,0,106997,120539563,651092,169,0,651981,169,0,0,0,652150,0,651261,0,0,0,0,0,33,0,85,14704,0,0,0,0,0,0,0,0,225554,611,0,0,0,1015829,21385469,452411,0,0,0,85,1015829,21385469,0,0,46508,4050,23496,19446,19446,0,0,100512,0,0,364,0,0,0,0,0,0,0,59,0,59,0,0,0,0,0,0,0,0,0,0,0,0,0,0,0,0,0,0,0,0,714,24,0
1777071133.001162,1162,ubuntu-rog,1,0,0,6912833,6316,2898070,5282090,446089,0,23,0,0,0,0,0,1968607416,0,0,4907,1969766096,0,6316,2898070,5282090,446089,0,461658,169211,0,0,14149,0,199,0,0,0,3,0,2897936,104812,5734763,23,0,0,6522,0,0,0,0,0,0,0,48075022,44711642,0,0,107851,107851,15408,16398,0,0,0,0,0,0,0,0,0,2504388,1250665,0,262144,7673627,219179813,0,0,1026,709620,2039881528,0,0,0,0,0,3,0,0,0,0,0,0,2047750064,495,14121,1865289,1814695596,23823,0,106997,120539563,651092,169,0,651981,169,0,0,0,652150,0,651261,0,0,0,0,0,33,0,85,14704,0,0,0,0,0,0,0,0,225554,611,0,0,0,1015829,21385469,452411,0,0,0,85,1015829,21385469,0,0,46508,4050,23496,19446,19446,0,0,100512,0,0,364,0,0,0,0,0,0,0,59,0,59,0,0,0,0,0,0,0,0,0,0,0,0,0,0,0,0,0,0,0,0,714,24,0
1777071134.004261,4261,ubuntu-rog,1,0,0,6912833,6316,2898093,5282098,446089,0,24,0,0,0,0,0,1968607592,0,0,4907,1969766272,0,6316,2898093,5282098,446089,0,461658,169217,0,0,14149,0,199,0,0,0,3,0,2897984,104812,5734765,24,0,0,6522,0,0,0,0,0,0,0,48075023,44711642,0,0,107851,107851,15408,16398,0,0,0,0,0,0,0,0,0,2504389,1250665,0,262144,7673627,219179833,0,0,1026,709620,2039881791,0,0,0,0,0,3,0,0,0,0,0,0,2047750253,495,14121,1865289,1814695659,23823,0,106997,120539563,651092,169,0,651981,169,0,0,0,652150,0,651261,0,0,0,0,0,33,0,85,14704,0,0,0,0,0,0,0,0,225554,611,0,0,0,1015829,21385469,452411,0,0,0,85,1015829,21385469,0,0,46508,4050,23496,19446,19446,0,0,100512,0,0,364,0,0,0,0,0,0,0,59,0,59,0,0,0,0,0,0,0,0,0,0,0,0,0,0,0,0,0,0,0,0,714,24,0
1777071135.001304,1304,ubuntu-rog,1,0,0,6912833,6316,2898093,5282098,446089,0,24,0,0,0,0,0,1968607624,0,0,4907,1969766304,0,6316,2898093,5282098,446089,0,461658,169217,0,0,14149,0,199,0,0,0,3,0,2897984,104812,5734765,24,0,0,6522,0,0,0,0,0,0,0,48075023,44711642,0,0,107851,107851,15408,16398,0,0,0,0,0,0,0,0,0,2504389,1250665,0,262144,7673627,219179833,0,0,1026,709620,2039881823,0,0,0,0,0,3,0,0,0,0,0,0,2047750285,495,14121,1865289,1814695659,23823,0,106997,120539563,651092,169,0,651981,169,0,0,0,652150,0,651261,0,0,0,0,0,33,0,85,14704,0,0,0,0,0,0,0,0,225554,611,0,0,0,1015829,21385469,452411,0,0,0,85,1015829,21385469,0,0,46508,4050,23496,19446,19446,0,0,100512,0,0,364,0,0,0,0,0,0,0,59,0,59,0,0,0,0,0,0,0,0,0,0,0,0,0,0,0,0,0,0,0,0,714,24,0
1777071136.001296,1296,ubuntu-rog,1,0,0,6912833,6316,2898093,5282098,446089,0,26,0,0,0,0,0,1968607662,0,0,4907,1969766342,0,6316,2898093,5282098,446089,0,461658,169217,0,0,14149,0,199,0,0,0,3,0,2897990,104812,5734767,26,0,0,6522,0,0,0,0,0,0,0,48075025,44711642,0,0,107851,107851,15408,16398,0,0,0,0,0,0,0,0,0,2504389,1250665,0,262144,7673627,219179833,0,0,1026,709620,2039881861,0,0,0,0,0,3,0,0,0,0,0,0,2047750315,495,14121,1865289,1814695665,23823,0,106997,120539563,651092,169,0,651981,169,0,0,0,652150,0,651261,0,0,0,0,0,33,0,85,14704,0,0,0,0,0,0,0,0,225554,611,0,0,0,1015829,21385469,452411,0,0,0,85,1015829,21385469,0,0,46508,4050,23496,19446,19446,0,0,100512,0,0,364,0,0,0,0,0,0,0,59,0,59,0,0,0,0,0,0,0,0,0,0,0,0,0,0,0,0,0,0,0,0,714,24,0
1777071137.001162,1162,ubuntu-rog,1,0,0,6912833,6316,2898093,5282098,446089,0,26,0,0,0,0,0,1968607683,0,0,4907,1969766363,0,6316,2898093,5282098,446089,0,461658,169217,0,0,14149,0,199,0,0,0,3,0,2897990,104812,5734767,26,0,0,6522,0,0,0,0,0,0,0,48075025,44711642,0,0,107851,107851,15408,16398,0,0,0,0,0,0,0,0,0,2504389,1250665,0,262144,7673627,219179833,0,0,1026,709620,2039881882,0,0,0,0,0,3,0,0,0,0,0,0,2047750336,495,14121,1865289,1814695665,23823,0,106997,120539563,651092,169,0,651981,169,0,0,0,652150,0,651261,0,0,0,0,0,33,0,85,14704,0,0,0,0,0,0,0,0,225554,611,0,0,0,1015829,21385469,452411,0,0,0,85,1015829,21385469,0,0,46508,4050,23496,19446,19446,0,0,100512,0,0,364,0,0,0,0,0,0,0,59,0,59,0,0,0,0,0,0,0,0,0,0,0,0,0,0,0,0,0,0,0,0,714,24,0
1777071138.001121,1121,ubuntu-rog,1,0,0,6912833,6316,2898093,5282098,446089,0,26,0,0,0,0,0,1968607712,0,0,4907,1969766392,0,6316,2898093,5282098,446089,0,461658,169217,0,0,14149,0,199,0,0,0,3,0,2897990,104812,5734767,26,0,0,6522,0,0,0,0,0,0,0,48075025,44711642,0,0,107851,107851,15408,16398,0,0,0,0,0,0,0,0,0,2504389,1250665,0,262144,7673627,219179833,0,0,1026,709620,2039881911,0,0,0,0,0,3,0,0,0,0,0,0,2047750365,495,14121,1865289,1814695665,23823,0,106997,120539563,651092,169,0,651981,169,0,0,0,652150,0,651261,0,0,0,0,0,33,0,85,14704,0,0,0,0,0,0,0,0,225554,611,0,0,0,1015829,21385469,452411,0,0,0,85,1015829,21385469,0,0,46508,4050,23496,19446,19446,0,0,100512,0,0,364,0,0,0,0,0,0,0,59,0,59,0,0,0,0,0,0,0,0,0,0,0,0,0,0,0,0,0,0,0,0,714,24,0
1777071139.002264,2264,ubuntu-rog,1,0,0,6807685,6316,2982342,5282100,446089,0,26,0,0,0,0,0,1968693435,0,0,4907,1969852115,0,6316,2982342,5282100,446089,0,461658,169217,0,0,14149,0,199,0,0,0,3,0,2982353,104812,5734769,26,0,0,6522,0,0,0,0,0,0,0,48075025,44711642,0,0,107851,107851,15408,16402,0,0,0,0,0,0,0,0,0,2483365,1240166,0,262144,7673627,219179905,0,0,1026,709620,2039967665,0,0,0,0,0,3,0,0,0,0,0,0,2047750461,495,14121,1865289,1814781200,23823,0,106997,120539563,651092,169,0,651981,169,0,0,0,652150,0,651261,0,0,0,0,0,33,0,85,14704,0,0,0,0,0,0,0,0,225554,611,0,0,0,1015829,21385469,452411,0,0,0,85,1015829,21385469,0,0,46508,4050,23496,19446,19446,0,0,100512,0,0,364,0,0,0,0,0,0,0,59,0,59,0,0,0,0,0,0,0,0,0,0,0,0,0,0,0,0,0,0,0,0,714,24,0
1777071140.001307,1307,ubuntu-rog,1,0,0,6769714,6316,3018442,5282175,446089,0,14,0,0,0,0,0,1968935827,0,0,4907,1970094507,0,6316,3018442,5282175,446089,0,461658,169217,0,0,14149,0,199,0,0,0,3,0,3018585,104812,5734770,14,0,0,6522,0,0,0,0,0,0,0,48075027,44711656,0,0,107851,107851,15408,16623,0,0,0,0,0,0,0,0,0,2475788,1236382,0,262144,7673627,219179905,0,0,1026,709620,2040210026,0,0,0,0,0,3,0,0,0,0,0,0,2047957694,495,14121,1865289,1815023042,23823,0,106997,120539563,651092,169,0,651981,169,0,0,0,652150,0,651261,0,0,0,0,0,33,0,85,14704,0,0,0,0,0,0,0,0,225554,611,0,0,0,1015829,21385469,452411,0,0,0,85,1015829,21385469,0,0,46508,4050,23496,19446,19446,0,0,100512,0,0,364,0,0,0,0,0,0,0,59,0,59,0,0,0,0,0,0,0,0,0,0,0,0,0,0,0,0,0,0,0,0,714,24,0
1777071141.001299,1299,ubuntu-rog,1,0,0,6885693,6316,2916522,5282175,446089,0,14,0,0,0,0,0,1969007406,0,0,4907,1970166086,0,6316,2916522,5282175,446089,0,461658,169217,0,0,14149,0,199,0,0,0,3,0,2917242,104812,5734770,14,0,0,6522,0,0,0,0,0,0,0,48075027,44711656,0,0,107851,107851,15408,16432,0,0,0,0,0,0,0,0,0,2498978,1247963,0,262144,7673627,219179905,0,0,1026,709620,2040281614,0,0,0,0,0,3,0,0,0,0,0,0,2048130446,495,14121,1865289,1815094360,23823,0,106997,120539563,651092,169,0,651981,169,0,0,0,652150,0,651261,0,0,0,0,0,33,0,85,14704,0,0,0,0,0,0,0,0,225554,611,0,0,0,1015829,21385469,452411,0,0,0,85,1015829,21385469,0,0,46508,4050,23496,19446,19446,0,0,100512,0,0,364,0,0,0,0,0,0,0,59,0,59,0,0,0,0,0,0,0,0,0,0,0,0,0,0,0,0,0,0,0,0,714,24,0
1777071142.001172,1172,ubuntu-rog,1,0,0,6907711,6316,2897825,5282175,446089,0,15,0,0,0,0,0,1969023451,0,0,4907,1970182131,0,6316,2897825,5282175,446089,0,461658,169218,0,0,14149,0,199,0,0,0,3,0,2897985,104812,5734771,15,0,0,6522,0,0,0,0,0,0,0,48075028,44711656,0,0,107851,107851,15408,16398,0,0,0,0,0,0,0,0,0,2503380,1250162,0,262144,7673627,219179905,0,0,1026,709620,2040297650,0,0,0,0,0,3,0,0,0,0,0,0,2048166169,495,14121,1865289,1815110318,23823,0,106997,120539563,651092,169,0,651981,169,0,0,0,652150,0,651261,0,0,0,0,0,33,0,85,14704,0,0,0,0,0,0,0,0,225554,611,0,0,0,1015829,21385469,452411,0,0,0,85,1015829,21385469,0,0,46508,4050,23496,19446,19446,0,0,100512,0,0,364,0,0,0,0,0,0,0,59,0,59,0,0,0,0,0,0,0,0,0,0,0,0,0,0,0,0,0,0,0,0,714,24,0
1777071143.002166,2166,ubuntu-rog,1,0,0,6908216,6316,2897825,5282175,446089,0,16,0,0,0,0,0,1969023481,0,0,4907,1970182161,0,6316,2897825,5282175,446089,0,461658,169218,0,0,14149,0,199,0,0,0,3,0,2897985,104812,5734772,16,0,0,6522,0,0,0,0,0,0,0,48075029,44711656,0,0,107851,107851,15408,16398,0,0,0,0,0,0,0,0,0,2503481,1250212,0,262144,7673627,219179905,0,0,1026,709620,2040297680,0,0,0,0,0,3,0,0,0,0,0,0,2048166198,495,14121,1865289,1815110318,23823,0,106997,120539563,651092,169,0,651981,169,0,0,0,652150,0,651261,0,0,0,0,0,33,0,85,14704,0,0,0,0,0,0,0,0,225554,611,0,0,0,1015829,21385469,452411,0,0,0,85,1015829,21385469,0,0,46508,4050,23496,19446,19446,0,0,100512,0,0,364,0,0,0,0,0,0,0,59,0,59,0,0,0,0,0,0,0,0,0,0,0,0,0,0,0,0,0,0,0,0,714,24,0
1777071144.001274,1274,ubuntu-rog,1,0,0,6910250,6316,2897880,5282177,446089,0,18,0,0,0,0,0,1969023519,0,0,4907,1970182199,0,6316,2897880,5282177,446089,0,461658,169218,0,0,14149,0,199,0,0,0,3,0,2897986,104812,5734774,18,0,0,6522,0,0,0,0,0,0,0,48075031,44711656,0,0,107851,107851,15408,16398,0,0,0,0,0,0,0,0,0,2503888,1250415,0,262144,7673627,219179965,0,0,1026,709620,2040297718,0,0,0,0,0,3,0,0,0,0,0,0,2048166233,495,14121,1865289,1815110324,23823,0,106997,120539563,651092,169,0,651981,169,0,0,0,652150,0,651261,0,0,0,0,0,33,0,85,14704,0,0,0,0,0,0,0,0,225554,611,0,0,0,1015829,21385469,452411,0,0,0,85,1015829,21385469,0,0,46508,4050,23496,19446,19446,0,0,100512,0,0,364,0,0,0,0,0,0,0,59,0,59,0,0,0,0,0,0,0,0,0,0,0,0,0,0,0,0,0,0,0,0,714,24,0
1777071145.001311,1311,ubuntu-rog,1,0,0,6910250,6316,2897907,5282177,446089,0,13,0,0,0,0,0,1969023543,0,0,4907,1970182223,0,6316,2897907,5282177,446089,0,461658,169218,0,0,14149,0,199,0,0,0,3,0,2897986,104812,5734775,13,0,0,6522,0,0,0,0,0,0,0,48075033,44711663,0,0,107851,107851,15408,16398,0,0,0,0,0,0,0,0,0,2503888,1250415,0,262144,7673627,219179965,0,0,1026,709620,2040297742,0,0,0,0,0,3,0,0,0,0,0,0,2048166256,495,14121,1865289,1815110324,23823,0,106997,120539563,651092,169,0,651981,169,0,0,0,652150,0,651261,0,0,0,0,0,33,0,85,14704,0,0,0,0,0,0,0,0,225554,611,0,0,0,1015829,21385469,452411,0,0,0,85,1015829,21385469,0,0,46508,4050,23496,19446,19446,0,0,100512,0,0,364,0,0,0,0,0,0,0,59,0,59,0,0,0,0,0,0,0,0,0,0,0,0,0,0,0,0,0,0,0,0,714,24,0
1777071146.001324,1324,ubuntu-rog,1,0,0,6910250,6316,2897907,5282177,446089,0,13,0,0,0,0,0,1969023572,0,0,4907,1970182252,0,6316,2897907,5282177,446089,0,461658,169218,0,0,14149,0,199,0,0,0,3,0,2897986,104812,5734775,13,0,0,6522,0,0,0,0,0,0,0,48075033,44711663,0,0,107851,107851,15408,16398,0,0,0,0,0,0,0,0,0,2503888,1250415,0,262144,7673627,219179965,0,0,1026,709620,2040297771,0,0,0,0,0,3,0,0,0,0,0,0,2048166285,495,14121,1865289,1815110324,23823,0,106997,120539563,651092,169,0,651981,169,0,0,0,652150,0,651261,0,0,0,0,0,33,0,85,14704,0,0,0,0,0,0,0,0,225554,611,0,0,0,1015829,21385469,452411,0,0,0,85,1015829,21385469,0,0,46508,4050,23496,19446,19446,0,0,100512,0,0,364,0,0,0,0,0,0,0,59,0,59,0,0,0,0,0,0,0,0,0,0,0,0,0,0,0,0,0,0,0,0,714,24,0
1777071147.002162,2162,ubuntu-rog,1,0,0,6910250,6316,2897907,5282177,446089,0,16,0,0,0,0,0,1969023604,0,0,4907,1970182284,0,6316,2897907,5282177,446089,0,461658,169218,0,0,14149,0,199,0,0,0,3,0,2897986,104812,5734777,16,0,0,6522,0,0,0,0,0,0,0,48075036,44711663,0,0,107851,107851,15408,16398,0,0,0,0,0,0,0,0,0,2503888,1250415,0,262144,7673627,219179977,0,0,1026,709620,2040297803,0,0,0,0,0,3,0,0,0,0,0,0,2048166315,495,14121,1865289,1815110324,23823,0,106997,120539563,651092,169,0,651981,169,0,0,0,652150,0,651261,0,0,0,0,0,33,0,85,14704,0,0,0,0,0,0,0,0,225554,611,0,0,0,1015829,21385469,452411,0,0,0,85,1015829,21385469,0,0,46508,4050,23496,19446,19446,0,0,100512,0,0,364,0,0,0,0,0,0,0,59,0,59,0,0,0,0,0,0,0,0,0,0,0,0,0,0,0,0,0,0,0,0,714,24,0
1777071148.001171,1171,ubuntu-rog,1,0,0,6910351,6316,2897907,5282177,446089,0,8,0,0,0,0,0,1969023629,0,0,4907,1970182309,0,6316,2897907,5282177,446089,0,461658,169218,0,0,14149,0,199,0,0,0,3,0,2897986,104812,5734777,8,0,0,6522,0,0,0,0,0,0,0,48075036,44711671,0,0,107851,107851,15408,16398,0,0,0,0,0,0,0,0,0,2503909,1250425,0,262144,7673627,219179977,0,0,1026,709620,2040297828,0,0,0,0,0,3,0,0,0,0,0,0,2048166340,495,14121,1865289,1815110324,23823,0,106997,120539563,651092,169,0,651981,169,0,0,0,652150,0,651261,0,0,0,0,0,33,0,85,14704,0,0,0,0,0,0,0,0,225554,611,0,0,0,1015829,21385469,452411,0,0,0,85,1015829,21385469,0,0,46508,4050,23496,19446,19446,0,0,100512,0,0,364,0,0,0,0,0,0,0,59,0,59,0,0,0,0,0,0,0,0,0,0,0,0,0,0,0,0,0,0,0,0,714,24,0
1777071149.001275,1275,ubuntu-rog,1,0,0,6910637,6316,2897907,5282177,446089,0,13,0,0,0,0,0,1969023660,0,0,4907,1970182340,0,6316,2897907,5282177,446089,0,461658,169218,0,0,14149,0,199,0,0,0,3,0,2897986,104812,5734779,13,0,0,6522,0,0,0,0,0,0,0,48075041,44711671,0,0,107851,107851,15408,16398,0,0,0,0,0,0,0,0,0,2503966,1250454,0,262144,7673627,219180005,0,0,1026,709620,2040297859,0,0,0,0,0,3,0,0,0,0,0,0,2048166369,495,14121,1865289,1815110324,23823,0,106997,120539563,651092,169,0,651981,169,0,0,0,652150,0,651261,0,0,0,0,0,33,0,85,14704,0,0,0,0,0,0,0,0,225554,611,0,0,0,1015829,21385469,452411,0,0,0,85,1015829,21385469,0,0,46508,4050,23496,19446,19446,0,0,100512,0,0,364,0,0,0,0,0,0,0,59,0,59,0,0,0,0,0,0,0,0,0,0,0,0,0,0,0,0,0,0,0,0,714,24,0
1777071150.001312,1312,ubuntu-rog,1,0,0,6910927,6316,2897907,5282177,446089,0,14,0,0,0,0,0,1969023689,0,0,4907,1970182369,0,6316,2897907,5282177,446089,0,461658,169218,0,0,14149,0,199,0,0,0,3,0,2897986,104812,5734780,14,0,0,6522,0,0,0,0,0,0,0,48075042,44711671,0,0,107851,107851,15408,16398,0,0,0,0,0,0,0,0,0,2504024,1250483,0,262144,7673627,219180005,0,0,1026,709620,2040297888,0,0,0,0,0,3,0,0,0,0,0,0,2048166397,495,14121,1865289,1815110324,23823,0,106997,120539563,651092,169,0,651981,169,0,0,0,652150,0,651261,0,0,0,0,0,33,0,85,14704,0,0,0,0,0,0,0,0,225554,611,0,0,0,1015829,21385469,452411,0,0,0,85,1015829,21385469,0,0,46508,4050,23496,19446,19446,0,0,100512,0,0,364,0,0,0,0,0,0,0,59,0,59,0,0,0,0,0,0,0,0,0,0,0,0,0,0,0,0,0,0,0,0,714,24,0
1777071151.002312,2312,ubuntu-rog,1,0,0,6911080,6316,2897907,5282177,446089,0,14,0,0,0,0,0,1969023716,0,0,4907,1970182396,0,6316,2897907,5282177,446089,0,461658,169218,0,0,14149,0,199,0,0,0,3,0,2897986,104812,5734780,14,0,0,6522,0,0,0,0,0,0,0,48075042,44711671,0,0,107851,107851,15408,16398,0,0,0,0,0,0,0,0,0,2504054,1250498,0,262144,7673627,219180005,0,0,1026,709620,2040297915,0,0,0,0,0,3,0,0,0,0,0,0,2048166424,495,14121,1865289,1815110324,23823,0,106997,120539563,651092,169,0,651981,169,0,0,0,652150,0,651261,0,0,0,0,0,33,0,85,14704,0,0,0,0,0,0,0,0,225554,611,0,0,0,1015829,21385469,452411,0,0,0,85,1015829,21385469,0,0,46508,4050,23496,19446,19446,0,0,100512,0,0,364,0,0,0,0,0,0,0,59,0,59,0,0,0,0,0,0,0,0,0,0,0,0,0,0,0,0,0,0,0,0,714,24,0
1777071152.001168,1168,ubuntu-rog,1,0,0,6911134,6316,2897907,5282177,446089,0,14,0,0,0,0,0,1969023749,0,0,4907,1970182429,0,6316,2897907,5282177,446089,0,461658,169218,0,0,14149,0,199,0,0,0,3,0,2897986,104812,5734780,14,0,0,6522,0,0,0,0,0,0,0,48075042,44711671,0,0,107851,107851,15408,16398,0,0,0,0,0,0,0,0,0,2504065,1250504,0,262144,7673627,219180005,0,0,1026,709620,2040297948,0,0,0,0,0,3,0,0,0,0,0,0,2048166457,495,14121,1865289,1815110324,23823,0,106997,120539563,651092,169,0,651981,169,0,0,0,652150,0,651261,0,0,0,0,0,33,0,85,14704,0,0,0,0,0,0,0,0,225554,611,0,0,0,1015829,21385469,452411,0,0,0,85,1015829,21385469,0,0,46508,4050,23496,19446,19446,0,0,100512,0,0,364,0,0,0,0,0,0,0,59,0,59,0,0,0,0,0,0,0,0,0,0,0,0,0,0,0,0,0,0,0,0,714,24,0
1777071153.001172,1172,ubuntu-rog,1,0,0,6911134,6316,2897907,5282177,446089,0,15,0,0,0,0,0,1969023782,0,0,4907,1970182462,0,6316,2897907,5282177,446089,0,461658,169218,0,0,14149,0,199,0,0,0,3,0,2897986,104812,5734781,15,0,0,6522,0,0,0,0,0,0,0,48075043,44711671,0,0,107851,107851,15408,16398,0,0,0,0,0,0,0,0,0,2504065,1250504,0,262144,7673627,219180005,0,0,1026,709620,2040297981,0,0,0,0,0,3,0,0,0,0,0,0,2048166489,495,14121,1865289,1815110324,23823,0,106997,120539563,651092,169,0,651981,169,0,0,0,652150,0,651261,0,0,0,0,0,33,0,85,14704,0,0,0,0,0,0,0,0,225554,611,0,0,0,1015829,21385469,452411,0,0,0,85,1015829,21385469,0,0,46508,4050,23496,19446,19446,0,0,100512,0,0,364,0,0,0,0,0,0,0,59,0,59,0,0,0,0,0,0,0,0,0,0,0,0,0,0,0,0,0,0,0,0,714,24,0
1777071154.001273,1273,ubuntu-rog,1,0,0,6912080,6316,2897907,5282177,446089,0,16,0,0,0,0,0,1969023814,0,0,4907,1970182494,0,6316,2897907,5282177,446089,0,461658,169218,0,0,14149,0,199,0,0,0,3,0,2897986,104812,5734782,16,0,0,6522,0,0,0,0,0,0,0,48075044,44711671,0,0,107851,107851,15408,16398,0,0,0,0,0,0,0,0,0,2504254,1250598,0,262144,7673627,219180005,0,0,1026,709620,2040298013,0,0,0,0,0,3,0,0,0,0,0,0,2048166519,495,14121,1865289,1815110324,23823,0,106997,120539563,651092,169,0,651981,169,0,0,0,652150,0,651261,0,0,0,0,0,33,0,85,14704,0,0,0,0,0,0,0,0,225554,611,0,0,0,1015829,21385469,452411,0,0,0,85,1015829,21385469,0,0,46508,4050,23496,19446,19446,0,0,100512,0,0,364,0,0,0,0,0,0,0,59,0,59,0,0,0,0,0,0,0,0,0,0,0,0,0,0,0,0,0,0,0,0,714,24,0
1777071155.001316,1316,ubuntu-rog,1,0,0,6912080,6316,2897907,5282177,446089,0,16,0,0,0,0,0,1969023845,0,0,4907,1970182525,0,6316,2897907,5282177,446089,0,461658,169219,0,0,14149,0,199,0,0,0,3,0,2897986,104812,5734784,16,0,0,6522,0,0,0,0,0,0,0,48075044,44711671,0,0,107851,107851,15408,16398,0,0,0,0,0,0,0,0,0,2504254,1250598,0,262144,7673627,219180021,0,0,1026,709620,2040298044,0,0,0,0,0,3,0,0,0,0,0,0,2048166548,495,14121,1865289,1815110324,23823,0,106997,120539563,651092,169,0,651981,169,0,0,0,652150,0,651261,0,0,0,0,0,33,0,85,14704,0,0,0,0,0,0,0,0,225554,611,0,0,0,1015829,21385469,452411,0,0,0,85,1015829,21385469,0,0,46508,4050,23496,19446,19446,0,0,100512,0,0,364,0,0,0,0,0,0,0,59,0,59,0,0,0,0,0,0,0,0,0,0,0,0,0,0,0,0,0,0,0,0,714,24,0
1777071156.002313,2313,ubuntu-rog,1,0,0,6912080,6316,2897907,5282177,446089,0,16,0,0,0,0,0,1969023868,0,0,4907,1970182548,0,6316,2897907,5282177,446089,0,461658,169219,0,0,14149,0,199,0,0,0,3,0,2897986,104812,5734784,16,0,0,6522,0,0,0,0,0,0,0,48075044,44711671,0,0,107851,107851,15408,16398,0,0,0,0,0,0,0,0,0,2504254,1250598,0,262144,7673627,219180021,0,0,1026,709620,2040298067,0,0,0,0,0,3,0,0,0,0,0,0,2048166571,495,14121,1865289,1815110324,23823,0,106997,120539563,651092,169,0,651981,169,0,0,0,652150,0,651261,0,0,0,0,0,33,0,85,14704,0,0,0,0,0,0,0,0,225554,611,0,0,0,1015829,21385469,452411,0,0,0,85,1015829,21385469,0,0,46508,4050,23496,19446,19446,0,0,100512,0,0,364,0,0,0,0,0,0,0,59,0,59,0,0,0,0,0,0,0,0,0,0,0,0,0,0,0,0,0,0,0,0,714,24,0
1777071157.001166,1166,ubuntu-rog,1,0,0,6912080,6316,2897907,5282177,446089,0,18,0,0,0,0,0,1969023899,0,0,4907,1970182579,0,6316,2897907,5282177,446089,0,461658,169219,0,0,14149,0,199,0,0,0,3,0,2897986,104812,5734786,18,0,0,6522,0,0,0,0,0,0,0,48075046,44711671,0,0,107851,107851,15408,16398,0,0,0,0,0,0,0,0,0,2504254,1250598,0,262144,7673627,219180021,0,0,1026,709620,2040298098,0,0,0,0,0,3,0,0,0,0,0,0,2048166600,495,14121,1865289,1815110324,23823,0,106997,120539563,651092,169,0,651981,169,0,0,0,652150,0,651261,0,0,0,0,0,33,0,85,14704,0,0,0,0,0,0,0,0,225554,611,0,0,0,1015829,21385469,452411,0,0,0,85,1015829,21385469,0,0,46508,4050,23496,19446,19446,0,0,100512,0,0,364,0,0,0,0,0,0,0,59,0,59,0,0,0,0,0,0,0,0,0,0,0,0,0,0,0,0,0,0,0,0,714,24,0
1777071158.001171,1171,ubuntu-rog,1,0,0,6912181,6316,2897220,5282188,446089,0,19,0,0,0,0,0,1969023975,0,0,4907,1970182655,0,6316,2897220,5282188,446089,0,461658,169219,0,0,14149,0,199,0,0,0,3,0,2897279,104812,5734787,19,0,0,6522,0,0,0,0,0,0,0,48075047,44711671,0,0,107851,107851,15408,16398,0,0,0,0,0,0,0,0,0,2504277,1250609,0,262144,7673627,219180021,0,0,1026,709620,2040298174,0,0,0,0,0,3,0,0,0,0,0,0,2048167461,495,14121,1865289,1815110326,23823,0,106997,120539565,651092,169,0,651981,169,0,0,0,652150,0,651261,0,0,0,0,0,33,0,85,14704,0,0,0,0,0,0,0,0,225554,611,0,0,0,1015829,21385469,452411,0,0,0,85,1015829,21385469,0,0,46508,4050,23496,19446,19446,0,0,100512,0,0,364,0,0,0,0,0,0,0,59,0,59,0,0,0,0,0,0,0,0,0,0,0,0,0,0,0,0,0,0,0,0,714,24,0
1777071159.001273,1273,ubuntu-rog,1,0,0,6912413,6316,2897141,5282188,446089,0,19,0,0,0,0,0,1969024006,0,0,4907,1970182686,0,6316,2897141,5282188,446089,0,461658,169219,0,0,14149,0,199,0,0,0,3,0,2897200,104812,5734787,19,0,0,6522,0,0,0,0,0,0,0,48075047,44711671,0,0,107851,107851,15408,16398,0,0,0,0,0,0,0,0,0,2504323,1250632,0,262144,7673627,219180045,0,0,1026,709620,2040298205,0,0,0,0,0,3,0,0,0,0,0,0,2048167490,495,14121,1865289,1815110327,23823,0,106997,120539566,651092,169,0,651981,169,0,0,0,652150,0,651261,0,0,0,0,0,33,0,85,14704,0,0,0,0,0,0,0,0,225554,611,0,0,0,1015829,21385469,452411,0,0,0,85,1015829,21385469,0,0,46508,4050,23496,19446,19446,0,0,100512,0,0,364,0,0,0,0,0,0,0,59,0,59,0,0,0,0,0,0,0,0,0,0,0,0,0,0,0,0,0,0,0,0,714,24,0
1777071160.002313,2313,ubuntu-rog,1,0,0,6912568,6316,2897154,5282188,446089,0,20,0,0,0,0,0,1969024037,0,0,4907,1970182717,0,6316,2897154,5282188,446089,0,461658,169219,0,0,14149,0,199,0,0,0,3,0,2897200,104812,5734789,20,0,0,6522,0,0,0,0,0,0,0,48075049,44711672,0,0,107851,107851,15408,16398,0,0,0,0,0,0,0,0,0,2504354,1250648,0,262144,7673627,219180045,0,0,1026,709620,2040298236,0,0,0,0,0,3,0,0,0,0,0,0,2048167520,495,14121,1865289,1815110327,23823,0,106997,120539566,651092,169,0,651981,169,0,0,0,652150,0,651261,0,0,0,0,0,33,0,85,14704,0,0,0,0,0,0,0,0,225554,611,0,0,0,1015829,21385469,452411,0,0,0,85,1015829,21385469,0,0,46508,4050,23496,19446,19446,0,0,100512,0,0,364,0,0,0,0,0,0,0,59,0,59,0,0,0,0,0,0,0,0,0,0,0,0,0,0,0,0,0,0,0,0,714,24,0
1777071161.001316,1316,ubuntu-rog,1,0,0,6912639,6316,2897154,5282188,446089,0,21,0,0,0,0,0,1969024069,0,0,4907,1970182749,0,6316,2897154,5282188,446089,0,461658,169220,0,0,14149,0,199,0,0,0,3,0,2897200,104812,5734790,21,0,0,6522,0,0,0,0,0,0,0,48075050,44711672,0,0,107851,107851,15408,16398,0,0,0,0,0,0,0,0,0,2504368,1250655,0,262144,7673627,219180045,0,0,1026,709620,2040298268,0,0,0,0,0,3,0,0,0,0,0,0,2048167551,495,14121,1865289,1815110327,23823,0,106997,120539566,651092,169,0,651981,169,0,0,0,652150,0,651261,0,0,0,0,0,33,0,85,14704,0,0,0,0,0,0,0,0,225554,611,0,0,0,1015829,21385469,452411,0,0,0,85,1015829,21385469,0,0,46508,4050,23496,19446,19446,0,0,100512,0,0,364,0,0,0,0,0,0,0,59,0,59,0,0,0,0,0,0,0,0,0,0,0,0,0,0,0,0,0,0,0,0,714,24,0
1777071162.001170,1170,ubuntu-rog,1,0,0,6912639,6316,2897154,5282188,446089,0,21,0,0,0,0,0,1969024091,0,0,4907,1970182771,0,6316,2897154,5282188,446089,0,461658,169220,0,0,14149,0,199,0,0,0,3,0,2897200,104812,5734790,21,0,0,6522,0,0,0,0,0,0,0,48075050,44711672,0,0,107851,107851,15408,16398,0,0,0,0,0,0,0,0,0,2504368,1250655,0,262144,7673627,219180045,0,0,1026,709620,2040298290,0,0,0,0,0,3,0,0,0,0,0,0,2048167573,495,14121,1865289,1815110329,23823,0,106997,120539568,651092,169,0,651981,169,0,0,0,652150,0,651261,0,0,0,0,0,33,0,85,14704,0,0,0,0,0,0,0,0,225554,611,0,0,0,1015829,21385469,452411,0,0,0,85,1015829,21385469,0,0,46508,4050,23496,19446,19446,0,0,100512,0,0,364,0,0,0,0,0,0,0,59,0,59,0,0,0,0,0,0,0,0,0,0,0,0,0,0,0,0,0,0,0,0,714,24,0
1777071163.001170,1170,ubuntu-rog,1,0,0,6912639,6316,2897154,5282188,446089,0,21,0,0,0,0,0,1969024121,0,0,4907,1970182801,0,6316,2897154,5282188,446089,0,461658,169220,0,0,14149,0,199,0,0,0,3,0,2897200,104812,5734790,21,0,0,6522,0,0,0,0,0,0,0,48075050,44711672,0,0,107851,107851,15408,16398,0,0,0,0,0,0,0,0,0,2504368,1250655,0,262144,7673627,219180045,0,0,1026,709620,2040298320,0,0,0,0,0,3,0,0,0,0,0,0,2048167603,495,14121,1865289,1815110329,23823,0,106997,120539568,651092,169,0,651981,169,0,0,0,652150,0,651261,0,0,0,0,0,33,0,85,14704,0,0,0,0,0,0,0,0,225554,611,0,0,0,1015829,21385469,452411,0,0,0,85,1015829,21385469,0,0,46508,4050,23496,19446,19446,0,0,100512,0,0,364,0,0,0,0,0,0,0,59,0,59,0,0,0,0,0,0,0,0,0,0,0,0,0,0,0,0,0,0,0,0,714,24,0
1777071164.002270,2270,ubuntu-rog,1,0,0,6912639,6316,2897154,5282188,446089,0,23,0,0,0,0,0,1969024155,0,0,4907,1970182835,0,6316,2897154,5282188,446089,0,461658,169220,0,0,14149,0,199,0,0,0,3,0,2897200,104812,5734792,23,0,0,6522,0,0,0,0,0,0,0,48075052,44711672,0,0,107851,107851,15408,16398,0,0,0,0,0,0,0,0,0,2504368,1250655,0,262144,7673627,219180045,0,0,1026,709620,2040298354,0,0,0,0,0,3,0,0,0,0,0,0,2048167635,495,14121,1865289,1815110329,23823,0,106997,120539568,651092,169,0,651981,169,0,0,0,652150,0,651261,0,0,0,0,0,33,0,85,14704,0,0,0,0,0,0,0,0,225554,611,0,0,0,1015829,21385469,452411,0,0,0,85,1015829,21385469,0,0,46508,4050,23496,19446,19446,0,0,100512,0,0,364,0,0,0,0,0,0,0,59,0,59,0,0,0,0,0,0,0,0,0,0,0,0,0,0,0,0,0,0,0,0,714,24,0
1777071165.001311,1311,ubuntu-rog,1,0,0,6912639,6316,2897154,5282188,446089,0,23,0,0,0,0,0,1969024179,0,0,4907,1970182859,0,6316,2897154,5282188,446089,0,461658,169220,0,0,14149,0,199,0,0,0,3,0,2897200,104812,5734794,23,0,0,6522,0,0,0,0,0,0,0,48075052,44711672,0,0,107851,107851,15408,16398,0,0,0,0,0,0,0,0,0,2504368,1250655,0,262144,7673627,219180061,0,0,1026,709620,2040298378,0,0,0,0,0,3,0,0,0,0,0,0,2048167657,495,14121,1865289,1815110329,23823,0,106997,120539568,651092,169,0,651981,169,0,0,0,652150,0,651261,0,0,0,0,0,33,0,85,14704,0,0,0,0,0,0,0,0,225554,611,0,0,0,1015829,21385469,452411,0,0,0,85,1015829,21385469,0,0,46508,4050,23496,19446,19446,0,0,100512,0,0,364,0,0,0,0,0,0,0,59,0,59,0,0,0,0,0,0,0,0,0,0,0,0,0,0,0,0,0,0,0,0,714,24,0
1777071166.001316,1316,ubuntu-rog,1,0,0,6912639,6316,2897154,5282188,446089,0,23,0,0,0,0,0,1969024210,0,0,4907,1970182890,0,6316,2897154,5282188,446089,0,461658,169220,0,0,14149,0,199,0,0,0,3,0,2897200,104812,5734794,23,0,0,6522,0,0,0,0,0,0,0,48075052,44711672,0,0,107851,107851,15408,16398,0,0,0,0,0,0,0,0,0,2504368,1250655,0,262144,7673627,219180061,0,0,1026,709620,2040298409,0,0,0,0,0,3,0,0,0,0,0,0,2048167688,495,14121,1865289,1815110329,23823,0,106997,120539568,651092,169,0,651981,169,0,0,0,652150,0,651261,0,0,0,0,0,33,0,85,14704,0,0,0,0,0,0,0,0,225554,611,0,0,0,1015829,21385469,452411,0,0,0,85,1015829,21385469,0,0,46508,4050,23496,19446,19446,0,0,100512,0,0,364,0,0,0,0,0,0,0,59,0,59,0,0,0,0,0,0,0,0,0,0,0,0,0,0,0,0,0,0,0,0,714,24,0
1777071167.001168,1168,ubuntu-rog,1,0,0,6912639,6316,2897154,5282188,446089,0,24,0,0,0,0,0,1969024242,0,0,4907,1970182922,0,6316,2897154,5282188,446089,0,461658,169220,0,0,14149,0,199,0,0,0,3,0,2897200,104812,5734795,24,0,0,6522,0,0,0,0,0,0,0,48075053,44711672,0,0,107851,107851,15408,16398,0,0,0,0,0,0,0,0,0,2504368,1250655,0,262144,7673627,219180061,0,0,1026,709620,2040298441,0,0,0,0,0,3,0,0,0,0,0,0,2048167719,495,14121,1865289,1815110329,23823,0,106997,120539568,651092,169,0,651981,169,0,0,0,652150,0,651261,0,0,0,0,0,33,0,85,14704,0,0,0,0,0,0,0,0,225554,611,0,0,0,1015829,21385469,452411,0,0,0,85,1015829,21385469,0,0,46508,4050,23496,19446,19446,0,0,100512,0,0,364,0,0,0,0,0,0,0,59,0,59,0,0,0,0,0,0,0,0,0,0,0,0,0,0,0,0,0,0,0,0,714,24,0
1777071168.002166,2166,ubuntu-rog,1,0,0,6912639,6316,2897154,5282188,446089,0,24,0,0,0,0,0,1969024269,0,0,4907,1970182949,0,6316,2897154,5282188,446089,0,461658,169220,0,0,14149,0,199,0,0,0,3,0,2897200,104812,5734795,24,0,0,6522,0,0,0,0,0,0,0,48075053,44711672,0,0,107851,107851,15408,16398,0,0,0,0,0,0,0,0,0,2504368,1250655,0,262144,7673627,219180061,0,0,1026,709620,2040298468,0,0,0,0,0,3,0,0,0,0,0,0,2048167746,495,14121,1865289,1815110329,23823,0,106997,120539568,651092,169,0,651981,169,0,0,0,652150,0,651261,0,0,0,0,0,33,0,85,14704,0,0,0,0,0,0,0,0,225554,611,0,0,0,1015829,21385469,452411,0,0,0,85,1015829,21385469,0,0,46508,4050,23496,19446,19446,0,0,100512,0,0,364,0,0,0,0,0,0,0,59,0,59,0,0,0,0,0,0,0,0,0,0,0,0,0,0,0,0,0,0,0,0,714,24,0
1777071169.001281,1281,ubuntu-rog,1,0,0,6912639,6316,2897154,5282188,446089,0,26,0,0,0,0,0,1969024301,0,0,4907,1970182981,0,6316,2897154,5282188,446089,0,461658,169220,0,0,14149,0,199,0,0,0,3,0,2897200,104812,5734797,26,0,0,6522,0,0,0,0,0,0,0,48075055,44711672,0,0,107851,107851,15408,16398,0,0,0,0,0,0,0,0,0,2504368,1250655,0,262144,7673627,219180061,0,0,1026,709620,2040298500,0,0,0,0,0,3,0,0,0,0,0,0,2048167776,495,14121,1865289,1815110329,23823,0,106997,120539568,651092,169,0,651981,169,0,0,0,652150,0,651261,0,0,0,0,0,33,0,85,14704,0,0,0,0,0,0,0,0,225554,611,0,0,0,1015829,21385469,452411,0,0,0,85,1015829,21385469,0,0,46508,4050,23496,19446,19446,0,0,100512,0,0,364,0,0,0,0,0,0,0,59,0,59,0,0,0,0,0,0,0,0,0,0,0,0,0,0,0,0,0,0,0,0,714,24,0
1777071170.001310,1310,ubuntu-rog,1,0,0,6912639,6316,2897154,5282188,446089,0,16,0,0,0,0,0,1969024324,0,0,4907,1970183004,0,6316,2897154,5282188,446089,0,461658,169220,0,0,14149,0,199,0,0,0,3,0,2897200,104812,5734797,16,0,0,6522,0,0,0,0,0,0,0,48075055,44711682,0,0,107851,107851,15408,16398,0,0,0,0,0,0,0,0,0,2504368,1250655,0,262144,7673627,219180101,0,0,1026,709620,2040298523,0,0,0,0,0,3,0,0,0,0,0,0,2048167799,495,14121,1865289,1815110329,23823,0,106997,120539568,651092,169,0,651981,169,0,0,0,652150,0,651261,0,0,0,0,0,33,0,85,14704,0,0,0,0,0,0,0,0,225554,611,0,0,0,1015829,21385469,452411,0,0,0,85,1015829,21385469,0,0,46508,4050,23496,19446,19446,0,0,100512,0,0,364,0,0,0,0,0,0,0,59,0,59,0,0,0,0,0,0,0,0,0,0,0,0,0,0,0,0,0,0,0,0,714,24,0
1777071171.001318,1318,ubuntu-rog,1,0,0,6912639,6316,2897154,5282188,446089,0,19,0,0,0,0,0,1969024357,0,0,4907,1970183037,0,6316,2897154,5282188,446089,0,461658,169220,0,0,14149,0,199,0,0,0,3,0,2897200,104812,5734800,19,0,0,6522,0,0,0,0,0,0,0,48075058,44711682,0,0,107851,107851,15408,16398,0,0,0,0,0,0,0,0,0,2504368,1250655,0,262144,7673627,219180129,0,0,1026,709620,2040298556,0,0,0,0,0,3,0,0,0,0,0,0,2048167829,495,14121,1865289,1815110329,23823,0,106997,120539568,651092,169,0,651981,169,0,0,0,652150,0,651261,0,0,0,0,0,33,0,85,14704,0,0,0,0,0,0,0,0,225554,611,0,0,0,1015829,21385469,452411,0,0,0,85,1015829,21385469,0,0,46508,4050,23496,19446,19446,0,0,100512,0,0,364,0,0,0,0,0,0,0,59,0,59,0,0,0,0,0,0,0,0,0,0,0,0,0,0,0,0,0,0,0,0,714,24,0
1777071172.002162,2162,ubuntu-rog,1,0,0,6912639,6316,2897154,5282188,446089,0,19,0,0,0,0,0,1969024399,0,0,4907,1970183079,0,6316,2897154,5282188,446089,0,461658,169220,0,0,14149,0,199,0,0,0,3,0,2897200,104812,5734800,19,0,0,6522,0,0,0,0,0,0,0,48075058,44711682,0,0,107851,107851,15408,16398,0,0,0,0,0,0,0,0,0,2504368,1250655,0,262144,7673627,219180129,0,0,1026,709620,2040298598,0,0,0,0,0,3,0,0,0,0,0,0,2048167871,495,14121,1865289,1815110329,23823,0,106997,120539568,651092,169,0,651981,169,0,0,0,652150,0,651261,0,0,0,0,0,33,0,85,14704,0,0,0,0,0,0,0,0,225554,611,0,0,0,1015829,21385469,452411,0,0,0,85,1015829,21385469,0,0,46508,4050,23496,19446,19446,0,0,100512,0,0,364,0,0,0,0,0,0,0,59,0,59,0,0,0,0,0,0,0,0,0,0,0,0,0,0,0,0,0,0,0,0,714,24,0
1777071173.001170,1170,ubuntu-rog,1,0,0,6912639,6316,2897154,5282188,446089,0,19,0,0,0,0,0,1969024433,0,0,4907,1970183113,0,6316,2897154,5282188,446089,0,461658,169220,0,0,14149,0,199,0,0,0,3,0,2897200,104812,5734800,19,0,0,6522,0,0,0,0,0,0,0,48075058,44711682,0,0,107851,107851,15408,16398,0,0,0,0,0,0,0,0,0,2504368,1250655,0,262144,7673627,219180129,0,0,1026,709620,2040298632,0,0,0,0,0,3,0,0,0,0,0,0,2048167905,495,14121,1865289,1815110329,23823,0,106997,120539568,651092,169,0,651981,169,0,0,0,652150,0,651261,0,0,0,0,0,33,0,85,14704,0,0,0,0,0,0,0,0,225554,611,0,0,0,1015829,21385469,452411,0,0,0,85,1015829,21385469,0,0,46508,4050,23496,19446,19446,0,0,100512,0,0,364,0,0,0,0,0,0,0,59,0,59,0,0,0,0,0,0,0,0,0,0,0,0,0,0,0,0,0,0,0,0,714,24,0
1777071174.001279,1279,ubuntu-rog,1,0,0,6912639,6316,2897154,5282188,446089,0,20,0,0,0,0,0,1969024464,0,0,4907,1970183144,0,6316,2897154,5282188,446089,0,461658,169220,0,0,14149,0,199,0,0,0,3,0,2897200,104812,5734801,20,0,0,6522,0,0,0,0,0,0,0,48075059,44711682,0,0,107851,107851,15408,16398,0,0,0,0,0,0,0,0,0,2504368,1250655,0,262144,7673627,219180129,0,0,1026,709620,2040298663,0,0,0,0,0,3,0,0,0,0,0,0,2048167935,495,14121,1865289,1815110329,23823,0,106997,120539568,651092,169,0,651981,169,0,0,0,652150,0,651261,0,0,0,0,0,33,0,85,14704,0,0,0,0,0,0,0,0,225554,611,0,0,0,1015829,21385469,452411,0,0,0,85,1015829,21385469,0,0,46508,4050,23496,19446,19446,0,0,100512,0,0,364,0,0,0,0,0,0,0,59,0,59,0,0,0,0,0,0,0,0,0,0,0,0,0,0,0,0,0,0,0,0,714,24,0
1777071175.001310,1310,ubuntu-rog,1,0,0,6912639,6316,2897154,5282188,446089,0,17,0,0,0,0,0,1969024494,0,0,4907,1970183174,0,6316,2897154,5282188,446089,0,461658,169220,0,0,14149,0,199,0,0,0,3,0,2897200,104812,5734802,17,0,0,6522,0,0,0,0,0,0,0,48075060,44711686,0,0,107851,107851,15408,16398,0,0,0,0,0,0,0,0,0,2504368,1250655,0,262144,7673627,219180145,0,0,1026,709620,2040298693,0,0,0,0,0,3,0,0,0,0,0,0,2048167964,495,14121,1865289,1815110329,23823,0,106997,120539568,651092,169,0,651981,169,0,0,0,652150,0,651261,0,0,0,0,0,33,0,85,14704,0,0,0,0,0,0,0,0,225554,611,0,0,0,1015829,21385469,452411,0,0,0,85,1015829,21385469,0,0,46508,4050,23496,19446,19446,0,0,100512,0,0,364,0,0,0,0,0,0,0,59,0,59,0,0,0,0,0,0,0,0,0,0,0,0,0,0,0,0,0,0,0,0,714,24,0
1777071176.002308,2308,ubuntu-rog,1,0,0,6912639,6316,2897154,5282188,446089,0,17,0,0,0,0,0,1969024516,0,0,4907,1970183196,0,6316,2897154,5282188,446089,0,461658,169220,0,0,14149,0,199,0,0,0,3,0,2897200,104812,5734802,17,0,0,6522,0,0,0,0,0,0,0,48075060,44711686,0,0,107851,107851,15408,16398,0,0,0,0,0,0,0,0,0,2504368,1250655,0,262144,7673627,219180145,0,0,1026,709620,2040298715,0,0,0,0,0,3,0,0,0,0,0,0,2048167986,495,14121,1865289,1815110329,23823,0,106997,120539568,651092,169,0,651981,169,0,0,0,652150,0,651261,0,0,0,0,0,33,0,85,14704,0,0,0,0,0,0,0,0,225554,611,0,0,0,1015829,21385469,452411,0,0,0,85,1015829,21385469,0,0,46508,4050,23496,19446,19446,0,0,100512,0,0,364,0,0,0,0,0,0,0,59,0,59,0,0,0,0,0,0,0,0,0,0,0,0,0,0,0,0,0,0,0,0,714,24,0
1777071177.001168,1168,ubuntu-rog,1,0,0,6912639,6316,2897154,5282188,446089,0,18,0,0,0,0,0,1969024549,0,0,4907,1970183229,0,6316,2897154,5282188,446089,0,461658,169220,0,0,14149,0,199,0,0,0,3,0,2897200,104812,5734804,18,0,0,6522,0,0,0,0,0,0,0,48075061,44711686,0,0,107851,107851,15408,16398,0,0,0,0,0,0,0,0,0,2504368,1250655,0,262144,7673627,219180173,0,0,1026,709620,2040298748,0,0,0,0,0,3,0,0,0,0,0,0,2048168017,495,14121,1865289,1815110329,23823,0,106997,120539568,651092,169,0,651981,169,0,0,0,652150,0,651261,0,0,0,0,0,33,0,85,14704,0,0,0,0,0,0,0,0,225554,611,0,0,0,1015829,21385469,452411,0,0,0,85,1015829,21385469,0,0,46508,4050,23496,19446,19446,0,0,100512,0,0,364,0,0,0,0,0,0,0,59,0,59,0,0,0,0,0,0,0,0,0,0,0,0,0,0,0,0,0,0,0,0,714,24,0
1777071178.001172,1172,ubuntu-rog,1,0,0,6912639,6316,2897154,5282188,446089,0,19,0,0,0,0,0,1969024581,0,0,4907,1970183261,0,6316,2897154,5282188,446089,0,461658,169220,0,0,14149,0,199,0,0,0,3,0,2897200,104812,5734805,19,0,0,6522,0,0,0,0,0,0,0,48075062,44711686,0,0,107851,107851,15408,16398,0,0,0,0,0,0,0,0,0,2504368,1250655,0,262144,7673627,219180173,0,0,1026,709620,2040298780,0,0,0,0,0,3,0,0,0,0,0,0,2048168048,495,14121,1865289,1815110329,23823,0,106997,120539568,651092,169,0,651981,169,0,0,0,652150,0,651261,0,0,0,0,0,33,0,85,14704,0,0,0,0,0,0,0,0,225554,611,0,0,0,1015829,21385469,452411,0,0,0,85,1015829,21385469,0,0,46508,4050,23496,19446,19446,0,0,100512,0,0,364,0,0,0,0,0,0,0,59,0,59,0,0,0,0,0,0,0,0,0,0,0,0,0,0,0,0,0,0,0,0,714,24,0
1777071179.001272,1272,ubuntu-rog,1,0,0,6912639,6316,2897154,5282188,446089,0,19,0,0,0,0,0,1969024603,0,0,4907,1970183283,0,6316,2897154,5282188,446089,0,461658,169220,0,0,14149,0,199,0,0,0,3,0,2897200,104812,5734805,19,0,0,6522,0,0,0,0,0,0,0,48075062,44711686,0,0,107851,107851,15408,16398,0,0,0,0,0,0,0,0,0,2504368,1250655,0,262144,7673627,219180173,0,0,1026,709620,2040298802,0,0,0,0,0,3,0,0,0,0,0,0,2048168070,495,14121,1865289,1815110329,23823,0,106997,120539568,651092,169,0,651981,169,0,0,0,652150,0,651261,0,0,0,0,0,33,0,85,14704,0,0,0,0,0,0,0,0,225554,611,0,0,0,1015829,21385469,452411,0,0,0,85,1015829,21385469,0,0,46508,4050,23496,19446,19446,0,0,100512,0,0,364,0,0,0,0,0,0,0,59,0,59,0,0,0,0,0,0,0,0,0,0,0,0,0,0,0,0,0,0,0,0,714,24,0
1777071180.002300,2300,ubuntu-rog,1,0,0,6918191,6316,2891632,5282191,446089,0,25,0,0,0,0,0,1969024820,0,0,4907,1970183500,0,6316,2891632,5282191,446089,0,461658,169220,0,0,14149,0,199,0,0,0,3,0,2891655,104805,5734805,25,0,0,6522,0,0,0,0,0,0,0,48075085,44711703,0,0,107851,107851,15216,16304,0,0,0,0,0,0,0,0,0,2505479,1251210,0,262144,7673627,219180313,0,0,1026,709620,2040299040,0,0,0,0,0,3,0,0,0,0,0,0,2048173980,495,14121,1865289,1815110586,23823,0,106997,120539677,651092,169,0,651981,169,0,0,0,652150,0,651261,0,0,0,0,0,33,0,85,14704,0,0,0,0,0,0,0,0,225554,611,0,0,0,1015829,21385469,452411,0,0,0,85,1015829,21385469,0,0,46508,4050,23496,19446,19446,0,0,100512,0,0,364,0,0,0,0,0,0,0,59,0,59,0,0,0,0,0,0,0,0,0,0,0,0,0,0,0,0,0,0,0,0,714,24,0
1777071181.001313,1313,ubuntu-rog,1,0,0,6918191,6316,2891632,5282191,446089,0,28,0,0,0,0,0,1969024851,0,0,4907,1970183531,0,6316,2891632,5282191,446089,0,461658,169220,0,0,14149,0,199,0,0,0,3,0,2891655,104805,5734807,28,0,0,6522,0,0,0,0,0,0,0,48075088,44711703,0,0,107851,107851,15216,16304,0,0,0,0,0,0,0,0,0,2505479,1251210,0,262144,7673627,219180313,0,0,1026,709620,2040299071,0,0,0,0,0,3,0,0,0,0,0,0,2048174008,495,14121,1865289,1815110586,23823,0,106997,120539677,651092,169,0,651981,169,0,0,0,652150,0,651261,0,0,0,0,0,33,0,85,14704,0,0,0,0,0,0,0,0,225554,611,0,0,0,1015829,21385469,452411,0,0,0,85,1015829,21385469,0,0,46508,4050,23496,19446,19446,0,0,100512,0,0,364,0,0,0,0,0,0,0,59,0,59,0,0,0,0,0,0,0,0,0,0,0,0,0,0,0,0,0,0,0,0,714,24,0
1777071182.001161,1161,ubuntu-rog,1,0,0,6918191,6316,2891632,5282191,446089,0,28,0,0,0,0,0,1969024880,0,0,4907,1970183560,0,6316,2891632,5282191,446089,0,461658,169220,0,0,14149,0,199,0,0,0,3,0,2891655,104805,5734807,28,0,0,6522,0,0,0,0,0,0,0,48075088,44711703,0,0,107851,107851,15216,16304,0,0,0,0,0,0,0,0,0,2505479,1251210,0,262144,7673627,219180313,0,0,1026,709620,2040299100,0,0,0,0,0,3,0,0,0,0,0,0,2048174037,495,14121,1865289,1815110586,23823,0,106997,120539677,651092,169,0,651981,169,0,0,0,652150,0,651261,0,0,0,0,0,33,0,85,14704,0,0,0,0,0,0,0,0,225554,611,0,0,0,1015829,21385469,452411,0,0,0,85,1015829,21385469,0,0,46508,4050,23496,19446,19446,0,0,100512,0,0,364,0,0,0,0,0,0,0,59,0,59,0,0,0,0,0,0,0,0,0,0,0,0,0,0,0,0,0,0,0,0,714,24,0
1777071183.001162,1162,ubuntu-rog,1,0,0,6918191,6316,2891632,5282191,446089,0,28,0,0,0,0,0,1969024910,0,0,4907,1970183590,0,6316,2891632,5282191,446089,0,461658,169220,0,0,14149,0,199,0,0,0,3,0,2891655,104805,5734807,28,0,0,6522,0,0,0,0,0,0,0,48075088,44711703,0,0,107851,107851,15216,16304,0,0,0,0,0,0,0,0,0,2505479,1251210,0,262144,7673627,219180313,0,0,1026,709620,2040299130,0,0,0,0,0,3,0,0,0,0,0,0,2048174067,495,14121,1865289,1815110586,23823,0,106997,120539677,651092,169,0,651981,169,0,0,0,652150,0,651261,0,0,0,0,0,33,0,85,14704,0,0,0,0,0,0,0,0,225554,611,0,0,0,1015829,21385469,452411,0,0,0,85,1015829,21385469,0,0,46508,4050,23496,19446,19446,0,0,100512,0,0,364,0,0,0,0,0,0,0,59,0,59,0,0,0,0,0,0,0,0,0,0,0,0,0,0,0,0,0,0,0,0,714,24,0
1777071184.002263,2263,ubuntu-rog,1,0,0,6918191,6316,2891632,5282191,446089,0,28,0,0,0,0,0,1969024934,0,0,4907,1970183614,0,6316,2891632,5282191,446089,0,461658,169220,0,0,14149,0,199,0,0,0,3,0,2891655,104805,5734807,28,0,0,6522,0,0,0,0,0,0,0,48075088,44711703,0,0,107851,107851,15216,16304,0,0,0,0,0,0,0,0,0,2505479,1251210,0,262144,7673627,219180313,0,0,1026,709620,2040299154,0,0,0,0,0,3,0,0,0,0,0,0,2048174091,495,14121,1865289,1815110586,23823,0,106997,120539677,651092,169,0,651981,169,0,0,0,652150,0,651261,0,0,0,0,0,33,0,85,14704,0,0,0,0,0,0,0,0,225554,611,0,0,0,1015829,21385469,452411,0,0,0,85,1015829,21385469,0,0,46508,4050,23496,19446,19446,0,0,100512,0,0,364,0,0,0,0,0,0,0,59,0,59,0,0,0,0,0,0,0,0,0,0,0,0,0,0,0,0,0,0,0,0,714,24,0
1777071185.001306,1306,ubuntu-rog,1,0,0,6918191,6316,2891632,5282191,446089,0,34,0,0,0,0,0,1969024966,0,0,4907,1970183646,0,6316,2891632,5282191,446089,0,461658,169220,0,0,14149,0,199,0,0,0,3,0,2891655,104805,5734810,34,0,0,6522,0,0,0,0,0,0,0,48075094,44711703,0,0,107851,107851,15216,16304,0,0,0,0,0,0,0,0,0,2505479,1251210,0,262144,7673627,219180381,0,0,1026,709620,2040299186,0,0,0,0,0,3,0,0,0,0,0,0,2048174120,495,14121,1865289,1815110586,23823,0,106997,120539677,651092,169,0,651981,169,0,0,0,652150,0,651261,0,0,0,0,0,33,0,85,14704,0,0,0,0,0,0,0,0,225554,611,0,0,0,1015829,21385469,452411,0,0,0,85,1015829,21385469,0,0,46508,4050,23496,19446,19446,0,0,100512,0,0,364,0,0,0,0,0,0,0,59,0,59,0,0,0,0,0,0,0,0,0,0,0,0,0,0,0,0,0,0,0,0,714,24,0
1777071186.001310,1310,ubuntu-rog,1,0,0,6918191,6316,2891632,5282191,446089,0,36,0,0,0,0,0,1969024996,0,0,4907,1970183676,0,6316,2891632,5282191,446089,0,461658,169220,0,0,14149,0,199,0,0,0,3,0,2891655,104805,5734811,36,0,0,6522,0,0,0,0,0,0,0,48075096,44711703,0,0,107851,107851,15216,16304,0,0,0,0,0,0,0,0,0,2505479,1251210,0,262144,7673627,219180381,0,0,1026,709620,2040299216,0,0,0,0,0,3,0,0,0,0,0,0,2048174149,495,14121,1865289,1815110586,23823,0,106997,120539677,651092,169,0,651981,169,0,0,0,652150,0,651261,0,0,0,0,0,33,0,85,14704,0,0,0,0,0,0,0,0,225554,611,0,0,0,1015829,21385469,452411,0,0,0,85,1015829,21385469,0,0,46508,4050,23496,19446,19446,0,0,100512,0,0,364,0,0,0,0,0,0,0,59,0,59,0,0,0,0,0,0,0,0,0,0,0,0,0,0,0,0,0,0,0,0,714,24,0
1777071187.001163,1163,ubuntu-rog,1,0,0,6918191,6316,2891632,5282191,446089,0,36,0,0,0,0,0,1969025017,0,0,4907,1970183697,0,6316,2891632,5282191,446089,0,461658,169220,0,0,14149,0,199,0,0,0,3,0,2891655,104805,5734811,36,0,0,6522,0,0,0,0,0,0,0,48075096,44711703,0,0,107851,107851,15216,16304,0,0,0,0,0,0,0,0,0,2505479,1251210,0,262144,7673627,219180381,0,0,1026,709620,2040299237,0,0,0,0,0,3,0,0,0,0,0,0,2048174170,495,14121,1865289,1815110586,23823,0,106997,120539677,651092,169,0,651981,169,0,0,0,652150,0,651261,0,0,0,0,0,33,0,85,14704,0,0,0,0,0,0,0,0,225554,611,0,0,0,1015829,21385469,452411,0,0,0,85,1015829,21385469,0,0,46508,4050,23496,19446,19446,0,0,100512,0,0,364,0,0,0,0,0,0,0,59,0,59,0,0,0,0,0,0,0,0,0,0,0,0,0,0,0,0,0,0,0,0,714,24,0
1777071188.002156,2156,ubuntu-rog,1,0,0,6918191,6316,2891632,5282191,446089,0,37,0,0,0,0,0,1969025047,0,0,4907,1970183727,0,6316,2891632,5282191,446089,0,461658,169220,0,0,14149,0,199,0,0,0,3,0,2891655,104805,5734812,37,0,0,6522,0,0,0,0,0,0,0,48075097,44711703,0,0,107851,107851,15216,16304,0,0,0,0,0,0,0,0,0,2505479,1251210,0,262144,7673627,219180381,0,0,1026,709620,2040299267,0,0,0,0,0,3,0,0,0,0,0,0,2048174199,495,14121,1865289,1815110586,23823,0,106997,120539677,651092,169,0,651981,169,0,0,0,652150,0,651261,0,0,0,0,0,33,0,85,14704,0,0,0,0,0,0,0,0,225554,611,0,0,0,1015829,21385469,452411,0,0,0,85,1015829,21385469,0,0,46508,4050,23496,19446,19446,0,0,100512,0,0,364,0,0,0,0,0,0,0,59,0,59,0,0,0,0,0,0,0,0,0,0,0,0,0,0,0,0,0,0,0,0,714,24,0
1777071189.001264,1264,ubuntu-rog,1,0,0,6918191,6316,2891632,5282191,446089,0,37,0,0,0,0,0,1969025076,0,0,4907,1970183756,0,6316,2891632,5282191,446089,0,461658,169220,0,0,14149,0,199,0,0,0,3,0,2891655,104805,5734812,37,0,0,6522,0,0,0,0,0,0,0,48075097,44711703,0,0,107851,107851,15216,16304,0,0,0,0,0,0,0,0,0,2505479,1251210,0,262144,7673627,219180381,0,0,1026,709620,2040299296,0,0,0,0,0,3,0,0,0,0,0,0,2048174228,495,14121,1865289,1815110586,23823,0,106997,120539677,651092,169,0,651981,169,0,0,0,652150,0,651261,0,0,0,0,0,33,0,85,14704,0,0,0,0,0,0,0,0,225554,611,0,0,0,1015829,21385469,452411,0,0,0,85,1015829,21385469,0,0,46508,4050,23496,19446,19446,0,0,100512,0,0,364,0,0,0,0,0,0,0,59,0,59,0,0,0,0,0,0,0,0,0,0,0,0,0,0,0,0,0,0,0,0,714,24,0
1777071190.001292,1292,ubuntu-rog,1,0,0,6918191,6316,2891632,5282191,446089,0,37,0,0,0,0,0,1969025099,0,0,4907,1970183779,0,6316,2891632,5282191,446089,0,461658,169220,0,0,14149,0,199,0,0,0,3,0,2891655,104805,5734812,37,0,0,6522,0,0,0,0,0,0,0,48075097,44711703,0,0,107851,107851,15216,16304,0,0,0,0,0,0,0,0,0,2505479,1251210,0,262144,7673627,219180381,0,0,1026,709620,2040299319,0,0,0,0,0,3,0,0,0,0,0,0,2048174251,495,14121,1865289,1815110586,23823,0,106997,120539677,651092,169,0,651981,169,0,0,0,652150,0,651261,0,0,0,0,0,33,0,85,14704,0,0,0,0,0,0,0,0,225554,611,0,0,0,1015829,21385469,452411,0,0,0,85,1015829,21385469,0,0,46508,4050,23496,19446,19446,0,0,100512,0,0,364,0,0,0,0,0,0,0,59,0,59,0,0,0,0,0,0,0,0,0,0,0,0,0,0,0,0,0,0,0,0,714,24,0
1777071191.001303,1303,ubuntu-rog,1,0,0,6918191,6316,2891589,5282191,446089,0,38,0,0,0,0,0,1969025136,0,0,4907,1970183816,0,6316,2891589,5282191,446089,0,461658,169220,0,0,14149,0,199,0,0,0,3,0,2891612,104805,5734815,38,0,0,6522,0,0,0,0,0,0,0,48075098,44711703,0,0,107851,107851,15216,16304,0,0,0,0,0,0,0,0,0,2505479,1251210,0,262144,7673627,219180397,0,0,1026,709620,2040299356,0,0,0,0,0,3,0,0,0,0,0,0,2048174328,495,14121,1865289,1815110586,23823,0,106997,120539677,651092,169,0,651981,169,0,0,0,652150,0,651261,0,0,0,0,0,33,0,85,14704,0,0,0,0,0,0,0,0,225554,611,0,0,0,1015829,21385469,452411,0,0,0,85,1015829,21385469,0,0,46508,4050,23496,19446,19446,0,0,100512,0,0,364,0,0,0,0,0,0,0,59,0,59,0,0,0,0,0,0,0,0,0,0,0,0,0,0,0,0,0,0,0,0,714,24,0
1777071192.002159,2159,ubuntu-rog,1,0,0,6918191,6316,2891589,5282191,446089,0,39,0,0,0,0,0,1969025166,0,0,4907,1970183846,0,6316,2891589,5282191,446089,0,461658,169220,0,0,14149,0,199,0,0,0,3,0,2891612,104805,5734816,39,0,0,6522,0,0,0,0,0,0,0,48075099,44711703,0,0,107851,107851,15216,16304,0,0,0,0,0,0,0,0,0,2505479,1251210,0,262144,7673627,219180397,0,0,1026,709620,2040299386,0,0,0,0,0,3,0,0,0,0,0,0,2048174357,495,14121,1865289,1815110586,23823,0,106997,120539677,651092,169,0,651981,169,0,0,0,652150,0,651261,0,0,0,0,0,33,0,85,14704,0,0,0,0,0,0,0,0,225554,611,0,0,0,1015829,21385469,452411,0,0,0,85,1015829,21385469,0,0,46508,4050,23496,19446,19446,0,0,100512,0,0,364,0,0,0,0,0,0,0,59,0,59,0,0,0,0,0,0,0,0,0,0,0,0,0,0,0,0,0,0,0,0,714,24,0
1777071193.001159,1159,ubuntu-rog,1,0,0,6918191,6316,2891589,5282191,446089,0,40,0,0,0,0,0,1969025187,0,0,4907,1970183867,0,6316,2891589,5282191,446089,0,461658,169220,0,0,14149,0,199,0,0,0,3,0,2891612,104805,5734817,40,0,0,6522,0,0,0,0,0,0,0,48075100,44711703,0,0,107851,107851,15216,16304,0,0,0,0,0,0,0,0,0,2505479,1251210,0,262144,7673627,219180397,0,0,1026,709620,2040299407,0,0,0,0,0,3,0,0,0,0,0,0,2048174377,495,14121,1865289,1815110586,23823,0,106997,120539677,651092,169,0,651981,169,0,0,0,652150,0,651261,0,0,0,0,0,33,0,85,14704,0,0,0,0,0,0,0,0,225554,611,0,0,0,1015829,21385469,452411,0,0,0,85,1015829,21385469,0,0,46508,4050,23496,19446,19446,0,0,100512,0,0,364,0,0,0,0,0,0,0,59,0,59,0,0,0,0,0,0,0,0,0,0,0,0,0,0,0,0,0,0,0,0,714,24,0
1777071194.001264,1264,ubuntu-rog,1,0,0,6918191,6316,2891589,5282191,446089,0,40,0,0,0,0,0,1969025217,0,0,4907,1970183897,0,6316,2891589,5282191,446089,0,461658,169220,0,0,14149,0,199,0,0,0,3,0,2891612,104805,5734817,40,0,0,6522,0,0,0,0,0,0,0,48075100,44711703,0,0,107851,107851,15216,16304,0,0,0,0,0,0,0,0,0,2505479,1251210,0,262144,7673627,219180397,0,0,1026,709620,2040299437,0,0,0,0,0,3,0,0,0,0,0,0,2048174407,495,14121,1865289,1815110586,23823,0,106997,120539677,651092,169,0,651981,169,0,0,0,652150,0,651261,0,0,0,0,0,33,0,85,14704,0,0,0,0,0,0,0,0,225554,611,0,0,0,1015829,21385469,452411,0,0,0,85,1015829,21385469,0,0,46508,4050,23496,19446,19446,0,0,100512,0,0,364,0,0,0,0,0,0,0,59,0,59,0,0,0,0,0,0,0,0,0,0,0,0,0,0,0,0,0,0,0,0,714,24,0
1777071195.001298,1298,ubuntu-rog,1,0,0,6918191,6316,2891589,5282191,446089,0,41,0,0,0,0,0,1969025248,0,0,4907,1970183928,0,6316,2891589,5282191,446089,0,461658,169220,0,0,14149,0,199,0,0,0,3,0,2891612,104805,5734818,41,0,0,6522,0,0,0,0,0,0,0,48075101,44711703,0,0,107851,107851,15216,16304,0,0,0,0,0,0,0,0,0,2505479,1251210,0,262144,7673627,219180397,0,0,1026,709620,2040299468,0,0,0,0,0,3,0,0,0,0,0,0,2048174437,495,14121,1865289,1815110586,23823,0,106997,120539677,651092,169,0,651981,169,0,0,0,652150,0,651261,0,0,0,0,0,33,0,85,14704,0,0,0,0,0,0,0,0,225554,611,0,0,0,1015829,21385469,452411,0,0,0,85,1015829,21385469,0,0,46508,4050,23496,19446,19446,0,0,100512,0,0,364,0,0,0,0,0,0,0,59,0,59,0,0,0,0,0,0,0,0,0,0,0,0,0,0,0,0,0,0,0,0,714,24,0
1777071196.002298,2298,ubuntu-rog,1,0,0,6918191,6316,2891589,5282191,446089,0,41,0,0,0,0,0,1969025279,0,0,4907,1970183959,0,6316,2891589,5282191,446089,0,461658,169220,0,0,14149,0,199,0,0,0,3,0,2891612,104805,5734820,41,0,0,6522,0,0,0,0,0,0,0,48075101,44711703,0,0,107851,107851,15216,16304,0,0,0,0,0,0,0,0,0,2505479,1251210,0,262144,7673627,219180413,0,0,1026,709620,2040299499,0,0,0,0,0,3,0,0,0,0,0,0,2048174466,495,14121,1865289,1815110586,23823,0,106997,120539677,651092,169,0,651981,169,0,0,0,652150,0,651261,0,0,0,0,0,33,0,85,14704,0,0,0,0,0,0,0,0,225554,611,0,0,0,1015829,21385469,452411,0,0,0,85,1015829,21385469,0,0,46508,4050,23496,19446,19446,0,0,100512,0,0,364,0,0,0,0,0,0,0,59,0,59,0,0,0,0,0,0,0,0,0,0,0,0,0,0,0,0,0,0,0,0,714,24,0
1777071197.001161,1161,ubuntu-rog,1,0,0,6918191,6316,2891589,5282191,446089,0,42,0,0,0,0,0,1969025310,0,0,4907,1970183990,0,6316,2891589,5282191,446089,0,461658,169220,0,0,14149,0,199,0,0,0,3,0,2891612,104805,5734821,42,0,0,6522,0,0,0,0,0,0,0,48075102,44711703,0,0,107851,107851,15216,16304,0,0,0,0,0,0,0,0,0,2505479,1251210,0,262144,7673627,219180413,0,0,1026,709620,2040299530,0,0,0,0,0,3,0,0,0,0,0,0,2048174496,495,14121,1865289,1815110586,23823,0,106997,120539677,651092,169,0,651981,169,0,0,0,652150,0,651261,0,0,0,0,0,33,0,85,14704,0,0,0,0,0,0,0,0,225554,611,0,0,0,1015829,21385469,452411,0,0,0,85,1015829,21385469,0,0,46508,4050,23496,19446,19446,0,0,100512,0,0,364,0,0,0,0,0,0,0,59,0,59,0,0,0,0,0,0,0,0,0,0,0,0,0,0,0,0,0,0,0,0,714,24,0
1777071198.001163,1163,ubuntu-rog,1,0,0,6918191,6316,2891589,5282191,446089,0,42,0,0,0,0,0,1969025332,0,0,4907,1970184012,0,6316,2891589,5282191,446089,0,461658,169220,0,0,14149,0,199,0,0,0,3,0,2891612,104805,5734821,42,0,0,6522,0,0,0,0,0,0,0,48075102,44711703,0,0,107851,107851,15216,16304,0,0,0,0,0,0,0,0,0,2505479,1251210,0,262144,7673627,219180413,0,0,1026,709620,2040299552,0,0,0,0,0,3,0,0,0,0,0,0,2048174518,495,14121,1865289,1815110586,23823,0,106997,120539677,651092,169,0,651981,169,0,0,0,652150,0,651261,0,0,0,0,0,33,0,85,14704,0,0,0,0,0,0,0,0,225554,611,0,0,0,1015829,21385469,452411,0,0,0,85,1015829,21385469,0,0,46508,4050,23496,19446,19446,0,0,100512,0,0,364,0,0,0,0,0,0,0,59,0,59,0,0,0,0,0,0,0,0,0,0,0,0,0,0,0,0,0,0,0,0,714,24,0
1777071199.001255,1255,ubuntu-rog,1,0,0,6918191,6316,2891589,5282191,446089,0,43,0,0,0,0,0,1969025360,0,0,4907,1970184040,0,6316,2891589,5282191,446089,0,461658,169220,0,0,14149,0,199,0,0,0,3,0,2891612,104805,5734822,43,0,0,6522,0,0,0,0,0,0,0,48075103,44711703,0,0,107851,107851,15216,16304,0,0,0,0,0,0,0,0,0,2505479,1251210,0,262144,7673627,219180413,0,0,1026,709620,2040299580,0,0,0,0,0,3,0,0,0,0,0,0,2048174545,495,14121,1865289,1815110586,23823,0,106997,120539677,651092,169,0,651981,169,0,0,0,652150,0,651261,0,0,0,0,0,33,0,85,14704,0,0,0,0,0,0,0,0,225554,611,0,0,0,1015829,21385469,452411,0,0,0,85,1015829,21385469,0,0,46508,4050,23496,19446,19446,0,0,100512,0,0,364,0,0,0,0,0,0,0,59,0,59,0,0,0,0,0,0,0,0,0,0,0,0,0,0,0,0,0,0,0,0,714,24,0
1777071200.002319,2319,ubuntu-rog,1,0,0,6918191,6316,2891589,5282191,446089,0,43,0,0,0,0,0,1969025404,0,0,4907,1970184084,0,6316,2891589,5282191,446089,0,461658,169220,0,0,14149,0,199,0,0,0,3,0,2891612,104805,5734822,43,0,0,6522,0,0,0,0,0,0,0,48075103,44711703,0,0,107851,107851,15216,16304,0,0,0,0,0,0,0,0,0,2505479,1251210,0,262144,7673627,219180413,0,0,1026,709620,2040299624,0,0,0,0,0,3,0,0,0,0,0,0,2048174589,495,14121,1865289,1815110586,23823,0,106997,120539677,651092,169,0,651981,169,0,0,0,652150,0,651261,0,0,0,0,0,33,0,85,14704,0,0,0,0,0,0,0,0,225554,611,0,0,0,1015829,21385469,452411,0,0,0,85,1015829,21385469,0,0,46508,4050,23496,19446,19446,0,0,100512,0,0,364,0,0,0,0,0,0,0,59,0,59,0,0,0,0,0,0,0,0,0,0,0,0,0,0,0,0,0,0,0,0,714,24,0
1777071201.001307,1307,ubuntu-rog,1,0,0,6918191,6316,2891589,5282191,446089,0,43,0,0,0,0,0,1969025426,0,0,4907,1970184106,0,6316,2891589,5282191,446089,0,461658,169220,0,0,14149,0,199,0,0,0,3,0,2891612,104805,5734822,43,0,0,6522,0,0,0,0,0,0,0,48075103,44711703,0,0,107851,107851,15216,16304,0,0,0,0,0,0,0,0,0,2505479,1251210,0,262144,7673627,219180413,0,0,1026,709620,2040299646,0,0,0,0,0,3,0,0,0,0,0,0,2048174611,495,14121,1865289,1815110586,23823,0,106997,120539677,651092,169,0,651981,169,0,0,0,652150,0,651261,0,0,0,0,0,33,0,85,14704,0,0,0,0,0,0,0,0,225554,611,0,0,0,1015829,21385469,452411,0,0,0,85,1015829,21385469,0,0,46508,4050,23496,19446,19446,0,0,100512,0,0,364,0,0,0,0,0,0,0,59,0,59,0,0,0,0,0,0,0,0,0,0,0,0,0,0,0,0,0,0,0,0,714,24,0
1777071202.001163,1163,ubuntu-rog,1,0,0,6918191,6316,2891589,5282191,446089,0,45,0,0,0,0,0,1969025461,0,0,4907,1970184141,0,6316,2891589,5282191,446089,0,461658,169220,0,0,14149,0,199,0,0,0,3,0,2891612,104805,5734826,45,0,0,6522,0,0,0,0,0,0,0,48075105,44711703,0,0,107851,107851,15216,16304,0,0,0,0,0,0,0,0,0,2505479,1251210,0,262144,7673627,219180429,0,0,1026,709620,2040299681,0,0,0,0,0,3,0,0,0,0,0,0,2048174642,495,14121,1865289,1815110586,23823,0,106997,120539677,651092,169,0,651981,169,0,0,0,652150,0,651261,0,0,0,0,0,33,0,85,14704,0,0,0,0,0,0,0,0,225554,611,0,0,0,1015829,21385469,452411,0,0,0,85,1015829,21385469,0,0,46508,4050,23496,19446,19446,0,0,100512,0,0,364,0,0,0,0,0,0,0,59,0,59,0,0,0,0,0,0,0,0,0,0,0,0,0,0,0,0,0,0,0,0,714,24,0
1777071203.001163,1163,ubuntu-rog,1,0,0,6918191,6316,2891589,5282191,446089,0,45,0,0,0,0,0,1969025494,0,0,4907,1970184174,0,6316,2891589,5282191,446089,0,461658,169220,0,0,14149,0,199,0,0,0,3,0,2891612,104805,5734826,45,0,0,6522,0,0,0,0,0,0,0,48075105,44711703,0,0,107851,107851,15216,16304,0,0,0,0,0,0,0,0,0,2505479,1251210,0,262144,7673627,219180429,0,0,1026,709620,2040299714,0,0,0,0,0,3,0,0,0,0,0,0,2048174675,495,14121,1865289,1815110586,23823,0,106997,120539677,651092,169,0,651981,169,0,0,0,652150,0,651261,0,0,0,0,0,33,0,85,14704,0,0,0,0,0,0,0,0,225554,611,0,0,0,1015829,21385469,452411,0,0,0,85,1015829,21385469,0,0,46508,4050,23496,19446,19446,0,0,100512,0,0,364,0,0,0,0,0,0,0,59,0,59,0,0,0,0,0,0,0,0,0,0,0,0,0,0,0,0,0,0,0,0,714,24,0
1777071204.002259,2259,ubuntu-rog,1,0,0,6918191,6316,2891589,5282191,446089,0,45,0,0,0,0,0,1969025517,0,0,4907,1970184197,0,6316,2891589,5282191,446089,0,461658,169220,0,0,14149,0,199,0,0,0,3,0,2891612,104805,5734826,45,0,0,6522,0,0,0,0,0,0,0,48075105,44711703,0,0,107851,107851,15216,16304,0,0,0,0,0,0,0,0,0,2505479,1251210,0,262144,7673627,219180429,0,0,1026,709620,2040299737,0,0,0,0,0,3,0,0,0,0,0,0,2048174698,495,14121,1865289,1815110586,23823,0,106997,120539677,651092,169,0,651981,169,0,0,0,652150,0,651261,0,0,0,0,0,33,0,85,14704,0,0,0,0,0,0,0,0,225554,611,0,0,0,1015829,21385469,452411,0,0,0,85,1015829,21385469,0,0,46508,4050,23496,19446,19446,0,0,100512,0,0,364,0,0,0,0,0,0,0,59,0,59,0,0,0,0,0,0,0,0,0,0,0,0,0,0,0,0,0,0,0,0,714,24,0
1777071205.001294,1294,ubuntu-rog,1,0,0,6918191,6316,2891606,5282205,446089,0,46,0,0,0,0,0,1969025548,0,0,4907,1970184228,0,6316,2891606,5282205,446089,0,461658,169220,0,0,14149,0,199,0,0,0,3,0,2891612,104805,5734827,46,0,0,6522,0,0,0,0,0,0,0,48075106,44711703,0,0,107851,107851,15216,16304,0,0,0,0,0,0,0,0,0,2505482,1251211,0,262144,7673627,219180429,0,0,1026,709620,2040299768,0,0,0,0,0,3,0,0,0,0,0,0,2048174728,495,14121,1865289,1815110586,23823,0,106997,120539677,651092,169,0,651981,169,0,0,0,652150,0,651261,0,0,0,0,0,33,0,85,14704,0,0,0,0,0,0,0,0,225554,611,0,0,0,1015829,21385469,452411,0,0,0,85,1015829,21385469,0,0,46508,4050,23496,19446,19446,0,0,100512,0,0,364,0,0,0,0,0,0,0,59,0,59,0,0,0,0,0,0,0,0,0,0,0,0,0,0,0,0,0,0,0,0,714,24,0
1777071206.001296,1296,ubuntu-rog,1,0,0,6918191,6316,2891606,5282205,446089,0,35,0,0,0,0,0,1969025583,0,0,4907,1970184263,0,6316,2891606,5282205,446089,0,461658,169220,0,0,14149,0,199,0,0,0,3,0,2891618,104805,5734828,35,0,0,6522,0,0,0,0,0,0,0,48075107,44711715,0,0,107851,107851,15216,16304,0,0,0,0,0,0,0,0,0,2505482,1251211,0,262144,7673627,219180477,0,0,1026,709620,2040299803,0,0,0,0,0,3,0,0,0,0,0,0,2048174756,495,14121,1865289,1815110592,23823,0,106997,120539677,651092,169,0,651981,169,0,0,0,652150,0,651261,0,0,0,0,0,33,0,85,14704,0,0,0,0,0,0,0,0,225554,611,0,0,0,1015829,21385469,452411,0,0,0,85,1015829,21385469,0,0,46508,4050,23496,19446,19446,0,0,100512,0,0,364,0,0,0,0,0,0,0,59,0,59,0,0,0,0,0,0,0,0,0,0,0,0,0,0,0,0,0,0,0,0,714,24,0
1777071207.001163,1163,ubuntu-rog,1,0,0,6918191,6316,2891606,5282205,446089,0,35,0,0,0,0,0,1969025605,0,0,4907,1970184285,0,6316,2891606,5282205,446089,0,461658,169220,0,0,14149,0,199,0,0,0,3,0,2891618,104805,5734828,35,0,0,6522,0,0,0,0,0,0,0,48075107,44711715,0,0,107851,107851,15216,16304,0,0,0,0,0,0,0,0,0,2505482,1251211,0,262144,7673627,219180509,0,0,1026,709620,2040299825,0,0,0,0,0,3,0,0,0,0,0,0,2048174776,495,14121,1865289,1815110592,23823,0,106997,120539677,651092,169,0,651981,169,0,0,0,652150,0,651261,0,0,0,0,0,33,0,85,14704,0,0,0,0,0,0,0,0,225554,611,0,0,0,1015829,21385469,452411,0,0,0,85,1015829,21385469,0,0,46508,4050,23496,19446,19446,0,0,100512,0,0,364,0,0,0,0,0,0,0,59,0,59,0,0,0,0,0,0,0,0,0,0,0,0,0,0,0,0,0,0,0,0,714,24,0
1777071208.002161,2161,ubuntu-rog,1,0,0,6918191,6316,2891606,5282205,446089,0,38,0,0,0,0,0,1969025636,0,0,4907,1970184316,0,6316,2891606,5282205,446089,0,461658,169220,0,0,14149,0,199,0,0,0,3,0,2891618,104805,5734831,38,0,0,6522,0,0,0,0,0,0,0,48075110,44711715,0,0,107851,107851,15216,16304,0,0,0,0,0,0,0,0,0,2505482,1251211,0,262144,7673627,219180509,0,0,1026,709620,2040299856,0,0,0,0,0,3,0,0,0,0,0,0,2048174806,495,14121,1865289,1815110592,23823,0,106997,120539677,651092,169,0,651981,169,0,0,0,652150,0,651261,0,0,0,0,0,33,0,85,14704,0,0,0,0,0,0,0,0,225554,611,0,0,0,1015829,21385469,452411,0,0,0,85,1015829,21385469,0,0,46508,4050,23496,19446,19446,0,0,100512,0,0,364,0,0,0,0,0,0,0,59,0,59,0,0,0,0,0,0,0,0,0,0,0,0,0,0,0,0,0,0,0,0,714,24,0
1777071209.001264,1264,ubuntu-rog,1,0,0,6918191,6316,2891606,5282205,446089,0,40,0,0,0,0,0,1969025668,0,0,4907,1970184348,0,6316,2891606,5282205,446089,0,461658,169220,0,0,14149,0,199,0,0,0,3,0,2891618,104805,5734832,40,0,0,6522,0,0,0,0,0,0,0,48075112,44711715,0,0,107851,107851,15216,16304,0,0,0,0,0,0,0,0,0,2505482,1251211,0,262144,7673627,219180509,0,0,1026,709620,2040299888,0,0,0,0,0,3,0,0,0,0,0,0,2048174837,495,14121,1865289,1815110592,23823,0,106997,120539677,651092,169,0,651981,169,0,0,0,652150,0,651261,0,0,0,0,0,33,0,85,14704,0,0,0,0,0,0,0,0,225554,611,0,0,0,1015829,21385469,452411,0,0,0,85,1015829,21385469,0,0,46508,4050,23496,19446,19446,0,0,100512,0,0,364,0,0,0,0,0,0,0,59,0,59,0,0,0,0,0,0,0,0,0,0,0,0,0,0,0,0,0,0,0,0,714,24,0
1777071210.001290,1290,ubuntu-rog,1,0,0,6918191,6316,2891606,5282205,446089,0,40,0,0,0,0,0,1969025695,0,0,4907,1970184375,0,6316,2891606,5282205,446089,0,461658,169220,0,0,14149,0,199,0,0,0,3,0,2891618,104805,5734832,40,0,0,6522,0,0,0,0,0,0,0,48075112,44711715,0,0,107851,107851,15216,16304,0,0,0,0,0,0,0,0,0,2505482,1251211,0,262144,7673627,219180509,0,0,1026,709620,2040299915,0,0,0,0,0,3,0,0,0,0,0,0,2048174864,495,14121,1865289,1815110592,23823,0,106997,120539677,651092,169,0,651981,169,0,0,0,652150,0,651261,0,0,0,0,0,33,0,85,14704,0,0,0,0,0,0,0,0,225554,611,0,0,0,1015829,21385469,452411,0,0,0,85,1015829,21385469,0,0,46508,4050,23496,19446,19446,0,0,100512,0,0,364,0,0,0,0,0,0,0,59,0,59,0,0,0,0,0,0,0,0,0,0,0,0,0,0,0,0,0,0,0,0,714,24,0
1777071211.001301,1301,ubuntu-rog,1,0,0,6918191,6316,2891606,5282205,446089,0,8,0,0,0,0,0,1969025723,0,0,4907,1970184403,0,6316,2891606,5282205,446089,0,461658,169220,0,0,14149,0,199,0,0,0,3,0,2891618,104805,5734832,8,0,0,6522,0,0,0,0,0,0,0,48075112,44711747,0,0,107851,107851,15216,16304,0,0,0,0,0,0,0,0,0,2505482,1251211,0,262144,7673627,219180629,0,0,1026,709620,2040299943,0,0,0,0,0,3,0,0,0,0,0,0,2048174892,495,14121,1865289,1815110592,23823,0,106997,120539677,651092,169,0,651981,169,0,0,0,652150,0,651261,0,0,0,0,0,33,0,85,14704,0,0,0,0,0,0,0,0,225554,611,0,0,0,1015829,21385469,452411,0,0,0,85,1015829,21385469,0,0,46508,4050,23496,19446,19446,0,0,100512,0,0,364,0,0,0,0,0,0,0,59,0,59,0,0,0,0,0,0,0,0,0,0,0,0,0,0,0,0,0,0,0,0,714,24,0
1777071212.002153,2153,ubuntu-rog,1,0,0,6918191,6316,2891606,5282205,446089,0,9,0,0,0,0,0,1969025747,0,0,4907,1970184427,0,6316,2891606,5282205,446089,0,461658,169220,0,0,14149,0,199,0,0,0,3,0,2891618,104805,5734833,9,0,0,6522,0,0,0,0,0,0,0,48075113,44711747,0,0,107851,107851,15216,16304,0,0,0,0,0,0,0,0,0,2505482,1251211,0,262144,7673627,219180629,0,0,1026,709620,2040299967,0,0,0,0,0,3,0,0,0,0,0,0,2048174915,495,14121,1865289,1815110592,23823,0,106997,120539677,651092,169,0,651981,169,0,0,0,652150,0,651261,0,0,0,0,0,33,0,85,14704,0,0,0,0,0,0,0,0,225554,611,0,0,0,1015829,21385469,452411,0,0,0,85,1015829,21385469,0,0,46508,4050,23496,19446,19446,0,0,100512,0,0,364,0,0,0,0,0,0,0,59,0,59,0,0,0,0,0,0,0,0,0,0,0,0,0,0,0,0,0,0,0,0,714,24,0
1777071213.001164,1164,ubuntu-rog,1,0,0,6918191,6316,2891606,5282205,446089,0,16,0,0,0,0,0,1969025778,0,0,4907,1970184458,0,6316,2891606,5282205,446089,0,461658,169220,0,0,14149,0,199,0,0,0,3,0,2891618,104805,5734836,16,0,0,6522,0,0,0,0,0,0,0,48075120,44711747,0,0,107851,107851,15216,16304,0,0,0,0,0,0,0,0,0,2505482,1251211,0,262144,7673627,219180661,0,0,1026,709620,2040299998,0,0,0,0,0,3,0,0,0,0,0,0,2048174943,495,14121,1865289,1815110592,23823,0,106997,120539677,651092,169,0,651981,169,0,0,0,652150,0,651261,0,0,0,0,0,33,0,85,14704,0,0,0,0,0,0,0,0,225554,611,0,0,0,1015829,21385469,452411,0,0,0,85,1015829,21385469,0,0,46508,4050,23496,19446,19446,0,0,100512,0,0,364,0,0,0,0,0,0,0,59,0,59,0,0,0,0,0,0,0,0,0,0,0,0,0,0,0,0,0,0,0,0,714,24,0
1777071214.001267,1267,ubuntu-rog,1,0,0,6918191,6316,2891606,5282205,446089,0,16,0,0,0,0,0,1969025811,0,0,4907,1970184491,0,6316,2891606,5282205,446089,0,461658,169220,0,0,14149,0,199,0,0,0,3,0,2891618,104805,5734836,16,0,0,6522,0,0,0,0,0,0,0,48075120,44711747,0,0,107851,107851,15216,16304,0,0,0,0,0,0,0,0,0,2505482,1251211,0,262144,7673627,219180661,0,0,1026,709620,2040300031,0,0,0,0,0,3,0,0,0,0,0,0,2048174976,495,14121,1865289,1815110592,23823,0,106997,120539677,651092,169,0,651981,169,0,0,0,652150,0,651261,0,0,0,0,0,33,0,85,14704,0,0,0,0,0,0,0,0,225554,611,0,0,0,1015829,21385469,452411,0,0,0,85,1015829,21385469,0,0,46508,4050,23496,19446,19446,0,0,100512,0,0,364,0,0,0,0,0,0,0,59,0,59,0,0,0,0,0,0,0,0,0,0,0,0,0,0,0,0,0,0,0,0,714,24,0
1777071215.001298,1298,ubuntu-rog,1,0,0,6918191,6316,2891606,5282205,446089,0,16,0,0,0,0,0,1969025835,0,0,4907,1970184515,0,6316,2891606,5282205,446089,0,461658,169220,0,0,14149,0,199,0,0,0,3,0,2891618,104805,5734836,16,0,0,6522,0,0,0,0,0,0,0,48075120,44711747,0,0,107851,107851,15216,16304,0,0,0,0,0,0,0,0,0,2505482,1251211,0,262144,7673627,219180661,0,0,1026,709620,2040300055,0,0,0,0,0,3,0,0,0,0,0,0,2048175000,495,14121,1865289,1815110592,23823,0,106997,120539677,651092,169,0,651981,169,0,0,0,652150,0,651261,0,0,0,0,0,33,0,85,14704,0,0,0,0,0,0,0,0,225554,611,0,0,0,1015829,21385469,452411,0,0,0,85,1015829,21385469,0,0,46508,4050,23496,19446,19446,0,0,100512,0,0,364,0,0,0,0,0,0,0,59,0,59,0,0,0,0,0,0,0,0,0,0,0,0,0,0,0,0,0,0,0,0,714,24,0
1777071216.002302,2302,ubuntu-rog,1,0,0,6918191,6316,2891606,5282205,446089,0,10,0,0,0,0,0,1969025865,0,0,4907,1970184545,0,6316,2891606,5282205,446089,0,461658,169220,0,0,14149,0,199,0,0,0,3,0,2891618,104805,5734837,10,0,0,6522,0,0,0,0,0,0,0,48075121,44711754,0,0,107851,107851,15216,16304,0,0,0,0,0,0,0,0,0,2505482,1251211,0,262144,7673627,219180689,0,0,1026,709620,2040300085,0,0,0,0,0,3,0,0,0,0,0,0,2048175029,495,14121,1865289,1815110592,23823,0,106997,120539677,651092,169,0,651981,169,0,0,0,652150,0,651261,0,0,0,0,0,33,0,85,14704,0,0,0,0,0,0,0,0,225554,611,0,0,0,1015829,21385469,452411,0,0,0,85,1015829,21385469,0,0,46508,4050,23496,19446,19446,0,0,100512,0,0,364,0,0,0,0,0,0,0,59,0,59,0,0,0,0,0,0,0,0,0,0,0,0,0,0,0,0,0,0,0,0,714,24,0
1777071217.001159,1159,ubuntu-rog,1,0,0,6918191,6316,2891606,5282205,446089,0,10,0,0,0,0,0,1969025895,0,0,4907,1970184575,0,6316,2891606,5282205,446089,0,461658,169221,0,0,14149,0,199,0,0,0,3,0,2891618,104805,5734837,10,0,0,6522,0,0,0,0,0,0,0,48075121,44711754,0,0,107851,107851,15216,16304,0,0,0,0,0,0,0,0,0,2505482,1251211,0,262144,7673627,219180689,0,0,1026,709620,2040300115,0,0,0,0,0,3,0,0,0,0,0,0,2048175058,495,14121,1865289,1815110592,23823,0,106997,120539677,651092,169,0,651981,169,0,0,0,652150,0,651261,0,0,0,0,0,33,0,85,14704,0,0,0,0,0,0,0,0,225554,611,0,0,0,1015829,21385469,452411,0,0,0,85,1015829,21385469,0,0,46508,4050,23496,19446,19446,0,0,100512,0,0,364,0,0,0,0,0,0,0,59,0,59,0,0,0,0,0,0,0,0,0,0,0,0,0,0,0,0,0,0,0,0,714,24,0
1777071218.001163,1163,ubuntu-rog,1,0,0,6918191,6316,2891606,5282205,446089,0,12,0,0,0,0,0,1969025918,0,0,4907,1970184598,0,6316,2891606,5282205,446089,0,461658,169221,0,0,14149,0,199,0,0,0,3,0,2891618,104805,5734838,12,0,0,6522,0,0,0,0,0,0,0,48075123,44711754,0,0,107851,107851,15216,16304,0,0,0,0,0,0,0,0,0,2505482,1251211,0,262144,7673627,219180689,0,0,1026,709620,2040300138,0,0,0,0,0,3,0,0,0,0,0,0,2048175080,495,14121,1865289,1815110592,23823,0,106997,120539677,651092,169,0,651981,169,0,0,0,652150,0,651261,0,0,0,0,0,33,0,85,14704,0,0,0,0,0,0,0,0,225554,611,0,0,0,1015829,21385469,452411,0,0,0,85,1015829,21385469,0,0,46508,4050,23496,19446,19446,0,0,100512,0,0,364,0,0,0,0,0,0,0,59,0,59,0,0,0,0,0,0,0,0,0,0,0,0,0,0,0,0,0,0,0,0,714,24,0
1777071219.001248,1248,ubuntu-rog,1,0,0,6918191,6316,2891606,5282205,446089,0,16,0,0,0,0,0,1969025952,0,0,4907,1970184632,0,6316,2891606,5282205,446089,0,461658,169221,0,0,14149,0,199,0,0,0,3,0,2891618,104805,5734842,16,0,0,6522,0,0,0,0,0,0,0,48075127,44711754,0,0,107851,107851,15216,16304,0,0,0,0,0,0,0,0,0,2505482,1251211,0,262144,7673627,219180717,0,0,1026,709620,2040300172,0,0,0,0,0,3,0,0,0,0,0,0,2048175110,495,14121,1865289,1815110592,23823,0,106997,120539677,651092,169,0,651981,169,0,0,0,652150,0,651261,0,0,0,0,0,33,0,85,14704,0,0,0,0,0,0,0,0,225554,611,0,0,0,1015829,21385469,452411,0,0,0,85,1015829,21385469,0,0,46508,4050,23496,19446,19446,0,0,100512,0,0,364,0,0,0,0,0,0,0,59,0,59,0,0,0,0,0,0,0,0,0,0,0,0,0,0,0,0,0,0,0,0,714,24,0
1777071220.002295,2295,ubuntu-rog,1,0,0,6918191,6316,2891606,5282205,446089,0,16,0,0,0,0,0,1969025982,0,0,4907,1970184662,0,6316,2891606,5282205,446089,0,461658,169221,0,0,14149,0,199,0,0,0,3,0,2891618,104805,5734842,16,0,0,6522,0,0,0,0,0,0,0,48075127,44711754,0,0,107851,107851,15216,16304,0,0,0,0,0,0,0,0,0,2505482,1251211,0,262144,7673627,219180717,0,0,1026,709620,2040300202,0,0,0,0,0,3,0,0,0,0,0,0,2048175140,495,14121,1865289,1815110592,23823,0,106997,120539677,651092,169,0,651981,169,0,0,0,652150,0,651261,0,0,0,0,0,33,0,85,14704,0,0,0,0,0,0,0,0,225554,611,0,0,0,1015829,21385469,452411,0,0,0,85,1015829,21385469,0,0,46508,4050,23496,19446,19446,0,0,100512,0,0,364,0,0,0,0,0,0,0,59,0,59,0,0,0,0,0,0,0,0,0,0,0,0,0,0,0,0,0,0,0,0,714,24,0
1777071221.001298,1298,ubuntu-rog,1,0,0,6918191,6316,2891606,5282205,446089,0,16,0,0,0,0,0,1969026008,0,0,4907,1970184688,0,6316,2891606,5282205,446089,0,461658,169221,0,0,14149,0,199,0,0,0,3,0,2891618,104805,5734842,16,0,0,6522,0,0,0,0,0,0,0,48075127,44711754,0,0,107851,107851,15216,16304,0,0,0,0,0,0,0,0,0,2505482,1251211,0,262144,7673627,219180717,0,0,1026,709620,2040300228,0,0,0,0,0,3,0,0,0,0,0,0,2048175166,495,14121,1865289,1815110592,23823,0,106997,120539677,651092,169,0,651981,169,0,0,0,652150,0,651261,0,0,0,0,0,33,0,85,14704,0,0,0,0,0,0,0,0,225554,611,0,0,0,1015829,21385469,452411,0,0,0,85,1015829,21385469,0,0,46508,4050,23496,19446,19446,0,0,100512,0,0,364,0,0,0,0,0,0,0,59,0,59,0,0,0,0,0,0,0,0,0,0,0,0,0,0,0,0,0,0,0,0,714,24,0
1777071222.001165,1165,ubuntu-rog,1,0,0,6918191,6316,2891606,5282205,446089,0,16,0,0,0,0,0,1969026035,0,0,4907,1970184715,0,6316,2891606,5282205,446089,0,461658,169221,0,0,14149,0,199,0,0,0,3,0,2891618,104805,5734842,16,0,0,6522,0,0,0,0,0,0,0,48075127,44711754,0,0,107851,107851,15216,16304,0,0,0,0,0,0,0,0,0,2505482,1251211,0,262144,7673627,219180717,0,0,1026,709620,2040300255,0,0,0,0,0,3,0,0,0,0,0,0,2048175193,495,14121,1865289,1815110592,23823,0,106997,120539677,651092,169,0,651981,169,0,0,0,652150,0,651261,0,0,0,0,0,33,0,85,14704,0,0,0,0,0,0,0,0,225554,611,0,0,0,1015829,21385469,452411,0,0,0,85,1015829,21385469,0,0,46508,4050,23496,19446,19446,0,0,100512,0,0,364,0,0,0,0,0,0,0,59,0,59,0,0,0,0,0,0,0,0,0,0,0,0,0,0,0,0,0,0,0,0,714,24,0
1777071223.001161,1161,ubuntu-rog,1,0,0,6918191,6316,2891606,5282205,446089,0,17,0,0,0,0,0,1969026065,0,0,4907,1970184745,0,6316,2891606,5282205,446089,0,461658,169222,0,0,14149,0,199,0,0,0,3,0,2891618,104805,5734843,17,0,0,6522,0,0,0,0,0,0,0,48075128,44711754,0,0,107851,107851,15216,16304,0,0,0,0,0,0,0,0,0,2505482,1251211,0,262144,7673627,219180717,0,0,1026,709620,2040300285,0,0,0,0,0,3,0,0,0,0,0,0,2048175221,495,14121,1865289,1815110592,23823,0,106997,120539677,651092,169,0,651981,169,0,0,0,652150,0,651261,0,0,0,0,0,33,0,85,14704,0,0,0,0,0,0,0,0,225554,611,0,0,0,1015829,21385469,452411,0,0,0,85,1015829,21385469,0,0,46508,4050,23496,19446,19446,0,0,100512,0,0,364,0,0,0,0,0,0,0,59,0,59,0,0,0,0,0,0,0,0,0,0,0,0,0,0,0,0,0,0,0,0,714,24,0
1777071224.002258,2258,ubuntu-rog,1,0,0,6918191,6316,2891606,5282205,446089,0,18,0,0,0,0,0,1969026094,0,0,4907,1970184774,0,6316,2891606,5282205,446089,0,461658,169222,0,0,14149,0,199,0,0,0,3,0,2891618,104805,5734844,18,0,0,6522,0,0,0,0,0,0,0,48075129,44711754,0,0,107851,107851,15216,16304,0,0,0,0,0,0,0,0,0,2505482,1251211,0,262144,7673627,219180717,0,0,1026,709620,2040300314,0,0,0,0,0,3,0,0,0,0,0,0,2048175249,495,14121,1865289,1815110592,23823,0,106997,120539677,651092,169,0,651981,169,0,0,0,652150,0,651261,0,0,0,0,0,33,0,85,14704,0,0,0,0,0,0,0,0,225554,611,0,0,0,1015829,21385469,452411,0,0,0,85,1015829,21385469,0,0,46508,4050,23496,19446,19446,0,0,100512,0,0,364,0,0,0,0,0,0,0,59,0,59,0,0,0,0,0,0,0,0,0,0,0,0,0,0,0,0,0,0,0,0,714,24,0
1777071225.001320,1320,ubuntu-rog,1,0,0,6918191,6316,2891606,5282205,446089,0,18,0,0,0,0,0,1969026128,0,0,4907,1970184808,0,6316,2891606,5282205,446089,0,461658,169222,0,0,14149,0,199,0,0,0,3,0,2891618,104805,5734846,18,0,0,6522,0,0,0,0,0,0,0,48075129,44711754,0,0,107851,107851,15216,16304,0,0,0,0,0,0,0,0,0,2505482,1251211,0,262144,7673627,219180733,0,0,1026,709620,2040300348,0,0,0,0,0,3,0,0,0,0,0,0,2048175281,495,14121,1865289,1815110592,23823,0,106997,120539677,651092,169,0,651981,169,0,0,0,652150,0,651261,0,0,0,0,0,33,0,85,14704,0,0,0,0,0,0,0,0,225554,611,0,0,0,1015829,21385469,452411,0,0,0,85,1015829,21385469,0,0,46508,4050,23496,19446,19446,0,0,100512,0,0,364,0,0,0,0,0,0,0,59,0,59,0,0,0,0,0,0,0,0,0,0,0,0,0,0,0,0,0,0,0,0,714,24,0
1777071226.001309,1309,ubuntu-rog,1,0,0,6918191,6316,2891606,5282205,446089,0,19,0,0,0,0,0,1969026152,0,0,4907,1970184832,0,6316,2891606,5282205,446089,0,461658,169222,0,0,14149,0,199,0,0,0,3,0,2891618,104805,5734847,19,0,0,6522,0,0,0,0,0,0,0,48075130,44711754,0,0,107851,107851,15216,16304,0,0,0,0,0,0,0,0,0,2505482,1251211,0,262144,7673627,219180733,0,0,1026,709620,2040300372,0,0,0,0,0,3,0,0,0,0,0,0,2048175304,495,14121,1865289,1815110592,23823,0,106997,120539677,651092,169,0,651981,169,0,0,0,652150,0,651261,0,0,0,0,0,33,0,85,14704,0,0,0,0,0,0,0,0,225554,611,0,0,0,1015829,21385469,452411,0,0,0,85,1015829,21385469,0,0,46508,4050,23496,19446,19446,0,0,100512,0,0,364,0,0,0,0,0,0,0,59,0,59,0,0,0,0,0,0,0,0,0,0,0,0,0,0,0,0,0,0,0,0,714,24,0
1777071227.001161,1161,ubuntu-rog,1,0,0,6918191,6316,2891606,5282205,446089,0,19,0,0,0,0,0,1969026181,0,0,4907,1970184861,0,6316,2891606,5282205,446089,0,461658,169222,0,0,14149,0,199,0,0,0,3,0,2891618,104805,5734847,19,0,0,6522,0,0,0,0,0,0,0,48075130,44711754,0,0,107851,107851,15216,16304,0,0,0,0,0,0,0,0,0,2505482,1251211,0,262144,7673627,219180733,0,0,1026,709620,2040300401,0,0,0,0,0,3,0,0,0,0,0,0,2048175333,495,14121,1865289,1815110592,23823,0,106997,120539677,651092,169,0,651981,169,0,0,0,652150,0,651261,0,0,0,0,0,33,0,85,14704,0,0,0,0,0,0,0,0,225554,611,0,0,0,1015829,21385469,452411,0,0,0,85,1015829,21385469,0,0,46508,4050,23496,19446,19446,0,0,100512,0,0,364,0,0,0,0,0,0,0,59,0,59,0,0,0,0,0,0,0,0,0,0,0,0,0,0,0,0,0,0,0,0,714,24,0
1777071228.002157,2157,ubuntu-rog,1,0,0,6918191,6316,2891606,5282205,446089,0,19,0,0,0,0,0,1969026210,0,0,4907,1970184890,0,6316,2891606,5282205,446089,0,461658,169222,0,0,14149,0,199,0,0,0,3,0,2891618,104805,5734847,19,0,0,6522,0,0,0,0,0,0,0,48075130,44711754,0,0,107851,107851,15216,16304,0,0,0,0,0,0,0,0,0,2505482,1251211,0,262144,7673627,219180733,0,0,1026,709620,2040300430,0,0,0,0,0,3,0,0,0,0,0,0,2048175362,495,14121,1865289,1815110592,23823,0,106997,120539677,651092,169,0,651981,169,0,0,0,652150,0,651261,0,0,0,0,0,33,0,85,14704,0,0,0,0,0,0,0,0,225554,611,0,0,0,1015829,21385469,452411,0,0,0,85,1015829,21385469,0,0,46508,4050,23496,19446,19446,0,0,100512,0,0,364,0,0,0,0,0,0,0,59,0,59,0,0,0,0,0,0,0,0,0,0,0,0,0,0,0,0,0,0,0,0,714,24,0
1777071229.001262,1262,ubuntu-rog,1,0,0,6918191,6316,2891606,5282205,446089,0,19,0,0,0,0,0,1969026231,0,0,4907,1970184911,0,6316,2891606,5282205,446089,0,461658,169222,0,0,14149,0,199,0,0,0,3,0,2891618,104805,5734847,19,0,0,6522,0,0,0,0,0,0,0,48075130,44711754,0,0,107851,107851,15216,16304,0,0,0,0,0,0,0,0,0,2505482,1251211,0,262144,7673627,219180733,0,0,1026,709620,2040300451,0,0,0,0,0,3,0,0,0,0,0,0,2048175383,495,14121,1865289,1815110592,23823,0,106997,120539677,651092,169,0,651981,169,0,0,0,652150,0,651261,0,0,0,0,0,33,0,85,14704,0,0,0,0,0,0,0,0,225554,611,0,0,0,1015829,21385469,452411,0,0,0,85,1015829,21385469,0,0,46508,4050,23496,19446,19446,0,0,100512,0,0,364,0,0,0,0,0,0,0,59,0,59,0,0,0,0,0,0,0,0,0,0,0,0,0,0,0,0,0,0,0,0,714,24,0
1777071230.001299,1299,ubuntu-rog,1,0,0,6918191,6316,2891606,5282205,446089,0,22,0,0,0,0,0,1969026262,0,0,4907,1970184942,0,6316,2891606,5282205,446089,0,461658,169222,0,0,14149,0,199,0,0,0,3,0,2891618,104805,5734850,22,0,0,6522,0,0,0,0,0,0,0,48075133,44711754,0,0,107851,107851,15216,16304,0,0,0,0,0,0,0,0,0,2505482,1251211,0,262144,7673627,219180733,0,0,1026,709620,2040300482,0,0,0,0,0,3,0,0,0,0,0,0,2048175411,495,14121,1865289,1815110592,23823,0,106997,120539677,651092,169,0,651981,169,0,0,0,652150,0,651261,0,0,0,0,0,33,0,85,14704,0,0,0,0,0,0,0,0,225554,611,0,0,0,1015829,21385469,452411,0,0,0,85,1015829,21385469,0,0,46508,4050,23496,19446,19446,0,0,100512,0,0,364,0,0,0,0,0,0,0,59,0,59,0,0,0,0,0,0,0,0,0,0,0,0,0,0,0,0,0,0,0,0,714,24,0
1777071231.001295,1295,ubuntu-rog,1,0,0,6918191,6316,2891606,5282205,446089,0,22,0,0,0,0,0,1969026292,0,0,4907,1970184972,0,6316,2891606,5282205,446089,0,461658,169222,0,0,14149,0,199,0,0,0,3,0,2891618,104805,5734852,22,0,0,6522,0,0,0,0,0,0,0,48075133,44711754,0,0,107851,107851,15216,16304,0,0,0,0,0,0,0,0,0,2505482,1251211,0,262144,7673627,219180749,0,0,1026,709620,2040300512,0,0,0,0,0,3,0,0,0,0,0,0,2048175439,495,14121,1865289,1815110592,23823,0,106997,120539677,651092,169,0,651981,169,0,0,0,652150,0,651261,0,0,0,0,0,33,0,85,14704,0,0,0,0,0,0,0,0,225554,611,0,0,0,1015829,21385469,452411,0,0,0,85,1015829,21385469,0,0,46508,4050,23496,19446,19446,0,0,100512,0,0,364,0,0,0,0,0,0,0,59,0,59,0,0,0,0,0,0,0,0,0,0,0,0,0,0,0,0,0,0,0,0,714,24,0
1777071232.002160,2160,ubuntu-rog,1,0,0,6918191,6316,2891606,5282205,446089,0,22,0,0,0,0,0,1969026315,0,0,4907,1970184995,0,6316,2891606,5282205,446089,0,461658,169222,0,0,14149,0,199,0,0,0,3,0,2891618,104805,5734852,22,0,0,6522,0,0,0,0,0,0,0,48075133,44711754,0,0,107851,107851,15216,16304,0,0,0,0,0,0,0,0,0,2505482,1251211,0,262144,7673627,219180749,0,0,1026,709620,2040300535,0,0,0,0,0,3,0,0,0,0,0,0,2048175462,495,14121,1865289,1815110592,23823,0,106997,120539677,651092,169,0,651981,169,0,0,0,652150,0,651261,0,0,0,0,0,33,0,85,14704,0,0,0,0,0,0,0,0,225554,611,0,0,0,1015829,21385469,452411,0,0,0,85,1015829,21385469,0,0,46508,4050,23496,19446,19446,0,0,100512,0,0,364,0,0,0,0,0,0,0,59,0,59,0,0,0,0,0,0,0,0,0,0,0,0,0,0,0,0,0,0,0,0,714,24,0
1777071233.001159,1159,ubuntu-rog,1,0,0,6918191,6316,2891606,5282205,446089,0,23,0,0,0,0,0,1969026372,0,0,4907,1970185052,0,6316,2891606,5282205,446089,0,461658,169222,0,0,14149,0,199,0,0,0,3,0,2891618,104805,5734853,23,0,0,6522,0,0,0,0,0,0,0,48075134,44711754,0,0,107851,107851,15216,16304,0,0,0,0,0,0,0,0,0,2505482,1251211,0,262144,7673627,219180749,0,0,1026,709620,2040300592,0,0,0,0,0,3,0,0,0,0,0,0,2048175518,495,14121,1865289,1815110592,23823,0,106997,120539677,651092,169,0,651981,169,0,0,0,652150,0,651261,0,0,0,0,0,33,0,85,14704,0,0,0,0,0,0,0,0,225554,611,0,0,0,1015829,21385469,452411,0,0,0,85,1015829,21385469,0,0,46508,4050,23496,19446,19446,0,0,100512,0,0,364,0,0,0,0,0,0,0,59,0,59,0,0,0,0,0,0,0,0,0,0,0,0,0,0,0,0,0,0,0,0,714,24,0
1777071234.001263,1263,ubuntu-rog,1,0,0,6918191,6316,2891606,5282205,446089,0,23,0,0,0,0,0,1969026429,0,0,4907,1970185109,0,6316,2891606,5282205,446089,0,461658,169222,0,0,14149,0,199,0,0,0,3,0,2891618,104805,5734853,23,0,0,6522,0,0,0,0,0,0,0,48075134,44711754,0,0,107851,107851,15216,16304,0,0,0,0,0,0,0,0,0,2505482,1251211,0,262144,7673627,219180749,0,0,1026,709620,2040300649,0,0,0,0,0,3,0,0,0,0,0,0,2048175575,495,14121,1865289,1815110592,23823,0,106997,120539677,651092,169,0,651981,169,0,0,0,652150,0,651261,0,0,0,0,0,33,0,85,14704,0,0,0,0,0,0,0,0,225554,611,0,0,0,1015829,21385469,452411,0,0,0,85,1015829,21385469,0,0,46508,4050,23496,19446,19446,0,0,100512,0,0,364,0,0,0,0,0,0,0,59,0,59,0,0,0,0,0,0,0,0,0,0,0,0,0,0,0,0,0,0,0,0,714,24,0
1777071235.001299,1299,ubuntu-rog,1,0,0,6918191,6316,2891606,5282205,446089,0,24,0,0,0,0,0,1969026476,0,0,4907,1970185156,0,6316,2891606,5282205,446089,0,461658,169222,0,0,14149,0,199,0,0,0,3,0,2891618,104805,5734854,24,0,0,6522,0,0,0,0,0,0,0,48075135,44711754,0,0,107851,107851,15216,16304,0,0,0,0,0,0,0,0,0,2505482,1251211,0,262144,7673627,219180749,0,0,1026,709620,2040300696,0,0,0,0,0,3,0,0,0,0,0,0,2048175621,495,14121,1865289,1815110592,23823,0,106997,120539677,651092,169,0,651981,169,0,0,0,652150,0,651261,0,0,0,0,0,33,0,85,14704,0,0,0,0,0,0,0,0,225554,611,0,0,0,1015829,21385469,452411,0,0,0,85,1015829,21385469,0,0,46508,4050,23496,19446,19446,0,0,100512,0,0,364,0,0,0,0,0,0,0,59,0,59,0,0,0,0,0,0,0,0,0,0,0,0,0,0,0,0,0,0,0,0,714,24,0
1777071236.002300,2300,ubuntu-rog,1,0,0,6918191,6316,2891606,5282205,446089,0,24,0,0,0,0,0,1969026517,0,0,4907,1970185197,0,6316,2891606,5282205,446089,0,461658,169222,0,0,14149,0,199,0,0,0,3,0,2891618,104805,5734854,24,0,0,6522,0,0,0,0,0,0,0,48075135,44711754,0,0,107851,107851,15216,16304,0,0,0,0,0,0,0,0,0,2505482,1251211,0,262144,7673627,219180749,0,0,1026,709620,2040300737,0,0,0,0,0,3,0,0,0,0,0,0,2048175662,495,14121,1865289,1815110592,23823,0,106997,120539677,651092,169,0,651981,169,0,0,0,652150,0,651261,0,0,0,0,0,33,0,85,14704,0,0,0,0,0,0,0,0,225554,611,0,0,0,1015829,21385469,452411,0,0,0,85,1015829,21385469,0,0,46508,4050,23496,19446,19446,0,0,100512,0,0,364,0,0,0,0,0,0,0,59,0,59,0,0,0,0,0,0,0,0,0,0,0,0,0,0,0,0,0,0,0,0,714,24,0
1777071237.001159,1159,ubuntu-rog,1,0,0,6918191,6316,2891606,5282236,446089,0,25,0,0,0,0,0,1969026551,0,0,4907,1970185231,0,6316,2891606,5282236,446089,0,461658,169222,0,0,14149,0,199,0,0,0,3,0,2891618,104805,5734857,25,0,0,6522,0,0,0,0,0,0,0,48075136,44711754,0,0,107851,107851,15216,16304,0,0,0,0,0,0,0,0,0,2505488,1251214,0,262144,7673627,219180765,0,0,1026,709620,2040300771,0,0,0,0,0,3,0,0,0,0,0,0,2048175693,495,14121,1865289,1815110592,23823,0,106997,120539677,651092,169,0,651981,169,0,0,0,652150,0,651261,0,0,0,0,0,33,0,85,14704,0,0,0,0,0,0,0,0,225554,611,0,0,0,1015829,21385469,452411,0,0,0,85,1015829,21385469,0,0,46508,4050,23496,19446,19446,0,0,100512,0,0,364,0,0,0,0,0,0,0,59,0,59,0,0,0,0,0,0,0,0,0,0,0,0,0,0,0,0,0,0,0,0,714,24,0
1777071238.001163,1163,ubuntu-rog,1,0,0,6918191,6316,2891606,5282236,446089,0,25,0,0,0,0,0,1969026581,0,0,4907,1970185261,0,6316,2891606,5282236,446089,0,461658,169222,0,0,14149,0,199,0,0,0,3,0,2891618,104805,5734857,25,0,0,6522,0,0,0,0,0,0,0,48075136,44711754,0,0,107851,107851,15216,16304,0,0,0,0,0,0,0,0,0,2505488,1251214,0,262144,7673627,219180765,0,0,1026,709620,2040300801,0,0,0,0,0,3,0,0,0,0,0,0,2048175723,495,14121,1865289,1815110592,23823,0,106997,120539677,651092,169,0,651981,169,0,0,0,652150,0,651261,0,0,0,0,0,33,0,85,14704,0,0,0,0,0,0,0,0,225554,611,0,0,0,1015829,21385469,452411,0,0,0,85,1015829,21385469,0,0,46508,4050,23496,19446,19446,0,0,100512,0,0,364,0,0,0,0,0,0,0,59,0,59,0,0,0,0,0,0,0,0,0,0,0,0,0,0,0,0,0,0,0,0,714,24,0
1777071239.001264,1264,ubuntu-rog,1,0,0,6918191,6316,2891606,5282236,446089,0,25,0,0,0,0,0,1969026611,0,0,4907,1970185291,0,6316,2891606,5282236,446089,0,461658,169222,0,0,14149,0,199,0,0,0,3,0,2891618,104805,5734857,25,0,0,6522,0,0,0,0,0,0,0,48075136,44711754,0,0,107851,107851,15216,16304,0,0,0,0,0,0,0,0,0,2505488,1251214,0,262144,7673627,219180765,0,0,1026,709620,2040300831,0,0,0,0,0,3,0,0,0,0,0,0,2048175753,495,14121,1865289,1815110592,23823,0,106997,120539677,651092,169,0,651981,169,0,0,0,652150,0,651261,0,0,0,0,0,33,0,85,14704,0,0,0,0,0,0,0,0,225554,611,0,0,0,1015829,21385469,452411,0,0,0,85,1015829,21385469,0,0,46508,4050,23496,19446,19446,0,0,100512,0,0,364,0,0,0,0,0,0,0,59,0,59,0,0,0,0,0,0,0,0,0,0,0,0,0,0,0,0,0,0,0,0,714,24,0
1777071240.002293,2293,ubuntu-rog,1,0,0,6918191,6316,2891606,5282236,446089,0,26,0,0,0,0,0,1969026636,0,0,4907,1970185316,0,6316,2891606,5282236,446089,0,461658,169222,0,0,14149,0,199,0,0,0,3,0,2891618,104805,5734858,26,0,0,6522,0,0,0,0,0,0,0,48075137,44711754,0,0,107851,107851,15216,16304,0,0,0,0,0,0,0,0,0,2505488,1251214,0,262144,7673627,219180765,0,0,1026,709620,2040300856,0,0,0,0,0,3,0,0,0,0,0,0,2048175777,495,14121,1865289,1815110592,23823,0,106997,120539677,651092,169,0,651981,169,0,0,0,652150,0,651261,0,0,0,0,0,33,0,85,14704,0,0,0,0,0,0,0,0,225554,611,0,0,0,1015829,21385469,452411,0,0,0,85,1015829,21385469,0,0,46508,4050,23496,19446,19446,0,0,100512,0,0,364,0,0,0,0,0,0,0,59,0,59,0,0,0,0,0,0,0,0,0,0,0,0,0,0,0,0,0,0,0,0,714,24,0
1777071241.001300,1300,ubuntu-rog,1,0,0,6918191,6316,2891606,5282236,446089,0,27,0,0,0,0,0,1969026664,0,0,4907,1970185344,0,6316,2891606,5282236,446089,0,461658,169222,0,0,14149,0,199,0,0,0,3,0,2891618,104805,5734859,27,0,0,6522,0,0,0,0,0,0,0,48075138,44711754,0,0,107851,107851,15216,16304,0,0,0,0,0,0,0,0,0,2505488,1251214,0,262144,7673627,219180765,0,0,1026,709620,2040300884,0,0,0,0,0,3,0,0,0,0,0,0,2048175804,495,14121,1865289,1815110592,23823,0,106997,120539677,651092,169,0,651981,169,0,0,0,652150,0,651261,0,0,0,0,0,33,0,85,14704,0,0,0,0,0,0,0,0,225554,611,0,0,0,1015829,21385469,452411,0,0,0,85,1015829,21385469,0,0,46508,4050,23496,19446,19446,0,0,100512,0,0,364,0,0,0,0,0,0,0,59,0,59,0,0,0,0,0,0,0,0,0,0,0,0,0,0,0,0,0,0,0,0,714,24,0
1777071242.001162,1162,ubuntu-rog,1,0,0,6918191,6316,2891606,5282236,446089,0,17,0,0,0,0,0,1969026694,0,0,4907,1970185374,0,6316,2891606,5282236,446089,0,461658,169222,0,0,14149,0,199,0,0,0,3,0,2891618,104805,5734860,17,0,0,6522,0,0,0,0,0,0,0,48075139,44711765,0,0,107851,107851,15216,16304,0,0,0,0,0,0,0,0,0,2505488,1251214,0,262144,7673627,219180809,0,0,1026,709620,2040300914,0,0,0,0,0,3,0,0,0,0,0,0,2048175833,495,14121,1865289,1815110592,23823,0,106997,120539677,651092,169,0,651981,169,0,0,0,652150,0,651261,0,0,0,0,0,33,0,85,14704,0,0,0,0,0,0,0,0,225554,611,0,0,0,1015829,21385469,452411,0,0,0,85,1015829,21385469,0,0,46508,4050,23496,19446,19446,0,0,100512,0,0,364,0,0,0,0,0,0,0,59,0,59,0,0,0,0,0,0,0,0,0,0,0,0,0,0,0,0,0,0,0,0,714,24,0
1777071243.001161,1161,ubuntu-rog,1,0,0,6918191,6316,2891606,5282236,446089,0,18,0,0,0,0,0,1969026717,0,0,4907,1970185397,0,6316,2891606,5282236,446089,0,461658,169222,0,0,14149,0,199,0,0,0,3,0,2891618,104805,5734862,18,0,0,6522,0,0,0,0,0,0,0,48075140,44711765,0,0,107851,107851,15216,16304,0,0,0,0,0,0,0,0,0,2505488,1251214,0,262144,7673627,219180837,0,0,1026,709620,2040300937,0,0,0,0,0,3,0,0,0,0,0,0,2048175854,495,14121,1865289,1815110592,23823,0,106997,120539677,651092,169,0,651981,169,0,0,0,652150,0,651261,0,0,0,0,0,33,0,85,14704,0,0,0,0,0,0,0,0,225554,611,0,0,0,1015829,21385469,452411,0,0,0,85,1015829,21385469,0,0,46508,4050,23496,19446,19446,0,0,100512,0,0,364,0,0,0,0,0,0,0,59,0,59,0,0,0,0,0,0,0,0,0,0,0,0,0,0,0,0,0,0,0,0,714,24,0
1777071244.002245,2245,ubuntu-rog,1,0,0,6918191,6316,2891606,5282236,446089,0,12,0,0,0,0,0,1969026748,0,0,4907,1970185428,0,6316,2891606,5282236,446089,0,461658,169222,0,0,14149,0,199,0,0,0,3,0,2891618,104805,5734863,12,0,0,6522,0,0,0,0,0,0,0,48075142,44711773,0,0,107851,107851,15216,16304,0,0,0,0,0,0,0,0,0,2505488,1251214,0,262144,7673627,219180869,0,0,1026,709620,2040300968,0,0,0,0,0,3,0,0,0,0,0,0,2048175884,495,14121,1865289,1815110592,23823,0,106997,120539677,651092,169,0,651981,169,0,0,0,652150,0,651261,0,0,0,0,0,33,0,85,14704,0,0,0,0,0,0,0,0,225554,611,0,0,0,1015829,21385469,452411,0,0,0,85,1015829,21385469,0,0,46508,4050,23496,19446,19446,0,0,100512,0,0,364,0,0,0,0,0,0,0,59,0,59,0,0,0,0,0,0,0,0,0,0,0,0,0,0,0,0,0,0,0,0,714,24,0
1777071245.001298,1298,ubuntu-rog,1,0,0,6918191,6316,2891606,5282236,446089,0,12,0,0,0,0,0,1969026779,0,0,4907,1970185459,0,6316,2891606,5282236,446089,0,461658,169222,0,0,14149,0,199,0,0,0,3,0,2891618,104805,5734863,12,0,0,6522,0,0,0,0,0,0,0,48075142,44711773,0,0,107851,107851,15216,16304,0,0,0,0,0,0,0,0,0,2505488,1251214,0,262144,7673627,219180869,0,0,1026,709620,2040300999,0,0,0,0,0,3,0,0,0,0,0,0,2048175915,495,14121,1865289,1815110592,23823,0,106997,120539677,651092,169,0,651981,169,0,0,0,652150,0,651261,0,0,0,0,0,33,0,85,14704,0,0,0,0,0,0,0,0,225554,611,0,0,0,1015829,21385469,452411,0,0,0,85,1015829,21385469,0,0,46508,4050,23496,19446,19446,0,0,100512,0,0,364,0,0,0,0,0,0,0,59,0,59,0,0,0,0,0,0,0,0,0,0,0,0,0,0,0,0,0,0,0,0,714,24,0
1777071246.001293,1293,ubuntu-rog,1,0,0,6918191,6316,2891606,5282236,446089,0,13,0,0,0,0,0,1969026803,0,0,4907,1970185483,0,6316,2891606,5282236,446089,0,461658,169222,0,0,14149,0,199,0,0,0,3,0,2891618,104805,5734864,13,0,0,6522,0,0,0,0,0,0,0,48075143,44711773,0,0,107851,107851,15216,16304,0,0,0,0,0,0,0,0,0,2505488,1251214,0,262144,7673627,219180869,0,0,1026,709620,2040301023,0,0,0,0,0,3,0,0,0,0,0,0,2048175938,495,14121,1865289,1815110592,23823,0,106997,120539677,651092,169,0,651981,169,0,0,0,652150,0,651261,0,0,0,0,0,33,0,85,14704,0,0,0,0,0,0,0,0,225554,611,0,0,0,1015829,21385469,452411,0,0,0,85,1015829,21385469,0,0,46508,4050,23496,19446,19446,0,0,100512,0,0,364,0,0,0,0,0,0,0,59,0,59,0,0,0,0,0,0,0,0,0,0,0,0,0,0,0,0,0,0,0,0,714,24,0
1777071247.001162,1162,ubuntu-rog,1,0,0,6918191,6316,2891606,5282236,446089,0,14,0,0,0,0,0,1969026836,0,0,4907,1970185516,0,6316,2891606,5282236,446089,0,461658,169222,0,0,14149,0,199,0,0,0,3,0,2891618,104805,5734865,14,0,0,6522,0,0,0,0,0,0,0,48075144,44711773,0,0,107851,107851,15216,16304,0,0,0,0,0,0,0,0,0,2505488,1251214,0,262144,7673627,219180869,0,0,1026,709620,2040301056,0,0,0,0,0,3,0,0,0,0,0,0,2048175970,495,14121,1865289,1815110592,23823,0,106997,120539677,651092,169,0,651981,169,0,0,0,652150,0,651261,0,0,0,0,0,33,0,85,14704,0,0,0,0,0,0,0,0,225554,611,0,0,0,1015829,21385469,452411,0,0,0,85,1015829,21385469,0,0,46508,4050,23496,19446,19446,0,0,100512,0,0,364,0,0,0,0,0,0,0,59,0,59,0,0,0,0,0,0,0,0,0,0,0,0,0,0,0,0,0,0,0,0,714,24,0
1777071248.002153,2153,ubuntu-rog,1,0,0,6918191,6316,2891606,5282236,446089,0,14,0,0,0,0,0,1969026866,0,0,4907,1970185546,0,6316,2891606,5282236,446089,0,461658,169223,0,0,14149,0,199,0,0,0,3,0,2891618,104805,5734865,14,0,0,6522,0,0,0,0,0,0,0,48075144,44711773,0,0,107851,107851,15216,16304,0,0,0,0,0,0,0,0,0,2505488,1251214,0,262144,7673627,219180869,0,0,1026,709620,2040301086,0,0,0,0,0,3,0,0,0,0,0,0,2048175999,495,14121,1865289,1815110592,23823,0,106997,120539677,651092,169,0,651981,169,0,0,0,652150,0,651261,0,0,0,0,0,33,0,85,14704,0,0,0,0,0,0,0,0,225554,611,0,0,0,1015829,21385469,452411,0,0,0,85,1015829,21385469,0,0,46508,4050,23496,19446,19446,0,0,100512,0,0,364,0,0,0,0,0,0,0,59,0,59,0,0,0,0,0,0,0,0,0,0,0,0,0,0,0,0,0,0,0,0,714,24,0
1777071249.001262,1262,ubuntu-rog,1,0,0,6918191,6316,2891606,5282236,446089,0,16,0,0,0,0,0,1969026888,0,0,4907,1970185568,0,6316,2891606,5282236,446089,0,461658,169223,0,0,14149,0,199,0,0,0,3,0,2891618,104805,5734867,16,0,0,6522,0,0,0,0,0,0,0,48075146,44711773,0,0,107851,107851,15216,16304,0,0,0,0,0,0,0,0,0,2505488,1251214,0,262144,7673627,219180885,0,0,1026,709620,2040301108,0,0,0,0,0,3,0,0,0,0,0,0,2048176019,495,14121,1865289,1815110592,23823,0,106997,120539677,651092,169,0,651981,169,0,0,0,652150,0,651261,0,0,0,0,0,33,0,85,14704,0,0,0,0,0,0,0,0,225554,611,0,0,0,1015829,21385469,452411,0,0,0,85,1015829,21385469,0,0,46508,4050,23496,19446,19446,0,0,100512,0,0,364,0,0,0,0,0,0,0,59,0,59,0,0,0,0,0,0,0,0,0,0,0,0,0,0,0,0,0,0,0,0,714,24,0
1777071250.001326,1326,ubuntu-rog,1,0,0,6918191,6316,2891606,5282236,446089,0,17,0,0,0,0,0,1969026920,0,0,4907,1970185600,0,6316,2891606,5282236,446089,0,461658,169223,0,0,14149,0,199,0,0,0,3,0,2891618,104805,5734868,17,0,0,6522,0,0,0,0,0,0,0,48075147,44711773,0,0,107851,107851,15216,16304,0,0,0,0,0,0,0,0,0,2505488,1251214,0,262144,7673627,219180885,0,0,1026,709620,2040301140,0,0,0,0,0,3,0,0,0,0,0,0,2048176050,495,14121,1865289,1815110592,23823,0,106997,120539677,651092,169,0,651981,169,0,0,0,652150,0,651261,0,0,0,0,0,33,0,85,14704,0,0,0,0,0,0,0,0,225554,611,0,0,0,1015829,21385469,452411,0,0,0,85,1015829,21385469,0,0,46508,4050,23496,19446,19446,0,0,100512,0,0,364,0,0,0,0,0,0,0,59,0,59,0,0,0,0,0,0,0,0,0,0,0,0,0,0,0,0,0,0,0,0,714,24,0
1777071251.001308,1308,ubuntu-rog,1,0,0,6918191,6316,2891606,5282236,446089,0,17,0,0,0,0,0,1969026950,0,0,4907,1970185630,0,6316,2891606,5282236,446089,0,461658,169223,0,0,14149,0,199,0,0,0,3,0,2891618,104805,5734868,17,0,0,6522,0,0,0,0,0,0,0,48075147,44711773,0,0,107851,107851,15216,16304,0,0,0,0,0,0,0,0,0,2505488,1251214,0,262144,7673627,219180885,0,0,1026,709620,2040301170,0,0,0,0,0,3,0,0,0,0,0,0,2048176080,495,14121,1865289,1815110592,23823,0,106997,120539677,651092,169,0,651981,169,0,0,0,652150,0,651261,0,0,0,0,0,33,0,85,14704,0,0,0,0,0,0,0,0,225554,611,0,0,0,1015829,21385469,452411,0,0,0,85,1015829,21385469,0,0,46508,4050,23496,19446,19446,0,0,100512,0,0,364,0,0,0,0,0,0,0,59,0,59,0,0,0,0,0,0,0,0,0,0,0,0,0,0,0,0,0,0,0,0,714,24,0
1777071252.002160,2160,ubuntu-rog,1,0,0,6918191,6316,2891606,5282236,446089,0,6,0,0,0,0,0,1969026981,0,0,4907,1970185661,0,6316,2891606,5282236,446089,0,461658,169223,0,0,14149,0,199,0,0,0,3,0,2891618,104805,5734869,6,0,0,6522,0,0,0,0,0,0,0,48075148,44711785,0,0,107851,107851,15216,16304,0,0,0,0,0,0,0,0,0,2505488,1251214,0,262144,7673627,219180933,0,0,1026,709620,2040301201,0,0,0,0,0,3,0,0,0,0,0,0,2048176110,495,14121,1865289,1815110592,23823,0,106997,120539677,651092,169,0,651981,169,0,0,0,652150,0,651261,0,0,0,0,0,33,0,85,14704,0,0,0,0,0,0,0,0,225554,611,0,0,0,1015829,21385469,452411,0,0,0,85,1015829,21385469,0,0,46508,4050,23496,19446,19446,0,0,100512,0,0,364,0,0,0,0,0,0,0,59,0,59,0,0,0,0,0,0,0,0,0,0,0,0,0,0,0,0,0,0,0,0,714,24,0
1777071253.001162,1162,ubuntu-rog,1,0,0,6918191,6316,2891606,5282236,446089,0,6,0,0,0,0,0,1969027018,0,0,4907,1970185698,0,6316,2891606,5282236,446089,0,461658,169223,0,0,14149,0,199,0,0,0,3,0,2891618,104805,5734869,6,0,0,6522,0,0,0,0,0,0,0,48075148,44711785,0,0,107851,107851,15216,16304,0,0,0,0,0,0,0,0,0,2505488,1251214,0,262144,7673627,219180933,0,0,1026,709620,2040301238,0,0,0,0,0,3,0,0,0,0,0,0,2048176147,495,14121,1865289,1815110592,23823,0,106997,120539677,651092,169,0,651981,169,0,0,0,652150,0,651261,0,0,0,0,0,33,0,85,14704,0,0,0,0,0,0,0,0,225554,611,0,0,0,1015829,21385469,452411,0,0,0,85,1015829,21385469,0,0,46508,4050,23496,19446,19446,0,0,100512,0,0,364,0,0,0,0,0,0,0,59,0,59,0,0,0,0,0,0,0,0,0,0,0,0,0,0,0,0,0,0,0,0,714,24,0
1777071254.001263,1263,ubuntu-rog,1,0,0,6918191,6316,2891606,5282236,446089,0,9,0,0,0,0,0,1969027046,0,0,4907,1970185726,0,6316,2891606,5282236,446089,0,461658,169223,0,0,14149,0,199,0,0,0,3,0,2891618,104805,5734871,9,0,0,6522,0,0,0,0,0,0,0,48075151,44711785,0,0,107851,107851,15216,16304,0,0,0,0,0,0,0,0,0,2505488,1251214,0,262144,7673627,219180933,0,0,1026,709620,2040301266,0,0,0,0,0,3,0,0,0,0,0,0,2048176176,495,14121,1865289,1815110592,23823,0,106997,120539677,651092,169,0,651981,169,0,0,0,652150,0,651261,0,0,0,0,0,33,0,85,14704,0,0,0,0,0,0,0,0,225554,611,0,0,0,1015829,21385469,452411,0,0,0,85,1015829,21385469,0,0,46508,4050,23496,19446,19446,0,0,100512,0,0,364,0,0,0,0,0,0,0,59,0,59,0,0,0,0,0,0,0,0,0,0,0,0,0,0,0,0,0,0,0,0,714,24,0
1777071255.001298,1298,ubuntu-rog,1,0,0,6918191,6316,2891667,5282237,446089,0,13,0,0,0,0,0,1969027240,0,0,4907,1970185920,0,6316,2891667,5282237,446089,0,461658,169223,0,0,14149,0,199,0,0,0,3,0,2891665,104805,5734873,13,0,0,6522,0,0,0,0,0,0,0,48075155,44711785,0,0,107851,107851,15216,16304,0,0,0,0,0,0,0,0,0,2505488,1251214,0,262144,7673627,219180965,0,0,1026,709620,2040301530,0,0,0,0,0,3,0,0,0,0,0,0,2048176370,495,14121,1865289,1815110657,23823,0,106997,120539677,651092,169,0,651981,169,0,0,0,652150,0,651261,0,0,0,0,0,33,0,85,14704,0,0,0,0,0,0,0,0,225554,611,0,0,0,1015829,21385469,452411,0,0,0,85,1015829,21385469,0,0,46508,4050,23496,19446,19446,0,0,100512,0,0,364,0,0,0,0,0,0,0,59,0,59,0,0,0,0,0,0,0,0,0,0,0,0,0,0,0,0,0,0,0,0,714,24,0
1777071256.001330,1330,ubuntu-rog,1,0,0,6918191,6316,2891667,5282237,446089,0,13,0,0,0,0,0,1969027273,0,0,4907,1970185953,0,6316,2891667,5282237,446089,0,461658,169223,0,0,14149,0,199,0,0,0,3,0,2891665,104805,5734873,13,0,0,6522,0,0,0,0,0,0,0,48075155,44711785,0,0,107851,107851,15216,16304,0,0,0,0,0,0,0,0,0,2505488,1251214,0,262144,7673627,219180965,0,0,1026,709620,2040301563,0,0,0,0,0,3,0,0,0,0,0,0,2048176403,495,14121,1865289,1815110657,23823,0,106997,120539677,651092,169,0,651981,169,0,0,0,652150,0,651261,0,0,0,0,0,33,0,85,14704,0,0,0,0,0,0,0,0,225554,611,0,0,0,1015829,21385469,452411,0,0,0,85,1015829,21385469,0,0,46508,4050,23496,19446,19446,0,0,100512,0,0,364,0,0,0,0,0,0,0,59,0,59,0,0,0,0,0,0,0,0,0,0,0,0,0,0,0,0,0,0,0,0,714,24,0
1777071257.003159,3159,ubuntu-rog,1,0,0,6918191,6316,2891667,5282237,446089,0,16,0,0,0,0,0,1969027298,0,0,4907,1970185978,0,6316,2891667,5282237,446089,0,461658,169223,0,0,14149,0,199,0,0,0,3,0,2891665,104805,5734875,16,0,0,6522,0,0,0,0,0,0,0,48075158,44711785,0,0,107851,107851,15216,16304,0,0,0,0,0,0,0,0,0,2505488,1251214,0,262144,7673627,219180965,0,0,1026,709620,2040301588,0,0,0,0,0,3,0,0,0,0,0,0,2048176426,495,14121,1865289,1815110657,23823,0,106997,120539677,651092,169,0,651981,169,0,0,0,652150,0,651261,0,0,0,0,0,33,0,85,14704,0,0,0,0,0,0,0,0,225554,611,0,0,0,1015829,21385469,452411,0,0,0,85,1015829,21385469,0,0,46508,4050,23496,19446,19446,0,0,100512,0,0,364,0,0,0,0,0,0,0,59,0,59,0,0,0,0,0,0,0,0,0,0,0,0,0,0,0,0,0,0,0,0,714,24,0
1777071258.001160,1160,ubuntu-rog,1,0,0,6918191,6316,2891667,5282237,446089,0,16,0,0,0,0,0,1969027327,0,0,4907,1970186007,0,6316,2891667,5282237,446089,0,461658,169223,0,0,14149,0,199,0,0,0,3,0,2891665,104805,5734875,16,0,0,6522,0,0,0,0,0,0,0,48075158,44711785,0,0,107851,107851,15216,16304,0,0,0,0,0,0,0,0,0,2505488,1251214,0,262144,7673627,219180965,0,0,1026,709620,2040301617,0,0,0,0,0,3,0,0,0,0,0,0,2048176455,495,14121,1865289,1815110657,23823,0,106997,120539677,651092,169,0,651981,169,0,0,0,652150,0,651261,0,0,0,0,0,33,0,85,14704,0,0,0,0,0,0,0,0,225554,611,0,0,0,1015829,21385469,452411,0,0,0,85,1015829,21385469,0,0,46508,4050,23496,19446,19446,0,0,100512,0,0,364,0,0,0,0,0,0,0,59,0,59,0,0,0,0,0,0,0,0,0,0,0,0,0,0,0,0,0,0,0,0,714,24,0
1777071259.001259,1259,ubuntu-rog,1,0,0,6918191,6316,2891667,5282237,446089,0,16,0,0,0,0,0,1969027357,0,0,4907,1970186037,0,6316,2891667,5282237,446089,0,461658,169223,0,0,14149,0,199,0,0,0,3,0,2891665,104805,5734875,16,0,0,6522,0,0,0,0,0,0,0,48075158,44711785,0,0,107851,107851,15216,16304,0,0,0,0,0,0,0,0,0,2505488,1251214,0,262144,7673627,219180965,0,0,1026,709620,2040301647,0,0,0,0,0,3,0,0,0,0,0,0,2048176485,495,14121,1865289,1815110657,23823,0,106997,120539677,651092,169,0,651981,169,0,0,0,652150,0,651261,0,0,0,0,0,33,0,85,14704,0,0,0,0,0,0,0,0,225554,611,0,0,0,1015829,21385469,452411,0,0,0,85,1015829,21385469,0,0,46508,4050,23496,19446,19446,0,0,100512,0,0,364,0,0,0,0,0,0,0,59,0,59,0,0,0,0,0,0,0,0,0,0,0,0,0,0,0,0,0,0,0,0,714,24,0
1777071260.001315,1315,ubuntu-rog,1,0,0,6918191,6316,2891667,5282237,446089,0,16,0,0,0,0,0,1969027388,0,0,4907,1970186068,0,6316,2891667,5282237,446089,0,461658,169223,0,0,14149,0,199,0,0,0,3,0,2891665,104805,5734875,16,0,0,6522,0,0,0,0,0,0,0,48075158,44711785,0,0,107851,107851,15216,16304,0,0,0,0,0,0,0,0,0,2505488,1251214,0,262144,7673627,219180965,0,0,1026,709620,2040301692,0,0,0,0,0,3,0,0,0,0,0,0,2048176538,495,14121,1865289,1815110657,23823,0,106997,120539677,651092,169,0,651981,169,0,0,0,652150,0,651261,0,0,0,0,0,33,0,85,14704,0,0,0,0,0,0,0,0,225554,611,0,0,0,1015829,21385469,452411,0,0,0,85,1015829,21385469,0,0,46508,4050,23496,19446,19446,0,0,100512,0,0,364,0,0,0,0,0,0,0,59,0,59,0,0,0,0,0,0,0,0,0,0,0,0,0,0,0,0,0,0,0,0,714,24,0
1777071261.001322,1322,ubuntu-rog,1,0,0,6918191,6316,2891667,5282268,446089,0,17,0,0,0,0,0,1969027419,0,0,4907,1970186099,0,6316,2891667,5282268,446089,0,461658,169223,0,0,14149,0,199,0,0,0,3,0,2891665,104805,5734878,17,0,0,6522,0,0,0,0,0,0,0,48075159,44711785,0,0,107851,107851,15216,16304,0,0,0,0,0,0,0,0,0,2505494,1251217,0,262144,7673627,219180981,0,0,1026,709620,2040301723,0,0,0,0,0,3,0,0,0,0,0,0,2048176566,495,14121,1865289,1815110657,23823,0,106997,120539677,651092,169,0,651981,169,0,0,0,652150,0,651261,0,0,0,0,0,33,0,85,14704,0,0,0,0,0,0,0,0,225554,611,0,0,0,1015829,21385469,452411,0,0,0,85,1015829,21385469,0,0,46508,4050,23496,19446,19446,0,0,100512,0,0,364,0,0,0,0,0,0,0,59,0,59,0,0,0,0,0,0,0,0,0,0,0,0,0,0,0,0,0,0,0,0,714,24,0
1777071262.001182,1182,ubuntu-rog,1,0,0,6918191,6316,2891667,5282268,446089,0,17,0,0,0,0,0,1969027448,0,0,4907,1970186128,0,6316,2891667,5282268,446089,0,461658,169223,0,0,14149,0,199,0,0,0,3,0,2891665,104805,5734878,17,0,0,6522,0,0,0,0,0,0,0,48075159,44711785,0,0,107851,107851,15216,16304,0,0,0,0,0,0,0,0,0,2505494,1251217,0,262144,7673627,219180981,0,0,1026,709620,2040301752,0,0,0,0,0,3,0,0,0,0,0,0,2048176595,495,14121,1865289,1815110657,23823,0,106997,120539677,651092,169,0,651981,169,0,0,0,652150,0,651261,0,0,0,0,0,33,0,85,14704,0,0,0,0,0,0,0,0,225554,611,0,0,0,1015829,21385469,452411,0,0,0,85,1015829,21385469,0,0,46508,4050,23496,19446,19446,0,0,100512,0,0,364,0,0,0,0,0,0,0,59,0,59,0,0,0,0,0,0,0,0,0,0,0,0,0,0,0,0,0,0,0,0,714,24,0
1777071263.001183,1183,ubuntu-rog,1,0,0,6918191,6316,2891667,5282268,446089,0,18,0,0,0,0,0,1969027473,0,0,4907,1970186153,0,6316,2891667,5282268,446089,0,461658,169223,0,0,14149,0,199,0,0,0,3,0,2891665,104805,5734879,18,0,0,6522,0,0,0,0,0,0,0,48075160,44711785,0,0,107851,107851,15216,16304,0,0,0,0,0,0,0,0,0,2505494,1251217,0,262144,7673627,219180981,0,0,1026,709620,2040301777,0,0,0,0,0,3,0,0,0,0,0,0,2048176619,495,14121,1865289,1815110657,23823,0,106997,120539677,651092,169,0,651981,169,0,0,0,652150,0,651261,0,0,0,0,0,33,0,85,14704,0,0,0,0,0,0,0,0,225554,611,0,0,0,1015829,21385469,452411,0,0,0,85,1015829,21385469,0,0,46508,4050,23496,19446,19446,0,0,100512,0,0,364,0,0,0,0,0,0,0,59,0,59,0,0,0,0,0,0,0,0,0,0,0,0,0,0,0,0,0,0,0,0,714,24,0
1777071264.001267,1267,ubuntu-rog,1,0,0,6918191,6316,2891667,5282268,446089,0,19,0,0,0,0,0,1969027507,0,0,4907,1970186187,0,6316,2891667,5282268,446089,0,461658,169223,0,0,14149,0,199,0,0,0,3,0,2891665,104805,5734880,19,0,0,6522,0,0,0,0,0,0,0,48075161,44711785,0,0,107851,107851,15216,16304,0,0,0,0,0,0,0,0,0,2505494,1251217,0,262144,7673627,219180981,0,0,1026,709620,2040301811,0,0,0,0,0,3,0,0,0,0,0,0,2048176652,495,14121,1865289,1815110657,23823,0,106997,120539677,651092,169,0,651981,169,0,0,0,652150,0,651261,0,0,0,0,0,33,0,85,14704,0,0,0,0,0,0,0,0,225554,611,0,0,0,1015829,21385469,452411,0,0,0,85,1015829,21385469,0,0,46508,4050,23496,19446,19446,0,0,100512,0,0,364,0,0,0,0,0,0,0,59,0,59,0,0,0,0,0,0,0,0,0,0,0,0,0,0,0,0,0,0,0,0,714,24,0
1777071265.001315,1315,ubuntu-rog,1,0,0,6918191,6316,2891663,5282268,446089,0,19,0,0,0,0,0,1969027541,0,0,4907,1970186221,0,6316,2891663,5282268,446089,0,461658,169223,0,0,14149,0,199,0,0,0,3,0,2891666,104805,5734880,19,0,0,6522,0,0,0,0,0,0,0,48075161,44711785,0,0,107851,107851,15216,16304,0,0,0,0,0,0,0,0,0,2505494,1251217,0,262144,7673627,219180981,0,0,1026,709620,2040301845,0,0,0,0,0,3,0,0,0,0,0,0,2048176684,495,14121,1865289,1815110663,23823,0,106997,120539677,651092,169,0,651981,169,0,0,0,652150,0,651261,0,0,0,0,0,33,0,85,14704,0,0,0,0,0,0,0,0,225554,611,0,0,0,1015829,21385469,452411,0,0,0,85,1015829,21385469,0,0,46508,4050,23496,19446,19446,0,0,100512,0,0,364,0,0,0,0,0,0,0,59,0,59,0,0,0,0,0,0,0,0,0,0,0,0,0,0,0,0,0,0,0,0,714,24,0
1777071266.001323,1323,ubuntu-rog,1,0,0,6918191,6316,2891663,5282268,446089,0,19,0,0,0,0,0,1969027568,0,0,4907,1970186248,0,6316,2891663,5282268,446089,0,461658,169223,0,0,14149,0,199,0,0,0,3,0,2891666,104805,5734880,19,0,0,6522,0,0,0,0,0,0,0,48075161,44711785,0,0,107851,107851,15216,16304,0,0,0,0,0,0,0,0,0,2505494,1251217,0,262144,7673627,219180981,0,0,1026,709620,2040301872,0,0,0,0,0,3,0,0,0,0,0,0,2048176711,495,14121,1865289,1815110663,23823,0,106997,120539677,651092,169,0,651981,169,0,0,0,652150,0,651261,0,0,0,0,0,33,0,85,14704,0,0,0,0,0,0,0,0,225554,611,0,0,0,1015829,21385469,452411,0,0,0,85,1015829,21385469,0,0,46508,4050,23496,19446,19446,0,0,100512,0,0,364,0,0,0,0,0,0,0,59,0,59,0,0,0,0,0,0,0,0,0,0,0,0,0,0,0,0,0,0,0,0,714,24,0
1777071267.001182,1182,ubuntu-rog,1,0,0,6918191,6316,2891663,5282268,446089,0,20,0,0,0,0,0,1969027601,0,0,4907,1970186281,0,6316,2891663,5282268,446089,0,461658,169223,0,0,14149,0,199,0,0,0,3,0,2891666,104805,5734883,20,0,0,6522,0,0,0,0,0,0,0,48075162,44711785,0,0,107851,107851,15216,16304,0,0,0,0,0,0,0,0,0,2505494,1251217,0,262144,7673627,219180997,0,0,1026,709620,2040301905,0,0,0,0,0,3,0,0,0,0,0,0,2048176741,495,14121,1865289,1815110663,23823,0,106997,120539677,651092,169,0,651981,169,0,0,0,652150,0,651261,0,0,0,0,0,33,0,85,14704,0,0,0,0,0,0,0,0,225554,611,0,0,0,1015829,21385469,452411,0,0,0,85,1015829,21385469,0,0,46508,4050,23496,19446,19446,0,0,100512,0,0,364,0,0,0,0,0,0,0,59,0,59,0,0,0,0,0,0,0,0,0,0,0,0,0,0,0,0,0,0,0,0,714,24,0
1777071268.004156,4156,ubuntu-rog,1,0,0,6918191,6316,2891663,5282268,446089,0,22,0,0,0,0,0,1969027627,0,0,4907,1970186307,0,6316,2891663,5282268,446089,0,461658,169223,0,0,14149,0,199,0,0,0,3,0,2891666,104805,5734885,22,0,0,6522,0,0,0,0,0,0,0,48075164,44711785,0,0,107851,107851,15216,16304,0,0,0,0,0,0,0,0,0,2505494,1251217,0,262144,7673627,219180997,0,0,1026,709620,2040301931,0,0,0,0,0,3,0,0,0,0,0,0,2048176765,495,14121,1865289,1815110663,23823,0,106997,120539677,651092,169,0,651981,169,0,0,0,652150,0,651261,0,0,0,0,0,33,0,85,14704,0,0,0,0,0,0,0,0,225554,611,0,0,0,1015829,21385469,452411,0,0,0,85,1015829,21385469,0,0,46508,4050,23496,19446,19446,0,0,100512,0,0,364,0,0,0,0,0,0,0,59,0,59,0,0,0,0,0,0,0,0,0,0,0,0,0,0,0,0,0,0,0,0,714,24,0
1777071269.001305,1305,ubuntu-rog,1,0,0,6918191,6316,2891663,5282268,446089,0,22,0,0,0,0,0,1969027659,0,0,4907,1970186339,0,6316,2891663,5282268,446089,0,461658,169223,0,0,14149,0,199,0,0,0,3,0,2891666,104805,5734885,22,0,0,6522,0,0,0,0,0,0,0,48075164,44711785,0,0,107851,107851,15216,16304,0,0,0,0,0,0,0,0,0,2505494,1251217,0,262144,7673627,219180997,0,0,1026,709620,2040301963,0,0,0,0,0,3,0,0,0,0,0,0,2048176797,495,14121,1865289,1815110663,23823,0,106997,120539677,651092,169,0,651981,169,0,0,0,652150,0,651261,0,0,0,0,0,33,0,85,14704,0,0,0,0,0,0,0,0,225554,611,0,0,0,1015829,21385469,452411,0,0,0,85,1015829,21385469,0,0,46508,4050,23496,19446,19446,0,0,100512,0,0,364,0,0,0,0,0,0,0,59,0,59,0,0,0,0,0,0,0,0,0,0,0,0,0,0,0,0,0,0,0,0,714,24,0
1777071270.001295,1295,ubuntu-rog,1,0,0,6918191,6316,2891663,5282268,446089,0,22,0,0,0,0,0,1969027690,0,0,4907,1970186370,0,6316,2891663,5282268,446089,0,461658,169223,0,0,14149,0,199,0,0,0,3,0,2891666,104805,5734885,22,0,0,6522,0,0,0,0,0,0,0,48075164,44711785,0,0,107851,107851,15216,16304,0,0,0,0,0,0,0,0,0,2505494,1251217,0,262144,7673627,219180997,0,0,1026,709620,2040301994,0,0,0,0,0,3,0,0,0,0,0,0,2048176828,495,14121,1865289,1815110663,23823,0,106997,120539677,651092,169,0,651981,169,0,0,0,652150,0,651261,0,0,0,0,0,33,0,85,14704,0,0,0,0,0,0,0,0,225554,611,0,0,0,1015829,21385469,452411,0,0,0,85,1015829,21385469,0,0,46508,4050,23496,19446,19446,0,0,100512,0,0,364,0,0,0,0,0,0,0,59,0,59,0,0,0,0,0,0,0,0,0,0,0,0,0,0,0,0,0,0,0,0,714,24,0
1777071271.001306,1306,ubuntu-rog,1,0,0,6918191,6316,2891663,5282268,446089,0,23,0,0,0,0,0,1969027716,0,0,4907,1970186396,0,6316,2891663,5282268,446089,0,461658,169223,0,0,14149,0,199,0,0,0,3,0,2891666,104805,5734886,23,0,0,6522,0,0,0,0,0,0,0,48075165,44711785,0,0,107851,107851,15216,16304,0,0,0,0,0,0,0,0,0,2505494,1251217,0,262144,7673627,219180997,0,0,1026,709620,2040302020,0,0,0,0,0,3,0,0,0,0,0,0,2048176853,495,14121,1865289,1815110663,23823,0,106997,120539677,651092,169,0,651981,169,0,0,0,652150,0,651261,0,0,0,0,0,33,0,85,14704,0,0,0,0,0,0,0,0,225554,611,0,0,0,1015829,21385469,452411,0,0,0,85,1015829,21385469,0,0,46508,4050,23496,19446,19446,0,0,100512,0,0,364,0,0,0,0,0,0,0,59,0,59,0,0,0,0,0,0,0,0,0,0,0,0,0,0,0,0,0,0,0,0,714,24,0
1777071272.001177,1177,ubuntu-rog,1,0,0,6918191,6316,2891663,5282268,446089,0,23,0,0,0,0,0,1969027743,0,0,4907,1970186423,0,6316,2891663,5282268,446089,0,461658,169223,0,0,14149,0,199,0,0,0,3,0,2891666,104805,5734886,23,0,0,6522,0,0,0,0,0,0,0,48075165,44711785,0,0,107851,107851,15216,16304,0,0,0,0,0,0,0,0,0,2505494,1251217,0,262144,7673627,219180997,0,0,1026,709620,2040302047,0,0,0,0,0,3,0,0,0,0,0,0,2048176880,495,14121,1865289,1815110663,23823,0,106997,120539677,651092,169,0,651981,169,0,0,0,652150,0,651261,0,0,0,0,0,33,0,85,14704,0,0,0,0,0,0,0,0,225554,611,0,0,0,1015829,21385469,452411,0,0,0,85,1015829,21385469,0,0,46508,4050,23496,19446,19446,0,0,100512,0,0,364,0,0,0,0,0,0,0,59,0,59,0,0,0,0,0,0,0,0,0,0,0,0,0,0,0,0,0,0,0,0,714,24,0
1777071273.001160,1160,ubuntu-rog,1,0,0,6918191,6316,2891663,5282268,446089,0,24,0,0,0,0,0,1969027775,0,0,4907,1970186455,0,6316,2891663,5282268,446089,0,461658,169224,0,0,14149,0,199,0,0,0,3,0,2891666,104805,5734888,24,0,0,6522,0,0,0,0,0,0,0,48075166,44711785,0,0,107851,107851,15216,16304,0,0,0,0,0,0,0,0,0,2505494,1251217,0,262144,7673627,219181017,0,0,1026,709620,2040302079,0,0,0,0,0,3,0,0,0,0,0,0,2048176909,495,14121,1865289,1815110663,23823,0,106997,120539677,651092,169,0,651981,169,0,0,0,652150,0,651261,0,0,0,0,0,33,0,85,14704,0,0,0,0,0,0,0,0,225554,611,0,0,0,1015829,21385469,452411,0,0,0,85,1015829,21385469,0,0,46508,4050,23496,19446,19446,0,0,100512,0,0,364,0,0,0,0,0,0,0,59,0,59,0,0,0,0,0,0,0,0,0,0,0,0,0,0,0,0,0,0,0,0,714,24,0
1777071274.001283,1283,ubuntu-rog,1,0,0,6918191,6316,2891663,5282268,446089,0,25,0,0,0,0,0,1969027799,0,0,4907,1970186479,0,6316,2891663,5282268,446089,0,461658,169224,0,0,14149,0,199,0,0,0,3,0,2891666,104805,5734889,25,0,0,6522,0,0,0,0,0,0,0,48075167,44711785,0,0,107851,107851,15216,16304,0,0,0,0,0,0,0,0,0,2505494,1251217,0,262144,7673627,219181017,0,0,1026,709620,2040302103,0,0,0,0,0,3,0,0,0,0,0,0,2048176932,495,14121,1865289,1815110663,23823,0,106997,120539677,651092,169,0,651981,169,0,0,0,652150,0,651261,0,0,0,0,0,33,0,85,14704,0,0,0,0,0,0,0,0,225554,611,0,0,0,1015829,21385469,452411,0,0,0,85,1015829,21385469,0,0,46508,4050,23496,19446,19446,0,0,100512,0,0,364,0,0,0,0,0,0,0,59,0,59,0,0,0,0,0,0,0,0,0,0,0,0,0,0,0,0,0,0,0,0,714,24,0
1777071275.001265,1265,ubuntu-rog,1,0,0,6918191,6316,2891663,5282268,446089,0,26,0,0,0,0,0,1969027833,0,0,4907,1970186513,0,6316,2891663,5282268,446089,0,461658,169224,0,0,14149,0,199,0,0,0,3,0,2891666,104805,5734890,26,0,0,6522,0,0,0,0,0,0,0,48075168,44711785,0,0,107851,107851,15216,16304,0,0,0,0,0,0,0,0,0,2505494,1251217,0,262144,7673627,219181017,0,0,1026,709620,2040302137,0,0,0,0,0,3,0,0,0,0,0,0,2048176965,495,14121,1865289,1815110663,23823,0,106997,120539677,651092,169,0,651981,169,0,0,0,652150,0,651261,0,0,0,0,0,33,0,85,14704,0,0,0,0,0,0,0,0,225554,611,0,0,0,1015829,21385469,452411,0,0,0,85,1015829,21385469,0,0,46508,4050,23496,19446,19446,0,0,100512,0,0,364,0,0,0,0,0,0,0,59,0,59,0,0,0,0,0,0,0,0,0,0,0,0,0,0,0,0,0,0,0,0,714,24,0
1777071276.001300,1300,ubuntu-rog,1,0,0,6918191,6316,2891663,5282268,446089,0,26,0,0,0,0,0,1969027863,0,0,4907,1970186543,0,6316,2891663,5282268,446089,0,461658,169224,0,0,14149,0,199,0,0,0,3,0,2891666,104805,5734890,26,0,0,6522,0,0,0,0,0,0,0,48075168,44711785,0,0,107851,107851,15216,16304,0,0,0,0,0,0,0,0,0,2505494,1251217,0,262144,7673627,219181017,0,0,1026,709620,2040302167,0,0,0,0,0,3,0,0,0,0,0,0,2048176995,495,14121,1865289,1815110663,23823,0,106997,120539677,651092,169,0,651981,169,0,0,0,652150,0,651261,0,0,0,0,0,33,0,85,14704,0,0,0,0,0,0,0,0,225554,611,0,0,0,1015829,21385469,452411,0,0,0,85,1015829,21385469,0,0,46508,4050,23496,19446,19446,0,0,100512,0,0,364,0,0,0,0,0,0,0,59,0,59,0,0,0,0,0,0,0,0,0,0,0,0,0,0,0,0,0,0,0,0,714,24,0
1777071277.001178,1178,ubuntu-rog,1,0,0,6918191,6316,2891663,5282268,446089,0,26,0,0,0,0,0,1969027884,0,0,4907,1970186564,0,6316,2891663,5282268,446089,0,461658,169224,0,0,14149,0,199,0,0,0,3,0,2891666,104805,5734890,26,0,0,6522,0,0,0,0,0,0,0,48075168,44711785,0,0,107851,107851,15216,16304,0,0,0,0,0,0,0,0,0,2505494,1251217,0,262144,7673627,219181061,0,0,1026,709620,2040302188,0,0,0,0,0,3,0,0,0,0,0,0,2048177016,495,14121,1865289,1815110663,23823,0,106997,120539677,651092,169,0,651981,169,0,0,0,652150,0,651261,0,0,0,0,0,33,0,85,14704,0,0,0,0,0,0,0,0,225554,611,0,0,0,1015829,21385469,452411,0,0,0,85,1015829,21385469,0,0,46508,4050,23496,19446,19446,0,0,100512,0,0,364,0,0,0,0,0,0,0,59,0,59,0,0,0,0,0,0,0,0,0,0,0,0,0,0,0,0,0,0,0,0,714,24,0
1777071278.001180,1180,ubuntu-rog,1,0,0,6918191,6316,2891663,5282268,446089,0,17,0,0,0,0,0,1969027915,0,0,4907,1970186595,0,6316,2891663,5282268,446089,0,461658,169224,0,0,14149,0,199,0,0,0,3,0,2891666,104805,5734891,17,0,0,6522,0,0,0,0,0,0,0,48075170,44711796,0,0,107851,107851,15216,16304,0,0,0,0,0,0,0,0,0,2505494,1251217,0,262144,7673627,219181061,0,0,1026,709620,2040302219,0,0,0,0,0,3,0,0,0,0,0,0,2048177046,495,14121,1865289,1815110663,23823,0,106997,120539677,651092,169,0,651981,169,0,0,0,652150,0,651261,0,0,0,0,0,33,0,85,14704,0,0,0,0,0,0,0,0,225554,611,0,0,0,1015829,21385469,452411,0,0,0,85,1015829,21385469,0,0,46508,4050,23496,19446,19446,0,0,100512,0,0,364,0,0,0,0,0,0,0,59,0,59,0,0,0,0,0,0,0,0,0,0,0,0,0,0,0,0,0,0,0,0,714,24,0
1777071279.001280,1280,ubuntu-rog,1,0,0,6918191,6316,2891663,5282268,446089,0,20,0,0,0,0,0,1969027947,0,0,4907,1970186627,0,6316,2891663,5282268,446089,0,461658,169224,0,0,14149,0,199,0,0,0,3,0,2891666,104805,5734895,20,0,0,6522,0,0,0,0,0,0,0,48075173,44711796,0,0,107851,107851,15216,16304,0,0,0,0,0,0,0,0,0,2505494,1251217,0,262144,7673627,219181121,0,0,1026,709620,2040302251,0,0,0,0,0,3,0,0,0,0,0,0,2048177073,495,14121,1865289,1815110663,23823,0,106997,120539677,651092,169,0,651981,169,0,0,0,652150,0,651261,0,0,0,0,0,33,0,85,14704,0,0,0,0,0,0,0,0,225554,611,0,0,0,1015829,21385469,452411,0,0,0,85,1015829,21385469,0,0,46508,4050,23496,19446,19446,0,0,100512,0,0,364,0,0,0,0,0,0,0,59,0,59,0,0,0,0,0,0,0,0,0,0,0,0,0,0,0,0,0,0,0,0,714,24,0
1777071280.001317,1317,ubuntu-rog,1,0,0,6918191,6316,2891690,5282270,446089,0,12,0,0,0,0,0,1969027975,0,0,4907,1970186655,0,6316,2891690,5282270,446089,0,461658,169225,0,0,14149,0,199,0,0,0,3,0,2891666,104805,5734895,12,0,0,6522,0,0,0,0,0,0,0,48075173,44711804,0,0,107851,107851,15216,16304,0,0,0,0,0,0,0,0,0,2505495,1251218,0,262144,7673627,219181121,0,0,1026,709620,2040302279,0,0,0,0,0,3,0,0,0,0,0,0,2048177101,495,14121,1865289,1815110663,23823,0,106997,120539677,651092,169,0,651981,169,0,0,0,652150,0,651261,0,0,0,0,0,33,0,85,14704,0,0,0,0,0,0,0,0,225554,611,0,0,0,1015829,21385469,452411,0,0,0,85,1015829,21385469,0,0,46508,4050,23496,19446,19446,0,0,100512,0,0,364,0,0,0,0,0,0,0,59,0,59,0,0,0,0,0,0,0,0,0,0,0,0,0,0,0,0,0,0,0,0,714,24,0
1777071281.001251,1251,ubuntu-rog,1,0,0,6918191,6316,2891690,5282270,446089,0,12,0,0,0,0,0,1969028006,0,0,4907,1970186686,0,6316,2891690,5282270,446089,0,461658,169225,0,0,14149,0,199,0,0,0,3,0,2891666,104805,5734895,12,0,0,6522,0,0,0,0,0,0,0,48075173,44711804,0,0,107851,107851,15216,16304,0,0,0,0,0,0,0,0,0,2505495,1251218,0,262144,7673627,219181121,0,0,1026,709620,2040302310,0,0,0,0,0,3,0,0,0,0,0,0,2048177132,495,14121,1865289,1815110663,23823,0,106997,120539677,651092,169,0,651981,169,0,0,0,652150,0,651261,0,0,0,0,0,33,0,85,14704,0,0,0,0,0,0,0,0,225554,611,0,0,0,1015829,21385469,452411,0,0,0,85,1015829,21385469,0,0,46508,4050,23496,19446,19446,0,0,100512,0,0,364,0,0,0,0,0,0,0,59,0,59,0,0,0,0,0,0,0,0,0,0,0,0,0,0,0,0,0,0,0,0,714,24,0
1777071282.001170,1170,ubuntu-rog,1,0,0,6918191,6316,2891690,5282270,446089,0,13,0,0,0,0,0,1969028030,0,0,4907,1970186710,0,6316,2891690,5282270,446089,0,461658,169225,0,0,14149,0,199,0,0,0,3,0,2891666,104805,5734896,13,0,0,6522,0,0,0,0,0,0,0,48075174,44711804,0,0,107851,107851,15216,16304,0,0,0,0,0,0,0,0,0,2505495,1251218,0,262144,7673627,219181121,0,0,1026,709620,2040302334,0,0,0,0,0,3,0,0,0,0,0,0,2048177155,495,14121,1865289,1815110663,23823,0,106997,120539677,651092,169,0,651981,169,0,0,0,652150,0,651261,0,0,0,0,0,33,0,85,14704,0,0,0,0,0,0,0,0,225554,611,0,0,0,1015829,21385469,452411,0,0,0,85,1015829,21385469,0,0,46508,4050,23496,19446,19446,0,0,100512,0,0,364,0,0,0,0,0,0,0,59,0,59,0,0,0,0,0,0,0,0,0,0,0,0,0,0,0,0,0,0,0,0,714,24,0
1777071283.001184,1184,ubuntu-rog,1,0,0,6918191,6316,2891690,5282270,446089,0,13,0,0,0,0,0,1969028058,0,0,4907,1970186738,0,6316,2891690,5282270,446089,0,461658,169225,0,0,14149,0,199,0,0,0,3,0,2891666,104805,5734896,13,0,0,6522,0,0,0,0,0,0,0,48075174,44711804,0,0,107851,107851,15216,16304,0,0,0,0,0,0,0,0,0,2505495,1251218,0,262144,7673627,219181121,0,0,1026,709620,2040302362,0,0,0,0,0,3,0,0,0,0,0,0,2048177183,495,14121,1865289,1815110663,23823,0,106997,120539677,651092,169,0,651981,169,0,0,0,652150,0,651261,0,0,0,0,0,33,0,85,14704,0,0,0,0,0,0,0,0,225554,611,0,0,0,1015829,21385469,452411,0,0,0,85,1015829,21385469,0,0,46508,4050,23496,19446,19446,0,0,100512,0,0,364,0,0,0,0,0,0,0,59,0,59,0,0,0,0,0,0,0,0,0,0,0,0,0,0,0,0,0,0,0,0,714,24,0
1777071284.001278,1278,ubuntu-rog,1,0,0,6918191,6316,2891690,5282270,446089,0,13,0,0,0,0,0,1969028087,0,0,4907,1970186767,0,6316,2891690,5282270,446089,0,461658,169225,0,0,14149,0,199,0,0,0,3,0,2891666,104805,5734896,13,0,0,6522,0,0,0,0,0,0,0,48075174,44711804,0,0,107851,107851,15216,16304,0,0,0,0,0,0,0,0,0,2505495,1251218,0,262144,7673627,219181121,0,0,1026,709620,2040302391,0,0,0,0,0,3,0,0,0,0,0,0,2048177212,495,14121,1865289,1815110663,23823,0,106997,120539677,651092,169,0,651981,169,0,0,0,652150,0,651261,0,0,0,0,0,33,0,85,14704,0,0,0,0,0,0,0,0,225554,611,0,0,0,1015829,21385469,452411,0,0,0,85,1015829,21385469,0,0,46508,4050,23496,19446,19446,0,0,100512,0,0,364,0,0,0,0,0,0,0,59,0,59,0,0,0,0,0,0,0,0,0,0,0,0,0,0,0,0,0,0,0,0,714,24,0
1777071285.001303,1303,ubuntu-rog,1,0,0,6918191,6316,2891690,5282270,446089,0,17,0,0,0,0,0,1969028114,0,0,4907,1970186794,0,6316,2891690,5282270,446089,0,461658,169225,0,0,14149,0,199,0,0,0,3,0,2891666,104805,5734900,17,0,0,6522,0,0,0,0,0,0,0,48075178,44711804,0,0,107851,107851,15216,16304,0,0,0,0,0,0,0,0,0,2505495,1251218,0,262144,7673627,219181137,0,0,1026,709620,2040302418,0,0,0,0,0,3,0,0,0,0,0,0,2048177235,495,14121,1865289,1815110663,23823,0,106997,120539677,651092,169,0,651981,169,0,0,0,652150,0,651261,0,0,0,0,0,33,0,85,14704,0,0,0,0,0,0,0,0,225554,611,0,0,0,1015829,21385469,452411,0,0,0,85,1015829,21385469,0,0,46508,4050,23496,19446,19446,0,0,100512,0,0,364,0,0,0,0,0,0,0,59,0,59,0,0,0,0,0,0,0,0,0,0,0,0,0,0,0,0,0,0,0,0,714,24,0
1777071286.001309,1309,ubuntu-rog,1,0,0,6918191,6316,2891690,5282270,446089,0,17,0,0,0,0,0,1969028142,0,0,4907,1970186822,0,6316,2891690,5282270,446089,0,461658,169225,0,0,14149,0,199,0,0,0,3,0,2891666,104805,5734900,17,0,0,6522,0,0,0,0,0,0,0,48075178,44711804,0,0,107851,107851,15216,16304,0,0,0,0,0,0,0,0,0,2505495,1251218,0,262144,7673627,219181137,0,0,1026,709620,2040302446,0,0,0,0,0,3,0,0,0,0,0,0,2048177263,495,14121,1865289,1815110663,23823,0,106997,120539677,651092,169,0,651981,169,0,0,0,652150,0,651261,0,0,0,0,0,33,0,85,14704,0,0,0,0,0,0,0,0,225554,611,0,0,0,1015829,21385469,452411,0,0,0,85,1015829,21385469,0,0,46508,4050,23496,19446,19446,0,0,100512,0,0,364,0,0,0,0,0,0,0,59,0,59,0,0,0,0,0,0,0,0,0,0,0,0,0,0,0,0,0,0,0,0,714,24,0
1777071287.001164,1164,ubuntu-rog,1,0,0,6918191,6316,2891690,5282270,446089,0,17,0,0,0,0,0,1969028173,0,0,4907,1970186853,0,6316,2891690,5282270,446089,0,461658,169225,0,0,14149,0,199,0,0,0,3,0,2891666,104805,5734900,17,0,0,6522,0,0,0,0,0,0,0,48075178,44711804,0,0,107851,107851,15216,16304,0,0,0,0,0,0,0,0,0,2505495,1251218,0,262144,7673627,219181137,0,0,1026,709620,2040302477,0,0,0,0,0,3,0,0,0,0,0,0,2048177294,495,14121,1865289,1815110663,23823,0,106997,120539677,651092,169,0,651981,169,0,0,0,652150,0,651261,0,0,0,0,0,33,0,85,14704,0,0,0,0,0,0,0,0,225554,611,0,0,0,1015829,21385469,452411,0,0,0,85,1015829,21385469,0,0,46508,4050,23496,19446,19446,0,0,100512,0,0,364,0,0,0,0,0,0,0,59,0,59,0,0,0,0,0,0,0,0,0,0,0,0,0,0,0,0,0,0,0,0,714,24,0
1777071288.001186,1186,ubuntu-rog,1,0,0,6918191,6316,2891690,5282270,446089,0,7,0,0,0,0,0,1969028198,0,0,4907,1970186878,0,6316,2891690,5282270,446089,0,461658,169225,0,0,14149,0,199,0,0,0,3,0,2891666,104805,5734901,7,0,0,6522,0,0,0,0,0,0,0,48075179,44711815,0,0,107851,107851,15216,16304,0,0,0,0,0,0,0,0,0,2505495,1251218,0,262144,7673627,219181181,0,0,1026,709620,2040302502,0,0,0,0,0,3,0,0,0,0,0,0,2048177318,495,14121,1865289,1815110663,23823,0,106997,120539677,651092,169,0,651981,169,0,0,0,652150,0,651261,0,0,0,0,0,33,0,85,14704,0,0,0,0,0,0,0,0,225554,611,0,0,0,1015829,21385469,452411,0,0,0,85,1015829,21385469,0,0,46508,4050,23496,19446,19446,0,0,100512,0,0,364,0,0,0,0,0,0,0,59,0,59,0,0,0,0,0,0,0,0,0,0,0,0,0,0,0,0,0,0,0,0,714,24,0
1777071289.003256,3256,ubuntu-rog,1,0,0,6918191,6316,2891690,5282270,446089,0,7,0,0,0,0,0,1969028227,0,0,4907,1970186907,0,6316,2891690,5282270,446089,0,461658,169225,0,0,14149,0,199,0,0,0,3,0,2891666,104805,5734901,7,0,0,6522,0,0,0,0,0,0,0,48075179,44711815,0,0,107851,107851,15216,16304,0,0,0,0,0,0,0,0,0,2505495,1251218,0,262144,7673627,219181181,0,0,1026,709620,2040302531,0,0,0,0,0,3,0,0,0,0,0,0,2048177347,495,14121,1865289,1815110664,23823,0,106997,120539678,651092,169,0,651981,169,0,0,0,652150,0,651261,0,0,0,0,0,33,0,85,14704,0,0,0,0,0,0,0,0,225554,611,0,0,0,1015829,21385469,452411,0,0,0,85,1015829,21385469,0,0,46508,4050,23496,19446,19446,0,0,100512,0,0,364,0,0,0,0,0,0,0,59,0,59,0,0,0,0,0,0,0,0,0,0,0,0,0,0,0,0,0,0,0,0,714,24,0
1777071290.001311,1311,ubuntu-rog,1,0,0,6918191,6316,2891690,5282270,446089,0,9,0,0,0,0,0,1969028261,0,0,4907,1970186941,0,6316,2891690,5282270,446089,0,461658,169225,0,0,14149,0,199,0,0,0,3,0,2891671,104805,5734902,9,0,0,6522,0,0,0,0,0,0,0,48075181,44711815,0,0,107851,107851,15216,16304,0,0,0,0,0,0,0,0,0,2505495,1251218,0,262144,7673627,219181181,0,0,1026,709620,2040302565,0,0,0,0,0,3,0,0,0,0,0,0,2048177375,495,14121,1865289,1815110669,23823,0,106997,120539678,651092,169,0,651981,169,0,0,0,652150,0,651261,0,0,0,0,0,33,0,85,14704,0,0,0,0,0,0,0,0,225554,611,0,0,0,1015829,21385469,452411,0,0,0,85,1015829,21385469,0,0,46508,4050,23496,19446,19446,0,0,100512,0,0,364,0,0,0,0,0,0,0,59,0,59,0,0,0,0,0,0,0,0,0,0,0,0,0,0,0,0,0,0,0,0,714,24,0
1777071291.001312,1312,ubuntu-rog,1,0,0,6918191,6316,2891690,5282270,446089,0,15,0,0,0,0,0,1969028284,0,0,4907,1970186964,0,6316,2891690,5282270,446089,0,461658,169225,0,0,14149,0,199,0,0,0,3,0,2891671,104805,5734905,15,0,0,6522,0,0,0,0,0,0,0,48075187,44711815,0,0,107851,107851,15216,16304,0,0,0,0,0,0,0,0,0,2505495,1251218,0,262144,7673627,219181213,0,0,1026,709620,2040302588,0,0,0,0,0,3,0,0,0,0,0,0,2048177395,495,14121,1865289,1815110669,23823,0,106997,120539678,651092,169,0,651981,169,0,0,0,652150,0,651261,0,0,0,0,0,33,0,85,14704,0,0,0,0,0,0,0,0,225554,611,0,0,0,1015829,21385469,452411,0,0,0,85,1015829,21385469,0,0,46508,4050,23496,19446,19446,0,0,100512,0,0,364,0,0,0,0,0,0,0,59,0,59,0,0,0,0,0,0,0,0,0,0,0,0,0,0,0,0,0,0,0,0,714,24,0
1777071292.001165,1165,ubuntu-rog,1,0,0,6918191,6316,2891690,5282270,446089,0,16,0,0,0,0,0,1969028314,0,0,4907,1970186994,0,6316,2891690,5282270,446089,0,461658,169225,0,0,14149,0,199,0,0,0,3,0,2891671,104805,5734906,16,0,0,6522,0,0,0,0,0,0,0,48075188,44711815,0,0,107851,107851,15216,16304,0,0,0,0,0,0,0,0,0,2505495,1251218,0,262144,7673627,219181213,0,0,1026,709620,2040302618,0,0,0,0,0,3,0,0,0,0,0,0,2048177424,495,14121,1865289,1815110669,23823,0,106997,120539678,651092,169,0,651981,169,0,0,0,652150,0,651261,0,0,0,0,0,33,0,85,14704,0,0,0,0,0,0,0,0,225554,611,0,0,0,1015829,21385469,452411,0,0,0,85,1015829,21385469,0,0,46508,4050,23496,19446,19446,0,0,100512,0,0,364,0,0,0,0,0,0,0,59,0,59,0,0,0,0,0,0,0,0,0,0,0,0,0,0,0,0,0,0,0,0,714,24,0
1777071293.001163,1163,ubuntu-rog,1,0,0,6918191,6316,2891690,5282270,446089,0,16,0,0,0,0,0,1969028346,0,0,4907,1970187026,0,6316,2891690,5282270,446089,0,461658,169225,0,0,14149,0,199,0,0,0,3,0,2891671,104805,5734906,16,0,0,6522,0,0,0,0,0,0,0,48075188,44711815,0,0,107851,107851,15216,16304,0,0,0,0,0,0,0,0,0,2505495,1251218,0,262144,7673627,219181213,0,0,1026,709620,2040302650,0,0,0,0,0,3,0,0,0,0,0,0,2048177456,495,14121,1865289,1815110669,23823,0,106997,120539678,651092,169,0,651981,169,0,0,0,652150,0,651261,0,0,0,0,0,33,0,85,14704,0,0,0,0,0,0,0,0,225554,611,0,0,0,1015829,21385469,452411,0,0,0,85,1015829,21385469,0,0,46508,4050,23496,19446,19446,0,0,100512,0,0,364,0,0,0,0,0,0,0,59,0,59,0,0,0,0,0,0,0,0,0,0,0,0,0,0,0,0,0,0,0,0,714,24,0
1777071294.001621,1621,ubuntu-rog,1,0,0,6918191,6316,2891690,5282270,446089,0,16,0,0,0,0,0,1969028376,0,0,4907,1970187056,0,6316,2891690,5282270,446089,0,461658,169225,0,0,14149,0,199,0,0,0,3,0,2891671,104805,5734906,16,0,0,6522,0,0,0,0,0,0,0,48075188,44711815,0,0,107851,107851,15216,16304,0,0,0,0,0,0,0,0,0,2505495,1251218,0,262144,7673627,219181213,0,0,1026,709620,2040302680,0,0,0,0,0,3,0,0,0,0,0,0,2048177486,495,14121,1865289,1815110669,23823,0,106997,120539678,651092,169,0,651981,169,0,0,0,652150,0,651261,0,0,0,0,0,33,0,85,14704,0,0,0,0,0,0,0,0,225554,611,0,0,0,1015829,21385469,452411,0,0,0,85,1015829,21385469,0,0,46508,4050,23496,19446,19446,0,0,100512,0,0,364,0,0,0,0,0,0,0,59,0,59,0,0,0,0,0,0,0,0,0,0,0,0,0,0,0,0,0,0,0,0,714,24,0
1777071295.002292,2292,ubuntu-rog,1,0,0,6918191,6316,2891690,5282270,446089,0,17,0,0,0,0,0,1969028407,0,0,4907,1970187087,0,6316,2891690,5282270,446089,0,461658,169225,0,0,14149,0,199,0,0,0,3,0,2891671,104805,5734907,17,0,0,6522,0,0,0,0,0,0,0,48075189,44711815,0,0,107851,107851,15216,16304,0,0,0,0,0,0,0,0,0,2505495,1251218,0,262144,7673627,219181213,0,0,1026,709620,2040302711,0,0,0,0,0,3,0,0,0,0,0,0,2048177516,495,14121,1865289,1815110669,23823,0,106997,120539678,651092,169,0,651981,169,0,0,0,652150,0,651261,0,0,0,0,0,33,0,85,14704,0,0,0,0,0,0,0,0,225554,611,0,0,0,1015829,21385469,452411,0,0,0,85,1015829,21385469,0,0,46508,4050,23496,19446,19446,0,0,100512,0,0,364,0,0,0,0,0,0,0,59,0,59,0,0,0,0,0,0,0,0,0,0,0,0,0,0,0,0,0,0,0,0,714,24,0
1777071296.001302,1302,ubuntu-rog,1,0,0,6918191,6316,2891690,5282270,446089,0,18,0,0,0,0,0,1969028429,0,0,4907,1970187109,0,6316,2891690,5282270,446089,0,461658,169225,0,0,14149,0,199,0,0,0,3,0,2891671,104805,5734908,18,0,0,6522,0,0,0,0,0,0,0,48075190,44711815,0,0,107851,107851,15216,16304,0,0,0,0,0,0,0,0,0,2505495,1251218,0,262144,7673627,219181213,0,0,1026,709620,2040302733,0,0,0,0,0,3,0,0,0,0,0,0,2048177537,495,14121,1865289,1815110669,23823,0,106997,120539678,651092,169,0,651981,169,0,0,0,652150,0,651261,0,0,0,0,0,33,0,85,14704,0,0,0,0,0,0,0,0,225554,611,0,0,0,1015829,21385469,452411,0,0,0,85,1015829,21385469,0,0,46508,4050,23496,19446,19446,0,0,100512,0,0,364,0,0,0,0,0,0,0,59,0,59,0,0,0,0,0,0,0,0,0,0,0,0,0,0,0,0,0,0,0,0,714,24,0
1777071297.001159,1159,ubuntu-rog,1,0,0,6918191,6316,2891690,5282270,446089,0,18,0,0,0,0,0,1969028459,0,0,4907,1970187139,0,6316,2891690,5282270,446089,0,461658,169225,0,0,14149,0,199,0,0,0,3,0,2891671,104805,5734910,18,0,0,6522,0,0,0,0,0,0,0,48075190,44711815,0,0,107851,107851,15216,16304,0,0,0,0,0,0,0,0,0,2505495,1251218,0,262144,7673627,219181229,0,0,1026,709620,2040302763,0,0,0,0,0,3,0,0,0,0,0,0,2048177565,495,14121,1865289,1815110669,23823,0,106997,120539678,651092,169,0,651981,169,0,0,0,652150,0,651261,0,0,0,0,0,33,0,85,14704,0,0,0,0,0,0,0,0,225554,611,0,0,0,1015829,21385469,452411,0,0,0,85,1015829,21385469,0,0,46508,4050,23496,19446,19446,0,0,100512,0,0,364,0,0,0,0,0,0,0,59,0,59,0,0,0,0,0,0,0,0,0,0,0,0,0,0,0,0,0,0,0,0,714,24,0
1777071298.001159,1159,ubuntu-rog,1,0,0,6918191,6316,2891690,5282270,446089,0,18,0,0,0,0,0,1969028489,0,0,4907,1970187169,0,6316,2891690,5282270,446089,0,461658,169225,0,0,14149,0,199,0,0,0,3,0,2891671,104805,5734910,18,0,0,6522,0,0,0,0,0,0,0,48075190,44711815,0,0,107851,107851,15216,16304,0,0,0,0,0,0,0,0,0,2505495,1251218,0,262144,7673627,219181229,0,0,1026,709620,2040302793,0,0,0,0,0,3,0,0,0,0,0,0,2048177595,495,14121,1865289,1815110669,23823,0,106997,120539678,651092,169,0,651981,169,0,0,0,652150,0,651261,0,0,0,0,0,33,0,85,14704,0,0,0,0,0,0,0,0,225554,611,0,0,0,1015829,21385469,452411,0,0,0,85,1015829,21385469,0,0,46508,4050,23496,19446,19446,0,0,100512,0,0,364,0,0,0,0,0,0,0,59,0,59,0,0,0,0,0,0,0,0,0,0,0,0,0,0,0,0,0,0,0,0,714,24,0
1777071299.002258,2258,ubuntu-rog,1,0,0,6918191,6316,2891690,5282270,446089,0,19,0,0,0,0,0,1969028513,0,0,4907,1970187193,0,6316,2891690,5282270,446089,0,461658,169225,0,0,14149,0,199,0,0,0,3,0,2891671,104805,5734911,19,0,0,6522,0,0,0,0,0,0,0,48075191,44711815,0,0,107851,107851,15216,16304,0,0,0,0,0,0,0,0,0,2505495,1251218,0,262144,7673627,219181229,0,0,1026,709620,2040302817,0,0,0,0,0,3,0,0,0,0,0,0,2048177618,495,14121,1865289,1815110669,23823,0,106997,120539678,651092,169,0,651981,169,0,0,0,652150,0,651261,0,0,0,0,0,33,0,85,14704,0,0,0,0,0,0,0,0,225554,611,0,0,0,1015829,21385469,452411,0,0,0,85,1015829,21385469,0,0,46508,4050,23496,19446,19446,0,0,100512,0,0,364,0,0,0,0,0,0,0,59,0,59,0,0,0,0,0,0,0,0,0,0,0,0,0,0,0,0,0,0,0,0,714,24,0
1777071300.001238,1238,ubuntu-rog,1,0,0,6918191,6316,2891690,5282270,446089,0,19,0,0,0,0,0,1969028543,0,0,4907,1970187223,0,6316,2891690,5282270,446089,0,461658,169225,0,0,14149,0,199,0,0,0,3,0,2891671,104805,5734911,19,0,0,6522,0,0,0,0,0,0,0,48075191,44711815,0,0,107851,107851,15216,16304,0,0,0,0,0,0,0,0,0,2505495,1251218,0,262144,7673627,219181229,0,0,1026,709620,2040302847,0,0,0,0,0,3,0,0,0,0,0,0,2048177649,495,14121,1865289,1815110669,23823,0,106997,120539678,651092,169,0,651981,169,0,0,0,652150,0,651261,0,0,0,0,0,33,0,85,14704,0,0,0,0,0,0,0,0,225554,611,0,0,0,1015829,21385469,452411,0,0,0,85,1015829,21385469,0,0,46508,4050,23496,19446,19446,0,0,100512,0,0,364,0,0,0,0,0,0,0,59,0,59,0,0,0,0,0,0,0,0,0,0,0,0,0,0,0,0,0,0,0,0,714,24,0
1777071301.001303,1303,ubuntu-rog,1,0,0,6918191,6316,2891690,5282270,446089,0,20,0,0,0,0,0,1969028575,0,0,4907,1970187255,0,6316,2891690,5282270,446089,0,461658,169225,0,0,14149,0,199,0,0,0,3,0,2891671,104805,5734912,20,0,0,6522,0,0,0,0,0,0,0,48075192,44711815,0,0,107851,107851,15216,16304,0,0,0,0,0,0,0,0,0,2505495,1251218,0,262144,7673627,219181229,0,0,1026,709620,2040302879,0,0,0,0,0,3,0,0,0,0,0,0,2048177679,495,14121,1865289,1815110669,23823,0,106997,120539678,651092,169,0,651981,169,0,0,0,652150,0,651261,0,0,0,0,0,33,0,85,14704,0,0,0,0,0,0,0,0,225554,611,0,0,0,1015829,21385469,452411,0,0,0,85,1015829,21385469,0,0,46508,4050,23496,19446,19446,0,0,100512,0,0,364,0,0,0,0,0,0,0,59,0,59,0,0,0,0,0,0,0,0,0,0,0,0,0,0,0,0,0,0,0,0,714,24,0
1777071302.001158,1158,ubuntu-rog,1,0,0,6917939,6316,2891715,5282281,446089,0,71,0,0,0,0,0,1969029010,0,0,4907,1970187690,0,6316,2891715,5282281,446089,0,461658,169225,0,0,14149,0,199,0,0,0,3,0,2891671,104807,5734915,71,0,0,6522,0,0,0,0,0,0,0,48075244,44711816,0,0,107851,107851,15216,16304,0,0,0,0,0,0,0,0,0,2505447,1251194,0,262144,7673627,219181273,0,0,1026,709620,2040303314,0,0,0,0,0,3,0,0,0,0,0,0,2048178051,495,14121,1865289,1815111376,23823,0,106997,120539794,651092,169,0,651981,169,0,0,0,652150,0,651261,0,0,0,0,0,33,0,85,14704,0,0,0,0,0,0,0,0,225554,611,0,0,0,1015829,21385469,452411,0,0,0,85,1015829,21385469,0,0,46508,4050,23496,19446,19446,0,0,100512,0,0,364,0,0,0,0,0,0,0,59,0,59,0,0,0,0,0,0,0,0,0,0,0,0,0,0,0,0,0,0,0,0,714,24,0
1777071303.002159,2159,ubuntu-rog,1,0,0,6917939,6316,2891715,5282281,446089,0,72,0,0,0,0,0,1969029039,0,0,4907,1970187719,0,6316,2891715,5282281,446089,0,461658,169225,0,0,14149,0,199,0,0,0,3,0,2891671,104807,5734916,72,0,0,6522,0,0,0,0,0,0,0,48075245,44711816,0,0,107851,107851,15216,16304,0,0,0,0,0,0,0,0,0,2505447,1251194,0,262144,7673627,219181273,0,0,1026,709620,2040303343,0,0,0,0,0,3,0,0,0,0,0,0,2048178079,495,14121,1865289,1815111376,23823,0,106997,120539794,651092,169,0,651981,169,0,0,0,652150,0,651261,0,0,0,0,0,33,0,85,14704,0,0,0,0,0,0,0,0,225554,611,0,0,0,1015829,21385469,452411,0,0,0,85,1015829,21385469,0,0,46508,4050,23496,19446,19446,0,0,100512,0,0,364,0,0,0,0,0,0,0,59,0,59,0,0,0,0,0,0,0,0,0,0,0,0,0,0,0,0,0,0,0,0,714,24,0
1777071304.001260,1260,ubuntu-rog,1,0,0,6917939,6316,2891715,5282281,446089,0,72,0,0,0,0,0,1969029069,0,0,4907,1970187749,0,6316,2891715,5282281,446089,0,461658,169225,0,0,14149,0,199,0,0,0,3,0,2891671,104807,5734916,72,0,0,6522,0,0,0,0,0,0,0,48075245,44711816,0,0,107851,107851,15216,16304,0,0,0,0,0,0,0,0,0,2505447,1251194,0,262144,7673627,219181273,0,0,1026,709620,2040303373,0,0,0,0,0,3,0,0,0,0,0,0,2048178108,495,14121,1865289,1815111376,23823,0,106997,120539794,651092,169,0,651981,169,0,0,0,652150,0,651261,0,0,0,0,0,33,0,85,14704,0,0,0,0,0,0,0,0,225554,611,0,0,0,1015829,21385469,452411,0,0,0,85,1015829,21385469,0,0,46508,4050,23496,19446,19446,0,0,100512,0,0,364,0,0,0,0,0,0,0,59,0,59,0,0,0,0,0,0,0,0,0,0,0,0,0,0,0,0,0,0,0,0,714,24,0
1777071305.001289,1289,ubuntu-rog,1,0,0,6917939,6316,2891715,5282281,446089,0,72,0,0,0,0,0,1969029091,0,0,4907,1970187771,0,6316,2891715,5282281,446089,0,461658,169226,0,0,14149,0,199,0,0,0,3,0,2891671,104807,5734916,72,0,0,6522,0,0,0,0,0,0,0,48075245,44711816,0,0,107851,107851,15216,16304,0,0,0,0,0,0,0,0,0,2505447,1251194,0,262144,7673627,219181273,0,0,1026,709620,2040303395,0,0,0,0,0,3,0,0,0,0,0,0,2048178130,495,14121,1865289,1815111376,23823,0,106997,120539794,651092,169,0,651981,169,0,0,0,652150,0,651261,0,0,0,0,0,33,0,85,14704,0,0,0,0,0,0,0,0,225554,611,0,0,0,1015829,21385469,452411,0,0,0,85,1015829,21385469,0,0,46508,4050,23496,19446,19446,0,0,100512,0,0,364,0,0,0,0,0,0,0,59,0,59,0,0,0,0,0,0,0,0,0,0,0,0,0,0,0,0,0,0,0,0,714,24,0
1777071306.001534,1534,ubuntu-rog,1,0,0,6917939,6316,2891715,5282281,446089,0,73,0,0,0,0,0,1969029123,0,0,4907,1970187803,0,6316,2891715,5282281,446089,0,461658,169226,0,0,14149,0,199,0,0,0,3,0,2891671,104807,5734917,73,0,0,6522,0,0,0,0,0,0,0,48075246,44711816,0,0,107851,107851,15216,16304,0,0,0,0,0,0,0,0,0,2505447,1251194,0,262144,7673627,219181273,0,0,1026,709620,2040303427,0,0,0,0,0,3,0,0,0,0,0,0,2048178161,495,14121,1865289,1815111376,23823,0,106997,120539794,651092,169,0,651981,169,0,0,0,652150,0,651261,0,0,0,0,0,33,0,85,14704,0,0,0,0,0,0,0,0,225554,611,0,0,0,1015829,21385469,452411,0,0,0,85,1015829,21385469,0,0,46508,4050,23496,19446,19446,0,0,100512,0,0,364,0,0,0,0,0,0,0,59,0,59,0,0,0,0,0,0,0,0,0,0,0,0,0,0,0,0,0,0,0,0,714,24,0
1777071307.002156,2156,ubuntu-rog,1,0,0,6917939,6316,2891721,5282302,446089,0,75,0,0,0,0,0,1969029156,0,0,4907,1970187836,0,6316,2891721,5282302,446089,0,461658,169226,0,0,14149,0,199,0,0,0,3,0,2891671,104807,5734920,75,0,0,6522,0,0,0,0,0,0,0,48075248,44711816,0,0,107851,107851,15216,16304,0,0,0,0,0,0,0,0,0,2505451,1251196,0,262144,7673627,219181317,0,0,1026,709620,2040303460,0,0,0,0,0,3,0,0,0,0,0,0,2048178195,495,14121,1865289,1815111376,23823,0,106997,120539794,651092,169,0,651981,169,0,0,0,652150,0,651261,0,0,0,0,0,33,0,85,14704,0,0,0,0,0,0,0,0,225554,611,0,0,0,1015829,21385469,452411,0,0,0,85,1015829,21385469,0,0,46508,4050,23496,19446,19446,0,0,100512,0,0,364,0,0,0,0,0,0,0,59,0,59,0,0,0,0,0,0,0,0,0,0,0,0,0,0,0,0,0,0,0,0,714,24,0
1777071308.001160,1160,ubuntu-rog,1,0,0,6917939,6316,2891721,5282302,446089,0,65,0,0,0,0,0,1969029184,0,0,4907,1970187864,0,6316,2891721,5282302,446089,0,461658,169226,0,0,14149,0,199,0,0,0,3,0,2891671,104807,5734920,65,0,0,6522,0,0,0,0,0,0,0,48075248,44711826,0,0,107851,107851,15216,16304,0,0,0,0,0,0,0,0,0,2505451,1251196,0,262144,7673627,219181357,0,0,1026,709620,2040303488,0,0,0,0,0,3,0,0,0,0,0,0,2048178223,495,14121,1865289,1815111376,23823,0,106997,120539794,651092,169,0,651981,169,0,0,0,652150,0,651261,0,0,0,0,0,33,0,85,14704,0,0,0,0,0,0,0,0,225554,611,0,0,0,1015829,21385469,452411,0,0,0,85,1015829,21385469,0,0,46508,4050,23496,19446,19446,0,0,100512,0,0,364,0,0,0,0,0,0,0,59,0,59,0,0,0,0,0,0,0,0,0,0,0,0,0,0,0,0,0,0,0,0,714,24,0
1777071309.001262,1262,ubuntu-rog,1,0,0,6917939,6316,2891721,5282302,446089,0,67,0,0,0,0,0,1969029214,0,0,4907,1970187894,0,6316,2891721,5282302,446089,0,461658,169226,0,0,14149,0,199,0,0,0,3,0,2891671,104807,5734921,67,0,0,6522,0,0,0,0,0,0,0,48075250,44711826,0,0,107851,107851,15184,16304,0,0,0,0,0,0,0,0,0,2505451,1251196,0,262144,7673627,219181357,0,0,1026,709620,2040303518,0,0,0,0,0,3,0,0,0,0,0,0,2048178260,495,14121,1865289,1815111376,23823,0,106997,120539794,651092,169,0,651981,169,0,0,0,652150,0,651261,0,0,0,0,0,33,0,85,14704,0,0,0,0,0,0,0,0,225554,611,0,0,0,1015829,21385469,452411,0,0,0,85,1015829,21385469,0,0,46508,4050,23496,19446,19446,0,0,100512,0,0,364,0,0,0,0,0,0,0,59,0,59,0,0,0,0,0,0,0,0,0,0,0,0,0,0,0,0,0,0,0,0,714,24,0
1777071310.001294,1294,ubuntu-rog,1,0,0,6917939,6316,2891721,5282302,446089,0,67,0,0,0,0,0,1969029238,0,0,4907,1970187918,0,6316,2891721,5282302,446089,0,461658,169226,0,0,14149,0,199,0,0,0,3,0,2891671,104807,5734921,67,0,0,6522,0,0,0,0,0,0,0,48075250,44711826,0,0,107851,107851,15184,16304,0,0,0,0,0,0,0,0,0,2505451,1251196,0,262144,7673627,219181357,0,0,1026,709620,2040303542,0,0,0,0,0,3,0,0,0,0,0,0,2048178283,495,14121,1865289,1815111376,23823,0,106997,120539794,651092,169,0,651981,169,0,0,0,652150,0,651261,0,0,0,0,0,33,0,85,14704,0,0,0,0,0,0,0,0,225554,611,0,0,0,1015829,21385469,452411,0,0,0,85,1015829,21385469,0,0,46508,4050,23496,19446,19446,0,0,100512,0,0,364,0,0,0,0,0,0,0,59,0,59,0,0,0,0,0,0,0,0,0,0,0,0,0,0,0,0,0,0,0,0,714,24,0
1777071311.002299,2299,ubuntu-rog,1,0,0,6917939,6316,2891688,5282302,446089,0,67,0,0,0,0,0,1969029270,0,0,4907,1970187950,0,6316,2891688,5282302,446089,0,461658,169227,0,0,14149,0,199,0,0,0,3,0,2891628,104807,5734921,67,0,0,6522,0,0,0,0,0,0,0,48075250,44711826,0,0,107851,107851,15184,16304,0,0,0,0,0,0,0,0,0,2505451,1251196,0,262144,7673627,219181357,0,0,1026,709620,2040303574,0,0,0,0,0,3,0,0,0,0,0,0,2048178348,495,14121,1865289,1815111376,23823,0,106997,120539794,651092,169,0,651981,169,0,0,0,652150,0,651261,0,0,0,0,0,33,0,85,14704,0,0,0,0,0,0,0,0,225554,611,0,0,0,1015829,21385469,452411,0,0,0,85,1015829,21385469,0,0,46508,4050,23496,19446,19446,0,0,100512,0,0,364,0,0,0,0,0,0,0,59,0,59,0,0,0,0,0,0,0,0,0,0,0,0,0,0,0,0,0,0,0,0,714,24,0
1777071312.001159,1159,ubuntu-rog,1,0,0,6917939,6316,2891688,5282302,446089,0,69,0,0,0,0,0,1969029307,0,0,4907,1970187987,0,6316,2891688,5282302,446089,0,461658,169227,0,0,14149,0,199,0,0,0,3,0,2891628,104807,5734924,69,0,0,6522,0,0,0,0,0,0,0,48075252,44711826,0,0,107851,107851,15184,16304,0,0,0,0,0,0,0,0,0,2505451,1251196,0,262144,7673627,219181389,0,0,1026,709620,2040303611,0,0,0,0,0,3,0,0,0,0,0,0,2048178382,495,14121,1865289,1815111376,23823,0,106997,120539794,651092,169,0,651981,169,0,0,0,652150,0,651261,0,0,0,0,0,33,0,85,14704,0,0,0,0,0,0,0,0,225554,611,0,0,0,1015829,21385469,452411,0,0,0,85,1015829,21385469,0,0,46508,4050,23496,19446,19446,0,0,100512,0,0,364,0,0,0,0,0,0,0,59,0,59,0,0,0,0,0,0,0,0,0,0,0,0,0,0,0,0,0,0,0,0,714,24,0
1777071313.001161,1161,ubuntu-rog,1,0,0,6917939,6316,2891688,5282302,446089,0,70,0,0,0,0,0,1969029332,0,0,4907,1970188012,0,6316,2891688,5282302,446089,0,461658,169227,0,0,14149,0,199,0,0,0,3,0,2891628,104807,5734925,70,0,0,6522,0,0,0,0,0,0,0,48075253,44711826,0,0,107851,107851,15184,16304,0,0,0,0,0,0,0,0,0,2505451,1251196,0,262144,7673627,219181389,0,0,1026,709620,2040303636,0,0,0,0,0,3,0,0,0,0,0,0,2048178406,495,14121,1865289,1815111376,23823,0,106997,120539794,651092,169,0,651981,169,0,0,0,652150,0,651261,0,0,0,0,0,33,0,85,14704,0,0,0,0,0,0,0,0,225554,611,0,0,0,1015829,21385469,452411,0,0,0,85,1015829,21385469,0,0,46508,4050,23496,19446,19446,0,0,100512,0,0,364,0,0,0,0,0,0,0,59,0,59,0,0,0,0,0,0,0,0,0,0,0,0,0,0,0,0,0,0,0,0,714,24,0
1777071314.001262,1262,ubuntu-rog,1,0,0,6917939,6316,2891688,5282302,446089,0,70,0,0,0,0,0,1969029363,0,0,4907,1970188043,0,6316,2891688,5282302,446089,0,461658,169227,0,0,14149,0,199,0,0,0,3,0,2891628,104807,5734925,70,0,0,6522,0,0,0,0,0,0,0,48075253,44711826,0,0,107851,107851,15184,16304,0,0,0,0,0,0,0,0,0,2505451,1251196,0,262144,7673627,219181389,0,0,1026,709620,2040303667,0,0,0,0,0,3,0,0,0,0,0,0,2048178437,495,14121,1865289,1815111376,23823,0,106997,120539794,651092,169,0,651981,169,0,0,0,652150,0,651261,0,0,0,0,0,33,0,85,14704,0,0,0,0,0,0,0,0,225554,611,0,0,0,1015829,21385469,452411,0,0,0,85,1015829,21385469,0,0,46508,4050,23496,19446,19446,0,0,100512,0,0,364,0,0,0,0,0,0,0,59,0,59,0,0,0,0,0,0,0,0,0,0,0,0,0,0,0,0,0,0,0,0,714,24,0
1777071315.002293,2293,ubuntu-rog,1,0,0,6917939,6316,2891688,5282302,446089,0,71,0,0,0,0,0,1969029393,0,0,4907,1970188073,0,6316,2891688,5282302,446089,0,461658,169227,0,0,14149,0,199,0,0,0,3,0,2891628,104807,5734926,71,0,0,6522,0,0,0,0,0,0,0,48075254,44711826,0,0,107851,107851,15184,16304,0,0,0,0,0,0,0,0,0,2505451,1251196,0,262144,7673627,219181389,0,0,1026,709620,2040303697,0,0,0,0,0,3,0,0,0,0,0,0,2048178466,495,14121,1865289,1815111376,23823,0,106997,120539794,651092,169,0,651981,169,0,0,0,652150,0,651261,0,0,0,0,0,33,0,85,14704,0,0,0,0,0,0,0,0,225554,611,0,0,0,1015829,21385469,452411,0,0,0,85,1015829,21385469,0,0,46508,4050,23496,19446,19446,0,0,100512,0,0,364,0,0,0,0,0,0,0,59,0,59,0,0,0,0,0,0,0,0,0,0,0,0,0,0,0,0,0,0,0,0,714,24,0
1777071316.001293,1293,ubuntu-rog,1,0,0,6917939,6316,2891688,5282325,446089,0,58,0,0,0,0,0,1969029418,0,0,4907,1970188098,0,6316,2891688,5282325,446089,0,461658,169227,0,0,14149,0,199,0,0,0,3,0,2891628,104807,5734927,58,0,0,6522,0,0,0,0,0,0,0,48075255,44711840,0,0,107851,107851,15184,16304,0,0,0,0,0,0,0,0,0,2505455,1251198,0,262144,7673627,219181437,0,0,1026,709620,2040303722,0,0,0,0,0,3,0,0,0,0,0,0,2048178490,495,14121,1865289,1815111376,23823,0,106997,120539794,651092,169,0,651981,169,0,0,0,652150,0,651261,0,0,0,0,0,33,0,85,14704,0,0,0,0,0,0,0,0,225554,611,0,0,0,1015829,21385469,452411,0,0,0,85,1015829,21385469,0,0,46508,4050,23496,19446,19446,0,0,100512,0,0,364,0,0,0,0,0,0,0,59,0,59,0,0,0,0,0,0,0,0,0,0,0,0,0,0,0,0,0,0,0,0,714,24,0
1777071317.001156,1156,ubuntu-rog,1,0,0,6917939,6316,2891688,5282325,446089,0,60,0,0,0,0,0,1969029449,0,0,4907,1970188129,0,6316,2891688,5282325,446089,0,461658,169227,0,0,14149,0,199,0,0,0,3,0,2891628,104807,5734929,60,0,0,6522,0,0,0,0,0,0,0,48075257,44711840,0,0,107851,107851,15184,16304,0,0,0,0,0,0,0,0,0,2505455,1251198,0,262144,7673627,219181453,0,0,1026,709620,2040303753,0,0,0,0,0,3,0,0,0,0,0,0,2048178519,495,14121,1865289,1815111376,23823,0,106997,120539794,651092,169,0,651981,169,0,0,0,652150,0,651261,0,0,0,0,0,33,0,85,14704,0,0,0,0,0,0,0,0,225554,611,0,0,0,1015829,21385469,452411,0,0,0,85,1015829,21385469,0,0,46508,4050,23496,19446,19446,0,0,100512,0,0,364,0,0,0,0,0,0,0,59,0,59,0,0,0,0,0,0,0,0,0,0,0,0,0,0,0,0,0,0,0,0,714,24,0
1777071318.001154,1154,ubuntu-rog,1,0,0,6917939,6316,2891688,5282325,446089,0,61,0,0,0,0,0,1969029482,0,0,4907,1970188162,0,6316,2891688,5282325,446089,0,461658,169227,0,0,14149,0,199,0,0,0,3,0,2891628,104807,5734930,61,0,0,6522,0,0,0,0,0,0,0,48075258,44711840,0,0,107851,107851,15184,16304,0,0,0,0,0,0,0,0,0,2505455,1251198,0,262144,7673627,219181453,0,0,1026,709620,2040303786,0,0,0,0,0,3,0,0,0,0,0,0,2048178551,495,14121,1865289,1815111376,23823,0,106997,120539794,651092,169,0,651981,169,0,0,0,652150,0,651261,0,0,0,0,0,33,0,85,14704,0,0,0,0,0,0,0,0,225554,611,0,0,0,1015829,21385469,452411,0,0,0,85,1015829,21385469,0,0,46508,4050,23496,19446,19446,0,0,100512,0,0,364,0,0,0,0,0,0,0,59,0,59,0,0,0,0,0,0,0,0,0,0,0,0,0,0,0,0,0,0,0,0,714,24,0
1777071319.002318,2318,ubuntu-rog,1,0,0,6917939,6316,2891688,5282325,446089,0,61,0,0,0,0,0,1969029505,0,0,4907,1970188185,0,6316,2891688,5282325,446089,0,461658,169227,0,0,14149,0,199,0,0,0,3,0,2891628,104807,5734930,61,0,0,6522,0,0,0,0,0,0,0,48075258,44711840,0,0,107851,107851,15184,16304,0,0,0,0,0,0,0,0,0,2505455,1251198,0,262144,7673627,219181453,0,0,1026,709620,2040303809,0,0,0,0,0,3,0,0,0,0,0,0,2048178574,495,14121,1865289,1815111376,23823,0,106997,120539794,651092,169,0,651981,169,0,0,0,652150,0,651261,0,0,0,0,0,33,0,85,14704,0,0,0,0,0,0,0,0,225554,611,0,0,0,1015829,21385469,452411,0,0,0,85,1015829,21385469,0,0,46508,4050,23496,19446,19446,0,0,100512,0,0,364,0,0,0,0,0,0,0,59,0,59,0,0,0,0,0,0,0,0,0,0,0,0,0,0,0,0,0,0,0,0,714,24,0
1777071320.001295,1295,ubuntu-rog,1,0,0,6917939,6316,2891688,5282325,446089,0,62,0,0,0,0,0,1969029536,0,0,4907,1970188216,0,6316,2891688,5282325,446089,0,461658,169227,0,0,14149,0,199,0,0,0,3,0,2891628,104807,5734931,62,0,0,6522,0,0,0,0,0,0,0,48075259,44711840,0,0,107851,107851,15184,16304,0,0,0,0,0,0,0,0,0,2505455,1251198,0,262144,7673627,219181453,0,0,1026,709620,2040303840,0,0,0,0,0,3,0,0,0,0,0,0,2048178604,495,14121,1865289,1815111376,23823,0,106997,120539794,651092,169,0,651981,169,0,0,0,652150,0,651261,0,0,0,0,0,33,0,85,14704,0,0,0,0,0,0,0,0,225554,611,0,0,0,1015829,21385469,452411,0,0,0,85,1015829,21385469,0,0,46508,4050,23496,19446,19446,0,0,100512,0,0,364,0,0,0,0,0,0,0,59,0,59,0,0,0,0,0,0,0,0,0,0,0,0,0,0,0,0,0,0,0,0,714,24,0
1777071321.001302,1302,ubuntu-rog,1,0,0,6917939,6316,2891688,5282325,446089,0,62,0,0,0,0,0,1969029565,0,0,4907,1970188245,0,6316,2891688,5282325,446089,0,461658,169227,0,0,14149,0,199,0,0,0,3,0,2891628,104807,5734931,62,0,0,6522,0,0,0,0,0,0,0,48075259,44711840,0,0,107851,107851,15184,16304,0,0,0,0,0,0,0,0,0,2505455,1251198,0,262144,7673627,219181453,0,0,1026,709620,2040303869,0,0,0,0,0,3,0,0,0,0,0,0,2048178633,495,14121,1865289,1815111376,23823,0,106997,120539794,651092,169,0,651981,169,0,0,0,652150,0,651261,0,0,0,0,0,33,0,85,14704,0,0,0,0,0,0,0,0,225554,611,0,0,0,1015829,21385469,452411,0,0,0,85,1015829,21385469,0,0,46508,4050,23496,19446,19446,0,0,100512,0,0,364,0,0,0,0,0,0,0,59,0,59,0,0,0,0,0,0,0,0,0,0,0,0,0,0,0,0,0,0,0,0,714,24,0
1777071322.001155,1155,ubuntu-rog,1,0,0,6917939,6316,2891688,5282325,446089,0,62,0,0,0,0,0,1969029587,0,0,4907,1970188267,0,6316,2891688,5282325,446089,0,461658,169227,0,0,14149,0,199,0,0,0,3,0,2891628,104807,5734931,62,0,0,6522,0,0,0,0,0,0,0,48075259,44711840,0,0,107851,107851,15184,16304,0,0,0,0,0,0,0,0,0,2505455,1251198,0,262144,7673627,219181453,0,0,1026,709620,2040303891,0,0,0,0,0,3,0,0,0,0,0,0,2048178655,495,14121,1865289,1815111376,23823,0,106997,120539794,651092,169,0,651981,169,0,0,0,652150,0,651261,0,0,0,0,0,33,0,85,14704,0,0,0,0,0,0,0,0,225554,611,0,0,0,1015829,21385469,452411,0,0,0,85,1015829,21385469,0,0,46508,4050,23496,19446,19446,0,0,100512,0,0,364,0,0,0,0,0,0,0,59,0,59,0,0,0,0,0,0,0,0,0,0,0,0,0,0,0,0,0,0,0,0,714,24,0
1777071323.002156,2156,ubuntu-rog,1,0,0,6917939,6316,2891688,5282325,446089,0,64,0,0,0,0,0,1969029622,0,0,4907,1970188302,0,6316,2891688,5282325,446089,0,461658,169227,0,0,14149,0,199,0,0,0,3,0,2891628,104807,5734935,64,0,0,6522,0,0,0,0,0,0,0,48075261,44711840,0,0,107851,107851,15184,16304,0,0,0,0,0,0,0,0,0,2505455,1251198,0,262144,7673627,219181517,0,0,1026,709620,2040303926,0,0,0,0,0,3,0,0,0,0,0,0,2048178686,495,14121,1865289,1815111376,23823,0,106997,120539794,651092,169,0,651981,169,0,0,0,652150,0,651261,0,0,0,0,0,33,0,85,14704,0,0,0,0,0,0,0,0,225554,611,0,0,0,1015829,21385469,452411,0,0,0,85,1015829,21385469,0,0,46508,4050,23496,19446,19446,0,0,100512,0,0,364,0,0,0,0,0,0,0,59,0,59,0,0,0,0,0,0,0,0,0,0,0,0,0,0,0,0,0,0,0,0,714,24,0
1777071324.001251,1251,ubuntu-rog,1,0,0,6917939,6316,2891688,5282325,446089,0,52,0,0,0,0,0,1969029669,0,0,4907,1970188349,0,6316,2891688,5282325,446089,0,461658,169227,0,0,14149,0,199,0,0,0,3,0,2891628,104807,5734935,52,0,0,6522,0,0,0,0,0,0,0,48075261,44711852,0,0,107851,107851,15184,16304,0,0,0,0,0,0,0,0,0,2505455,1251198,0,262144,7673627,219181517,0,0,1026,709620,2040303973,0,0,0,0,0,3,0,0,0,0,0,0,2048178733,495,14121,1865289,1815111376,23823,0,106997,120539794,651092,169,0,651981,169,0,0,0,652150,0,651261,0,0,0,0,0,33,0,85,14704,0,0,0,0,0,0,0,0,225554,611,0,0,0,1015829,21385469,452411,0,0,0,85,1015829,21385469,0,0,46508,4050,23496,19446,19446,0,0,100512,0,0,364,0,0,0,0,0,0,0,59,0,59,0,0,0,0,0,0,0,0,0,0,0,0,0,0,0,0,0,0,0,0,714,24,0
1777071325.001310,1310,ubuntu-rog,1,0,0,6917939,6316,2891688,5282325,446089,0,52,0,0,0,0,0,1969029711,0,0,4907,1970188391,0,6316,2891688,5282325,446089,0,461658,169227,0,0,14149,0,199,0,0,0,3,0,2891628,104807,5734935,52,0,0,6522,0,0,0,0,0,0,0,48075261,44711852,0,0,107851,107851,15184,16304,0,0,0,0,0,0,0,0,0,2505455,1251198,0,262144,7673627,219181517,0,0,1026,709620,2040304015,0,0,0,0,0,3,0,0,0,0,0,0,2048178775,495,14121,1865289,1815111376,23823,0,106997,120539794,651092,169,0,651981,169,0,0,0,652150,0,651261,0,0,0,0,0,33,0,85,14704,0,0,0,0,0,0,0,0,225554,611,0,0,0,1015829,21385469,452411,0,0,0,85,1015829,21385469,0,0,46508,4050,23496,19446,19446,0,0,100512,0,0,364,0,0,0,0,0,0,0,59,0,59,0,0,0,0,0,0,0,0,0,0,0,0,0,0,0,0,0,0,0,0,714,24,0
1777071326.001311,1311,ubuntu-rog,1,0,0,6815274,6316,2986108,5282341,446089,0,53,0,0,0,0,0,1969228858,0,0,4907,1970387538,0,6316,2986108,5282341,446089,0,461658,169227,0,0,14149,0,199,0,0,0,3,0,2985991,104807,5734936,53,0,0,6522,0,0,0,0,0,0,0,48075262,44711852,0,0,107851,107851,15184,16433,0,0,0,0,0,0,0,0,0,2484931,1240948,0,262144,7673627,219181517,0,0,1026,709620,2040503188,0,0,0,0,0,3,0,0,0,0,0,0,2048282510,495,14121,1865289,1815310092,23823,0,106997,120539794,651092,169,0,651981,169,0,0,0,652150,0,651261,0,0,0,0,0,33,0,85,14704,0,0,0,0,0,0,0,0,225554,611,0,0,0,1015829,21385469,452411,0,0,0,85,1015829,21385469,0,0,46508,4050,23496,19446,19446,0,0,100512,0,0,364,0,0,0,0,0,0,0,59,0,59,0,0,0,0,0,0,0,0,0,0,0,0,0,0,0,0,0,0,0,0,714,24,0
1777071327.002157,2157,ubuntu-rog,1,0,0,6893950,6316,2909049,5282342,446089,0,55,0,0,0,0,0,1969426953,0,0,4907,1970585633,0,6316,2909049,5282342,446089,0,461658,169227,0,0,14149,0,199,0,0,0,3,0,2908859,104807,5734937,55,0,0,6522,0,0,0,0,0,0,0,48075264,44711852,0,0,107851,107851,15184,16338,0,0,0,0,0,0,0,0,0,2500662,1248804,0,262144,7673627,219181517,0,0,1026,709620,2040701257,0,0,0,0,0,3,0,0,0,0,0,0,2048558545,495,14121,1865289,1815507676,23823,0,106997,120539794,651092,169,0,651981,169,0,0,0,652150,0,651261,0,0,0,0,0,33,0,85,14704,0,0,0,0,0,0,0,0,225554,611,0,0,0,1015829,21385469,452411,0,0,0,85,1015829,21385469,0,0,46508,4050,23496,19446,19446,0,0,100512,0,0,364,0,0,0,0,0,0,0,59,0,59,0,0,0,0,0,0,0,0,0,0,0,0,0,0,0,0,0,0,0,0,714,24,0
1777071328.001166,1166,ubuntu-rog,1,0,0,6913620,6316,2891478,5282342,446089,0,59,0,0,0,0,0,1969445406,0,0,4907,1970604086,0,6316,2891478,5282342,446089,0,461658,169227,0,0,14149,0,199,0,0,0,3,0,2891624,104807,5734939,59,0,0,6522,0,0,0,0,0,0,0,48075268,44711852,0,0,107851,107851,15184,16304,0,0,0,0,0,0,0,0,0,2504595,1250768,0,262144,7673627,219181549,0,0,1026,709620,2040719710,0,0,0,0,0,3,0,0,0,0,0,0,2048594573,495,14121,1865289,1815526025,23823,0,106997,120539794,651092,169,0,651981,169,0,0,0,652150,0,651261,0,0,0,0,0,33,0,85,14704,0,0,0,0,0,0,0,0,225554,611,0,0,0,1015829,21385469,452411,0,0,0,85,1015829,21385469,0,0,46508,4050,23496,19446,19446,0,0,100512,0,0,364,0,0,0,0,0,0,0,59,0,59,0,0,0,0,0,0,0,0,0,0,0,0,0,0,0,0,0,0,0,0,714,24,0
1777071329.001266,1266,ubuntu-rog,1,0,0,6914226,6316,2891478,5282342,446089,0,61,0,0,0,0,0,1969445437,0,0,4907,1970604117,0,6316,2891478,5282342,446089,0,461658,169227,0,0,14149,0,199,0,0,0,3,0,2891624,104807,5734940,61,0,0,6522,0,0,0,0,0,0,0,48075270,44711852,0,0,107851,107851,15184,16304,0,0,0,0,0,0,0,0,0,2504716,1250829,0,262144,7673627,219181549,0,0,1026,709620,2040719741,0,0,0,0,0,3,0,0,0,0,0,0,2048594603,495,14121,1865289,1815526025,23823,0,106997,120539794,651092,169,0,651981,169,0,0,0,652150,0,651261,0,0,0,0,0,33,0,85,14704,0,0,0,0,0,0,0,0,225554,611,0,0,0,1015829,21385469,452411,0,0,0,85,1015829,21385469,0,0,46508,4050,23496,19446,19446,0,0,100512,0,0,364,0,0,0,0,0,0,0,59,0,59,0,0,0,0,0,0,0,0,0,0,0,0,0,0,0,0,0,0,0,0,714,24,0
1777071330.001305,1305,ubuntu-rog,1,0,0,6914686,6316,2891478,5282342,446089,0,62,0,0,0,0,0,1969445462,0,0,4907,1970604142,0,6316,2891478,5282342,446089,0,461658,169227,0,0,14149,0,199,0,0,0,3,0,2891624,104807,5734941,62,0,0,6522,0,0,0,0,0,0,0,48075271,44711852,0,0,107851,107851,15184,16304,0,0,0,0,0,0,0,0,0,2504808,1250875,0,262144,7673627,219181549,0,0,1026,709620,2040719766,0,0,0,0,0,3,0,0,0,0,0,0,2048594627,495,14121,1865289,1815526025,23823,0,106997,120539794,651092,169,0,651981,169,0,0,0,652150,0,651261,0,0,0,0,0,33,0,85,14704,0,0,0,0,0,0,0,0,225554,611,0,0,0,1015829,21385469,452411,0,0,0,85,1015829,21385469,0,0,46508,4050,23496,19446,19446,0,0,100512,0,0,364,0,0,0,0,0,0,0,59,0,59,0,0,0,0,0,0,0,0,0,0,0,0,0,0,0,0,0,0,0,0,714,24,0
1777071331.002307,2307,ubuntu-rog,1,0,0,6915070,6316,2891478,5282342,446089,0,62,0,0,0,0,0,1969445493,0,0,4907,1970604173,0,6316,2891478,5282342,446089,0,461658,169227,0,0,14149,0,199,0,0,0,3,0,2891624,104807,5734941,62,0,0,6522,0,0,0,0,0,0,0,48075271,44711852,0,0,107851,107851,15184,16304,0,0,0,0,0,0,0,0,0,2504885,1250913,0,262144,7673627,219181549,0,0,1026,709620,2040719797,0,0,0,0,0,3,0,0,0,0,0,0,2048594658,495,14121,1865289,1815526025,23823,0,106997,120539794,651092,169,0,651981,169,0,0,0,652150,0,651261,0,0,0,0,0,33,0,85,14704,0,0,0,0,0,0,0,0,225554,611,0,0,0,1015829,21385469,452411,0,0,0,85,1015829,21385469,0,0,46508,4050,23496,19446,19446,0,0,100512,0,0,364,0,0,0,0,0,0,0,59,0,59,0,0,0,0,0,0,0,0,0,0,0,0,0,0,0,0,0,0,0,0,714,24,0
1777071332.001163,1163,ubuntu-rog,1,0,0,6915495,6316,2891478,5282342,446089,0,62,0,0,0,0,0,1969445522,0,0,4907,1970604202,0,6316,2891478,5282342,446089,0,461658,169227,0,0,14149,0,199,0,0,0,3,0,2891624,104807,5734941,62,0,0,6522,0,0,0,0,0,0,0,48075271,44711852,0,0,107851,107851,15184,16304,0,0,0,0,0,0,0,0,0,2504970,1250956,0,262144,7673627,219181549,0,0,1026,709620,2040719826,0,0,0,0,0,3,0,0,0,0,0,0,2048594687,495,14121,1865289,1815526025,23823,0,106997,120539794,651092,169,0,651981,169,0,0,0,652150,0,651261,0,0,0,0,0,33,0,85,14704,0,0,0,0,0,0,0,0,225554,611,0,0,0,1015829,21385469,452411,0,0,0,85,1015829,21385469,0,0,46508,4050,23496,19446,19446,0,0,100512,0,0,364,0,0,0,0,0,0,0,59,0,59,0,0,0,0,0,0,0,0,0,0,0,0,0,0,0,0,0,0,0,0,714,24,0
1777071333.001165,1165,ubuntu-rog,1,0,0,6915765,6316,2891507,5282342,446089,0,19,0,0,0,0,0,1969445544,0,0,4907,1970604224,0,6316,2891507,5282342,446089,0,461658,169227,0,0,14149,0,199,0,0,0,3,0,2891624,104807,5734942,19,0,0,6522,0,0,0,0,0,0,0,48075272,44711896,0,0,107851,107851,15184,16304,0,0,0,0,0,0,0,0,0,2505024,1250983,0,262144,7673627,219181725,0,0,1026,709620,2040719848,0,0,0,0,0,3,0,0,0,0,0,0,2048594708,495,14121,1865289,1815526025,23823,0,106997,120539794,651092,169,0,651981,169,0,0,0,652150,0,651261,0,0,0,0,0,33,0,85,14704,0,0,0,0,0,0,0,0,225554,611,0,0,0,1015829,21385469,452411,0,0,0,85,1015829,21385469,0,0,46508,4050,23496,19446,19446,0,0,100512,0,0,364,0,0,0,0,0,0,0,59,0,59,0,0,0,0,0,0,0,0,0,0,0,0,0,0,0,0,0,0,0,0,714,24,0
1777071334.001269,1269,ubuntu-rog,1,0,0,6916090,6316,2891507,5282342,446089,0,22,0,0,0,0,0,1969445579,0,0,4907,1970604259,0,6316,2891507,5282342,446089,0,461658,169227,0,0,14149,0,199,0,0,0,3,0,2891624,104807,5734945,22,0,0,6522,0,0,0,0,0,0,0,48075275,44711896,0,0,107851,107851,15184,16304,0,0,0,0,0,0,0,0,0,2505089,1251015,0,262144,7673627,219181749,0,0,1026,709620,2040719883,0,0,0,0,0,3,0,0,0,0,0,0,2048594740,495,14121,1865289,1815526025,23823,0,106997,120539794,651092,169,0,651981,169,0,0,0,652150,0,651261,0,0,0,0,0,33,0,85,14704,0,0,0,0,0,0,0,0,225554,611,0,0,0,1015829,21385469,452411,0,0,0,85,1015829,21385469,0,0,46508,4050,23496,19446,19446,0,0,100512,0,0,364,0,0,0,0,0,0,0,59,0,59,0,0,0,0,0,0,0,0,0,0,0,0,0,0,0,0,0,0,0,0,714,24,0
1777071335.002299,2299,ubuntu-rog,1,0,0,6916374,6316,2891507,5282342,446089,0,22,0,0,0,0,0,1969445610,0,0,4907,1970604290,0,6316,2891507,5282342,446089,0,461658,169227,0,0,14149,0,199,0,0,0,3,0,2891624,104807,5734945,22,0,0,6522,0,0,0,0,0,0,0,48075275,44711896,0,0,107851,107851,15184,16304,0,0,0,0,0,0,0,0,0,2505146,1251043,0,262144,7673627,219181749,0,0,1026,709620,2040719914,0,0,0,0,0,3,0,0,0,0,0,0,2048594770,495,14121,1865289,1815526025,23823,0,106997,120539794,651092,169,0,651981,169,0,0,0,652150,0,651261,0,0,0,0,0,33,0,85,14704,0,0,0,0,0,0,0,0,225554,611,0,0,0,1015829,21385469,452411,0,0,0,85,1015829,21385469,0,0,46508,4050,23496,19446,19446,0,0,100512,0,0,364,0,0,0,0,0,0,0,59,0,59,0,0,0,0,0,0,0,0,0,0,0,0,0,0,0,0,0,0,0,0,714,24,0
1777071336.001312,1312,ubuntu-rog,1,0,0,6916522,6316,2891507,5282342,446089,0,22,0,0,0,0,0,1969445632,0,0,4907,1970604312,0,6316,2891507,5282342,446089,0,461658,169228,0,0,14149,0,199,0,0,0,3,0,2891624,104807,5734945,22,0,0,6522,0,0,0,0,0,0,0,48075275,44711896,0,0,107851,107851,15184,16304,0,0,0,0,0,0,0,0,0,2505176,1251058,0,262144,7673627,219181749,0,0,1026,709620,2040719936,0,0,0,0,0,3,0,0,0,0,0,0,2048594792,495,14121,1865289,1815526025,23823,0,106997,120539794,651092,169,0,651981,169,0,0,0,652150,0,651261,0,0,0,0,0,33,0,85,14704,0,0,0,0,0,0,0,0,225554,611,0,0,0,1015829,21385469,452411,0,0,0,85,1015829,21385469,0,0,46508,4050,23496,19446,19446,0,0,100512,0,0,364,0,0,0,0,0,0,0,59,0,59,0,0,0,0,0,0,0,0,0,0,0,0,0,0,0,0,0,0,0,0,714,24,0
1777071337.001162,1162,ubuntu-rog,1,0,0,6916740,6316,2891507,5282342,446089,0,23,0,0,0,0,0,1969445663,0,0,4907,1970604343,0,6316,2891507,5282342,446089,0,461658,169228,0,0,14149,0,199,0,0,0,3,0,2891624,104807,5734946,23,0,0,6522,0,0,0,0,0,0,0,48075276,44711896,0,0,107851,107851,15184,16304,0,0,0,0,0,0,0,0,0,2505219,1251080,0,262144,7673627,219181749,0,0,1026,709620,2040719967,0,0,0,0,0,3,0,0,0,0,0,0,2048594822,495,14121,1865289,1815526025,23823,0,106997,120539794,651092,169,0,651981,169,0,0,0,652150,0,651261,0,0,0,0,0,33,0,85,14704,0,0,0,0,0,0,0,0,225554,611,0,0,0,1015829,21385469,452411,0,0,0,85,1015829,21385469,0,0,46508,4050,23496,19446,19446,0,0,100512,0,0,364,0,0,0,0,0,0,0,59,0,59,0,0,0,0,0,0,0,0,0,0,0,0,0,0,0,0,0,0,0,0,714,24,0
1777071338.001162,1162,ubuntu-rog,1,0,0,6916931,6316,2891507,5282342,446089,0,23,0,0,0,0,0,1969445692,0,0,4907,1970604372,0,6316,2891507,5282342,446089,0,461658,169228,0,0,14149,0,199,0,0,0,3,0,2891624,104807,5734946,23,0,0,6522,0,0,0,0,0,0,0,48075276,44711896,0,0,107851,107851,15184,16304,0,0,0,0,0,0,0,0,0,2505257,1251099,0,262144,7673627,219181749,0,0,1026,709620,2040719996,0,0,0,0,0,3,0,0,0,0,0,0,2048594851,495,14121,1865289,1815526025,23823,0,106997,120539794,651092,169,0,651981,169,0,0,0,652150,0,651261,0,0,0,0,0,33,0,85,14704,0,0,0,0,0,0,0,0,225554,611,0,0,0,1015829,21385469,452411,0,0,0,85,1015829,21385469,0,0,46508,4050,23496,19446,19446,0,0,100512,0,0,364,0,0,0,0,0,0,0,59,0,59,0,0,0,0,0,0,0,0,0,0,0,0,0,0,0,0,0,0,0,0,714,24,0
1777071339.002255,2255,ubuntu-rog,1,0,0,6917098,6316,2891526,5282342,446089,0,13,0,0,0,0,0,1969445724,0,0,4907,1970604404,0,6316,2891526,5282342,446089,0,461658,169228,0,0,14149,0,199,0,0,0,3,0,2891624,104807,5734946,13,0,0,6522,0,0,0,0,0,0,0,48075276,44711906,0,0,107851,107851,15184,16304,0,0,0,0,0,0,0,0,0,2505291,1251116,0,262144,7673627,219181873,0,0,1026,709620,2040720029,0,0,0,0,0,3,0,0,0,0,0,0,2048594880,495,14121,1865289,1815526026,23823,0,106997,120539794,651092,169,0,651981,169,0,0,0,652150,0,651261,0,0,0,0,0,33,0,85,14704,0,0,0,0,0,0,0,0,225554,611,0,0,0,1015829,21385469,452411,0,0,0,85,1015829,21385469,0,0,46508,4050,23496,19446,19446,0,0,100512,0,0,364,0,0,0,0,0,0,0,59,0,59,0,0,0,0,0,0,0,0,0,0,0,0,0,0,0,0,0,0,0,0,714,24,0
1777071340.001306,1306,ubuntu-rog,1,0,0,6917143,6316,2891551,5282342,446089,0,36,0,0,0,0,0,1969445780,0,0,4907,1970604460,0,6316,2891551,5282342,446089,0,461658,169228,0,0,14149,0,199,0,0,0,3,0,2891624,104807,5734965,36,0,0,6522,0,0,0,0,0,0,0,48075309,44711916,0,0,107851,107851,15184,16304,0,0,0,0,0,0,0,0,0,2505300,1251120,0,262144,7673627,219182273,0,0,1026,709620,2040720084,0,0,0,0,0,3,0,0,0,0,0,0,2048594920,495,14121,1865289,1815526026,23823,0,106997,120539794,651092,169,0,651981,169,0,0,0,652150,0,651261,0,0,0,0,0,33,0,85,14704,0,0,0,0,0,0,0,0,225554,611,0,0,0,1015829,21385469,452411,0,0,0,85,1015829,21385469,0,0,46508,4050,23496,19446,19446,0,0,100512,0,0,364,0,0,0,0,0,0,0,59,0,59,0,0,0,0,0,0,0,0,0,0,0,0,0,0,0,0,0,0,0,0,714,24,0
1777071341.001313,1313,ubuntu-rog,1,0,0,6917271,6316,2891551,5282342,446089,0,36,0,0,0,0,0,1969445803,0,0,4907,1970604483,0,6316,2891551,5282342,446089,0,461658,169228,0,0,14149,0,199,0,0,0,3,0,2891624,104807,5734965,36,0,0,6522,0,0,0,0,0,0,0,48075309,44711916,0,0,107851,107851,15184,16304,0,0,0,0,0,0,0,0,0,2505325,1251133,0,262144,7673627,219182273,0,0,1026,709620,2040720107,0,0,0,0,0,3,0,0,0,0,0,0,2048594943,495,14121,1865289,1815526026,23823,0,106997,120539794,651092,169,0,651981,169,0,0,0,652150,0,651261,0,0,0,0,0,33,0,85,14704,0,0,0,0,0,0,0,0,225554,611,0,0,0,1015829,21385469,452411,0,0,0,85,1015829,21385469,0,0,46508,4050,23496,19446,19446,0,0,100512,0,0,364,0,0,0,0,0,0,0,59,0,59,0,0,0,0,0,0,0,0,0,0,0,0,0,0,0,0,0,0,0,0,714,24,0
1777071342.001161,1161,ubuntu-rog,1,0,0,6917383,6316,2891551,5282342,446089,0,36,0,0,0,0,0,1969445830,0,0,4907,1970604510,0,6316,2891551,5282342,446089,0,461658,169228,0,0,14149,0,199,0,0,0,3,0,2891624,104807,5734965,36,0,0,6522,0,0,0,0,0,0,0,48075309,44711916,0,0,107851,107851,15184,16304,0,0,0,0,0,0,0,0,0,2505348,1251144,0,262144,7673627,219182273,0,0,1026,709620,2040720136,0,0,0,0,0,3,0,0,0,0,0,0,2048594972,495,14121,1865289,1815526026,23823,0,106997,120539794,651092,169,0,651981,169,0,0,0,652150,0,651261,0,0,0,0,0,33,0,85,14704,0,0,0,0,0,0,0,0,225554,611,0,0,0,1015829,21385469,452411,0,0,0,85,1015829,21385469,0,0,46508,4050,23496,19446,19446,0,0,100512,0,0,364,0,0,0,0,0,0,0,59,0,59,0,0,0,0,0,0,0,0,0,0,0,0,0,0,0,0,0,0,0,0,714,24,0
1777071343.002160,2160,ubuntu-rog,1,0,0,6917325,6316,2891551,5282342,446089,0,36,0,0,0,0,0,1969445860,0,0,4907,1970604540,0,6316,2891551,5282342,446089,0,461658,169228,0,0,14149,0,199,0,0,0,3,0,2891624,104807,5734965,36,0,0,6522,0,0,0,0,0,0,0,48075309,44711916,0,0,107851,107851,15184,16304,0,0,0,0,0,0,0,0,0,2505336,1251138,0,262144,7673627,219182273,0,0,1026,709620,2040720164,0,0,0,0,0,3,0,0,0,0,0,0,2048595000,495,14121,1865289,1815526026,23823,0,106997,120539794,651092,169,0,651981,169,0,0,0,652150,0,651261,0,0,0,0,0,33,0,85,14704,0,0,0,0,0,0,0,0,225554,611,0,0,0,1015829,21385469,452411,0,0,0,85,1015829,21385469,0,0,46508,4050,23496,19446,19446,0,0,100512,0,0,364,0,0,0,0,0,0,0,59,0,59,0,0,0,0,0,0,0,0,0,0,0,0,0,0,0,0,0,0,0,0,714,24,0
1777071344.001265,1265,ubuntu-rog,1,0,0,6917527,6316,2891551,5282342,446089,0,37,0,0,0,0,0,1969445884,0,0,4907,1970604564,0,6316,2891551,5282342,446089,0,461658,169228,0,0,14149,0,199,0,0,0,3,0,2891624,104807,5734966,37,0,0,6522,0,0,0,0,0,0,0,48075310,44711916,0,0,107851,107851,15184,16304,0,0,0,0,0,0,0,0,0,2505376,1251158,0,262144,7673627,219182273,0,0,1026,709620,2040720188,0,0,0,0,0,3,0,0,0,0,0,0,2048595023,495,14121,1865289,1815526026,23823,0,106997,120539794,651092,169,0,651981,169,0,0,0,652150,0,651261,0,0,0,0,0,33,0,85,14704,0,0,0,0,0,0,0,0,225554,611,0,0,0,1015829,21385469,452411,0,0,0,85,1015829,21385469,0,0,46508,4050,23496,19446,19446,0,0,100512,0,0,364,0,0,0,0,0,0,0,59,0,59,0,0,0,0,0,0,0,0,0,0,0,0,0,0,0,0,0,0,0,0,714,24,0
1777071345.001306,1306,ubuntu-rog,1,0,0,6917818,6316,2891551,5282342,446089,0,39,0,0,0,0,0,1969445915,0,0,4907,1970604595,0,6316,2891551,5282342,446089,0,461658,169228,0,0,14149,0,199,0,0,0,3,0,2891624,104807,5734969,39,0,0,6522,0,0,0,0,0,0,0,48075312,44711916,0,0,107851,107851,15184,16304,0,0,0,0,0,0,0,0,0,2505435,1251188,0,262144,7673627,219182341,0,0,1026,709620,2040720219,0,0,0,0,0,3,0,0,0,0,0,0,2048595051,495,14121,1865289,1815526026,23823,0,106997,120539794,651092,169,0,651981,169,0,0,0,652150,0,651261,0,0,0,0,0,33,0,85,14704,0,0,0,0,0,0,0,0,225554,611,0,0,0,1015829,21385469,452411,0,0,0,85,1015829,21385469,0,0,46508,4050,23496,19446,19446,0,0,100512,0,0,364,0,0,0,0,0,0,0,59,0,59,0,0,0,0,0,0,0,0,0,0,0,0,0,0,0,0,0,0,0,0,714,24,0
1777071346.001310,1310,ubuntu-rog,1,0,0,6918109,6316,2891551,5282342,446089,0,39,0,0,0,0,0,1969445945,0,0,4907,1970604625,0,6316,2891551,5282342,446089,0,461658,169228,0,0,14149,0,199,0,0,0,3,0,2891624,104807,5734969,39,0,0,6522,0,0,0,0,0,0,0,48075312,44711916,0,0,107851,107851,15184,16304,0,0,0,0,0,0,0,0,0,2505493,1251217,0,262144,7673627,219182341,0,0,1026,709620,2040720249,0,0,0,0,0,3,0,0,0,0,0,0,2048595081,495,14121,1865289,1815526026,23823,0,106997,120539794,651092,169,0,651981,169,0,0,0,652150,0,651261,0,0,0,0,0,33,0,85,14704,0,0,0,0,0,0,0,0,225554,611,0,0,0,1015829,21385469,452411,0,0,0,85,1015829,21385469,0,0,46508,4050,23496,19446,19446,0,0,100512,0,0,364,0,0,0,0,0,0,0,59,0,59,0,0,0,0,0,0,0,0,0,0,0,0,0,0,0,0,0,0,0,0,714,24,0
1777071347.002160,2160,ubuntu-rog,1,0,0,6918262,6316,2891551,5282342,446089,0,40,0,0,0,0,0,1969445968,0,0,4907,1970604648,0,6316,2891551,5282342,446089,0,461658,169228,0,0,14149,0,199,0,0,0,3,0,2891624,104807,5734970,40,0,0,6522,0,0,0,0,0,0,0,48075313,44711916,0,0,107851,107851,15184,16304,0,0,0,0,0,0,0,0,0,2505523,1251232,0,262144,7673627,219182445,0,0,1026,709620,2040720272,0,0,0,0,0,3,0,0,0,0,0,0,2048595103,495,14121,1865289,1815526026,23823,0,106997,120539794,651092,169,0,651981,169,0,0,0,652150,0,651261,0,0,0,0,0,33,0,85,14704,0,0,0,0,0,0,0,0,225554,611,0,0,0,1015829,21385469,452411,0,0,0,85,1015829,21385469,0,0,46508,4050,23496,19446,19446,0,0,100512,0,0,364,0,0,0,0,0,0,0,59,0,59,0,0,0,0,0,0,0,0,0,0,0,0,0,0,0,0,0,0,0,0,714,24,0
1777071348.001164,1164,ubuntu-rog,1,0,0,6918321,6316,2891556,5282364,446089,0,12,0,0,0,0,0,1969445999,0,0,4907,1970604679,0,6316,2891556,5282364,446089,0,461658,169228,0,0,14149,0,199,0,0,0,3,0,2891624,104807,5734970,12,0,0,6522,0,0,0,0,0,0,0,48075313,44711944,0,0,107851,107851,15184,16304,0,0,0,0,0,0,0,0,0,2505540,1251240,0,262144,7673627,219182445,0,0,1026,709620,2040720303,0,0,0,0,0,3,0,0,0,0,0,0,2048595134,495,14121,1865289,1815526026,23823,0,106997,120539794,651092,169,0,651981,169,0,0,0,652150,0,651261,0,0,0,0,0,33,0,85,14704,0,0,0,0,0,0,0,0,225554,611,0,0,0,1015829,21385469,452411,0,0,0,85,1015829,21385469,0,0,46508,4050,23496,19446,19446,0,0,100512,0,0,364,0,0,0,0,0,0,0,59,0,59,0,0,0,0,0,0,0,0,0,0,0,0,0,0,0,0,0,0,0,0,714,24,0
1777071349.001264,1264,ubuntu-rog,1,0,0,6918321,6316,2891556,5282364,446089,0,12,0,0,0,0,0,1969446032,0,0,4907,1970604712,0,6316,2891556,5282364,446089,0,461658,169228,0,0,14149,0,199,0,0,0,3,0,2891624,104807,5734970,12,0,0,6522,0,0,0,0,0,0,0,48075313,44711944,0,0,107851,107851,15184,16304,0,0,0,0,0,0,0,0,0,2505540,1251240,0,262144,7673627,219182445,0,0,1026,709620,2040720336,0,0,0,0,0,3,0,0,0,0,0,0,2048595167,495,14121,1865289,1815526026,23823,0,106997,120539794,651092,169,0,651981,169,0,0,0,652150,0,651261,0,0,0,0,0,33,0,85,14704,0,0,0,0,0,0,0,0,225554,611,0,0,0,1015829,21385469,452411,0,0,0,85,1015829,21385469,0,0,46508,4050,23496,19446,19446,0,0,100512,0,0,364,0,0,0,0,0,0,0,59,0,59,0,0,0,0,0,0,0,0,0,0,0,0,0,0,0,0,0,0,0,0,714,24,0
1777071350.001305,1305,ubuntu-rog,1,0,0,6918321,6316,2891556,5282364,446089,0,14,0,0,0,0,0,1969446056,0,0,4907,1970604736,0,6316,2891556,5282364,446089,0,461658,169228,0,0,14149,0,199,0,0,0,3,0,2891624,104807,5734972,14,0,0,6522,0,0,0,0,0,0,0,48075315,44711944,0,0,107851,107851,15184,16304,0,0,0,0,0,0,0,0,0,2505540,1251240,0,262144,7673627,219182461,0,0,1026,709620,2040720360,0,0,0,0,0,3,0,0,0,0,0,0,2048595189,495,14121,1865289,1815526026,23823,0,106997,120539794,651092,169,0,651981,169,0,0,0,652150,0,651261,0,0,0,0,0,33,0,85,14704,0,0,0,0,0,0,0,0,225554,611,0,0,0,1015829,21385469,452411,0,0,0,85,1015829,21385469,0,0,46508,4050,23496,19446,19446,0,0,100512,0,0,364,0,0,0,0,0,0,0,59,0,59,0,0,0,0,0,0,0,0,0,0,0,0,0,0,0,0,0,0,0,0,714,24,0
1777071351.002308,2308,ubuntu-rog,1,0,0,6918321,6316,2891556,5282364,446089,0,16,0,0,0,0,0,1969446087,0,0,4907,1970604767,0,6316,2891556,5282364,446089,0,461658,169228,0,0,14149,0,199,0,0,0,3,0,2891624,104807,5734974,16,0,0,6522,0,0,0,0,0,0,0,48075317,44711944,0,0,107851,107851,15184,16304,0,0,0,0,0,0,0,0,0,2505540,1251240,0,262144,7673627,219182461,0,0,1026,709620,2040720391,0,0,0,0,0,3,0,0,0,0,0,0,2048595218,495,14121,1865289,1815526026,23823,0,106997,120539794,651092,169,0,651981,169,0,0,0,652150,0,651261,0,0,0,0,0,33,0,85,14704,0,0,0,0,0,0,0,0,225554,611,0,0,0,1015829,21385469,452411,0,0,0,85,1015829,21385469,0,0,46508,4050,23496,19446,19446,0,0,100512,0,0,364,0,0,0,0,0,0,0,59,0,59,0,0,0,0,0,0,0,0,0,0,0,0,0,0,0,0,0,0,0,0,714,24,0
1777071352.001164,1164,ubuntu-rog,1,0,0,6918321,6316,2891556,5282364,446089,0,17,0,0,0,0,0,1969446117,0,0,4907,1970604797,0,6316,2891556,5282364,446089,0,461658,169228,0,0,14149,0,199,0,0,0,3,0,2891624,104807,5734975,17,0,0,6522,0,0,0,0,0,0,0,48075318,44711944,0,0,107851,107851,15184,16304,0,0,0,0,0,0,0,0,0,2505540,1251240,0,262144,7673627,219182461,0,0,1026,709620,2040720421,0,0,0,0,0,3,0,0,0,0,0,0,2048595247,495,14121,1865289,1815526026,23823,0,106997,120539794,651092,169,0,651981,169,0,0,0,652150,0,651261,0,0,0,0,0,33,0,85,14704,0,0,0,0,0,0,0,0,225554,611,0,0,0,1015829,21385469,452411,0,0,0,85,1015829,21385469,0,0,46508,4050,23496,19446,19446,0,0,100512,0,0,364,0,0,0,0,0,0,0,59,0,59,0,0,0,0,0,0,0,0,0,0,0,0,0,0,0,0,0,0,0,0,714,24,0
1777071353.001163,1163,ubuntu-rog,1,0,0,6918321,6316,2891556,5282364,446089,0,17,0,0,0,0,0,1969446143,0,0,4907,1970604823,0,6316,2891556,5282364,446089,0,461658,169228,0,0,14149,0,199,0,0,0,3,0,2891624,104807,5734975,17,0,0,6522,0,0,0,0,0,0,0,48075318,44711944,0,0,107851,107851,15184,16304,0,0,0,0,0,0,0,0,0,2505540,1251240,0,262144,7673627,219182461,0,0,1026,709620,2040720447,0,0,0,0,0,3,0,0,0,0,0,0,2048595273,495,14121,1865289,1815526026,23823,0,106997,120539794,651092,169,0,651981,169,0,0,0,652150,0,651261,0,0,0,0,0,33,0,85,14704,0,0,0,0,0,0,0,0,225554,611,0,0,0,1015829,21385469,452411,0,0,0,85,1015829,21385469,0,0,46508,4050,23496,19446,19446,0,0,100512,0,0,364,0,0,0,0,0,0,0,59,0,59,0,0,0,0,0,0,0,0,0,0,0,0,0,0,0,0,0,0,0,0,714,24,0
1777071354.001267,1267,ubuntu-rog,1,0,0,6918321,6316,2891556,5282364,446089,0,18,0,0,0,0,0,1969446175,0,0,4907,1970604855,0,6316,2891556,5282364,446089,0,461658,169228,0,0,14149,0,199,0,0,0,3,0,2891624,104807,5734976,18,0,0,6522,0,0,0,0,0,0,0,48075319,44711944,0,0,107851,107851,15184,16304,0,0,0,0,0,0,0,0,0,2505540,1251240,0,262144,7673627,219182461,0,0,1026,709620,2040720479,0,0,0,0,0,3,0,0,0,0,0,0,2048595304,495,14121,1865289,1815526026,23823,0,106997,120539794,651092,169,0,651981,169,0,0,0,652150,0,651261,0,0,0,0,0,33,0,85,14704,0,0,0,0,0,0,0,0,225554,611,0,0,0,1015829,21385469,452411,0,0,0,85,1015829,21385469,0,0,46508,4050,23496,19446,19446,0,0,100512,0,0,364,0,0,0,0,0,0,0,59,0,59,0,0,0,0,0,0,0,0,0,0,0,0,0,0,0,0,0,0,0,0,714,24,0
1777071355.002299,2299,ubuntu-rog,1,0,0,6918321,6316,2891556,5282364,446089,0,18,0,0,0,0,0,1969446202,0,0,4907,1970604882,0,6316,2891556,5282364,446089,0,461658,169228,0,0,14149,0,199,0,0,0,3,0,2891624,104807,5734976,18,0,0,6522,0,0,0,0,0,0,0,48075319,44711944,0,0,107851,107851,15184,16304,0,0,0,0,0,0,0,0,0,2505540,1251240,0,262144,7673627,219182461,0,0,1026,709620,2040720506,0,0,0,0,0,3,0,0,0,0,0,0,2048595331,495,14121,1865289,1815526026,23823,0,106997,120539794,651092,169,0,651981,169,0,0,0,652150,0,651261,0,0,0,0,0,33,0,85,14704,0,0,0,0,0,0,0,0,225554,611,0,0,0,1015829,21385469,452411,0,0,0,85,1015829,21385469,0,0,46508,4050,23496,19446,19446,0,0,100512,0,0,364,0,0,0,0,0,0,0,59,0,59,0,0,0,0,0,0,0,0,0,0,0,0,0,0,0,0,0,0,0,0,714,24,0
1777071356.001309,1309,ubuntu-rog,1,0,0,6918321,6316,2891556,5282364,446089,0,19,0,0,0,0,0,1969446233,0,0,4907,1970604913,0,6316,2891556,5282364,446089,0,461658,169228,0,0,14149,0,199,0,0,0,3,0,2891624,104807,5734979,19,0,0,6522,0,0,0,0,0,0,0,48075320,44711944,0,0,107851,107851,15184,16304,0,0,0,0,0,0,0,0,0,2505540,1251240,0,262144,7673627,219182477,0,0,1026,709620,2040720537,0,0,0,0,0,3,0,0,0,0,0,0,2048595359,495,14121,1865289,1815526026,23823,0,106997,120539794,651092,169,0,651981,169,0,0,0,652150,0,651261,0,0,0,0,0,33,0,85,14704,0,0,0,0,0,0,0,0,225554,611,0,0,0,1015829,21385469,452411,0,0,0,85,1015829,21385469,0,0,46508,4050,23496,19446,19446,0,0,100512,0,0,364,0,0,0,0,0,0,0,59,0,59,0,0,0,0,0,0,0,0,0,0,0,0,0,0,0,0,0,0,0,0,714,24,0
1777071357.001161,1161,ubuntu-rog,1,0,0,6918321,6316,2891556,5282364,446089,0,19,0,0,0,0,0,1969446275,0,0,4907,1970604955,0,6316,2891556,5282364,446089,0,461658,169228,0,0,14149,0,199,0,0,0,3,0,2891624,104807,5734979,19,0,0,6522,0,0,0,0,0,0,0,48075320,44711944,0,0,107851,107851,15184,16304,0,0,0,0,0,0,0,0,0,2505540,1251240,0,262144,7673627,219182477,0,0,1026,709620,2040720579,0,0,0,0,0,3,0,0,0,0,0,0,2048595401,495,14121,1865289,1815526026,23823,0,106997,120539794,651092,169,0,651981,169,0,0,0,652150,0,651261,0,0,0,0,0,33,0,85,14704,0,0,0,0,0,0,0,0,225554,611,0,0,0,1015829,21385469,452411,0,0,0,85,1015829,21385469,0,0,46508,4050,23496,19446,19446,0,0,100512,0,0,364,0,0,0,0,0,0,0,59,0,59,0,0,0,0,0,0,0,0,0,0,0,0,0,0,0,0,0,0,0,0,714,24,0
1777071358.001167,1167,ubuntu-rog,1,0,0,6918321,6316,2891556,5282364,446089,0,20,0,0,0,0,0,1969446299,0,0,4907,1970604979,0,6316,2891556,5282364,446089,0,461658,169228,0,0,14149,0,199,0,0,0,3,0,2891624,104807,5734980,20,0,0,6522,0,0,0,0,0,0,0,48075321,44711944,0,0,107851,107851,15184,16304,0,0,0,0,0,0,0,0,0,2505540,1251240,0,262144,7673627,219182477,0,0,1026,709620,2040720603,0,0,0,0,0,3,0,0,0,0,0,0,2048595424,495,14121,1865289,1815526026,23823,0,106997,120539794,651092,169,0,651981,169,0,0,0,652150,0,651261,0,0,0,0,0,33,0,85,14704,0,0,0,0,0,0,0,0,225554,611,0,0,0,1015829,21385469,452411,0,0,0,85,1015829,21385469,0,0,46508,4050,23496,19446,19446,0,0,100512,0,0,364,0,0,0,0,0,0,0,59,0,59,0,0,0,0,0,0,0,0,0,0,0,0,0,0,0,0,0,0,0,0,714,24,0
1777071359.002263,2263,ubuntu-rog,1,0,0,6918321,6316,2891556,5282364,446089,0,20,0,0,0,0,0,1969446327,0,0,4907,1970605007,0,6316,2891556,5282364,446089,0,461658,169228,0,0,14149,0,199,0,0,0,3,0,2891624,104807,5734980,20,0,0,6522,0,0,0,0,0,0,0,48075321,44711944,0,0,107851,107851,15184,16304,0,0,0,0,0,0,0,0,0,2505540,1251240,0,262144,7673627,219182521,0,0,1026,709620,2040720631,0,0,0,0,0,3,0,0,0,0,0,0,2048595452,495,14121,1865289,1815526026,23823,0,106997,120539794,651092,169,0,651981,169,0,0,0,652150,0,651261,0,0,0,0,0,33,0,85,14704,0,0,0,0,0,0,0,0,225554,611,0,0,0,1015829,21385469,452411,0,0,0,85,1015829,21385469,0,0,46508,4050,23496,19446,19446,0,0,100512,0,0,364,0,0,0,0,0,0,0,59,0,59,0,0,0,0,0,0,0,0,0,0,0,0,0,0,0,0,0,0,0,0,714,24,0
1777071360.001305,1305,ubuntu-rog,1,0,0,6918321,6316,2891556,5282364,446089,0,9,0,0,0,0,0,1969446369,0,0,4907,1970605049,0,6316,2891556,5282364,446089,0,461658,169228,0,0,14149,0,199,0,0,0,3,0,2891624,104807,5734980,9,0,0,6522,0,0,0,0,0,0,0,48075321,44711955,0,0,107851,107851,15184,16304,0,0,0,0,0,0,0,0,0,2505540,1251240,0,262144,7673627,219182521,0,0,1026,709620,2040720673,0,0,0,0,0,3,0,0,0,0,0,0,2048595495,495,14121,1865289,1815526026,23823,0,106997,120539794,651092,169,0,651981,169,0,0,0,652150,0,651261,0,0,0,0,0,33,0,85,14704,0,0,0,0,0,0,0,0,225554,611,0,0,0,1015829,21385469,452411,0,0,0,85,1015829,21385469,0,0,46508,4050,23496,19446,19446,0,0,100512,0,0,364,0,0,0,0,0,0,0,59,0,59,0,0,0,0,0,0,0,0,0,0,0,0,0,0,0,0,0,0,0,0,714,24,0
1777071361.001312,1312,ubuntu-rog,1,0,0,6918321,6316,2891556,5282364,446089,0,14,0,0,0,0,0,1969446396,0,0,4907,1970605076,0,6316,2891556,5282364,446089,0,461658,169228,0,0,14149,0,199,0,0,0,3,0,2891624,104807,5734983,14,0,0,6522,0,0,0,0,0,0,0,48075326,44711955,0,0,107851,107851,15184,16304,0,0,0,0,0,0,0,0,0,2505540,1251240,0,262144,7673627,219182553,0,0,1026,709620,2040720700,0,0,0,0,0,3,0,0,0,0,0,0,2048595518,495,14121,1865289,1815526026,23823,0,106997,120539794,651092,169,0,651981,169,0,0,0,652150,0,651261,0,0,0,0,0,33,0,85,14704,0,0,0,0,0,0,0,0,225554,611,0,0,0,1015829,21385469,452411,0,0,0,85,1015829,21385469,0,0,46508,4050,23496,19446,19446,0,0,100512,0,0,364,0,0,0,0,0,0,0,59,0,59,0,0,0,0,0,0,0,0,0,0,0,0,0,0,0,0,0,0,0,0,714,24,0
1777071362.001163,1163,ubuntu-rog,1,0,0,6918321,6316,2891556,5282364,446089,0,16,0,0,0,0,0,1969446427,0,0,4907,1970605107,0,6316,2891556,5282364,446089,0,461658,169227,0,0,14149,0,199,0,0,0,3,0,2891624,104807,5734984,16,0,0,6522,0,0,0,0,0,0,0,48075328,44711955,0,0,107851,107851,15184,16304,0,0,0,0,0,0,0,0,0,2505540,1251240,0,262144,7673627,219182553,0,0,1026,709620,2040720731,0,0,0,0,0,3,0,0,0,0,0,0,2048595549,495,14121,1865289,1815526028,23823,0,106997,120539796,651092,169,0,651981,169,0,0,0,652150,0,651261,0,0,0,0,0,33,0,85,14704,0,0,0,0,0,0,0,0,225554,611,0,0,0,1015829,21385469,452411,0,0,0,85,1015829,21385469,0,0,46508,4050,23496,19446,19446,0,0,100512,0,0,364,0,0,0,0,0,0,0,59,0,59,0,0,0,0,0,0,0,0,0,0,0,0,0,0,0,0,0,0,0,0,714,24,0
1777071363.002163,2163,ubuntu-rog,1,0,0,6918321,6316,2891556,5282364,446089,0,16,0,0,0,0,0,1969446457,0,0,4907,1970605137,0,6316,2891556,5282364,446089,0,461658,169227,0,0,14149,0,199,0,0,0,3,0,2891624,104807,5734984,16,0,0,6522,0,0,0,0,0,0,0,48075328,44711955,0,0,107851,107851,15184,16304,0,0,0,0,0,0,0,0,0,2505540,1251240,0,262144,7673627,219182553,0,0,1026,709620,2040720761,0,0,0,0,0,3,0,0,0,0,0,0,2048595579,495,14121,1865289,1815526028,23823,0,106997,120539796,651092,169,0,651981,169,0,0,0,652150,0,651261,0,0,0,0,0,33,0,85,14704,0,0,0,0,0,0,0,0,225554,611,0,0,0,1015829,21385469,452411,0,0,0,85,1015829,21385469,0,0,46508,4050,23496,19446,19446,0,0,100512,0,0,364,0,0,0,0,0,0,0,59,0,59,0,0,0,0,0,0,0,0,0,0,0,0,0,0,0,0,0,0,0,0,714,24,0
1777071364.001264,1264,ubuntu-rog,1,0,0,6918321,6316,2891556,5282364,446089,0,19,0,0,0,0,0,1969446480,0,0,4907,1970605160,0,6316,2891556,5282364,446089,0,461658,169227,0,0,14149,0,199,0,0,0,3,0,2891624,104807,5734986,19,0,0,6522,0,0,0,0,0,0,0,48075331,44711955,0,0,107851,107851,15184,16304,0,0,0,0,0,0,0,0,0,2505540,1251240,0,262144,7673627,219182553,0,0,1026,709620,2040720784,0,0,0,0,0,3,0,0,0,0,0,0,2048595600,495,14121,1865289,1815526028,23823,0,106997,120539796,651092,169,0,651981,169,0,0,0,652150,0,651261,0,0,0,0,0,33,0,85,14704,0,0,0,0,0,0,0,0,225554,611,0,0,0,1015829,21385469,452411,0,0,0,85,1015829,21385469,0,0,46508,4050,23496,19446,19446,0,0,100512,0,0,364,0,0,0,0,0,0,0,59,0,59,0,0,0,0,0,0,0,0,0,0,0,0,0,0,0,0,0,0,0,0,714,24,0
1777071365.001304,1304,ubuntu-rog,1,0,0,6918321,6316,2891556,5282364,446089,0,19,0,0,0,0,0,1969446508,0,0,4907,1970605188,0,6316,2891556,5282364,446089,0,461658,169227,0,0,14149,0,199,0,0,0,3,0,2891624,104807,5734986,19,0,0,6522,0,0,0,0,0,0,0,48075331,44711955,0,0,107851,107851,15184,16304,0,0,0,0,0,0,0,0,0,2505540,1251240,0,262144,7673627,219182553,0,0,1026,709620,2040720812,0,0,0,0,0,3,0,0,0,0,0,0,2048595628,495,14121,1865289,1815526028,23823,0,106997,120539796,651092,169,0,651981,169,0,0,0,652150,0,651261,0,0,0,0,0,33,0,85,14704,0,0,0,0,0,0,0,0,225554,611,0,0,0,1015829,21385469,452411,0,0,0,85,1015829,21385469,0,0,46508,4050,23496,19446,19446,0,0,100512,0,0,364,0,0,0,0,0,0,0,59,0,59,0,0,0,0,0,0,0,0,0,0,0,0,0,0,0,0,0,0,0,0,714,24,0
1777071366.001312,1312,ubuntu-rog,1,0,0,6918321,6316,2891556,5282364,446089,0,19,0,0,0,0,0,1969446538,0,0,4907,1970605218,0,6316,2891556,5282364,446089,0,461658,169227,0,0,14149,0,199,0,0,0,3,0,2891624,104807,5734986,19,0,0,6522,0,0,0,0,0,0,0,48075331,44711955,0,0,107851,107851,15184,16304,0,0,0,0,0,0,0,0,0,2505540,1251240,0,262144,7673627,219182553,0,0,1026,709620,2040720842,0,0,0,0,0,3,0,0,0,0,0,0,2048595658,495,14121,1865289,1815526028,23823,0,106997,120539796,651092,169,0,651981,169,0,0,0,652150,0,651261,0,0,0,0,0,33,0,85,14704,0,0,0,0,0,0,0,0,225554,611,0,0,0,1015829,21385469,452411,0,0,0,85,1015829,21385469,0,0,46508,4050,23496,19446,19446,0,0,100512,0,0,364,0,0,0,0,0,0,0,59,0,59,0,0,0,0,0,0,0,0,0,0,0,0,0,0,0,0,0,0,0,0,714,24,0
1777071367.002159,2159,ubuntu-rog,1,0,0,6918321,6316,2891556,5282364,446089,0,20,0,0,0,0,0,1969446568,0,0,4907,1970605248,0,6316,2891556,5282364,446089,0,461658,169227,0,0,14149,0,199,0,0,0,3,0,2891624,104807,5734989,20,0,0,6522,0,0,0,0,0,0,0,48075332,44711955,0,0,107851,107851,15184,16304,0,0,0,0,0,0,0,0,0,2505540,1251240,0,262144,7673627,219182569,0,0,1026,709620,2040720872,0,0,0,0,0,3,0,0,0,0,0,0,2048595685,495,14121,1865289,1815526028,23823,0,106997,120539796,651092,169,0,651981,169,0,0,0,652150,0,651261,0,0,0,0,0,33,0,85,14704,0,0,0,0,0,0,0,0,225554,611,0,0,0,1015829,21385469,452411,0,0,0,85,1015829,21385469,0,0,46508,4050,23496,19446,19446,0,0,100512,0,0,364,0,0,0,0,0,0,0,59,0,59,0,0,0,0,0,0,0,0,0,0,0,0,0,0,0,0,0,0,0,0,714,24,0
1777071368.001163,1163,ubuntu-rog,1,0,0,6918321,6316,2891556,5282364,446089,0,21,0,0,0,0,0,1969446599,0,0,4907,1970605279,0,6316,2891556,5282364,446089,0,461658,169227,0,0,14149,0,199,0,0,0,3,0,2891624,104807,5734990,21,0,0,6522,0,0,0,0,0,0,0,48075333,44711955,0,0,107851,107851,15184,16304,0,0,0,0,0,0,0,0,0,2505540,1251240,0,262144,7673627,219182569,0,0,1026,709620,2040720903,0,0,0,0,0,3,0,0,0,0,0,0,2048595715,495,14121,1865289,1815526028,23823,0,106997,120539796,651092,169,0,651981,169,0,0,0,652150,0,651261,0,0,0,0,0,33,0,85,14704,0,0,0,0,0,0,0,0,225554,611,0,0,0,1015829,21385469,452411,0,0,0,85,1015829,21385469,0,0,46508,4050,23496,19446,19446,0,0,100512,0,0,364,0,0,0,0,0,0,0,59,0,59,0,0,0,0,0,0,0,0,0,0,0,0,0,0,0,0,0,0,0,0,714,24,0
1777071369.001266,1266,ubuntu-rog,1,0,0,6918321,6316,2891556,5282364,446089,0,21,0,0,0,0,0,1969446623,0,0,4907,1970605303,0,6316,2891556,5282364,446089,0,461658,169227,0,0,14149,0,199,0,0,0,3,0,2891624,104807,5734990,21,0,0,6522,0,0,0,0,0,0,0,48075333,44711955,0,0,107851,107851,15184,16304,0,0,0,0,0,0,0,0,0,2505540,1251240,0,262144,7673627,219182569,0,0,1026,709620,2040720927,0,0,0,0,0,3,0,0,0,0,0,0,2048595739,495,14121,1865289,1815526028,23823,0,106997,120539796,651092,169,0,651981,169,0,0,0,652150,0,651261,0,0,0,0,0,33,0,85,14704,0,0,0,0,0,0,0,0,225554,611,0,0,0,1015829,21385469,452411,0,0,0,85,1015829,21385469,0,0,46508,4050,23496,19446,19446,0,0,100512,0,0,364,0,0,0,0,0,0,0,59,0,59,0,0,0,0,0,0,0,0,0,0,0,0,0,0,0,0,0,0,0,0,714,24,0
1777071370.001305,1305,ubuntu-rog,1,0,0,6918321,6316,2891556,5282364,446089,0,21,0,0,0,0,0,1969446650,0,0,4907,1970605330,0,6316,2891556,5282364,446089,0,461658,169227,0,0,14149,0,199,0,0,0,3,0,2891624,104807,5734990,21,0,0,6522,0,0,0,0,0,0,0,48075333,44711955,0,0,107851,107851,15184,16304,0,0,0,0,0,0,0,0,0,2505540,1251240,0,262144,7673627,219182569,0,0,1026,709620,2040720954,0,0,0,0,0,3,0,0,0,0,0,0,2048595766,495,14121,1865289,1815526070,23823,0,106997,120539838,651092,169,0,651981,169,0,0,0,652150,0,651261,0,0,0,0,0,33,0,85,14704,0,0,0,0,0,0,0,0,225554,611,0,0,0,1015829,21385469,452411,0,0,0,85,1015829,21385469,0,0,46508,4050,23496,19446,19446,0,0,100512,0,0,364,0,0,0,0,0,0,0,59,0,59,0,0,0,0,0,0,0,0,0,0,0,0,0,0,0,0,0,0,0,0,714,24,0
1777071371.002306,2306,ubuntu-rog,1,0,0,6918321,6316,2891556,5282364,446089,0,22,0,0,0,0,0,1969446679,0,0,4907,1970605359,0,6316,2891556,5282364,446089,0,461658,169227,0,0,14149,0,199,0,0,0,3,0,2891624,104807,5734991,22,0,0,6522,0,0,0,0,0,0,0,48075334,44711955,0,0,107851,107851,15184,16304,0,0,0,0,0,0,0,0,0,2505540,1251240,0,262144,7673627,219182569,0,0,1026,709620,2040720983,0,0,0,0,0,3,0,0,0,0,0,0,2048595794,495,14121,1865289,1815526070,23823,0,106997,120539838,651092,169,0,651981,169,0,0,0,652150,0,651261,0,0,0,0,0,33,0,85,14704,0,0,0,0,0,0,0,0,225554,611,0,0,0,1015829,21385469,452411,0,0,0,85,1015829,21385469,0,0,46508,4050,23496,19446,19446,0,0,100512,0,0,364,0,0,0,0,0,0,0,59,0,59,0,0,0,0,0,0,0,0,0,0,0,0,0,0,0,0,0,0,0,0,714,24,0
1777071372.001165,1165,ubuntu-rog,1,0,0,6918321,6316,2891556,5282364,446089,0,22,0,0,0,0,0,1969446703,0,0,4907,1970605383,0,6316,2891556,5282364,446089,0,461658,169227,0,0,14149,0,199,0,0,0,3,0,2891624,104807,5734993,22,0,0,6522,0,0,0,0,0,0,0,48075334,44711955,0,0,107851,107851,15184,16304,0,0,0,0,0,0,0,0,0,2505540,1251240,0,262144,7673627,219182585,0,0,1026,709620,2040721007,0,0,0,0,0,3,0,0,0,0,0,0,2048595816,495,14121,1865289,1815526070,23823,0,106997,120539838,651092,169,0,651981,169,0,0,0,652150,0,651261,0,0,0,0,0,33,0,85,14704,0,0,0,0,0,0,0,0,225554,611,0,0,0,1015829,21385469,452411,0,0,0,85,1015829,21385469,0,0,46508,4050,23496,19446,19446,0,0,100512,0,0,364,0,0,0,0,0,0,0,59,0,59,0,0,0,0,0,0,0,0,0,0,0,0,0,0,0,0,0,0,0,0,714,24,0
1777071373.001158,1158,ubuntu-rog,1,0,0,6918321,6316,2891556,5282364,446089,0,23,0,0,0,0,0,1969446733,0,0,4907,1970605413,0,6316,2891556,5282364,446089,0,461658,169227,0,0,14149,0,199,0,0,0,3,0,2891624,104807,5734994,23,0,0,6522,0,0,0,0,0,0,0,48075335,44711955,0,0,107851,107851,15184,16304,0,0,0,0,0,0,0,0,0,2505540,1251240,0,262144,7673627,219182585,0,0,1026,709620,2040721037,0,0,0,0,0,3,0,0,0,0,0,0,2048595845,495,14121,1865289,1815526070,23823,0,106997,120539838,651092,169,0,651981,169,0,0,0,652150,0,651261,0,0,0,0,0,33,0,85,14704,0,0,0,0,0,0,0,0,225554,611,0,0,0,1015829,21385469,452411,0,0,0,85,1015829,21385469,0,0,46508,4050,23496,19446,19446,0,0,100512,0,0,364,0,0,0,0,0,0,0,59,0,59,0,0,0,0,0,0,0,0,0,0,0,0,0,0,0,0,0,0,0,0,714,24,0
1777071374.001260,1260,ubuntu-rog,1,0,0,6918321,6316,2891556,5282364,446089,0,23,0,0,0,0,0,1969446770,0,0,4907,1970605450,0,6316,2891556,5282364,446089,0,461658,169227,0,0,14149,0,199,0,0,0,3,0,2891624,104807,5734994,23,0,0,6522,0,0,0,0,0,0,0,48075335,44711955,0,0,107851,107851,15184,16304,0,0,0,0,0,0,0,0,0,2505540,1251240,0,262144,7673627,219182585,0,0,1026,709620,2040721074,0,0,0,0,0,3,0,0,0,0,0,0,2048595886,495,14121,1865289,1815526070,23823,0,106997,120539838,651092,169,0,651981,169,0,0,0,652150,0,651261,0,0,0,0,0,33,0,85,14704,0,0,0,0,0,0,0,0,225554,611,0,0,0,1015829,21385469,452411,0,0,0,85,1015829,21385469,0,0,46508,4050,23496,19446,19446,0,0,100512,0,0,364,0,0,0,0,0,0,0,59,0,59,0,0,0,0,0,0,0,0,0,0,0,0,0,0,0,0,0,0,0,0,714,24,0
1777071375.002297,2297,ubuntu-rog,1,0,0,6918422,6316,2891556,5282364,446089,0,14,0,0,0,0,0,1969446796,0,0,4907,1970605476,0,6316,2891556,5282364,446089,0,461658,169227,0,0,14149,0,199,0,0,0,3,0,2891624,104807,5734995,14,0,0,6522,0,0,0,0,0,0,0,48075337,44711966,0,0,107851,107851,15168,16304,0,0,0,0,0,0,0,0,0,2505560,1251250,0,262144,7673627,219182629,0,0,1026,709620,2040721100,0,0,0,0,0,3,0,0,0,0,0,0,2048595916,495,14121,1865289,1815526070,23823,0,106997,120539838,651092,169,0,651981,169,0,0,0,652150,0,651261,0,0,0,0,0,33,0,85,14704,0,0,0,0,0,0,0,0,225554,611,0,0,0,1015829,21385469,452411,0,0,0,85,1015829,21385469,0,0,46508,4050,23496,19446,19446,0,0,100512,0,0,364,0,0,0,0,0,0,0,59,0,59,0,0,0,0,0,0,0,0,0,0,0,0,0,0,0,0,0,0,0,0,714,24,0
1777071376.001308,1308,ubuntu-rog,1,0,0,6918449,6316,2891577,5282374,446089,0,15,0,0,0,0,0,1969447008,0,0,4907,1970605688,0,6316,2891577,5282374,446089,0,461658,169227,0,0,14149,0,199,0,0,0,3,0,2891665,104807,5734996,15,0,0,6522,0,0,0,0,0,0,0,48075338,44711966,0,0,107851,107851,15168,16304,0,0,0,0,0,0,0,0,0,2505567,1251254,0,262144,7673627,219182629,0,0,1026,709620,2040721396,0,0,0,0,0,3,0,0,0,0,0,0,2048596150,495,14121,1865289,1815526128,23823,0,106997,120539838,651092,169,0,651981,169,0,0,0,652150,0,651261,0,0,0,0,0,33,0,85,14704,0,0,0,0,0,0,0,0,225554,611,0,0,0,1015829,21385469,452411,0,0,0,85,1015829,21385469,0,0,46508,4050,23496,19446,19446,0,0,100512,0,0,364,0,0,0,0,0,0,0,59,0,59,0,0,0,0,0,0,0,0,0,0,0,0,0,0,0,0,0,0,0,0,714,24,0
1777071377.001160,1160,ubuntu-rog,1,0,0,6918455,6316,2891577,5282374,446089,0,15,0,0,0,0,0,1969447038,0,0,4907,1970605718,0,6316,2891577,5282374,446089,0,461658,169227,0,0,14149,0,199,0,0,0,3,0,2891665,104807,5734996,15,0,0,6522,0,0,0,0,0,0,0,48075338,44711966,0,0,107851,107851,15168,16304,0,0,0,0,0,0,0,0,0,2505568,1251254,0,262144,7673627,219182629,0,0,1026,709620,2040721426,0,0,0,0,0,3,0,0,0,0,0,0,2048596180,495,14121,1865289,1815526128,23823,0,106997,120539838,651092,169,0,651981,169,0,0,0,652150,0,651261,0,0,0,0,0,33,0,85,14704,0,0,0,0,0,0,0,0,225554,611,0,0,0,1015829,21385469,452411,0,0,0,85,1015829,21385469,0,0,46508,4050,23496,19446,19446,0,0,100512,0,0,364,0,0,0,0,0,0,0,59,0,59,0,0,0,0,0,0,0,0,0,0,0,0,0,0,0,0,0,0,0,0,714,24,0
1777071378.001162,1162,ubuntu-rog,1,0,0,6918455,6316,2891577,5282374,446089,0,18,0,0,0,0,0,1969447077,0,0,4907,1970605757,0,6316,2891577,5282374,446089,0,461658,169227,0,0,14149,0,199,0,0,0,3,0,2891665,104807,5735000,18,0,0,6522,0,0,0,0,0,0,0,48075341,44711966,0,0,107851,107851,15168,16304,0,0,0,0,0,0,0,0,0,2505568,1251254,0,262144,7673627,219182657,0,0,1026,709620,2040721465,0,0,0,0,0,3,0,0,0,0,0,0,2048596215,495,14121,1865289,1815526128,23823,0,106997,120539838,651092,169,0,651981,169,0,0,0,652150,0,651261,0,0,0,0,0,33,0,85,14704,0,0,0,0,0,0,0,0,225554,611,0,0,0,1015829,21385469,452411,0,0,0,85,1015829,21385469,0,0,46508,4050,23496,19446,19446,0,0,100512,0,0,364,0,0,0,0,0,0,0,59,0,59,0,0,0,0,0,0,0,0,0,0,0,0,0,0,0,0,0,0,0,0,714,24,0
1777071379.002260,2260,ubuntu-rog,1,0,0,6918455,6316,2891577,5282374,446089,0,18,0,0,0,0,0,1969447115,0,0,4907,1970605795,0,6316,2891577,5282374,446089,0,461658,169227,0,0,14149,0,199,0,0,0,3,0,2891665,104807,5735000,18,0,0,6522,0,0,0,0,0,0,0,48075341,44711966,0,0,107851,107851,15168,16304,0,0,0,0,0,0,0,0,0,2505568,1251254,0,262144,7673627,219182657,0,0,1026,709620,2040721503,0,0,0,0,0,3,0,0,0,0,0,0,2048596253,495,14121,1865289,1815526128,23823,0,106997,120539838,651092,169,0,651981,169,0,0,0,652150,0,651261,0,0,0,0,0,33,0,85,14704,0,0,0,0,0,0,0,0,225554,611,0,0,0,1015829,21385469,452411,0,0,0,85,1015829,21385469,0,0,46508,4050,23496,19446,19446,0,0,100512,0,0,364,0,0,0,0,0,0,0,59,0,59,0,0,0,0,0,0,0,0,0,0,0,0,0,0,0,0,0,0,0,0,714,24,0
1777071380.001300,1300,ubuntu-rog,1,0,0,6918455,6316,2891577,5282374,446089,0,18,0,0,0,0,0,1969447145,0,0,4907,1970605825,0,6316,2891577,5282374,446089,0,461658,169227,0,0,14149,0,199,0,0,0,3,0,2891665,104807,5735000,18,0,0,6522,0,0,0,0,0,0,0,48075341,44711966,0,0,107851,107851,15168,16304,0,0,0,0,0,0,0,0,0,2505568,1251254,0,262144,7673627,219182657,0,0,1026,709620,2040721533,0,0,0,0,0,3,0,0,0,0,0,0,2048596287,495,14121,1865289,1815526128,23823,0,106997,120539838,651092,169,0,651981,169,0,0,0,652150,0,651261,0,0,0,0,0,33,0,85,14704,0,0,0,0,0,0,0,0,225554,611,0,0,0,1015829,21385469,452411,0,0,0,85,1015829,21385469,0,0,46508,4050,23496,19446,19446,0,0,100512,0,0,364,0,0,0,0,0,0,0,59,0,59,0,0,0,0,0,0,0,0,0,0,0,0,0,0,0,0,0,0,0,0,714,24,0
1777071381.001302,1302,ubuntu-rog,1,0,0,6918455,6316,2891594,5282376,446089,0,11,0,0,0,0,0,1969447181,0,0,4907,1970605861,0,6316,2891594,5282376,446089,0,461658,169223,0,0,14149,0,199,0,0,0,3,0,2891665,104807,5735000,11,0,0,6522,0,0,0,0,0,0,0,48075341,44711973,0,0,107851,107851,15168,16304,0,0,0,0,0,0,0,0,0,2505569,1251255,0,262144,7673627,219182677,0,0,1026,709620,2040721569,0,0,0,0,0,3,0,0,0,0,0,0,2048596323,495,14121,1865289,1815526128,23823,0,106997,120539838,651092,169,0,651981,169,0,0,0,652150,0,651261,0,0,0,0,0,33,0,85,14704,0,0,0,0,0,0,0,0,225554,611,0,0,0,1015829,21385469,452411,0,0,0,85,1015829,21385469,0,0,46508,4050,23496,19446,19446,0,0,100512,0,0,364,0,0,0,0,0,0,0,59,0,59,0,0,0,0,0,0,0,0,0,0,0,0,0,0,0,0,0,0,0,0,714,24,0
1777071382.001159,1159,ubuntu-rog,1,0,0,6918455,6316,2891594,5282376,446089,0,12,0,0,0,0,0,1969447210,0,0,4907,1970605890,0,6316,2891594,5282376,446089,0,461658,169223,0,0,14149,0,199,0,0,0,3,0,2891665,104807,5735001,12,0,0,6522,0,0,0,0,0,0,0,48075342,44711973,0,0,107851,107851,15168,16304,0,0,0,0,0,0,0,0,0,2505569,1251255,0,262144,7673627,219182677,0,0,1026,709620,2040721598,0,0,0,0,0,3,0,0,0,0,0,0,2048596351,495,14121,1865289,1815526128,23823,0,106997,120539838,651092,169,0,651981,169,0,0,0,652150,0,651261,0,0,0,0,0,33,0,85,14704,0,0,0,0,0,0,0,0,225554,611,0,0,0,1015829,21385469,452411,0,0,0,85,1015829,21385469,0,0,46508,4050,23496,19446,19446,0,0,100512,0,0,364,0,0,0,0,0,0,0,59,0,59,0,0,0,0,0,0,0,0,0,0,0,0,0,0,0,0,0,0,0,0,714,24,0
1777071383.002158,2158,ubuntu-rog,1,0,0,6918455,6316,2891594,5282376,446089,0,14,0,0,0,0,0,1969447236,0,0,4907,1970605916,0,6316,2891594,5282376,446089,0,461658,169223,0,0,14149,0,199,0,0,0,3,0,2891665,104807,5735003,14,0,0,6522,0,0,0,0,0,0,0,48075344,44711973,0,0,107851,107851,15168,16304,0,0,0,0,0,0,0,0,0,2505569,1251255,0,262144,7673627,219182693,0,0,1026,709620,2040721624,0,0,0,0,0,3,0,0,0,0,0,0,2048596375,495,14121,1865289,1815526128,23823,0,106997,120539838,651092,169,0,651981,169,0,0,0,652150,0,651261,0,0,0,0,0,33,0,85,14704,0,0,0,0,0,0,0,0,225554,611,0,0,0,1015829,21385469,452411,0,0,0,85,1015829,21385469,0,0,46508,4050,23496,19446,19446,0,0,100512,0,0,364,0,0,0,0,0,0,0,59,0,59,0,0,0,0,0,0,0,0,0,0,0,0,0,0,0,0,0,0,0,0,714,24,0
1777071384.001265,1265,ubuntu-rog,1,0,0,6918455,6316,2891594,5282407,446089,0,15,0,0,0,0,0,1969447268,0,0,4907,1970605948,0,6316,2891594,5282407,446089,0,461658,169223,0,0,14149,0,199,0,0,0,3,0,2891665,104807,5735004,15,0,0,6522,0,0,0,0,0,0,0,48075345,44711973,0,0,107851,107851,15168,16304,0,0,0,0,0,0,0,0,0,2505575,1251258,0,262144,7673627,219182693,0,0,1026,709620,2040721656,0,0,0,0,0,3,0,0,0,0,0,0,2048596406,495,14121,1865289,1815526128,23823,0,106997,120539838,651092,169,0,651981,169,0,0,0,652150,0,651261,0,0,0,0,0,33,0,85,14704,0,0,0,0,0,0,0,0,225554,611,0,0,0,1015829,21385469,452411,0,0,0,85,1015829,21385469,0,0,46508,4050,23496,19446,19446,0,0,100512,0,0,364,0,0,0,0,0,0,0,59,0,59,0,0,0,0,0,0,0,0,0,0,0,0,0,0,0,0,0,0,0,0,714,24,0
1777071385.001321,1321,ubuntu-rog,1,0,0,6918455,6316,2891594,5282407,446089,0,16,0,0,0,0,0,1969447301,0,0,4907,1970605981,0,6316,2891594,5282407,446089,0,461658,169223,0,0,14149,0,199,0,0,0,3,0,2891665,104807,5735005,16,0,0,6522,0,0,0,0,0,0,0,48075346,44711973,0,0,107851,107851,15168,16304,0,0,0,0,0,0,0,0,0,2505575,1251258,0,262144,7673627,219182693,0,0,1026,709620,2040721689,0,0,0,0,0,3,0,0,0,0,0,0,2048596438,495,14121,1865289,1815526128,23823,0,106997,120539838,651092,169,0,651981,169,0,0,0,652150,0,651261,0,0,0,0,0,33,0,85,14704,0,0,0,0,0,0,0,0,225554,611,0,0,0,1015829,21385469,452411,0,0,0,85,1015829,21385469,0,0,46508,4050,23496,19446,19446,0,0,100512,0,0,364,0,0,0,0,0,0,0,59,0,59,0,0,0,0,0,0,0,0,0,0,0,0,0,0,0,0,0,0,0,0,714,24,0
1777071386.001308,1308,ubuntu-rog,1,0,0,6918455,6316,2891585,5282407,446089,0,16,0,0,0,0,0,1969447329,0,0,4907,1970606009,0,6316,2891585,5282407,446089,0,461658,169223,0,0,14149,0,199,0,0,0,3,0,2891661,104807,5735005,16,0,0,6522,0,0,0,0,0,0,0,48075346,44711973,0,0,107851,107851,15168,16304,0,0,0,0,0,0,0,0,0,2505575,1251258,0,262144,7673627,219182693,0,0,1026,709620,2040721717,0,0,0,0,0,3,0,0,0,0,0,0,2048596470,495,14121,1865289,1815526133,23823,0,106997,120539838,651092,169,0,651981,169,0,0,0,652150,0,651261,0,0,0,0,0,33,0,85,14704,0,0,0,0,0,0,0,0,225554,611,0,0,0,1015829,21385469,452411,0,0,0,85,1015829,21385469,0,0,46508,4050,23496,19446,19446,0,0,100512,0,0,364,0,0,0,0,0,0,0,59,0,59,0,0,0,0,0,0,0,0,0,0,0,0,0,0,0,0,0,0,0,0,714,24,0
1777071387.002159,2159,ubuntu-rog,1,0,0,6918455,6316,2891585,5282407,446089,0,16,0,0,0,0,0,1969447357,0,0,4907,1970606037,0,6316,2891585,5282407,446089,0,461658,169223,0,0,14149,0,199,0,0,0,3,0,2891661,104807,5735005,16,0,0,6522,0,0,0,0,0,0,0,48075346,44711973,0,0,107851,107851,15168,16304,0,0,0,0,0,0,0,0,0,2505575,1251258,0,262144,7673627,219182693,0,0,1026,709620,2040721745,0,0,0,0,0,3,0,0,0,0,0,0,2048596498,495,14121,1865289,1815526133,23823,0,106997,120539838,651092,169,0,651981,169,0,0,0,652150,0,651261,0,0,0,0,0,33,0,85,14704,0,0,0,0,0,0,0,0,225554,611,0,0,0,1015829,21385469,452411,0,0,0,85,1015829,21385469,0,0,46508,4050,23496,19446,19446,0,0,100512,0,0,364,0,0,0,0,0,0,0,59,0,59,0,0,0,0,0,0,0,0,0,0,0,0,0,0,0,0,0,0,0,0,714,24,0
1777071388.001162,1162,ubuntu-rog,1,0,0,6918455,6316,2891585,5282407,446089,0,17,0,0,0,0,0,1969447386,0,0,4907,1970606066,0,6316,2891585,5282407,446089,0,461658,169223,0,0,14149,0,199,0,0,0,3,0,2891661,104807,5735006,17,0,0,6522,0,0,0,0,0,0,0,48075347,44711973,0,0,107851,107851,15168,16304,0,0,0,0,0,0,0,0,0,2505575,1251258,0,262144,7673627,219182693,0,0,1026,709620,2040721774,0,0,0,0,0,3,0,0,0,0,0,0,2048596526,495,14121,1865289,1815526133,23823,0,106997,120539838,651092,169,0,651981,169,0,0,0,652150,0,651261,0,0,0,0,0,33,0,85,14704,0,0,0,0,0,0,0,0,225554,611,0,0,0,1015829,21385469,452411,0,0,0,85,1015829,21385469,0,0,46508,4050,23496,19446,19446,0,0,100512,0,0,364,0,0,0,0,0,0,0,59,0,59,0,0,0,0,0,0,0,0,0,0,0,0,0,0,0,0,0,0,0,0,714,24,0
1777071389.001265,1265,ubuntu-rog,1,0,0,6918455,6316,2891585,5282407,446089,0,19,0,0,0,0,0,1969447412,0,0,4907,1970606092,0,6316,2891585,5282407,446089,0,461658,169223,0,0,14149,0,199,0,0,0,3,0,2891661,104807,5735010,19,0,0,6522,0,0,0,0,0,0,0,48075349,44711973,0,0,107851,107851,15168,16304,0,0,0,0,0,0,0,0,0,2505575,1251258,0,262144,7673627,219182709,0,0,1026,709620,2040721800,0,0,0,0,0,3,0,0,0,0,0,0,2048596548,495,14121,1865289,1815526133,23823,0,106997,120539838,651092,169,0,651981,169,0,0,0,652150,0,651261,0,0,0,0,0,33,0,85,14704,0,0,0,0,0,0,0,0,225554,611,0,0,0,1015829,21385469,452411,0,0,0,85,1015829,21385469,0,0,46508,4050,23496,19446,19446,0,0,100512,0,0,364,0,0,0,0,0,0,0,59,0,59,0,0,0,0,0,0,0,0,0,0,0,0,0,0,0,0,0,0,0,0,714,24,0
1777071390.001299,1299,ubuntu-rog,1,0,0,6918455,6316,2891585,5282407,446089,0,19,0,0,0,0,0,1969447441,0,0,4907,1970606121,0,6316,2891585,5282407,446089,0,461658,169223,0,0,14149,0,199,0,0,0,3,0,2891661,104807,5735010,19,0,0,6522,0,0,0,0,0,0,0,48075349,44711973,0,0,107851,107851,15168,16304,0,0,0,0,0,0,0,0,0,2505575,1251258,0,262144,7673627,219182709,0,0,1026,709620,2040721829,0,0,0,0,0,3,0,0,0,0,0,0,2048596577,495,14121,1865289,1815526133,23823,0,106997,120539838,651092,169,0,651981,169,0,0,0,652150,0,651261,0,0,0,0,0,33,0,85,14704,0,0,0,0,0,0,0,0,225554,611,0,0,0,1015829,21385469,452411,0,0,0,85,1015829,21385469,0,0,46508,4050,23496,19446,19446,0,0,100512,0,0,364,0,0,0,0,0,0,0,59,0,59,0,0,0,0,0,0,0,0,0,0,0,0,0,0,0,0,0,0,0,0,714,24,0
1777071391.001547,1547,ubuntu-rog,1,0,0,6918455,6316,2891585,5282407,446089,0,19,0,0,0,0,0,1969447472,0,0,4907,1970606152,0,6316,2891585,5282407,446089,0,461658,169223,0,0,14149,0,199,0,0,0,3,0,2891661,104807,5735010,19,0,0,6522,0,0,0,0,0,0,0,48075349,44711973,0,0,107851,107851,15168,16304,0,0,0,0,0,0,0,0,0,2505575,1251258,0,262144,7673627,219182709,0,0,1026,709620,2040721860,0,0,0,0,0,3,0,0,0,0,0,0,2048596608,495,14121,1865289,1815526133,23823,0,106997,120539838,651092,169,0,651981,169,0,0,0,652150,0,651261,0,0,0,0,0,33,0,85,14704,0,0,0,0,0,0,0,0,225554,611,0,0,0,1015829,21385469,452411,0,0,0,85,1015829,21385469,0,0,46508,4050,23496,19446,19446,0,0,100512,0,0,364,0,0,0,0,0,0,0,59,0,59,0,0,0,0,0,0,0,0,0,0,0,0,0,0,0,0,0,0,0,0,714,24,0
1777071392.002155,2155,ubuntu-rog,1,0,0,6918455,6316,2891585,5282407,446089,0,20,0,0,0,0,0,1969447495,0,0,4907,1970606175,0,6316,2891585,5282407,446089,0,461658,169223,0,0,14149,0,199,0,0,0,3,0,2891661,104807,5735011,20,0,0,6522,0,0,0,0,0,0,0,48075350,44711973,0,0,107851,107851,15168,16304,0,0,0,0,0,0,0,0,0,2505575,1251258,0,262144,7673627,219182709,0,0,1026,709620,2040721883,0,0,0,0,0,3,0,0,0,0,0,0,2048596630,495,14121,1865289,1815526133,23823,0,106997,120539838,651092,169,0,651981,169,0,0,0,652150,0,651261,0,0,0,0,0,33,0,85,14704,0,0,0,0,0,0,0,0,225554,611,0,0,0,1015829,21385469,452411,0,0,0,85,1015829,21385469,0,0,46508,4050,23496,19446,19446,0,0,100512,0,0,364,0,0,0,0,0,0,0,59,0,59,0,0,0,0,0,0,0,0,0,0,0,0,0,0,0,0,0,0,0,0,714,24,0
1777071393.001162,1162,ubuntu-rog,1,0,0,6918455,6316,2891585,5282407,446089,0,20,0,0,0,0,0,1969447526,0,0,4907,1970606206,0,6316,2891585,5282407,446089,0,461658,169223,0,0,14149,0,199,0,0,0,3,0,2891661,104807,5735011,20,0,0,6522,0,0,0,0,0,0,0,48075350,44711973,0,0,107851,107851,15168,16304,0,0,0,0,0,0,0,0,0,2505575,1251258,0,262144,7673627,219182709,0,0,1026,709620,2040721914,0,0,0,0,0,3,0,0,0,0,0,0,2048596661,495,14121,1865289,1815526133,23823,0,106997,120539838,651092,169,0,651981,169,0,0,0,652150,0,651261,0,0,0,0,0,33,0,85,14704,0,0,0,0,0,0,0,0,225554,611,0,0,0,1015829,21385469,452411,0,0,0,85,1015829,21385469,0,0,46508,4050,23496,19446,19446,0,0,100512,0,0,364,0,0,0,0,0,0,0,59,0,59,0,0,0,0,0,0,0,0,0,0,0,0,0,0,0,0,0,0,0,0,714,24,0
1777071394.001261,1261,ubuntu-rog,1,0,0,6918455,6316,2891585,5282407,446089,0,20,0,0,0,0,0,1969447557,0,0,4907,1970606237,0,6316,2891585,5282407,446089,0,461658,169223,0,0,14149,0,199,0,0,0,3,0,2891661,104807,5735011,20,0,0,6522,0,0,0,0,0,0,0,48075350,44711973,0,0,107851,107851,15168,16304,0,0,0,0,0,0,0,0,0,2505575,1251258,0,262144,7673627,219182709,0,0,1026,709620,2040721945,0,0,0,0,0,3,0,0,0,0,0,0,2048596692,495,14121,1865289,1815526133,23823,0,106997,120539838,651092,169,0,651981,169,0,0,0,652150,0,651261,0,0,0,0,0,33,0,85,14704,0,0,0,0,0,0,0,0,225554,611,0,0,0,1015829,21385469,452411,0,0,0,85,1015829,21385469,0,0,46508,4050,23496,19446,19446,0,0,100512,0,0,364,0,0,0,0,0,0,0,59,0,59,0,0,0,0,0,0,0,0,0,0,0,0,0,0,0,0,0,0,0,0,714,24,0
1777071395.001294,1294,ubuntu-rog,1,0,0,6918455,6316,2891585,5282413,446089,0,21,0,0,0,0,0,1969447581,0,0,4907,1970606261,0,6316,2891585,5282413,446089,0,461658,169223,0,0,14149,0,199,0,0,0,3,0,2891661,104807,5735014,9,12,0,6522,0,0,0,0,0,0,0,48075351,44711973,0,0,107851,107851,15168,16304,0,0,0,0,0,0,0,0,0,2505576,1251258,0,262144,7673627,219182773,0,0,1026,709620,2040721969,0,0,0,0,0,3,0,0,0,0,0,0,2048596713,495,14121,1865289,1815526133,23823,0,106997,120539838,651092,169,0,651981,169,0,0,0,652150,0,651261,0,0,0,0,0,33,0,85,14704,0,0,0,0,0,0,0,0,225554,611,0,0,0,1015829,21385469,452411,0,0,0,85,1015829,21385469,0,0,46508,4050,23496,19446,19446,0,0,100512,0,0,364,0,0,0,0,0,0,0,59,0,59,0,0,0,0,0,0,0,0,0,0,0,0,0,0,0,0,0,0,0,0,714,24,0
1777071396.002294,2294,ubuntu-rog,1,0,0,6918455,6316,2891585,5282413,446089,0,10,0,0,0,0,0,1969447614,0,0,4907,1970606294,0,6316,2891585,5282413,446089,0,461658,169223,0,0,14149,0,199,0,0,0,3,0,2891661,104807,5735015,10,0,0,6522,0,0,0,0,0,0,0,48075352,44711985,0,0,107851,107851,15168,16304,0,0,0,0,0,0,0,0,0,2505576,1251258,0,262144,7673627,219182773,0,0,1026,709620,2040722002,0,0,0,0,0,3,0,0,0,0,0,0,2048596745,495,14121,1865289,1815526133,23823,0,106997,120539838,651092,169,0,651981,169,0,0,0,652150,0,651261,0,0,0,0,0,33,0,85,14704,0,0,0,0,0,0,0,0,225554,611,0,0,0,1015829,21385469,452411,0,0,0,85,1015829,21385469,0,0,46508,4050,23496,19446,19446,0,0,100512,0,0,364,0,0,0,0,0,0,0,59,0,59,0,0,0,0,0,0,0,0,0,0,0,0,0,0,0,0,0,0,0,0,714,24,0
1777071397.001158,1158,ubuntu-rog,1,0,0,6918455,6316,2891585,5282413,446089,0,10,0,0,0,0,0,1969447645,0,0,4907,1970606325,0,6316,2891585,5282413,446089,0,461658,169223,0,0,14149,0,199,0,0,0,3,0,2891661,104807,5735015,10,0,0,6522,0,0,0,0,0,0,0,48075352,44711985,0,0,107851,107851,15168,16304,0,0,0,0,0,0,0,0,0,2505576,1251258,0,262144,7673627,219182773,0,0,1026,709620,2040722033,0,0,0,0,0,3,0,0,0,0,0,0,2048596776,495,14121,1865289,1815526133,23823,0,106997,120539838,651092,169,0,651981,169,0,0,0,652150,0,651261,0,0,0,0,0,33,0,85,14704,0,0,0,0,0,0,0,0,225554,611,0,0,0,1015829,21385469,452411,0,0,0,85,1015829,21385469,0,0,46508,4050,23496,19446,19446,0,0,100512,0,0,364,0,0,0,0,0,0,0,59,0,59,0,0,0,0,0,0,0,0,0,0,0,0,0,0,0,0,0,0,0,0,714,24,0
1777071398.001162,1162,ubuntu-rog,1,0,0,6918455,6316,2891585,5282413,446089,0,10,0,0,0,0,0,1969447675,0,0,4907,1970606355,0,6316,2891585,5282413,446089,0,461658,169223,0,0,14149,0,199,0,0,0,3,0,2891661,104807,5735015,10,0,0,6522,0,0,0,0,0,0,0,48075352,44711985,0,0,107851,107851,15168,16304,0,0,0,0,0,0,0,0,0,2505576,1251258,0,262144,7673627,219182773,0,0,1026,709620,2040722063,0,0,0,0,0,3,0,0,0,0,0,0,2048596806,495,14121,1865289,1815526133,23823,0,106997,120539838,651092,169,0,651981,169,0,0,0,652150,0,651261,0,0,0,0,0,33,0,85,14704,0,0,0,0,0,0,0,0,225554,611,0,0,0,1015829,21385469,452411,0,0,0,85,1015829,21385469,0,0,46508,4050,23496,19446,19446,0,0,100512,0,0,364,0,0,0,0,0,0,0,59,0,59,0,0,0,0,0,0,0,0,0,0,0,0,0,0,0,0,0,0,0,0,714,24,0
1777071399.001262,1262,ubuntu-rog,1,0,0,6918455,6316,2891585,5282413,446089,0,11,0,0,0,0,0,1969447705,0,0,4907,1970606385,0,6316,2891585,5282413,446089,0,461658,169223,0,0,14149,0,199,0,0,0,3,0,2891661,104807,5735016,11,0,0,6522,0,0,0,0,0,0,0,48075353,44711985,0,0,107851,107851,15168,16304,0,0,0,0,0,0,0,0,0,2505576,1251258,0,262144,7673627,219182773,0,0,1026,709620,2040722093,0,0,0,0,0,3,0,0,0,0,0,0,2048596835,495,14121,1865289,1815526133,23823,0,106997,120539838,651092,169,0,651981,169,0,0,0,652150,0,651261,0,0,0,0,0,33,0,85,14704,0,0,0,0,0,0,0,0,225554,611,0,0,0,1015829,21385469,452411,0,0,0,85,1015829,21385469,0,0,46508,4050,23496,19446,19446,0,0,100512,0,0,364,0,0,0,0,0,0,0,59,0,59,0,0,0,0,0,0,0,0,0,0,0,0,0,0,0,0,0,0,0,0,714,24,0
1777071400.002281,2281,ubuntu-rog,1,0,0,6918455,6316,2891585,5282413,446089,0,13,0,0,0,0,0,1969447730,0,0,4907,1970606410,0,6316,2891585,5282413,446089,0,461658,169223,0,0,14149,0,199,0,0,0,3,0,2891661,104807,5735017,13,0,0,6522,0,0,0,0,0,0,0,48075355,44711985,0,0,107851,107851,15168,16304,0,0,0,0,0,0,0,0,0,2505576,1251258,0,262144,7673627,219182773,0,0,1026,709620,2040722118,0,0,0,0,0,3,0,0,0,0,0,0,2048596859,495,14121,1865289,1815526133,23823,0,106997,120539838,651092,169,0,651981,169,0,0,0,652150,0,651261,0,0,0,0,0,33,0,85,14704,0,0,0,0,0,0,0,0,225554,611,0,0,0,1015829,21385469,452411,0,0,0,85,1015829,21385469,0,0,46508,4050,23496,19446,19446,0,0,100512,0,0,364,0,0,0,0,0,0,0,59,0,59,0,0,0,0,0,0,0,0,0,0,0,0,0,0,0,0,0,0,0,0,714,24,0
1777071401.001305,1305,ubuntu-rog,1,0,0,6918455,6316,2891585,5282413,446089,0,19,0,0,0,0,0,1969447765,0,0,4907,1970606445,0,6316,2891585,5282413,446089,0,461658,169223,0,0,14149,0,199,0,0,0,3,0,2891661,104807,5735020,19,0,0,6522,0,0,0,0,0,0,0,48075361,44711985,0,0,107851,107851,15168,16304,0,0,0,0,0,0,0,0,0,2505576,1251258,0,262144,7673627,219182805,0,0,1026,709620,2040722153,0,0,0,0,0,3,0,0,0,0,0,0,2048596891,495,14121,1865289,1815526133,23823,0,106997,120539838,651092,169,0,651981,169,0,0,0,652150,0,651261,0,0,0,0,0,33,0,85,14704,0,0,0,0,0,0,0,0,225554,611,0,0,0,1015829,21385469,452411,0,0,0,85,1015829,21385469,0,0,46508,4050,23496,19446,19446,0,0,100512,0,0,364,0,0,0,0,0,0,0,59,0,59,0,0,0,0,0,0,0,0,0,0,0,0,0,0,0,0,0,0,0,0,714,24,0
1777071402.001161,1161,ubuntu-rog,1,0,0,6918455,6316,2891585,5282413,446089,0,19,0,0,0,0,0,1969447794,0,0,4907,1970606474,0,6316,2891585,5282413,446089,0,461658,169223,0,0,14149,0,199,0,0,0,3,0,2891661,104807,5735020,19,0,0,6522,0,0,0,0,0,0,0,48075361,44711985,0,0,107851,107851,15168,16304,0,0,0,0,0,0,0,0,0,2505576,1251258,0,262144,7673627,219182805,0,0,1026,709620,2040722182,0,0,0,0,0,3,0,0,0,0,0,0,2048596920,495,14121,1865289,1815526133,23823,0,106997,120539838,651092,169,0,651981,169,0,0,0,652150,0,651261,0,0,0,0,0,33,0,85,14704,0,0,0,0,0,0,0,0,225554,611,0,0,0,1015829,21385469,452411,0,0,0,85,1015829,21385469,0,0,46508,4050,23496,19446,19446,0,0,100512,0,0,364,0,0,0,0,0,0,0,59,0,59,0,0,0,0,0,0,0,0,0,0,0,0,0,0,0,0,0,0,0,0,714,24,0
1777071403.001159,1159,ubuntu-rog,1,0,0,6918455,6316,2891585,5282413,446089,0,20,0,0,0,0,0,1969447818,0,0,4907,1970606498,0,6316,2891585,5282413,446089,0,461658,169223,0,0,14149,0,199,0,0,0,3,0,2891661,104807,5735021,20,0,0,6522,0,0,0,0,0,0,0,48075362,44711985,0,0,107851,107851,15168,16304,0,0,0,0,0,0,0,0,0,2505576,1251258,0,262144,7673627,219182805,0,0,1026,709620,2040722206,0,0,0,0,0,3,0,0,0,0,0,0,2048596943,495,14121,1865289,1815526133,23823,0,106997,120539838,651092,169,0,651981,169,0,0,0,652150,0,651261,0,0,0,0,0,33,0,85,14704,0,0,0,0,0,0,0,0,225554,611,0,0,0,1015829,21385469,452411,0,0,0,85,1015829,21385469,0,0,46508,4050,23496,19446,19446,0,0,100512,0,0,364,0,0,0,0,0,0,0,59,0,59,0,0,0,0,0,0,0,0,0,0,0,0,0,0,0,0,0,0,0,0,714,24,0
1777071404.001612,1612,ubuntu-rog,1,0,0,6918455,6316,2891585,5282413,446089,0,20,0,0,0,0,0,1969447847,0,0,4907,1970606527,0,6316,2891585,5282413,446089,0,461658,169223,0,0,14149,0,199,0,0,0,3,0,2891661,104807,5735021,20,0,0,6522,0,0,0,0,0,0,0,48075362,44711985,0,0,107851,107851,15168,16304,0,0,0,0,0,0,0,0,0,2505576,1251258,0,262144,7673627,219182805,0,0,1026,709620,2040722235,0,0,0,0,0,3,0,0,0,0,0,0,2048596972,495,14121,1865289,1815526133,23823,0,106997,120539838,651092,169,0,651981,169,0,0,0,652150,0,651261,0,0,0,0,0,33,0,85,14704,0,0,0,0,0,0,0,0,225554,611,0,0,0,1015829,21385469,452411,0,0,0,85,1015829,21385469,0,0,46508,4050,23496,19446,19446,0,0,100512,0,0,364,0,0,0,0,0,0,0,59,0,59,0,0,0,0,0,0,0,0,0,0,0,0,0,0,0,0,0,0,0,0,714,24,0
1777071405.002296,2296,ubuntu-rog,1,0,0,6918455,6316,2891585,5282413,446089,0,20,0,0,0,0,0,1969447876,0,0,4907,1970606556,0,6316,2891585,5282413,446089,0,461658,169223,0,0,14149,0,199,0,0,0,3,0,2891661,104807,5735021,20,0,0,6522,0,0,0,0,0,0,0,48075362,44711985,0,0,107851,107851,15168,16304,0,0,0,0,0,0,0,0,0,2505576,1251258,0,262144,7673627,219182845,0,0,1026,709620,2040722264,0,0,0,0,0,3,0,0,0,0,0,0,2048597001,495,14121,1865289,1815526133,23823,0,106997,120539838,651092,169,0,651981,169,0,0,0,652150,0,651261,0,0,0,0,0,33,0,85,14704,0,0,0,0,0,0,0,0,225554,611,0,0,0,1015829,21385469,452411,0,0,0,85,1015829,21385469,0,0,46508,4050,23496,19446,19446,0,0,100512,0,0,364,0,0,0,0,0,0,0,59,0,59,0,0,0,0,0,0,0,0,0,0,0,0,0,0,0,0,0,0,0,0,714,24,0
1777071406.001302,1302,ubuntu-rog,1,0,0,6918455,6316,2891585,5282415,446089,0,14,0,0,0,0,0,1969447903,0,0,4907,1970606583,0,6316,2891585,5282415,446089,0,461658,169223,0,0,14149,0,199,0,0,0,3,0,2891661,104807,5735025,14,0,0,6522,0,0,0,0,0,0,0,48075366,44711995,0,0,107851,107851,15168,16304,0,0,0,0,0,0,0,0,0,2505577,1251258,0,262144,7673627,219182873,0,0,1026,709620,2040722291,0,0,0,0,0,3,0,0,0,0,0,0,2048597024,495,14121,1865289,1815526133,23823,0,106997,120539838,651092,169,0,651981,169,0,0,0,652150,0,651261,0,0,0,0,0,33,0,85,14704,0,0,0,0,0,0,0,0,225554,611,0,0,0,1015829,21385469,452411,0,0,0,85,1015829,21385469,0,0,46508,4050,23496,19446,19446,0,0,100512,0,0,364,0,0,0,0,0,0,0,59,0,59,0,0,0,0,0,0,0,0,0,0,0,0,0,0,0,0,0,0,0,0,714,24,0
1777071407.001160,1160,ubuntu-rog,1,0,0,6918455,6316,2891585,5282415,446089,0,14,0,0,0,0,0,1969447932,0,0,4907,1970606612,0,6316,2891585,5282415,446089,0,461658,169223,0,0,14149,0,199,0,0,0,3,0,2891661,104807,5735025,14,0,0,6522,0,0,0,0,0,0,0,48075366,44711995,0,0,107851,107851,15168,16304,0,0,0,0,0,0,0,0,0,2505577,1251258,0,262144,7673627,219182873,0,0,1026,709620,2040722320,0,0,0,0,0,3,0,0,0,0,0,0,2048597053,495,14121,1865289,1815526133,23823,0,106997,120539838,651092,169,0,651981,169,0,0,0,652150,0,651261,0,0,0,0,0,33,0,85,14704,0,0,0,0,0,0,0,0,225554,611,0,0,0,1015829,21385469,452411,0,0,0,85,1015829,21385469,0,0,46508,4050,23496,19446,19446,0,0,100512,0,0,364,0,0,0,0,0,0,0,59,0,59,0,0,0,0,0,0,0,0,0,0,0,0,0,0,0,0,0,0,0,0,714,24,0
1777071408.001161,1161,ubuntu-rog,1,0,0,6918455,6316,2891585,5282415,446089,0,14,0,0,0,0,0,1969447963,0,0,4907,1970606643,0,6316,2891585,5282415,446089,0,461658,169223,0,0,14149,0,199,0,0,0,3,0,2891661,104807,5735025,14,0,0,6522,0,0,0,0,0,0,0,48075366,44711995,0,0,107851,107851,15168,16304,0,0,0,0,0,0,0,0,0,2505577,1251258,0,262144,7673627,219182873,0,0,1026,709620,2040722351,0,0,0,0,0,3,0,0,0,0,0,0,2048597084,495,14121,1865289,1815526133,23823,0,106997,120539838,651092,169,0,651981,169,0,0,0,652150,0,651261,0,0,0,0,0,33,0,85,14704,0,0,0,0,0,0,0,0,225554,611,0,0,0,1015829,21385469,452411,0,0,0,85,1015829,21385469,0,0,46508,4050,23496,19446,19446,0,0,100512,0,0,364,0,0,0,0,0,0,0,59,0,59,0,0,0,0,0,0,0,0,0,0,0,0,0,0,0,0,0,0,0,0,714,24,0
1777071409.002258,2258,ubuntu-rog,1,0,0,6918455,6316,2891585,5282415,446089,0,15,0,0,0,0,0,1969447987,0,0,4907,1970606667,0,6316,2891585,5282415,446089,0,461658,169223,0,0,14149,0,199,0,0,0,3,0,2891661,104807,5735026,15,0,0,6522,0,0,0,0,0,0,0,48075367,44711995,0,0,107851,107851,15168,16304,0,0,0,0,0,0,0,0,0,2505577,1251258,0,262144,7673627,219182873,0,0,1026,709620,2040722375,0,0,0,0,0,3,0,0,0,0,0,0,2048597107,495,14121,1865289,1815526133,23823,0,106997,120539838,651092,169,0,651981,169,0,0,0,652150,0,651261,0,0,0,0,0,33,0,85,14704,0,0,0,0,0,0,0,0,225554,611,0,0,0,1015829,21385469,452411,0,0,0,85,1015829,21385469,0,0,46508,4050,23496,19446,19446,0,0,100512,0,0,364,0,0,0,0,0,0,0,59,0,59,0,0,0,0,0,0,0,0,0,0,0,0,0,0,0,0,0,0,0,0,714,24,0
1777071410.001326,1326,ubuntu-rog,1,0,0,6918455,6316,2891585,5282415,446089,0,15,0,0,0,0,0,1969448018,0,0,4907,1970606698,0,6316,2891585,5282415,446089,0,461658,169223,0,0,14149,0,199,0,0,0,3,0,2891661,104807,5735026,15,0,0,6522,0,0,0,0,0,0,0,48075367,44711995,0,0,107851,107851,15168,16304,0,0,0,0,0,0,0,0,0,2505577,1251258,0,262144,7673627,219182873,0,0,1026,709620,2040722406,0,0,0,0,0,3,0,0,0,0,0,0,2048597138,495,14121,1865289,1815526133,23823,0,106997,120539838,651092,169,0,651981,169,0,0,0,652150,0,651261,0,0,0,0,0,33,0,85,14704,0,0,0,0,0,0,0,0,225554,611,0,0,0,1015829,21385469,452411,0,0,0,85,1015829,21385469,0,0,46508,4050,23496,19446,19446,0,0,100512,0,0,364,0,0,0,0,0,0,0,59,0,59,0,0,0,0,0,0,0,0,0,0,0,0,0,0,0,0,0,0,0,0,714,24,0
1777071411.001308,1308,ubuntu-rog,1,0,0,6918455,6316,2891585,5282415,446089,0,16,0,0,0,0,0,1969448050,0,0,4907,1970606730,0,6316,2891585,5282415,446089,0,461658,169223,0,0,14149,0,199,0,0,0,3,0,2891661,104807,5735029,16,0,0,6522,0,0,0,0,0,0,0,48075368,44711995,0,0,107851,107851,15168,16304,0,0,0,0,0,0,0,0,0,2505577,1251258,0,262144,7673627,219182889,0,0,1026,709620,2040722438,0,0,0,0,0,3,0,0,0,0,0,0,2048597167,495,14121,1865289,1815526133,23823,0,106997,120539838,651092,169,0,651981,169,0,0,0,652150,0,651261,0,0,0,0,0,33,0,85,14704,0,0,0,0,0,0,0,0,225554,611,0,0,0,1015829,21385469,452411,0,0,0,85,1015829,21385469,0,0,46508,4050,23496,19446,19446,0,0,100512,0,0,364,0,0,0,0,0,0,0,59,0,59,0,0,0,0,0,0,0,0,0,0,0,0,0,0,0,0,0,0,0,0,714,24,0
1777071412.001157,1157,ubuntu-rog,1,0,0,6918455,6316,2891585,5282415,446089,0,16,0,0,0,0,0,1969448082,0,0,4907,1970606762,0,6316,2891585,5282415,446089,0,461658,169223,0,0,14149,0,199,0,0,0,3,0,2891661,104807,5735029,16,0,0,6522,0,0,0,0,0,0,0,48075368,44711995,0,0,107851,107851,15168,16304,0,0,0,0,0,0,0,0,0,2505577,1251258,0,262144,7673627,219182889,0,0,1026,709620,2040722470,0,0,0,0,0,3,0,0,0,0,0,0,2048597199,495,14121,1865289,1815526133,23823,0,106997,120539838,651092,169,0,651981,169,0,0,0,652150,0,651261,0,0,0,0,0,33,0,85,14704,0,0,0,0,0,0,0,0,225554,611,0,0,0,1015829,21385469,452411,0,0,0,85,1015829,21385469,0,0,46508,4050,23496,19446,19446,0,0,100512,0,0,364,0,0,0,0,0,0,0,59,0,59,0,0,0,0,0,0,0,0,0,0,0,0,0,0,0,0,0,0,0,0,714,24,0
1777071413.002157,2157,ubuntu-rog,1,0,0,6918455,6316,2891585,5282415,446089,0,18,0,0,0,0,0,1969448126,0,0,4907,1970606806,0,6316,2891585,5282415,446089,0,461658,169223,0,0,14149,0,199,0,0,0,3,0,2891661,104807,5735031,18,0,0,6522,0,0,0,0,0,0,0,48075370,44711995,0,0,107851,107851,15168,16304,0,0,0,0,0,0,0,0,0,2505577,1251258,0,262144,7673627,219182889,0,0,1026,709620,2040722514,0,0,0,0,0,3,0,0,0,0,0,0,2048597241,495,14121,1865289,1815526133,23823,0,106997,120539838,651092,169,0,651981,169,0,0,0,652150,0,651261,0,0,0,0,0,33,0,85,14704,0,0,0,0,0,0,0,0,225554,611,0,0,0,1015829,21385469,452411,0,0,0,85,1015829,21385469,0,0,46508,4050,23496,19446,19446,0,0,100512,0,0,364,0,0,0,0,0,0,0,59,0,59,0,0,0,0,0,0,0,0,0,0,0,0,0,0,0,0,0,0,0,0,714,24,0
1777071414.001262,1262,ubuntu-rog,1,0,0,6918455,6316,2891585,5282421,446089,0,11,0,0,0,0,0,1969448155,0,0,4907,1970606835,0,6316,2891585,5282421,446089,0,461658,169223,0,0,14149,0,199,0,0,0,3,0,2891661,104807,5735031,11,0,0,6522,0,0,0,0,0,0,0,48075370,44712002,0,0,107851,107851,15168,16304,0,0,0,0,0,0,0,0,0,2505578,1251259,0,262144,7673627,219182909,0,0,1026,709620,2040722543,0,0,0,0,0,3,0,0,0,0,0,0,2048597270,495,14121,1865289,1815526133,23823,0,106997,120539838,651092,169,0,651981,169,0,0,0,652150,0,651261,0,0,0,0,0,33,0,85,14704,0,0,0,0,0,0,0,0,225554,611,0,0,0,1015829,21385469,452411,0,0,0,85,1015829,21385469,0,0,46508,4050,23496,19446,19446,0,0,100512,0,0,364,0,0,0,0,0,0,0,59,0,59,0,0,0,0,0,0,0,0,0,0,0,0,0,0,0,0,0,0,0,0,714,24,0
1777071415.001300,1300,ubuntu-rog,1,0,0,6918455,6316,2891585,5282421,446089,0,11,0,0,0,0,0,1969448193,0,0,4907,1970606873,0,6316,2891585,5282421,446089,0,461658,169223,0,0,14149,0,199,0,0,0,3,0,2891661,104807,5735031,11,0,0,6522,0,0,0,0,0,0,0,48075370,44712002,0,0,107851,107851,15168,16304,0,0,0,0,0,0,0,0,0,2505578,1251259,0,262144,7673627,219182909,0,0,1026,709620,2040722581,0,0,0,0,0,3,0,0,0,0,0,0,2048597308,495,14121,1865289,1815526133,23823,0,106997,120539838,651092,169,0,651981,169,0,0,0,652150,0,651261,0,0,0,0,0,33,0,85,14704,0,0,0,0,0,0,0,0,225554,611,0,0,0,1015829,21385469,452411,0,0,0,85,1015829,21385469,0,0,46508,4050,23496,19446,19446,0,0,100512,0,0,364,0,0,0,0,0,0,0,59,0,59,0,0,0,0,0,0,0,0,0,0,0,0,0,0,0,0,0,0,0,0,714,24,0
1777071416.001543,1543,ubuntu-rog,1,0,0,6918455,6316,2891585,5282421,446089,0,12,0,0,0,0,0,1969448225,0,0,4907,1970606905,0,6316,2891585,5282421,446089,0,461658,169223,0,0,14149,0,199,0,0,0,3,0,2891661,104807,5735032,12,0,0,6522,0,0,0,0,0,0,0,48075371,44712002,0,0,107851,107851,15168,16304,0,0,0,0,0,0,0,0,0,2505578,1251259,0,262144,7673627,219182909,0,0,1026,709620,2040722613,0,0,0,0,0,3,0,0,0,0,0,0,2048597339,495,14121,1865289,1815526133,23823,0,106997,120539838,651092,169,0,651981,169,0,0,0,652150,0,651261,0,0,0,0,0,33,0,85,14704,0,0,0,0,0,0,0,0,225554,611,0,0,0,1015829,21385469,452411,0,0,0,85,1015829,21385469,0,0,46508,4050,23496,19446,19446,0,0,100512,0,0,364,0,0,0,0,0,0,0,59,0,59,0,0,0,0,0,0,0,0,0,0,0,0,0,0,0,0,0,0,0,0,714,24,0
1777071417.002155,2155,ubuntu-rog,1,0,0,6918455,6316,2891585,5282421,446089,0,16,0,0,0,0,0,1969448251,0,0,4907,1970606931,0,6316,2891585,5282421,446089,0,461658,169223,0,0,14149,0,199,0,0,0,3,0,2891661,104807,5735035,16,0,0,6522,0,0,0,0,0,0,0,48075375,44712002,0,0,107851,107851,15168,16304,0,0,0,0,0,0,0,0,0,2505578,1251259,0,262144,7673627,219182929,0,0,1026,709620,2040722639,0,0,0,0,0,3,0,0,0,0,0,0,2048597362,495,14121,1865289,1815526133,23823,0,106997,120539838,651092,169,0,651981,169,0,0,0,652150,0,651261,0,0,0,0,0,33,0,85,14704,0,0,0,0,0,0,0,0,225554,611,0,0,0,1015829,21385469,452411,0,0,0,85,1015829,21385469,0,0,46508,4050,23496,19446,19446,0,0,100512,0,0,364,0,0,0,0,0,0,0,59,0,59,0,0,0,0,0,0,0,0,0,0,0,0,0,0,0,0,0,0,0,0,714,24,0
1777071418.001161,1161,ubuntu-rog,1,0,0,6918455,6316,2891585,5282421,446089,0,16,0,0,0,0,0,1969448278,0,0,4907,1970606958,0,6316,2891585,5282421,446089,0,461658,169223,0,0,14149,0,199,0,0,0,3,0,2891661,104807,5735035,16,0,0,6522,0,0,0,0,0,0,0,48075375,44712002,0,0,107851,107851,15168,16304,0,0,0,0,0,0,0,0,0,2505578,1251259,0,262144,7673627,219182929,0,0,1026,709620,2040722666,0,0,0,0,0,3,0,0,0,0,0,0,2048597389,495,14121,1865289,1815526133,23823,0,106997,120539838,651092,169,0,651981,169,0,0,0,652150,0,651261,0,0,0,0,0,33,0,85,14704,0,0,0,0,0,0,0,0,225554,611,0,0,0,1015829,21385469,452411,0,0,0,85,1015829,21385469,0,0,46508,4050,23496,19446,19446,0,0,100512,0,0,364,0,0,0,0,0,0,0,59,0,59,0,0,0,0,0,0,0,0,0,0,0,0,0,0,0,0,0,0,0,0,714,24,0
1777071419.001263,1263,ubuntu-rog,1,0,0,6918455,6316,2891585,5282421,446089,0,16,0,0,0,0,0,1969448307,0,0,4907,1970606987,0,6316,2891585,5282421,446089,0,461658,169223,0,0,14149,0,199,0,0,0,3,0,2891661,104807,5735035,16,0,0,6522,0,0,0,0,0,0,0,48075375,44712002,0,0,107851,107851,15168,16304,0,0,0,0,0,0,0,0,0,2505578,1251259,0,262144,7673627,219182929,0,0,1026,709620,2040722695,0,0,0,0,0,3,0,0,0,0,0,0,2048597418,495,14121,1865289,1815526133,23823,0,106997,120539838,651092,169,0,651981,169,0,0,0,652150,0,651261,0,0,0,0,0,33,0,85,14704,0,0,0,0,0,0,0,0,225554,611,0,0,0,1015829,21385469,452411,0,0,0,85,1015829,21385469,0,0,46508,4050,23496,19446,19446,0,0,100512,0,0,364,0,0,0,0,0,0,0,59,0,59,0,0,0,0,0,0,0,0,0,0,0,0,0,0,0,0,0,0,0,0,714,24,0
1777071420.001298,1298,ubuntu-rog,1,0,0,6918455,6316,2891585,5282421,446089,0,17,0,0,0,0,0,1969448332,0,0,4907,1970607012,0,6316,2891585,5282421,446089,0,461658,169223,0,0,14149,0,199,0,0,0,3,0,2891661,104807,5735036,17,0,0,6522,0,0,0,0,0,0,0,48075376,44712002,0,0,107851,107851,15168,16304,0,0,0,0,0,0,0,0,0,2505578,1251259,0,262144,7673627,219182929,0,0,1026,709620,2040722720,0,0,0,0,0,3,0,0,0,0,0,0,2048597443,495,14121,1865289,1815526133,23823,0,106997,120539838,651092,169,0,651981,169,0,0,0,652150,0,651261,0,0,0,0,0,33,0,85,14704,0,0,0,0,0,0,0,0,225554,611,0,0,0,1015829,21385469,452411,0,0,0,85,1015829,21385469,0,0,46508,4050,23496,19446,19446,0,0,100512,0,0,364,0,0,0,0,0,0,0,59,0,59,0,0,0,0,0,0,0,0,0,0,0,0,0,0,0,0,0,0,0,0,714,24,0
1777071421.002291,2291,ubuntu-rog,1,0,0,6918455,6316,2891585,5282421,446089,0,17,0,0,0,0,0,1969448362,0,0,4907,1970607042,0,6316,2891585,5282421,446089,0,461658,169223,0,0,14149,0,199,0,0,0,3,0,2891661,104807,5735036,17,0,0,6522,0,0,0,0,0,0,0,48075376,44712002,0,0,107851,107851,15168,16304,0,0,0,0,0,0,0,0,0,2505578,1251259,0,262144,7673627,219182929,0,0,1026,709620,2040722750,0,0,0,0,0,3,0,0,0,0,0,0,2048597472,495,14121,1865289,1815526133,23823,0,106997,120539838,651092,169,0,651981,169,0,0,0,652150,0,651261,0,0,0,0,0,33,0,85,14704,0,0,0,0,0,0,0,0,225554,611,0,0,0,1015829,21385469,452411,0,0,0,85,1015829,21385469,0,0,46508,4050,23496,19446,19446,0,0,100512,0,0,364,0,0,0,0,0,0,0,59,0,59,0,0,0,0,0,0,0,0,0,0,0,0,0,0,0,0,0,0,0,0,714,24,0
1777071422.001159,1159,ubuntu-rog,1,0,0,6918455,6316,2891585,5282421,446089,0,18,0,0,0,0,0,1969448396,0,0,4907,1970607076,0,6316,2891585,5282421,446089,0,461658,169223,0,0,14149,0,199,0,0,0,3,0,2891661,104807,5735037,18,0,0,6522,0,0,0,0,0,0,0,48075377,44712002,0,0,107851,107851,15168,16304,0,0,0,0,0,0,0,0,0,2505578,1251259,0,262144,7673627,219182929,0,0,1026,709620,2040722784,0,0,0,0,0,3,0,0,0,0,0,0,2048597505,495,14121,1865289,1815526133,23823,0,106997,120539838,651092,169,0,651981,169,0,0,0,652150,0,651261,0,0,0,0,0,33,0,85,14704,0,0,0,0,0,0,0,0,225554,611,0,0,0,1015829,21385469,452411,0,0,0,85,1015829,21385469,0,0,46508,4050,23496,19446,19446,0,0,100512,0,0,364,0,0,0,0,0,0,0,59,0,59,0,0,0,0,0,0,0,0,0,0,0,0,0,0,0,0,0,0,0,0,714,24,0
1777071423.001163,1163,ubuntu-rog,1,0,0,6918455,6316,2891585,5282421,446089,0,19,0,0,0,0,0,1969448420,0,0,4907,1970607100,0,6316,2891585,5282421,446089,0,461658,169223,0,0,14149,0,199,0,0,0,3,0,2891661,104807,5735040,19,0,0,6522,0,0,0,0,0,0,0,48075378,44712002,0,0,107851,107851,15168,16304,0,0,0,0,0,0,0,0,0,2505578,1251259,0,262144,7673627,219182945,0,0,1026,709620,2040722808,0,0,0,0,0,3,0,0,0,0,0,0,2048597526,495,14121,1865289,1815526133,23823,0,106997,120539838,651092,169,0,651981,169,0,0,0,652150,0,651261,0,0,0,0,0,33,0,85,14704,0,0,0,0,0,0,0,0,225554,611,0,0,0,1015829,21385469,452411,0,0,0,85,1015829,21385469,0,0,46508,4050,23496,19446,19446,0,0,100512,0,0,364,0,0,0,0,0,0,0,59,0,59,0,0,0,0,0,0,0,0,0,0,0,0,0,0,0,0,0,0,0,0,714,24,0
1777071424.001262,1262,ubuntu-rog,1,0,0,6918455,6316,2891585,5282421,446089,0,19,0,0,0,0,0,1969448450,0,0,4907,1970607130,0,6316,2891585,5282421,446089,0,461658,169223,0,0,14149,0,199,0,0,0,3,0,2891661,104807,5735040,19,0,0,6522,0,0,0,0,0,0,0,48075378,44712002,0,0,107851,107851,15168,16304,0,0,0,0,0,0,0,0,0,2505578,1251259,0,262144,7673627,219182945,0,0,1026,709620,2040722838,0,0,0,0,0,3,0,0,0,0,0,0,2048597556,495,14121,1865289,1815526133,23823,0,106997,120539838,651092,169,0,651981,169,0,0,0,652150,0,651261,0,0,0,0,0,33,0,85,14704,0,0,0,0,0,0,0,0,225554,611,0,0,0,1015829,21385469,452411,0,0,0,85,1015829,21385469,0,0,46508,4050,23496,19446,19446,0,0,100512,0,0,364,0,0,0,0,0,0,0,59,0,59,0,0,0,0,0,0,0,0,0,0,0,0,0,0,0,0,0,0,0,0,714,24,0
1777071425.002292,2292,ubuntu-rog,1,0,0,6918455,6316,2891585,5282421,446089,0,20,0,0,0,0,0,1969448483,0,0,4907,1970607163,0,6316,2891585,5282421,446089,0,461658,169223,0,0,14149,0,199,0,0,0,3,0,2891661,104807,5735041,20,0,0,6522,0,0,0,0,0,0,0,48075379,44712002,0,0,107851,107851,15168,16304,0,0,0,0,0,0,0,0,0,2505578,1251259,0,262144,7673627,219182945,0,0,1026,709620,2040722871,0,0,0,0,0,3,0,0,0,0,0,0,2048597588,495,14121,1865289,1815526133,23823,0,106997,120539838,651092,169,0,651981,169,0,0,0,652150,0,651261,0,0,0,0,0,33,0,85,14704,0,0,0,0,0,0,0,0,225554,611,0,0,0,1015829,21385469,452411,0,0,0,85,1015829,21385469,0,0,46508,4050,23496,19446,19446,0,0,100512,0,0,364,0,0,0,0,0,0,0,59,0,59,0,0,0,0,0,0,0,0,0,0,0,0,0,0,0,0,0,0,0,0,714,24,0
1777071426.001304,1304,ubuntu-rog,1,0,0,6918455,6316,2891585,5282421,446089,0,20,0,0,0,0,0,1969448518,0,0,4907,1970607198,0,6316,2891585,5282421,446089,0,461658,169223,0,0,14149,0,199,0,0,0,3,0,2891661,104807,5735041,20,0,0,6522,0,0,0,0,0,0,0,48075379,44712002,0,0,107851,107851,15168,16304,0,0,0,0,0,0,0,0,0,2505578,1251259,0,262144,7673627,219182945,0,0,1026,709620,2040722906,0,0,0,0,0,3,0,0,0,0,0,0,2048597623,495,14121,1865289,1815526133,23823,0,106997,120539838,651092,169,0,651981,169,0,0,0,652150,0,651261,0,0,0,0,0,33,0,85,14704,0,0,0,0,0,0,0,0,225554,611,0,0,0,1015829,21385469,452411,0,0,0,85,1015829,21385469,0,0,46508,4050,23496,19446,19446,0,0,100512,0,0,364,0,0,0,0,0,0,0,59,0,59,0,0,0,0,0,0,0,0,0,0,0,0,0,0,0,0,0,0,0,0,714,24,0
1777071427.001157,1157,ubuntu-rog,1,0,0,6918455,6316,2891585,5282421,446089,0,21,0,0,0,0,0,1969448560,0,0,4907,1970607240,0,6316,2891585,5282421,446089,0,461658,169223,0,0,14149,0,199,0,0,0,3,0,2891661,104807,5735042,21,0,0,6522,0,0,0,0,0,0,0,48075380,44712002,0,0,107851,107851,15168,16304,0,0,0,0,0,0,0,0,0,2505578,1251259,0,262144,7673627,219182945,0,0,1026,709620,2040722948,0,0,0,0,0,3,0,0,0,0,0,0,2048597664,495,14121,1865289,1815526133,23823,0,106997,120539838,651092,169,0,651981,169,0,0,0,652150,0,651261,0,0,0,0,0,33,0,85,14704,0,0,0,0,0,0,0,0,225554,611,0,0,0,1015829,21385469,452411,0,0,0,85,1015829,21385469,0,0,46508,4050,23496,19446,19446,0,0,100512,0,0,364,0,0,0,0,0,0,0,59,0,59,0,0,0,0,0,0,0,0,0,0,0,0,0,0,0,0,0,0,0,0,714,24,0
1777071428.001163,1163,ubuntu-rog,1,0,0,6918455,6316,2891585,5282421,446089,0,22,0,0,0,0,0,1969448594,0,0,4907,1970607274,0,6316,2891585,5282421,446089,0,461658,169223,0,0,14149,0,199,0,0,0,3,0,2891661,104807,5735045,22,0,0,6522,0,0,0,0,0,0,0,48075381,44712002,0,0,107851,107851,15168,16304,0,0,0,0,0,0,0,0,0,2505578,1251259,0,262144,7673627,219182961,0,0,1026,709620,2040722982,0,0,0,0,0,3,0,0,0,0,0,0,2048597695,495,14121,1865289,1815526133,23823,0,106997,120539838,651092,169,0,651981,169,0,0,0,652150,0,651261,0,0,0,0,0,33,0,85,14704,0,0,0,0,0,0,0,0,225554,611,0,0,0,1015829,21385469,452411,0,0,0,85,1015829,21385469,0,0,46508,4050,23496,19446,19446,0,0,100512,0,0,364,0,0,0,0,0,0,0,59,0,59,0,0,0,0,0,0,0,0,0,0,0,0,0,0,0,0,0,0,0,0,714,24,0
1777071429.002241,2241,ubuntu-rog,1,0,0,6918455,6316,2891585,5282421,446089,0,22,0,0,0,0,0,1969448624,0,0,4907,1970607304,0,6316,2891585,5282421,446089,0,461658,169223,0,0,14149,0,199,0,0,0,3,0,2891661,104807,5735045,22,0,0,6522,0,0,0,0,0,0,0,48075381,44712002,0,0,107851,107851,15168,16304,0,0,0,0,0,0,0,0,0,2505578,1251259,0,262144,7673627,219182961,0,0,1026,709620,2040723012,0,0,0,0,0,3,0,0,0,0,0,0,2048597725,495,14121,1865289,1815526133,23823,0,106997,120539838,651092,169,0,651981,169,0,0,0,652150,0,651261,0,0,0,0,0,33,0,85,14704,0,0,0,0,0,0,0,0,225554,611,0,0,0,1015829,21385469,452411,0,0,0,85,1015829,21385469,0,0,46508,4050,23496,19446,19446,0,0,100512,0,0,364,0,0,0,0,0,0,0,59,0,59,0,0,0,0,0,0,0,0,0,0,0,0,0,0,0,0,0,0,0,0,714,24,0
1777071430.001299,1299,ubuntu-rog,1,0,0,6918455,6316,2891585,5282421,446089,0,23,0,0,0,0,0,1969448656,0,0,4907,1970607336,0,6316,2891585,5282421,446089,0,461658,169223,0,0,14149,0,199,0,0,0,3,0,2891661,104807,5735046,23,0,0,6522,0,0,0,0,0,0,0,48075382,44712002,0,0,107851,107851,15168,16304,0,0,0,0,0,0,0,0,0,2505578,1251259,0,262144,7673627,219182961,0,0,1026,709620,2040723044,0,0,0,0,0,3,0,0,0,0,0,0,2048597756,495,14121,1865289,1815526133,23823,0,106997,120539838,651092,169,0,651981,169,0,0,0,652150,0,651261,0,0,0,0,0,33,0,85,14704,0,0,0,0,0,0,0,0,225554,611,0,0,0,1015829,21385469,452411,0,0,0,85,1015829,21385469,0,0,46508,4050,23496,19446,19446,0,0,100512,0,0,364,0,0,0,0,0,0,0,59,0,59,0,0,0,0,0,0,0,0,0,0,0,0,0,0,0,0,0,0,0,0,714,24,0
1777071431.001301,1301,ubuntu-rog,1,0,0,6918455,6316,2891550,5282427,446089,0,12,0,0,0,0,0,1969448680,0,0,4907,1970607360,0,6316,2891550,5282427,446089,0,461658,169223,0,0,14149,0,199,0,0,0,3,0,2891623,104807,5735046,12,0,0,6522,0,0,0,0,0,0,0,48075382,44712013,0,0,107851,107851,15168,16304,0,0,0,0,0,0,0,0,0,2505579,1251260,0,262144,7673627,219183005,0,0,1026,709620,2040723068,0,0,0,0,0,3,0,0,0,0,0,0,2048597815,495,14121,1865289,1815526133,23823,0,106997,120539838,651092,169,0,651981,169,0,0,0,652150,0,651261,0,0,0,0,0,33,0,85,14704,0,0,0,0,0,0,0,0,225554,611,0,0,0,1015829,21385469,452411,0,0,0,85,1015829,21385469,0,0,46508,4050,23496,19446,19446,0,0,100512,0,0,364,0,0,0,0,0,0,0,59,0,59,0,0,0,0,0,0,0,0,0,0,0,0,0,0,0,0,0,0,0,0,714,24,0
1777071432.001155,1155,ubuntu-rog,1,0,0,6918455,6316,2891550,5282427,446089,0,12,0,0,0,0,0,1969448708,0,0,4907,1970607388,0,6316,2891550,5282427,446089,0,461658,169223,0,0,14149,0,199,0,0,0,3,0,2891623,104807,5735046,12,0,0,6522,0,0,0,0,0,0,0,48075382,44712013,0,0,107851,107851,15168,16304,0,0,0,0,0,0,0,0,0,2505579,1251260,0,262144,7673627,219183005,0,0,1026,709620,2040723096,0,0,0,0,0,3,0,0,0,0,0,0,2048597843,495,14121,1865289,1815526133,23823,0,106997,120539838,651092,169,0,651981,169,0,0,0,652150,0,651261,0,0,0,0,0,33,0,85,14704,0,0,0,0,0,0,0,0,225554,611,0,0,0,1015829,21385469,452411,0,0,0,85,1015829,21385469,0,0,46508,4050,23496,19446,19446,0,0,100512,0,0,364,0,0,0,0,0,0,0,59,0,59,0,0,0,0,0,0,0,0,0,0,0,0,0,0,0,0,0,0,0,0,714,24,0
1777071433.002155,2155,ubuntu-rog,1,0,0,6918455,6316,2891550,5282427,446089,0,16,0,0,0,0,0,1969448740,0,0,4907,1970607420,0,6316,2891550,5282427,446089,0,461658,169223,0,0,14149,0,199,0,0,0,3,0,2891623,104807,5735048,16,0,0,6522,0,0,0,0,0,0,0,48075386,44712013,0,0,107851,107851,15168,16304,0,0,0,0,0,0,0,0,0,2505579,1251260,0,262144,7673627,219183037,0,0,1026,709620,2040723128,0,0,0,0,0,3,0,0,0,0,0,0,2048597873,495,14121,1865289,1815526133,23823,0,106997,120539838,651092,169,0,651981,169,0,0,0,652150,0,651261,0,0,0,0,0,33,0,85,14704,0,0,0,0,0,0,0,0,225554,611,0,0,0,1015829,21385469,452411,0,0,0,85,1015829,21385469,0,0,46508,4050,23496,19446,19446,0,0,100512,0,0,364,0,0,0,0,0,0,0,59,0,59,0,0,0,0,0,0,0,0,0,0,0,0,0,0,0,0,0,0,0,0,714,24,0
1777071434.001264,1264,ubuntu-rog,1,0,0,6918455,6316,2891550,5282427,446089,0,19,0,0,0,0,0,1969448768,0,0,4907,1970607448,0,6316,2891550,5282427,446089,0,461658,169223,0,0,14149,0,199,0,0,0,3,0,2891623,104807,5735050,19,0,0,6522,0,0,0,0,0,0,0,48075389,44712013,0,0,107851,107851,15168,16304,0,0,0,0,0,0,0,0,0,2505579,1251260,0,262144,7673627,219183037,0,0,1026,709620,2040723156,0,0,0,0,0,3,0,0,0,0,0,0,2048597899,495,14121,1865289,1815526133,23823,0,106997,120539838,651092,169,0,651981,169,0,0,0,652150,0,651261,0,0,0,0,0,33,0,85,14704,0,0,0,0,0,0,0,0,225554,611,0,0,0,1015829,21385469,452411,0,0,0,85,1015829,21385469,0,0,46508,4050,23496,19446,19446,0,0,100512,0,0,364,0,0,0,0,0,0,0,59,0,59,0,0,0,0,0,0,0,0,0,0,0,0,0,0,0,0,0,0,0,0,714,24,0
1777071435.001325,1325,ubuntu-rog,1,0,0,6918455,6316,2891550,5282427,446089,0,19,0,0,0,0,0,1969448799,0,0,4907,1970607479,0,6316,2891550,5282427,446089,0,461658,169223,0,0,14149,0,199,0,0,0,3,0,2891623,104807,5735050,19,0,0,6522,0,0,0,0,0,0,0,48075389,44712013,0,0,107851,107851,15168,16304,0,0,0,0,0,0,0,0,0,2505579,1251260,0,262144,7673627,219183037,0,0,1026,709620,2040723187,0,0,0,0,0,3,0,0,0,0,0,0,2048597930,495,14121,1865289,1815526133,23823,0,106997,120539838,651092,169,0,651981,169,0,0,0,652150,0,651261,0,0,0,0,0,33,0,85,14704,0,0,0,0,0,0,0,0,225554,611,0,0,0,1015829,21385469,452411,0,0,0,85,1015829,21385469,0,0,46508,4050,23496,19446,19446,0,0,100512,0,0,364,0,0,0,0,0,0,0,59,0,59,0,0,0,0,0,0,0,0,0,0,0,0,0,0,0,0,0,0,0,0,714,24,0
1777071436.001303,1303,ubuntu-rog,1,0,0,6918455,6316,2891550,5282429,446089,0,9,0,0,0,0,0,1969448831,0,0,4907,1970607511,0,6316,2891550,5282429,446089,0,461658,169223,0,0,14149,0,199,0,0,0,3,0,2891623,104807,5735050,9,0,0,6522,0,0,0,0,0,0,0,48075389,44712023,0,0,107851,107851,15168,16304,0,0,0,0,0,0,0,0,0,2505579,1251260,0,262144,7673627,219183077,0,0,1026,709620,2040723219,0,0,0,0,0,3,0,0,0,0,0,0,2048597962,495,14121,1865289,1815526133,23823,0,106997,120539838,651092,169,0,651981,169,0,0,0,652150,0,651261,0,0,0,0,0,33,0,85,14704,0,0,0,0,0,0,0,0,225554,611,0,0,0,1015829,21385469,452411,0,0,0,85,1015829,21385469,0,0,46508,4050,23496,19446,19446,0,0,100512,0,0,364,0,0,0,0,0,0,0,59,0,59,0,0,0,0,0,0,0,0,0,0,0,0,0,0,0,0,0,0,0,0,714,24,0
1777071437.002154,2154,ubuntu-rog,1,0,0,6918455,6316,2891550,5282429,446089,0,13,0,0,0,0,0,1969448855,0,0,4907,1970607535,0,6316,2891550,5282429,446089,0,461658,169223,0,0,14149,0,199,0,0,0,3,0,2891623,104807,5735052,13,0,0,6522,0,0,0,0,0,0,0,48075393,44712023,0,0,107851,107851,15168,16304,0,0,0,0,0,0,0,0,0,2505579,1251260,0,262144,7673627,219183077,0,0,1026,709620,2040723243,0,0,0,0,0,3,0,0,0,0,0,0,2048597984,495,14121,1865289,1815526133,23823,0,106997,120539838,651092,169,0,651981,169,0,0,0,652150,0,651261,0,0,0,0,0,33,0,85,14704,0,0,0,0,0,0,0,0,225554,611,0,0,0,1015829,21385469,452411,0,0,0,85,1015829,21385469,0,0,46508,4050,23496,19446,19446,0,0,100512,0,0,364,0,0,0,0,0,0,0,59,0,59,0,0,0,0,0,0,0,0,0,0,0,0,0,0,0,0,0,0,0,0,714,24,0
1777071438.001162,1162,ubuntu-rog,1,0,0,6918455,6316,2891550,5282429,446089,0,14,0,0,0,0,0,1969448886,0,0,4907,1970607566,0,6316,2891550,5282429,446089,0,461658,169223,0,0,14149,0,199,0,0,0,3,0,2891623,104807,5735054,14,0,0,6522,0,0,0,0,0,0,0,48075394,44712023,0,0,107851,107851,15168,16304,0,0,0,0,0,0,0,0,0,2505579,1251260,0,262144,7673627,219183105,0,0,1026,709620,2040723274,0,0,0,0,0,3,0,0,0,0,0,0,2048598013,495,14121,1865289,1815526133,23823,0,106997,120539838,651092,169,0,651981,169,0,0,0,652150,0,651261,0,0,0,0,0,33,0,85,14704,0,0,0,0,0,0,0,0,225554,611,0,0,0,1015829,21385469,452411,0,0,0,85,1015829,21385469,0,0,46508,4050,23496,19446,19446,0,0,100512,0,0,364,0,0,0,0,0,0,0,59,0,59,0,0,0,0,0,0,0,0,0,0,0,0,0,0,0,0,0,0,0,0,714,24,0
1777071439.001257,1257,ubuntu-rog,1,0,0,6918455,6316,2891550,5282429,446089,0,15,0,0,0,0,0,1969448917,0,0,4907,1970607597,0,6316,2891550,5282429,446089,0,461658,169223,0,0,14149,0,199,0,0,0,3,0,2891623,104807,5735055,15,0,0,6522,0,0,0,0,0,0,0,48075395,44712023,0,0,107851,107851,15168,16304,0,0,0,0,0,0,0,0,0,2505579,1251260,0,262144,7673627,219183105,0,0,1026,709620,2040723305,0,0,0,0,0,3,0,0,0,0,0,0,2048598043,495,14121,1865289,1815526133,23823,0,106997,120539838,651092,169,0,651981,169,0,0,0,652150,0,651261,0,0,0,0,0,33,0,85,14704,0,0,0,0,0,0,0,0,225554,611,0,0,0,1015829,21385469,452411,0,0,0,85,1015829,21385469,0,0,46508,4050,23496,19446,19446,0,0,100512,0,0,364,0,0,0,0,0,0,0,59,0,59,0,0,0,0,0,0,0,0,0,0,0,0,0,0,0,0,0,0,0,0,714,24,0
1777071440.001295,1295,ubuntu-rog,1,0,0,6918455,6316,2891550,5282429,446089,0,15,0,0,0,0,0,1969448956,0,0,4907,1970607636,0,6316,2891550,5282429,446089,0,461658,169223,0,0,14149,0,199,0,0,0,3,0,2891623,104807,5735055,15,0,0,6522,0,0,0,0,0,0,0,48075395,44712023,0,0,107851,107851,15168,16304,0,0,0,0,0,0,0,0,0,2505579,1251260,0,262144,7673627,219183105,0,0,1026,709620,2040723344,0,0,0,0,0,3,0,0,0,0,0,0,2048598082,495,14121,1865289,1815526133,23823,0,106997,120539838,651092,169,0,651981,169,0,0,0,652150,0,651261,0,0,0,0,0,33,0,85,14704,0,0,0,0,0,0,0,0,225554,611,0,0,0,1015829,21385469,452411,0,0,0,85,1015829,21385469,0,0,46508,4050,23496,19446,19446,0,0,100512,0,0,364,0,0,0,0,0,0,0,59,0,59,0,0,0,0,0,0,0,0,0,0,0,0,0,0,0,0,0,0,0,0,714,24,0
1777071441.001544,1544,ubuntu-rog,1,0,0,6918455,6316,2891550,5282429,446089,0,16,0,0,0,0,0,1969448989,0,0,4907,1970607669,0,6316,2891550,5282429,446089,0,461658,169223,0,0,14149,0,199,0,0,0,3,0,2891623,104807,5735056,16,0,0,6522,0,0,0,0,0,0,0,48075396,44712023,0,0,107851,107851,15168,16304,0,0,0,0,0,0,0,0,0,2505579,1251260,0,262144,7673627,219183105,0,0,1026,709620,2040723377,0,0,0,0,0,3,0,0,0,0,0,0,2048598114,495,14121,1865289,1815526133,23823,0,106997,120539838,651092,169,0,651981,169,0,0,0,652150,0,651261,0,0,0,0,0,33,0,85,14704,0,0,0,0,0,0,0,0,225554,611,0,0,0,1015829,21385469,452411,0,0,0,85,1015829,21385469,0,0,46508,4050,23496,19446,19446,0,0,100512,0,0,364,0,0,0,0,0,0,0,59,0,59,0,0,0,0,0,0,0,0,0,0,0,0,0,0,0,0,0,0,0,0,714,24,0
1777071442.002155,2155,ubuntu-rog,1,0,0,6918455,6316,2891550,5282429,446089,0,16,0,0,0,0,0,1969449018,0,0,4907,1970607698,0,6316,2891550,5282429,446089,0,461658,169223,0,0,14149,0,199,0,0,0,3,0,2891623,104807,5735056,16,0,0,6522,0,0,0,0,0,0,0,48075396,44712023,0,0,107851,107851,15168,16304,0,0,0,0,0,0,0,0,0,2505579,1251260,0,262144,7673627,219183105,0,0,1026,709620,2040723406,0,0,0,0,0,3,0,0,0,0,0,0,2048598143,495,14121,1865289,1815526133,23823,0,106997,120539838,651092,169,0,651981,169,0,0,0,652150,0,651261,0,0,0,0,0,33,0,85,14704,0,0,0,0,0,0,0,0,225554,611,0,0,0,1015829,21385469,452411,0,0,0,85,1015829,21385469,0,0,46508,4050,23496,19446,19446,0,0,100512,0,0,364,0,0,0,0,0,0,0,59,0,59,0,0,0,0,0,0,0,0,0,0,0,0,0,0,0,0,0,0,0,0,714,24,0
1777071443.001159,1159,ubuntu-rog,1,0,0,6918455,6316,2891550,5282429,446089,0,16,0,0,0,0,0,1969449047,0,0,4907,1970607727,0,6316,2891550,5282429,446089,0,461658,169223,0,0,14149,0,199,0,0,0,3,0,2891623,104807,5735056,16,0,0,6522,0,0,0,0,0,0,0,48075396,44712023,0,0,107851,107851,15168,16304,0,0,0,0,0,0,0,0,0,2505579,1251260,0,262144,7673627,219183105,0,0,1026,709620,2040723435,0,0,0,0,0,3,0,0,0,0,0,0,2048598172,495,14121,1865289,1815526133,23823,0,106997,120539838,651092,169,0,651981,169,0,0,0,652150,0,651261,0,0,0,0,0,33,0,85,14704,0,0,0,0,0,0,0,0,225554,611,0,0,0,1015829,21385469,452411,0,0,0,85,1015829,21385469,0,0,46508,4050,23496,19446,19446,0,0,100512,0,0,364,0,0,0,0,0,0,0,59,0,59,0,0,0,0,0,0,0,0,0,0,0,0,0,0,0,0,0,0,0,0,714,24,0
1777071444.001263,1263,ubuntu-rog,1,0,0,6918455,6316,2891550,5282460,446089,0,17,0,0,0,0,0,1969449087,0,0,4907,1970607767,0,6316,2891550,5282460,446089,0,461658,169223,0,0,14149,0,199,0,0,0,3,0,2891629,104807,5735059,17,0,0,6522,0,0,0,0,0,0,0,48075397,44712023,0,0,107851,107851,15168,16304,0,0,0,0,0,0,0,0,0,2505586,1251263,0,262144,7673627,219183121,0,0,1026,709620,2040723475,0,0,0,0,0,3,0,0,0,0,0,0,2048598203,495,14121,1865289,1815526139,23823,0,106997,120539838,651092,169,0,651981,169,0,0,0,652150,0,651261,0,0,0,0,0,33,0,85,14704,0,0,0,0,0,0,0,0,225554,611,0,0,0,1015829,21385469,452411,0,0,0,85,1015829,21385469,0,0,46508,4050,23496,19446,19446,0,0,100512,0,0,364,0,0,0,0,0,0,0,59,0,59,0,0,0,0,0,0,0,0,0,0,0,0,0,0,0,0,0,0,0,0,714,24,0
1777071445.001299,1299,ubuntu-rog,1,0,0,6918455,6316,2891550,5282460,446089,0,18,0,0,0,0,0,1969449111,0,0,4907,1970607791,0,6316,2891550,5282460,446089,0,461658,169223,0,0,14149,0,199,0,0,0,3,0,2891629,104807,5735060,18,0,0,6522,0,0,0,0,0,0,0,48075398,44712023,0,0,107851,107851,15168,16304,0,0,0,0,0,0,0,0,0,2505586,1251263,0,262144,7673627,219183121,0,0,1026,709620,2040723499,0,0,0,0,0,3,0,0,0,0,0,0,2048598226,495,14121,1865289,1815526139,23823,0,106997,120539838,651092,169,0,651981,169,0,0,0,652150,0,651261,0,0,0,0,0,33,0,85,14704,0,0,0,0,0,0,0,0,225554,611,0,0,0,1015829,21385469,452411,0,0,0,85,1015829,21385469,0,0,46508,4050,23496,19446,19446,0,0,100512,0,0,364,0,0,0,0,0,0,0,59,0,59,0,0,0,0,0,0,0,0,0,0,0,0,0,0,0,0,0,0,0,0,714,24,0
1777071446.002301,2301,ubuntu-rog,1,0,0,6918455,6316,2891550,5282460,446089,0,18,0,0,0,0,0,1969449140,0,0,4907,1970607820,0,6316,2891550,5282460,446089,0,461658,169223,0,0,14149,0,199,0,0,0,3,0,2891629,104807,5735060,18,0,0,6522,0,0,0,0,0,0,0,48075398,44712023,0,0,107851,107851,15168,16304,0,0,0,0,0,0,0,0,0,2505586,1251263,0,262144,7673627,219183121,0,0,1026,709620,2040723528,0,0,0,0,0,3,0,0,0,0,0,0,2048598255,495,14121,1865289,1815526139,23823,0,106997,120539838,651092,169,0,651981,169,0,0,0,652150,0,651261,0,0,0,0,0,33,0,85,14704,0,0,0,0,0,0,0,0,225554,611,0,0,0,1015829,21385469,452411,0,0,0,85,1015829,21385469,0,0,46508,4050,23496,19446,19446,0,0,100512,0,0,364,0,0,0,0,0,0,0,59,0,59,0,0,0,0,0,0,0,0,0,0,0,0,0,0,0,0,0,0,0,0,714,24,0
1777071447.001161,1161,ubuntu-rog,1,0,0,6918455,6316,2891550,5282460,446089,0,19,0,0,0,0,0,1969449173,0,0,4907,1970607853,0,6316,2891550,5282460,446089,0,461658,169223,0,0,14149,0,199,0,0,0,3,0,2891629,104807,5735061,19,0,0,6522,0,0,0,0,0,0,0,48075399,44712023,0,0,107851,107851,15168,16304,0,0,0,0,0,0,0,0,0,2505586,1251263,0,262144,7673627,219183121,0,0,1026,709620,2040723561,0,0,0,0,0,3,0,0,0,0,0,0,2048598287,495,14121,1865289,1815526139,23823,0,106997,120539838,651092,169,0,651981,169,0,0,0,652150,0,651261,0,0,0,0,0,33,0,85,14704,0,0,0,0,0,0,0,0,225554,611,0,0,0,1015829,21385469,452411,0,0,0,85,1015829,21385469,0,0,46508,4050,23496,19446,19446,0,0,100512,0,0,364,0,0,0,0,0,0,0,59,0,59,0,0,0,0,0,0,0,0,0,0,0,0,0,0,0,0,0,0,0,0,714,24,0
1777071448.001162,1162,ubuntu-rog,1,0,0,6918455,6316,2891550,5282464,446089,0,11,0,0,0,0,0,1969449195,0,0,4907,1970607875,0,6316,2891550,5282464,446089,0,461658,169223,0,0,14149,0,199,0,0,0,3,0,2891629,104807,5735061,11,0,0,6522,0,0,0,0,0,0,0,48075399,44712031,0,0,107851,107851,15168,16304,0,0,0,0,0,0,0,0,0,2505586,1251263,0,262144,7673627,219183145,0,0,1026,709620,2040723583,0,0,0,0,0,3,0,0,0,0,0,0,2048598309,495,14121,1865289,1815526139,23823,0,106997,120539838,651092,169,0,651981,169,0,0,0,652150,0,651261,0,0,0,0,0,33,0,85,14704,0,0,0,0,0,0,0,0,225554,611,0,0,0,1015829,21385469,452411,0,0,0,85,1015829,21385469,0,0,46508,4050,23496,19446,19446,0,0,100512,0,0,364,0,0,0,0,0,0,0,59,0,59,0,0,0,0,0,0,0,0,0,0,0,0,0,0,0,0,0,0,0,0,714,24,0
1777071449.001262,1262,ubuntu-rog,1,0,0,6918455,6316,2891550,5282464,446089,0,14,0,0,0,0,0,1969449227,0,0,4907,1970607907,0,6316,2891550,5282464,446089,0,461658,169223,0,0,14149,0,199,0,0,0,3,0,2891629,104807,5735064,14,0,0,6522,0,0,0,0,0,0,0,48075402,44712031,0,0,107851,107851,15168,16304,0,0,0,0,0,0,0,0,0,2505586,1251263,0,262144,7673627,219183161,0,0,1026,709620,2040723615,0,0,0,0,0,3,0,0,0,0,0,0,2048598338,495,14121,1865289,1815526139,23823,0,106997,120539838,651092,169,0,651981,169,0,0,0,652150,0,651261,0,0,0,0,0,33,0,85,14704,0,0,0,0,0,0,0,0,225554,611,0,0,0,1015829,21385469,452411,0,0,0,85,1015829,21385469,0,0,46508,4050,23496,19446,19446,0,0,100512,0,0,364,0,0,0,0,0,0,0,59,0,59,0,0,0,0,0,0,0,0,0,0,0,0,0,0,0,0,0,0,0,0,714,24,0
1777071450.002295,2295,ubuntu-rog,1,0,0,6918455,6316,2891550,5282464,446089,0,15,0,0,0,0,0,1969449256,0,0,4907,1970607936,0,6316,2891550,5282464,446089,0,461658,169223,0,0,14149,0,199,0,0,0,3,0,2891629,104807,5735065,15,0,0,6522,0,0,0,0,0,0,0,48075403,44712031,0,0,107851,107851,15168,16304,0,0,0,0,0,0,0,0,0,2505586,1251263,0,262144,7673627,219183161,0,0,1026,709620,2040723644,0,0,0,0,0,3,0,0,0,0,0,0,2048598366,495,14121,1865289,1815526139,23823,0,106997,120539838,651092,169,0,651981,169,0,0,0,652150,0,651261,0,0,0,0,0,33,0,85,14704,0,0,0,0,0,0,0,0,225554,611,0,0,0,1015829,21385469,452411,0,0,0,85,1015829,21385469,0,0,46508,4050,23496,19446,19446,0,0,100512,0,0,364,0,0,0,0,0,0,0,59,0,59,0,0,0,0,0,0,0,0,0,0,0,0,0,0,0,0,0,0,0,0,714,24,0
1777071451.001305,1305,ubuntu-rog,1,0,0,6918455,6316,2891550,5282464,446089,0,16,0,0,0,0,0,1969449282,0,0,4907,1970607962,0,6316,2891550,5282464,446089,0,461658,169223,0,0,14149,0,199,0,0,0,3,0,2891629,104807,5735066,16,0,0,6522,0,0,0,0,0,0,0,48075404,44712031,0,0,107851,107851,15168,16304,0,0,0,0,0,0,0,0,0,2505586,1251263,0,262144,7673627,219183161,0,0,1026,709620,2040723670,0,0,0,0,0,3,0,0,0,0,0,0,2048598391,495,14121,1865289,1815526139,23823,0,106997,120539838,651092,169,0,651981,169,0,0,0,652150,0,651261,0,0,0,0,0,33,0,85,14704,0,0,0,0,0,0,0,0,225554,611,0,0,0,1015829,21385469,452411,0,0,0,85,1015829,21385469,0,0,46508,4050,23496,19446,19446,0,0,100512,0,0,364,0,0,0,0,0,0,0,59,0,59,0,0,0,0,0,0,0,0,0,0,0,0,0,0,0,0,0,0,0,0,714,24,0
1777071452.001159,1159,ubuntu-rog,1,0,0,6918455,6316,2891550,5282464,446089,0,16,0,0,0,0,0,1969449314,0,0,4907,1970607994,0,6316,2891550,5282464,446089,0,461658,169223,0,0,14149,0,199,0,0,0,3,0,2891629,104807,5735066,16,0,0,6522,0,0,0,0,0,0,0,48075404,44712031,0,0,107851,107851,15168,16304,0,0,0,0,0,0,0,0,0,2505586,1251263,0,262144,7673627,219183161,0,0,1026,709620,2040723702,0,0,0,0,0,3,0,0,0,0,0,0,2048598423,495,14121,1865289,1815526139,23823,0,106997,120539838,651092,169,0,651981,169,0,0,0,652150,0,651261,0,0,0,0,0,33,0,85,14704,0,0,0,0,0,0,0,0,225554,611,0,0,0,1015829,21385469,452411,0,0,0,85,1015829,21385469,0,0,46508,4050,23496,19446,19446,0,0,100512,0,0,364,0,0,0,0,0,0,0,59,0,59,0,0,0,0,0,0,0,0,0,0,0,0,0,0,0,0,0,0,0,0,714,24,0
1777071453.001161,1161,ubuntu-rog,1,0,0,6918455,6316,2891550,5282464,446089,0,16,0,0,0,0,0,1969449344,0,0,4907,1970608024,0,6316,2891550,5282464,446089,0,461658,169223,0,0,14149,0,199,0,0,0,3,0,2891629,104807,5735066,16,0,0,6522,0,0,0,0,0,0,0,48075404,44712031,0,0,107851,107851,15168,16304,0,0,0,0,0,0,0,0,0,2505586,1251263,0,262144,7673627,219183161,0,0,1026,709620,2040723732,0,0,0,0,0,3,0,0,0,0,0,0,2048598453,495,14121,1865289,1815526139,23823,0,106997,120539838,651092,169,0,651981,169,0,0,0,652150,0,651261,0,0,0,0,0,33,0,85,14704,0,0,0,0,0,0,0,0,225554,611,0,0,0,1015829,21385469,452411,0,0,0,85,1015829,21385469,0,0,46508,4050,23496,19446,19446,0,0,100512,0,0,364,0,0,0,0,0,0,0,59,0,59,0,0,0,0,0,0,0,0,0,0,0,0,0,0,0,0,0,0,0,0,714,24,0
1777071454.002250,2250,ubuntu-rog,1,0,0,6918455,6316,2891550,5282464,446089,0,17,0,0,0,0,0,1969449367,0,0,4907,1970608047,0,6316,2891550,5282464,446089,0,461658,169223,0,0,14149,0,199,0,0,0,3,0,2891629,104807,5735067,17,0,0,6522,0,0,0,0,0,0,0,48075405,44712031,0,0,107851,107851,15168,16304,0,0,0,0,0,0,0,0,0,2505586,1251263,0,262144,7673627,219183161,0,0,1026,709620,2040723755,0,0,0,0,0,3,0,0,0,0,0,0,2048598475,495,14121,1865289,1815526139,23823,0,106997,120539838,651092,169,0,651981,169,0,0,0,652150,0,651261,0,0,0,0,0,33,0,85,14704,0,0,0,0,0,0,0,0,225554,611,0,0,0,1015829,21385469,452411,0,0,0,85,1015829,21385469,0,0,46508,4050,23496,19446,19446,0,0,100512,0,0,364,0,0,0,0,0,0,0,59,0,59,0,0,0,0,0,0,0,0,0,0,0,0,0,0,0,0,0,0,0,0,714,24,0
1777071455.001299,1299,ubuntu-rog,1,0,0,6918455,6316,2891550,5282464,446089,0,17,0,0,0,0,0,1969449397,0,0,4907,1970608077,0,6316,2891550,5282464,446089,0,461658,169223,0,0,14149,0,199,0,0,0,3,0,2891629,104807,5735069,17,0,0,6522,0,0,0,0,0,0,0,48075405,44712031,0,0,107851,107851,15168,16304,0,0,0,0,0,0,0,0,0,2505586,1251263,0,262144,7673627,219183177,0,0,1026,709620,2040723785,0,0,0,0,0,3,0,0,0,0,0,0,2048598503,495,14121,1865289,1815526139,23823,0,106997,120539838,651092,169,0,651981,169,0,0,0,652150,0,651261,0,0,0,0,0,33,0,85,14704,0,0,0,0,0,0,0,0,225554,611,0,0,0,1015829,21385469,452411,0,0,0,85,1015829,21385469,0,0,46508,4050,23496,19446,19446,0,0,100512,0,0,364,0,0,0,0,0,0,0,59,0,59,0,0,0,0,0,0,0,0,0,0,0,0,0,0,0,0,0,0,0,0,714,24,0
1777071456.001305,1305,ubuntu-rog,1,0,0,6918455,6316,2891550,5282464,446089,0,18,0,0,0,0,0,1969449429,0,0,4907,1970608109,0,6316,2891550,5282464,446089,0,461658,169223,0,0,14149,0,199,0,0,0,3,0,2891629,104807,5735070,18,0,0,6522,0,0,0,0,0,0,0,48075406,44712031,0,0,107851,107851,15168,16304,0,0,0,0,0,0,0,0,0,2505586,1251263,0,262144,7673627,219183177,0,0,1026,709620,2040723817,0,0,0,0,0,3,0,0,0,0,0,0,2048598534,495,14121,1865289,1815526139,23823,0,106997,120539838,651092,169,0,651981,169,0,0,0,652150,0,651261,0,0,0,0,0,33,0,85,14704,0,0,0,0,0,0,0,0,225554,611,0,0,0,1015829,21385469,452411,0,0,0,85,1015829,21385469,0,0,46508,4050,23496,19446,19446,0,0,100512,0,0,364,0,0,0,0,0,0,0,59,0,59,0,0,0,0,0,0,0,0,0,0,0,0,0,0,0,0,0,0,0,0,714,24,0
1777071457.001160,1160,ubuntu-rog,1,0,0,6918455,6316,2891550,5282464,446089,0,18,0,0,0,0,0,1969449455,0,0,4907,1970608135,0,6316,2891550,5282464,446089,0,461658,169223,0,0,14149,0,199,0,0,0,3,0,2891629,104807,5735070,18,0,0,6522,0,0,0,0,0,0,0,48075406,44712031,0,0,107851,107851,15168,16304,0,0,0,0,0,0,0,0,0,2505586,1251263,0,262144,7673627,219183177,0,0,1026,709620,2040723843,0,0,0,0,0,3,0,0,0,0,0,0,2048598560,495,14121,1865289,1815526139,23823,0,106997,120539838,651092,169,0,651981,169,0,0,0,652150,0,651261,0,0,0,0,0,33,0,85,14704,0,0,0,0,0,0,0,0,225554,611,0,0,0,1015829,21385469,452411,0,0,0,85,1015829,21385469,0,0,46508,4050,23496,19446,19446,0,0,100512,0,0,364,0,0,0,0,0,0,0,59,0,59,0,0,0,0,0,0,0,0,0,0,0,0,0,0,0,0,0,0,0,0,714,24,0
1777071458.002159,2159,ubuntu-rog,1,0,0,6918455,6316,2891550,5282464,446089,0,19,0,0,0,0,0,1969449485,0,0,4907,1970608165,0,6316,2891550,5282464,446089,0,461658,169223,0,0,14149,0,199,0,0,0,3,0,2891629,104807,5735071,19,0,0,6522,0,0,0,0,0,0,0,48075407,44712031,0,0,107851,107851,15168,16304,0,0,0,0,0,0,0,0,0,2505586,1251263,0,262144,7673627,219183177,0,0,1026,709620,2040723873,0,0,0,0,0,3,0,0,0,0,0,0,2048598589,495,14121,1865289,1815526139,23823,0,106997,120539838,651092,169,0,651981,169,0,0,0,652150,0,651261,0,0,0,0,0,33,0,85,14704,0,0,0,0,0,0,0,0,225554,611,0,0,0,1015829,21385469,452411,0,0,0,85,1015829,21385469,0,0,46508,4050,23496,19446,19446,0,0,100512,0,0,364,0,0,0,0,0,0,0,59,0,59,0,0,0,0,0,0,0,0,0,0,0,0,0,0,0,0,0,0,0,0,714,24,0
1777071459.001265,1265,ubuntu-rog,1,0,0,6918455,6316,2891550,5282464,446089,0,19,0,0,0,0,0,1969449512,0,0,4907,1970608192,0,6316,2891550,5282464,446089,0,461658,169223,0,0,14149,0,199,0,0,0,3,0,2891629,104807,5735071,19,0,0,6522,0,0,0,0,0,0,0,48075407,44712031,0,0,107851,107851,15168,16304,0,0,0,0,0,0,0,0,0,2505586,1251263,0,262144,7673627,219183177,0,0,1026,709620,2040723900,0,0,0,0,0,3,0,0,0,0,0,0,2048598616,495,14121,1865289,1815526139,23823,0,106997,120539838,651092,169,0,651981,169,0,0,0,652150,0,651261,0,0,0,0,0,33,0,85,14704,0,0,0,0,0,0,0,0,225554,611,0,0,0,1015829,21385469,452411,0,0,0,85,1015829,21385469,0,0,46508,4050,23496,19446,19446,0,0,100512,0,0,364,0,0,0,0,0,0,0,59,0,59,0,0,0,0,0,0,0,0,0,0,0,0,0,0,0,0,0,0,0,0,714,24,0
1777071460.001340,1340,ubuntu-rog,1,0,0,6918455,6316,2891550,5282464,446089,0,19,0,0,0,0,0,1969449549,0,0,4907,1970608229,0,6316,2891550,5282464,446089,0,461658,169223,0,0,14149,0,199,0,0,0,3,0,2891629,104807,5735071,19,0,0,6522,0,0,0,0,0,0,0,48075407,44712031,0,0,107851,107851,15168,16304,0,0,0,0,0,0,0,0,0,2505586,1251263,0,262144,7673627,219183177,0,0,1026,709620,2040723937,0,0,0,0,0,3,0,0,0,0,0,0,2048598645,495,14121,1865289,1815526139,23823,0,106997,120539838,651092,169,0,651981,169,0,0,0,652150,0,651261,0,0,0,0,0,33,0,85,14704,0,0,0,0,0,0,0,0,225554,611,0,0,0,1015829,21385469,452411,0,0,0,85,1015829,21385469,0,0,46508,4050,23496,19446,19446,0,0,100512,0,0,364,0,0,0,0,0,0,0,59,0,59,0,0,0,0,0,0,0,0,0,0,0,0,0,0,0,0,0,0,0,0,714,24,0
1777071461.001307,1307,ubuntu-rog,1,0,0,6918455,6316,2891550,5282464,446089,0,22,0,0,0,0,0,1969449585,0,0,4907,1970608265,0,6316,2891550,5282464,446089,0,461658,169223,0,0,14149,0,199,0,0,0,3,0,2891629,104807,5735076,22,0,0,6522,0,0,0,0,0,0,0,48075410,44712031,0,0,107851,107851,15168,16304,0,0,0,0,0,0,0,0,0,2505586,1251263,0,262144,7673627,219183193,0,0,1026,709620,2040723987,0,0,0,0,0,3,0,0,0,0,0,0,2048598698,495,14121,1865289,1815526139,23823,0,106997,120539838,651092,169,0,651981,169,0,0,0,652150,0,651261,0,0,0,0,0,33,0,85,14704,0,0,0,0,0,0,0,0,225554,611,0,0,0,1015829,21385469,452411,0,0,0,85,1015829,21385469,0,0,46508,4050,23496,19446,19446,0,0,100512,0,0,364,0,0,0,0,0,0,0,59,0,59,0,0,0,0,0,0,0,0,0,0,0,0,0,0,0,0,0,0,0,0,714,24,0
1777071462.002159,2159,ubuntu-rog,1,0,0,6918455,6316,2891550,5282464,446089,0,22,0,0,0,0,0,1969449606,0,0,4907,1970608286,0,6316,2891550,5282464,446089,0,461658,169223,0,0,14149,0,199,0,0,0,3,0,2891629,104807,5735076,22,0,0,6522,0,0,0,0,0,0,0,48075410,44712031,0,0,107851,107851,15168,16304,0,0,0,0,0,0,0,0,0,2505586,1251263,0,262144,7673627,219183193,0,0,1026,709620,2040724008,0,0,0,0,0,3,0,0,0,0,0,0,2048598719,495,14121,1865289,1815526139,23823,0,106997,120539838,651092,169,0,651981,169,0,0,0,652150,0,651261,0,0,0,0,0,33,0,85,14704,0,0,0,0,0,0,0,0,225554,611,0,0,0,1015829,21385469,452411,0,0,0,85,1015829,21385469,0,0,46508,4050,23496,19446,19446,0,0,100512,0,0,364,0,0,0,0,0,0,0,59,0,59,0,0,0,0,0,0,0,0,0,0,0,0,0,0,0,0,0,0,0,0,714,24,0
1777071463.001164,1164,ubuntu-rog,1,0,0,6918455,6316,2891550,5282464,446089,0,22,0,0,0,0,0,1969449637,0,0,4907,1970608317,0,6316,2891550,5282464,446089,0,461658,169223,0,0,14149,0,199,0,0,0,3,0,2891629,104807,5735076,22,0,0,6522,0,0,0,0,0,0,0,48075410,44712031,0,0,107851,107851,15168,16304,0,0,0,0,0,0,0,0,0,2505586,1251263,0,262144,7673627,219183193,0,0,1026,709620,2040724039,0,0,0,0,0,3,0,0,0,0,0,0,2048598750,495,14121,1865289,1815526139,23823,0,106997,120539838,651092,169,0,651981,169,0,0,0,652150,0,651261,0,0,0,0,0,33,0,85,14704,0,0,0,0,0,0,0,0,225554,611,0,0,0,1015829,21385469,452411,0,0,0,85,1015829,21385469,0,0,46508,4050,23496,19446,19446,0,0,100512,0,0,364,0,0,0,0,0,0,0,59,0,59,0,0,0,0,0,0,0,0,0,0,0,0,0,0,0,0,0,0,0,0,714,24,0
1777071464.001264,1264,ubuntu-rog,1,0,0,6918455,6316,2891550,5282464,446089,0,22,0,0,0,0,0,1969449668,0,0,4907,1970608348,0,6316,2891550,5282464,446089,0,461658,169223,0,0,14149,0,199,0,0,0,3,0,2891629,104807,5735076,22,0,0,6522,0,0,0,0,0,0,0,48075410,44712031,0,0,107851,107851,15168,16304,0,0,0,0,0,0,0,0,0,2505586,1251263,0,262144,7673627,219183193,0,0,1026,709620,2040724070,0,0,0,0,0,3,0,0,0,0,0,0,2048598781,495,14121,1865289,1815526139,23823,0,106997,120539838,651092,169,0,651981,169,0,0,0,652150,0,651261,0,0,0,0,0,33,0,85,14704,0,0,0,0,0,0,0,0,225554,611,0,0,0,1015829,21385469,452411,0,0,0,85,1015829,21385469,0,0,46508,4050,23496,19446,19446,0,0,100512,0,0,364,0,0,0,0,0,0,0,59,0,59,0,0,0,0,0,0,0,0,0,0,0,0,0,0,0,0,0,0,0,0,714,24,0
1777071465.001292,1292,ubuntu-rog,1,0,0,6918455,6316,2891550,5282464,446089,0,23,0,0,0,0,0,1969449693,0,0,4907,1970608373,0,6316,2891550,5282464,446089,0,461658,169223,0,0,14149,0,199,0,0,0,3,0,2891629,104807,5735077,23,0,0,6522,0,0,0,0,0,0,0,48075411,44712031,0,0,107851,107851,15168,16304,0,0,0,0,0,0,0,0,0,2505586,1251263,0,262144,7673627,219183193,0,0,1026,709620,2040724095,0,0,0,0,0,3,0,0,0,0,0,0,2048598805,495,14121,1865289,1815526139,23823,0,106997,120539838,651092,169,0,651981,169,0,0,0,652150,0,651261,0,0,0,0,0,33,0,85,14704,0,0,0,0,0,0,0,0,225554,611,0,0,0,1015829,21385469,452411,0,0,0,85,1015829,21385469,0,0,46508,4050,23496,19446,19446,0,0,100512,0,0,364,0,0,0,0,0,0,0,59,0,59,0,0,0,0,0,0,0,0,0,0,0,0,0,0,0,0,0,0,0,0,714,24,0
1777071466.001535,1535,ubuntu-rog,1,0,0,6918455,6316,2891550,5282464,446089,0,23,0,0,0,0,0,1969449724,0,0,4907,1970608404,0,6316,2891550,5282464,446089,0,461658,169223,0,0,14149,0,199,0,0,0,3,0,2891629,104807,5735079,23,0,0,6522,0,0,0,0,0,0,0,48075411,44712031,0,0,107851,107851,15168,16304,0,0,0,0,0,0,0,0,0,2505586,1251263,0,262144,7673627,219183209,0,0,1026,709620,2040724126,0,0,0,0,0,3,0,0,0,0,0,0,2048598834,495,14121,1865289,1815526139,23823,0,106997,120539838,651092,169,0,651981,169,0,0,0,652150,0,651261,0,0,0,0,0,33,0,85,14704,0,0,0,0,0,0,0,0,225554,611,0,0,0,1015829,21385469,452411,0,0,0,85,1015829,21385469,0,0,46508,4050,23496,19446,19446,0,0,100512,0,0,364,0,0,0,0,0,0,0,59,0,59,0,0,0,0,0,0,0,0,0,0,0,0,0,0,0,0,0,0,0,0,714,24,0
1777071467.002159,2159,ubuntu-rog,1,0,0,6918455,6316,2891550,5282472,446089,0,2,0,0,0,0,0,1969449754,0,0,4907,1970608434,0,6316,2891550,5282472,446089,0,461658,169223,0,0,14149,0,199,0,0,0,3,0,2891629,104807,5735080,2,0,0,6522,0,0,0,0,0,0,0,48075412,44712053,0,0,107851,107851,15168,16304,0,0,0,0,0,0,0,0,0,2505588,1251264,0,262144,7673627,219183297,0,0,1026,709620,2040724156,0,0,0,0,0,3,0,0,0,0,0,0,2048598863,495,14121,1865289,1815526139,23823,0,106997,120539838,651092,169,0,651981,169,0,0,0,652150,0,651261,0,0,0,0,0,33,0,85,14704,0,0,0,0,0,0,0,0,225554,611,0,0,0,1015829,21385469,452411,0,0,0,85,1015829,21385469,0,0,46508,4050,23496,19446,19446,0,0,100512,0,0,364,0,0,0,0,0,0,0,59,0,59,0,0,0,0,0,0,0,0,0,0,0,0,0,0,0,0,0,0,0,0,714,24,0
1777071468.001164,1164,ubuntu-rog,1,0,0,6918455,6316,2891550,5282472,446089,0,4,0,0,0,0,0,1969449776,0,0,4907,1970608456,0,6316,2891550,5282472,446089,0,461658,169223,0,0,14149,0,199,0,0,0,3,0,2891629,104807,5735081,4,0,0,6522,0,0,0,0,0,0,0,48075414,44712053,0,0,107851,107851,15168,16304,0,0,0,0,0,0,0,0,0,2505588,1251264,0,262144,7673627,219183297,0,0,1026,709620,2040724178,0,0,0,0,0,3,0,0,0,0,0,0,2048598884,495,14121,1865289,1815526139,23823,0,106997,120539838,651092,169,0,651981,169,0,0,0,652150,0,651261,0,0,0,0,0,33,0,85,14704,0,0,0,0,0,0,0,0,225554,611,0,0,0,1015829,21385469,452411,0,0,0,85,1015829,21385469,0,0,46508,4050,23496,19446,19446,0,0,100512,0,0,364,0,0,0,0,0,0,0,59,0,59,0,0,0,0,0,0,0,0,0,0,0,0,0,0,0,0,0,0,0,0,714,24,0
1777071469.001263,1263,ubuntu-rog,1,0,0,6918455,6316,2891550,5282472,446089,0,4,0,0,0,0,0,1969449808,0,0,4907,1970608488,0,6316,2891550,5282472,446089,0,461658,169223,0,0,14149,0,199,0,0,0,3,0,2891629,104807,5735081,4,0,0,6522,0,0,0,0,0,0,0,48075414,44712053,0,0,107851,107851,15168,16304,0,0,0,0,0,0,0,0,0,2505588,1251264,0,262144,7673627,219183297,0,0,1026,709620,2040724210,0,0,0,0,0,3,0,0,0,0,0,0,2048598916,495,14121,1865289,1815526139,23823,0,106997,120539838,651092,169,0,651981,169,0,0,0,652150,0,651261,0,0,0,0,0,33,0,85,14704,0,0,0,0,0,0,0,0,225554,611,0,0,0,1015829,21385469,452411,0,0,0,85,1015829,21385469,0,0,46508,4050,23496,19446,19446,0,0,100512,0,0,364,0,0,0,0,0,0,0,59,0,59,0,0,0,0,0,0,0,0,0,0,0,0,0,0,0,0,0,0,0,0,714,24,0
1777071470.001298,1298,ubuntu-rog,1,0,0,6918455,6316,2891550,5282472,446089,0,4,0,0,0,0,0,1969449839,0,0,4907,1970608519,0,6316,2891550,5282472,446089,0,461658,169223,0,0,14149,0,199,0,0,0,3,0,2891629,104807,5735081,4,0,0,6522,0,0,0,0,0,0,0,48075414,44712053,0,0,107851,107851,15168,16304,0,0,0,0,0,0,0,0,0,2505588,1251264,0,262144,7673627,219183297,0,0,1026,709620,2040724241,0,0,0,0,0,3,0,0,0,0,0,0,2048598947,495,14121,1865289,1815526139,23823,0,106997,120539838,651092,169,0,651981,169,0,0,0,652150,0,651261,0,0,0,0,0,33,0,85,14704,0,0,0,0,0,0,0,0,225554,611,0,0,0,1015829,21385469,452411,0,0,0,85,1015829,21385469,0,0,46508,4050,23496,19446,19446,0,0,100512,0,0,364,0,0,0,0,0,0,0,59,0,59,0,0,0,0,0,0,0,0,0,0,0,0,0,0,0,0,0,0,0,0,714,24,0
1777071471.002298,2298,ubuntu-rog,1,0,0,6918455,6316,2891550,5282472,446089,0,4,0,0,0,0,0,1969449861,0,0,4907,1970608541,0,6316,2891550,5282472,446089,0,461658,169223,0,0,14149,0,199,0,0,0,3,0,2891629,104807,5735081,4,0,0,6522,0,0,0,0,0,0,0,48075414,44712053,0,0,107851,107851,15168,16304,0,0,0,0,0,0,0,0,0,2505588,1251264,0,262144,7673627,219183297,0,0,1026,709620,2040724263,0,0,0,0,0,3,0,0,0,0,0,0,2048598969,495,14121,1865289,1815526139,23823,0,106997,120539838,651092,169,0,651981,169,0,0,0,652150,0,651261,0,0,0,0,0,33,0,85,14704,0,0,0,0,0,0,0,0,225554,611,0,0,0,1015829,21385469,452411,0,0,0,85,1015829,21385469,0,0,46508,4050,23496,19446,19446,0,0,100512,0,0,364,0,0,0,0,0,0,0,59,0,59,0,0,0,0,0,0,0,0,0,0,0,0,0,0,0,0,0,0,0,0,714,24,0
1777071472.001161,1161,ubuntu-rog,1,0,0,6918455,6316,2891550,5282472,446089,0,12,0,0,0,0,0,1969449894,0,0,4907,1970608574,0,6316,2891550,5282472,446089,0,461658,169223,0,0,14149,0,199,0,0,0,3,0,2891629,104807,5735085,12,0,0,6522,0,0,0,0,0,0,0,48075422,44712053,0,0,107851,107851,15168,16304,0,0,0,0,0,0,0,0,0,2505588,1251264,0,262144,7673627,219183333,0,0,1026,709620,2040724296,0,0,0,0,0,3,0,0,0,0,0,0,2048598998,495,14121,1865289,1815526139,23823,0,106997,120539838,651092,169,0,651981,169,0,0,0,652150,0,651261,0,0,0,0,0,33,0,85,14704,0,0,0,0,0,0,0,0,225554,611,0,0,0,1015829,21385469,452411,0,0,0,85,1015829,21385469,0,0,46508,4050,23496,19446,19446,0,0,100512,0,0,364,0,0,0,0,0,0,0,59,0,59,0,0,0,0,0,0,0,0,0,0,0,0,0,0,0,0,0,0,0,0,714,24,0
1777071473.001162,1162,ubuntu-rog,1,0,0,6918455,6316,2891550,5282472,446089,0,12,0,0,0,0,0,1969449922,0,0,4907,1970608602,0,6316,2891550,5282472,446089,0,461658,169223,0,0,14149,0,199,0,0,0,3,0,2891629,104807,5735085,12,0,0,6522,0,0,0,0,0,0,0,48075422,44712053,0,0,107851,107851,15168,16304,0,0,0,0,0,0,0,0,0,2505588,1251264,0,262144,7673627,219183333,0,0,1026,709620,2040724324,0,0,0,0,0,3,0,0,0,0,0,0,2048599026,495,14121,1865289,1815526139,23823,0,106997,120539838,651092,169,0,651981,169,0,0,0,652150,0,651261,0,0,0,0,0,33,0,85,14704,0,0,0,0,0,0,0,0,225554,611,0,0,0,1015829,21385469,452411,0,0,0,85,1015829,21385469,0,0,46508,4050,23496,19446,19446,0,0,100512,0,0,364,0,0,0,0,0,0,0,59,0,59,0,0,0,0,0,0,0,0,0,0,0,0,0,0,0,0,0,0,0,0,714,24,0
1777071474.001269,1269,ubuntu-rog,1,0,0,6918455,6316,2891550,5282472,446089,0,14,0,0,0,0,0,1969449955,0,0,4907,1970608635,0,6316,2891550,5282472,446089,0,461658,169223,0,0,14149,0,199,0,0,0,3,0,2891629,104807,5735086,14,0,0,6522,0,0,0,0,0,0,0,48075424,44712053,0,0,107851,107851,15168,16304,0,0,0,0,0,0,0,0,0,2505588,1251264,0,262144,7673627,219183333,0,0,1026,709620,2040724357,0,0,0,0,0,3,0,0,0,0,0,0,2048599058,495,14121,1865289,1815526139,23823,0,106997,120539838,651092,169,0,651981,169,0,0,0,652150,0,651261,0,0,0,0,0,33,0,85,14704,0,0,0,0,0,0,0,0,225554,611,0,0,0,1015829,21385469,452411,0,0,0,85,1015829,21385469,0,0,46508,4050,23496,19446,19446,0,0,100512,0,0,364,0,0,0,0,0,0,0,59,0,59,0,0,0,0,0,0,0,0,0,0,0,0,0,0,0,0,0,0,0,0,714,24,0
1777071475.002297,2297,ubuntu-rog,1,0,0,6918455,6316,2891550,5282472,446089,0,15,0,0,0,0,0,1969449988,0,0,4907,1970608668,0,6316,2891550,5282472,446089,0,461658,169223,0,0,14149,0,199,0,0,0,3,0,2891629,104807,5735087,15,0,0,6522,0,0,0,0,0,0,0,48075425,44712053,0,0,107851,107851,15168,16304,0,0,0,0,0,0,0,0,0,2505588,1251264,0,262144,7673627,219183333,0,0,1026,709620,2040724390,0,0,0,0,0,3,0,0,0,0,0,0,2048599090,495,14121,1865289,1815526139,23823,0,106997,120539838,651092,169,0,651981,169,0,0,0,652150,0,651261,0,0,0,0,0,33,0,85,14704,0,0,0,0,0,0,0,0,225554,611,0,0,0,1015829,21385469,452411,0,0,0,85,1015829,21385469,0,0,46508,4050,23496,19446,19446,0,0,100512,0,0,364,0,0,0,0,0,0,0,59,0,59,0,0,0,0,0,0,0,0,0,0,0,0,0,0,0,0,0,0,0,0,714,24,0
1777071476.001299,1299,ubuntu-rog,1,0,0,6918455,6316,2891550,5282472,446089,0,15,0,0,0,0,0,1969450011,0,0,4907,1970608691,0,6316,2891550,5282472,446089,0,461658,169223,0,0,14149,0,199,0,0,0,3,0,2891629,104807,5735087,15,0,0,6522,0,0,0,0,0,0,0,48075425,44712053,0,0,107851,107851,15168,16304,0,0,0,0,0,0,0,0,0,2505588,1251264,0,262144,7673627,219183333,0,0,1026,709620,2040724413,0,0,0,0,0,3,0,0,0,0,0,0,2048599113,495,14121,1865289,1815526139,23823,0,106997,120539838,651092,169,0,651981,169,0,0,0,652150,0,651261,0,0,0,0,0,33,0,85,14704,0,0,0,0,0,0,0,0,225554,611,0,0,0,1015829,21385469,452411,0,0,0,85,1015829,21385469,0,0,46508,4050,23496,19446,19446,0,0,100512,0,0,364,0,0,0,0,0,0,0,59,0,59,0,0,0,0,0,0,0,0,0,0,0,0,0,0,0,0,0,0,0,0,714,24,0
1777071477.001161,1161,ubuntu-rog,1,0,0,6918455,6316,2891550,5282472,446089,0,15,0,0,0,0,0,1969450040,0,0,4907,1970608720,0,6316,2891550,5282472,446089,0,461658,169223,0,0,14149,0,199,0,0,0,3,0,2891629,104807,5735087,15,0,0,6522,0,0,0,0,0,0,0,48075425,44712053,0,0,107851,107851,15168,16304,0,0,0,0,0,0,0,0,0,2505588,1251264,0,262144,7673627,219183333,0,0,1026,709620,2040724442,0,0,0,0,0,3,0,0,0,0,0,0,2048599142,495,14121,1865289,1815526139,23823,0,106997,120539838,651092,169,0,651981,169,0,0,0,652150,0,651261,0,0,0,0,0,33,0,85,14704,0,0,0,0,0,0,0,0,225554,611,0,0,0,1015829,21385469,452411,0,0,0,85,1015829,21385469,0,0,46508,4050,23496,19446,19446,0,0,100512,0,0,364,0,0,0,0,0,0,0,59,0,59,0,0,0,0,0,0,0,0,0,0,0,0,0,0,0,0,0,0,0,0,714,24,0
1777071478.001160,1160,ubuntu-rog,1,0,0,6918455,6316,2891550,5282472,446089,0,16,0,0,0,0,0,1969450074,0,0,4907,1970608754,0,6316,2891550,5282472,446089,0,461658,169223,0,0,14149,0,199,0,0,0,3,0,2891629,104807,5735090,16,0,0,6522,0,0,0,0,0,0,0,48075426,44712053,0,0,107851,107851,15168,16304,0,0,0,0,0,0,0,0,0,2505588,1251264,0,262144,7673627,219183349,0,0,1026,709620,2040724476,0,0,0,0,0,3,0,0,0,0,0,0,2048599173,495,14121,1865289,1815526139,23823,0,106997,120539838,651092,169,0,651981,169,0,0,0,652150,0,651261,0,0,0,0,0,33,0,85,14704,0,0,0,0,0,0,0,0,225554,611,0,0,0,1015829,21385469,452411,0,0,0,85,1015829,21385469,0,0,46508,4050,23496,19446,19446,0,0,100512,0,0,364,0,0,0,0,0,0,0,59,0,59,0,0,0,0,0,0,0,0,0,0,0,0,0,0,0,0,0,0,0,0,714,24,0
1777071479.002257,2257,ubuntu-rog,1,0,0,6918455,6316,2891550,5282472,446089,0,17,0,0,0,0,0,1969450096,0,0,4907,1970608776,0,6316,2891550,5282472,446089,0,461658,169223,0,0,14149,0,199,0,0,0,3,0,2891629,104807,5735091,17,0,0,6522,0,0,0,0,0,0,0,48075427,44712053,0,0,107851,107851,15168,16304,0,0,0,0,0,0,0,0,0,2505588,1251264,0,262144,7673627,219183349,0,0,1026,709620,2040724498,0,0,0,0,0,3,0,0,0,0,0,0,2048599194,495,14121,1865289,1815526139,23823,0,106997,120539838,651092,169,0,651981,169,0,0,0,652150,0,651261,0,0,0,0,0,33,0,85,14704,0,0,0,0,0,0,0,0,225554,611,0,0,0,1015829,21385469,452411,0,0,0,85,1015829,21385469,0,0,46508,4050,23496,19446,19446,0,0,100512,0,0,364,0,0,0,0,0,0,0,59,0,59,0,0,0,0,0,0,0,0,0,0,0,0,0,0,0,0,0,0,0,0,714,24,0
1777071480.001300,1300,ubuntu-rog,1,0,0,6918455,6316,2891550,5282476,446089,0,10,0,0,0,0,0,1969450128,0,0,4907,1970608808,0,6316,2891550,5282476,446089,0,461658,169223,0,0,14149,0,199,0,0,0,3,0,2891629,104807,5735091,10,0,0,6522,0,0,0,0,0,0,0,48075427,44712060,0,0,107851,107851,15168,16304,0,0,0,0,0,0,0,0,0,2505589,1251265,0,262144,7673627,219183369,0,0,1026,709620,2040724530,0,0,0,0,0,3,0,0,0,0,0,0,2048599227,495,14121,1865289,1815526139,23823,0,106997,120539838,651092,169,0,651981,169,0,0,0,652150,0,651261,0,0,0,0,0,33,0,85,14704,0,0,0,0,0,0,0,0,225554,611,0,0,0,1015829,21385469,452411,0,0,0,85,1015829,21385469,0,0,46508,4050,23496,19446,19446,0,0,100512,0,0,364,0,0,0,0,0,0,0,59,0,59,0,0,0,0,0,0,0,0,0,0,0,0,0,0,0,0,0,0,0,0,714,24,0
1777071481.001298,1298,ubuntu-rog,1,0,0,6918455,6316,2891550,5282476,446089,0,10,0,0,0,0,0,1969450158,0,0,4907,1970608838,0,6316,2891550,5282476,446089,0,461658,169223,0,0,14149,0,199,0,0,0,3,0,2891629,104807,5735091,10,0,0,6522,0,0,0,0,0,0,0,48075427,44712060,0,0,107851,107851,15168,16304,0,0,0,0,0,0,0,0,0,2505589,1251265,0,262144,7673627,219183369,0,0,1026,709620,2040724560,0,0,0,0,0,3,0,0,0,0,0,0,2048599256,495,14121,1865289,1815526139,23823,0,106997,120539838,651092,169,0,651981,169,0,0,0,652150,0,651261,0,0,0,0,0,33,0,85,14704,0,0,0,0,0,0,0,0,225554,611,0,0,0,1015829,21385469,452411,0,0,0,85,1015829,21385469,0,0,46508,4050,23496,19446,19446,0,0,100512,0,0,364,0,0,0,0,0,0,0,59,0,59,0,0,0,0,0,0,0,0,0,0,0,0,0,0,0,0,0,0,0,0,714,24,0
1777071482.001159,1159,ubuntu-rog,1,0,0,6918455,6316,2891550,5282476,446089,0,11,0,0,0,0,0,1969450183,0,0,4907,1970608863,0,6316,2891550,5282476,446089,0,461658,169223,0,0,14149,0,199,0,0,0,3,0,2891629,104807,5735092,11,0,0,6522,0,0,0,0,0,0,0,48075428,44712060,0,0,107851,107851,15168,16304,0,0,0,0,0,0,0,0,0,2505589,1251265,0,262144,7673627,219183369,0,0,1026,709620,2040724585,0,0,0,0,0,3,0,0,0,0,0,0,2048599280,495,14121,1865289,1815526139,23823,0,106997,120539838,651092,169,0,651981,169,0,0,0,652150,0,651261,0,0,0,0,0,33,0,85,14704,0,0,0,0,0,0,0,0,225554,611,0,0,0,1015829,21385469,452411,0,0,0,85,1015829,21385469,0,0,46508,4050,23496,19446,19446,0,0,100512,0,0,364,0,0,0,0,0,0,0,59,0,59,0,0,0,0,0,0,0,0,0,0,0,0,0,0,0,0,0,0,0,0,714,24,0
1777071483.002158,2158,ubuntu-rog,1,0,0,6918455,6316,2891550,5282476,446089,0,12,0,0,0,0,0,1969450215,0,0,4907,1970608895,0,6316,2891550,5282476,446089,0,461658,169223,0,0,14149,0,199,0,0,0,3,0,2891629,104807,5735093,12,0,0,6522,0,0,0,0,0,0,0,48075429,44712060,0,0,107851,107851,15168,16304,0,0,0,0,0,0,0,0,0,2505589,1251265,0,262144,7673627,219183369,0,0,1026,709620,2040724617,0,0,0,0,0,3,0,0,0,0,0,0,2048599311,495,14121,1865289,1815526139,23823,0,106997,120539838,651092,169,0,651981,169,0,0,0,652150,0,651261,0,0,0,0,0,33,0,85,14704,0,0,0,0,0,0,0,0,225554,611,0,0,0,1015829,21385469,452411,0,0,0,85,1015829,21385469,0,0,46508,4050,23496,19446,19446,0,0,100512,0,0,364,0,0,0,0,0,0,0,59,0,59,0,0,0,0,0,0,0,0,0,0,0,0,0,0,0,0,0,0,0,0,714,24,0
1777071484.001251,1251,ubuntu-rog,1,0,0,6918455,6316,2891550,5282476,446089,0,14,0,0,0,0,0,1969450249,0,0,4907,1970608929,0,6316,2891550,5282476,446089,0,461658,169223,0,0,14149,0,199,0,0,0,3,0,2891629,104807,5735095,14,0,0,6522,0,0,0,0,0,0,0,48075431,44712060,0,0,107851,107851,15168,16304,0,0,0,0,0,0,0,0,0,2505589,1251265,0,262144,7673627,219183389,0,0,1026,709620,2040724651,0,0,0,0,0,3,0,0,0,0,0,0,2048599343,495,14121,1865289,1815526139,23823,0,106997,120539838,651092,169,0,651981,169,0,0,0,652150,0,651261,0,0,0,0,0,33,0,85,14704,0,0,0,0,0,0,0,0,225554,611,0,0,0,1015829,21385469,452411,0,0,0,85,1015829,21385469,0,0,46508,4050,23496,19446,19446,0,0,100512,0,0,364,0,0,0,0,0,0,0,59,0,59,0,0,0,0,0,0,0,0,0,0,0,0,0,0,0,0,0,0,0,0,714,24,0
1777071485.001334,1334,ubuntu-rog,1,0,0,6918455,6316,2891550,5282476,446089,0,15,0,0,0,0,0,1969450270,0,0,4907,1970608950,0,6316,2891550,5282476,446089,0,461658,169223,0,0,14149,0,199,0,0,0,3,0,2891629,104807,5735096,15,0,0,6522,0,0,0,0,0,0,0,48075432,44712060,0,0,107851,107851,15168,16304,0,0,0,0,0,0,0,0,0,2505589,1251265,0,262144,7673627,219183389,0,0,1026,709620,2040724672,0,0,0,0,0,3,0,0,0,0,0,0,2048599363,495,14121,1865289,1815526139,23823,0,106997,120539838,651092,169,0,651981,169,0,0,0,652150,0,651261,0,0,0,0,0,33,0,85,14704,0,0,0,0,0,0,0,0,225554,611,0,0,0,1015829,21385469,452411,0,0,0,85,1015829,21385469,0,0,46508,4050,23496,19446,19446,0,0,100512,0,0,364,0,0,0,0,0,0,0,59,0,59,0,0,0,0,0,0,0,0,0,0,0,0,0,0,0,0,0,0,0,0,714,24,0
1777071486.001303,1303,ubuntu-rog,1,0,0,6918455,6316,2891550,5282476,446089,0,16,0,0,0,0,0,1969450299,0,0,4907,1970608979,0,6316,2891550,5282476,446089,0,461658,169223,0,0,14149,0,199,0,0,0,3,0,2891629,104807,5735097,16,0,0,6522,0,0,0,0,0,0,0,48075433,44712060,0,0,107851,107851,15168,16304,0,0,0,0,0,0,0,0,0,2505589,1251265,0,262144,7673627,219183389,0,0,1026,709620,2040724701,0,0,0,0,0,3,0,0,0,0,0,0,2048599391,495,14121,1865289,1815526139,23823,0,106997,120539838,651092,169,0,651981,169,0,0,0,652150,0,651261,0,0,0,0,0,33,0,85,14704,0,0,0,0,0,0,0,0,225554,611,0,0,0,1015829,21385469,452411,0,0,0,85,1015829,21385469,0,0,46508,4050,23496,19446,19446,0,0,100512,0,0,364,0,0,0,0,0,0,0,59,0,59,0,0,0,0,0,0,0,0,0,0,0,0,0,0,0,0,0,0,0,0,714,24,0
1777071487.002156,2156,ubuntu-rog,1,0,0,6918455,6316,2891550,5282476,446089,0,16,0,0,0,0,0,1969450327,0,0,4907,1970609007,0,6316,2891550,5282476,446089,0,461658,169223,0,0,14149,0,199,0,0,0,3,0,2891629,104807,5735097,16,0,0,6522,0,0,0,0,0,0,0,48075433,44712060,0,0,107851,107851,15168,16304,0,0,0,0,0,0,0,0,0,2505589,1251265,0,262144,7673627,219183389,0,0,1026,709620,2040724729,0,0,0,0,0,3,0,0,0,0,0,0,2048599419,495,14121,1865289,1815526139,23823,0,106997,120539838,651092,169,0,651981,169,0,0,0,652150,0,651261,0,0,0,0,0,33,0,85,14704,0,0,0,0,0,0,0,0,225554,611,0,0,0,1015829,21385469,452411,0,0,0,85,1015829,21385469,0,0,46508,4050,23496,19446,19446,0,0,100512,0,0,364,0,0,0,0,0,0,0,59,0,59,0,0,0,0,0,0,0,0,0,0,0,0,0,0,0,0,0,0,0,0,714,24,0
1777071488.001158,1158,ubuntu-rog,1,0,0,6918455,6316,2891550,5282476,446089,0,16,0,0,0,0,0,1969450354,0,0,4907,1970609034,0,6316,2891550,5282476,446089,0,461658,169223,0,0,14149,0,199,0,0,0,3,0,2891629,104807,5735097,16,0,0,6522,0,0,0,0,0,0,0,48075433,44712060,0,0,107851,107851,15168,16304,0,0,0,0,0,0,0,0,0,2505589,1251265,0,262144,7673627,219183389,0,0,1026,709620,2040724756,0,0,0,0,0,3,0,0,0,0,0,0,2048599446,495,14121,1865289,1815526139,23823,0,106997,120539838,651092,169,0,651981,169,0,0,0,652150,0,651261,0,0,0,0,0,33,0,85,14704,0,0,0,0,0,0,0,0,225554,611,0,0,0,1015829,21385469,452411,0,0,0,85,1015829,21385469,0,0,46508,4050,23496,19446,19446,0,0,100512,0,0,364,0,0,0,0,0,0,0,59,0,59,0,0,0,0,0,0,0,0,0,0,0,0,0,0,0,0,0,0,0,0,714,24,0
1777071489.001264,1264,ubuntu-rog,1,0,0,6918455,6316,2891556,5282501,446089,0,18,0,0,0,0,0,1969450389,0,0,4907,1970609069,0,6316,2891556,5282501,446089,0,461658,169223,0,0,14149,0,199,0,0,0,3,0,2891629,104807,5735101,18,0,0,6522,0,0,0,0,0,0,0,48075435,44712060,0,0,107851,107851,15168,16304,0,0,0,0,0,0,0,0,0,2505594,1251267,0,262144,7673627,219183405,0,0,1026,709620,2040724791,0,0,0,0,0,3,0,0,0,0,0,0,2048599477,495,14121,1865289,1815526139,23823,0,106997,120539838,651092,169,0,651981,169,0,0,0,652150,0,651261,0,0,0,0,0,33,0,85,14704,0,0,0,0,0,0,0,0,225554,611,0,0,0,1015829,21385469,452411,0,0,0,85,1015829,21385469,0,0,46508,4050,23496,19446,19446,0,0,100512,0,0,364,0,0,0,0,0,0,0,59,0,59,0,0,0,0,0,0,0,0,0,0,0,0,0,0,0,0,0,0,0,0,714,24,0
1777071490.001299,1299,ubuntu-rog,1,0,0,6918455,6316,2891556,5282501,446089,0,18,0,0,0,0,0,1969450414,0,0,4907,1970609094,0,6316,2891556,5282501,446089,0,461658,169223,0,0,14149,0,199,0,0,0,3,0,2891629,104807,5735101,18,0,0,6522,0,0,0,0,0,0,0,48075435,44712060,0,0,107851,107851,15168,16304,0,0,0,0,0,0,0,0,0,2505594,1251267,0,262144,7673627,219183405,0,0,1026,709620,2040724816,0,0,0,0,0,3,0,0,0,0,0,0,2048599502,495,14121,1865289,1815526139,23823,0,106997,120539838,651092,169,0,651981,169,0,0,0,652150,0,651261,0,0,0,0,0,33,0,85,14704,0,0,0,0,0,0,0,0,225554,611,0,0,0,1015829,21385469,452411,0,0,0,85,1015829,21385469,0,0,46508,4050,23496,19446,19446,0,0,100512,0,0,364,0,0,0,0,0,0,0,59,0,59,0,0,0,0,0,0,0,0,0,0,0,0,0,0,0,0,0,0,0,0,714,24,0
1777071491.001541,1541,ubuntu-rog,1,0,0,6918455,6316,2891556,5282501,446089,0,18,0,0,0,0,0,1969450443,0,0,4907,1970609123,0,6316,2891556,5282501,446089,0,461658,169223,0,0,14149,0,199,0,0,0,3,0,2891629,104807,5735101,18,0,0,6522,0,0,0,0,0,0,0,48075435,44712060,0,0,107851,107851,15168,16304,0,0,0,0,0,0,0,0,0,2505594,1251267,0,262144,7673627,219183405,0,0,1026,709620,2040724845,0,0,0,0,0,3,0,0,0,0,0,0,2048599531,495,14121,1865289,1815526139,23823,0,106997,120539838,651092,169,0,651981,169,0,0,0,652150,0,651261,0,0,0,0,0,33,0,85,14704,0,0,0,0,0,0,0,0,225554,611,0,0,0,1015829,21385469,452411,0,0,0,85,1015829,21385469,0,0,46508,4050,23496,19446,19446,0,0,100512,0,0,364,0,0,0,0,0,0,0,59,0,59,0,0,0,0,0,0,0,0,0,0,0,0,0,0,0,0,0,0,0,0,714,24,0
1777071492.002160,2160,ubuntu-rog,1,0,0,6918455,6316,2891556,5282501,446089,0,19,0,0,0,0,0,1969450472,0,0,4907,1970609152,0,6316,2891556,5282501,446089,0,461658,169223,0,0,14149,0,199,0,0,0,3,0,2891629,104807,5735102,19,0,0,6522,0,0,0,0,0,0,0,48075436,44712060,0,0,107851,107851,15168,16304,0,0,0,0,0,0,0,0,0,2505594,1251267,0,262144,7673627,219183405,0,0,1026,709620,2040724874,0,0,0,0,0,3,0,0,0,0,0,0,2048599559,495,14121,1865289,1815526139,23823,0,106997,120539838,651092,169,0,651981,169,0,0,0,652150,0,651261,0,0,0,0,0,33,0,85,14704,0,0,0,0,0,0,0,0,225554,611,0,0,0,1015829,21385469,452411,0,0,0,85,1015829,21385469,0,0,46508,4050,23496,19446,19446,0,0,100512,0,0,364,0,0,0,0,0,0,0,59,0,59,0,0,0,0,0,0,0,0,0,0,0,0,0,0,0,0,0,0,0,0,714,24,0
1777071493.001154,1154,ubuntu-rog,1,0,0,6918455,6316,2891556,5282501,446089,0,19,0,0,0,0,0,1969450493,0,0,4907,1970609173,0,6316,2891556,5282501,446089,0,461658,169223,0,0,14149,0,199,0,0,0,3,0,2891629,104807,5735102,19,0,0,6522,0,0,0,0,0,0,0,48075436,44712060,0,0,107851,107851,15168,16304,0,0,0,0,0,0,0,0,0,2505594,1251267,0,262144,7673627,219183405,0,0,1026,709620,2040724895,0,0,0,0,0,3,0,0,0,0,0,0,2048599581,495,14121,1865289,1815526139,23823,0,106997,120539838,651092,169,0,651981,169,0,0,0,652150,0,651261,0,0,0,0,0,33,0,85,14704,0,0,0,0,0,0,0,0,225554,611,0,0,0,1015829,21385469,452411,0,0,0,85,1015829,21385469,0,0,46508,4050,23496,19446,19446,0,0,100512,0,0,364,0,0,0,0,0,0,0,59,0,59,0,0,0,0,0,0,0,0,0,0,0,0,0,0,0,0,0,0,0,0,714,24,0
1777071494.001265,1265,ubuntu-rog,1,0,0,6918455,6316,2891556,5282501,446089,0,21,0,0,0,0,0,1969450525,0,0,4907,1970609205,0,6316,2891556,5282501,446089,0,461658,169222,0,0,14149,0,199,0,0,0,3,0,2891629,104807,5735105,21,0,0,6522,0,0,0,0,0,0,0,48075438,44712060,0,0,107851,107851,15168,16304,0,0,0,0,0,0,0,0,0,2505594,1251267,0,262144,7673627,219183421,0,0,1026,709620,2040724927,0,0,0,0,0,3,0,0,0,0,0,0,2048599610,495,14121,1865289,1815526139,23823,0,106997,120539838,651092,169,0,651981,169,0,0,0,652150,0,651261,0,0,0,0,0,33,0,85,14704,0,0,0,0,0,0,0,0,225554,611,0,0,0,1015829,21385469,452411,0,0,0,85,1015829,21385469,0,0,46508,4050,23496,19446,19446,0,0,100512,0,0,364,0,0,0,0,0,0,0,59,0,59,0,0,0,0,0,0,0,0,0,0,0,0,0,0,0,0,0,0,0,0,714,24,0
1777071495.001294,1294,ubuntu-rog,1,0,0,6918455,6316,2891556,5282501,446089,0,21,0,0,0,0,0,1969450562,0,0,4907,1970609242,0,6316,2891556,5282501,446089,0,461658,169222,0,0,14149,0,199,0,0,0,3,0,2891629,104807,5735105,21,0,0,6522,0,0,0,0,0,0,0,48075438,44712060,0,0,107851,107851,15168,16304,0,0,0,0,0,0,0,0,0,2505594,1251267,0,262144,7673627,219183421,0,0,1026,709620,2040724964,0,0,0,0,0,3,0,0,0,0,0,0,2048599647,495,14121,1865289,1815526139,23823,0,106997,120539838,651092,169,0,651981,169,0,0,0,652150,0,651261,0,0,0,0,0,33,0,85,14704,0,0,0,0,0,0,0,0,225554,611,0,0,0,1015829,21385469,452411,0,0,0,85,1015829,21385469,0,0,46508,4050,23496,19446,19446,0,0,100512,0,0,364,0,0,0,0,0,0,0,59,0,59,0,0,0,0,0,0,0,0,0,0,0,0,0,0,0,0,0,0,0,0,714,24,0
1777071496.002300,2300,ubuntu-rog,1,0,0,6918455,6316,2891556,5282501,446089,0,22,0,0,0,0,0,1969450587,0,0,4907,1970609267,0,6316,2891556,5282501,446089,0,461658,169222,0,0,14149,0,199,0,0,0,3,0,2891629,104807,5735106,22,0,0,6522,0,0,0,0,0,0,0,48075439,44712060,0,0,107851,107851,15168,16304,0,0,0,0,0,0,0,0,0,2505594,1251267,0,262144,7673627,219183421,0,0,1026,709620,2040724989,0,0,0,0,0,3,0,0,0,0,0,0,2048599675,495,14121,1865289,1815526139,23823,0,106997,120539838,651092,169,0,651981,169,0,0,0,652150,0,651261,0,0,0,0,0,33,0,85,14704,0,0,0,0,0,0,0,0,225554,611,0,0,0,1015829,21385469,452411,0,0,0,85,1015829,21385469,0,0,46508,4050,23496,19446,19446,0,0,100512,0,0,364,0,0,0,0,0,0,0,59,0,59,0,0,0,0,0,0,0,0,0,0,0,0,0,0,0,0,0,0,0,0,714,24,0
1777071497.001159,1159,ubuntu-rog,1,0,0,6918518,6316,2891631,5282501,446089,0,22,0,0,0,0,0,1969450817,0,0,4907,1970609497,0,6316,2891631,5282501,446089,0,461658,169222,0,0,14149,0,199,0,0,0,3,0,2891676,104807,5735106,22,0,0,6522,0,0,0,0,0,0,0,48075439,44712060,0,0,107851,107851,15168,16304,0,0,0,0,0,0,0,0,0,2505606,1251273,0,262144,7673627,219183421,0,0,1026,709620,2040725303,0,0,0,0,0,3,0,0,0,0,0,0,2048599946,495,14121,1865289,1815526200,23823,0,106997,120539838,651092,169,0,651981,169,0,0,0,652150,0,651261,0,0,0,0,0,33,0,85,14704,0,0,0,0,0,0,0,0,225554,611,0,0,0,1015829,21385469,452411,0,0,0,85,1015829,21385469,0,0,46508,4050,23496,19446,19446,0,0,100512,0,0,364,0,0,0,0,0,0,0,59,0,59,0,0,0,0,0,0,0,0,0,0,0,0,0,0,0,0,0,0,0,0,714,24,0
1777071498.001160,1160,ubuntu-rog,1,0,0,6918518,6316,2891631,5282501,446089,0,23,0,0,0,0,0,1969450848,0,0,4907,1970609528,0,6316,2891631,5282501,446089,0,461658,169222,0,0,14149,0,199,0,0,0,3,0,2891676,104807,5735107,23,0,0,6522,0,0,0,0,0,0,0,48075440,44712060,0,0,107851,107851,15168,16304,0,0,0,0,0,0,0,0,0,2505606,1251273,0,262144,7673627,219183421,0,0,1026,709620,2040725334,0,0,0,0,0,3,0,0,0,0,0,0,2048599976,495,14121,1865289,1815526200,23823,0,106997,120539838,651092,169,0,651981,169,0,0,0,652150,0,651261,0,0,0,0,0,33,0,85,14704,0,0,0,0,0,0,0,0,225554,611,0,0,0,1015829,21385469,452411,0,0,0,85,1015829,21385469,0,0,46508,4050,23496,19446,19446,0,0,100512,0,0,364,0,0,0,0,0,0,0,59,0,59,0,0,0,0,0,0,0,0,0,0,0,0,0,0,0,0,0,0,0,0,714,24,0
1777071499.001261,1261,ubuntu-rog,1,0,0,6918518,6316,2891636,5282501,446089,0,15,0,0,0,0,0,1969450870,0,0,4907,1970609550,0,6316,2891636,5282501,446089,0,461658,169222,0,0,14149,0,199,0,0,0,3,0,2891676,104807,5735108,15,0,0,6522,0,0,0,0,0,0,0,48075442,44712070,0,0,107851,107851,15168,16304,0,0,0,0,0,0,0,0,0,2505606,1251273,0,262144,7673627,219183461,0,0,1026,709620,2040725356,0,0,0,0,0,3,0,0,0,0,0,0,2048599997,495,14121,1865289,1815526200,23823,0,106997,120539838,651092,169,0,651981,169,0,0,0,652150,0,651261,0,0,0,0,0,33,0,85,14704,0,0,0,0,0,0,0,0,225554,611,0,0,0,1015829,21385469,452411,0,0,0,85,1015829,21385469,0,0,46508,4050,23496,19446,19446,0,0,100512,0,0,364,0,0,0,0,0,0,0,59,0,59,0,0,0,0,0,0,0,0,0,0,0,0,0,0,0,0,0,0,0,0,714,24,0
1777071500.002293,2293,ubuntu-rog,1,0,0,6918518,6316,2891636,5282501,446089,0,19,0,0,0,0,0,1969450902,0,0,4907,1970609582,0,6316,2891636,5282501,446089,0,461658,169222,0,0,14149,0,199,0,0,0,3,0,2891676,104807,5735111,19,0,0,6522,0,0,0,0,0,0,0,48075446,44712070,0,0,107851,107851,15168,16304,0,0,0,0,0,0,0,0,0,2505606,1251273,0,262144,7673627,219183489,0,0,1026,709620,2040725388,0,0,0,0,0,3,0,0,0,0,0,0,2048600026,495,14121,1865289,1815526200,23823,0,106997,120539838,651092,169,0,651981,169,0,0,0,652150,0,651261,0,0,0,0,0,33,0,85,14704,0,0,0,0,0,0,0,0,225554,611,0,0,0,1015829,21385469,452411,0,0,0,85,1015829,21385469,0,0,46508,4050,23496,19446,19446,0,0,100512,0,0,364,0,0,0,0,0,0,0,59,0,59,0,0,0,0,0,0,0,0,0,0,0,0,0,0,0,0,0,0,0,0,714,24,0
1777071501.001303,1303,ubuntu-rog,1,0,0,6918518,6316,2891636,5282501,446089,0,19,0,0,0,0,0,1969450933,0,0,4907,1970609613,0,6316,2891636,5282501,446089,0,461658,169222,0,0,14149,0,199,0,0,0,3,0,2891676,104807,5735111,19,0,0,6522,0,0,0,0,0,0,0,48075446,44712070,0,0,107851,107851,15168,16304,0,0,0,0,0,0,0,0,0,2505606,1251273,0,262144,7673627,219183489,0,0,1026,709620,2040725419,0,0,0,0,0,3,0,0,0,0,0,0,2048600057,495,14121,1865289,1815526200,23823,0,106997,120539838,651092,169,0,651981,169,0,0,0,652150,0,651261,0,0,0,0,0,33,0,85,14704,0,0,0,0,0,0,0,0,225554,611,0,0,0,1015829,21385469,452411,0,0,0,85,1015829,21385469,0,0,46508,4050,23496,19446,19446,0,0,100512,0,0,364,0,0,0,0,0,0,0,59,0,59,0,0,0,0,0,0,0,0,0,0,0,0,0,0,0,0,0,0,0,0,714,24,0
1777071502.001158,1158,ubuntu-rog,1,0,0,6918518,6316,2891636,5282501,446089,0,19,0,0,0,0,0,1969450961,0,0,4907,1970609641,0,6316,2891636,5282501,446089,0,461658,169222,0,0,14149,0,199,0,0,0,3,0,2891676,104807,5735111,19,0,0,6522,0,0,0,0,0,0,0,48075446,44712070,0,0,107851,107851,15168,16304,0,0,0,0,0,0,0,0,0,2505606,1251273,0,262144,7673627,219183489,0,0,1026,709620,2040725447,0,0,0,0,0,3,0,0,0,0,0,0,2048600085,495,14121,1865289,1815526200,23823,0,106997,120539838,651092,169,0,651981,169,0,0,0,652150,0,651261,0,0,0,0,0,33,0,85,14704,0,0,0,0,0,0,0,0,225554,611,0,0,0,1015829,21385469,452411,0,0,0,85,1015829,21385469,0,0,46508,4050,23496,19446,19446,0,0,100512,0,0,364,0,0,0,0,0,0,0,59,0,59,0,0,0,0,0,0,0,0,0,0,0,0,0,0,0,0,0,0,0,0,714,24,0
1777071503.001154,1154,ubuntu-rog,1,0,0,6918518,6316,2891636,5282501,446089,0,20,0,0,0,0,0,1969450990,0,0,4907,1970609670,0,6316,2891636,5282501,446089,0,461658,169222,0,0,14149,0,199,0,0,0,3,0,2891676,104807,5735112,20,0,0,6522,0,0,0,0,0,0,0,48075447,44712070,0,0,107851,107851,15168,16304,0,0,0,0,0,0,0,0,0,2505606,1251273,0,262144,7673627,219183489,0,0,1026,709620,2040725476,0,0,0,0,0,3,0,0,0,0,0,0,2048600113,495,14121,1865289,1815526200,23823,0,106997,120539838,651092,169,0,651981,169,0,0,0,652150,0,651261,0,0,0,0,0,33,0,85,14704,0,0,0,0,0,0,0,0,225554,611,0,0,0,1015829,21385469,452411,0,0,0,85,1015829,21385469,0,0,46508,4050,23496,19446,19446,0,0,100512,0,0,364,0,0,0,0,0,0,0,59,0,59,0,0,0,0,0,0,0,0,0,0,0,0,0,0,0,0,0,0,0,0,714,24,0
1777071504.002254,2254,ubuntu-rog,1,0,0,6918518,6316,2891636,5282501,446089,0,9,0,0,0,0,0,1969451018,0,0,4907,1970609698,0,6316,2891636,5282501,446089,0,461658,169222,0,0,14149,0,199,0,0,0,3,0,2891676,104807,5735112,9,0,0,6522,0,0,0,0,0,0,0,48075447,44712081,0,0,107851,107851,15168,16304,0,0,0,0,0,0,0,0,0,2505606,1251273,0,262144,7673627,219183533,0,0,1026,709620,2040725504,0,0,0,0,0,3,0,0,0,0,0,0,2048600141,495,14121,1865289,1815526200,23823,0,106997,120539838,651092,169,0,651981,169,0,0,0,652150,0,651261,0,0,0,0,0,33,0,85,14704,0,0,0,0,0,0,0,0,225554,611,0,0,0,1015829,21385469,452411,0,0,0,85,1015829,21385469,0,0,46508,4050,23496,19446,19446,0,0,100512,0,0,364,0,0,0,0,0,0,0,59,0,59,0,0,0,0,0,0,0,0,0,0,0,0,0,0,0,0,0,0,0,0,714,24,0
1777071505.001299,1299,ubuntu-rog,1,0,0,6918518,6316,2891636,5282501,446089,0,13,0,0,0,0,0,1969451052,0,0,4907,1970609732,0,6316,2891636,5282501,446089,0,461658,169222,0,0,14149,0,199,0,0,0,3,0,2891676,104807,5735115,13,0,0,6522,0,0,0,0,0,0,0,48075451,44712081,0,0,107851,107851,15168,16304,0,0,0,0,0,0,0,0,0,2505606,1251273,0,262144,7673627,219183565,0,0,1026,709620,2040725538,0,0,0,0,0,3,0,0,0,0,0,0,2048600172,495,14121,1865289,1815526200,23823,0,106997,120539838,651092,169,0,651981,169,0,0,0,652150,0,651261,0,0,0,0,0,33,0,85,14704,0,0,0,0,0,0,0,0,225554,611,0,0,0,1015829,21385469,452411,0,0,0,85,1015829,21385469,0,0,46508,4050,23496,19446,19446,0,0,100512,0,0,364,0,0,0,0,0,0,0,59,0,59,0,0,0,0,0,0,0,0,0,0,0,0,0,0,0,0,0,0,0,0,714,24,0
1777071506.001304,1304,ubuntu-rog,1,0,0,6918518,6316,2891636,5282501,446089,0,14,0,0,0,0,0,1969451086,0,0,4907,1970609766,0,6316,2891636,5282501,446089,0,461658,169222,0,0,14149,0,199,0,0,0,3,0,2891676,104807,5735116,14,0,0,6522,0,0,0,0,0,0,0,48075452,44712081,0,0,107851,107851,15168,16304,0,0,0,0,0,0,0,0,0,2505606,1251273,0,262144,7673627,219183565,0,0,1026,709620,2040725572,0,0,0,0,0,3,0,0,0,0,0,0,2048600205,495,14121,1865289,1815526200,23823,0,106997,120539838,651092,169,0,651981,169,0,0,0,652150,0,651261,0,0,0,0,0,33,0,85,14704,0,0,0,0,0,0,0,0,225554,611,0,0,0,1015829,21385469,452411,0,0,0,85,1015829,21385469,0,0,46508,4050,23496,19446,19446,0,0,100512,0,0,364,0,0,0,0,0,0,0,59,0,59,0,0,0,0,0,0,0,0,0,0,0,0,0,0,0,0,0,0,0,0,714,24,0
1777071507.001158,1158,ubuntu-rog,1,0,0,6918518,6316,2891631,5282501,446089,0,14,0,0,0,0,0,1969451115,0,0,4907,1970609795,0,6316,2891631,5282501,446089,0,461658,169222,0,0,14149,0,199,0,0,0,3,0,2891677,104807,5735116,14,0,0,6522,0,0,0,0,0,0,0,48075452,44712081,0,0,107851,107851,15168,16304,0,0,0,0,0,0,0,0,0,2505606,1251273,0,262144,7673627,219183565,0,0,1026,709620,2040725601,0,0,0,0,0,3,0,0,0,0,0,0,2048600233,495,14121,1865289,1815526206,23823,0,106997,120539838,651092,169,0,651981,169,0,0,0,652150,0,651261,0,0,0,0,0,33,0,85,14704,0,0,0,0,0,0,0,0,225554,611,0,0,0,1015829,21385469,452411,0,0,0,85,1015829,21385469,0,0,46508,4050,23496,19446,19446,0,0,100512,0,0,364,0,0,0,0,0,0,0,59,0,59,0,0,0,0,0,0,0,0,0,0,0,0,0,0,0,0,0,0,0,0,714,24,0
1777071508.002153,2153,ubuntu-rog,1,0,0,6918518,6316,2891631,5282501,446089,0,14,0,0,0,0,0,1969451145,0,0,4907,1970609825,0,6316,2891631,5282501,446089,0,461658,169222,0,0,14149,0,199,0,0,0,3,0,2891677,104807,5735116,14,0,0,6522,0,0,0,0,0,0,0,48075452,44712081,0,0,107851,107851,15168,16304,0,0,0,0,0,0,0,0,0,2505606,1251273,0,262144,7673627,219183565,0,0,1026,709620,2040725631,0,0,0,0,0,3,0,0,0,0,0,0,2048600263,495,14121,1865289,1815526206,23823,0,106997,120539838,651092,169,0,651981,169,0,0,0,652150,0,651261,0,0,0,0,0,33,0,85,14704,0,0,0,0,0,0,0,0,225554,611,0,0,0,1015829,21385469,452411,0,0,0,85,1015829,21385469,0,0,46508,4050,23496,19446,19446,0,0,100512,0,0,364,0,0,0,0,0,0,0,59,0,59,0,0,0,0,0,0,0,0,0,0,0,0,0,0,0,0,0,0,0,0,714,24,0
1777071509.001259,1259,ubuntu-rog,1,0,0,6918518,6316,2891631,5282501,446089,0,14,0,0,0,0,0,1969451174,0,0,4907,1970609854,0,6316,2891631,5282501,446089,0,461658,169222,0,0,14149,0,199,0,0,0,3,0,2891677,104807,5735116,14,0,0,6522,0,0,0,0,0,0,0,48075452,44712081,0,0,107851,107851,15168,16304,0,0,0,0,0,0,0,0,0,2505606,1251273,0,262144,7673627,219183565,0,0,1026,709620,2040725660,0,0,0,0,0,3,0,0,0,0,0,0,2048600292,495,14121,1865289,1815526206,23823,0,106997,120539838,651092,169,0,651981,169,0,0,0,652150,0,651261,0,0,0,0,0,33,0,85,14704,0,0,0,0,0,0,0,0,225554,611,0,0,0,1015829,21385469,452411,0,0,0,85,1015829,21385469,0,0,46508,4050,23496,19446,19446,0,0,100512,0,0,364,0,0,0,0,0,0,0,59,0,59,0,0,0,0,0,0,0,0,0,0,0,0,0,0,0,0,0,0,0,0,714,24,0
1777071510.001333,1333,ubuntu-rog,1,0,0,6918518,6316,2891631,5282501,446089,0,17,0,0,0,0,0,1969451200,0,0,4907,1970609880,0,6316,2891631,5282501,446089,0,461658,169222,0,0,14149,0,199,0,0,0,3,0,2891677,104807,5735120,17,0,0,6522,0,0,0,0,0,0,0,48075455,44712081,0,0,107851,107851,15168,16304,0,0,0,0,0,0,0,0,0,2505606,1251273,0,262144,7673627,219183581,0,0,1026,709620,2040725686,0,0,0,0,0,3,0,0,0,0,0,0,2048600314,495,14121,1865289,1815526206,23823,0,106997,120539838,651092,169,0,651981,169,0,0,0,652150,0,651261,0,0,0,0,0,33,0,85,14704,0,0,0,0,0,0,0,0,225554,611,0,0,0,1015829,21385469,452411,0,0,0,85,1015829,21385469,0,0,46508,4050,23496,19446,19446,0,0,100512,0,0,364,0,0,0,0,0,0,0,59,0,59,0,0,0,0,0,0,0,0,0,0,0,0,0,0,0,0,0,0,0,0,714,24,0
1777071511.001305,1305,ubuntu-rog,1,0,0,6784821,6316,3011543,5282526,446089,0,18,0,0,0,0,0,1969675694,0,0,4907,1970834374,0,6316,3011543,5282526,446089,0,461658,169222,0,0,14149,0,199,0,0,0,3,0,3011886,104807,5735121,18,0,0,6522,0,0,0,0,0,0,0,48075456,44712081,0,0,107851,107851,15168,16438,0,0,0,0,0,0,0,0,0,2478879,1237926,0,262144,7673627,219183581,0,0,1026,709620,2040950180,0,0,0,0,0,3,0,0,0,0,0,0,2048703975,495,14121,1865289,1815750201,23823,0,106997,120539838,651092,169,0,651981,169,0,0,0,652150,0,651261,0,0,0,0,0,33,0,85,14704,0,0,0,0,0,0,0,0,225554,611,0,0,0,1015829,21385469,452411,0,0,0,85,1015829,21385469,0,0,46508,4050,23496,19446,19446,0,0,100512,0,0,364,0,0,0,0,0,0,0,59,0,59,0,0,0,0,0,0,0,0,0,0,0,0,0,0,0,0,0,0,0,0,714,24,0
1777071512.002162,2162,ubuntu-rog,1,0,0,6887508,6316,2909098,5282526,446089,0,18,0,0,0,0,0,1969848487,0,0,4907,1971007167,0,6316,2909098,5282526,446089,0,461658,169219,0,0,14149,0,199,0,0,0,3,0,2908908,104807,5735121,18,0,0,6522,0,0,0,0,0,0,0,48075456,44712081,0,0,107851,107851,15168,16337,0,0,0,0,0,0,0,0,0,2499411,1248179,0,262144,7673627,219183581,0,0,1026,709620,2041122973,0,0,0,0,0,3,0,0,0,0,0,0,2048980049,495,14121,1865289,1815922507,23823,0,106997,120539838,651092,169,0,651981,169,0,0,0,652150,0,651261,0,0,0,0,0,33,0,85,14704,0,0,0,0,0,0,0,0,225554,611,0,0,0,1015829,21385469,452411,0,0,0,85,1015829,21385469,0,0,46508,4050,23496,19446,19446,0,0,100512,0,0,364,0,0,0,0,0,0,0,59,0,59,0,0,0,0,0,0,0,0,0,0,0,0,0,0,0,0,0,0,0,0,714,24,0
1777071513.001162,1162,ubuntu-rog,1,0,0,6911263,6316,2891472,5282527,446089,0,19,0,0,0,0,0,1969866943,0,0,4907,1971025623,0,6316,2891472,5282527,446089,0,461658,169219,0,0,14149,0,199,0,0,0,3,0,2891675,104807,5735122,19,0,0,6522,0,0,0,0,0,0,0,48075457,44712081,0,0,107851,107851,15168,16303,0,0,0,0,0,0,0,0,0,2504161,1250551,0,262144,7673627,219183581,0,0,1026,709620,2041141429,0,0,0,0,0,3,0,0,0,0,0,0,2049016077,495,14121,1865289,1815940853,23823,0,106997,120539838,651092,169,0,651981,169,0,0,0,652150,0,651261,0,0,0,0,0,33,0,85,14704,0,0,0,0,0,0,0,0,225554,611,0,0,0,1015829,21385469,452411,0,0,0,85,1015829,21385469,0,0,46508,4050,23496,19446,19446,0,0,100512,0,0,364,0,0,0,0,0,0,0,59,0,59,0,0,0,0,0,0,0,0,0,0,0,0,0,0,0,0,0,0,0,0,714,24,0
1777071514.001268,1268,ubuntu-rog,1,0,0,6911263,6316,2891472,5282527,446089,0,19,0,0,0,0,0,1969866985,0,0,4907,1971025665,0,6316,2891472,5282527,446089,0,461658,169219,0,0,14149,0,199,0,0,0,3,0,2891675,104807,5735122,19,0,0,6522,0,0,0,0,0,0,0,48075457,44712081,0,0,107851,107851,15152,16303,0,0,0,0,0,0,0,0,0,2504161,1250551,0,262144,7673627,219183581,0,0,1026,709620,2041141471,0,0,0,0,0,3,0,0,0,0,0,0,2049016119,495,14121,1865289,1815940853,23823,0,106997,120539838,651092,169,0,651981,169,0,0,0,652150,0,651261,0,0,0,0,0,33,0,85,14704,0,0,0,0,0,0,0,0,225554,611,0,0,0,1015829,21385469,452411,0,0,0,85,1015829,21385469,0,0,46508,4050,23496,19446,19446,0,0,100512,0,0,364,0,0,0,0,0,0,0,59,0,59,0,0,0,0,0,0,0,0,0,0,0,0,0,0,0,0,0,0,0,0,714,24,0
1777071515.001310,1310,ubuntu-rog,1,0,0,6911869,6316,2891482,5282527,446089,0,12,0,0,0,0,0,1969867028,0,0,4907,1971025708,0,6316,2891482,5282527,446089,0,461658,169219,0,0,14149,0,199,0,0,0,3,0,2891675,104807,5735124,12,0,0,6522,0,0,0,0,0,0,0,48075458,44712089,0,0,107851,107851,15152,16303,0,0,0,0,0,0,0,0,0,2504282,1250612,0,262144,7673627,219183621,0,0,1026,709620,2041141514,0,0,0,0,0,3,0,0,0,0,0,0,2049016160,495,14121,1865289,1815940853,23823,0,106997,120539838,651092,169,0,651981,169,0,0,0,652150,0,651261,0,0,0,0,0,33,0,85,14704,0,0,0,0,0,0,0,0,225554,611,0,0,0,1015829,21385469,452411,0,0,0,85,1015829,21385469,0,0,46508,4050,23496,19446,19446,0,0,100512,0,0,364,0,0,0,0,0,0,0,59,0,59,0,0,0,0,0,0,0,0,0,0,0,0,0,0,0,0,0,0,0,0,714,24,0
1777071516.002310,2310,ubuntu-rog,1,0,0,6912573,6316,2891482,5282527,446089,0,13,0,0,0,0,0,1969867066,0,0,4907,1971025746,0,6316,2891482,5282527,446089,0,461658,169219,0,0,14149,0,199,0,0,0,3,0,2891675,104807,5735125,13,0,0,6522,0,0,0,0,0,0,0,48075459,44712089,0,0,107851,107851,15152,16303,0,0,0,0,0,0,0,0,0,2504423,1250682,0,262144,7673627,219183621,0,0,1026,709620,2041141552,0,0,0,0,0,3,0,0,0,0,0,0,2049016197,495,14121,1865289,1815940853,23823,0,106997,120539838,651092,169,0,651981,169,0,0,0,652150,0,651261,0,0,0,0,0,33,0,85,14704,0,0,0,0,0,0,0,0,225554,611,0,0,0,1015829,21385469,452411,0,0,0,85,1015829,21385469,0,0,46508,4050,23496,19446,19446,0,0,100512,0,0,364,0,0,0,0,0,0,0,59,0,59,0,0,0,0,0,0,0,0,0,0,0,0,0,0,0,0,0,0,0,0,714,24,0
1777071517.001161,1161,ubuntu-rog,1,0,0,6913120,6316,2891482,5282527,446089,0,14,0,0,0,0,0,1969867107,0,0,4907,1971025787,0,6316,2891482,5282527,446089,0,461658,169219,0,0,14149,0,199,0,0,0,3,0,2891675,104807,5735126,14,0,0,6522,0,0,0,0,0,0,0,48075460,44712089,0,0,107851,107851,15152,16303,0,0,0,0,0,0,0,0,0,2504532,1250737,0,262144,7673627,219183621,0,0,1026,709620,2041141593,0,0,0,0,0,3,0,0,0,0,0,0,2049016237,495,14121,1865289,1815940853,23823,0,106997,120539838,651092,169,0,651981,169,0,0,0,652150,0,651261,0,0,0,0,0,33,0,85,14704,0,0,0,0,0,0,0,0,225554,611,0,0,0,1015829,21385469,452411,0,0,0,85,1015829,21385469,0,0,46508,4050,23496,19446,19446,0,0,100512,0,0,364,0,0,0,0,0,0,0,59,0,59,0,0,0,0,0,0,0,0,0,0,0,0,0,0,0,0,0,0,0,0,714,24,0
1777071518.001162,1162,ubuntu-rog,1,0,0,6913586,6316,2891482,5282527,446089,0,14,0,0,0,0,0,1969867133,0,0,4907,1971025813,0,6316,2891482,5282527,446089,0,461658,169219,0,0,14149,0,199,0,0,0,3,0,2891675,104807,5735126,14,0,0,6522,0,0,0,0,0,0,0,48075460,44712089,0,0,107851,107851,15152,16303,0,0,0,0,0,0,0,0,0,2504625,1250783,0,262144,7673627,219183621,0,0,1026,709620,2041141619,0,0,0,0,0,3,0,0,0,0,0,0,2049016263,495,14121,1865289,1815940853,23823,0,106997,120539838,651092,169,0,651981,169,0,0,0,652150,0,651261,0,0,0,0,0,33,0,85,14704,0,0,0,0,0,0,0,0,225554,611,0,0,0,1015829,21385469,452411,0,0,0,85,1015829,21385469,0,0,46508,4050,23496,19446,19446,0,0,100512,0,0,364,0,0,0,0,0,0,0,59,0,59,0,0,0,0,0,0,0,0,0,0,0,0,0,0,0,0,0,0,0,0,714,24,0
1777071519.001265,1265,ubuntu-rog,1,0,0,6914083,6316,2891482,5282527,446089,0,14,0,0,0,0,0,1969867177,0,0,4907,1971025857,0,6316,2891482,5282527,446089,0,461658,169219,0,0,14149,0,199,0,0,0,3,0,2891675,104807,5735126,14,0,0,6522,0,0,0,0,0,0,0,48075460,44712089,0,0,107851,107851,15152,16303,0,0,0,0,0,0,0,0,0,2504725,1250833,0,262144,7673627,219183621,0,0,1026,709620,2041141663,0,0,0,0,0,3,0,0,0,0,0,0,2049016307,495,14121,1865289,1815940853,23823,0,106997,120539838,651092,169,0,651981,169,0,0,0,652150,0,651261,0,0,0,0,0,33,0,85,14704,0,0,0,0,0,0,0,0,225554,611,0,0,0,1015829,21385469,452411,0,0,0,85,1015829,21385469,0,0,46508,4050,23496,19446,19446,0,0,100512,0,0,364,0,0,0,0,0,0,0,59,0,59,0,0,0,0,0,0,0,0,0,0,0,0,0,0,0,0,0,0,0,0,714,24,0
1777071520.002302,2302,ubuntu-rog,1,0,0,6914013,6316,2891482,5282527,446089,0,15,0,0,0,0,0,1969867223,0,0,4907,1971025903,0,6316,2891482,5282527,446089,0,461658,169219,0,0,14149,0,199,0,0,0,3,0,2891675,104807,5735127,15,0,0,6522,0,0,0,0,0,0,0,48075461,44712089,0,0,107851,107851,15152,16303,0,0,0,0,0,0,0,0,0,2504711,1250826,0,262144,7673627,219183637,0,0,1026,709620,2041141709,0,0,0,0,0,3,0,0,0,0,0,0,2049016350,495,14121,1865289,1815940853,23823,0,106997,120539838,651092,169,0,651981,169,0,0,0,652150,0,651261,0,0,0,0,0,33,0,85,14704,0,0,0,0,0,0,0,0,225554,611,0,0,0,1015829,21385469,452411,0,0,0,85,1015829,21385469,0,0,46508,4050,23496,19446,19446,0,0,100512,0,0,364,0,0,0,0,0,0,0,59,0,59,0,0,0,0,0,0,0,0,0,0,0,0,0,0,0,0,0,0,0,0,714,24,0
1777071521.001311,1311,ubuntu-rog,1,0,0,6914292,6316,2891482,5282527,446089,0,15,0,0,0,0,0,1969867245,0,0,4907,1971025925,0,6316,2891482,5282527,446089,0,461658,169219,0,0,14149,0,199,0,0,0,3,0,2891675,104807,5735129,15,0,0,6522,0,0,0,0,0,0,0,48075461,44712089,0,0,107851,107851,15152,16303,0,0,0,0,0,0,0,0,0,2504767,1250854,0,262144,7673627,219183637,0,0,1026,709620,2041141731,0,0,0,0,0,3,0,0,0,0,0,0,2049016372,495,14121,1865289,1815940853,23823,0,106997,120539838,651092,169,0,651981,169,0,0,0,652150,0,651261,0,0,0,0,0,33,0,85,14704,0,0,0,0,0,0,0,0,225554,611,0,0,0,1015829,21385469,452411,0,0,0,85,1015829,21385469,0,0,46508,4050,23496,19446,19446,0,0,100512,0,0,364,0,0,0,0,0,0,0,59,0,59,0,0,0,0,0,0,0,0,0,0,0,0,0,0,0,0,0,0,0,0,714,24,0
1777071522.001319,1319,ubuntu-rog,1,0,0,6914524,6316,2891482,5282527,446089,0,17,0,0,0,0,0,1969867286,0,0,4907,1971025966,0,6316,2891482,5282527,446089,0,461658,169219,0,0,14149,0,199,0,0,0,3,0,2891675,104807,5735131,17,0,0,6522,0,0,0,0,0,0,0,48075463,44712089,0,0,107851,107851,15152,16303,0,0,0,0,0,0,0,0,0,2504813,1250877,0,262144,7673627,219183637,0,0,1026,709620,2041141772,0,0,0,0,0,3,0,0,0,0,0,0,2049016411,495,14121,1865289,1815940853,23823,0,106997,120539838,651092,169,0,651981,169,0,0,0,652150,0,651261,0,0,0,0,0,33,0,85,14704,0,0,0,0,0,0,0,0,225554,611,0,0,0,1015829,21385469,452411,0,0,0,85,1015829,21385469,0,0,46508,4050,23496,19446,19446,0,0,100512,0,0,364,0,0,0,0,0,0,0,59,0,59,0,0,0,0,0,0,0,0,0,0,0,0,0,0,0,0,0,0,0,0,714,24,0
1777071523.001163,1163,ubuntu-rog,1,0,0,6914813,6316,2891482,5282527,446089,0,17,0,0,0,0,0,1969867328,0,0,4907,1971026008,0,6316,2891482,5282527,446089,0,461658,169219,0,0,14149,0,199,0,0,0,3,0,2891675,104807,5735131,17,0,0,6522,0,0,0,0,0,0,0,48075463,44712089,0,0,107851,107851,15152,16303,0,0,0,0,0,0,0,0,0,2504871,1250906,0,262144,7673627,219183637,0,0,1026,709620,2041141814,0,0,0,0,0,3,0,0,0,0,0,0,2049016453,495,14121,1865289,1815940853,23823,0,106997,120539838,651092,169,0,651981,169,0,0,0,652150,0,651261,0,0,0,0,0,33,0,85,14704,0,0,0,0,0,0,0,0,225554,611,0,0,0,1015829,21385469,452411,0,0,0,85,1015829,21385469,0,0,46508,4050,23496,19446,19446,0,0,100512,0,0,364,0,0,0,0,0,0,0,59,0,59,0,0,0,0,0,0,0,0,0,0,0,0,0,0,0,0,0,0,0,0,714,24,0
1777071524.002267,2267,ubuntu-rog,1,0,0,6914967,6316,2891482,5282527,446089,0,18,0,0,0,0,0,1969867355,0,0,4907,1971026035,0,6316,2891482,5282527,446089,0,461658,169219,0,0,14149,0,199,0,0,0,3,0,2891675,104807,5735132,18,0,0,6522,0,0,0,0,0,0,0,48075464,44712089,0,0,107851,107851,15152,16303,0,0,0,0,0,0,0,0,0,2504902,1250921,0,262144,7673627,219183637,0,0,1026,709620,2041141841,0,0,0,0,0,3,0,0,0,0,0,0,2049016479,495,14121,1865289,1815940853,23823,0,106997,120539838,651092,169,0,651981,169,0,0,0,652150,0,651261,0,0,0,0,0,33,0,85,14704,0,0,0,0,0,0,0,0,225554,611,0,0,0,1015829,21385469,452411,0,0,0,85,1015829,21385469,0,0,46508,4050,23496,19446,19446,0,0,100512,0,0,364,0,0,0,0,0,0,0,59,0,59,0,0,0,0,0,0,0,0,0,0,0,0,0,0,0,0,0,0,0,0,714,24,0
1777071525.001305,1305,ubuntu-rog,1,0,0,6915030,6316,2891482,5282527,446089,0,18,0,0,0,0,0,1969867390,0,0,4907,1971026070,0,6316,2891482,5282527,446089,0,461658,169219,0,0,14149,0,199,0,0,0,3,0,2891675,104807,5735134,18,0,0,6522,0,0,0,0,0,0,0,48075464,44712089,0,0,107851,107851,15152,16303,0,0,0,0,0,0,0,0,0,2504914,1250928,0,262144,7673627,219183653,0,0,1026,709620,2041141876,0,0,0,0,0,3,0,0,0,0,0,0,2049016512,495,14121,1865289,1815940853,23823,0,106997,120539838,651092,169,0,651981,169,0,0,0,652150,0,651261,0,0,0,0,0,33,0,85,14704,0,0,0,0,0,0,0,0,225554,611,0,0,0,1015829,21385469,452411,0,0,0,85,1015829,21385469,0,0,46508,4050,23496,19446,19446,0,0,100512,0,0,364,0,0,0,0,0,0,0,59,0,59,0,0,0,0,0,0,0,0,0,0,0,0,0,0,0,0,0,0,0,0,714,24,0
1777071526.001306,1306,ubuntu-rog,1,0,0,6915030,6316,2891482,5282527,446089,0,18,0,0,0,0,0,1969867421,0,0,4907,1971026101,0,6316,2891482,5282527,446089,0,461658,169219,0,0,14149,0,199,0,0,0,3,0,2891675,104807,5735134,18,0,0,6522,0,0,0,0,0,0,0,48075464,44712089,0,0,107851,107851,15152,16303,0,0,0,0,0,0,0,0,0,2504914,1250928,0,262144,7673627,219183653,0,0,1026,709620,2041141907,0,0,0,0,0,3,0,0,0,0,0,0,2049016543,495,14121,1865289,1815940853,23823,0,106997,120539838,651092,169,0,651981,169,0,0,0,652150,0,651261,0,0,0,0,0,33,0,85,14704,0,0,0,0,0,0,0,0,225554,611,0,0,0,1015829,21385469,452411,0,0,0,85,1015829,21385469,0,0,46508,4050,23496,19446,19446,0,0,100512,0,0,364,0,0,0,0,0,0,0,59,0,59,0,0,0,0,0,0,0,0,0,0,0,0,0,0,0,0,0,0,0,0,714,24,0
1777071527.001165,1165,ubuntu-rog,1,0,0,6915030,6316,2891482,5282527,446089,0,20,0,0,0,0,0,1969867444,0,0,4907,1971026124,0,6316,2891482,5282527,446089,0,461658,169219,0,0,14149,0,199,0,0,0,3,0,2891675,104807,5735136,20,0,0,6522,0,0,0,0,0,0,0,48075466,44712089,0,0,107851,107851,15152,16303,0,0,0,0,0,0,0,0,0,2504914,1250928,0,262144,7673627,219183653,0,0,1026,709620,2041141930,0,0,0,0,0,3,0,0,0,0,0,0,2049016564,495,14121,1865289,1815940853,23823,0,106997,120539838,651092,169,0,651981,169,0,0,0,652150,0,651261,0,0,0,0,0,33,0,85,14704,0,0,0,0,0,0,0,0,225554,611,0,0,0,1015829,21385469,452411,0,0,0,85,1015829,21385469,0,0,46508,4050,23496,19446,19446,0,0,100512,0,0,364,0,0,0,0,0,0,0,59,0,59,0,0,0,0,0,0,0,0,0,0,0,0,0,0,0,0,0,0,0,0,714,24,0
1777071528.002163,2163,ubuntu-rog,1,0,0,6915030,6316,2891482,5282527,446089,0,20,0,0,0,0,0,1969867473,0,0,4907,1971026153,0,6316,2891482,5282527,446089,0,461658,169219,0,0,14149,0,199,0,0,0,3,0,2891675,104807,5735136,20,0,0,6522,0,0,0,0,0,0,0,48075466,44712089,0,0,107851,107851,15152,16303,0,0,0,0,0,0,0,0,0,2504914,1250928,0,262144,7673627,219183653,0,0,1026,709620,2041141959,0,0,0,0,0,3,0,0,0,0,0,0,2049016593,495,14121,1865289,1815940853,23823,0,106997,120539838,651092,169,0,651981,169,0,0,0,652150,0,651261,0,0,0,0,0,33,0,85,14704,0,0,0,0,0,0,0,0,225554,611,0,0,0,1015829,21385469,452411,0,0,0,85,1015829,21385469,0,0,46508,4050,23496,19446,19446,0,0,100512,0,0,364,0,0,0,0,0,0,0,59,0,59,0,0,0,0,0,0,0,0,0,0,0,0,0,0,0,0,0,0,0,0,714,24,0
1777071529.001265,1265,ubuntu-rog,1,0,0,6915346,6316,2891482,5282527,446089,0,20,0,0,0,0,0,1969867503,0,0,4907,1971026183,0,6316,2891482,5282527,446089,0,461658,169219,0,0,14149,0,199,0,0,0,3,0,2891675,104807,5735136,20,0,0,6522,0,0,0,0,0,0,0,48075466,44712089,0,0,107851,107851,15152,16303,0,0,0,0,0,0,0,0,0,2504977,1250959,0,262144,7673627,219183693,0,0,1026,709620,2041141989,0,0,0,0,0,3,0,0,0,0,0,0,2049016623,495,14121,1865289,1815940853,23823,0,106997,120539838,651092,169,0,651981,169,0,0,0,652150,0,651261,0,0,0,0,0,33,0,85,14704,0,0,0,0,0,0,0,0,225554,611,0,0,0,1015829,21385469,452411,0,0,0,85,1015829,21385469,0,0,46508,4050,23496,19446,19446,0,0,100512,0,0,364,0,0,0,0,0,0,0,59,0,59,0,0,0,0,0,0,0,0,0,0,0,0,0,0,0,0,0,0,0,0,714,24,0
1777071530.001305,1305,ubuntu-rog,1,0,0,6915791,6316,2891482,5282527,446089,0,15,0,0,0,0,0,1969867529,0,0,4907,1971026209,0,6316,2891482,5282527,446089,0,461658,169219,0,0,14149,0,199,0,0,0,3,0,2891675,104807,5735139,15,0,0,6522,0,0,0,0,0,0,0,48075471,44712099,0,0,107851,107851,15152,16303,0,0,0,0,0,0,0,0,0,2505066,1251004,0,262144,7673627,219183721,0,0,1026,709620,2041142015,0,0,0,0,0,3,0,0,0,0,0,0,2049016646,495,14121,1865289,1815940853,23823,0,106997,120539838,651092,169,0,651981,169,0,0,0,652150,0,651261,0,0,0,0,0,33,0,85,14704,0,0,0,0,0,0,0,0,225554,611,0,0,0,1015829,21385469,452411,0,0,0,85,1015829,21385469,0,0,46508,4050,23496,19446,19446,0,0,100512,0,0,364,0,0,0,0,0,0,0,59,0,59,0,0,0,0,0,0,0,0,0,0,0,0,0,0,0,0,0,0,0,0,714,24,0
1777071531.001309,1309,ubuntu-rog,1,0,0,6916516,6316,2891482,5282527,446089,0,15,0,0,0,0,0,1969867563,0,0,4907,1971026243,0,6316,2891482,5282527,446089,0,461658,169219,0,0,14149,0,199,0,0,0,3,0,2891675,104807,5735139,15,0,0,6522,0,0,0,0,0,0,0,48075471,44712099,0,0,107851,107851,15152,16303,0,0,0,0,0,0,0,0,0,2505211,1251076,0,262144,7673627,219183721,0,0,1026,709620,2041142049,0,0,0,0,0,3,0,0,0,0,0,0,2049016680,495,14121,1865289,1815940853,23823,0,106997,120539838,651092,169,0,651981,169,0,0,0,652150,0,651261,0,0,0,0,0,33,0,85,14704,0,0,0,0,0,0,0,0,225554,611,0,0,0,1015829,21385469,452411,0,0,0,85,1015829,21385469,0,0,46508,4050,23496,19446,19446,0,0,100512,0,0,364,0,0,0,0,0,0,0,59,0,59,0,0,0,0,0,0,0,0,0,0,0,0,0,0,0,0,0,0,0,0,714,24,0
1777071532.002157,2157,ubuntu-rog,1,0,0,6916565,6316,2891482,5282527,446089,0,15,0,0,0,0,0,1969867594,0,0,4907,1971026274,0,6316,2891482,5282527,446089,0,461658,169219,0,0,14149,0,199,0,0,0,3,0,2891675,104807,5735139,15,0,0,6522,0,0,0,0,0,0,0,48075471,44712099,0,0,107851,107851,15168,16303,0,0,0,0,0,0,0,0,0,2505221,1251081,0,262144,7673627,219183721,0,0,1026,709620,2041142080,0,0,0,0,0,3,0,0,0,0,0,0,2049016711,495,14121,1865289,1815940853,23823,0,106997,120539838,651092,169,0,651981,169,0,0,0,652150,0,651261,0,0,0,0,0,33,0,85,14704,0,0,0,0,0,0,0,0,225554,611,0,0,0,1015829,21385469,452411,0,0,0,85,1015829,21385469,0,0,46508,4050,23496,19446,19446,0,0,100512,0,0,364,0,0,0,0,0,0,0,59,0,59,0,0,0,0,0,0,0,0,0,0,0,0,0,0,0,0,0,0,0,0,714,24,0
1777071533.001164,1164,ubuntu-rog,1,0,0,6916588,6316,2891482,5282527,446089,0,16,0,0,0,0,0,1969867624,0,0,4907,1971026304,0,6316,2891482,5282527,446089,0,461658,169219,0,0,14149,0,199,0,0,0,3,0,2891675,104807,5735140,16,0,0,6522,0,0,0,0,0,0,0,48075472,44712099,0,0,107851,107851,15168,16303,0,0,0,0,0,0,0,0,0,2505226,1251083,0,262144,7673627,219183721,0,0,1026,709620,2041142110,0,0,0,0,0,3,0,0,0,0,0,0,2049016740,495,14121,1865289,1815940853,23823,0,106997,120539838,651092,169,0,651981,169,0,0,0,652150,0,651261,0,0,0,0,0,33,0,85,14704,0,0,0,0,0,0,0,0,225554,611,0,0,0,1015829,21385469,452411,0,0,0,85,1015829,21385469,0,0,46508,4050,23496,19446,19446,0,0,100512,0,0,364,0,0,0,0,0,0,0,59,0,59,0,0,0,0,0,0,0,0,0,0,0,0,0,0,0,0,0,0,0,0,714,24,0
1777071534.001266,1266,ubuntu-rog,1,0,0,6916588,6316,2891482,5282527,446089,0,17,0,0,0,0,0,1969867654,0,0,4907,1971026334,0,6316,2891482,5282527,446089,0,461658,169219,0,0,14149,0,199,0,0,0,3,0,2891675,104807,5735141,17,0,0,6522,0,0,0,0,0,0,0,48075473,44712099,0,0,107851,107851,15168,16303,0,0,0,0,0,0,0,0,0,2505226,1251083,0,262144,7673627,219183721,0,0,1026,709620,2041142140,0,0,0,0,0,3,0,0,0,0,0,0,2049016769,495,14121,1865289,1815940853,23823,0,106997,120539838,651092,169,0,651981,169,0,0,0,652150,0,651261,0,0,0,0,0,33,0,85,14704,0,0,0,0,0,0,0,0,225554,611,0,0,0,1015829,21385469,452411,0,0,0,85,1015829,21385469,0,0,46508,4050,23496,19446,19446,0,0,100512,0,0,364,0,0,0,0,0,0,0,59,0,59,0,0,0,0,0,0,0,0,0,0,0,0,0,0,0,0,0,0,0,0,714,24,0
1777071535.001302,1302,ubuntu-rog,1,0,0,6916588,6316,2891482,5282527,446089,0,18,0,0,0,0,0,1969867683,0,0,4907,1971026363,0,6316,2891482,5282527,446089,0,461658,169219,0,0,14149,0,199,0,0,0,3,0,2891675,104807,5735144,18,0,0,6522,0,0,0,0,0,0,0,48075474,44712099,0,0,107851,107851,15168,16303,0,0,0,0,0,0,0,0,0,2505226,1251083,0,262144,7673627,219183737,0,0,1026,709620,2041142169,0,0,0,0,0,3,0,0,0,0,0,0,2049016795,495,14121,1865289,1815940853,23823,0,106997,120539838,651092,169,0,651981,169,0,0,0,652150,0,651261,0,0,0,0,0,33,0,85,14704,0,0,0,0,0,0,0,0,225554,611,0,0,0,1015829,21385469,452411,0,0,0,85,1015829,21385469,0,0,46508,4050,23496,19446,19446,0,0,100512,0,0,364,0,0,0,0,0,0,0,59,0,59,0,0,0,0,0,0,0,0,0,0,0,0,0,0,0,0,0,0,0,0,714,24,0
1777071536.002307,2307,ubuntu-rog,1,0,0,6916588,6316,2891482,5282527,446089,0,18,0,0,0,0,0,1969867718,0,0,4907,1971026398,0,6316,2891482,5282527,446089,0,461658,169219,0,0,14149,0,199,0,0,0,3,0,2891675,104807,5735144,18,0,0,6522,0,0,0,0,0,0,0,48075474,44712099,0,0,107851,107851,15168,16303,0,0,0,0,0,0,0,0,0,2505226,1251083,0,262144,7673627,219183737,0,0,1026,709620,2041142204,0,0,0,0,0,3,0,0,0,0,0,0,2049016830,495,14121,1865289,1815940853,23823,0,106997,120539838,651092,169,0,651981,169,0,0,0,652150,0,651261,0,0,0,0,0,33,0,85,14704,0,0,0,0,0,0,0,0,225554,611,0,0,0,1015829,21385469,452411,0,0,0,85,1015829,21385469,0,0,46508,4050,23496,19446,19446,0,0,100512,0,0,364,0,0,0,0,0,0,0,59,0,59,0,0,0,0,0,0,0,0,0,0,0,0,0,0,0,0,0,0,0,0,714,24,0
1777071537.001161,1161,ubuntu-rog,1,0,0,6916588,6316,2891500,5282540,446089,0,19,0,0,0,0,0,1969867753,0,0,4907,1971026433,0,6316,2891500,5282540,446089,0,461658,169219,0,0,14149,0,199,0,0,0,3,0,2891675,104807,5735145,19,0,0,6522,0,0,0,0,0,0,0,48075475,44712099,0,0,107851,107851,15168,16303,0,0,0,0,0,0,0,0,0,2505228,1251084,0,262144,7673627,219183737,0,0,1026,709620,2041142239,0,0,0,0,0,3,0,0,0,0,0,0,2049016864,495,14121,1865289,1815940853,23823,0,106997,120539838,651092,169,0,651981,169,0,0,0,652150,0,651261,0,0,0,0,0,33,0,85,14704,0,0,0,0,0,0,0,0,225554,611,0,0,0,1015829,21385469,452411,0,0,0,85,1015829,21385469,0,0,46508,4050,23496,19446,19446,0,0,100512,0,0,364,0,0,0,0,0,0,0,59,0,59,0,0,0,0,0,0,0,0,0,0,0,0,0,0,0,0,0,0,0,0,714,24,0
1777071538.001165,1165,ubuntu-rog,1,0,0,6916588,6316,2891500,5282540,446089,0,20,0,0,0,0,0,1969867779,0,0,4907,1971026459,0,6316,2891500,5282540,446089,0,461658,169219,0,0,14149,0,199,0,0,0,3,0,2891675,104807,5735146,20,0,0,6522,0,0,0,0,0,0,0,48075476,44712099,0,0,107851,107851,15168,16303,0,0,0,0,0,0,0,0,0,2505228,1251084,0,262144,7673627,219183737,0,0,1026,709620,2041142265,0,0,0,0,0,3,0,0,0,0,0,0,2049016889,495,14121,1865289,1815940853,23823,0,106997,120539838,651092,169,0,651981,169,0,0,0,652150,0,651261,0,0,0,0,0,33,0,85,14704,0,0,0,0,0,0,0,0,225554,611,0,0,0,1015829,21385469,452411,0,0,0,85,1015829,21385469,0,0,46508,4050,23496,19446,19446,0,0,100512,0,0,364,0,0,0,0,0,0,0,59,0,59,0,0,0,0,0,0,0,0,0,0,0,0,0,0,0,0,0,0,0,0,714,24,0
1777071539.001265,1265,ubuntu-rog,1,0,0,6916588,6316,2891500,5282540,446089,0,20,0,0,0,0,0,1969867809,0,0,4907,1971026489,0,6316,2891500,5282540,446089,0,461658,169219,0,0,14149,0,199,0,0,0,3,0,2891675,104807,5735146,20,0,0,6522,0,0,0,0,0,0,0,48075476,44712099,0,0,107851,107851,15168,16303,0,0,0,0,0,0,0,0,0,2505228,1251084,0,262144,7673627,219183769,0,0,1026,709620,2041142295,0,0,0,0,0,3,0,0,0,0,0,0,2049016919,495,14121,1865289,1815940853,23823,0,106997,120539838,651092,169,0,651981,169,0,0,0,652150,0,651261,0,0,0,0,0,33,0,85,14704,0,0,0,0,0,0,0,0,225554,611,0,0,0,1015829,21385469,452411,0,0,0,85,1015829,21385469,0,0,46508,4050,23496,19446,19446,0,0,100512,0,0,364,0,0,0,0,0,0,0,59,0,59,0,0,0,0,0,0,0,0,0,0,0,0,0,0,0,0,0,0,0,0,714,24,0
1777071540.002300,2300,ubuntu-rog,1,0,0,6916588,6316,2891520,5282551,446089,0,13,0,0,0,0,0,1969867847,0,0,4907,1971026527,0,6316,2891520,5282551,446089,0,461658,169219,0,0,14149,0,199,0,0,0,3,0,2891675,104807,5735148,13,0,0,6522,0,0,0,0,0,0,0,48075477,44712107,0,0,107851,107851,15168,16303,0,0,0,0,0,0,0,0,0,2505231,1251086,0,262144,7673627,219183797,0,0,1026,709620,2041142333,0,0,0,0,0,3,0,0,0,0,0,0,2049016955,495,14121,1865289,1815940853,23823,0,106997,120539838,651092,169,0,651981,169,0,0,0,652150,0,651261,0,0,0,0,0,33,0,85,14704,0,0,0,0,0,0,0,0,225554,611,0,0,0,1015829,21385469,452411,0,0,0,85,1015829,21385469,0,0,46508,4050,23496,19446,19446,0,0,100512,0,0,364,0,0,0,0,0,0,0,59,0,59,0,0,0,0,0,0,0,0,0,0,0,0,0,0,0,0,0,0,0,0,714,24,0
1777071541.001308,1308,ubuntu-rog,1,0,0,6916588,6316,2891520,5282551,446089,0,14,0,0,0,0,0,1969867871,0,0,4907,1971026551,0,6316,2891520,5282551,446089,0,461658,169219,0,0,14149,0,199,0,0,0,3,0,2891675,104807,5735149,14,0,0,6522,0,0,0,0,0,0,0,48075478,44712107,0,0,107851,107851,15168,16303,0,0,0,0,0,0,0,0,0,2505231,1251086,0,262144,7673627,219183797,0,0,1026,709620,2041142357,0,0,0,0,0,3,0,0,0,0,0,0,2049016978,495,14121,1865289,1815940853,23823,0,106997,120539838,651092,169,0,651981,169,0,0,0,652150,0,651261,0,0,0,0,0,33,0,85,14704,0,0,0,0,0,0,0,0,225554,611,0,0,0,1015829,21385469,452411,0,0,0,85,1015829,21385469,0,0,46508,4050,23496,19446,19446,0,0,100512,0,0,364,0,0,0,0,0,0,0,59,0,59,0,0,0,0,0,0,0,0,0,0,0,0,0,0,0,0,0,0,0,0,714,24,0
1777071542.001160,1160,ubuntu-rog,1,0,0,6916588,6316,2891520,5282551,446089,0,14,0,0,0,0,0,1969867902,0,0,4907,1971026582,0,6316,2891520,5282551,446089,0,461658,169219,0,0,14149,0,199,0,0,0,3,0,2891675,104807,5735149,14,0,0,6522,0,0,0,0,0,0,0,48075478,44712107,0,0,107851,107851,15168,16303,0,0,0,0,0,0,0,0,0,2505231,1251086,0,262144,7673627,219183797,0,0,1026,709620,2041142388,0,0,0,0,0,3,0,0,0,0,0,0,2049017009,495,14121,1865289,1815940853,23823,0,106997,120539838,651092,169,0,651981,169,0,0,0,652150,0,651261,0,0,0,0,0,33,0,85,14704,0,0,0,0,0,0,0,0,225554,611,0,0,0,1015829,21385469,452411,0,0,0,85,1015829,21385469,0,0,46508,4050,23496,19446,19446,0,0,100512,0,0,364,0,0,0,0,0,0,0,59,0,59,0,0,0,0,0,0,0,0,0,0,0,0,0,0,0,0,0,0,0,0,714,24,0
1777071543.001161,1161,ubuntu-rog,1,0,0,6916588,6316,2891520,5282551,446089,0,14,0,0,0,0,0,1969867937,0,0,4907,1971026617,0,6316,2891520,5282551,446089,0,461658,169219,0,0,14149,0,199,0,0,0,3,0,2891675,104807,5735149,14,0,0,6522,0,0,0,0,0,0,0,48075478,44712107,0,0,107851,107851,15168,16303,0,0,0,0,0,0,0,0,0,2505231,1251086,0,262144,7673627,219183797,0,0,1026,709620,2041142423,0,0,0,0,0,3,0,0,0,0,0,0,2049017044,495,14121,1865289,1815940853,23823,0,106997,120539838,651092,169,0,651981,169,0,0,0,652150,0,651261,0,0,0,0,0,33,0,85,14704,0,0,0,0,0,0,0,0,225554,611,0,0,0,1015829,21385469,452411,0,0,0,85,1015829,21385469,0,0,46508,4050,23496,19446,19446,0,0,100512,0,0,364,0,0,0,0,0,0,0,59,0,59,0,0,0,0,0,0,0,0,0,0,0,0,0,0,0,0,0,0,0,0,714,24,0
1777071544.002263,2263,ubuntu-rog,1,0,0,6916588,6316,2891520,5282551,446089,0,17,0,0,0,0,0,1969867964,0,0,4907,1971026644,0,6316,2891520,5282551,446089,0,461658,169219,0,0,14149,0,199,0,0,0,3,0,2891675,104807,5735151,17,0,0,6522,0,0,0,0,0,0,0,48075481,44712107,0,0,107851,107851,15168,16303,0,0,0,0,0,0,0,0,0,2505231,1251086,0,262144,7673627,219183797,0,0,1026,709620,2041142450,0,0,0,0,0,3,0,0,0,0,0,0,2049017069,495,14121,1865289,1815940853,23823,0,106997,120539838,651092,169,0,651981,169,0,0,0,652150,0,651261,0,0,0,0,0,33,0,85,14704,0,0,0,0,0,0,0,0,225554,611,0,0,0,1015829,21385469,452411,0,0,0,85,1015829,21385469,0,0,46508,4050,23496,19446,19446,0,0,100512,0,0,364,0,0,0,0,0,0,0,59,0,59,0,0,0,0,0,0,0,0,0,0,0,0,0,0,0,0,0,0,0,0,714,24,0
1777071545.001302,1302,ubuntu-rog,1,0,0,6916588,6316,2891520,5282551,446089,0,14,0,0,0,0,0,1969867995,0,0,4907,1971026675,0,6316,2891520,5282551,446089,0,461658,169219,0,0,14149,0,199,0,0,0,3,0,2891675,104807,5735153,14,0,0,6522,0,0,0,0,0,0,0,48075482,44712111,0,0,107851,107851,15168,16303,0,0,0,0,0,0,0,0,0,2505231,1251086,0,262144,7673627,219183841,0,0,1026,709620,2041142481,0,0,0,0,0,3,0,0,0,0,0,0,2049017098,495,14121,1865289,1815940853,23823,0,106997,120539838,651092,169,0,651981,169,0,0,0,652150,0,651261,0,0,0,0,0,33,0,85,14704,0,0,0,0,0,0,0,0,225554,611,0,0,0,1015829,21385469,452411,0,0,0,85,1015829,21385469,0,0,46508,4050,23496,19446,19446,0,0,100512,0,0,364,0,0,0,0,0,0,0,59,0,59,0,0,0,0,0,0,0,0,0,0,0,0,0,0,0,0,0,0,0,0,714,24,0
1777071546.001303,1303,ubuntu-rog,1,0,0,6916588,6316,2891520,5282551,446089,0,14,0,0,0,0,0,1969868028,0,0,4907,1971026708,0,6316,2891520,5282551,446089,0,461658,169219,0,0,14149,0,199,0,0,0,3,0,2891675,104807,5735153,14,0,0,6522,0,0,0,0,0,0,0,48075482,44712111,0,0,107851,107851,15168,16303,0,0,0,0,0,0,0,0,0,2505231,1251086,0,262144,7673627,219183865,0,0,1026,709620,2041142514,0,0,0,0,0,3,0,0,0,0,0,0,2049017131,495,14121,1865289,1815940853,23823,0,106997,120539838,651092,169,0,651981,169,0,0,0,652150,0,651261,0,0,0,0,0,33,0,85,14704,0,0,0,0,0,0,0,0,225554,611,0,0,0,1015829,21385469,452411,0,0,0,85,1015829,21385469,0,0,46508,4050,23496,19446,19446,0,0,100512,0,0,364,0,0,0,0,0,0,0,59,0,59,0,0,0,0,0,0,0,0,0,0,0,0,0,0,0,0,0,0,0,0,714,24,0
1777071547.001162,1162,ubuntu-rog,1,0,0,6916588,6316,2891520,5282554,446089,0,10,0,0,0,0,0,1969868061,0,0,4907,1971026741,0,6316,2891520,5282554,446089,0,461658,169219,0,0,14149,0,199,0,0,0,3,0,2891675,104807,5735154,10,0,0,6522,0,0,0,0,0,0,0,48075484,44712117,0,0,107851,107851,15168,16303,0,0,0,0,0,0,0,0,0,2505231,1251086,0,262144,7673627,219183865,0,0,1026,709620,2041142547,0,0,0,0,0,3,0,0,0,0,0,0,2049017163,495,14121,1865289,1815940853,23823,0,106997,120539838,651092,169,0,651981,169,0,0,0,652150,0,651261,0,0,0,0,0,33,0,85,14704,0,0,0,0,0,0,0,0,225554,611,0,0,0,1015829,21385469,452411,0,0,0,85,1015829,21385469,0,0,46508,4050,23496,19446,19446,0,0,100512,0,0,364,0,0,0,0,0,0,0,59,0,59,0,0,0,0,0,0,0,0,0,0,0,0,0,0,0,0,0,0,0,0,714,24,0
1777071548.002160,2160,ubuntu-rog,1,0,0,6916588,6316,2891520,5282554,446089,0,11,0,0,0,0,0,1969868092,0,0,4907,1971026772,0,6316,2891520,5282554,446089,0,461658,169219,0,0,14149,0,199,0,0,0,3,0,2891675,104807,5735155,11,0,0,6522,0,0,0,0,0,0,0,48075485,44712117,0,0,107851,107851,15168,16303,0,0,0,0,0,0,0,0,0,2505231,1251086,0,262144,7673627,219183865,0,0,1026,709620,2041142578,0,0,0,0,0,3,0,0,0,0,0,0,2049017193,495,14121,1865289,1815940853,23823,0,106997,120539838,651092,169,0,651981,169,0,0,0,652150,0,651261,0,0,0,0,0,33,0,85,14704,0,0,0,0,0,0,0,0,225554,611,0,0,0,1015829,21385469,452411,0,0,0,85,1015829,21385469,0,0,46508,4050,23496,19446,19446,0,0,100512,0,0,364,0,0,0,0,0,0,0,59,0,59,0,0,0,0,0,0,0,0,0,0,0,0,0,0,0,0,0,0,0,0,714,24,0
1777071549.001267,1267,ubuntu-rog,1,0,0,6916588,6316,2891520,5282554,446089,0,12,0,0,0,0,0,1969868118,0,0,4907,1971026798,0,6316,2891520,5282554,446089,0,461658,169219,0,0,14149,0,199,0,0,0,3,0,2891675,104807,5735156,12,0,0,6522,0,0,0,0,0,0,0,48075486,44712117,0,0,107851,107851,15168,16303,0,0,0,0,0,0,0,0,0,2505231,1251086,0,262144,7673627,219183865,0,0,1026,709620,2041142604,0,0,0,0,0,3,0,0,0,0,0,0,2049017218,495,14121,1865289,1815940853,23823,0,106997,120539838,651092,169,0,651981,169,0,0,0,652150,0,651261,0,0,0,0,0,33,0,85,14704,0,0,0,0,0,0,0,0,225554,611,0,0,0,1015829,21385469,452411,0,0,0,85,1015829,21385469,0,0,46508,4050,23496,19446,19446,0,0,100512,0,0,364,0,0,0,0,0,0,0,59,0,59,0,0,0,0,0,0,0,0,0,0,0,0,0,0,0,0,0,0,0,0,714,24,0
1777071550.001304,1304,ubuntu-rog,1,0,0,6916588,6316,2891520,5282554,446089,0,13,0,0,0,0,0,1969868151,0,0,4907,1971026831,0,6316,2891520,5282554,446089,0,461658,169219,0,0,14149,0,199,0,0,0,3,0,2891675,104807,5735158,13,0,0,6522,0,0,0,0,0,0,0,48075487,44712117,0,0,107851,107851,15168,16303,0,0,0,0,0,0,0,0,0,2505231,1251086,0,262144,7673627,219183881,0,0,1026,709620,2041142637,0,0,0,0,0,3,0,0,0,0,0,0,2049017249,495,14121,1865289,1815940853,23823,0,106997,120539838,651092,169,0,651981,169,0,0,0,652150,0,651261,0,0,0,0,0,33,0,85,14704,0,0,0,0,0,0,0,0,225554,611,0,0,0,1015829,21385469,452411,0,0,0,85,1015829,21385469,0,0,46508,4050,23496,19446,19446,0,0,100512,0,0,364,0,0,0,0,0,0,0,59,0,59,0,0,0,0,0,0,0,0,0,0,0,0,0,0,0,0,0,0,0,0,714,24,0
1777071551.001312,1312,ubuntu-rog,1,0,0,6916588,6316,2891477,5282554,446089,0,14,0,0,0,0,0,1969868184,0,0,4907,1971026864,0,6316,2891477,5282554,446089,0,461658,169219,0,0,14149,0,199,0,0,0,3,0,2891632,104807,5735159,14,0,0,6522,0,0,0,0,0,0,0,48075488,44712117,0,0,107851,107851,15168,16303,0,0,0,0,0,0,0,0,0,2505231,1251086,0,262144,7673627,219183881,0,0,1026,709620,2041142670,0,0,0,0,0,3,0,0,0,0,0,0,2049017324,495,14121,1865289,1815940853,23823,0,106997,120539838,651092,169,0,651981,169,0,0,0,652150,0,651261,0,0,0,0,0,33,0,85,14704,0,0,0,0,0,0,0,0,225554,611,0,0,0,1015829,21385469,452411,0,0,0,85,1015829,21385469,0,0,46508,4050,23496,19446,19446,0,0,100512,0,0,364,0,0,0,0,0,0,0,59,0,59,0,0,0,0,0,0,0,0,0,0,0,0,0,0,0,0,0,0,0,0,714,24,0
1777071552.002158,2158,ubuntu-rog,1,0,0,6916588,6316,2891477,5282554,446089,0,14,0,0,0,0,0,1969868209,0,0,4907,1971026889,0,6316,2891477,5282554,446089,0,461658,169219,0,0,14149,0,199,0,0,0,3,0,2891632,104807,5735159,14,0,0,6522,0,0,0,0,0,0,0,48075488,44712117,0,0,107851,107851,15168,16303,0,0,0,0,0,0,0,0,0,2505231,1251086,0,262144,7673627,219183881,0,0,1026,709620,2041142695,0,0,0,0,0,3,0,0,0,0,0,0,2049017349,495,14121,1865289,1815940853,23823,0,106997,120539838,651092,169,0,651981,169,0,0,0,652150,0,651261,0,0,0,0,0,33,0,85,14704,0,0,0,0,0,0,0,0,225554,611,0,0,0,1015829,21385469,452411,0,0,0,85,1015829,21385469,0,0,46508,4050,23496,19446,19446,0,0,100512,0,0,364,0,0,0,0,0,0,0,59,0,59,0,0,0,0,0,0,0,0,0,0,0,0,0,0,0,0,0,0,0,0,714,24,0
1777071553.001163,1163,ubuntu-rog,1,0,0,6916588,6316,2891477,5282554,446089,0,14,0,0,0,0,0,1969868238,0,0,4907,1971026918,0,6316,2891477,5282554,446089,0,461658,169219,0,0,14149,0,199,0,0,0,3,0,2891632,104807,5735159,14,0,0,6522,0,0,0,0,0,0,0,48075488,44712117,0,0,107851,107851,15168,16303,0,0,0,0,0,0,0,0,0,2505231,1251086,0,262144,7673627,219183881,0,0,1026,709620,2041142724,0,0,0,0,0,3,0,0,0,0,0,0,2049017378,495,14121,1865289,1815940853,23823,0,106997,120539838,651092,169,0,651981,169,0,0,0,652150,0,651261,0,0,0,0,0,33,0,85,14704,0,0,0,0,0,0,0,0,225554,611,0,0,0,1015829,21385469,452411,0,0,0,85,1015829,21385469,0,0,46508,4050,23496,19446,19446,0,0,100512,0,0,364,0,0,0,0,0,0,0,59,0,59,0,0,0,0,0,0,0,0,0,0,0,0,0,0,0,0,0,0,0,0,714,24,0
1777071554.001266,1266,ubuntu-rog,1,0,0,6916588,6316,2891477,5282554,446089,0,14,0,0,0,0,0,1969868268,0,0,4907,1971026948,0,6316,2891477,5282554,446089,0,461658,169219,0,0,14149,0,199,0,0,0,3,0,2891632,104807,5735159,14,0,0,6522,0,0,0,0,0,0,0,48075488,44712117,0,0,107851,107851,15168,16303,0,0,0,0,0,0,0,0,0,2505231,1251086,0,262144,7673627,219183881,0,0,1026,709620,2041142754,0,0,0,0,0,3,0,0,0,0,0,0,2049017408,495,14121,1865289,1815940853,23823,0,106997,120539838,651092,169,0,651981,169,0,0,0,652150,0,651261,0,0,0,0,0,33,0,85,14704,0,0,0,0,0,0,0,0,225554,611,0,0,0,1015829,21385469,452411,0,0,0,85,1015829,21385469,0,0,46508,4050,23496,19446,19446,0,0,100512,0,0,364,0,0,0,0,0,0,0,59,0,59,0,0,0,0,0,0,0,0,0,0,0,0,0,0,0,0,0,0,0,0,714,24,0
1777071555.001304,1304,ubuntu-rog,1,0,0,6916588,6316,2891477,5282554,446089,0,17,0,0,0,0,0,1969868295,0,0,4907,1971026975,0,6316,2891477,5282554,446089,0,461658,169219,0,0,14149,0,199,0,0,0,3,0,2891632,104807,5735163,17,0,0,6522,0,0,0,0,0,0,0,48075491,44712117,0,0,107851,107851,15168,16303,0,0,0,0,0,0,0,0,0,2505231,1251086,0,262144,7673627,219183901,0,0,1026,709620,2041142781,0,0,0,0,0,3,0,0,0,0,0,0,2049017431,495,14121,1865289,1815940853,23823,0,106997,120539838,651092,169,0,651981,169,0,0,0,652150,0,651261,0,0,0,0,0,33,0,85,14704,0,0,0,0,0,0,0,0,225554,611,0,0,0,1015829,21385469,452411,0,0,0,85,1015829,21385469,0,0,46508,4050,23496,19446,19446,0,0,100512,0,0,364,0,0,0,0,0,0,0,59,0,59,0,0,0,0,0,0,0,0,0,0,0,0,0,0,0,0,0,0,0,0,714,24,0
1777071556.002305,2305,ubuntu-rog,1,0,0,6916588,6316,2891477,5282554,446089,0,17,0,0,0,0,0,1969868327,0,0,4907,1971027007,0,6316,2891477,5282554,446089,0,461658,169219,0,0,14149,0,199,0,0,0,3,0,2891632,104807,5735163,17,0,0,6522,0,0,0,0,0,0,0,48075491,44712117,0,0,107851,107851,15168,16303,0,0,0,0,0,0,0,0,0,2505231,1251086,0,262144,7673627,219183901,0,0,1026,709620,2041142813,0,0,0,0,0,3,0,0,0,0,0,0,2049017463,495,14121,1865289,1815940853,23823,0,106997,120539838,651092,169,0,651981,169,0,0,0,652150,0,651261,0,0,0,0,0,33,0,85,14704,0,0,0,0,0,0,0,0,225554,611,0,0,0,1015829,21385469,452411,0,0,0,85,1015829,21385469,0,0,46508,4050,23496,19446,19446,0,0,100512,0,0,364,0,0,0,0,0,0,0,59,0,59,0,0,0,0,0,0,0,0,0,0,0,0,0,0,0,0,0,0,0,0,714,24,0
1777071557.001161,1161,ubuntu-rog,1,0,0,6916588,6316,2891477,5282554,446089,0,17,0,0,0,0,0,1969868358,0,0,4907,1971027038,0,6316,2891477,5282554,446089,0,461658,169219,0,0,14149,0,199,0,0,0,3,0,2891632,104807,5735163,17,0,0,6522,0,0,0,0,0,0,0,48075491,44712117,0,0,107851,107851,15168,16303,0,0,0,0,0,0,0,0,0,2505231,1251086,0,262144,7673627,219183901,0,0,1026,709620,2041142844,0,0,0,0,0,3,0,0,0,0,0,0,2049017494,495,14121,1865289,1815940853,23823,0,106997,120539838,651092,169,0,651981,169,0,0,0,652150,0,651261,0,0,0,0,0,33,0,85,14704,0,0,0,0,0,0,0,0,225554,611,0,0,0,1015829,21385469,452411,0,0,0,85,1015829,21385469,0,0,46508,4050,23496,19446,19446,0,0,100512,0,0,364,0,0,0,0,0,0,0,59,0,59,0,0,0,0,0,0,0,0,0,0,0,0,0,0,0,0,0,0,0,0,714,24,0
1777071558.001165,1165,ubuntu-rog,1,0,0,6916588,6316,2891477,5282554,446089,0,18,0,0,0,0,0,1969868383,0,0,4907,1971027063,0,6316,2891477,5282554,446089,0,461658,169219,0,0,14149,0,199,0,0,0,3,0,2891632,104807,5735164,18,0,0,6522,0,0,0,0,0,0,0,48075492,44712117,0,0,107851,107851,15168,16303,0,0,0,0,0,0,0,0,0,2505231,1251086,0,262144,7673627,219183901,0,0,1026,709620,2041142869,0,0,0,0,0,3,0,0,0,0,0,0,2049017518,495,14121,1865289,1815940853,23823,0,106997,120539838,651092,169,0,651981,169,0,0,0,652150,0,651261,0,0,0,0,0,33,0,85,14704,0,0,0,0,0,0,0,0,225554,611,0,0,0,1015829,21385469,452411,0,0,0,85,1015829,21385469,0,0,46508,4050,23496,19446,19446,0,0,100512,0,0,364,0,0,0,0,0,0,0,59,0,59,0,0,0,0,0,0,0,0,0,0,0,0,0,0,0,0,0,0,0,0,714,24,0
1777071559.001263,1263,ubuntu-rog,1,0,0,6916626,6316,2891477,5282554,446089,0,19,0,0,0,0,0,1969868414,0,0,4907,1971027094,0,6316,2891477,5282554,446089,0,461658,169219,0,0,14149,0,199,0,0,0,3,0,2891632,104807,5735165,19,0,0,6522,0,0,0,0,0,0,0,48075493,44712117,0,0,107851,107851,15168,16303,0,0,0,0,0,0,0,0,0,2505239,1251090,0,262144,7673627,219183901,0,0,1026,709620,2041142900,0,0,0,0,0,3,0,0,0,0,0,0,2049017548,495,14121,1865289,1815940853,23823,0,106997,120539838,651092,169,0,651981,169,0,0,0,652150,0,651261,0,0,0,0,0,33,0,85,14704,0,0,0,0,0,0,0,0,225554,611,0,0,0,1015829,21385469,452411,0,0,0,85,1015829,21385469,0,0,46508,4050,23496,19446,19446,0,0,100512,0,0,364,0,0,0,0,0,0,0,59,0,59,0,0,0,0,0,0,0,0,0,0,0,0,0,0,0,0,0,0,0,0,714,24,0
1777071560.002298,2298,ubuntu-rog,1,0,0,6916570,6316,2891498,5282554,446089,0,13,0,0,0,0,0,1969868445,0,0,4907,1971027125,0,6316,2891498,5282554,446089,0,461658,169219,0,0,14149,0,199,0,0,0,3,0,2891632,104807,5735168,13,0,0,6522,0,0,0,0,0,0,0,48075497,44712127,0,0,107851,107851,15168,16303,0,0,0,0,0,0,0,0,0,2505228,1251084,0,262144,7673627,219183969,0,0,1026,709620,2041142931,0,0,0,0,0,3,0,0,0,0,0,0,2049017576,495,14121,1865289,1815940853,23823,0,106997,120539838,651092,169,0,651981,169,0,0,0,652150,0,651261,0,0,0,0,0,33,0,85,14704,0,0,0,0,0,0,0,0,225554,611,0,0,0,1015829,21385469,452411,0,0,0,85,1015829,21385469,0,0,46508,4050,23496,19446,19446,0,0,100512,0,0,364,0,0,0,0,0,0,0,59,0,59,0,0,0,0,0,0,0,0,0,0,0,0,0,0,0,0,0,0,0,0,714,24,0
1777071561.001302,1302,ubuntu-rog,1,0,0,6916570,6316,2891498,5282554,446089,0,13,0,0,0,0,0,1969868471,0,0,4907,1971027151,0,6316,2891498,5282554,446089,0,461658,169219,0,0,14149,0,199,0,0,0,3,0,2891632,104807,5735168,13,0,0,6522,0,0,0,0,0,0,0,48075497,44712127,0,0,107851,107851,15168,16303,0,0,0,0,0,0,0,0,0,2505228,1251084,0,262144,7673627,219183969,0,0,1026,709620,2041142957,0,0,0,0,0,3,0,0,0,0,0,0,2049017602,495,14121,1865289,1815940853,23823,0,106997,120539838,651092,169,0,651981,169,0,0,0,652150,0,651261,0,0,0,0,0,33,0,85,14704,0,0,0,0,0,0,0,0,225554,611,0,0,0,1015829,21385469,452411,0,0,0,85,1015829,21385469,0,0,46508,4050,23496,19446,19446,0,0,100512,0,0,364,0,0,0,0,0,0,0,59,0,59,0,0,0,0,0,0,0,0,0,0,0,0,0,0,0,0,0,0,0,0,714,24,0
1777071562.001160,1160,ubuntu-rog,1,0,0,6916570,6316,2891498,5282554,446089,0,15,0,0,0,0,0,1969868504,0,0,4907,1971027184,0,6316,2891498,5282554,446089,0,461658,169219,0,0,14149,0,199,0,0,0,3,0,2891632,104807,5735169,15,0,0,6522,0,0,0,0,0,0,0,48075499,44712127,0,0,107851,107851,15168,16303,0,0,0,0,0,0,0,0,0,2505228,1251084,0,262144,7673627,219183969,0,0,1026,709620,2041142990,0,0,0,0,0,3,0,0,0,0,0,0,2049017634,495,14121,1865289,1815940853,23823,0,106997,120539838,651092,169,0,651981,169,0,0,0,652150,0,651261,0,0,0,0,0,33,0,85,14704,0,0,0,0,0,0,0,0,225554,611,0,0,0,1015829,21385469,452411,0,0,0,85,1015829,21385469,0,0,46508,4050,23496,19446,19446,0,0,100512,0,0,364,0,0,0,0,0,0,0,59,0,59,0,0,0,0,0,0,0,0,0,0,0,0,0,0,0,0,0,0,0,0,714,24,0
1777071563.001164,1164,ubuntu-rog,1,0,0,6916570,6316,2891498,5282554,446089,0,15,0,0,0,0,0,1969868531,0,0,4907,1971027211,0,6316,2891498,5282554,446089,0,461658,169219,0,0,14149,0,199,0,0,0,3,0,2891632,104807,5735169,15,0,0,6522,0,0,0,0,0,0,0,48075499,44712127,0,0,107851,107851,15168,16303,0,0,0,0,0,0,0,0,0,2505228,1251084,0,262144,7673627,219183969,0,0,1026,709620,2041143017,0,0,0,0,0,3,0,0,0,0,0,0,2049017661,495,14121,1865289,1815940853,23823,0,106997,120539838,651092,169,0,651981,169,0,0,0,652150,0,651261,0,0,0,0,0,33,0,85,14704,0,0,0,0,0,0,0,0,225554,611,0,0,0,1015829,21385469,452411,0,0,0,85,1015829,21385469,0,0,46508,4050,23496,19446,19446,0,0,100512,0,0,364,0,0,0,0,0,0,0,59,0,59,0,0,0,0,0,0,0,0,0,0,0,0,0,0,0,0,0,0,0,0,714,24,0
1777071564.002261,2261,ubuntu-rog,1,0,0,6916570,6316,2891498,5282554,446089,0,15,0,0,0,0,0,1969868561,0,0,4907,1971027241,0,6316,2891498,5282554,446089,0,461658,169219,0,0,14149,0,199,0,0,0,3,0,2891632,104807,5735169,15,0,0,6522,0,0,0,0,0,0,0,48075499,44712127,0,0,107851,107851,15168,16303,0,0,0,0,0,0,0,0,0,2505228,1251084,0,262144,7673627,219183969,0,0,1026,709620,2041143047,0,0,0,0,0,3,0,0,0,0,0,0,2049017691,495,14121,1865289,1815940853,23823,0,106997,120539838,651092,169,0,651981,169,0,0,0,652150,0,651261,0,0,0,0,0,33,0,85,14704,0,0,0,0,0,0,0,0,225554,611,0,0,0,1015829,21385469,452411,0,0,0,85,1015829,21385469,0,0,46508,4050,23496,19446,19446,0,0,100512,0,0,364,0,0,0,0,0,0,0,59,0,59,0,0,0,0,0,0,0,0,0,0,0,0,0,0,0,0,0,0,0,0,714,24,0
1777071565.001293,1293,ubuntu-rog,1,0,0,6916570,6316,2891498,5282554,446089,0,16,0,0,0,0,0,1969868593,0,0,4907,1971027273,0,6316,2891498,5282554,446089,0,461658,169219,0,0,14149,0,199,0,0,0,3,0,2891632,104807,5735172,16,0,0,6522,0,0,0,0,0,0,0,48075500,44712127,0,0,107851,107851,15168,16303,0,0,0,0,0,0,0,0,0,2505228,1251084,0,262144,7673627,219183985,0,0,1026,709620,2041143079,0,0,0,0,0,3,0,0,0,0,0,0,2049017720,495,14121,1865289,1815940853,23823,0,106997,120539838,651092,169,0,651981,169,0,0,0,652150,0,651261,0,0,0,0,0,33,0,85,14704,0,0,0,0,0,0,0,0,225554,611,0,0,0,1015829,21385469,452411,0,0,0,85,1015829,21385469,0,0,46508,4050,23496,19446,19446,0,0,100512,0,0,364,0,0,0,0,0,0,0,59,0,59,0,0,0,0,0,0,0,0,0,0,0,0,0,0,0,0,0,0,0,0,714,24,0
1777071566.001301,1301,ubuntu-rog,1,0,0,6916570,6316,2891498,5282554,446089,0,17,0,0,0,0,0,1969868617,0,0,4907,1971027297,0,6316,2891498,5282554,446089,0,461658,169219,0,0,14149,0,199,0,0,0,3,0,2891632,104807,5735173,17,0,0,6522,0,0,0,0,0,0,0,48075501,44712127,0,0,107851,107851,15168,16303,0,0,0,0,0,0,0,0,0,2505228,1251084,0,262144,7673627,219183985,0,0,1026,709620,2041143103,0,0,0,0,0,3,0,0,0,0,0,0,2049017743,495,14121,1865289,1815940853,23823,0,106997,120539838,651092,169,0,651981,169,0,0,0,652150,0,651261,0,0,0,0,0,33,0,85,14704,0,0,0,0,0,0,0,0,225554,611,0,0,0,1015829,21385469,452411,0,0,0,85,1015829,21385469,0,0,46508,4050,23496,19446,19446,0,0,100512,0,0,364,0,0,0,0,0,0,0,59,0,59,0,0,0,0,0,0,0,0,0,0,0,0,0,0,0,0,0,0,0,0,714,24,0
1777071567.001161,1161,ubuntu-rog,1,0,0,6916570,6316,2891498,5282554,446089,0,17,0,0,0,0,0,1969868645,0,0,4907,1971027325,0,6316,2891498,5282554,446089,0,461658,169219,0,0,14149,0,199,0,0,0,3,0,2891632,104807,5735173,17,0,0,6522,0,0,0,0,0,0,0,48075501,44712127,0,0,107851,107851,15168,16303,0,0,0,0,0,0,0,0,0,2505228,1251084,0,262144,7673627,219183985,0,0,1026,709620,2041143131,0,0,0,0,0,3,0,0,0,0,0,0,2049017771,495,14121,1865289,1815940853,23823,0,106997,120539838,651092,169,0,651981,169,0,0,0,652150,0,651261,0,0,0,0,0,33,0,85,14704,0,0,0,0,0,0,0,0,225554,611,0,0,0,1015829,21385469,452411,0,0,0,85,1015829,21385469,0,0,46508,4050,23496,19446,19446,0,0,100512,0,0,364,0,0,0,0,0,0,0,59,0,59,0,0,0,0,0,0,0,0,0,0,0,0,0,0,0,0,0,0,0,0,714,24,0
1777071568.002161,2161,ubuntu-rog,1,0,0,6916570,6316,2891523,5282560,446089,0,18,0,0,0,0,0,1969868676,0,0,4907,1971027356,0,6316,2891523,5282560,446089,0,461658,169219,0,0,14149,0,199,0,0,0,3,0,2891632,104807,5735174,18,0,0,6522,0,0,0,0,0,0,0,48075502,44712127,0,0,107851,107851,15168,16303,0,0,0,0,0,0,0,0,0,2505229,1251085,0,262144,7673627,219183985,0,0,1026,709620,2041143162,0,0,0,0,0,3,0,0,0,0,0,0,2049017801,495,14121,1865289,1815940853,23823,0,106997,120539838,651092,169,0,651981,169,0,0,0,652150,0,651261,0,0,0,0,0,33,0,85,14704,0,0,0,0,0,0,0,0,225554,611,0,0,0,1015829,21385469,452411,0,0,0,85,1015829,21385469,0,0,46508,4050,23496,19446,19446,0,0,100512,0,0,364,0,0,0,0,0,0,0,59,0,59,0,0,0,0,0,0,0,0,0,0,0,0,0,0,0,0,0,0,0,0,714,24,0
1777071569.001262,1262,ubuntu-rog,1,0,0,6916570,6316,2891523,5282560,446089,0,18,0,0,0,0,0,1969868700,0,0,4907,1971027380,0,6316,2891523,5282560,446089,0,461658,169219,0,0,14149,0,199,0,0,0,3,0,2891632,104807,5735174,18,0,0,6522,0,0,0,0,0,0,0,48075502,44712127,0,0,107855,107855,15184,16303,0,0,0,0,0,0,0,0,0,2505229,1251085,0,262144,7673627,219183985,0,0,1026,709620,2041143186,0,0,0,0,0,3,0,0,0,0,0,0,2049017825,495,14121,1865289,1815940853,23823,0,106997,120539838,651092,169,0,651981,169,0,0,0,652150,0,651261,0,0,0,0,0,33,0,85,14704,0,0,0,0,0,0,0,0,225554,611,0,0,0,1015829,21385469,452411,0,0,0,85,1015829,21385469,0,0,46508,4050,23496,19446,19446,0,0,100512,0,0,364,0,0,0,0,0,0,0,59,0,59,0,0,0,0,0,0,0,0,0,0,0,0,0,0,0,0,0,0,0,0,714,24,0
1777071570.001289,1289,ubuntu-rog,1,0,0,6916570,6316,2891523,5282560,446089,0,18,0,0,0,0,0,1969868731,0,0,4907,1971027411,0,6316,2891523,5282560,446089,0,461658,169219,0,0,14149,0,199,0,0,0,3,0,2891632,104807,5735174,18,0,0,6522,0,0,0,0,0,0,0,48075502,44712127,0,0,107855,107855,15184,16303,0,0,0,0,0,0,0,0,0,2505229,1251085,0,262144,7673627,219184001,0,0,1026,709620,2041143217,0,0,0,0,0,3,0,0,0,0,0,0,2049017854,495,14121,1865289,1815940853,23823,0,106997,120539838,651092,169,0,651981,169,0,0,0,652150,0,651261,0,0,0,0,0,33,0,85,14704,0,0,0,0,0,0,0,0,225554,611,0,0,0,1015829,21385469,452411,0,0,0,85,1015829,21385469,0,0,46508,4050,23496,19446,19446,0,0,100512,0,0,364,0,0,0,0,0,0,0,59,0,59,0,0,0,0,0,0,0,0,0,0,0,0,0,0,0,0,0,0,0,0,714,24,0
1777071571.001302,1302,ubuntu-rog,1,0,0,6916570,6316,2891523,5282560,446089,0,20,0,0,0,0,0,1969868760,0,0,4907,1971027440,0,6316,2891523,5282560,446089,0,461658,169219,0,0,14149,0,199,0,0,0,3,0,2891632,104807,5735178,20,0,0,6522,0,0,0,0,0,0,0,48075504,44712127,0,0,107855,107855,15184,16303,0,0,0,0,0,0,0,0,0,2505229,1251085,0,262144,7673627,219184001,0,0,1026,709620,2041143246,0,0,0,0,0,3,0,0,0,0,0,0,2049017881,495,14121,1865289,1815940853,23823,0,106997,120539838,651092,169,0,651981,169,0,0,0,652150,0,651261,0,0,0,0,0,33,0,85,14704,0,0,0,0,0,0,0,0,225554,611,0,0,0,1015829,21385469,452411,0,0,0,85,1015829,21385469,0,0,46508,4050,23496,19446,19446,0,0,100512,0,0,364,0,0,0,0,0,0,0,59,0,59,0,0,0,0,0,0,0,0,0,0,0,0,0,0,0,0,0,0,0,0,714,24,0
1777071572.002157,2157,ubuntu-rog,1,0,0,6916570,6316,2891523,5282560,446089,0,21,0,0,0,0,0,1969868783,0,0,4907,1971027463,0,6316,2891523,5282560,446089,0,461658,169219,0,0,14149,0,199,0,0,0,3,0,2891632,104807,5735179,21,0,0,6522,0,0,0,0,0,0,0,48075505,44712127,0,0,107855,107855,15184,16303,0,0,0,0,0,0,0,0,0,2505229,1251085,0,262144,7673627,219184001,0,0,1026,709620,2041143269,0,0,0,0,0,3,0,0,0,0,0,0,2049017903,495,14121,1865289,1815940853,23823,0,106997,120539838,651092,169,0,651981,169,0,0,0,652150,0,651261,0,0,0,0,0,33,0,85,14704,0,0,0,0,0,0,0,0,225554,611,0,0,0,1015829,21385469,452411,0,0,0,85,1015829,21385469,0,0,46508,4050,23496,19446,19446,0,0,100512,0,0,364,0,0,0,0,0,0,0,59,0,59,0,0,0,0,0,0,0,0,0,0,0,0,0,0,0,0,0,0,0,0,714,24,0
1777071573.001161,1161,ubuntu-rog,1,0,0,6916570,6316,2891523,5282560,446089,0,21,0,0,0,0,0,1969868814,0,0,4907,1971027494,0,6316,2891523,5282560,446089,0,461658,169219,0,0,14149,0,199,0,0,0,3,0,2891632,104807,5735179,21,0,0,6522,0,0,0,0,0,0,0,48075505,44712127,0,0,107855,107855,15184,16303,0,0,0,0,0,0,0,0,0,2505229,1251085,0,262144,7673627,219184001,0,0,1026,709620,2041143300,0,0,0,0,0,3,0,0,0,0,0,0,2049017934,495,14121,1865289,1815940853,23823,0,106997,120539838,651092,169,0,651981,169,0,0,0,652150,0,651261,0,0,0,0,0,33,0,85,14704,0,0,0,0,0,0,0,0,225554,611,0,0,0,1015829,21385469,452411,0,0,0,85,1015829,21385469,0,0,46508,4050,23496,19446,19446,0,0,100512,0,0,364,0,0,0,0,0,0,0,59,0,59,0,0,0,0,0,0,0,0,0,0,0,0,0,0,0,0,0,0,0,0,714,24,0
1777071574.001261,1261,ubuntu-rog,1,0,0,6916570,6316,2891523,5282560,446089,0,21,0,0,0,0,0,1969868846,0,0,4907,1971027526,0,6316,2891523,5282560,446089,0,461658,169219,0,0,14149,0,199,0,0,0,3,0,2891632,104807,5735179,21,0,0,6522,0,0,0,0,0,0,0,48075505,44712127,0,0,107855,107855,15184,16303,0,0,0,0,0,0,0,0,0,2505229,1251085,0,262144,7673627,219184001,0,0,1026,709620,2041143332,0,0,0,0,0,3,0,0,0,0,0,0,2049017966,495,14121,1865289,1815940853,23823,0,106997,120539838,651092,169,0,651981,169,0,0,0,652150,0,651261,0,0,0,0,0,33,0,85,14704,0,0,0,0,0,0,0,0,225554,611,0,0,0,1015829,21385469,452411,0,0,0,85,1015829,21385469,0,0,46508,4050,23496,19446,19446,0,0,100512,0,0,364,0,0,0,0,0,0,0,59,0,59,0,0,0,0,0,0,0,0,0,0,0,0,0,0,0,0,0,0,0,0,714,24,0
1777071575.001295,1295,ubuntu-rog,1,0,0,6916570,6316,2891523,5282560,446089,0,22,0,0,0,0,0,1969868876,0,0,4907,1971027556,0,6316,2891523,5282560,446089,0,461658,169219,0,0,14149,0,199,0,0,0,3,0,2891632,104807,5735182,22,0,0,6522,0,0,0,0,0,0,0,48075506,44712127,0,0,107855,107855,15184,16303,0,0,0,0,0,0,0,0,0,2505229,1251085,0,262144,7673627,219184045,0,0,1026,709620,2041143362,0,0,0,0,0,3,0,0,0,0,0,0,2049017993,495,14121,1865289,1815940853,23823,0,106997,120539838,651092,169,0,651981,169,0,0,0,652150,0,651261,0,0,0,0,0,33,0,85,14704,0,0,0,0,0,0,0,0,225554,611,0,0,0,1015829,21385469,452411,0,0,0,85,1015829,21385469,0,0,46508,4050,23496,19446,19446,0,0,100512,0,0,364,0,0,0,0,0,0,0,59,0,59,0,0,0,0,0,0,0,0,0,0,0,0,0,0,0,0,0,0,0,0,714,24,0
1777071576.002294,2294,ubuntu-rog,1,0,0,6916570,6316,2891523,5282568,446089,0,15,0,0,0,0,0,1969868906,0,0,4907,1971027586,0,6