#Time,Time_usec,ProducerName,component_id,job_id,app_id,MemTotal,MemFree,MemAvailable,Buffers,Cached,SwapCached,Active,Inactive,Active(anon),Inactive(anon),Active(file),Inactive(file),Unevictable,Mlocked,SwapTotal,SwapFree,Zswap,Zswapped,Dirty,Writeback,AnonPages,Mapped,Shmem,KReclaimable,Slab,SReclaimable,SUnreclaim,KernelStack,PageTables,SecPageTables,NFS_Unstable,Bounce,WritebackTmp,CommitLimit,Committed_AS,VmallocTotal,VmallocUsed,VmallocChunk,Percpu,HardwareCorrupted,AnonHugePages,ShmemHugePages,ShmemPmdMapped,FileHugePages,FilePmdMapped,Unaccepted,HugePages_Total,HugePages_Free,HugePages_Rsvd,HugePages_Surp,Hugepagesize,Hugetlb,DirectMap4k,DirectMap2M,DirectMap1G
1775863312.001666,1666,ubuntu-rog,1,0,0,65683160,36253068,60133492,427628,22369852,0,4957440,21003600,3184688,4956,1772752,20998644,0,0,8388604,8388604,0,0,360,0,3164268,446480,26084,1839688,2511420,1839688,671732,14752,41724,0,0,0,0,41230184,7457884,34359738367,86844,0,81200,0,0,0,0,0,0,0,0,0,0,0,2048,0,1493776,27707392,38797312
1775863313.002059,2059,ubuntu-rog,1,0,0,65683160,34043576,57924012,427644,22369864,0,7165368,21003612,5392616,4956,1772752,20998656,0,0,8388604,8388604,0,0,476,0,5372088,446480,26084,1839688,2511420,1839688,671732,14752,46088,0,0,0,0,41230184,9112020,34359738367,86844,0,81200,0,0,0,0,0,0,0,0,0,0,0,2048,0,1493776,27707392,38797312
1775863314.001408,1408,ubuntu-rog,1,0,0,65683160,33478708,57359144,427644,22369864,0,7716888,21003612,5944136,4956,1772752,20998656,0,0,8388604,8388604,0,0,476,0,5923532,446480,26084,1839688,2511420,1839688,671732,14752,47168,0,0,0,0,41230184,9663396,34359738367,86844,0,81200,0,0,0,0,0,0,0,0,0,0,0,2048,0,1493776,27707392,38797312
1775863315.001533,1533,ubuntu-rog,1,0,0,65683160,33478708,57359144,427648,22369864,0,7716892,21003612,5944140,4956,1772752,20998656,0,0,8388604,8388604,0,0,476,0,5923532,446664,26084,1839688,2511352,1839688,671664,14752,47168,0,0,0,0,41230184,9663396,34359738367,86844,0,81200,0,0,0,0,0,0,0,0,0,0,0,2048,0,1493776,27707392,38797312
1775863316.001744,1744,ubuntu-rog,1,0,0,65683160,33478708,57359144,427648,22369868,0,7716892,21003612,5944140,4956,1772752,20998656,0,0,8388604,8388604,0,0,484,0,5923532,446664,26084,1839688,2511352,1839688,671664,14752,47168,0,0,0,0,41230184,9663396,34359738367,86844,0,81200,0,0,0,0,0,0,0,0,0,0,0,2048,0,1493776,27707392,38797312
1775863317.001803,1803,ubuntu-rog,1,0,0,65683160,33478708,57359144,427648,22369868,0,7716892,21003612,5944140,4956,1772752,20998656,0,0,8388604,8388604,0,0,484,0,5923532,446664,26084,1839688,2511352,1839688,671664,14752,47168,0,0,0,0,41230184,9663396,34359738367,86844,0,81200,0,0,0,0,0,0,0,0,0,0,0,2048,0,1493776,27707392,38797312
1775863318.001964,1964,ubuntu-rog,1,0,0,65683160,33478708,57359144,427648,22369872,0,7716892,21003612,5944140,4956,1772752,20998656,0,0,8388604,8388604,0,0,492,0,5923532,446664,26084,1839688,2511344,1839688,671656,14752,47168,0,0,0,0,41230184,9663396,34359738367,86844,0,81200,0,0,0,0,0,0,0,0,0,0,0,2048,0,1493776,27707392,38797312
1775863319.001247,1247,ubuntu-rog,1,0,0,65683160,33478708,57359144,427648,22369876,0,7716948,21003612,5944196,4956,1772752,20998656,0,0,8388604,8388604,0,0,464,0,5923552,446664,26084,1839688,2511344,1839688,671656,14752,47168,0,0,0,0,41230184,9663396,34359738367,86844,0,81200,0,0,0,0,0,0,0,0,0,0,0,2048,0,1493776,27707392,38797312
1775863320.002188,2188,ubuntu-rog,1,0,0,65683160,34482376,58362852,427656,22369876,0,6519544,21003652,4746792,4956,1772752,20998696,0,0,8388604,8388604,0,0,464,0,4727628,446664,26084,1839688,2511344,1839688,671656,14752,44752,0,0,0,0,41230184,8645204,34359738367,86844,0,81200,0,0,0,0,0,0,0,0,0,0,0,2048,0,1493776,27707392,38797312
1775863321.001194,1194,ubuntu-rog,1,0,0,65683160,34767396,58647872,427656,22369876,0,6304780,21003652,4532028,4956,1772752,20998696,0,0,8388604,8388604,0,0,464,0,4517416,446664,26084,1839688,2511344,1839688,671656,14752,44408,0,0,0,0,41230184,8258128,34359738367,86844,0,81200,0,0,0,0,0,0,0,0,0,0,0,2048,0,1493776,27707392,38797312
1775863322.001053,1053,ubuntu-rog,1,0,0,65683160,33707948,57588440,427672,22369876,0,7482824,21003668,5710072,4956,1772752,20998712,0,0,8388604,8388604,0,0,348,0,5690004,446664,26084,1839688,2511344,1839688,671656,14752,46368,0,0,0,0,41230184,9430132,34359738367,86828,0,81200,0,0,0,0,0,0,0,0,0,0,0,2048,0,1493776,27707392,38797312
1775863323.001051,1051,ubuntu-rog,1,0,0,65683160,33707908,57588400,427672,22369880,0,7483104,21003668,5710352,4956,1772752,20998712,0,0,8388604,8388604,0,0,352,0,5690296,446728,26084,1839688,2511344,1839688,671656,14752,46716,0,0,0,0,41230184,9430132,34359738367,86828,0,81200,0,0,0,0,0,0,0,0,0,0,0,2048,0,1493776,27707392,38797312
1775863324.002314,2314,ubuntu-rog,1,0,0,65683160,33707908,57588400,427672,22369884,0,7483172,21003668,5710420,4956,1772752,20998712,0,0,8388604,8388604,0,0,116,0,5690296,446728,26084,1839688,2511344,1839688,671656,14752,46716,0,0,0,0,41230184,9430132,34359738367,86828,0,81200,0,0,0,0,0,0,0,0,0,0,0,2048,0,1493776,27707392,38797312
1775863325.001203,1203,ubuntu-rog,1,0,0,65683160,33707908,57588400,427672,22369888,0,7483172,21003668,5710420,4956,1772752,20998712,0,0,8388604,8388604,0,0,124,0,5690296,446728,26084,1839688,2511344,1839688,671656,14752,46716,0,0,0,0,41230184,9430132,34359738367,86828,0,81200,0,0,0,0,0,0,0,0,0,0,0,2048,0,1493776,27707392,38797312
1775863326.001305,1305,ubuntu-rog,1,0,0,65683160,33707908,57588400,427672,22369892,0,7483172,21003668,5710420,4956,1772752,20998712,0,0,8388604,8388604,0,0,128,0,5690296,446728,26084,1839688,2511344,1839688,671656,14752,46716,0,0,0,0,41230184,9430132,34359738367,86828,0,81200,0,0,0,0,0,0,0,0,0,0,0,2048,0,1493776,27707392,38797312
1775863327.001061,1061,ubuntu-rog,1,0,0,65683160,33707908,57588400,427680,22369892,0,7483172,21003668,5710420,4956,1772752,20998712,0,0,8388604,8388604,0,0,156,0,5690296,446728,26084,1839688,2511344,1839688,671656,14752,46716,0,0,0,0,41230184,9430132,34359738367,86828,0,81200,0,0,0,0,0,0,0,0,0,0,0,2048,0,1493776,27707392,38797312
1775863328.002060,2060,ubuntu-rog,1,0,0,65683160,33707908,57588400,427680,22369892,0,7483172,21003668,5710420,4956,1772752,20998712,0,0,8388604,8388604,0,0,156,0,5690296,446728,26084,1839688,2511344,1839688,671656,14752,46716,0,0,0,0,41230184,9430132,34359738367,86828,0,81200,0,0,0,0,0,0,0,0,0,0,0,2048,0,1493776,27707392,38797312
1775863329.001304,1304,ubuntu-rog,1,0,0,65683160,33707908,57588400,427680,22369896,0,7483172,21003668,5710420,4956,1772752,20998712,0,0,8388604,8388604,0,0,160,0,5690296,446728,26084,1839688,2511344,1839688,671656,14752,46716,0,0,0,0,41230184,9430132,34359738367,86828,0,81200,0,0,0,0,0,0,0,0,0,0,0,2048,0,1493776,27707392,38797312
1775863330.001204,1204,ubuntu-rog,1,0,0,65683160,33707908,57588400,427680,22369900,0,7483172,21003668,5710420,4956,1772752,20998712,0,0,8388604,8388604,0,0,164,0,5690296,446728,26084,1839688,2511344,1839688,671656,14752,46716,0,0,0,0,41230184,9430132,34359738367,86828,0,81200,0,0,0,0,0,0,0,0,0,0,0,2048,0,1493776,27707392,38797312
1775863331.001301,1301,ubuntu-rog,1,0,0,65683160,33707908,57588400,427680,22369900,0,7483172,21003668,5710420,4956,1772752,20998712,0,0,8388604,8388604,0,0,164,0,5690296,446728,26084,1839688,2511344,1839688,671656,14752,46716,0,0,0,0,41230184,9430132,34359738367,86828,0,81200,0,0,0,0,0,0,0,0,0,0,0,2048,0,1493776,27707392,38797312
1775863332.002058,2058,ubuntu-rog,1,0,0,65683160,33707908,57588400,427680,22369900,0,7483172,21003668,5710420,4956,1772752,20998712,0,0,8388604,8388604,0,0,164,0,5690296,446728,26084,1839688,2511344,1839688,671656,14752,46716,0,0,0,0,41230184,9430132,34359738367,86828,0,81200,0,0,0,0,0,0,0,0,0,0,0,2048,0,1493776,27707392,38797312
1775863333.001064,1064,ubuntu-rog,1,0,0,65683160,33707908,57588400,427688,22369904,0,7483172,21003668,5710420,4956,1772752,20998712,0,0,8388604,8388604,0,0,168,0,5690296,446728,26084,1839688,2511344,1839688,671656,14752,46716,0,0,0,0,41230184,9430132,34359738367,86828,0,81200,0,0,0,0,0,0,0,0,0,0,0,2048,0,1493776,27707392,38797312
1775863334.001308,1308,ubuntu-rog,1,0,0,65683160,33707908,57588400,427688,22369904,0,7483172,21003668,5710420,4956,1772752,20998712,0,0,8388604,8388604,0,0,168,0,5690296,446728,26084,1839688,2511344,1839688,671656,14752,46716,0,0,0,0,41230184,9430132,34359738367,86828,0,81200,0,0,0,0,0,0,0,0,0,0,0,2048,0,1493776,27707392,38797312
1775863335.001203,1203,ubuntu-rog,1,0,0,65683160,33707908,57588400,427688,22369908,0,7483172,21003668,5710420,4956,1772752,20998712,0,0,8388604,8388604,0,0,172,0,5690296,446728,26084,1839688,2511344,1839688,671656,14752,46716,0,0,0,0,41230184,9430132,34359738367,86828,0,81200,0,0,0,0,0,0,0,0,0,0,0,2048,0,1493776,27707392,38797312
1775863336.002302,2302,ubuntu-rog,1,0,0,65683160,33707908,57588400,427688,22369908,0,7483172,21003668,5710420,4956,1772752,20998712,0,0,8388604,8388604,0,0,172,0,5690296,446728,26084,1839688,2511344,1839688,671656,14752,46716,0,0,0,0,41230184,9430132,34359738367,86828,0,81200,0,0,0,0,0,0,0,0,0,0,0,2048,0,1493776,27707392,38797312
1775863337.001061,1061,ubuntu-rog,1,0,0,65683160,33707908,57588400,427688,22369916,0,7483172,21003668,5710420,4956,1772752,20998712,0,0,8388604,8388604,0,0,180,0,5690296,446728,26084,1839688,2511344,1839688,671656,14752,46716,0,0,0,0,41230184,9430132,34359738367,86828,0,81200,0,0,0,0,0,0,0,0,0,0,0,2048,0,1493776,27707392,38797312
1775863338.001063,1063,ubuntu-rog,1,0,0,65683160,33709120,57589612,427696,22369916,0,7483172,21003668,5710420,4956,1772752,20998712,0,0,8388604,8388604,0,0,180,0,5690296,446728,26084,1839688,2511344,1839688,671656,14752,46716,0,0,0,0,41230184,9430132,34359738367,86828,0,81200,0,0,0,0,0,0,0,0,0,0,0,2048,0,1493776,27707392,38797312
1775863339.001303,1303,ubuntu-rog,1,0,0,65683160,33711036,57591528,427696,22369916,0,7483172,21003668,5710420,4956,1772752,20998712,0,0,8388604,8388604,0,0,180,0,5690296,446728,26084,1839688,2511344,1839688,671656,14752,46716,0,0,0,0,41230184,9430132,34359738367,86828,0,81200,0,0,0,0,0,0,0,0,0,0,0,2048,0,1493776,27707392,38797312
1775863340.002201,2201,ubuntu-rog,1,0,0,65683160,33713240,57593732,427696,22369924,0,7483172,21003668,5710420,4956,1772752,20998712,0,0,8388604,8388604,0,0,188,0,5690296,446728,26084,1839688,2511344,1839688,671656,14752,46716,0,0,0,0,41230184,9430132,34359738367,86828,0,81200,0,0,0,0,0,0,0,0,0,0,0,2048,0,1493776,27707392,38797312
1775863341.001301,1301,ubuntu-rog,1,0,0,65683160,33713960,57594452,427696,22369924,0,7483268,21003668,5710516,4956,1772752,20998712,0,0,8388604,8388604,0,0,180,0,5690296,446728,26084,1839688,2511344,1839688,671656,14752,46716,0,0,0,0,41230184,9430132,34359738367,86828,0,81200,0,0,0,0,0,0,0,0,0,0,0,2048,0,1493776,27707392,38797312
1775863342.001060,1060,ubuntu-rog,1,0,0,65683160,33714116,57594608,427696,22369924,0,7483268,21003668,5710516,4956,1772752,20998712,0,0,8388604,8388604,0,0,180,0,5690296,446728,26084,1839688,2511344,1839688,671656,14752,46716,0,0,0,0,41230184,9430132,34359738367,86828,0,81200,0,0,0,0,0,0,0,0,0,0,0,2048,0,1493776,27707392,38797312
1775863343.001064,1064,ubuntu-rog,1,0,0,65683160,33714116,57594608,427700,22369924,0,7483268,21003668,5710516,4956,1772752,20998712,0,0,8388604,8388604,0,0,192,0,5690296,446728,26084,1839688,2511344,1839688,671656,14752,46716,0,0,0,0,41230184,9430132,34359738367,86828,0,81200,0,0,0,0,0,0,0,0,0,0,0,2048,0,1493776,27707392,38797312
1775863344.002299,2299,ubuntu-rog,1,0,0,65683160,33714116,57594608,427700,22369928,0,7483268,21003668,5710516,4956,1772752,20998712,0,0,8388604,8388604,0,0,40,0,5690296,446728,26084,1839688,2511344,1839688,671656,14752,46716,0,0,0,0,41230184,9430288,34359738367,86828,0,81200,0,0,0,0,0,0,0,0,0,0,0,2048,0,1493776,27707392,38797312
1775863345.001198,1198,ubuntu-rog,1,0,0,65683160,33713864,57594356,427700,22369928,0,7483392,21003668,5710640,4956,1772752,20998712,0,0,8388604,8388604,0,0,40,0,5690464,446728,26084,1839688,2511328,1839688,671640,14752,46716,0,0,0,0,41230184,9430288,34359738367,86828,0,81200,0,0,0,0,0,0,0,0,0,0,0,2048,0,1493776,27707392,38797312
1775863346.001302,1302,ubuntu-rog,1,0,0,65683160,33713864,57594356,427700,22369932,0,7483392,21003668,5710640,4956,1772752,20998712,0,0,8388604,8388604,0,0,48,0,5690464,446728,26084,1839688,2511328,1839688,671640,14752,46716,0,0,0,0,41230184,9430288,34359738367,86828,0,81200,0,0,0,0,0,0,0,0,0,0,0,2048,0,1493776,27707392,38797312
1775863347.001064,1064,ubuntu-rog,1,0,0,65683160,33713864,57594356,427700,22369936,0,7483392,21003668,5710640,4956,1772752,20998712,0,0,8388604,8388604,0,0,56,0,5690464,446728,26084,1839688,2511328,1839688,671640,14752,46716,0,0,0,0,41230184,9430288,34359738367,86828,0,81200,0,0,0,0,0,0,0,0,0,0,0,2048,0,1493776,27707392,38797312
1775863348.002061,2061,ubuntu-rog,1,0,0,65683160,33713664,57594160,427708,22369936,0,7483392,21003668,5710640,4956,1772752,20998712,0,0,8388604,8388604,0,0,80,0,5690464,446728,26084,1839692,2511332,1839692,671640,14752,46716,0,0,0,0,41230184,9430288,34359738367,86828,0,81200,0,0,0,0,0,0,0,0,0,0,0,2048,0,1493776,27707392,38797312
1775863349.001307,1307,ubuntu-rog,1,0,0,65683160,33715404,57595900,427708,22369936,0,7483392,21003668,5710640,4956,1772752,20998712,0,0,8388604,8388604,0,0,80,0,5690464,446728,26084,1839692,2511332,1839692,671640,14752,46716,0,0,0,0,41230184,9430288,34359738367,86828,0,81200,0,0,0,0,0,0,0,0,0,0,0,2048,0,1493776,27707392,38797312
1775863350.001204,1204,ubuntu-rog,1,0,0,65683160,33716704,57597200,427708,22369940,0,7483392,21003668,5710640,4956,1772752,20998712,0,0,8388604,8388604,0,0,88,0,5690464,446728,26084,1839692,2511332,1839692,671640,14752,46716,0,0,0,0,41230184,9430288,34359738367,86828,0,81200,0,0,0,0,0,0,0,0,0,0,0,2048,0,1493776,27707392,38797312
1775863351.001302,1302,ubuntu-rog,1,0,0,65683160,33717660,57598156,427708,22369944,0,7483392,21003668,5710640,4956,1772752,20998712,0,0,8388604,8388604,0,0,92,0,5690464,446728,26084,1839692,2511332,1839692,671640,14752,46716,0,0,0,0,41230184,9430288,34359738367,86828,0,81200,0,0,0,0,0,0,0,0,0,0,0,2048,0,1493776,27707392,38797312
1775863352.002056,2056,ubuntu-rog,1,0,0,65683160,33718848,57599344,427708,22369948,0,7483392,21003668,5710640,4956,1772752,20998712,0,0,8388604,8388604,0,0,96,0,5690464,446728,26084,1839692,2511332,1839692,671640,14752,46716,0,0,0,0,41230184,9430288,34359738367,86828,0,81200,0,0,0,0,0,0,0,0,0,0,0,2048,0,1493776,27707392,38797312
1775863353.001065,1065,ubuntu-rog,1,0,0,65683160,33719484,57599980,427716,22369948,0,7483392,21003668,5710640,4956,1772752,20998712,0,0,8388604,8388604,0,0,100,0,5690464,446728,26084,1839692,2511332,1839692,671640,14752,46716,0,0,0,0,41230184,9430288,34359738367,86828,0,81200,0,0,0,0,0,0,0,0,0,0,0,2048,0,1493776,27707392,38797312
1775863354.001304,1304,ubuntu-rog,1,0,0,65683160,33719884,57600380,427716,22369952,0,7483392,21003668,5710640,4956,1772752,20998712,0,0,8388604,8388604,0,0,104,0,5690464,446728,26084,1839692,2511332,1839692,671640,14752,46716,0,0,0,0,41230184,9430288,34359738367,86828,0,81200,0,0,0,0,0,0,0,0,0,0,0,2048,0,1493776,27707392,38797312
1775863355.001199,1199,ubuntu-rog,1,0,0,65683160,33719884,57600380,427716,22369952,0,7483344,21003668,5710592,4956,1772752,20998712,0,0,8388604,8388604,0,0,104,0,5690436,446728,26084,1839692,2511332,1839692,671640,14752,46716,0,0,0,0,41230184,9430288,34359738367,86828,0,81200,0,0,0,0,0,0,0,0,0,0,0,2048,0,1493776,27707392,38797312
1775863356.002295,2295,ubuntu-rog,1,0,0,65683160,33719884,57600380,427716,22369952,0,7483344,21003668,5710592,4956,1772752,20998712,0,0,8388604,8388604,0,0,104,0,5690436,446728,26084,1839692,2511332,1839692,671640,14752,46716,0,0,0,0,41230184,9430288,34359738367,86828,0,81200,0,0,0,0,0,0,0,0,0,0,0,2048,0,1493776,27707392,38797312
1775863357.001062,1062,ubuntu-rog,1,0,0,65683160,33719884,57600380,427716,22369960,0,7483344,21003668,5710592,4956,1772752,20998712,0,0,8388604,8388604,0,0,112,0,5690436,446728,26084,1839692,2511332,1839692,671640,14752,46716,0,0,0,0,41230184,9430288,34359738367,86828,0,81200,0,0,0,0,0,0,0,0,0,0,0,2048,0,1493776,27707392,38797312
1775863358.001063,1063,ubuntu-rog,1,0,0,65683160,33719884,57600424,427724,22369960,0,7483372,21003712,5710620,4956,1772752,20998756,0,0,8388604,8388604,0,0,52,0,5690436,446728,26084,1839692,2511332,1839692,671640,14752,46716,0,0,0,0,41230184,9430288,34359738367,86828,0,81200,0,0,0,0,0,0,0,0,0,0,0,2048,0,1493776,27707392,38797312
1775863359.001299,1299,ubuntu-rog,1,0,0,65683160,33719884,57600424,427724,22369960,0,7483372,21003712,5710620,4956,1772752,20998756,0,0,8388604,8388604,0,0,52,0,5690436,446728,26084,1839692,2511332,1839692,671640,14752,46716,0,0,0,0,41230184,9430288,34359738367,86828,0,81200,0,0,0,0,0,0,0,0,0,0,0,2048,0,1493776,27707392,38797312
1775863360.002192,2192,ubuntu-rog,1,0,0,65683160,33719884,57600424,427724,22369960,0,7483372,21003712,5710620,4956,1772752,20998756,0,0,8388604,8388604,0,0,52,0,5690436,446728,26084,1839692,2511332,1839692,671640,14752,46716,0,0,0,0,41230184,9430288,34359738367,86828,0,81200,0,0,0,0,0,0,0,0,0,0,0,2048,0,1493776,27707392,38797312
1775863361.001300,1300,ubuntu-rog,1,0,0,65683160,33719884,57600424,427724,22369964,0,7483372,21003712,5710620,4956,1772752,20998756,0,0,8388604,8388604,0,0,56,0,5690436,446728,26084,1839692,2511332,1839692,671640,14752,46716,0,0,0,0,41230184,9430288,34359738367,86828,0,81200,0,0,0,0,0,0,0,0,0,0,0,2048,0,1493776,27707392,38797312
1775863362.001060,1060,ubuntu-rog,1,0,0,65683160,33719884,57600424,427724,22369968,0,7483372,21003712,5710620,4956,1772752,20998756,0,0,8388604,8388604,0,0,60,0,5690436,446728,26084,1839692,2511332,1839692,671640,14752,46716,0,0,0,0,41230184,9430288,34359738367,86828,0,81200,0,0,0,0,0,0,0,0,0,0,0,2048,0,1493776,27707392,38797312
1775863363.001060,1060,ubuntu-rog,1,0,0,65683160,33719884,57600424,427724,22369972,0,7483372,21003712,5710620,4956,1772752,20998756,0,0,8388604,8388604,0,0,64,0,5690436,446728,26084,1839692,2511332,1839692,671640,14752,46716,0,0,0,0,41230184,9430288,34359738367,86828,0,81200,0,0,0,0,0,0,0,0,0,0,0,2048,0,1493776,27707392,38797312
1775863364.002293,2293,ubuntu-rog,1,0,0,65683160,33719884,57600424,427732,22369976,0,7483372,21003712,5710620,4956,1772752,20998756,0,0,8388604,8388604,0,0,68,0,5690436,446728,26084,1839692,2511332,1839692,671640,14752,46716,0,0,0,0,41230184,9430288,34359738367,86828,0,81200,0,0,0,0,0,0,0,0,0,0,0,2048,0,1493776,27707392,38797312
1775863365.001197,1197,ubuntu-rog,1,0,0,65683160,33719884,57600424,427732,22369976,0,7483372,21003712,5710620,4956,1772752,20998756,0,0,8388604,8388604,0,0,68,0,5690436,446728,26084,1839692,2511332,1839692,671640,14752,46716,0,0,0,0,41230184,9430288,34359738367,86828,0,81200,0,0,0,0,0,0,0,0,0,0,0,2048,0,1493776,27707392,38797312
1775863366.001299,1299,ubuntu-rog,1,0,0,65683160,33719884,57600424,427732,22369976,0,7483372,21003712,5710620,4956,1772752,20998756,0,0,8388604,8388604,0,0,68,0,5690436,446728,26084,1839692,2511332,1839692,671640,14752,46716,0,0,0,0,41230184,9430288,34359738367,86828,0,81200,0,0,0,0,0,0,0,0,0,0,0,2048,0,1493776,27707392,38797312
1775863367.001383,1383,ubuntu-rog,1,0,0,65683160,33115904,56996444,427732,22369976,0,8082908,21003712,6310156,4956,1772752,20998756,0,0,8388604,8388604,0,0,68,0,6289972,446728,26084,1839692,2511332,1839692,671640,14752,47524,0,0,0,0,41230184,15839944,34359738367,86828,0,81200,0,0,0,0,0,0,0,0,0,0,0,2048,0,1493776,27707392,38797312
1775863368.001596,1596,ubuntu-rog,1,0,0,65683160,29309620,53190160,427732,22369984,0,11882824,21003712,10110072,4956,1772752,20998756,0,0,8388604,8388604,0,0,76,0,10089908,446728,26084,1839692,2511332,1839692,671640,14752,55220,0,0,0,0,41230184,15839944,34359738367,86828,0,81200,0,0,0,0,0,0,0,0,0,0,0,2048,0,1493776,27707392,38797312
1775863369.002245,2245,ubuntu-rog,1,0,0,65683160,28018752,51899292,427732,22369984,0,12790316,21003712,11017564,4956,1772752,20998756,0,0,8388604,8388604,0,0,76,0,10997352,446728,26084,1839692,2511332,1839692,671640,14752,57104,0,0,0,0,41230184,14737204,34359738367,86828,0,81200,0,0,0,0,0,0,0,0,0,0,0,2048,0,1493776,27707392,38797312
1775863370.001203,1203,ubuntu-rog,1,0,0,65683160,28026816,51907356,427740,22369984,0,12790316,21003712,11017564,4956,1772752,20998756,0,0,8388604,8388604,0,0,76,0,10997352,446728,26084,1839692,2511332,1839692,671640,14752,57104,0,0,0,0,41230184,14737204,34359738367,86828,0,81200,0,0,0,0,0,0,0,0,0,0,0,2048,0,1493776,27707392,38797312
1775863371.001297,1297,ubuntu-rog,1,0,0,65683160,28034880,51915420,427740,22369988,0,12790316,21003712,11017564,4956,1772752,20998756,0,0,8388604,8388604,0,0,80,0,10997352,446728,26084,1839692,2511332,1839692,671640,14752,57104,0,0,0,0,41230184,14737204,34359738367,86828,0,81200,0,0,0,0,0,0,0,0,0,0,0,2048,0,1493776,27707392,38797312
1775863372.001056,1056,ubuntu-rog,1,0,0,65683160,28042944,51923484,427740,22369988,0,12790316,21003712,11017564,4956,1772752,20998756,0,0,8388604,8388604,0,0,80,0,10997352,446728,26084,1839692,2511332,1839692,671640,14752,57104,0,0,0,0,41230184,14737204,34359738367,86828,0,81200,0,0,0,0,0,0,0,0,0,0,0,2048,0,1493776,27707392,38797312
1775863373.002057,2057,ubuntu-rog,1,0,0,65683160,28051008,51931548,427740,22369988,0,12790316,21003712,11017564,4956,1772752,20998756,0,0,8388604,8388604,0,0,80,0,10997352,446728,26084,1839692,2511332,1839692,671640,14752,57104,0,0,0,0,41230184,14737204,34359738367,86828,0,81200,0,0,0,0,0,0,0,0,0,0,0,2048,0,1493776,27707392,38797312
1775863374.001306,1306,ubuntu-rog,1,0,0,65683160,28059072,51939612,427740,22369996,0,12790316,21003712,11017564,4956,1772752,20998756,0,0,8388604,8388604,0,0,88,0,10997352,446728,26084,1839692,2511332,1839692,671640,14752,57104,0,0,0,0,41230184,14737204,34359738367,86828,0,81200,0,0,0,0,0,0,0,0,0,0,0,2048,0,1493776,27707392,38797312
1775863375.001197,1197,ubuntu-rog,1,0,0,65683160,28067136,51947676,427748,22370000,0,12790316,21003712,11017564,4956,1772752,20998756,0,0,8388604,8388604,0,0,92,0,10997352,446728,26084,1839692,2511332,1839692,671640,14752,57104,0,0,0,0,41230184,14737204,34359738367,86828,0,81200,0,0,0,0,0,0,0,0,0,0,0,2048,0,1493776,27707392,38797312
1775863376.001299,1299,ubuntu-rog,1,0,0,65683160,28075200,51955740,427748,22370000,0,12790316,21003712,11017564,4956,1772752,20998756,0,0,8388604,8388604,0,0,92,0,10997352,446728,26084,1839692,2511332,1839692,671640,14752,57104,0,0,0,0,41230184,14737204,34359738367,86828,0,81200,0,0,0,0,0,0,0,0,0,0,0,2048,0,1493776,27707392,38797312
1775863377.002056,2056,ubuntu-rog,1,0,0,65683160,28083264,51963804,427748,22370000,0,12790364,21003712,11017612,4956,1772752,20998756,0,0,8388604,8388604,0,0,24,0,10997352,446728,26084,1839692,2511332,1839692,671640,14752,57104,0,0,0,0,41230184,14737204,34359738367,86828,0,81200,0,0,0,0,0,0,0,0,0,0,0,2048,0,1493776,27707392,38797312
1775863378.001061,1061,ubuntu-rog,1,0,0,65683160,28091328,51971868,427748,22370004,0,12790364,21003712,11017612,4956,1772752,20998756,0,0,8388604,8388604,0,0,32,0,10997352,446728,26084,1839692,2511332,1839692,671640,14752,57104,0,0,0,0,41230184,14737204,34359738367,86828,0,81200,0,0,0,0,0,0,0,0,0,0,0,2048,0,1493776,27707392,38797312
1775863379.001300,1300,ubuntu-rog,1,0,0,65683160,28099392,51979932,427748,22370008,0,12790364,21003712,11017612,4956,1772752,20998756,0,0,8388604,8388604,0,0,40,0,10997352,446728,26084,1839692,2511332,1839692,671640,14752,57104,0,0,0,0,41230184,14737204,34359738367,86828,0,81200,0,0,0,0,0,0,0,0,0,0,0,2048,0,1493776,27707392,38797312
1775863380.001196,1196,ubuntu-rog,1,0,0,65683160,28107456,51987996,427748,22370008,0,12790364,21003712,11017612,4956,1772752,20998756,0,0,8388604,8388604,0,0,40,0,10997352,446728,26084,1839692,2511332,1839692,671640,14752,57104,0,0,0,0,41230184,14737204,34359738367,86828,0,81200,0,0,0,0,0,0,0,0,0,0,0,2048,0,1493776,27707392,38797312
1775863381.002296,2296,ubuntu-rog,1,0,0,65683160,28115520,51996060,427756,22370008,0,12790364,21003712,11017612,4956,1772752,20998756,0,0,8388604,8388604,0,0,56,0,10997352,446728,26084,1839692,2511332,1839692,671640,14752,57104,0,0,0,0,41230184,14737204,34359738367,86828,0,81200,0,0,0,0,0,0,0,0,0,0,0,2048,0,1493776,27707392,38797312
1775863382.001059,1059,ubuntu-rog,1,0,0,65683160,28123332,52003872,427756,22370012,0,12790364,21003712,11017612,4956,1772752,20998756,0,0,8388604,8388604,0,0,44,0,10997352,446728,26084,1839692,2511332,1839692,671640,14752,57104,0,0,0,0,41230184,14737204,34359738367,86828,0,81200,0,0,0,0,0,0,0,0,0,0,0,2048,0,1493776,27707392,38797312
1775863383.001061,1061,ubuntu-rog,1,0,0,65683160,28131396,52011936,427756,22370012,0,12790364,21003712,11017612,4956,1772752,20998756,0,0,8388604,8388604,0,0,44,0,10997352,446728,26084,1839692,2511332,1839692,671640,14752,57104,0,0,0,0,41230184,14737204,34359738367,86828,0,81200,0,0,0,0,0,0,0,0,0,0,0,2048,0,1493776,27707392,38797312
1775863384.001299,1299,ubuntu-rog,1,0,0,65683160,28139460,52020000,427756,22370012,0,12790364,21003712,11017612,4956,1772752,20998756,0,0,8388604,8388604,0,0,44,0,10997352,446728,26084,1839692,2511332,1839692,671640,14752,57104,0,0,0,0,41230184,14737204,34359738367,86828,0,81200,0,0,0,0,0,0,0,0,0,0,0,2048,0,1493776,27707392,38797312
1775863385.002195,2195,ubuntu-rog,1,0,0,65683160,28147524,52028064,427756,22370020,0,12790364,21003712,11017612,4956,1772752,20998756,0,0,8388604,8388604,0,0,52,0,10997352,446728,26084,1839692,2511332,1839692,671640,14752,57104,0,0,0,0,41230184,14737204,34359738367,86828,0,81200,0,0,0,0,0,0,0,0,0,0,0,2048,0,1493776,27707392,38797312
1775863386.001298,1298,ubuntu-rog,1,0,0,65683160,28155588,52036128,427756,22370024,0,12790364,21003712,11017612,4956,1772752,20998756,0,0,8388604,8388604,0,0,60,0,10997352,446728,26084,1839692,2511332,1839692,671640,14752,57104,0,0,0,0,41230184,14737204,34359738367,86828,0,81200,0,0,0,0,0,0,0,0,0,0,0,2048,0,1493776,27707392,38797312
1775863387.001061,1061,ubuntu-rog,1,0,0,65683160,28163652,52044192,427760,22370024,0,12790364,21003712,11017612,4956,1772752,20998756,0,0,8388604,8388604,0,0,60,0,10997352,446728,26084,1839692,2511332,1839692,671640,14752,57104,0,0,0,0,41230184,14737204,34359738367,86828,0,81200,0,0,0,0,0,0,0,0,0,0,0,2048,0,1493776,27707392,38797312
1775863388.001062,1062,ubuntu-rog,1,0,0,65683160,28171716,52052256,427760,22370024,0,12790364,21003712,11017612,4956,1772752,20998756,0,0,8388604,8388604,0,0,60,0,10997352,446728,26084,1839692,2511332,1839692,671640,14752,57104,0,0,0,0,41230184,14737204,34359738367,86828,0,81200,0,0,0,0,0,0,0,0,0,0,0,2048,0,1493776,27707392,38797312
1775863389.002292,2292,ubuntu-rog,1,0,0,65683160,28179780,52060428,427760,22370028,0,12790368,21003820,11017616,4956,1772752,20998864,0,0,8388604,8388604,0,0,40,0,10997380,446728,26084,1839692,2511332,1839692,671640,14752,57104,0,0,0,0,41230184,14737204,34359738367,86828,0,81200,0,0,0,0,0,0,0,0,0,0,0,2048,0,1493776,27707392,38797312
1775863390.001195,1195,ubuntu-rog,1,0,0,65683160,28187844,52068492,427760,22370028,0,12790368,21003820,11017616,4956,1772752,20998864,0,0,8388604,8388604,0,0,40,0,10997380,446728,26084,1839692,2511332,1839692,671640,14752,57104,0,0,0,0,41230184,14737204,34359738367,86828,0,81200,0,0,0,0,0,0,0,0,0,0,0,2048,0,1493776,27707392,38797312
1775863391.001297,1297,ubuntu-rog,1,0,0,65683160,28195908,52076556,427760,22370032,0,12790296,21003820,11017544,4956,1772752,20998864,0,0,8388604,8388604,0,0,44,0,10997224,446728,26084,1839692,2511332,1839692,671640,14752,57104,0,0,0,0,41230184,14737048,34359738367,86828,0,81200,0,0,0,0,0,0,0,0,0,0,0,2048,0,1493776,27707392,38797312
1775863392.001057,1057,ubuntu-rog,1,0,0,65683160,28203972,52084620,427760,22370036,0,12790296,21003820,11017544,4956,1772752,20998864,0,0,8388604,8388604,0,0,48,0,10997224,446728,26084,1839692,2511332,1839692,671640,14752,57104,0,0,0,0,41230184,14737048,34359738367,86828,0,81200,0,0,0,0,0,0,0,0,0,0,0,2048,0,1493776,27707392,38797312
1775863393.002057,2057,ubuntu-rog,1,0,0,65683160,28212036,52092684,427764,22370036,0,12790296,21003820,11017544,4956,1772752,20998864,0,0,8388604,8388604,0,0,56,0,10997224,446728,26084,1839692,2511332,1839692,671640,14752,57104,0,0,0,0,41230184,14737048,34359738367,86828,0,81200,0,0,0,0,0,0,0,0,0,0,0,2048,0,1493776,27707392,38797312
1775863394.001301,1301,ubuntu-rog,1,0,0,65683160,28220100,52100748,427764,22370036,0,12790296,21003820,11017544,4956,1772752,20998864,0,0,8388604,8388604,0,0,56,0,10997224,446728,26084,1839692,2511332,1839692,671640,14752,57104,0,0,0,0,41230184,14737048,34359738367,86828,0,81200,0,0,0,0,0,0,0,0,0,0,0,2048,0,1493776,27707392,38797312
1775863395.001198,1198,ubuntu-rog,1,0,0,65683160,28228164,52108812,427764,22370036,0,12790296,21003820,11017544,4956,1772752,20998864,0,0,8388604,8388604,0,0,56,0,10997224,446728,26084,1839692,2511332,1839692,671640,14752,57104,0,0,0,0,41230184,14737048,34359738367,86828,0,81200,0,0,0,0,0,0,0,0,0,0,0,2048,0,1493776,27707392,38797312
1775863396.001296,1296,ubuntu-rog,1,0,0,65683160,28236228,52116876,427764,22370044,0,12790296,21003820,11017544,4956,1772752,20998864,0,0,8388604,8388604,0,0,64,0,10997224,446728,26084,1839692,2511332,1839692,671640,14752,57104,0,0,0,0,41230184,14737048,34359738367,86828,0,81200,0,0,0,0,0,0,0,0,0,0,0,2048,0,1493776,27707392,38797312
1775863397.002054,2054,ubuntu-rog,1,0,0,65683160,28244292,52124940,427764,22370044,0,12790296,21003820,11017544,4956,1772752,20998864,0,0,8388604,8388604,0,0,64,0,10997224,446728,26084,1839692,2511332,1839692,671640,14752,57104,0,0,0,0,41230184,14737048,34359738367,86828,0,81200,0,0,0,0,0,0,0,0,0,0,0,2048,0,1493776,27707392,38797312
1775863398.001058,1058,ubuntu-rog,1,0,0,65683160,28252356,52133004,427764,22370044,0,12790296,21003820,11017544,4956,1772752,20998864,0,0,8388604,8388604,0,0,64,0,10997224,446728,26084,1839692,2511332,1839692,671640,14752,57104,0,0,0,0,41230184,14737048,34359738367,86828,0,81200,0,0,0,0,0,0,0,0,0,0,0,2048,0,1493776,27707392,38797312
1775863399.001298,1298,ubuntu-rog,1,0,0,65683160,28260420,52141068,427768,22370052,0,12790296,21003820,11017544,4956,1772752,20998864,0,0,8388604,8388604,0,0,72,0,10997224,446728,26084,1839692,2511332,1839692,671640,14752,57104,0,0,0,0,41230184,14737048,34359738367,86828,0,81200,0,0,0,0,0,0,0,0,0,0,0,2048,0,1493776,27707392,38797312
1775863400.001197,1197,ubuntu-rog,1,0,0,65683160,28268484,52149132,427768,22370052,0,12790296,21003820,11017544,4956,1772752,20998864,0,0,8388604,8388604,0,0,72,0,10997224,446728,26084,1839692,2511332,1839692,671640,14752,57104,0,0,0,0,41230184,14737048,34359738367,86828,0,81200,0,0,0,0,0,0,0,0,0,0,0,2048,0,1493776,27707392,38797312
1775863401.002307,2307,ubuntu-rog,1,0,0,65683160,28256388,52137052,427768,22370052,0,12806648,21003836,11033896,4956,1772752,20998880,0,0,8388604,8388604,0,0,76,0,11013628,446728,26084,1839692,2511332,1839692,671640,14752,57148,0,0,0,0,41230184,14753600,34359738367,86828,0,81200,0,0,0,0,0,0,0,0,0,0,0,2048,0,1493776,27707392,38797312
1775863402.001062,1062,ubuntu-rog,1,0,0,65683160,28264452,52145116,427768,22370060,0,12806648,21003836,11033896,4956,1772752,20998880,0,0,8388604,8388604,0,0,84,0,11013628,446728,26084,1839692,2511332,1839692,671640,14752,57148,0,0,0,0,41230184,14753600,34359738367,86828,0,81200,0,0,0,0,0,0,0,0,0,0,0,2048,0,1493776,27707392,38797312
1775863403.001064,1064,ubuntu-rog,1,0,0,65683160,28272516,52153180,427768,22370060,0,12806648,21003836,11033896,4956,1772752,20998880,0,0,8388604,8388604,0,0,84,0,11013628,446728,26084,1839692,2511332,1839692,671640,14752,57148,0,0,0,0,41230184,14753600,34359738367,86828,0,81200,0,0,0,0,0,0,0,0,0,0,0,2048,0,1493776,27707392,38797312
1775863404.001309,1309,ubuntu-rog,1,0,0,65683160,28280580,52161244,427776,22370060,0,12806648,21003836,11033896,4956,1772752,20998880,0,0,8388604,8388604,0,0,88,0,11013628,446728,26084,1839692,2511332,1839692,671640,14752,57148,0,0,0,0,41230184,14753600,34359738367,86828,0,81200,0,0,0,0,0,0,0,0,0,0,0,2048,0,1493776,27707392,38797312
1775863405.002209,2209,ubuntu-rog,1,0,0,65683160,28288644,52169308,427776,22370060,0,12806648,21003836,11033896,4956,1772752,20998880,0,0,8388604,8388604,0,0,88,0,11013628,446728,26084,1839692,2511332,1839692,671640,14752,57148,0,0,0,0,41230184,14753600,34359738367,86828,0,81200,0,0,0,0,0,0,0,0,0,0,0,2048,0,1493776,27707392,38797312
1775863406.001311,1311,ubuntu-rog,1,0,0,65683160,28296708,52177372,427776,22370064,0,12806648,21003836,11033896,4956,1772752,20998880,0,0,8388604,8388604,0,0,92,0,11013628,446728,26084,1839692,2511332,1839692,671640,14752,57148,0,0,0,0,41230184,14753600,34359738367,86828,0,81200,0,0,0,0,0,0,0,0,0,0,0,2048,0,1493776,27707392,38797312
1775863407.001062,1062,ubuntu-rog,1,0,0,65683160,28304772,52185436,427776,22370068,0,12806648,21003836,11033896,4956,1772752,20998880,0,0,8388604,8388604,0,0,96,0,11013628,446728,26084,1839692,2511332,1839692,671640,14752,57148,0,0,0,0,41230184,14753600,34359738367,86828,0,81200,0,0,0,0,0,0,0,0,0,0,0,2048,0,1493776,27707392,38797312
1775863408.001064,1064,ubuntu-rog,1,0,0,65683160,28313644,52194308,427776,22370068,0,12806648,21003836,11033896,4956,1772752,20998880,0,0,8388604,8388604,0,0,96,0,11013628,446728,26084,1839692,2511332,1839692,671640,14752,57148,0,0,0,0,41230184,14753600,34359738367,86828,0,81200,0,0,0,0,0,0,0,0,0,0,0,2048,0,1493776,27707392,38797312
1775863409.002301,2301,ubuntu-rog,1,0,0,65683160,28322944,52203608,427784,22370072,0,12806648,21003836,11033896,4956,1772752,20998880,0,0,8388604,8388604,0,0,100,0,11013628,446728,26084,1839692,2511332,1839692,671640,14752,57148,0,0,0,0,41230184,14753600,34359738367,86828,0,81200,0,0,0,0,0,0,0,0,0,0,0,2048,0,1493776,27707392,38797312
1775863410.001207,1207,ubuntu-rog,1,0,0,65683160,28332152,52212816,427784,22370072,0,12806648,21003836,11033896,4956,1772752,20998880,0,0,8388604,8388604,0,0,100,0,11013628,446728,26084,1839692,2511332,1839692,671640,14752,57148,0,0,0,0,41230184,14753600,34359738367,86828,0,81200,0,0,0,0,0,0,0,0,0,0,0,2048,0,1493776,27707392,38797312
1775863411.001305,1305,ubuntu-rog,1,0,0,65683160,28340408,52221072,427784,22370076,0,12806648,21003836,11033896,4956,1772752,20998880,0,0,8388604,8388604,0,0,104,0,11013628,446728,26084,1839692,2511332,1839692,671640,14752,57148,0,0,0,0,41230184,14753600,34359738367,86828,0,81200,0,0,0,0,0,0,0,0,0,0,0,2048,0,1493776,27707392,38797312
1775863412.001060,1060,ubuntu-rog,1,0,0,65683160,28347140,52227804,427784,22370076,0,12806648,21003836,11033896,4956,1772752,20998880,0,0,8388604,8388604,0,0,104,0,11013628,446728,26084,1839692,2511332,1839692,671640,14752,57148,0,0,0,0,41230184,14753600,34359738367,86828,0,81200,0,0,0,0,0,0,0,0,0,0,0,2048,0,1493776,27707392,38797312
1775863413.002060,2060,ubuntu-rog,1,0,0,65683160,28352816,52233576,427784,22370084,0,12806676,21003932,11033924,4956,1772752,20998976,0,0,8388604,8388604,0,0,48,0,11013628,446728,26084,1839692,2511332,1839692,671640,14752,57148,0,0,0,0,41230184,14753600,34359738367,86828,0,81200,0,0,0,0,0,0,0,0,0,0,0,2048,0,1493776,27707392,38797312
1775863414.002301,2301,ubuntu-rog,1,0,0,65683160,28357684,52238444,427788,22370084,0,12806676,21003932,11033924,4956,1772752,20998976,0,0,8388604,8388604,0,0,56,0,11013628,446728,26084,1839692,2511332,1839692,671640,14752,57148,0,0,0,0,41230184,14753600,34359738367,86828,0,81200,0,0,0,0,0,0,0,0,0,0,0,2048,0,1493776,27707392,38797312
1775863415.001209,1209,ubuntu-rog,1,0,0,65683160,28361840,52242600,427788,22370084,0,12806676,21003932,11033924,4956,1772752,20998976,0,0,8388604,8388604,0,0,56,0,11013628,446792,26084,1839692,2511332,1839692,671640,14752,57148,0,0,0,0,41230184,14753600,34359738367,86828,0,81200,0,0,0,0,0,0,0,0,0,0,0,2048,0,1493776,27707392,38797312
1775863416.001302,1302,ubuntu-rog,1,0,0,65683160,28365780,52246540,427788,22370088,0,12806676,21003932,11033924,4956,1772752,20998976,0,0,8388604,8388604,0,0,60,0,11013628,446792,26084,1839692,2511332,1839692,671640,14752,57148,0,0,0,0,41230184,14753600,34359738367,86828,0,81200,0,0,0,0,0,0,0,0,0,0,0,2048,0,1493776,27707392,38797312
1775863417.001063,1063,ubuntu-rog,1,0,0,65683160,28369176,52249936,427788,22370088,0,12806676,21003932,11033924,4956,1772752,20998976,0,0,8388604,8388604,0,0,60,0,11013628,446792,26084,1839692,2511332,1839692,671640,14752,57148,0,0,0,0,41230184,14753600,34359738367,86828,0,81200,0,0,0,0,0,0,0,0,0,0,0,2048,0,1493776,27707392,38797312
1775863418.002061,2061,ubuntu-rog,1,0,0,65683160,28372100,52252860,427788,22370088,0,12806676,21003932,11033924,4956,1772752,20998976,0,0,8388604,8388604,0,0,44,0,11013628,446792,26084,1839692,2511332,1839692,671640,14752,57148,0,0,0,0,41230184,14753600,34359738367,86828,0,81200,0,0,0,0,0,0,0,0,0,0,0,2048,0,1493776,27707392,38797312
1775863419.001294,1294,ubuntu-rog,1,0,0,65683160,28374608,52255368,427792,22370092,0,12806676,21003932,11033924,4956,1772752,20998976,0,0,8388604,8388604,0,0,56,0,11013628,446792,26084,1839692,2511332,1839692,671640,14752,57148,0,0,0,0,41230184,14753600,34359738367,86828,0,81200,0,0,0,0,0,0,0,0,0,0,0,2048,0,1493776,27707392,38797312
1775863420.001200,1200,ubuntu-rog,1,0,0,65683160,28376752,52257512,427792,22370096,0,12806676,21003932,11033924,4956,1772752,20998976,0,0,8388604,8388604,0,0,60,0,11013628,446792,26084,1839692,2511332,1839692,671640,14752,57148,0,0,0,0,41230184,14753600,34359738367,86828,0,81200,0,0,0,0,0,0,0,0,0,0,0,2048,0,1493776,27707392,38797312
1775863421.001505,1505,ubuntu-rog,1,0,0,65683160,28378908,52259668,427792,22370096,0,12806676,21003932,11033924,4956,1772752,20998976,0,0,8388604,8388604,0,0,60,0,11013628,446792,26084,1839692,2511332,1839692,671640,14752,57148,0,0,0,0,41230184,14753600,34359738367,86828,0,81200,0,0,0,0,0,0,0,0,0,0,0,2048,0,1493776,27707392,38797312
1775863422.002065,2065,ubuntu-rog,1,0,0,65683160,28380524,52261284,427792,22370096,0,12806676,21003932,11033924,4956,1772752,20998976,0,0,8388604,8388604,0,0,60,0,11013628,446792,26084,1839692,2511332,1839692,671640,14752,57148,0,0,0,0,41230184,14753600,34359738367,86828,0,81200,0,0,0,0,0,0,0,0,0,0,0,2048,0,1493776,27707392,38797312
1775863423.001065,1065,ubuntu-rog,1,0,0,65683160,28381828,52262588,427792,22370104,0,12806676,21003932,11033924,4956,1772752,20998976,0,0,8388604,8388604,0,0,72,0,11013628,446792,26084,1839692,2511332,1839692,671640,14752,57148,0,0,0,0,41230184,14753600,34359738367,86828,0,81200,0,0,0,0,0,0,0,0,0,0,0,2048,0,1493776,27707392,38797312
1775863424.001304,1304,ubuntu-rog,1,0,0,65683160,28383320,52264080,427792,22370108,0,12806676,21003932,11033924,4956,1772752,20998976,0,0,8388604,8388604,0,0,48,0,11013628,446792,26084,1839692,2511332,1839692,671640,14752,57148,0,0,0,0,41230184,14753600,34359738367,86828,0,81200,0,0,0,0,0,0,0,0,0,0,0,2048,0,1493776,27707392,38797312
1775863425.001201,1201,ubuntu-rog,1,0,0,65683160,28384224,52264984,427792,22370108,0,12806676,21003932,11033924,4956,1772752,20998976,0,0,8388604,8388604,0,0,60,0,11013628,446792,26084,1839692,2511332,1839692,671640,14752,57148,0,0,0,0,41230184,14753600,34359738367,86828,0,81200,0,0,0,0,0,0,0,0,0,0,0,2048,0,1493776,27707392,38797312
1775863426.002295,2295,ubuntu-rog,1,0,0,65683160,28385368,52266128,427792,22370108,0,12806676,21003932,11033924,4956,1772752,20998976,0,0,8388604,8388604,0,0,60,0,11013628,446792,26084,1839692,2511332,1839692,671640,14752,57148,0,0,0,0,41230184,14753600,34359738367,86828,0,81200,0,0,0,0,0,0,0,0,0,0,0,2048,0,1493776,27707392,38797312
1775863427.001059,1059,ubuntu-rog,1,0,0,65683160,28385964,52266724,427792,22370112,0,12806676,21003932,11033924,4956,1772752,20998976,0,0,8388604,8388604,0,0,64,0,11013628,446792,26084,1839692,2511332,1839692,671640,14752,57148,0,0,0,0,41230184,14753600,34359738367,86828,0,81200,0,0,0,0,0,0,0,0,0,0,0,2048,0,1493776,27707392,38797312
1775863428.001377,1377,ubuntu-rog,1,0,0,65683160,28386080,52266840,427792,22370112,0,12806676,21003932,11033924,4956,1772752,20998976,0,0,8388604,8388604,0,0,64,0,11013628,446792,26084,1839692,2511332,1839692,671640,14752,57148,0,0,0,0,41230184,14753600,34359738367,86828,0,81200,0,0,0,0,0,0,0,0,0,0,0,2048,0,1493776,27707392,38797312
1775863429.002304,2304,ubuntu-rog,1,0,0,65683160,28386080,52266840,427792,22370112,0,12806676,21003932,11033924,4956,1772752,20998976,0,0,8388604,8388604,0,0,64,0,11013628,446812,26084,1839692,2511332,1839692,671640,14752,57148,0,0,0,0,41230184,14753600,34359738367,86828,0,81200,0,0,0,0,0,0,0,0,0,0,0,2048,0,1493776,27707392,38797312
1775863430.001199,1199,ubuntu-rog,1,0,0,65683160,28386080,52266840,427796,22370120,0,12806676,21003932,11033924,4956,1772752,20998976,0,0,8388604,8388604,0,0,72,0,11013628,446812,26084,1839692,2511332,1839692,671640,14752,57148,0,0,0,0,41230184,14753600,34359738367,86828,0,81200,0,0,0,0,0,0,0,0,0,0,0,2048,0,1493776,27707392,38797312
1775863431.001297,1297,ubuntu-rog,1,0,0,65683160,28386080,52266840,427796,22370120,0,12806676,21003932,11033924,4956,1772752,20998976,0,0,8388604,8388604,0,0,72,0,11013628,446812,26084,1839692,2511332,1839692,671640,14752,57148,0,0,0,0,41230184,14753600,34359738367,86828,0,81200,0,0,0,0,0,0,0,0,0,0,0,2048,0,1493776,27707392,38797312
1775863432.001056,1056,ubuntu-rog,1,0,0,65683160,28386080,52266840,427796,22370120,0,12806676,21003932,11033924,4956,1772752,20998976,0,0,8388604,8388604,0,0,72,0,11013628,446812,26084,1839692,2511332,1839692,671640,14752,57148,0,0,0,0,41230184,14753600,34359738367,86828,0,81200,0,0,0,0,0,0,0,0,0,0,0,2048,0,1493776,27707392,38797312
1775863433.002062,2062,ubuntu-rog,1,0,0,65683160,28386080,52266840,427796,22370120,0,12806768,21003932,11034016,4956,1772752,20998976,0,0,8388604,8388604,0,0,68,0,11013628,446812,26084,1839692,2511332,1839692,671640,14752,57148,0,0,0,0,41230184,14753600,34359738367,86828,0,81200,0,0,0,0,0,0,0,0,0,0,0,2048,0,1493776,27707392,38797312
1775863434.001297,1297,ubuntu-rog,1,0,0,65683160,28386080,52266840,427796,22370124,0,12806768,21003932,11034016,4956,1772752,20998976,0,0,8388604,8388604,0,0,72,0,11013628,446812,26084,1839692,2511332,1839692,671640,14752,57148,0,0,0,0,41230184,14753600,34359738367,86828,0,81200,0,0,0,0,0,0,0,0,0,0,0,2048,0,1493776,27707392,38797312
1775863435.001187,1187,ubuntu-rog,1,0,0,65683160,28386080,52266840,427804,22370124,0,12806768,21003932,11034016,4956,1772752,20998976,0,0,8388604,8388604,0,0,80,0,11013628,446812,26084,1839692,2511332,1839692,671640,14752,57148,0,0,0,0,41230184,14753600,34359738367,86828,0,81200,0,0,0,0,0,0,0,0,0,0,0,2048,0,1493776,27707392,38797312
1775863436.001310,1310,ubuntu-rog,1,0,0,65683160,28386080,52266840,427804,22370132,0,12806768,21003932,11034016,4956,1772752,20998976,0,0,8388604,8388604,0,0,80,0,11013628,446812,26084,1839692,2511332,1839692,671640,14752,57148,0,0,0,0,41230184,14753600,34359738367,86828,0,81200,0,0,0,0,0,0,0,0,0,0,0,2048,0,1493776,27707392,38797312
1775863437.002060,2060,ubuntu-rog,1,0,0,65683160,28386080,52266840,427804,22370136,0,12806768,21003932,11034016,4956,1772752,20998976,0,0,8388604,8388604,0,0,84,0,11013628,446812,26084,1839692,2511332,1839692,671640,14752,57148,0,0,0,0,41230184,14753600,34359738367,86828,0,81200,0,0,0,0,0,0,0,0,0,0,0,2048,0,1493776,27707392,38797312
1775863438.002058,2058,ubuntu-rog,1,0,0,65683160,28386080,52266840,427804,22370136,0,12806768,21003932,11034016,4956,1772752,20998976,0,0,8388604,8388604,0,0,84,0,11013628,446812,26084,1839692,2511332,1839692,671640,14752,57148,0,0,0,0,41230184,14753600,34359738367,86828,0,81200,0,0,0,0,0,0,0,0,0,0,0,2048,0,1493776,27707392,38797312
1775863439.001300,1300,ubuntu-rog,1,0,0,65683160,28386080,52266840,427804,22370136,0,12806768,21003932,11034016,4956,1772752,20998976,0,0,8388604,8388604,0,0,84,0,11013628,446812,26084,1839692,2511332,1839692,671640,14752,57148,0,0,0,0,41230184,14753600,34359738367,86828,0,81200,0,0,0,0,0,0,0,0,0,0,0,2048,0,1493776,27707392,38797312
1775863440.001199,1199,ubuntu-rog,1,0,0,65683160,28386080,52266840,427808,22370132,0,12806768,21003932,11034016,4956,1772752,20998976,0,0,8388604,8388604,0,0,84,0,11013628,446812,26084,1839692,2511332,1839692,671640,14752,57148,0,0,0,0,41230184,14753600,34359738367,86828,0,81200,0,0,0,0,0,0,0,0,0,0,0,2048,0,1493776,27707392,38797312
1775863441.001301,1301,ubuntu-rog,1,0,0,65683160,28386080,52266840,427808,22370144,0,12806768,21003932,11034016,4956,1772752,20998976,0,0,8388604,8388604,0,0,92,0,11013628,446812,26084,1839692,2511332,1839692,671640,14752,57148,0,0,0,0,41230184,14753600,34359738367,86828,0,81200,0,0,0,0,0,0,0,0,0,0,0,2048,0,1493776,27707392,38797312
1775863442.001376,1376,ubuntu-rog,1,0,0,65683160,28386080,52266840,427808,22370144,0,12806768,21003932,11034016,4956,1772752,20998976,0,0,8388604,8388604,0,0,92,0,11013628,446812,26084,1839692,2511332,1839692,671640,14752,57148,0,0,0,0,41230184,14753600,34359738367,86828,0,81200,0,0,0,0,0,0,0,0,0,0,0,2048,0,1493776,27707392,38797312
1775863443.002067,2067,ubuntu-rog,1,0,0,65683160,28386080,52266840,427816,22370136,0,12806768,21003932,11034016,4956,1772752,20998976,0,0,8388604,8388604,0,0,92,0,11013628,446812,26084,1839692,2511332,1839692,671640,14752,57148,0,0,0,0,41230184,14753600,34359738367,86828,0,81200,0,0,0,0,0,0,0,0,0,0,0,2048,0,1493776,27707392,38797312
1775863444.001300,1300,ubuntu-rog,1,0,0,65683160,28386080,52266908,427816,22370148,0,12806768,21004000,11034016,4956,1772752,20999044,0,0,8388604,8388604,0,0,32,0,11013628,446812,26084,1839692,2511332,1839692,671640,14752,57148,0,0,0,0,41230184,14753600,34359738367,86828,0,81200,0,0,0,0,0,0,0,0,0,0,0,2048,0,1493776,27707392,38797312
1775863445.001204,1204,ubuntu-rog,1,0,0,65683160,28386080,52266908,427816,22370148,0,12806768,21004000,11034016,4956,1772752,20999044,0,0,8388604,8388604,0,0,32,0,11013628,446812,26084,1839692,2511332,1839692,671640,14752,57148,0,0,0,0,41230184,14753600,34359738367,86828,0,81200,0,0,0,0,0,0,0,0,0,0,0,2048,0,1493776,27707392,38797312
1775863446.001298,1298,ubuntu-rog,1,0,0,65683160,28386080,52266908,427824,22370144,0,12806768,21004000,11034016,4956,1772752,20999044,0,0,8388604,8388604,0,0,40,0,11013628,446812,26084,1839692,2511332,1839692,671640,14752,57148,0,0,0,0,41230184,14753600,34359738367,86828,0,81200,0,0,0,0,0,0,0,0,0,0,0,2048,0,1493776,27707392,38797312
1775863447.002053,2053,ubuntu-rog,1,0,0,65683160,28386080,52266928,427824,22370156,0,12806788,21004020,11034036,4956,1772752,20999064,0,0,8388604,8388604,0,0,60,0,11013628,446812,26084,1839692,2511332,1839692,671640,14752,57148,0,0,0,0,41230184,14753600,34359738367,86828,0,81200,0,0,0,0,0,0,0,0,0,0,0,2048,0,1493776,27707392,38797312
1775863448.001060,1060,ubuntu-rog,1,0,0,65683160,28386080,52266928,427824,22370160,0,12806788,21004020,11034036,4956,1772752,20999064,0,0,8388604,8388604,0,0,64,0,11013628,446812,26084,1839692,2511332,1839692,671640,14752,57148,0,0,0,0,41230184,14753600,34359738367,86828,0,81200,0,0,0,0,0,0,0,0,0,0,0,2048,0,1493776,27707392,38797312
1775863449.001504,1504,ubuntu-rog,1,0,0,65683160,28386080,52266928,427824,22370160,0,12806788,21004020,11034036,4956,1772752,20999064,0,0,8388604,8388604,0,0,64,0,11013644,446812,26084,1839692,2511332,1839692,671640,14752,57148,0,0,0,0,41230184,14753600,34359738367,86844,0,81200,0,0,0,0,0,0,0,0,0,0,0,2048,0,1493776,27707392,38797312
1775863450.002207,2207,ubuntu-rog,1,0,0,65683160,28392068,52272916,427824,22370160,0,12806788,21004020,11034036,4956,1772752,20999064,0,0,8388604,8388604,0,0,64,0,11013644,446812,26084,1839692,2511332,1839692,671640,14752,57148,0,0,0,0,41230184,14753600,34359738367,86844,0,81200,0,0,0,0,0,0,0,0,0,0,0,2048,0,1493776,27707392,38797312
1775863451.001302,1302,ubuntu-rog,1,0,0,65683160,28392068,52272916,427828,22370160,0,12806788,21004020,11034036,4956,1772752,20999064,0,0,8388604,8388604,0,0,68,0,11013644,446812,26084,1839692,2511332,1839692,671640,14752,57148,0,0,0,0,41230184,14753600,34359738367,86844,0,81200,0,0,0,0,0,0,0,0,0,0,0,2048,0,1493776,27707392,38797312
1775863452.001058,1058,ubuntu-rog,1,0,0,65683160,28392068,52272916,427828,22370168,0,12806788,21004020,11034036,4956,1772752,20999064,0,0,8388604,8388604,0,0,72,0,11013644,446812,26084,1839692,2511332,1839692,671640,14752,57148,0,0,0,0,41230184,14753600,34359738367,86844,0,81200,0,0,0,0,0,0,0,0,0,0,0,2048,0,1493776,27707392,38797312
1775863453.001065,1065,ubuntu-rog,1,0,0,65683160,28392068,52272916,427828,22370168,0,12806788,21004020,11034036,4956,1772752,20999064,0,0,8388604,8388604,0,0,72,0,11013644,446812,26084,1839692,2511332,1839692,671640,14752,57148,0,0,0,0,41230184,14753600,34359738367,86844,0,81200,0,0,0,0,0,0,0,0,0,0,0,2048,0,1493776,27707392,38797312
1775863454.002294,2294,ubuntu-rog,1,0,0,65683160,28392068,52272916,427828,22370172,0,12806788,21004020,11034036,4956,1772752,20999064,0,0,8388604,8388604,0,0,60,0,11013644,446812,26084,1839692,2511332,1839692,671640,14752,57148,0,0,0,0,41230184,14753600,34359738367,86844,0,81200,0,0,0,0,0,0,0,0,0,0,0,2048,0,1493776,27707392,38797312
1775863455.001201,1201,ubuntu-rog,1,0,0,65683160,28392068,52272916,427828,22370172,0,12806788,21004020,11034036,4956,1772752,20999064,0,0,8388604,8388604,0,0,32,0,11013644,446812,26084,1839692,2511332,1839692,671640,14752,57148,0,0,0,0,41230184,14753600,34359738367,86844,0,81200,0,0,0,0,0,0,0,0,0,0,0,2048,0,1493776,27707392,38797312
1775863456.001512,1512,ubuntu-rog,1,0,0,65683160,28392068,52272916,427828,22370172,0,12806788,21004020,11034036,4956,1772752,20999064,0,0,8388604,8388604,0,0,32,0,11013644,446812,26084,1839692,2511332,1839692,671640,14752,57148,0,0,0,0,41230184,14753600,34359738367,86844,0,81200,0,0,0,0,0,0,0,0,0,0,0,2048,0,1493776,27707392,38797312
1775863457.002065,2065,ubuntu-rog,1,0,0,65683160,28392320,52273168,427836,22370172,0,12806788,21004020,11034036,4956,1772752,20999064,0,0,8388604,8388604,0,0,48,0,11013644,446812,26084,1839692,2511332,1839692,671640,14752,57148,0,0,0,0,41230184,14753600,34359738367,86844,0,81200,0,0,0,0,0,0,0,0,0,0,0,2048,0,1493776,27707392,38797312
1775863458.001067,1067,ubuntu-rog,1,0,0,65683160,28392320,52273168,427836,22370180,0,12806788,21004020,11034036,4956,1772752,20999064,0,0,8388604,8388604,0,0,56,0,11013644,446812,26084,1839692,2511332,1839692,671640,14752,57148,0,0,0,0,41230184,14753600,34359738367,86844,0,81200,0,0,0,0,0,0,0,0,0,0,0,2048,0,1493776,27707392,38797312
1775863459.001297,1297,ubuntu-rog,1,0,0,65683160,28392320,52273168,427836,22370180,0,12806788,21004020,11034036,4956,1772752,20999064,0,0,8388604,8388604,0,0,56,0,11013644,446812,26084,1839692,2511332,1839692,671640,14752,57148,0,0,0,0,41230184,14753600,34359738367,86844,0,81200,0,0,0,0,0,0,0,0,0,0,0,2048,0,1493776,27707392,38797312
1775863460.001200,1200,ubuntu-rog,1,0,0,65683160,28392320,52273168,427836,22370184,0,12806788,21004020,11034036,4956,1772752,20999064,0,0,8388604,8388604,0,0,64,0,11013644,446812,26084,1839692,2511332,1839692,671640,14752,57148,0,0,0,0,41230184,14753600,34359738367,86844,0,81200,0,0,0,0,0,0,0,0,0,0,0,2048,0,1493776,27707392,38797312
1775863461.002294,2294,ubuntu-rog,1,0,0,65683160,28392320,52273168,427836,22370188,0,12806788,21004020,11034036,4956,1772752,20999064,0,0,8388604,8388604,0,0,68,0,11013644,446812,26084,1839692,2511332,1839692,671640,14752,57148,0,0,0,0,41230184,14753600,34359738367,86844,0,81200,0,0,0,0,0,0,0,0,0,0,0,2048,0,1493776,27707392,38797312
1775863462.001061,1061,ubuntu-rog,1,0,0,65683160,28392320,52273168,427844,22370180,0,12806788,21004020,11034036,4956,1772752,20999064,0,0,8388604,8388604,0,0,68,0,11013644,446812,26084,1839692,2511332,1839692,671640,14752,57148,0,0,0,0,41230184,14753600,34359738367,86844,0,81200,0,0,0,0,0,0,0,0,0,0,0,2048,0,1493776,27707392,38797312
1775863463.001380,1380,ubuntu-rog,1,0,0,65683160,28392320,52273168,427844,22370192,0,12806788,21004020,11034036,4956,1772752,20999064,0,0,8388604,8388604,0,0,72,0,11013644,446812,26084,1839692,2511332,1839692,671640,14752,57148,0,0,0,0,41230184,14753600,34359738367,86844,0,81200,0,0,0,0,0,0,0,0,0,0,0,2048,0,1493776,27707392,38797312
1775863464.002309,2309,ubuntu-rog,1,0,0,65683160,28392320,52273168,427844,22370192,0,12806788,21004020,11034036,4956,1772752,20999064,0,0,8388604,8388604,0,0,72,0,11013644,446812,26084,1839692,2511332,1839692,671640,14752,57148,0,0,0,0,41230184,14753772,34359738367,86844,0,81200,0,0,0,0,0,0,0,0,0,0,0,2048,0,1493776,27707392,38797312
1775863465.001198,1198,ubuntu-rog,1,0,0,65683160,28392068,52272916,427844,22370196,0,12806948,21004020,11034196,4956,1772752,20999064,0,0,8388604,8388604,0,0,76,0,11013864,446812,26084,1839692,2511332,1839692,671640,14752,57148,0,0,0,0,41230184,14753772,34359738367,86844,0,81200,0,0,0,0,0,0,0,0,0,0,0,2048,0,1493776,27707392,38797312
1775863466.001303,1303,ubuntu-rog,1,0,0,65683160,28392068,52272916,427844,22370196,0,12806948,21004020,11034196,4956,1772752,20999064,0,0,8388604,8388604,0,0,76,0,11013864,446812,26084,1839692,2511332,1839692,671640,14752,57148,0,0,0,0,41230184,14753772,34359738367,86844,0,81200,0,0,0,0,0,0,0,0,0,0,0,2048,0,1493776,27707392,38797312
1775863467.003055,3055,ubuntu-rog,1,0,0,65683160,28392068,52272916,427844,22370196,0,12806948,21004020,11034196,4956,1772752,20999064,0,0,8388604,8388604,0,0,76,0,11013864,446812,26084,1839692,2511332,1839692,671640,14752,57148,0,0,0,0,41230184,14753772,34359738367,86844,0,81200,0,0,0,0,0,0,0,0,0,0,0,2048,0,1493776,27707392,38797312
1775863468.001062,1062,ubuntu-rog,1,0,0,65683160,28392068,52272916,427848,22370200,0,12806948,21004020,11034196,4956,1772752,20999064,0,0,8388604,8388604,0,0,80,0,11013864,446812,26084,1839692,2511332,1839692,671640,14752,57148,0,0,0,0,41230184,14753772,34359738367,86844,0,81200,0,0,0,0,0,0,0,0,0,0,0,2048,0,1493776,27707392,38797312
1775863469.001297,1297,ubuntu-rog,1,0,0,65683160,28392068,52272916,427848,22370204,0,12806948,21004020,11034196,4956,1772752,20999064,0,0,8388604,8388604,0,0,84,0,11013864,446812,26084,1839692,2511332,1839692,671640,14752,57148,0,0,0,0,41230184,14753772,34359738367,86844,0,81200,0,0,0,0,0,0,0,0,0,0,0,2048,0,1493776,27707392,38797312
1775863470.001126,1126,ubuntu-rog,1,0,0,65683160,28392068,52272916,427848,22370204,0,12806948,21004020,11034196,4956,1772752,20999064,0,0,8388604,8388604,0,0,84,0,11013864,446812,26084,1839692,2511332,1839692,671640,14752,57148,0,0,0,0,41230184,14753772,34359738367,86844,0,81200,0,0,0,0,0,0,0,0,0,0,0,2048,0,1493776,27707392,38797312
1775863471.002304,2304,ubuntu-rog,1,0,0,65683160,28392068,52272916,427848,22370204,0,12806948,21004020,11034196,4956,1772752,20999064,0,0,8388604,8388604,0,0,84,0,11013864,446812,26084,1839692,2511332,1839692,671640,14752,57148,0,0,0,0,41230184,14753772,34359738367,86844,0,81200,0,0,0,0,0,0,0,0,0,0,0,2048,0,1493776,27707392,38797312
1775863472.001064,1064,ubuntu-rog,1,0,0,65683160,28392068,52272916,427848,22370212,0,12806948,21004020,11034196,4956,1772752,20999064,0,0,8388604,8388604,0,0,92,0,11013864,446812,26084,1839692,2511332,1839692,671640,14752,57148,0,0,0,0,41230184,14753772,34359738367,86844,0,81200,0,0,0,0,0,0,0,0,0,0,0,2048,0,1493776,27707392,38797312
1775863473.001067,1067,ubuntu-rog,1,0,0,65683160,28392068,52272916,427856,22370204,0,12806948,21004020,11034196,4956,1772752,20999064,0,0,8388604,8388604,0,0,92,0,11013864,446812,26084,1839692,2511332,1839692,671640,14752,57148,0,0,0,0,41230184,14753772,34359738367,86844,0,81200,0,0,0,0,0,0,0,0,0,0,0,2048,0,1493776,27707392,38797312
1775863474.002303,2303,ubuntu-rog,1,0,0,65683160,28392068,52272916,427856,22370216,0,12807056,21004020,11034304,4956,1772752,20999064,0,0,8388604,8388604,0,0,28,0,11013864,446812,26084,1839692,2511332,1839692,671640,14752,57148,0,0,0,0,41230184,14753772,34359738367,86844,0,81200,0,0,0,0,0,0,0,0,0,0,0,2048,0,1493776,27707392,38797312
1775863475.001197,1197,ubuntu-rog,1,0,0,65683160,28392068,52272916,427856,22370220,0,12807016,21004020,11034264,4956,1772752,20999064,0,0,8388604,8388604,0,0,36,0,11013844,446812,26084,1839692,2511332,1839692,671640,14752,57148,0,0,0,0,41230184,14753772,34359738367,86844,0,81200,0,0,0,0,0,0,0,0,0,0,0,2048,0,1493776,27707392,38797312
1775863476.001306,1306,ubuntu-rog,1,0,0,65683160,28392068,52272916,427856,22370220,0,12807016,21004020,11034264,4956,1772752,20999064,0,0,8388604,8388604,0,0,36,0,11013844,446812,26084,1839692,2511332,1839692,671640,14752,57148,0,0,0,0,41230184,14753772,34359738367,86844,0,81200,0,0,0,0,0,0,0,0,0,0,0,2048,0,1493776,27707392,38797312
1775863477.001383,1383,ubuntu-rog,1,0,0,65683160,28392068,52272916,427856,22370220,0,12807016,21004020,11034264,4956,1772752,20999064,0,0,8388604,8388604,0,0,36,0,11013844,446812,26084,1839692,2511332,1839692,671640,14752,57148,0,0,0,0,41230184,14753772,34359738367,86844,0,81200,0,0,0,0,0,0,0,0,0,0,0,2048,0,1493776,27707392,38797312
1775863478.002068,2068,ubuntu-rog,1,0,0,65683160,28392068,52272916,427864,22370212,0,12807016,21004020,11034264,4956,1772752,20999064,0,0,8388604,8388604,0,0,36,0,11013844,446812,26084,1839692,2511332,1839692,671640,14752,57148,0,0,0,0,41230184,14753772,34359738367,86844,0,81200,0,0,0,0,0,0,0,0,0,0,0,2048,0,1493776,27707392,38797312
1775863479.001316,1316,ubuntu-rog,1,0,0,65683160,28392068,52272916,427864,22370224,0,12807016,21004020,11034264,4956,1772752,20999064,0,0,8388604,8388604,0,0,56,0,11013844,446812,26084,1839692,2511332,1839692,671640,14752,57148,0,0,0,0,41230184,14753772,34359738367,86844,0,81200,0,0,0,0,0,0,0,0,0,0,0,2048,0,1493776,27707392,38797312
1775863480.001203,1203,ubuntu-rog,1,0,0,65683160,28392068,52272916,427864,22370228,0,12807016,21004020,11034264,4956,1772752,20999064,0,0,8388604,8388604,0,0,64,0,11013844,446812,26084,1839692,2511332,1839692,671640,14752,57148,0,0,0,0,41230184,14753772,34359738367,86844,0,81200,0,0,0,0,0,0,0,0,0,0,0,2048,0,1493776,27707392,38797312
1775863481.001309,1309,ubuntu-rog,1,0,0,65683160,28392068,52272916,427864,22370228,0,12807016,21004020,11034264,4956,1772752,20999064,0,0,8388604,8388604,0,0,64,0,11013844,446812,26084,1839692,2511332,1839692,671640,14752,57148,0,0,0,0,41230184,14753772,34359738367,86844,0,81200,0,0,0,0,0,0,0,0,0,0,0,2048,0,1493776,27707392,38797312
1775863482.002061,2061,ubuntu-rog,1,0,0,65683160,28392068,52272916,427864,22370232,0,12807016,21004020,11034264,4956,1772752,20999064,0,0,8388604,8388604,0,0,68,0,11013844,446812,26084,1839692,2511332,1839692,671640,14752,57148,0,0,0,0,41230184,14753772,34359738367,86844,0,81200,0,0,0,0,0,0,0,0,0,0,0,2048,0,1493776,27707392,38797312
1775863483.001068,1068,ubuntu-rog,1,0,0,65683160,28392068,52272916,427864,22370232,0,12807016,21004020,11034264,4956,1772752,20999064,0,0,8388604,8388604,0,0,68,0,11013844,446812,26084,1839692,2511332,1839692,671640,14752,57148,0,0,0,0,41230184,14753772,34359738367,86844,0,81200,0,0,0,0,0,0,0,0,0,0,0,2048,0,1493776,27707392,38797312
1775863484.001204,1204,ubuntu-rog,1,0,0,65683160,28392068,52272916,427872,22370228,0,12807016,21004020,11034264,4956,1772752,20999064,0,0,8388604,8388604,0,0,72,0,11013844,446812,26084,1839692,2511332,1839692,671640,14752,57148,0,0,0,0,41230184,14753772,34359738367,86844,0,81200,0,0,0,0,0,0,0,0,0,0,0,2048,0,1493776,27707392,38797312
1775863485.002202,2202,ubuntu-rog,1,0,0,65683160,28392068,52272916,427872,22370240,0,12807016,21004020,11034264,4956,1772752,20999064,0,0,8388604,8388604,0,0,76,0,11013844,446812,26084,1839692,2511332,1839692,671640,14752,57148,0,0,0,0,41230184,14753772,34359738367,86844,0,81200,0,0,0,0,0,0,0,0,0,0,0,2048,0,1493776,27707392,38797312
1775863486.001305,1305,ubuntu-rog,1,0,0,65683160,28392068,52272916,427872,22370244,0,12807016,21004020,11034264,4956,1772752,20999064,0,0,8388604,8388604,0,0,80,0,11013844,446812,26084,1839692,2511332,1839692,671640,14752,57148,0,0,0,0,41230184,14753772,34359738367,86844,0,81200,0,0,0,0,0,0,0,0,0,0,0,2048,0,1493776,27707392,38797312
1775863487.001065,1065,ubuntu-rog,1,0,0,65683160,28392068,52272916,427872,22370244,0,12807016,21004020,11034264,4956,1772752,20999064,0,0,8388604,8388604,0,0,80,0,11013844,446812,26084,1839692,2511332,1839692,671640,14752,57148,0,0,0,0,41230184,14753772,34359738367,86844,0,81200,0,0,0,0,0,0,0,0,0,0,0,2048,0,1493776,27707392,38797312
1775863488.004062,4062,ubuntu-rog,1,0,0,65683160,28392068,52272916,427872,22370244,0,12807016,21004020,11034264,4956,1772752,20999064,0,0,8388604,8388604,0,0,48,0,11013844,446812,26084,1839692,2511332,1839692,671640,14752,57148,0,0,0,0,41230184,14753772,34359738367,86844,0,81200,0,0,0,0,0,0,0,0,0,0,0,2048,0,1493776,27707392,38797312
1775863489.001301,1301,ubuntu-rog,1,0,0,65683160,28392068,52272916,427880,22370240,0,12807016,21004020,11034264,4956,1772752,20999064,0,0,8388604,8388604,0,0,52,0,11013844,446812,26084,1839692,2511332,1839692,671640,14752,57148,0,0,0,0,41230184,14753772,34359738367,86844,0,81200,0,0,0,0,0,0,0,0,0,0,0,2048,0,1493776,27707392,38797312
1775863490.001202,1202,ubuntu-rog,1,0,0,65683160,28392068,52272916,427880,22370248,0,12807016,21004020,11034264,4956,1772752,20999064,0,0,8388604,8388604,0,0,60,0,11013844,446812,26084,1839692,2511332,1839692,671640,14752,57148,0,0,0,0,41230184,14753772,34359738367,86844,0,81200,0,0,0,0,0,0,0,0,0,0,0,2048,0,1493776,27707392,38797312
1775863491.001507,1507,ubuntu-rog,1,0,0,65683160,28392068,52272916,427880,22370252,0,12807016,21004020,11034264,4956,1772752,20999064,0,0,8388604,8388604,0,0,64,0,11013844,446812,26084,1839692,2511332,1839692,671640,14752,57148,0,0,0,0,41230184,14753772,34359738367,86844,0,81200,0,0,0,0,0,0,0,0,0,0,0,2048,0,1493776,27707392,38797312
1775863492.002065,2065,ubuntu-rog,1,0,0,65683160,28392068,52272916,427880,22370256,0,12807016,21004020,11034264,4956,1772752,20999064,0,0,8388604,8388604,0,0,68,0,11013844,446812,26084,1839692,2511332,1839692,671640,14752,57148,0,0,0,0,41230184,14753772,34359738367,86844,0,81200,0,0,0,0,0,0,0,0,0,0,0,2048,0,1493776,27707392,38797312
1775863493.001070,1070,ubuntu-rog,1,0,0,65683160,28392068,52272916,427880,22370256,0,12807016,21004020,11034264,4956,1772752,20999064,0,0,8388604,8388604,0,0,68,0,11013844,446812,26084,1839692,2511332,1839692,671640,14752,57148,0,0,0,0,41230184,14753772,34359738367,86844,0,81200,0,0,0,0,0,0,0,0,0,0,0,2048,0,1493776,27707392,38797312
1775863494.001307,1307,ubuntu-rog,1,0,0,65683160,28392068,52272916,427880,22370256,0,12807016,21004020,11034264,4956,1772752,20999064,0,0,8388604,8388604,0,0,68,0,11013844,446812,26084,1839692,2511332,1839692,671640,14752,57148,0,0,0,0,41230184,14753772,34359738367,86844,0,81200,0,0,0,0,0,0,0,0,0,0,0,2048,0,1493776,27707392,38797312
1775863495.001203,1203,ubuntu-rog,1,0,0,65683160,28392068,52272968,427888,22370248,0,12807016,21004072,11034264,4956,1772752,20999116,0,0,8388604,8388604,0,0,52,0,11013844,446812,26084,1839692,2511332,1839692,671640,14752,57148,0,0,0,0,41230184,14753772,34359738367,86844,0,81200,0,0,0,0,0,0,0,0,0,0,0,2048,0,1493776,27707392,38797312
1775863496.002303,2303,ubuntu-rog,1,0,0,65683160,28392068,52272968,427888,22370264,0,12807016,21004072,11034264,4956,1772752,20999116,0,0,8388604,8388604,0,0,88,0,11013844,446812,26084,1839692,2511332,1839692,671640,14752,57148,0,0,0,0,41230184,14753772,34359738367,86844,0,81200,0,0,0,0,0,0,0,0,0,0,0,2048,0,1493776,27707392,38797312
1775863497.001068,1068,ubuntu-rog,1,0,0,65683160,28392068,52272968,427888,22370268,0,12807016,21004072,11034264,4956,1772752,20999116,0,0,8388604,8388604,0,0,92,0,11013844,446812,26084,1839692,2511332,1839692,671640,14752,57148,0,0,0,0,41230184,14753772,34359738367,86844,0,81200,0,0,0,0,0,0,0,0,0,0,0,2048,0,1493776,27707392,38797312
1775863498.001388,1388,ubuntu-rog,1,0,0,65683160,28392068,52272968,427888,22370268,0,12807016,21004072,11034264,4956,1772752,20999116,0,0,8388604,8388604,0,0,92,0,11013844,446812,26084,1839692,2511332,1839692,671640,14752,57148,0,0,0,0,41230184,14753772,34359738367,86844,0,81200,0,0,0,0,0,0,0,0,0,0,0,2048,0,1493776,27707392,38797312
1775863499.002302,2302,ubuntu-rog,1,0,0,65683160,28392068,52272968,427888,22370272,0,12807016,21004072,11034264,4956,1772752,20999116,0,0,8388604,8388604,0,0,96,0,11013844,446812,26084,1839692,2511332,1839692,671640,14752,57148,0,0,0,0,41230184,14753772,34359738367,86844,0,81200,0,0,0,0,0,0,0,0,0,0,0,2048,0,1493776,27707392,38797312
1775863500.001208,1208,ubuntu-rog,1,0,0,65683160,28392068,52272968,427888,22370272,0,12807016,21004072,11034264,4956,1772752,20999116,0,0,8388604,8388604,0,0,96,0,11013844,446812,26084,1839692,2511332,1839692,671640,14752,57148,0,0,0,0,41230184,14753772,34359738367,86844,0,81200,0,0,0,0,0,0,0,0,0,0,0,2048,0,1493776,27707392,38797312
1775863501.001305,1305,ubuntu-rog,1,0,0,65683160,28392068,52272968,427896,22370264,0,12807016,21004072,11034264,4956,1772752,20999116,0,0,8388604,8388604,0,0,96,0,11013844,446812,26084,1839692,2511332,1839692,671640,14752,57148,0,0,0,0,41230184,14753772,34359738367,86844,0,81200,0,0,0,0,0,0,0,0,0,0,0,2048,0,1493776,27707392,38797312
1775863502.001067,1067,ubuntu-rog,1,0,0,65683160,28391816,52272716,427900,22370276,0,12807172,21004072,11034420,4956,1772752,20999116,0,0,8388604,8388604,0,0,320,0,11013844,446812,26084,1839692,2511364,1839692,671672,14752,57148,0,0,0,0,41230184,14753772,34359738367,86860,0,81200,0,0,0,0,0,0,0,0,0,0,0,2048,0,1493776,27707392,38797312
1775863503.002061,2061,ubuntu-rog,1,0,0,65683160,28391816,52272824,427900,22370280,0,12807188,21004180,11034436,4956,1772752,20999224,0,0,8388604,8388604,0,0,324,0,11013844,446812,26084,1839692,2511364,1839692,671672,14752,57148,0,0,0,0,41230184,14753772,34359738367,86860,0,81200,0,0,0,0,0,0,0,0,0,0,0,2048,0,1493776,27707392,38797312
1775863504.001307,1307,ubuntu-rog,1,0,0,65683160,28391816,52272824,427900,22370280,0,12807188,21004180,11034436,4956,1772752,20999224,0,0,8388604,8388604,0,0,324,0,11013844,446812,26084,1839692,2511364,1839692,671672,14752,57148,0,0,0,0,41230184,14753772,34359738367,86860,0,81200,0,0,0,0,0,0,0,0,0,0,0,2048,0,1493776,27707392,38797312
1775863505.001184,1184,ubuntu-rog,1,0,0,65683160,28391816,52272828,427904,22370280,0,12807188,21004184,11034436,4956,1772752,20999228,0,0,8388604,8388604,0,0,260,0,11013844,446812,26084,1839692,2511364,1839692,671672,14752,57148,0,0,0,0,41230184,14753772,34359738367,86860,0,81200,0,0,0,0,0,0,0,0,0,0,0,2048,0,1493776,27707392,38797312
1775863506.004306,4306,ubuntu-rog,1,0,0,65683160,28391816,52272828,427904,22370284,0,12807188,21004184,11034436,4956,1772752,20999228,0,0,8388604,8388604,0,0,268,0,11013844,446812,26084,1839692,2511364,1839692,671672,14752,57148,0,0,0,0,41230184,14753772,34359738367,86860,0,81200,0,0,0,0,0,0,0,0,0,0,0,2048,0,1493776,27707392,38797312
1775863507.001067,1067,ubuntu-rog,1,0,0,65683160,28391816,52272828,427912,22370276,0,12807188,21004184,11034436,4956,1772752,20999228,0,0,8388604,8388604,0,0,268,0,11013844,446812,26084,1839692,2511364,1839692,671672,14752,57148,0,0,0,0,41230184,14753772,34359738367,86860,0,81200,0,0,0,0,0,0,0,0,0,0,0,2048,0,1493776,27707392,38797312
1775863508.001072,1072,ubuntu-rog,1,0,0,65683160,28391564,52272580,427912,22370288,0,12807188,21004184,11034436,4956,1772752,20999228,0,0,8388604,8388604,0,0,292,0,11013844,446812,26084,1839696,2511368,1839696,671672,14752,57148,0,0,0,0,41230184,14753772,34359738367,86860,0,81200,0,0,0,0,0,0,0,0,0,0,0,2048,0,1493776,27707392,38797312
1775863509.001302,1302,ubuntu-rog,1,0,0,65683160,28391564,52272580,427912,22370292,0,12807188,21004184,11034436,4956,1772752,20999228,0,0,8388604,8388604,0,0,296,0,11013844,446812,26084,1839696,2511368,1839696,671672,14752,57148,0,0,0,0,41230184,14753772,34359738367,86860,0,81200,0,0,0,0,0,0,0,0,0,0,0,2048,0,1493776,27707392,38797312
1775863510.001207,1207,ubuntu-rog,1,0,0,65683160,28391564,52272580,427912,22370296,0,12807188,21004184,11034436,4956,1772752,20999228,0,0,8388604,8388604,0,0,300,0,11013844,446812,26084,1839696,2511368,1839696,671672,14752,57148,0,0,0,0,41230184,14753772,34359738367,86860,0,81200,0,0,0,0,0,0,0,0,0,0,0,2048,0,1493776,27707392,38797312
1775863511.001305,1305,ubuntu-rog,1,0,0,65683160,28391564,52272580,427912,22370296,0,12807016,21004184,11034264,4956,1772752,20999228,0,0,8388604,8388604,0,0,300,0,11013672,446812,26084,1839696,2511368,1839696,671672,14752,57148,0,0,0,0,41230184,14753600,34359738367,86860,0,81200,0,0,0,0,0,0,0,0,0,0,0,2048,0,1493776,27707392,38797312
1775863512.001390,1390,ubuntu-rog,1,0,0,65683160,28391564,52272580,427912,22370296,0,12807016,21004184,11034264,4956,1772752,20999228,0,0,8388604,8388604,0,0,300,0,11013672,446812,26084,1839696,2511368,1839696,671672,14752,57148,0,0,0,0,41230184,14753600,34359738367,86860,0,81200,0,0,0,0,0,0,0,0,0,0,0,2048,0,1493776,27707392,38797312
1775863513.002067,2067,ubuntu-rog,1,0,0,65683160,28391564,52272580,427920,22370304,0,12807016,21004184,11034264,4956,1772752,20999228,0,0,8388604,8388604,0,0,308,0,11013672,446812,26084,1839696,2511368,1839696,671672,14736,57148,0,0,0,0,41230184,14753600,34359738367,86860,0,81200,0,0,0,0,0,0,0,0,0,0,0,2048,0,1493776,27707392,38797312
1775863514.001308,1308,ubuntu-rog,1,0,0,65683160,28391564,52272580,427920,22370304,0,12807016,21004184,11034264,4956,1772752,20999228,0,0,8388604,8388604,0,0,308,0,11013672,446812,26084,1839696,2511368,1839696,671672,14736,57148,0,0,0,0,41230184,14753600,34359738367,86860,0,81200,0,0,0,0,0,0,0,0,0,0,0,2048,0,1493776,27707392,38797312
1775863515.001207,1207,ubuntu-rog,1,0,0,65683160,28391564,52272580,427920,22370304,0,12807016,21004184,11034264,4956,1772752,20999228,0,0,8388604,8388604,0,0,308,0,11013672,446812,26084,1839696,2511368,1839696,671672,14736,57148,0,0,0,0,41230184,14753600,34359738367,86860,0,81200,0,0,0,0,0,0,0,0,0,0,0,2048,0,1493776,27707392,38797312
1775863516.001307,1307,ubuntu-rog,1,0,0,65683160,28391564,52272580,427920,22370304,0,12807016,21004184,11034264,4956,1772752,20999228,0,0,8388604,8388604,0,0,308,0,11013672,446812,26084,1839696,2511368,1839696,671672,14736,57148,0,0,0,0,41230184,14753600,34359738367,86860,0,81200,0,0,0,0,0,0,0,0,0,0,0,2048,0,1493776,27707392,38797312
1775863517.002058,2058,ubuntu-rog,1,0,0,65683160,28391564,52272580,427920,22370308,0,12807016,21004184,11034264,4956,1772752,20999228,0,0,8388604,8388604,0,0,312,0,11013672,446812,26084,1839696,2511368,1839696,671672,14736,57148,0,0,0,0,41230184,14753600,34359738367,86860,0,81200,0,0,0,0,0,0,0,0,0,0,0,2048,0,1493776,27707392,38797312
1775863518.001066,1066,ubuntu-rog,1,0,0,65683160,28391564,52272580,427920,22370308,0,12807016,21004184,11034264,4956,1772752,20999228,0,0,8388604,8388604,0,0,312,0,11013672,446812,26084,1839696,2511368,1839696,671672,14736,57148,0,0,0,0,41230184,14753600,34359738367,86860,0,81200,0,0,0,0,0,0,0,0,0,0,0,2048,0,1493776,27707392,38797312
1775863519.001338,1338,ubuntu-rog,1,0,0,65683160,28391564,52272580,427920,22370312,0,12807016,21004184,11034264,4956,1772752,20999228,0,0,8388604,8388604,0,0,316,0,11013672,446812,26084,1839696,2511368,1839696,671672,14736,57148,0,0,0,0,41230184,14753600,34359738367,86860,0,81200,0,0,0,0,0,0,0,0,0,0,0,2048,0,1493776,27707392,38797312
1775863520.002206,2206,ubuntu-rog,1,0,0,65683160,28391564,52272580,427920,22370316,0,12807016,21004184,11034264,4956,1772752,20999228,0,0,8388604,8388604,0,0,252,0,11013672,446812,26084,1839696,2511368,1839696,671672,14736,57148,0,0,0,0,41230184,14753600,34359738367,86860,0,81200,0,0,0,0,0,0,0,0,0,0,0,2048,0,1493776,27707392,38797312
1775863521.001308,1308,ubuntu-rog,1,0,0,65683160,28391564,52272580,427920,22370320,0,12807016,21004184,11034264,4956,1772752,20999228,0,0,8388604,8388604,0,0,256,0,11013672,446812,26084,1839696,2511368,1839696,671672,14736,57148,0,0,0,0,41230184,14753600,34359738367,86860,0,81200,0,0,0,0,0,0,0,0,0,0,0,2048,0,1493776,27707392,38797312
1775863522.001062,1062,ubuntu-rog,1,0,0,65683160,28391564,52272580,427920,22370320,0,12807016,21004184,11034264,4956,1772752,20999228,0,0,8388604,8388604,0,0,256,0,11013672,446812,26084,1839696,2511368,1839696,671672,14736,57148,0,0,0,0,41230184,14753600,34359738367,86860,0,81200,0,0,0,0,0,0,0,0,0,0,0,2048,0,1493776,27707392,38797312
1775863523.001063,1063,ubuntu-rog,1,0,0,65683160,28391564,52272580,427920,22370320,0,12807016,21004184,11034264,4956,1772752,20999228,0,0,8388604,8388604,0,0,256,0,11013672,446812,26084,1839696,2511368,1839696,671672,14736,57148,0,0,0,0,41230184,14753600,34359738367,86860,0,81200,0,0,0,0,0,0,0,0,0,0,0,2048,0,1493776,27707392,38797312
1775863524.002295,2295,ubuntu-rog,1,0,0,65683160,28391564,52272704,427920,22370324,0,12807016,21004308,11034264,4956,1772752,20999352,0,0,8388604,8388604,0,0,260,0,11013672,446812,26084,1839696,2511368,1839696,671672,14736,57148,0,0,0,0,41230184,14753600,34359738367,86860,0,81200,0,0,0,0,0,0,0,0,0,0,0,2048,0,1493776,27707392,38797312
1775863525.001199,1199,ubuntu-rog,1,0,0,65683160,28391564,52272704,427920,22370328,0,12807016,21004308,11034264,4956,1772752,20999352,0,0,8388604,8388604,0,0,272,0,11013672,446812,26084,1839696,2511368,1839696,671672,14736,57148,0,0,0,0,41230184,14753600,34359738367,86860,0,81200,0,0,0,0,0,0,0,0,0,0,0,2048,0,1493776,27707392,38797312
1775863526.001295,1295,ubuntu-rog,1,0,0,65683160,28391564,52272704,427920,22370328,0,12807016,21004308,11034264,4956,1772752,20999352,0,0,8388604,8388604,0,0,272,0,11013672,446812,26084,1839696,2511368,1839696,671672,14736,57148,0,0,0,0,41230184,14753600,34359738367,86860,0,81200,0,0,0,0,0,0,0,0,0,0,0,2048,0,1493776,27707392,38797312
1775863527.001069,1069,ubuntu-rog,1,0,0,65683160,28391564,52272704,427920,22370332,0,12807016,21004308,11034264,4956,1772752,20999352,0,0,8388604,8388604,0,0,276,0,11013672,446812,26084,1839696,2511368,1839696,671672,14736,57148,0,0,0,0,41230184,14753600,34359738367,86860,0,81200,0,0,0,0,0,0,0,0,0,0,0,2048,0,1493776,27707392,38797312
1775863528.002066,2066,ubuntu-rog,1,0,0,65683160,28391564,52272704,427920,22370332,0,12807016,21004308,11034264,4956,1772752,20999352,0,0,8388604,8388604,0,0,276,0,11013672,446812,26084,1839696,2511368,1839696,671672,14736,57148,0,0,0,0,41230184,14753600,34359738367,86860,0,81200,0,0,0,0,0,0,0,0,0,0,0,2048,0,1493776,27707392,38797312
1775863529.001307,1307,ubuntu-rog,1,0,0,65683160,28391564,52272704,427928,22370324,0,12807016,21004308,11034264,4956,1772752,20999352,0,0,8388604,8388604,0,0,276,0,11013672,446812,26084,1839696,2511368,1839696,671672,14736,57148,0,0,0,0,41230184,14753600,34359738367,86860,0,81200,0,0,0,0,0,0,0,0,0,0,0,2048,0,1493776,27707392,38797312
1775863530.001206,1206,ubuntu-rog,1,0,0,65683160,28391564,52272704,427928,22370340,0,12807140,21004308,11034388,4956,1772752,20999352,0,0,8388604,8388604,0,0,284,0,11013872,446812,26084,1839696,2511368,1839696,671672,14736,57148,0,0,0,0,41230184,14753600,34359738367,86860,0,81200,0,0,0,0,0,0,0,0,0,0,0,2048,0,1493776,27707392,38797312
1775863531.001313,1313,ubuntu-rog,1,0,0,65683160,28391564,52272720,427928,22370340,0,12807140,21004324,11034388,4956,1772752,20999368,0,0,8388604,8388604,0,0,268,0,11013872,446812,26084,1839696,2511368,1839696,671672,14736,57148,0,0,0,0,41230184,14753600,34359738367,86860,0,81200,0,0,0,0,0,0,0,0,0,0,0,2048,0,1493776,27707392,38797312
1775863532.002063,2063,ubuntu-rog,1,0,0,65683160,28391564,52272720,427928,22370340,0,12807140,21004324,11034388,4956,1772752,20999368,0,0,8388604,8388604,0,0,268,0,11013872,446812,26084,1839696,2511368,1839696,671672,14736,57148,0,0,0,0,41230184,14753600,34359738367,86860,0,81200,0,0,0,0,0,0,0,0,0,0,0,2048,0,1493776,27707392,38797312
1775863533.001077,1077,ubuntu-rog,1,0,0,65683160,28391564,52272720,427928,22370344,0,12807216,21004324,11034464,4956,1772752,20999368,0,0,8388604,8388604,0,0,76,0,11013872,446812,26084,1839696,2511368,1839696,671672,14736,57148,0,0,0,0,41230184,14753600,34359738367,86860,0,81200,0,0,0,0,0,0,0,0,0,0,0,2048,0,1493776,27707392,38797312
1775863534.002312,2312,ubuntu-rog,1,0,0,65683160,28391564,52272720,427932,22370344,0,12807216,21004324,11034464,4956,1772752,20999368,0,0,8388604,8388604,0,0,80,0,11013872,446812,26084,1839696,2511368,1839696,671672,14736,57148,0,0,0,0,41230184,14753600,34359738367,86860,0,81200,0,0,0,0,0,0,0,0,0,0,0,2048,0,1493776,27707392,38797312
1775863535.001210,1210,ubuntu-rog,1,0,0,65683160,28391312,52272472,427932,22370348,0,12807216,21004324,11034464,4956,1772752,20999368,0,0,8388604,8388604,0,0,100,0,11013872,446812,26084,1839700,2511372,1839700,671672,14736,57148,0,0,0,0,41230184,14753600,34359738367,86860,0,81200,0,0,0,0,0,0,0,0,0,0,0,2048,0,1493776,27707392,38797312
1775863536.001302,1302,ubuntu-rog,1,0,0,65683160,28391312,52272476,427932,22370352,0,12807216,21004328,11034464,4956,1772752,20999372,0,0,8388604,8388604,0,0,44,0,11013872,446812,26084,1839700,2511372,1839700,671672,14736,57148,0,0,0,0,41230184,14753600,34359738367,86860,0,81200,0,0,0,0,0,0,0,0,0,0,0,2048,0,1493776,27707392,38797312
1775863537.001065,1065,ubuntu-rog,1,0,0,65683160,28391312,52272476,427940,22370348,0,12807216,21004328,11034464,4956,1772752,20999372,0,0,8388604,8388604,0,0,52,0,11013872,446812,26084,1839700,2511372,1839700,671672,14736,57148,0,0,0,0,41230184,14753600,34359738367,86860,0,81200,0,0,0,0,0,0,0,0,0,0,0,2048,0,1493776,27707392,38797312
1775863538.002065,2065,ubuntu-rog,1,0,0,65683160,28391312,52272560,427992,22370356,0,12807340,21004408,11034588,4956,1772752,20999452,0,0,8388604,8388604,0,0,148,0,11013872,446812,26084,1839704,2511376,1839704,671672,14736,57148,0,0,0,0,41230184,14753600,34359738367,86860,0,81200,0,0,0,0,0,0,0,0,0,0,0,2048,0,1493776,27707392,38797312
1775863539.001309,1309,ubuntu-rog,1,0,0,65683160,28391312,52272560,427992,22370356,0,12807340,21004408,11034588,4956,1772752,20999452,0,0,8388604,8388604,0,0,148,0,11013872,446812,26084,1839704,2511376,1839704,671672,14736,57148,0,0,0,0,41230184,14753600,34359738367,86860,0,81200,0,0,0,0,0,0,0,0,0,0,0,2048,0,1493776,27707392,38797312
1775863540.001469,1469,ubuntu-rog,1,0,0,65683160,28391312,52272560,427992,22370356,0,12807340,21004408,11034588,4956,1772752,20999452,0,0,8388604,8388604,0,0,148,0,11013872,446812,26084,1839704,2511376,1839704,671672,14736,57148,0,0,0,0,41230184,14753600,34359738367,86860,0,81200,0,0,0,0,0,0,0,0,0,0,0,2048,0,1493776,27707392,38797312
1775863541.002309,2309,ubuntu-rog,1,0,0,65683160,28391312,52272560,427992,22370364,0,12807340,21004408,11034588,4956,1772752,20999452,0,0,8388604,8388604,0,0,156,0,11013872,446812,26084,1839704,2511376,1839704,671672,14736,57148,0,0,0,0,41230184,14753600,34359738367,86860,0,81200,0,0,0,0,0,0,0,0,0,0,0,2048,0,1493776,27707392,38797312
1775863542.001066,1066,ubuntu-rog,1,0,0,65683160,28391312,52272560,427992,22370364,0,12807340,21004408,11034588,4956,1772752,20999452,0,0,8388604,8388604,0,0,156,0,11013872,446812,26084,1839704,2511376,1839704,671672,14736,57148,0,0,0,0,41230184,14753600,34359738367,86860,0,81200,0,0,0,0,0,0,0,0,0,0,0,2048,0,1493776,27707392,38797312
1775863543.001068,1068,ubuntu-rog,1,0,0,65683160,28391312,52272560,427996,22370364,0,12807340,21004408,11034588,4956,1772752,20999452,0,0,8388604,8388604,0,0,156,0,11013872,446812,26084,1839704,2511376,1839704,671672,14736,57148,0,0,0,0,41230184,14753600,34359738367,86860,0,81200,0,0,0,0,0,0,0,0,0,0,0,2048,0,1493776,27707392,38797312
1775863544.001311,1311,ubuntu-rog,1,0,0,65683160,28391312,52272560,427996,22370368,0,12807340,21004408,11034588,4956,1772752,20999452,0,0,8388604,8388604,0,0,160,0,11013872,446812,26084,1839704,2511376,1839704,671672,14736,57148,0,0,0,0,41230184,14753600,34359738367,86860,0,81200,0,0,0,0,0,0,0,0,0,0,0,2048,0,1493776,27707392,38797312
1775863545.002203,2203,ubuntu-rog,1,0,0,65683160,28391312,52272560,427996,22370372,0,12807340,21004408,11034588,4956,1772752,20999452,0,0,8388604,8388604,0,0,164,0,11013872,446812,26084,1839704,2511376,1839704,671672,14736,57148,0,0,0,0,41230184,14753600,34359738367,86860,0,81200,0,0,0,0,0,0,0,0,0,0,0,2048,0,1493776,27707392,38797312
1775863546.001306,1306,ubuntu-rog,1,0,0,65683160,28391312,52272560,427996,22370372,0,12807340,21004408,11034588,4956,1772752,20999452,0,0,8388604,8388604,0,0,164,0,11013872,446812,26084,1839704,2511376,1839704,671672,14736,57148,0,0,0,0,41230184,14753600,34359738367,86860,0,81200,0,0,0,0,0,0,0,0,0,0,0,2048,0,1493776,27707392,38797312
1775863547.001358,1358,ubuntu-rog,1,0,0,65683160,28391312,52272560,427996,22370376,0,12807340,21004408,11034588,4956,1772752,20999452,0,0,8388604,8388604,0,0,168,0,11013872,446812,26084,1839704,2511376,1839704,671672,14736,57148,0,0,0,0,41230184,14753600,34359738367,86860,0,81200,0,0,0,0,0,0,0,0,0,0,0,2048,0,1493776,27707392,38797312
1775863548.002067,2067,ubuntu-rog,1,0,0,65683160,28391312,52272560,427996,22370380,0,12807340,21004408,11034588,4956,1772752,20999452,0,0,8388604,8388604,0,0,172,0,11013872,446812,26084,1839704,2511376,1839704,671672,14736,57148,0,0,0,0,41230184,14753600,34359738367,86860,0,81200,0,0,0,0,0,0,0,0,0,0,0,2048,0,1493776,27707392,38797312
1775863549.001311,1311,ubuntu-rog,1,0,0,65683160,28391312,52272560,427996,22370380,0,12807340,21004408,11034588,4956,1772752,20999452,0,0,8388604,8388604,0,0,172,0,11013872,446812,26084,1839704,2511376,1839704,671672,14736,57148,0,0,0,0,41230184,14753600,34359738367,86860,0,81200,0,0,0,0,0,0,0,0,0,0,0,2048,0,1493776,27707392,38797312
1775863550.003204,3204,ubuntu-rog,1,0,0,65683160,28391312,52272560,427996,22370380,0,12807340,21004408,11034588,4956,1772752,20999452,0,0,8388604,8388604,0,0,172,0,11013872,446812,26084,1839704,2511376,1839704,671672,14736,57148,0,0,0,0,41230184,14753600,34359738367,86860,0,81200,0,0,0,0,0,0,0,0,0,0,0,2048,0,1493776,27707392,38797312
1775863551.001304,1304,ubuntu-rog,1,0,0,65683160,28391312,52272560,427996,22370384,0,12807340,21004408,11034588,4956,1772752,20999452,0,0,8388604,8388604,0,0,176,0,11013872,446812,26084,1839704,2511376,1839704,671672,14736,57148,0,0,0,0,41230184,14753600,34359738367,86860,0,81200,0,0,0,0,0,0,0,0,0,0,0,2048,0,1493776,27707392,38797312
1775863552.001066,1066,ubuntu-rog,1,0,0,65683160,28391312,52272560,427996,22370388,0,12807340,21004408,11034588,4956,1772752,20999452,0,0,8388604,8388604,0,0,180,0,11013872,446812,26084,1839704,2511376,1839704,671672,14736,57148,0,0,0,0,41230184,14753600,34359738367,86860,0,81200,0,0,0,0,0,0,0,0,0,0,0,2048,0,1493776,27707392,38797312
1775863553.001071,1071,ubuntu-rog,1,0,0,65683160,28391312,52272560,428000,22370384,0,12807340,21004408,11034588,4956,1772752,20999452,0,0,8388604,8388604,0,0,180,0,11013872,446812,26084,1839704,2511376,1839704,671672,14736,57148,0,0,0,0,41230184,14753600,34359738367,86860,0,81200,0,0,0,0,0,0,0,0,0,0,0,2048,0,1493776,27707392,38797312
1775863554.001202,1202,ubuntu-rog,1,0,0,65683160,28391312,52272560,428000,22370388,0,12807340,21004408,11034588,4956,1772752,20999452,0,0,8388604,8388604,0,0,180,0,11013872,446812,26084,1839704,2511376,1839704,671672,14736,57148,0,0,0,0,41230184,14753600,34359738367,86860,0,81200,0,0,0,0,0,0,0,0,0,0,0,2048,0,1493776,27707392,38797312
1775863555.002198,2198,ubuntu-rog,1,0,0,65683160,28391312,52272560,428000,22370392,0,12807340,21004408,11034588,4956,1772752,20999452,0,0,8388604,8388604,0,0,60,0,11013872,446812,26084,1839704,2511376,1839704,671672,14736,57148,0,0,0,0,41230184,14753600,34359738367,86860,0,81200,0,0,0,0,0,0,0,0,0,0,0,2048,0,1493776,27707392,38797312
1775863556.001305,1305,ubuntu-rog,1,0,0,65683160,28391312,52272560,428000,22370392,0,12807340,21004408,11034588,4956,1772752,20999452,0,0,8388604,8388604,0,0,60,0,11013872,446812,26084,1839704,2511376,1839704,671672,14736,57148,0,0,0,0,41230184,14753600,34359738367,86860,0,81200,0,0,0,0,0,0,0,0,0,0,0,2048,0,1493776,27707392,38797312
1775863557.001065,1065,ubuntu-rog,1,0,0,65683160,28391312,52272560,428000,22370396,0,12807340,21004408,11034588,4956,1772752,20999452,0,0,8388604,8388604,0,0,64,0,11013872,446812,26084,1839704,2511376,1839704,671672,14736,57148,0,0,0,0,41230184,14753600,34359738367,86860,0,81200,0,0,0,0,0,0,0,0,0,0,0,2048,0,1493776,27707392,38797312
1775863558.001069,1069,ubuntu-rog,1,0,0,65683160,28391312,52272560,428000,22370404,0,12807340,21004408,11034588,4956,1772752,20999452,0,0,8388604,8388604,0,0,72,0,11013872,446812,26084,1839704,2511376,1839704,671672,14736,57148,0,0,0,0,41230184,14753600,34359738367,86860,0,81200,0,0,0,0,0,0,0,0,0,0,0,2048,0,1493776,27707392,38797312
1775863559.002295,2295,ubuntu-rog,1,0,0,65683160,28391312,52272560,428008,22370396,0,12807340,21004408,11034588,4956,1772752,20999452,0,0,8388604,8388604,0,0,72,0,11013872,446812,26084,1839704,2511376,1839704,671672,14736,57148,0,0,0,0,41230184,14753600,34359738367,86860,0,81200,0,0,0,0,0,0,0,0,0,0,0,2048,0,1493776,27707392,38797312
1775863560.001213,1213,ubuntu-rog,1,0,0,65683160,28391312,52272560,428008,22370404,0,12807340,21004408,11034588,4956,1772752,20999452,0,0,8388604,8388604,0,0,76,0,11013872,446812,26084,1839704,2511376,1839704,671672,14736,57148,0,0,0,0,41230184,14753600,34359738367,86860,0,81200,0,0,0,0,0,0,0,0,0,0,0,2048,0,1493776,27707392,38797312
1775863561.001307,1307,ubuntu-rog,1,0,0,65683160,28391312,52272560,428008,22370404,0,12807340,21004408,11034588,4956,1772752,20999452,0,0,8388604,8388604,0,0,76,0,11013872,446812,26084,1839704,2511376,1839704,671672,14736,57148,0,0,0,0,41230184,14753600,34359738367,86860,0,81200,0,0,0,0,0,0,0,0,0,0,0,2048,0,1493776,27707392,38797312
1775863562.001068,1068,ubuntu-rog,1,0,0,65683160,28391312,52272560,428008,22370408,0,12807340,21004408,11034588,4956,1772752,20999452,0,0,8388604,8388604,0,0,80,0,11013872,446812,26084,1839704,2511376,1839704,671672,14736,57148,0,0,0,0,41230184,14753600,34359738367,86860,0,81200,0,0,0,0,0,0,0,0,0,0,0,2048,0,1493776,27707392,38797312
1775863563.005062,5062,ubuntu-rog,1,0,0,65683160,28391312,52272560,428008,22370408,0,12807340,21004408,11034588,4956,1772752,20999452,0,0,8388604,8388604,0,0,80,0,11013872,446812,26084,1839704,2511376,1839704,671672,14736,57148,0,0,0,0,41230184,14753600,34359738367,86860,0,81200,0,0,0,0,0,0,0,0,0,0,0,2048,0,1493776,27707392,38797312
1775863564.001298,1298,ubuntu-rog,1,0,0,65683160,28391312,52272560,428016,22370404,0,12807340,21004408,11034588,4956,1772752,20999452,0,0,8388604,8388604,0,0,84,0,11013872,446812,26084,1839704,2511376,1839704,671672,14736,57148,0,0,0,0,41230184,14753600,34359738367,86860,0,81200,0,0,0,0,0,0,0,0,0,0,0,2048,0,1493776,27707392,38797312
1775863565.001200,1200,ubuntu-rog,1,0,0,65683160,28391312,52272560,428016,22370416,0,12807340,21004408,11034588,4956,1772752,20999452,0,0,8388604,8388604,0,0,92,0,11013872,446812,26084,1839704,2511376,1839704,671672,14736,57148,0,0,0,0,41230184,14753600,34359738367,86860,0,81200,0,0,0,0,0,0,0,0,0,0,0,2048,0,1493776,27707392,38797312
1775863566.001303,1303,ubuntu-rog,1,0,0,65683160,28391312,52272560,428016,22370416,0,12807340,21004408,11034588,4956,1772752,20999452,0,0,8388604,8388604,0,0,92,0,11013872,446812,26084,1839704,2511376,1839704,671672,14736,57148,0,0,0,0,41230184,14753600,34359738367,86860,0,81200,0,0,0,0,0,0,0,0,0,0,0,2048,0,1493776,27707392,38797312
1775863567.001063,1063,ubuntu-rog,1,0,0,65683160,28391312,52272560,428016,22370416,0,12807340,21004408,11034588,4956,1772752,20999452,0,0,8388604,8388604,0,0,48,0,11013872,446812,26084,1839704,2511376,1839704,671672,14736,57148,0,0,0,0,41230184,14753600,34359738367,86860,0,81200,0,0,0,0,0,0,0,0,0,0,0,2048,0,1493776,27707392,38797312
1775863568.001065,1065,ubuntu-rog,1,0,0,65683160,28391312,52272560,428016,22370416,0,12807340,21004408,11034588,4956,1772752,20999452,0,0,8388604,8388604,0,0,48,0,11013872,446812,26084,1839704,2511376,1839704,671672,14736,57148,0,0,0,0,41230184,14753600,34359738367,86860,0,81200,0,0,0,0,0,0,0,0,0,0,0,2048,0,1493776,27707392,38797312
1775863569.001303,1303,ubuntu-rog,1,0,0,65683160,28387676,52268924,428028,22370412,0,12810976,21004408,11038224,4956,1772752,20999452,0,0,8388604,8388604,0,0,60,0,11017508,446812,26084,1839704,2511376,1839704,671672,14736,57148,0,0,0,0,41230184,14830336,34359738367,86860,0,81200,0,0,0,0,0,0,0,0,0,0,0,2048,0,1493776,27707392,38797312
1775863570.001210,1210,ubuntu-rog,1,0,0,65683160,27817824,51699244,428028,22370428,0,13304176,21004576,11531424,4956,1772752,20999620,0,0,8388604,8388604,0,0,92,0,11511636,446812,26084,1839708,2511380,1839708,671672,14736,58440,0,0,0,0,41230184,15251676,34359738367,86860,0,81200,0,0,0,0,0,0,0,0,0,0,0,2048,0,1493776,27707392,38797312
1775863571.001531,1531,ubuntu-rog,1,0,0,65683160,28268464,52149884,428028,22370428,0,12892300,21004576,11119548,4956,1772752,20999620,0,0,8388604,8388604,0,0,48,0,11098420,446812,26084,1839708,2511380,1839708,671672,14736,57316,0,0,0,0,41230184,14838148,34359738367,86860,0,81200,0,0,0,0,0,0,0,0,0,0,0,2048,0,1493776,27707392,38797312
1775863572.002068,2068,ubuntu-rog,1,0,0,65683160,28331484,52212908,428028,22370432,0,12837788,21004580,11065036,4956,1772752,20999624,0,0,8388604,8388604,0,0,56,0,11045124,446812,26084,1839708,2511380,1839708,671672,14736,57208,0,0,0,0,41230184,14784852,34359738367,86860,0,81200,0,0,0,0,0,0,0,0,0,0,0,2048,0,1493776,27707392,38797312
1775863573.001069,1069,ubuntu-rog,1,0,0,65683160,28332292,52213716,428028,22370432,0,12837788,21004580,11065036,4956,1772752,20999624,0,0,8388604,8388604,0,0,56,0,11045124,446812,26084,1839708,2511380,1839708,671672,14736,57208,0,0,0,0,41230184,14784852,34359738367,86860,0,81200,0,0,0,0,0,0,0,0,0,0,0,2048,0,1493776,27707392,38797312
1775863574.001309,1309,ubuntu-rog,1,0,0,65683160,28335484,52216908,428028,22370432,0,12837788,21004580,11065036,4956,1772752,20999624,0,0,8388604,8388604,0,0,56,0,11045124,446812,26084,1839708,2511380,1839708,671672,14736,57208,0,0,0,0,41230184,14784852,34359738367,86860,0,81200,0,0,0,0,0,0,0,0,0,0,0,2048,0,1493776,27707392,38797312
1775863575.001206,1206,ubuntu-rog,1,0,0,65683160,28337988,52219412,428036,22370440,0,12837788,21004580,11065036,4956,1772752,20999624,0,0,8388604,8388604,0,0,68,0,11045124,446812,26084,1839708,2511380,1839708,671672,14736,57208,0,0,0,0,41230184,14784852,34359738367,86860,0,81200,0,0,0,0,0,0,0,0,0,0,0,2048,0,1493776,27707392,38797312
1775863576.002303,2303,ubuntu-rog,1,0,0,65683160,28340532,52221956,428036,22370440,0,12837788,21004580,11065036,4956,1772752,20999624,0,0,8388604,8388604,0,0,68,0,11045124,446812,26084,1839708,2511380,1839708,671672,14736,57208,0,0,0,0,41230184,14784852,34359738367,86860,0,81200,0,0,0,0,0,0,0,0,0,0,0,2048,0,1493776,27707392,38797312
1775863577.001066,1066,ubuntu-rog,1,0,0,65683160,28342352,52223776,428036,22370440,0,12837788,21004580,11065036,4956,1772752,20999624,0,0,8388604,8388604,0,0,68,0,11045124,446812,26084,1839708,2511380,1839708,671672,14736,57208,0,0,0,0,41230184,14784852,34359738367,86860,0,81200,0,0,0,0,0,0,0,0,0,0,0,2048,0,1493776,27707392,38797312
1775863578.001065,1065,ubuntu-rog,1,0,0,65683160,28343896,52225320,428036,22370440,0,12837788,21004580,11065036,4956,1772752,20999624,0,0,8388604,8388604,0,0,68,0,11045124,446812,26084,1839708,2511380,1839708,671672,14736,57208,0,0,0,0,41230184,14784852,34359738367,86860,0,81200,0,0,0,0,0,0,0,0,0,0,0,2048,0,1493776,27707392,38797312
1775863579.001311,1311,ubuntu-rog,1,0,0,65683160,28345600,52227024,428036,22370444,0,12837788,21004580,11065036,4956,1772752,20999624,0,0,8388604,8388604,0,0,72,0,11045124,446812,26084,1839708,2511380,1839708,671672,14736,57208,0,0,0,0,41230184,14784852,34359738367,86860,0,81200,0,0,0,0,0,0,0,0,0,0,0,2048,0,1493776,27707392,38797312
1775863580.002201,2201,ubuntu-rog,1,0,0,65683160,28346688,52228112,428044,22370440,0,12837788,21004580,11065036,4956,1772752,20999624,0,0,8388604,8388604,0,0,76,0,11045124,446812,26084,1839708,2511380,1839708,671672,14736,57208,0,0,0,0,41230184,14784852,34359738367,86860,0,81200,0,0,0,0,0,0,0,0,0,0,0,2048,0,1493776,27707392,38797312
1775863581.001311,1311,ubuntu-rog,1,0,0,65683160,28347992,52229416,428044,22370448,0,12837788,21004580,11065036,4956,1772752,20999624,0,0,8388604,8388604,0,0,76,0,11045124,446812,26084,1839708,2511380,1839708,671672,14736,57208,0,0,0,0,41230184,14784852,34359738367,86860,0,81200,0,0,0,0,0,0,0,0,0,0,0,2048,0,1493776,27707392,38797312
1775863582.001066,1066,ubuntu-rog,1,0,0,65683160,28349132,52230556,428044,22370456,0,12837788,21004580,11065036,4956,1772752,20999624,0,0,8388604,8388604,0,0,84,0,11045124,446812,26084,1839708,2511380,1839708,671672,14736,57208,0,0,0,0,41230184,14784852,34359738367,86860,0,81200,0,0,0,0,0,0,0,0,0,0,0,2048,0,1493776,27707392,38797312
1775863583.001069,1069,ubuntu-rog,1,0,0,65683160,28350132,52231556,428044,22370456,0,12837788,21004580,11065036,4956,1772752,20999624,0,0,8388604,8388604,0,0,84,0,11045124,446812,26084,1839708,2511380,1839708,671672,14736,57208,0,0,0,0,41230184,14784852,34359738367,86860,0,81200,0,0,0,0,0,0,0,0,0,0,0,2048,0,1493776,27707392,38797312
1775863584.002313,2313,ubuntu-rog,1,0,0,65683160,28351232,52232656,428044,22370456,0,12837788,21004580,11065036,4956,1772752,20999624,0,0,8388604,8388604,0,0,84,0,11045124,446812,26084,1839708,2511380,1839708,671672,14736,57208,0,0,0,0,41230184,14785020,34359738367,86860,0,81200,0,0,0,0,0,0,0,0,0,0,0,2048,0,1493776,27707392,38797312
1775863585.001207,1207,ubuntu-rog,1,0,0,65683160,28351804,52233228,428044,22370456,0,12838000,21004580,11065248,4956,1772752,20999624,0,0,8388604,8388604,0,0,84,0,11045312,446812,26084,1839708,2511380,1839708,671672,14736,57208,0,0,0,0,41230184,14785020,34359738367,86860,0,81200,0,0,0,0,0,0,0,0,0,0,0,2048,0,1493776,27707392,38797312
1775863586.001309,1309,ubuntu-rog,1,0,0,65683160,28351988,52233412,428052,22370456,0,12838000,21004580,11065248,4956,1772752,20999624,0,0,8388604,8388604,0,0,92,0,11045312,446812,26084,1839708,2511380,1839708,671672,14736,57208,0,0,0,0,41230184,14785020,34359738367,86860,0,81200,0,0,0,0,0,0,0,0,0,0,0,2048,0,1493776,27707392,38797312
1775863587.001064,1064,ubuntu-rog,1,0,0,65683160,28352492,52233916,428052,22370464,0,12838000,21004580,11065248,4956,1772752,20999624,0,0,8388604,8388604,0,0,92,0,11045312,446812,26084,1839708,2511380,1839708,671672,14736,57208,0,0,0,0,41230184,14785020,34359738367,86860,0,81200,0,0,0,0,0,0,0,0,0,0,0,2048,0,1493776,27707392,38797312
1775863588.002062,2062,ubuntu-rog,1,0,0,65683160,28352532,52233956,428052,22370464,0,12838000,21004580,11065248,4956,1772752,20999624,0,0,8388604,8388604,0,0,92,0,11045312,446812,26084,1839708,2511380,1839708,671672,14736,57208,0,0,0,0,41230184,14785020,34359738367,86860,0,81200,0,0,0,0,0,0,0,0,0,0,0,2048,0,1493776,27707392,38797312
1775863589.001310,1310,ubuntu-rog,1,0,0,65683160,28352680,52234104,428052,22370468,0,12838000,21004580,11065248,4956,1772752,20999624,0,0,8388604,8388604,0,0,96,0,11045312,446812,26084,1839708,2511380,1839708,671672,14736,57208,0,0,0,0,41230184,14785020,34359738367,86860,0,81200,0,0,0,0,0,0,0,0,0,0,0,2048,0,1493776,27707392,38797312
1775863590.001209,1209,ubuntu-rog,1,0,0,65683160,28352680,52234104,428052,22370468,0,12838000,21004580,11065248,4956,1772752,20999624,0,0,8388604,8388604,0,0,96,0,11045312,446812,26084,1839708,2511380,1839708,671672,14736,57208,0,0,0,0,41230184,14785020,34359738367,86860,0,81200,0,0,0,0,0,0,0,0,0,0,0,2048,0,1493776,27707392,38797312
1775863591.001310,1310,ubuntu-rog,1,0,0,65683160,28353080,52234504,428060,22370460,0,12838100,21004580,11065348,4956,1772752,20999624,0,0,8388604,8388604,0,0,60,0,11045312,446812,26084,1839708,2511380,1839708,671672,14736,57208,0,0,0,0,41230184,14785020,34359738367,86860,0,81200,0,0,0,0,0,0,0,0,0,0,0,2048,0,1493776,27707392,38797312
1775863592.002058,2058,ubuntu-rog,1,0,0,65683160,28353080,52234504,428060,22370472,0,12838100,21004580,11065348,4956,1772752,20999624,0,0,8388604,8388604,0,0,68,0,11045312,446812,26084,1839708,2511380,1839708,671672,14736,57208,0,0,0,0,41230184,14785020,34359738367,86860,0,81200,0,0,0,0,0,0,0,0,0,0,0,2048,0,1493776,27707392,38797312
1775863593.001065,1065,ubuntu-rog,1,0,0,65683160,28353080,52234504,428060,22370476,0,12838100,21004580,11065348,4956,1772752,20999624,0,0,8388604,8388604,0,0,72,0,11045312,446812,26084,1839708,2511380,1839708,671672,14736,57208,0,0,0,0,41230184,14785020,34359738367,86860,0,81200,0,0,0,0,0,0,0,0,0,0,0,2048,0,1493776,27707392,38797312
1775863594.001306,1306,ubuntu-rog,1,0,0,65683160,28353080,52234504,428060,22370480,0,12838100,21004580,11065348,4956,1772752,20999624,0,0,8388604,8388604,0,0,76,0,11045312,446812,26084,1839708,2511380,1839708,671672,14736,57208,0,0,0,0,41230184,14785020,34359738367,86860,0,81200,0,0,0,0,0,0,0,0,0,0,0,2048,0,1493776,27707392,38797312
1775863595.001207,1207,ubuntu-rog,1,0,0,65683160,28353080,52234504,428060,22370480,0,12838072,21004580,11065320,4956,1772752,20999624,0,0,8388604,8388604,0,0,76,0,11045296,446812,26084,1839708,2511380,1839708,671672,14736,57208,0,0,0,0,41230184,14785020,34359738367,86860,0,81200,0,0,0,0,0,0,0,0,0,0,0,2048,0,1493776,27707392,38797312
1775863596.002309,2309,ubuntu-rog,1,0,0,65683160,28353080,52234504,428068,22370476,0,12838072,21004580,11065320,4956,1772752,20999624,0,0,8388604,8388604,0,0,80,0,11045296,446812,26084,1839708,2511380,1839708,671672,14736,57208,0,0,0,0,41230184,14785020,34359738367,86860,0,81200,0,0,0,0,0,0,0,0,0,0,0,2048,0,1493776,27707392,38797312
1775863597.001062,1062,ubuntu-rog,1,0,0,65683160,28353080,52234504,428068,22370488,0,12838180,21004580,11065428,4956,1772752,20999624,0,0,8388604,8388604,0,0,56,0,11045296,446812,26084,1839708,2511380,1839708,671672,14736,57208,0,0,0,0,41230184,14785020,34359738367,86860,0,81200,0,0,0,0,0,0,0,0,0,0,0,2048,0,1493776,27707392,38797312
1775863598.001067,1067,ubuntu-rog,1,0,0,65683160,28353080,52234504,428068,22370488,0,12838180,21004580,11065428,4956,1772752,20999624,0,0,8388604,8388604,0,0,56,0,11045296,446812,26084,1839708,2511380,1839708,671672,14736,57208,0,0,0,0,41230184,14785020,34359738367,86860,0,81200,0,0,0,0,0,0,0,0,0,0,0,2048,0,1493776,27707392,38797312
1775863599.001309,1309,ubuntu-rog,1,0,0,65683160,28353080,52234504,428068,22370488,0,12838180,21004580,11065428,4956,1772752,20999624,0,0,8388604,8388604,0,0,56,0,11045296,446812,26084,1839708,2511380,1839708,671672,14736,57208,0,0,0,0,41230184,14785020,34359738367,86860,0,81200,0,0,0,0,0,0,0,0,0,0,0,2048,0,1493776,27707392,38797312
1775863600.002204,2204,ubuntu-rog,1,0,0,65683160,28353080,52234504,428068,22370492,0,12838180,21004580,11065428,4956,1772752,20999624,0,0,8388604,8388604,0,0,60,0,11045296,446812,26084,1839708,2511380,1839708,671672,14736,57208,0,0,0,0,41230184,14785020,34359738367,86860,0,81200,0,0,0,0,0,0,0,0,0,0,0,2048,0,1493776,27707392,38797312
1775863601.001307,1307,ubuntu-rog,1,0,0,65683160,28353080,52234504,428080,22370480,0,12838180,21004580,11065428,4956,1772752,20999624,0,0,8388604,8388604,0,0,60,0,11045296,446812,26084,1839708,2511380,1839708,671672,14736,57208,0,0,0,0,41230184,14785020,34359738367,86860,0,81200,0,0,0,0,0,0,0,0,0,0,0,2048,0,1493776,27707392,38797312
1775863602.001066,1066,ubuntu-rog,1,0,0,65683160,28353080,52234616,428080,22370492,0,12838192,21004692,11065440,4956,1772752,20999736,0,0,8388604,8388604,0,0,20,0,11045296,446812,26084,1839708,2511380,1839708,671672,14736,57208,0,0,0,0,41230184,14785020,34359738367,86860,0,81200,0,0,0,0,0,0,0,0,0,0,0,2048,0,1493776,27707392,38797312
1775863603.001064,1064,ubuntu-rog,1,0,0,65683160,28353080,52234616,428080,22370500,0,12838192,21004692,11065440,4956,1772752,20999736,0,0,8388604,8388604,0,0,36,0,11045296,446812,26084,1839708,2511380,1839708,671672,14736,57208,0,0,0,0,41230184,14785020,34359738367,86860,0,81200,0,0,0,0,0,0,0,0,0,0,0,2048,0,1493776,27707392,38797312
1775863604.002305,2305,ubuntu-rog,1,0,0,65683160,28353080,52234616,428080,22370500,0,12838192,21004692,11065440,4956,1772752,20999736,0,0,8388604,8388604,0,0,36,0,11045296,446812,26084,1839708,2511380,1839708,671672,14736,57208,0,0,0,0,41230184,14785020,34359738367,86860,0,81200,0,0,0,0,0,0,0,0,0,0,0,2048,0,1493776,27707392,38797312
1775863605.003206,3206,ubuntu-rog,1,0,0,65683160,28353080,52234616,428080,22370500,0,12838192,21004692,11065440,4956,1772752,20999736,0,0,8388604,8388604,0,0,36,0,11045296,446812,26084,1839708,2511380,1839708,671672,14736,57208,0,0,0,0,41230184,14785020,34359738367,86860,0,81200,0,0,0,0,0,0,0,0,0,0,0,2048,0,1493776,27707392,38797312
1775863606.001310,1310,ubuntu-rog,1,0,0,65683160,28353080,52234616,428088,22370496,0,12838192,21004692,11065440,4956,1772752,20999736,0,0,8388604,8388604,0,0,44,0,11045296,446812,26084,1839708,2511380,1839708,671672,14736,57208,0,0,0,0,41230184,14785020,34359738367,86860,0,81200,0,0,0,0,0,0,0,0,0,0,0,2048,0,1493776,27707392,38797312
1775863607.001065,1065,ubuntu-rog,1,0,0,65683160,28353080,52234616,428088,22370508,0,12838192,21004692,11065440,4956,1772752,20999736,0,0,8388604,8388604,0,0,56,0,11045296,446812,26084,1839708,2511380,1839708,671672,14736,57208,0,0,0,0,41230184,14785020,34359738367,86860,0,81200,0,0,0,0,0,0,0,0,0,0,0,2048,0,1493776,27707392,38797312
1775863608.001066,1066,ubuntu-rog,1,0,0,65683160,28353080,52234616,428088,22370512,0,12838192,21004692,11065440,4956,1772752,20999736,0,0,8388604,8388604,0,0,60,0,11045296,446812,26084,1839708,2511380,1839708,671672,14736,57208,0,0,0,0,41230184,14785020,34359738367,86860,0,81200,0,0,0,0,0,0,0,0,0,0,0,2048,0,1493776,27707392,38797312
1775863609.001305,1305,ubuntu-rog,1,0,0,65683160,28353080,52234616,428088,22370512,0,12838192,21004692,11065440,4956,1772752,20999736,0,0,8388604,8388604,0,0,60,0,11045296,446812,26084,1839708,2511380,1839708,671672,14736,57208,0,0,0,0,41230184,14785020,34359738367,86860,0,81200,0,0,0,0,0,0,0,0,0,0,0,2048,0,1493776,27707392,38797312
1775863610.001206,1206,ubuntu-rog,1,0,0,65683160,28353080,52234616,428088,22370516,0,12838192,21004692,11065440,4956,1772752,20999736,0,0,8388604,8388604,0,0,64,0,11045296,446812,26084,1839708,2511380,1839708,671672,14736,57208,0,0,0,0,41230184,14785020,34359738367,86860,0,81200,0,0,0,0,0,0,0,0,0,0,0,2048,0,1493776,27707392,38797312
1775863611.001316,1316,ubuntu-rog,1,0,0,65683160,28351868,52233404,428092,22370512,0,12838192,21004692,11065440,4956,1772752,20999736,0,0,8388604,8388604,0,0,64,0,11045296,446812,26084,1839708,2511380,1839708,671672,14736,57208,0,0,0,0,41230184,14785020,34359738367,86844,0,81200,0,0,0,0,0,0,0,0,0,0,0,2048,0,1493776,27707392,38797312
1775863612.002059,2059,ubuntu-rog,1,0,0,65683160,28351568,52233108,428092,22370516,0,12838192,21004692,11065440,4956,1772752,20999736,0,0,8388604,8388604,0,0,68,0,11045296,446812,26084,1839712,2511384,1839712,671672,14688,57208,0,0,0,0,41230184,14785020,34359738367,86844,0,81200,0,0,0,0,0,0,0,0,0,0,0,2048,0,1493776,27707392,38797312
1775863613.001066,1066,ubuntu-rog,1,0,0,65683160,28351568,52233108,428092,22370520,0,12838192,21004692,11065440,4956,1772752,20999736,0,0,8388604,8388604,0,0,72,0,11045296,446812,26084,1839712,2511384,1839712,671672,14688,57208,0,0,0,0,41230184,14785020,34359738367,86844,0,81200,0,0,0,0,0,0,0,0,0,0,0,2048,0,1493776,27707392,38797312
1775863614.001309,1309,ubuntu-rog,1,0,0,65683160,28351568,52233108,428092,22370524,0,12838192,21004692,11065440,4956,1772752,20999736,0,0,8388604,8388604,0,0,76,0,11045296,446812,26084,1839712,2511384,1839712,671672,14688,57208,0,0,0,0,41230184,14785020,34359738367,86844,0,81200,0,0,0,0,0,0,0,0,0,0,0,2048,0,1493776,27707392,38797312
1775863615.002200,2200,ubuntu-rog,1,0,0,65683160,28351568,52233108,428092,22370524,0,12838192,21004692,11065440,4956,1772752,20999736,0,0,8388604,8388604,0,0,76,0,11045296,446812,26084,1839712,2511384,1839712,671672,14688,57208,0,0,0,0,41230184,14785020,34359738367,86844,0,81200,0,0,0,0,0,0,0,0,0,0,0,2048,0,1493776,27707392,38797312
1775863616.004306,4306,ubuntu-rog,1,0,0,65683160,28351568,52233108,428092,22370524,0,12838192,21004692,11065440,4956,1772752,20999736,0,0,8388604,8388604,0,0,76,0,11045296,446812,26084,1839712,2511384,1839712,671672,14688,57208,0,0,0,0,41230184,14785020,34359738367,86844,0,81200,0,0,0,0,0,0,0,0,0,0,0,2048,0,1493776,27707392,38797312
1775863617.001062,1062,ubuntu-rog,1,0,0,65683160,28351568,52233108,428100,22370520,0,12838192,21004692,11065440,4956,1772752,20999736,0,0,8388604,8388604,0,0,80,0,11045296,446812,26084,1839712,2511384,1839712,671672,14688,57208,0,0,0,0,41230184,14785020,34359738367,86844,0,81200,0,0,0,0,0,0,0,0,0,0,0,2048,0,1493776,27707392,38797312
1775863618.001063,1063,ubuntu-rog,1,0,0,65683160,28351568,52233108,428100,22370528,0,12838192,21004692,11065440,4956,1772752,20999736,0,0,8388604,8388604,0,0,80,0,11045296,446812,26084,1839712,2511384,1839712,671672,14688,57208,0,0,0,0,41230184,14785020,34359738367,86844,0,81200,0,0,0,0,0,0,0,0,0,0,0,2048,0,1493776,27707392,38797312
1775863619.001311,1311,ubuntu-rog,1,0,0,65683160,28351568,52233108,428100,22370536,0,12838192,21004692,11065440,4956,1772752,20999736,0,0,8388604,8388604,0,0,88,0,11045296,446812,26084,1839712,2511384,1839712,671672,14688,57208,0,0,0,0,41230184,14785020,34359738367,86844,0,81200,0,0,0,0,0,0,0,0,0,0,0,2048,0,1493776,27707392,38797312
1775863620.001207,1207,ubuntu-rog,1,0,0,65683160,28351568,52233108,428100,22370540,0,12838192,21004692,11065440,4956,1772752,20999736,0,0,8388604,8388604,0,0,92,0,11045296,446812,26084,1839712,2511384,1839712,671672,14688,57208,0,0,0,0,41230184,14785020,34359738367,86844,0,81200,0,0,0,0,0,0,0,0,0,0,0,2048,0,1493776,27707392,38797312
1775863621.001301,1301,ubuntu-rog,1,0,0,65683160,28351568,52233108,428100,22370540,0,12838192,21004692,11065440,4956,1772752,20999736,0,0,8388604,8388604,0,0,92,0,11045296,446812,26084,1839712,2511384,1839712,671672,14688,57208,0,0,0,0,41230184,14785020,34359738367,86844,0,81200,0,0,0,0,0,0,0,0,0,0,0,2048,0,1493776,27707392,38797312
1775863622.001063,1063,ubuntu-rog,1,0,0,65683160,28351568,52233108,428108,22370532,0,12838192,21004692,11065440,4956,1772752,20999736,0,0,8388604,8388604,0,0,60,0,11045296,446812,26084,1839712,2511384,1839712,671672,14688,57208,0,0,0,0,41230184,14785020,34359738367,86844,0,81200,0,0,0,0,0,0,0,0,0,0,0,2048,0,1493776,27707392,38797312
1775863623.002062,2062,ubuntu-rog,1,0,0,65683160,28351568,52233108,428108,22370540,0,12838192,21004692,11065440,4956,1772752,20999736,0,0,8388604,8388604,0,0,64,0,11045296,446812,26084,1839712,2511384,1839712,671672,14688,57208,0,0,0,0,41230184,14785020,34359738367,86844,0,81200,0,0,0,0,0,0,0,0,0,0,0,2048,0,1493776,27707392,38797312
1775863624.001297,1297,ubuntu-rog,1,0,0,65683160,28351568,52233108,428108,22370544,0,12838192,21004692,11065440,4956,1772752,20999736,0,0,8388604,8388604,0,0,68,0,11045296,446812,26084,1839712,2511384,1839712,671672,14688,57208,0,0,0,0,41230184,14785020,34359738367,86844,0,81200,0,0,0,0,0,0,0,0,0,0,0,2048,0,1493776,27707392,38797312
1775863625.001446,1446,ubuntu-rog,1,0,0,65683160,28351568,52233108,428108,22370548,0,12838192,21004692,11065440,4956,1772752,20999736,0,0,8388604,8388604,0,0,72,0,11045296,446812,26084,1839712,2511384,1839712,671672,14688,57208,0,0,0,0,41230184,14785020,34359738367,86844,0,81200,0,0,0,0,0,0,0,0,0,0,0,2048,0,1493776,27707392,38797312
1775863626.002302,2302,ubuntu-rog,1,0,0,65683160,28351568,52233108,428108,22370548,0,12838192,21004692,11065440,4956,1772752,20999736,0,0,8388604,8388604,0,0,72,0,11045296,446812,26084,1839712,2511384,1839712,671672,14688,57208,0,0,0,0,41230184,14785020,34359738367,86844,0,81200,0,0,0,0,0,0,0,0,0,0,0,2048,0,1493776,27707392,38797312
1775863627.001062,1062,ubuntu-rog,1,0,0,65683160,28351568,52233108,428116,22370544,0,12838192,21004692,11065440,4956,1772752,20999736,0,0,8388604,8388604,0,0,76,0,11045296,446812,26084,1839712,2511384,1839712,671672,14688,57208,0,0,0,0,41230184,14785020,34359738367,86844,0,81200,0,0,0,0,0,0,0,0,0,0,0,2048,0,1493776,27707392,38797312
1775863628.001063,1063,ubuntu-rog,1,0,0,65683160,28351568,52233108,428116,22370552,0,12838192,21004692,11065440,4956,1772752,20999736,0,0,8388604,8388604,0,0,52,0,11045296,446812,26084,1839712,2511384,1839712,671672,14688,57208,0,0,0,0,41230184,14785020,34359738367,86844,0,81200,0,0,0,0,0,0,0,0,0,0,0,2048,0,1493776,27707392,38797312
1775863629.001300,1300,ubuntu-rog,1,0,0,65683160,28351568,52233108,428116,22370552,0,12838192,21004692,11065440,4956,1772752,20999736,0,0,8388604,8388604,0,0,52,0,11045296,446812,26084,1839712,2511384,1839712,671672,14688,57208,0,0,0,0,41230184,14785020,34359738367,86844,0,81200,0,0,0,0,0,0,0,0,0,0,0,2048,0,1493776,27707392,38797312
1775863630.002196,2196,ubuntu-rog,1,0,0,65683160,28351568,52233108,428116,22370552,0,12838192,21004692,11065440,4956,1772752,20999736,0,0,8388604,8388604,0,0,52,0,11045296,446812,26084,1839712,2511384,1839712,671672,14688,57208,0,0,0,0,41230184,14785020,34359738367,86844,0,81200,0,0,0,0,0,0,0,0,0,0,0,2048,0,1493776,27707392,38797312
1775863631.001314,1314,ubuntu-rog,1,0,0,65683160,28351568,52233108,428116,22370564,0,12838092,21004692,11065340,4956,1772752,20999736,0,0,8388604,8388604,0,0,68,0,11045128,446812,26084,1839712,2511384,1839712,671672,14688,57208,0,0,0,0,41230184,14784852,34359738367,86844,0,81200,0,0,0,0,0,0,0,0,0,0,0,2048,0,1493776,27707392,38797312
1775863632.001060,1060,ubuntu-rog,1,0,0,65683160,28351568,52233108,428128,22370552,0,12838092,21004692,11065340,4956,1772752,20999736,0,0,8388604,8388604,0,0,68,0,11045128,446812,26084,1839712,2511384,1839712,671672,14688,57208,0,0,0,0,41230184,14784852,34359738367,86844,0,81200,0,0,0,0,0,0,0,0,0,0,0,2048,0,1493776,27707392,38797312
1775863633.001069,1069,ubuntu-rog,1,0,0,65683160,28351316,52232880,428128,22370564,0,12838116,21004712,11065364,4956,1772752,20999756,0,0,8388604,8388604,0,0,48,0,11045128,446812,26084,1839716,2511388,1839716,671672,14688,57208,0,0,0,0,41230184,14784852,34359738367,86844,0,81200,0,0,0,0,0,0,0,0,0,0,0,2048,0,1493776,27707392,38797312
1775863634.002294,2294,ubuntu-rog,1,0,0,65683160,28351528,52233092,428128,22370568,0,12838116,21004712,11065364,4956,1772752,20999756,0,0,8388604,8388604,0,0,56,0,11045128,446812,26084,1839716,2511388,1839716,671672,14688,57208,0,0,0,0,41230184,14784852,34359738367,86844,0,81200,0,0,0,0,0,0,0,0,0,0,0,2048,0,1493776,27707392,38797312
1775863635.001205,1205,ubuntu-rog,1,0,0,65683160,28351528,52233092,428128,22370568,0,12838116,21004712,11065364,4956,1772752,20999756,0,0,8388604,8388604,0,0,56,0,11045128,446812,26084,1839716,2511388,1839716,671672,14688,57208,0,0,0,0,41230184,14784852,34359738367,86844,0,81200,0,0,0,0,0,0,0,0,0,0,0,2048,0,1493776,27707392,38797312
1775863636.001299,1299,ubuntu-rog,1,0,0,65683160,28351528,52233092,428128,22370572,0,12838116,21004712,11065364,4956,1772752,20999756,0,0,8388604,8388604,0,0,60,0,11045128,446812,26084,1839716,2511388,1839716,671672,14688,57208,0,0,0,0,41230184,14784852,34359738367,86844,0,81200,0,0,0,0,0,0,0,0,0,0,0,2048,0,1493776,27707392,38797312
1775863637.002057,2057,ubuntu-rog,1,0,0,65683160,28351528,52233092,428136,22370564,0,12838116,21004712,11065364,4956,1772752,20999756,0,0,8388604,8388604,0,0,60,0,11045136,446812,26084,1839716,2511388,1839716,671672,14688,57208,0,0,0,0,41230184,14784852,34359738367,86844,0,81200,0,0,0,0,0,0,0,0,0,0,0,2048,0,1493776,27707392,38797312
1775863638.004060,4060,ubuntu-rog,1,0,0,65683160,28351528,52233092,428136,22370576,0,12838116,21004712,11065364,4956,1772752,20999756,0,0,8388604,8388604,0,0,56,0,11045136,446812,26084,1839716,2511388,1839716,671672,14688,57208,0,0,0,0,41230184,14784852,34359738367,86844,0,81200,0,0,0,0,0,0,0,0,0,0,0,2048,0,1493776,27707392,38797312
1775863639.001280,1280,ubuntu-rog,1,0,0,65683160,28351528,52233092,428136,22370576,0,12838116,21004712,11065364,4956,1772752,20999756,0,0,8388604,8388604,0,0,56,0,11045136,446812,26084,1839716,2511388,1839716,671672,14688,57208,0,0,0,0,41230184,14784852,34359738367,86844,0,81200,0,0,0,0,0,0,0,0,0,0,0,2048,0,1493776,27707392,38797312
1775863640.001210,1210,ubuntu-rog,1,0,0,65683160,28351528,52233092,428136,22370576,0,12838116,21004712,11065364,4956,1772752,20999756,0,0,8388604,8388604,0,0,56,0,11045136,446812,26084,1839716,2511388,1839716,671672,14688,57208,0,0,0,0,41230184,14784852,34359738367,86844,0,81200,0,0,0,0,0,0,0,0,0,0,0,2048,0,1493776,27707392,38797312
1775863641.001309,1309,ubuntu-rog,1,0,0,65683160,28351528,52233208,428136,22370580,0,12838124,21004828,11065372,4956,1772752,20999872,0,0,8388604,8388604,0,0,60,0,11045136,446812,26084,1839716,2511388,1839716,671672,14688,57208,0,0,0,0,41230184,14784852,34359738367,86844,0,81200,0,0,0,0,0,0,0,0,0,0,0,2048,0,1493776,27707392,38797312
1775863642.001063,1063,ubuntu-rog,1,0,0,65683160,28351528,52233208,428136,22370584,0,12838124,21004828,11065372,4956,1772752,20999872,0,0,8388604,8388604,0,0,64,0,11045136,446812,26084,1839716,2511388,1839716,671672,14688,57208,0,0,0,0,41230184,14784852,34359738367,86844,0,81200,0,0,0,0,0,0,0,0,0,0,0,2048,0,1493776,27707392,38797312
1775863643.001068,1068,ubuntu-rog,1,0,0,65683160,28347892,52229572,428144,22370580,0,12838124,21004828,11065372,4956,1772752,20999872,0,0,8388604,8388604,0,0,72,0,11045136,446812,26084,1839716,2511388,1839716,671672,14688,57208,0,0,0,0,41230184,14784852,34359738367,86844,0,81200,0,0,0,0,0,0,0,0,0,0,0,2048,0,1493776,27707392,38797312
1775863644.001296,1296,ubuntu-rog,1,0,0,65683160,28347496,52229180,428144,22370588,0,12838124,21004828,11065372,4956,1772752,20999872,0,0,8388604,8388604,0,0,76,0,11045136,446812,26084,1839720,2511392,1839720,671672,14688,57208,0,0,0,0,41230184,14784852,34359738367,86844,0,81200,0,0,0,0,0,0,0,0,0,0,0,2048,0,1493776,27707392,38797312
1775863645.001202,1202,ubuntu-rog,1,0,0,65683160,28347496,52229180,428144,22370592,0,12838124,21004828,11065372,4956,1772752,20999872,0,0,8388604,8388604,0,0,80,0,11045136,446812,26084,1839720,2511392,1839720,671672,14688,57208,0,0,0,0,41230184,14784852,34359738367,86844,0,81200,0,0,0,0,0,0,0,0,0,0,0,2048,0,1493776,27707392,38797312
1775863646.002285,2285,ubuntu-rog,1,0,0,65683160,28348496,52230180,428144,22370592,0,12838124,21004828,11065372,4956,1772752,20999872,0,0,8388604,8388604,0,0,80,0,11045136,446812,26084,1839720,2511392,1839720,671672,14688,57208,0,0,0,0,41230184,14784852,34359738367,86844,0,81200,0,0,0,0,0,0,0,0,0,0,0,2048,0,1493776,27707392,38797312
1775863647.001069,1069,ubuntu-rog,1,0,0,65683160,28348496,52230180,428144,22370596,0,12838124,21004828,11065372,4956,1772752,20999872,0,0,8388604,8388604,0,0,84,0,11045136,446812,26084,1839720,2511392,1839720,671672,14688,57208,0,0,0,0,41230184,14784852,34359738367,86844,0,81200,0,0,0,0,0,0,0,0,0,0,0,2048,0,1493776,27707392,38797312
1775863648.001068,1068,ubuntu-rog,1,0,0,65683160,28348900,52230584,428144,22370600,0,12838124,21004828,11065372,4956,1772752,20999872,0,0,8388604,8388604,0,0,88,0,11045136,446812,26084,1839720,2511392,1839720,671672,14688,57208,0,0,0,0,41230184,14784852,34359738367,86844,0,81200,0,0,0,0,0,0,0,0,0,0,0,2048,0,1493776,27707392,38797312
1775863649.001329,1329,ubuntu-rog,1,0,0,65683160,28348808,52230492,428152,22370592,0,12838124,21004828,11065372,4956,1772752,20999872,0,0,8388604,8388604,0,0,88,0,11045136,446812,26084,1839720,2511392,1839720,671672,14688,57208,0,0,0,0,41230184,14784852,34359738367,86844,0,81200,0,0,0,0,0,0,0,0,0,0,0,2048,0,1493776,27707392,38797312
1775863650.002197,2197,ubuntu-rog,1,0,0,65683160,28348808,52230492,428152,22370600,0,12838124,21004828,11065372,4956,1772752,20999872,0,0,8388604,8388604,0,0,88,0,11045136,446812,26084,1839720,2511392,1839720,671672,14688,57208,0,0,0,0,41230184,14784852,34359738367,86844,0,81200,0,0,0,0,0,0,0,0,0,0,0,2048,0,1493776,27707392,38797312
1775863651.001299,1299,ubuntu-rog,1,0,0,65683160,28348808,52230492,428152,22370600,0,12838124,21004828,11065372,4956,1772752,20999872,0,0,8388604,8388604,0,0,88,0,11045136,446812,26084,1839720,2511392,1839720,671672,14688,57208,0,0,0,0,41230184,14784852,34359738367,86844,0,81200,0,0,0,0,0,0,0,0,0,0,0,2048,0,1493776,27707392,38797312
1775863652.001064,1064,ubuntu-rog,1,0,0,65683160,28348808,52230492,428152,22370604,0,12838124,21004828,11065372,4956,1772752,20999872,0,0,8388604,8388604,0,0,92,0,11045136,446812,26084,1839720,2511392,1839720,671672,14688,57208,0,0,0,0,41230184,14784852,34359738367,86844,0,81200,0,0,0,0,0,0,0,0,0,0,0,2048,0,1493776,27707392,38797312
1775863653.001085,1085,ubuntu-rog,1,0,0,65683160,28348808,52230492,428152,22370608,0,12838124,21004828,11065372,4956,1772752,20999872,0,0,8388604,8388604,0,0,96,0,11045136,446812,26084,1839720,2511392,1839720,671672,14688,57208,0,0,0,0,41230184,14784852,34359738367,86844,0,81200,0,0,0,0,0,0,0,0,0,0,0,2048,0,1493776,27707392,38797312
1775863654.002307,2307,ubuntu-rog,1,0,0,65683160,28348808,52230492,428160,22370600,0,12838244,21004828,11065492,4956,1772752,20999872,0,0,8388604,8388604,0,0,60,0,11045136,446812,26084,1839720,2511392,1839720,671672,14688,57208,0,0,0,0,41230184,14784852,34359738367,86844,0,81200,0,0,0,0,0,0,0,0,0,0,0,2048,0,1493776,27707392,38797312
1775863655.001200,1200,ubuntu-rog,1,0,0,65683160,28348808,52230492,428160,22370616,0,12838244,21004828,11065492,4956,1772752,20999872,0,0,8388604,8388604,0,0,72,0,11045136,446812,26084,1839720,2511392,1839720,671672,14688,57208,0,0,0,0,41230184,14784852,34359738367,86844,0,81200,0,0,0,0,0,0,0,0,0,0,0,2048,0,1493776,27707392,38797312
1775863656.001305,1305,ubuntu-rog,1,0,0,65683160,28348808,52230492,428160,22370616,0,12838244,21004828,11065492,4956,1772752,20999872,0,0,8388604,8388604,0,0,72,0,11045136,446812,26084,1839720,2511392,1839720,671672,14688,57208,0,0,0,0,41230184,14784852,34359738367,86844,0,81200,0,0,0,0,0,0,0,0,0,0,0,2048,0,1493776,27707392,38797312
1775863657.001066,1066,ubuntu-rog,1,0,0,65683160,28348808,52230492,428160,22370616,0,12838244,21004828,11065492,4956,1772752,20999872,0,0,8388604,8388604,0,0,72,0,11045136,446812,26084,1839720,2511392,1839720,671672,14688,57208,0,0,0,0,41230184,14784852,34359738367,86844,0,81200,0,0,0,0,0,0,0,0,0,0,0,2048,0,1493776,27707392,38797312
1775863658.002060,2060,ubuntu-rog,1,0,0,65683160,28348808,52230492,428160,22370620,0,12838244,21004828,11065492,4956,1772752,20999872,0,0,8388604,8388604,0,0,76,0,11045136,446812,26084,1839720,2511392,1839720,671672,14688,57208,0,0,0,0,41230184,14784852,34359738367,86844,0,81200,0,0,0,0,0,0,0,0,0,0,0,2048,0,1493776,27707392,38797312
1775863659.001298,1298,ubuntu-rog,1,0,0,65683160,28348808,52230492,428172,22370612,0,12838244,21004828,11065492,4956,1772752,20999872,0,0,8388604,8388604,0,0,60,0,11045136,446812,26084,1839720,2511392,1839720,671672,14688,57208,0,0,0,0,41230184,14784852,34359738367,86844,0,81200,0,0,0,0,0,0,0,0,0,0,0,2048,0,1493776,27707392,38797312
1775863660.001241,1241,ubuntu-rog,1,0,0,65683160,28348808,52230492,428172,22370624,0,12838244,21004828,11065492,4956,1772752,20999872,0,0,8388604,8388604,0,0,76,0,11045136,446812,26084,1839720,2511392,1839720,671672,14688,57208,0,0,0,0,41230184,14784852,34359738367,86844,0,81200,0,0,0,0,0,0,0,0,0,0,0,2048,0,1493776,27707392,38797312
1775863661.002306,2306,ubuntu-rog,1,0,0,65683160,28348808,52230492,428172,22370624,0,12838244,21004828,11065492,4956,1772752,20999872,0,0,8388604,8388604,0,0,76,0,11045136,446812,26084,1839720,2511392,1839720,671672,14688,57208,0,0,0,0,41230184,14784852,34359738367,86844,0,81200,0,0,0,0,0,0,0,0,0,0,0,2048,0,1493776,27707392,38797312
1775863662.001066,1066,ubuntu-rog,1,0,0,65683160,28348808,52230492,428172,22370628,0,12838244,21004828,11065492,4956,1772752,20999872,0,0,8388604,8388604,0,0,80,0,11045136,446812,26084,1839720,2511392,1839720,671672,14688,57208,0,0,0,0,41230184,14784852,34359738367,86844,0,81200,0,0,0,0,0,0,0,0,0,0,0,2048,0,1493776,27707392,38797312
1775863663.001068,1068,ubuntu-rog,1,0,0,65683160,28348808,52230492,428172,22370628,0,12838244,21004828,11065492,4956,1772752,20999872,0,0,8388604,8388604,0,0,80,0,11045136,446812,26084,1839720,2511392,1839720,671672,14688,57208,0,0,0,0,41230184,14784852,34359738367,86844,0,81200,0,0,0,0,0,0,0,0,0,0,0,2048,0,1493776,27707392,38797312
1775863664.001305,1305,ubuntu-rog,1,0,0,65683160,28348808,52230492,428180,22370624,0,12838244,21004828,11065492,4956,1772752,20999872,0,0,8388604,8388604,0,0,84,0,11045136,446812,26084,1839720,2511392,1839720,671672,14688,57208,0,0,0,0,41230184,14784852,34359738367,86844,0,81200,0,0,0,0,0,0,0,0,0,0,0,2048,0,1493776,27707392,38797312
1775863665.002199,2199,ubuntu-rog,1,0,0,65683160,28348808,52230492,428180,22370636,0,12838244,21004828,11065492,4956,1772752,20999872,0,0,8388604,8388604,0,0,88,0,11045136,446812,26084,1839720,2511392,1839720,671672,14688,57208,0,0,0,0,41230184,14784852,34359738367,86844,0,81200,0,0,0,0,0,0,0,0,0,0,0,2048,0,1493776,27707392,38797312
1775863666.001322,1322,ubuntu-rog,1,0,0,65683160,28348808,52230492,428180,22370636,0,12838244,21004828,11065492,4956,1772752,20999872,0,0,8388604,8388604,0,0,88,0,11045136,446812,26084,1839720,2511392,1839720,671672,14688,57208,0,0,0,0,41230184,14784852,34359738367,86844,0,81200,0,0,0,0,0,0,0,0,0,0,0,2048,0,1493776,27707392,38797312
1775863667.001066,1066,ubuntu-rog,1,0,0,65683160,28344776,52226460,428180,22370640,0,12838244,21004828,11065492,4956,1772752,20999872,0,0,8388604,8388604,0,0,92,0,11045136,446812,26084,1839720,2511392,1839720,671672,14688,57208,0,0,0,0,41230184,14784852,34359738367,86844,0,81200,0,0,0,0,0,0,0,0,0,0,0,2048,0,1493776,27707392,38797312
1775863668.001068,1068,ubuntu-rog,1,0,0,65683160,28344776,52226460,428180,22370640,0,12838244,21004828,11065492,4956,1772752,20999872,0,0,8388604,8388604,0,0,92,0,11045136,446812,26084,1839720,2511392,1839720,671672,14688,57208,0,0,0,0,41230184,14784852,34359738367,86844,0,81200,0,0,0,0,0,0,0,0,0,0,0,2048,0,1493776,27707392,38797312
1775863669.002301,2301,ubuntu-rog,1,0,0,65683160,28345584,52227284,428188,22370636,0,12838284,21004844,11065532,4956,1772752,20999888,0,0,8388604,8388604,0,0,56,0,11045136,446812,26084,1839720,2511392,1839720,671672,14688,57208,0,0,0,0,41230184,14784852,34359738367,86844,0,81200,0,0,0,0,0,0,0,0,0,0,0,2048,0,1493776,27707392,38797312
1775863670.001209,1209,ubuntu-rog,1,0,0,65683160,28346300,52228000,428188,22370648,0,12838284,21004844,11065532,4956,1772752,20999888,0,0,8388604,8388604,0,0,68,0,11045136,446812,26084,1839720,2511392,1839720,671672,14688,57208,0,0,0,0,41230184,14784852,34359738367,86844,0,81200,0,0,0,0,0,0,0,0,0,0,0,2048,0,1493776,27707392,38797312
1775863671.001305,1305,ubuntu-rog,1,0,0,65683160,28346456,52228156,428188,22370648,0,12838284,21004844,11065532,4956,1772752,20999888,0,0,8388604,8388604,0,0,68,0,11045136,446812,26084,1839720,2511392,1839720,671672,14688,57208,0,0,0,0,41230184,14784852,34359738367,86844,0,81200,0,0,0,0,0,0,0,0,0,0,0,2048,0,1493776,27707392,38797312
1775863672.002061,2061,ubuntu-rog,1,0,0,65683160,28346456,52228156,428188,22370652,0,12838284,21004844,11065532,4956,1772752,20999888,0,0,8388604,8388604,0,0,72,0,11045136,446812,26084,1839720,2511392,1839720,671672,14688,57208,0,0,0,0,41230184,14784852,34359738367,86844,0,81200,0,0,0,0,0,0,0,0,0,0,0,2048,0,1493776,27707392,38797312
1775863673.001051,1051,ubuntu-rog,1,0,0,65683160,28346456,52228156,428188,22370652,0,12838284,21004844,11065532,4956,1772752,20999888,0,0,8388604,8388604,0,0,72,0,11045136,446812,26084,1839720,2511392,1839720,671672,14688,57208,0,0,0,0,41230184,14784852,34359738367,86844,0,81200,0,0,0,0,0,0,0,0,0,0,0,2048,0,1493776,27707392,38797312
1775863674.002310,2310,ubuntu-rog,1,0,0,65683160,28346456,52228160,428188,22370652,0,12838284,21004848,11065532,4956,1772752,20999892,0,0,8388604,8388604,0,0,56,0,11045136,446812,26084,1839720,2511392,1839720,671672,14688,57208,0,0,0,0,41230184,14784852,34359738367,86844,0,81200,0,0,0,0,0,0,0,0,0,0,0,2048,0,1493776,27707392,38797312
1775863675.001202,1202,ubuntu-rog,1,0,0,65683160,28346456,52228160,428192,22370656,0,12838284,21004848,11065532,4956,1772752,20999892,0,0,8388604,8388604,0,0,64,0,11045136,446812,26084,1839720,2511380,1839720,671660,14688,57208,0,0,0,0,41230184,14784852,34359738367,86844,0,81200,0,0,0,0,0,0,0,0,0,0,0,2048,0,1493776,27707392,38797312
1775863676.004292,4292,ubuntu-rog,1,0,0,65683160,28346456,52228160,428192,22370660,0,12838284,21004848,11065532,4956,1772752,20999892,0,0,8388604,8388604,0,0,68,0,11045136,446812,26084,1839720,2511380,1839720,671660,14688,57208,0,0,0,0,41230184,14784852,34359738367,86844,0,81200,0,0,0,0,0,0,0,0,0,0,0,2048,0,1493776,27707392,38797312
1775863677.001065,1065,ubuntu-rog,1,0,0,65683160,28346456,52228160,428192,22370660,0,12838284,21004848,11065532,4956,1772752,20999892,0,0,8388604,8388604,0,0,68,0,11045136,446812,26084,1839720,2511380,1839720,671660,14688,57208,0,0,0,0,41230184,14784852,34359738367,86844,0,81200,0,0,0,0,0,0,0,0,0,0,0,2048,0,1493776,27707392,38797312
1775863678.001065,1065,ubuntu-rog,1,0,0,65683160,28346456,52228160,428192,22370660,0,12838284,21004848,11065532,4956,1772752,20999892,0,0,8388604,8388604,0,0,68,0,11045136,446812,26084,1839720,2511380,1839720,671660,14688,57208,0,0,0,0,41230184,14784852,34359738367,86844,0,81200,0,0,0,0,0,0,0,0,0,0,0,2048,0,1493776,27707392,38797312
1775863679.001300,1300,ubuntu-rog,1,0,0,65683160,28346456,52228160,428192,22370664,0,12838284,21004848,11065532,4956,1772752,20999892,0,0,8388604,8388604,0,0,72,0,11045136,446812,26084,1839720,2511380,1839720,671660,14688,57208,0,0,0,0,41230184,14784852,34359738367,86844,0,81200,0,0,0,0,0,0,0,0,0,0,0,2048,0,1493776,27707392,38797312
1775863680.001117,1117,ubuntu-rog,1,0,0,65683160,28346456,52228160,428196,22370664,0,12838284,21004848,11065532,4956,1772752,20999892,0,0,8388604,8388604,0,0,80,0,11045136,446812,26084,1839720,2511380,1839720,671660,14688,57208,0,0,0,0,41230184,14784852,34359738367,86844,0,81200,0,0,0,0,0,0,0,0,0,0,0,2048,0,1493776,27707392,38797312
1775863681.002306,2306,ubuntu-rog,1,0,0,65683160,28346456,52228160,428196,22370672,0,12838284,21004848,11065532,4956,1772752,20999892,0,0,8388604,8388604,0,0,84,0,11045136,446812,26084,1839720,2511380,1839720,671660,14688,57208,0,0,0,0,41230184,14784852,34359738367,86844,0,81200,0,0,0,0,0,0,0,0,0,0,0,2048,0,1493776,27707392,38797312
1775863682.001067,1067,ubuntu-rog,1,0,0,65683160,28346456,52228160,428196,22370672,0,12838284,21004848,11065532,4956,1772752,20999892,0,0,8388604,8388604,0,0,84,0,11045136,446812,26084,1839720,2511380,1839720,671660,14688,57208,0,0,0,0,41230184,14784852,34359738367,86844,0,81200,0,0,0,0,0,0,0,0,0,0,0,2048,0,1493776,27707392,38797312
1775863683.001066,1066,ubuntu-rog,1,0,0,65683160,28346456,52228160,428196,22370676,0,12838284,21004848,11065532,4956,1772752,20999892,0,0,8388604,8388604,0,0,88,0,11045136,446812,26084,1839720,2511380,1839720,671660,14688,57208,0,0,0,0,41230184,14784852,34359738367,86844,0,81200,0,0,0,0,0,0,0,0,0,0,0,2048,0,1493776,27707392,38797312
1775863684.001304,1304,ubuntu-rog,1,0,0,65683160,28346456,52228160,428196,22370676,0,12838284,21004848,11065532,4956,1772752,20999892,0,0,8388604,8388604,0,0,88,0,11045136,446812,26084,1839720,2511380,1839720,671660,14688,57208,0,0,0,0,41230184,14784852,34359738367,86844,0,81200,0,0,0,0,0,0,0,0,0,0,0,2048,0,1493776,27707392,38797312
1775863685.002202,2202,ubuntu-rog,1,0,0,65683160,28346456,52228164,428204,22370668,0,12838284,21004852,11065532,4956,1772752,20999896,0,0,8388604,8388604,0,0,56,0,11045136,446812,26084,1839720,2511380,1839720,671660,14688,57208,0,0,0,0,41230184,14784852,34359738367,86844,0,81200,0,0,0,0,0,0,0,0,0,0,0,2048,0,1493776,27707392,38797312
1775863686.001311,1311,ubuntu-rog,1,0,0,65683160,28346204,52227916,428204,22370684,0,12838284,21004852,11065532,4956,1772752,20999896,0,0,8388604,8388604,0,0,72,0,11045136,446812,26084,1839724,2511384,1839724,671660,14688,57208,0,0,0,0,41230184,14784852,34359738367,86844,0,81200,0,0,0,0,0,0,0,0,0,0,0,2048,0,1493776,27707392,38797312
1775863687.001077,1077,ubuntu-rog,1,0,0,65683160,28346204,52227916,428204,22370684,0,12838284,21004852,11065532,4956,1772752,20999896,0,0,8388604,8388604,0,0,72,0,11045136,446812,26084,1839724,2511384,1839724,671660,14688,57208,0,0,0,0,41230184,14784852,34359738367,86844,0,81200,0,0,0,0,0,0,0,0,0,0,0,2048,0,1493776,27707392,38797312
1775863688.001074,1074,ubuntu-rog,1,0,0,65683160,28346204,52227916,428204,22370684,0,12838284,21004852,11065532,4956,1772752,20999896,0,0,8388604,8388604,0,0,72,0,11045136,446812,26084,1839724,2511384,1839724,671660,14688,57208,0,0,0,0,41230184,14784852,34359738367,86844,0,81200,0,0,0,0,0,0,0,0,0,0,0,2048,0,1493776,27707392,38797312
1775863689.002305,2305,ubuntu-rog,1,0,0,65683160,28346204,52227940,428204,22370684,0,12838284,21004876,11065532,4956,1772752,20999920,0,0,8388604,8388604,0,0,44,0,11045136,446812,26084,1839724,2511384,1839724,671660,14688,57208,0,0,0,0,41230184,14784852,34359738367,86844,0,81200,0,0,0,0,0,0,0,0,0,0,0,2048,0,1493776,27707392,38797312
1775863690.001205,1205,ubuntu-rog,1,0,0,65683160,28346204,52227940,428204,22370688,0,12838284,21004876,11065532,4956,1772752,20999920,0,0,8388604,8388604,0,0,48,0,11045136,446812,26084,1839724,2511384,1839724,671660,14688,57208,0,0,0,0,41230184,14784852,34359738367,86844,0,81200,0,0,0,0,0,0,0,0,0,0,0,2048,0,1493776,27707392,38797312
1775863691.001303,1303,ubuntu-rog,1,0,0,65683160,28346204,52227940,428208,22370684,0,12838284,21004876,11065532,4956,1772752,20999920,0,0,8388604,8388604,0,0,48,0,11045136,446812,26084,1839724,2511384,1839724,671660,14688,57208,0,0,0,0,41230184,14784852,34359738367,86844,0,81200,0,0,0,0,0,0,0,0,0,0,0,2048,0,1493776,27707392,38797312
1775863692.001062,1062,ubuntu-rog,1,0,0,65683160,28346204,52227940,428208,22370696,0,12838284,21004876,11065532,4956,1772752,20999920,0,0,8388604,8388604,0,0,80,0,11045148,446812,26084,1839724,2511384,1839724,671660,14688,57208,0,0,0,0,41230184,14784852,34359738367,86844,0,81200,0,0,0,0,0,0,0,0,0,0,0,2048,0,1493776,27707392,38797312
1775863693.002062,2062,ubuntu-rog,1,0,0,65683160,28346204,52227940,428208,22370700,0,12838284,21004876,11065532,4956,1772752,20999920,0,0,8388604,8388604,0,0,84,0,11045148,446812,26084,1839724,2511380,1839724,671656,14688,57208,0,0,0,0,41230184,14784852,34359738367,86844,0,81200,0,0,0,0,0,0,0,0,0,0,0,2048,0,1493776,27707392,38797312
1775863694.001287,1287,ubuntu-rog,1,0,0,65683160,28346204,52227940,428208,22370700,0,12838284,21004876,11065532,4956,1772752,20999920,0,0,8388604,8388604,0,0,84,0,11045148,446812,26084,1839724,2511380,1839724,671656,14688,57208,0,0,0,0,41230184,14784852,34359738367,86844,0,81200,0,0,0,0,0,0,0,0,0,0,0,2048,0,1493776,27707392,38797312
1775863695.001210,1210,ubuntu-rog,1,0,0,65683160,28346204,52227940,428208,22370700,0,12838284,21004876,11065532,4956,1772752,20999920,0,0,8388604,8388604,0,0,84,0,11045148,446812,26084,1839724,2511380,1839724,671656,14688,57208,0,0,0,0,41230184,14784852,34359738367,86844,0,81200,0,0,0,0,0,0,0,0,0,0,0,2048,0,1493776,27707392,38797312
1775863696.001315,1315,ubuntu-rog,1,0,0,65683160,28346204,52227940,428208,22370700,0,12838284,21004876,11065532,4956,1772752,20999920,0,0,8388604,8388604,0,0,84,0,11045148,446812,26084,1839724,2511380,1839724,671656,14688,57208,0,0,0,0,41230184,14784852,34359738367,86844,0,81200,0,0,0,0,0,0,0,0,0,0,0,2048,0,1493776,27707392,38797312
1775863697.002064,2064,ubuntu-rog,1,0,0,65683160,28346204,52227940,428216,22370704,0,12838284,21004876,11065532,4956,1772752,20999920,0,0,8388604,8388604,0,0,88,0,11045148,446812,26084,1839724,2511380,1839724,671656,14688,57208,0,0,0,0,41230184,14784852,34359738367,86844,0,81200,0,0,0,0,0,0,0,0,0,0,0,2048,0,1493776,27707392,38797312
1775863698.001071,1071,ubuntu-rog,1,0,0,65683160,28346204,52227940,428216,22370708,0,12838284,21004876,11065532,4956,1772752,20999920,0,0,8388604,8388604,0,0,92,0,11045148,446812,26084,1839724,2511380,1839724,671656,14688,57208,0,0,0,0,41230184,14784852,34359738367,86844,0,81200,0,0,0,0,0,0,0,0,0,0,0,2048,0,1493776,27707392,38797312
1775863699.001309,1309,ubuntu-rog,1,0,0,65683160,28346204,52227940,428216,22370708,0,12838284,21004876,11065532,4956,1772752,20999920,0,0,8388604,8388604,0,0,92,0,11045148,446812,26084,1839724,2511380,1839724,671656,14688,57208,0,0,0,0,41230184,14784852,34359738367,86844,0,81200,0,0,0,0,0,0,0,0,0,0,0,2048,0,1493776,27707392,38797312
1775863700.001206,1206,ubuntu-rog,1,0,0,65683160,28346204,52227952,428216,22370712,0,12838284,21004888,11065532,4956,1772752,20999932,0,0,8388604,8388604,0,0,60,0,11045148,446812,26084,1839724,2511380,1839724,671656,14688,57208,0,0,0,0,41230184,14784852,34359738367,86844,0,81200,0,0,0,0,0,0,0,0,0,0,0,2048,0,1493776,27707392,38797312
1775863701.001234,1234,ubuntu-rog,1,0,0,65683160,28346204,52227952,428216,22370712,0,12838284,21004888,11065532,4956,1772752,20999932,0,0,8388604,8388604,0,0,60,0,11045148,446812,26084,1839724,2511380,1839724,671656,14688,57208,0,0,0,0,41230184,14784852,34359738367,86844,0,81200,0,0,0,0,0,0,0,0,0,0,0,2048,0,1493776,27707392,38797312
1775863702.002056,2056,ubuntu-rog,1,0,0,65683160,28346204,52227952,428224,22370704,0,12838284,21004888,11065532,4956,1772752,20999932,0,0,8388604,8388604,0,0,60,0,11045148,446812,26084,1839724,2511380,1839724,671656,14688,57208,0,0,0,0,41230184,14784852,34359738367,86844,0,81200,0,0,0,0,0,0,0,0,0,0,0,2048,0,1493776,27707392,38797312
1775863703.001069,1069,ubuntu-rog,1,0,0,65683160,28346204,52227952,428224,22370720,0,12838284,21004888,11065532,4956,1772752,20999932,0,0,8388604,8388604,0,0,76,0,11045148,446812,26084,1839724,2511380,1839724,671656,14688,57208,0,0,0,0,41230184,14784852,34359738367,86844,0,81200,0,0,0,0,0,0,0,0,0,0,0,2048,0,1493776,27707392,38797312
1775863704.001306,1306,ubuntu-rog,1,0,0,65683160,28346204,52227952,428224,22370724,0,12838284,21004888,11065532,4956,1772752,20999932,0,0,8388604,8388604,0,0,80,0,11045148,446812,26084,1839724,2511380,1839724,671656,14688,57208,0,0,0,0,41230184,14784852,34359738367,86844,0,81200,0,0,0,0,0,0,0,0,0,0,0,2048,0,1493776,27707392,38797312
1775863705.001201,1201,ubuntu-rog,1,0,0,65683160,28345956,52227712,428224,22370724,0,12838400,21004896,11065648,4956,1772752,20999940,0,0,8388604,8388604,0,0,80,0,11045292,446812,26084,1839724,2511372,1839724,671648,14688,57208,0,0,0,0,41230184,14785008,34359738367,86844,0,81200,0,0,0,0,0,0,0,0,0,0,0,2048,0,1493776,27707392,38797312
1775863706.004298,4298,ubuntu-rog,1,0,0,65683160,28345964,52227720,428224,22370724,0,12838400,21004896,11065648,4956,1772752,20999940,0,0,8388604,8388604,0,0,80,0,11045316,446812,26084,1839724,2511372,1839724,671648,14688,57208,0,0,0,0,41230184,14785008,34359738367,86844,0,81200,0,0,0,0,0,0,0,0,0,0,0,2048,0,1493776,27707392,38797312
1775863707.001061,1061,ubuntu-rog,1,0,0,65683160,28345964,52227720,428232,22370720,0,12838400,21004896,11065648,4956,1772752,20999940,0,0,8388604,8388604,0,0,84,0,11045316,446812,26084,1839724,2511372,1839724,671648,14688,57208,0,0,0,0,41230184,14785008,34359738367,86844,0,81200,0,0,0,0,0,0,0,0,0,0,0,2048,0,1493776,27707392,38797312
1775863708.001082,1082,ubuntu-rog,1,0,0,65683160,28345964,52227720,428232,22370728,0,12838400,21004896,11065648,4956,1772752,20999940,0,0,8388604,8388604,0,0,84,0,11045316,446812,26084,1839724,2511372,1839724,671648,14688,57208,0,0,0,0,41230184,14785008,34359738367,86844,0,81200,0,0,0,0,0,0,0,0,0,0,0,2048,0,1493776,27707392,38797312
1775863709.002307,2307,ubuntu-rog,1,0,0,65683160,28345964,52227720,428232,22370732,0,12838400,21004896,11065648,4956,1772752,20999940,0,0,8388604,8388604,0,0,88,0,11045316,446812,26084,1839724,2511348,1839724,671624,14688,57208,0,0,0,0,41230184,14785008,34359738367,86844,0,81200,0,0,0,0,0,0,0,0,0,0,0,2048,0,1493776,27707392,38797312
1775863710.001206,1206,ubuntu-rog,1,0,0,65683160,28345964,52227720,428232,22370736,0,12838400,21004896,11065648,4956,1772752,20999940,0,0,8388604,8388604,0,0,92,0,11045316,446812,26084,1839724,2511348,1839724,671624,14688,57208,0,0,0,0,41230184,14785008,34359738367,86844,0,81200,0,0,0,0,0,0,0,0,0,0,0,2048,0,1493776,27707392,38797312
1775863711.001300,1300,ubuntu-rog,1,0,0,65683160,28345964,52227720,428232,22370736,0,12838400,21004896,11065648,4956,1772752,20999940,0,0,8388604,8388604,0,0,92,0,11045316,446812,26084,1839724,2511348,1839724,671624,14688,57208,0,0,0,0,41230184,14785008,34359738367,86844,0,81200,0,0,0,0,0,0,0,0,0,0,0,2048,0,1493776,27707392,38797312
1775863712.001064,1064,ubuntu-rog,1,0,0,65683160,28345964,52227720,428232,22370736,0,12838400,21004896,11065648,4956,1772752,20999940,0,0,8388604,8388604,0,0,92,0,11045316,446812,26084,1839724,2511348,1839724,671624,14688,57208,0,0,0,0,41230184,14785008,34359738367,86844,0,81200,0,0,0,0,0,0,0,0,0,0,0,2048,0,1493776,27707392,38797312
1775863713.002061,2061,ubuntu-rog,1,0,0,65683160,28345964,52227720,428232,22370736,0,12838400,21004896,11065648,4956,1772752,20999940,0,0,8388604,8388604,0,0,92,0,11045316,446812,26084,1839724,2511348,1839724,671624,14688,57208,0,0,0,0,41230184,14785008,34359738367,86844,0,81200,0,0,0,0,0,0,0,0,0,0,0,2048,0,1493776,27707392,38797312
1775863714.001301,1301,ubuntu-rog,1,0,0,65683160,28345964,52227720,428232,22370744,0,12838400,21004896,11065648,4956,1772752,20999940,0,0,8388604,8388604,0,0,100,0,11045316,446812,26084,1839724,2511348,1839724,671624,14688,57208,0,0,0,0,41230184,14785008,34359738367,86844,0,81200,0,0,0,0,0,0,0,0,0,0,0,2048,0,1493776,27707392,38797312
1775863715.001457,1457,ubuntu-rog,1,0,0,65683160,28345964,52227720,428232,22370744,0,12838400,21004896,11065648,4956,1772752,20999940,0,0,8388604,8388604,0,0,84,0,11045316,446812,26084,1839724,2511348,1839724,671624,14688,57208,0,0,0,0,41230184,14785008,34359738367,86844,0,81200,0,0,0,0,0,0,0,0,0,0,0,2048,0,1493776,27707392,38797312
1775863716.002310,2310,ubuntu-rog,1,0,0,65683160,28345964,52227720,428232,22370748,0,12838372,21004896,11065620,4956,1772752,20999940,0,0,8388604,8388604,0,0,56,0,11045304,446812,26084,1839724,2511348,1839724,671624,14688,57208,0,0,0,0,41230184,14785008,34359738367,86844,0,81200,0,0,0,0,0,0,0,0,0,0,0,2048,0,1493776,27707392,38797312
1775863717.001068,1068,ubuntu-rog,1,0,0,65683160,28345964,52227720,428232,22370752,0,12838372,21004896,11065620,4956,1772752,20999940,0,0,8388604,8388604,0,0,60,0,11045304,446812,26084,1839724,2511348,1839724,671624,14688,57208,0,0,0,0,41230184,14785008,34359738367,86844,0,81200,0,0,0,0,0,0,0,0,0,0,0,2048,0,1493776,27707392,38797312
1775863718.001064,1064,ubuntu-rog,1,0,0,65683160,28345964,52227720,428236,22370748,0,12838372,21004896,11065620,4956,1772752,20999940,0,0,8388604,8388604,0,0,60,0,11045304,446812,26084,1839724,2511348,1839724,671624,14688,57208,0,0,0,0,41230184,14785008,34359738367,86844,0,81200,0,0,0,0,0,0,0,0,0,0,0,2048,0,1493776,27707392,38797312
1775863719.001302,1302,ubuntu-rog,1,0,0,65683160,28345964,52227720,428236,22370752,0,12838372,21004896,11065620,4956,1772752,20999940,0,0,8388604,8388604,0,0,80,0,11045304,446812,26084,1839724,2511348,1839724,671624,14688,57208,0,0,0,0,41230184,14785008,34359738367,86844,0,81200,0,0,0,0,0,0,0,0,0,0,0,2048,0,1493776,27707392,38797312
1775863720.002197,2197,ubuntu-rog,1,0,0,65683160,28345460,52227220,428236,22370756,0,12838372,21004896,11065620,4956,1772752,20999940,0,0,8388604,8388604,0,0,84,0,11045304,446812,26084,1839728,2511352,1839728,671624,14688,57208,0,0,0,0,41230184,14785008,34359738367,86844,0,81200,0,0,0,0,0,0,0,0,0,0,0,2048,0,1493776,27707392,38797312
1775863721.001306,1306,ubuntu-rog,1,0,0,65683160,28345460,52227220,428236,22370760,0,12838372,21004896,11065620,4956,1772752,20999940,0,0,8388604,8388604,0,0,88,0,11045304,446812,26084,1839728,2511352,1839728,671624,14688,57208,0,0,0,0,41230184,14785008,34359738367,86844,0,81200,0,0,0,0,0,0,0,0,0,0,0,2048,0,1493776,27707392,38797312
1775863722.001387,1387,ubuntu-rog,1,0,0,65683160,28345460,52227220,428236,22370760,0,12838372,21004896,11065620,4956,1772752,20999940,0,0,8388604,8388604,0,0,88,0,11045304,446812,26084,1839728,2511352,1839728,671624,14688,57208,0,0,0,0,41230184,14785008,34359738367,86844,0,81200,0,0,0,0,0,0,0,0,0,0,0,2048,0,1493776,27707392,38797312
1775863723.001606,1606,ubuntu-rog,1,0,0,65683160,28345460,52227220,428236,22370760,0,12838372,21004896,11065620,4956,1772752,20999940,0,0,8388604,8388604,0,0,88,0,11045304,446812,26084,1839728,2511352,1839728,671624,14688,57208,0,0,0,0,41230184,14785008,34359738367,86844,0,81200,0,0,0,0,0,0,0,0,0,0,0,2048,0,1493776,27707392,38797312
1775863724.002302,2302,ubuntu-rog,1,0,0,65683160,28345460,52227220,428244,22370756,0,12838372,21004896,11065620,4956,1772752,20999940,0,0,8388604,8388604,0,0,92,0,11045304,446812,26084,1839728,2511352,1839728,671624,14688,57208,0,0,0,0,41230184,14785008,34359738367,86844,0,81200,0,0,0,0,0,0,0,0,0,0,0,2048,0,1493776,27707392,38797312
1775863725.001210,1210,ubuntu-rog,1,0,0,65683160,28345460,52227256,428244,22370768,0,12838440,21004932,11065688,4956,1772752,20999976,0,0,8388604,8388604,0,0,64,0,11045304,446812,26084,1839728,2511352,1839728,671624,14688,57208,0,0,0,0,41230184,14785008,34359738367,86844,0,81200,0,0,0,0,0,0,0,0,0,0,0,2048,0,1493776,27707392,38797312
1775863726.001299,1299,ubuntu-rog,1,0,0,65683160,28345460,52227256,428244,22370768,0,12838440,21004932,11065688,4956,1772752,20999976,0,0,8388604,8388604,0,0,64,0,11045304,446812,26084,1839728,2511352,1839728,671624,14688,57208,0,0,0,0,41230184,14785008,34359738367,86844,0,81200,0,0,0,0,0,0,0,0,0,0,0,2048,0,1493776,27707392,38797312
1775863727.001067,1067,ubuntu-rog,1,0,0,65683160,28345460,52227256,428244,22370768,0,12838440,21004932,11065688,4956,1772752,20999976,0,0,8388604,8388604,0,0,64,0,11045304,446812,26084,1839728,2511352,1839728,671624,14688,57208,0,0,0,0,41230184,14785008,34359738367,86844,0,81200,0,0,0,0,0,0,0,0,0,0,0,2048,0,1493776,27707392,38797312
1775863728.002065,2065,ubuntu-rog,1,0,0,65683160,28345460,52227256,428244,22370772,0,12838440,21004932,11065688,4956,1772752,20999976,0,0,8388604,8388604,0,0,68,0,11045304,446812,26084,1839728,2511352,1839728,671624,14688,57208,0,0,0,0,41230184,14785008,34359738367,86844,0,81200,0,0,0,0,0,0,0,0,0,0,0,2048,0,1493776,27707392,38797312
1775863729.001307,1307,ubuntu-rog,1,0,0,65683160,28345460,52227256,428244,22370776,0,12838440,21004932,11065688,4956,1772752,20999976,0,0,8388604,8388604,0,0,72,0,11045304,446812,26084,1839728,2511352,1839728,671624,14688,57208,0,0,0,0,41230184,14785008,34359738367,86844,0,81200,0,0,0,0,0,0,0,0,0,0,0,2048,0,1493776,27707392,38797312
1775863730.001474,1474,ubuntu-rog,1,0,0,65683160,28345460,52227260,428248,22370776,0,12838492,21004936,11065740,4956,1772752,20999980,0,0,8388604,8388604,0,0,36,0,11045304,446812,26084,1839728,2511352,1839728,671624,14688,57208,0,0,0,0,41230184,14785008,34359738367,86844,0,81200,0,0,0,0,0,0,0,0,0,0,0,2048,0,1493776,27707392,38797312
1775863731.002303,2303,ubuntu-rog,1,0,0,65683160,28345460,52227260,428248,22370784,0,12838492,21004936,11065740,4956,1772752,20999980,0,0,8388604,8388604,0,0,52,0,11045304,446812,26084,1839728,2511352,1839728,671624,14688,57208,0,0,0,0,41230184,14785008,34359738367,86844,0,81200,0,0,0,0,0,0,0,0,0,0,0,2048,0,1493776,27707392,38797312
1775863732.001066,1066,ubuntu-rog,1,0,0,65683160,28345460,52227260,428248,22370784,0,12838492,21004936,11065740,4956,1772752,20999980,0,0,8388604,8388604,0,0,52,0,11045304,446812,26084,1839728,2511352,1839728,671624,14688,57208,0,0,0,0,41230184,14785008,34359738367,86844,0,81200,0,0,0,0,0,0,0,0,0,0,0,2048,0,1493776,27707392,38797312
1775863733.001068,1068,ubuntu-rog,1,0,0,65683160,28345460,52227260,428248,22370784,0,12838492,21004936,11065740,4956,1772752,20999980,0,0,8388604,8388604,0,0,52,0,11045304,446812,26084,1839728,2511352,1839728,671624,14688,57208,0,0,0,0,41230184,14785008,34359738367,86844,0,81200,0,0,0,0,0,0,0,0,0,0,0,2048,0,1493776,27707392,38797312
1775863734.001306,1306,ubuntu-rog,1,0,0,65683160,28345460,52227260,428248,22370784,0,12838492,21004936,11065740,4956,1772752,20999980,0,0,8388604,8388604,0,0,52,0,11045304,446812,26084,1839728,2511352,1839728,671624,14688,57208,0,0,0,0,41230184,14785008,34359738367,86844,0,81200,0,0,0,0,0,0,0,0,0,0,0,2048,0,1493776,27707392,38797312
1775863735.002203,2203,ubuntu-rog,1,0,0,65683160,28345460,52227260,428256,22370788,0,12838492,21004936,11065740,4956,1772752,20999980,0,0,8388604,8388604,0,0,60,0,11045304,446812,26084,1839728,2511352,1839728,671624,14688,57208,0,0,0,0,41230184,14785008,34359738367,86844,0,81200,0,0,0,0,0,0,0,0,0,0,0,2048,0,1493776,27707392,38797312
1775863736.001307,1307,ubuntu-rog,1,0,0,65683160,28345460,52227260,428256,22370788,0,12838492,21004936,11065740,4956,1772752,20999980,0,0,8388604,8388604,0,0,60,0,11045304,446812,26084,1839728,2511352,1839728,671624,14688,57208,0,0,0,0,41230184,14785008,34359738367,86844,0,81200,0,0,0,0,0,0,0,0,0,0,0,2048,0,1493776,27707392,38797312
1775863737.001126,1126,ubuntu-rog,1,0,0,65683160,28345460,52227308,428256,22370792,0,12838568,21004984,11065816,4956,1772752,21000028,0,0,8388604,8388604,0,0,64,0,11045304,446812,26084,1839728,2511352,1839728,671624,14688,57208,0,0,0,0,41230184,14785008,34359738367,86844,0,81200,0,0,0,0,0,0,0,0,0,0,0,2048,0,1493776,27707392,38797312
1775863738.002069,2069,ubuntu-rog,1,0,0,65683160,28345460,52227308,428256,22370796,0,12838568,21004984,11065816,4956,1772752,21000028,0,0,8388604,8388604,0,0,68,0,11045304,446812,26084,1839728,2511352,1839728,671624,14688,57208,0,0,0,0,41230184,14785008,34359738367,86844,0,81200,0,0,0,0,0,0,0,0,0,0,0,2048,0,1493776,27707392,38797312
1775863739.001303,1303,ubuntu-rog,1,0,0,65683160,28345460,52227308,428256,22370796,0,12838568,21004984,11065816,4956,1772752,21000028,0,0,8388604,8388604,0,0,68,0,11045304,446812,26084,1839728,2511352,1839728,671624,14688,57208,0,0,0,0,41230184,14785008,34359738367,86844,0,81200,0,0,0,0,0,0,0,0,0,0,0,2048,0,1493776,27707392,38797312
1775863740.001205,1205,ubuntu-rog,1,0,0,65683160,28345460,52227308,428264,22370788,0,12838568,21004984,11065816,4956,1772752,21000028,0,0,8388604,8388604,0,0,68,0,11045304,446812,26084,1839728,2511352,1839728,671624,14688,57208,0,0,0,0,41230184,14785008,34359738367,86844,0,81200,0,0,0,0,0,0,0,0,0,0,0,2048,0,1493776,27707392,38797312
1775863741.001299,1299,ubuntu-rog,1,0,0,65683160,28345460,52227308,428264,22370800,0,12838568,21004984,11065816,4956,1772752,21000028,0,0,8388604,8388604,0,0,72,0,11045304,446812,26084,1839728,2511352,1839728,671624,14688,57208,0,0,0,0,41230184,14785008,34359738367,86844,0,81200,0,0,0,0,0,0,0,0,0,0,0,2048,0,1493776,27707392,38797312
1775863742.002057,2057,ubuntu-rog,1,0,0,65683160,28345460,52227308,428264,22370808,0,12838568,21004984,11065816,4956,1772752,21000028,0,0,8388604,8388604,0,0,80,0,11045304,446812,26084,1839728,2511352,1839728,671624,14688,57208,0,0,0,0,41230184,14785008,34359738367,86844,0,81200,0,0,0,0,0,0,0,0,0,0,0,2048,0,1493776,27707392,38797312
1775863743.001054,1054,ubuntu-rog,1,0,0,65683160,28345460,52227308,428264,22370808,0,12838568,21004984,11065816,4956,1772752,21000028,0,0,8388604,8388604,0,0,80,0,11045304,446812,26084,1839728,2511352,1839728,671624,14688,57208,0,0,0,0,41230184,14785008,34359738367,86844,0,81200,0,0,0,0,0,0,0,0,0,0,0,2048,0,1493776,27707392,38797312
1775863744.001299,1299,ubuntu-rog,1,0,0,65683160,28345460,52227308,428264,22370808,0,12838568,21004984,11065816,4956,1772752,21000028,0,0,8388604,8388604,0,0,80,0,11045304,446812,26084,1839728,2511352,1839728,671624,14688,57208,0,0,0,0,41230184,14785008,34359738367,86844,0,81200,0,0,0,0,0,0,0,0,0,0,0,2048,0,1493776,27707392,38797312
1775863745.001211,1211,ubuntu-rog,1,0,0,65683160,28345460,52227308,428264,22370812,0,12838568,21004984,11065816,4956,1772752,21000028,0,0,8388604,8388604,0,0,84,0,11045304,446812,26084,1839728,2511352,1839728,671624,14688,57208,0,0,0,0,41230184,14785008,34359738367,86844,0,81200,0,0,0,0,0,0,0,0,0,0,0,2048,0,1493776,27707392,38797312
1775863746.002302,2302,ubuntu-rog,1,0,0,65683160,28345460,52227308,428272,22370804,0,12838568,21004984,11065816,4956,1772752,21000028,0,0,8388604,8388604,0,0,84,0,11045304,446812,26084,1839728,2511352,1839728,671624,14688,57208,0,0,0,0,41230184,14785008,34359738367,86844,0,81200,0,0,0,0,0,0,0,0,0,0,0,2048,0,1493776,27707392,38797312
1775863747.001061,1061,ubuntu-rog,1,0,0,65683160,28345460,52227308,428272,22370812,0,12838568,21004984,11065816,4956,1772752,21000028,0,0,8388604,8388604,0,0,84,0,11045304,446812,26084,1839728,2511352,1839728,671624,14672,57208,0,0,0,0,41230184,14785008,34359738367,86844,0,81200,0,0,0,0,0,0,0,0,0,0,0,2048,0,1493776,27707392,38797312
1775863748.001066,1066,ubuntu-rog,1,0,0,65683160,28345460,52227308,428272,22370820,0,12838568,21004984,11065816,4956,1772752,21000028,0,0,8388604,8388604,0,0,92,0,11045304,446812,26084,1839728,2511352,1839728,671624,14672,57208,0,0,0,0,41230184,14785008,34359738367,86844,0,81200,0,0,0,0,0,0,0,0,0,0,0,2048,0,1493776,27707392,38797312
1775863749.001302,1302,ubuntu-rog,1,0,0,65683160,28345460,52227308,428272,22370820,0,12838568,21004984,11065816,4956,1772752,21000028,0,0,8388604,8388604,0,0,92,0,11045304,446812,26084,1839728,2511352,1839728,671624,14672,57208,0,0,0,0,41230184,14785008,34359738367,86844,0,81200,0,0,0,0,0,0,0,0,0,0,0,2048,0,1493776,27707392,38797312
1775863750.001461,1461,ubuntu-rog,1,0,0,65683160,28345460,52227328,428272,22370820,0,12838568,21005004,11065816,4956,1772752,21000048,0,0,8388604,8388604,0,0,48,0,11045304,446812,26084,1839728,2511352,1839728,671624,14672,57208,0,0,0,0,41230184,14785008,34359738367,86844,0,81200,0,0,0,0,0,0,0,0,0,0,0,2048,0,1493776,27707392,38797312
1775863751.002305,2305,ubuntu-rog,1,0,0,65683160,28345460,52227328,428280,22370812,0,12838472,21005004,11065720,4956,1772752,21000048,0,0,8388604,8388604,0,0,48,0,11045148,446812,26084,1839728,2511352,1839728,671624,14672,57208,0,0,0,0,41230184,14784852,34359738367,86844,0,81200,0,0,0,0,0,0,0,0,0,0,0,2048,0,1493776,27707392,38797312
1775863752.001067,1067,ubuntu-rog,1,0,0,65683160,28345460,52227344,428280,22370824,0,12838580,21005020,11065828,4956,1772752,21000064,0,0,8388604,8388604,0,0,68,0,11045148,446812,26084,1839728,2511352,1839728,671624,14672,57208,0,0,0,0,41230184,14784852,34359738367,86844,0,81200,0,0,0,0,0,0,0,0,0,0,0,2048,0,1493776,27707392,38797312
1775863753.001067,1067,ubuntu-rog,1,0,0,65683160,28345460,52227344,428280,22370832,0,12838580,21005020,11065828,4956,1772752,21000064,0,0,8388604,8388604,0,0,80,0,11045148,446812,26084,1839728,2511352,1839728,671624,14672,57208,0,0,0,0,41230184,14784852,34359738367,86844,0,81200,0,0,0,0,0,0,0,0,0,0,0,2048,0,1493776,27707392,38797312
1775863754.001302,1302,ubuntu-rog,1,0,0,65683160,28345460,52227344,428280,22370832,0,12838580,21005020,11065828,4956,1772752,21000064,0,0,8388604,8388604,0,0,80,0,11045148,446812,26084,1839728,2511352,1839728,671624,14672,57208,0,0,0,0,41230184,14784852,34359738367,86844,0,81200,0,0,0,0,0,0,0,0,0,0,0,2048,0,1493776,27707392,38797312
1775863755.002199,2199,ubuntu-rog,1,0,0,65683160,28345460,52227344,428280,22370836,0,12838580,21005020,11065828,4956,1772752,21000064,0,0,8388604,8388604,0,0,84,0,11045148,446812,26084,1839728,2511352,1839728,671624,14672,57208,0,0,0,0,41230184,14784852,34359738367,86844,0,81200,0,0,0,0,0,0,0,0,0,0,0,2048,0,1493776,27707392,38797312
1775863756.001302,1302,ubuntu-rog,1,0,0,65683160,28345460,52227344,428284,22370832,0,12838580,21005020,11065828,4956,1772752,21000064,0,0,8388604,8388604,0,0,84,0,11045148,446812,26084,1839728,2511352,1839728,671624,14672,57208,0,0,0,0,41230184,14784852,34359738367,86844,0,81200,0,0,0,0,0,0,0,0,0,0,0,2048,0,1493776,27707392,38797312
1775863757.001381,1381,ubuntu-rog,1,0,0,65683160,28345460,52227344,428284,22370836,0,12838580,21005020,11065828,4956,1772752,21000064,0,0,8388604,8388604,0,0,88,0,11045148,446812,26084,1839728,2511352,1839728,671624,14672,57208,0,0,0,0,41230184,14784852,34359738367,86844,0,81200,0,0,0,0,0,0,0,0,0,0,0,2048,0,1493776,27707392,38797312
1775863758.002069,2069,ubuntu-rog,1,0,0,65683160,28345460,52227344,428284,22370836,0,12838580,21005020,11065828,4956,1772752,21000064,0,0,8388604,8388604,0,0,88,0,11045148,446812,26084,1839728,2511352,1839728,671624,14672,57208,0,0,0,0,41230184,14784852,34359738367,86844,0,81200,0,0,0,0,0,0,0,0,0,0,0,2048,0,1493776,27707392,38797312
1775863759.001310,1310,ubuntu-rog,1,0,0,65683160,28345460,52227344,428284,22370844,0,12838580,21005020,11065828,4956,1772752,21000064,0,0,8388604,8388604,0,0,96,0,11045148,446812,26084,1839728,2511352,1839728,671624,14672,57208,0,0,0,0,41230184,14784852,34359738367,86844,0,81200,0,0,0,0,0,0,0,0,0,0,0,2048,0,1493776,27707392,38797312
1775863760.002199,2199,ubuntu-rog,1,0,0,65683160,28345460,52227344,428284,22370844,0,12838580,21005020,11065828,4956,1772752,21000064,0,0,8388604,8388604,0,0,96,0,11045148,446812,26084,1839728,2511352,1839728,671624,14672,57208,0,0,0,0,41230184,14784852,34359738367,86844,0,81200,0,0,0,0,0,0,0,0,0,0,0,2048,0,1493776,27707392,38797312
1775863761.001300,1300,ubuntu-rog,1,0,0,65683160,28345460,52227368,428284,22370844,0,12838580,21005044,11065828,4956,1772752,21000088,0,0,8388604,8388604,0,0,28,0,11045148,446812,26084,1839728,2511352,1839728,671624,14672,57208,0,0,0,0,41230184,14784852,34359738367,86844,0,81200,0,0,0,0,0,0,0,0,0,0,0,2048,0,1493776,27707392,38797312
1775863762.001064,1064,ubuntu-rog,1,0,0,65683160,28345460,52227368,428292,22370840,0,12838580,21005044,11065828,4956,1772752,21000088,0,0,8388604,8388604,0,0,36,0,11045148,446812,26084,1839728,2511352,1839728,671624,14672,57208,0,0,0,0,41230184,14784852,34359738367,86844,0,81200,0,0,0,0,0,0,0,0,0,0,0,2048,0,1493776,27707392,38797312
1775863763.001068,1068,ubuntu-rog,1,0,0,65683160,28345460,52227368,428292,22370848,0,12838580,21005044,11065828,4956,1772752,21000088,0,0,8388604,8388604,0,0,44,0,11045148,446812,26084,1839728,2511352,1839728,671624,14672,57208,0,0,0,0,41230184,14784852,34359738367,86844,0,81200,0,0,0,0,0,0,0,0,0,0,0,2048,0,1493776,27707392,38797312
1775863764.001568,1568,ubuntu-rog,1,0,0,65683160,28345460,52227368,428292,22370848,0,12838580,21005044,11065828,4956,1772752,21000088,0,0,8388604,8388604,0,0,44,0,11045148,446812,26084,1839728,2511352,1839728,671624,14672,57208,0,0,0,0,41230184,14784852,34359738367,86844,0,81200,0,0,0,0,0,0,0,0,0,0,0,2048,0,1493776,27707392,38797312
1775863765.002205,2205,ubuntu-rog,1,0,0,65683160,28345460,52227368,428292,22370856,0,12838580,21005044,11065828,4956,1772752,21000088,0,0,8388604,8388604,0,0,56,0,11045148,446812,26084,1839728,2511352,1839728,671624,14672,57208,0,0,0,0,41230184,14784852,34359738367,86844,0,81200,0,0,0,0,0,0,0,0,0,0,0,2048,0,1493776,27707392,38797312
1775863766.001306,1306,ubuntu-rog,1,0,0,65683160,28345460,52227368,428292,22370860,0,12838580,21005044,11065828,4956,1772752,21000088,0,0,8388604,8388604,0,0,60,0,11045148,446812,26084,1839728,2511352,1839728,671624,14672,57208,0,0,0,0,41230184,14784852,34359738367,86844,0,81200,0,0,0,0,0,0,0,0,0,0,0,2048,0,1493776,27707392,38797312
1775863767.001067,1067,ubuntu-rog,1,0,0,65683160,28345460,52227368,428300,22370852,0,12838580,21005044,11065828,4956,1772752,21000088,0,0,8388604,8388604,0,0,60,0,11045148,446812,26084,1839728,2511352,1839728,671624,14672,57208,0,0,0,0,41230184,14784852,34359738367,86844,0,81200,0,0,0,0,0,0,0,0,0,0,0,2048,0,1493776,27707392,38797312
1775863768.001067,1067,ubuntu-rog,1,0,0,65683160,28345460,52227388,428300,22370860,0,12838684,21005064,11065932,4956,1772752,21000108,0,0,8388604,8388604,0,0,60,0,11045148,446812,26084,1839728,2511352,1839728,671624,14672,57208,0,0,0,0,41230184,14784852,34359738367,86844,0,81200,0,0,0,0,0,0,0,0,0,0,0,2048,0,1493776,27707392,38797312
1775863769.002299,2299,ubuntu-rog,1,0,0,65683160,28345460,52227388,428300,22370864,0,12838684,21005064,11065932,4956,1772752,21000108,0,0,8388604,8388604,0,0,64,0,11045148,446812,26084,1839728,2511352,1839728,671624,14688,57208,0,0,0,0,41230184,14784852,34359738367,86844,0,81200,0,0,0,0,0,0,0,0,0,0,0,2048,0,1493776,27707392,38797312
1775863770.001203,1203,ubuntu-rog,1,0,0,65683160,28345460,52227388,428300,22370868,0,12838684,21005064,11065932,4956,1772752,21000108,0,0,8388604,8388604,0,0,68,0,11045148,446812,26084,1839728,2511352,1839728,671624,14688,57208,0,0,0,0,41230184,14784852,34359738367,86844,0,81200,0,0,0,0,0,0,0,0,0,0,0,2048,0,1493776,27707392,38797312
1775863771.001314,1314,ubuntu-rog,1,0,0,65683160,28345460,52227388,428300,22370868,0,12838684,21005064,11065932,4956,1772752,21000108,0,0,8388604,8388604,0,0,68,0,11045148,446812,26084,1839728,2511352,1839728,671624,14688,57208,0,0,0,0,41230184,14784852,34359738367,86844,0,81200,0,0,0,0,0,0,0,0,0,0,0,2048,0,1493776,27707392,38797312
1775863772.001075,1075,ubuntu-rog,1,0,0,65683160,27828328,51710480,428300,22370868,0,13335744,21005288,11562992,4956,1772752,21000332,0,0,8388604,8388604,0,0,68,0,11543076,446812,26084,1839728,2511352,1839728,671624,14688,58104,0,0,0,0,41230184,15282928,34359738367,86844,0,81200,0,0,0,0,0,0,0,0,0,0,0,2048,0,1493776,27707392,38797312
1775863773.002066,2066,ubuntu-rog,1,0,0,65683160,28159060,52041224,428304,22370872,0,12990908,21005296,11218156,4956,1772752,21000340,0,0,8388604,8388604,0,0,76,0,11198192,446812,26084,1839732,2511356,1839732,671624,14688,57496,0,0,0,0,41230184,14938324,34359738367,86844,0,81200,0,0,0,0,0,0,0,0,0,0,0,2048,0,1493776,27707392,38797312
1775863774.001287,1287,ubuntu-rog,1,0,0,65683160,28321540,52203704,428304,22370872,0,12861364,21005296,11088612,4956,1772752,21000340,0,0,8388604,8388604,0,0,76,0,11068356,446812,26084,1839732,2511356,1839732,671624,14688,57504,0,0,0,0,41230184,14808288,34359738367,86844,0,81200,0,0,0,0,0,0,0,0,0,0,0,2048,0,1493776,27707392,38797312
1775863775.001211,1211,ubuntu-rog,1,0,0,65683160,28321584,52203748,428304,22370872,0,12861512,21005296,11088760,4956,1772752,21000340,0,0,8388604,8388604,0,0,76,0,11068584,446812,26084,1839732,2511356,1839732,671624,14688,57260,0,0,0,0,41230184,14808288,34359738367,86844,0,81200,0,0,0,0,0,0,0,0,0,0,0,2048,0,1493776,27707392,38797312
1775863776.001311,1311,ubuntu-rog,1,0,0,65683160,28322392,52204556,428304,22370880,0,12861512,21005296,11088760,4956,1772752,21000340,0,0,8388604,8388604,0,0,84,0,11068584,446812,26084,1839732,2511356,1839732,671624,14688,57260,0,0,0,0,41230184,14808288,34359738367,86844,0,81200,0,0,0,0,0,0,0,0,0,0,0,2048,0,1493776,27707392,38797312
1775863777.002064,2064,ubuntu-rog,1,0,0,65683160,28325148,52207312,428304,22370880,0,12861512,21005296,11088760,4956,1772752,21000340,0,0,8388604,8388604,0,0,84,0,11068584,446812,26084,1839732,2511356,1839732,671624,14688,57260,0,0,0,0,41230184,14808288,34359738367,86844,0,81200,0,0,0,0,0,0,0,0,0,0,0,2048,0,1493776,27707392,38797312
1775863778.001069,1069,ubuntu-rog,1,0,0,65683160,28327492,52209656,428308,22370880,0,12861512,21005296,11088760,4956,1772752,21000340,0,0,8388604,8388604,0,0,88,0,11068584,446812,26084,1839732,2511356,1839732,671624,14688,57260,0,0,0,0,41230184,14808288,34359738367,86844,0,81200,0,0,0,0,0,0,0,0,0,0,0,2048,0,1493776,27707392,38797312
1775863779.001310,1310,ubuntu-rog,1,0,0,65683160,28329900,52212064,428308,22370884,0,12861512,21005296,11088760,4956,1772752,21000340,0,0,8388604,8388604,0,0,88,0,11068584,446812,26084,1839732,2511356,1839732,671624,14688,57260,0,0,0,0,41230184,14808288,34359738367,86844,0,81200,0,0,0,0,0,0,0,0,0,0,0,2048,0,1493776,27707392,38797312
1775863780.001208,1208,ubuntu-rog,1,0,0,65683160,28331600,52213764,428308,22370888,0,12861512,21005296,11088760,4956,1772752,21000340,0,0,8388604,8388604,0,0,92,0,11068588,446812,26084,1839732,2511356,1839732,671624,14688,57260,0,0,0,0,41230184,14808288,34359738367,86844,0,81200,0,0,0,0,0,0,0,0,0,0,0,2048,0,1493776,27707392,38797312
1775863781.002309,2309,ubuntu-rog,1,0,0,65683160,28333040,52215204,428308,22370892,0,12861512,21005296,11088760,4956,1772752,21000340,0,0,8388604,8388604,0,0,96,0,11068588,446812,26084,1839732,2511356,1839732,671624,14688,57260,0,0,0,0,41230184,14808288,34359738367,86844,0,81200,0,0,0,0,0,0,0,0,0,0,0,2048,0,1493776,27707392,38797312
1775863782.001068,1068,ubuntu-rog,1,0,0,65683160,28334652,52216816,428308,22370892,0,12861512,21005296,11088760,4956,1772752,21000340,0,0,8388604,8388604,0,0,96,0,11068588,446812,26084,1839732,2511356,1839732,671624,14688,57260,0,0,0,0,41230184,14808288,34359738367,86844,0,81200,0,0,0,0,0,0,0,0,0,0,0,2048,0,1493776,27707392,38797312
1775863783.001069,1069,ubuntu-rog,1,0,0,65683160,28336064,52218248,428316,22370888,0,12861568,21005316,11088816,4956,1772752,21000360,0,0,8388604,8388604,0,0,68,0,11068592,446812,26084,1839732,2511356,1839732,671624,14688,57260,0,0,0,0,41230184,14808288,34359738367,86844,0,81200,0,0,0,0,0,0,0,0,0,0,0,2048,0,1493776,27707392,38797312
1775863784.001313,1313,ubuntu-rog,1,0,0,65683160,28336892,52219076,428316,22370896,0,12861568,21005316,11088816,4956,1772752,21000360,0,0,8388604,8388604,0,0,72,0,11068592,446812,26084,1839732,2511356,1839732,671624,14672,57260,0,0,0,0,41230184,14808288,34359738367,86844,0,81200,0,0,0,0,0,0,0,0,0,0,0,2048,0,1493776,27707392,38797312
1775863785.002203,2203,ubuntu-rog,1,0,0,65683160,28337972,52220156,428316,22370896,0,12861568,21005316,11088816,4956,1772752,21000360,0,0,8388604,8388604,0,0,72,0,11068592,446812,26084,1839732,2511356,1839732,671624,14672,57260,0,0,0,0,41230184,14808288,34359738367,86844,0,81200,0,0,0,0,0,0,0,0,0,0,0,2048,0,1493776,27707392,38797312
1775863786.001308,1308,ubuntu-rog,1,0,0,65683160,28338108,52220292,428316,22370900,0,12861568,21005316,11088816,4956,1772752,21000360,0,0,8388604,8388604,0,0,76,0,11068592,446812,26084,1839732,2511356,1839732,671624,14672,57260,0,0,0,0,41230184,14808288,34359738367,86844,0,81200,0,0,0,0,0,0,0,0,0,0,0,2048,0,1493776,27707392,38797312
1775863787.001063,1063,ubuntu-rog,1,0,0,65683160,28338244,52220428,428316,22370904,0,12861572,21005316,11088820,4956,1772752,21000360,0,0,8388604,8388604,0,0,64,0,11068592,446812,26084,1839732,2511356,1839732,671624,14672,57260,0,0,0,0,41230184,14808288,34359738367,86844,0,81200,0,0,0,0,0,0,0,0,0,0,0,2048,0,1493776,27707392,38797312
1775863788.001067,1067,ubuntu-rog,1,0,0,65683160,28338244,52220428,428324,22370896,0,12861572,21005316,11088820,4956,1772752,21000360,0,0,8388604,8388604,0,0,64,0,11068592,446812,26084,1839732,2511356,1839732,671624,14672,57260,0,0,0,0,41230184,14808288,34359738367,86844,0,81200,0,0,0,0,0,0,0,0,0,0,0,2048,0,1493776,27707392,38797312
1775863789.001321,1321,ubuntu-rog,1,0,0,65683160,28338244,52220428,428324,22370904,0,12861572,21005316,11088820,4956,1772752,21000360,0,0,8388604,8388604,0,0,76,0,11068592,446812,26084,1839732,2511356,1839732,671624,14672,57260,0,0,0,0,41230184,14808288,34359738367,86844,0,81200,0,0,0,0,0,0,0,0,0,0,0,2048,0,1493776,27707392,38797312
1775863790.002210,2210,ubuntu-rog,1,0,0,65683160,28338244,52220428,428324,22370912,0,12861572,21005316,11088820,4956,1772752,21000360,0,0,8388604,8388604,0,0,88,0,11068592,446812,26084,1839732,2511356,1839732,671624,14672,57260,0,0,0,0,41230184,14808288,34359738367,86844,0,81200,0,0,0,0,0,0,0,0,0,0,0,2048,0,1493776,27707392,38797312
1775863791.001310,1310,ubuntu-rog,1,0,0,65683160,28338244,52220428,428324,22370912,0,12861572,21005316,11088820,4956,1772752,21000360,0,0,8388604,8388604,0,0,88,0,11068592,446812,26084,1839732,2511356,1839732,671624,14672,57260,0,0,0,0,41230184,14808288,34359738367,86844,0,81200,0,0,0,0,0,0,0,0,0,0,0,2048,0,1493776,27707392,38797312
1775863792.001065,1065,ubuntu-rog,1,0,0,65683160,28338244,52220428,428324,22370916,0,12861572,21005316,11088820,4956,1772752,21000360,0,0,8388604,8388604,0,0,92,0,11068592,446812,26084,1839732,2511356,1839732,671624,14672,57260,0,0,0,0,41230184,14808288,34359738367,86844,0,81200,0,0,0,0,0,0,0,0,0,0,0,2048,0,1493776,27707392,38797312
1775863793.001074,1074,ubuntu-rog,1,0,0,65683160,28338244,52220428,428324,22370920,0,12861572,21005316,11088820,4956,1772752,21000360,0,0,8388604,8388604,0,0,96,0,11068592,446812,26084,1839732,2511356,1839732,671624,14672,57260,0,0,0,0,41230184,14808288,34359738367,86844,0,81200,0,0,0,0,0,0,0,0,0,0,0,2048,0,1493776,27707392,38797312
1775863794.002315,2315,ubuntu-rog,1,0,0,65683160,28338244,52220428,428324,22370920,0,12861572,21005316,11088820,4956,1772752,21000360,0,0,8388604,8388604,0,0,100,0,11068592,446812,26084,1839732,2511356,1839732,671624,14672,57260,0,0,0,0,41230184,14808288,34359738367,86844,0,81200,0,0,0,0,0,0,0,0,0,0,0,2048,0,1493776,27707392,38797312
1775863795.001213,1213,ubuntu-rog,1,0,0,65683160,28338244,52220428,428324,22370920,0,12861572,21005316,11088820,4956,1772752,21000360,0,0,8388604,8388604,0,0,100,0,11068592,446812,26084,1839732,2511356,1839732,671624,14672,57260,0,0,0,0,41230184,14808288,34359738367,86844,0,81200,0,0,0,0,0,0,0,0,0,0,0,2048,0,1493776,27707392,38797312
1775863796.001312,1312,ubuntu-rog,1,0,0,65683160,28338244,52220428,428324,22370920,0,12861572,21005316,11088820,4956,1772752,21000360,0,0,8388604,8388604,0,0,100,0,11068592,446812,26084,1839732,2511356,1839732,671624,14672,57260,0,0,0,0,41230184,14808288,34359738367,86844,0,81200,0,0,0,0,0,0,0,0,0,0,0,2048,0,1493776,27707392,38797312
1775863797.001064,1064,ubuntu-rog,1,0,0,65683160,28338244,52220428,428324,22370924,0,12861572,21005316,11088820,4956,1772752,21000360,0,0,8388604,8388604,0,0,36,0,11068592,446812,26084,1839732,2511356,1839732,671624,14672,57260,0,0,0,0,41230184,14808288,34359738367,86844,0,81200,0,0,0,0,0,0,0,0,0,0,0,2048,0,1493776,27707392,38797312
1775863798.005065,5065,ubuntu-rog,1,0,0,65683160,28338244,52220428,428332,22370920,0,12861572,21005316,11088820,4956,1772752,21000360,0,0,8388604,8388604,0,0,44,0,11068592,446812,26084,1839732,2511356,1839732,671624,14672,57260,0,0,0,0,41230184,14808288,34359738367,86844,0,81200,0,0,0,0,0,0,0,0,0,0,0,2048,0,1493776,27707392,38797312
1775863799.001316,1316,ubuntu-rog,1,0,0,65683160,28338244,52220428,428332,22370928,0,12861572,21005316,11088820,4956,1772752,21000360,0,0,8388604,8388604,0,0,52,0,11068592,446812,26084,1839732,2511356,1839732,671624,14672,57260,0,0,0,0,41230184,14808288,34359738367,86844,0,81200,0,0,0,0,0,0,0,0,0,0,0,2048,0,1493776,27707392,38797312
1775863800.001212,1212,ubuntu-rog,1,0,0,65683160,28338244,52220428,428332,22370932,0,12861572,21005316,11088820,4956,1772752,21000360,0,0,8388604,8388604,0,0,56,0,11068592,446812,26084,1839732,2511356,1839732,671624,14672,57260,0,0,0,0,41230184,14808288,34359738367,86844,0,81200,0,0,0,0,0,0,0,0,0,0,0,2048,0,1493776,27707392,38797312
1775863801.001314,1314,ubuntu-rog,1,0,0,65683160,28338244,52220428,428332,22370932,0,12861572,21005316,11088820,4956,1772752,21000360,0,0,8388604,8388604,0,0,56,0,11068592,446812,26084,1839732,2511356,1839732,671624,14672,57260,0,0,0,0,41230184,14808288,34359738367,86844,0,81200,0,0,0,0,0,0,0,0,0,0,0,2048,0,1493776,27707392,38797312
1775863802.001070,1070,ubuntu-rog,1,0,0,65683160,28335472,52217656,428348,22370936,0,12861848,21005316,11089096,4956,1772752,21000360,0,0,8388604,8388604,0,0,276,0,11068592,446812,26084,1839732,2511348,1839732,671616,14672,57260,0,0,0,0,41230184,14808288,34359738367,86860,0,81200,0,0,0,0,0,0,0,0,0,0,0,2048,0,1493776,27707392,38797312
1775863803.001071,1071,ubuntu-rog,1,0,0,65683160,28335472,52217656,428348,22370936,0,12861848,21005316,11089096,4956,1772752,21000360,0,0,8388604,8388604,0,0,276,0,11068592,446812,26084,1839732,2511348,1839732,671616,14672,57260,0,0,0,0,41230184,14808288,34359738367,86860,0,81200,0,0,0,0,0,0,0,0,0,0,0,2048,0,1493776,27707392,38797312
1775863804.001315,1315,ubuntu-rog,1,0,0,65683160,28335472,52217656,428348,22370944,0,12861848,21005316,11089096,4956,1772752,21000360,0,0,8388604,8388604,0,0,284,0,11068592,446812,26084,1839732,2511348,1839732,671616,14672,57260,0,0,0,0,41230184,14808288,34359738367,86860,0,81200,0,0,0,0,0,0,0,0,0,0,0,2048,0,1493776,27707392,38797312
1775863805.001206,1206,ubuntu-rog,1,0,0,65683160,28335472,52217656,428348,22370944,0,12861848,21005316,11089096,4956,1772752,21000360,0,0,8388604,8388604,0,0,284,0,11068592,446812,26084,1839732,2511348,1839732,671616,14672,57260,0,0,0,0,41230184,14808288,34359738367,86860,0,81200,0,0,0,0,0,0,0,0,0,0,0,2048,0,1493776,27707392,38797312
1775863806.002309,2309,ubuntu-rog,1,0,0,65683160,28335472,52217656,428348,22370944,0,12861848,21005316,11089096,4956,1772752,21000360,0,0,8388604,8388604,0,0,284,0,11068592,446812,26084,1839732,2511348,1839732,671616,14672,57260,0,0,0,0,41230184,14808288,34359738367,86860,0,81200,0,0,0,0,0,0,0,0,0,0,0,2048,0,1493776,27707392,38797312
1775863807.001066,1066,ubuntu-rog,1,0,0,65683160,28335472,52217656,428352,22370944,0,12861848,21005316,11089096,4956,1772752,21000360,0,0,8388604,8388604,0,0,288,0,11068592,446812,26084,1839732,2511348,1839732,671616,14672,57260,0,0,0,0,41230184,14808288,34359738367,86860,0,81200,0,0,0,0,0,0,0,0,0,0,0,2048,0,1493776,27707392,38797312
1775863808.001070,1070,ubuntu-rog,1,0,0,65683160,28335472,52217656,428352,22370948,0,12861848,21005316,11089096,4956,1772752,21000360,0,0,8388604,8388604,0,0,292,0,11068592,446812,26084,1839732,2511348,1839732,671616,14672,57260,0,0,0,0,41230184,14808288,34359738367,86860,0,81200,0,0,0,0,0,0,0,0,0,0,0,2048,0,1493776,27707392,38797312
1775863809.001320,1320,ubuntu-rog,1,0,0,65683160,28335472,52217656,428352,22370952,0,12861848,21005316,11089096,4956,1772752,21000360,0,0,8388604,8388604,0,0,296,0,11068592,446812,26084,1839732,2511348,1839732,671616,14672,57260,0,0,0,0,41230184,14808288,34359738367,86860,0,81200,0,0,0,0,0,0,0,0,0,0,0,2048,0,1493776,27707392,38797312
1775863810.002205,2205,ubuntu-rog,1,0,0,65683160,28335472,52217656,428352,22370952,0,12861848,21005316,11089096,4956,1772752,21000360,0,0,8388604,8388604,0,0,296,0,11068592,446812,26084,1839732,2511348,1839732,671616,14672,57260,0,0,0,0,41230184,14808288,34359738367,86860,0,81200,0,0,0,0,0,0,0,0,0,0,0,2048,0,1493776,27707392,38797312
1775863811.001318,1318,ubuntu-rog,1,0,0,65683160,28335472,52217656,428352,22370956,0,12861848,21005316,11089096,4956,1772752,21000360,0,0,8388604,8388604,0,0,300,0,11068592,446812,26084,1839732,2511348,1839732,671616,14672,57260,0,0,0,0,41230184,14808288,34359738367,86860,0,81200,0,0,0,0,0,0,0,0,0,0,0,2048,0,1493776,27707392,38797312
1775863812.001065,1065,ubuntu-rog,1,0,0,65683160,28335472,52217656,428360,22370948,0,12861848,21005316,11089096,4956,1772752,21000360,0,0,8388604,8388604,0,0,300,0,11068592,446812,26084,1839732,2511348,1839732,671616,14672,57260,0,0,0,0,41230184,14808288,34359738367,86860,0,81200,0,0,0,0,0,0,0,0,0,0,0,2048,0,1493776,27707392,38797312
1775863813.001068,1068,ubuntu-rog,1,0,0,65683160,28335472,52217656,428360,22370956,0,12861848,21005316,11089096,4956,1772752,21000360,0,0,8388604,8388604,0,0,300,0,11068592,446812,26084,1839732,2511348,1839732,671616,14672,57260,0,0,0,0,41230184,14808288,34359738367,86860,0,81200,0,0,0,0,0,0,0,0,0,0,0,2048,0,1493776,27707392,38797312
1775863814.004309,4309,ubuntu-rog,1,0,0,65683160,28335472,52217656,428360,22370964,0,12861848,21005316,11089096,4956,1772752,21000360,0,0,8388604,8388604,0,0,308,0,11068592,446812,26084,1839732,2511348,1839732,671616,14672,57260,0,0,0,0,41230184,14808288,34359738367,86860,0,81200,0,0,0,0,0,0,0,0,0,0,0,2048,0,1493776,27707392,38797312
1775863815.001211,1211,ubuntu-rog,1,0,0,65683160,28335472,52217656,428360,22370968,0,12861864,21005316,11089112,4956,1772752,21000360,0,0,8388604,8388604,0,0,252,0,11068592,446812,26084,1839732,2511348,1839732,671616,14672,57260,0,0,0,0,41230184,14808288,34359738367,86860,0,81200,0,0,0,0,0,0,0,0,0,0,0,2048,0,1493776,27707392,38797312
1775863816.001312,1312,ubuntu-rog,1,0,0,65683160,28335472,52217656,428360,22370968,0,12861864,21005316,11089112,4956,1772752,21000360,0,0,8388604,8388604,0,0,252,0,11068592,446812,26084,1839732,2511348,1839732,671616,14672,57260,0,0,0,0,41230184,14808288,34359738367,86860,0,81200,0,0,0,0,0,0,0,0,0,0,0,2048,0,1493776,27707392,38797312
1775863817.001067,1067,ubuntu-rog,1,0,0,65683160,28335472,52217656,428360,22370968,0,12861864,21005316,11089112,4956,1772752,21000360,0,0,8388604,8388604,0,0,252,0,11068592,446812,26084,1839732,2511348,1839732,671616,14672,57260,0,0,0,0,41230184,14808288,34359738367,86860,0,81200,0,0,0,0,0,0,0,0,0,0,0,2048,0,1493776,27707392,38797312
1775863818.001070,1070,ubuntu-rog,1,0,0,65683160,28335472,52217656,428360,22370972,0,12861864,21005316,11089112,4956,1772752,21000360,0,0,8388604,8388604,0,0,264,0,11068592,446812,26084,1839732,2511348,1839732,671616,14672,57260,0,0,0,0,41230184,14808288,34359738367,86860,0,81200,0,0,0,0,0,0,0,0,0,0,0,2048,0,1493776,27707392,38797312
1775863819.001313,1313,ubuntu-rog,1,0,0,65683160,28335472,52217656,428360,22370972,0,12861864,21005316,11089112,4956,1772752,21000360,0,0,8388604,8388604,0,0,264,0,11068592,446812,26084,1839732,2511348,1839732,671616,14672,57260,0,0,0,0,41230184,14808288,34359738367,86860,0,81200,0,0,0,0,0,0,0,0,0,0,0,2048,0,1493776,27707392,38797312
1775863820.002206,2206,ubuntu-rog,1,0,0,65683160,28335472,52217656,428360,22370976,0,12861864,21005316,11089112,4956,1772752,21000360,0,0,8388604,8388604,0,0,268,0,11068592,446812,26084,1839732,2511348,1839732,671616,14672,57260,0,0,0,0,41230184,14808288,34359738367,86860,0,81200,0,0,0,0,0,0,0,0,0,0,0,2048,0,1493776,27707392,38797312
1775863821.001298,1298,ubuntu-rog,1,0,0,65683160,28335472,52217656,428360,22370980,0,12861864,21005316,11089112,4956,1772752,21000360,0,0,8388604,8388604,0,0,272,0,11068592,446812,26084,1839732,2511348,1839732,671616,14672,57260,0,0,0,0,41230184,14808288,34359738367,86860,0,81200,0,0,0,0,0,0,0,0,0,0,0,2048,0,1493776,27707392,38797312
1775863822.001068,1068,ubuntu-rog,1,0,0,65683160,28335472,52217656,428360,22370980,0,12861912,21005316,11089160,4956,1772752,21000360,0,0,8388604,8388604,0,0,256,0,11068592,446812,26084,1839732,2511348,1839732,671616,14672,57260,0,0,0,0,41230184,14808288,34359738367,86860,0,81200,0,0,0,0,0,0,0,0,0,0,0,2048,0,1493776,27707392,38797312
1775863823.001070,1070,ubuntu-rog,1,0,0,65683160,28335472,52217656,428360,22370980,0,12861912,21005316,11089160,4956,1772752,21000360,0,0,8388604,8388604,0,0,256,0,11068592,446812,26084,1839732,2511348,1839732,671616,14672,57260,0,0,0,0,41230184,14808288,34359738367,86860,0,81200,0,0,0,0,0,0,0,0,0,0,0,2048,0,1493776,27707392,38797312
1775863824.004300,4300,ubuntu-rog,1,0,0,65683160,28339108,52221292,428360,22370980,0,12861912,21005316,11089160,4956,1772752,21000360,0,0,8388604,8388604,0,0,268,0,11068592,446812,26084,1839732,2511348,1839732,671616,14672,57260,0,0,0,0,41230184,14808288,34359738367,86860,0,81200,0,0,0,0,0,0,0,0,0,0,0,2048,0,1493776,27707392,38797312
1775863825.001202,1202,ubuntu-rog,1,0,0,65683160,28339004,52221188,428360,22370984,0,12861912,21005316,11089160,4956,1772752,21000360,0,0,8388604,8388604,0,0,272,0,11068592,446812,26084,1839732,2511348,1839732,671616,14672,57260,0,0,0,0,41230184,14808288,34359738367,86844,0,81200,0,0,0,0,0,0,0,0,0,0,0,2048,0,1493776,27707392,38797312
1775863826.001300,1300,ubuntu-rog,1,0,0,65683160,28339004,52221252,428360,22370996,0,12861904,21005380,11089152,4956,1772752,21000424,0,0,8388604,8388604,0,0,432,0,11068592,446816,26084,1839732,2511388,1839732,671656,14704,57260,0,0,0,0,41230184,14808288,34359738367,86844,0,81200,0,0,0,0,0,0,0,0,0,0,0,2048,0,1493776,27707392,38797312
1775863827.001054,1054,ubuntu-rog,1,0,0,65683160,28339004,52221252,428360,22370996,0,12861904,21005380,11089152,4956,1772752,21000424,0,0,8388604,8388604,0,0,432,0,11068592,446816,26084,1839732,2511356,1839732,671624,14704,57260,0,0,0,0,41230184,14808460,34359738367,86844,0,81200,0,0,0,0,0,0,0,0,0,0,0,2048,0,1493776,27707392,38797312
1775863828.002066,2066,ubuntu-rog,1,0,0,65683160,28339004,52221252,428368,22370992,0,12862096,21005380,11089344,4956,1772752,21000424,0,0,8388604,8388604,0,0,400,0,11068780,446816,26084,1839732,2511396,1839732,671664,14704,57260,0,0,0,0,41230184,14808460,34359738367,86844,0,81200,0,0,0,0,0,0,0,0,0,0,0,2048,0,1493776,27707392,38797312
1775863829.001302,1302,ubuntu-rog,1,0,0,65683160,28339004,52221252,428368,22371000,0,12862096,21005380,11089344,4956,1772752,21000424,0,0,8388604,8388604,0,0,420,0,11068780,446816,26084,1839732,2511396,1839732,671664,14704,57260,0,0,0,0,41230184,14808460,34359738367,86844,0,81200,0,0,0,0,0,0,0,0,0,0,0,2048,0,1493776,27707392,38797312
1775863830.001201,1201,ubuntu-rog,1,0,0,65683160,28339004,52221252,428368,22371000,0,12862096,21005380,11089344,4956,1772752,21000424,0,0,8388604,8388604,0,0,420,0,11068780,446816,26084,1839732,2511396,1839732,671664,14704,57260,0,0,0,0,41230184,14808460,34359738367,86844,0,81200,0,0,0,0,0,0,0,0,0,0,0,2048,0,1493776,27707392,38797312
1775863831.001296,1296,ubuntu-rog,1,0,0,65683160,28339004,52221252,428368,22371008,0,12862096,21005380,11089344,4956,1772752,21000424,0,0,8388604,8388604,0,0,428,0,11068780,446816,26084,1839732,2511396,1839732,671664,14704,57260,0,0,0,0,41230184,14808460,34359738367,86844,0,81200,0,0,0,0,0,0,0,0,0,0,0,2048,0,1493776,27707392,38797312
1775863832.002059,2059,ubuntu-rog,1,0,0,65683160,28339004,52221252,428368,22371008,0,12862096,21005380,11089344,4956,1772752,21000424,0,0,8388604,8388604,0,0,428,0,11068780,446816,26084,1839732,2511396,1839732,671664,14704,57260,0,0,0,0,41230184,14808460,34359738367,86844,0,81200,0,0,0,0,0,0,0,0,0,0,0,2048,0,1493776,27707392,38797312
1775863833.001065,1065,ubuntu-rog,1,0,0,65683160,28339004,52221252,428372,22371004,0,12862096,21005380,11089344,4956,1772752,21000424,0,0,8388604,8388604,0,0,68,0,11068780,446816,26084,1839732,2511396,1839732,671664,14704,57260,0,0,0,0,41230184,14808460,34359738367,86844,0,81200,0,0,0,0,0,0,0,0,0,0,0,2048,0,1493776,27707392,38797312
1775863834.001504,1504,ubuntu-rog,1,0,0,65683160,28339004,52221252,428372,22371008,0,12862096,21005380,11089344,4956,1772752,21000424,0,0,8388604,8388604,0,0,76,0,11068780,446816,26084,1839732,2511396,1839732,671664,14704,57260,0,0,0,0,41230184,14808460,34359738367,86844,0,81200,0,0,0,0,0,0,0,0,0,0,0,2048,0,1493776,27707392,38797312
1775863835.002207,2207,ubuntu-rog,1,0,0,65683160,28338752,52221004,428372,22371012,0,12862096,21005380,11089344,4956,1772752,21000424,0,0,8388604,8388604,0,0,80,0,11068780,446816,26084,1839736,2511400,1839736,671664,14704,57260,0,0,0,0,41230184,14808460,34359738367,86844,0,81200,0,0,0,0,0,0,0,0,0,0,0,2048,0,1493776,27707392,38797312
1775863836.001313,1313,ubuntu-rog,1,0,0,65683160,28338752,52221004,428372,22371012,0,12862096,21005380,11089344,4956,1772752,21000424,0,0,8388604,8388604,0,0,80,0,11068780,446816,26084,1839736,2511400,1839736,671664,14704,57260,0,0,0,0,41230184,14808460,34359738367,86844,0,81200,0,0,0,0,0,0,0,0,0,0,0,2048,0,1493776,27707392,38797312
1775863837.001064,1064,ubuntu-rog,1,0,0,65683160,28338752,52221100,428424,22371016,0,12862120,21005476,11089368,4956,1772752,21000520,0,0,8388604,8388604,0,0,172,0,11068780,446816,26084,1839736,2511400,1839736,671664,14704,57260,0,0,0,0,41230184,14808460,34359738367,86844,0,81200,0,0,0,0,0,0,0,0,0,0,0,2048,0,1493776,27707392,38797312
1775863838.002060,2060,ubuntu-rog,1,0,0,65683160,28338752,52221100,428424,22371020,0,12862100,21005476,11089348,4956,1772752,21000520,0,0,8388604,8388604,0,0,176,0,11068780,446816,26084,1839736,2511400,1839736,671664,14704,57260,0,0,0,0,41230184,14808460,34359738367,86844,0,81200,0,0,0,0,0,0,0,0,0,0,0,2048,0,1493776,27707392,38797312
1775863839.001302,1302,ubuntu-rog,1,0,0,65683160,28338752,52221100,428424,22371024,0,12862100,21005476,11089348,4956,1772752,21000520,0,0,8388604,8388604,0,0,180,0,11068780,446816,26084,1839736,2511400,1839736,671664,14704,57260,0,0,0,0,41230184,14808460,34359738367,86844,0,81200,0,0,0,0,0,0,0,0,0,0,0,2048,0,1493776,27707392,38797312
1775863840.001199,1199,ubuntu-rog,1,0,0,65683160,28338752,52221100,428424,22371024,0,12862100,21005476,11089348,4956,1772752,21000520,0,0,8388604,8388604,0,0,180,0,11068780,446816,26084,1839736,2511400,1839736,671664,14704,57260,0,0,0,0,41230184,14808460,34359738367,86844,0,81200,0,0,0,0,0,0,0,0,0,0,0,2048,0,1493776,27707392,38797312
1775863841.001207,1207,ubuntu-rog,1,0,0,65683160,28338752,52221100,428424,22371024,0,12862100,21005476,11089348,4956,1772752,21000520,0,0,8388604,8388604,0,0,180,0,11068780,446816,26084,1839736,2511400,1839736,671664,14704,57260,0,0,0,0,41230184,14808460,34359738367,86844,0,81200,0,0,0,0,0,0,0,0,0,0,0,2048,0,1493776,27707392,38797312
1775863842.002065,2065,ubuntu-rog,1,0,0,65683160,28338752,52221100,428432,22371028,0,12862100,21005476,11089348,4956,1772752,21000520,0,0,8388604,8388604,0,0,184,0,11068780,446816,26084,1839736,2511400,1839736,671664,14704,57260,0,0,0,0,41230184,14808460,34359738367,86844,0,81200,0,0,0,0,0,0,0,0,0,0,0,2048,0,1493776,27707392,38797312
1775863843.001065,1065,ubuntu-rog,1,0,0,65683160,28338752,52221100,428432,22371032,0,12862100,21005476,11089348,4956,1772752,21000520,0,0,8388604,8388604,0,0,188,0,11068780,446816,26084,1839736,2511400,1839736,671664,14704,57260,0,0,0,0,41230184,14808460,34359738367,86844,0,81200,0,0,0,0,0,0,0,0,0,0,0,2048,0,1493776,27707392,38797312
1775863844.001297,1297,ubuntu-rog,1,0,0,65683160,28338752,52221100,428432,22371032,0,12862100,21005476,11089348,4956,1772752,21000520,0,0,8388604,8388604,0,0,188,0,11068780,446816,26084,1839736,2511396,1839736,671660,14704,57260,0,0,0,0,41230184,14808460,34359738367,86844,0,81200,0,0,0,0,0,0,0,0,0,0,0,2048,0,1493776,27707392,38797312
1775863845.001204,1204,ubuntu-rog,1,0,0,65683160,28338752,52221100,428432,22371036,0,12862100,21005476,11089348,4956,1772752,21000520,0,0,8388604,8388604,0,0,192,0,11068780,446816,26084,1839736,2511396,1839736,671660,14704,57260,0,0,0,0,41230184,14808460,34359738367,86844,0,81200,0,0,0,0,0,0,0,0,0,0,0,2048,0,1493776,27707392,38797312
1775863846.002295,2295,ubuntu-rog,1,0,0,65683160,28338752,52221100,428432,22371036,0,12862100,21005476,11089348,4956,1772752,21000520,0,0,8388604,8388604,0,0,192,0,11068780,446816,26084,1839736,2511396,1839736,671660,14704,57260,0,0,0,0,41230184,14808460,34359738367,86844,0,81200,0,0,0,0,0,0,0,0,0,0,0,2048,0,1493776,27707392,38797312
1775863847.001059,1059,ubuntu-rog,1,0,0,65683160,28338752,52221100,428440,22371028,0,12862100,21005476,11089348,4956,1772752,21000520,0,0,8388604,8388604,0,0,192,0,11068780,446816,26084,1839736,2511396,1839736,671660,14704,57260,0,0,0,0,41230184,14808460,34359738367,86844,0,81200,0,0,0,0,0,0,0,0,0,0,0,2048,0,1493776,27707392,38797312
1775863848.001349,1349,ubuntu-rog,1,0,0,65683160,28338752,52221100,428440,22371040,0,12862100,21005476,11089348,4956,1772752,21000520,0,0,8388604,8388604,0,0,196,0,11068780,446816,26084,1839736,2511396,1839736,671660,14704,57260,0,0,0,0,41230184,14808460,34359738367,86860,0,81200,0,0,0,0,0,0,0,0,0,0,0,2048,0,1493776,27707392,38797312
1775863849.002300,2300,ubuntu-rog,1,0,0,65683160,28338752,52221120,428440,22371044,0,12862100,21005496,11089348,4956,1772752,21000540,0,0,8388604,8388604,0,0,68,0,11068860,446816,26084,1839736,2511396,1839736,671660,14704,57276,0,0,0,0,41230184,14813084,34359738367,86876,0,81200,0,0,0,0,0,0,0,0,0,0,0,2048,0,1493776,27707392,38797312
1775863850.001213,1213,ubuntu-rog,1,0,0,65683160,28338752,52221120,428440,22371044,0,12862100,21005496,11089348,4956,1772752,21000540,0,0,8388604,8388604,0,0,68,0,11068860,446816,26084,1839736,2511396,1839736,671660,14704,57276,0,0,0,0,41230184,14813084,34359738367,86876,0,81200,0,0,0,0,0,0,0,0,0,0,0,2048,0,1493776,27707392,38797312
1775863851.001298,1298,ubuntu-rog,1,0,0,65683160,28338752,52221120,428440,22371048,0,12862100,21005496,11089348,4956,1772752,21000540,0,0,8388604,8388604,0,0,72,0,11068860,446816,26084,1839736,2511396,1839736,671660,14704,57276,0,0,0,0,41230184,14813084,34359738367,86876,0,81200,0,0,0,0,0,0,0,0,0,0,0,2048,0,1493776,27707392,38797312
1775863852.005056,5056,ubuntu-rog,1,0,0,65683160,28338752,52221120,428448,22371044,0,12862100,21005496,11089348,4956,1772752,21000540,0,0,8388604,8388604,0,0,76,0,11068860,446816,26084,1839736,2511396,1839736,671660,14704,57276,0,0,0,0,41230184,14813084,34359738367,86876,0,81200,0,0,0,0,0,0,0,0,0,0,0,2048,0,1493776,27707392,38797312
1775863853.001064,1064,ubuntu-rog,1,0,0,65683160,28338752,52221120,428448,22371052,0,12862100,21005496,11089348,4956,1772752,21000540,0,0,8388604,8388604,0,0,100,0,11068860,446816,26084,1839736,2511396,1839736,671660,14704,57276,0,0,0,0,41230184,14813084,34359738367,86876,0,81200,0,0,0,0,0,0,0,0,0,0,0,2048,0,1493776,27707392,38797312
1775863854.001302,1302,ubuntu-rog,1,0,0,65683160,28338752,52221120,428448,22371056,0,12862100,21005496,11089348,4956,1772752,21000540,0,0,8388604,8388604,0,0,104,0,11068860,446816,26084,1839736,2511396,1839736,671660,14704,57276,0,0,0,0,41230184,14813084,34359738367,86876,0,81200,0,0,0,0,0,0,0,0,0,0,0,2048,0,1493776,27707392,38797312
1775863855.001156,1156,ubuntu-rog,1,0,0,65683160,28338752,52221120,428448,22371056,0,12862100,21005496,11089348,4956,1772752,21000540,0,0,8388604,8388604,0,0,104,0,11068860,446816,26084,1839736,2511396,1839736,671660,14704,57276,0,0,0,0,41230184,14813084,34359738367,86876,0,81200,0,0,0,0,0,0,0,0,0,0,0,2048,0,1493776,27707392,38797312
1775863856.002329,2329,ubuntu-rog,1,0,0,65683160,28338752,52221120,428448,22371060,0,12862108,21005496,11089356,4956,1772752,21000540,0,0,8388604,8388604,0,0,100,0,11068860,446816,26084,1839736,2511388,1839736,671652,14704,57276,0,0,0,0,41230184,14813084,34359738367,86876,0,81200,0,0,0,0,0,0,0,0,0,0,0,2048,0,1493776,27707392,38797312
1775863857.001067,1067,ubuntu-rog,1,0,0,65683160,28338752,52221120,428448,22371060,0,12862108,21005496,11089356,4956,1772752,21000540,0,0,8388604,8388604,0,0,100,0,11068860,446816,26084,1839736,2511388,1839736,671652,14704,57276,0,0,0,0,41230184,14813084,34359738367,86876,0,81200,0,0,0,0,0,0,0,0,0,0,0,2048,0,1493776,27707392,38797312
1775863858.001067,1067,ubuntu-rog,1,0,0,65683160,28338752,52221120,428456,22371052,0,12862108,21005496,11089356,4956,1772752,21000540,0,0,8388604,8388604,0,0,44,0,11068860,446816,26084,1839736,2511388,1839736,671652,14704,57276,0,0,0,0,41230184,14813084,34359738367,86876,0,81200,0,0,0,0,0,0,0,0,0,0,0,2048,0,1493776,27707392,38797312
1775863859.001302,1302,ubuntu-rog,1,0,0,65683160,28338752,52221120,428456,22371068,0,12862108,21005496,11089356,4956,1772752,21000540,0,0,8388604,8388604,0,0,88,0,11068860,446816,26084,1839736,2511388,1839736,671652,14704,57276,0,0,0,0,41230184,14813084,34359738367,86876,0,81200,0,0,0,0,0,0,0,0,0,0,0,2048,0,1493776,27707392,38797312
1775863860.002201,2201,ubuntu-rog,1,0,0,65683160,28338752,52221120,428456,22371068,0,12862108,21005496,11089356,4956,1772752,21000540,0,0,8388604,8388604,0,0,88,0,11068860,446816,26084,1839736,2511388,1839736,671652,14704,57276,0,0,0,0,41230184,14813084,34359738367,86876,0,81200,0,0,0,0,0,0,0,0,0,0,0,2048,0,1493776,27707392,38797312
1775863861.003296,3296,ubuntu-rog,1,0,0,65683160,28338752,52221120,428456,22371068,0,12862108,21005496,11089356,4956,1772752,21000540,0,0,8388604,8388604,0,0,88,0,11068860,446816,26084,1839736,2511388,1839736,671652,14704,57276,0,0,0,0,41230184,14813084,34359738367,86876,0,81200,0,0,0,0,0,0,0,0,0,0,0,2048,0,1493776,27707392,38797312
1775863862.001079,1079,ubuntu-rog,1,0,0,65683160,28338752,52221120,428456,22371068,0,12862108,21005496,11089356,4956,1772752,21000540,0,0,8388604,8388604,0,0,88,0,11068860,446816,26084,1839736,2511388,1839736,671652,14704,57276,0,0,0,0,41230184,14813084,34359738367,86876,0,81200,0,0,0,0,0,0,0,0,0,0,0,2048,0,1493776,27707392,38797312
1775863863.001134,1134,ubuntu-rog,1,0,0,65683160,28338752,52221120,428464,22371068,0,12862108,21005496,11089356,4956,1772752,21000540,0,0,8388604,8388604,0,0,100,0,11068860,446816,26084,1839736,2511388,1839736,671652,14704,57276,0,0,0,0,41230184,14813084,34359738367,86876,0,81200,0,0,0,0,0,0,0,0,0,0,0,2048,0,1493776,27707392,38797312
1775863864.002303,2303,ubuntu-rog,1,0,0,65683160,28338752,52221120,428464,22371076,0,12862108,21005496,11089356,4956,1772752,21000540,0,0,8388604,8388604,0,0,104,0,11068860,446816,26084,1839736,2511388,1839736,671652,14704,57276,0,0,0,0,41230184,14813084,34359738367,86876,0,81200,0,0,0,0,0,0,0,0,0,0,0,2048,0,1493776,27707392,38797312
1775863865.001209,1209,ubuntu-rog,1,0,0,65683160,28338752,52221120,428464,22371080,0,12862108,21005496,11089356,4956,1772752,21000540,0,0,8388604,8388604,0,0,108,0,11068860,446816,26084,1839736,2511388,1839736,671652,14704,57276,0,0,0,0,41230184,14813084,34359738367,86876,0,81200,0,0,0,0,0,0,0,0,0,0,0,2048,0,1493776,27707392,38797312
1775863866.001310,1310,ubuntu-rog,1,0,0,65683160,28338752,52221120,428464,22371084,0,12862108,21005496,11089356,4956,1772752,21000540,0,0,8388604,8388604,0,0,112,0,11068860,446816,26084,1839736,2511388,1839736,671652,14704,57276,0,0,0,0,41230184,14813084,34359738367,86876,0,81200,0,0,0,0,0,0,0,0,0,0,0,2048,0,1493776,27707392,38797312
1775863867.001067,1067,ubuntu-rog,1,0,0,65683160,28338752,52221120,428464,22371084,0,12862108,21005496,11089356,4956,1772752,21000540,0,0,8388604,8388604,0,0,112,0,11068860,446816,26084,1839736,2511388,1839736,671652,14704,57276,0,0,0,0,41230184,14813084,34359738367,86876,0,81200,0,0,0,0,0,0,0,0,0,0,0,2048,0,1493776,27707392,38797312
1775863868.002061,2061,ubuntu-rog,1,0,0,65683160,28338752,52221120,428464,22371084,0,12862108,21005496,11089356,4956,1772752,21000540,0,0,8388604,8388604,0,0,112,0,11068860,446816,26084,1839736,2511388,1839736,671652,14704,57276,0,0,0,0,41230184,14813084,34359738367,86876,0,81200,0,0,0,0,0,0,0,0,0,0,0,2048,0,1493776,27707392,38797312
1775863869.001297,1297,ubuntu-rog,1,0,0,65683160,28338752,52221120,428468,22371084,0,12862124,21005496,11089372,4956,1772752,21000540,0,0,8388604,8388604,0,0,88,0,11068860,446816,26084,1839736,2511388,1839736,671652,14704,57276,0,0,0,0,41230184,14813084,34359738367,86876,0,81200,0,0,0,0,0,0,0,0,0,0,0,2048,0,1493776,27707392,38797312
1775863870.002203,2203,ubuntu-rog,1,0,0,65683160,28338752,52221120,428468,22371088,0,12862124,21005496,11089372,4956,1772752,21000540,0,0,8388604,8388604,0,0,92,0,11068860,446816,26084,1839736,2511388,1839736,671652,14704,57276,0,0,0,0,41230184,14813084,34359738367,86876,0,81200,0,0,0,0,0,0,0,0,0,0,0,2048,0,1493776,27707392,38797312
1775863871.001309,1309,ubuntu-rog,1,0,0,65683160,28338752,52221120,428468,22371092,0,12862012,21005496,11089260,4956,1772752,21000540,0,0,8388604,8388604,0,0,100,0,11068688,446816,26084,1839736,2511388,1839736,671652,14704,57276,0,0,0,0,41230184,14812912,34359738367,86876,0,81200,0,0,0,0,0,0,0,0,0,0,0,2048,0,1493776,27707392,38797312
1775863872.001066,1066,ubuntu-rog,1,0,0,65683160,28338752,52221120,428468,22371092,0,12862012,21005496,11089260,4956,1772752,21000540,0,0,8388604,8388604,0,0,100,0,11068688,446816,26084,1839736,2511388,1839736,671652,14704,57276,0,0,0,0,41230184,14812912,34359738367,86876,0,81200,0,0,0,0,0,0,0,0,0,0,0,2048,0,1493776,27707392,38797312
1775863873.001067,1067,ubuntu-rog,1,0,0,65683160,28338752,52221120,428468,22371096,0,12862012,21005496,11089260,4956,1772752,21000540,0,0,8388604,8388604,0,0,104,0,11068688,446816,26084,1839736,2511388,1839736,671652,14704,57276,0,0,0,0,41230184,14812912,34359738367,86876,0,81200,0,0,0,0,0,0,0,0,0,0,0,2048,0,1493776,27707392,38797312
1775863874.002300,2300,ubuntu-rog,1,0,0,65683160,28338752,52221120,428468,22371096,0,12862012,21005496,11089260,4956,1772752,21000540,0,0,8388604,8388604,0,0,104,0,11068688,446816,26084,1839736,2511388,1839736,671652,14704,57276,0,0,0,0,41230184,14812912,34359738367,86876,0,81200,0,0,0,0,0,0,0,0,0,0,0,2048,0,1493776,27707392,38797312
1775863875.001205,1205,ubuntu-rog,1,0,0,65683160,28338752,52221120,428472,22371100,0,12862012,21005496,11089260,4956,1772752,21000540,0,0,8388604,8388604,0,0,108,0,11068688,446816,26084,1839736,2511388,1839736,671652,14704,57276,0,0,0,0,41230184,14812912,34359738367,86876,0,81200,0,0,0,0,0,0,0,0,0,0,0,2048,0,1493776,27707392,38797312
1775863876.001205,1205,ubuntu-rog,1,0,0,65683160,28338752,52221120,428472,22371108,0,12862012,21005496,11089260,4956,1772752,21000540,0,0,8388604,8388604,0,0,116,0,11068688,446816,26084,1839736,2511388,1839736,671652,14704,57276,0,0,0,0,41230184,14812912,34359738367,86876,0,81200,0,0,0,0,0,0,0,0,0,0,0,2048,0,1493776,27707392,38797312
1775863877.002066,2066,ubuntu-rog,1,0,0,65683160,28338752,52221120,428472,22371108,0,12862012,21005496,11089260,4956,1772752,21000540,0,0,8388604,8388604,0,0,116,0,11068688,446816,26084,1839736,2511388,1839736,671652,14704,57276,0,0,0,0,41230184,14812912,34359738367,86876,0,81200,0,0,0,0,0,0,0,0,0,0,0,2048,0,1493776,27707392,38797312
1775863878.001068,1068,ubuntu-rog,1,0,0,65683160,28338752,52221120,428472,22371108,0,12862012,21005496,11089260,4956,1772752,21000540,0,0,8388604,8388604,0,0,116,0,11068688,446816,26084,1839736,2511388,1839736,671652,14704,57276,0,0,0,0,41230184,14812912,34359738367,86876,0,81200,0,0,0,0,0,0,0,0,0,0,0,2048,0,1493776,27707392,38797312
1775863879.001301,1301,ubuntu-rog,1,0,0,65683160,28338752,52221120,428472,22371108,0,12862012,21005496,11089260,4956,1772752,21000540,0,0,8388604,8388604,0,0,116,0,11068688,446816,26084,1839736,2511388,1839736,671652,14704,57276,0,0,0,0,41230184,14812912,34359738367,86876,0,81200,0,0,0,0,0,0,0,0,0,0,0,2048,0,1493776,27707392,38797312
1775863880.001206,1206,ubuntu-rog,1,0,0,65683160,28338752,52221120,428476,22371112,0,12862012,21005496,11089260,4956,1772752,21000540,0,0,8388604,8388604,0,0,120,0,11068688,446816,26084,1839736,2511388,1839736,671652,14704,57276,0,0,0,0,41230184,14812912,34359738367,86876,0,81200,0,0,0,0,0,0,0,0,0,0,0,2048,0,1493776,27707392,38797312
1775863881.002303,2303,ubuntu-rog,1,0,0,65683160,28338752,52221120,428476,22371112,0,12862012,21005496,11089260,4956,1772752,21000540,0,0,8388604,8388604,0,0,120,0,11068688,446816,26084,1839736,2511388,1839736,671652,14704,57276,0,0,0,0,41230184,14812912,34359738367,86876,0,81200,0,0,0,0,0,0,0,0,0,0,0,2048,0,1493776,27707392,38797312
1775863882.001068,1068,ubuntu-rog,1,0,0,65683160,28338752,52221120,428476,22371116,0,12862012,21005496,11089260,4956,1772752,21000540,0,0,8388604,8388604,0,0,124,0,11068688,446816,26084,1839736,2511388,1839736,671652,14704,57276,0,0,0,0,41230184,14812912,34359738367,86876,0,81200,0,0,0,0,0,0,0,0,0,0,0,2048,0,1493776,27707392,38797312
1775863883.001082,1082,ubuntu-rog,1,0,0,65683160,28338752,52221120,428476,22371120,0,12862012,21005496,11089260,4956,1772752,21000540,0,0,8388604,8388604,0,0,128,0,11068688,446816,26084,1839736,2511388,1839736,671652,14704,57276,0,0,0,0,41230184,14812912,34359738367,86876,0,81200,0,0,0,0,0,0,0,0,0,0,0,2048,0,1493776,27707392,38797312
1775863884.001308,1308,ubuntu-rog,1,0,0,65683160,28338752,52221120,428476,22371120,0,12862024,21005496,11089272,4956,1772752,21000540,0,0,8388604,8388604,0,0,64,0,11068688,446816,26084,1839736,2511388,1839736,671652,14704,57276,0,0,0,0,41230184,14812912,34359738367,86876,0,81200,0,0,0,0,0,0,0,0,0,0,0,2048,0,1493776,27707392,38797312
1775863885.002204,2204,ubuntu-rog,1,0,0,65683160,28338752,52221120,428484,22371120,0,12862024,21005496,11089272,4956,1772752,21000540,0,0,8388604,8388604,0,0,64,0,11068688,446816,26084,1839736,2511388,1839736,671652,14704,57276,0,0,0,0,41230184,14812912,34359738367,86876,0,81200,0,0,0,0,0,0,0,0,0,0,0,2048,0,1493776,27707392,38797312
1775863886.001311,1311,ubuntu-rog,1,0,0,65683160,28338752,52221120,428484,22371120,0,12862024,21005496,11089272,4956,1772752,21000540,0,0,8388604,8388604,0,0,72,0,11068688,446816,26084,1839736,2511388,1839736,671652,14704,57276,0,0,0,0,41230184,14812912,34359738367,86876,0,81200,0,0,0,0,0,0,0,0,0,0,0,2048,0,1493776,27707392,38797312
1775863887.001067,1067,ubuntu-rog,1,0,0,65683160,28338752,52221208,428484,22371132,0,12862056,21005584,11089304,4956,1772752,21000628,0,0,8388604,8388604,0,0,84,0,11068688,446816,26084,1839736,2511388,1839736,671652,14704,57276,0,0,0,0,41230184,14812912,34359738367,86876,0,81200,0,0,0,0,0,0,0,0,0,0,0,2048,0,1493776,27707392,38797312
1775863888.001068,1068,ubuntu-rog,1,0,0,65683160,28338752,52221208,428484,22371132,0,12862056,21005584,11089304,4956,1772752,21000628,0,0,8388604,8388604,0,0,84,0,11068688,446816,26084,1839736,2511388,1839736,671652,14704,57276,0,0,0,0,41230184,14812912,34359738367,86876,0,81200,0,0,0,0,0,0,0,0,0,0,0,2048,0,1493776,27707392,38797312
1775863889.002301,2301,ubuntu-rog,1,0,0,65683160,28338752,52221208,428484,22371132,0,12862056,21005584,11089304,4956,1772752,21000628,0,0,8388604,8388604,0,0,44,0,11068688,446816,26084,1839736,2511388,1839736,671652,14704,57276,0,0,0,0,41230184,14812912,34359738367,86876,0,81200,0,0,0,0,0,0,0,0,0,0,0,2048,0,1493776,27707392,38797312
1775863890.001151,1151,ubuntu-rog,1,0,0,65683160,28338752,52221208,428484,22371136,0,12862056,21005584,11089304,4956,1772752,21000628,0,0,8388604,8388604,0,0,52,0,11068688,446816,26084,1839736,2511388,1839736,671652,14704,57276,0,0,0,0,41230184,14812912,34359738367,86876,0,81200,0,0,0,0,0,0,0,0,0,0,0,2048,0,1493776,27707392,38797312
1775863891.002305,2305,ubuntu-rog,1,0,0,65683160,28338752,52221208,428492,22371136,0,12862056,21005584,11089304,4956,1772752,21000628,0,0,8388604,8388604,0,0,64,0,11068688,446816,26084,1839736,2511388,1839736,671652,14704,57276,0,0,0,0,41230184,14812912,34359738367,86876,0,81200,0,0,0,0,0,0,0,0,0,0,0,2048,0,1493776,27707392,38797312
1775863892.001066,1066,ubuntu-rog,1,0,0,65683160,28338752,52221208,428492,22371136,0,12862056,21005584,11089304,4956,1772752,21000628,0,0,8388604,8388604,0,0,64,0,11068688,446816,26084,1839736,2511388,1839736,671652,14704,57276,0,0,0,0,41230184,14812912,34359738367,86876,0,81200,0,0,0,0,0,0,0,0,0,0,0,2048,0,1493776,27707392,38797312
1775863893.001070,1070,ubuntu-rog,1,0,0,65683160,28338752,52221208,428492,22371140,0,12862056,21005584,11089304,4956,1772752,21000628,0,0,8388604,8388604,0,0,68,0,11068688,446816,26084,1839736,2511388,1839736,671652,14704,57276,0,0,0,0,41230184,14812912,34359738367,86876,0,81200,0,0,0,0,0,0,0,0,0,0,0,2048,0,1493776,27707392,38797312
1775863894.001305,1305,ubuntu-rog,1,0,0,65683160,28338752,52221208,428492,22371144,0,12862056,21005584,11089304,4956,1772752,21000628,0,0,8388604,8388604,0,0,56,0,11068688,446816,26084,1839736,2511388,1839736,671652,14704,57276,0,0,0,0,41230184,14812912,34359738367,86876,0,81200,0,0,0,0,0,0,0,0,0,0,0,2048,0,1493776,27707392,38797312
1775863895.002200,2200,ubuntu-rog,1,0,0,65683160,28338752,52221208,428492,22371144,0,12862056,21005584,11089304,4956,1772752,21000628,0,0,8388604,8388604,0,0,56,0,11068688,446816,26084,1839736,2511388,1839736,671652,14704,57276,0,0,0,0,41230184,14812912,34359738367,86876,0,81200,0,0,0,0,0,0,0,0,0,0,0,2048,0,1493776,27707392,38797312
1775863896.001298,1298,ubuntu-rog,1,0,0,65683160,28338752,52221208,428500,22371144,0,12862056,21005584,11089304,4956,1772752,21000628,0,0,8388604,8388604,0,0,60,0,11068688,446816,26084,1839736,2511388,1839736,671652,14704,57276,0,0,0,0,41230184,14812912,34359738367,86876,0,81200,0,0,0,0,0,0,0,0,0,0,0,2048,0,1493776,27707392,38797312
1775863897.001068,1068,ubuntu-rog,1,0,0,65683160,28338752,52221208,428500,22371148,0,12862056,21005584,11089304,4956,1772752,21000628,0,0,8388604,8388604,0,0,64,0,11068688,446816,26084,1839736,2511388,1839736,671652,14704,57276,0,0,0,0,41230184,14812912,34359738367,86876,0,81200,0,0,0,0,0,0,0,0,0,0,0,2048,0,1493776,27707392,38797312
1775863898.001066,1066,ubuntu-rog,1,0,0,65683160,28338752,52221208,428500,22371152,0,12862056,21005584,11089304,4956,1772752,21000628,0,0,8388604,8388604,0,0,68,0,11068688,446816,26084,1839736,2511388,1839736,671652,14704,57276,0,0,0,0,41230184,14812912,34359738367,86876,0,81200,0,0,0,0,0,0,0,0,0,0,0,2048,0,1493776,27707392,38797312
1775863899.003299,3299,ubuntu-rog,1,0,0,65683160,28338752,52221208,428500,22371152,0,12862056,21005584,11089304,4956,1772752,21000628,0,0,8388604,8388604,0,0,68,0,11068688,446816,26084,1839736,2511388,1839736,671652,14704,57276,0,0,0,0,41230184,14812912,34359738367,86876,0,81200,0,0,0,0,0,0,0,0,0,0,0,2048,0,1493776,27707392,38797312
1775863900.001201,1201,ubuntu-rog,1,0,0,65683160,28338752,52221208,428500,22371156,0,12862056,21005584,11089304,4956,1772752,21000628,0,0,8388604,8388604,0,0,76,0,11068688,446816,26084,1839736,2511388,1839736,671652,14704,57276,0,0,0,0,41230184,14812912,34359738367,86876,0,81200,0,0,0,0,0,0,0,0,0,0,0,2048,0,1493776,27707392,38797312
1775863901.001298,1298,ubuntu-rog,1,0,0,65683160,28338752,52221208,428500,22371160,0,12862056,21005584,11089304,4956,1772752,21000628,0,0,8388604,8388604,0,0,80,0,11068688,446816,26084,1839736,2511388,1839736,671652,14704,57276,0,0,0,0,41230184,14812912,34359738367,86876,0,81200,0,0,0,0,0,0,0,0,0,0,0,2048,0,1493776,27707392,38797312
1775863902.001062,1062,ubuntu-rog,1,0,0,65683160,28338752,52221208,428504,22371160,0,12862056,21005584,11089304,4956,1772752,21000628,0,0,8388604,8388604,0,0,80,0,11068688,446816,26084,1839736,2511388,1839736,671652,14704,57276,0,0,0,0,41230184,14812912,34359738367,86876,0,81200,0,0,0,0,0,0,0,0,0,0,0,2048,0,1493776,27707392,38797312
1775863903.001073,1073,ubuntu-rog,1,0,0,65683160,28338752,52221208,428504,22371160,0,12862056,21005584,11089304,4956,1772752,21000628,0,0,8388604,8388604,0,0,80,0,11068688,446816,26084,1839736,2511388,1839736,671652,14704,57276,0,0,0,0,41230184,14812912,34359738367,86876,0,81200,0,0,0,0,0,0,0,0,0,0,0,2048,0,1493776,27707392,38797312
1775863904.002307,2307,ubuntu-rog,1,0,0,65683160,28338752,52221208,428504,22371168,0,12862056,21005584,11089304,4956,1772752,21000628,0,0,8388604,8388604,0,0,56,0,11068688,446816,26084,1839736,2511388,1839736,671652,14704,57276,0,0,0,0,41230184,14812912,34359738367,86876,0,81200,0,0,0,0,0,0,0,0,0,0,0,2048,0,1493776,27707392,38797312
1775863905.001204,1204,ubuntu-rog,1,0,0,65683160,28338752,52221208,428504,22371168,0,12862056,21005584,11089304,4956,1772752,21000628,0,0,8388604,8388604,0,0,56,0,11068688,446816,26084,1839736,2511388,1839736,671652,14704,57276,0,0,0,0,41230184,14812912,34359738367,86876,0,81200,0,0,0,0,0,0,0,0,0,0,0,2048,0,1493776,27707392,38797312
1775863906.001304,1304,ubuntu-rog,1,0,0,65683160,28338752,52221208,428504,22371168,0,12862056,21005584,11089304,4956,1772752,21000628,0,0,8388604,8388604,0,0,56,0,11068688,446816,26084,1839736,2511388,1839736,671652,14704,57276,0,0,0,0,41230184,14812912,34359738367,86876,0,81200,0,0,0,0,0,0,0,0,0,0,0,2048,0,1493776,27707392,38797312
1775863907.001062,1062,ubuntu-rog,1,0,0,65683160,28338752,52221208,428504,22371168,0,12862056,21005584,11089304,4956,1772752,21000628,0,0,8388604,8388604,0,0,56,0,11068688,446816,26084,1839736,2511388,1839736,671652,14704,57276,0,0,0,0,41230184,14812912,34359738367,86876,0,81200,0,0,0,0,0,0,0,0,0,0,0,2048,0,1493776,27707392,38797312
1775863908.002061,2061,ubuntu-rog,1,0,0,65683160,28338752,52221212,428512,22371172,0,12862056,21005584,11089304,4956,1772752,21000628,0,0,8388604,8388604,0,0,64,0,11068688,446816,26084,1839740,2511392,1839740,671652,14704,57276,0,0,0,0,41230184,14812912,34359738367,86876,0,81200,0,0,0,0,0,0,0,0,0,0,0,2048,0,1493776,27707392,38797312
1775863909.001298,1298,ubuntu-rog,1,0,0,65683160,28338752,52221212,428512,22371172,0,12862056,21005584,11089304,4956,1772752,21000628,0,0,8388604,8388604,0,0,64,0,11068688,446816,26084,1839740,2511392,1839740,671652,14704,57276,0,0,0,0,41230184,14812912,34359738367,86876,0,81200,0,0,0,0,0,0,0,0,0,0,0,2048,0,1493776,27707392,38797312
1775863910.001141,1141,ubuntu-rog,1,0,0,65683160,28338752,52221212,428512,22371176,0,12862056,21005584,11089304,4956,1772752,21000628,0,0,8388604,8388604,0,0,72,0,11068688,446816,26084,1839740,2511392,1839740,671652,14704,57276,0,0,0,0,41230184,14812912,34359738367,86876,0,81200,0,0,0,0,0,0,0,0,0,0,0,2048,0,1493776,27707392,38797312
1775863911.002310,2310,ubuntu-rog,1,0,0,65683160,28338752,52221212,428512,22371180,0,12862056,21005584,11089304,4956,1772752,21000628,0,0,8388604,8388604,0,0,76,0,11068688,446816,26084,1839740,2511392,1839740,671652,14704,57276,0,0,0,0,41230184,14812912,34359738367,86876,0,81200,0,0,0,0,0,0,0,0,0,0,0,2048,0,1493776,27707392,38797312
1775863912.001068,1068,ubuntu-rog,1,0,0,65683160,28338752,52221212,428512,22371184,0,12862056,21005584,11089304,4956,1772752,21000628,0,0,8388604,8388604,0,0,80,0,11068688,446816,26084,1839740,2511392,1839740,671652,14704,57276,0,0,0,0,41230184,14812912,34359738367,86876,0,81200,0,0,0,0,0,0,0,0,0,0,0,2048,0,1493776,27707392,38797312
1775863913.001065,1065,ubuntu-rog,1,0,0,65683160,28338752,52221212,428516,22371180,0,12862056,21005584,11089304,4956,1772752,21000628,0,0,8388604,8388604,0,0,80,0,11068688,446816,26084,1839740,2511392,1839740,671652,14704,57276,0,0,0,0,41230184,14812912,34359738367,86876,0,81200,0,0,0,0,0,0,0,0,0,0,0,2048,0,1493776,27707392,38797312
1775863914.001297,1297,ubuntu-rog,1,0,0,65683160,28338752,52221212,428516,22371188,0,12862056,21005584,11089304,4956,1772752,21000628,0,0,8388604,8388604,0,0,84,0,11068688,446816,26084,1839740,2511392,1839740,671652,14704,57276,0,0,0,0,41230184,14812912,34359738367,86876,0,81200,0,0,0,0,0,0,0,0,0,0,0,2048,0,1493776,27707392,38797312
1775863915.002203,2203,ubuntu-rog,1,0,0,65683160,28338752,52221212,428516,22371192,0,12862056,21005584,11089304,4956,1772752,21000628,0,0,8388604,8388604,0,0,88,0,11068688,446816,26084,1839740,2511392,1839740,671652,14704,57276,0,0,0,0,41230184,14812912,34359738367,86876,0,81200,0,0,0,0,0,0,0,0,0,0,0,2048,0,1493776,27707392,38797312
1775863916.001307,1307,ubuntu-rog,1,0,0,65683160,28338752,52221212,428516,22371192,0,12862056,21005584,11089304,4956,1772752,21000628,0,0,8388604,8388604,0,0,60,0,11068688,446816,26084,1839740,2511392,1839740,671652,14704,57276,0,0,0,0,41230184,14812912,34359738367,86876,0,81200,0,0,0,0,0,0,0,0,0,0,0,2048,0,1493776,27707392,38797312
1775863917.001071,1071,ubuntu-rog,1,0,0,65683160,28338752,52221212,428516,22371192,0,12862056,21005584,11089304,4956,1772752,21000628,0,0,8388604,8388604,0,0,60,0,11068688,446816,26084,1839740,2511392,1839740,671652,14704,57276,0,0,0,0,41230184,14812912,34359738367,86876,0,81200,0,0,0,0,0,0,0,0,0,0,0,2048,0,1493776,27707392,38797312
1775863918.001071,1071,ubuntu-rog,1,0,0,65683160,28338752,52221212,428516,22371196,0,12862056,21005584,11089304,4956,1772752,21000628,0,0,8388604,8388604,0,0,64,0,11068688,446816,26084,1839740,2511392,1839740,671652,14704,57276,0,0,0,0,41230184,14812912,34359738367,86876,0,81200,0,0,0,0,0,0,0,0,0,0,0,2048,0,1493776,27707392,38797312
1775863919.002297,2297,ubuntu-rog,1,0,0,65683160,28338752,52221216,428520,22371196,0,12862056,21005584,11089304,4956,1772752,21000628,0,0,8388604,8388604,0,0,68,0,11068688,446816,26084,1839744,2511396,1839744,671652,14704,57276,0,0,0,0,41230184,14812912,34359738367,86876,0,81200,0,0,0,0,0,0,0,0,0,0,0,2048,0,1493776,27707392,38797312
1775863920.001205,1205,ubuntu-rog,1,0,0,65683160,28338752,52221216,428520,22371196,0,12862056,21005584,11089304,4956,1772752,21000628,0,0,8388604,8388604,0,0,68,0,11068688,446816,26084,1839744,2511396,1839744,671652,14704,57276,0,0,0,0,41230184,14812912,34359738367,86876,0,81200,0,0,0,0,0,0,0,0,0,0,0,2048,0,1493776,27707392,38797312
1775863921.001301,1301,ubuntu-rog,1,0,0,65683160,28338752,52221216,428520,22371204,0,12862056,21005584,11089304,4956,1772752,21000628,0,0,8388604,8388604,0,0,76,0,11068688,446816,26084,1839744,2511396,1839744,671652,14704,57276,0,0,0,0,41230184,14812912,34359738367,86876,0,81200,0,0,0,0,0,0,0,0,0,0,0,2048,0,1493776,27707392,38797312
1775863922.001062,1062,ubuntu-rog,1,0,0,65683160,28338752,52221216,428520,22371204,0,12862056,21005584,11089304,4956,1772752,21000628,0,0,8388604,8388604,0,0,76,0,11068688,446816,26084,1839744,2511396,1839744,671652,14704,57276,0,0,0,0,41230184,14812912,34359738367,86876,0,81200,0,0,0,0,0,0,0,0,0,0,0,2048,0,1493776,27707392,38797312
1775863923.002062,2062,ubuntu-rog,1,0,0,65683160,28338752,52221216,428520,22371204,0,12862056,21005584,11089304,4956,1772752,21000628,0,0,8388604,8388604,0,0,76,0,11068688,446816,26084,1839744,2511396,1839744,671652,14704,57276,0,0,0,0,41230184,14812912,34359738367,86876,0,81200,0,0,0,0,0,0,0,0,0,0,0,2048,0,1493776,27707392,38797312
1775863924.001208,1208,ubuntu-rog,1,0,0,65683160,28338752,52221216,428528,22371208,0,12862056,21005584,11089304,4956,1772752,21000628,0,0,8388604,8388604,0,0,84,0,11068688,446816,26084,1839744,2511396,1839744,671652,14704,57276,0,0,0,0,41230184,14812912,34359738367,86876,0,81200,0,0,0,0,0,0,0,0,0,0,0,2048,0,1493776,27707392,38797312
1775863925.002207,2207,ubuntu-rog,1,0,0,65683160,28338752,52221276,428528,22371212,0,12862120,21005644,11089368,4956,1772752,21000688,0,0,8388604,8388604,0,0,48,0,11068688,446816,26084,1839744,2511396,1839744,671652,14704,57276,0,0,0,0,41230184,14812912,34359738367,86876,0,81200,0,0,0,0,0,0,0,0,0,0,0,2048,0,1493776,27707392,38797312
1775863926.001299,1299,ubuntu-rog,1,0,0,65683160,28338752,52221276,428528,22371216,0,12862120,21005644,11089368,4956,1772752,21000688,0,0,8388604,8388604,0,0,52,0,11068688,446816,26084,1839744,2511396,1839744,671652,14704,57276,0,0,0,0,41230184,14812912,34359738367,86876,0,81200,0,0,0,0,0,0,0,0,0,0,0,2048,0,1493776,27707392,38797312
1775863927.001063,1063,ubuntu-rog,1,0,0,65683160,28338752,52221276,428528,22371216,0,12862120,21005644,11089368,4956,1772752,21000688,0,0,8388604,8388604,0,0,52,0,11068688,446816,26084,1839744,2511396,1839744,671652,14704,57276,0,0,0,0,41230184,14812912,34359738367,86876,0,81200,0,0,0,0,0,0,0,0,0,0,0,2048,0,1493776,27707392,38797312
1775863928.001065,1065,ubuntu-rog,1,0,0,65683160,28338752,52221276,428528,22371220,0,12862120,21005644,11089368,4956,1772752,21000688,0,0,8388604,8388604,0,0,56,0,11068688,446816,26084,1839744,2511396,1839744,671652,14704,57276,0,0,0,0,41230184,14812912,34359738367,86876,0,81200,0,0,0,0,0,0,0,0,0,0,0,2048,0,1493776,27707392,38797312
1775863929.002295,2295,ubuntu-rog,1,0,0,65683160,28338752,52221276,428536,22371212,0,12862120,21005644,11089368,4956,1772752,21000688,0,0,8388604,8388604,0,0,56,0,11068688,446816,26084,1839744,2511396,1839744,671652,14704,57276,0,0,0,0,41230184,14812912,34359738367,86876,0,81200,0,0,0,0,0,0,0,0,0,0,0,2048,0,1493776,27707392,38797312
1775863930.001143,1143,ubuntu-rog,1,0,0,65683160,28338752,52221280,428536,22371220,0,12862120,21005648,11089368,4956,1772752,21000692,0,0,8388604,8388604,0,0,52,0,11068688,446816,26084,1839744,2511396,1839744,671652,14704,57276,0,0,0,0,41230184,14812912,34359738367,86876,0,81200,0,0,0,0,0,0,0,0,0,0,0,2048,0,1493776,27707392,38797312
1775863931.002302,2302,ubuntu-rog,1,0,0,65683160,28338752,52221280,428536,22371220,0,12862120,21005648,11089368,4956,1772752,21000692,0,0,8388604,8388604,0,0,52,0,11068688,446816,26084,1839744,2511396,1839744,671652,14704,57276,0,0,0,0,41230184,14812912,34359738367,86876,0,81200,0,0,0,0,0,0,0,0,0,0,0,2048,0,1493776,27707392,38797312
1775863932.001066,1066,ubuntu-rog,1,0,0,65683160,28339060,52221636,428536,22371228,0,12862052,21005696,11089300,4956,1772752,21000740,0,0,8388604,8388604,0,0,328,0,11068688,446816,26084,1839744,2511396,1839744,671652,14704,57276,0,0,0,0,41230184,14812912,34359738367,86892,0,81200,0,0,0,0,0,0,0,0,0,0,0,2048,0,1493776,27707392,38797312
1775863933.001064,1064,ubuntu-rog,1,0,0,65683160,28339060,52221636,428536,22371228,0,12862052,21005696,11089300,4956,1772752,21000740,0,0,8388604,8388604,0,0,328,0,11068688,446816,26084,1839744,2511396,1839744,671652,14704,57276,0,0,0,0,41230184,14812912,34359738367,86892,0,81200,0,0,0,0,0,0,0,0,0,0,0,2048,0,1493776,27707392,38797312
1775863934.001297,1297,ubuntu-rog,1,0,0,65683160,28339060,52221636,428536,22371228,0,12862052,21005696,11089300,4956,1772752,21000740,0,0,8388604,8388604,0,0,328,0,11068688,446816,26084,1839744,2511396,1839744,671652,14704,57276,0,0,0,0,41230184,14812912,34359738367,86892,0,81200,0,0,0,0,0,0,0,0,0,0,0,2048,0,1493776,27707392,38797312
1775863935.002200,2200,ubuntu-rog,1,0,0,65683160,28339060,52221636,428544,22371232,0,12862052,21005696,11089300,4956,1772752,21000740,0,0,8388604,8388604,0,0,364,0,11068688,446816,26084,1839744,2511396,1839744,671652,14704,57276,0,0,0,0,41230184,14812912,34359738367,86892,0,81200,0,0,0,0,0,0,0,0,0,0,0,2048,0,1493776,27707392,38797312
1775863936.001303,1303,ubuntu-rog,1,0,0,65683160,28339060,52221636,428544,22371236,0,12862052,21005696,11089300,4956,1772752,21000740,0,0,8388604,8388604,0,0,372,0,11068688,446816,26084,1839744,2511396,1839744,671652,14704,57276,0,0,0,0,41230184,14812912,34359738367,86892,0,81200,0,0,0,0,0,0,0,0,0,0,0,2048,0,1493776,27707392,38797312
1775863937.001081,1081,ubuntu-rog,1,0,0,65683160,28339060,52221636,428544,22371236,0,12862052,21005696,11089300,4956,1772752,21000740,0,0,8388604,8388604,0,0,372,0,11068688,446816,26084,1839744,2511396,1839744,671652,14704,57276,0,0,0,0,41230184,14812912,34359738367,86892,0,81200,0,0,0,0,0,0,0,0,0,0,0,2048,0,1493776,27707392,38797312
1775863938.002071,2071,ubuntu-rog,1,0,0,65683160,28339060,52221636,428544,22371240,0,12862052,21005696,11089300,4956,1772752,21000740,0,0,8388604,8388604,0,0,376,0,11068688,446816,26084,1839744,2511396,1839744,671652,14704,57276,0,0,0,0,41230184,14812912,34359738367,86892,0,81200,0,0,0,0,0,0,0,0,0,0,0,2048,0,1493776,27707392,38797312
1775863939.001301,1301,ubuntu-rog,1,0,0,65683160,28339060,52221636,428544,22371244,0,12862052,21005696,11089300,4956,1772752,21000740,0,0,8388604,8388604,0,0,380,0,11068688,446816,26084,1839744,2511396,1839744,671652,14704,57276,0,0,0,0,41230184,14812912,34359738367,86892,0,81200,0,0,0,0,0,0,0,0,0,0,0,2048,0,1493776,27707392,38797312
1775863940.001203,1203,ubuntu-rog,1,0,0,65683160,28339060,52221640,428552,22371244,0,12862052,21005700,11089300,4956,1772752,21000744,0,0,8388604,8388604,0,0,352,0,11068688,446816,26084,1839744,2511396,1839744,671652,14704,57276,0,0,0,0,41230184,14812912,34359738367,86892,0,81200,0,0,0,0,0,0,0,0,0,0,0,2048,0,1493776,27707392,38797312
1775863941.001303,1303,ubuntu-rog,1,0,0,65683160,28339060,52221640,428552,22371244,0,12862052,21005700,11089300,4956,1772752,21000744,0,0,8388604,8388604,0,0,352,0,11068688,446816,26084,1839744,2511396,1839744,671652,14704,57276,0,0,0,0,41230184,14812912,34359738367,86892,0,81200,0,0,0,0,0,0,0,0,0,0,0,2048,0,1493776,27707392,38797312
1775863942.002062,2062,ubuntu-rog,1,0,0,65683160,28339060,52221640,428552,22371248,0,12862052,21005700,11089300,4956,1772752,21000744,0,0,8388604,8388604,0,0,356,0,11068688,446816,26084,1839744,2511396,1839744,671652,14704,57276,0,0,0,0,41230184,14812912,34359738367,86892,0,81200,0,0,0,0,0,0,0,0,0,0,0,2048,0,1493776,27707392,38797312
1775863943.001066,1066,ubuntu-rog,1,0,0,65683160,28339060,52221640,428552,22371252,0,12862052,21005700,11089300,4956,1772752,21000744,0,0,8388604,8388604,0,0,364,0,11068688,446816,26084,1839744,2511396,1839744,671652,14704,57276,0,0,0,0,41230184,14812912,34359738367,86892,0,81200,0,0,0,0,0,0,0,0,0,0,0,2048,0,1493776,27707392,38797312
1775863944.001268,1268,ubuntu-rog,1,0,0,65683160,28339060,52221640,428552,22371252,0,12862052,21005700,11089300,4956,1772752,21000744,0,0,8388604,8388604,0,0,364,0,11068688,446816,26084,1839744,2511396,1839744,671652,14704,57276,0,0,0,0,41230184,14812912,34359738367,86892,0,81200,0,0,0,0,0,0,0,0,0,0,0,2048,0,1493776,27707392,38797312
1775863945.002203,2203,ubuntu-rog,1,0,0,65683160,28339060,52221640,428552,22371252,0,12862052,21005700,11089300,4956,1772752,21000744,0,0,8388604,8388604,0,0,364,0,11068688,446816,26084,1839744,2511396,1839744,671652,14704,57276,0,0,0,0,41230184,14812912,34359738367,86892,0,81200,0,0,0,0,0,0,0,0,0,0,0,2048,0,1493776,27707392,38797312
1775863946.001303,1303,ubuntu-rog,1,0,0,65683160,28339060,52221640,428556,22371256,0,12862052,21005700,11089300,4956,1772752,21000744,0,0,8388604,8388604,0,0,372,0,11068688,446816,26084,1839744,2511396,1839744,671652,14704,57276,0,0,0,0,41230184,14812912,34359738367,86892,0,81200,0,0,0,0,0,0,0,0,0,0,0,2048,0,1493776,27707392,38797312
1775863947.001064,1064,ubuntu-rog,1,0,0,65683160,28339060,52221640,428556,22371256,0,12862052,21005700,11089300,4956,1772752,21000744,0,0,8388604,8388604,0,0,372,0,11068688,446816,26084,1839744,2511396,1839744,671652,14704,57276,0,0,0,0,41230184,14813084,34359738367,86892,0,81200,0,0,0,0,0,0,0,0,0,0,0,2048,0,1493776,27707392,38797312
1775863948.001065,1065,ubuntu-rog,1,0,0,65683160,28338836,52221420,428556,22371260,0,12862304,21005704,11089552,4956,1772752,21000748,0,0,8388604,8388604,0,0,376,0,11068876,446816,26084,1839744,2511396,1839744,671652,14720,57276,0,0,0,0,41230184,14813084,34359738367,86892,0,81200,0,0,0,0,0,0,0,0,0,0,0,2048,0,1493776,27707392,38797312
1775863949.002296,2296,ubuntu-rog,1,0,0,65683160,28338836,52221420,428556,22371268,0,12862304,21005704,11089552,4956,1772752,21000748,0,0,8388604,8388604,0,0,384,0,11068876,446816,26084,1839744,2511396,1839744,671652,14720,57276,0,0,0,0,41230184,14813084,34359738367,86892,0,81200,0,0,0,0,0,0,0,0,0,0,0,2048,0,1493776,27707392,38797312
1775863950.001204,1204,ubuntu-rog,1,0,0,65683160,28338836,52221428,428556,22371268,0,12862304,21005712,11089552,4956,1772752,21000756,0,0,8388604,8388604,0,0,328,0,11068876,446816,26084,1839744,2511396,1839744,671652,14720,57276,0,0,0,0,41230184,14813084,34359738367,86892,0,81200,0,0,0,0,0,0,0,0,0,0,0,2048,0,1493776,27707392,38797312
1775863951.001322,1322,ubuntu-rog,1,0,0,65683160,28338836,52221428,428556,22371268,0,12862304,21005712,11089552,4956,1772752,21000756,0,0,8388604,8388604,0,0,332,0,11068876,446816,26084,1839744,2511396,1839744,671652,14720,57276,0,0,0,0,41230184,14813084,34359738367,86892,0,81200,0,0,0,0,0,0,0,0,0,0,0,2048,0,1493776,27707392,38797312
1775863952.001066,1066,ubuntu-rog,1,0,0,65683160,28338836,52221428,428556,22371268,0,12862304,21005712,11089552,4956,1772752,21000756,0,0,8388604,8388604,0,0,332,0,11068876,446816,26084,1839744,2511396,1839744,671652,14720,57276,0,0,0,0,41230184,14813084,34359738367,86892,0,81200,0,0,0,0,0,0,0,0,0,0,0,2048,0,1493776,27707392,38797312
1775863953.002062,2062,ubuntu-rog,1,0,0,65683160,28338836,52221428,428556,22371272,0,12862304,21005712,11089552,4956,1772752,21000756,0,0,8388604,8388604,0,0,336,0,11068876,446816,26084,1839744,2511396,1839744,671652,14720,57276,0,0,0,0,41230184,14813084,34359738367,86892,0,81200,0,0,0,0,0,0,0,0,0,0,0,2048,0,1493776,27707392,38797312
1775863954.001301,1301,ubuntu-rog,1,0,0,65683160,28338836,52221428,428556,22371276,0,12862304,21005712,11089552,4956,1772752,21000756,0,0,8388604,8388604,0,0,340,0,11068876,446816,26084,1839744,2511396,1839744,671652,14720,57276,0,0,0,0,41230184,14813084,34359738367,86892,0,81200,0,0,0,0,0,0,0,0,0,0,0,2048,0,1493776,27707392,38797312
1775863955.001200,1200,ubuntu-rog,1,0,0,65683160,28338836,52221428,428556,22371276,0,12862304,21005712,11089552,4956,1772752,21000756,0,0,8388604,8388604,0,0,340,0,11068876,446816,26084,1839744,2511396,1839744,671652,14720,57276,0,0,0,0,41230184,14813084,34359738367,86892,0,81200,0,0,0,0,0,0,0,0,0,0,0,2048,0,1493776,27707392,38797312
1775863956.001294,1294,ubuntu-rog,1,0,0,65683160,28338836,52221448,428560,22371280,0,12862304,21005732,11089552,4956,1772752,21000776,0,0,8388604,8388604,0,0,320,0,11068876,446816,26084,1839744,2511396,1839744,671652,14720,57276,0,0,0,0,41230184,14813084,34359738367,86892,0,81200,0,0,0,0,0,0,0,0,0,0,0,2048,0,1493776,27707392,38797312
1775863957.002058,2058,ubuntu-rog,1,0,0,65683160,28338836,52221448,428560,22371280,0,12862304,21005732,11089552,4956,1772752,21000776,0,0,8388604,8388604,0,0,320,0,11068876,446816,26084,1839744,2511396,1839744,671652,14720,57276,0,0,0,0,41230184,14813084,34359738367,86892,0,81200,0,0,0,0,0,0,0,0,0,0,0,2048,0,1493776,27707392,38797312
1775863958.001063,1063,ubuntu-rog,1,0,0,65683160,28338836,52221448,428560,22371280,0,12862252,21005732,11089500,4956,1772752,21000776,0,0,8388604,8388604,0,0,320,0,11068840,446816,26084,1839744,2511396,1839744,671652,14720,57276,0,0,0,0,41230184,14813084,34359738367,86892,0,81200,0,0,0,0,0,0,0,0,0,0,0,2048,0,1493776,27707392,38797312
1775863959.002307,2307,ubuntu-rog,1,0,0,65683160,28338836,52221448,428560,22371284,0,12862252,21005732,11089500,4956,1772752,21000776,0,0,8388604,8388604,0,0,324,0,11068840,446816,26084,1839744,2511396,1839744,671652,14720,57276,0,0,0,0,41230184,14813084,34359738367,86892,0,81200,0,0,0,0,0,0,0,0,0,0,0,2048,0,1493776,27707392,38797312
1775863960.001203,1203,ubuntu-rog,1,0,0,65683160,28338836,52221448,428560,22371288,0,12862252,21005732,11089500,4956,1772752,21000776,0,0,8388604,8388604,0,0,328,0,11068840,446816,26084,1839744,2511396,1839744,671652,14720,57276,0,0,0,0,41230184,14813084,34359738367,86892,0,81200,0,0,0,0,0,0,0,0,0,0,0,2048,0,1493776,27707392,38797312
1775863961.001296,1296,ubuntu-rog,1,0,0,65683160,28338836,52221448,428568,22371292,0,12862252,21005732,11089500,4956,1772752,21000776,0,0,8388604,8388604,0,0,336,0,11068840,446816,26084,1839744,2511396,1839744,671652,14720,57276,0,0,0,0,41230184,14813084,34359738367,86892,0,81200,0,0,0,0,0,0,0,0,0,0,0,2048,0,1493776,27707392,38797312
1775863962.001068,1068,ubuntu-rog,1,0,0,65683160,28338836,52221448,428568,22371292,0,12862252,21005732,11089500,4956,1772752,21000776,0,0,8388604,8388604,0,0,336,0,11068840,446816,26084,1839744,2511396,1839744,671652,14720,57276,0,0,0,0,41230184,14813084,34359738367,86892,0,81200,0,0,0,0,0,0,0,0,0,0,0,2048,0,1493776,27707392,38797312
1775863963.002061,2061,ubuntu-rog,1,0,0,65683160,28338836,52221448,428568,22371296,0,12862340,21005732,11089588,4956,1772752,21000776,0,0,8388604,8388604,0,0,72,0,11068840,446816,26084,1839744,2511396,1839744,671652,14720,57276,0,0,0,0,41230184,14813084,34359738367,86892,0,81200,0,0,0,0,0,0,0,0,0,0,0,2048,0,1493776,27707392,38797312
1775863964.001290,1290,ubuntu-rog,1,0,0,65683160,28338836,52221448,428568,22371296,0,12862340,21005732,11089588,4956,1772752,21000776,0,0,8388604,8388604,0,0,72,0,11068840,446816,26084,1839744,2511396,1839744,671652,14720,57276,0,0,0,0,41230184,14813084,34359738367,86892,0,81200,0,0,0,0,0,0,0,0,0,0,0,2048,0,1493776,27707392,38797312
1775863965.001237,1237,ubuntu-rog,1,0,0,65683160,28338836,52221448,428568,22371300,0,12862340,21005732,11089588,4956,1772752,21000776,0,0,8388604,8388604,0,0,76,0,11068840,446816,26084,1839744,2511396,1839744,671652,14720,57276,0,0,0,0,41230184,14813084,34359738367,86892,0,81200,0,0,0,0,0,0,0,0,0,0,0,2048,0,1493776,27707392,38797312
1775863966.002304,2304,ubuntu-rog,1,0,0,65683160,28338836,52221448,428576,22371304,0,12862340,21005732,11089588,4956,1772752,21000776,0,0,8388604,8388604,0,0,80,0,11068840,446816,26084,1839744,2511396,1839744,671652,14720,57276,0,0,0,0,41230184,14813084,34359738367,86892,0,81200,0,0,0,0,0,0,0,0,0,0,0,2048,0,1493776,27707392,38797312
1775863967.001067,1067,ubuntu-rog,1,0,0,65683160,28338836,52221448,428576,22371304,0,12862340,21005732,11089588,4956,1772752,21000776,0,0,8388604,8388604,0,0,80,0,11068840,446816,26084,1839744,2511396,1839744,671652,14720,57276,0,0,0,0,41230184,14813084,34359738367,86892,0,81200,0,0,0,0,0,0,0,0,0,0,0,2048,0,1493776,27707392,38797312
1775863968.001068,1068,ubuntu-rog,1,0,0,65683160,28338836,52221448,428576,22371304,0,12862340,21005732,11089588,4956,1772752,21000776,0,0,8388604,8388604,0,0,80,0,11068840,446816,26084,1839744,2511396,1839744,671652,14720,57276,0,0,0,0,41230184,14813084,34359738367,86892,0,81200,0,0,0,0,0,0,0,0,0,0,0,2048,0,1493776,27707392,38797312
1775863969.001301,1301,ubuntu-rog,1,0,0,65683160,28338836,52221448,428576,22371304,0,12862340,21005732,11089588,4956,1772752,21000776,0,0,8388604,8388604,0,0,80,0,11068840,446816,26084,1839744,2511396,1839744,671652,14720,57276,0,0,0,0,41230184,14813084,34359738367,86892,0,81200,0,0,0,0,0,0,0,0,0,0,0,2048,0,1493776,27707392,38797312
1775863970.002197,2197,ubuntu-rog,1,0,0,65683160,28338836,52221448,428576,22371308,0,12862340,21005732,11089588,4956,1772752,21000776,0,0,8388604,8388604,0,0,84,0,11068840,446816,26084,1839744,2511396,1839744,671652,14720,57276,0,0,0,0,41230184,14813084,34359738367,86892,0,81200,0,0,0,0,0,0,0,0,0,0,0,2048,0,1493776,27707392,38797312
1775863971.001230,1230,ubuntu-rog,1,0,0,65683160,28338836,52221448,428576,22371312,0,12862340,21005732,11089588,4956,1772752,21000776,0,0,8388604,8388604,0,0,72,0,11068840,446816,26084,1839744,2511396,1839744,671652,14720,57276,0,0,0,0,41230184,14813084,34359738367,86892,0,81200,0,0,0,0,0,0,0,0,0,0,0,2048,0,1493776,27707392,38797312
1775863972.002055,2055,ubuntu-rog,1,0,0,65683160,28338836,52221448,428584,22371312,0,12862340,21005732,11089588,4956,1772752,21000776,0,0,8388604,8388604,0,0,76,0,11068840,446816,26084,1839744,2511396,1839744,671652,14720,57276,0,0,0,0,41230184,14882008,34359738367,86892,0,81200,0,0,0,0,0,0,0,0,0,0,0,2048,0,1493776,27707392,38797312
1775863973.001062,1062,ubuntu-rog,1,0,0,65683160,27796400,51679304,428584,22371320,0,13343816,21006024,11571064,4956,1772752,21001068,0,0,8388604,8388604,0,0,88,0,11551052,446816,26084,1839744,2511396,1839744,671652,14720,58572,0,0,0,0,41230184,15295536,34359738367,86892,0,81200,0,0,0,0,0,0,0,0,0,0,0,2048,0,1493776,27707392,38797312
1775863974.001227,1227,ubuntu-rog,1,0,0,65683160,28235524,52118428,428584,22371320,0,12931644,21006024,11158892,4956,1772752,21001068,0,0,8388604,8388604,0,0,88,0,11137764,446816,26084,1839744,2511396,1839744,671652,14720,57408,0,0,0,0,41230184,14882008,34359738367,86892,0,81200,0,0,0,0,0,0,0,0,0,0,0,2048,0,1493776,27707392,38797312
1775863975.002211,2211,ubuntu-rog,1,0,0,65683160,28303520,52186424,428584,22371320,0,12861492,21006024,11088740,4956,1772752,21001068,0,0,8388604,8388604,0,0,88,0,11068820,446816,26084,1839744,2511396,1839744,671652,14720,57272,0,0,0,0,41230184,14813064,34359738367,86892,0,81200,0,0,0,0,0,0,0,0,0,0,0,2048,0,1493776,27707392,38797312
1775863976.001323,1323,ubuntu-rog,1,0,0,65683160,28306064,52188968,428584,22371320,0,12861576,21006024,11088824,4956,1772752,21001068,0,0,8388604,8388604,0,0,60,0,11068820,446816,26084,1839744,2511396,1839744,671652,14720,57272,0,0,0,0,41230184,14813064,34359738367,86892,0,81200,0,0,0,0,0,0,0,0,0,0,0,2048,0,1493776,27707392,38797312
1775863977.001063,1063,ubuntu-rog,1,0,0,65683160,28308376,52191280,428592,22371328,0,12861576,21006024,11088824,4956,1772752,21001068,0,0,8388604,8388604,0,0,76,0,11068820,446816,26084,1839744,2511396,1839744,671652,14720,57272,0,0,0,0,41230184,14813064,34359738367,86892,0,81200,0,0,0,0,0,0,0,0,0,0,0,2048,0,1493776,27707392,38797312
1775863978.001071,1071,ubuntu-rog,1,0,0,65683160,28310752,52193656,428592,22371328,0,12861576,21006024,11088824,4956,1772752,21001068,0,0,8388604,8388604,0,0,76,0,11068820,446816,26084,1839744,2511396,1839744,671652,14720,57272,0,0,0,0,41230184,14813064,34359738367,86892,0,81200,0,0,0,0,0,0,0,0,0,0,0,2048,0,1493776,27707392,38797312
1775863979.002308,2308,ubuntu-rog,1,0,0,65683160,28320508,52203412,428592,22371328,0,12861576,21006024,11088824,4956,1772752,21001068,0,0,8388604,8388604,0,0,76,0,11068820,446816,26084,1839744,2511396,1839744,671652,14720,57272,0,0,0,0,41230184,14813064,34359738367,86892,0,81200,0,0,0,0,0,0,0,0,0,0,0,2048,0,1493776,27707392,38797312
1775863980.001217,1217,ubuntu-rog,1,0,0,65683160,28320444,52203348,428592,22371332,0,12861576,21006024,11088824,4956,1772752,21001068,0,0,8388604,8388604,0,0,80,0,11068820,446816,26084,1839744,2511396,1839744,671652,14720,57272,0,0,0,0,41230184,14813064,34359738367,86892,0,81200,0,0,0,0,0,0,0,0,0,0,0,2048,0,1493776,27707392,38797312
1775863981.001315,1315,ubuntu-rog,1,0,0,65683160,28320444,52203348,428592,22371332,0,12861576,21006024,11088824,4956,1772752,21001068,0,0,8388604,8388604,0,0,80,0,11068820,446816,26084,1839744,2511396,1839744,671652,14720,57272,0,0,0,0,41230184,14813064,34359738367,86892,0,81200,0,0,0,0,0,0,0,0,0,0,0,2048,0,1493776,27707392,38797312
1775863982.001068,1068,ubuntu-rog,1,0,0,65683160,28320444,52203348,428600,22371336,0,12861640,21006024,11088888,4956,1772752,21001068,0,0,8388604,8388604,0,0,60,0,11068820,446816,26084,1839744,2511396,1839744,671652,14720,57272,0,0,0,0,41230184,14813064,34359738367,86892,0,81200,0,0,0,0,0,0,0,0,0,0,0,2048,0,1493776,27707392,38797312
1775863983.002066,2066,ubuntu-rog,1,0,0,65683160,28320444,52203348,428600,22371336,0,12861640,21006024,11088888,4956,1772752,21001068,0,0,8388604,8388604,0,0,60,0,11068820,446816,26084,1839744,2511396,1839744,671652,14720,57272,0,0,0,0,41230184,14813064,34359738367,86892,0,81200,0,0,0,0,0,0,0,0,0,0,0,2048,0,1493776,27707392,38797312
1775863984.001315,1315,ubuntu-rog,1,0,0,65683160,28320444,52203348,428600,22371340,0,12861640,21006024,11088888,4956,1772752,21001068,0,0,8388604,8388604,0,0,64,0,11068820,446816,26084,1839744,2511396,1839744,671652,14720,57272,0,0,0,0,41230184,14813064,34359738367,86892,0,81200,0,0,0,0,0,0,0,0,0,0,0,2048,0,1493776,27707392,38797312
1775863985.001216,1216,ubuntu-rog,1,0,0,65683160,28316412,52199320,428600,22371344,0,12861640,21006024,11088888,4956,1772752,21001068,0,0,8388604,8388604,0,0,68,0,11068820,446816,26084,1839748,2511400,1839748,671652,14720,57272,0,0,0,0,41230184,14813064,34359738367,86892,0,81200,0,0,0,0,0,0,0,0,0,0,0,2048,0,1493776,27707392,38797312
1775863986.001317,1317,ubuntu-rog,1,0,0,65683160,28316412,52199320,428600,22371344,0,12861640,21006024,11088888,4956,1772752,21001068,0,0,8388604,8388604,0,0,28,0,11068820,446816,26084,1839748,2511400,1839748,671652,14720,57272,0,0,0,0,41230184,14813064,34359738367,86892,0,81200,0,0,0,0,0,0,0,0,0,0,0,2048,0,1493776,27707392,38797312
1775863987.002064,2064,ubuntu-rog,1,0,0,65683160,28316412,52199320,428608,22371348,0,12861640,21006024,11088888,4956,1772752,21001068,0,0,8388604,8388604,0,0,48,0,11068820,446816,26084,1839748,2511400,1839748,671652,14720,57272,0,0,0,0,41230184,14813064,34359738367,86892,0,81200,0,0,0,0,0,0,0,0,0,0,0,2048,0,1493776,27707392,38797312
1775863988.001068,1068,ubuntu-rog,1,0,0,65683160,28316412,52199320,428608,22371352,0,12861640,21006024,11088888,4956,1772752,21001068,0,0,8388604,8388604,0,0,52,0,11068820,446816,26084,1839748,2511400,1839748,671652,14720,57272,0,0,0,0,41230184,14813064,34359738367,86892,0,81200,0,0,0,0,0,0,0,0,0,0,0,2048,0,1493776,27707392,38797312
1775863989.001312,1312,ubuntu-rog,1,0,0,65683160,28316412,52199320,428608,22371352,0,12861640,21006024,11088888,4956,1772752,21001068,0,0,8388604,8388604,0,0,52,0,11068820,446816,26084,1839748,2511400,1839748,671652,14720,57272,0,0,0,0,41230184,14813064,34359738367,86892,0,81200,0,0,0,0,0,0,0,0,0,0,0,2048,0,1493776,27707392,38797312
1775863990.001216,1216,ubuntu-rog,1,0,0,65683160,28316816,52199724,428608,22371352,0,12861640,21006024,11088888,4956,1772752,21001068,0,0,8388604,8388604,0,0,52,0,11068820,446816,26084,1839748,2511400,1839748,671652,14720,57272,0,0,0,0,41230184,14813064,34359738367,86892,0,81200,0,0,0,0,0,0,0,0,0,0,0,2048,0,1493776,27707392,38797312
1775863991.002306,2306,ubuntu-rog,1,0,0,65683160,28318040,52200948,428608,22371356,0,12861468,21006024,11088716,4956,1772752,21001068,0,0,8388604,8388604,0,0,56,0,11068648,446816,26084,1839748,2511400,1839748,671652,14720,57272,0,0,0,0,41230184,14812892,34359738367,86892,0,81200,0,0,0,0,0,0,0,0,0,0,0,2048,0,1493776,27707392,38797312
1775863992.001067,1067,ubuntu-rog,1,0,0,65683160,28319988,52202896,428616,22371356,0,12861468,21006024,11088716,4956,1772752,21001068,0,0,8388604,8388604,0,0,60,0,11068648,446816,26084,1839748,2511400,1839748,671652,14720,57272,0,0,0,0,41230184,14812892,34359738367,86892,0,81200,0,0,0,0,0,0,0,0,0,0,0,2048,0,1493776,27707392,38797312
1775863993.001066,1066,ubuntu-rog,1,0,0,65683160,28322300,52205208,428616,22371360,0,12861468,21006024,11088716,4956,1772752,21001068,0,0,8388604,8388604,0,0,64,0,11068648,446816,26084,1839748,2511400,1839748,671652,14720,57272,0,0,0,0,41230184,14812892,34359738367,86892,0,81200,0,0,0,0,0,0,0,0,0,0,0,2048,0,1493776,27707392,38797312
1775863994.001310,1310,ubuntu-rog,1,0,0,65683160,28323840,52206748,428616,22371364,0,12861468,21006024,11088716,4956,1772752,21001068,0,0,8388604,8388604,0,0,68,0,11068648,446816,26084,1839748,2511400,1839748,671652,14720,57272,0,0,0,0,41230184,14812892,34359738367,86892,0,81200,0,0,0,0,0,0,0,0,0,0,0,2048,0,1493776,27707392,38797312
1775863995.002205,2205,ubuntu-rog,1,0,0,65683160,28323888,52206796,428616,22371364,0,12861468,21006024,11088716,4956,1772752,21001068,0,0,8388604,8388604,0,0,68,0,11068648,446816,26084,1839748,2511400,1839748,671652,14720,57272,0,0,0,0,41230184,14812892,34359738367,86892,0,81200,0,0,0,0,0,0,0,0,0,0,0,2048,0,1493776,27707392,38797312
1775863996.001308,1308,ubuntu-rog,1,0,0,65683160,28323888,52206796,428616,22371364,0,12861468,21006024,11088716,4956,1772752,21001068,0,0,8388604,8388604,0,0,68,0,11068648,446816,26084,1839748,2511400,1839748,671652,14720,57272,0,0,0,0,41230184,14812892,34359738367,86892,0,81200,0,0,0,0,0,0,0,0,0,0,0,2048,0,1493776,27707392,38797312
1775863997.001064,1064,ubuntu-rog,1,0,0,65683160,28323888,52206796,428616,22371368,0,12861468,21006024,11088716,4956,1772752,21001068,0,0,8388604,8388604,0,0,72,0,11068648,446816,26084,1839748,2511400,1839748,671652,14720,57272,0,0,0,0,41230184,14812892,34359738367,86892,0,81200,0,0,0,0,0,0,0,0,0,0,0,2048,0,1493776,27707392,38797312
1775863998.001068,1068,ubuntu-rog,1,0,0,65683160,28323888,52206796,428624,22371372,0,12861468,21006024,11088716,4956,1772752,21001068,0,0,8388604,8388604,0,0,76,0,11068648,446816,26084,1839748,2511400,1839748,671652,14720,57272,0,0,0,0,41230184,14812892,34359738367,86892,0,81200,0,0,0,0,0,0,0,0,0,0,0,2048,0,1493776,27707392,38797312
1775863999.002311,2311,ubuntu-rog,1,0,0,65683160,28323888,52206796,428624,22371376,0,12861468,21006024,11088716,4956,1772752,21001068,0,0,8388604,8388604,0,0,80,0,11068648,446816,26084,1839748,2511400,1839748,671652,14720,57272,0,0,0,0,41230184,14812892,34359738367,86892,0,81200,0,0,0,0,0,0,0,0,0,0,0,2048,0,1493776,27707392,38797312
1775864000.001211,1211,ubuntu-rog,1,0,0,65683160,28323888,52206796,428624,22371376,0,12861468,21006024,11088716,4956,1772752,21001068,0,0,8388604,8388604,0,0,80,0,11068648,446816,26084,1839748,2511400,1839748,671652,14720,57272,0,0,0,0,41230184,14812892,34359738367,86892,0,81200,0,0,0,0,0,0,0,0,0,0,0,2048,0,1493776,27707392,38797312
1775864001.001307,1307,ubuntu-rog,1,0,0,65683160,28323888,52206796,428624,22371380,0,12861468,21006024,11088716,4956,1772752,21001068,0,0,8388604,8388604,0,0,84,0,11068648,446816,26084,1839748,2511400,1839748,671652,14720,57272,0,0,0,0,41230184,14812892,34359738367,86892,0,81200,0,0,0,0,0,0,0,0,0,0,0,2048,0,1493776,27707392,38797312
1775864002.001066,1066,ubuntu-rog,1,0,0,65683160,28323888,52206796,428624,22371380,0,12861468,21006024,11088716,4956,1772752,21001068,0,0,8388604,8388604,0,0,84,0,11068648,446816,26084,1839748,2511400,1839748,671652,14720,57272,0,0,0,0,41230184,14812892,34359738367,86892,0,81200,0,0,0,0,0,0,0,0,0,0,0,2048,0,1493776,27707392,38797312
1775864003.002061,2061,ubuntu-rog,1,0,0,65683160,28323888,52206800,428632,22371380,0,12861468,21006024,11088716,4956,1772752,21001068,0,0,8388604,8388604,0,0,88,0,11068648,446816,26084,1839752,2511404,1839752,671652,14720,57272,0,0,0,0,41230184,14812892,34359738367,86892,0,81200,0,0,0,0,0,0,0,0,0,0,0,2048,0,1493776,27707392,38797312
1775864004.001314,1314,ubuntu-rog,1,0,0,65683160,28323888,52206800,428632,22371388,0,12861468,21006024,11088716,4956,1772752,21001068,0,0,8388604,8388604,0,0,96,0,11068648,446816,26084,1839752,2511404,1839752,671652,14720,57272,0,0,0,0,41230184,14812892,34359738367,86892,0,81200,0,0,0,0,0,0,0,0,0,0,0,2048,0,1493776,27707392,38797312
1775864005.001208,1208,ubuntu-rog,1,0,0,65683160,28323888,52206800,428632,22371388,0,12861468,21006024,11088716,4956,1772752,21001068,0,0,8388604,8388604,0,0,96,0,11068648,446816,26084,1839752,2511404,1839752,671652,14720,57272,0,0,0,0,41230184,14812892,34359738367,86892,0,81200,0,0,0,0,0,0,0,0,0,0,0,2048,0,1493776,27707392,38797312
1775864006.001309,1309,ubuntu-rog,1,0,0,65683160,28323888,52206800,428632,22371388,0,12861468,21006024,11088716,4956,1772752,21001068,0,0,8388604,8388604,0,0,96,0,11068648,446816,26084,1839752,2511404,1839752,671652,14720,57272,0,0,0,0,41230184,14812892,34359738367,86892,0,81200,0,0,0,0,0,0,0,0,0,0,0,2048,0,1493776,27707392,38797312
1775864007.002060,2060,ubuntu-rog,1,0,0,65683160,28323888,52206800,428632,22371388,0,12861468,21006024,11088716,4956,1772752,21001068,0,0,8388604,8388604,0,0,80,0,11068648,446816,26084,1839752,2511404,1839752,671652,14720,57272,0,0,0,0,41230184,14812892,34359738367,86892,0,81200,0,0,0,0,0,0,0,0,0,0,0,2048,0,1493776,27707392,38797312
1775864008.001065,1065,ubuntu-rog,1,0,0,65683160,28323888,52206800,428636,22371392,0,12861468,21006024,11088716,4956,1772752,21001068,0,0,8388604,8388604,0,0,88,0,11068648,446816,26084,1839752,2511404,1839752,671652,14720,57272,0,0,0,0,41230184,14812892,34359738367,86892,0,81200,0,0,0,0,0,0,0,0,0,0,0,2048,0,1493776,27707392,38797312
1775864009.001310,1310,ubuntu-rog,1,0,0,65683160,28323888,52206800,428636,22371392,0,12861468,21006024,11088716,4956,1772752,21001068,0,0,8388604,8388604,0,0,88,0,11068648,446816,26084,1839752,2511404,1839752,671652,14720,57272,0,0,0,0,41230184,14812892,34359738367,86892,0,81200,0,0,0,0,0,0,0,0,0,0,0,2048,0,1493776,27707392,38797312
1775864010.001208,1208,ubuntu-rog,1,0,0,65683160,28323888,52206800,428636,22371400,0,12861468,21006024,11088716,4956,1772752,21001068,0,0,8388604,8388604,0,0,100,0,11068648,446816,26084,1839752,2511404,1839752,671652,14720,57272,0,0,0,0,41230184,14812892,34359738367,86892,0,81200,0,0,0,0,0,0,0,0,0,0,0,2048,0,1493776,27707392,38797312
1775864011.002305,2305,ubuntu-rog,1,0,0,65683160,28323888,52206800,428636,22371404,0,12861468,21006024,11088716,4956,1772752,21001068,0,0,8388604,8388604,0,0,104,0,11068648,446816,26084,1839752,2511404,1839752,671652,14720,57272,0,0,0,0,41230184,14812892,34359738367,86892,0,81200,0,0,0,0,0,0,0,0,0,0,0,2048,0,1493776,27707392,38797312
1775864012.001065,1065,ubuntu-rog,1,0,0,65683160,28323888,52206800,428636,22371404,0,12861468,21006024,11088716,4956,1772752,21001068,0,0,8388604,8388604,0,0,72,0,11068648,446816,26084,1839752,2511404,1839752,671652,14720,57272,0,0,0,0,41230184,14812892,34359738367,86892,0,81200,0,0,0,0,0,0,0,0,0,0,0,2048,0,1493776,27707392,38797312
1775864013.001066,1066,ubuntu-rog,1,0,0,65683160,28323888,52206800,428640,22371404,0,12861524,21006024,11088772,4956,1772752,21001068,0,0,8388604,8388604,0,0,64,0,11068648,446816,26084,1839752,2511404,1839752,671652,14720,57272,0,0,0,0,41230184,14812892,34359738367,86892,0,81200,0,0,0,0,0,0,0,0,0,0,0,2048,0,1493776,27707392,38797312
1775864014.001312,1312,ubuntu-rog,1,0,0,65683160,28323888,52206800,428640,22371404,0,12861524,21006024,11088772,4956,1772752,21001068,0,0,8388604,8388604,0,0,64,0,11068648,446816,26084,1839752,2511404,1839752,671652,14720,57272,0,0,0,0,41230184,14812892,34359738367,86892,0,81200,0,0,0,0,0,0,0,0,0,0,0,2048,0,1493776,27707392,38797312
1775864015.002205,2205,ubuntu-rog,1,0,0,65683160,28323888,52206800,428640,22371408,0,12861524,21006024,11088772,4956,1772752,21001068,0,0,8388604,8388604,0,0,68,0,11068648,446816,26084,1839752,2511404,1839752,671652,14720,57272,0,0,0,0,41230184,14812892,34359738367,86892,0,81200,0,0,0,0,0,0,0,0,0,0,0,2048,0,1493776,27707392,38797312
1775864016.001313,1313,ubuntu-rog,1,0,0,65683160,28323888,52206800,428640,22371412,0,12861524,21006024,11088772,4956,1772752,21001068,0,0,8388604,8388604,0,0,76,0,11068648,446816,26084,1839752,2511404,1839752,671652,14720,57272,0,0,0,0,41230184,14812892,34359738367,86892,0,81200,0,0,0,0,0,0,0,0,0,0,0,2048,0,1493776,27707392,38797312
1775864017.001065,1065,ubuntu-rog,1,0,0,65683160,28323888,52206856,428640,22371412,0,12861540,21006080,11088788,4956,1772752,21001124,0,0,8388604,8388604,0,0,36,0,11068648,446816,26084,1839752,2511404,1839752,671652,14720,57272,0,0,0,0,41230184,14812892,34359738367,86892,0,81200,0,0,0,0,0,0,0,0,0,0,0,2048,0,1493776,27707392,38797312
1775864018.001067,1067,ubuntu-rog,1,0,0,65683160,28323888,52206856,428640,22371416,0,12861540,21006080,11088788,4956,1772752,21001124,0,0,8388604,8388604,0,0,44,0,11068648,446816,26084,1839752,2511404,1839752,671652,14720,57272,0,0,0,0,41230184,14812892,34359738367,86892,0,81200,0,0,0,0,0,0,0,0,0,0,0,2048,0,1493776,27707392,38797312
1775864019.002312,2312,ubuntu-rog,1,0,0,65683160,28323888,52206856,428648,22371416,0,12861540,21006080,11088788,4956,1772752,21001124,0,0,8388604,8388604,0,0,48,0,11068648,446816,26084,1839752,2511404,1839752,671652,14720,57272,0,0,0,0,41230184,14812892,34359738367,86892,0,81200,0,0,0,0,0,0,0,0,0,0,0,2048,0,1493776,27707392,38797312
1775864020.001206,1206,ubuntu-rog,1,0,0,65683160,28323888,52206856,428648,22371416,0,12861540,21006080,11088788,4956,1772752,21001124,0,0,8388604,8388604,0,0,48,0,11068648,446816,26084,1839752,2511404,1839752,671652,14720,57272,0,0,0,0,41230184,14812892,34359738367,86892,0,81200,0,0,0,0,0,0,0,0,0,0,0,2048,0,1493776,27707392,38797312
1775864021.001310,1310,ubuntu-rog,1,0,0,65683160,28323888,52206856,428648,22371420,0,12861540,21006080,11088788,4956,1772752,21001124,0,0,8388604,8388604,0,0,52,0,11068648,446816,26084,1839752,2511404,1839752,671652,14720,57272,0,0,0,0,41230184,14812892,34359738367,86892,0,81200,0,0,0,0,0,0,0,0,0,0,0,2048,0,1493776,27707392,38797312
1775864022.001070,1070,ubuntu-rog,1,0,0,65683160,28324392,52207372,428648,22371428,0,12861652,21006092,11088900,4956,1772752,21001136,0,0,8388604,8388604,0,0,60,0,11068648,446816,26084,1839752,2511404,1839752,671652,14720,57272,0,0,0,0,41230184,14812892,34359738367,86892,0,81200,0,0,0,0,0,0,0,0,0,0,0,2048,0,1493776,27707392,38797312
1775864023.002064,2064,ubuntu-rog,1,0,0,65683160,28324392,52207372,428648,22371428,0,12861652,21006092,11088900,4956,1772752,21001136,0,0,8388604,8388604,0,0,60,0,11068648,446816,26084,1839752,2511404,1839752,671652,14720,57272,0,0,0,0,41230184,14812892,34359738367,86892,0,81200,0,0,0,0,0,0,0,0,0,0,0,2048,0,1493776,27707392,38797312
1775864024.001304,1304,ubuntu-rog,1,0,0,65683160,28324392,52207372,428656,22371428,0,12861652,21006092,11088900,4956,1772752,21001136,0,0,8388604,8388604,0,0,60,0,11068648,446816,26084,1839752,2511404,1839752,671652,14720,57272,0,0,0,0,41230184,14812892,34359738367,86892,0,81200,0,0,0,0,0,0,0,0,0,0,0,2048,0,1493776,27707392,38797312
1775864025.001204,1204,ubuntu-rog,1,0,0,65683160,28324392,52207372,428656,22371432,0,12861652,21006092,11088900,4956,1772752,21001136,0,0,8388604,8388604,0,0,64,0,11068648,446816,26084,1839752,2511404,1839752,671652,14720,57272,0,0,0,0,41230184,14812892,34359738367,86892,0,81200,0,0,0,0,0,0,0,0,0,0,0,2048,0,1493776,27707392,38797312
1775864026.001302,1302,ubuntu-rog,1,0,0,65683160,28324392,52207372,428656,22371432,0,12861652,21006092,11088900,4956,1772752,21001136,0,0,8388604,8388604,0,0,64,0,11068648,446816,26084,1839752,2511404,1839752,671652,14720,57272,0,0,0,0,41230184,14812892,34359738367,86892,0,81200,0,0,0,0,0,0,0,0,0,0,0,2048,0,1493776,27707392,38797312
1775864027.002057,2057,ubuntu-rog,1,0,0,65683160,28324392,52207372,428656,22371436,0,12861652,21006092,11088900,4956,1772752,21001136,0,0,8388604,8388604,0,0,68,0,11068648,446816,26084,1839752,2511404,1839752,671652,14720,57272,0,0,0,0,41230184,14812892,34359738367,86892,0,81200,0,0,0,0,0,0,0,0,0,0,0,2048,0,1493776,27707392,38797312
1775864028.001072,1072,ubuntu-rog,1,0,0,65683160,28324392,52207372,428656,22371436,0,12861652,21006092,11088900,4956,1772752,21001136,0,0,8388604,8388604,0,0,68,0,11068648,446816,26084,1839752,2511404,1839752,671652,14720,57272,0,0,0,0,41230184,14812892,34359738367,86892,0,81200,0,0,0,0,0,0,0,0,0,0,0,2048,0,1493776,27707392,38797312
1775864029.001300,1300,ubuntu-rog,1,0,0,65683160,28324392,52207372,428664,22371440,0,12861652,21006092,11088900,4956,1772752,21001136,0,0,8388604,8388604,0,0,72,0,11068648,446816,26084,1839752,2511404,1839752,671652,14720,57272,0,0,0,0,41230184,14812892,34359738367,86892,0,81200,0,0,0,0,0,0,0,0,0,0,0,2048,0,1493776,27707392,38797312
1775864030.001204,1204,ubuntu-rog,1,0,0,65683160,28324392,52207372,428664,22371440,0,12861652,21006092,11088900,4956,1772752,21001136,0,0,8388604,8388604,0,0,72,0,11068648,446816,26084,1839752,2511404,1839752,671652,14720,57272,0,0,0,0,41230184,14812892,34359738367,86892,0,81200,0,0,0,0,0,0,0,0,0,0,0,2048,0,1493776,27707392,38797312
1775864031.002295,2295,ubuntu-rog,1,0,0,65683160,28324392,52207372,428664,22371440,0,12861652,21006092,11088900,4956,1772752,21001136,0,0,8388604,8388604,0,0,72,0,11068648,446816,26084,1839752,2511404,1839752,671652,14720,57272,0,0,0,0,41230184,14812892,34359738367,86892,0,81200,0,0,0,0,0,0,0,0,0,0,0,2048,0,1493776,27707392,38797312
1775864032.001067,1067,ubuntu-rog,1,0,0,65683160,28324392,52207372,428664,22371448,0,12861652,21006092,11088900,4956,1772752,21001136,0,0,8388604,8388604,0,0,80,0,11068648,446816,26084,1839752,2511404,1839752,671652,14720,57272,0,0,0,0,41230184,14812892,34359738367,86892,0,81200,0,0,0,0,0,0,0,0,0,0,0,2048,0,1493776,27707392,38797312
1775864033.001065,1065,ubuntu-rog,1,0,0,65683160,28324392,52207372,428664,22371448,0,12861652,21006092,11088900,4956,1772752,21001136,0,0,8388604,8388604,0,0,80,0,11068648,446816,26084,1839752,2511404,1839752,671652,14720,57272,0,0,0,0,41230184,14812892,34359738367,86892,0,81200,0,0,0,0,0,0,0,0,0,0,0,2048,0,1493776,27707392,38797312
1775864034.001225,1225,ubuntu-rog,1,0,0,65683160,28324392,52207372,428672,22371452,0,12861652,21006092,11088900,4956,1772752,21001136,0,0,8388604,8388604,0,0,84,0,11068648,446816,26084,1839752,2511404,1839752,671652,14720,57272,0,0,0,0,41230184,14812892,34359738367,86892,0,81200,0,0,0,0,0,0,0,0,0,0,0,2048,0,1493776,27707392,38797312
1775864035.002195,2195,ubuntu-rog,1,0,0,65683160,28324392,52207372,428672,22371452,0,12861652,21006092,11088900,4956,1772752,21001136,0,0,8388604,8388604,0,0,84,0,11068648,446816,26084,1839752,2511404,1839752,671652,14720,57272,0,0,0,0,41230184,14812892,34359738367,86892,0,81200,0,0,0,0,0,0,0,0,0,0,0,2048,0,1493776,27707392,38797312
1775864036.001308,1308,ubuntu-rog,1,0,0,65683160,28324392,52207372,428672,22371456,0,12861652,21006092,11088900,4956,1772752,21001136,0,0,8388604,8388604,0,0,88,0,11068648,446816,26084,1839752,2511404,1839752,671652,14720,57272,0,0,0,0,41230184,14812892,34359738367,86892,0,81200,0,0,0,0,0,0,0,0,0,0,0,2048,0,1493776,27707392,38797312
1775864037.004058,4058,ubuntu-rog,1,0,0,65683160,28324392,52207372,428672,22371456,0,12861652,21006092,11088900,4956,1772752,21001136,0,0,8388604,8388604,0,0,88,0,11068648,446816,26084,1839752,2511404,1839752,671652,14720,57272,0,0,0,0,41230184,14812892,34359738367,86892,0,81200,0,0,0,0,0,0,0,0,0,0,0,2048,0,1493776,27707392,38797312
1775864038.001064,1064,ubuntu-rog,1,0,0,65683160,28324392,52207372,428672,22371460,0,12861652,21006092,11088900,4956,1772752,21001136,0,0,8388604,8388604,0,0,92,0,11068648,446816,26084,1839752,2511404,1839752,671652,14720,57272,0,0,0,0,41230184,14812892,34359738367,86892,0,81200,0,0,0,0,0,0,0,0,0,0,0,2048,0,1493776,27707392,38797312
1775864039.001301,1301,ubuntu-rog,1,0,0,65683160,28324392,52207372,428680,22371464,0,12861652,21006092,11088900,4956,1772752,21001136,0,0,8388604,8388604,0,0,96,0,11068648,446816,26084,1839752,2511408,1839752,671656,14720,57272,0,0,0,0,41230184,14812892,34359738367,86892,0,81200,0,0,0,0,0,0,0,0,0,0,0,2048,0,1493776,27707392,38797312
1775864040.001208,1208,ubuntu-rog,1,0,0,65683160,28324392,52207372,428680,22371464,0,12861652,21006092,11088900,4956,1772752,21001136,0,0,8388604,8388604,0,0,96,0,11068648,446816,26084,1839752,2511408,1839752,671656,14720,57272,0,0,0,0,41230184,14812892,34359738367,86892,0,81200,0,0,0,0,0,0,0,0,0,0,0,2048,0,1493776,27707392,38797312
1775864041.001219,1219,ubuntu-rog,1,0,0,65683160,28324392,52207372,428680,22371464,0,12861652,21006092,11088900,4956,1772752,21001136,0,0,8388604,8388604,0,0,96,0,11068648,446816,26084,1839752,2511408,1839752,671656,14720,57272,0,0,0,0,41230184,14812892,34359738367,86892,0,81200,0,0,0,0,0,0,0,0,0,0,0,2048,0,1493776,27707392,38797312
1775864042.002064,2064,ubuntu-rog,1,0,0,65683160,28324392,52207372,428680,22371468,0,12861652,21006092,11088900,4956,1772752,21001136,0,0,8388604,8388604,0,0,100,0,11068648,446816,26084,1839752,2511408,1839752,671656,14720,57272,0,0,0,0,41230184,14812892,34359738367,86892,0,81200,0,0,0,0,0,0,0,0,0,0,0,2048,0,1493776,27707392,38797312
1775864043.001066,1066,ubuntu-rog,1,0,0,65683160,28324392,52207372,428680,22371468,0,12861696,21006092,11088944,4956,1772752,21001136,0,0,8388604,8388604,0,0,84,0,11068648,446816,26084,1839752,2511408,1839752,671656,14720,57272,0,0,0,0,41230184,14812892,34359738367,86892,0,81200,0,0,0,0,0,0,0,0,0,0,0,2048,0,1493776,27707392,38797312
1775864044.001295,1295,ubuntu-rog,1,0,0,65683160,28344372,52227384,428688,22371460,0,12839516,21006124,11066764,4956,1772752,21001168,0,0,8388604,8388604,0,0,116,0,11046412,446788,26084,1839752,2511404,1839752,671652,14528,56900,0,0,0,0,41230184,14769820,34359738367,86812,0,81200,0,0,0,0,0,0,0,0,0,0,0,2048,0,1493776,27707392,38797312
1775864045.001199,1199,ubuntu-rog,1,0,0,65683160,28344372,52227384,428688,22371460,0,12839516,21006124,11066764,4956,1772752,21001168,0,0,8388604,8388604,0,0,116,0,11046412,446788,26084,1839752,2511404,1839752,671652,14528,56900,0,0,0,0,41230184,14769820,34359738367,86812,0,81200,0,0,0,0,0,0,0,0,0,0,0,2048,0,1493776,27707392,38797312
1775864046.002290,2290,ubuntu-rog,1,0,0,65683160,28344372,52227384,428688,22371468,0,12839516,21006124,11066764,4956,1772752,21001168,0,0,8388604,8388604,0,0,128,0,11046412,446788,26084,1839752,2511408,1839752,671656,14528,56900,0,0,0,0,41230184,14769820,34359738367,86812,0,81200,0,0,0,0,0,0,0,0,0,0,0,2048,0,1493776,27707392,38797312
1775864047.001061,1061,ubuntu-rog,1,0,0,65683160,28344372,52227384,428688,22371468,0,12839516,21006124,11066764,4956,1772752,21001168,0,0,8388604,8388604,0,0,128,0,11046412,446788,26084,1839752,2511408,1839752,671656,14528,56900,0,0,0,0,41230184,14769820,34359738367,86812,0,81200,0,0,0,0,0,0,0,0,0,0,0,2048,0,1493776,27707392,38797312
1775864048.001346,1346,ubuntu-rog,1,0,0,65683160,28344372,52227388,428688,22371468,0,12839524,21006128,11066772,4956,1772752,21001172,0,0,8388604,8388604,0,0,100,0,11046412,446788,26084,1839752,2511408,1839752,671656,14544,56900,0,0,0,0,41230184,14769820,34359738367,86828,0,81200,0,0,0,0,0,0,0,0,0,0,0,2048,0,1493776,27707392,38797312
1775864049.002308,2308,ubuntu-rog,1,0,0,65683160,28344372,52227400,428692,22371472,0,12839636,21006140,11066884,4956,1772752,21001184,0,0,8388604,8388604,0,0,112,0,11046412,446788,26084,1839752,2511408,1839752,671656,14528,56900,0,0,0,0,41230184,14769820,34359738367,86796,0,81200,0,0,0,0,0,0,0,0,0,0,0,2048,0,1493776,27707392,38797312
1775864050.001198,1198,ubuntu-rog,1,0,0,65683160,28344372,52227400,428692,22371476,0,12839636,21006140,11066884,4956,1772752,21001184,0,0,8388604,8388604,0,0,164,0,11046412,446788,26084,1839752,2511408,1839752,671656,14528,56900,0,0,0,0,41230184,14769820,34359738367,86796,0,81200,0,0,0,0,0,0,0,0,0,0,0,2048,0,1493776,27707392,38797312
1775864051.001280,1280,ubuntu-rog,1,0,0,65683160,28344372,52227400,428692,22371476,0,12839636,21006140,11066884,4956,1772752,21001184,0,0,8388604,8388604,0,0,164,0,11046412,446788,26084,1839752,2511408,1839752,671656,14528,56900,0,0,0,0,41230184,14769820,34359738367,86796,0,81200,0,0,0,0,0,0,0,0,0,0,0,2048,0,1493776,27707392,38797312
1775864052.001059,1059,ubuntu-rog,1,0,0,65683160,28344372,52227400,428692,22371476,0,12839636,21006140,11066884,4956,1772752,21001184,0,0,8388604,8388604,0,0,164,0,11046412,446788,26084,1839752,2511408,1839752,671656,14528,56900,0,0,0,0,41230184,14769820,34359738367,86796,0,81200,0,0,0,0,0,0,0,0,0,0,0,2048,0,1493776,27707392,38797312
1775864053.002059,2059,ubuntu-rog,1,0,0,65683160,28344372,52227400,428692,22371480,0,12839636,21006140,11066884,4956,1772752,21001184,0,0,8388604,8388604,0,0,128,0,11046412,446788,26084,1839752,2511408,1839752,671656,14528,56900,0,0,0,0,41230184,14769820,34359738367,86796,0,81200,0,0,0,0,0,0,0,0,0,0,0,2048,0,1493776,27707392,38797312
1775864054.001293,1293,ubuntu-rog,1,0,0,65683160,28344372,52227400,428692,22371480,0,12839636,21006140,11066884,4956,1772752,21001184,0,0,8388604,8388604,0,0,128,0,11046412,446788,26084,1839752,2511408,1839752,671656,14528,56900,0,0,0,0,41230184,14769820,34359738367,86796,0,81200,0,0,0,0,0,0,0,0,0,0,0,2048,0,1493776,27707392,38797312
1775864055.001209,1209,ubuntu-rog,1,0,0,65683160,28344120,52227152,428700,22371484,0,12839636,21006140,11066884,4956,1772752,21001184,0,0,8388604,8388604,0,0,136,0,11046412,446788,26084,1839756,2511412,1839756,671656,14528,56900,0,0,0,0,41230184,14769820,34359738367,86796,0,81200,0,0,0,0,0,0,0,0,0,0,0,2048,0,1493776,27707392,38797312
1775864056.001293,1293,ubuntu-rog,1,0,0,65683160,28344120,52227152,428700,22371488,0,12839636,21006140,11066884,4956,1772752,21001184,0,0,8388604,8388604,0,0,140,0,11046412,446788,26084,1839756,2511412,1839756,671656,14528,56900,0,0,0,0,41230184,14769820,34359738367,86796,0,81200,0,0,0,0,0,0,0,0,0,0,0,2048,0,1493776,27707392,38797312
1775864057.002061,2061,ubuntu-rog,1,0,0,65683160,28344120,52227152,428700,22371488,0,12839636,21006140,11066884,4956,1772752,21001184,0,0,8388604,8388604,0,0,140,0,11046412,446788,26084,1839756,2511412,1839756,671656,14528,56900,0,0,0,0,41230184,14769820,34359738367,86796,0,81200,0,0,0,0,0,0,0,0,0,0,0,2048,0,1493776,27707392,38797312
1775864058.001062,1062,ubuntu-rog,1,0,0,65683160,28344120,52227152,428700,22371492,0,12839636,21006140,11066884,4956,1772752,21001184,0,0,8388604,8388604,0,0,144,0,11046412,446788,26084,1839756,2511412,1839756,671656,14528,56900,0,0,0,0,41230184,14769820,34359738367,86796,0,81200,0,0,0,0,0,0,0,0,0,0,0,2048,0,1493776,27707392,38797312
1775864059.001294,1294,ubuntu-rog,1,0,0,65683160,28344120,52227152,428700,22371492,0,12839636,21006140,11066884,4956,1772752,21001184,0,0,8388604,8388604,0,0,144,0,11046412,446788,26084,1839756,2511412,1839756,671656,14528,56900,0,0,0,0,41230184,14769820,34359738367,86796,0,81200,0,0,0,0,0,0,0,0,0,0,0,2048,0,1493776,27707392,38797312
1775864060.001189,1189,ubuntu-rog,1,0,0,65683160,28344120,52227152,428700,22371500,0,12839636,21006140,11066884,4956,1772752,21001184,0,0,8388604,8388604,0,0,152,0,11046412,446788,26084,1839756,2511412,1839756,671656,14528,56900,0,0,0,0,41230184,14769820,34359738367,86796,0,81200,0,0,0,0,0,0,0,0,0,0,0,2048,0,1493776,27707392,38797312
1775864061.002293,2293,ubuntu-rog,1,0,0,65683160,28344120,52227152,428700,22371500,0,12839636,21006140,11066884,4956,1772752,21001184,0,0,8388604,8388604,0,0,152,0,11046412,446788,26084,1839756,2511412,1839756,671656,14528,56900,0,0,0,0,41230184,14769820,34359738367,86796,0,81200,0,0,0,0,0,0,0,0,0,0,0,2048,0,1493776,27707392,38797312
1775864062.001060,1060,ubuntu-rog,1,0,0,65683160,28344120,52227152,428700,22371500,0,12839636,21006140,11066884,4956,1772752,21001184,0,0,8388604,8388604,0,0,152,0,11046412,446788,26084,1839756,2511412,1839756,671656,14528,56900,0,0,0,0,41230184,14769820,34359738367,86796,0,81200,0,0,0,0,0,0,0,0,0,0,0,2048,0,1493776,27707392,38797312
1775864063.001061,1061,ubuntu-rog,1,0,0,65683160,28344120,52227152,428700,22371504,0,12839636,21006140,11066884,4956,1772752,21001184,0,0,8388604,8388604,0,0,156,0,11046412,446788,26084,1839756,2511412,1839756,671656,14528,56900,0,0,0,0,41230184,14769820,34359738367,86796,0,81200,0,0,0,0,0,0,0,0,0,0,0,2048,0,1493776,27707392,38797312
1775864064.001287,1287,ubuntu-rog,1,0,0,65683160,28344120,52227152,428700,22371504,0,12839636,21006140,11066884,4956,1772752,21001184,0,0,8388604,8388604,0,0,156,0,11046412,446788,26084,1839756,2511412,1839756,671656,14528,56900,0,0,0,0,41230184,14769820,34359738367,86796,0,81200,0,0,0,0,0,0,0,0,0,0,0,2048,0,1493776,27707392,38797312
1775864065.002193,2193,ubuntu-rog,1,0,0,65683160,28344120,52227152,428700,22371504,0,12839636,21006140,11066884,4956,1772752,21001184,0,0,8388604,8388604,0,0,156,0,11046412,446788,26084,1839756,2511412,1839756,671656,14528,56900,0,0,0,0,41230184,14769820,34359738367,86796,0,81200,0,0,0,0,0,0,0,0,0,0,0,2048,0,1493776,27707392,38797312
1775864066.001291,1291,ubuntu-rog,1,0,0,65683160,28344120,52227152,428700,22371508,0,12839636,21006140,11066884,4956,1772752,21001184,0,0,8388604,8388604,0,0,160,0,11046412,446788,26084,1839756,2511412,1839756,671656,14528,56900,0,0,0,0,41230184,14769820,34359738367,86796,0,81200,0,0,0,0,0,0,0,0,0,0,0,2048,0,1493776,27707392,38797312
1775864067.001074,1074,ubuntu-rog,1,0,0,65683160,28344120,52227152,428700,22371512,0,12839636,21006140,11066884,4956,1772752,21001184,0,0,8388604,8388604,0,0,164,0,11046412,446788,26084,1839756,2511412,1839756,671656,14528,56900,0,0,0,0,41230184,14769820,34359738367,86796,0,81200,0,0,0,0,0,0,0,0,0,0,0,2048,0,1493776,27707392,38797312
1775864068.001070,1070,ubuntu-rog,1,0,0,65683160,28344372,52227404,428700,22371512,0,12839760,21006140,11067008,4956,1772752,21001184,0,0,8388604,8388604,0,0,164,0,11046600,446788,26084,1839756,2511420,1839756,671664,14528,56900,0,0,0,0,41230184,14769992,34359738367,86796,0,81200,0,0,0,0,0,0,0,0,0,0,0,2048,0,1493776,27707392,38797312
1775864069.002288,2288,ubuntu-rog,1,0,0,65683160,28344372,52227404,428700,22371512,0,12839760,21006140,11067008,4956,1772752,21001184,0,0,8388604,8388604,0,0,164,0,11046600,446788,26084,1839756,2511420,1839756,671664,14528,56900,0,0,0,0,41230184,14769992,34359738367,86796,0,81200,0,0,0,0,0,0,0,0,0,0,0,2048,0,1493776,27707392,38797312
1775864070.001199,1199,ubuntu-rog,1,0,0,65683160,28344372,52227404,428700,22371516,0,12839760,21006140,11067008,4956,1772752,21001184,0,0,8388604,8388604,0,0,168,0,11046600,446788,26084,1839756,2511420,1839756,671664,14528,56900,0,0,0,0,41230184,14769992,34359738367,86796,0,81200,0,0,0,0,0,0,0,0,0,0,0,2048,0,1493776,27707392,38797312
1775864071.001291,1291,ubuntu-rog,1,0,0,65683160,28344372,52227404,428700,22371524,0,12839760,21006140,11067008,4956,1772752,21001184,0,0,8388604,8388604,0,0,176,0,11046600,446788,26084,1839756,2511420,1839756,671664,14528,56900,0,0,0,0,41230184,14769992,34359738367,86796,0,81200,0,0,0,0,0,0,0,0,0,0,0,2048,0,1493776,27707392,38797312
1775864072.001060,1060,ubuntu-rog,1,0,0,65683160,28344372,52227404,428708,22371524,0,12839760,21006140,11067008,4956,1772752,21001184,0,0,8388604,8388604,0,0,176,0,11046600,446788,26084,1839756,2511420,1839756,671664,14528,56900,0,0,0,0,41230184,14769992,34359738367,86796,0,81200,0,0,0,0,0,0,0,0,0,0,0,2048,0,1493776,27707392,38797312
1775864073.002066,2066,ubuntu-rog,1,0,0,65683160,28344372,52227404,428708,22371524,0,12839760,21006140,11067008,4956,1772752,21001184,0,0,8388604,8388604,0,0,176,0,11046600,446788,26084,1839756,2511420,1839756,671664,14528,56900,0,0,0,0,41230184,14769992,34359738367,86796,0,81200,0,0,0,0,0,0,0,0,0,0,0,2048,0,1493776,27707392,38797312
1775864074.001308,1308,ubuntu-rog,1,0,0,65683160,28344372,52227404,428708,22371528,0,12839760,21006140,11067008,4956,1772752,21001184,0,0,8388604,8388604,0,0,180,0,11046600,446788,26084,1839756,2511420,1839756,671664,14528,56900,0,0,0,0,41230184,14769992,34359738367,86796,0,81200,0,0,0,0,0,0,0,0,0,0,0,2048,0,1493776,27707392,38797312
1775864075.001200,1200,ubuntu-rog,1,0,0,65683160,28344372,52227456,428708,22371528,0,12839760,21006192,11067008,4956,1772752,21001236,0,0,8388604,8388604,0,0,84,0,11046600,446788,26084,1839756,2511420,1839756,671664,14528,56900,0,0,0,0,41230184,14769992,34359738367,86796,0,81200,0,0,0,0,0,0,0,0,0,0,0,2048,0,1493776,27707392,38797312
1775864076.001290,1290,ubuntu-rog,1,0,0,65683160,28344372,52227456,428708,22371528,0,12839760,21006192,11067008,4956,1772752,21001236,0,0,8388604,8388604,0,0,84,0,11046600,446788,26084,1839756,2511420,1839756,671664,14528,56900,0,0,0,0,41230184,14769992,34359738367,86796,0,81200,0,0,0,0,0,0,0,0,0,0,0,2048,0,1493776,27707392,38797312
1775864077.002055,2055,ubuntu-rog,1,0,0,65683160,28344372,52227456,428716,22371528,0,12839760,21006192,11067008,4956,1772752,21001236,0,0,8388604,8388604,0,0,92,0,11046600,446788,26084,1839756,2511420,1839756,671664,14528,56900,0,0,0,0,41230184,14769992,34359738367,86796,0,81200,0,0,0,0,0,0,0,0,0,0,0,2048,0,1493776,27707392,38797312
1775864078.001062,1062,ubuntu-rog,1,0,0,65683160,28344372,52227476,428716,22371536,0,12839760,21006212,11067008,4956,1772752,21001256,0,0,8388604,8388604,0,0,76,28,11046600,446788,26084,1839756,2511420,1839756,671664,14528,56900,0,0,0,0,41230184,14769992,34359738367,86796,0,81200,0,0,0,0,0,0,0,0,0,0,0,2048,0,1493776,27707392,38797312
1775864079.001287,1287,ubuntu-rog,1,0,0,65683160,28344372,52227476,428716,22371536,0,12839752,21006212,11067000,4956,1772752,21001256,0,0,8388604,8388604,0,0,76,0,11046608,446788,26084,1839756,2511420,1839756,671664,14528,56900,0,0,0,0,41230184,14769992,34359738367,86796,0,81200,0,0,0,0,0,0,0,0,0,0,0,2048,0,1493776,27707392,38797312
1775864080.001208,1208,ubuntu-rog,1,0,0,65683160,28344372,52227476,428716,22371536,0,12839752,21006212,11067000,4956,1772752,21001256,0,0,8388604,8388604,0,0,76,0,11046608,446788,26084,1839756,2511420,1839756,671664,14528,56900,0,0,0,0,41230184,14769992,34359738367,86796,0,81200,0,0,0,0,0,0,0,0,0,0,0,2048,0,1493776,27707392,38797312
1775864081.002290,2290,ubuntu-rog,1,0,0,65683160,28344372,52227476,428716,22371540,0,12839752,21006212,11067000,4956,1772752,21001256,0,0,8388604,8388604,0,0,80,0,11046608,446788,26084,1839756,2511420,1839756,671664,14528,56900,0,0,0,0,41230184,14769992,34359738367,86796,0,81200,0,0,0,0,0,0,0,0,0,0,0,2048,0,1493776,27707392,38797312
1775864082.001059,1059,ubuntu-rog,1,0,0,65683160,28344372,52227476,428716,22371540,0,12839752,21006212,11067000,4956,1772752,21001256,0,0,8388604,8388604,0,0,80,0,11046608,446788,26084,1839756,2511420,1839756,671664,14528,56900,0,0,0,0,41230184,14769992,34359738367,86796,0,81200,0,0,0,0,0,0,0,0,0,0,0,2048,0,1493776,27707392,38797312
1775864083.001062,1062,ubuntu-rog,1,0,0,65683160,28344372,52227476,428724,22371548,0,12839752,21006212,11067000,4956,1772752,21001256,0,0,8388604,8388604,0,0,112,0,11046608,446788,26084,1839756,2511424,1839756,671668,14528,56900,0,0,0,0,41230184,14769992,34359738367,86796,0,81200,0,0,0,0,0,0,0,0,0,0,0,2048,0,1493776,27707392,38797312
1775864084.001294,1294,ubuntu-rog,1,0,0,65683160,28344372,52227484,428724,22371552,0,12839752,21006220,11067000,4956,1772752,21001264,0,0,8388604,8388604,0,0,48,0,11046608,446788,26084,1839756,2511424,1839756,671668,14528,56900,0,0,0,0,41230184,14769992,34359738367,86796,0,81200,0,0,0,0,0,0,0,0,0,0,0,2048,0,1493776,27707392,38797312
1775864085.002189,2189,ubuntu-rog,1,0,0,65683160,28344372,52227484,428724,22371552,0,12839752,21006220,11067000,4956,1772752,21001264,0,0,8388604,8388604,0,0,48,0,11046608,446788,26084,1839756,2511424,1839756,671668,14528,56900,0,0,0,0,41230184,14769992,34359738367,86796,0,81200,0,0,0,0,0,0,0,0,0,0,0,2048,0,1493776,27707392,38797312
1775864086.001297,1297,ubuntu-rog,1,0,0,65683160,28344372,52227484,428724,22371552,0,12839752,21006220,11067000,4956,1772752,21001264,0,0,8388604,8388604,0,0,48,0,11046608,446788,26084,1839756,2511424,1839756,671668,14528,56900,0,0,0,0,41230184,14769992,34359738367,86796,0,81200,0,0,0,0,0,0,0,0,0,0,0,2048,0,1493776,27707392,38797312
1775864087.001058,1058,ubuntu-rog,1,0,0,65683160,28344372,52227484,428724,22371556,0,12839752,21006220,11067000,4956,1772752,21001264,0,0,8388604,8388604,0,0,52,0,11046608,446788,26084,1839756,2511424,1839756,671668,14528,56900,0,0,0,0,41230184,14769992,34359738367,86796,0,81200,0,0,0,0,0,0,0,0,0,0,0,2048,0,1493776,27707392,38797312
1775864088.001061,1061,ubuntu-rog,1,0,0,65683160,28344372,52227484,428732,22371560,0,12839752,21006220,11067000,4956,1772752,21001264,0,0,8388604,8388604,0,0,68,0,11046608,446788,26084,1839756,2511424,1839756,671668,14528,56900,0,0,0,0,41230184,14769992,34359738367,86796,0,81200,0,0,0,0,0,0,0,0,0,0,0,2048,0,1493776,27707392,38797312
1775864089.002293,2293,ubuntu-rog,1,0,0,65683160,28344372,52227484,428732,22371560,0,12839752,21006220,11067000,4956,1772752,21001264,0,0,8388604,8388604,0,0,68,0,11046608,446788,26084,1839756,2511424,1839756,671668,14528,56900,0,0,0,0,41230184,14769992,34359738367,86796,0,81200,0,0,0,0,0,0,0,0,0,0,0,2048,0,1493776,27707392,38797312
1775864090.001198,1198,ubuntu-rog,1,0,0,65683160,28344372,52227484,428732,22371560,0,12839752,21006220,11067000,4956,1772752,21001264,0,0,8388604,8388604,0,0,68,0,11046608,446788,26084,1839756,2511424,1839756,671668,14528,56900,0,0,0,0,41230184,14769992,34359738367,86796,0,81200,0,0,0,0,0,0,0,0,0,0,0,2048,0,1493776,27707392,38797312
1775864091.001290,1290,ubuntu-rog,1,0,0,65683160,28344372,52227484,428732,22371564,0,12839752,21006220,11067000,4956,1772752,21001264,0,0,8388604,8388604,0,0,72,0,11046608,446788,26084,1839756,2511424,1839756,671668,14528,56900,0,0,0,0,41230184,14769992,34359738367,86796,0,81200,0,0,0,0,0,0,0,0,0,0,0,2048,0,1493776,27707392,38797312
1775864092.001073,1073,ubuntu-rog,1,0,0,65683160,28344372,52227484,428732,22371564,0,12839752,21006220,11067000,4956,1772752,21001264,0,0,8388604,8388604,0,0,72,0,11046608,446788,26084,1839756,2511424,1839756,671668,14528,56900,0,0,0,0,41230184,14769992,34359738367,86796,0,81200,0,0,0,0,0,0,0,0,0,0,0,2048,0,1493776,27707392,38797312
1775864093.002062,2062,ubuntu-rog,1,0,0,65683160,28344372,52227484,428732,22371564,0,12839752,21006220,11067000,4956,1772752,21001264,0,0,8388604,8388604,0,0,72,0,11046608,446788,26084,1839756,2511424,1839756,671668,14528,56900,0,0,0,0,41230184,14769992,34359738367,86796,0,81200,0,0,0,0,0,0,0,0,0,0,0,2048,0,1493776,27707392,38797312
1775864094.001297,1297,ubuntu-rog,1,0,0,65683160,28344372,52227484,428740,22371572,0,12839752,21006220,11067000,4956,1772752,21001264,0,0,8388604,8388604,0,0,80,0,11046608,446788,26084,1839756,2511424,1839756,671668,14528,56900,0,0,0,0,41230184,14769992,34359738367,86796,0,81200,0,0,0,0,0,0,0,0,0,0,0,2048,0,1493776,27707392,38797312
1775864095.001195,1195,ubuntu-rog,1,0,0,65683160,28344372,52227484,428740,22371576,0,12839752,21006220,11067000,4956,1772752,21001264,0,0,8388604,8388604,0,0,84,0,11046608,446788,26084,1839756,2511424,1839756,671668,14528,56900,0,0,0,0,41230184,14769992,34359738367,86796,0,81200,0,0,0,0,0,0,0,0,0,0,0,2048,0,1493776,27707392,38797312
1775864096.001287,1287,ubuntu-rog,1,0,0,65683160,28344372,52227484,428740,22371576,0,12839752,21006220,11067000,4956,1772752,21001264,0,0,8388604,8388604,0,0,84,0,11046608,446788,26084,1839756,2511424,1839756,671668,14528,56900,0,0,0,0,41230184,14769992,34359738367,86796,0,81200,0,0,0,0,0,0,0,0,0,0,0,2048,0,1493776,27707392,38797312
1775864097.002057,2057,ubuntu-rog,1,0,0,65683160,28344372,52227484,428740,22371576,0,12839752,21006220,11067000,4956,1772752,21001264,0,0,8388604,8388604,0,0,84,0,11046608,446788,26084,1839756,2511424,1839756,671668,14528,56900,0,0,0,0,41230184,14769992,34359738367,86796,0,81200,0,0,0,0,0,0,0,0,0,0,0,2048,0,1493776,27707392,38797312
1775864098.001086,1086,ubuntu-rog,1,0,0,65683160,28344372,52227484,428740,22371580,0,12839752,21006220,11067000,4956,1772752,21001264,0,0,8388604,8388604,0,0,88,0,11046608,446788,26084,1839756,2511424,1839756,671668,14528,56900,0,0,0,0,41230184,14769992,34359738367,86796,0,81200,0,0,0,0,0,0,0,0,0,0,0,2048,0,1493776,27707392,38797312
1775864099.002302,2302,ubuntu-rog,1,0,0,65683160,28344372,52227484,428748,22371584,0,12839752,21006220,11067000,4956,1772752,21001264,0,0,8388604,8388604,0,0,92,0,11046608,446788,26084,1839756,2511424,1839756,671668,14528,56900,0,0,0,0,41230184,14769992,34359738367,86796,0,81200,0,0,0,0,0,0,0,0,0,0,0,2048,0,1493776,27707392,38797312
1775864100.001196,1196,ubuntu-rog,1,0,0,65683160,28344372,52227484,428748,22371584,0,12839752,21006220,11067000,4956,1772752,21001264,0,0,8388604,8388604,0,0,92,0,11046608,446788,26084,1839756,2511424,1839756,671668,14528,56900,0,0,0,0,41230184,14769992,34359738367,86796,0,81200,0,0,0,0,0,0,0,0,0,0,0,2048,0,1493776,27707392,38797312
1775864101.001293,1293,ubuntu-rog,1,0,0,65683160,28344372,52227484,428748,22371588,0,12839752,21006220,11067000,4956,1772752,21001264,0,0,8388604,8388604,0,0,96,0,11046608,446788,26084,1839756,2511424,1839756,671668,14528,56900,0,0,0,0,41230184,14769992,34359738367,86796,0,81200,0,0,0,0,0,0,0,0,0,0,0,2048,0,1493776,27707392,38797312
1775864102.001059,1059,ubuntu-rog,1,0,0,65683160,28344132,52227284,428764,22371588,0,12840072,21006260,11067320,4956,1772752,21001304,0,0,8388604,8388604,0,0,316,0,11046608,446788,26084,1839756,2511436,1839756,671680,14528,56900,0,0,0,0,41230184,14769992,34359738367,86828,0,81200,0,0,0,0,0,0,0,0,0,0,0,2048,0,1493776,27707392,38797312
1775864103.002056,2056,ubuntu-rog,1,0,0,65683160,28344132,52227284,428764,22371588,0,12840072,21006260,11067320,4956,1772752,21001304,0,0,8388604,8388604,0,0,316,0,11046608,446788,26084,1839756,2511436,1839756,671680,14528,56900,0,0,0,0,41230184,14769992,34359738367,86828,0,81200,0,0,0,0,0,0,0,0,0,0,0,2048,0,1493776,27707392,38797312
1775864104.001293,1293,ubuntu-rog,1,0,0,65683160,28344132,52227284,428764,22371588,0,12840072,21006260,11067320,4956,1772752,21001304,0,0,8388604,8388604,0,0,316,0,11046608,446788,26084,1839756,2511436,1839756,671680,14528,56900,0,0,0,0,41230184,14769992,34359738367,86828,0,81200,0,0,0,0,0,0,0,0,0,0,0,2048,0,1493776,27707392,38797312
1775864105.001206,1206,ubuntu-rog,1,0,0,65683160,28344132,52227284,428764,22371596,0,12840072,21006260,11067320,4956,1772752,21001304,0,0,8388604,8388604,0,0,324,0,11046608,446788,26084,1839756,2511436,1839756,671680,14528,56900,0,0,0,0,41230184,14769992,34359738367,86828,0,81200,0,0,0,0,0,0,0,0,0,0,0,2048,0,1493776,27707392,38797312
1775864106.001292,1292,ubuntu-rog,1,0,0,65683160,28344132,52227284,428764,22371596,0,12840072,21006260,11067320,4956,1772752,21001304,0,0,8388604,8388604,0,0,324,0,11046608,446788,26084,1839756,2511436,1839756,671680,14528,56900,0,0,0,0,41230184,14769992,34359738367,86828,0,81200,0,0,0,0,0,0,0,0,0,0,0,2048,0,1493776,27707392,38797312
1775864107.002052,2052,ubuntu-rog,1,0,0,65683160,28344132,52227284,428768,22371600,0,12840072,21006260,11067320,4956,1772752,21001304,0,0,8388604,8388604,0,0,332,0,11046608,446788,26084,1839756,2511436,1839756,671680,14528,56900,0,0,0,0,41230184,14769992,34359738367,86828,0,81200,0,0,0,0,0,0,0,0,0,0,0,2048,0,1493776,27707392,38797312
1775864108.001058,1058,ubuntu-rog,1,0,0,65683160,28344132,52227328,428768,22371604,0,12840072,21006304,11067320,4956,1772752,21001348,0,0,8388604,8388604,0,0,268,0,11046608,446788,26084,1839756,2511436,1839756,671680,14528,56900,0,0,0,0,41230184,14769992,34359738367,86828,0,81200,0,0,0,0,0,0,0,0,0,0,0,2048,0,1493776,27707392,38797312
1775864109.001290,1290,ubuntu-rog,1,0,0,65683160,28344132,52227328,428768,22371604,0,12840072,21006304,11067320,4956,1772752,21001348,0,0,8388604,8388604,0,0,268,0,11046608,446788,26084,1839756,2511436,1839756,671680,14528,56900,0,0,0,0,41230184,14769992,34359738367,86828,0,81200,0,0,0,0,0,0,0,0,0,0,0,2048,0,1493776,27707392,38797312
1775864110.001197,1197,ubuntu-rog,1,0,0,65683160,28344132,52227328,428768,22371604,0,12840072,21006304,11067320,4956,1772752,21001348,0,0,8388604,8388604,0,0,268,0,11046608,446788,26084,1839756,2511436,1839756,671680,14528,56900,0,0,0,0,41230184,14769992,34359738367,86828,0,81200,0,0,0,0,0,0,0,0,0,0,0,2048,0,1493776,27707392,38797312
1775864111.002293,2293,ubuntu-rog,1,0,0,65683160,28344132,52227328,428768,22371608,0,12839956,21006304,11067204,4956,1772752,21001348,0,0,8388604,8388604,0,0,272,0,11046436,446788,26084,1839756,2511436,1839756,671680,14528,56900,0,0,0,0,41230184,14769820,34359738367,86828,0,81200,0,0,0,0,0,0,0,0,0,0,0,2048,0,1493776,27707392,38797312
1775864112.001057,1057,ubuntu-rog,1,0,0,65683160,28344132,52227328,428776,22371612,0,12839956,21006304,11067204,4956,1772752,21001348,0,0,8388604,8388604,0,0,284,0,11046436,446788,26084,1839756,2511436,1839756,671680,14528,56900,0,0,0,0,41230184,14769820,34359738367,86828,0,81200,0,0,0,0,0,0,0,0,0,0,0,2048,0,1493776,27707392,38797312
1775864113.001062,1062,ubuntu-rog,1,0,0,65683160,28344132,52227328,428776,22371612,0,12839956,21006304,11067204,4956,1772752,21001348,0,0,8388604,8388604,0,0,284,0,11046436,446788,26084,1839756,2511436,1839756,671680,14528,56900,0,0,0,0,41230184,14769820,34359738367,86828,0,81200,0,0,0,0,0,0,0,0,0,0,0,2048,0,1493776,27707392,38797312
1775864114.001296,1296,ubuntu-rog,1,0,0,65683160,28344132,52227336,428776,22371612,0,12839956,21006312,11067204,4956,1772752,21001356,0,0,8388604,8388604,0,0,228,0,11046436,446788,26084,1839756,2511440,1839756,671684,14528,56900,0,0,0,0,41230184,14769820,34359738367,86828,0,81200,0,0,0,0,0,0,0,0,0,0,0,2048,0,1493776,27707392,38797312
1775864115.002194,2194,ubuntu-rog,1,0,0,65683160,28344132,52227336,428776,22371616,0,12839956,21006312,11067204,4956,1772752,21001356,0,0,8388604,8388604,0,0,236,0,11046436,446788,26084,1839756,2511440,1839756,671684,14528,56900,0,0,0,0,41230184,14769820,34359738367,86828,0,81200,0,0,0,0,0,0,0,0,0,0,0,2048,0,1493776,27707392,38797312
1775864116.001282,1282,ubuntu-rog,1,0,0,65683160,28344132,52227336,428776,22371620,0,12839956,21006312,11067204,4956,1772752,21001356,0,0,8388604,8388604,0,0,240,0,11046436,446788,26084,1839756,2511440,1839756,671684,14528,56900,0,0,0,0,41230184,14769820,34359738367,86828,0,81200,0,0,0,0,0,0,0,0,0,0,0,2048,0,1493776,27707392,38797312
1775864117.001076,1076,ubuntu-rog,1,0,0,65683160,28344132,52227336,428776,22371620,0,12839956,21006312,11067204,4956,1772752,21001356,0,0,8388604,8388604,0,0,240,0,11046436,446788,26084,1839756,2511440,1839756,671684,14528,56900,0,0,0,0,41230184,14769820,34359738367,86828,0,81200,0,0,0,0,0,0,0,0,0,0,0,2048,0,1493776,27707392,38797312
1775864118.001067,1067,ubuntu-rog,1,0,0,65683160,28344132,52227336,428784,22371620,0,12839956,21006312,11067204,4956,1772752,21001356,0,0,8388604,8388604,0,0,256,0,11046436,446788,26084,1839756,2511440,1839756,671684,14528,56900,0,0,0,0,41230184,14769820,34359738367,86828,0,81200,0,0,0,0,0,0,0,0,0,0,0,2048,0,1493776,27707392,38797312
1775864119.002293,2293,ubuntu-rog,1,0,0,65683160,28344132,52227344,428784,22371628,0,12839956,21006320,11067204,4956,1772752,21001364,0,0,8388604,8388604,0,0,240,28,11046436,446788,26084,1839756,2511440,1839756,671684,14528,56900,0,0,0,0,41230184,14769820,34359738367,86828,0,81200,0,0,0,0,0,0,0,0,0,0,0,2048,0,1493776,27707392,38797312
1775864120.001198,1198,ubuntu-rog,1,0,0,65683160,28344132,52227344,428784,22371628,0,12839956,21006320,11067204,4956,1772752,21001364,0,0,8388604,8388604,0,0,240,0,11046436,446788,26084,1839756,2511440,1839756,671684,14528,56900,0,0,0,0,41230184,14769820,34359738367,86828,0,81200,0,0,0,0,0,0,0,0,0,0,0,2048,0,1493776,27707392,38797312
1775864121.001291,1291,ubuntu-rog,1,0,0,65683160,28344132,52227344,428784,22371628,0,12839956,21006320,11067204,4956,1772752,21001364,0,0,8388604,8388604,0,0,240,0,11046436,446788,26084,1839756,2511440,1839756,671684,14528,56900,0,0,0,0,41230184,14769820,34359738367,86828,0,81200,0,0,0,0,0,0,0,0,0,0,0,2048,0,1493776,27707392,38797312
1775864122.001056,1056,ubuntu-rog,1,0,0,65683160,28344132,52227348,428784,22371636,0,12839956,21006320,11067204,4956,1772752,21001364,0,0,8388604,8388604,0,0,252,0,11046436,446788,26084,1839760,2511444,1839760,671684,14528,56900,0,0,0,0,41230184,14769820,34359738367,86828,0,81200,0,0,0,0,0,0,0,0,0,0,0,2048,0,1493776,27707392,38797312
1775864123.002045,2045,ubuntu-rog,1,0,0,65683160,28344132,52227348,428784,22371636,0,12839956,21006320,11067204,4956,1772752,21001364,0,0,8388604,8388604,0,0,252,0,11046436,446788,26084,1839760,2511444,1839760,671684,14528,56900,0,0,0,0,41230184,14769820,34359738367,86828,0,81200,0,0,0,0,0,0,0,0,0,0,0,2048,0,1493776,27707392,38797312
1775864124.001305,1305,ubuntu-rog,1,0,0,65683160,28344132,52227348,428792,22371636,0,12839956,21006320,11067204,4956,1772752,21001364,0,0,8388604,8388604,0,0,256,0,11046436,446788,26084,1839760,2511444,1839760,671684,14528,56900,0,0,0,0,41230184,14769820,34359738367,86828,0,81200,0,0,0,0,0,0,0,0,0,0,0,2048,0,1493776,27707392,38797312
1775864125.001199,1199,ubuntu-rog,1,0,0,65683160,28344132,52227348,428792,22371636,0,12839956,21006320,11067204,4956,1772752,21001364,0,0,8388604,8388604,0,0,256,0,11046436,446788,26084,1839760,2511444,1839760,671684,14528,56900,0,0,0,0,41230184,14769820,34359738367,86828,0,81200,0,0,0,0,0,0,0,0,0,0,0,2048,0,1493776,27707392,38797312
1775864126.001284,1284,ubuntu-rog,1,0,0,65683160,28344132,52227348,428792,22371640,0,12839956,21006320,11067204,4956,1772752,21001364,0,0,8388604,8388604,0,0,260,0,11046436,446788,26084,1839760,2511444,1839760,671684,14528,56900,0,0,0,0,41230184,14769820,34359738367,86828,0,81200,0,0,0,0,0,0,0,0,0,0,0,2048,0,1493776,27707392,38797312
1775864127.002054,2054,ubuntu-rog,1,0,0,65683160,28344132,52227472,428792,22371644,0,12839956,21006444,11067204,4956,1772752,21001488,0,0,8388604,8388604,0,0,264,0,11046436,446788,26084,1839760,2511444,1839760,671684,14528,56900,0,0,0,0,41230184,14769820,34359738367,86828,0,81200,0,0,0,0,0,0,0,0,0,0,0,2048,0,1493776,27707392,38797312
1775864128.001059,1059,ubuntu-rog,1,0,0,65683160,28344132,52227472,428792,22371644,0,12839956,21006444,11067204,4956,1772752,21001488,0,0,8388604,8388604,0,0,264,0,11046436,446788,26084,1839760,2511444,1839760,671684,14528,56900,0,0,0,0,41230184,14769820,34359738367,86828,0,81200,0,0,0,0,0,0,0,0,0,0,0,2048,0,1493776,27707392,38797312
1775864129.001290,1290,ubuntu-rog,1,0,0,65683160,28344132,52227472,428792,22371648,0,12839956,21006444,11067204,4956,1772752,21001488,0,0,8388604,8388604,0,0,268,0,11046436,446788,26084,1839760,2511444,1839760,671684,14528,56900,0,0,0,0,41230184,14769820,34359738367,86828,0,81200,0,0,0,0,0,0,0,0,0,0,0,2048,0,1493776,27707392,38797312
1775864130.001204,1204,ubuntu-rog,1,0,0,65683160,28344132,52227472,428800,22371648,0,12839956,21006444,11067204,4956,1772752,21001488,0,0,8388604,8388604,0,0,268,0,11046436,446788,26084,1839760,2511444,1839760,671684,14528,56900,0,0,0,0,41230184,14769820,34359738367,86828,0,81200,0,0,0,0,0,0,0,0,0,0,0,2048,0,1493776,27707392,38797312
1775864131.002293,2293,ubuntu-rog,1,0,0,65683160,28344132,52227472,428800,22371648,0,12839956,21006444,11067204,4956,1772752,21001488,0,0,8388604,8388604,0,0,268,0,11046436,446788,26084,1839760,2511444,1839760,671684,14528,56900,0,0,0,0,41230184,14769820,34359738367,86828,0,81200,0,0,0,0,0,0,0,0,0,0,0,2048,0,1493776,27707392,38797312
1775864132.001059,1059,ubuntu-rog,1,0,0,65683160,28344132,52227472,428800,22371656,0,12839956,21006444,11067204,4956,1772752,21001488,0,0,8388604,8388604,0,0,276,0,11046436,446788,26084,1839760,2511444,1839760,671684,14528,56900,0,0,0,0,41230184,14769820,34359738367,86828,0,81200,0,0,0,0,0,0,0,0,0,0,0,2048,0,1493776,27707392,38797312
1775864133.001062,1062,ubuntu-rog,1,0,0,65683160,28344132,52227472,428800,22371660,0,12839956,21006444,11067204,4956,1772752,21001488,0,0,8388604,8388604,0,0,84,0,11046436,446788,26084,1839760,2511444,1839760,671684,14528,56900,0,0,0,0,41230184,14769820,34359738367,86828,0,81200,0,0,0,0,0,0,0,0,0,0,0,2048,0,1493776,27707392,38797312
1775864134.001293,1293,ubuntu-rog,1,0,0,65683160,28344132,52227472,428800,22371660,0,12839956,21006444,11067204,4956,1772752,21001488,0,0,8388604,8388604,0,0,84,0,11046436,446788,26084,1839760,2511444,1839760,671684,14528,56900,0,0,0,0,41230184,14769820,34359738367,86828,0,81200,0,0,0,0,0,0,0,0,0,0,0,2048,0,1493776,27707392,38797312
1775864135.002187,2187,ubuntu-rog,1,0,0,65683160,28344132,52227472,428808,22371660,0,12839956,21006444,11067204,4956,1772752,21001488,0,0,8388604,8388604,0,0,84,0,11046436,446788,26084,1839760,2511444,1839760,671684,14528,56900,0,0,0,0,41230184,14769820,34359738367,86812,0,81200,0,0,0,0,0,0,0,0,0,0,0,2048,0,1493776,27707392,38797312
1775864136.001299,1299,ubuntu-rog,1,0,0,65683160,28344132,52227472,428808,22371664,0,12839956,21006444,11067204,4956,1772752,21001488,0,0,8388604,8388604,0,0,88,0,11046436,446788,26084,1839760,2511444,1839760,671684,14496,56900,0,0,0,0,41230184,14769820,34359738367,86812,0,81200,0,0,0,0,0,0,0,0,0,0,0,2048,0,1493776,27707392,38797312
1775864137.001059,1059,ubuntu-rog,1,0,0,65683160,28343880,52227320,428880,22371664,0,12840016,21006540,11067264,4956,1772752,21001584,0,0,8388604,8388604,0,0,160,0,11046436,446788,26084,1839764,2511448,1839764,671684,14496,56900,0,0,0,0,41230184,14769820,34359738367,86812,0,81200,0,0,0,0,0,0,0,0,0,0,0,2048,0,1493776,27707392,38797312
1775864138.001063,1063,ubuntu-rog,1,0,0,65683160,28343880,52227320,428880,22371668,0,12840016,21006540,11067264,4956,1772752,21001584,0,0,8388604,8388604,0,0,164,0,11046436,446788,26084,1839764,2511448,1839764,671684,14496,56900,0,0,0,0,41230184,14769820,34359738367,86812,0,81200,0,0,0,0,0,0,0,0,0,0,0,2048,0,1493776,27707392,38797312
1775864139.002289,2289,ubuntu-rog,1,0,0,65683160,28343880,52227320,428880,22371672,0,12840016,21006540,11067264,4956,1772752,21001584,0,0,8388604,8388604,0,0,168,0,11046436,446788,26084,1839764,2511452,1839764,671688,14496,56900,0,0,0,0,41230184,14769820,34359738367,86812,0,81200,0,0,0,0,0,0,0,0,0,0,0,2048,0,1493776,27707392,38797312
1775864140.001191,1191,ubuntu-rog,1,0,0,65683160,28343880,52227320,428880,22371672,0,12840016,21006540,11067264,4956,1772752,21001584,0,0,8388604,8388604,0,0,168,0,11046436,446788,26084,1839764,2511452,1839764,671688,14496,56900,0,0,0,0,41230184,14769820,34359738367,86812,0,81200,0,0,0,0,0,0,0,0,0,0,0,2048,0,1493776,27707392,38797312
1775864141.001287,1287,ubuntu-rog,1,0,0,65683160,28343880,52227320,428880,22371672,0,12840016,21006540,11067264,4956,1772752,21001584,0,0,8388604,8388604,0,0,168,0,11046436,446788,26084,1839764,2511452,1839764,671688,14496,56900,0,0,0,0,41230184,14769820,34359738367,86812,0,81200,0,0,0,0,0,0,0,0,0,0,0,2048,0,1493776,27707392,38797312
1775864142.001075,1075,ubuntu-rog,1,0,0,65683160,28343880,52227320,428888,22371672,0,12840016,21006540,11067264,4956,1772752,21001584,0,0,8388604,8388604,0,0,168,0,11046436,446788,26084,1839764,2511452,1839764,671688,14496,56900,0,0,0,0,41230184,14769820,34359738367,86812,0,81200,0,0,0,0,0,0,0,0,0,0,0,2048,0,1493776,27707392,38797312
1775864143.002066,2066,ubuntu-rog,1,0,0,65683160,28343880,52227320,428888,22371676,0,12840016,21006540,11067264,4956,1772752,21001584,0,0,8388604,8388604,0,0,72,0,11046436,446788,26084,1839764,2511452,1839764,671688,14496,56900,0,0,0,0,41230184,14769820,34359738367,86812,0,81200,0,0,0,0,0,0,0,0,0,0,0,2048,0,1493776,27707392,38797312
1775864144.001295,1295,ubuntu-rog,1,0,0,65683160,28343880,52227320,428888,22371684,0,12840016,21006540,11067264,4956,1772752,21001584,0,0,8388604,8388604,0,0,80,0,11046436,446788,26084,1839764,2511452,1839764,671688,14496,56900,0,0,0,0,41230184,14769820,34359738367,86812,0,81200,0,0,0,0,0,0,0,0,0,0,0,2048,0,1493776,27707392,38797312
1775864145.001197,1197,ubuntu-rog,1,0,0,65683160,28343880,52227320,428888,22371684,0,12840016,21006540,11067264,4956,1772752,21001584,0,0,8388604,8388604,0,0,40,0,11046436,446788,26084,1839764,2511452,1839764,671688,14496,56900,0,0,0,0,41230184,14769820,34359738367,86812,0,81200,0,0,0,0,0,0,0,0,0,0,0,2048,0,1493776,27707392,38797312
1775864146.001290,1290,ubuntu-rog,1,0,0,65683160,28343880,52227320,428888,22371688,0,12840016,21006540,11067264,4956,1772752,21001584,0,0,8388604,8388604,0,0,48,0,11046436,446788,26084,1839764,2511452,1839764,671688,14496,56900,0,0,0,0,41230184,14769820,34359738367,86812,0,81200,0,0,0,0,0,0,0,0,0,0,0,2048,0,1493776,27707392,38797312
1775864147.002055,2055,ubuntu-rog,1,0,0,65683160,28343880,52227320,428896,22371688,0,12840016,21006540,11067264,4956,1772752,21001584,0,0,8388604,8388604,0,0,72,0,11046436,446788,26084,1839764,2511452,1839764,671688,14496,56900,0,0,0,0,41230184,14769820,34359738367,86812,0,81200,0,0,0,0,0,0,0,0,0,0,0,2048,0,1493776,27707392,38797312
1775864148.001058,1058,ubuntu-rog,1,0,0,65683160,28343880,52227320,428896,22371688,0,12840016,21006540,11067264,4956,1772752,21001584,0,0,8388604,8388604,0,0,72,0,11046436,446788,26084,1839764,2511452,1839764,671688,14496,56900,0,0,0,0,41230184,14769820,34359738367,86812,0,81200,0,0,0,0,0,0,0,0,0,0,0,2048,0,1493776,27707392,38797312
1775864149.001305,1305,ubuntu-rog,1,0,0,65683160,28343880,52227320,428896,22371688,0,12840016,21006540,11067264,4956,1772752,21001584,0,0,8388604,8388604,0,0,72,0,11046436,446788,26084,1839764,2511452,1839764,671688,14496,56900,0,0,0,0,41230184,14769820,34359738367,86812,0,81200,0,0,0,0,0,0,0,0,0,0,0,2048,0,1493776,27707392,38797312
1775864150.001200,1200,ubuntu-rog,1,0,0,65683160,28343880,52227320,428896,22371696,0,12840016,21006540,11067264,4956,1772752,21001584,0,0,8388604,8388604,0,0,64,0,11046436,446788,26084,1839764,2511452,1839764,671688,14496,56900,0,0,0,0,41230184,14769820,34359738367,86812,0,81200,0,0,0,0,0,0,0,0,0,0,0,2048,0,1493776,27707392,38797312
1775864151.002286,2286,ubuntu-rog,1,0,0,65683160,28343880,52227320,428896,22371696,0,12840016,21006540,11067264,4956,1772752,21001584,0,0,8388604,8388604,0,0,64,0,11046436,446788,26084,1839764,2511452,1839764,671688,14496,56900,0,0,0,0,41230184,14769820,34359738367,86812,0,81200,0,0,0,0,0,0,0,0,0,0,0,2048,0,1493776,27707392,38797312
1775864152.001058,1058,ubuntu-rog,1,0,0,65683160,28343880,52227320,428896,22371696,0,12840016,21006540,11067264,4956,1772752,21001584,0,0,8388604,8388604,0,0,64,0,11046436,446788,26084,1839764,2511452,1839764,671688,14496,56900,0,0,0,0,41230184,14769820,34359738367,86812,0,81200,0,0,0,0,0,0,0,0,0,0,0,2048,0,1493776,27707392,38797312
1775864153.001059,1059,ubuntu-rog,1,0,0,65683160,28343880,52227320,428904,22371700,0,12840016,21006540,11067264,4956,1772752,21001584,0,0,8388604,8388604,0,0,72,0,11046436,446788,26084,1839764,2511452,1839764,671688,14496,56900,0,0,0,0,41230184,14769820,34359738367,86812,0,81200,0,0,0,0,0,0,0,0,0,0,0,2048,0,1493776,27707392,38797312
1775864154.001290,1290,ubuntu-rog,1,0,0,65683160,28343880,52227320,428904,22371700,0,12840016,21006540,11067264,4956,1772752,21001584,0,0,8388604,8388604,0,0,72,0,11046436,446788,26084,1839764,2511452,1839764,671688,14496,56900,0,0,0,0,41230184,14769820,34359738367,86812,0,81200,0,0,0,0,0,0,0,0,0,0,0,2048,0,1493776,27707392,38797312
1775864155.002202,2202,ubuntu-rog,1,0,0,65683160,28343880,52227320,428904,22371704,0,12840016,21006540,11067264,4956,1772752,21001584,0,0,8388604,8388604,0,0,44,0,11046436,446788,26084,1839764,2511452,1839764,671688,14496,56900,0,0,0,0,41230184,14769820,34359738367,86812,0,81200,0,0,0,0,0,0,0,0,0,0,0,2048,0,1493776,27707392,38797312
1775864156.001293,1293,ubuntu-rog,1,0,0,65683160,28343880,52227320,428904,22371708,0,12840016,21006540,11067264,4956,1772752,21001584,0,0,8388604,8388604,0,0,52,0,11046436,446788,26084,1839764,2511452,1839764,671688,14496,56900,0,0,0,0,41230184,14769820,34359738367,86812,0,81200,0,0,0,0,0,0,0,0,0,0,0,2048,0,1493776,27707392,38797312
1775864157.001058,1058,ubuntu-rog,1,0,0,65683160,28343880,52227320,428904,22371712,0,12840016,21006540,11067264,4956,1772752,21001584,0,0,8388604,8388604,0,0,56,0,11046436,446788,26084,1839764,2511452,1839764,671688,14496,56900,0,0,0,0,41230184,14769820,34359738367,86812,0,81200,0,0,0,0,0,0,0,0,0,0,0,2048,0,1493776,27707392,38797312
1775864158.001063,1063,ubuntu-rog,1,0,0,65683160,28343880,52227320,428904,22371712,0,12840016,21006540,11067264,4956,1772752,21001584,0,0,8388604,8388604,0,0,56,0,11046436,446788,26084,1839764,2511452,1839764,671688,14496,56900,0,0,0,0,41230184,14769820,34359738367,86812,0,81200,0,0,0,0,0,0,0,0,0,0,0,2048,0,1493776,27707392,38797312
1775864159.002286,2286,ubuntu-rog,1,0,0,65683160,28343880,52227320,428912,22371712,0,12840016,21006540,11067264,4956,1772752,21001584,0,0,8388604,8388604,0,0,60,0,11046436,446788,26084,1839764,2511452,1839764,671688,14496,56900,0,0,0,0,41230184,14769820,34359738367,86812,0,81200,0,0,0,0,0,0,0,0,0,0,0,2048,0,1493776,27707392,38797312
1775864160.001197,1197,ubuntu-rog,1,0,0,65683160,28343880,52227320,428912,22371716,0,12840016,21006540,11067264,4956,1772752,21001584,0,0,8388604,8388604,0,0,64,0,11046436,446788,26084,1839764,2511452,1839764,671688,14496,56900,0,0,0,0,41230184,14769820,34359738367,86812,0,81200,0,0,0,0,0,0,0,0,0,0,0,2048,0,1493776,27707392,38797312
1775864161.001308,1308,ubuntu-rog,1,0,0,65683160,28343880,52227320,428912,22371720,0,12840016,21006540,11067264,4956,1772752,21001584,0,0,8388604,8388604,0,0,72,0,11046436,446788,26084,1839764,2511452,1839764,671688,14496,56900,0,0,0,0,41230184,14838744,34359738367,86812,0,81200,0,0,0,0,0,0,0,0,0,0,0,2048,0,1493776,27707392,38797312
1775864162.001070,1070,ubuntu-rog,1,0,0,65683160,27875696,51759348,428912,22371720,0,13266740,21006752,11493988,4956,1772752,21001796,0,0,8388604,8388604,0,0,72,0,11472984,446788,26084,1839764,2511452,1839764,671688,14496,57416,0,0,0,0,41230184,15252272,34359738367,86812,0,81200,0,0,0,0,0,0,0,0,0,0,0,2048,0,1493776,27707392,38797312
1775864163.002060,2060,ubuntu-rog,1,0,0,65683160,28330312,52213964,428912,22371720,0,12836520,21006752,11063768,4956,1772752,21001796,0,0,8388604,8388604,0,0,72,0,11043852,446788,26084,1839764,2511452,1839764,671688,14496,57036,0,0,0,0,41230184,14769804,34359738367,86812,0,81200,0,0,0,0,0,0,0,0,0,0,0,2048,0,1493776,27707392,38797312
1775864164.001306,1306,ubuntu-rog,1,0,0,65683160,28328776,52212428,428912,22371724,0,12839260,21006752,11066508,4956,1772752,21001796,0,0,8388604,8388604,0,0,76,0,11046420,446788,26084,1839764,2511456,1839764,671692,14496,56904,0,0,0,0,41230184,14769804,34359738367,86812,0,81200,0,0,0,0,0,0,0,0,0,0,0,2048,0,1493776,27707392,38797312
1775864165.001200,1200,ubuntu-rog,1,0,0,65683160,28331280,52214932,428920,22371724,0,12839260,21006752,11066508,4956,1772752,21001796,0,0,8388604,8388604,0,0,76,0,11046420,446788,26084,1839764,2511456,1839764,671692,14496,56904,0,0,0,0,41230184,14769804,34359738367,86812,0,81200,0,0,0,0,0,0,0,0,0,0,0,2048,0,1493776,27707392,38797312
1775864166.001303,1303,ubuntu-rog,1,0,0,65683160,28333452,52217112,428920,22371728,0,12839376,21006760,11066624,4956,1772752,21001804,0,0,8388604,8388604,0,0,80,0,11046420,446788,26084,1839764,2511456,1839764,671692,14496,56904,0,0,0,0,41230184,14769804,34359738367,86812,0,81200,0,0,0,0,0,0,0,0,0,0,0,2048,0,1493776,27707392,38797312
1775864167.002054,2054,ubuntu-rog,1,0,0,65683160,28335300,52218960,428920,22371732,0,12839376,21006760,11066624,4956,1772752,21001804,0,0,8388604,8388604,0,0,84,0,11046420,446788,26084,1839764,2511456,1839764,671692,14496,56904,0,0,0,0,41230184,14769804,34359738367,86812,0,81200,0,0,0,0,0,0,0,0,0,0,0,2048,0,1493776,27707392,38797312
1775864168.001061,1061,ubuntu-rog,1,0,0,65683160,28337272,52220932,428920,22371736,0,12839376,21006760,11066624,4956,1772752,21001804,0,0,8388604,8388604,0,0,88,0,11046420,446788,26084,1839764,2511456,1839764,671692,14496,56904,0,0,0,0,41230184,14769804,34359738367,86812,0,81200,0,0,0,0,0,0,0,0,0,0,0,2048,0,1493776,27707392,38797312
1775864169.001299,1299,ubuntu-rog,1,0,0,65683160,28346672,52230332,428920,22371736,0,12839376,21006760,11066624,4956,1772752,21001804,0,0,8388604,8388604,0,0,88,0,11046420,446788,26084,1839764,2511456,1839764,671692,14496,56904,0,0,0,0,41230184,14769804,34359738367,86812,0,81200,0,0,0,0,0,0,0,0,0,0,0,2048,0,1493776,27707392,38797312
1775864170.001204,1204,ubuntu-rog,1,0,0,65683160,28346700,52230360,428920,22371740,0,12839376,21006760,11066624,4956,1772752,21001804,0,0,8388604,8388604,0,0,92,0,11046420,446788,26084,1839764,2511456,1839764,671692,14496,56904,0,0,0,0,41230184,14769804,34359738367,86812,0,81200,0,0,0,0,0,0,0,0,0,0,0,2048,0,1493776,27707392,38797312
1775864171.002294,2294,ubuntu-rog,1,0,0,65683160,28346700,52230360,428928,22371740,0,12839376,21006760,11066624,4956,1772752,21001804,0,0,8388604,8388604,0,0,92,0,11046420,446788,26084,1839764,2511460,1839764,671696,14496,56904,0,0,0,0,41230184,14769804,34359738367,86812,0,81200,0,0,0,0,0,0,0,0,0,0,0,2048,0,1493776,27707392,38797312
1775864172.001059,1059,ubuntu-rog,1,0,0,65683160,28346700,52230360,428928,22371744,0,12839376,21006760,11066624,4956,1772752,21001804,0,0,8388604,8388604,0,0,96,0,11046420,446788,26084,1839764,2511460,1839764,671696,14496,56904,0,0,0,0,41230184,14769804,34359738367,86812,0,81200,0,0,0,0,0,0,0,0,0,0,0,2048,0,1493776,27707392,38797312
1775864173.001064,1064,ubuntu-rog,1,0,0,65683160,28346700,52230360,428928,22371744,0,12839376,21006760,11066624,4956,1772752,21001804,0,0,8388604,8388604,0,0,96,0,11046420,446788,26084,1839764,2511460,1839764,671696,14496,56904,0,0,0,0,41230184,14769804,34359738367,86812,0,81200,0,0,0,0,0,0,0,0,0,0,0,2048,0,1493776,27707392,38797312
1775864174.001301,1301,ubuntu-rog,1,0,0,65683160,28346700,52230360,428928,22371748,0,12839376,21006760,11066624,4956,1772752,21001804,0,0,8388604,8388604,0,0,100,0,11046420,446788,26084,1839764,2511460,1839764,671696,14496,56904,0,0,0,0,41230184,14769804,34359738367,86812,0,81200,0,0,0,0,0,0,0,0,0,0,0,2048,0,1493776,27707392,38797312
1775864175.002197,2197,ubuntu-rog,1,0,0,65683160,28346700,52230360,428928,22371748,0,12839376,21006760,11066624,4956,1772752,21001804,0,0,8388604,8388604,0,0,100,0,11046420,446788,26084,1839764,2511460,1839764,671696,14496,56904,0,0,0,0,41230184,14769804,34359738367,86812,0,81200,0,0,0,0,0,0,0,0,0,0,0,2048,0,1493776,27707392,38797312
1775864176.001300,1300,ubuntu-rog,1,0,0,65683160,28346700,52230360,428928,22371748,0,12839376,21006760,11066624,4956,1772752,21001804,0,0,8388604,8388604,0,0,100,0,11046420,446788,26084,1839764,2511460,1839764,671696,14496,56904,0,0,0,0,41230184,14769804,34359738367,86812,0,81200,0,0,0,0,0,0,0,0,0,0,0,2048,0,1493776,27707392,38797312
1775864177.001059,1059,ubuntu-rog,1,0,0,65683160,28346700,52230360,428936,22371756,0,12839376,21006760,11066624,4956,1772752,21001804,0,0,8388604,8388604,0,0,108,0,11046420,446788,26084,1839764,2511460,1839764,671696,14496,56904,0,0,0,0,41230184,14769804,34359738367,86812,0,81200,0,0,0,0,0,0,0,0,0,0,0,2048,0,1493776,27707392,38797312
1775864178.001061,1061,ubuntu-rog,1,0,0,65683160,28346700,52230388,428936,22371756,0,12839396,21006788,11066644,4956,1772752,21001832,0,0,8388604,8388604,0,0,76,0,11046420,446788,26084,1839764,2511460,1839764,671696,14496,56904,0,0,0,0,41230184,14769804,34359738367,86812,0,81200,0,0,0,0,0,0,0,0,0,0,0,2048,0,1493776,27707392,38797312
1775864179.002294,2294,ubuntu-rog,1,0,0,65683160,28346700,52230388,428936,22371756,0,12839396,21006788,11066644,4956,1772752,21001832,0,0,8388604,8388604,0,0,76,0,11046420,446788,26084,1839764,2511460,1839764,671696,14496,56904,0,0,0,0,41230184,14769804,34359738367,86812,0,81200,0,0,0,0,0,0,0,0,0,0,0,2048,0,1493776,27707392,38797312
1775864180.001198,1198,ubuntu-rog,1,0,0,65683160,28349436,52233124,428936,22371760,0,12839396,21006788,11066644,4956,1772752,21001832,0,0,8388604,8388604,0,0,80,0,11046420,446788,26084,1839764,2511460,1839764,671696,14496,56904,0,0,0,0,41230184,14769804,34359738367,86812,0,81200,0,0,0,0,0,0,0,0,0,0,0,2048,0,1493776,27707392,38797312
1775864181.001298,1298,ubuntu-rog,1,0,0,65683160,28352908,52236596,428936,22371764,0,12839432,21006788,11066680,4956,1772752,21001832,0,0,8388604,8388604,0,0,44,0,11046420,446788,26084,1839764,2511460,1839764,671696,14496,56904,0,0,0,0,41230184,14769804,34359738367,86812,0,81200,0,0,0,0,0,0,0,0,0,0,0,2048,0,1493776,27707392,38797312
1775864182.001058,1058,ubuntu-rog,1,0,0,65683160,28355160,52238848,428944,22371764,0,12839432,21006788,11066680,4956,1772752,21001832,0,0,8388604,8388604,0,0,64,0,11046420,446788,26084,1839764,2511460,1839764,671696,14496,56904,0,0,0,0,41230184,14769804,34359738367,86812,0,81200,0,0,0,0,0,0,0,0,0,0,0,2048,0,1493776,27707392,38797312
1775864183.002059,2059,ubuntu-rog,1,0,0,65683160,28356564,52240252,428944,22371768,0,12839432,21006788,11066680,4956,1772752,21001832,0,0,8388604,8388604,0,0,68,0,11046420,446788,26084,1839764,2511460,1839764,671696,14496,56904,0,0,0,0,41230184,14769804,34359738367,86812,0,81200,0,0,0,0,0,0,0,0,0,0,0,2048,0,1493776,27707392,38797312
1775864184.001297,1297,ubuntu-rog,1,0,0,65683160,28356572,52240260,428944,22371772,0,12839432,21006788,11066680,4956,1772752,21001832,0,0,8388604,8388604,0,0,72,0,11046420,446788,26084,1839764,2511460,1839764,671696,14496,56904,0,0,0,0,41230184,14769804,34359738367,86812,0,81200,0,0,0,0,0,0,0,0,0,0,0,2048,0,1493776,27707392,38797312
1775864185.001200,1200,ubuntu-rog,1,0,0,65683160,28356572,52240260,428944,22371772,0,12839432,21006788,11066680,4956,1772752,21001832,0,0,8388604,8388604,0,0,72,0,11046420,446788,26084,1839764,2511460,1839764,671696,14496,56904,0,0,0,0,41230184,14769804,34359738367,86812,0,81200,0,0,0,0,0,0,0,0,0,0,0,2048,0,1493776,27707392,38797312
1775864186.001295,1295,ubuntu-rog,1,0,0,65683160,28356572,52240260,428944,22371772,0,12839432,21006788,11066680,4956,1772752,21001832,0,0,8388604,8388604,0,0,56,0,11046420,446788,26084,1839764,2511460,1839764,671696,14496,56904,0,0,0,0,41230184,14769804,34359738367,86812,0,81200,0,0,0,0,0,0,0,0,0,0,0,2048,0,1493776,27707392,38797312
1775864187.002054,2054,ubuntu-rog,1,0,0,65683160,28356572,52240260,428944,22371772,0,12839432,21006788,11066680,4956,1772752,21001832,0,0,8388604,8388604,0,0,56,0,11046420,446788,26084,1839764,2511460,1839764,671696,14496,56904,0,0,0,0,41230184,14769804,34359738367,86812,0,81200,0,0,0,0,0,0,0,0,0,0,0,2048,0,1493776,27707392,38797312
1775864188.001062,1062,ubuntu-rog,1,0,0,65683160,28356572,52240260,428952,22371776,0,12839432,21006788,11066680,4956,1772752,21001832,0,0,8388604,8388604,0,0,64,0,11046420,446788,26084,1839764,2511460,1839764,671696,14496,56904,0,0,0,0,41230184,14769804,34359738367,86812,0,81200,0,0,0,0,0,0,0,0,0,0,0,2048,0,1493776,27707392,38797312
1775864189.001301,1301,ubuntu-rog,1,0,0,65683160,28356572,52240260,428952,22371780,0,12839432,21006788,11066680,4956,1772752,21001832,0,0,8388604,8388604,0,0,68,0,11046420,446788,26084,1839764,2511460,1839764,671696,14496,56904,0,0,0,0,41230184,14769976,34359738367,86812,0,81200,0,0,0,0,0,0,0,0,0,0,0,2048,0,1493776,27707392,38797312
1775864190.001203,1203,ubuntu-rog,1,0,0,65683160,28356572,52240260,428952,22371780,0,12839556,21006788,11066804,4956,1772752,21001832,0,0,8388604,8388604,0,0,68,0,11046608,446788,26084,1839764,2511460,1839764,671696,14496,56904,0,0,0,0,41230184,14769976,34359738367,86812,0,81200,0,0,0,0,0,0,0,0,0,0,0,2048,0,1493776,27707392,38797312
1775864191.002294,2294,ubuntu-rog,1,0,0,65683160,28356572,52240260,428952,22371784,0,12839556,21006788,11066804,4956,1772752,21001832,0,0,8388604,8388604,0,0,44,0,11046608,446788,26084,1839764,2511460,1839764,671696,14496,56904,0,0,0,0,41230184,14769976,34359738367,86812,0,81200,0,0,0,0,0,0,0,0,0,0,0,2048,0,1493776,27707392,38797312
1775864192.001059,1059,ubuntu-rog,1,0,0,65683160,28356572,52240260,428952,22371784,0,12839556,21006788,11066804,4956,1772752,21001832,0,0,8388604,8388604,0,0,44,0,11046608,446788,26084,1839764,2511460,1839764,671696,14496,56904,0,0,0,0,41230184,14769976,34359738367,86812,0,81200,0,0,0,0,0,0,0,0,0,0,0,2048,0,1493776,27707392,38797312
1775864193.001062,1062,ubuntu-rog,1,0,0,65683160,28356572,52240260,428956,22371788,0,12839556,21006788,11066804,4956,1772752,21001832,0,0,8388604,8388604,0,0,56,0,11046608,446788,26084,1839764,2511460,1839764,671696,14496,56904,0,0,0,0,41230184,14769976,34359738367,86812,0,81200,0,0,0,0,0,0,0,0,0,0,0,2048,0,1493776,27707392,38797312
1775864194.001301,1301,ubuntu-rog,1,0,0,65683160,28356572,52240264,428956,22371792,0,12839556,21006788,11066804,4956,1772752,21001832,0,0,8388604,8388604,0,0,64,0,11046608,446788,26084,1839768,2511464,1839768,671696,14496,56904,0,0,0,0,41230184,14769976,34359738367,86812,0,81200,0,0,0,0,0,0,0,0,0,0,0,2048,0,1493776,27707392,38797312
1775864195.002196,2196,ubuntu-rog,1,0,0,65683160,28356572,52240264,428956,22371796,0,12839556,21006788,11066804,4956,1772752,21001832,0,0,8388604,8388604,0,0,68,0,11046608,446788,26084,1839768,2511464,1839768,671696,14496,56904,0,0,0,0,41230184,14769976,34359738367,86812,0,81200,0,0,0,0,0,0,0,0,0,0,0,2048,0,1493776,27707392,38797312
1775864196.001296,1296,ubuntu-rog,1,0,0,65683160,28356572,52240264,428956,22371796,0,12839556,21006788,11066804,4956,1772752,21001832,0,0,8388604,8388604,0,0,68,0,11046608,446788,26084,1839768,2511464,1839768,671696,14496,56904,0,0,0,0,41230184,14769976,34359738367,86812,0,81200,0,0,0,0,0,0,0,0,0,0,0,2048,0,1493776,27707392,38797312
1775864197.001055,1055,ubuntu-rog,1,0,0,65683160,28356572,52240264,428956,22371796,0,12839556,21006788,11066804,4956,1772752,21001832,0,0,8388604,8388604,0,0,68,0,11046608,446788,26084,1839768,2511464,1839768,671696,14496,56904,0,0,0,0,41230184,14769976,34359738367,86812,0,81200,0,0,0,0,0,0,0,0,0,0,0,2048,0,1493776,27707392,38797312
1775864198.001060,1060,ubuntu-rog,1,0,0,65683160,28356572,52240264,428956,22371800,0,12839556,21006788,11066804,4956,1772752,21001832,0,0,8388604,8388604,0,0,72,0,11046608,446788,26084,1839768,2511464,1839768,671696,14496,56904,0,0,0,0,41230184,14769976,34359738367,86812,0,81200,0,0,0,0,0,0,0,0,0,0,0,2048,0,1493776,27707392,38797312
1775864199.002295,2295,ubuntu-rog,1,0,0,65683160,28356572,52240264,428964,22371800,0,12839556,21006788,11066804,4956,1772752,21001832,0,0,8388604,8388604,0,0,72,0,11046608,446788,26084,1839768,2511464,1839768,671696,14496,56904,0,0,0,0,41230184,14769976,34359738367,86812,0,81200,0,0,0,0,0,0,0,0,0,0,0,2048,0,1493776,27707392,38797312
1775864200.001198,1198,ubuntu-rog,1,0,0,65683160,28356572,52240264,428964,22371804,0,12839664,21006788,11066912,4956,1772752,21001832,0,0,8388604,8388604,0,0,76,0,11046616,446788,26084,1839768,2511464,1839768,671696,14496,56904,0,0,0,0,41230184,14769976,34359738367,86812,0,81200,0,0,0,0,0,0,0,0,0,0,0,2048,0,1493776,27707392,38797312
1775864201.001299,1299,ubuntu-rog,1,0,0,65683160,28356572,52240264,428964,22371804,0,12839664,21006788,11066912,4956,1772752,21001832,0,0,8388604,8388604,0,0,76,0,11046616,446788,26084,1839768,2511464,1839768,671696,14496,56904,0,0,0,0,41230184,14769976,34359738367,86812,0,81200,0,0,0,0,0,0,0,0,0,0,0,2048,0,1493776,27707392,38797312
1775864202.001059,1059,ubuntu-rog,1,0,0,65683160,28356572,52240264,428964,22371808,0,12839664,21006788,11066912,4956,1772752,21001832,0,0,8388604,8388604,0,0,80,0,11046616,446788,26084,1839768,2511464,1839768,671696,14496,56904,0,0,0,0,41230184,14769976,34359738367,86812,0,81200,0,0,0,0,0,0,0,0,0,0,0,2048,0,1493776,27707392,38797312
1775864203.002058,2058,ubuntu-rog,1,0,0,65683160,28356572,52240264,428964,22371808,0,12839664,21006788,11066912,4956,1772752,21001832,0,0,8388604,8388604,0,0,80,0,11046616,446788,26084,1839768,2511464,1839768,671696,14496,56904,0,0,0,0,41230184,14769976,34359738367,86812,0,81200,0,0,0,0,0,0,0,0,0,0,0,2048,0,1493776,27707392,38797312
1775864204.001300,1300,ubuntu-rog,1,0,0,65683160,28356572,52240264,428964,22371808,0,12839664,21006788,11066912,4956,1772752,21001832,0,0,8388604,8388604,0,0,80,0,11046616,446788,26084,1839768,2511464,1839768,671696,14496,56904,0,0,0,0,41230184,14769976,34359738367,86812,0,81200,0,0,0,0,0,0,0,0,0,0,0,2048,0,1493776,27707392,38797312
1775864205.001198,1198,ubuntu-rog,1,0,0,65683160,28356572,52240264,428964,22371820,0,12839664,21006788,11066912,4956,1772752,21001832,0,0,8388604,8388604,0,0,92,0,11046616,446788,26084,1839768,2511464,1839768,671696,14496,56904,0,0,0,0,41230184,14769976,34359738367,86812,0,81200,0,0,0,0,0,0,0,0,0,0,0,2048,0,1493776,27707392,38797312
1775864206.001297,1297,ubuntu-rog,1,0,0,65683160,28356572,52240264,428964,22371820,0,12839664,21006788,11066912,4956,1772752,21001832,0,0,8388604,8388604,0,0,92,0,11046616,446788,26084,1839768,2511464,1839768,671696,14496,56904,0,0,0,0,41230184,14769976,34359738367,86812,0,81200,0,0,0,0,0,0,0,0,0,0,0,2048,0,1493776,27707392,38797312
1775864207.002055,2055,ubuntu-rog,1,0,0,65683160,28356572,52240264,428964,22371820,0,12839664,21006788,11066912,4956,1772752,21001832,0,0,8388604,8388604,0,0,92,0,11046616,446788,26084,1839768,2511464,1839768,671696,14496,56904,0,0,0,0,41230184,14769976,34359738367,86812,0,81200,0,0,0,0,0,0,0,0,0,0,0,2048,0,1493776,27707392,38797312
1775864208.001062,1062,ubuntu-rog,1,0,0,65683160,28356572,52240264,428964,22371820,0,12839664,21006788,11066912,4956,1772752,21001832,0,0,8388604,8388604,0,0,92,0,11046616,446788,26084,1839768,2511464,1839768,671696,14496,56904,0,0,0,0,41230184,14769976,34359738367,86812,0,81200,0,0,0,0,0,0,0,0,0,0,0,2048,0,1493776,27707392,38797312
1775864209.001305,1305,ubuntu-rog,1,0,0,65683160,28356572,52240264,428964,22371824,0,12839664,21006788,11066912,4956,1772752,21001832,0,0,8388604,8388604,0,0,96,0,11046616,446788,26084,1839768,2511464,1839768,671696,14496,56904,0,0,0,0,41230184,14769976,34359738367,86812,0,81200,0,0,0,0,0,0,0,0,0,0,0,2048,0,1493776,27707392,38797312
1775864210.001201,1201,ubuntu-rog,1,0,0,65683160,28356572,52240264,428968,22371824,0,12839664,21006788,11066912,4956,1772752,21001832,0,0,8388604,8388604,0,0,96,0,11046616,446788,26084,1839768,2511464,1839768,671696,14496,56904,0,0,0,0,41230184,14769976,34359738367,86812,0,81200,0,0,0,0,0,0,0,0,0,0,0,2048,0,1493776,27707392,38797312
1775864211.002288,2288,ubuntu-rog,1,0,0,65683160,28356572,52240264,428968,22371828,0,12839664,21006788,11066912,4956,1772752,21001832,0,0,8388604,8388604,0,0,100,0,11046616,446788,26084,1839768,2511464,1839768,671696,14496,56904,0,0,0,0,41230184,14769976,34359738367,86812,0,81200,0,0,0,0,0,0,0,0,0,0,0,2048,0,1493776,27707392,38797312
1775864212.001058,1058,ubuntu-rog,1,0,0,65683160,28356572,52240264,428968,22371832,0,12839716,21006788,11066964,4956,1772752,21001832,0,0,8388604,8388604,0,0,68,0,11046616,446788,26084,1839768,2511464,1839768,671696,14496,56904,0,0,0,0,41230184,14769976,34359738367,86812,0,81200,0,0,0,0,0,0,0,0,0,0,0,2048,0,1493776,27707392,38797312
1775864213.001062,1062,ubuntu-rog,1,0,0,65683160,28356572,52240264,428968,22371832,0,12839716,21006788,11066964,4956,1772752,21001832,0,0,8388604,8388604,0,0,40,0,11046616,446788,26084,1839768,2511464,1839768,671696,14496,56904,0,0,0,0,41230184,14769976,34359738367,86812,0,81200,0,0,0,0,0,0,0,0,0,0,0,2048,0,1493776,27707392,38797312
1775864214.001297,1297,ubuntu-rog,1,0,0,65683160,28356572,52240264,428968,22371832,0,12839716,21006788,11066964,4956,1772752,21001832,0,0,8388604,8388604,0,0,40,0,11046616,446788,26084,1839768,2511464,1839768,671696,14496,56904,0,0,0,0,41230184,14769976,34359738367,86812,0,81200,0,0,0,0,0,0,0,0,0,0,0,2048,0,1493776,27707392,38797312
1775864215.002202,2202,ubuntu-rog,1,0,0,65683160,28356572,52240264,428972,22371836,0,12839716,21006788,11066964,4956,1772752,21001832,0,0,8388604,8388604,0,0,68,0,11046616,446788,26084,1839768,2511464,1839768,671696,14496,56904,0,0,0,0,41230184,14769976,34359738367,86812,0,81200,0,0,0,0,0,0,0,0,0,0,0,2048,0,1493776,27707392,38797312
1775864216.001295,1295,ubuntu-rog,1,0,0,65683160,28356572,52240264,428972,22371836,0,12839716,21006788,11066964,4956,1772752,21001832,0,0,8388604,8388604,0,0,68,0,11046616,446788,26084,1839768,2511464,1839768,671696,14496,56904,0,0,0,0,41230184,14769976,34359738367,86812,0,81200,0,0,0,0,0,0,0,0,0,0,0,2048,0,1493776,27707392,38797312
1775864217.001059,1059,ubuntu-rog,1,0,0,65683160,28356572,52240264,428972,22371844,0,12839716,21006788,11066964,4956,1772752,21001832,0,0,8388604,8388604,0,0,76,0,11046616,446788,26084,1839768,2511464,1839768,671696,14496,56904,0,0,0,0,41230184,14769976,34359738367,86812,0,81200,0,0,0,0,0,0,0,0,0,0,0,2048,0,1493776,27707392,38797312
1775864218.001059,1059,ubuntu-rog,1,0,0,65683160,28356572,52240264,428972,22371844,0,12839716,21006788,11066964,4956,1772752,21001832,0,0,8388604,8388604,0,0,76,0,11046616,446788,26084,1839768,2511464,1839768,671696,14496,56904,0,0,0,0,41230184,14769976,34359738367,86812,0,81200,0,0,0,0,0,0,0,0,0,0,0,2048,0,1493776,27707392,38797312
1775864219.002288,2288,ubuntu-rog,1,0,0,65683160,28356572,52240264,428972,22371848,0,12839716,21006788,11066964,4956,1772752,21001832,0,0,8388604,8388604,0,0,80,0,11046616,446788,26084,1839768,2511464,1839768,671696,14496,56904,0,0,0,0,41230184,14769976,34359738367,86812,0,81200,0,0,0,0,0,0,0,0,0,0,0,2048,0,1493776,27707392,38797312
1775864220.001195,1195,ubuntu-rog,1,0,0,65683160,28356572,52240264,428972,22371848,0,12839716,21006788,11066964,4956,1772752,21001832,0,0,8388604,8388604,0,0,80,0,11046616,446788,26084,1839768,2511464,1839768,671696,14496,56904,0,0,0,0,41230184,14769976,34359738367,86812,0,81200,0,0,0,0,0,0,0,0,0,0,0,2048,0,1493776,27707392,38797312
1775864221.001586,1586,ubuntu-rog,1,0,0,65683160,28356572,52240264,428980,22371848,0,12839716,21006788,11066964,4956,1772752,21001832,0,0,8388604,8388604,0,0,80,0,11046616,446788,26084,1839768,2511468,1839768,671700,14496,56904,0,0,0,0,41230184,14769976,34359738367,86812,0,81200,0,0,0,0,0,0,0,0,0,0,0,2048,0,1493776,27707392,38797312
1775864222.002061,2061,ubuntu-rog,1,0,0,65683160,28356572,52240264,428980,22371856,0,12839716,21006788,11066964,4956,1772752,21001832,0,0,8388604,8388604,0,0,88,0,11046616,446788,26084,1839768,2511468,1839768,671700,14496,56904,0,0,0,0,41230184,14769976,34359738367,86812,0,81200,0,0,0,0,0,0,0,0,0,0,0,2048,0,1493776,27707392,38797312
1775864223.001062,1062,ubuntu-rog,1,0,0,65683160,28356572,52240264,428980,22371856,0,12839716,21006788,11066964,4956,1772752,21001832,0,0,8388604,8388604,0,0,88,0,11046616,446788,26084,1839768,2511468,1839768,671700,14496,56904,0,0,0,0,41230184,14769976,34359738367,86812,0,81200,0,0,0,0,0,0,0,0,0,0,0,2048,0,1493776,27707392,38797312
1775864224.001291,1291,ubuntu-rog,1,0,0,65683160,28356572,52240264,428980,22371856,0,12839716,21006788,11066964,4956,1772752,21001832,0,0,8388604,8388604,0,0,88,0,11046616,446788,26084,1839768,2511468,1839768,671700,14496,56904,0,0,0,0,41230184,14769976,34359738367,86812,0,81200,0,0,0,0,0,0,0,0,0,0,0,2048,0,1493776,27707392,38797312
1775864225.001196,1196,ubuntu-rog,1,0,0,65683160,28356572,52240264,428980,22371856,0,12839716,21006788,11066964,4956,1772752,21001832,0,0,8388604,8388604,0,0,88,0,11046616,446788,26084,1839768,2511468,1839768,671700,14496,56904,0,0,0,0,41230184,14769976,34359738367,86812,0,81200,0,0,0,0,0,0,0,0,0,0,0,2048,0,1493776,27707392,38797312
1775864226.002288,2288,ubuntu-rog,1,0,0,65683160,28356572,52240388,428980,22371860,0,12839716,21006912,11066964,4956,1772752,21001956,0,0,8388604,8388604,0,0,92,0,11046616,446788,26084,1839768,2511468,1839768,671700,14496,56904,0,0,0,0,41230184,14769976,34359738367,86812,0,81200,0,0,0,0,0,0,0,0,0,0,0,2048,0,1493776,27707392,38797312
1775864227.001057,1057,ubuntu-rog,1,0,0,65683160,28356572,52240388,428984,22371860,0,12839716,21006912,11066964,4956,1772752,21001956,0,0,8388604,8388604,0,0,56,0,11046616,446788,26084,1839768,2511468,1839768,671700,14496,56904,0,0,0,0,41230184,14769976,34359738367,86812,0,81200,0,0,0,0,0,0,0,0,0,0,0,2048,0,1493776,27707392,38797312
1775864228.001070,1070,ubuntu-rog,1,0,0,65683160,28356572,52240388,428984,22371864,0,12839716,21006912,11066964,4956,1772752,21001956,0,0,8388604,8388604,0,0,64,0,11046616,446788,26084,1839768,2511468,1839768,671700,14496,56904,0,0,0,0,41230184,14769976,34359738367,86812,0,81200,0,0,0,0,0,0,0,0,0,0,0,2048,0,1493776,27707392,38797312
1775864229.001299,1299,ubuntu-rog,1,0,0,65683160,28356572,52240388,428984,22371872,0,12839716,21006912,11066964,4956,1772752,21001956,0,0,8388604,8388604,0,0,76,0,11046616,446788,26084,1839768,2511468,1839768,671700,14496,56904,0,0,0,0,41230184,14769976,34359738367,86812,0,81200,0,0,0,0,0,0,0,0,0,0,0,2048,0,1493776,27707392,38797312
1775864230.002194,2194,ubuntu-rog,1,0,0,65683160,28356572,52240388,428984,22371872,0,12839716,21006912,11066964,4956,1772752,21001956,0,0,8388604,8388604,0,0,76,0,11046616,446788,26084,1839768,2511468,1839768,671700,14496,56904,0,0,0,0,41230184,14769976,34359738367,86812,0,81200,0,0,0,0,0,0,0,0,0,0,0,2048,0,1493776,27707392,38797312
1775864231.001296,1296,ubuntu-rog,1,0,0,65683160,28356572,52240388,428984,22371872,0,12839544,21006912,11066792,4956,1772752,21001956,0,0,8388604,8388604,0,0,76,0,11046444,446788,26084,1839768,2511468,1839768,671700,14496,56904,0,0,0,0,41230184,14769804,34359738367,86812,0,81200,0,0,0,0,0,0,0,0,0,0,0,2048,0,1493776,27707392,38797312
1775864232.001059,1059,ubuntu-rog,1,0,0,65683160,28356572,52240388,428984,22371872,0,12839544,21006912,11066792,4956,1772752,21001956,0,0,8388604,8388604,0,0,76,0,11046444,446788,26084,1839768,2511468,1839768,671700,14496,56904,0,0,0,0,41230184,14769804,34359738367,86812,0,81200,0,0,0,0,0,0,0,0,0,0,0,2048,0,1493776,27707392,38797312
1775864233.001059,1059,ubuntu-rog,1,0,0,65683160,28356572,52240388,428992,22371880,0,12839544,21006912,11066792,4956,1772752,21001956,0,0,8388604,8388604,0,0,84,0,11046444,446788,26084,1839768,2511468,1839768,671700,14496,56904,0,0,0,0,41230184,14769804,34359738367,86812,0,81200,0,0,0,0,0,0,0,0,0,0,0,2048,0,1493776,27707392,38797312
1775864234.002302,2302,ubuntu-rog,1,0,0,65683160,28356572,52240388,428992,22371880,0,12839544,21006912,11066792,4956,1772752,21001956,0,0,8388604,8388604,0,0,84,0,11046444,446788,26084,1839768,2511468,1839768,671700,14496,56904,0,0,0,0,41230184,14769804,34359738367,86812,0,81200,0,0,0,0,0,0,0,0,0,0,0,2048,0,1493776,27707392,38797312
1775864235.001202,1202,ubuntu-rog,1,0,0,65683160,28356572,52240388,428992,22371880,0,12839544,21006912,11066792,4956,1772752,21001956,0,0,8388604,8388604,0,0,84,0,11046444,446788,26084,1839768,2511468,1839768,671700,14496,56904,0,0,0,0,41230184,14769804,34359738367,86812,0,81200,0,0,0,0,0,0,0,0,0,0,0,2048,0,1493776,27707392,38797312
1775864236.001291,1291,ubuntu-rog,1,0,0,65683160,28356572,52240388,428992,22371884,0,12839544,21006912,11066792,4956,1772752,21001956,0,0,8388604,8388604,0,0,88,0,11046444,446788,26084,1839768,2511468,1839768,671700,14496,56904,0,0,0,0,41230184,14769804,34359738367,86812,0,81200,0,0,0,0,0,0,0,0,0,0,0,2048,0,1493776,27707392,38797312
1775864237.001062,1062,ubuntu-rog,1,0,0,65683160,28356572,52240388,428992,22371884,0,12839544,21006912,11066792,4956,1772752,21001956,0,0,8388604,8388604,0,0,88,0,11046444,446788,26084,1839768,2511468,1839768,671700,14496,56904,0,0,0,0,41230184,14769804,34359738367,86812,0,81200,0,0,0,0,0,0,0,0,0,0,0,2048,0,1493776,27707392,38797312
1775864238.002058,2058,ubuntu-rog,1,0,0,65683160,28356572,52240388,428992,22371884,0,12839544,21006912,11066792,4956,1772752,21001956,0,0,8388604,8388604,0,0,88,0,11046444,446788,26084,1839768,2511468,1839768,671700,14496,56904,0,0,0,0,41230184,14769804,34359738367,86812,0,81200,0,0,0,0,0,0,0,0,0,0,0,2048,0,1493776,27707392,38797312
1775864239.001290,1290,ubuntu-rog,1,0,0,65683160,28356572,52240388,429000,22371888,0,12839544,21006912,11066792,4956,1772752,21001956,0,0,8388604,8388604,0,0,92,0,11046444,446788,26084,1839768,2511468,1839768,671700,14496,56904,0,0,0,0,41230184,14769804,34359738367,86812,0,81200,0,0,0,0,0,0,0,0,0,0,0,2048,0,1493776,27707392,38797312
1775864240.001209,1209,ubuntu-rog,1,0,0,65683160,28356572,52240388,429000,22371892,0,12839544,21006912,11066792,4956,1772752,21001956,0,0,8388604,8388604,0,0,96,0,11046444,446788,26084,1839768,2511468,1839768,671700,14496,56904,0,0,0,0,41230184,14769804,34359738367,86812,0,81200,0,0,0,0,0,0,0,0,0,0,0,2048,0,1493776,27707392,38797312
1775864241.001298,1298,ubuntu-rog,1,0,0,65683160,28356572,52240388,429000,22371892,0,12839544,21006912,11066792,4956,1772752,21001956,0,0,8388604,8388604,0,0,96,0,11046444,446788,26084,1839768,2511468,1839768,671700,14496,56904,0,0,0,0,41230184,14769804,34359738367,86812,0,81200,0,0,0,0,0,0,0,0,0,0,0,2048,0,1493776,27707392,38797312
1775864242.002057,2057,ubuntu-rog,1,0,0,65683160,28356572,52240388,429000,22371896,0,12839544,21006912,11066792,4956,1772752,21001956,0,0,8388604,8388604,0,0,60,0,11046444,446788,26084,1839768,2511468,1839768,671700,14496,56904,0,0,0,0,41230184,14769804,34359738367,86812,0,81200,0,0,0,0,0,0,0,0,0,0,0,2048,0,1493776,27707392,38797312
1775864243.001062,1062,ubuntu-rog,1,0,0,65683160,28356572,52240388,429000,22371900,0,12839544,21006912,11066792,4956,1772752,21001956,0,0,8388604,8388604,0,0,68,0,11046444,446788,26084,1839768,2511468,1839768,671700,14496,56904,0,0,0,0,41230184,14769804,34359738367,86812,0,81200,0,0,0,0,0,0,0,0,0,0,0,2048,0,1493776,27707392,38797312
1775864244.001294,1294,ubuntu-rog,1,0,0,65683160,28356572,52240388,429000,22371904,0,12839544,21006912,11066792,4956,1772752,21001956,0,0,8388604,8388604,0,0,72,0,11046444,446788,26084,1839768,2511468,1839768,671700,14496,56904,0,0,0,0,41230184,14769804,34359738367,86812,0,81200,0,0,0,0,0,0,0,0,0,0,0,2048,0,1493776,27707392,38797312
1775864245.001199,1199,ubuntu-rog,1,0,0,65683160,28356572,52240388,429008,22371904,0,12839544,21006912,11066792,4956,1772752,21001956,0,0,8388604,8388604,0,0,72,0,11046444,446788,26084,1839768,2511468,1839768,671700,14496,56904,0,0,0,0,41230184,14769804,34359738367,86812,0,81200,0,0,0,0,0,0,0,0,0,0,0,2048,0,1493776,27707392,38797312
1775864246.001308,1308,ubuntu-rog,1,0,0,65683160,28356572,52240428,429008,22371904,0,12839584,21006952,11066832,4956,1772752,21001996,0,0,8388604,8388604,0,0,40,0,11046444,446788,26084,1839768,2511468,1839768,671700,14496,56904,0,0,0,0,41230184,14769804,34359738367,86812,0,81200,0,0,0,0,0,0,0,0,0,0,0,2048,0,1493776,27707392,38797312
1775864247.002063,2063,ubuntu-rog,1,0,0,65683160,28356572,52240428,429008,22371908,0,12839584,21006952,11066832,4956,1772752,21001996,0,0,8388604,8388604,0,0,44,0,11046444,446788,26084,1839768,2511468,1839768,671700,14496,56904,0,0,0,0,41230184,14769804,34359738367,86812,0,81200,0,0,0,0,0,0,0,0,0,0,0,2048,0,1493776,27707392,38797312
1775864248.001063,1063,ubuntu-rog,1,0,0,65683160,28356572,52240428,429008,22371908,0,12839584,21006952,11066832,4956,1772752,21001996,0,0,8388604,8388604,0,0,44,0,11046444,446788,26084,1839768,2511468,1839768,671700,14496,56904,0,0,0,0,41230184,14769804,34359738367,86812,0,81200,0,0,0,0,0,0,0,0,0,0,0,2048,0,1493776,27707392,38797312
1775864249.001305,1305,ubuntu-rog,1,0,0,65683160,28356572,52240428,429008,22371908,0,12839584,21006952,11066832,4956,1772752,21001996,0,0,8388604,8388604,0,0,44,0,11046444,446788,26084,1839768,2511468,1839768,671700,14496,56904,0,0,0,0,41230184,14769804,34359738367,86828,0,81200,0,0,0,0,0,0,0,0,0,0,0,2048,0,1493776,27707392,38797312
1775864250.001195,1195,ubuntu-rog,1,0,0,65683160,28356572,52240428,429008,22371916,0,12839584,21006952,11066832,4956,1772752,21001996,0,0,8388604,8388604,0,0,52,0,11046444,446788,26084,1839768,2511468,1839768,671700,14496,56904,0,0,0,0,41230184,14769804,34359738367,86828,0,81200,0,0,0,0,0,0,0,0,0,0,0,2048,0,1493776,27707392,38797312
1775864251.002287,2287,ubuntu-rog,1,0,0,65683160,28356572,52240428,429016,22371916,0,12839584,21006952,11066832,4956,1772752,21001996,0,0,8388604,8388604,0,0,60,0,11046444,446788,26084,1839768,2511468,1839768,671700,14496,56904,0,0,0,0,41230184,14769804,34359738367,86828,0,81200,0,0,0,0,0,0,0,0,0,0,0,2048,0,1493776,27707392,38797312
1775864252.001072,1072,ubuntu-rog,1,0,0,65683160,28356572,52240428,429016,22371916,0,12839584,21006952,11066832,4956,1772752,21001996,0,0,8388604,8388604,0,0,60,0,11046444,446788,26084,1839768,2511472,1839768,671704,14496,56904,0,0,0,0,41230184,14769804,34359738367,86828,0,81200,0,0,0,0,0,0,0,0,0,0,0,2048,0,1493776,27707392,38797312
1775864253.001068,1068,ubuntu-rog,1,0,0,65683160,28356572,52240428,429016,22371916,0,12839584,21006952,11066832,4956,1772752,21001996,0,0,8388604,8388604,0,0,60,0,11046444,446788,26084,1839768,2511472,1839768,671704,14496,56904,0,0,0,0,41230184,14769804,34359738367,86828,0,81200,0,0,0,0,0,0,0,0,0,0,0,2048,0,1493776,27707392,38797312
1775864254.001301,1301,ubuntu-rog,1,0,0,65683160,28356572,52240428,429016,22371924,0,12839584,21006952,11066832,4956,1772752,21001996,0,0,8388604,8388604,0,0,68,0,11046444,446788,26084,1839768,2511472,1839768,671704,14496,56904,0,0,0,0,41230184,14769804,34359738367,86828,0,81200,0,0,0,0,0,0,0,0,0,0,0,2048,0,1493776,27707392,38797312
1775864255.002195,2195,ubuntu-rog,1,0,0,65683160,28356572,52240428,429016,22371924,0,12839584,21006952,11066832,4956,1772752,21001996,0,0,8388604,8388604,0,0,68,0,11046444,446788,26084,1839768,2511472,1839768,671704,14496,56904,0,0,0,0,41230184,14769804,34359738367,86828,0,81200,0,0,0,0,0,0,0,0,0,0,0,2048,0,1493776,27707392,38797312
1775864256.001286,1286,ubuntu-rog,1,0,0,65683160,28356572,52240428,429016,22371928,0,12839584,21006952,11066832,4956,1772752,21001996,0,0,8388604,8388604,0,0,72,0,11046444,446788,26084,1839768,2511472,1839768,671704,14496,56904,0,0,0,0,41230184,14769804,34359738367,86828,0,81200,0,0,0,0,0,0,0,0,0,0,0,2048,0,1493776,27707392,38797312
1775864257.001060,1060,ubuntu-rog,1,0,0,65683160,28356572,52240428,429024,22371932,0,12839584,21006952,11066832,4956,1772752,21001996,0,0,8388604,8388604,0,0,76,0,11046444,446788,26084,1839768,2511472,1839768,671704,14496,56904,0,0,0,0,41230184,14769804,34359738367,86828,0,81200,0,0,0,0,0,0,0,0,0,0,0,2048,0,1493776,27707392,38797312
1775864258.001064,1064,ubuntu-rog,1,0,0,65683160,28356572,52240428,429024,22371932,0,12839584,21006952,11066832,4956,1772752,21001996,0,0,8388604,8388604,0,0,76,0,11046444,446788,26084,1839768,2511476,1839768,671708,14496,56904,0,0,0,0,41230184,14769804,34359738367,86828,0,81200,0,0,0,0,0,0,0,0,0,0,0,2048,0,1493776,27707392,38797312
1775864259.002306,2306,ubuntu-rog,1,0,0,65683160,28356572,52240428,429024,22371932,0,12839584,21006952,11066832,4956,1772752,21001996,0,0,8388604,8388604,0,0,76,0,11046444,446788,26084,1839768,2511476,1839768,671708,14496,56904,0,0,0,0,41230184,14769804,34359738367,86828,0,81200,0,0,0,0,0,0,0,0,0,0,0,2048,0,1493776,27707392,38797312
1775864260.001199,1199,ubuntu-rog,1,0,0,65683160,28356572,52240428,429024,22371936,0,12839584,21006952,11066832,4956,1772752,21001996,0,0,8388604,8388604,0,0,80,0,11046444,446788,26084,1839768,2511476,1839768,671708,14496,56904,0,0,0,0,41230184,14769804,34359738367,86828,0,81200,0,0,0,0,0,0,0,0,0,0,0,2048,0,1493776,27707392,38797312
1775864261.001294,1294,ubuntu-rog,1,0,0,65683160,28356572,52240428,429024,22371940,0,12839584,21006952,11066832,4956,1772752,21001996,0,0,8388604,8388604,0,0,84,0,11046444,446788,26084,1839768,2511476,1839768,671708,14496,56904,0,0,0,0,41230184,14769804,34359738367,86828,0,81200,0,0,0,0,0,0,0,0,0,0,0,2048,0,1493776,27707392,38797312
1775864262.001058,1058,ubuntu-rog,1,0,0,65683160,28356572,52240428,429024,22371940,0,12839584,21006952,11066832,4956,1772752,21001996,0,0,8388604,8388604,0,0,84,0,11046444,446788,26084,1839768,2511476,1839768,671708,14496,56904,0,0,0,0,41230184,14769804,34359738367,86828,0,81200,0,0,0,0,0,0,0,0,0,0,0,2048,0,1493776,27707392,38797312
1775864263.002057,2057,ubuntu-rog,1,0,0,65683160,28356572,52240428,429032,22371940,0,12839584,21006952,11066832,4956,1772752,21001996,0,0,8388604,8388604,0,0,52,0,11046444,446788,26084,1839768,2511476,1839768,671708,14496,56904,0,0,0,0,41230184,14769804,34359738367,86828,0,81200,0,0,0,0,0,0,0,0,0,0,0,2048,0,1493776,27707392,38797312
1775864264.001293,1293,ubuntu-rog,1,0,0,65683160,28356572,52240428,429032,22371944,0,12839584,21006952,11066832,4956,1772752,21001996,0,0,8388604,8388604,0,0,56,0,11046444,446788,26084,1839768,2511476,1839768,671708,14496,56904,0,0,0,0,41230184,14769804,34359738367,86828,0,81200,0,0,0,0,0,0,0,0,0,0,0,2048,0,1493776,27707392,38797312
1775864265.001207,1207,ubuntu-rog,1,0,0,65683160,28356572,52240428,429032,22371944,0,12839584,21006952,11066832,4956,1772752,21001996,0,0,8388604,8388604,0,0,56,0,11046444,446788,26084,1839768,2511476,1839768,671708,14496,56904,0,0,0,0,41230184,14769804,34359738367,86828,0,81200,0,0,0,0,0,0,0,0,0,0,0,2048,0,1493776,27707392,38797312
1775864266.001295,1295,ubuntu-rog,1,0,0,65683160,28356572,52240428,429032,22371948,0,12839584,21006952,11066832,4956,1772752,21001996,0,0,8388604,8388604,0,0,64,0,11046444,446788,26084,1839768,2511476,1839768,671708,14496,56904,0,0,0,0,41230184,14769804,34359738367,86828,0,81200,0,0,0,0,0,0,0,0,0,0,0,2048,0,1493776,27707392,38797312
1775864267.002055,2055,ubuntu-rog,1,0,0,65683160,28356572,52240432,429032,22371956,0,12839584,21006952,11066832,4956,1772752,21001996,0,0,8388604,8388604,0,0,76,0,11046444,446788,26084,1839772,2511480,1839772,671708,14496,56904,0,0,0,0,41230184,14769804,34359738367,86828,0,81200,0,0,0,0,0,0,0,0,0,0,0,2048,0,1493776,27707392,38797312
1775864268.001062,1062,ubuntu-rog,1,0,0,65683160,28356572,52240432,429032,22371956,0,12839584,21006952,11066832,4956,1772752,21001996,0,0,8388604,8388604,0,0,76,0,11046444,446788,26084,1839772,2511480,1839772,671708,14496,56904,0,0,0,0,41230184,14769804,34359738367,86828,0,81200,0,0,0,0,0,0,0,0,0,0,0,2048,0,1493776,27707392,38797312
1775864269.001298,1298,ubuntu-rog,1,0,0,65683160,28356572,52240432,429040,22371956,0,12839584,21006952,11066832,4956,1772752,21001996,0,0,8388604,8388604,0,0,76,0,11046444,446788,26084,1839772,2511480,1839772,671708,14496,56904,0,0,0,0,41230184,14769804,34359738367,86828,0,81200,0,0,0,0,0,0,0,0,0,0,0,2048,0,1493776,27707392,38797312
1775864270.001199,1199,ubuntu-rog,1,0,0,65683160,28356572,52240432,429040,22371956,0,12839584,21006952,11066832,4956,1772752,21001996,0,0,8388604,8388604,0,0,76,0,11046444,446788,26084,1839772,2511480,1839772,671708,14496,56904,0,0,0,0,41230184,14769804,34359738367,86828,0,81200,0,0,0,0,0,0,0,0,0,0,0,2048,0,1493776,27707392,38797312
1775864271.001599,1599,ubuntu-rog,1,0,0,65683160,28356572,52240432,429040,22371960,0,12839584,21006952,11066832,4956,1772752,21001996,0,0,8388604,8388604,0,0,80,0,11046444,446788,26084,1839772,2511484,1839772,671712,14496,56904,0,0,0,0,41230184,14769804,34359738367,86828,0,81200,0,0,0,0,0,0,0,0,0,0,0,2048,0,1493776,27707392,38797312
1775864272.002062,2062,ubuntu-rog,1,0,0,65683160,28356572,52240432,429040,22371964,0,12839584,21006952,11066832,4956,1772752,21001996,0,0,8388604,8388604,0,0,84,0,11046444,446788,26084,1839772,2511484,1839772,671712,14496,56904,0,0,0,0,41230184,14769804,34359738367,86828,0,81200,0,0,0,0,0,0,0,0,0,0,0,2048,0,1493776,27707392,38797312
1775864273.001064,1064,ubuntu-rog,1,0,0,65683160,28356572,52240432,429040,22371964,0,12839584,21006952,11066832,4956,1772752,21001996,0,0,8388604,8388604,0,0,44,0,11046444,446788,26084,1839772,2511484,1839772,671712,14496,56904,0,0,0,0,41230184,14769804,34359738367,86828,0,81200,0,0,0,0,0,0,0,0,0,0,0,2048,0,1493776,27707392,38797312
1775864274.001299,1299,ubuntu-rog,1,0,0,65683160,28356320,52240180,429040,22371968,0,12839584,21006952,11066832,4956,1772752,21001996,0,0,8388604,8388604,0,0,52,0,11046444,446788,26084,1839772,2511484,1839772,671712,14496,56904,0,0,0,0,41230184,14769804,34359738367,86828,0,81200,0,0,0,0,0,0,0,0,0,0,0,2048,0,1493776,27707392,38797312
1775864275.001197,1197,ubuntu-rog,1,0,0,65683160,28356320,52240180,429048,22371968,0,12839584,21006952,11066832,4956,1772752,21001996,0,0,8388604,8388604,0,0,56,0,11046444,446788,26084,1839772,2511484,1839772,671712,14496,56904,0,0,0,0,41230184,14769804,34359738367,86828,0,81200,0,0,0,0,0,0,0,0,0,0,0,2048,0,1493776,27707392,38797312
1775864276.002287,2287,ubuntu-rog,1,0,0,65683160,28356320,52240180,429048,22371968,0,12839584,21006952,11066832,4956,1772752,21001996,0,0,8388604,8388604,0,0,56,0,11046444,446788,26084,1839772,2511484,1839772,671712,14496,56904,0,0,0,0,41230184,14769804,34359738367,86828,0,81200,0,0,0,0,0,0,0,0,0,0,0,2048,0,1493776,27707392,38797312
1775864277.001071,1071,ubuntu-rog,1,0,0,65683160,28356320,52240180,429048,22371968,0,12839584,21006952,11066832,4956,1772752,21001996,0,0,8388604,8388604,0,0,56,0,11046444,446788,26084,1839772,2511484,1839772,671712,14496,56904,0,0,0,0,41230184,14769804,34359738367,86828,0,81200,0,0,0,0,0,0,0,0,0,0,0,2048,0,1493776,27707392,38797312
1775864278.001074,1074,ubuntu-rog,1,0,0,65683160,28356320,52240180,429048,22371980,0,12839584,21006952,11066832,4956,1772752,21001996,0,0,8388604,8388604,0,0,68,0,11046444,446788,26084,1839772,2511484,1839772,671712,14496,56904,0,0,0,0,41230184,14769804,34359738367,86828,0,81200,0,0,0,0,0,0,0,0,0,0,0,2048,0,1493776,27707392,38797312
1775864279.001290,1290,ubuntu-rog,1,0,0,65683160,28356320,52240180,429048,22371980,0,12839584,21006952,11066832,4956,1772752,21001996,0,0,8388604,8388604,0,0,68,0,11046444,446788,26084,1839772,2511484,1839772,671712,14496,56904,0,0,0,0,41230184,14769804,34359738367,86828,0,81200,0,0,0,0,0,0,0,0,0,0,0,2048,0,1493776,27707392,38797312
1775864280.002194,2194,ubuntu-rog,1,0,0,65683160,28356320,52240180,429048,22371980,0,12839584,21006952,11066832,4956,1772752,21001996,0,0,8388604,8388604,0,0,68,0,11046444,446788,26084,1839772,2511484,1839772,671712,14496,56904,0,0,0,0,41230184,14769804,34359738367,86828,0,81200,0,0,0,0,0,0,0,0,0,0,0,2048,0,1493776,27707392,38797312
1775864281.001293,1293,ubuntu-rog,1,0,0,65683160,28356320,52240304,429056,22371984,0,12839584,21007076,11066832,4956,1772752,21002120,0,0,8388604,8388604,0,0,72,0,11046444,446788,26084,1839772,2511484,1839772,671712,14496,56904,0,0,0,0,41230184,14769804,34359738367,86828,0,81200,0,0,0,0,0,0,0,0,0,0,0,2048,0,1493776,27707392,38797312
1775864282.001061,1061,ubuntu-rog,1,0,0,65683160,28356320,52240352,429056,22371984,0,12839584,21007124,11066832,4956,1772752,21002168,0,0,8388604,8388604,0,0,44,0,11046444,446788,26084,1839772,2511484,1839772,671712,14496,56904,0,0,0,0,41230184,14769804,34359738367,86828,0,81200,0,0,0,0,0,0,0,0,0,0,0,2048,0,1493776,27707392,38797312
1775864283.001062,1062,ubuntu-rog,1,0,0,65683160,28356320,52240352,429056,22371984,0,12839584,21007124,11066832,4956,1772752,21002168,0,0,8388604,8388604,0,0,44,0,11046444,446788,26084,1839772,2511484,1839772,671712,14496,56904,0,0,0,0,41230184,14769804,34359738367,86828,0,81200,0,0,0,0,0,0,0,0,0,0,0,2048,0,1493776,27707392,38797312
1775864284.002302,2302,ubuntu-rog,1,0,0,65683160,28356320,52240352,429056,22371988,0,12839584,21007124,11066832,4956,1772752,21002168,0,0,8388604,8388604,0,0,48,0,11046444,446788,26084,1839772,2511484,1839772,671712,14496,56904,0,0,0,0,41230184,14769804,34359738367,86828,0,81200,0,0,0,0,0,0,0,0,0,0,0,2048,0,1493776,27707392,38797312
1775864285.001198,1198,ubuntu-rog,1,0,0,65683160,28356320,52240352,429056,22371992,0,12839584,21007124,11066832,4956,1772752,21002168,0,0,8388604,8388604,0,0,52,0,11046444,446788,26084,1839772,2511484,1839772,671712,14496,56904,0,0,0,0,41230184,14769804,34359738367,86828,0,81200,0,0,0,0,0,0,0,0,0,0,0,2048,0,1493776,27707392,38797312
1775864286.001293,1293,ubuntu-rog,1,0,0,65683160,28356320,52240352,429064,22371992,0,12839584,21007124,11066832,4956,1772752,21002168,0,0,8388604,8388604,0,0,64,0,11046444,446788,26084,1839772,2511484,1839772,671712,14496,56904,0,0,0,0,41230184,14769804,34359738367,86828,0,81200,0,0,0,0,0,0,0,0,0,0,0,2048,0,1493776,27707392,38797312
1775864287.001058,1058,ubuntu-rog,1,0,0,65683160,28356320,52240352,429064,22371992,0,12839584,21007124,11066832,4956,1772752,21002168,0,0,8388604,8388604,0,0,64,0,11046444,446788,26084,1839772,2511484,1839772,671712,14496,56904,0,0,0,0,41230184,14769804,34359738367,86828,0,81200,0,0,0,0,0,0,0,0,0,0,0,2048,0,1493776,27707392,38797312
1775864288.002058,2058,ubuntu-rog,1,0,0,65683160,28356320,52240352,429064,22371996,0,12839584,21007124,11066832,4956,1772752,21002168,0,0,8388604,8388604,0,0,68,0,11046444,446788,26084,1839772,2511484,1839772,671712,14496,56904,0,0,0,0,41230184,14769804,34359738367,86828,0,81200,0,0,0,0,0,0,0,0,0,0,0,2048,0,1493776,27707392,38797312
1775864289.001292,1292,ubuntu-rog,1,0,0,65683160,28356320,52240352,429064,22372000,0,12839584,21007124,11066832,4956,1772752,21002168,0,0,8388604,8388604,0,0,72,0,11046444,446788,26084,1839772,2511484,1839772,671712,14496,56904,0,0,0,0,41230184,14769804,34359738367,86828,0,81200,0,0,0,0,0,0,0,0,0,0,0,2048,0,1493776,27707392,38797312
1775864290.001207,1207,ubuntu-rog,1,0,0,65683160,28356320,52240352,429064,22372000,0,12839584,21007124,11066832,4956,1772752,21002168,0,0,8388604,8388604,0,0,72,0,11046444,446788,26084,1839772,2511484,1839772,671712,14496,56904,0,0,0,0,41230184,14769804,34359738367,86828,0,81200,0,0,0,0,0,0,0,0,0,0,0,2048,0,1493776,27707392,38797312
1775864291.001297,1297,ubuntu-rog,1,0,0,65683160,28356320,52240352,429064,22372004,0,12839584,21007124,11066832,4956,1772752,21002168,0,0,8388604,8388604,0,0,76,0,11046444,446788,26084,1839772,2511480,1839772,671708,14496,56904,0,0,0,0,41230184,14769804,34359738367,86828,0,81200,0,0,0,0,0,0,0,0,0,0,0,2048,0,1493776,27707392,38797312
1775864292.002068,2068,ubuntu-rog,1,0,0,65683160,28356320,52240352,429072,22372008,0,12839584,21007124,11066832,4956,1772752,21002168,0,0,8388604,8388604,0,0,80,0,11046444,446788,26084,1839772,2511480,1839772,671708,14496,56904,0,0,0,0,41230184,14769804,34359738367,86828,0,81200,0,0,0,0,0,0,0,0,0,0,0,2048,0,1493776,27707392,38797312
1775864293.001063,1063,ubuntu-rog,1,0,0,65683160,28356320,52240352,429072,22372008,0,12839584,21007124,11066832,4956,1772752,21002168,0,0,8388604,8388604,0,0,80,0,11046444,446788,26084,1839772,2511480,1839772,671708,14496,56904,0,0,0,0,41230184,14769804,34359738367,86828,0,81200,0,0,0,0,0,0,0,0,0,0,0,2048,0,1493776,27707392,38797312
1775864294.001298,1298,ubuntu-rog,1,0,0,65683160,28356320,52240352,429072,22372008,0,12839584,21007124,11066832,4956,1772752,21002168,0,0,8388604,8388604,0,0,80,0,11046444,446788,26084,1839772,2511480,1839772,671708,14496,56904,0,0,0,0,41230184,14769804,34359738367,86828,0,81200,0,0,0,0,0,0,0,0,0,0,0,2048,0,1493776,27707392,38797312
1775864295.001195,1195,ubuntu-rog,1,0,0,65683160,28356320,52240352,429072,22372016,0,12839584,21007124,11066832,4956,1772752,21002168,0,0,8388604,8388604,0,0,88,0,11046444,446788,26084,1839772,2511480,1839772,671708,14496,56904,0,0,0,0,41230184,14769804,34359738367,86828,0,81200,0,0,0,0,0,0,0,0,0,0,0,2048,0,1493776,27707392,38797312
1775864296.001613,1613,ubuntu-rog,1,0,0,65683160,28356320,52240352,429072,22372016,0,12839584,21007124,11066832,4956,1772752,21002168,0,0,8388604,8388604,0,0,88,0,11046444,446788,26084,1839772,2511480,1839772,671708,14496,56904,0,0,0,0,41230184,14769804,34359738367,86828,0,81200,0,0,0,0,0,0,0,0,0,0,0,2048,0,1493776,27707392,38797312
1775864297.002061,2061,ubuntu-rog,1,0,0,65683160,28356320,52240352,429076,22372016,0,12839584,21007124,11066832,4956,1772752,21002168,0,0,8388604,8388604,0,0,88,0,11046444,446788,26084,1839772,2511480,1839772,671708,14496,56904,0,0,0,0,41230184,14769804,34359738367,86828,0,81200,0,0,0,0,0,0,0,0,0,0,0,2048,0,1493776,27707392,38797312
1775864298.001061,1061,ubuntu-rog,1,0,0,65683160,28356320,52240352,429076,22372016,0,12839584,21007124,11066832,4956,1772752,21002168,0,0,8388604,8388604,0,0,88,0,11046444,446788,26084,1839772,2511480,1839772,671708,14496,56904,0,0,0,0,41230184,14769804,34359738367,86828,0,81200,0,0,0,0,0,0,0,0,0,0,0,2048,0,1493776,27707392,38797312
1775864299.001292,1292,ubuntu-rog,1,0,0,65683160,28356320,52240352,429076,22372020,0,12839584,21007124,11066832,4956,1772752,21002168,0,0,8388604,8388604,0,0,48,0,11046444,446788,26084,1839772,2511480,1839772,671708,14496,56904,0,0,0,0,41230184,14769804,34359738367,86828,0,81200,0,0,0,0,0,0,0,0,0,0,0,2048,0,1493776,27707392,38797312
1775864300.001193,1193,ubuntu-rog,1,0,0,65683160,28356320,52240352,429076,22372024,0,12839584,21007124,11066832,4956,1772752,21002168,0,0,8388604,8388604,0,0,56,0,11046444,446788,26084,1839772,2511480,1839772,671708,14496,56904,0,0,0,0,41230184,14769804,34359738367,86828,0,81200,0,0,0,0,0,0,0,0,0,0,0,2048,0,1493776,27707392,38797312
1775864301.002290,2290,ubuntu-rog,1,0,0,65683160,28356320,52240352,429076,22372024,0,12839584,21007124,11066832,4956,1772752,21002168,0,0,8388604,8388604,0,0,56,0,11046444,446788,26084,1839772,2511480,1839772,671708,14496,56904,0,0,0,0,41230184,14769804,34359738367,86828,0,81200,0,0,0,0,0,0,0,0,0,0,0,2048,0,1493776,27707392,38797312
1775864302.001072,1072,ubuntu-rog,1,0,0,65683160,28356320,52240352,429084,22372028,0,12839584,21007124,11066832,4956,1772752,21002168,0,0,8388604,8388604,0,0,76,0,11046444,446788,26084,1839772,2511480,1839772,671708,14496,56904,0,0,0,0,41230184,14769804,34359738367,86828,0,81200,0,0,0,0,0,0,0,0,0,0,0,2048,0,1493776,27707392,38797312
1775864303.001072,1072,ubuntu-rog,1,0,0,65683160,28356320,52240352,429084,22372032,0,12839584,21007124,11066832,4956,1772752,21002168,0,0,8388604,8388604,0,0,84,0,11046444,446788,26084,1839772,2511480,1839772,671708,14496,56904,0,0,0,0,41230184,14769804,34359738367,86828,0,81200,0,0,0,0,0,0,0,0,0,0,0,2048,0,1493776,27707392,38797312
1775864304.001300,1300,ubuntu-rog,1,0,0,65683160,28356320,52240352,429084,22372032,0,12839584,21007124,11066832,4956,1772752,21002168,0,0,8388604,8388604,0,0,84,0,11046444,446788,26084,1839772,2511480,1839772,671708,14496,56904,0,0,0,0,41230184,14769804,34359738367,86828,0,81200,0,0,0,0,0,0,0,0,0,0,0,2048,0,1493776,27707392,38797312
1775864305.002193,2193,ubuntu-rog,1,0,0,65683160,28356320,52240352,429084,22372036,0,12839584,21007124,11066832,4956,1772752,21002168,0,0,8388604,8388604,0,0,88,0,11046444,446788,26084,1839772,2511480,1839772,671708,14496,56904,0,0,0,0,41230184,14769804,34359738367,86828,0,81200,0,0,0,0,0,0,0,0,0,0,0,2048,0,1493776,27707392,38797312
1775864306.001293,1293,ubuntu-rog,1,0,0,65683160,28356320,52240352,429084,22372040,0,12839584,21007124,11066832,4956,1772752,21002168,0,0,8388604,8388604,0,0,92,0,11046444,446788,26084,1839772,2511480,1839772,671708,14496,56904,0,0,0,0,41230184,14769804,34359738367,86828,0,81200,0,0,0,0,0,0,0,0,0,0,0,2048,0,1493776,27707392,38797312
1775864307.001057,1057,ubuntu-rog,1,0,0,65683160,28356320,52240352,429084,22372040,0,12839584,21007124,11066832,4956,1772752,21002168,0,0,8388604,8388604,0,0,92,0,11046444,446788,26084,1839772,2511480,1839772,671708,14496,56904,0,0,0,0,41230184,14769804,34359738367,86828,0,81200,0,0,0,0,0,0,0,0,0,0,0,2048,0,1493776,27707392,38797312
1775864308.001058,1058,ubuntu-rog,1,0,0,65683160,28356320,52240352,429088,22372040,0,12839584,21007124,11066832,4956,1772752,21002168,0,0,8388604,8388604,0,0,92,0,11046444,446788,26084,1839772,2511480,1839772,671708,14496,56904,0,0,0,0,41230184,14769804,34359738367,86828,0,81200,0,0,0,0,0,0,0,0,0,0,0,2048,0,1493776,27707392,38797312
1775864309.002295,2295,ubuntu-rog,1,0,0,65683160,28356320,52240352,429088,22372044,0,12839584,21007124,11066832,4956,1772752,21002168,0,0,8388604,8388604,0,0,56,0,11046444,446788,26084,1839772,2511480,1839772,671708,14496,56904,0,0,0,0,41230184,14769804,34359738367,86828,0,81200,0,0,0,0,0,0,0,0,0,0,0,2048,0,1493776,27707392,38797312
1775864310.001201,1201,ubuntu-rog,1,0,0,65683160,28356320,52240352,429088,22372044,0,12839584,21007124,11066832,4956,1772752,21002168,0,0,8388604,8388604,0,0,56,0,11046444,446788,26084,1839772,2511480,1839772,671708,14496,56904,0,0,0,0,41230184,14769964,34359738367,86828,0,81200,0,0,0,0,0,0,0,0,0,0,0,2048,0,1493776,27707392,38797312
1775864311.001291,1291,ubuntu-rog,1,0,0,65683160,28356320,52240352,429088,22372048,0,12839736,21007124,11066984,4956,1772752,21002168,0,0,8388604,8388604,0,0,60,0,11046616,446788,26084,1839772,2511448,1839772,671676,14496,56904,0,0,0,0,41230184,14769964,34359738367,86828,0,81200,0,0,0,0,0,0,0,0,0,0,0,2048,0,1493776,27707392,38797312
1775864312.001058,1058,ubuntu-rog,1,0,0,65683160,28356320,52240352,429088,22372052,0,12839736,21007124,11066984,4956,1772752,21002168,0,0,8388604,8388604,0,0,64,0,11046616,446788,26084,1839772,2511448,1839772,671676,14496,56904,0,0,0,0,41230184,14769964,34359738367,86828,0,81200,0,0,0,0,0,0,0,0,0,0,0,2048,0,1493776,27707392,38797312
1775864313.002058,2058,ubuntu-rog,1,0,0,65683160,28356320,52240352,429088,22372052,0,12839736,21007124,11066984,4956,1772752,21002168,0,0,8388604,8388604,0,0,64,0,11046616,446788,26084,1839772,2511448,1839772,671676,14496,56904,0,0,0,0,41230184,14769964,34359738367,86828,0,81200,0,0,0,0,0,0,0,0,0,0,0,2048,0,1493776,27707392,38797312
1775864314.001293,1293,ubuntu-rog,1,0,0,65683160,28356320,52240352,429092,22372052,0,12839736,21007124,11066984,4956,1772752,21002168,0,0,8388604,8388604,0,0,68,0,11046616,446788,26084,1839772,2511448,1839772,671676,14496,56904,0,0,0,0,41230184,14769964,34359738367,86828,0,81200,0,0,0,0,0,0,0,0,0,0,0,2048,0,1493776,27707392,38797312
1775864315.001210,1210,ubuntu-rog,1,0,0,65683160,28356320,52240352,429092,22372056,0,12839736,21007124,11066984,4956,1772752,21002168,0,0,8388604,8388604,0,0,72,0,11046616,446788,26084,1839772,2511448,1839772,671676,14496,56904,0,0,0,0,41230184,14769964,34359738367,86828,0,81200,0,0,0,0,0,0,0,0,0,0,0,2048,0,1493776,27707392,38797312
1775864316.001298,1298,ubuntu-rog,1,0,0,65683160,28356320,52240352,429092,22372060,0,12839736,21007124,11066984,4956,1772752,21002168,0,0,8388604,8388604,0,0,76,0,11046616,446788,26084,1839772,2511448,1839772,671676,14496,56904,0,0,0,0,41230184,14769964,34359738367,86828,0,81200,0,0,0,0,0,0,0,0,0,0,0,2048,0,1493776,27707392,38797312
1775864317.002057,2057,ubuntu-rog,1,0,0,65683160,28356320,52240352,429092,22372064,0,12839736,21007124,11066984,4956,1772752,21002168,0,0,8388604,8388604,0,0,48,0,11046616,446788,26084,1839772,2511448,1839772,671676,14496,56904,0,0,0,0,41230184,14769964,34359738367,86828,0,81200,0,0,0,0,0,0,0,0,0,0,0,2048,0,1493776,27707392,38797312
1775864318.001061,1061,ubuntu-rog,1,0,0,65683160,28356320,52240352,429092,22372064,0,12839736,21007124,11066984,4956,1772752,21002168,0,0,8388604,8388604,0,0,48,0,11046616,446788,26084,1839772,2511448,1839772,671676,14496,56904,0,0,0,0,41230184,14769964,34359738367,86828,0,81200,0,0,0,0,0,0,0,0,0,0,0,2048,0,1493776,27707392,38797312
1775864319.001295,1295,ubuntu-rog,1,0,0,65683160,28356320,52240352,429092,22372068,0,12839736,21007124,11066984,4956,1772752,21002168,0,0,8388604,8388604,0,0,52,0,11046616,446788,26084,1839772,2511448,1839772,671676,14496,56904,0,0,0,0,41230184,14769964,34359738367,86828,0,81200,0,0,0,0,0,0,0,0,0,0,0,2048,0,1493776,27707392,38797312
1775864320.001196,1196,ubuntu-rog,1,0,0,65683160,28356320,52240352,429100,22372068,0,12839736,21007124,11066984,4956,1772752,21002168,0,0,8388604,8388604,0,0,60,0,11046616,446788,26084,1839772,2511448,1839772,671676,14496,56904,0,0,0,0,41230184,14769964,34359738367,86828,0,81200,0,0,0,0,0,0,0,0,0,0,0,2048,0,1493776,27707392,38797312
1775864321.001270,1270,ubuntu-rog,1,0,0,65683160,28356320,52240352,429100,22372068,0,12839716,21007124,11066964,4956,1772752,21002168,0,0,8388604,8388604,0,0,60,0,11046616,446788,26084,1839772,2511448,1839772,671676,14496,56904,0,0,0,0,41230184,14769964,34359738367,86828,0,81200,0,0,0,0,0,0,0,0,0,0,0,2048,0,1493776,27707392,38797312
1775864322.002063,2063,ubuntu-rog,1,0,0,65683160,28356320,52240352,429100,22372068,0,12839716,21007124,11066964,4956,1772752,21002168,0,0,8388604,8388604,0,0,60,0,11046616,446788,26084,1839772,2511448,1839772,671676,14496,56904,0,0,0,0,41230184,14769964,34359738367,86828,0,81200,0,0,0,0,0,0,0,0,0,0,0,2048,0,1493776,27707392,38797312
1775864323.001062,1062,ubuntu-rog,1,0,0,65683160,28356320,52240352,429100,22372076,0,12839716,21007124,11066964,4956,1772752,21002168,0,0,8388604,8388604,0,0,68,0,11046616,446788,26084,1839772,2511448,1839772,671676,14496,56904,0,0,0,0,41230184,14769964,34359738367,86828,0,81200,0,0,0,0,0,0,0,0,0,0,0,2048,0,1493776,27707392,38797312
1775864324.001285,1285,ubuntu-rog,1,0,0,65683160,28356320,52240352,429100,22372076,0,12839716,21007124,11066964,4956,1772752,21002168,0,0,8388604,8388604,0,0,68,0,11046616,446788,26084,1839772,2511448,1839772,671676,14496,56904,0,0,0,0,41230184,14769964,34359738367,86828,0,81200,0,0,0,0,0,0,0,0,0,0,0,2048,0,1493776,27707392,38797312
1775864325.001200,1200,ubuntu-rog,1,0,0,65683160,28356320,52240352,429100,22372076,0,12839716,21007124,11066964,4956,1772752,21002168,0,0,8388604,8388604,0,0,68,0,11046616,446788,26084,1839772,2511448,1839772,671676,14496,56904,0,0,0,0,41230184,14769964,34359738367,86828,0,81200,0,0,0,0,0,0,0,0,0,0,0,2048,0,1493776,27707392,38797312
1775864326.002287,2287,ubuntu-rog,1,0,0,65683160,28356320,52240352,429108,22372080,0,12839716,21007124,11066964,4956,1772752,21002168,0,0,8388604,8388604,0,0,72,0,11046616,446788,26084,1839772,2511448,1839772,671676,14496,56904,0,0,0,0,41230184,14769964,34359738367,86828,0,81200,0,0,0,0,0,0,0,0,0,0,0,2048,0,1493776,27707392,38797312
1775864327.001071,1071,ubuntu-rog,1,0,0,65683160,28356320,52240352,429108,22372084,0,12839716,21007124,11066964,4956,1772752,21002168,0,0,8388604,8388604,0,0,76,0,11046616,446788,26084,1839772,2511448,1839772,671676,14496,56904,0,0,0,0,41230184,14769964,34359738367,86828,0,81200,0,0,0,0,0,0,0,0,0,0,0,2048,0,1493776,27707392,38797312
1775864328.001069,1069,ubuntu-rog,1,0,0,65683160,28356320,52240352,429108,22372088,0,12839716,21007124,11066964,4956,1772752,21002168,0,0,8388604,8388604,0,0,80,0,11046616,446788,26084,1839772,2511448,1839772,671676,14496,56904,0,0,0,0,41230184,14769964,34359738367,86828,0,81200,0,0,0,0,0,0,0,0,0,0,0,2048,0,1493776,27707392,38797312
1775864329.001292,1292,ubuntu-rog,1,0,0,65683160,28356320,52240352,429108,22372088,0,12839716,21007124,11066964,4956,1772752,21002168,0,0,8388604,8388604,0,0,80,0,11046616,446788,26084,1839772,2511448,1839772,671676,14496,56904,0,0,0,0,41230184,14769964,34359738367,86828,0,81200,0,0,0,0,0,0,0,0,0,0,0,2048,0,1493776,27707392,38797312
1775864330.002196,2196,ubuntu-rog,1,0,0,65683160,28356320,52240352,429108,22372092,0,12839716,21007124,11066964,4956,1772752,21002168,0,0,8388604,8388604,0,0,84,0,11046616,446788,26084,1839772,2511448,1839772,671676,14496,56904,0,0,0,0,41230184,14769964,34359738367,86828,0,81200,0,0,0,0,0,0,0,0,0,0,0,2048,0,1493776,27707392,38797312
1775864331.001295,1295,ubuntu-rog,1,0,0,65683160,28356320,52240352,429108,22372092,0,12839716,21007124,11066964,4956,1772752,21002168,0,0,8388604,8388604,0,0,84,0,11046616,446788,26084,1839772,2511448,1839772,671676,14496,56904,0,0,0,0,41230184,14769964,34359738367,86828,0,81200,0,0,0,0,0,0,0,0,0,0,0,2048,0,1493776,27707392,38797312
1775864332.001058,1058,ubuntu-rog,1,0,0,65683160,28356320,52240352,429112,22372092,0,12839716,21007124,11066964,4956,1772752,21002168,0,0,8388604,8388604,0,0,84,0,11046616,446788,26084,1839772,2511448,1839772,671676,14496,56904,0,0,0,0,41230184,14769964,34359738367,86828,0,81200,0,0,0,0,0,0,0,0,0,0,0,2048,0,1493776,27707392,38797312
1775864333.001062,1062,ubuntu-rog,1,0,0,65683160,28356320,52240352,429112,22372096,0,12839716,21007124,11066964,4956,1772752,21002168,0,0,8388604,8388604,0,0,88,0,11046616,446788,26084,1839772,2511448,1839772,671676,14496,56904,0,0,0,0,41230184,14769964,34359738367,86828,0,81200,0,0,0,0,0,0,0,0,0,0,0,2048,0,1493776,27707392,38797312
1775864334.002305,2305,ubuntu-rog,1,0,0,65683160,28356320,52240352,429112,22372100,0,12839716,21007124,11066964,4956,1772752,21002168,0,0,8388604,8388604,0,0,92,0,11046616,446788,26084,1839772,2511448,1839772,671676,14496,56904,0,0,0,0,41230184,14769964,34359738367,86828,0,81200,0,0,0,0,0,0,0,0,0,0,0,2048,0,1493776,27707392,38797312
1775864335.001199,1199,ubuntu-rog,1,0,0,65683160,28356320,52240352,429112,22372100,0,12839716,21007124,11066964,4956,1772752,21002168,0,0,8388604,8388604,0,0,44,0,11046616,446788,26084,1839772,2511448,1839772,671676,14496,56904,0,0,0,0,41230184,14769964,34359738367,86828,0,81200,0,0,0,0,0,0,0,0,0,0,0,2048,0,1493776,27707392,38797312
1775864336.001293,1293,ubuntu-rog,1,0,0,65683160,28356320,52240352,429112,22372100,0,12839716,21007124,11066964,4956,1772752,21002168,0,0,8388604,8388604,0,0,44,0,11046616,446788,26084,1839772,2511448,1839772,671676,14496,56904,0,0,0,0,41230184,14769964,34359738367,86828,0,81200,0,0,0,0,0,0,0,0,0,0,0,2048,0,1493776,27707392,38797312
1775864337.001058,1058,ubuntu-rog,1,0,0,65683160,28356320,52240352,429112,22372104,0,12839716,21007124,11066964,4956,1772752,21002168,0,0,8388604,8388604,0,0,48,0,11046616,446788,26084,1839772,2511448,1839772,671676,14496,56904,0,0,0,0,41230184,14769964,34359738367,86828,0,81200,0,0,0,0,0,0,0,0,0,0,0,2048,0,1493776,27707392,38797312
1775864338.002058,2058,ubuntu-rog,1,0,0,65683160,28356320,52240352,429116,22372104,0,12839716,21007124,11066964,4956,1772752,21002168,0,0,8388604,8388604,0,0,64,0,11046616,446788,26084,1839772,2511448,1839772,671676,14496,56904,0,0,0,0,41230184,14769964,34359738367,86828,0,81200,0,0,0,0,0,0,0,0,0,0,0,2048,0,1493776,27707392,38797312
1775864339.001289,1289,ubuntu-rog,1,0,0,65683160,28356320,52240480,429116,22372112,0,12839716,21007248,11066964,4956,1772752,21002292,0,0,8388604,8388604,0,0,80,0,11046616,446788,26084,1839776,2511452,1839776,671676,14496,56904,0,0,0,0,41230184,14769964,34359738367,86828,0,81200,0,0,0,0,0,0,0,0,0,0,0,2048,0,1493776,27707392,38797312
1775864340.001208,1208,ubuntu-rog,1,0,0,65683160,28356320,52240480,429116,22372116,0,12839716,21007248,11066964,4956,1772752,21002292,0,0,8388604,8388604,0,0,48,0,11046616,446788,26084,1839776,2511452,1839776,671676,14496,56904,0,0,0,0,41230184,14769964,34359738367,86828,0,81200,0,0,0,0,0,0,0,0,0,0,0,2048,0,1493776,27707392,38797312
1775864341.001294,1294,ubuntu-rog,1,0,0,65683160,28356320,52240480,429116,22372116,0,12839716,21007248,11066964,4956,1772752,21002292,0,0,8388604,8388604,0,0,48,0,11046616,446788,26084,1839776,2511452,1839776,671676,14496,56904,0,0,0,0,41230184,14769964,34359738367,86828,0,81200,0,0,0,0,0,0,0,0,0,0,0,2048,0,1493776,27707392,38797312
1775864342.002056,2056,ubuntu-rog,1,0,0,65683160,28356320,52240480,429116,22372116,0,12839716,21007248,11066964,4956,1772752,21002292,0,0,8388604,8388604,0,0,48,0,11046616,446788,26084,1839776,2511452,1839776,671676,14496,56904,0,0,0,0,41230184,14769964,34359738367,86828,0,81200,0,0,0,0,0,0,0,0,0,0,0,2048,0,1493776,27707392,38797312
1775864343.001061,1061,ubuntu-rog,1,0,0,65683160,28356320,52240480,429116,22372120,0,12839716,21007248,11066964,4956,1772752,21002292,0,0,8388604,8388604,0,0,52,0,11046616,446788,26084,1839776,2511452,1839776,671676,14496,56904,0,0,0,0,41230184,14769964,34359738367,86828,0,81200,0,0,0,0,0,0,0,0,0,0,0,2048,0,1493776,27707392,38797312
1775864344.001297,1297,ubuntu-rog,1,0,0,65683160,28356320,52240480,429120,22372120,0,12839716,21007248,11066964,4956,1772752,21002292,0,0,8388604,8388604,0,0,56,0,11046616,446788,26084,1839776,2511452,1839776,671676,14496,56904,0,0,0,0,41230184,14769964,34359738367,86828,0,81200,0,0,0,0,0,0,0,0,0,0,0,2048,0,1493776,27707392,38797312
1775864345.001196,1196,ubuntu-rog,1,0,0,65683160,28356320,52240480,429120,22372124,0,12839716,21007248,11066964,4956,1772752,21002292,0,0,8388604,8388604,0,0,60,0,11046616,446788,26084,1839776,2511452,1839776,671676,14496,56904,0,0,0,0,41230184,14769964,34359738367,86828,0,81200,0,0,0,0,0,0,0,0,0,0,0,2048,0,1493776,27707392,38797312
1775864346.002297,2297,ubuntu-rog,1,0,0,65683160,28356320,52240480,429120,22372124,0,12839716,21007248,11066964,4956,1772752,21002292,0,0,8388604,8388604,0,0,60,0,11046616,446788,26084,1839776,2511452,1839776,671676,14496,56904,0,0,0,0,41230184,14769964,34359738367,86828,0,81200,0,0,0,0,0,0,0,0,0,0,0,2048,0,1493776,27707392,38797312
1775864347.001068,1068,ubuntu-rog,1,0,0,65683160,28133828,52018108,429120,22372128,0,13023216,21007368,11250464,4956,1772752,21002412,0,0,8388604,8388604,0,0,64,0,11229436,446788,26084,1839776,2511452,1839776,671676,14496,57392,0,0,0,0,41230184,15252416,34359738367,86828,0,81200,0,0,0,0,0,0,0,0,0,0,0,2048,0,1493776,27707392,38797312
1775864348.001077,1077,ubuntu-rog,1,0,0,65683160,28209944,52094224,429120,22372128,0,12962748,21007368,11189996,4956,1772752,21002412,0,0,8388604,8388604,0,0,64,0,11170888,446788,26084,1839776,2511452,1839776,671676,14496,57036,0,0,0,0,41230184,14912276,34359738367,86828,0,81200,0,0,0,0,0,0,0,0,0,0,0,2048,0,1493776,27707392,38797312
1775864349.001305,1305,ubuntu-rog,1,0,0,65683160,28326732,52211012,429120,22372128,0,12839296,21007368,11066544,4956,1772752,21002412,0,0,8388604,8388604,0,0,64,0,11046608,446788,26084,1839776,2511452,1839776,671676,14496,56900,0,0,0,0,41230184,14769956,34359738367,86828,0,81200,0,0,0,0,0,0,0,0,0,0,0,2048,0,1493776,27707392,38797312
1775864350.002199,2199,ubuntu-rog,1,0,0,65683160,28334920,52219200,429128,22372136,0,12839296,21007368,11066544,4956,1772752,21002412,0,0,8388604,8388604,0,0,72,0,11046608,446788,26084,1839776,2511452,1839776,671676,14496,56900,0,0,0,0,41230184,14769956,34359738367,86828,0,81200,0,0,0,0,0,0,0,0,0,0,0,2048,0,1493776,27707392,38797312
1775864351.001298,1298,ubuntu-rog,1,0,0,65683160,28334920,52219200,429128,22372136,0,12839244,21007368,11066492,4956,1772752,21002412,0,0,8388604,8388604,0,0,44,0,11046448,446788,26084,1839776,2511452,1839776,671676,14496,56900,0,0,0,0,41230184,14769796,34359738367,86828,0,81200,0,0,0,0,0,0,0,0,0,0,0,2048,0,1493776,27707392,38797312
1775864352.001060,1060,ubuntu-rog,1,0,0,65683160,28334920,52219200,429128,22372140,0,12839244,21007368,11066492,4956,1772752,21002412,0,0,8388604,8388604,0,0,48,0,11046448,446788,26084,1839776,2511452,1839776,671676,14496,56900,0,0,0,0,41230184,14769796,34359738367,86828,0,81200,0,0,0,0,0,0,0,0,0,0,0,2048,0,1493776,27707392,38797312
1775864353.001063,1063,ubuntu-rog,1,0,0,65683160,28335324,52219604,429128,22372140,0,12839244,21007368,11066492,4956,1772752,21002412,0,0,8388604,8388604,0,0,48,0,11046448,446788,26084,1839776,2511452,1839776,671676,14496,56900,0,0,0,0,41230184,14769796,34359738367,86828,0,81200,0,0,0,0,0,0,0,0,0,0,0,2048,0,1493776,27707392,38797312
1775864354.002294,2294,ubuntu-rog,1,0,0,65683160,28336684,52220964,429128,22372144,0,12839244,21007368,11066492,4956,1772752,21002412,0,0,8388604,8388604,0,0,52,0,11046448,446788,26084,1839776,2511452,1839776,671676,14496,56900,0,0,0,0,41230184,14769796,34359738367,86828,0,81200,0,0,0,0,0,0,0,0,0,0,0,2048,0,1493776,27707392,38797312
1775864355.001200,1200,ubuntu-rog,1,0,0,65683160,28338208,52222488,429132,22372144,0,12839244,21007368,11066492,4956,1772752,21002412,0,0,8388604,8388604,0,0,64,0,11046448,446788,26084,1839776,2511452,1839776,671676,14496,56900,0,0,0,0,41230184,14769796,34359738367,86828,0,81200,0,0,0,0,0,0,0,0,0,0,0,2048,0,1493776,27707392,38797312
1775864356.001299,1299,ubuntu-rog,1,0,0,65683160,28339140,52223420,429132,22372148,0,12839244,21007368,11066492,4956,1772752,21002412,0,0,8388604,8388604,0,0,68,0,11046448,446788,26084,1839776,2511452,1839776,671676,14496,56900,0,0,0,0,41230184,14769796,34359738367,86828,0,81200,0,0,0,0,0,0,0,0,0,0,0,2048,0,1493776,27707392,38797312
1775864357.001060,1060,ubuntu-rog,1,0,0,65683160,28340308,52224588,429132,22372152,0,12839244,21007368,11066492,4956,1772752,21002412,0,0,8388604,8388604,0,0,72,0,11046448,446788,26084,1839776,2511452,1839776,671676,14496,56900,0,0,0,0,41230184,14769796,34359738367,86828,0,81200,0,0,0,0,0,0,0,0,0,0,0,2048,0,1493776,27707392,38797312
1775864358.002057,2057,ubuntu-rog,1,0,0,65683160,28340924,52225204,429132,22372152,0,12839244,21007368,11066492,4956,1772752,21002412,0,0,8388604,8388604,0,0,72,0,11046448,446788,26084,1839776,2511452,1839776,671676,14496,56900,0,0,0,0,41230184,14769796,34359738367,86828,0,81200,0,0,0,0,0,0,0,0,0,0,0,2048,0,1493776,27707392,38797312
1775864359.001301,1301,ubuntu-rog,1,0,0,65683160,28341196,52225476,429132,22372152,0,12839244,21007368,11066492,4956,1772752,21002412,0,0,8388604,8388604,0,0,72,0,11046448,446788,26084,1839776,2511452,1839776,671676,14496,56900,0,0,0,0,41230184,14769796,34359738367,86828,0,81200,0,0,0,0,0,0,0,0,0,0,0,2048,0,1493776,27707392,38797312
1775864360.001201,1201,ubuntu-rog,1,0,0,65683160,28344980,52229260,429132,22372152,0,12839244,21007368,11066492,4956,1772752,21002412,0,0,8388604,8388604,0,0,72,0,11046448,446788,26084,1839776,2511452,1839776,671676,14496,56900,0,0,0,0,41230184,14769796,34359738367,86828,0,81200,0,0,0,0,0,0,0,0,0,0,0,2048,0,1493776,27707392,38797312
1775864361.001300,1300,ubuntu-rog,1,0,0,65683160,28344980,52229260,429140,22372156,0,12839244,21007368,11066492,4956,1772752,21002412,0,0,8388604,8388604,0,0,76,0,11046448,446788,26084,1839776,2511452,1839776,671676,14496,56900,0,0,0,0,41230184,14769796,34359738367,86828,0,81200,0,0,0,0,0,0,0,0,0,0,0,2048,0,1493776,27707392,38797312
1775864362.002054,2054,ubuntu-rog,1,0,0,65683160,28344980,52229260,429140,22372160,0,12839244,21007368,11066492,4956,1772752,21002412,0,0,8388604,8388604,0,0,80,0,11046448,446788,26084,1839776,2511452,1839776,671676,14496,56900,0,0,0,0,41230184,14769796,34359738367,86828,0,81200,0,0,0,0,0,0,0,0,0,0,0,2048,0,1493776,27707392,38797312
1775864363.001062,1062,ubuntu-rog,1,0,0,65683160,28344980,52229260,429140,22372160,0,12839244,21007368,11066492,4956,1772752,21002412,0,0,8388604,8388604,0,0,80,0,11046448,446788,26084,1839776,2511452,1839776,671676,14496,56900,0,0,0,0,41230184,14769796,34359738367,86828,0,81200,0,0,0,0,0,0,0,0,0,0,0,2048,0,1493776,27707392,38797312
1775864364.001303,1303,ubuntu-rog,1,0,0,65683160,28344980,52229260,429140,22372168,0,12839244,21007368,11066492,4956,1772752,21002412,0,0,8388604,8388604,0,0,88,0,11046448,446788,26084,1839776,2511452,1839776,671676,14496,56900,0,0,0,0,41230184,14769796,34359738367,86828,0,81200,0,0,0,0,0,0,0,0,0,0,0,2048,0,1493776,27707392,38797312
1775864365.001199,1199,ubuntu-rog,1,0,0,65683160,28347804,52232084,429140,22372168,0,12839244,21007368,11066492,4956,1772752,21002412,0,0,8388604,8388604,0,0,88,0,11046448,446788,26084,1839776,2511452,1839776,671676,14496,56900,0,0,0,0,41230184,14769796,34359738367,86828,0,81200,0,0,0,0,0,0,0,0,0,0,0,2048,0,1493776,27707392,38797312
1775864366.002294,2294,ubuntu-rog,1,0,0,65683160,28350640,52234920,429148,22372168,0,12839244,21007368,11066492,4956,1772752,21002412,0,0,8388604,8388604,0,0,88,0,11046448,446788,26084,1839776,2511452,1839776,671676,14496,56900,0,0,0,0,41230184,14769796,34359738367,86828,0,81200,0,0,0,0,0,0,0,0,0,0,0,2048,0,1493776,27707392,38797312
1775864367.001058,1058,ubuntu-rog,1,0,0,65683160,28352464,52236744,429148,22372172,0,12839244,21007368,11066492,4956,1772752,21002412,0,0,8388604,8388604,0,0,92,0,11046448,446788,26084,1839776,2511452,1839776,671676,14496,56900,0,0,0,0,41230184,14769796,34359738367,86828,0,81200,0,0,0,0,0,0,0,0,0,0,0,2048,0,1493776,27707392,38797312
1775864368.001061,1061,ubuntu-rog,1,0,0,65683160,28353000,52237280,429148,22372176,0,12839244,21007368,11066492,4956,1772752,21002412,0,0,8388604,8388604,0,0,96,0,11046448,446788,26084,1839776,2511452,1839776,671676,14496,56900,0,0,0,0,41230184,14769796,34359738367,86828,0,81200,0,0,0,0,0,0,0,0,0,0,0,2048,0,1493776,27707392,38797312
1775864369.001305,1305,ubuntu-rog,1,0,0,65683160,28353000,52237280,429148,22372176,0,12839244,21007368,11066492,4956,1772752,21002412,0,0,8388604,8388604,0,0,96,0,11046448,446788,26084,1839776,2511452,1839776,671676,14512,56900,0,0,0,0,41230184,14769796,34359738367,86828,0,81200,0,0,0,0,0,0,0,0,0,0,0,2048,0,1493776,27707392,38797312
1775864370.002193,2193,ubuntu-rog,1,0,0,65683160,28353000,52237280,429148,22372176,0,12839244,21007368,11066492,4956,1772752,21002412,0,0,8388604,8388604,0,0,12,0,11046448,446788,26084,1839776,2511452,1839776,671676,14512,56900,0,0,0,0,41230184,14769796,34359738367,86828,0,81200,0,0,0,0,0,0,0,0,0,0,0,2048,0,1493776,27707392,38797312
1775864371.001296,1296,ubuntu-rog,1,0,0,65683160,28353000,52237280,429148,22372180,0,12839244,21007368,11066492,4956,1772752,21002412,0,0,8388604,8388604,0,0,20,0,11046448,446788,26084,1839776,2511452,1839776,671676,14512,56900,0,0,0,0,41230184,14769796,34359738367,86828,0,81200,0,0,0,0,0,0,0,0,0,0,0,2048,0,1493776,27707392,38797312
1775864372.001056,1056,ubuntu-rog,1,0,0,65683160,28353000,52237284,429152,22372180,0,12839244,21007368,11066492,4956,1772752,21002412,0,0,8388604,8388604,0,0,40,0,11046448,446788,26084,1839780,2511456,1839780,671676,14512,56900,0,0,0,0,41230184,14769796,34359738367,86828,0,81200,0,0,0,0,0,0,0,0,0,0,0,2048,0,1493776,27707392,38797312
1775864373.001061,1061,ubuntu-rog,1,0,0,65683160,28353000,52237284,429152,22372184,0,12839244,21007368,11066492,4956,1772752,21002412,0,0,8388604,8388604,0,0,48,0,11046448,446788,26084,1839780,2511456,1839780,671676,14512,56900,0,0,0,0,41230184,14769796,34359738367,86828,0,81200,0,0,0,0,0,0,0,0,0,0,0,2048,0,1493776,27707392,38797312
1775864374.002295,2295,ubuntu-rog,1,0,0,65683160,28353000,52237284,429152,22372184,0,12839244,21007368,11066492,4956,1772752,21002412,0,0,8388604,8388604,0,0,48,0,11046448,446788,26084,1839780,2511456,1839780,671676,14512,56900,0,0,0,0,41230184,14769796,34359738367,86828,0,81200,0,0,0,0,0,0,0,0,0,0,0,2048,0,1493776,27707392,38797312
1775864375.001198,1198,ubuntu-rog,1,0,0,65683160,28353000,52237340,429152,22372188,0,12839312,21007424,11066560,4956,1772752,21002468,0,0,8388604,8388604,0,0,52,0,11046448,446788,26084,1839780,2511456,1839780,671676,14512,56900,0,0,0,0,41230184,14769796,34359738367,86828,0,81200,0,0,0,0,0,0,0,0,0,0,0,2048,0,1493776,27707392,38797312
1775864376.001297,1297,ubuntu-rog,1,0,0,65683160,28353000,52237340,429152,22372192,0,12839312,21007424,11066560,4956,1772752,21002468,0,0,8388604,8388604,0,0,60,0,11046448,446788,26084,1839780,2511456,1839780,671676,14512,56900,0,0,0,0,41230184,14769796,34359738367,86828,0,81200,0,0,0,0,0,0,0,0,0,0,0,2048,0,1493776,27707392,38797312
1775864377.001058,1058,ubuntu-rog,1,0,0,65683160,28353000,52237340,429152,22372192,0,12839312,21007424,11066560,4956,1772752,21002468,0,0,8388604,8388604,0,0,60,0,11046448,446788,26084,1839780,2511456,1839780,671676,14512,56900,0,0,0,0,41230184,14769796,34359738367,86828,0,81200,0,0,0,0,0,0,0,0,0,0,0,2048,0,1493776,27707392,38797312
1775864378.002055,2055,ubuntu-rog,1,0,0,65683160,28353000,52237340,429156,22372200,0,12839312,21007424,11066560,4956,1772752,21002468,0,0,8388604,8388604,0,0,68,0,11046448,446788,26084,1839780,2511456,1839780,671676,14512,56900,0,0,0,0,41230184,14769796,34359738367,86828,0,81200,0,0,0,0,0,0,0,0,0,0,0,2048,0,1493776,27707392,38797312
1775864379.001299,1299,ubuntu-rog,1,0,0,65683160,28353000,52237340,429156,22372200,0,12839312,21007424,11066560,4956,1772752,21002468,0,0,8388604,8388604,0,0,68,0,11046448,446788,26084,1839780,2511456,1839780,671676,14512,56900,0,0,0,0,41230184,14769796,34359738367,86828,0,81200,0,0,0,0,0,0,0,0,0,0,0,2048,0,1493776,27707392,38797312
1775864380.001201,1201,ubuntu-rog,1,0,0,65683160,28353000,52237340,429156,22372200,0,12839312,21007424,11066560,4956,1772752,21002468,0,0,8388604,8388604,0,0,68,0,11046448,446788,26084,1839780,2511456,1839780,671676,14512,56900,0,0,0,0,41230184,14769796,34359738367,86828,0,81200,0,0,0,0,0,0,0,0,0,0,0,2048,0,1493776,27707392,38797312
1775864381.001297,1297,ubuntu-rog,1,0,0,65683160,28353000,52237340,429156,22372200,0,12839312,21007424,11066560,4956,1772752,21002468,0,0,8388604,8388604,0,0,68,0,11046448,446788,26084,1839780,2511456,1839780,671676,14512,56900,0,0,0,0,41230184,14769796,34359738367,86828,0,81200,0,0,0,0,0,0,0,0,0,0,0,2048,0,1493776,27707392,38797312
1775864382.002054,2054,ubuntu-rog,1,0,0,65683160,28353000,52237340,429156,22372204,0,12839312,21007424,11066560,4956,1772752,21002468,0,0,8388604,8388604,0,0,72,0,11046448,446788,26084,1839780,2511456,1839780,671676,14512,56900,0,0,0,0,41230184,14769796,34359738367,86828,0,81200,0,0,0,0,0,0,0,0,0,0,0,2048,0,1493776,27707392,38797312
1775864383.001059,1059,ubuntu-rog,1,0,0,65683160,28353000,52237388,429160,22372204,0,12839388,21007472,11066636,4956,1772752,21002516,0,0,8388604,8388604,0,0,72,0,11046448,446788,26084,1839780,2511452,1839780,671672,14512,56900,0,0,0,0,41230184,14769796,34359738367,86828,0,81200,0,0,0,0,0,0,0,0,0,0,0,2048,0,1493776,27707392,38797312
1775864384.001301,1301,ubuntu-rog,1,0,0,65683160,28353000,52237388,429160,22372208,0,12839388,21007472,11066636,4956,1772752,21002516,0,0,8388604,8388604,0,0,76,0,11046448,446788,26084,1839780,2511452,1839780,671672,14496,56900,0,0,0,0,41230184,14769796,34359738367,86812,0,81200,0,0,0,0,0,0,0,0,0,0,0,2048,0,1493776,27707392,38797312
1775864385.001199,1199,ubuntu-rog,1,0,0,65683160,28353000,52237388,429160,22372212,0,12839388,21007472,11066636,4956,1772752,21002516,0,0,8388604,8388604,0,0,80,0,11046448,446788,26084,1839780,2511452,1839780,671672,14496,56900,0,0,0,0,41230184,14769796,34359738367,86812,0,81200,0,0,0,0,0,0,0,0,0,0,0,2048,0,1493776,27707392,38797312
1775864386.002297,2297,ubuntu-rog,1,0,0,65683160,28353000,52237408,429160,22372212,0,12839388,21007492,11066636,4956,1772752,21002536,0,0,8388604,8388604,0,0,48,0,11046448,446788,26084,1839780,2511452,1839780,671672,14496,56900,0,0,0,0,41230184,14769796,34359738367,86812,0,81200,0,0,0,0,0,0,0,0,0,0,0,2048,0,1493776,27707392,38797312
1775864387.001057,1057,ubuntu-rog,1,0,0,65683160,28353000,52237408,429160,22372212,0,12839388,21007492,11066636,4956,1772752,21002536,0,0,8388604,8388604,0,0,48,0,11046448,446788,26084,1839780,2511452,1839780,671672,14496,56900,0,0,0,0,41230184,14769796,34359738367,86812,0,81200,0,0,0,0,0,0,0,0,0,0,0,2048,0,1493776,27707392,38797312
1775864388.001060,1060,ubuntu-rog,1,0,0,65683160,28353000,52237408,429160,22372220,0,12839388,21007492,11066636,4956,1772752,21002536,0,0,8388604,8388604,0,0,56,0,11046448,446788,26084,1839780,2511452,1839780,671672,14496,56900,0,0,0,0,41230184,14769796,34359738367,86812,0,81200,0,0,0,0,0,0,0,0,0,0,0,2048,0,1493776,27707392,38797312
1775864389.001301,1301,ubuntu-rog,1,0,0,65683160,28353000,52237408,429168,22372220,0,12839388,21007492,11066636,4956,1772752,21002536,0,0,8388604,8388604,0,0,64,0,11046448,446788,26084,1839780,2511452,1839780,671672,14496,56900,0,0,0,0,41230184,14769796,34359738367,86796,0,81200,0,0,0,0,0,0,0,0,0,0,0,2048,0,1493776,27707392,38797312
1775864390.002196,2196,ubuntu-rog,1,0,0,65683160,28353000,52237408,429168,22372224,0,12839388,21007492,11066636,4956,1772752,21002536,0,0,8388604,8388604,0,0,68,0,11046448,446788,26084,1839780,2511452,1839780,671672,14480,56900,0,0,0,0,41230184,14769796,34359738367,86796,0,81200,0,0,0,0,0,0,0,0,0,0,0,2048,0,1493776,27707392,38797312
1775864391.001297,1297,ubuntu-rog,1,0,0,65683160,28353000,52237408,429168,22372224,0,12839388,21007492,11066636,4956,1772752,21002536,0,0,8388604,8388604,0,0,68,0,11046448,446788,26084,1839780,2511452,1839780,671672,14480,56900,0,0,0,0,41230184,14769796,34359738367,86796,0,81200,0,0,0,0,0,0,0,0,0,0,0,2048,0,1493776,27707392,38797312
1775864392.001059,1059,ubuntu-rog,1,0,0,65683160,28353000,52237408,429168,22372228,0,12839388,21007492,11066636,4956,1772752,21002536,0,0,8388604,8388604,0,0,72,0,11046448,446788,26084,1839780,2511452,1839780,671672,14480,56900,0,0,0,0,41230184,14769796,34359738367,86796,0,81200,0,0,0,0,0,0,0,0,0,0,0,2048,0,1493776,27707392,38797312
1775864393.001061,1061,ubuntu-rog,1,0,0,65683160,28353000,52237408,429168,22372228,0,12839388,21007492,11066636,4956,1772752,21002536,0,0,8388604,8388604,0,0,72,0,11046448,446788,26084,1839780,2511452,1839780,671672,14480,56900,0,0,0,0,41230184,14769796,34359738367,86796,0,81200,0,0,0,0,0,0,0,0,0,0,0,2048,0,1493776,27707392,38797312
1775864394.002305,2305,ubuntu-rog,1,0,0,65683160,28353000,52237408,429168,22372228,0,12839388,21007492,11066636,4956,1772752,21002536,0,0,8388604,8388604,0,0,72,0,11046448,446788,26084,1839780,2511452,1839780,671672,14480,56900,0,0,0,0,41230184,14769796,34359738367,86796,0,81200,0,0,0,0,0,0,0,0,0,0,0,2048,0,1493776,27707392,38797312
1775864395.001200,1200,ubuntu-rog,1,0,0,65683160,28353000,52237408,429176,22372236,0,12839388,21007492,11066636,4956,1772752,21002536,0,0,8388604,8388604,0,0,80,0,11046448,446788,26084,1839780,2511452,1839780,671672,14480,56900,0,0,0,0,41230184,14769796,34359738367,86796,0,81200,0,0,0,0,0,0,0,0,0,0,0,2048,0,1493776,27707392,38797312
1775864396.001292,1292,ubuntu-rog,1,0,0,65683160,28353000,52237408,429176,22372236,0,12839388,21007492,11066636,4956,1772752,21002536,0,0,8388604,8388604,0,0,80,0,11046448,446788,26084,1839780,2511452,1839780,671672,14480,56900,0,0,0,0,41230184,14769796,34359738367,86796,0,81200,0,0,0,0,0,0,0,0,0,0,0,2048,0,1493776,27707392,38797312
1775864397.001060,1060,ubuntu-rog,1,0,0,65683160,28353000,52237408,429176,22372236,0,12839388,21007492,11066636,4956,1772752,21002536,0,0,8388604,8388604,0,0,80,0,11046448,446788,26084,1839780,2511452,1839780,671672,14480,56900,0,0,0,0,41230184,14769796,34359738367,86796,0,81200,0,0,0,0,0,0,0,0,0,0,0,2048,0,1493776,27707392,38797312
1775864398.002058,2058,ubuntu-rog,1,0,0,65683160,28353000,52237408,429176,22372236,0,12839388,21007492,11066636,4956,1772752,21002536,0,0,8388604,8388604,0,0,80,0,11046448,446788,26084,1839780,2511452,1839780,671672,14480,56900,0,0,0,0,41230184,14769796,34359738367,86796,0,81200,0,0,0,0,0,0,0,0,0,0,0,2048,0,1493776,27707392,38797312
1775864399.001297,1297,ubuntu-rog,1,0,0,65683160,28353000,52237408,429176,22372240,0,12839388,21007492,11066636,4956,1772752,21002536,0,0,8388604,8388604,0,0,84,0,11046448,446788,26084,1839780,2511452,1839780,671672,14480,56900,0,0,0,0,41230184,14769796,34359738367,86796,0,81200,0,0,0,0,0,0,0,0,0,0,0,2048,0,1493776,27707392,38797312
1775864400.001205,1205,ubuntu-rog,1,0,0,65683160,28353000,52237408,429184,22372240,0,12839388,21007492,11066636,4956,1772752,21002536,0,0,8388604,8388604,0,0,84,0,11046448,446788,26084,1839780,2511452,1839780,671672,14480,56900,0,0,0,0,41230184,14769796,34359738367,86796,0,81200,0,0,0,0,0,0,0,0,0,0,0,2048,0,1493776,27707392,38797312
1775864401.001294,1294,ubuntu-rog,1,0,0,65683160,28352748,52237160,429184,22372248,0,12839388,21007492,11066636,4956,1772752,21002536,0,0,8388604,8388604,0,0,92,0,11046448,446788,26084,1839784,2511456,1839784,671672,14480,56900,0,0,0,0,41230184,14769796,34359738367,86796,0,81200,0,0,0,0,0,0,0,0,0,0,0,2048,0,1493776,27707392,38797312
1775864402.002055,2055,ubuntu-rog,1,0,0,65683160,28352748,52237168,429192,22372252,0,12839468,21007500,11066716,4956,1772752,21002544,0,0,8388604,8388604,0,0,68,0,11046448,446788,26084,1839784,2511456,1839784,671672,14480,56900,0,0,0,0,41230184,14769796,34359738367,86780,0,81200,0,0,0,0,0,0,0,0,0,0,0,2048,0,1493776,27707392,38797312
1775864403.001062,1062,ubuntu-rog,1,0,0,65683160,28352748,52237168,429192,22372252,0,12839468,21007500,11066716,4956,1772752,21002544,0,0,8388604,8388604,0,0,68,0,11046448,446788,26084,1839784,2511456,1839784,671672,14480,56900,0,0,0,0,41230184,14769796,34359738367,86780,0,81200,0,0,0,0,0,0,0,0,0,0,0,2048,0,1493776,27707392,38797312
1775864404.001292,1292,ubuntu-rog,1,0,0,65683160,28352748,52237168,429192,22372252,0,12839468,21007500,11066716,4956,1772752,21002544,0,0,8388604,8388604,0,0,68,0,11046448,446788,26084,1839784,2511456,1839784,671672,14480,56900,0,0,0,0,41230184,14769796,34359738367,86780,0,81200,0,0,0,0,0,0,0,0,0,0,0,2048,0,1493776,27707392,38797312
1775864405.001195,1195,ubuntu-rog,1,0,0,65683160,28352748,52237168,429192,22372252,0,12839468,21007500,11066716,4956,1772752,21002544,0,0,8388604,8388604,0,0,68,0,11046448,446788,26084,1839784,2511456,1839784,671672,14480,56900,0,0,0,0,41230184,14769796,34359738367,86780,0,81200,0,0,0,0,0,0,0,0,0,0,0,2048,0,1493776,27707392,38797312
1775864406.002296,2296,ubuntu-rog,1,0,0,65683160,28352748,52237168,429192,22372260,0,12839468,21007500,11066716,4956,1772752,21002544,0,0,8388604,8388604,0,0,80,0,11046448,446788,26084,1839784,2511456,1839784,671672,14480,56900,0,0,0,0,41230184,14769796,34359738367,86780,0,81200,0,0,0,0,0,0,0,0,0,0,0,2048,0,1493776,27707392,38797312
1775864407.001058,1058,ubuntu-rog,1,0,0,65683160,28352748,52237168,429200,22372260,0,12839468,21007500,11066716,4956,1772752,21002544,0,0,8388604,8388604,0,0,40,0,11046448,446788,26084,1839784,2511456,1839784,671672,14480,56900,0,0,0,0,41230184,14769796,34359738367,86780,0,81200,0,0,0,0,0,0,0,0,0,0,0,2048,0,1493776,27707392,38797312
1775864408.001061,1061,ubuntu-rog,1,0,0,65683160,28352748,52237168,429200,22372260,0,12839468,21007500,11066716,4956,1772752,21002544,0,0,8388604,8388604,0,0,40,0,11046448,446788,26084,1839784,2511456,1839784,671672,14480,56900,0,0,0,0,41230184,14769796,34359738367,86780,0,81200,0,0,0,0,0,0,0,0,0,0,0,2048,0,1493776,27707392,38797312
1775864409.001295,1295,ubuntu-rog,1,0,0,65683160,28352748,52237168,429200,22372264,0,12839468,21007500,11066716,4956,1772752,21002544,0,0,8388604,8388604,0,0,44,0,11046448,446788,26084,1839784,2511456,1839784,671672,14480,56900,0,0,0,0,41230184,14769796,34359738367,86780,0,81200,0,0,0,0,0,0,0,0,0,0,0,2048,0,1493776,27707392,38797312
1775864410.002193,2193,ubuntu-rog,1,0,0,65683160,28352748,52237168,429200,22372264,0,12839468,21007500,11066716,4956,1772752,21002544,0,0,8388604,8388604,0,0,44,0,11046448,446788,26084,1839784,2511456,1839784,671672,14480,56900,0,0,0,0,41230184,14769796,34359738367,86780,0,81200,0,0,0,0,0,0,0,0,0,0,0,2048,0,1493776,27707392,38797312
1775864411.001289,1289,ubuntu-rog,1,0,0,65683160,28352748,52237168,429200,22372264,0,12839468,21007500,11066716,4956,1772752,21002544,0,0,8388604,8388604,0,0,44,0,11046448,446788,26084,1839784,2511456,1839784,671672,14480,56900,0,0,0,0,41230184,14769796,34359738367,86780,0,81200,0,0,0,0,0,0,0,0,0,0,0,2048,0,1493776,27707392,38797312
1775864412.001064,1064,ubuntu-rog,1,0,0,65683160,28352748,52237168,429200,22372268,0,1283946