#Time,Time_usec,ProducerName,component_id,job_id,app_id,MemTotal,MemFree,MemAvailable,Buffers,Cached,SwapCached,Active,Inactive,Active(anon),Inactive(anon),Active(file),Inactive(file),Unevictable,Mlocked,SwapTotal,SwapFree,Zswap,Zswapped,Dirty,Writeback,AnonPages,Mapped,Shmem,KReclaimable,Slab,SReclaimable,SUnreclaim,KernelStack,PageTables,SecPageTables,NFS_Unstable,Bounce,WritebackTmp,CommitLimit,Committed_AS,VmallocTotal,VmallocUsed,VmallocChunk,Percpu,HardwareCorrupted,AnonHugePages,ShmemHugePages,ShmemPmdMapped,FileHugePages,FilePmdMapped,Unaccepted,HugePages_Total,HugePages_Free,HugePages_Rsvd,HugePages_Surp,Hugepagesize,Hugetlb,DirectMap4k,DirectMap2M,DirectMap1G
1767045014.002060,2060,ubuntu-rog,1,0,0,65683160,43534788,56820044,730212,12515952,0,8624696,11216288,6612412,0,2012284,11216288,0,0,8388604,8388604,0,0,468,0,6595912,400740,17720,787344,1234300,787344,446956,14144,43948,0,0,0,0,41230184,10102860,34359738367,83988,0,78160,0,0,0,0,0,0,0,0,0,0,0,2048,0,1485584,27715584,38797312
1767045015.001189,1189,ubuntu-rog,1,0,0,65683160,43534464,56819732,730224,12515964,0,8625016,11216300,6612732,0,2012284,11216300,0,0,8388604,8388604,0,0,508,0,6596148,400920,17720,787344,1234300,787344,446956,14144,44024,0,0,0,0,41230184,10102880,34359738367,83988,0,78160,0,0,0,0,0,0,0,0,0,0,0,2048,0,1485584,27715584,38797312
1767045016.001284,1284,ubuntu-rog,1,0,0,65683160,43534464,56819756,730232,12515968,0,8625080,11216324,6612796,0,2012284,11216324,0,0,8388604,8388604,0,0,508,0,6596148,400920,17720,787344,1234300,787344,446956,14144,44024,0,0,0,0,41230184,10102880,34359738367,83988,0,78160,0,0,0,0,0,0,0,0,0,0,0,2048,0,1485584,27715584,38797312
1767045017.001150,1150,ubuntu-rog,1,0,0,65683160,43534464,56819756,730232,12515968,0,8625080,11216324,6612796,0,2012284,11216324,0,0,8388604,8388604,0,0,508,0,6596148,400920,17720,787344,1234248,787344,446904,14144,44024,0,0,0,0,41230184,10102880,34359738367,83988,0,78160,0,0,0,0,0,0,0,0,0,0,0,2048,0,1485584,27715584,38797312
1767045018.002190,2190,ubuntu-rog,1,0,0,65683160,43510272,56795564,730232,12515972,0,8652248,11216324,6639964,0,2012284,11216324,0,0,8388604,8388604,0,0,516,0,6623220,400984,17720,787344,1234248,787344,446904,14144,44052,0,0,0,0,41230184,10102880,34359738367,83988,0,78160,0,0,0,0,0,0,0,0,0,0,0,2048,0,1485584,27715584,38797312
1767045019.001292,1292,ubuntu-rog,1,0,0,65683160,43510272,56795564,730232,12515972,0,8652248,11216324,6639964,0,2012284,11216324,0,0,8388604,8388604,0,0,516,0,6623220,400984,17720,787344,1234248,787344,446904,14144,44052,0,0,0,0,41230184,10102880,34359738367,83988,0,78160,0,0,0,0,0,0,0,0,0,0,0,2048,0,1485584,27715584,38797312
1767045020.001064,1064,ubuntu-rog,1,0,0,65683160,43510272,56795564,730232,12515972,0,8652308,11216324,6640024,0,2012284,11216324,0,0,8388604,8388604,0,0,516,0,6623220,400984,17720,787344,1234248,787344,446904,14144,44052,0,0,0,0,41230184,10102880,34359738367,83988,0,78160,0,0,0,0,0,0,0,0,0,0,0,2048,0,1485584,27715584,38797312
1767045021.001184,1184,ubuntu-rog,1,0,0,65683160,43510272,56795564,730232,12515976,0,8652308,11216324,6640024,0,2012284,11216324,0,0,8388604,8388604,0,0,524,0,6623220,400984,17720,787344,1234248,787344,446904,14144,44052,0,0,0,0,41230184,10102880,34359738367,83988,0,78160,0,0,0,0,0,0,0,0,0,0,0,2048,0,1485584,27715584,38797312
1767045022.002273,2273,ubuntu-rog,1,0,0,65683160,43510272,56795568,730232,12515980,0,8652360,11216328,6640076,0,2012284,11216328,0,0,8388604,8388604,0,0,528,0,6623220,400984,17720,787344,1234248,787344,446904,14144,44052,0,0,0,0,41230184,10102880,34359738367,83988,0,78160,0,0,0,0,0,0,0,0,0,0,0,2048,0,1485584,27715584,38797312
1767045023.001143,1143,ubuntu-rog,1,0,0,65683160,43510272,56795568,730232,12515980,0,8652360,11216328,6640076,0,2012284,11216328,0,0,8388604,8388604,0,0,528,0,6623220,400984,17720,787344,1234248,787344,446904,14144,44052,0,0,0,0,41230184,10102880,34359738367,83988,0,78160,0,0,0,0,0,0,0,0,0,0,0,2048,0,1485584,27715584,38797312
1767045024.001192,1192,ubuntu-rog,1,0,0,65683160,43510272,56795572,730232,12515980,0,8652360,11216332,6640076,0,2012284,11216332,0,0,8388604,8388604,0,0,528,0,6623220,400984,17720,787344,1234248,787344,446904,14144,44052,0,0,0,0,41230184,10102880,34359738367,83988,0,78160,0,0,0,0,0,0,0,0,0,0,0,2048,0,1485584,27715584,38797312
1767045025.002280,2280,ubuntu-rog,1,0,0,65683160,43510272,56795572,730232,12515980,0,8652360,11216332,6640076,0,2012284,11216332,0,0,8388604,8388604,0,0,528,0,6623220,400984,17720,787344,1234248,787344,446904,14144,44052,0,0,0,0,41230184,10102880,34359738367,83988,0,78160,0,0,0,0,0,0,0,0,0,0,0,2048,0,1485584,27715584,38797312
1767045026.001071,1071,ubuntu-rog,1,0,0,65683160,43510272,56795576,730236,12515984,0,8652360,11216336,6640076,0,2012284,11216336,0,0,8388604,8388604,0,0,532,0,6623220,400984,17720,787344,1234248,787344,446904,14144,44052,0,0,0,0,41230184,10102880,34359738367,83988,0,78160,0,0,0,0,0,0,0,0,0,0,0,2048,0,1485584,27715584,38797312
1767045027.002191,2191,ubuntu-rog,1,0,0,65683160,43510272,56795576,730236,12515992,0,8652360,11216336,6640076,0,2012284,11216336,0,0,8388604,8388604,0,0,544,0,6623228,400984,17720,787344,1234248,787344,446904,14144,44052,0,0,0,0,41230184,10102880,34359738367,83988,0,78160,0,0,0,0,0,0,0,0,0,0,0,2048,0,1485584,27715584,38797312
1767045028.001289,1289,ubuntu-rog,1,0,0,65683160,43510272,56795576,730236,12515992,0,8652360,11216336,6640076,0,2012284,11216336,0,0,8388604,8388604,0,0,544,0,6623228,400984,17720,787344,1234248,787344,446904,14144,44052,0,0,0,0,41230184,10103028,34359738367,83988,0,78160,0,0,0,0,0,0,0,0,0,0,0,2048,0,1485584,27715584,38797312
1767045029.001061,1061,ubuntu-rog,1,0,0,65683160,43510272,56795576,730236,12515996,0,8652484,11216336,6640200,0,2012284,11216336,0,0,8388604,8388604,0,0,548,0,6623388,400984,17720,787344,1234248,787344,446904,14144,44052,0,0,0,0,41230184,10103028,34359738367,83988,0,78160,0,0,0,0,0,0,0,0,0,0,0,2048,0,1485584,27715584,38797312
1767045030.001140,1140,ubuntu-rog,1,0,0,65683160,43510272,56795576,730236,12515996,0,8652500,11216336,6640216,0,2012284,11216336,0,0,8388604,8388604,0,0,548,0,6623388,400984,17720,787344,1234248,787344,446904,14144,44052,0,0,0,0,41230184,10103028,34359738367,83988,0,78160,0,0,0,0,0,0,0,0,0,0,0,2048,0,1485584,27715584,38797312
1767045031.002277,2277,ubuntu-rog,1,0,0,65683160,43510272,56795576,730236,12515996,0,8652500,11216336,6640216,0,2012284,11216336,0,0,8388604,8388604,0,0,548,0,6623388,400984,17720,787344,1234248,787344,446904,14144,44052,0,0,0,0,41230184,10103028,34359738367,83988,0,78160,0,0,0,0,0,0,0,0,0,0,0,2048,0,1485584,27715584,38797312
1767045032.001069,1069,ubuntu-rog,1,0,0,65683160,43510272,56795576,730240,12515996,0,8652500,11216336,6640216,0,2012284,11216336,0,0,8388604,8388604,0,0,552,0,6623388,400984,17720,787344,1234248,787344,446904,14144,44052,0,0,0,0,41230184,10103028,34359738367,83988,0,78160,0,0,0,0,0,0,0,0,0,0,0,2048,0,1485584,27715584,38797312
1767045033.001190,1190,ubuntu-rog,1,0,0,65683160,43510272,56795576,730240,12516000,0,8652500,11216336,6640216,0,2012284,11216336,0,0,8388604,8388604,0,0,556,0,6623388,400984,17720,787344,1234248,787344,446904,14144,44052,0,0,0,0,41230184,10103028,34359738367,83988,0,78160,0,0,0,0,0,0,0,0,0,0,0,2048,0,1485584,27715584,38797312
1767045034.001292,1292,ubuntu-rog,1,0,0,65683160,43512292,56797596,730240,12516004,0,8652520,11216336,6640236,0,2012284,11216336,0,0,8388604,8388604,0,0,312,0,6623388,400984,17720,787344,1234248,787344,446904,14144,44052,0,0,0,0,41230184,10103028,34359738367,83988,0,78160,0,0,0,0,0,0,0,0,0,0,0,2048,0,1485584,27715584,38797312
1767045035.001073,1073,ubuntu-rog,1,0,0,65683160,43514440,56799744,730240,12516004,0,8652520,11216336,6640236,0,2012284,11216336,0,0,8388604,8388604,0,0,312,0,6623388,400984,17720,787344,1234248,787344,446904,14144,44052,0,0,0,0,41230184,10103028,34359738367,83988,0,78160,0,0,0,0,0,0,0,0,0,0,0,2048,0,1485584,27715584,38797312
1767045036.003328,3328,ubuntu-rog,1,0,0,65683160,43517712,56803016,730240,12516004,0,8652520,11216336,6640236,0,2012284,11216336,0,0,8388604,8388604,0,0,312,0,6623388,400984,17720,787344,1234248,787344,446904,14144,44052,0,0,0,0,41230184,10103028,34359738367,83988,0,78160,0,0,0,0,0,0,0,0,0,0,0,2048,0,1485584,27715584,38797312
1767045037.001291,1291,ubuntu-rog,1,0,0,65683160,43526332,56811636,730244,12516008,0,8652520,11216336,6640236,0,2012284,11216336,0,0,8388604,8388604,0,0,324,0,6623388,400984,17720,787344,1234248,787344,446904,14144,44052,0,0,0,0,41230184,10103028,34359738367,83988,0,78160,0,0,0,0,0,0,0,0,0,0,0,2048,0,1485584,27715584,38797312
1767045038.001061,1061,ubuntu-rog,1,0,0,65683160,43537780,56823088,730244,12516008,0,8652520,11216340,6640236,0,2012284,11216340,0,0,8388604,8388604,0,0,324,0,6623388,400984,17720,787344,1234248,787344,446904,14144,44052,0,0,0,0,41230184,10103028,34359738367,83988,0,78160,0,0,0,0,0,0,0,0,0,0,0,2048,0,1485584,27715584,38797312
1767045039.001157,1157,ubuntu-rog,1,0,0,65683160,43554268,56839576,730244,12516012,0,8652508,11216340,6640224,0,2012284,11216340,0,0,8388604,8388604,0,0,328,0,6623400,400984,17720,787344,1234248,787344,446904,14144,44052,0,0,0,0,41230184,10103028,34359738367,83988,0,78160,0,0,0,0,0,0,0,0,0,0,0,2048,0,1485584,27715584,38797312
1767045040.002273,2273,ubuntu-rog,1,0,0,65683160,43571924,56857236,730244,12516020,0,8652508,11216344,6640224,0,2012284,11216344,0,0,8388604,8388604,0,0,336,0,6623400,400984,17720,787344,1234248,787344,446904,14144,44052,0,0,0,0,41230184,10103028,34359738367,83988,0,78160,0,0,0,0,0,0,0,0,0,0,0,2048,0,1485584,27715584,38797312
1767045041.001060,1060,ubuntu-rog,1,0,0,65683160,43584804,56870116,730244,12516020,0,8652508,11216344,6640224,0,2012284,11216344,0,0,8388604,8388604,0,0,336,0,6623400,400984,17720,787344,1234248,787344,446904,14144,44052,0,0,0,0,41230184,10103028,34359738367,83988,0,78160,0,0,0,0,0,0,0,0,0,0,0,2048,0,1485584,27715584,38797312
1767045042.001195,1195,ubuntu-rog,1,0,0,65683160,43597460,56882784,730244,12516020,0,8652508,11216356,6640224,0,2012284,11216356,0,0,8388604,8388604,0,0,116,0,6623400,400984,17720,787344,1234248,787344,446904,14144,44052,0,0,0,0,41230184,10103028,34359738367,83988,0,78160,0,0,0,0,0,0,0,0,0,0,0,2048,0,1485584,27715584,38797312
1767045043.001288,1288,ubuntu-rog,1,0,0,65683160,43600540,56885864,730244,12516020,0,8652508,11216356,6640224,0,2012284,11216356,0,0,8388604,8388604,0,0,116,0,6623400,400984,17720,787344,1234248,787344,446904,14144,44052,0,0,0,0,41230184,10103028,34359738367,83988,0,78160,0,0,0,0,0,0,0,0,0,0,0,2048,0,1485584,27715584,38797312
1767045044.002058,2058,ubuntu-rog,1,0,0,65683160,43602292,56887632,730244,12516024,0,8652516,11216372,6640232,0,2012284,11216372,0,0,8388604,8388604,0,0,68,0,6623400,400984,17720,787344,1234248,787344,446904,14144,44052,0,0,0,0,41230184,10103028,34359738367,83988,0,78160,0,0,0,0,0,0,0,0,0,0,0,2048,0,1485584,27715584,38797312
1767045045.001144,1144,ubuntu-rog,1,0,0,65683160,43602396,56887736,730244,12516024,0,8652516,11216372,6640232,0,2012284,11216372,0,0,8388604,8388604,0,0,68,0,6623400,400984,17720,787344,1234248,787344,446904,14144,44052,0,0,0,0,41230184,10103028,34359738367,83988,0,78160,0,0,0,0,0,0,0,0,0,0,0,2048,0,1485584,27715584,38797312
1767045046.002288,2288,ubuntu-rog,1,0,0,65683160,43602396,56887752,730244,12516028,0,8652516,11216388,6640232,0,2012284,11216388,0,0,8388604,8388604,0,0,72,0,6623400,400984,17720,787344,1234248,787344,446904,14144,44052,0,0,0,0,41230184,10103028,34359738367,83988,0,78160,0,0,0,0,0,0,0,0,0,0,0,2048,0,1485584,27715584,38797312
1767045047.001061,1061,ubuntu-rog,1,0,0,65683160,43602800,56888160,730252,12516028,0,8652404,11216388,6640120,0,2012284,11216388,0,0,8388604,8388604,0,0,128,0,6623396,400984,17720,787348,1234252,787348,446904,14144,44052,0,0,0,0,41230184,10103028,34359738367,83988,0,78160,0,0,0,0,0,0,0,0,0,0,0,2048,0,1485584,27715584,38797312
1767045048.001190,1190,ubuntu-rog,1,0,0,65683160,43602568,56887928,730252,12516032,0,8652404,11216388,6640120,0,2012284,11216388,0,0,8388604,8388604,0,0,132,0,6623396,400984,17720,787348,1234252,787348,446904,14144,44052,0,0,0,0,41230184,10103028,34359738367,83988,0,78160,0,0,0,0,0,0,0,0,0,0,0,2048,0,1485584,27715584,38797312
1767045049.001282,1282,ubuntu-rog,1,0,0,65683160,43602568,56887928,730252,12516032,0,8652404,11216388,6640120,0,2012284,11216388,0,0,8388604,8388604,0,0,56,0,6623396,400984,17720,787348,1234252,787348,446904,14144,44052,0,0,0,0,41230184,10103028,34359738367,83988,0,78160,0,0,0,0,0,0,0,0,0,0,0,2048,0,1485584,27715584,38797312
1767045050.002058,2058,ubuntu-rog,1,0,0,65683160,43602568,56887936,730252,12516032,0,8652404,11216396,6640120,0,2012284,11216396,0,0,8388604,8388604,0,0,56,0,6623396,400984,17720,787348,1234252,787348,446904,14144,44052,0,0,0,0,41230184,10103028,34359738367,83988,0,78160,0,0,0,0,0,0,0,0,0,0,0,2048,0,1485584,27715584,38797312
1767045051.001114,1114,ubuntu-rog,1,0,0,65683160,43602568,56887936,730252,12516036,0,8652404,11216396,6640120,0,2012284,11216396,0,0,8388604,8388604,0,0,64,0,6623396,400984,17720,787348,1234252,787348,446904,14144,44052,0,0,0,0,41230184,10103028,34359738367,83988,0,78160,0,0,0,0,0,0,0,0,0,0,0,2048,0,1485584,27715584,38797312
1767045052.002287,2287,ubuntu-rog,1,0,0,65683160,43602316,56887684,730252,12516040,0,8652408,11216396,6640124,0,2012284,11216396,0,0,8388604,8388604,0,0,72,0,6623396,400984,17720,787348,1234252,787348,446904,14144,44052,0,0,0,0,41230184,10103028,34359738367,83988,0,78160,0,0,0,0,0,0,0,0,0,0,0,2048,0,1485584,27715584,38797312
1767045053.001059,1059,ubuntu-rog,1,0,0,65683160,43602316,56887684,730260,12516044,0,8652408,11216396,6640124,0,2012284,11216396,0,0,8388604,8388604,0,0,84,0,6623400,400984,17720,787348,1234252,787348,446904,14144,44052,0,0,0,0,41230184,10103028,34359738367,83988,0,78160,0,0,0,0,0,0,0,0,0,0,0,2048,0,1485584,27715584,38797312
1767045054.001142,1142,ubuntu-rog,1,0,0,65683160,43602316,56887684,730260,12516044,0,8652408,11216396,6640124,0,2012284,11216396,0,0,8388604,8388604,0,0,84,0,6623400,400984,17720,787348,1234252,787348,446904,14144,44052,0,0,0,0,41230184,10103028,34359738367,83988,0,78160,0,0,0,0,0,0,0,0,0,0,0,2048,0,1485584,27715584,38797312
1767045055.002288,2288,ubuntu-rog,1,0,0,65683160,43602568,56887936,730260,12516048,0,8652408,11216396,6640124,0,2012284,11216396,0,0,8388604,8388604,0,0,88,0,6623400,400984,17720,787348,1234252,787348,446904,14144,44052,0,0,0,0,41230184,10103028,34359738367,83988,0,78160,0,0,0,0,0,0,0,0,0,0,0,2048,0,1485584,27715584,38797312
1767045056.001062,1062,ubuntu-rog,1,0,0,65683160,43602568,56887936,730260,12516048,0,8652408,11216396,6640124,0,2012284,11216396,0,0,8388604,8388604,0,0,88,0,6623400,400984,17720,787348,1234252,787348,446904,14144,44052,0,0,0,0,41230184,10103028,34359738367,83988,0,78160,0,0,0,0,0,0,0,0,0,0,0,2048,0,1485584,27715584,38797312
1767045057.001185,1185,ubuntu-rog,1,0,0,65683160,43602568,56887936,730260,12516048,0,8652408,11216396,6640124,0,2012284,11216396,0,0,8388604,8388604,0,0,88,0,6623400,400984,17720,787348,1234252,787348,446904,14144,44052,0,0,0,0,41230184,10103028,34359738367,83988,0,78160,0,0,0,0,0,0,0,0,0,0,0,2048,0,1485584,27715584,38797312
1767045058.001192,1192,ubuntu-rog,1,0,0,65683160,43602568,56887936,730264,12516048,0,8652408,11216396,6640124,0,2012284,11216396,0,0,8388604,8388604,0,0,88,0,6623400,400984,17720,787348,1234252,787348,446904,14144,44052,0,0,0,0,41230184,10103028,34359738367,83988,0,78160,0,0,0,0,0,0,0,0,0,0,0,2048,0,1485584,27715584,38797312
1767045059.002060,2060,ubuntu-rog,1,0,0,65683160,43602568,56887936,730264,12516056,0,8652408,11216396,6640124,0,2012284,11216396,0,0,8388604,8388604,0,0,96,0,6623400,400984,17720,787348,1234252,787348,446904,14144,44052,0,0,0,0,41230184,10103028,34359738367,83988,0,78160,0,0,0,0,0,0,0,0,0,0,0,2048,0,1485584,27715584,38797312
1767045060.001187,1187,ubuntu-rog,1,0,0,65683160,43602568,56887940,730264,12516056,0,8652408,11216400,6640124,0,2012284,11216400,0,0,8388604,8388604,0,0,96,0,6623400,400984,17720,787348,1234252,787348,446904,14144,44052,0,0,0,0,41230184,10103028,34359738367,83988,0,78160,0,0,0,0,0,0,0,0,0,0,0,2048,0,1485584,27715584,38797312
1767045061.001300,1300,ubuntu-rog,1,0,0,65683160,43603072,56888444,730264,12516056,0,8652408,11216400,6640124,0,2012284,11216400,0,0,8388604,8388604,0,0,96,0,6623400,400984,17720,787348,1234252,787348,446904,14144,44052,0,0,0,0,41230184,10103028,34359738367,83988,0,78160,0,0,0,0,0,0,0,0,0,0,0,2048,0,1485584,27715584,38797312
1767045062.001063,1063,ubuntu-rog,1,0,0,65683160,43603072,56888444,730264,12516056,0,8652408,11216400,6640124,0,2012284,11216400,0,0,8388604,8388604,0,0,96,0,6623400,400984,17720,787348,1234252,787348,446904,14144,44052,0,0,0,0,41230184,10103028,34359738367,83988,0,78160,0,0,0,0,0,0,0,0,0,0,0,2048,0,1485584,27715584,38797312
1767045063.003186,3186,ubuntu-rog,1,0,0,65683160,43603072,56888444,730264,12516060,0,8652408,11216400,6640124,0,2012284,11216400,0,0,8388604,8388604,0,0,100,0,6623400,400984,17720,787348,1234252,787348,446904,14144,44052,0,0,0,0,41230184,10103028,34359738367,83988,0,78160,0,0,0,0,0,0,0,0,0,0,0,2048,0,1485584,27715584,38797312
1767045064.001563,1563,ubuntu-rog,1,0,0,65683160,43603072,56888444,730272,12516060,0,8652408,11216400,6640124,0,2012284,11216400,0,0,8388604,8388604,0,0,100,0,6623400,400984,17720,787348,1234252,787348,446904,14144,44052,0,0,0,0,41230184,10103028,34359738367,83988,0,78160,0,0,0,0,0,0,0,0,0,0,0,2048,0,1485584,27715584,38797312
1767045065.001060,1060,ubuntu-rog,1,0,0,65683160,43603072,56888444,730272,12516068,0,8652408,11216400,6640124,0,2012284,11216400,0,0,8388604,8388604,0,0,108,0,6623400,400984,17720,787348,1234252,787348,446904,14144,44052,0,0,0,0,41230184,10103028,34359738367,83988,0,78160,0,0,0,0,0,0,0,0,0,0,0,2048,0,1485584,27715584,38797312
1767045066.001191,1191,ubuntu-rog,1,0,0,65683160,43603072,56888452,730272,12516072,0,8652408,11216408,6640124,0,2012284,11216408,0,0,8388604,8388604,0,0,112,0,6623400,400984,17720,787348,1234252,787348,446904,14144,44052,0,0,0,0,41230184,10103028,34359738367,83988,0,78160,0,0,0,0,0,0,0,0,0,0,0,2048,0,1485584,27715584,38797312
1767045067.001219,1219,ubuntu-rog,1,0,0,65683160,43603072,56888452,730272,12516072,0,8652408,11216408,6640124,0,2012284,11216408,0,0,8388604,8388604,0,0,112,0,6623400,400984,17720,787348,1234252,787348,446904,14144,44052,0,0,0,0,41230184,10103028,34359738367,83988,0,78160,0,0,0,0,0,0,0,0,0,0,0,2048,0,1485584,27715584,38797312
1767045068.002061,2061,ubuntu-rog,1,0,0,65683160,43603072,56888452,730272,12516072,0,8652408,11216408,6640124,0,2012284,11216408,0,0,8388604,8388604,0,0,112,0,6623400,400984,17720,787348,1234252,787348,446904,14144,44052,0,0,0,0,41230184,10103028,34359738367,83988,0,78160,0,0,0,0,0,0,0,0,0,0,0,2048,0,1485584,27715584,38797312
1767045069.001181,1181,ubuntu-rog,1,0,0,65683160,43603072,56888452,730280,12516072,0,8652408,11216408,6640124,0,2012284,11216408,0,0,8388604,8388604,0,0,112,0,6623400,400984,17720,787348,1234236,787348,446888,14144,44052,0,0,0,0,41230184,10103028,34359738367,83988,0,78160,0,0,0,0,0,0,0,0,0,0,0,2048,0,1485584,27715584,38797312
1767045070.001292,1292,ubuntu-rog,1,0,0,65683160,43603072,56888452,730280,12516076,0,8652500,11216408,6640216,0,2012284,11216408,0,0,8388604,8388604,0,0,116,0,6623400,400984,17720,787348,1234236,787348,446888,14144,44052,0,0,0,0,41230184,10103028,34359738367,83988,0,78160,0,0,0,0,0,0,0,0,0,0,0,2048,0,1485584,27715584,38797312
1767045071.001061,1061,ubuntu-rog,1,0,0,65683160,43603072,56888452,730280,12516076,0,8652372,11216408,6640088,0,2012284,11216408,0,0,8388604,8388604,0,0,116,0,6623252,400984,17720,787348,1234236,787348,446888,14144,44052,0,0,0,0,41230184,10102880,34359738367,83988,0,78160,0,0,0,0,0,0,0,0,0,0,0,2048,0,1485584,27715584,38797312
1767045072.003184,3184,ubuntu-rog,1,0,0,65683160,43603200,56888580,730280,12516080,0,8652372,11216408,6640088,0,2012284,11216408,0,0,8388604,8388604,0,0,120,0,6623252,400984,17720,787348,1234236,787348,446888,14144,44052,0,0,0,0,41230184,10102880,34359738367,83988,0,78160,0,0,0,0,0,0,0,0,0,0,0,2048,0,1485584,27715584,38797312
1767045073.001186,1186,ubuntu-rog,1,0,0,65683160,43603200,56888580,730280,12516080,0,8652372,11216408,6640088,0,2012284,11216408,0,0,8388604,8388604,0,0,120,0,6623252,400984,17720,787348,1234236,787348,446888,14144,44052,0,0,0,0,41230184,10102880,34359738367,83988,0,78160,0,0,0,0,0,0,0,0,0,0,0,2048,0,1485584,27715584,38797312
1767045074.002059,2059,ubuntu-rog,1,0,0,65683160,43603200,56888588,730280,12516084,0,8652372,11216416,6640088,0,2012284,11216416,0,0,8388604,8388604,0,0,124,0,6623252,400984,17720,787348,1234236,787348,446888,14144,44052,0,0,0,0,41230184,10102880,34359738367,83988,0,78160,0,0,0,0,0,0,0,0,0,0,0,2048,0,1485584,27715584,38797312
1767045075.001190,1190,ubuntu-rog,1,0,0,65683160,43603200,56888588,730280,12516084,0,8652372,11216416,6640088,0,2012284,11216416,0,0,8388604,8388604,0,0,124,0,6623252,400984,17720,787348,1234236,787348,446888,14144,44052,0,0,0,0,41230184,10102880,34359738367,83988,0,78160,0,0,0,0,0,0,0,0,0,0,0,2048,0,1485584,27715584,38797312
1767045076.001286,1286,ubuntu-rog,1,0,0,65683160,43603200,56888588,730280,12516084,0,8652372,11216416,6640088,0,2012284,11216416,0,0,8388604,8388604,0,0,124,0,6623252,400984,17720,787348,1234236,787348,446888,14144,44052,0,0,0,0,41230184,10102880,34359738367,83988,0,78160,0,0,0,0,0,0,0,0,0,0,0,2048,0,1485584,27715584,38797312
1767045077.001081,1081,ubuntu-rog,1,0,0,65683160,43603200,56888588,730280,12516092,0,8652372,11216416,6640088,0,2012284,11216416,0,0,8388604,8388604,0,0,132,0,6623252,400984,17720,787348,1234236,787348,446888,14144,44052,0,0,0,0,41230184,10102880,34359738367,83988,0,78160,0,0,0,0,0,0,0,0,0,0,0,2048,0,1485584,27715584,38797312
1767045078.002183,2183,ubuntu-rog,1,0,0,65683160,43603704,56889152,730280,12516096,0,8652476,11216476,6640192,0,2012284,11216476,0,0,8388604,8388604,0,0,76,0,6623252,400984,17720,787348,1234236,787348,446888,14144,44052,0,0,0,0,41230184,10102880,34359738367,83988,0,78160,0,0,0,0,0,0,0,0,0,0,0,2048,0,1485584,27715584,38797312
1767045079.001224,1224,ubuntu-rog,1,0,0,65683160,43603704,56889152,730280,12516096,0,8652476,11216476,6640192,0,2012284,11216476,0,0,8388604,8388604,0,0,76,0,6623252,400984,17720,787348,1234236,787348,446888,14144,44052,0,0,0,0,41230184,10102880,34359738367,83988,0,78160,0,0,0,0,0,0,0,0,0,0,0,2048,0,1485584,27715584,38797312
1767045080.002059,2059,ubuntu-rog,1,0,0,65683160,43603704,56889152,730280,12516096,0,8652476,11216476,6640192,0,2012284,11216476,0,0,8388604,8388604,0,0,76,0,6623252,400984,17720,787348,1234236,787348,446888,14144,44052,0,0,0,0,41230184,10102880,34359738367,83988,0,78160,0,0,0,0,0,0,0,0,0,0,0,2048,0,1485584,27715584,38797312
1767045081.001189,1189,ubuntu-rog,1,0,0,65683160,43603704,56889152,730288,12516092,0,8652476,11216476,6640192,0,2012284,11216476,0,0,8388604,8388604,0,0,80,0,6623252,400984,17720,787348,1234236,787348,446888,14144,44052,0,0,0,0,41230184,10102880,34359738367,83988,0,78160,0,0,0,0,0,0,0,0,0,0,0,2048,0,1485584,27715584,38797312
1767045082.001189,1189,ubuntu-rog,1,0,0,65683160,43603704,56889184,730288,12516100,0,8652480,11216508,6640196,0,2012284,11216508,0,0,8388604,8388604,0,0,52,0,6623252,400984,17720,787348,1234236,787348,446888,14144,44052,0,0,0,0,41230184,10102880,34359738367,83988,0,78160,0,0,0,0,0,0,0,0,0,0,0,2048,0,1485584,27715584,38797312
1767045083.002060,2060,ubuntu-rog,1,0,0,65683160,43603704,56889184,730288,12516100,0,8652480,11216508,6640196,0,2012284,11216508,0,0,8388604,8388604,0,0,52,0,6623252,400984,17720,787348,1234236,787348,446888,14144,44052,0,0,0,0,41230184,10102880,34359738367,83988,0,78160,0,0,0,0,0,0,0,0,0,0,0,2048,0,1485584,27715584,38797312
1767045084.001188,1188,ubuntu-rog,1,0,0,65683160,43603704,56889184,730288,12516100,0,8652480,11216508,6640196,0,2012284,11216508,0,0,8388604,8388604,0,0,52,0,6623252,400984,17720,787348,1234236,787348,446888,14144,44052,0,0,0,0,41230184,10102880,34359738367,83988,0,78160,0,0,0,0,0,0,0,0,0,0,0,2048,0,1485584,27715584,38797312
1767045085.001284,1284,ubuntu-rog,1,0,0,65683160,43603704,56889184,730288,12516108,0,8652480,11216508,6640196,0,2012284,11216508,0,0,8388604,8388604,0,0,64,0,6623252,400984,17720,787348,1234236,787348,446888,14144,44052,0,0,0,0,41230184,10102880,34359738367,83988,0,78160,0,0,0,0,0,0,0,0,0,0,0,2048,0,1485584,27715584,38797312
1767045086.001043,1043,ubuntu-rog,1,0,0,65683160,43603704,56889184,730288,12516108,0,8652480,11216508,6640196,0,2012284,11216508,0,0,8388604,8388604,0,0,64,0,6623252,400984,17720,787348,1234236,787348,446888,14144,44052,0,0,0,0,41230184,10102880,34359738367,83988,0,78160,0,0,0,0,0,0,0,0,0,0,0,2048,0,1485584,27715584,38797312
1767045087.002184,2184,ubuntu-rog,1,0,0,65683160,43603452,56888936,730292,12516108,0,8652480,11216508,6640196,0,2012284,11216508,0,0,8388604,8388604,0,0,36,0,6623252,400984,17720,787352,1234240,787352,446888,14144,44052,0,0,0,0,41230184,10102880,34359738367,83988,0,78160,0,0,0,0,0,0,0,0,0,0,0,2048,0,1485584,27715584,38797312
1767045088.001286,1286,ubuntu-rog,1,0,0,65683160,43603648,56889136,730292,12516112,0,8652480,11216512,6640196,0,2012284,11216512,0,0,8388604,8388604,0,0,40,0,6623252,400984,17720,787352,1234240,787352,446888,14144,44052,0,0,0,0,41230184,10102880,34359738367,83988,0,78160,0,0,0,0,0,0,0,0,0,0,0,2048,0,1485584,27715584,38797312
1767045089.001062,1062,ubuntu-rog,1,0,0,65683160,43603648,56889136,730292,12516112,0,8652480,11216512,6640196,0,2012284,11216512,0,0,8388604,8388604,0,0,40,0,6623252,400984,17720,787352,1234240,787352,446888,14144,44052,0,0,0,0,41230184,10102880,34359738367,83988,0,78160,0,0,0,0,0,0,0,0,0,0,0,2048,0,1485584,27715584,38797312
1767045090.001196,1196,ubuntu-rog,1,0,0,65683160,43603648,56889136,730292,12516116,0,8652480,11216512,6640196,0,2012284,11216512,0,0,8388604,8388604,0,0,48,0,6623252,400984,17720,787352,1234240,787352,446888,14144,44052,0,0,0,0,41230184,10102880,34359738367,83988,0,78160,0,0,0,0,0,0,0,0,0,0,0,2048,0,1485584,27715584,38797312
1767045091.002283,2283,ubuntu-rog,1,0,0,65683160,43603648,56889136,730292,12516120,0,8652480,11216512,6640196,0,2012284,11216512,0,0,8388604,8388604,0,0,56,0,6623252,400984,17720,787352,1234240,787352,446888,14144,44052,0,0,0,0,41230184,10102880,34359738367,83988,0,78160,0,0,0,0,0,0,0,0,0,0,0,2048,0,1485584,27715584,38797312
1767045092.001045,1045,ubuntu-rog,1,0,0,65683160,43603648,56889140,730296,12516124,0,8652480,11216516,6640196,0,2012284,11216516,0,0,8388604,8388604,0,0,60,0,6623252,400984,17720,787352,1234240,787352,446888,14144,44052,0,0,0,0,41230184,10102880,34359738367,83988,0,78160,0,0,0,0,0,0,0,0,0,0,0,2048,0,1485584,27715584,38797312
1767045093.001192,1192,ubuntu-rog,1,0,0,65683160,43603648,56889140,730296,12516124,0,8652480,11216516,6640196,0,2012284,11216516,0,0,8388604,8388604,0,0,60,0,6623252,400984,17720,787352,1234240,787352,446888,14144,44052,0,0,0,0,41230184,10102880,34359738367,83988,0,78160,0,0,0,0,0,0,0,0,0,0,0,2048,0,1485584,27715584,38797312
1767045094.001287,1287,ubuntu-rog,1,0,0,65683160,43603648,56889140,730296,12516124,0,8652480,11216516,6640196,0,2012284,11216516,0,0,8388604,8388604,0,0,60,0,6623252,400984,17720,787352,1234240,787352,446888,14144,44052,0,0,0,0,41230184,10102880,34359738367,83988,0,78160,0,0,0,0,0,0,0,0,0,0,0,2048,0,1485584,27715584,38797312
1767045095.001045,1045,ubuntu-rog,1,0,0,65683160,43603648,56889140,730296,12516124,0,8652480,11216516,6640196,0,2012284,11216516,0,0,8388604,8388604,0,0,60,0,6623252,400984,17720,787352,1234240,787352,446888,14144,44052,0,0,0,0,41230184,10102880,34359738367,83988,0,78160,0,0,0,0,0,0,0,0,0,0,0,2048,0,1485584,27715584,38797312
1767045096.002184,2184,ubuntu-rog,1,0,0,65683160,43603648,56889140,730296,12516128,0,8652580,11216516,6640296,0,2012284,11216516,0,0,8388604,8388604,0,0,64,0,6623252,400984,17720,787352,1234240,787352,446888,14144,44052,0,0,0,0,41230184,10102880,34359738367,83988,0,78160,0,0,0,0,0,0,0,0,0,0,0,2048,0,1485584,27715584,38797312
1767045097.001275,1275,ubuntu-rog,1,0,0,65683160,43603648,56889140,730304,12516132,0,8652580,11216516,6640296,0,2012284,11216516,0,0,8388604,8388604,0,0,68,0,6623252,400984,17720,787352,1234240,787352,446888,14144,44052,0,0,0,0,41230184,10102880,34359738367,83988,0,78160,0,0,0,0,0,0,0,0,0,0,0,2048,0,1485584,27715584,38797312
1767045098.001064,1064,ubuntu-rog,1,0,0,65683160,43603648,56889140,730304,12516132,0,8652580,11216516,6640296,0,2012284,11216516,0,0,8388604,8388604,0,0,68,0,6623252,400984,17720,787352,1234240,787352,446888,14144,44052,0,0,0,0,41230184,10102880,34359738367,83988,0,78160,0,0,0,0,0,0,0,0,0,0,0,2048,0,1485584,27715584,38797312
1767045099.001191,1191,ubuntu-rog,1,0,0,65683160,43603648,56889140,730304,12516136,0,8652580,11216516,6640296,0,2012284,11216516,0,0,8388604,8388604,0,0,72,0,6623252,400984,17720,787352,1234240,787352,446888,14144,44052,0,0,0,0,41230184,10102880,34359738367,83988,0,78160,0,0,0,0,0,0,0,0,0,0,0,2048,0,1485584,27715584,38797312
1767045100.003278,3278,ubuntu-rog,1,0,0,65683160,43603648,56889148,730304,12516136,0,8652580,11216524,6640296,0,2012284,11216524,0,0,8388604,8388604,0,0,72,0,6623252,400984,17720,787352,1234240,787352,446888,14144,44052,0,0,0,0,41230184,10102880,34359738367,83988,0,78160,0,0,0,0,0,0,0,0,0,0,0,2048,0,1485584,27715584,38797312
1767045101.001067,1067,ubuntu-rog,1,0,0,65683160,43603648,56889148,730304,12516136,0,8652580,11216524,6640296,0,2012284,11216524,0,0,8388604,8388604,0,0,72,0,6623252,400984,17720,787352,1234240,787352,446888,14144,44052,0,0,0,0,41230184,10102880,34359738367,83988,0,78160,0,0,0,0,0,0,0,0,0,0,0,2048,0,1485584,27715584,38797312
1767045102.002189,2189,ubuntu-rog,1,0,0,65683160,43603648,56889148,730308,12516136,0,8652580,11216524,6640296,0,2012284,11216524,0,0,8388604,8388604,0,0,76,0,6623252,400984,17720,787352,1234240,787352,446888,14144,44052,0,0,0,0,41230184,10102880,34359738367,83988,0,78160,0,0,0,0,0,0,0,0,0,0,0,2048,0,1485584,27715584,38797312
1767045103.001291,1291,ubuntu-rog,1,0,0,65683160,43603648,56889152,730308,12516144,0,8652580,11216524,6640296,0,2012284,11216524,0,0,8388604,8388604,0,0,84,0,6623252,400984,17720,787356,1234244,787356,446888,14144,44052,0,0,0,0,41230184,10102880,34359738367,83988,0,78160,0,0,0,0,0,0,0,0,0,0,0,2048,0,1485584,27715584,38797312
1767045104.001061,1061,ubuntu-rog,1,0,0,65683160,43603396,56888900,730308,12516148,0,8652580,11216524,6640296,0,2012284,11216524,0,0,8388604,8388604,0,0,88,0,6623252,400984,17720,787356,1234244,787356,446888,14144,44052,0,0,0,0,41230184,10102880,34359738367,83988,0,78160,0,0,0,0,0,0,0,0,0,0,0,2048,0,1485584,27715584,38797312
1767045105.001379,1379,ubuntu-rog,1,0,0,65683160,43603396,56888900,730308,12516148,0,8652580,11216524,6640296,0,2012284,11216524,0,0,8388604,8388604,0,0,88,0,6623252,400984,17720,787356,1234244,787356,446888,14144,44052,0,0,0,0,41230184,10102880,34359738367,83988,0,78160,0,0,0,0,0,0,0,0,0,0,0,2048,0,1485584,27715584,38797312
1767045106.002271,2271,ubuntu-rog,1,0,0,65683160,43603396,56888900,730308,12516148,0,8652580,11216524,6640296,0,2012284,11216524,0,0,8388604,8388604,0,0,88,0,6623252,400984,17720,787356,1234244,787356,446888,14144,44052,0,0,0,0,41230184,10102880,34359738367,83988,0,78160,0,0,0,0,0,0,0,0,0,0,0,2048,0,1485584,27715584,38797312
1767045107.001056,1056,ubuntu-rog,1,0,0,65683160,43603396,56888900,730308,12516152,0,8652580,11216524,6640296,0,2012284,11216524,0,0,8388604,8388604,0,0,92,0,6623252,400984,17720,787356,1234244,787356,446888,14144,44052,0,0,0,0,41230184,10102880,34359738367,83988,0,78160,0,0,0,0,0,0,0,0,0,0,0,2048,0,1485584,27715584,38797312
1767045108.001192,1192,ubuntu-rog,1,0,0,65683160,43603396,56888900,730312,12516152,0,8652580,11216524,6640296,0,2012284,11216524,0,0,8388604,8388604,0,0,92,0,6623252,400984,17720,787356,1234244,787356,446888,14144,44052,0,0,0,0,41230184,10102880,34359738367,83988,0,78160,0,0,0,0,0,0,0,0,0,0,0,2048,0,1485584,27715584,38797312
1767045109.001286,1286,ubuntu-rog,1,0,0,65683160,43603396,56888900,730312,12516152,0,8652580,11216524,6640296,0,2012284,11216524,0,0,8388604,8388604,0,0,92,0,6623252,400984,17720,787356,1234244,787356,446888,14144,44052,0,0,0,0,41230184,10102880,34359738367,83988,0,78160,0,0,0,0,0,0,0,0,0,0,0,2048,0,1485584,27715584,38797312
1767045110.001045,1045,ubuntu-rog,1,0,0,65683160,43603648,56889156,730312,12516156,0,8652580,11216528,6640296,0,2012284,11216528,0,0,8388604,8388604,0,0,96,0,6623252,400984,17720,787356,1234244,787356,446888,14144,44052,0,0,0,0,41230184,10102880,34359738367,83988,0,78160,0,0,0,0,0,0,0,0,0,0,0,2048,0,1485584,27715584,38797312
1767045111.002187,2187,ubuntu-rog,1,0,0,65683160,43603648,56889156,730312,12516160,0,8652580,11216528,6640296,0,2012284,11216528,0,0,8388604,8388604,0,0,100,0,6623252,400984,17720,787356,1234244,787356,446888,14144,44052,0,0,0,0,41230184,10102880,34359738367,83988,0,78160,0,0,0,0,0,0,0,0,0,0,0,2048,0,1485584,27715584,38797312
1767045112.001284,1284,ubuntu-rog,1,0,0,65683160,43603648,56889156,730312,12516160,0,8652580,11216528,6640296,0,2012284,11216528,0,0,8388604,8388604,0,0,68,20,6623252,400984,17720,787356,1234244,787356,446888,14144,44052,0,0,0,0,41230184,10102880,34359738367,83988,0,78160,0,0,0,0,0,0,0,0,0,0,0,2048,0,1485584,27715584,38797312
1767045113.001057,1057,ubuntu-rog,1,0,0,65683160,43603648,56889156,730312,12516160,0,8652580,11216528,6640296,0,2012284,11216528,0,0,8388604,8388604,0,0,68,0,6623252,400984,17720,787356,1234244,787356,446888,14144,44052,0,0,0,0,41230184,10102880,34359738367,83988,0,78160,0,0,0,0,0,0,0,0,0,0,0,2048,0,1485584,27715584,38797312
1767045114.001146,1146,ubuntu-rog,1,0,0,65683160,43603648,56889156,730320,12516164,0,8652580,11216528,6640296,0,2012284,11216528,0,0,8388604,8388604,0,0,84,0,6623252,400984,17720,787356,1234244,787356,446888,14144,44052,0,0,0,0,41230184,10102880,34359738367,83988,0,78160,0,0,0,0,0,0,0,0,0,0,0,2048,0,1485584,27715584,38797312
1767045115.002276,2276,ubuntu-rog,1,0,0,65683160,43603648,56889156,730320,12516168,0,8652580,11216528,6640296,0,2012284,11216528,0,0,8388604,8388604,0,0,88,0,6623252,400984,17720,787356,1234244,787356,446888,14144,44052,0,0,0,0,41230184,10102880,34359738367,83988,0,78160,0,0,0,0,0,0,0,0,0,0,0,2048,0,1485584,27715584,38797312
1767045116.001058,1058,ubuntu-rog,1,0,0,65683160,43603648,56889164,730320,12516172,0,8652580,11216536,6640296,0,2012284,11216536,0,0,8388604,8388604,0,0,92,0,6623252,400984,17720,787356,1234244,787356,446888,14144,44052,0,0,0,0,41230184,10102880,34359738367,83988,0,78160,0,0,0,0,0,0,0,0,0,0,0,2048,0,1485584,27715584,38797312
1767045117.001192,1192,ubuntu-rog,1,0,0,65683160,43603424,56888972,730336,12516176,0,8653592,11216568,6641308,0,2012284,11216568,0,0,8388604,8388604,0,0,408,0,6624300,401052,17724,787356,1234276,787356,446920,14224,44156,0,0,0,0,41230184,10137372,34359738367,84036,0,78160,0,0,0,0,0,0,0,0,0,0,0,2048,0,1485584,27715584,38797312
1767045118.001289,1289,ubuntu-rog,1,0,0,65683160,43603880,56889428,730336,12516180,0,8653592,11216568,6641308,0,2012284,11216568,0,0,8388604,8388604,0,0,376,0,6624300,401052,17724,787356,1234276,787356,446920,14224,44156,0,0,0,0,41230184,10137372,34359738367,84036,0,78160,0,0,0,0,0,0,0,0,0,0,0,2048,0,1485584,27715584,38797312
1767045119.002057,2057,ubuntu-rog,1,0,0,65683160,43603880,56889428,730336,12516180,0,8653592,11216568,6641308,0,2012284,11216568,0,0,8388604,8388604,0,0,376,0,6624300,401052,17724,787356,1234276,787356,446920,14224,44156,0,0,0,0,41230184,10137372,34359738367,84036,0,78160,0,0,0,0,0,0,0,0,0,0,0,2048,0,1485584,27715584,38797312
1767045120.001407,1407,ubuntu-rog,1,0,0,65683160,43603880,56889428,730336,12516180,0,8653592,11216568,6641308,0,2012284,11216568,0,0,8388604,8388604,0,0,376,0,6624300,401052,17724,787356,1234276,787356,446920,14224,44156,0,0,0,0,41230184,10137372,34359738367,84036,0,78160,0,0,0,0,0,0,0,0,0,0,0,2048,0,1485584,27715584,38797312
1767045121.002286,2286,ubuntu-rog,1,0,0,65683160,43604132,56889680,730336,12516180,0,8653592,11216568,6641308,0,2012284,11216568,0,0,8388604,8388604,0,0,376,0,6624300,401052,17724,787356,1234276,787356,446920,14224,44156,0,0,0,0,41230184,10137372,34359738367,84036,0,78160,0,0,0,0,0,0,0,0,0,0,0,2048,0,1485584,27715584,38797312
1767045122.001063,1063,ubuntu-rog,1,0,0,65683160,43604132,56889680,730340,12516180,0,8653592,11216568,6641308,0,2012284,11216568,0,0,8388604,8388604,0,0,380,0,6624300,401052,17724,787356,1234276,787356,446920,14224,44156,0,0,0,0,41230184,10137372,34359738367,84036,0,78160,0,0,0,0,0,0,0,0,0,0,0,2048,0,1485584,27715584,38797312
1767045123.001491,1491,ubuntu-rog,1,0,0,65683160,43604132,56889680,730340,12516188,0,8653592,11216568,6641308,0,2012284,11216568,0,0,8388604,8388604,0,0,424,0,6624300,401052,17724,787356,1234276,787356,446920,14224,44156,0,0,0,0,41230184,10137372,34359738367,84036,0,78160,0,0,0,0,0,0,0,0,0,0,0,2048,0,1485584,27715584,38797312
1767045124.002279,2279,ubuntu-rog,1,0,0,65683160,43604132,56889684,730340,12516188,0,8653592,11216572,6641308,0,2012284,11216572,0,0,8388604,8388604,0,0,424,0,6624300,401052,17724,787356,1234276,787356,446920,14224,44156,0,0,0,0,41230184,10137372,34359738367,84036,0,78160,0,0,0,0,0,0,0,0,0,0,0,2048,0,1485584,27715584,38797312
1767045125.001065,1065,ubuntu-rog,1,0,0,65683160,43588376,56873928,730340,12516192,0,8669752,11216572,6657468,0,2012284,11216572,0,0,8388604,8388604,0,0,428,0,6640460,401052,17724,787356,1234276,787356,446920,14224,44156,0,0,0,0,41230184,10153924,34359738367,84036,0,78160,0,0,0,0,0,0,0,0,0,0,0,2048,0,1485584,27715584,38797312
1767045126.001193,1193,ubuntu-rog,1,0,0,65683160,43588256,56873808,730340,12516192,0,8669960,11216572,6657676,0,2012284,11216572,0,0,8388604,8388604,0,0,432,0,6640704,401052,17724,787356,1234276,787356,446920,14224,44196,0,0,0,0,41230184,10153924,34359738367,84036,0,78160,0,0,0,0,0,0,0,0,0,0,0,2048,0,1485584,27715584,38797312
1767045127.001304,1304,ubuntu-rog,1,0,0,65683160,43589528,56875080,730344,12516188,0,8668984,11216572,6656700,0,2012284,11216572,0,0,8388604,8388604,0,0,460,0,6639656,400984,17720,787356,1234276,787356,446920,14160,44092,0,0,0,0,41230184,10119432,34359738367,84004,0,78160,0,0,0,0,0,0,0,0,0,0,0,2048,0,1485584,27715584,38797312
1767045128.002057,2057,ubuntu-rog,1,0,0,65683160,43589528,56875084,730344,12516192,0,8668984,11216576,6656700,0,2012284,11216576,0,0,8388604,8388604,0,0,460,0,6639656,400984,17720,787356,1234276,787356,446920,14160,44092,0,0,0,0,41230184,10119432,34359738367,84004,0,78160,0,0,0,0,0,0,0,0,0,0,0,2048,0,1485584,27715584,38797312
1767045129.001448,1448,ubuntu-rog,1,0,0,65683160,43589528,56875084,730344,12516200,0,8668984,11216576,6656700,0,2012284,11216576,0,0,8388604,8388604,0,0,468,0,6639656,400984,17720,787356,1234276,787356,446920,14160,44092,0,0,0,0,41230184,10119432,34359738367,84004,0,78160,0,0,0,0,0,0,0,0,0,0,0,2048,0,1485584,27715584,38797312
1767045130.002701,2701,ubuntu-rog,1,0,0,65683160,43589528,56875172,730344,12516200,0,8668984,11216664,6656700,0,2012284,11216664,0,0,8388604,8388604,0,0,468,0,6639656,400984,17720,787356,1234276,787356,446920,14160,44092,0,0,0,0,41230184,10119432,34359738367,84004,0,78160,0,0,0,0,0,0,0,0,0,0,0,2048,0,1485584,27715584,38797312
1767045131.001067,1067,ubuntu-rog,1,0,0,65683160,43589528,56875172,730344,12516200,0,8668984,11216664,6656700,0,2012284,11216664,0,0,8388604,8388604,0,0,468,0,6639656,400984,17720,787356,1234276,787356,446920,14160,44092,0,0,0,0,41230184,10119432,34359738367,84004,0,78160,0,0,0,0,0,0,0,0,0,0,0,2048,0,1485584,27715584,38797312
1767045132.002183,2183,ubuntu-rog,1,0,0,65683160,43589528,56875172,730344,12516200,0,8668984,11216664,6656700,0,2012284,11216664,0,0,8388604,8388604,0,0,468,0,6639656,400984,17720,787356,1234276,787356,446920,14160,44092,0,0,0,0,41230184,10119432,34359738367,84004,0,78160,0,0,0,0,0,0,0,0,0,0,0,2048,0,1485584,27715584,38797312
1767045133.001303,1303,ubuntu-rog,1,0,0,65683160,43589276,56874924,730352,12516204,0,8668984,11216664,6656700,0,2012284,11216664,0,0,8388604,8388604,0,0,472,0,6639656,400984,17720,787360,1234280,787360,446920,14160,44092,0,0,0,0,41230184,10119432,34359738367,84004,0,78160,0,0,0,0,0,0,0,0,0,0,0,2048,0,1485584,27715584,38797312
1767045134.001381,1381,ubuntu-rog,1,0,0,65683160,43589276,56874928,730352,12516204,0,8669076,11216668,6656792,0,2012284,11216668,0,0,8388604,8388604,0,0,472,0,6639656,400984,17720,787360,1234280,787360,446920,14160,44092,0,0,0,0,41230184,10119432,34359738367,84004,0,78160,0,0,0,0,0,0,0,0,0,0,0,2048,0,1485584,27715584,38797312
1767045135.002189,2189,ubuntu-rog,1,0,0,65683160,43589276,56874928,730352,12516208,0,8669076,11216668,6656792,0,2012284,11216668,0,0,8388604,8388604,0,0,476,0,6639656,400984,17720,787360,1234280,787360,446920,14160,44092,0,0,0,0,41230184,10119432,34359738367,84004,0,78160,0,0,0,0,0,0,0,0,0,0,0,2048,0,1485584,27715584,38797312
1767045136.001301,1301,ubuntu-rog,1,0,0,65683160,43589276,56874928,730352,12516212,0,8669076,11216668,6656792,0,2012284,11216668,0,0,8388604,8388604,0,0,480,0,6639656,400984,17720,787360,1234280,787360,446920,14160,44092,0,0,0,0,41230184,10119432,34359738367,84004,0,78160,0,0,0,0,0,0,0,0,0,0,0,2048,0,1485584,27715584,38797312
1767045137.001065,1065,ubuntu-rog,1,0,0,65683160,43589276,56874928,730352,12516212,0,8669076,11216668,6656792,0,2012284,11216668,0,0,8388604,8388604,0,0,480,0,6639656,400984,17720,787360,1234280,787360,446920,14160,44092,0,0,0,0,41230184,10119432,34359738367,84004,0,78160,0,0,0,0,0,0,0,0,0,0,0,2048,0,1485584,27715584,38797312
1767045138.001200,1200,ubuntu-rog,1,0,0,65683160,43589276,56874928,730356,12516212,0,8669076,11216668,6656792,0,2012284,11216668,0,0,8388604,8388604,0,0,480,0,6639656,400984,17720,787360,1234280,787360,446920,14160,44092,0,0,0,0,41230184,10119432,34359738367,84004,0,78160,0,0,0,0,0,0,0,0,0,0,0,2048,0,1485584,27715584,38797312
1767045139.002295,2295,ubuntu-rog,1,0,0,65683160,43589276,56874928,730356,12516212,0,8669076,11216668,6656792,0,2012284,11216668,0,0,8388604,8388604,0,0,480,0,6639656,400984,17720,787360,1234280,787360,446920,14160,44092,0,0,0,0,41230184,10119432,34359738367,84004,0,78160,0,0,0,0,0,0,0,0,0,0,0,2048,0,1485584,27715584,38797312
1767045140.001371,1371,ubuntu-rog,1,0,0,65683160,43589276,56874936,730356,12516220,0,8669108,11216676,6656824,0,2012284,11216676,0,0,8388604,8388604,0,0,488,0,6639656,400984,17720,787360,1234280,787360,446920,14160,44092,0,0,0,0,41230184,10119432,34359738367,84004,0,78160,0,0,0,0,0,0,0,0,0,0,0,2048,0,1485584,27715584,38797312
1767045141.002436,2436,ubuntu-rog,1,0,0,65683160,43589276,56874936,730356,12516220,0,8669108,11216676,6656824,0,2012284,11216676,0,0,8388604,8388604,0,0,488,0,6639656,400984,17720,787360,1234280,787360,446920,14160,44092,0,0,0,0,41230184,10119432,34359738367,84004,0,78160,0,0,0,0,0,0,0,0,0,0,0,2048,0,1485584,27715584,38797312
1767045142.002300,2300,ubuntu-rog,1,0,0,65683160,43589276,56874936,730356,12516224,0,8669188,11216676,6656904,0,2012284,11216676,0,0,8388604,8388604,0,0,492,0,6639656,400984,17720,787360,1234280,787360,446920,14160,44092,0,0,0,0,41230184,10119432,34359738367,84004,0,78160,0,0,0,0,0,0,0,0,0,0,0,2048,0,1485584,27715584,38797312
1767045143.001069,1069,ubuntu-rog,1,0,0,65683160,43589276,56874936,730356,12516224,0,8669188,11216676,6656904,0,2012284,11216676,0,0,8388604,8388604,0,0,492,0,6639656,400984,17720,787360,1234280,787360,446920,14160,44092,0,0,0,0,41230184,10119432,34359738367,84004,0,78160,0,0,0,0,0,0,0,0,0,0,0,2048,0,1485584,27715584,38797312
1767045144.001144,1144,ubuntu-rog,1,0,0,65683160,43589276,56874936,730360,12516228,0,8669188,11216676,6656904,0,2012284,11216676,0,0,8388604,8388604,0,0,496,0,6639656,400984,17720,787360,1234280,787360,446920,14160,44092,0,0,0,0,41230184,10119432,34359738367,84004,0,78160,0,0,0,0,0,0,0,0,0,0,0,2048,0,1485584,27715584,38797312
1767045145.002298,2298,ubuntu-rog,1,0,0,65683160,43589276,56874936,730360,12516228,0,8669188,11216676,6656904,0,2012284,11216676,0,0,8388604,8388604,0,0,364,0,6639656,400984,17720,787360,1234280,787360,446920,14160,44092,0,0,0,0,41230184,10119432,34359738367,84004,0,78160,0,0,0,0,0,0,0,0,0,0,0,2048,0,1485584,27715584,38797312
1767045146.001061,1061,ubuntu-rog,1,0,0,65683160,43589276,56874936,730360,12516228,0,8669188,11216676,6656904,0,2012284,11216676,0,0,8388604,8388604,0,0,364,0,6639656,400984,17720,787360,1234280,787360,446920,14160,44092,0,0,0,0,41230184,10119432,34359738367,84004,0,78160,0,0,0,0,0,0,0,0,0,0,0,2048,0,1485584,27715584,38797312
1767045147.001124,1124,ubuntu-rog,1,0,0,65683160,43589276,56874936,730360,12516232,0,8669188,11216676,6656904,0,2012284,11216676,0,0,8388604,8388604,0,0,368,0,6639656,400984,17720,787360,1234280,787360,446920,14160,44092,0,0,0,0,41230184,10119432,34359738367,84004,0,78160,0,0,0,0,0,0,0,0,0,0,0,2048,0,1485584,27715584,38797312
1767045148.002292,2292,ubuntu-rog,1,0,0,65683160,43589276,56874944,730364,12516236,0,8669272,11216684,6656988,0,2012284,11216684,0,0,8388604,8388604,0,0,40,0,6639656,400984,17720,787360,1234280,787360,446920,14176,44092,0,0,0,0,41230184,10119432,34359738367,84020,0,78160,0,0,0,0,0,0,0,0,0,0,0,2048,0,1485584,27715584,38797312
1767045149.001064,1064,ubuntu-rog,1,0,0,65683160,43589276,56874944,730364,12516236,0,8669272,11216684,6656988,0,2012284,11216684,0,0,8388604,8388604,0,0,40,0,6639656,400984,17720,787360,1234296,787360,446936,14176,44092,0,0,0,0,41230184,10119600,34359738367,84020,0,78160,0,0,0,0,0,0,0,0,0,0,0,2048,0,1485584,27715584,38797312
1767045150.001199,1199,ubuntu-rog,1,0,0,65683160,43589276,56874972,730372,12516236,0,8669368,11216712,6657084,0,2012284,11216712,0,0,8388604,8388604,0,0,68,0,6639840,400984,17720,787360,1234304,787360,446944,14176,44092,0,0,0,0,41230184,10119600,34359738367,84020,0,78160,0,0,0,0,0,0,0,0,0,0,0,2048,0,1485584,27715584,38797312
1767045151.001174,1174,ubuntu-rog,1,0,0,65683160,43589276,56874972,730372,12516240,0,8669368,11216712,6657084,0,2012284,11216712,0,0,8388604,8388604,0,0,76,0,6639840,400984,17720,787360,1234304,787360,446944,14176,44092,0,0,0,0,41230184,10119600,34359738367,84020,0,78160,0,0,0,0,0,0,0,0,0,0,0,2048,0,1485584,27715584,38797312
1767045152.002067,2067,ubuntu-rog,1,0,0,65683160,43589276,56874984,730372,12516244,0,8669368,11216724,6657084,0,2012284,11216724,0,0,8388604,8388604,0,0,80,0,6639840,400984,17720,787360,1234304,787360,446944,14176,44092,0,0,0,0,41230184,10119600,34359738367,84020,0,78160,0,0,0,0,0,0,0,0,0,0,0,2048,0,1485584,27715584,38797312
1767045153.001201,1201,ubuntu-rog,1,0,0,65683160,43589276,56874984,730372,12516244,0,8669392,11216724,6657108,0,2012284,11216724,0,0,8388604,8388604,0,0,56,0,6639840,400984,17720,787360,1234304,787360,446944,14176,44092,0,0,0,0,41230184,10119600,34359738367,84020,0,78160,0,0,0,0,0,0,0,0,0,0,0,2048,0,1485584,27715584,38797312
1767045154.001292,1292,ubuntu-rog,1,0,0,65683160,43589276,56874988,730372,12516244,0,8669392,11216728,6657108,0,2012284,11216728,0,0,8388604,8388604,0,0,56,0,6639840,400984,17720,787360,1234304,787360,446944,14176,44092,0,0,0,0,41230184,10119600,34359738367,84020,0,78160,0,0,0,0,0,0,0,0,0,0,0,2048,0,1485584,27715584,38797312
1767045155.001376,1376,ubuntu-rog,1,0,0,65683160,43589276,56874988,730372,12516252,0,8669392,11216728,6657108,0,2012284,11216728,0,0,8388604,8388604,0,0,68,0,6639840,400984,17720,787360,1234304,787360,446944,14176,44092,0,0,0,0,41230184,10119600,34359738367,84020,0,78160,0,0,0,0,0,0,0,0,0,0,0,2048,0,1485584,27715584,38797312
1767045156.002187,2187,ubuntu-rog,1,0,0,65683160,43589276,56874996,730380,12516252,0,8669392,11216736,6657108,0,2012284,11216736,0,0,8388604,8388604,0,0,68,0,6639840,400984,17720,787360,1234304,787360,446944,14176,44092,0,0,0,0,41230184,10119600,34359738367,84020,0,78160,0,0,0,0,0,0,0,0,0,0,0,2048,0,1485584,27715584,38797312
1767045157.001285,1285,ubuntu-rog,1,0,0,65683160,43589276,56874996,730380,12516252,0,8669392,11216736,6657108,0,2012284,11216736,0,0,8388604,8388604,0,0,68,0,6639840,400984,17720,787360,1234304,787360,446944,14176,44092,0,0,0,0,41230184,10119600,34359738367,84020,0,78160,0,0,0,0,0,0,0,0,0,0,0,2048,0,1485584,27715584,38797312
1767045158.001363,1363,ubuntu-rog,1,0,0,65683160,43589276,56874996,730380,12516252,0,8669392,11216736,6657108,0,2012284,11216736,0,0,8388604,8388604,0,0,68,0,6639840,400984,17720,787360,1234304,787360,446944,14176,44092,0,0,0,0,41230184,10119600,34359738367,84020,0,78160,0,0,0,0,0,0,0,0,0,0,0,2048,0,1485584,27715584,38797312
1767045159.002198,2198,ubuntu-rog,1,0,0,65683160,43589276,56874996,730380,12516256,0,8669392,11216736,6657108,0,2012284,11216736,0,0,8388604,8388604,0,0,52,0,6639840,400984,17720,787360,1234304,787360,446944,14176,44092,0,0,0,0,41230184,10119600,34359738367,84020,0,78160,0,0,0,0,0,0,0,0,0,0,0,2048,0,1485584,27715584,38797312
1767045160.001303,1303,ubuntu-rog,1,0,0,65683160,43589276,56874996,730380,12516256,0,8669380,11216736,6657096,0,2012284,11216736,0,0,8388604,8388604,0,0,52,0,6639844,400984,17720,787360,1234304,787360,446944,14176,44092,0,0,0,0,41230184,10119600,34359738367,84020,0,78160,0,0,0,0,0,0,0,0,0,0,0,2048,0,1485584,27715584,38797312
1767045161.001066,1066,ubuntu-rog,1,0,0,65683160,43589276,56874996,730388,12516260,0,8669380,11216736,6657096,0,2012284,11216736,0,0,8388604,8388604,0,0,68,0,6639844,400984,17720,787360,1234304,787360,446944,14176,44092,0,0,0,0,41230184,10119600,34359738367,84020,0,78160,0,0,0,0,0,0,0,0,0,0,0,2048,0,1485584,27715584,38797312
1767045162.001454,1454,ubuntu-rog,1,0,0,65683160,43589276,56875004,730388,12516264,0,8669380,11216744,6657096,0,2012284,11216744,0,0,8388604,8388604,0,0,72,0,6639844,400984,17720,787360,1234304,787360,446944,14176,44092,0,0,0,0,41230184,10119600,34359738367,84020,0,78160,0,0,0,0,0,0,0,0,0,0,0,2048,0,1485584,27715584,38797312
1767045163.002290,2290,ubuntu-rog,1,0,0,65683160,43589276,56875004,730388,12516264,0,8669380,11216744,6657096,0,2012284,11216744,0,0,8388604,8388604,0,0,72,0,6639844,400984,17720,787360,1234304,787360,446944,14176,44092,0,0,0,0,41230184,10119600,34359738367,84020,0,78160,0,0,0,0,0,0,0,0,0,0,0,2048,0,1485584,27715584,38797312
1767045164.001069,1069,ubuntu-rog,1,0,0,65683160,43589276,56875004,730388,12516264,0,8669380,11216744,6657096,0,2012284,11216744,0,0,8388604,8388604,0,0,72,0,6639844,400984,17720,787360,1234304,787360,446944,14176,44092,0,0,0,0,41230184,10119600,34359738367,84020,0,78160,0,0,0,0,0,0,0,0,0,0,0,2048,0,1485584,27715584,38797312
1767045165.001191,1191,ubuntu-rog,1,0,0,65683160,43589276,56875004,730388,12516268,0,8669380,11216744,6657096,0,2012284,11216744,0,0,8388604,8388604,0,0,80,0,6639844,400984,17720,787360,1234304,787360,446944,14176,44092,0,0,0,0,41230184,10119600,34359738367,84020,0,78160,0,0,0,0,0,0,0,0,0,0,0,2048,0,1485584,27715584,38797312
1767045166.001516,1516,ubuntu-rog,1,0,0,65683160,43589276,56875012,730388,12516272,0,8669380,11216752,6657096,0,2012284,11216752,0,0,8388604,8388604,0,0,84,0,6639844,400984,17720,787360,1234304,787360,446944,14176,44092,0,0,0,0,41230184,10119600,34359738367,84020,0,78160,0,0,0,0,0,0,0,0,0,0,0,2048,0,1485584,27715584,38797312
1767045167.002063,2063,ubuntu-rog,1,0,0,65683160,43589276,56875012,730396,12516276,0,8669380,11216752,6657096,0,2012284,11216752,0,0,8388604,8388604,0,0,88,0,6639844,400984,17720,787360,1234304,787360,446944,14176,44092,0,0,0,0,41230184,10119600,34359738367,84020,0,78160,0,0,0,0,0,0,0,0,0,0,0,2048,0,1485584,27715584,38797312
1767045168.001187,1187,ubuntu-rog,1,0,0,65683160,43589276,56875016,730396,12516276,0,8669380,11216756,6657096,0,2012284,11216756,0,0,8388604,8388604,0,0,88,0,6639844,400984,17720,787360,1234304,787360,446944,14176,44092,0,0,0,0,41230184,10119600,34359738367,84020,0,78160,0,0,0,0,0,0,0,0,0,0,0,2048,0,1485584,27715584,38797312
1767045169.001582,1582,ubuntu-rog,1,0,0,65683160,43589276,56875016,730396,12516276,0,8669380,11216756,6657096,0,2012284,11216756,0,0,8388604,8388604,0,0,88,0,6639844,400984,17720,787360,1234304,787360,446944,14176,44092,0,0,0,0,41230184,10119600,34359738367,84020,0,78160,0,0,0,0,0,0,0,0,0,0,0,2048,0,1485584,27715584,38797312
1767045170.002064,2064,ubuntu-rog,1,0,0,65683160,43589276,56875028,730396,12516280,0,8669380,11216768,6657096,0,2012284,11216768,0,0,8388604,8388604,0,0,92,0,6639844,400984,17720,787360,1234304,787360,446944,14176,44092,0,0,0,0,41230184,10119600,34359738367,84020,0,78160,0,0,0,0,0,0,0,0,0,0,0,2048,0,1485584,27715584,38797312
1767045171.001188,1188,ubuntu-rog,1,0,0,65683160,43589276,56875028,730396,12516280,0,8669380,11216768,6657096,0,2012284,11216768,0,0,8388604,8388604,0,0,92,0,6639844,400984,17720,787360,1234304,787360,446944,14176,44092,0,0,0,0,41230184,10119600,34359738367,84020,0,78160,0,0,0,0,0,0,0,0,0,0,0,2048,0,1485584,27715584,38797312
1767045172.001238,1238,ubuntu-rog,1,0,0,65683160,43589276,56875036,730400,12516280,0,8669380,11216776,6657096,0,2012284,11216776,0,0,8388604,8388604,0,0,96,0,6639844,400984,17720,787360,1234304,787360,446944,14176,44092,0,0,0,0,41230184,10119600,34359738367,84020,0,78160,0,0,0,0,0,0,0,0,0,0,0,2048,0,1485584,27715584,38797312
1767045173.001046,1046,ubuntu-rog,1,0,0,65683160,43589276,56875036,730400,12516284,0,8669380,11216776,6657096,0,2012284,11216776,0,0,8388604,8388604,0,0,100,0,6639844,400984,17720,787360,1234304,787360,446944,14176,44092,0,0,0,0,41230184,10119600,34359738367,84020,0,78160,0,0,0,0,0,0,0,0,0,0,0,2048,0,1485584,27715584,38797312
1767045174.002198,2198,ubuntu-rog,1,0,0,65683160,43589276,56875040,730400,12516288,0,8669380,11216780,6657096,0,2012284,11216780,0,0,8388604,8388604,0,0,104,0,6639844,400984,17720,787360,1234304,787360,446944,14176,44092,0,0,0,0,41230184,10119600,34359738367,84020,0,78160,0,0,0,0,0,0,0,0,0,0,0,2048,0,1485584,27715584,38797312
1767045175.001304,1304,ubuntu-rog,1,0,0,65683160,43589276,56875040,730400,12516288,0,8669380,11216780,6657096,0,2012284,11216780,0,0,8388604,8388604,0,0,104,0,6639844,400984,17720,787360,1234304,787360,446944,14176,44092,0,0,0,0,41230184,10119600,34359738367,84020,0,78160,0,0,0,0,0,0,0,0,0,0,0,2048,0,1485584,27715584,38797312
1767045176.001056,1056,ubuntu-rog,1,0,0,65683160,43589276,56875040,730400,12516288,0,8669380,11216780,6657096,0,2012284,11216780,0,0,8388604,8388604,0,0,104,0,6639844,400984,17720,787360,1234304,787360,446944,14176,44092,0,0,0,0,41230184,10119600,34359738367,84020,0,78160,0,0,0,0,0,0,0,0,0,0,0,2048,0,1485584,27715584,38797312
1767045177.001379,1379,ubuntu-rog,1,0,0,65683160,43589276,56875040,730400,12516296,0,8669628,11216780,6657344,0,2012284,11216780,0,0,8388604,8388604,0,0,112,0,6640216,400984,17720,787360,1234304,787360,446944,14176,44092,0,0,0,0,41230184,10119600,34359738367,84020,0,78160,0,0,0,0,0,0,0,0,0,0,0,2048,0,1485584,27715584,38797312
1767045178.002286,2286,ubuntu-rog,1,0,0,65683160,43589276,56875040,730400,12516296,0,8669744,11216780,6657460,0,2012284,11216780,0,0,8388604,8388604,0,0,112,0,6640216,400984,17720,787360,1234304,787360,446944,14176,44092,0,0,0,0,41230184,10119600,34359738367,84020,0,78160,0,0,0,0,0,0,0,0,0,0,0,2048,0,1485584,27715584,38797312
1767045179.001067,1067,ubuntu-rog,1,0,0,65683160,43589276,56875044,730404,12516296,0,8669744,11216784,6657460,0,2012284,11216784,0,0,8388604,8388604,0,0,76,0,6640216,400984,17720,787360,1234304,787360,446944,14176,44092,0,0,0,0,41230184,10119600,34359738367,84020,0,78160,0,0,0,0,0,0,0,0,0,0,0,2048,0,1485584,27715584,38797312
1767045180.001194,1194,ubuntu-rog,1,0,0,65683160,43589276,56875048,730404,12516300,0,8669744,11216788,6657460,0,2012284,11216788,0,0,8388604,8388604,0,0,80,0,6640216,400984,17720,787360,1234304,787360,446944,14176,44092,0,0,0,0,41230184,10119600,34359738367,84020,0,78160,0,0,0,0,0,0,0,0,0,0,0,2048,0,1485584,27715584,38797312
1767045181.001304,1304,ubuntu-rog,1,0,0,65683160,43589276,56875048,730404,12516304,0,8669744,11216788,6657460,0,2012284,11216788,0,0,8388604,8388604,0,0,44,0,6640216,400984,17720,787360,1234304,787360,446944,14176,44092,0,0,0,0,41230184,10119600,34359738367,84020,0,78160,0,0,0,0,0,0,0,0,0,0,0,2048,0,1485584,27715584,38797312
1767045182.002062,2062,ubuntu-rog,1,0,0,65683160,43589276,56875068,730404,12516304,0,8669744,11216808,6657460,0,2012284,11216808,0,0,8388604,8388604,0,0,44,0,6640216,400984,17720,787360,1234304,787360,446944,14176,44092,0,0,0,0,41230184,10119600,34359738367,84020,0,78160,0,0,0,0,0,0,0,0,0,0,0,2048,0,1485584,27715584,38797312
1767045183.001438,1438,ubuntu-rog,1,0,0,65683160,43589276,56875068,730416,12516292,0,8669744,11216808,6657460,0,2012284,11216808,0,0,8388604,8388604,0,0,44,0,6640216,400984,17720,787360,1234304,787360,446944,14176,44092,0,0,0,0,41230184,10119600,34359738367,84020,0,78160,0,0,0,0,0,0,0,0,0,0,0,2048,0,1485584,27715584,38797312
1767045184.002289,2289,ubuntu-rog,1,0,0,65683160,43589024,56874820,730416,12516308,0,8669832,11216808,6657548,0,2012284,11216808,0,0,8388604,8388604,0,0,52,0,6640216,400984,17720,787364,1234308,787364,446944,14176,44092,0,0,0,0,41230184,10119600,34359738367,84020,0,78160,0,0,0,0,0,0,0,0,0,0,0,2048,0,1485584,27715584,38797312
1767045185.001064,1064,ubuntu-rog,1,0,0,65683160,43589024,56874820,730416,12516308,0,8669832,11216808,6657548,0,2012284,11216808,0,0,8388604,8388604,0,0,52,0,6640216,400984,17720,787364,1234308,787364,446944,14176,44092,0,0,0,0,41230184,10119600,34359738367,84020,0,78160,0,0,0,0,0,0,0,0,0,0,0,2048,0,1485584,27715584,38797312
1767045186.001198,1198,ubuntu-rog,1,0,0,65683160,43589024,56874820,730416,12516312,0,8669832,11216808,6657548,0,2012284,11216808,0,0,8388604,8388604,0,0,60,0,6640216,400984,17720,787364,1234308,787364,446944,14176,44092,0,0,0,0,41230184,10119600,34359738367,84020,0,78160,0,0,0,0,0,0,0,0,0,0,0,2048,0,1485584,27715584,38797312
1767045187.001533,1533,ubuntu-rog,1,0,0,65683160,43589024,56874820,730416,12516312,0,8669832,11216808,6657548,0,2012284,11216808,0,0,8388604,8388604,0,0,60,0,6640216,400984,17720,787364,1234308,787364,446944,14176,44092,0,0,0,0,41230184,10119600,34359738367,84020,0,78160,0,0,0,0,0,0,0,0,0,0,0,2048,0,1485584,27715584,38797312
1767045188.002062,2062,ubuntu-rog,1,0,0,65683160,43589024,56874824,730416,12516316,0,8669832,11216812,6657548,0,2012284,11216812,0,0,8388604,8388604,0,0,64,0,6640216,400984,17720,787364,1234308,787364,446944,14176,44092,0,0,0,0,41230184,10119600,34359738367,84020,0,78160,0,0,0,0,0,0,0,0,0,0,0,2048,0,1485584,27715584,38797312
1767045189.001198,1198,ubuntu-rog,1,0,0,65683160,43589024,56874824,730428,12516316,0,8669832,11216812,6657548,0,2012284,11216812,0,0,8388604,8388604,0,0,64,0,6640216,400984,17720,787364,1234308,787364,446944,14176,44092,0,0,0,0,41230184,10119600,34359738367,84020,0,78160,0,0,0,0,0,0,0,0,0,0,0,2048,0,1485584,27715584,38797312
1767045190.001510,1510,ubuntu-rog,1,0,0,65683160,43589024,56874836,730428,12516320,0,8669832,11216824,6657548,0,2012284,11216824,0,0,8388604,8388604,0,0,68,0,6640216,400984,17720,787364,1234308,787364,446944,14176,44092,0,0,0,0,41230184,10119600,34359738367,84020,0,78160,0,0,0,0,0,0,0,0,0,0,0,2048,0,1485584,27715584,38797312
1767045191.002066,2066,ubuntu-rog,1,0,0,65683160,43589024,56874836,730428,12516320,0,8669664,11216824,6657380,0,2012284,11216824,0,0,8388604,8388604,0,0,68,0,6640048,400984,17720,787364,1234308,787364,446944,14176,44092,0,0,0,0,41230184,10119432,34359738367,84020,0,78160,0,0,0,0,0,0,0,0,0,0,0,2048,0,1485584,27715584,38797312
1767045192.001195,1195,ubuntu-rog,1,0,0,65683160,43589024,56874836,730428,12516324,0,8669688,11216824,6657404,0,2012284,11216824,0,0,8388604,8388604,0,0,72,0,6640048,400984,17720,787364,1234308,787364,446944,14176,44092,0,0,0,0,41230184,10119432,34359738367,84020,0,78160,0,0,0,0,0,0,0,0,0,0,0,2048,0,1485584,27715584,38797312
1767045193.001539,1539,ubuntu-rog,1,0,0,65683160,43589024,56874836,730428,12516328,0,8669688,11216824,6657404,0,2012284,11216824,0,0,8388604,8388604,0,0,76,0,6640048,400984,17720,787364,1234308,787364,446944,14176,44092,0,0,0,0,41230184,10119432,34359738367,84020,0,78160,0,0,0,0,0,0,0,0,0,0,0,2048,0,1485584,27715584,38797312
1767045194.001619,1619,ubuntu-rog,1,0,0,65683160,43589024,56874860,730428,12516328,0,8669688,11216848,6657404,0,2012284,11216848,0,0,8388604,8388604,0,0,76,0,6640048,400984,17720,787364,1234308,787364,446944,14176,44092,0,0,0,0,41230184,10119432,34359738367,84020,0,78160,0,0,0,0,0,0,0,0,0,0,0,2048,0,1485584,27715584,38797312
1767045195.002198,2198,ubuntu-rog,1,0,0,65683160,43589024,56874860,730428,12516328,0,8669688,11216848,6657404,0,2012284,11216848,0,0,8388604,8388604,0,0,76,0,6640048,400984,17720,787364,1234308,787364,446944,14176,44092,0,0,0,0,41230184,10119432,34359738367,84020,0,78160,0,0,0,0,0,0,0,0,0,0,0,2048,0,1485584,27715584,38797312
1767045196.001293,1293,ubuntu-rog,1,0,0,65683160,43589024,56874864,730428,12516332,0,8669688,11216852,6657404,0,2012284,11216852,0,0,8388604,8388604,0,0,80,0,6640048,400984,17720,787364,1234308,787364,446944,14176,44092,0,0,0,0,41230184,10119432,34359738367,84020,0,78160,0,0,0,0,0,0,0,0,0,0,0,2048,0,1485584,27715584,38797312
1767045197.001069,1069,ubuntu-rog,1,0,0,65683160,43589024,56874864,730428,12516332,0,8669688,11216852,6657404,0,2012284,11216852,0,0,8388604,8388604,0,0,80,0,6640048,400984,17720,787364,1234308,787364,446944,14176,44092,0,0,0,0,41230184,10119432,34359738367,84020,0,78160,0,0,0,0,0,0,0,0,0,0,0,2048,0,1485584,27715584,38797312
1767045198.001465,1465,ubuntu-rog,1,0,0,65683160,43589024,56874864,730428,12516332,0,8669688,11216852,6657404,0,2012284,11216852,0,0,8388604,8388604,0,0,80,0,6640048,400984,17720,787364,1234308,787364,446944,14176,44092,0,0,0,0,41230184,10119432,34359738367,84020,0,78160,0,0,0,0,0,0,0,0,0,0,0,2048,0,1485584,27715584,38797312
1767045199.002281,2281,ubuntu-rog,1,0,0,65683160,43589024,56874864,730428,12516340,0,8669688,11216852,6657404,0,2012284,11216852,0,0,8388604,8388604,0,0,72,0,6640048,400984,17720,787364,1234308,787364,446944,14176,44092,0,0,0,0,41230184,10119432,34359738367,84020,0,78160,0,0,0,0,0,0,0,0,0,0,0,2048,0,1485584,27715584,38797312
1767045200.001068,1068,ubuntu-rog,1,0,0,65683160,43589024,56874864,730436,12516340,0,8669688,11216852,6657404,0,2012284,11216852,0,0,8388604,8388604,0,0,88,0,6640048,400984,17720,787364,1234308,787364,446944,14176,44092,0,0,0,0,41230184,10119432,34359738367,84020,0,78160,0,0,0,0,0,0,0,0,0,0,0,2048,0,1485584,27715584,38797312
1767045201.001332,1332,ubuntu-rog,1,0,0,65683160,43589024,56874864,730436,12516340,0,8669688,11216852,6657404,0,2012284,11216852,0,0,8388604,8388604,0,0,88,0,6640048,400984,17720,787364,1234308,787364,446944,14176,44092,0,0,0,0,41230184,10119432,34359738367,84020,0,78160,0,0,0,0,0,0,0,0,0,0,0,2048,0,1485584,27715584,38797312
1767045202.002297,2297,ubuntu-rog,1,0,0,65683160,43589024,56874876,730436,12516344,0,8669688,11216864,6657404,0,2012284,11216864,0,0,8388604,8388604,0,0,96,0,6640048,400984,17720,787364,1234308,787364,446944,14176,44092,0,0,0,0,41230184,10119432,34359738367,84020,0,78160,0,0,0,0,0,0,0,0,0,0,0,2048,0,1485584,27715584,38797312
1767045203.001065,1065,ubuntu-rog,1,0,0,65683160,43589024,56874876,730436,12516348,0,8669688,11216864,6657404,0,2012284,11216864,0,0,8388604,8388604,0,0,100,0,6640048,400984,17720,787364,1234308,787364,446944,14176,44092,0,0,0,0,41230184,10119432,34359738367,84020,0,78160,0,0,0,0,0,0,0,0,0,0,0,2048,0,1485584,27715584,38797312
1767045204.001464,1464,ubuntu-rog,1,0,0,65683160,43589024,56874880,730436,12516348,0,8669688,11216868,6657404,0,2012284,11216868,0,0,8388604,8388604,0,0,100,0,6640048,400984,17720,787364,1234308,787364,446944,14176,44092,0,0,0,0,41230184,10119432,34359738367,84020,0,78160,0,0,0,0,0,0,0,0,0,0,0,2048,0,1485584,27715584,38797312
1767045205.002746,2746,ubuntu-rog,1,0,0,65683160,43589024,56874880,730436,12516352,0,8669688,11216868,6657404,0,2012284,11216868,0,0,8388604,8388604,0,0,104,0,6640048,400984,17720,787364,1234308,787364,446944,14176,44092,0,0,0,0,41230184,10119432,34359738367,84020,0,78160,0,0,0,0,0,0,0,0,0,0,0,2048,0,1485584,27715584,38797312
1767045206.001071,1071,ubuntu-rog,1,0,0,65683160,43589024,56874880,730440,12516352,0,8669688,11216868,6657404,0,2012284,11216868,0,0,8388604,8388604,0,0,104,0,6640048,400984,17720,787364,1234308,787364,446944,14176,44092,0,0,0,0,41230184,10119432,34359738367,84020,0,78160,0,0,0,0,0,0,0,0,0,0,0,2048,0,1485584,27715584,38797312
1767045207.002191,2191,ubuntu-rog,1,0,0,65683160,43589024,56874880,730440,12516356,0,8669688,11216868,6657404,0,2012284,11216868,0,0,8388604,8388604,0,0,108,0,6640048,400984,17720,787364,1234308,787364,446944,14176,44092,0,0,0,0,41230184,10119432,34359738367,84020,0,78160,0,0,0,0,0,0,0,0,0,0,0,2048,0,1485584,27715584,38797312
1767045208.001307,1307,ubuntu-rog,1,0,0,65683160,43589024,56874888,730440,12516356,0,8669688,11216876,6657404,0,2012284,11216876,0,0,8388604,8388604,0,0,108,0,6640048,400984,17720,787364,1234308,787364,446944,14176,44092,0,0,0,0,41230184,10119432,34359738367,84020,0,78160,0,0,0,0,0,0,0,0,0,0,0,2048,0,1485584,27715584,38797312
1767045209.001374,1374,ubuntu-rog,1,0,0,65683160,43589024,56874888,730440,12516356,0,8669688,11216876,6657404,0,2012284,11216876,0,0,8388604,8388604,0,0,108,0,6640048,400984,17720,787364,1234308,787364,446944,14176,44092,0,0,0,0,41230184,10119432,34359738367,84020,0,78160,0,0,0,0,0,0,0,0,0,0,0,2048,0,1485584,27715584,38797312
1767045210.002186,2186,ubuntu-rog,1,0,0,65683160,43589024,56874888,730440,12516360,0,8669688,11216876,6657404,0,2012284,11216876,0,0,8388604,8388604,0,0,80,0,6640048,400984,17720,787364,1234308,787364,446944,14176,44092,0,0,0,0,41230184,10119432,34359738367,84020,0,78160,0,0,0,0,0,0,0,0,0,0,0,2048,0,1485584,27715584,38797312
1767045211.001297,1297,ubuntu-rog,1,0,0,65683160,43589024,56874888,730444,12516356,0,8669688,11216876,6657404,0,2012284,11216876,0,0,8388604,8388604,0,0,80,0,6640048,400984,17720,787364,1234308,787364,446944,14176,44092,0,0,0,0,41230184,10119432,34359738367,84020,0,78160,0,0,0,0,0,0,0,0,0,0,0,2048,0,1485584,27715584,38797312
1767045212.001070,1070,ubuntu-rog,1,0,0,65683160,43589024,56874904,730444,12516364,0,8669688,11216888,6657404,0,2012284,11216888,0,0,8388604,8388604,0,0,84,0,6640048,400984,17720,787368,1234312,787368,446944,14176,44092,0,0,0,0,41230184,10119432,34359738367,84020,0,78160,0,0,0,0,0,0,0,0,0,0,0,2048,0,1485584,27715584,38797312
1767045213.001191,1191,ubuntu-rog,1,0,0,65683160,43589024,56874904,730444,12516364,0,8669688,11216888,6657404,0,2012284,11216888,0,0,8388604,8388604,0,0,84,0,6640048,400984,17720,787368,1234312,787368,446944,14176,44092,0,0,0,0,41230184,10119432,34359738367,84020,0,78160,0,0,0,0,0,0,0,0,0,0,0,2048,0,1485584,27715584,38797312
1767045214.002302,2302,ubuntu-rog,1,0,0,65683160,43589024,56874904,730444,12516368,0,8669688,11216888,6657404,0,2012284,11216888,0,0,8388604,8388604,0,0,44,0,6640048,400984,17720,787368,1234312,787368,446944,14176,44092,0,0,0,0,41230184,10119432,34359738367,84020,0,78160,0,0,0,0,0,0,0,0,0,0,0,2048,0,1485584,27715584,38797312
1767045215.001382,1382,ubuntu-rog,1,0,0,65683160,43589024,56874904,730444,12516372,0,8669688,11216888,6657404,0,2012284,11216888,0,0,8388604,8388604,0,0,24,0,6640048,400984,17720,787368,1234312,787368,446944,14176,44092,0,0,0,0,41230184,10119432,34359738367,84020,0,78160,0,0,0,0,0,0,0,0,0,0,0,2048,0,1485584,27715584,38797312
1767045216.002201,2201,ubuntu-rog,1,0,0,65683160,43589024,56874908,730444,12516372,0,8669688,11216892,6657404,0,2012284,11216892,0,0,8388604,8388604,0,0,24,0,6640048,400984,17720,787368,1234312,787368,446944,14176,44092,0,0,0,0,41230184,10119432,34359738367,84020,0,78160,0,0,0,0,0,0,0,0,0,0,0,2048,0,1485584,27715584,38797312
1767045217.001303,1303,ubuntu-rog,1,0,0,65683160,43589024,56874908,730452,12516372,0,8669688,11216892,6657404,0,2012284,11216892,0,0,8388604,8388604,0,0,52,0,6640048,400984,17720,787368,1234312,787368,446944,14176,44092,0,0,0,0,41230184,10119432,34359738367,84020,0,78160,0,0,0,0,0,0,0,0,0,0,0,2048,0,1485584,27715584,38797312
1767045218.001061,1061,ubuntu-rog,1,0,0,65683160,43589024,56874924,730452,12516380,0,8669804,11216908,6657520,0,2012284,11216908,0,0,8388604,8388604,0,0,64,0,6640048,400984,17720,787368,1234312,787368,446944,14176,44092,0,0,0,0,41230184,10119432,34359738367,84020,0,78160,0,0,0,0,0,0,0,0,0,0,0,2048,0,1485584,27715584,38797312
1767045219.001158,1158,ubuntu-rog,1,0,0,65683160,43589024,56874924,730452,12516380,0,8669804,11216908,6657520,0,2012284,11216908,0,0,8388604,8388604,0,0,64,0,6640048,400984,17720,787368,1234312,787368,446944,14176,44092,0,0,0,0,41230184,10119432,34359738367,84020,0,78160,0,0,0,0,0,0,0,0,0,0,0,2048,0,1485584,27715584,38797312
1767045220.002294,2294,ubuntu-rog,1,0,0,65683160,43589024,56874924,730452,12516380,0,8669804,11216908,6657520,0,2012284,11216908,0,0,8388604,8388604,0,0,64,0,6640048,400984,17720,787368,1234312,787368,446944,14176,44092,0,0,0,0,41230184,10119432,34359738367,84020,0,78160,0,0,0,0,0,0,0,0,0,0,0,2048,0,1485584,27715584,38797312
1767045221.001062,1062,ubuntu-rog,1,0,0,65683160,43582380,56868284,730452,12516384,0,8669804,11216908,6657520,0,2012284,11216908,0,0,8388604,8388604,0,0,68,0,6640048,400984,17720,787372,1234316,787372,446944,14176,44092,0,0,0,0,41230184,10119432,34359738367,84020,0,78160,0,0,0,0,0,0,0,0,0,0,0,2048,0,1485584,27715584,38797312
1767045222.001141,1141,ubuntu-rog,1,0,0,65683160,43584320,56870224,730452,12516384,0,8669804,11216908,6657520,0,2012284,11216908,0,0,8388604,8388604,0,0,68,0,6640048,400984,17720,787372,1234316,787372,446944,14176,44092,0,0,0,0,41230184,10119432,34359738367,84020,0,78160,0,0,0,0,0,0,0,0,0,0,0,2048,0,1485584,27715584,38797312
1767045223.002287,2287,ubuntu-rog,1,0,0,65683160,43585532,56871436,730456,12516384,0,8669804,11216908,6657520,0,2012284,11216908,0,0,8388604,8388604,0,0,68,0,6640048,400984,17720,787372,1234316,787372,446944,14176,44092,0,0,0,0,41230184,10119432,34359738367,84020,0,78160,0,0,0,0,0,0,0,0,0,0,0,2048,0,1485584,27715584,38797312
1767045224.001061,1061,ubuntu-rog,1,0,0,65683160,43586924,56872828,730456,12516384,0,8669804,11216908,6657520,0,2012284,11216908,0,0,8388604,8388604,0,0,68,0,6640048,400984,17720,787372,1234316,787372,446944,14176,44092,0,0,0,0,41230184,10119432,34359738367,84020,0,78160,0,0,0,0,0,0,0,0,0,0,0,2048,0,1485584,27715584,38797312
1767045225.001207,1207,ubuntu-rog,1,0,0,65683160,43587736,56873640,730456,12516392,0,8669804,11216908,6657520,0,2012284,11216908,0,0,8388604,8388604,0,0,76,0,6640048,400984,17720,787372,1234316,787372,446944,14176,44092,0,0,0,0,41230184,10119432,34359738367,84020,0,78160,0,0,0,0,0,0,0,0,0,0,0,2048,0,1485584,27715584,38797312
1767045226.001233,1233,ubuntu-rog,1,0,0,65683160,43588924,56874828,730456,12516392,0,8669804,11216908,6657520,0,2012284,11216908,0,0,8388604,8388604,0,0,76,0,6640048,400984,17720,787372,1234316,787372,446944,14176,44092,0,0,0,0,41230184,10119432,34359738367,84020,0,78160,0,0,0,0,0,0,0,0,0,0,0,2048,0,1485584,27715584,38797312
1767045227.002065,2065,ubuntu-rog,1,0,0,65683160,43588672,56874576,730456,12516396,0,8669696,11216908,6657412,0,2012284,11216908,0,0,8388604,8388604,0,0,80,0,6640048,400984,17720,787372,1234316,787372,446944,14176,44092,0,0,0,0,41230184,10119432,34359738367,84020,0,78160,0,0,0,0,0,0,0,0,0,0,0,2048,0,1485584,27715584,38797312
1767045228.001200,1200,ubuntu-rog,1,0,0,65683160,43588724,56874628,730456,12516396,0,8669696,11216908,6657412,0,2012284,11216908,0,0,8388604,8388604,0,0,80,0,6640048,400984,17720,787372,1234316,787372,446944,14176,44092,0,0,0,0,41230184,10119432,34359738367,84020,0,78160,0,0,0,0,0,0,0,0,0,0,0,2048,0,1485584,27715584,38797312
1767045229.001304,1304,ubuntu-rog,1,0,0,65683160,43588724,56874628,730464,12516400,0,8669696,11216908,6657412,0,2012284,11216908,0,0,8388604,8388604,0,0,84,0,6640048,400984,17720,787372,1234316,787372,446944,14176,44092,0,0,0,0,41230184,10119432,34359738367,84020,0,78160,0,0,0,0,0,0,0,0,0,0,0,2048,0,1485584,27715584,38797312
1767045230.001111,1111,ubuntu-rog,1,0,0,65683160,43588724,56874636,730464,12516400,0,8669696,11216916,6657412,0,2012284,11216916,0,0,8388604,8388604,0,0,84,0,6640048,400984,17720,787372,1234316,787372,446944,14176,44092,0,0,0,0,41230184,10119432,34359738367,84020,0,78160,0,0,0,0,0,0,0,0,0,0,0,2048,0,1485584,27715584,38797312
1767045231.002187,2187,ubuntu-rog,1,0,0,65683160,43588724,56874636,730464,12516404,0,8669696,11216916,6657412,0,2012284,11216916,0,0,8388604,8388604,0,0,88,0,6640048,400984,17720,787372,1234316,787372,446944,14176,44092,0,0,0,0,41230184,10119432,34359738367,84020,0,78160,0,0,0,0,0,0,0,0,0,0,0,2048,0,1485584,27715584,38797312
1767045232.001304,1304,ubuntu-rog,1,0,0,65683160,43588724,56874636,730464,12516408,0,8669696,11216916,6657412,0,2012284,11216916,0,0,8388604,8388604,0,0,92,0,6640048,400984,17720,787372,1234316,787372,446944,14176,44092,0,0,0,0,41230184,10119432,34359738367,84020,0,78160,0,0,0,0,0,0,0,0,0,0,0,2048,0,1485584,27715584,38797312
1767045233.001062,1062,ubuntu-rog,1,0,0,65683160,43588724,56874636,730464,12516408,0,8669696,11216916,6657412,0,2012284,11216916,0,0,8388604,8388604,0,0,92,0,6640064,400984,17720,787372,1234316,787372,446944,14176,44092,0,0,0,0,41230184,10119432,34359738367,84020,0,78160,0,0,0,0,0,0,0,0,0,0,0,2048,0,1485584,27715584,38797312
1767045234.001201,1201,ubuntu-rog,1,0,0,65683160,43588724,56874636,730472,12516408,0,8669696,11216916,6657412,0,2012284,11216916,0,0,8388604,8388604,0,0,92,0,6640064,400984,17720,787372,1234316,787372,446944,14176,44092,0,0,0,0,41230184,10119432,34359738367,84020,0,78160,0,0,0,0,0,0,0,0,0,0,0,2048,0,1485584,27715584,38797312
1767045235.002285,2285,ubuntu-rog,1,0,0,65683160,43588724,56874636,730472,12516408,0,8669696,11216916,6657412,0,2012284,11216916,0,0,8388604,8388604,0,0,76,0,6640064,400984,17720,787372,1234316,787372,446944,14176,44092,0,0,0,0,41230184,10119432,34359738367,84020,0,78160,0,0,0,0,0,0,0,0,0,0,0,2048,0,1485584,27715584,38797312
1767045236.001074,1074,ubuntu-rog,1,0,0,65683160,43588724,56874636,730472,12516412,0,8669696,11216916,6657412,0,2012284,11216916,0,0,8388604,8388604,0,0,80,0,6640064,400984,17720,787372,1234316,787372,446944,14176,44092,0,0,0,0,41230184,10119432,34359738367,84020,0,78160,0,0,0,0,0,0,0,0,0,0,0,2048,0,1485584,27715584,38797312
1767045237.002191,2191,ubuntu-rog,1,0,0,65683160,43588724,56874636,730472,12516416,0,8669696,11216916,6657412,0,2012284,11216916,0,0,8388604,8388604,0,0,84,0,6640064,400984,17720,787372,1234316,787372,446944,14176,44092,0,0,0,0,41230184,10119432,34359738367,84020,0,78160,0,0,0,0,0,0,0,0,0,0,0,2048,0,1485584,27715584,38797312
1767045238.001306,1306,ubuntu-rog,1,0,0,65683160,43588976,56874888,730472,12516416,0,8669696,11216916,6657412,0,2012284,11216916,0,0,8388604,8388604,0,0,84,0,6640064,400984,17720,787372,1234312,787372,446940,14176,44092,0,0,0,0,41230184,10119432,34359738367,84020,0,78160,0,0,0,0,0,0,0,0,0,0,0,2048,0,1485584,27715584,38797312
1767045239.001062,1062,ubuntu-rog,1,0,0,65683160,43588976,56874888,730480,12516416,0,8669696,11216916,6657412,0,2012284,11216916,0,0,8388604,8388604,0,0,88,0,6640064,400984,17720,787372,1234312,787372,446940,14176,44092,0,0,0,0,41230184,10119432,34359738367,84020,0,78160,0,0,0,0,0,0,0,0,0,0,0,2048,0,1485584,27715584,38797312
1767045240.001119,1119,ubuntu-rog,1,0,0,65683160,43588976,56874908,730480,12516424,0,8669696,11216936,6657412,0,2012284,11216936,0,0,8388604,8388604,0,0,60,0,6640064,400984,17720,787372,1234312,787372,446940,14176,44092,0,0,0,0,41230184,10119432,34359738367,84020,0,78160,0,0,0,0,0,0,0,0,0,0,0,2048,0,1485584,27715584,38797312
1767045241.002286,2286,ubuntu-rog,1,0,0,65683160,43588976,56874908,730480,12516424,0,8669696,11216936,6657412,0,2012284,11216936,0,0,8388604,8388604,0,0,60,0,6640064,400984,17720,787372,1234312,787372,446940,14176,44092,0,0,0,0,41230184,10119432,34359738367,84020,0,78160,0,0,0,0,0,0,0,0,0,0,0,2048,0,1485584,27715584,38797312
1767045242.001063,1063,ubuntu-rog,1,0,0,65683160,43588976,56874908,730480,12516424,0,8669696,11216936,6657412,0,2012284,11216936,0,0,8388604,8388604,0,0,60,0,6640064,400984,17720,787372,1234312,787372,446940,14176,44092,0,0,0,0,41230184,10119432,34359738367,84020,0,78160,0,0,0,0,0,0,0,0,0,0,0,2048,0,1485584,27715584,38797312
1767045243.001403,1403,ubuntu-rog,1,0,0,65683160,43588976,56874908,730480,12516424,0,8669696,11216936,6657412,0,2012284,11216936,0,0,8388604,8388604,0,0,60,0,6640064,400984,17720,787372,1234312,787372,446940,14176,44092,0,0,0,0,41230184,10119432,34359738367,84020,0,78160,0,0,0,0,0,0,0,0,0,0,0,2048,0,1485584,27715584,38797312
1767045244.002293,2293,ubuntu-rog,1,0,0,65683160,43588976,56874908,730480,12516432,0,8669712,11216936,6657428,0,2012284,11216936,0,0,8388604,8388604,0,0,72,0,6640064,400984,17720,787372,1234312,787372,446940,14176,44092,0,0,0,0,41230184,10119432,34359738367,84020,0,78160,0,0,0,0,0,0,0,0,0,0,0,2048,0,1485584,27715584,38797312
1767045245.001070,1070,ubuntu-rog,1,0,0,65683160,43588976,56874908,730488,12516432,0,8669712,11216936,6657428,0,2012284,11216936,0,0,8388604,8388604,0,0,72,0,6640064,400984,17720,787372,1234312,787372,446940,14176,44092,0,0,0,0,41230184,10119432,34359738367,84020,0,78160,0,0,0,0,0,0,0,0,0,0,0,2048,0,1485584,27715584,38797312
1767045246.001202,1202,ubuntu-rog,1,0,0,65683160,43588976,56874916,730488,12516432,0,8669712,11216944,6657428,0,2012284,11216944,0,0,8388604,8388604,0,0,48,0,6640064,400984,17720,787372,1234312,787372,446940,14176,44092,0,0,0,0,41230184,10119432,34359738367,84020,0,78160,0,0,0,0,0,0,0,0,0,0,0,2048,0,1485584,27715584,38797312
1767045247.001484,1484,ubuntu-rog,1,0,0,65683160,43588976,56874916,730488,12516436,0,8669712,11216944,6657428,0,2012284,11216944,0,0,8388604,8388604,0,0,52,0,6640064,400984,17720,787372,1234312,787372,446940,14176,44092,0,0,0,0,41230184,10119432,34359738367,84020,0,78160,0,0,0,0,0,0,0,0,0,0,0,2048,0,1485584,27715584,38797312
1767045248.002062,2062,ubuntu-rog,1,0,0,65683160,43588976,56874936,730488,12516436,0,8669712,11216964,6657428,0,2012284,11216964,0,0,8388604,8388604,0,0,20,0,6640064,400984,17720,787372,1234312,787372,446940,14176,44092,0,0,0,0,41230184,10119432,34359738367,84020,0,78160,0,0,0,0,0,0,0,0,0,0,0,2048,0,1485584,27715584,38797312
1767045249.001193,1193,ubuntu-rog,1,0,0,65683160,43588976,56874936,730488,12516436,0,8669712,11216964,6657428,0,2012284,11216964,0,0,8388604,8388604,0,0,20,0,6640064,400984,17720,787372,1234312,787372,446940,14176,44092,0,0,0,0,41230184,10119432,34359738367,84020,0,78160,0,0,0,0,0,0,0,0,0,0,0,2048,0,1485584,27715584,38797312
1767045250.001291,1291,ubuntu-rog,1,0,0,65683160,43588976,56874936,730488,12516440,0,8669712,11216964,6657428,0,2012284,11216964,0,0,8388604,8388604,0,0,28,0,6640064,400984,17720,787372,1234312,787372,446940,14176,44092,0,0,0,0,41230184,10119432,34359738367,84020,0,78160,0,0,0,0,0,0,0,0,0,0,0,2048,0,1485584,27715584,38797312
1767045251.001340,1340,ubuntu-rog,1,0,0,65683160,43588976,56874936,730492,12516444,0,8669712,11216964,6657428,0,2012284,11216964,0,0,8388604,8388604,0,0,64,0,6640064,400984,17720,787372,1234312,787372,446940,14176,44092,0,0,0,0,41230184,10119432,34359738367,84020,0,78160,0,0,0,0,0,0,0,0,0,0,0,2048,0,1485584,27715584,38797312
1767045252.002197,2197,ubuntu-rog,1,0,0,65683160,43588976,56874940,730492,12516448,0,8669712,11216968,6657428,0,2012284,11216968,0,0,8388604,8388604,0,0,68,0,6640064,400984,17720,787372,1234312,787372,446940,14176,44092,0,0,0,0,41230184,10119432,34359738367,84020,0,78160,0,0,0,0,0,0,0,0,0,0,0,2048,0,1485584,27715584,38797312
1767045253.001288,1288,ubuntu-rog,1,0,0,65683160,43588976,56874940,730492,12516448,0,8669712,11216968,6657428,0,2012284,11216968,0,0,8388604,8388604,0,0,68,0,6640064,400984,17720,787372,1234312,787372,446940,14176,44092,0,0,0,0,41230184,10119432,34359738367,84020,0,78160,0,0,0,0,0,0,0,0,0,0,0,2048,0,1485584,27715584,38797312
1767045254.001065,1065,ubuntu-rog,1,0,0,65683160,43588976,56874968,730492,12516448,0,8669712,11216996,6657428,0,2012284,11216996,0,0,8388604,8388604,0,0,68,0,6640064,400984,17720,787372,1234312,787372,446940,14176,44092,0,0,0,0,41230184,10119432,34359738367,84020,0,78160,0,0,0,0,0,0,0,0,0,0,0,2048,0,1485584,27715584,38797312
1767045255.001197,1197,ubuntu-rog,1,0,0,65683160,43588976,56874968,730492,12516452,0,8669712,11216996,6657428,0,2012284,11216996,0,0,8388604,8388604,0,0,72,0,6640064,400984,17720,787372,1234312,787372,446940,14176,44092,0,0,0,0,41230184,10119432,34359738367,84020,0,78160,0,0,0,0,0,0,0,0,0,0,0,2048,0,1485584,27715584,38797312
1767045256.002287,2287,ubuntu-rog,1,0,0,65683160,43588976,56874968,730496,12516456,0,8669712,11216996,6657428,0,2012284,11216996,0,0,8388604,8388604,0,0,76,0,6640064,400984,17720,787372,1234312,787372,446940,14176,44092,0,0,0,0,41230184,10119432,34359738367,84020,0,78160,0,0,0,0,0,0,0,0,0,0,0,2048,0,1485584,27715584,38797312
1767045257.001335,1335,ubuntu-rog,1,0,0,65683160,43588976,56874968,730496,12516456,0,8669712,11216996,6657428,0,2012284,11216996,0,0,8388604,8388604,0,0,76,0,6640064,400984,17720,787372,1234312,787372,446940,14176,44092,0,0,0,0,41230184,10119432,34359738367,84020,0,78160,0,0,0,0,0,0,0,0,0,0,0,2048,0,1485584,27715584,38797312
1767045258.002201,2201,ubuntu-rog,1,0,0,65683160,43588976,56874972,730496,12516460,0,8669712,11217000,6657428,0,2012284,11217000,0,0,8388604,8388604,0,0,80,0,6640064,400984,17720,787372,1234312,787372,446940,14176,44092,0,0,0,0,41230184,10119432,34359738367,84020,0,78160,0,0,0,0,0,0,0,0,0,0,0,2048,0,1485584,27715584,38797312
1767045259.001291,1291,ubuntu-rog,1,0,0,65683160,43588976,56874972,730496,12516460,0,8669712,11217000,6657428,0,2012284,11217000,0,0,8388604,8388604,0,0,80,0,6640064,400984,17720,787372,1234312,787372,446940,14176,44092,0,0,0,0,41230184,10119432,34359738367,84020,0,78160,0,0,0,0,0,0,0,0,0,0,0,2048,0,1485584,27715584,38797312
1767045260.001063,1063,ubuntu-rog,1,0,0,65683160,43588976,56874972,730496,12516460,0,8669712,11217000,6657428,0,2012284,11217000,0,0,8388604,8388604,0,0,80,0,6640064,400984,17720,787372,1234312,787372,446940,14176,44092,0,0,0,0,41230184,10119432,34359738367,84020,0,78160,0,0,0,0,0,0,0,0,0,0,0,2048,0,1485584,27715584,38797312
1767045261.001459,1459,ubuntu-rog,1,0,0,65683160,43588976,56874972,730496,12516460,0,8669712,11217000,6657428,0,2012284,11217000,0,0,8388604,8388604,0,0,80,0,6640064,400984,17720,787372,1234312,787372,446940,14176,44092,0,0,0,0,41230184,10119432,34359738367,84020,0,78160,0,0,0,0,0,0,0,0,0,0,0,2048,0,1485584,27715584,38797312
1767045262.002291,2291,ubuntu-rog,1,0,0,65683160,43588976,56874972,730496,12516464,0,8669712,11217000,6657428,0,2012284,11217000,0,0,8388604,8388604,0,0,84,0,6640064,400984,17720,787372,1234312,787372,446940,14176,44092,0,0,0,0,41230184,10119432,34359738367,84020,0,78160,0,0,0,0,0,0,0,0,0,0,0,2048,0,1485584,27715584,38797312
1767045263.001065,1065,ubuntu-rog,1,0,0,65683160,43588976,56874972,730496,12516468,0,8669712,11217000,6657428,0,2012284,11217000,0,0,8388604,8388604,0,0,88,0,6640064,400984,17720,787372,1234312,787372,446940,14176,44092,0,0,0,0,41230184,10119432,34359738367,84020,0,78160,0,0,0,0,0,0,0,0,0,0,0,2048,0,1485584,27715584,38797312
1767045264.001377,1377,ubuntu-rog,1,0,0,65683160,43588976,56874972,730496,12516468,0,8669712,11217000,6657428,0,2012284,11217000,0,0,8388604,8388604,0,0,88,0,6640064,400984,17720,787372,1234312,787372,446940,14176,44092,0,0,0,0,41230184,10119432,34359738367,84020,0,78160,0,0,0,0,0,0,0,0,0,0,0,2048,0,1485584,27715584,38797312
1767045265.002295,2295,ubuntu-rog,1,0,0,65683160,43588976,56874972,730496,12516472,0,8669712,11217000,6657428,0,2012284,11217000,0,0,8388604,8388604,0,0,92,0,6640064,400984,17720,787372,1234312,787372,446940,14176,44092,0,0,0,0,41230184,10119432,34359738367,84020,0,78160,0,0,0,0,0,0,0,0,0,0,0,2048,0,1485584,27715584,38797312
1767045266.001066,1066,ubuntu-rog,1,0,0,65683160,43588976,56874976,730496,12516476,0,8669712,11217004,6657428,0,2012284,11217004,0,0,8388604,8388604,0,0,96,0,6640064,400984,17720,787372,1234312,787372,446940,14176,44092,0,0,0,0,41230184,10119432,34359738367,84020,0,78160,0,0,0,0,0,0,0,0,0,0,0,2048,0,1485584,27715584,38797312
1767045267.001155,1155,ubuntu-rog,1,0,0,65683160,43588976,56874976,730496,12516476,0,8669712,11217004,6657428,0,2012284,11217004,0,0,8388604,8388604,0,0,100,0,6640064,400984,17720,787372,1234312,787372,446940,14176,44092,0,0,0,0,41230184,10119432,34359738367,84020,0,78160,0,0,0,0,0,0,0,0,0,0,0,2048,0,1485584,27715584,38797312
1767045268.002756,2756,ubuntu-rog,1,0,0,65683160,43588976,56874980,730496,12516476,0,8669712,11217008,6657428,0,2012284,11217008,0,0,8388604,8388604,0,0,100,0,6640064,400984,17720,787372,1234312,787372,446940,14176,44092,0,0,0,0,41230184,10119432,34359738367,84020,0,78160,0,0,0,0,0,0,0,0,0,0,0,2048,0,1485584,27715584,38797312
1767045269.001066,1066,ubuntu-rog,1,0,0,65683160,43588976,56874980,730496,12516484,0,8669712,11217008,6657428,0,2012284,11217008,0,0,8388604,8388604,0,0,108,0,6640064,400984,17720,787372,1234312,787372,446940,14176,44092,0,0,0,0,41230184,10119432,34359738367,84020,0,78160,0,0,0,0,0,0,0,0,0,0,0,2048,0,1485584,27715584,38797312
1767045270.002202,2202,ubuntu-rog,1,0,0,65683160,43588976,56874988,730496,12516484,0,8669712,11217016,6657428,0,2012284,11217016,0,0,8388604,8388604,0,0,108,0,6640112,400984,17720,787372,1234320,787372,446948,14176,44092,0,0,0,0,41230184,10119604,34359738367,84020,0,78160,0,0,0,0,0,0,0,0,0,0,0,2048,0,1485584,27715584,38797312
1767045271.001306,1306,ubuntu-rog,1,0,0,65683160,43588724,56874740,730500,12516484,0,8669900,11217020,6657616,0,2012284,11217020,0,0,8388604,8388604,0,0,56,0,6640252,400984,17720,787372,1234320,787372,446948,14176,44092,0,0,0,0,41230184,10119604,34359738367,84020,0,78160,0,0,0,0,0,0,0,0,0,0,0,2048,0,1485584,27715584,38797312
1767045272.001370,1370,ubuntu-rog,1,0,0,65683160,43588724,56874740,730500,12516484,0,8669900,11217020,6657616,0,2012284,11217020,0,0,8388604,8388604,0,0,56,0,6640252,400984,17720,787372,1234320,787372,446948,14176,44092,0,0,0,0,41230184,10119604,34359738367,84020,0,78160,0,0,0,0,0,0,0,0,0,0,0,2048,0,1485584,27715584,38797312
1767045273.002184,2184,ubuntu-rog,1,0,0,65683160,43582124,56868140,730504,12516488,0,8669900,11217020,6657616,0,2012284,11217020,0,0,8388604,8388604,0,0,72,0,6640252,400984,17720,787372,1234320,787372,446948,14176,44092,0,0,0,0,41230184,10119604,34359738367,84020,0,78160,0,0,0,0,0,0,0,0,0,0,0,2048,0,1485584,27715584,38797312
1767045274.001288,1288,ubuntu-rog,1,0,0,65683160,43583684,56869716,730504,12516488,0,8669900,11217036,6657616,0,2012284,11217036,0,0,8388604,8388604,0,0,72,0,6640252,400984,17720,787372,1234304,787372,446932,14176,44092,0,0,0,0,41230184,10119604,34359738367,84020,0,78160,0,0,0,0,0,0,0,0,0,0,0,2048,0,1485584,27715584,38797312
1767045275.001172,1172,ubuntu-rog,1,0,0,65683160,43585456,56871488,730504,12516488,0,8669900,11217036,6657616,0,2012284,11217036,0,0,8388604,8388604,0,0,72,0,6640252,400984,17720,787372,1234304,787372,446932,14176,44092,0,0,0,0,41230184,10119604,34359738367,84020,0,78160,0,0,0,0,0,0,0,0,0,0,0,2048,0,1485584,27715584,38797312
1767045276.002192,2192,ubuntu-rog,1,0,0,65683160,43585456,56871508,730504,12516492,0,8669900,11217056,6657616,0,2012284,11217056,0,0,8388604,8388604,0,0,76,0,6640252,400984,17720,787372,1234304,787372,446932,14176,44092,0,0,0,0,41230184,10119604,34359738367,84020,0,78160,0,0,0,0,0,0,0,0,0,0,0,2048,0,1485584,27715584,38797312
1767045277.001303,1303,ubuntu-rog,1,0,0,65683160,43586668,56872720,730504,12516500,0,8669900,11217056,6657616,0,2012284,11217056,0,0,8388604,8388604,0,0,88,0,6640252,400984,17720,787372,1234304,787372,446932,14176,44092,0,0,0,0,41230184,10119604,34359738367,84020,0,78160,0,0,0,0,0,0,0,0,0,0,0,2048,0,1485584,27715584,38797312
1767045278.001359,1359,ubuntu-rog,1,0,0,65683160,43587480,56873536,730504,12516500,0,8669900,11217060,6657616,0,2012284,11217060,0,0,8388604,8388604,0,0,88,0,6640252,400984,17720,787372,1234304,787372,446932,14176,44092,0,0,0,0,41230184,10119604,34359738367,84020,0,78160,0,0,0,0,0,0,0,0,0,0,0,2048,0,1485584,27715584,38797312
1767045279.001332,1332,ubuntu-rog,1,0,0,65683160,43588664,56874720,730512,12516500,0,8669900,11217060,6657616,0,2012284,11217060,0,0,8388604,8388604,0,0,88,0,6640252,400984,17720,787372,1234304,787372,446932,14176,44092,0,0,0,0,41230184,10119604,34359738367,84020,0,78160,0,0,0,0,0,0,0,0,0,0,0,2048,0,1485584,27715584,38797312
1767045280.002299,2299,ubuntu-rog,1,0,0,65683160,43588664,56874724,730528,12516508,0,8669900,11217064,6657616,0,2012284,11217064,0,0,8388604,8388604,0,0,172,0,6640252,400984,17720,787372,1234304,787372,446932,14176,44092,0,0,0,0,41230184,10119604,34359738367,84020,0,78160,0,0,0,0,0,0,0,0,0,0,0,2048,0,1485584,27715584,38797312
1767045281.003062,3062,ubuntu-rog,1,0,0,65683160,43588952,56875012,730528,12516508,0,8669864,11217064,6657580,0,2012284,11217064,0,0,8388604,8388604,0,0,172,0,6640244,400984,17720,787372,1234304,787372,446932,14176,44092,0,0,0,0,41230184,10119604,34359738367,84020,0,78160,0,0,0,0,0,0,0,0,0,0,0,2048,0,1485584,27715584,38797312
1767045282.001188,1188,ubuntu-rog,1,0,0,65683160,43588952,56875012,730528,12516512,0,8669892,11217064,6657608,0,2012284,11217064,0,0,8388604,8388604,0,0,32,0,6640244,400984,17720,787372,1234296,787372,446924,14176,44092,0,0,0,0,41230184,10119604,34359738367,84020,0,78160,0,0,0,0,0,0,0,0,0,0,0,2048,0,1485584,27715584,38797312
1767045283.001204,1204,ubuntu-rog,1,0,0,65683160,43588952,56875012,730528,12516512,0,8669892,11217064,6657608,0,2012284,11217064,0,0,8388604,8388604,0,0,32,0,6640244,400984,17720,787372,1234296,787372,446924,14176,44092,0,0,0,0,41230184,10119604,34359738367,84020,0,78160,0,0,0,0,0,0,0,0,0,0,0,2048,0,1485584,27715584,38797312
1767045284.002058,2058,ubuntu-rog,1,0,0,65683160,43588952,56875020,730528,12516516,0,8669892,11217072,6657608,0,2012284,11217072,0,0,8388604,8388604,0,0,36,0,6640244,400984,17720,787372,1234296,787372,446924,14176,44092,0,0,0,0,41230184,10119604,34359738367,84020,0,78160,0,0,0,0,0,0,0,0,0,0,0,2048,0,1485584,27715584,38797312
1767045285.001177,1177,ubuntu-rog,1,0,0,65683160,43582352,56868420,730532,12516516,0,8669892,11217072,6657608,0,2012284,11217072,0,0,8388604,8388604,0,0,100,0,6640244,400984,17720,787372,1234296,787372,446924,14176,44092,0,0,0,0,41230184,10119604,34359738367,84020,0,78160,0,0,0,0,0,0,0,0,0,0,0,2048,0,1485584,27715584,38797312
1767045286.001308,1308,ubuntu-rog,1,0,0,65683160,43583912,56869984,730532,12516516,0,8669892,11217076,6657608,0,2012284,11217076,0,0,8388604,8388604,0,0,100,0,6640244,400984,17720,787372,1234296,787372,446924,14176,44092,0,0,0,0,41230184,10119604,34359738367,84020,0,78160,0,0,0,0,0,0,0,0,0,0,0,2048,0,1485584,27715584,38797312
1767045287.002053,2053,ubuntu-rog,1,0,0,65683160,43585504,56871576,730532,12516516,0,8669892,11217076,6657608,0,2012284,11217076,0,0,8388604,8388604,0,0,100,0,6640244,400984,17720,787372,1234296,787372,446924,14176,44092,0,0,0,0,41230184,10119604,34359738367,84020,0,78160,0,0,0,0,0,0,0,0,0,0,0,2048,0,1485584,27715584,38797312
1767045288.001201,1201,ubuntu-rog,1,0,0,65683160,43586896,56872968,730532,12516524,0,8669892,11217076,6657608,0,2012284,11217076,0,0,8388604,8388604,0,0,108,0,6640244,400984,17720,787372,1234296,787372,446924,14176,44092,0,0,0,0,41230184,10119604,34359738367,84020,0,78160,0,0,0,0,0,0,0,0,0,0,0,2048,0,1485584,27715584,38797312
1767045289.001507,1507,ubuntu-rog,1,0,0,65683160,43587964,56874036,730532,12516524,0,8669892,11217076,6657608,0,2012284,11217076,0,0,8388604,8388604,0,0,108,0,6640244,400984,17720,787372,1234296,787372,446924,14176,44092,0,0,0,0,41230184,10119604,34359738367,84020,0,78160,0,0,0,0,0,0,0,0,0,0,0,2048,0,1485584,27715584,38797312
1767045290.002069,2069,ubuntu-rog,1,0,0,65683160,43588896,56874972,730532,12516528,0,8669892,11217080,6657608,0,2012284,11217080,0,0,8388604,8388604,0,0,112,0,6640244,400984,17720,787372,1234296,787372,446924,14176,44092,0,0,0,0,41230184,10119604,34359738367,84020,0,78160,0,0,0,0,0,0,0,0,0,0,0,2048,0,1485584,27715584,38797312
1767045291.002182,2182,ubuntu-rog,1,0,0,65683160,43588896,56874972,730536,12516528,0,8669892,11217080,6657608,0,2012284,11217080,0,0,8388604,8388604,0,0,112,0,6640244,400984,17720,787372,1234296,787372,446924,14176,44092,0,0,0,0,41230184,10119604,34359738367,84020,0,78160,0,0,0,0,0,0,0,0,0,0,0,2048,0,1485584,27715584,38797312
1767045292.001284,1284,ubuntu-rog,1,0,0,65683160,43588944,56875020,730536,12516532,0,8669892,11217080,6657608,0,2012284,11217080,0,0,8388604,8388604,0,0,116,0,6640244,400984,17720,787372,1234296,787372,446924,14176,44092,0,0,0,0,41230184,10119604,34359738367,84020,0,78160,0,0,0,0,0,0,0,0,0,0,0,2048,0,1485584,27715584,38797312
1767045293.001072,1072,ubuntu-rog,1,0,0,65683160,43588944,56875020,730536,12516532,0,8669892,11217080,6657608,0,2012284,11217080,0,0,8388604,8388604,0,0,116,0,6640244,400984,17720,787372,1234296,787372,446924,14176,44092,0,0,0,0,41230184,10119604,34359738367,84020,0,78160,0,0,0,0,0,0,0,0,0,0,0,2048,0,1485584,27715584,38797312
1767045294.002198,2198,ubuntu-rog,1,0,0,65683160,43588944,56875020,730536,12516532,0,8669892,11217080,6657608,0,2012284,11217080,0,0,8388604,8388604,0,0,116,0,6640244,400984,17720,787372,1234296,787372,446924,14176,44092,0,0,0,0,41230184,10119604,34359738367,84020,0,78160,0,0,0,0,0,0,0,0,0,0,0,2048,0,1485584,27715584,38797312
1767045295.001292,1292,ubuntu-rog,1,0,0,65683160,43588944,56875020,730536,12516540,0,8669892,11217080,6657608,0,2012284,11217080,0,0,8388604,8388604,0,0,124,0,6640244,400984,17720,787372,1234296,787372,446924,14176,44092,0,0,0,0,41230184,10119604,34359738367,84020,0,78160,0,0,0,0,0,0,0,0,0,0,0,2048,0,1485584,27715584,38797312
1767045296.001375,1375,ubuntu-rog,1,0,0,65683160,43582688,56868764,730544,12516540,0,8669892,11217080,6657608,0,2012284,11217080,0,0,8388604,8388604,0,0,124,0,6640244,400984,17720,787372,1234296,787372,446924,14176,44092,0,0,0,0,41230184,10119604,34359738367,84020,0,78160,0,0,0,0,0,0,0,0,0,0,0,2048,0,1485584,27715584,38797312
1767045297.002190,2190,ubuntu-rog,1,0,0,65683160,43583900,56869976,730544,12516540,0,8669892,11217080,6657608,0,2012284,11217080,0,0,8388604,8388604,0,0,124,0,6640244,400984,17720,787372,1234296,787372,446924,14176,44092,0,0,0,0,41230184,10119604,34359738367,84020,0,78160,0,0,0,0,0,0,0,0,0,0,0,2048,0,1485584,27715584,38797312
1767045298.001297,1297,ubuntu-rog,1,0,0,65683160,43585492,56871608,730544,12516540,0,8669892,11217120,6657608,0,2012284,11217120,0,0,8388604,8388604,0,0,124,0,6640244,400984,17720,787372,1234296,787372,446924,14176,44092,0,0,0,0,41230184,10119604,34359738367,84020,0,78160,0,0,0,0,0,0,0,0,0,0,0,2048,0,1485584,27715584,38797312
1767045299.001058,1058,ubuntu-rog,1,0,0,65683160,43586884,56873000,730544,12516544,0,8669892,11217120,6657608,0,2012284,11217120,0,0,8388604,8388604,0,0,128,0,6640244,400984,17720,787372,1234296,787372,446924,14176,44092,0,0,0,0,41230184,10119604,34359738367,84020,0,78160,0,0,0,0,0,0,0,0,0,0,0,2048,0,1485584,27715584,38797312
1767045300.001122,1122,ubuntu-rog,1,0,0,65683160,43587952,56874068,730544,12516544,0,8669892,11217120,6657608,0,2012284,11217120,0,0,8388604,8388604,0,0,128,0,6640244,400984,17720,787372,1234296,787372,446924,14176,44092,0,0,0,0,41230184,10119604,34359738367,84020,0,78160,0,0,0,0,0,0,0,0,0,0,0,2048,0,1485584,27715584,38797312
1767045301.002302,2302,ubuntu-rog,1,0,0,65683160,43588880,56874996,730548,12516548,0,8669892,11217120,6657608,0,2012284,11217120,0,0,8388604,8388604,0,0,132,0,6640244,400984,17720,787372,1234296,787372,446924,14176,44092,0,0,0,0,41230184,10119604,34359738367,84020,0,78160,0,0,0,0,0,0,0,0,0,0,0,2048,0,1485584,27715584,38797312
1767045302.001068,1068,ubuntu-rog,1,0,0,65683160,43588880,56875000,730548,12516552,0,8669984,11217124,6657700,0,2012284,11217124,0,0,8388604,8388604,0,0,312,0,6640248,400988,17720,787372,1234296,787372,446924,14192,44172,0,0,0,0,41230184,10119604,34359738367,84036,0,78160,0,0,0,0,0,0,0,0,0,0,0,2048,0,1485584,27715584,38797312
1767045303.001183,1183,ubuntu-rog,1,0,0,65683160,43588932,56875052,730548,12516556,0,8669984,11217124,6657700,0,2012284,11217124,0,0,8388604,8388604,0,0,316,0,6640244,400988,17720,787372,1234288,787372,446916,14176,44092,0,0,0,0,41230184,10119604,34359738367,84036,0,78160,0,0,0,0,0,0,0,0,0,0,0,2048,0,1485584,27715584,38797312
1767045304.001491,1491,ubuntu-rog,1,0,0,65683160,43588932,56875052,730548,12516556,0,8669984,11217124,6657700,0,2012284,11217124,0,0,8388604,8388604,0,0,316,0,6640244,400988,17720,787372,1234288,787372,446916,14176,44092,0,0,0,0,41230184,10119604,34359738367,84036,0,78160,0,0,0,0,0,0,0,0,0,0,0,2048,0,1485584,27715584,38797312
1767045305.002061,2061,ubuntu-rog,1,0,0,65683160,43588932,56875052,730548,12516556,0,8669984,11217124,6657700,0,2012284,11217124,0,0,8388604,8388604,0,0,316,0,6640244,400988,17720,787372,1234288,787372,446916,14176,44092,0,0,0,0,41230184,10119604,34359738367,84036,0,78160,0,0,0,0,0,0,0,0,0,0,0,2048,0,1485584,27715584,38797312
1767045306.001179,1179,ubuntu-rog,1,0,0,65683160,43588932,56875056,730548,12516560,0,8669984,11217128,6657700,0,2012284,11217128,0,0,8388604,8388604,0,0,320,0,6640244,400988,17720,787372,1234288,787372,446916,14176,44092,0,0,0,0,41230184,10119604,34359738367,84036,0,78160,0,0,0,0,0,0,0,0,0,0,0,2048,0,1485584,27715584,38797312
1767045307.001483,1483,ubuntu-rog,1,0,0,65683160,43588932,56875064,730548,12516564,0,8669984,11217136,6657700,0,2012284,11217136,0,0,8388604,8388604,0,0,288,0,6640244,400988,17720,787372,1234288,787372,446916,14176,44092,0,0,0,0,41230184,10119604,34359738367,84036,0,78160,0,0,0,0,0,0,0,0,0,0,0,2048,0,1485584,27715584,38797312
1767045308.002059,2059,ubuntu-rog,1,0,0,65683160,43588932,56875064,730548,12516564,0,8669984,11217136,6657700,0,2012284,11217136,0,0,8388604,8388604,0,0,288,0,6640244,400988,17720,787372,1234288,787372,446916,14176,44092,0,0,0,0,41230184,10119604,34359738367,84036,0,78160,0,0,0,0,0,0,0,0,0,0,0,2048,0,1485584,27715584,38797312
1767045309.001185,1185,ubuntu-rog,1,0,0,65683160,43588932,56875064,730548,12516564,0,8669984,11217136,6657700,0,2012284,11217136,0,0,8388604,8388604,0,0,288,0,6640244,400988,17720,787372,1234288,787372,446916,14176,44092,0,0,0,0,41230184,10119604,34359738367,84036,0,78160,0,0,0,0,0,0,0,0,0,0,0,2048,0,1485584,27715584,38797312
1767045310.001295,1295,ubuntu-rog,1,0,0,65683160,43588932,56875064,730548,12516568,0,8669984,11217136,6657700,0,2012284,11217136,0,0,8388604,8388604,0,0,296,0,6640244,400988,17720,787372,1234288,787372,446916,14176,44092,0,0,0,0,41230184,10119604,34359738367,84036,0,78160,0,0,0,0,0,0,0,0,0,0,0,2048,0,1485584,27715584,38797312
1767045311.001376,1376,ubuntu-rog,1,0,0,65683160,43588932,56875064,730548,12516568,0,8669812,11217136,6657528,0,2012284,11217136,0,0,8388604,8388604,0,0,296,0,6640072,400988,17720,787372,1234288,787372,446916,14176,44092,0,0,0,0,41230184,10119432,34359738367,84036,0,78160,0,0,0,0,0,0,0,0,0,0,0,2048,0,1485584,27715584,38797312
1767045312.002197,2197,ubuntu-rog,1,0,0,65683160,43589184,56875324,730548,12516568,0,8669812,11217144,6657528,0,2012284,11217144,0,0,8388604,8388604,0,0,116,0,6640072,400988,17720,787372,1234288,787372,446916,14176,44092,0,0,0,0,41230184,10119432,34359738367,84036,0,78160,0,0,0,0,0,0,0,0,0,0,0,2048,0,1485584,27715584,38797312
1767045313.001282,1282,ubuntu-rog,1,0,0,65683160,43589184,56875324,730548,12516568,0,8669812,11217144,6657528,0,2012284,11217144,0,0,8388604,8388604,0,0,116,0,6640072,400988,17720,787372,1234288,787372,446916,14176,44092,0,0,0,0,41230184,10119432,34359738367,84036,0,78160,0,0,0,0,0,0,0,0,0,0,0,2048,0,1485584,27715584,38797312
1767045314.001059,1059,ubuntu-rog,1,0,0,65683160,43589184,56875328,730548,12516576,0,8669812,11217148,6657528,0,2012284,11217148,0,0,8388604,8388604,0,0,128,0,6640072,400988,17720,787372,1234288,787372,446916,14176,44092,0,0,0,0,41230184,10119432,34359738367,84036,0,78160,0,0,0,0,0,0,0,0,0,0,0,2048,0,1485584,27715584,38797312
1767045315.001383,1383,ubuntu-rog,1,0,0,65683160,43589184,56875328,730548,12516580,0,8669812,11217148,6657528,0,2012284,11217148,0,0,8388604,8388604,0,0,136,0,6640072,400988,17720,787372,1234288,787372,446916,14176,44092,0,0,0,0,41230184,10119432,34359738367,84036,0,78160,0,0,0,0,0,0,0,0,0,0,0,2048,0,1485584,27715584,38797312
1767045316.002314,2314,ubuntu-rog,1,0,0,65683160,43589184,56875328,730548,12516580,0,8669812,11217148,6657528,0,2012284,11217148,0,0,8388604,8388604,0,0,36,0,6640072,400988,17720,787372,1234288,787372,446916,14176,44092,0,0,0,0,41230184,10119432,34359738367,84020,0,78160,0,0,0,0,0,0,0,0,0,0,0,2048,0,1485584,27715584,38797312
1767045317.002053,2053,ubuntu-rog,1,0,0,65683160,43589184,56875328,730552,12516584,0,8669812,11217148,6657528,0,2012284,11217148,0,0,8388604,8388604,0,0,64,0,6640072,400988,17720,787372,1234320,787372,446948,14096,44092,0,0,0,0,41230184,10119432,34359738367,84004,0,78160,0,0,0,0,0,0,0,0,0,0,0,2048,0,1485584,27715584,38797312
1767045318.001194,1194,ubuntu-rog,1,0,0,65683160,43589184,56875332,730552,12516584,0,8669812,11217152,6657528,0,2012284,11217152,0,0,8388604,8388604,0,0,64,0,6640072,400988,17720,787372,1234320,787372,446948,14096,44092,0,0,0,0,41230184,10119432,34359738367,84004,0,78160,0,0,0,0,0,0,0,0,0,0,0,2048,0,1485584,27715584,38797312
1767045319.001299,1299,ubuntu-rog,1,0,0,65683160,43589184,56875332,730552,12516584,0,8669812,11217152,6657528,0,2012284,11217152,0,0,8388604,8388604,0,0,64,0,6640072,400988,17720,787372,1234320,787372,446948,14096,44092,0,0,0,0,41230184,10119432,34359738367,84004,0,78160,0,0,0,0,0,0,0,0,0,0,0,2048,0,1485584,27715584,38797312
1767045320.001058,1058,ubuntu-rog,1,0,0,65683160,43589184,56875332,730552,12516588,0,8669812,11217152,6657528,0,2012284,11217152,0,0,8388604,8388604,0,0,68,0,6640072,400988,17720,787372,1234320,787372,446948,14096,44092,0,0,0,0,41230184,10119432,34359738367,84004,0,78160,0,0,0,0,0,0,0,0,0,0,0,2048,0,1485584,27715584,38797312
1767045321.001429,1429,ubuntu-rog,1,0,0,65683160,43589184,56875332,730552,12516592,0,8669812,11217152,6657528,0,2012284,11217152,0,0,8388604,8388604,0,0,72,0,6640072,400988,17720,787372,1234320,787372,446948,14096,44092,0,0,0,0,41230184,10119432,34359738367,84004,0,78160,0,0,0,0,0,0,0,0,0,0,0,2048,0,1485584,27715584,38797312
1767045322.002292,2292,ubuntu-rog,1,0,0,65683160,43589184,56875332,730552,12516592,0,8669812,11217152,6657528,0,2012284,11217152,0,0,8388604,8388604,0,0,72,0,6640072,400988,17720,787372,1234320,787372,446948,14096,44092,0,0,0,0,41230184,10119432,34359738367,84004,0,78160,0,0,0,0,0,0,0,0,0,0,0,2048,0,1485584,27715584,38797312
1767045323.001058,1058,ubuntu-rog,1,0,0,65683160,43589184,56875332,730552,12516592,0,8669812,11217152,6657528,0,2012284,11217152,0,0,8388604,8388604,0,0,72,0,6640072,400988,17720,787372,1234320,787372,446948,14096,44092,0,0,0,0,41230184,10119432,34359738367,84004,0,78160,0,0,0,0,0,0,0,0,0,0,0,2048,0,1485584,27715584,38797312
1767045324.005179,5179,ubuntu-rog,1,0,0,65683160,43589184,56875332,730552,12516592,0,8669812,11217152,6657528,0,2012284,11217152,0,0,8388604,8388604,0,0,72,0,6640072,400988,17720,787372,1234320,787372,446948,14096,44092,0,0,0,0,41230184,10119432,34359738367,84004,0,78160,0,0,0,0,0,0,0,0,0,0,0,2048,0,1485584,27715584,38797312
1767045325.001201,1201,ubuntu-rog,1,0,0,65683160,43589184,56875332,730552,12516596,0,8669812,11217152,6657528,0,2012284,11217152,0,0,8388604,8388604,0,0,76,0,6640072,400988,17720,787372,1234320,787372,446948,14096,44092,0,0,0,0,41230184,10119432,34359738367,84004,0,78160,0,0,0,0,0,0,0,0,0,0,0,2048,0,1485584,27715584,38797312
1767045326.002058,2058,ubuntu-rog,1,0,0,65683160,43589184,56875336,730552,12516596,0,8669812,11217156,6657528,0,2012284,11217156,0,0,8388604,8388604,0,0,76,0,6640072,400988,17720,787372,1234320,787372,446948,14096,44092,0,0,0,0,41230184,10119432,34359738367,84004,0,78160,0,0,0,0,0,0,0,0,0,0,0,2048,0,1485584,27715584,38797312
1767045327.001198,1198,ubuntu-rog,1,0,0,65683160,43589184,56875336,730552,12516604,0,8669812,11217156,6657528,0,2012284,11217156,0,0,8388604,8388604,0,0,84,0,6640072,400988,17720,787372,1234320,787372,446948,14096,44092,0,0,0,0,41230184,10119432,34359738367,84004,0,78160,0,0,0,0,0,0,0,0,0,0,0,2048,0,1485584,27715584,38797312
1767045328.001176,1176,ubuntu-rog,1,0,0,65683160,43589184,56875336,730560,12516608,0,8669812,11217156,6657528,0,2012284,11217156,0,0,8388604,8388604,0,0,88,0,6640072,400988,17720,787372,1234320,787372,446948,14096,44092,0,0,0,0,41230184,10119432,34359738367,84004,0,78160,0,0,0,0,0,0,0,0,0,0,0,2048,0,1485584,27715584,38797312
1767045329.002061,2061,ubuntu-rog,1,0,0,65683160,43589184,56875336,730560,12516608,0,8669812,11217156,6657528,0,2012284,11217156,0,0,8388604,8388604,0,0,88,0,6640072,400988,17720,787372,1234320,787372,446948,14096,44092,0,0,0,0,41230184,10119432,34359738367,84004,0,78160,0,0,0,0,0,0,0,0,0,0,0,2048,0,1485584,27715584,38797312
1767045330.001197,1197,ubuntu-rog,1,0,0,65683160,43589184,56875336,730560,12516608,0,8669812,11217156,6657528,0,2012284,11217156,0,0,8388604,8388604,0,0,88,0,6640072,400988,17720,787372,1234320,787372,446948,14096,44092,0,0,0,0,41230184,10119432,34359738367,84004,0,78160,0,0,0,0,0,0,0,0,0,0,0,2048,0,1485584,27715584,38797312
1767045331.001312,1312,ubuntu-rog,1,0,0,65683160,43589184,56875336,730560,12516608,0,8669812,11217156,6657528,0,2012284,11217156,0,0,8388604,8388604,0,0,88,0,6640072,400988,17720,787372,1234320,787372,446948,14096,44092,0,0,0,0,41230184,10119432,34359738367,84004,0,78160,0,0,0,0,0,0,0,0,0,0,0,2048,0,1485584,27715584,38797312
1767045332.002185,2185,ubuntu-rog,1,0,0,65683160,43589184,56875336,730560,12516612,0,8669812,11217156,6657528,0,2012284,11217156,0,0,8388604,8388604,0,0,92,0,6640072,400988,17720,787372,1234320,787372,446948,14096,44092,0,0,0,0,41230184,10119432,34359738367,84004,0,78160,0,0,0,0,0,0,0,0,0,0,0,2048,0,1485584,27715584,38797312
1767045333.001196,1196,ubuntu-rog,1,0,0,65683160,43589184,56875336,730560,12516616,0,8669812,11217156,6657528,0,2012284,11217156,0,0,8388604,8388604,0,0,88,0,6640072,400988,17720,787372,1234320,787372,446948,14096,44092,0,0,0,0,41230184,10119432,34359738367,84004,0,78160,0,0,0,0,0,0,0,0,0,0,0,2048,0,1485584,27715584,38797312
1767045334.002285,2285,ubuntu-rog,1,0,0,65683160,43589184,56875336,730564,12516616,0,8669812,11217156,6657528,0,2012284,11217156,0,0,8388604,8388604,0,0,92,0,6640072,400988,17720,787372,1234320,787372,446948,14096,44092,0,0,0,0,41230184,10119432,34359738367,84004,0,78160,0,0,0,0,0,0,0,0,0,0,0,2048,0,1485584,27715584,38797312
1767045335.001077,1077,ubuntu-rog,1,0,0,65683160,43589184,56875336,730564,12516616,0,8669812,11217156,6657528,0,2012284,11217156,0,0,8388604,8388604,0,0,92,0,6640072,400988,17720,787372,1234320,787372,446948,14096,44092,0,0,0,0,41230184,10119432,34359738367,84004,0,78160,0,0,0,0,0,0,0,0,0,0,0,2048,0,1485584,27715584,38797312
1767045336.003195,3195,ubuntu-rog,1,0,0,65683160,43589184,56875348,730564,12516620,0,8669812,11217168,6657528,0,2012284,11217168,0,0,8388604,8388604,0,0,96,0,6640072,400988,17720,787372,1234320,787372,446948,14096,44092,0,0,0,0,41230184,10119432,34359738367,84004,0,78160,0,0,0,0,0,0,0,0,0,0,0,2048,0,1485584,27715584,38797312
1767045337.001294,1294,ubuntu-rog,1,0,0,65683160,43589184,56875348,730564,12516620,0,8669812,11217168,6657528,0,2012284,11217168,0,0,8388604,8388604,0,0,96,0,6640072,400988,17720,787372,1234320,787372,446948,14096,44092,0,0,0,0,41230184,10119432,34359738367,84004,0,78160,0,0,0,0,0,0,0,0,0,0,0,2048,0,1485584,27715584,38797312
1767045338.001353,1353,ubuntu-rog,1,0,0,65683160,43589184,56875348,730564,12516620,0,8669812,11217168,6657528,0,2012284,11217168,0,0,8388604,8388604,0,0,96,0,6640072,400988,17720,787372,1234320,787372,446948,14096,44092,0,0,0,0,41230184,10119432,34359738367,84004,0,78160,0,0,0,0,0,0,0,0,0,0,0,2048,0,1485584,27715584,38797312
1767045339.002196,2196,ubuntu-rog,1,0,0,65683160,43582584,56868748,730564,12516624,0,8669812,11217168,6657528,0,2012284,11217168,0,0,8388604,8388604,0,0,100,0,6640072,400988,17720,787372,1234320,787372,446948,14096,44092,0,0,0,0,41230184,10119432,34359738367,84004,0,78160,0,0,0,0,0,0,0,0,0,0,0,2048,0,1485584,27715584,38797312
1767045340.001306,1306,ubuntu-rog,1,0,0,65683160,43584144,56870308,730568,12516632,0,8669812,11217168,6657528,0,2012284,11217168,0,0,8388604,8388604,0,0,108,0,6640072,400988,17720,787372,1234320,787372,446948,14096,44092,0,0,0,0,41230184,10119432,34359738367,84004,0,78160,0,0,0,0,0,0,0,0,0,0,0,2048,0,1485584,27715584,38797312
1767045341.001060,1060,ubuntu-rog,1,0,0,65683160,43585732,56871896,730568,12516632,0,8669812,11217168,6657528,0,2012284,11217168,0,0,8388604,8388604,0,0,108,0,6640072,400988,17720,787372,1234320,787372,446948,14096,44092,0,0,0,0,41230184,10119432,34359738367,84004,0,78160,0,0,0,0,0,0,0,0,0,0,0,2048,0,1485584,27715584,38797312
1767045342.001438,1438,ubuntu-rog,1,0,0,65683160,43587128,56873292,730568,12516632,0,8669812,11217168,6657528,0,2012284,11217168,0,0,8388604,8388604,0,0,108,0,6640072,400988,17720,787372,1234320,787372,446948,14096,44092,0,0,0,0,41230184,10119432,34359738367,84004,0,78160,0,0,0,0,0,0,0,0,0,0,0,2048,0,1485584,27715584,38797312
1767045343.002289,2289,ubuntu-rog,1,0,0,65683160,43587128,56873296,730568,12516636,0,8669860,11217172,6657576,0,2012284,11217172,0,0,8388604,8388604,0,0,76,0,6640072,400988,17720,787372,1234320,787372,446948,14096,44092,0,0,0,0,41230184,10119432,34359738367,84004,0,78160,0,0,0,0,0,0,0,0,0,0,0,2048,0,1485584,27715584,38797312
1767045344.001062,1062,ubuntu-rog,1,0,0,65683160,43587936,56874104,730568,12516636,0,8669860,11217172,6657576,0,2012284,11217172,0,0,8388604,8388604,0,0,76,0,6640072,400988,17720,787372,1234320,787372,446948,14096,44092,0,0,0,0,41230184,10119432,34359738367,84004,0,78160,0,0,0,0,0,0,0,0,0,0,0,2048,0,1485584,27715584,38797312
1767045345.001188,1188,ubuntu-rog,1,0,0,65683160,43589000,56875168,730568,12516636,0,8669860,11217172,6657576,0,2012284,11217172,0,0,8388604,8388604,0,0,76,0,6640072,400988,17720,787372,1234320,787372,446948,14096,44092,0,0,0,0,41230184,10119432,34359738367,84004,0,78160,0,0,0,0,0,0,0,0,0,0,0,2048,0,1485584,27715584,38797312
1767045346.001495,1495,ubuntu-rog,1,0,0,65683160,43589124,56875292,730572,12516640,0,8669860,11217172,6657576,0,2012284,11217172,0,0,8388604,8388604,0,0,84,0,6640072,400988,17720,787372,1234320,787372,446948,14096,44092,0,0,0,0,41230184,10119432,34359738367,84004,0,78160,0,0,0,0,0,0,0,0,0,0,0,2048,0,1485584,27715584,38797312
1767045347.002063,2063,ubuntu-rog,1,0,0,65683160,43589176,56875344,730572,12516644,0,8669860,11217172,6657576,0,2012284,11217172,0,0,8388604,8388604,0,0,88,0,6640072,400988,17720,787372,1234320,787372,446948,14096,44092,0,0,0,0,41230184,10119432,34359738367,84004,0,78160,0,0,0,0,0,0,0,0,0,0,0,2048,0,1485584,27715584,38797312
1767045348.001186,1186,ubuntu-rog,1,0,0,65683160,43589176,56875396,730572,12516644,0,8669860,11217224,6657576,0,2012284,11217224,0,0,8388604,8388604,0,0,12,0,6640072,400988,17720,787372,1234320,787372,446948,14096,44092,0,0,0,0,41230184,10119432,34359738367,84004,0,78160,0,0,0,0,0,0,0,0,0,0,0,2048,0,1485584,27715584,38797312
1767045349.001611,1611,ubuntu-rog,1,0,0,65683160,43589176,56875396,730572,12516644,0,8669860,11217224,6657576,0,2012284,11217224,0,0,8388604,8388604,0,0,12,0,6640072,400988,17720,787372,1234320,787372,446948,14096,44092,0,0,0,0,41230184,10119432,34359738367,84004,0,78160,0,0,0,0,0,0,0,0,0,0,0,2048,0,1485584,27715584,38797312
1767045350.002062,2062,ubuntu-rog,1,0,0,65683160,43589176,56875396,730572,12516644,0,8669860,11217224,6657576,0,2012284,11217224,0,0,8388604,8388604,0,0,12,0,6640072,400988,17720,787372,1234320,787372,446948,14096,44092,0,0,0,0,41230184,10119432,34359738367,84004,0,78160,0,0,0,0,0,0,0,0,0,0,0,2048,0,1485584,27715584,38797312
1767045351.001197,1197,ubuntu-rog,1,0,0,65683160,43589176,56875396,730576,12516648,0,8669860,11217224,6657576,0,2012284,11217224,0,0,8388604,8388604,0,0,44,0,6640072,400988,17720,787372,1234320,787372,446948,14096,44092,0,0,0,0,41230184,10119432,34359738367,84004,0,78160,0,0,0,0,0,0,0,0,0,0,0,2048,0,1485584,27715584,38797312
1767045352.001207,1207,ubuntu-rog,1,0,0,65683160,43589176,56875412,730576,12516656,0,8669860,11217240,6657576,0,2012284,11217240,0,0,8388604,8388604,0,0,60,0,6640072,400988,17720,787372,1234320,787372,446948,14096,44092,0,0,0,0,41230184,10119432,34359738367,84004,0,78160,0,0,0,0,0,0,0,0,0,0,0,2048,0,1485584,27715584,38797312
1767045353.002064,2064,ubuntu-rog,1,0,0,65683160,43589176,56875412,730576,12516656,0,8669860,11217240,6657576,0,2012284,11217240,0,0,8388604,8388604,0,0,60,0,6640072,400988,17720,787372,1234320,787372,446948,14096,44092,0,0,0,0,41230184,10119432,34359738367,84004,0,78160,0,0,0,0,0,0,0,0,0,0,0,2048,0,1485584,27715584,38797312
1767045354.001204,1204,ubuntu-rog,1,0,0,65683160,43589176,56875444,730576,12516660,0,8669860,11217272,6657576,0,2012284,11217272,0,0,8388604,8388604,0,0,64,0,6640072,400988,17720,787372,1234320,787372,446948,14096,44092,0,0,0,0,41230184,10119432,34359738367,84004,0,78160,0,0,0,0,0,0,0,0,0,0,0,2048,0,1485584,27715584,38797312
1767045355.001284,1284,ubuntu-rog,1,0,0,65683160,43589176,56875444,730576,12516660,0,8669860,11217272,6657576,0,2012284,11217272,0,0,8388604,8388604,0,0,64,0,6640072,400988,17720,787372,1234320,787372,446948,14096,44092,0,0,0,0,41230184,10119432,34359738367,84004,0,78160,0,0,0,0,0,0,0,0,0,0,0,2048,0,1485584,27715584,38797312
1767045356.004060,4060,ubuntu-rog,1,0,0,65683160,43589176,56875444,730576,12516660,0,8669860,11217272,6657576,0,2012284,11217272,0,0,8388604,8388604,0,0,64,0,6640072,400988,17720,787372,1234320,787372,446948,14096,44092,0,0,0,0,41230184,10119432,34359738367,84004,0,78160,0,0,0,0,0,0,0,0,0,0,0,2048,0,1485584,27715584,38797312
1767045357.001426,1426,ubuntu-rog,1,0,0,65683160,43589176,56875444,730580,12516660,0,8669860,11217272,6657576,0,2012284,11217272,0,0,8388604,8388604,0,0,64,0,6640072,400988,17720,787372,1234320,787372,446948,14096,44092,0,0,0,0,41230184,10119432,34359738367,84004,0,78160,0,0,0,0,0,0,0,0,0,0,0,2048,0,1485584,27715584,38797312
1767045358.002288,2288,ubuntu-rog,1,0,0,65683160,43589176,56875444,730580,12516668,0,8669860,11217272,6657576,0,2012284,11217272,0,0,8388604,8388604,0,0,72,0,6640072,400988,17720,787372,1234320,787372,446948,14096,44092,0,0,0,0,41230184,10119432,34359738367,84004,0,78160,0,0,0,0,0,0,0,0,0,0,0,2048,0,1485584,27715584,38797312
1767045359.001058,1058,ubuntu-rog,1,0,0,65683160,43589428,56875696,730580,12516668,0,8669860,11217272,6657576,0,2012284,11217272,0,0,8388604,8388604,0,0,72,0,6640072,400988,17720,787372,1234320,787372,446948,14096,44092,0,0,0,0,41230184,10119432,34359738367,84004,0,78160,0,0,0,0,0,0,0,0,0,0,0,2048,0,1485584,27715584,38797312
1767045360.001190,1190,ubuntu-rog,1,0,0,65683160,43589428,56875696,730580,12516668,0,8669860,11217272,6657576,0,2012284,11217272,0,0,8388604,8388604,0,0,72,0,6640072,400988,17720,787372,1234320,787372,446948,14096,44092,0,0,0,0,41230184,10119432,34359738367,84004,0,78160,0,0,0,0,0,0,0,0,0,0,0,2048,0,1485584,27715584,38797312
1767045361.001299,1299,ubuntu-rog,1,0,0,65683160,43589428,56875696,730580,12516668,0,8669860,11217272,6657576,0,2012284,11217272,0,0,8388604,8388604,0,0,72,0,6640072,400988,17720,787372,1234320,787372,446948,14096,44092,0,0,0,0,41230184,10119432,34359738367,84004,0,78160,0,0,0,0,0,0,0,0,0,0,0,2048,0,1485584,27715584,38797312
1767045362.002054,2054,ubuntu-rog,1,0,0,65683160,43582828,56869096,730584,12516672,0,8669860,11217272,6657576,0,2012284,11217272,0,0,8388604,8388604,0,0,76,0,6640072,400988,17720,787372,1234320,787372,446948,14096,44092,0,0,0,0,41230184,10119432,34359738367,84004,0,78160,0,0,0,0,0,0,0,0,0,0,0,2048,0,1485584,27715584,38797312
1767045363.001449,1449,ubuntu-rog,1,0,0,65683160,43584768,56871036,730584,12516672,0,8669860,11217272,6657576,0,2012284,11217272,0,0,8388604,8388604,0,0,76,0,6640072,400988,17720,787372,1234320,787372,446948,14096,44092,0,0,0,0,41230184,10119432,34359738367,84004,0,78160,0,0,0,0,0,0,0,0,0,0,0,2048,0,1485584,27715584,38797312
1767045364.005745,5745,ubuntu-rog,1,0,0,65683160,43586160,56872440,730584,12516672,0,8669860,11217284,6657576,0,2012284,11217284,0,0,8388604,8388604,0,0,76,0,6640072,400988,17720,787372,1234320,787372,446948,14096,44092,0,0,0,0,41230184,10119432,34359738367,84004,0,78160,0,0,0,0,0,0,0,0,0,0,0,2048,0,1485584,27715584,38797312
1767045365.001061,1061,ubuntu-rog,1,0,0,65683160,43587372,56873652,730584,12516684,0,8669860,11217284,6657576,0,2012284,11217284,0,0,8388604,8388604,0,0,88,0,6640072,400988,17720,787372,1234320,787372,446948,14096,44092,0,0,0,0,41230184,10119432,34359738367,84004,0,78160,0,0,0,0,0,0,0,0,0,0,0,2048,0,1485584,27715584,38797312
1767045366.001191,1191,ubuntu-rog,1,0,0,65683160,43588184,56874464,730584,12516684,0,8669860,11217284,6657576,0,2012284,11217284,0,0,8388604,8388604,0,0,88,0,6640072,400988,17720,787372,1234320,787372,446948,14096,44092,0,0,0,0,41230184,10119432,34359738367,84004,0,78160,0,0,0,0,0,0,0,0,0,0,0,2048,0,1485584,27715584,38797312
1767045367.001296,1296,ubuntu-rog,1,0,0,65683160,43589248,56875528,730584,12516684,0,8669860,11217284,6657576,0,2012284,11217284,0,0,8388604,8388604,0,0,88,0,6640072,400988,17720,787372,1234320,787372,446948,14096,44092,0,0,0,0,41230184,10119432,34359738367,84004,0,78160,0,0,0,0,0,0,0,0,0,0,0,2048,0,1485584,27715584,38797312
1767045368.001061,1061,ubuntu-rog,1,0,0,65683160,43589424,56875704,730584,12516684,0,8669860,11217284,6657576,0,2012284,11217284,0,0,8388604,8388604,0,0,88,0,6640072,400988,17720,787372,1234320,787372,446948,14096,44092,0,0,0,0,41230184,10119432,34359738367,84004,0,78160,0,0,0,0,0,0,0,0,0,0,0,2048,0,1485584,27715584,38797312
1767045369.001181,1181,ubuntu-rog,1,0,0,65683160,43589424,56875704,730584,12516688,0,8669860,11217284,6657576,0,2012284,11217284,0,0,8388604,8388604,0,0,92,0,6640072,400988,17720,787372,1234320,787372,446948,14096,44092,0,0,0,0,41230184,10119432,34359738367,84004,0,78160,0,0,0,0,0,0,0,0,0,0,0,2048,0,1485584,27715584,38797312
1767045370.001501,1501,ubuntu-rog,1,0,0,65683160,43589424,56875704,730584,12516688,0,8669860,11217284,6657576,0,2012284,11217284,0,0,8388604,8388604,0,0,92,0,6640072,400988,17720,787372,1234320,787372,446948,14096,44092,0,0,0,0,41230184,10119432,34359738367,84004,0,78160,0,0,0,0,0,0,0,0,0,0,0,2048,0,1485584,27715584,38797312
1767045371.002066,2066,ubuntu-rog,1,0,0,65683160,43589424,56875704,730584,12516692,0,8669860,11217284,6657576,0,2012284,11217284,0,0,8388604,8388604,0,0,96,0,6640072,400988,17720,787372,1234312,787372,446940,14096,44092,0,0,0,0,41230184,10119432,34359738367,84004,0,78160,0,0,0,0,0,0,0,0,0,0,0,2048,0,1485584,27715584,38797312
1767045372.001194,1194,ubuntu-rog,1,0,0,65683160,43589424,56875720,730584,12516692,0,8669860,11217300,6657576,0,2012284,11217300,0,0,8388604,8388604,0,0,96,0,6640072,400988,17720,787372,1234312,787372,446940,14096,44092,0,0,0,0,41230184,10119432,34359738367,84004,0,78160,0,0,0,0,0,0,0,0,0,0,0,2048,0,1485584,27715584,38797312
1767045373.001288,1288,ubuntu-rog,1,0,0,65683160,43589424,56875720,730588,12516696,0,8669860,11217300,6657576,0,2012284,11217300,0,0,8388604,8388604,0,0,100,0,6640072,400988,17720,787372,1234312,787372,446940,14096,44092,0,0,0,0,41230184,10119432,34359738367,84004,0,78160,0,0,0,0,0,0,0,0,0,0,0,2048,0,1485584,27715584,38797312
1767045374.001353,1353,ubuntu-rog,1,0,0,65683160,43589424,56875724,730588,12516696,0,8669860,11217304,6657576,0,2012284,11217304,0,0,8388604,8388604,0,0,60,0,6640072,400988,17720,787372,1234312,787372,446940,14096,44092,0,0,0,0,41230184,10119432,34359738367,84004,0,78160,0,0,0,0,0,0,0,0,0,0,0,2048,0,1485584,27715584,38797312
1767045375.002156,2156,ubuntu-rog,1,0,0,65683160,43589424,56875724,730588,12516696,0,8669860,11217304,6657576,0,2012284,11217304,0,0,8388604,8388604,0,0,60,0,6640072,400988,17720,787372,1234312,787372,446940,14096,44092,0,0,0,0,41230184,10119432,34359738367,84004,0,78160,0,0,0,0,0,0,0,0,0,0,0,2048,0,1485584,27715584,38797312
1767045376.001307,1307,ubuntu-rog,1,0,0,65683160,43589424,56875724,730588,12516696,0,8669860,11217304,6657576,0,2012284,11217304,0,0,8388604,8388604,0,0,60,0,6640072,400988,17720,787372,1234312,787372,446940,14096,44092,0,0,0,0,41230184,10119432,34359738367,84004,0,78160,0,0,0,0,0,0,0,0,0,0,0,2048,0,1485584,27715584,38797312
1767045377.001067,1067,ubuntu-rog,1,0,0,65683160,43589424,56875724,730588,12516704,0,8669860,11217304,6657576,0,2012284,11217304,0,0,8388604,8388604,0,0,72,0,6640072,400988,17720,787372,1234312,787372,446940,14096,44092,0,0,0,0,41230184,10119432,34359738367,84004,0,78160,0,0,0,0,0,0,0,0,0,0,0,2048,0,1485584,27715584,38797312
1767045378.001502,1502,ubuntu-rog,1,0,0,65683160,43589424,56875724,730588,12516708,0,8669860,11217304,6657576,0,2012284,11217304,0,0,8388604,8388604,0,0,76,0,6640072,400988,17720,787372,1234312,787372,446940,14096,44092,0,0,0,0,41230184,10119432,34359738367,84004,0,78160,0,0,0,0,0,0,0,0,0,0,0,2048,0,1485584,27715584,38797312
1767045379.002293,2293,ubuntu-rog,1,0,0,65683160,43589424,56875724,730592,12516708,0,8669860,11217304,6657576,0,2012284,11217304,0,0,8388604,8388604,0,0,80,0,6640072,400988,17720,787372,1234312,787372,446940,14096,44092,0,0,0,0,41230184,10119432,34359738367,84004,0,78160,0,0,0,0,0,0,0,0,0,0,0,2048,0,1485584,27715584,38797312
1767045380.001062,1062,ubuntu-rog,1,0,0,65683160,43589424,56875724,730592,12516712,0,8669860,11217304,6657576,0,2012284,11217304,0,0,8388604,8388604,0,0,84,0,6640072,400988,17720,787372,1234312,787372,446940,14096,44092,0,0,0,0,41230184,10119432,34359738367,84004,0,78160,0,0,0,0,0,0,0,0,0,0,0,2048,0,1485584,27715584,38797312
1767045381.001172,1172,ubuntu-rog,1,0,0,65683160,43589424,56875724,730592,12516712,0,8669860,11217304,6657576,0,2012284,11217304,0,0,8388604,8388604,0,0,84,0,6640072,400988,17720,787372,1234312,787372,446940,14096,44092,0,0,0,0,41230184,10119432,34359738367,84004,0,78160,0,0,0,0,0,0,0,0,0,0,0,2048,0,1485584,27715584,38797312
1767045382.002286,2286,ubuntu-rog,1,0,0,65683160,43589424,56875736,730592,12516712,0,8669860,11217316,6657576,0,2012284,11217316,0,0,8388604,8388604,0,0,52,0,6640072,400988,17720,787372,1234312,787372,446940,14096,44092,0,0,0,0,41230184,10119432,34359738367,84004,0,78160,0,0,0,0,0,0,0,0,0,0,0,2048,0,1485584,27715584,38797312
1767045383.001071,1071,ubuntu-rog,1,0,0,65683160,43589424,56875736,730592,12516712,0,8669860,11217316,6657576,0,2012284,11217316,0,0,8388604,8388604,0,0,52,0,6640072,400988,17720,787372,1234312,787372,446940,14096,44092,0,0,0,0,41230184,10119432,34359738367,84004,0,78160,0,0,0,0,0,0,0,0,0,0,0,2048,0,1485584,27715584,38797312
1767045384.001204,1204,ubuntu-rog,1,0,0,65683160,43589424,56875744,730600,12516720,0,8669860,11217324,6657576,0,2012284,11217324,0,0,8388604,8388604,0,0,52,0,6640072,400988,17720,787372,1234312,787372,446940,14096,44092,0,0,0,0,41230184,10119432,34359738367,84004,0,78160,0,0,0,0,0,0,0,0,0,0,0,2048,0,1485584,27715584,38797312
1767045385.001202,1202,ubuntu-rog,1,0,0,65683160,43589424,56875744,730600,12516720,0,8669860,11217324,6657576,0,2012284,11217324,0,0,8388604,8388604,0,0,52,0,6640072,400988,17720,787372,1234312,787372,446940,14096,44092,0,0,0,0,41230184,10119432,34359738367,84004,0,78160,0,0,0,0,0,0,0,0,0,0,0,2048,0,1485584,27715584,38797312
1767045386.002061,2061,ubuntu-rog,1,0,0,65683160,43589424,56875752,730600,12516720,0,8669860,11217332,6657576,0,2012284,11217332,0,0,8388604,8388604,0,0,52,0,6640072,400988,17720,787372,1234312,787372,446940,14096,44092,0,0,0,0,41230184,10119432,34359738367,84004,0,78160,0,0,0,0,0,0,0,0,0,0,0,2048,0,1485584,27715584,38797312
1767045387.001190,1190,ubuntu-rog,1,0,0,65683160,43589424,56875752,730600,12516720,0,8669860,11217332,6657576,0,2012284,11217332,0,0,8388604,8388604,0,0,52,0,6640072,400988,17720,787372,1234312,787372,446940,14096,44092,0,0,0,0,41230184,10119432,34359738367,84004,0,78160,0,0,0,0,0,0,0,0,0,0,0,2048,0,1485584,27715584,38797312
1767045388.001303,1303,ubuntu-rog,1,0,0,65683160,43589424,56875752,730600,12516724,0,8669860,11217332,6657576,0,2012284,11217332,0,0,8388604,8388604,0,0,56,0,6640072,400988,17720,787372,1234312,787372,446940,14096,44092,0,0,0,0,41230184,10119432,34359738367,84004,0,78160,0,0,0,0,0,0,0,0,0,0,0,2048,0,1485584,27715584,38797312
1767045389.001377,1377,ubuntu-rog,1,0,0,65683160,43589424,56875752,730600,12516724,0,8669860,11217332,6657576,0,2012284,11217332,0,0,8388604,8388604,0,0,56,0,6640072,400988,17720,787372,1234312,787372,446940,14096,44092,0,0,0,0,41230184,10119432,34359738367,84004,0,78160,0,0,0,0,0,0,0,0,0,0,0,2048,0,1485584,27715584,38797312
1767045390.002192,2192,ubuntu-rog,1,0,0,65683160,43582824,56869152,730604,12516732,0,8669860,11217332,6657576,0,2012284,11217332,0,0,8388604,8388604,0,0,68,0,6640072,400988,17720,787372,1234312,787372,446940,14096,44092,0,0,0,0,41230184,10119432,34359738367,84004,0,78160,0,0,0,0,0,0,0,0,0,0,0,2048,0,1485584,27715584,38797312
1767045391.001283,1283,ubuntu-rog,1,0,0,65683160,43584380,56870708,730604,12516736,0,8669860,11217332,6657576,0,2012284,11217332,0,0,8388604,8388604,0,0,72,0,6640072,400988,17720,787372,1234312,787372,446940,14096,44092,0,0,0,0,41230184,10119584,34359738367,84004,0,78160,0,0,0,0,0,0,0,0,0,0,0,2048,0,1485584,27715584,38797312
1767045392.001065,1065,ubuntu-rog,1,0,0,65683160,43586152,56872484,730604,12516736,0,8669980,11217336,6657696,0,2012284,11217336,0,0,8388604,8388604,0,0,72,0,6640236,400988,17720,787372,1234312,787372,446940,14096,44092,0,0,0,0,41230184,10119584,34359738367,84004,0,78160,0,0,0,0,0,0,0,0,0,0,0,2048,0,1485584,27715584,38797312
1767045393.001200,1200,ubuntu-rog,1,0,0,65683160,43587364,56873696,730604,12516736,0,8669980,11217336,6657696,0,2012284,11217336,0,0,8388604,8388604,0,0,72,0,6640236,400988,17720,787372,1234312,787372,446940,14096,44092,0,0,0,0,41230184,10119584,34359738367,84004,0,78160,0,0,0,0,0,0,0,0,0,0,0,2048,0,1485584,27715584,38797312
1767045394.002284,2284,ubuntu-rog,1,0,0,65683160,43588176,56874520,730604,12516736,0,8669980,11217348,6657696,0,2012284,11217348,0,0,8388604,8388604,0,0,72,0,6640236,400988,17720,787372,1234312,787372,446940,14096,44092,0,0,0,0,41230184,10119584,34359738367,84004,0,78160,0,0,0,0,0,0,0,0,0,0,0,2048,0,1485584,27715584,38797312
1767045395.001044,1044,ubuntu-rog,1,0,0,65683160,43589364,56875708,730612,12516740,0,8669980,11217348,6657696,0,2012284,11217348,0,0,8388604,8388604,0,0,76,0,6640236,400988,17720,787372,1234312,787372,446940,14096,44092,0,0,0,0,41230184,10119584,34359738367,84004,0,78160,0,0,0,0,0,0,0,0,0,0,0,2048,0,1485584,27715584,38797312
1767045396.001193,1193,ubuntu-rog,1,0,0,65683160,43589416,56875760,730612,12516740,0,8669980,11217348,6657696,0,2012284,11217348,0,0,8388604,8388604,0,0,76,0,6640236,400988,17720,787372,1234312,787372,446940,14096,44092,0,0,0,0,41230184,10119584,34359738367,84004,0,78160,0,0,0,0,0,0,0,0,0,0,0,2048,0,1485584,27715584,38797312
1767045397.001298,1298,ubuntu-rog,1,0,0,65683160,43589416,56875760,730612,12516744,0,8669980,11217348,6657696,0,2012284,11217348,0,0,8388604,8388604,0,0,80,0,6640240,400988,17720,787372,1234312,787372,446940,14096,44092,0,0,0,0,41230184,10119584,34359738367,84004,0,78160,0,0,0,0,0,0,0,0,0,0,0,2048,0,1485584,27715584,38797312
1767045398.002058,2058,ubuntu-rog,1,0,0,65683160,43589416,56875760,730612,12516744,0,8669980,11217348,6657696,0,2012284,11217348,0,0,8388604,8388604,0,0,80,0,6640240,400988,17720,787372,1234312,787372,446940,14096,44092,0,0,0,0,41230184,10119584,34359738367,84004,0,78160,0,0,0,0,0,0,0,0,0,0,0,2048,0,1485584,27715584,38797312
1767045399.001166,1166,ubuntu-rog,1,0,0,65683160,43589416,56875760,730612,12516748,0,8669980,11217348,6657696,0,2012284,11217348,0,0,8388604,8388604,0,0,84,0,6640240,400988,17720,787372,1234312,787372,446940,14096,44092,0,0,0,0,41230184,10119584,34359738367,84004,0,78160,0,0,0,0,0,0,0,0,0,0,0,2048,0,1485584,27715584,38797312
1767045400.002283,2283,ubuntu-rog,1,0,0,65683160,43589416,56875760,730620,12516748,0,8669980,11217348,6657696,0,2012284,11217348,0,0,8388604,8388604,0,0,84,0,6640240,400988,17720,787372,1234312,787372,446940,14096,44092,0,0,0,0,41230184,10119584,34359738367,84004,0,78160,0,0,0,0,0,0,0,0,0,0,0,2048,0,1485584,27715584,38797312
1767045401.001064,1064,ubuntu-rog,1,0,0,65683160,43589416,56875760,730620,12516748,0,8669980,11217348,6657696,0,2012284,11217348,0,0,8388604,8388604,0,0,84,0,6640240,400988,17720,787372,1234312,787372,446940,14096,44092,0,0,0,0,41230184,10119584,34359738367,84004,0,78160,0,0,0,0,0,0,0,0,0,0,0,2048,0,1485584,27715584,38797312
1767045402.001453,1453,ubuntu-rog,1,0,0,65683160,43589416,56875760,730620,12516756,0,8669948,11217348,6657664,0,2012284,11217348,0,0,8388604,8388604,0,0,92,0,6640200,400988,17720,787372,1234312,787372,446940,14096,44092,0,0,0,0,41230184,10119584,34359738367,84004,0,78160,0,0,0,0,0,0,0,0,0,0,0,2048,0,1485584,27715584,38797312
1767045403.002286,2286,ubuntu-rog,1,0,0,65683160,43589416,56875760,730620,12516760,0,8669948,11217348,6657664,0,2012284,11217348,0,0,8388604,8388604,0,0,96,0,6640200,400988,17720,787372,1234312,787372,446940,14096,44092,0,0,0,0,41230184,10119584,34359738367,84004,0,78160,0,0,0,0,0,0,0,0,0,0,0,2048,0,1485584,27715584,38797312
1767045404.001065,1065,ubuntu-rog,1,0,0,65683160,43589416,56875772,730620,12516760,0,8669948,11217360,6657664,0,2012284,11217360,0,0,8388604,8388604,0,0,96,0,6640200,400988,17720,787372,1234312,787372,446940,14096,44092,0,0,0,0,41230184,10119584,34359738367,84004,0,78160,0,0,0,0,0,0,0,0,0,0,0,2048,0,1485584,27715584,38797312
1767045405.001196,1196,ubuntu-rog,1,0,0,65683160,43589416,56875772,730624,12516760,0,8669948,11217360,6657664,0,2012284,11217360,0,0,8388604,8388604,0,0,100,0,6640200,400988,17720,787372,1234312,787372,446940,14096,44092,0,0,0,0,41230184,10119584,34359738367,84004,0,78160,0,0,0,0,0,0,0,0,0,0,0,2048,0,1485584,27715584,38797312
1767045406.006193,6193,ubuntu-rog,1,0,0,65683160,43583164,56869524,730624,12516764,0,8669948,11217364,6657664,0,2012284,11217364,0,0,8388604,8388604,0,0,104,0,6640200,400988,17720,787372,1234312,787372,446940,14096,44092,0,0,0,0,41230184,10119584,34359738367,84004,0,78160,0,0,0,0,0,0,0,0,0,0,0,2048,0,1485584,27715584,38797312
1767045407.001072,1072,ubuntu-rog,1,0,0,65683160,43584504,56870864,730624,12516764,0,8669840,11217364,6657556,0,2012284,11217364,0,0,8388604,8388604,0,0,104,0,6640196,400988,17720,787372,1234312,787372,446940,14096,44092,0,0,0,0,41230184,10119584,34359738367,83988,0,78160,0,0,0,0,0,0,0,0,0,0,0,2048,0,1485584,27715584,38797312
1767045408.001194,1194,ubuntu-rog,1,0,0,65683160,43585716,56872076,730624,12516764,0,8669840,11217364,6657556,0,2012284,11217364,0,0,8388604,8388604,0,0,104,0,6640196,400988,17720,787372,1234312,787372,446940,14096,44092,0,0,0,0,41230184,10119584,34359738367,83988,0,78160,0,0,0,0,0,0,0,0,0,0,0,2048,0,1485584,27715584,38797312
1767045409.001293,1293,ubuntu-rog,1,0,0,65683160,43587108,56873468,730624,12516768,0,8669840,11217364,6657556,0,2012284,11217364,0,0,8388604,8388604,0,0,68,0,6640196,400988,17720,787372,1234312,787372,446940,14096,44092,0,0,0,0,41230184,10119584,34359738367,83988,0,78160,0,0,0,0,0,0,0,0,0,0,0,2048,0,1485584,27715584,38797312
1767045410.001096,1096,ubuntu-rog,1,0,0,65683160,43587920,56874304,730628,12516772,0,8669944,11217388,6657660,0,2012284,11217388,0,0,8388604,8388604,0,0,80,0,6640196,400988,17720,787372,1234312,787372,446940,14096,44092,0,0,0,0,41230184,10119584,34359738367,83988,0,78160,0,0,0,0,0,0,0,0,0,0,0,2048,0,1485584,27715584,38797312
1767045411.002189,2189,ubuntu-rog,1,0,0,65683160,43589108,56875492,730628,12516772,0,8669944,11217388,6657660,0,2012284,11217388,0,0,8388604,8388604,0,0,80,0,6640196,400988,17720,787372,1234312,787372,446940,14096,44092,0,0,0,0,41230184,10119584,34359738367,83988,0,78160,0,0,0,0,0,0,0,0,0,0,0,2048,0,1485584,27715584,38797312
1767045412.001285,1285,ubuntu-rog,1,0,0,65683160,43589108,56875496,730628,12516772,0,8669944,11217392,6657660,0,2012284,11217392,0,0,8388604,8388604,0,0,80,0,6640196,400988,17720,787372,1234312,787372,446940,14096,44092,0,0,0,0,41230184,10119584,34359738367,83988,0,78160,0,0,0,0,0,0,0,0,0,0,0,2048,0,1485584,27715584,38797312
1767045413.001067,1067,ubuntu-rog,1,0,0,65683160,43589160,56875548,730628,12516776,0,8669944,11217392,6657660,0,2012284,11217392,0,0,8388604,8388604,0,0,84,0,6640196,400988,17720,787372,1234312,787372,446940,14096,44092,0,0,0,0,41230184,10119584,34359738367,83988,0,78160,0,0,0,0,0,0,0,0,0,0,0,2048,0,1485584,27715584,38797312
1767045414.001199,1199,ubuntu-rog,1,0,0,65683160,43589160,56875548,730628,12516776,0,8669944,11217392,6657660,0,2012284,11217392,0,0,8388604,8388604,0,0,84,0,6640196,400988,17720,787372,1234312,787372,446940,14096,44092,0,0,0,0,41230184,10119584,34359738367,83988,0,78160,0,0,0,0,0,0,0,0,0,0,0,2048,0,1485584,27715584,38797312
1767045415.002302,2302,ubuntu-rog,1,0,0,65683160,43589160,56875588,730628,12516780,0,8669944,11217428,6657660,0,2012284,11217428,0,0,8388604,8388604,0,0,52,0,6640196,400988,17720,787376,1234316,787376,446940,14096,44092,0,0,0,0,41230184,10119584,34359738367,83988,0,78160,0,0,0,0,0,0,0,0,0,0,0,2048,0,1485584,27715584,38797312
1767045416.001392,1392,ubuntu-rog,1,0,0,65683160,43589160,56875588,730628,12516784,0,8669944,11217428,6657660,0,2012284,11217428,0,0,8388604,8388604,0,0,60,0,6640196,400988,17720,787376,1234316,787376,446940,14096,44092,0,0,0,0,41230184,10119584,34359738367,83988,0,78160,0,0,0,0,0,0,0,0,0,0,0,2048,0,1485584,27715584,38797312
1767045417.001145,1145,ubuntu-rog,1,0,0,65683160,43589160,56875588,730628,12516788,0,8669944,11217428,6657660,0,2012284,11217428,0,0,8388604,8388604,0,0,64,0,6640196,400988,17720,787376,1234316,787376,446940,14096,44092,0,0,0,0,41230184,10119584,34359738367,83988,0,78160,0,0,0,0,0,0,0,0,0,0,0,2048,0,1485584,27715584,38797312
1767045418.002300,2300,ubuntu-rog,1,0,0,65683160,43589160,56875588,730628,12516788,0,8669944,11217428,6657660,0,2012284,11217428,0,0,8388604,8388604,0,0,64,0,6640196,400988,17720,787376,1234316,787376,446940,14096,44092,0,0,0,0,41230184,10119584,34359738367,83988,0,78160,0,0,0,0,0,0,0,0,0,0,0,2048,0,1485584,27715584,38797312
1767045419.001058,1058,ubuntu-rog,1,0,0,65683160,43589160,56875588,730628,12516788,0,8669944,11217428,6657660,0,2012284,11217428,0,0,8388604,8388604,0,0,64,0,6640196,400988,17720,787376,1234316,787376,446940,14096,44092,0,0,0,0,41230184,10119584,34359738367,83988,0,78160,0,0,0,0,0,0,0,0,0,0,0,2048,0,1485584,27715584,38797312
1767045420.001521,1521,ubuntu-rog,1,0,0,65683160,43589160,56875588,730628,12516788,0,8669984,11217428,6657700,0,2012284,11217428,0,0,8388604,8388604,0,0,64,0,6640196,400988,17720,787376,1234316,787376,446940,14096,44092,0,0,0,0,41230184,10119584,34359738367,83988,0,78160,0,0,0,0,0,0,0,0,0,0,0,2048,0,1485584,27715584,38797312
1767045421.001827,1827,ubuntu-rog,1,0,0,65683160,43589160,56875588,730628,12516792,0,8669984,11217428,6657700,0,2012284,11217428,0,0,8388604,8388604,0,0,68,0,6640196,400988,17720,787376,1234316,787376,446940,14096,44092,0,0,0,0,41230184,10119584,34359738367,83988,0,78160,0,0,0,0,0,0,0,0,0,0,0,2048,0,1485584,27715584,38797312
1767045422.002061,2061,ubuntu-rog,1,0,0,65683160,43589160,56875592,730628,12516796,0,8669984,11217432,6657700,0,2012284,11217432,0,0,8388604,8388604,0,0,72,0,6640196,400988,17720,787376,1234316,787376,446940,14096,44092,0,0,0,0,41230184,10119584,34359738367,83988,0,78160,0,0,0,0,0,0,0,0,0,0,0,2048,0,1485584,27715584,38797312
1767045423.001187,1187,ubuntu-rog,1,0,0,65683160,43588756,56875188,730628,12516796,0,8669984,11217432,6657700,0,2012284,11217432,0,0,8388604,8388604,0,0,72,0,6640196,400988,17720,787376,1234316,787376,446940,14096,44092,0,0,0,0,41230184,10119584,34359738367,83988,0,78160,0,0,0,0,0,0,0,0,0,0,0,2048,0,1485584,27715584,38797312
1767045424.001293,1293,ubuntu-rog,1,0,0,65683160,43589088,56875520,730628,12516796,0,8669984,11217432,6657700,0,2012284,11217432,0,0,8388604,8388604,0,0,72,0,6640196,400988,17720,787376,1234316,787376,446940,14096,44092,0,0,0,0,41230184,10119584,34359738367,83988,0,78160,0,0,0,0,0,0,0,0,0,0,0,2048,0,1485584,27715584,38797312
1767045425.001069,1069,ubuntu-rog,1,0,0,65683160,43589088,56875524,730628,12516800,0,8669984,11217436,6657700,0,2012284,11217436,0,0,8388604,8388604,0,0,60,0,6640196,400988,17720,787376,1234316,787376,446940,14096,44092,0,0,0,0,41230184,10119584,34359738367,83988,0,78160,0,0,0,0,0,0,0,0,0,0,0,2048,0,1485584,27715584,38797312
1767045426.002186,2186,ubuntu-rog,1,0,0,65683160,43589160,56875596,730632,12516800,0,8669984,11217436,6657700,0,2012284,11217436,0,0,8388604,8388604,0,0,64,0,6640196,400988,17720,787376,1234316,787376,446940,14096,44092,0,0,0,0,41230184,10119584,34359738367,83988,0,78160,0,0,0,0,0,0,0,0,0,0,0,2048,0,1485584,27715584,38797312
1767045427.001489,1489,ubuntu-rog,1,0,0,65683160,43589160,56875596,730632,12516804,0,8669984,11217436,6657700,0,2012284,11217436,0,0,8388604,8388604,0,0,72,0,6640196,400988,17720,787376,1234316,787376,446940,14096,44092,0,0,0,0,41230184,10119584,34359738367,83988,0,78160,0,0,0,0,0,0,0,0,0,0,0,2048,0,1485584,27715584,38797312
1767045428.001083,1083,ubuntu-rog,1,0,0,65683160,43589160,56875600,730632,12516812,0,8669984,11217440,6657700,0,2012284,11217440,0,0,8388604,8388604,0,0,80,0,6640196,400988,17720,787376,1234316,787376,446940,14096,44092,0,0,0,0,41230184,10119584,34359738367,83988,0,78160,0,0,0,0,0,0,0,0,0,0,0,2048,0,1485584,27715584,38797312
1767045429.002198,2198,ubuntu-rog,1,0,0,65683160,43588912,56875352,730632,12516812,0,8669984,11217440,6657700,0,2012284,11217440,0,0,8388604,8388604,0,0,80,0,6640196,400988,17720,787376,1234316,787376,446940,14096,44092,0,0,0,0,41230184,10119584,34359738367,83988,0,78160,0,0,0,0,0,0,0,0,0,0,0,2048,0,1485584,27715584,38797312
1767045430.001296,1296,ubuntu-rog,1,0,0,65683160,43589160,56875600,730632,12516812,0,8669984,11217440,6657700,0,2012284,11217440,0,0,8388604,8388604,0,0,80,0,6640196,400988,17720,787376,1234316,787376,446940,14096,44092,0,0,0,0,41230184,10119584,34359738367,83988,0,78160,0,0,0,0,0,0,0,0,0,0,0,2048,0,1485584,27715584,38797312
1767045431.001378,1378,ubuntu-rog,1,0,0,65683160,43589160,56875600,730636,12516812,0,8669872,11217440,6657588,0,2012284,11217440,0,0,8388604,8388604,0,0,80,0,6640044,400988,17720,787376,1234316,787376,446940,14096,44092,0,0,0,0,41230184,10119432,34359738367,83988,0,78160,0,0,0,0,0,0,0,0,0,0,0,2048,0,1485584,27715584,38797312
1767045432.002194,2194,ubuntu-rog,1,0,0,65683160,43589160,56875600,730636,12516816,0,8669872,11217440,6657588,0,2012284,11217440,0,0,8388604,8388604,0,0,84,0,6640044,400988,17720,787376,1234316,787376,446940,14096,44092,0,0,0,0,41230184,10119432,34359738367,83988,0,78160,0,0,0,0,0,0,0,0,0,0,0,2048,0,1485584,27715584,38797312
1767045433.001276,1276,ubuntu-rog,1,0,0,65683160,43589160,56875600,730636,12516816,0,8669872,11217440,6657588,0,2012284,11217440,0,0,8388604,8388604,0,0,84,0,6640044,400988,17720,787376,1234316,787376,446940,14096,44092,0,0,0,0,41230184,10119432,34359738367,83988,0,78160,0,0,0,0,0,0,0,0,0,0,0,2048,0,1485584,27715584,38797312
1767045434.001356,1356,ubuntu-rog,1,0,0,65683160,43589160,56875616,730636,12516816,0,8669872,11217456,6657588,0,2012284,11217456,0,0,8388604,8388604,0,0,84,0,6640044,400988,17720,787376,1234316,787376,446940,14096,44092,0,0,0,0,41230184,10119432,34359738367,83988,0,78160,0,0,0,0,0,0,0,0,0,0,0,2048,0,1485584,27715584,38797312
1767045435.002195,2195,ubuntu-rog,1,0,0,65683160,43589160,56875616,730636,12516820,0,8669872,11217456,6657588,0,2012284,11217456,0,0,8388604,8388604,0,0,88,0,6640044,400988,17720,787376,1234316,787376,446940,14096,44092,0,0,0,0,41230184,10119432,34359738367,83988,0,78160,0,0,0,0,0,0,0,0,0,0,0,2048,0,1485584,27715584,38797312
1767045436.001313,1313,ubuntu-rog,1,0,0,65683160,43589160,56875620,730636,12516824,0,8669872,11217460,6657588,0,2012284,11217460,0,0,8388604,8388604,0,0,92,0,6640044,400988,17720,787376,1234316,787376,446940,14096,44092,0,0,0,0,41230184,10119432,34359738367,83988,0,78160,0,0,0,0,0,0,0,0,0,0,0,2048,0,1485584,27715584,38797312
1767045437.001061,1061,ubuntu-rog,1,0,0,65683160,43589160,56875620,730640,12516824,0,8669872,11217460,6657588,0,2012284,11217460,0,0,8388604,8388604,0,0,92,0,6640044,400988,17720,787376,1234316,787376,446940,14096,44092,0,0,0,0,41230184,10119432,34359738367,83988,0,78160,0,0,0,0,0,0,0,0,0,0,0,2048,0,1485584,27715584,38797312
1767045438.001147,1147,ubuntu-rog,1,0,0,65683160,43589160,56875624,730640,12516824,0,8669872,11217464,6657588,0,2012284,11217464,0,0,8388604,8388604,0,0,92,0,6640044,400988,17720,787376,1234316,787376,446940,14096,44092,0,0,0,0,41230184,10119432,34359738367,83988,0,78160,0,0,0,0,0,0,0,0,0,0,0,2048,0,1485584,27715584,38797312
1767045439.002297,2297,ubuntu-rog,1,0,0,65683160,43589160,56875624,730640,12516828,0,8669872,11217464,6657588,0,2012284,11217464,0,0,8388604,8388604,0,0,96,0,6640044,400988,17720,787376,1234316,787376,446940,14096,44092,0,0,0,0,41230184,10119432,34359738367,83988,0,78160,0,0,0,0,0,0,0,0,0,0,0,2048,0,1485584,27715584,38797312
1767045440.001062,1062,ubuntu-rog,1,0,0,65683160,43589160,56875624,730640,12516832,0,8669872,11217464,6657588,0,2012284,11217464,0,0,8388604,8388604,0,0,60,0,6640044,400988,17720,787376,1234316,787376,446940,14096,44092,0,0,0,0,41230184,10119432,34359738367,83988,0,78160,0,0,0,0,0,0,0,0,0,0,0,2048,0,1485584,27715584,38797312
1767045441.001199,1199,ubuntu-rog,1,0,0,65683160,43589160,56875624,730640,12516836,0,8669872,11217464,6657588,0,2012284,11217464,0,0,8388604,8388604,0,0,64,0,6640044,400988,17720,787376,1234316,787376,446940,14096,44092,0,0,0,0,41230184,10119432,34359738367,83988,0,78160,0,0,0,0,0,0,0,0,0,0,0,2048,0,1485584,27715584,38797312
1767045442.001169,1169,ubuntu-rog,1,0,0,65683160,43589160,56875624,730644,12516836,0,8669872,11217464,6657588,0,2012284,11217464,0,0,8388604,8388604,0,0,68,0,6640044,400988,17720,787376,1234316,787376,446940,14096,44092,0,0,0,0,41230184,10119432,34359738367,83988,0,78160,0,0,0,0,0,0,0,0,0,0,0,2048,0,1485584,27715584,38797312
1767045443.002060,2060,ubuntu-rog,1,0,0,65683160,43589160,56875624,730644,12516840,0,8669872,11217464,6657588,0,2012284,11217464,0,0,8388604,8388604,0,0,76,0,6640044,400988,17720,787376,1234316,787376,446940,14096,44092,0,0,0,0,41230184,10119432,34359738367,83988,0,78160,0,0,0,0,0,0,0,0,0,0,0,2048,0,1485584,27715584,38797312
1767045444.001195,1195,ubuntu-rog,1,0,0,65683160,43589160,56875624,730644,12516840,0,8669872,11217464,6657588,0,2012284,11217464,0,0,8388604,8388604,0,0,76,0,6640044,400988,17720,787376,1234316,787376,446940,14096,44092,0,0,0,0,41230184,10119432,34359738367,83988,0,78160,0,0,0,0,0,0,0,0,0,0,0,2048,0,1485584,27715584,38797312
1767045445.001213,1213,ubuntu-rog,1,0,0,65683160,43589160,56875624,730644,12516840,0,8669872,11217464,6657588,0,2012284,11217464,0,0,8388604,8388604,0,0,76,0,6640044,400988,17720,787376,1234316,787376,446940,14096,44092,0,0,0,0,41230184,10119432,34359738367,83988,0,78160,0,0,0,0,0,0,0,0,0,0,0,2048,0,1485584,27715584,38797312
1767045446.002058,2058,ubuntu-rog,1,0,0,65683160,43589160,56875636,730644,12516840,0,8669872,11217476,6657588,0,2012284,11217476,0,0,8388604,8388604,0,0,44,0,6640044,400988,17720,787376,1234316,787376,446940,14096,44092,0,0,0,0,41230184,10119432,34359738367,83988,0,78160,0,0,0,0,0,0,0,0,0,0,0,2048,0,1485584,27715584,38797312
1767045447.001192,1192,ubuntu-rog,1,0,0,65683160,43589160,56875636,730648,12516844,0,8669872,11217476,6657588,0,2012284,11217476,0,0,8388604,8388604,0,0,56,0,6640044,400988,17720,787376,1234316,787376,446940,14096,44092,0,0,0,0,41230184,10119432,34359738367,83988,0,78160,0,0,0,0,0,0,0,0,0,0,0,2048,0,1485584,27715584,38797312
1767045448.001213,1213,ubuntu-rog,1,0,0,65683160,43589160,56875640,730648,12516848,0,8669872,11217480,6657588,0,2012284,11217480,0,0,8388604,8388604,0,0,60,0,6640044,400988,17720,787376,1234316,787376,446940,14080,44092,0,0,0,0,41230184,10119432,34359738367,83988,0,78160,0,0,0,0,0,0,0,0,0,0,0,2048,0,1485584,27715584,38797312
1767045449.001157,1157,ubuntu-rog,1,0,0,65683160,43589160,56875640,730648,12516848,0,8669872,11217480,6657588,0,2012284,11217480,0,0,8388604,8388604,0,0,60,0,6640044,400988,17720,787376,1234316,787376,446940,14080,44092,0,0,0,0,41230184,10119432,34359738367,83988,0,78160,0,0,0,0,0,0,0,0,0,0,0,2048,0,1485584,27715584,38797312
1767045450.001212,1212,ubuntu-rog,1,0,0,65683160,43589160,56875644,730648,12516852,0,8669872,11217484,6657588,0,2012284,11217484,0,0,8388604,8388604,0,0,36,0,6640044,400988,17720,787376,1234316,787376,446940,14080,44092,0,0,0,0,41230184,10119432,34359738367,83988,0,78160,0,0,0,0,0,0,0,0,0,0,0,2048,0,1485584,27715584,38797312
1767045451.001307,1307,ubuntu-rog,1,0,0,65683160,43589160,56875644,730648,12516852,0,8669872,11217484,6657588,0,2012284,11217484,0,0,8388604,8388604,0,0,36,0,6640044,400988,17720,787376,1234316,787376,446940,14080,44092,0,0,0,0,41230184,10119432,34359738367,83988,0,78160,0,0,0,0,0,0,0,0,0,0,0,2048,0,1485584,27715584,38797312
1767045452.001067,1067,ubuntu-rog,1,0,0,65683160,43589160,56875648,730648,12516856,0,8669872,11217488,6657588,0,2012284,11217488,0,0,8388604,8388604,0,0,40,0,6640044,400988,17720,787376,1234316,787376,446940,14064,44092,0,0,0,0,41230184,10119432,34359738367,83972,0,78160,0,0,0,0,0,0,0,0,0,0,0,2048,0,1485584,27715584,38797312
1767045453.001121,1121,ubuntu-rog,1,0,0,65683160,43589160,56875648,730652,12516856,0,8669872,11217488,6657588,0,2012284,11217488,0,0,8388604,8388604,0,0,56,0,6640044,400988,17720,787376,1234316,787376,446940,14064,44092,0,0,0,0,41230184,10119432,34359738367,83972,0,78160,0,0,0,0,0,0,0,0,0,0,0,2048,0,1485584,27715584,38797312
1767045454.002277,2277,ubuntu-rog,1,0,0,65683160,43589160,56875656,730652,12516864,0,8669872,11217496,6657588,0,2012284,11217496,0,0,8388604,8388604,0,0,68,0,6640044,400988,17720,787376,1234316,787376,446940,14064,44092,0,0,0,0,41230184,10119432,34359738367,83972,0,78160,0,0,0,0,0,0,0,0,0,0,0,2048,0,1485584,27715584,38797312
1767045455.001062,1062,ubuntu-rog,1,0,0,65683160,43589160,56875656,730652,12516864,0,8669872,11217496,6657588,0,2012284,11217496,0,0,8388604,8388604,0,0,68,0,6640044,400988,17720,787376,1234316,787376,446940,14064,44092,0,0,0,0,41230184,10119432,34359738367,83972,0,78160,0,0,0,0,0,0,0,0,0,0,0,2048,0,1485584,27715584,38797312
1767045456.001192,1192,ubuntu-rog,1,0,0,65683160,43615428,56901924,730656,12516860,0,8649672,11217496,6637388,0,2012284,11217496,0,0,8388604,8388604,0,0,68,0,6619844,400988,17720,787376,1234316,787376,446940,14064,44092,0,0,0,0,41230184,10089252,34359738367,83844,0,78160,0,0,0,0,0,0,0,0,0,0,0,2048,0,1485584,27715584,38797312
1767045457.001286,1286,ubuntu-rog,1,0,0,65683160,43616292,56902776,730656,12516844,0,8648760,11217484,6636476,0,2012284,11217484,0,0,8388604,8388604,0,0,132,0,6618932,400960,17720,787376,1234292,787376,446916,13904,43752,0,0,0,0,41230184,10089252,34359738367,83844,0,78160,0,0,0,0,0,0,0,0,0,0,0,2048,0,1485584,27715584,38797312
1767045458.002056,2056,ubuntu-rog,1,0,0,65683160,43616292,56902780,730656,12516848,0,8648760,11217488,6636476,0,2012284,11217488,0,0,8388604,8388604,0,0,136,0,6618932,400960,17720,787376,1234292,787376,446916,13904,43752,0,0,0,0,41230184,10089252,34359738367,83844,0,78160,0,0,0,0,0,0,0,0,0,0,0,2048,0,1485584,27715584,38797312
1767045459.001425,1425,ubuntu-rog,1,0,0,65683160,43616292,56902780,730656,12516848,0,8648760,11217488,6636476,0,2012284,11217488,0,0,8388604,8388604,0,0,136,0,6618932,400960,17720,787376,1234292,787376,446916,13904,43752,0,0,0,0,41230184,10089252,34359738367,83844,0,78160,0,0,0,0,0,0,0,0,0,0,0,2048,0,1485584,27715584,38797312
1767045460.002286,2286,ubuntu-rog,1,0,0,65683160,43616292,56902784,730656,12516852,0,8648760,11217492,6636476,0,2012284,11217492,0,0,8388604,8388604,0,0,140,0,6618932,400960,17720,787376,1234292,787376,446916,13904,43752,0,0,0,0,41230184,10089252,34359738367,83844,0,78160,0,0,0,0,0,0,0,0,0,0,0,2048,0,1485584,27715584,38797312
1767045461.001058,1058,ubuntu-rog,1,0,0,65683160,43616292,56902792,730656,12516856,0,8648760,11217500,6636476,0,2012284,11217500,0,0,8388604,8388604,0,0,128,0,6618932,400960,17720,787376,1234292,787376,446916,13904,43752,0,0,0,0,41230184,10089252,34359738367,83844,0,78160,0,0,0,0,0,0,0,0,0,0,0,2048,0,1485584,27715584,38797312
1767045462.001203,1203,ubuntu-rog,1,0,0,65683160,43616292,56902800,730660,12516856,0,8648760,11217504,6636476,0,2012284,11217504,0,0,8388604,8388604,0,0,136,0,6618932,400960,17720,787380,1234296,787380,446916,13904,43752,0,0,0,0,41230184,10089252,34359738367,83844,0,78160,0,0,0,0,0,0,0,0,0,0,0,2048,0,1485584,27715584,38797312
1767045463.001283,1283,ubuntu-rog,1,0,0,65683160,43616292,56902800,730660,12516856,0,8648760,11217504,6636476,0,2012284,11217504,0,0,8388604,8388604,0,0,136,0,6618932,400960,17720,787380,1234296,787380,446916,13904,43752,0,0,0,0,41230184,10089252,34359738367,83844,0,78160,0,0,0,0,0,0,0,0,0,0,0,2048,0,1485584,27715584,38797312
1767045464.002063,2063,ubuntu-rog,1,0,0,65683160,43616292,56902800,730660,12516856,0,8648760,11217504,6636476,0,2012284,11217504,0,0,8388604,8388604,0,0,136,0,6618932,400960,17720,787380,1234296,787380,446916,13904,43752,0,0,0,0,41230184,10089252,34359738367,83844,0,78160,0,0,0,0,0,0,0,0,0,0,0,2048,0,1485584,27715584,38797312
1767045465.001346,1346,ubuntu-rog,1,0,0,65683160,43616292,56902800,730660,12516864,0,8648760,11217504,6636476,0,2012284,11217504,0,0,8388604,8388604,0,0,148,0,6618932,400960,17720,787380,1234296,787380,446916,13904,43752,0,0,0,0,41230184,10089252,34359738367,83844,0,78160,0,0,0,0,0,0,0,0,0,0,0,2048,0,1485584,27715584,38797312
1767045466.001299,1299,ubuntu-rog,1,0,0,65683160,43616292,56902812,730660,12516864,0,8648760,11217516,6636476,0,2012284,11217516,0,0,8388604,8388604,0,0,148,0,6618932,400960,17720,787380,1234296,787380,446916,13904,43752,0,0,0,0,41230184,10089252,34359738367,83844,0,78160,0,0,0,0,0,0,0,0,0,0,0,2048,0,1485584,27715584,38797312
1767045467.002055,2055,ubuntu-rog,1,0,0,65683160,43616292,56902812,730660,12516868,0,8648760,11217516,6636476,0,2012284,11217516,0,0,8388604,8388604,0,0,152,0,6618932,400960,17720,787380,1234296,787380,446916,13904,43752,0,0,0,0,41230184,10089252,34359738367,83844,0,78160,0,0,0,0,0,0,0,0,0,0,0,2048,0,1485584,27715584,38797312
1767045468.001148,1148,ubuntu-rog,1,0,0,65683160,43616292,56902816,730664,12516868,0,8648760,11217520,6636476,0,2012284,11217520,0,0,8388604,8388604,0,0,152,0,6618932,400960,17720,787380,1234296,787380,446916,13904,43752,0,0,0,0,41230184,10089252,34359738367,83844,0,78160,0,0,0,0,0,0,0,0,0,0,0,2048,0,1485584,27715584,38797312
1767045469.002290,2290,ubuntu-rog,1,0,0,65683160,43616292,56902816,730664,12516872,0,8648760,11217520,6636476,0,2012284,11217520,0,0,8388604,8388604,0,0,156,0,6618932,400960,17720,787380,1234296,787380,446916,13904,43752,0,0,0,0,41230184,10089252,34359738367,83844,0,78160,0,0,0,0,0,0,0,0,0,0,0,2048,0,1485584,27715584,38797312
1767045470.001062,1062,ubuntu-rog,1,0,0,65683160,43616292,56902820,730664,12516872,0,8648760,11217524,6636476,0,2012284,11217524,0,0,8388604,8388604,0,0,156,0,6618932,400960,17720,787380,1234296,787380,446916,13904,43752,0,0,0,0,41230184,10089252,34359738367,83844,0,78160,0,0,0,0,0,0,0,0,0,0,0,2048,0,1485584,27715584,38797312
1767045471.001190,1190,ubuntu-rog,1,0,0,65683160,43616292,56902820,730664,12516872,0,8648760,11217524,6636476,0,2012284,11217524,0,0,8388604,8388604,0,0,156,0,6618932,400960,17720,787380,1234296,787380,446916,13904,43752,0,0,0,0,41230184,10089252,34359738367,83844,0,78160,0,0,0,0,0,0,0,0,0,0,0,2048,0,1485584,27715584,38797312
1767045472.001155,1155,ubuntu-rog,1,0,0,65683160,43616292,56902820,730664,12516872,0,8648760,11217524,6636476,0,2012284,11217524,0,0,8388604,8388604,0,0,156,0,6618932,400960,17720,787380,1234296,787380,446916,13904,43752,0,0,0,0,41230184,10089252,34359738367,83844,0,78160,0,0,0,0,0,0,0,0,0,0,0,2048,0,1485584,27715584,38797312
1767045473.002060,2060,ubuntu-rog,1,0,0,65683160,43616292,56902820,730664,12516880,0,8648760,11217524,6636476,0,2012284,11217524,0,0,8388604,8388604,0,0,164,0,6618932,400960,17720,787380,1234296,787380,446916,13904,43752,0,0,0,0,41230184,10089252,34359738367,83844,0,78160,0,0,0,0,0,0,0,0,0,0,0,2048,0,1485584,27715584,38797312
1767045474.001192,1192,ubuntu-rog,1,0,0,65683160,43616292,56902820,730668,12516880,0,8648760,11217524,6636476,0,2012284,11217524,0,0,8388604,8388604,0,0,168,0,6618932,400960,17720,787380,1234296,787380,446916,13904,43752,0,0,0,0,41230184,10089252,34359738367,83844,0,78160,0,0,0,0,0,0,0,0,0,0,0,2048,0,1485584,27715584,38797312
1767045475.001160,1160,ubuntu-rog,1,0,0,65683160,43616292,56902820,730668,12516880,0,8650964,11217524,6638680,0,2012284,11217524,0,0,8388604,8388604,0,0,168,0,6621208,400960,17720,787380,1234296,787380,446916,13904,43760,0,0,0,0,41230184,10877344,34359738367,83844,0,78160,0,0,0,0,0,0,0,0,0,0,0,2048,0,1485584,27715584,38797312
1767045476.001060,1060,ubuntu-rog,1,0,0,65683160,43612260,56898792,730668,12516884,0,8655056,11217528,6642772,0,2012284,11217528,0,0,8388604,8388604,0,0,136,0,6625312,400960,17720,787380,1234296,787380,446916,13904,43768,0,0,0,0,41230184,10877344,34359738367,83844,0,78160,0,0,0,0,0,0,0,0,0,0,0,2048,0,1485584,27715584,38797312
1767045477.001113,1113,ubuntu-rog,1,0,0,65683160,43608228,56894760,730668,12516888,0,8658900,11217528,6646616,0,2012284,11217528,0,0,8388604,8388604,0,0,140,0,6629568,400960,17720,787380,1234296,787380,446916,13904,43776,0,0,0,0,41230184,10877344,34359738367,83844,0,78160,0,0,0,0,0,0,0,0,0,0,0,2048,0,1485584,27715584,38797312
1767045478.001121,1121,ubuntu-rog,1,0,0,65683160,43600164,56886696,730668,12516888,0,8663116,11217528,6650832,0,2012284,11217528,0,0,8388604,8388604,0,0,48,0,6633296,400960,17720,787380,1234296,787380,446916,13904,43784,0,0,0,0,41230184,10877344,34359738367,83844,0,78160,0,0,0,0,0,0,0,0,0,0,0,2048,0,1485584,27715584,38797312
1767045479.001149,1149,ubuntu-rog,1,0,0,65683160,43600164,56886696,730676,12516892,0,8667084,11217528,6654800,0,2012284,11217528,0,0,8388604,8388604,0,0,92,0,6637376,400960,17720,787380,1234296,787380,446916,13904,43792,0,0,0,0,41230184,10877344,34359738367,83844,0,78160,0,0,0,0,0,0,0,0,0,0,0,2048,0,1485584,27715584,38797312
1767045480.001344,1344,ubuntu-rog,1,0,0,65683160,43592100,56878632,730676,12516896,0,8670928,11217528,6658644,0,2012284,11217528,0,0,8388604,8388604,0,0,96,0,6641196,400960,17720,787380,1234296,787380,446916,13904,43796,0,0,0,0,41230184,10877344,34359738367,83844,0,78160,0,0,0,0,0,0,0,0,0,0,0,2048,0,1485584,27715584,38797312
1767045481.001527,1527,ubuntu-rog,1,0,0,65683160,43592100,56878632,730676,12516896,0,8675020,11217528,6662736,0,2012284,11217528,0,0,8388604,8388604,0,0,96,0,6645272,400960,17720,787380,1234296,787380,446916,13904,43804,0,0,0,0,41230184,10877344,34359738367,83844,0,78160,0,0,0,0,0,0,0,0,0,0,0,2048,0,1485584,27715584,38797312
1767045482.001583,1583,ubuntu-rog,1,0,0,65683160,43584036,56870576,730676,12516896,0,8679272,11217536,6666988,0,2012284,11217536,0,0,8388604,8388604,0,0,96,0,6649536,400960,17720,787380,1234296,787380,446916,13904,43812,0,0,0,0,41230184,10877344,34359738367,83844,0,78160,0,0,0,0,0,0,0,0,0,0,0,2048,0,1485584,27715584,38797312
1767045483.001794,1794,ubuntu-rog,1,0,0,65683160,43584036,56870576,730676,12516896,0,8682960,11217536,6670676,0,2012284,11217536,0,0,8388604,8388604,0,0,96,0,6653244,400960,17720,787380,1234296,787380,446916,13904,43820,0,0,0,0,41230184,10877344,34359738367,83844,0,78160,0,0,0,0,0,0,0,0,0,0,0,2048,0,1485584,27715584,38797312
1767045484.001982,1982,ubuntu-rog,1,0,0,65683160,43575972,56862512,730676,12516900,0,8687176,11217536,6674892,0,2012284,11217536,0,0,8388604,8388604,0,0,100,0,6657372,400960,17720,787380,1234296,787380,446916,13904,43828,0,0,0,0,41230184,10877344,34359738367,83844,0,78160,0,0,0,0,0,0,0,0,0,0,0,2048,0,1485584,27715584,38797312
1767045485.002035,2035,ubuntu-rog,1,0,0,65683160,43575972,56862512,730684,12516900,0,8691020,11217536,6678736,0,2012284,11217536,0,0,8388604,8388604,0,0,100,0,6661636,400960,17720,787380,1234296,787380,446916,13904,43836,0,0,0,0,41230184,10877344,34359738367,83844,0,78160,0,0,0,0,0,0,0,0,0,0,0,2048,0,1485584,27715584,38797312
1767045486.001211,1211,ubuntu-rog,1,0,0,65683160,43567908,56854512,730684,12516904,0,8695128,11217600,6682844,0,2012284,11217600,0,0,8388604,8388604,0,0,76,0,6665376,400960,17720,787380,1234296,787380,446916,13904,43844,0,0,0,0,41230184,10877344,34359738367,83844,0,78160,0,0,0,0,0,0,0,0,0,0,0,2048,0,1485584,27715584,38797312
1767045487.001208,1208,ubuntu-rog,1,0,0,65683160,43567908,56854512,730684,12516908,0,8699344,11217600,6687060,0,2012284,11217600,0,0,8388604,8388604,0,0,80,0,6669512,400960,17720,787380,1234296,787380,446916,13904,43852,0,0,0,0,41230184,10877344,34359738367,83844,0,78160,0,0,0,0,0,0,0,0,0,0,0,2048,0,1485584,27715584,38797312
1767045488.001262,1262,ubuntu-rog,1,0,0,65683160,43559844,56846456,730684,12516908,0,8703188,11217608,6690904,0,2012284,11217608,0,0,8388604,8388604,0,0,76,0,6673364,400960,17720,787380,1234296,787380,446916,13904,43860,0,0,0,0,41230184,10877344,34359738367,83844,0,78160,0,0,0,0,0,0,0,0,0,0,0,2048,0,1485584,27715584,38797312
1767045489.001469,1469,ubuntu-rog,1,0,0,65683160,43559844,56846456,730684,12516908,0,8707280,11217608,6694996,0,2012284,11217608,0,0,8388604,8388604,0,0,76,0,6677496,400960,17720,787380,1234296,787380,446916,13904,43868,0,0,0,0,41230184,10877344,34359738367,83844,0,78160,0,0,0,0,0,0,0,0,0,0,0,2048,0,1485584,27715584,38797312
1767045490.001625,1625,ubuntu-rog,1,0,0,65683160,43551780,56838392,730688,12516912,0,8711124,11217608,6698840,0,2012284,11217608,0,0,8388604,8388604,0,0,84,0,6681756,400960,17720,787380,1234296,787380,446916,13904,43876,0,0,0,0,41230184,10877344,34359738367,83844,0,78160,0,0,0,0,0,0,0,0,0,0,0,2048,0,1485584,27715584,38797312
1767045491.001685,1685,ubuntu-rog,1,0,0,65683160,43551780,56838392,730688,12516916,0,8715216,11217608,6702932,0,2012284,11217608,0,0,8388604,8388604,0,0,84,0,6685456,400960,17720,787380,1234296,787380,446916,13904,43884,0,0,0,0,41230184,10877344,34359738367,83844,0,78160,0,0,0,0,0,0,0,0,0,0,0,2048,0,1485584,27715584,38797312
1767045492.001914,1914,ubuntu-rog,1,0,0,65683160,43543716,56830328,730688,12516920,0,8719308,11217608,6707024,0,2012284,11217608,0,0,8388604,8388604,0,0,92,0,6689564,400960,17720,787380,1234296,787380,446916,13904,43892,0,0,0,0,41230184,10877344,34359738367,83844,0,78160,0,0,0,0,0,0,0,0,0,0,0,2048,0,1485584,27715584,38797312
1767045493.002107,2107,ubuntu-rog,1,0,0,65683160,43543716,56830328,730688,12516920,0,8723556,11217608,6711272,0,2012284,11217608,0,0,8388604,8388604,0,0,92,0,6693820,400960,17720,787380,1234296,787380,446916,13904,43900,0,0,0,0,41230184,10877344,34359738367,83844,0,78160,0,0,0,0,0,0,0,0,0,0,0,2048,0,1485584,27715584,38797312
1767045494.001133,1133,ubuntu-rog,1,0,0,65683160,43535652,56822268,730688,12516920,0,8727368,11217612,6715084,0,2012284,11217612,0,0,8388604,8388604,0,0,92,0,6697524,400960,17720,787380,1234296,787380,446916,13904,43908,0,0,0,0,41230184,10877344,34359738367,83844,0,78160,0,0,0,0,0,0,0,0,0,0,0,2048,0,1485584,27715584,38797312
1767045495.001344,1344,ubuntu-rog,1,0,0,65683160,43535652,56822268,730692,12516924,0,8731460,11217612,6719176,0,2012284,11217612,0,0,8388604,8388604,0,0,96,0,6701628,400960,17720,787380,1234296,787380,446916,13904,43916,0,0,0,0,41230184,10877344,34359738367,83844,0,78160,0,0,0,0,0,0,0,0,0,0,0,2048,0,1485584,27715584,38797312
1767045496.001531,1531,ubuntu-rog,1,0,0,65683160,43527588,56814208,730692,12516924,0,8735304,11217616,6723020,0,2012284,11217616,0,0,8388604,8388604,0,0,80,0,6705476,400960,17720,787380,1234296,787380,446916,13904,43924,0,0,0,0,41230184,10877344,34359738367,83844,0,78160,0,0,0,0,0,0,0,0,0,0,0,2048,0,1485584,27715584,38797312
1767045497.001585,1585,ubuntu-rog,1,0,0,65683160,43527588,56814208,730692,12516924,0,8739396,11217616,6727112,0,2012284,11217616,0,0,8388604,8388604,0,0,80,0,6709576,400960,17720,787380,1234296,787380,446916,13904,43932,0,0,0,0,41230184,10877344,34359738367,83844,0,78160,0,0,0,0,0,0,0,0,0,0,0,2048,0,1485584,27715584,38797312
1767045498.001794,1794,ubuntu-rog,1,0,0,65683160,43519524,56806144,730692,12516928,0,8743240,11217616,6730956,0,2012284,11217616,0,0,8388604,8388604,0,0,84,0,6713840,400960,17720,787380,1234296,787380,446916,13904,43940,0,0,0,0,41230184,10877344,34359738367,83844,0,78160,0,0,0,0,0,0,0,0,0,0,0,2048,0,1485584,27715584,38797312
1767045499.001982,1982,ubuntu-rog,1,0,0,65683160,43519524,56806144,730692,12516932,0,8747332,11217616,6735048,0,2012284,11217616,0,0,8388604,8388604,0,0,88,0,6717540,400960,17720,787380,1234296,787380,446916,13904,43948,0,0,0,0,41230184,10877344,34359738367,83844,0,78160,0,0,0,0,0,0,0,0,0,0,0,2048,0,1485584,27715584,38797312
1767045500.002038,2038,ubuntu-rog,1,0,0,65683160,43511460,56798080,730700,12516932,0,8751424,11217616,6739140,0,2012284,11217616,0,0,8388604,8388604,0,0,92,0,6721636,400960,17720,787380,1234296,787380,446916,13904,43956,0,0,0,0,41230184,10877344,34359738367,83844,0,78160,0,0,0,0,0,0,0,0,0,0,0,2048,0,1485584,27715584,38797312
1767045501.001214,1214,ubuntu-rog,1,0,0,65683160,43511460,56798080,730700,12516932,0,8755268,11217616,6742984,0,2012284,11217616,0,0,8388604,8388604,0,0,92,0,6725884,400960,17720,787380,1234296,787380,446916,13904,43964,0,0,0,0,41230184,10877344,34359738367,83844,0,78160,0,0,0,0,0,0,0,0,0,0,0,2048,0,1485584,27715584,38797312
1767045502.001153,1153,ubuntu-rog,1,0,0,65683160,43503396,56790024,730700,12516936,0,8759360,11217624,6747076,0,2012284,11217624,0,0,8388604,8388604,0,0,96,0,6729584,400960,17720,787380,1234296,787380,446916,13904,43972,0,0,0,0,41230184,10877344,34359738367,83844,0,78160,0,0,0,0,0,0,0,0,0,0,0,2048,0,1485584,27715584,38797312
1767045503.001208,1208,ubuntu-rog,1,0,0,65683160,43503396,56790024,730700,12516940,0,8763452,11217624,6751168,0,2012284,11217624,0,0,8388604,8388604,0,0,104,0,6733684,400960,17720,787380,1234296,787380,446916,13904,43980,0,0,0,0,41230184,10877344,34359738367,83844,0,78160,0,0,0,0,0,0,0,0,0,0,0,2048,0,1485584,27715584,38797312
1767045504.001421,1421,ubuntu-rog,1,0,0,65683160,43495332,56781960,730700,12516940,0,8767296,11217624,6755012,0,2012284,11217624,0,0,8388604,8388604,0,0,104,0,6737936,400960,17720,787380,1234296,787380,446916,13904,43988,0,0,0,0,41230184,10877344,34359738367,83844,0,78160,0,0,0,0,0,0,0,0,0,0,0,2048,0,1485584,27715584,38797312
1767045505.001149,1149,ubuntu-rog,1,0,0,65683160,43495332,56781960,730700,12516944,0,8771388,11217624,6759104,0,2012284,11217624,0,0,8388604,8388604,0,0,108,0,6741664,400960,17720,787380,1234296,787380,446916,13904,43996,0,0,0,0,41230184,10877344,34359738367,83844,0,78160,0,0,0,0,0,0,0,0,0,0,0,2048,0,1485584,27715584,38797312
1767045506.001201,1201,ubuntu-rog,1,0,0,65683160,43487268,56773896,730700,12516948,0,8775356,11217624,6763072,0,2012284,11217624,0,0,8388604,8388604,0,0,112,0,6745928,400960,17720,787380,1234296,787380,446916,13904,44000,0,0,0,0,41230184,10877344,34359738367,83844,0,78160,0,0,0,0,0,0,0,0,0,0,0,2048,0,1485584,27715584,38797312
1767045507.001408,1408,ubuntu-rog,1,0,0,65683160,43487268,56773896,730700,12516948,0,8779448,11217624,6767164,0,2012284,11217624,0,0,8388604,8388604,0,0,72,0,6749656,400960,17720,787380,1234296,787380,446916,13904,44008,0,0,0,0,41230184,10877344,34359738367,83844,0,78160,0,0,0,0,0,0,0,0,0,0,0,2048,0,1485584,27715584,38797312
1767045508.001597,1597,ubuntu-rog,1,0,0,65683160,43479204,56765832,730700,12516948,0,8783540,11217624,6771256,0,2012284,11217624,0,0,8388604,8388604,0,0,72,0,6753812,400960,17720,787380,1234296,787380,446916,13904,44016,0,0,0,0,41230184,10877344,34359738367,83844,0,78160,0,0,0,0,0,0,0,0,0,0,0,2048,0,1485584,27715584,38797312
1767045509.001648,1648,ubuntu-rog,1,0,0,65683160,43479204,56765832,730700,12516948,0,8787788,11217624,6775504,0,2012284,11217624,0,0,8388604,8388604,0,0,72,0,6758060,400960,17720,787380,1234296,787380,446916,13904,44024,0,0,0,0,41230184,10877344,34359738367,83844,0,78160,0,0,0,0,0,0,0,0,0,0,0,2048,0,1485584,27715584,38797312
1767045510.001109,1109,ubuntu-rog,1,0,0,65683160,43471140,56757768,730708,12516952,0,8791600,11217624,6779316,0,2012284,11217624,0,0,8388604,8388604,0,0,48,0,6761756,400960,17720,787380,1234296,787380,446916,13904,44032,0,0,0,0,41230184,10877344,34359738367,83844,0,78160,0,0,0,0,0,0,0,0,0,0,0,2048,0,1485584,27715584,38797312
1767045511.001297,1297,ubuntu-rog,1,0,0,65683160,43471140,56757768,730708,12516956,0,8795692,11217624,6783408,0,2012284,11217624,0,0,8388604,8388604,0,0,52,0,6765856,400960,17720,787380,1234296,787380,446916,13904,44040,0,0,0,0,41230184,10877344,34359738367,83844,0,78160,0,0,0,0,0,0,0,0,0,0,0,2048,0,1485584,27715584,38797312
1767045512.001351,1351,ubuntu-rog,1,0,0,65683160,43467760,56754396,730708,12516956,0,8799536,11217632,6787252,0,2012284,11217632,0,0,8388604,8388604,0,0,52,0,6769744,400960,17720,787380,1234296,787380,446916,13904,44048,0,0,0,0,41230184,10877344,34359738367,83844,0,78160,0,0,0,0,0,0,0,0,0,0,0,2048,0,1485584,27715584,38797312
1767045513.001566,1566,ubuntu-rog,1,0,0,65683160,43463328,56749964,730708,12516960,0,8803752,11217632,6791468,0,2012284,11217632,0,0,8388604,8388604,0,0,56,0,6773956,400960,17720,787380,1234300,787380,446920,13904,44056,0,0,0,0,41230184,10877344,34359738367,83844,0,78160,0,0,0,0,0,0,0,0,0,0,0,2048,0,1485584,27715584,38797312
1767045514.001772,1772,ubuntu-rog,1,0,0,65683160,43459444,56746080,730708,12516960,0,8808124,11217632,6795840,0,2012284,11217632,0,0,8388604,8388604,0,0,56,0,6778456,400960,17720,787380,1234276,787380,446896,13904,44064,0,0,0,0,41230184,10877516,34359738367,83844,0,78160,0,0,0,0,0,0,0,0,0,0,0,2048,0,1485584,27715584,38797312
1767045515.001830,1830,ubuntu-rog,1,0,0,65683160,43455012,56741648,730712,12516964,0,8811936,11217632,6799652,0,2012284,11217632,0,0,8388604,8388604,0,0,64,0,6782156,400960,17720,787380,1234276,787380,446896,13904,44072,0,0,0,0,41230184,10877516,34359738367,83844,0,78160,0,0,0,0,0,0,0,0,0,0,0,2048,0,1485584,27715584,38797312
1767045516.002053,2053,ubuntu-rog,1,0,0,65683160,43446948,56733588,730712,12516964,0,8816028,11217636,6803744,0,2012284,11217636,0,0,8388604,8388604,0,0,64,0,6786260,400960,17720,787380,1234268,787380,446888,13904,44080,0,0,0,0,41230184,10877516,34359738367,83844,0,78160,0,0,0,0,0,0,0,0,0,0,0,2048,0,1485584,27715584,38797312
1767045517.001140,1140,ubuntu-rog,1,0,0,65683160,43446948,56733588,730712,12516968,0,8819872,11217636,6807588,0,2012284,11217636,0,0,8388604,8388604,0,0,68,0,6790524,400960,17720,787380,1234268,787380,446888,13904,44088,0,0,0,0,41230184,10878672,34359738367,83876,0,78160,0,0,0,0,0,0,0,0,0,0,0,2048,0,1485584,27715584,38797312
1767045518.001193,1193,ubuntu-rog,1,0,0,65683160,43438884,56725524,730712,12516972,0,8824088,11217636,6811804,0,2012284,11217636,0,0,8388604,8388604,0,0,72,0,6794432,400960,17720,787380,1234268,787380,446888,13904,44100,0,0,0,0,41230184,10878672,34359738367,83828,0,78160,0,0,0,0,0,0,0,0,0,0,0,2048,0,1485584,27715584,38797312
1767045519.001411,1411,ubuntu-rog,1,0,0,65683160,43438884,56725524,730712,12516972,0,8828304,11217636,6816020,0,2012284,11217636,0,0,8388604,8388604,0,0,72,0,6798536,400960,17720,787380,1234268,787380,446888,13904,44108,0,0,0,0,41230184,10878672,34359738367,83828,0,78160,0,0,0,0,0,0,0,0,0,0,0,2048,0,1485584,27715584,38797312
1767045520.001593,1593,ubuntu-rog,1,0,0,65683160,43430820,56717460,730716,12516972,0,8832552,11217636,6820268,0,2012284,11217636,0,0,8388604,8388604,0,0,80,0,6802856,400960,17720,787380,1234268,787380,446888,13904,44116,0,0,0,0,41230184,10878672,34359738367,83828,0,78160,0,0,0,0,0,0,0,0,0,0,0,2048,0,1485584,27715584,38797312
1767045521.001647,1647,ubuntu-rog,1,0,0,65683160,43430820,56717460,730716,12516976,0,8836364,11217636,6824080,0,2012284,11217636,0,0,8388604,8388604,0,0,84,0,6806636,400960,17720,787380,1234268,787380,446888,13904,44124,0,0,0,0,41230184,10878672,34359738367,83828,0,78160,0,0,0,0,0,0,0,0,0,0,0,2048,0,1485584,27715584,38797312
1767045522.001855,1855,ubuntu-rog,1,0,0,65683160,43422756,56709396,730716,12516976,0,8840280,11217636,6827996,0,2012284,11217636,0,0,8388604,8388604,0,0,60,0,6810904,400960,17720,787380,1234268,787380,446888,13904,44132,0,0,0,0,41230184,10878672,34359738367,83828,0,78160,0,0,0,0,0,0,0,0,0,0,0,2048,0,1485584,27715584,38797312
1767045523.002050,2050,ubuntu-rog,1,0,0,65683160,43422756,56709396,730716,12516976,0,8844372,11217636,6832088,0,2012284,11217636,0,0,8388604,8388604,0,0,60,0,6814612,400960,17720,787380,1234268,787380,446888,13904,44140,0,0,0,0,41230184,10878672,34359738367,83828,0,78160,0,0,0,0,0,0,0,0,0,0,0,2048,0,1485584,27715584,38797312
1767045524.001113,1113,ubuntu-rog,1,0,0,65683160,43414692,56701332,730716,12516984,0,8848572,11217636,6836288,0,2012284,11217636,0,0,8388604,8388604,0,0,72,0,6818792,400960,17720,787380,1234268,787380,446888,13904,44148,0,0,0,0,41230184,10878672,34359738367,83828,0,78160,0,0,0,0,0,0,0,0,0,0,0,2048,0,1485584,27715584,38797312
1767045525.001331,1331,ubuntu-rog,1,0,0,65683160,43414692,56701332,730724,12516984,0,8852416,11217636,6840132,0,2012284,11217636,0,0,8388604,8388604,0,0,76,0,6823040,400960,17720,787380,1234268,787380,446888,13904,44156,0,0,0,0,41230184,10878672,34359738367,83828,0,78160,0,0,0,0,0,0,0,0,0,0,0,2048,0,1485584,27715584,38797312
1767045526.001524,1524,ubuntu-rog,1,0,0,65683160,43406628,56693268,730724,12516984,0,8856508,11217636,6844224,0,2012284,11217636,0,0,8388604,8388604,0,0,76,0,6826764,400960,17720,787380,1234268,787380,446888,13904,44164,0,0,0,0,41230184,10878672,34359738367,83828,0,78160,0,0,0,0,0,0,0,0,0,0,0,2048,0,1485584,27715584,38797312
1767045527.001577,1577,ubuntu-rog,1,0,0,65683160,43406628,56693268,730724,12516984,0,8860600,11217636,6848316,0,2012284,11217636,0,0,8388604,8388604,0,0,76,0,6830864,400960,17720,787380,1234268,787380,446888,13904,44172,0,0,0,0,41230184,10878672,34359738367,83828,0,78160,0,0,0,0,0,0,0,0,0,0,0,2048,0,1485584,27715584,38797312
1767045528.001785,1785,ubuntu-rog,1,0,0,65683160,43398564,56685204,730724,12516992,0,8864568,11217636,6852284,0,2012284,11217636,0,0,8388604,8388604,0,0,84,0,6834776,400960,17720,787380,1234268,787380,446888,13904,44180,0,0,0,0,41230184,10878672,34359738367,83828,0,78160,0,0,0,0,0,0,0,0,0,0,0,2048,0,1485584,27715584,38797312
1767045529.001983,1983,ubuntu-rog,1,0,0,65683160,43398564,56685204,730724,12516992,0,8868660,11217636,6856376,0,2012284,11217636,0,0,8388604,8388604,0,0,84,0,6838848,400960,17720,787380,1234268,787380,446888,13904,44188,0,0,0,0,41230184,10878672,34359738367,83828,0,78160,0,0,0,0,0,0,0,0,0,0,0,2048,0,1485584,27715584,38797312
1767045530.002038,2038,ubuntu-rog,1,0,0,65683160,43390500,56677140,730732,12516996,0,8872504,11217636,6860220,0,2012284,11217636,0,0,8388604,8388604,0,0,88,0,6843160,400960,17720,787380,1234268,787380,446888,13904,44196,0,0,0,0,41230184,10878672,34359738367,83828,0,78160,0,0,0,0,0,0,0,0,0,0,0,2048,0,1485584,27715584,38797312
1767045531.001249,1249,ubuntu-rog,1,0,0,65683160,43382436,56669076,730732,12516996,0,8876596,11217636,6864312,0,2012284,11217636,0,0,8388604,8388604,0,0,88,0,6846856,400960,17720,787380,1234268,787380,446888,13904,44204,0,0,0,0,41230184,10878672,34359738367,83828,0,78160,0,0,0,0,0,0,0,0,0,0,0,2048,0,1485584,27715584,38797312
1767045532.001440,1440,ubuntu-rog,1,0,0,65683160,43374372,56661032,730732,12517000,0,8880688,11217656,6868404,0,2012284,11217656,0,0,8388604,8388604,0,0,92,0,6850956,400960,17720,787380,1234272,787380,446892,13904,44212,0,0,0,0,41230184,10878672,34359738367,83828,0,78160,0,0,0,0,0,0,0,0,0,0,0,2048,0,1485584,27715584,38797312
1767045533.001500,1500,ubuntu-rog,1,0,0,65683160,43374372,56661032,730732,12517000,0,8884532,11217656,6872248,0,2012284,11217656,0,0,8388604,8388604,0,0,92,0,6855204,400960,17720,787380,1234272,787380,446892,13904,44220,0,0,0,0,41230184,10878672,34359738367,83828,0,78160,0,0,0,0,0,0,0,0,0,0,0,2048,0,1485584,27715584,38797312
1767045534.001707,1707,ubuntu-rog,1,0,0,65683160,43366308,56652968,730732,12517000,0,8888748,11217656,6876464,0,2012284,11217656,0,0,8388604,8388604,0,0,92,0,6858956,400960,17720,787380,1234272,787380,446892,13904,44228,0,0,0,0,41230184,10878672,34359738367,83828,0,78160,0,0,0,0,0,0,0,0,0,0,0,2048,0,1485584,27715584,38797312
1767045535.001894,1894,ubuntu-rog,1,0,0,65683160,43366308,56652968,730740,12517004,0,8892840,11217656,6880556,0,2012284,11217656,0,0,8388604,8388604,0,0,96,0,6863056,400960,17720,787380,1234272,787380,446892,13904,44236,0,0,0,0,41230184,10878672,34359738367,83828,0,78160,0,0,0,0,0,0,0,0,0,0,0,2048,0,1485584,27715584,38797312
1767045536.001948,1948,ubuntu-rog,1,0,0,65683160,43358244,56644904,730740,12517004,0,8896684,11217656,6884400,0,2012284,11217656,0,0,8388604,8388604,0,0,96,0,6866968,400960,17720,787380,1234272,787380,446892,13904,44244,0,0,0,0,41230184,10878672,34359738367,83828,0,78160,0,0,0,0,0,0,0,0,0,0,0,2048,0,1485584,27715584,38797312
1767045537.001161,1161,ubuntu-rog,1,0,0,65683160,43358244,56644908,730740,12517008,0,8900904,11217656,6888620,0,2012284,11217656,0,0,8388604,8388604,0,0,84,0,6871084,400960,17720,787384,1234276,787384,446892,13904,44252,0,0,0,0,41230184,10878672,34359738367,83828,0,78160,0,0,0,0,0,0,0,0,0,0,0,2048,0,1485584,27715584,38797312
1767045538.001345,1345,ubuntu-rog,1,0,0,65683160,43350180,56636852,730740,12517008,0,8904748,11217664,6892464,0,2012284,11217664,0,0,8388604,8388604,0,0,84,0,6875332,400960,17720,787384,1234280,787384,446896,13904,44260,0,0,0,0,41230184,10878672,34359738367,83828,0,78160,0,0,0,0,0,0,0,0,0,0,0,2048,0,1485584,27715584,38797312
1767045539.001404,1404,ubuntu-rog,1,0,0,65683160,43350180,56636852,730740,12517012,0,8908840,11217664,6896556,0,2012284,11217664,0,0,8388604,8388604,0,0,88,0,6879052,400960,17720,787384,1234280,787384,446896,13904,44268,0,0,0,0,41230184,10878672,34359738367,83828,0,78160,0,0,0,0,0,0,0,0,0,0,0,2048,0,1485584,27715584,38797312
1767045540.001618,1618,ubuntu-rog,1,0,0,65683160,43342116,56628788,730744,12517016,0,8912932,11217664,6900648,0,2012284,11217664,0,0,8388604,8388604,0,0,100,0,6883156,400960,17720,787384,1234280,787384,446896,13904,44276,0,0,0,0,41230184,10878672,34359738367,83828,0,78160,0,0,0,0,0,0,0,0,0,0,0,2048,0,1485584,27715584,38797312
1767045541.001797,1797,ubuntu-rog,1,0,0,65683160,43342116,56628788,730744,12517016,0,8916900,11217664,6904616,0,2012284,11217664,0,0,8388604,8388604,0,0,100,0,6887488,400960,17720,787384,1234280,787384,446896,13904,44280,0,0,0,0,41230184,10878672,34359738367,83828,0,78160,0,0,0,0,0,0,0,0,0,0,0,2048,0,1485584,27715584,38797312
1767045542.001852,1852,ubuntu-rog,1,0,0,65683160,43334052,56620724,730744,12517016,0,8921016,11217664,6908732,0,2012284,11217664,0,0,8388604,8388604,0,0,24,0,6891288,400960,17720,787384,1234280,787384,446896,13904,44292,0,0,0,0,41230184,10878672,34359738367,83828,0,78160,0,0,0,0,0,0,0,0,0,0,0,2048,0,1485584,27715584,38797312
1767045543.002072,2072,ubuntu-rog,1,0,0,65683160,43334052,56620724,730744,12517024,0,8925356,11217664,6913072,0,2012284,11217664,0,0,8388604,8388604,0,0,36,0,6895516,400960,17720,787384,1234280,787384,446896,13904,44300,0,0,0,0,41230184,10878672,34359738367,83828,0,78160,0,0,0,0,0,0,0,0,0,0,0,2048,0,1485584,27715584,38797312
1767045544.001262,1262,ubuntu-rog,1,0,0,65683160,43325988,56612664,730744,12517024,0,8929200,11217668,6916916,0,2012284,11217668,0,0,8388604,8388604,0,0,36,0,6899360,400960,17720,787384,1234280,787384,446896,13904,44304,0,0,0,0,41230184,10878672,34359738367,83828,0,78160,0,0,0,0,0,0,0,0,0,0,0,2048,0,1485584,27715584,38797312
1767045545.001318,1318,ubuntu-rog,1,0,0,65683160,43325988,56612664,730748,12517024,0,8933292,11217668,6921008,0,2012284,11217668,0,0,8388604,8388604,0,0,60,0,6903464,400960,17720,787384,1234280,787384,446896,13904,44312,0,0,0,0,41230184,10878672,34359738367,83828,0,78160,0,0,0,0,0,0,0,0,0,0,0,2048,0,1485584,27715584,38797312
1767045546.001525,1525,ubuntu-rog,1,0,0,65683160,43317924,56604600,730748,12517028,0,8937136,11217668,6924852,0,2012284,11217668,0,0,8388604,8388604,0,0,64,0,6907752,400960,17720,787384,1234280,787384,446896,13904,44320,0,0,0,0,41230184,10878672,34359738367,83828,0,78160,0,0,0,0,0,0,0,0,0,0,0,2048,0,1485584,27715584,38797312
1767045547.001714,1714,ubuntu-rog,1,0,0,65683160,43317924,56604600,730748,12517028,0,8941228,11217668,6928944,0,2012284,11217668,0,0,8388604,8388604,0,0,64,0,6911448,400960,17720,787384,1234280,787384,446896,13904,44328,0,0,0,0,41230184,10878672,34359738367,83828,0,78160,0,0,0,0,0,0,0,0,0,0,0,2048,0,1485584,27715584,38797312
1767045548.001766,1766,ubuntu-rog,1,0,0,65683160,43309860,56596540,730748,12517028,0,8945320,11217672,6933036,0,2012284,11217672,0,0,8388604,8388604,0,0,64,0,6915600,400960,17720,787384,1234280,787384,446896,13904,44336,0,0,0,0,41230184,10878672,34359738367,83828,0,78160,0,0,0,0,0,0,0,0,0,0,0,2048,0,1485584,27715584,38797312
1767045549.001985,1985,ubuntu-rog,1,0,0,65683160,43309860,56596540,730748,12517028,0,8949692,11217672,6937408,0,2012284,11217672,0,0,8388604,8388604,0,0,64,0,6919956,400960,17720,787384,1234280,787384,446896,13904,44344,0,0,0,0,41230184,10878672,34359738367,83828,0,78160,0,0,0,0,0,0,0,0,0,0,0,2048,0,1485584,27715584,38797312
1767045550.001176,1176,ubuntu-rog,1,0,0,65683160,43301796,56588476,730752,12517036,0,8953504,11217672,6941220,0,2012284,11217672,0,0,8388604,8388604,0,0,72,0,6923756,400960,17720,787384,1234264,787384,446880,13904,44352,0,0,0,0,41230184,10878672,34359738367,83828,0,78160,0,0,0,0,0,0,0,0,0,0,0,2048,0,1485584,27715584,38797312
1767045551.001237,1237,ubuntu-rog,1,0,0,65683160,43302048,56588728,730752,12517036,0,8957424,11217672,6945140,0,2012284,11217672,0,0,8388604,8388604,0,0,72,0,6927684,400960,17720,787384,1234264,787384,446880,13904,44360,0,0,0,0,41230184,10878500,34359738367,83828,0,78160,0,0,0,0,0,0,0,0,0,0,0,2048,0,1485584,27715584,38797312
1767045552.001451,1451,ubuntu-rog,1,0,0,65683160,43293984,56580664,730752,12517036,0,8961392,11217672,6949108,0,2012284,11217672,0,0,8388604,8388604,0,0,72,0,6931608,400960,17720,787384,1234264,787384,446880,13904,44368,0,0,0,0,41230184,10878500,34359738367,83828,0,78160,0,0,0,0,0,0,0,0,0,0,0,2048,0,1485584,27715584,38797312
1767045553.001636,1636,ubuntu-rog,1,0,0,65683160,43293984,56580664,730752,12517040,0,8965608,11217672,6953324,0,2012284,11217672,0,0,8388604,8388604,0,0,76,0,6935780,400960,17720,787384,1234264,787384,446880,13904,44376,0,0,0,0,41230184,10878500,34359738367,83828,0,78160,0,0,0,0,0,0,0,0,0,0,0,2048,0,1485584,27715584,38797312
1767045554.001692,1692,ubuntu-rog,1,0,0,65683160,43285920,56572600,730752,12517044,0,8969452,11217672,6957168,0,2012284,11217672,0,0,8388604,8388604,0,0,80,0,6940092,400960,17720,787384,1234264,787384,446880,13904,44384,0,0,0,0,41230184,10878500,34359738367,83828,0,78160,0,0,0,0,0,0,0,0,0,0,0,2048,0,1485584,27715584,38797312
1767045555.001902,1902,ubuntu-rog,1,0,0,65683160,43285920,56572600,730752,12517044,0,8973544,11217672,6961260,0,2012284,11217672,0,0,8388604,8388604,0,0,80,0,6944200,400960,17720,787384,1234264,787384,446880,13904,44392,0,0,0,0,41230184,10878500,34359738367,83828,0,78160,0,0,0,0,0,0,0,0,0,0,0,2048,0,1485584,27715584,38797312
1767045556.002109,2109,ubuntu-rog,1,0,0,65683160,43277856,56564536,730752,12517048,0,8977760,11217672,6965476,0,2012284,11217672,0,0,8388604,8388604,0,0,84,0,6947984,400960,17720,787384,1234264,787384,446880,13904,44400,0,0,0,0,41230184,10878500,34359738367,83828,0,78160,0,0,0,0,0,0,0,0,0,0,0,2048,0,1485584,27715584,38797312
1767045557.001160,1160,ubuntu-rog,1,0,0,65683160,43277856,56564536,730752,12517048,0,8981604,11217672,6969320,0,2012284,11217672,0,0,8388604,8388604,0,0,84,0,6952232,400960,17720,787384,1234264,787384,446880,13904,44408,0,0,0,0,41230184,10878500,34359738367,83828,0,78160,0,0,0,0,0,0,0,0,0,0,0,2048,0,1485584,27715584,38797312
1767045558.001364,1364,ubuntu-rog,1,0,0,65683160,43269792,56556476,730752,12517052,0,8985696,11217676,6973412,0,2012284,11217676,0,0,8388604,8388604,0,0,60,0,6955936,400960,17720,787384,1234264,787384,446880,13904,44416,0,0,0,0,41230184,10878500,34359738367,83828,0,78160,0,0,0,0,0,0,0,0,0,0,0,2048,0,1485584,27715584,38797312
1767045559.001550,1550,ubuntu-rog,1,0,0,65683160,43269792,56556476,730752,12517052,0,8989788,11217676,6977504,0,2012284,11217676,0,0,8388604,8388604,0,0,60,0,6960036,400960,17720,787384,1234264,787384,446880,13904,44424,0,0,0,0,41230184,10878500,34359738367,83828,0,78160,0,0,0,0,0,0,0,0,0,0,0,2048,0,1485584,27715584,38797312
1767045560.001605,1605,ubuntu-rog,1,0,0,65683160,43261728,56548412,730756,12517052,0,8993632,11217676,6981348,0,2012284,11217676,0,0,8388604,8388604,0,0,64,0,6963884,400960,17720,787384,1234264,787384,446880,13904,44432,0,0,0,0,41230184,10878500,34359738367,83828,0,78160,0,0,0,0,0,0,0,0,0,0,0,2048,0,1485584,27715584,38797312
1767045561.001814,1814,ubuntu-rog,1,0,0,65683160,43261728,56548412,730756,12517056,0,8997724,11217676,6985440,0,2012284,11217676,0,0,8388604,8388604,0,0,68,0,6967984,400960,17720,787384,1234264,787384,446880,13904,44440,0,0,0,0,41230184,10878500,34359738367,83828,0,78160,0,0,0,0,0,0,0,0,0,0,0,2048,0,1485584,27715584,38797312
1767045562.002004,2004,ubuntu-rog,1,0,0,65683160,43253664,56540352,730756,12517060,0,9001972,11217680,6989688,0,2012284,11217680,0,0,8388604,8388604,0,0,76,0,6972236,400960,17720,787384,1234264,787384,446880,13904,44448,0,0,0,0,41230184,10878500,34359738367,83828,0,78160,0,0,0,0,0,0,0,0,0,0,0,2048,0,1485584,27715584,38797312
1767045563.001065,1065,ubuntu-rog,1,0,0,65683160,43253664,56540352,730756,12517060,0,9005660,11217680,6993376,0,2012284,11217680,0,0,8388604,8388604,0,0,76,0,6975932,400960,17720,787384,1234264,787384,446880,13904,44456,0,0,0,0,41230184,10878500,34359738367,83828,0,78160,0,0,0,0,0,0,0,0,0,0,0,2048,0,1485584,27715584,38797312
1767045564.001274,1274,ubuntu-rog,1,0,0,65683160,43245600,56532288,730756,12517060,0,9009752,11217680,6997468,0,2012284,11217680,0,0,8388604,8388604,0,0,76,0,6980036,400960,17720,787384,1234264,787384,446880,13904,44464,0,0,0,0,41230184,10878500,34359738367,83828,0,78160,0,0,0,0,0,0,0,0,0,0,0,2048,0,1485584,27715584,38797312
1767045565.001454,1454,ubuntu-rog,1,0,0,65683160,43245600,56532288,730760,12517068,0,9014124,11217680,7001840,0,2012284,11217680,0,0,8388604,8388604,0,0,84,0,6984408,400960,17720,787384,1234264,787384,446880,13904,44472,0,0,0,0,41230184,10878500,34359738367,83828,0,78160,0,0,0,0,0,0,0,0,0,0,0,2048,0,1485584,27715584,38797312
1767045566.001521,1521,ubuntu-rog,1,0,0,65683160,43237536,56524244,730760,12517068,0,9017936,11217700,7005652,0,2012284,11217700,0,0,8388604,8388604,0,0,84,0,6988160,400960,17720,787384,1234264,787384,446880,13904,44480,0,0,0,0,41230184,10878500,34359738367,83828,0,78160,0,0,0,0,0,0,0,0,0,0,0,2048,0,1485584,27715584,38797312
1767045567.001734,1734,ubuntu-rog,1,0,0,65683160,43237536,56524244,730760,12517068,0,9022028,11217700,7009744,0,2012284,11217700,0,0,8388604,8388604,0,0,84,0,6992252,400960,17720,787384,1234264,787384,446880,13904,44488,0,0,0,0,41230184,10878500,34359738367,83828,0,78160,0,0,0,0,0,0,0,0,0,0,0,2048,0,1485584,27715584,38797312
1767045568.001924,1924,ubuntu-rog,1,0,0,65683160,43229472,56516180,730760,12517068,0,9025872,11217700,7013588,0,2012284,11217700,0,0,8388604,8388604,0,0,84,0,6996108,400960,17720,787384,1234264,787384,446880,13904,44496,0,0,0,0,41230184,10878500,34359738367,83828,0,78160,0,0,0,0,0,0,0,0,0,0,0,2048,0,1485584,27715584,38797312
1767045569.001977,1977,ubuntu-rog,1,0,0,65683160,43229472,56516180,730760,12517076,0,9029964,11217700,7017680,0,2012284,11217700,0,0,8388604,8388604,0,0,92,0,7000212,400960,17720,787384,1234264,787384,446880,13920,44504,0,0,0,0,41230184,10878500,34359738367,83828,0,78160,0,0,0,0,0,0,0,0,0,0,0,2048,0,1485584,27715584,38797312
1767045570.001196,1196,ubuntu-rog,1,0,0,65683160,43221408,56508116,730760,12517076,0,9033932,11217700,7021648,0,2012284,11217700,0,0,8388604,8388604,0,0,92,0,7004520,400960,17720,787384,1234264,787384,446880,13920,44512,0,0,0,0,41230184,10878500,34359738367,83828,0,78160,0,0,0,0,0,0,0,0,0,0,0,2048,0,1485584,27715584,38797312
1767045571.001381,1381,ubuntu-rog,1,0,0,65683160,43221408,56508116,730760,12517076,0,9038024,11217700,7025740,0,2012284,11217700,0,0,8388604,8388604,0,0,92,0,7008224,400960,17720,787384,1234264,787384,446880,13920,44520,0,0,0,0,41230184,10878500,34359738367,83828,0,78160,0,0,0,0,0,0,0,0,0,0,0,2048,0,1485584,27715584,38797312
1767045572.001434,1434,ubuntu-rog,1,0,0,65683160,43213344,56500052,730760,12517080,0,9042116,11217700,7029832,0,2012284,11217700,0,0,8388604,8388604,0,0,96,0,7012368,400960,17720,787384,1234264,787384,446880,13920,44528,0,0,0,0,41230184,10878500,34359738367,83828,0,78160,0,0,0,0,0,0,0,0,0,0,0,2048,0,1485584,27715584,38797312
1767045573.001637,1637,ubuntu-rog,1,0,0,65683160,43213344,56500052,730760,12517080,0,9046088,11217700,7033804,0,2012284,11217700,0,0,8388604,8388604,0,0,40,0,7016664,400960,17720,787384,1234264,787384,446880,13920,44536,0,0,0,0,41230184,10878500,34359738367,83828,0,78160,0,0,0,0,0,0,0,0,0,0,0,2048,0,1485584,27715584,38797312
1767045574.001828,1828,ubuntu-rog,1,0,0,65683160,43205280,56491988,730760,12517080,0,9050180,11217700,7037896,0,2012284,11217700,0,0,8388604,8388604,0,0,40,0,7020368,400960,17720,787384,1234264,787384,446880,13920,44544,0,0,0,0,41230184,10878500,34359738367,83828,0,78160,0,0,0,0,0,0,0,0,0,0,0,2048,0,1485584,27715584,38797312
1767045575.001884,1884,ubuntu-rog,1,0,0,65683160,43205280,56491988,730768,12517084,0,9054272,11217700,7041988,0,2012284,11217700,0,0,8388604,8388604,0,0,48,0,7024496,400960,17720,787384,1234264,787384,446880,13920,44552,0,0,0,0,41230184,10878500,34359738367,83828,0,78160,0,0,0,0,0,0,0,0,0,0,0,2048,0,1485584,27715584,38797312
1767045576.002097,2097,ubuntu-rog,1,0,0,65683160,43197216,56483924,730768,12517088,0,9058116,11217700,7045832,0,2012284,11217700,0,0,8388604,8388604,0,0,24,0,7028344,400960,17720,787384,1234264,787384,446880,13920,44556,0,0,0,0,41230184,10878500,34359738367,83828,0,78160,0,0,0,0,0,0,0,0,0,0,0,2048,0,1485584,27715584,38797312
1767045577.001276,1276,ubuntu-rog,1,0,0,65683160,43197216,56483924,730768,12517088,0,9062208,11217700,7049924,0,2012284,11217700,0,0,8388604,8388604,0,0,24,0,7032452,400960,17720,787384,1234264,787384,446880,13920,44564,0,0,0,0,41230184,10878500,34359738367,83828,0,78160,0,0,0,0,0,0,0,0,0,0,0,2048,0,1485584,27715584,38797312
1767045578.001329,1329,ubuntu-rog,1,0,0,65683160,43189152,56475984,730768,12517092,0,9066176,11217824,7053892,0,2012284,11217824,0,0,8388604,8388604,0,0,32,0,7036748,400960,17720,787384,1234264,787384,446880,13920,44572,0,0,0,0,41230184,10878500,34359738367,83828,0,78160,0,0,0,0,0,0,0,0,0,0,0,2048,0,1485584,27715584,38797312
1767045579.001543,1543,ubuntu-rog,1,0,0,65683160,43189152,56475992,730776,12517084,0,9070268,11217832,7057984,0,2012284,11217832,0,0,8388604,8388604,0,0,32,0,7040448,400960,17720,787384,1234264,787384,446880,13920,44580,0,0,0,0,41230184,10878500,34359738367,83828,0,78160,0,0,0,0,0,0,0,0,0,0,0,2048,0,1485584,27715584,38797312
1767045580.001732,1732,ubuntu-rog,1,0,0,65683160,43180836,56467688,730812,12517092,0,9074360,11217840,7062076,0,2012284,11217840,0,0,8388604,8388604,0,0,120,0,7044596,400960,17720,787388,1234268,787388,446880,13920,44588,0,0,0,0,41230184,10878500,34359738367,83828,0,78160,0,0,0,0,0,0,0,0,0,0,0,2048,0,1485584,27715584,38797312
1767045581.001785,1785,ubuntu-rog,1,0,0,65683160,43180836,56467688,730812,12517096,0,9078608,11217840,7066324,0,2012284,11217840,0,0,8388604,8388604,0,0,124,0,7048848,400960,17720,787388,1234268,787388,446880,13920,44596,0,0,0,0,41230184,10878500,34359738367,83828,0,78160,0,0,0,0,0,0,0,0,0,0,0,2048,0,1485584,27715584,38797312
1767045582.002002,2002,ubuntu-rog,1,0,0,65683160,43172772,56459624,730812,12517096,0,9082420,11217840,7070136,0,2012284,11217840,0,0,8388604,8388604,0,0,124,0,7052664,400960,17720,787388,1234268,787388,446880,13920,44604,0,0,0,0,41230184,10878500,34359738367,83828,0,78160,0,0,0,0,0,0,0,0,0,0,0,2048,0,1485584,27715584,38797312
1767045583.001192,1192,ubuntu-rog,1,0,0,65683160,43172772,56459624,730812,12517100,0,9086636,11217840,7074352,0,2012284,11217840,0,0,8388604,8388604,0,0,128,0,7056840,400960,17720,787388,1234268,787388,446880,13920,44612,0,0,0,0,41230184,10878500,34359738367,83828,0,78160,0,0,0,0,0,0,0,0,0,0,0,2048,0,1485584,27715584,38797312
1767045584.001256,1256,ubuntu-rog,1,0,0,65683160,43164708,56451560,730812,12517100,0,9090480,11217840,7078196,0,2012284,11217840,0,0,8388604,8388604,0,0,128,0,7060736,400960,17720,787388,1234268,787388,446880,13904,44620,0,0,0,0,41230184,10878500,34359738367,83812,0,78160,0,0,0,0,0,0,0,0,0,0,0,2048,0,1485584,27715584,38797312
1767045585.001464,1464,ubuntu-rog,1,0,0,65683160,43164708,56451560,730812,12517100,0,9094572,11217840,7082288,0,2012284,11217840,0,0,8388604,8388604,0,0,132,0,7064840,400960,17720,787388,1234268,787388,446880,13904,44628,0,0,0,0,41230184,10878500,34359738367,83812,0,78160,0,0,0,0,0,0,0,0,0,0,0,2048,0,1485584,27715584,38797312
1767045586.001650,1650,ubuntu-rog,1,0,0,65683160,43156644,56443496,730812,12517100,0,9098540,11217840,7086256,0,2012284,11217840,0,0,8388604,8388604,0,0,132,0,7069116,400960,17720,787388,1234268,787388,446880,13904,44636,0,0,0,0,41230184,10878500,34359738367,83812,0,78160,0,0,0,0,0,0,0,0,0,0,0,2048,0,1485584,27715584,38797312
1767045587.001704,1704,ubuntu-rog,1,0,0,65683160,43156644,56443496,730812,12517104,0,9102528,11217840,7090244,0,2012284,11217840,0,0,8388604,8388604,0,0,136,0,7072848,400960,17720,787388,1234260,787388,446872,13904,44644,0,0,0,0,41230184,10878500,34359738367,83796,0,78160,0,0,0,0,0,0,0,0,0,0,0,2048,0,1485584,27715584,38797312
1767045588.001915,1915,ubuntu-rog,1,0,0,65683160,43148580,56435432,730812,12517108,0,9106620,11217840,7094336,0,2012284,11217840,0,0,8388604,8388604,0,0,140,0,7077004,400960,17720,787388,1234260,787388,446872,13904,44652,0,0,0,0,41230184,10878500,34359738367,83796,0,78160,0,0,0,0,0,0,0,0,0,0,0,2048,0,1485584,27715584,38797312
1767045589.002109,2109,ubuntu-rog,1,0,0,65683160,43148580,56435432,730812,12517108,0,9110868,11217840,7098584,0,2012284,11217840,0,0,8388604,8388604,0,0,140,0,7081260,400960,17720,787388,1234260,787388,446872,13904,44660,0,0,0,0,41230184,10878500,34359738367,83796,0,78160,0,0,0,0,0,0,0,0,0,0,0,2048,0,1485584,27715584,38797312
1767045590.001161,1161,ubuntu-rog,1,0,0,65683160,43140516,56427368,730820,12517112,0,9114680,11217840,7102396,0,2012284,11217840,0,0,8388604,8388604,0,0,144,0,7085012,400960,17720,787388,1234260,787388,446872,13904,44668,0,0,0,0,41230184,10878500,34359738367,83796,0,78160,0,0,0,0,0,0,0,0,0,0,0,2048,0,1485584,27715584,38797312
1767045591.001373,1373,ubuntu-rog,1,0,0,65683160,43140516,56427368,730820,12517116,0,9118772,11217840,7106488,0,2012284,11217840,0,0,8388604,8388604,0,0,148,0,7089120,400960,17720,787388,1234260,787388,446872,13904,44676,0,0,0,0,41230184,10878500,34359738367,83796,0,78160,0,0,0,0,0,0,0,0,0,0,0,2048,0,1485584,27715584,38797312
1767045592.001558,1558,ubuntu-rog,1,0,0,65683160,43132452,56419304,730820,12517116,0,9122616,11217840,7110332,0,2012284,11217840,0,0,8388604,8388604,0,0,148,0,7092984,400960,17720,787388,1234260,787388,446872,13904,44684,0,0,0,0,41230184,10878500,34359738367,83796,0,78160,0,0,0,0,0,0,0,0,0,0,0,2048,0,1485584,27715584,38797312
1767045593.001607,1607,ubuntu-rog,1,0,0,65683160,43132452,56419304,730820,12517116,0,9126832,11217840,7114548,0,2012284,11217840,0,0,8388604,8388604,0,0,124,0,7097108,400960,17720,787388,1234260,787388,446872,13904,44692,0,0,0,0,41230184,10878500,34359738367,83796,0,78160,0,0,0,0,0,0,0,0,0,0,0,2048,0,1485584,27715584,38797312
1767045594.001812,1812,ubuntu-rog,1,0,0,65683160,43124388,56411240,730820,12517120,0,9130676,11217840,7118392,0,2012284,11217840,0,0,8388604,8388604,0,0,132,0,7101360,400960,17720,787388,1234260,787388,446872,13904,44700,0,0,0,0,41230184,10878500,34359738367,83796,0,78160,0,0,0,0,0,0,0,0,0,0,0,2048,0,1485584,27715584,38797312
1767045595.002004,2004,ubuntu-rog,1,0,0,65683160,43124388,56411240,730824,12517124,0,9134768,11217840,7122484,0,2012284,11217840,0,0,8388604,8388604,0,0,148,0,7105560,400960,17720,787388,1234260,787388,446872,13904,44708,0,0,0,0,41230184,10878500,34359738367,83796,0,78160,0,0,0,0,0,0,0,0,0,0,0,2048,0,1485584,27715584,38797312
1767045596.001076,1076,ubuntu-rog,1,0,0,65683160,43116324,56403176,730824,12517124,0,9138984,11217840,7126700,0,2012284,11217840,0,0,8388604,8388604,0,0,148,0,7109316,400960,17720,787388,1234260,787388,446872,13904,44716,0,0,0,0,41230184,10878500,34359738367,83796,0,78160,0,0,0,0,0,0,0,0,0,0,0,2048,0,1485584,27715584,38797312
1767045597.001281,1281,ubuntu-rog,1,0,0,65683160,43116324,56403176,730824,12517124,0,9143232,11217840,7130948,0,2012284,11217840,0,0,8388604,8388604,0,0,148,0,7113576,400960,17720,787388,1234260,787388,446872,13904,44724,0,0,0,0,41230184,10878500,34359738367,83796,0,78160,0,0,0,0,0,0,0,0,0,0,0,2048,0,1485584,27715584,38797312
1767045598.001500,1500,ubuntu-rog,1,0,0,65683160,43108260,56395112,730824,12517128,0,9147044,11217840,7134760,0,2012284,11217840,0,0,8388604,8388604,0,0,152,0,7117384,400960,17720,787388,1234260,787388,446872,13904,44732,0,0,0,0,41230184,10878500,34359738367,83796,0,78160,0,0,0,0,0,0,0,0,0,0,0,2048,0,1485584,27715584,38797312
1767045599.001554,1554,ubuntu-rog,1,0,0,65683160,43108260,56395112,730824,12517128,0,9151136,11217840,7138852,0,2012284,11217840,0,0,8388604,8388604,0,0,152,0,7121492,400960,17720,787388,1234260,787388,446872,13904,44740,0,0,0,0,41230184,10878500,34359738367,83796,0,78160,0,0,0,0,0,0,0,0,0,0,0,2048,0,1485584,27715584,38797312
1767045600.001735,1735,ubuntu-rog,1,0,0,65683160,43100196,56387048,730828,12517132,0,9154980,11217840,7142696,0,2012284,11217840,0,0,8388604,8388604,0,0,156,0,7125344,400960,17720,787388,1234260,787388,446872,13904,44748,0,0,0,0,41230184,10878500,34359738367,83796,0,78160,0,0,0,0,0,0,0,0,0,0,0,2048,0,1485584,27715584,38797312
1767045601.001921,1921,ubuntu-rog,1,0,0,65683160,43100196,56387048,730828,12517132,0,9159196,11217840,7146912,0,2012284,11217840,0,0,8388604,8388604,0,0,156,0,7129528,400960,17720,787388,1234260,787388,446872,13904,44756,0,0,0,0,41230184,10878500,34359738367,83796,0,78160,0,0,0,0,0,0,0,0,0,0,0,2048,0,1485584,27715584,38797312
1767045602.001974,1974,ubuntu-rog,1,0,0,65683160,43092132,56378984,730828,12517136,0,9163444,11217840,7151160,0,2012284,11217840,0,0,8388604,8388604,0,0,160,0,7133800,400960,17720,787388,1234260,787388,446872,13904,44764,0,0,0,0,41230184,10878500,34359738367,83796,0,78160,0,0,0,0,0,0,0,0,0,0,0,2048,0,1485584,27715584,38797312
1767045603.001195,1195,ubuntu-rog,1,0,0,65683160,43092132,56378984,730828,12517140,0,9167132,11217840,7154848,0,2012284,11217840,0,0,8388604,8388604,0,0,164,0,7137504,400960,17720,787388,1234260,787388,446872,13904,44772,0,0,0,0,41230184,10878500,34359738367,83796,0,78160,0,0,0,0,0,0,0,0,0,0,0,2048,0,1485584,27715584,38797312
1767045604.001383,1383,ubuntu-rog,1,0,0,65683160,43084068,56370920,730828,12517140,0,9171224,11217840,7158940,0,2012284,11217840,0,0,8388604,8388604,0,0,164,0,7141608,400960,17720,787388,1234260,787388,446872,13904,44780,0,0,0,0,41230184,10878500,34359738367,83796,0,78160,0,0,0,0,0,0,0,0,0,0,0,2048,0,1485584,27715584,38797312
1767045605.001438,1438,ubuntu-rog,1,0,0,65683160,43084068,56370920,730832,12517140,0,9175192,11217840,7162908,0,2012284,11217840,0,0,8388604,8388604,0,0,164,0,7145928,400960,17720,787388,1234260,787388,446872,13904,44788,0,0,0,0,41230184,10878500,34359738367,83796,0,78160,0,0,0,0,0,0,0,0,0,0,0,2048,0,1485584,27715584,38797312
1767045606.001645,1645,ubuntu-rog,1,0,0,65683160,43076004,56362856,730832,12517144,0,9179284,11217840,7167000,0,2012284,11217840,0,0,8388604,8388604,0,0,168,0,7149632,400960,17720,787388,1234260,787388,446872,13904,44796,0,0,0,0,41230184,10878500,34359738367,83796,0,78160,0,0,0,0,0,0,0,0,0,0,0,2048,0,1485584,27715584,38797312
1767045607.001834,1834,ubuntu-rog,1,0,0,65683160,43076004,56362856,730832,12517148,0,9183500,11217840,7171216,0,2012284,11217840,0,0,8388604,8388604,0,0,172,0,7153808,400960,17720,787388,1234260,787388,446872,13904,44804,0,0,0,0,41230184,10878500,34359738367,83796,0,78160,0,0,0,0,0,0,0,0,0,0,0,2048,0,1485584,27715584,38797312
1767045608.001894,1894,ubuntu-rog,1,0,0,65683160,43067940,56354792,730832,12517148,0,9187344,11217840,7175060,0,2012284,11217840,0,0,8388604,8388604,0,0,172,0,7157660,400960,17720,787388,1234260,787388,446872,13904,44812,0,0,0,0,41230184,10878500,34359738367,83796,0,78160,0,0,0,0,0,0,0,0,0,0,0,2048,0,1485584,27715584,38797312
1767045609.002129,2129,ubuntu-rog,1,0,0,65683160,43067940,56354856,730832,12517152,0,9191436,11217904,7179152,0,2012284,11217904,0,0,8388604,8388604,0,0,116,0,7161788,400960,17720,787388,1234260,787388,446872,13904,44820,0,0,0,0,41230184,10878500,34359738367,83796,0,78160,0,0,0,0,0,0,0,0,0,0,0,2048,0,1485584,27715584,38797312
1767045610.001314,1314,ubuntu-rog,1,0,0,65683160,43059876,56346792,730832,12517152,0,9195684,11217904,7183400,0,2012284,11217904,0,0,8388604,8388604,0,0,16,0,7166044,400960,17720,787388,1234260,787388,446872,13904,44824,0,0,0,0,41230184,10878500,34359738367,83796,0,78160,0,0,0,0,0,0,0,0,0,0,0,2048,0,1485584,27715584,38797312
1767045611.001373,1373,ubuntu-rog,1,0,0,65683160,43059876,56346792,730832,12517152,0,9199372,11217904,7187088,0,2012284,11217904,0,0,8388604,8388604,0,0,16,0,7170156,400960,17720,787388,1234260,787388,446872,13904,44832,0,0,0,0,41230184,10878500,34359738367,83796,0,78160,0,0,0,0,0,0,0,0,0,0,0,2048,0,1485584,27715584,38797312
1767045612.001604,1604,ubuntu-rog,1,0,0,65683160,43051808,56338816,730836,12517160,0,9203604,11217996,7191320,0,2012284,11217996,0,0,8388604,8388604,0,0,244,0,7173928,400960,17720,787388,1234260,787388,446872,13936,44848,0,0,0,0,41230184,10878500,34359738367,83796,0,78160,0,0,0,0,0,0,0,0,0,0,0,2048,0,1485584,27715584,38797312
1767045613.001799,1799,ubuntu-rog,1,0,0,65683160,43051808,56338820,730836,12517168,0,9207448,11217996,7195164,0,2012284,11217996,0,0,8388604,8388604,0,0,256,0,7178208,400960,17720,787392,1234268,787392,446876,13936,44852,0,0,0,0,41230184,10878500,34359738367,83796,0,78160,0,0,0,0,0,0,0,0,0,0,0,2048,0,1485584,27715584,38797312
1767045614.001855,1855,ubuntu-rog,1,0,0,65683160,43043744,56330756,730836,12517168,0,9211664,11217996,7199380,0,2012284,11217996,0,0,8388604,8388604,0,0,256,0,7181952,400960,17720,787392,1234268,787392,446876,13936,44860,0,0,0,0,41230184,10878500,34359738367,83796,0,78160,0,0,0,0,0,0,0,0,0,0,0,2048,0,1485584,27715584,38797312
1767045615.002071,2071,ubuntu-rog,1,0,0,65683160,43043744,56330756,730836,12517172,0,9215756,11217996,7203472,0,2012284,11217996,0,0,8388604,8388604,0,0,264,0,7186060,400960,17720,787392,1234268,787392,446876,13936,44868,0,0,0,0,41230184,10878500,34359738367,83796,0,78160,0,0,0,0,0,0,0,0,0,0,0,2048,0,1485584,27715584,38797312
1767045616.001257,1257,ubuntu-rog,1,0,0,65683160,43035680,56322692,730836,12517172,0,9219600,11217996,7207316,0,2012284,11217996,0,0,8388604,8388604,0,0,264,0,7189912,400960,17720,787392,1234268,787392,446876,13936,44876,0,0,0,0,41230184,10878500,34359738367,83796,0,78160,0,0,0,0,0,0,0,0,0,0,0,2048,0,1485584,27715584,38797312
1767045617.001320,1320,ubuntu-rog,1,0,0,65683160,43035680,56322692,730840,12517176,0,9223692,11217996,7211408,0,2012284,11217996,0,0,8388604,8388604,0,0,284,0,7194020,400960,17720,787392,1234268,787392,446876,13936,44884,0,0,0,0,41230184,10878500,34359738367,83796,0,78160,0,0,0,0,0,0,0,0,0,0,0,2048,0,1485584,27715584,38797312
1767045618.001524,1524,ubuntu-rog,1,0,0,65683160,43027616,56314628,730840,12517176,0,9227940,11217996,7215656,0,2012284,11217996,0,0,8388604,8388604,0,0,284,0,7198276,400960,17720,787392,1234268,787392,446876,13936,44892,0,0,0,0,41230184,10878500,34359738367,83796,0,78160,0,0,0,0,0,0,0,0,0,0,0,2048,0,1485584,27715584,38797312
1767045619.001714,1714,ubuntu-rog,1,0,0,65683160,43027616,56314628,730840,12517176,0,9231752,11217996,7219468,0,2012284,11217996,0,0,8388604,8388604,0,0,284,0,7202028,400960,17720,787392,1234272,787392,446880,13936,44900,0,0,0,0,41230184,10878500,34359738367,83796,0,78160,0,0,0,0,0,0,0,0,0,0,0,2048,0,1485584,27715584,38797312
1767045620.001768,1768,ubuntu-rog,1,0,0,65683160,43019552,56306564,730840,12517184,0,9235844,11217996,7223560,0,2012284,11217996,0,0,8388604,8388604,0,0,292,0,7206136,400960,17720,787392,1234272,787392,446880,13936,44908,0,0,0,0,41230184,10878500,34359738367,83796,0,78160,0,0,0,0,0,0,0,0,0,0,0,2048,0,1485584,27715584,38797312
1767045621.001999,1999,ubuntu-rog,1,0,0,65683160,43019552,56306564,730840,12517184,0,9239688,11217996,7227404,0,2012284,11217996,0,0,8388604,8388604,0,0,292,0,7210392,400960,17720,787392,1234272,787392,446880,13936,44916,0,0,0,0,41230184,10878500,34359738367,83796,0,78160,0,0,0,0,0,0,0,0,0,0,0,2048,0,1485584,27715584,38797312
1767045622.001183,1183,ubuntu-rog,1,0,0,65683160,43011488,56298500,730844,12517184,0,9243780,11217996,7231496,0,2012284,11217996,0,0,8388604,8388604,0,0,292,0,7214092,400960,17720,787392,1234272,787392,446880,13936,44924,0,0,0,0,41230184,10878500,34359738367,83796,0,78160,0,0,0,0,0,0,0,0,0,0,0,2048,0,1485584,27715584,38797312
1767045623.001243,1243,ubuntu-rog,1,0,0,65683160,43011488,56298500,730844,12517184,0,9247872,11217996,7235588,0,2012284,11217996,0,0,8388604,8388604,0,0,292,0,7218200,400960,17720,787392,1234272,787392,446880,13936,44928,0,0,0,0,41230184,10878500,34359738367,83796,0,78160,0,0,0,0,0,0,0,0,0,0,0,2048,0,1485584,27715584,38797312
1767045624.001453,1453,ubuntu-rog,1,0,0,65683160,43003424,56290436,730844,12517188,0,9251716,11217996,7239432,0,2012284,11217996,0,0,8388604,8388604,0,0,272,0,7222448,400960,17720,787392,1234272,787392,446880,13936,44936,0,0,0,0,41230184,10878500,34359738367,83796,0,78160,0,0,0,0,0,0,0,0,0,0,0,2048,0,1485584,27715584,38797312
1767045625.001643,1643,ubuntu-rog,1,0,0,65683160,43003424,56290436,730844,12517188,0,9255932,11217996,7243648,0,2012284,11217996,0,0,8388604,8388604,0,0,272,0,7226220,400960,17720,787392,1234276,787392,446884,13936,44944,0,0,0,0,41230184,10878500,34359738367,83796,0,78160,0,0,0,0,0,0,0,0,0,0,0,2048,0,1485584,27715584,38797312
1767045626.001699,1699,ubuntu-rog,1,0,0,65683160,42995360,56282372,730844,12517192,0,9259776,11217996,7247492,0,2012284,11217996,0,0,8388604,8388604,0,0,280,0,7230472,400960,17720,787392,1234276,787392,446884,13936,44952,0,0,0,0,41230184,10878500,34359738367,83796,0,78160,0,0,0,0,0,0,0,0,0,0,0,2048,0,1485584,27715584,38797312
1767045627.001910,1910,ubuntu-rog,1,0,0,65683160,42995360,56282372,730848,12517192,0,9263868,11217996,7251584,0,2012284,11217996,0,0,8388604,8388604,0,0,292,0,7234172,400960,17720,787392,1234276,787392,446884,13936,44960,0,0,0,0,41230184,10878500,34359738367,83796,0,78160,0,0,0,0,0,0,0,0,0,0,0,2048,0,1485584,27715584,38797312
1767045628.002106,2106,ubuntu-rog,1,0,0,65683160,42987296,56274308,730848,12517200,0,9267960,11217996,7255676,0,2012284,11217996,0,0,8388604,8388604,0,0,300,0,7238280,400960,17720,787392,1234276,787392,446884,13936,44968,0,0,0,0,41230184,10878500,34359738367,83796,0,78160,0,0,0,0,0,0,0,0,0,0,0,2048,0,1485584,27715584,38797312
1767045629.001033,1033,ubuntu-rog,1,0,0,65683160,43001356,56288552,730856,12517204,0,9277164,11218180,7264880,0,2012284,11218180,0,0,8388604,8388604,0,0,640,0,7247556,410660,17724,787392,1234700,787392,447308,14024,45428,0,0,0,0,41230184,10971316,34359738367,84004,0,78160,0,0,0,0,0,0,0,0,0,0,0,2048,0,1485584,27715584,38797312
1767045630.001288,1288,ubuntu-rog,1,0,0,65683160,43003788,56290988,730856,12517204,0,9276216,11218184,7263932,0,2012284,11218184,0,0,8388604,8388604,0,0,796,0,7246432,400976,17720,787392,1234560,787392,447168,13952,45000,0,0,0,0,41230184,10878500,34359738367,83908,0,78160,0,0,0,0,0,0,0,0,0,0,0,2048,0,1485584,27715584,38797312
1767045631.001494,1494,ubuntu-rog,1,0,0,65683160,43003788,56290988,730856,12517204,0,9280308,11218184,7268024,0,2012284,11218184,0,0,8388604,8388604,0,0,796,0,7250568,400976,17720,787392,1234564,787392,447172,13952,45004,0,0,0,0,41230184,10878500,34359738367,83908,0,78160,0,0,0,0,0,0,0,0,0,0,0,2048,0,1485584,27715584,38797312
1767045632.001548,1548,ubuntu-rog,1,0,0,65683160,42995724,56282924,730856,12517212,0,9284152,11218184,7271868,0,2012284,11218184,0,0,8388604,8388604,0,0,804,0,7254448,400976,17720,787392,1234564,787392,447172,13952,45012,0,0,0,0,41230184,10878500,34359738367,83908,0,78160,0,0,0,0,0,0,0,0,0,0,0,2048,0,1485584,27715584,38797312
1767045633.001125,1125,ubuntu-rog,1,0,0,65683160,42994996,56282196,730856,12517212,0,9288480,11218184,7276196,0,2012284,11218184,0,0,8388604,8388604,0,0,804,0,7258716,400976,17720,787392,1234540,787392,447148,13968,45012,0,0,0,0,41230184,10878652,34359738367,83908,0,78160,0,0,0,0,0,0,0,0,0,0,0,2048,0,1485584,27715584,38797312
1767045634.001327,1327,ubuntu-rog,1,0,0,65683160,42987580,56274780,730864,12517204,0,9292324,11218184,7280040,0,2012284,11218184,0,0,8388604,8388604,0,0,804,0,7262976,400976,17720,787392,1234540,787392,447148,13968,45020,0,0,0,0,41230184,10878652,34359738367,83908,0,78160,0,0,0,0,0,0,0,0,0,0,0,2048,0,1485584,27715584,38797312
1767045635.001352,1352,ubuntu-rog,1,0,0,65683160,42979508,56266708,730864,12517216,0,9296416,11218184,7284132,0,2012284,11218184,0,0,8388604,8388604,0,0,864,0,7267084,400976,17720,787392,1234540,787392,447148,13968,45028,0,0,0,0,41230184,10878652,34359738367,83908,0,78160,0,0,0,0,0,0,0,0,0,0,0,2048,0,1485584,27715584,38797312
1767045636.001120,1120,ubuntu-rog,1,0,0,65683160,42979120,56266320,730864,12517216,0,9300508,11218184,7288224,0,2012284,11218184,0,0,8388604,8388604,0,0,864,0,7270856,400976,17720,787392,1234540,787392,447148,13968,45036,0,0,0,0,41230184,10878652,34359738367,83908,0,78160,0,0,0,0,0,0,0,0,0,0,0,2048,0,1485584,27715584,38797312
1767045637.001301,1301,ubuntu-rog,1,0,0,65683160,42971444,56258644,730864,12517216,0,9304476,11218184,7292192,0,2012284,11218184,0,0,8388604,8388604,0,0,864,0,7275144,400976,17720,787392,1234540,787392,447148,13968,45044,0,0,0,0,41230184,10878652,34359738367,83908,0,78160,0,0,0,0,0,0,0,0,0,0,0,2048,0,1485584,27715584,38797312
1767045638.001358,1358,ubuntu-rog,1,0,0,65683160,42971056,56258256,730864,12517216,0,9308692,11218184,7296408,0,2012284,11218184,0,0,8388604,8388604,0,0,864,0,7278988,400976,17720,787392,1234544,787392,447152,13968,45052,0,0,0,0,41230184,10878652,34359738367,83908,0,78160,0,0,0,0,0,0,0,0,0,0,0,2048,0,1485584,27715584,38797312
1767045639.001568,1568,ubuntu-rog,1,0,0,65683160,42963380,56250580,730872,12517224,0,9312784,11218184,7300500,0,2012284,11218184,0,0,8388604,8388604,0,0,872,0,7283108,400976,17720,787392,1234544,787392,447152,13968,45060,0,0,0,0,41230184,10878652,34359738367,83908,0,78160,0,0,0,0,0,0,0,0,0,0,0,2048,0,1485584,27715584,38797312
1767045640.001753,1753,ubuntu-rog,1,0,0,65683160,42962992,56250192,730872,12517228,0,9316752,11218184,7304468,0,2012284,11218184,0,0,8388604,8388604,0,0,876,0,7287076,400976,17720,787392,1234544,787392,447152,13968,45068,0,0,0,0,41230184,10878652,34359738367,83908,0,78160,0,0,0,0,0,0,0,0,0,0,0,2048,0,1485584,27715584,38797312
1767045641.001806,1806,ubuntu-rog,1,0,0,65683160,42956124,56243324,730872,12517228,0,9320968,11218184,7308684,0,2012284,11218184,0,0,8388604,8388604,0,0,876,0,7291700,400976,17720,787392,1234544,787392,447152,13968,45076,0,0,0,0,41230184,10878652,34359738367,83908,0,78160,0,0,0,0,0,0,0,0,0,0,0,2048,0,1485584,27715584,38797312
1767045642.002032,2032,ubuntu-rog,1,0,0,65683160,42955796,56242996,730872,12517228,0,9325340,11218184,7313056,0,2012284,11218184,0,0,8388604,8388604,0,0,876,0,7295684,400976,17720,787392,1234544,787392,447152,13968,45084,0,0,0,0,41230184,10878652,34359738367,83908,0,78160,0,0,0,0,0,0,0,0,0,0,0,2048,0,1485584,27715584,38797312
1767045643.001221,1221,ubuntu-rog,1,0,0,65683160,42948120,56235320,730872,12517232,0,9329276,11218184,7316992,0,2012284,11218184,0,0,8388604,8388604,0,0,120,0,7299628,400976,17720,787392,1234544,787392,447152,13984,45092,0,0,0,0,41230184,10878652,34359738367,83924,0,78160,0,0,0,0,0,0,0,0,0,0,0,2048,0,1485584,27715584,38797312
1767045644.001283,1283,ubuntu-rog,1,0,0,65683160,42947732,56234932,730880,12517232,0,9333464,11218184,7321180,0,2012284,11218184,0,0,8388604,8388604,0,0,164,0,7303728,400976,17720,787392,1234548,787392,447156,13984,45100,0,0,0,0,41230184,10878652,34359738367,83924,0,78160,0,0,0,0,0,0,0,0,0,0,0,2048,0,1485584,27715584,38797312
1767045645.001496,1496,ubuntu-rog,1,0,0,65683160,42940864,56228064,730880,12517236,0,9337712,11218184,7325428,0,2012284,11218184,0,0,8388604,8388604,0,0,128,0,7308040,400976,17720,787392,1234548,787392,447156,13984,45108,0,0,0,0,41230184,10878652,34359738367,83924,0,78160,0,0,0,0,0,0,0,0,0,0,0,2048,0,1485584,27715584,38797312
1767045646.001682,1682,ubuntu-rog,1,0,0,65683160,42940624,56227824,730880,12517240,0,9341524,11218184,7329240,0,2012284,11218184,0,0,8388604,8388604,0,0,136,0,7311880,400976,17720,787392,1234548,787392,447156,13984,45116,0,0,0,0,41230184,10878652,34359738367,83924,0,78160,0,0,0,0,0,0,0,0,0,0,0,2048,0,1485584,27715584,38797312
1767045647.001736,1736,ubuntu-rog,1,0,0,65683160,42932948,56220148,730880,12517240,0,9345616,11218184,7333332,0,2012284,11218184,0,0,8388604,8388604,0,0,136,0,7315992,400976,17720,787392,1234548,787392,447156,13984,45124,0,0,0,0,41230184,10878652,34359738367,83924,0,78160,0,0,0,0,0,0,0,0,0,0,0,2048,0,1485584,27715584,38797312
1767045648.001942,1942,ubuntu-rog,1,0,0,65683160,42932560,56219760,730880,12517240,0,9349584,11218184,7337300,0,2012284,11218184,0,0,8388604,8388604,0,0,136,0,7319844,400976,17720,787392,1234548,787392,447156,13984,45132,0,0,0,0,41230184,10878652,34359738367,83924,0,78160,0,0,0,0,0,0,0,0,0,0,0,2048,0,1485584,27715584,38797312
1767045649.002135,2135,ubuntu-rog,1,0,0,65683160,42925108,56212308,730884,12517240,0,9353676,11218184,7341392,0,2012284,11218184,0,0,8388604,8388604,0,0,148,0,7323964,400976,17720,787392,1234548,787392,447156,13984,45140,0,0,0,0,41230184,10878652,34359738367,83924,0,78160,0,0,0,0,0,0,0,0,0,0,0,2048,0,1485584,27715584,38797312
1767045650.001187,1187,ubuntu-rog,1,0,0,65683160,42924720,56211920,730884,12517244,0,9357520,11218184,7345236,0,2012284,11218184,0,0,8388604,8388604,0,0,136,0,7328220,400976,17720,787392,1234552,787392,447160,13984,45148,0,0,0,0,41230184,10878652,34359738367,83924,0,78160,0,0,0,0,0,0,0,0,0,0,0,2048,0,1485584,27715584,38797312
1767045651.001393,1393,ubuntu-rog,1,0,0,65683160,42917044,56204244,730884,12517248,0,9361612,11218184,7349328,0,2012284,11218184,0,0,8388604,8388604,0,0,140,0,7332328,400976,17720,787392,1234552,787392,447160,13984,45156,0,0,0,0,41230184,10878652,34359738367,83924,0,78160,0,0,0,0,0,0,0,0,0,0,0,2048,0,1485584,27715584,38797312
1767045652.001579,1579,ubuntu-rog,1,0,0,65683160,42916656,56203856,730884,12517248,0,9365828,11218184,7353544,0,2012284,11218184,0,0,8388604,8388604,0,0,140,0,7336124,400976,17720,787392,1234552,787392,447160,13984,45164,0,0,0,0,41230184,10878652,34359738367,83924,0,78160,0,0,0,0,0,0,0,0,0,0,0,2048,0,1485584,27715584,38797312
1767045653.001636,1636,ubuntu-rog,1,0,0,65683160,42908980,56196180,730884,12517252,0,9369672,11218184,7357388,0,2012284,11218184,0,0,8388604,8388604,0,0,148,0,7340380,400976,17720,787392,1234552,787392,447160,13984,45172,0,0,0,0,41230184,10878652,34359738367,83924,0,78160,0,0,0,0,0,0,0,0,0,0,0,2048,0,1485584,27715584,38797312
1767045654.001846,1846,ubuntu-rog,1,0,0,65683160,42908592,56195792,730892,12517256,0,9373888,11218184,7361604,0,2012284,11218184,0,0,8388604,8388604,0,0,156,0,7344184,400976,17720,787392,1234552,787392,447160,13984,45180,0,0,0,0,41230184,10878652,34359738367,83924,0,78160,0,0,0,0,0,0,0,0,0,0,0,2048,0,1485584,27715584,38797312
1767045655.002039,2039,ubuntu-rog,1,0,0,65683160,42900916,56188116,730892,12517256,0,9377980,11218184,7365696,0,2012284,11218184,0,0,8388604,8388604,0,0,156,0,7348292,400976,17720,787392,1234552,787392,447160,13984,45188,0,0,0,0,41230184,10878652,34359738367,83924,0,78160,0,0,0,0,0,0,0,0,0,0,0,2048,0,1485584,27715584,38797312
1767045656.001090,1090,ubuntu-rog,1,0,0,65683160,42900528,56187728,730892,12517256,0,9381824,11218184,7369540,0,2012284,11218184,0,0,8388604,8388604,0,0,156,0,7352144,400976,17720,787392,1234552,787392,447160,13984,45192,0,0,0,0,41230184,10878652,34359738367,83924,0,78160,0,0,0,0,0,0,0,0,0,0,0,2048,0,1485584,27715584,38797312
1767045657.001302,1302,ubuntu-rog,1,0,0,65683160,42892852,56180052,730892,12517260,0,9385916,11218184,7373632,0,2012284,11218184,0,0,8388604,8388604,0,0,160,0,7356660,400976,17720,787392,1234552,787392,447160,13984,45200,0,0,0,0,41230184,10878652,34359738367,83924,0,78160,0,0,0,0,0,0,0,0,0,0,0,2048,0,1485584,27715584,38797312
1767045658.001487,1487,ubuntu-rog,1,0,0,65683160,42892464,56179664,730892,12517264,0,9390288,11218184,7378004,0,2012284,11218184,0,0,8388604,8388604,0,0,164,0,7360628,400976,17720,787392,1234552,787392,447160,13984,45208,0,0,0,0,41230184,10878652,34359738367,83924,0,78160,0,0,0,0,0,0,0,0,0,0,0,2048,0,1485584,27715584,38797312
1767045659.001543,1543,ubuntu-rog,1,0,0,65683160,42884788,56171988,730900,12517264,0,9393976,11218184,7381692,0,2012284,11218184,0,0,8388604,8388604,0,0,164,0,7364332,400976,17720,787392,1234552,787392,447160,13984,45216,0,0,0,0,41230184,10878652,34359738367,83924,0,78160,0,0,0,0,0,0,0,0,0,0,0,2048,0,1485584,27715584,38797312
1767045660.001752,1752,ubuntu-rog,1,0,0,65683160,42884400,56171644,730900,12517264,0,9398192,11218228,7385908,0,2012284,11218228,0,0,8388604,8388604,0,0,136,0,7368452,400976,17720,787392,1234552,787392,447160,13984,45224,0,0,0,0,41230184,10878652,34359738367,83924,0,78160,0,0,0,0,0,0,0,0,0,0,0,2048,0,1485584,27715584,38797312
1767045661.001938,1938,ubuntu-rog,1,0,0,65683160,42876724,56164032,730900,12517268,0,9402160,11218292,7389876,0,2012284,11218292,0,0,8388604,8388604,0,0,140,0,7372876,400976,17720,787392,1234552,787392,447160,13984,45228,0,0,0,0,41230184,10878652,34359738367,83924,0,78160,0,0,0,0,0,0,0,0,0,0,0,2048,0,1485584,27715584,38797312
1767045662.002010,2010,ubuntu-rog,1,0,0,65683160,42876336,56163644,730900,12517268,0,9406252,11218292,7393968,0,2012284,11218292,0,0,8388604,8388604,0,0,140,0,7376984,400976,17720,787392,1234552,787392,447160,13984,45236,0,0,0,0,41230184,10878652,34359738367,83924,0,78160,0,0,0,0,0,0,0,0,0,0,0,2048,0,1485584,27715584,38797312
1767045663.001220,1220,ubuntu-rog,1,0,0,65683160,42868660,56155968,730900,12517268,0,9410468,11218292,7398184,0,2012284,11218292,0,0,8388604,8388604,0,0,92,0,7380804,400976,17720,787392,1234552,787392,447160,13984,45244,0,0,0,0,41230184,10878652,34359738367,83924,0,78160,0,0,0,0,0,0,0,0,0,0,0,2048,0,1485584,27715584,38797312
1767045664.001410,1410,ubuntu-rog,1,0,0,65683160,42868272,56155580,730900,12517272,0,9414436,11218292,7402152,0,2012284,11218292,0,0,8388604,8388604,0,0,100,0,7384772,400976,17720,787392,1234552,787392,447160,13984,45252,0,0,0,0,41230184,10878652,34359738367,83924,0,78160,0,0,0,0,0,0,0,0,0,0,0,2048,0,1485584,27715584,38797312
1767045665.001463,1463,ubuntu-rog,1,0,0,65683160,42860596,56147904,730900,12517280,0,9418652,11218292,7406368,0,2012284,11218292,0,0,8388604,8388604,0,0,112,0,7388976,400976,17720,787392,1234552,787392,447160,13984,45260,0,0,0,0,41230184,10878652,34359738367,83924,0,78160,0,0,0,0,0,0,0,0,0,0,0,2048,0,1485584,27715584,38797312
1767045666.001668,1668,ubuntu-rog,1,0,0,65683160,42860208,56147516,730900,12517280,0,9422900,11218292,7410616,0,2012284,11218292,0,0,8388604,8388604,0,0,112,0,7393232,400976,17720,787392,1234552,787392,447160,13984,45268,0,0,0,0,41230184,10878652,34359738367,83924,0,78160,0,0,0,0,0,0,0,0,0,0,0,2048,0,1485584,27715584,38797312
1767045667.001853,1853,ubuntu-rog,1,0,0,65683160,42852532,56139840,730900,12517280,0,9426712,11218292,7414428,0,2012284,11218292,0,0,8388604,8388604,0,0,112,0,7397080,400976,17720,787392,1234552,787392,447160,13984,45276,0,0,0,0,41230184,10878652,34359738367,83924,0,78160,0,0,0,0,0,0,0,0,0,0,0,2048,0,1485584,27715584,38797312
1767045668.001043,1043,ubuntu-rog,1,0,0,65683160,42852144,56139452,730900,12517284,0,9431052,11218292,7418768,0,2012284,11218292,0,0,8388604,8388604,0,0,116,0,7401308,400976,17720,787392,1234552,787392,447160,13984,45284,0,0,0,0,41230184,10878652,34359738367,83924,0,78160,0,0,0,0,0,0,0,0,0,0,0,2048,0,1485584,27715584,38797312
1767045669.001254,1254,ubuntu-rog,1,0,0,65683160,42844080,56131388,730904,12517280,0,9435020,11218292,7422736,0,2012284,11218292,0,0,8388604,8388604,0,0,116,0,7405684,400976,17720,787392,1234552,787392,447160,13984,45292,0,0,0,0,41230184,10878652,34359738367,83924,0,78160,0,0,0,0,0,0,0,0,0,0,0,2048,0,1485584,27715584,38797312
1767045670.001480,1480,ubuntu-rog,1,0,0,65683160,43618736,56906044,730904,12517284,0,8649012,11218292,6636728,0,2012284,11218292,0,0,8388604,8388604,0,0,116,0,6619268,400976,17720,787392,1234552,787392,447160,13984,43756,0,0,0,0,41230184,10090560,34359738367,83924,0,78160,0,0,0,0,0,0,0,0,0,0,0,2048,0,1485584,27715584,38797312
