#Time,Time_usec,ProducerName,component_id,job_id,app_id,MemTotal,MemFree,MemAvailable,Buffers,Cached,SwapCached,Active,Inactive,Active(anon),Inactive(anon),Active(file),Inactive(file),Unevictable,Mlocked,SwapTotal,SwapFree,Zswap,Zswapped,Dirty,Writeback,AnonPages,Mapped,Shmem,KReclaimable,Slab,SReclaimable,SUnreclaim,KernelStack,PageTables,SecPageTables,NFS_Unstable,Bounce,WritebackTmp,CommitLimit,Committed_AS,VmallocTotal,VmallocUsed,VmallocChunk,Percpu,HardwareCorrupted,AnonHugePages,ShmemHugePages,ShmemPmdMapped,FileHugePages,FilePmdMapped,Unaccepted,HugePages_Total,HugePages_Free,HugePages_Rsvd,HugePages_Surp,Hugepagesize,Hugetlb,DirectMap4k,DirectMap2M,DirectMap1G
1775669740.001132,1132,ubuntu-rog,1,0,0,65683160,34925148,60009464,308712,23658012,0,5349124,21920132,3328364,0,2020760,21920132,0,0,8388604,8388604,0,0,256,0,3303380,364732,25832,1874084,2542516,1874084,668432,13808,28420,0,0,0,0,41230184,7484672,34359738367,85988,0,81200,0,0,0,0,0,0,0,0,0,0,0,2048,0,1493776,27707392,38797312
1775669741.001367,1367,ubuntu-rog,1,0,0,65683160,33078624,58162952,308748,23658024,0,7190520,21920144,5169760,0,2020760,21920144,0,0,8388604,8388604,0,0,380,0,5144556,364732,25832,1874084,2542516,1874084,668432,13808,31960,0,0,0,0,41230184,8863128,34359738367,85988,0,81200,0,0,0,0,0,0,0,0,0,0,0,2048,0,1493776,27707392,38797312
1775669742.001425,1425,ubuntu-rog,1,0,0,65683160,33078516,58162844,308748,23658024,0,7190892,21920144,5170132,0,2020760,21920144,0,0,8388604,8388604,0,0,380,0,5144876,364732,25832,1874084,2542484,1874084,668400,13808,32236,0,0,0,0,41230184,8863128,34359738367,85988,0,81200,0,0,0,0,0,0,0,0,0,0,0,2048,0,1493776,27707392,38797312
1775669743.001594,1594,ubuntu-rog,1,0,0,65683160,33078516,58162844,308748,23658024,0,7190892,21920144,5170132,0,2020760,21920144,0,0,8388604,8388604,0,0,380,0,5144876,364916,25832,1874084,2542456,1874084,668372,13808,32236,0,0,0,0,41230184,8863128,34359738367,85988,0,81200,0,0,0,0,0,0,0,0,0,0,0,2048,0,1493776,27707392,38797312
1775669744.001861,1861,ubuntu-rog,1,0,0,65683160,33078516,58162844,308748,23658028,0,7190892,21920144,5170132,0,2020760,21920144,0,0,8388604,8388604,0,0,388,0,5144876,364916,25832,1874084,2542428,1874084,668344,13808,32236,0,0,0,0,41230184,8863128,34359738367,85988,0,81200,0,0,0,0,0,0,0,0,0,0,0,2048,0,1493776,27707392,38797312
1775669745.001976,1976,ubuntu-rog,1,0,0,65683160,33079324,58163652,308748,23658028,0,7190892,21920144,5170132,0,2020760,21920144,0,0,8388604,8388604,0,0,388,0,5144876,364916,25832,1874084,2542428,1874084,668344,13808,32236,0,0,0,0,41230184,8863128,34359738367,85988,0,81200,0,0,0,0,0,0,0,0,0,0,0,2048,0,1493776,27707392,38797312
1775669746.001185,1185,ubuntu-rog,1,0,0,65683160,33079524,58163852,308748,23658028,0,7190892,21920144,5170132,0,2020760,21920144,0,0,8388604,8388604,0,0,388,0,5144876,364916,25832,1874084,2542428,1874084,668344,13808,32236,0,0,0,0,41230184,8863128,34359738367,85988,0,81200,0,0,0,0,0,0,0,0,0,0,0,2048,0,1493776,27707392,38797312
1775669747.002053,2053,ubuntu-rog,1,0,0,65683160,34430096,59514424,308748,23658036,0,5678316,21920144,3657556,0,2020760,21920144,0,0,8388604,8388604,0,0,400,0,3632360,364916,25832,1874084,2542428,1874084,668344,13808,29408,0,0,0,0,41230184,7423592,34359738367,85988,0,81200,0,0,0,0,0,0,0,0,0,0,0,2048,0,1493776,27707392,38797312
1775669748.001069,1069,ubuntu-rog,1,0,0,65683160,33961536,59045912,308748,23658036,0,6167488,21920192,4146728,0,2020760,21920192,0,0,8388604,8388604,0,0,400,0,4125312,364916,25832,1874084,2542428,1874084,668344,13808,29848,0,0,0,0,41230184,7844936,34359738367,85988,0,81200,0,0,0,0,0,0,0,0,0,0,0,2048,0,1493776,27707392,38797312
1775669749.001518,1518,ubuntu-rog,1,0,0,65683160,34329156,59413532,308748,23658036,0,5953484,21920192,3932724,0,2020760,21920192,0,0,8388604,8388604,0,0,400,0,3908204,364916,25832,1874084,2542428,1874084,668344,13808,29636,0,0,0,0,41230184,8629836,34359738367,85988,0,81200,0,0,0,0,0,0,0,0,0,0,0,2048,0,1493776,27707392,38797312
1775669750.002161,2161,ubuntu-rog,1,0,0,65683160,33320872,58405248,308756,23658036,0,6956752,21920192,4935992,0,2020760,21920192,0,0,8388604,8388604,0,0,400,0,4911636,365044,25832,1874084,2542428,1874084,668344,13808,31784,0,0,0,0,41230184,8629836,34359738367,85988,0,81200,0,0,0,0,0,0,0,0,0,0,0,2048,0,1493776,27707392,38797312
1775669751.001250,1250,ubuntu-rog,1,0,0,65683160,33320872,58405248,308756,23658040,0,6956752,21920192,4935992,0,2020760,21920192,0,0,8388604,8388604,0,0,404,0,4911636,365044,25832,1874084,2542428,1874084,668344,13808,31784,0,0,0,0,41230184,8629836,34359738367,85988,0,81200,0,0,0,0,0,0,0,0,0,0,0,2048,0,1493776,27707392,38797312
1775669752.001050,1050,ubuntu-rog,1,0,0,65683160,33320872,58405248,308756,23658040,0,6956752,21920192,4935992,0,2020760,21920192,0,0,8388604,8388604,0,0,404,0,4911636,365044,25832,1874084,2542428,1874084,668344,13808,31784,0,0,0,0,41230184,8629836,34359738367,85988,0,81200,0,0,0,0,0,0,0,0,0,0,0,2048,0,1493776,27707392,38797312
1775669753.001066,1066,ubuntu-rog,1,0,0,65683160,33320872,58405248,308756,23658048,0,6956752,21920192,4935992,0,2020760,21920192,0,0,8388604,8388604,0,0,416,0,4911636,365044,25832,1874084,2542428,1874084,668344,13808,31784,0,0,0,0,41230184,8629836,34359738367,85988,0,81200,0,0,0,0,0,0,0,0,0,0,0,2048,0,1493776,27707392,38797312
1775669754.002303,2303,ubuntu-rog,1,0,0,65683160,33320872,58405248,308756,23658052,0,6956752,21920192,4935992,0,2020760,21920192,0,0,8388604,8388604,0,0,420,0,4911636,365044,25832,1874084,2542428,1874084,668344,13808,31784,0,0,0,0,41230184,8629836,34359738367,85988,0,81200,0,0,0,0,0,0,0,0,0,0,0,2048,0,1493776,27707392,38797312
1775669755.001200,1200,ubuntu-rog,1,0,0,65683160,33320872,58405248,308756,23658052,0,6956752,21920192,4935992,0,2020760,21920192,0,0,8388604,8388604,0,0,420,0,4911636,365044,25832,1874084,2542428,1874084,668344,13808,31784,0,0,0,0,41230184,8629836,34359738367,85988,0,81200,0,0,0,0,0,0,0,0,0,0,0,2048,0,1493776,27707392,38797312
1775669756.001311,1311,ubuntu-rog,1,0,0,65683160,33320872,58405248,308764,23658044,0,6956752,21920192,4935992,0,2020760,21920192,0,0,8388604,8388604,0,0,420,0,4911636,365044,25832,1874084,2542428,1874084,668344,13808,31784,0,0,0,0,41230184,8629836,34359738367,85988,0,81200,0,0,0,0,0,0,0,0,0,0,0,2048,0,1493776,27707392,38797312
1775669757.001062,1062,ubuntu-rog,1,0,0,65683160,33320872,58405248,308764,23658052,0,6956752,21920192,4935992,0,2020760,21920192,0,0,8388604,8388604,0,0,420,0,4911636,365044,25832,1874084,2542428,1874084,668344,13808,31784,0,0,0,0,41230184,8629836,34359738367,85988,0,81200,0,0,0,0,0,0,0,0,0,0,0,2048,0,1493776,27707392,38797312
1775669758.002058,2058,ubuntu-rog,1,0,0,65683160,33320872,58405248,308764,23658056,0,6956752,21920192,4935992,0,2020760,21920192,0,0,8388604,8388604,0,0,424,0,4911636,365044,25832,1874084,2542428,1874084,668344,13808,31784,0,0,0,0,41230184,8629836,34359738367,85988,0,81200,0,0,0,0,0,0,0,0,0,0,0,2048,0,1493776,27707392,38797312
1775669759.001304,1304,ubuntu-rog,1,0,0,65683160,33320872,58405248,308764,23658060,0,6956752,21920192,4935992,0,2020760,21920192,0,0,8388604,8388604,0,0,428,0,4911636,365044,25832,1874084,2542428,1874084,668344,13808,31784,0,0,0,0,41230184,8629836,34359738367,85988,0,81200,0,0,0,0,0,0,0,0,0,0,0,2048,0,1493776,27707392,38797312
1775669760.001198,1198,ubuntu-rog,1,0,0,65683160,33320872,58405248,308764,23658060,0,6956752,21920192,4935992,0,2020760,21920192,0,0,8388604,8388604,0,0,428,0,4911636,365044,25832,1874084,2542428,1874084,668344,13808,31784,0,0,0,0,41230184,8629836,34359738367,85988,0,81200,0,0,0,0,0,0,0,0,0,0,0,2048,0,1493776,27707392,38797312
1775669761.001302,1302,ubuntu-rog,1,0,0,65683160,33320872,58405248,308764,23658064,0,6956752,21920192,4935992,0,2020760,21920192,0,0,8388604,8388604,0,0,432,0,4911636,365044,25832,1874084,2542428,1874084,668344,13808,31784,0,0,0,0,41230184,8629836,34359738367,85988,0,81200,0,0,0,0,0,0,0,0,0,0,0,2048,0,1493776,27707392,38797312
1775669762.002058,2058,ubuntu-rog,1,0,0,65683160,33320872,58405248,308764,23658064,0,6956752,21920192,4935992,0,2020760,21920192,0,0,8388604,8388604,0,0,432,0,4911636,365044,25832,1874084,2542428,1874084,668344,13808,31784,0,0,0,0,41230184,8629836,34359738367,85988,0,81200,0,0,0,0,0,0,0,0,0,0,0,2048,0,1493776,27707392,38797312
1775669763.001062,1062,ubuntu-rog,1,0,0,65683160,33320872,58405248,308772,23658056,0,6956752,21920192,4935992,0,2020760,21920192,0,0,8388604,8388604,0,0,432,0,4911636,365044,25832,1874084,2542428,1874084,668344,13808,31784,0,0,0,0,41230184,8629836,34359738367,85988,0,81200,0,0,0,0,0,0,0,0,0,0,0,2048,0,1493776,27707392,38797312
1775669764.001303,1303,ubuntu-rog,1,0,0,65683160,33320872,58405248,308772,23658064,0,6956752,21920192,4935992,0,2020760,21920192,0,0,8388604,8388604,0,0,436,0,4911636,365044,25832,1874084,2542428,1874084,668344,13808,31784,0,0,0,0,41230184,8629836,34359738367,85988,0,81200,0,0,0,0,0,0,0,0,0,0,0,2048,0,1493776,27707392,38797312
1775669765.001200,1200,ubuntu-rog,1,0,0,65683160,33320872,58405248,308772,23658072,0,6956752,21920192,4935992,0,2020760,21920192,0,0,8388604,8388604,0,0,444,0,4911636,365044,25832,1874084,2542428,1874084,668344,13808,31784,0,0,0,0,41230184,8629836,34359738367,85988,0,81200,0,0,0,0,0,0,0,0,0,0,0,2048,0,1493776,27707392,38797312
1775669766.002305,2305,ubuntu-rog,1,0,0,65683160,33320872,58405248,308772,23658076,0,6956752,21920192,4935992,0,2020760,21920192,0,0,8388604,8388604,0,0,448,0,4911636,365044,25832,1874084,2542428,1874084,668344,13808,31784,0,0,0,0,41230184,8629836,34359738367,85988,0,81200,0,0,0,0,0,0,0,0,0,0,0,2048,0,1493776,27707392,38797312
1775669767.001061,1061,ubuntu-rog,1,0,0,65683160,33321276,58405652,308772,23658076,0,6956872,21920192,4936112,0,2020760,21920192,0,0,8388604,8388604,0,0,248,0,4911636,365044,25832,1874084,2542428,1874084,668344,13808,31784,0,0,0,0,41230184,8629836,34359738367,85988,0,81200,0,0,0,0,0,0,0,0,0,0,0,2048,0,1493776,27707392,38797312
1775669768.001063,1063,ubuntu-rog,1,0,0,65683160,33321388,58405832,308772,23658080,0,6956884,21920260,4936124,0,2020760,21920260,0,0,8388604,8388604,0,0,244,0,4911636,365044,25832,1874084,2542428,1874084,668344,13808,31784,0,0,0,0,41230184,8629836,34359738367,85988,0,81200,0,0,0,0,0,0,0,0,0,0,0,2048,0,1493776,27707392,38797312
1775669769.001305,1305,ubuntu-rog,1,0,0,65683160,33321880,58406324,308772,23658080,0,6956884,21920260,4936124,0,2020760,21920260,0,0,8388604,8388604,0,0,136,0,4911636,365044,25832,1874084,2542428,1874084,668344,13808,31784,0,0,0,0,41230184,8629836,34359738367,85988,0,81200,0,0,0,0,0,0,0,0,0,0,0,2048,0,1493776,27707392,38797312
1775669770.002195,2195,ubuntu-rog,1,0,0,65683160,33322176,58406620,308772,23658080,0,6956884,21920260,4936124,0,2020760,21920260,0,0,8388604,8388604,0,0,136,0,4911636,365044,25832,1874084,2542428,1874084,668344,13808,31784,0,0,0,0,41230184,8629836,34359738367,85988,0,81200,0,0,0,0,0,0,0,0,0,0,0,2048,0,1493776,27707392,38797312
1775669771.001306,1306,ubuntu-rog,1,0,0,65683160,33322176,58406620,308780,23658080,0,6956796,21920260,4936036,0,2020760,21920260,0,0,8388604,8388604,0,0,16,0,4911468,365044,25832,1874084,2542428,1874084,668344,13808,31784,0,0,0,0,41230184,8629668,34359738367,85988,0,81200,0,0,0,0,0,0,0,0,0,0,0,2048,0,1493776,27707392,38797312
1775669772.001061,1061,ubuntu-rog,1,0,0,65683160,33322176,58406620,308780,23658088,0,6956796,21920260,4936036,0,2020760,21920260,0,0,8388604,8388604,0,0,32,0,4911468,365044,25832,1874084,2542428,1874084,668344,13808,31784,0,0,0,0,41230184,8629668,34359738367,85988,0,81200,0,0,0,0,0,0,0,0,0,0,0,2048,0,1493776,27707392,38797312
1775669773.001065,1065,ubuntu-rog,1,0,0,65683160,33322176,58406620,308780,23658088,0,6956796,21920260,4936036,0,2020760,21920260,0,0,8388604,8388604,0,0,32,0,4911468,365044,25832,1874084,2542428,1874084,668344,13808,31784,0,0,0,0,41230184,8629668,34359738367,85988,0,81200,0,0,0,0,0,0,0,0,0,0,0,2048,0,1493776,27707392,38797312
1775669774.002299,2299,ubuntu-rog,1,0,0,65683160,33322176,58406620,308780,23658088,0,6956796,21920260,4936036,0,2020760,21920260,0,0,8388604,8388604,0,0,32,0,4911468,365044,25832,1874084,2542428,1874084,668344,13808,31784,0,0,0,0,41230184,8629668,34359738367,85988,0,81200,0,0,0,0,0,0,0,0,0,0,0,2048,0,1493776,27707392,38797312
1775669775.001200,1200,ubuntu-rog,1,0,0,65683160,33322176,58406620,308780,23658092,0,6956796,21920260,4936036,0,2020760,21920260,0,0,8388604,8388604,0,0,36,0,4911468,365044,25832,1874084,2542428,1874084,668344,13808,31784,0,0,0,0,41230184,8629668,34359738367,85988,0,81200,0,0,0,0,0,0,0,0,0,0,0,2048,0,1493776,27707392,38797312
1775669776.001305,1305,ubuntu-rog,1,0,0,65683160,33322176,58406620,308780,23658092,0,6956796,21920260,4936036,0,2020760,21920260,0,0,8388604,8388604,0,0,36,0,4911468,365044,25832,1874084,2542428,1874084,668344,13808,31784,0,0,0,0,41230184,8629668,34359738367,85988,0,81200,0,0,0,0,0,0,0,0,0,0,0,2048,0,1493776,27707392,38797312
1775669777.001061,1061,ubuntu-rog,1,0,0,65683160,33322580,58407024,308788,23658084,0,6956796,21920260,4936036,0,2020760,21920260,0,0,8388604,8388604,0,0,36,0,4911468,365044,25832,1874084,2542428,1874084,668344,13808,31784,0,0,0,0,41230184,8629668,34359738367,85988,0,81200,0,0,0,0,0,0,0,0,0,0,0,2048,0,1493776,27707392,38797312
1775669778.002060,2060,ubuntu-rog,1,0,0,65683160,33323616,58408060,308788,23658100,0,6956796,21920260,4936036,0,2020760,21920260,0,0,8388604,8388604,0,0,64,0,4911468,365044,25832,1874084,2542428,1874084,668344,13808,31784,0,0,0,0,41230184,8629668,34359738367,85988,0,81200,0,0,0,0,0,0,0,0,0,0,0,2048,0,1493776,27707392,38797312
1775669779.001301,1301,ubuntu-rog,1,0,0,65683160,33324804,58409248,308788,23658104,0,6956796,21920260,4936036,0,2020760,21920260,0,0,8388604,8388604,0,0,68,0,4911468,365044,25832,1874084,2542428,1874084,668344,13808,31784,0,0,0,0,41230184,8629668,34359738367,85988,0,81200,0,0,0,0,0,0,0,0,0,0,0,2048,0,1493776,27707392,38797312
1775669780.001197,1197,ubuntu-rog,1,0,0,65683160,33325440,58409884,308788,23658104,0,6956796,21920260,4936036,0,2020760,21920260,0,0,8388604,8388604,0,0,68,0,4911468,365044,25832,1874084,2542428,1874084,668344,13808,31784,0,0,0,0,41230184,8629668,34359738367,85988,0,81200,0,0,0,0,0,0,0,0,0,0,0,2048,0,1493776,27707392,38797312
1775669781.001306,1306,ubuntu-rog,1,0,0,65683160,33325840,58410284,308788,23658104,0,6956796,21920260,4936036,0,2020760,21920260,0,0,8388604,8388604,0,0,68,0,4911468,365044,25832,1874084,2542428,1874084,668344,13808,31784,0,0,0,0,41230184,8629668,34359738367,85988,0,81200,0,0,0,0,0,0,0,0,0,0,0,2048,0,1493776,27707392,38797312
1775669782.002059,2059,ubuntu-rog,1,0,0,65683160,33325840,58410284,308788,23658108,0,6956796,21920260,4936036,0,2020760,21920260,0,0,8388604,8388604,0,0,72,0,4911468,365044,25832,1874084,2542428,1874084,668344,13808,31784,0,0,0,0,41230184,8629668,34359738367,85988,0,81200,0,0,0,0,0,0,0,0,0,0,0,2048,0,1493776,27707392,38797312
1775669783.001063,1063,ubuntu-rog,1,0,0,65683160,33325840,58410284,308796,23658100,0,6956796,21920260,4936036,0,2020760,21920260,0,0,8388604,8388604,0,0,72,0,4911468,365044,25832,1874084,2542428,1874084,668344,13808,31784,0,0,0,0,41230184,8629668,34359738367,85988,0,81200,0,0,0,0,0,0,0,0,0,0,0,2048,0,1493776,27707392,38797312
1775669784.001300,1300,ubuntu-rog,1,0,0,65683160,33325840,58410284,308796,23658112,0,6956796,21920260,4936036,0,2020760,21920260,0,0,8388604,8388604,0,0,76,0,4911468,365044,25832,1874084,2542428,1874084,668344,13808,31784,0,0,0,0,41230184,8629668,34359738367,85988,0,81200,0,0,0,0,0,0,0,0,0,0,0,2048,0,1493776,27707392,38797312
1775669785.001201,1201,ubuntu-rog,1,0,0,65683160,33325840,58410284,308796,23658112,0,6956796,21920260,4936036,0,2020760,21920260,0,0,8388604,8388604,0,0,76,0,4911468,365044,25832,1874084,2542428,1874084,668344,13808,31784,0,0,0,0,41230184,8629668,34359738367,85988,0,81200,0,0,0,0,0,0,0,0,0,0,0,2048,0,1493776,27707392,38797312
1775669786.002299,2299,ubuntu-rog,1,0,0,65683160,33325840,58410284,308796,23658116,0,6956796,21920260,4936036,0,2020760,21920260,0,0,8388604,8388604,0,0,80,0,4911468,365044,25832,1874084,2542428,1874084,668344,13808,31784,0,0,0,0,41230184,8629668,34359738367,85988,0,81200,0,0,0,0,0,0,0,0,0,0,0,2048,0,1493776,27707392,38797312
1775669787.001061,1061,ubuntu-rog,1,0,0,65683160,33325840,58410284,308796,23658116,0,6956796,21920260,4936036,0,2020760,21920260,0,0,8388604,8388604,0,0,80,0,4911468,365044,25832,1874084,2542428,1874084,668344,13808,31784,0,0,0,0,41230184,8629668,34359738367,85988,0,81200,0,0,0,0,0,0,0,0,0,0,0,2048,0,1493776,27707392,38797312
1775669788.001066,1066,ubuntu-rog,1,0,0,65683160,33325840,58410284,308796,23658116,0,6956796,21920260,4936036,0,2020760,21920260,0,0,8388604,8388604,0,0,80,0,4911468,365044,25832,1874084,2542428,1874084,668344,13808,31784,0,0,0,0,41230184,8629668,34359738367,85988,0,81200,0,0,0,0,0,0,0,0,0,0,0,2048,0,1493776,27707392,38797312
1775669789.001305,1305,ubuntu-rog,1,0,0,65683160,33325840,58410284,308804,23658112,0,6956796,21920260,4936036,0,2020760,21920260,0,0,8388604,8388604,0,0,84,0,4911468,365044,25832,1874084,2542428,1874084,668344,13808,31784,0,0,0,0,41230184,8629668,34359738367,85988,0,81200,0,0,0,0,0,0,0,0,0,0,0,2048,0,1493776,27707392,38797312
1775669790.002197,2197,ubuntu-rog,1,0,0,65683160,33325840,58410284,308804,23658124,0,6956796,21920260,4936036,0,2020760,21920260,0,0,8388604,8388604,0,0,88,0,4911468,365044,25832,1874084,2542428,1874084,668344,13808,31784,0,0,0,0,41230184,8629668,34359738367,85988,0,81200,0,0,0,0,0,0,0,0,0,0,0,2048,0,1493776,27707392,38797312
1775669791.001309,1309,ubuntu-rog,1,0,0,65683160,33325840,58410284,308804,23658128,0,6956796,21920260,4936036,0,2020760,21920260,0,0,8388604,8388604,0,0,92,0,4911468,365044,25832,1874084,2542428,1874084,668344,13808,31784,0,0,0,0,41230184,8629668,34359738367,85988,0,81200,0,0,0,0,0,0,0,0,0,0,0,2048,0,1493776,27707392,38797312
1775669792.001061,1061,ubuntu-rog,1,0,0,65683160,33325840,58410284,308804,23658132,0,6956796,21920260,4936036,0,2020760,21920260,0,0,8388604,8388604,0,0,96,0,4911468,365044,25832,1874084,2542428,1874084,668344,13808,31784,0,0,0,0,41230184,8629668,34359738367,85988,0,81200,0,0,0,0,0,0,0,0,0,0,0,2048,0,1493776,27707392,38797312
1775669793.001061,1061,ubuntu-rog,1,0,0,65683160,33325840,58410284,308804,23658132,0,6956796,21920260,4936036,0,2020760,21920260,0,0,8388604,8388604,0,0,96,0,4911468,365044,25832,1874084,2542428,1874084,668344,13808,31784,0,0,0,0,41230184,8629668,34359738367,85988,0,81200,0,0,0,0,0,0,0,0,0,0,0,2048,0,1493776,27707392,38797312
1775669794.001513,1513,ubuntu-rog,1,0,0,65683160,32866492,57950936,308804,23658132,0,7415740,21920260,5394980,0,2020760,21920260,0,0,8388604,8388604,0,0,96,0,5370412,365044,25832,1874084,2542428,1874084,668344,13808,32592,0,0,0,0,41230184,15039324,34359738367,85988,0,81200,0,0,0,0,0,0,0,0,0,0,0,2048,0,1493776,27707392,38797312
1775669795.001667,1667,ubuntu-rog,1,0,0,65683160,29084748,54169192,308812,23658132,0,11192372,21920260,9171612,0,2020760,21920260,0,0,8388604,8388604,0,0,96,0,9147140,365044,25832,1874084,2542428,1874084,668344,13808,40028,0,0,0,0,41230184,15039324,34359738367,85988,0,81200,0,0,0,0,0,0,0,0,0,0,0,2048,0,1493776,27707392,38797312
1775669796.002254,2254,ubuntu-rog,1,0,0,65683160,27624456,52708900,308812,23658136,0,12263616,21920260,10242856,0,2020760,21920260,0,0,8388604,8388604,0,0,100,0,10218384,365044,25832,1874084,2542428,1874084,668344,13808,42172,0,0,0,0,41230184,13936584,34359738367,85988,0,81200,0,0,0,0,0,0,0,0,0,0,0,2048,0,1493776,27707392,38797312
1775669797.001063,1063,ubuntu-rog,1,0,0,65683160,27632520,52716964,308812,23658140,0,12263616,21920260,10242856,0,2020760,21920260,0,0,8388604,8388604,0,0,104,0,10218384,365044,25832,1874084,2542428,1874084,668344,13808,42172,0,0,0,0,41230184,13936584,34359738367,85988,0,81200,0,0,0,0,0,0,0,0,0,0,0,2048,0,1493776,27707392,38797312
1775669798.001065,1065,ubuntu-rog,1,0,0,65683160,27640584,52725028,308812,23658140,0,12263616,21920260,10242856,0,2020760,21920260,0,0,8388604,8388604,0,0,104,0,10218384,365044,25832,1874084,2542428,1874084,668344,13808,42172,0,0,0,0,41230184,13936584,34359738367,85988,0,81200,0,0,0,0,0,0,0,0,0,0,0,2048,0,1493776,27707392,38797312
1775669799.001306,1306,ubuntu-rog,1,0,0,65683160,27648648,52733092,308812,23658144,0,12263616,21920260,10242856,0,2020760,21920260,0,0,8388604,8388604,0,0,108,0,10218384,365044,25832,1874084,2542428,1874084,668344,13808,42172,0,0,0,0,41230184,13936584,34359738367,85988,0,81200,0,0,0,0,0,0,0,0,0,0,0,2048,0,1493776,27707392,38797312
1775669800.002193,2193,ubuntu-rog,1,0,0,65683160,27656712,52741156,308812,23658144,0,12263616,21920260,10242856,0,2020760,21920260,0,0,8388604,8388604,0,0,108,0,10218384,365044,25832,1874084,2542428,1874084,668344,13808,42172,0,0,0,0,41230184,13936584,34359738367,85988,0,81200,0,0,0,0,0,0,0,0,0,0,0,2048,0,1493776,27707392,38797312
1775669801.001306,1306,ubuntu-rog,1,0,0,65683160,27664776,52749220,308820,23658136,0,12263616,21920260,10242856,0,2020760,21920260,0,0,8388604,8388604,0,0,108,0,10218384,365044,25832,1874084,2542428,1874084,668344,13808,42172,0,0,0,0,41230184,13936584,34359738367,85988,0,81200,0,0,0,0,0,0,0,0,0,0,0,2048,0,1493776,27707392,38797312
1775669802.001064,1064,ubuntu-rog,1,0,0,65683160,27672840,52757388,308820,23658144,0,12263728,21920364,10242968,0,2020760,21920364,0,0,8388604,8388604,0,0,76,0,10218384,365044,25832,1874084,2542428,1874084,668344,13808,42172,0,0,0,0,41230184,13936584,34359738367,85988,0,81200,0,0,0,0,0,0,0,0,0,0,0,2048,0,1493776,27707392,38797312
1775669803.001066,1066,ubuntu-rog,1,0,0,65683160,27680904,52765452,308820,23658156,0,12263828,21920364,10243068,0,2020760,21920364,0,0,8388604,8388604,0,0,32,0,10218384,365044,25832,1874084,2542428,1874084,668344,13808,42172,0,0,0,0,41230184,13936584,34359738367,85988,0,81200,0,0,0,0,0,0,0,0,0,0,0,2048,0,1493776,27707392,38797312
1775669804.002296,2296,ubuntu-rog,1,0,0,65683160,27688968,52773516,308820,23658156,0,12263828,21920364,10243068,0,2020760,21920364,0,0,8388604,8388604,0,0,32,0,10218384,365044,25832,1874084,2542428,1874084,668344,13808,42172,0,0,0,0,41230184,13936584,34359738367,85988,0,81200,0,0,0,0,0,0,0,0,0,0,0,2048,0,1493776,27707392,38797312
1775669805.001199,1199,ubuntu-rog,1,0,0,65683160,27697032,52781580,308820,23658156,0,12263828,21920364,10243068,0,2020760,21920364,0,0,8388604,8388604,0,0,32,0,10218384,365044,25832,1874084,2542428,1874084,668344,13808,42172,0,0,0,0,41230184,13936584,34359738367,85988,0,81200,0,0,0,0,0,0,0,0,0,0,0,2048,0,1493776,27707392,38797312
1775669806.001312,1312,ubuntu-rog,1,0,0,65683160,27705096,52789644,308820,23658160,0,12263828,21920364,10243068,0,2020760,21920364,0,0,8388604,8388604,0,0,36,0,10218384,365044,25832,1874084,2542428,1874084,668344,13808,42172,0,0,0,0,41230184,13936584,34359738367,85988,0,81200,0,0,0,0,0,0,0,0,0,0,0,2048,0,1493776,27707392,38797312
1775669807.001061,1061,ubuntu-rog,1,0,0,65683160,27713160,52797708,308820,23658160,0,12263828,21920364,10243068,0,2020760,21920364,0,0,8388604,8388604,0,0,36,0,10218384,365044,25832,1874084,2542428,1874084,668344,13808,42172,0,0,0,0,41230184,13936584,34359738367,85988,0,81200,0,0,0,0,0,0,0,0,0,0,0,2048,0,1493776,27707392,38797312
1775669808.002061,2061,ubuntu-rog,1,0,0,65683160,27721224,52805772,308828,23658152,0,12263828,21920364,10243068,0,2020760,21920364,0,0,8388604,8388604,0,0,36,0,10218384,365044,25832,1874084,2542428,1874084,668344,13808,42172,0,0,0,0,41230184,13936584,34359738367,85988,0,81200,0,0,0,0,0,0,0,0,0,0,0,2048,0,1493776,27707392,38797312
1775669809.001302,1302,ubuntu-rog,1,0,0,65683160,27729288,52813836,308828,23658164,0,12263828,21920364,10243068,0,2020760,21920364,0,0,8388604,8388604,0,0,60,0,10218384,365044,25832,1874084,2542428,1874084,668344,13808,42172,0,0,0,0,41230184,13936584,34359738367,85988,0,81200,0,0,0,0,0,0,0,0,0,0,0,2048,0,1493776,27707392,38797312
1775669810.001199,1199,ubuntu-rog,1,0,0,65683160,27745432,52829980,308828,23658168,0,12263828,21920364,10243068,0,2020760,21920364,0,0,8388604,8388604,0,0,64,0,10218384,365044,25832,1874084,2542428,1874084,668344,13808,42172,0,0,0,0,41230184,13936584,34359738367,85988,0,81200,0,0,0,0,0,0,0,0,0,0,0,2048,0,1493776,27707392,38797312
1775669811.001309,1309,ubuntu-rog,1,0,0,65683160,27753480,52838028,308828,23658168,0,12263828,21920364,10243068,0,2020760,21920364,0,0,8388604,8388604,0,0,64,0,10218384,365044,25832,1874084,2542420,1874084,668336,13808,42172,0,0,0,0,41230184,13936584,34359738367,85988,0,81200,0,0,0,0,0,0,0,0,0,0,0,2048,0,1493776,27707392,38797312
1775669812.002058,2058,ubuntu-rog,1,0,0,65683160,27761544,52846092,308828,23658168,0,12263828,21920364,10243068,0,2020760,21920364,0,0,8388604,8388604,0,0,64,0,10218384,365044,25832,1874084,2542420,1874084,668336,13808,42172,0,0,0,0,41230184,13936584,34359738367,85988,0,81200,0,0,0,0,0,0,0,0,0,0,0,2048,0,1493776,27707392,38797312
1775669813.001064,1064,ubuntu-rog,1,0,0,65683160,27769608,52854164,308828,23658172,0,12263828,21920372,10243068,0,2020760,21920372,0,0,8388604,8388604,0,0,52,0,10218384,365044,25832,1874084,2542420,1874084,668336,13808,42172,0,0,0,0,41230184,13936584,34359738367,85988,0,81200,0,0,0,0,0,0,0,0,0,0,0,2048,0,1493776,27707392,38797312
1775669814.001302,1302,ubuntu-rog,1,0,0,65683160,27777672,52862228,308828,23658172,0,12263828,21920372,10243068,0,2020760,21920372,0,0,8388604,8388604,0,0,52,0,10218384,365044,25832,1874084,2542420,1874084,668336,13808,42172,0,0,0,0,41230184,13936584,34359738367,85988,0,81200,0,0,0,0,0,0,0,0,0,0,0,2048,0,1493776,27707392,38797312
1775669815.001201,1201,ubuntu-rog,1,0,0,65683160,27785736,52870292,308836,23658176,0,12263828,21920372,10243068,0,2020760,21920372,0,0,8388604,8388604,0,0,60,0,10218384,365044,25832,1874084,2542420,1874084,668336,13808,42172,0,0,0,0,41230184,13936584,34359738367,85988,0,81200,0,0,0,0,0,0,0,0,0,0,0,2048,0,1493776,27707392,38797312
1775669816.002305,2305,ubuntu-rog,1,0,0,65683160,27793800,52878356,308836,23658180,0,12263828,21920372,10243068,0,2020760,21920372,0,0,8388604,8388604,0,0,64,0,10218384,365044,25832,1874084,2542420,1874084,668336,13808,42172,0,0,0,0,41230184,13936584,34359738367,85988,0,81200,0,0,0,0,0,0,0,0,0,0,0,2048,0,1493776,27707392,38797312
1775669817.001057,1057,ubuntu-rog,1,0,0,65683160,27801864,52886420,308836,23658184,0,12263828,21920372,10243068,0,2020760,21920372,0,0,8388604,8388604,0,0,68,0,10218384,365044,25832,1874084,2542420,1874084,668336,13808,42172,0,0,0,0,41230184,13936584,34359738367,85988,0,81200,0,0,0,0,0,0,0,0,0,0,0,2048,0,1493776,27707392,38797312
1775669818.001065,1065,ubuntu-rog,1,0,0,65683160,27809928,52894484,308836,23658184,0,12263828,21920372,10243068,0,2020760,21920372,0,0,8388604,8388604,0,0,68,0,10218384,365044,25832,1874084,2542420,1874084,668336,13808,42172,0,0,0,0,41230184,13936584,34359738367,85988,0,81200,0,0,0,0,0,0,0,0,0,0,0,2048,0,1493776,27707392,38797312
1775669819.001304,1304,ubuntu-rog,1,0,0,65683160,27817992,52902548,308836,23658184,0,12263828,21920372,10243068,0,2020760,21920372,0,0,8388604,8388604,0,0,68,0,10218384,365044,25832,1874084,2542420,1874084,668336,13808,42172,0,0,0,0,41230184,13936584,34359738367,85988,0,81200,0,0,0,0,0,0,0,0,0,0,0,2048,0,1493776,27707392,38797312
1775669820.002196,2196,ubuntu-rog,1,0,0,65683160,27826056,52910612,308844,23658188,0,12263828,21920372,10243068,0,2020760,21920372,0,0,8388604,8388604,0,0,72,0,10218384,365044,25832,1874084,2542420,1874084,668336,13808,42172,0,0,0,0,41230184,13936584,34359738367,85988,0,81200,0,0,0,0,0,0,0,0,0,0,0,2048,0,1493776,27707392,38797312
1775669821.001309,1309,ubuntu-rog,1,0,0,65683160,27834120,52918676,308844,23658188,0,12263828,21920372,10243068,0,2020760,21920372,0,0,8388604,8388604,0,0,72,0,10218384,365044,25832,1874084,2542420,1874084,668336,13808,42172,0,0,0,0,41230184,13936584,34359738367,85988,0,81200,0,0,0,0,0,0,0,0,0,0,0,2048,0,1493776,27707392,38797312
1775669822.001065,1065,ubuntu-rog,1,0,0,65683160,27842184,52926740,308844,23658192,0,12263828,21920372,10243068,0,2020760,21920372,0,0,8388604,8388604,0,0,76,0,10218384,365044,25832,1874084,2542420,1874084,668336,13808,42172,0,0,0,0,41230184,13936584,34359738367,85988,0,81200,0,0,0,0,0,0,0,0,0,0,0,2048,0,1493776,27707392,38797312
1775669823.001064,1064,ubuntu-rog,1,0,0,65683160,27850248,52934804,308844,23658192,0,12263828,21920372,10243068,0,2020760,21920372,0,0,8388604,8388604,0,0,76,0,10218384,365044,25832,1874084,2542420,1874084,668336,13808,42172,0,0,0,0,41230184,13936584,34359738367,85988,0,81200,0,0,0,0,0,0,0,0,0,0,0,2048,0,1493776,27707392,38797312
1775669824.002300,2300,ubuntu-rog,1,0,0,65683160,27858312,52942868,308844,23658196,0,12263828,21920372,10243068,0,2020760,21920372,0,0,8388604,8388604,0,0,80,0,10218384,365044,25832,1874084,2542420,1874084,668336,13808,42172,0,0,0,0,41230184,13936584,34359738367,85988,0,81200,0,0,0,0,0,0,0,0,0,0,0,2048,0,1493776,27707392,38797312
1775669825.001198,1198,ubuntu-rog,1,0,0,65683160,27866376,52950932,308844,23658196,0,12263828,21920372,10243068,0,2020760,21920372,0,0,8388604,8388604,0,0,80,0,10218384,365044,25832,1874084,2542420,1874084,668336,13808,42172,0,0,0,0,41230184,13936584,34359738367,85988,0,81200,0,0,0,0,0,0,0,0,0,0,0,2048,0,1493776,27707392,38797312
1775669826.001305,1305,ubuntu-rog,1,0,0,65683160,27874440,52958996,308844,23658196,0,12263828,21920372,10243068,0,2020760,21920372,0,0,8388604,8388604,0,0,80,0,10218384,365044,25832,1874084,2542420,1874084,668336,13808,42172,0,0,0,0,41230184,13936584,34359738367,85988,0,81200,0,0,0,0,0,0,0,0,0,0,0,2048,0,1493776,27707392,38797312
1775669827.001062,1062,ubuntu-rog,1,0,0,65683160,27882504,52967060,308852,23658204,0,12263828,21920372,10243068,0,2020760,21920372,0,0,8388604,8388604,0,0,88,0,10218384,365044,25832,1874084,2542420,1874084,668336,13808,42172,0,0,0,0,41230184,13936584,34359738367,85988,0,81200,0,0,0,0,0,0,0,0,0,0,0,2048,0,1493776,27707392,38797312
1775669828.002059,2059,ubuntu-rog,1,0,0,65683160,27890568,52975124,308852,23658208,0,12263828,21920372,10243068,0,2020760,21920372,0,0,8388604,8388604,0,0,92,0,10218384,365044,25832,1874084,2542420,1874084,668336,13808,42172,0,0,0,0,41230184,13936584,34359738367,85988,0,81200,0,0,0,0,0,0,0,0,0,0,0,2048,0,1493776,27707392,38797312
1775669829.001303,1303,ubuntu-rog,1,0,0,65683160,27898632,52983188,308852,23658208,0,12263828,21920372,10243068,0,2020760,21920372,0,0,8388604,8388604,0,0,92,0,10218384,365044,25832,1874084,2542420,1874084,668336,13808,42172,0,0,0,0,41230184,13936584,34359738367,85988,0,81200,0,0,0,0,0,0,0,0,0,0,0,2048,0,1493776,27707392,38797312
1775669830.001201,1201,ubuntu-rog,1,0,0,65683160,27906696,52991252,308852,23658208,0,12263828,21920372,10243068,0,2020760,21920372,0,0,8388604,8388604,0,0,92,0,10218384,365044,25832,1874084,2542420,1874084,668336,13808,42172,0,0,0,0,41230184,13936584,34359738367,85988,0,81200,0,0,0,0,0,0,0,0,0,0,0,2048,0,1493776,27707392,38797312
1775669831.001304,1304,ubuntu-rog,1,0,0,65683160,27914760,52999316,308852,23658212,0,12263828,21920372,10243068,0,2020760,21920372,0,0,8388604,8388604,0,0,96,0,10218384,365044,25832,1874084,2542420,1874084,668336,13808,42172,0,0,0,0,41230184,13936584,34359738367,85988,0,81200,0,0,0,0,0,0,0,0,0,0,0,2048,0,1493776,27707392,38797312
1775669832.002059,2059,ubuntu-rog,1,0,0,65683160,27922824,53007380,308852,23658212,0,12263828,21920372,10243068,0,2020760,21920372,0,0,8388604,8388604,0,0,96,0,10218384,365044,25832,1874084,2542420,1874084,668336,13808,42172,0,0,0,0,41230184,13936584,34359738367,85988,0,81200,0,0,0,0,0,0,0,0,0,0,0,2048,0,1493776,27707392,38797312
1775669833.001065,1065,ubuntu-rog,1,0,0,65683160,27930888,53015536,308860,23658212,0,12263828,21920464,10243068,0,2020760,21920464,0,0,8388604,8388604,0,0,44,0,10218384,365044,25832,1874084,2542420,1874084,668336,13808,42172,0,0,0,0,41230184,13936584,34359738367,85988,0,81200,0,0,0,0,0,0,0,0,0,0,0,2048,0,1493776,27707392,38797312
1775669834.001303,1303,ubuntu-rog,1,0,0,65683160,27938952,53023600,308860,23658220,0,12263828,21920464,10243068,0,2020760,21920464,0,0,8388604,8388604,0,0,60,0,10218384,365044,25832,1874084,2542420,1874084,668336,13808,42172,0,0,0,0,41230184,13936584,34359738367,85988,0,81200,0,0,0,0,0,0,0,0,0,0,0,2048,0,1493776,27707392,38797312
1775669835.001201,1201,ubuntu-rog,1,0,0,65683160,27947016,53031664,308860,23658220,0,12263828,21920464,10243068,0,2020760,21920464,0,0,8388604,8388604,0,0,60,0,10218384,365044,25832,1874084,2542420,1874084,668336,13808,42172,0,0,0,0,41230184,13936584,34359738367,85988,0,81200,0,0,0,0,0,0,0,0,0,0,0,2048,0,1493776,27707392,38797312
1775669836.002300,2300,ubuntu-rog,1,0,0,65683160,27955080,53039728,308860,23658220,0,12263828,21920464,10243068,0,2020760,21920464,0,0,8388604,8388604,0,0,60,0,10218384,365044,25832,1874084,2542420,1874084,668336,13808,42172,0,0,0,0,41230184,13936584,34359738367,85988,0,81200,0,0,0,0,0,0,0,0,0,0,0,2048,0,1493776,27707392,38797312
1775669837.001061,1061,ubuntu-rog,1,0,0,65683160,27962740,53047388,308860,23658224,0,12263828,21920464,10243068,0,2020760,21920464,0,0,8388604,8388604,0,0,64,0,10218384,365044,25832,1874084,2542420,1874084,668336,13808,42172,0,0,0,0,41230184,13936584,34359738367,85988,0,81200,0,0,0,0,0,0,0,0,0,0,0,2048,0,1493776,27707392,38797312
1775669838.001067,1067,ubuntu-rog,1,0,0,65683160,27969376,53054024,308868,23658216,0,12263828,21920464,10243068,0,2020760,21920464,0,0,8388604,8388604,0,0,64,0,10218384,365044,25832,1874084,2542420,1874084,668336,13808,42172,0,0,0,0,41230184,13936584,34359738367,85988,0,81200,0,0,0,0,0,0,0,0,0,0,0,2048,0,1493776,27707392,38797312
1775669839.001311,1311,ubuntu-rog,1,0,0,65683160,27975080,53059728,308868,23658224,0,12263828,21920464,10243068,0,2020760,21920464,0,0,8388604,8388604,0,0,64,0,10218384,365044,25832,1874084,2542420,1874084,668336,13808,42172,0,0,0,0,41230184,13936584,34359738367,85988,0,81200,0,0,0,0,0,0,0,0,0,0,0,2048,0,1493776,27707392,38797312
1775669840.002199,2199,ubuntu-rog,1,0,0,65683160,27983188,53067836,308868,23658228,0,12263828,21920464,10243068,0,2020760,21920464,0,0,8388604,8388604,0,0,36,0,10218384,365044,25832,1874084,2542420,1874084,668336,13808,42172,0,0,0,0,41230184,13936584,34359738367,85988,0,81200,0,0,0,0,0,0,0,0,0,0,0,2048,0,1493776,27707392,38797312
1775669841.001296,1296,ubuntu-rog,1,0,0,65683160,27998392,53083080,308868,23658236,0,12263912,21920504,10243152,0,2020760,21920504,0,0,8388604,8388604,0,0,44,0,10218552,365044,25832,1874084,2542428,1874084,668344,13808,42172,0,0,0,0,41230184,13936740,34359738367,85988,0,81200,0,0,0,0,0,0,0,0,0,0,0,2048,0,1493776,27707392,38797312
1775669842.001060,1060,ubuntu-rog,1,0,0,65683160,27999856,53084544,308868,23658236,0,12263912,21920504,10243152,0,2020760,21920504,0,0,8388604,8388604,0,0,44,0,10218552,365172,25832,1874084,2542428,1874084,668344,13808,42172,0,0,0,0,41230184,13936740,34359738367,85988,0,81200,0,0,0,0,0,0,0,0,0,0,0,2048,0,1493776,27707392,38797312
1775669843.001062,1062,ubuntu-rog,1,0,0,65683160,28001724,53086412,308868,23658236,0,12263912,21920504,10243152,0,2020760,21920504,0,0,8388604,8388604,0,0,44,0,10218552,365172,25832,1874084,2542428,1874084,668344,13808,42172,0,0,0,0,41230184,13936740,34359738367,85988,0,81200,0,0,0,0,0,0,0,0,0,0,0,2048,0,1493776,27707392,38797312
1775669844.002296,2296,ubuntu-rog,1,0,0,65683160,28003620,53088308,308868,23658240,0,12263912,21920504,10243152,0,2020760,21920504,0,0,8388604,8388604,0,0,48,0,10218552,365172,25832,1874084,2542428,1874084,668344,13808,42172,0,0,0,0,41230184,13936740,34359738367,85988,0,81200,0,0,0,0,0,0,0,0,0,0,0,2048,0,1493776,27707392,38797312
1775669845.001194,1194,ubuntu-rog,1,0,0,65683160,28004872,53089560,308876,23658232,0,12263912,21920504,10243152,0,2020760,21920504,0,0,8388604,8388604,0,0,48,0,10218552,365172,25832,1874084,2542428,1874084,668344,13808,42172,0,0,0,0,41230184,13936740,34359738367,85988,0,81200,0,0,0,0,0,0,0,0,0,0,0,2048,0,1493776,27707392,38797312
1775669846.001297,1297,ubuntu-rog,1,0,0,65683160,28006324,53091012,308876,23658240,0,12263912,21920504,10243152,0,2020760,21920504,0,0,8388604,8388604,0,0,52,0,10218552,365172,25832,1874084,2542428,1874084,668344,13808,42172,0,0,0,0,41230184,13936740,34359738367,85988,0,81200,0,0,0,0,0,0,0,0,0,0,0,2048,0,1493776,27707392,38797312
1775669847.001066,1066,ubuntu-rog,1,0,0,65683160,28007492,53092180,308876,23658244,0,12263912,21920504,10243152,0,2020760,21920504,0,0,8388604,8388604,0,0,56,0,10218552,365172,25832,1874084,2542428,1874084,668344,13808,42172,0,0,0,0,41230184,13936740,34359738367,85988,0,81200,0,0,0,0,0,0,0,0,0,0,0,2048,0,1493776,27707392,38797312
1775669848.002059,2059,ubuntu-rog,1,0,0,65683160,28007896,53092584,308876,23658248,0,12263912,21920504,10243152,0,2020760,21920504,0,0,8388604,8388604,0,0,60,0,10218552,365172,25832,1874084,2542428,1874084,668344,13808,42172,0,0,0,0,41230184,13936740,34359738367,86004,0,81200,0,0,0,0,0,0,0,0,0,0,0,2048,0,1493776,27707392,38797312
1775669849.001296,1296,ubuntu-rog,1,0,0,65683160,28008392,53093080,308876,23658248,0,12263912,21920504,10243152,0,2020760,21920504,0,0,8388604,8388604,0,0,44,0,10218600,365172,25832,1874084,2542428,1874084,668344,13808,42188,0,0,0,0,41230184,13941364,34359738367,85956,0,81200,0,0,0,0,0,0,0,0,0,0,0,2048,0,1493776,27707392,38797312
1775669850.001194,1194,ubuntu-rog,1,0,0,65683160,28008668,53093356,308876,23658248,0,12263912,21920504,10243152,0,2020760,21920504,0,0,8388604,8388604,0,0,44,0,10218600,365172,25832,1874084,2542428,1874084,668344,13808,42188,0,0,0,0,41230184,13941364,34359738367,85956,0,81200,0,0,0,0,0,0,0,0,0,0,0,2048,0,1493776,27707392,38797312
1775669851.001297,1297,ubuntu-rog,1,0,0,65683160,28008772,53093460,308876,23658252,0,12263884,21920504,10243124,0,2020760,21920504,0,0,8388604,8388604,0,0,48,0,10218592,365172,25832,1874084,2542428,1874084,668344,13808,42188,0,0,0,0,41230184,13941364,34359738367,85956,0,81200,0,0,0,0,0,0,0,0,0,0,0,2048,0,1493776,27707392,38797312
1775669852.002056,2056,ubuntu-rog,1,0,0,65683160,28008772,53093460,308884,23658248,0,12263884,21920504,10243124,0,2020760,21920504,0,0,8388604,8388604,0,0,56,0,10218592,365172,25832,1874084,2542428,1874084,668344,13808,42188,0,0,0,0,41230184,13941364,34359738367,85956,0,81200,0,0,0,0,0,0,0,0,0,0,0,2048,0,1493776,27707392,38797312
1775669853.001365,1365,ubuntu-rog,1,0,0,65683160,28008772,53093500,308884,23658260,0,12263964,21920544,10243204,0,2020760,21920544,0,0,8388604,8388604,0,0,88,0,10218592,365172,25832,1874084,2542428,1874084,668344,13808,42188,0,0,0,0,41230184,13941364,34359738367,85956,0,81200,0,0,0,0,0,0,0,0,0,0,0,2048,0,1493776,27707392,38797312
1775669854.002307,2307,ubuntu-rog,1,0,0,65683160,28009024,53093752,308884,23658260,0,12263964,21920544,10243204,0,2020760,21920544,0,0,8388604,8388604,0,0,88,0,10218592,365172,25832,1874084,2542428,1874084,668344,13808,42188,0,0,0,0,41230184,13941364,34359738367,85956,0,81200,0,0,0,0,0,0,0,0,0,0,0,2048,0,1493776,27707392,38797312
1775669855.001200,1200,ubuntu-rog,1,0,0,65683160,28009024,53093752,308884,23658264,0,12263964,21920544,10243204,0,2020760,21920544,0,0,8388604,8388604,0,0,92,0,10218592,365172,25832,1874084,2542428,1874084,668344,13808,42188,0,0,0,0,41230184,13941364,34359738367,85956,0,81200,0,0,0,0,0,0,0,0,0,0,0,2048,0,1493776,27707392,38797312
1775669856.001302,1302,ubuntu-rog,1,0,0,65683160,28009024,53093752,308884,23658264,0,12263964,21920544,10243204,0,2020760,21920544,0,0,8388604,8388604,0,0,92,0,10218592,365172,25832,1874084,2542428,1874084,668344,13808,42188,0,0,0,0,41230184,13941364,34359738367,85956,0,81200,0,0,0,0,0,0,0,0,0,0,0,2048,0,1493776,27707392,38797312
1775669857.001060,1060,ubuntu-rog,1,0,0,65683160,28009024,53093752,308884,23658264,0,12263964,21920544,10243204,0,2020760,21920544,0,0,8388604,8388604,0,0,92,0,10218592,365172,25832,1874084,2542428,1874084,668344,13808,42188,0,0,0,0,41230184,13941364,34359738367,85956,0,81200,0,0,0,0,0,0,0,0,0,0,0,2048,0,1493776,27707392,38797312
1775669858.002062,2062,ubuntu-rog,1,0,0,65683160,28009024,53093752,308892,23658268,0,12263964,21920544,10243204,0,2020760,21920544,0,0,8388604,8388604,0,0,96,0,10218592,365172,25832,1874084,2542428,1874084,668344,13808,42188,0,0,0,0,41230184,13941364,34359738367,85956,0,81200,0,0,0,0,0,0,0,0,0,0,0,2048,0,1493776,27707392,38797312
1775669859.001293,1293,ubuntu-rog,1,0,0,65683160,28009024,53093752,308892,23658272,0,12263964,21920544,10243204,0,2020760,21920544,0,0,8388604,8388604,0,0,100,0,10218592,365172,25832,1874084,2542428,1874084,668344,13808,42188,0,0,0,0,41230184,13941364,34359738367,85956,0,81200,0,0,0,0,0,0,0,0,0,0,0,2048,0,1493776,27707392,38797312
1775669860.001168,1168,ubuntu-rog,1,0,0,65683160,28009024,53093752,308892,23658272,0,12263964,21920544,10243204,0,2020760,21920544,0,0,8388604,8388604,0,0,100,0,10218592,365172,25832,1874084,2542428,1874084,668344,13808,42188,0,0,0,0,41230184,13941364,34359738367,85956,0,81200,0,0,0,0,0,0,0,0,0,0,0,2048,0,1493776,27707392,38797312
1775669861.001303,1303,ubuntu-rog,1,0,0,65683160,28009024,53093752,308892,23658272,0,12263964,21920544,10243204,0,2020760,21920544,0,0,8388604,8388604,0,0,100,0,10218592,365172,25832,1874084,2542428,1874084,668344,13808,42188,0,0,0,0,41230184,13941364,34359738367,85956,0,81200,0,0,0,0,0,0,0,0,0,0,0,2048,0,1493776,27707392,38797312
1775669862.002061,2061,ubuntu-rog,1,0,0,65683160,28009024,53093752,308892,23658276,0,12263964,21920544,10243204,0,2020760,21920544,0,0,8388604,8388604,0,0,104,0,10218592,365172,25832,1874084,2542428,1874084,668344,13808,42188,0,0,0,0,41230184,13941364,34359738367,85956,0,81200,0,0,0,0,0,0,0,0,0,0,0,2048,0,1493776,27707392,38797312
1775669863.001064,1064,ubuntu-rog,1,0,0,65683160,28009024,53093752,308892,23658276,0,12263964,21920544,10243204,0,2020760,21920544,0,0,8388604,8388604,0,0,104,0,10218592,365172,25832,1874084,2542428,1874084,668344,13808,42188,0,0,0,0,41230184,13941364,34359738367,85956,0,81200,0,0,0,0,0,0,0,0,0,0,0,2048,0,1493776,27707392,38797312
1775669864.001299,1299,ubuntu-rog,1,0,0,65683160,28009024,53093764,308900,23658280,0,12263964,21920556,10243204,0,2020760,21920556,0,0,8388604,8388604,0,0,52,0,10218592,365172,25832,1874084,2542428,1874084,668344,13808,42188,0,0,0,0,41230184,13941364,34359738367,85956,0,81200,0,0,0,0,0,0,0,0,0,0,0,2048,0,1493776,27707392,38797312
1775669865.001196,1196,ubuntu-rog,1,0,0,65683160,28009024,53093764,308900,23658284,0,12263964,21920556,10243204,0,2020760,21920556,0,0,8388604,8388604,0,0,60,0,10218592,365172,25832,1874084,2542428,1874084,668344,13808,42188,0,0,0,0,41230184,13941364,34359738367,85956,0,81200,0,0,0,0,0,0,0,0,0,0,0,2048,0,1493776,27707392,38797312
1775669866.002291,2291,ubuntu-rog,1,0,0,65683160,28009024,53093764,308900,23658288,0,12263964,21920556,10243204,0,2020760,21920556,0,0,8388604,8388604,0,0,68,0,10218592,365172,25832,1874084,2542428,1874084,668344,13808,42188,0,0,0,0,41230184,13941364,34359738367,85956,0,81200,0,0,0,0,0,0,0,0,0,0,0,2048,0,1493776,27707392,38797312
1775669867.001069,1069,ubuntu-rog,1,0,0,65683160,28009024,53093764,308900,23658288,0,12263964,21920556,10243204,0,2020760,21920556,0,0,8388604,8388604,0,0,68,0,10218592,365172,25832,1874084,2542428,1874084,668344,13808,42188,0,0,0,0,41230184,13941364,34359738367,85956,0,81200,0,0,0,0,0,0,0,0,0,0,0,2048,0,1493776,27707392,38797312
1775669868.001066,1066,ubuntu-rog,1,0,0,65683160,28009024,53093764,308900,23658288,0,12263964,21920556,10243204,0,2020760,21920556,0,0,8388604,8388604,0,0,68,0,10218592,365172,25832,1874084,2542428,1874084,668344,13808,42188,0,0,0,0,41230184,13941364,34359738367,85956,0,81200,0,0,0,0,0,0,0,0,0,0,0,2048,0,1493776,27707392,38797312
1775669869.001291,1291,ubuntu-rog,1,0,0,65683160,28009024,53093792,308912,23658280,0,12264060,21920584,10243300,0,2020760,21920584,0,0,8388604,8388604,0,0,72,0,10218592,365172,25832,1874084,2542428,1874084,668344,13808,42188,0,0,0,0,41230184,13941364,34359738367,85956,0,81200,0,0,0,0,0,0,0,0,0,0,0,2048,0,1493776,27707392,38797312
1775669870.002192,2192,ubuntu-rog,1,0,0,65683160,28009024,53093792,308912,23658292,0,12264060,21920584,10243300,0,2020760,21920584,0,0,8388604,8388604,0,0,84,0,10218592,365172,25832,1874084,2542428,1874084,668344,13808,42188,0,0,0,0,41230184,13941364,34359738367,85956,0,81200,0,0,0,0,0,0,0,0,0,0,0,2048,0,1493776,27707392,38797312
1775669871.001293,1293,ubuntu-rog,1,0,0,65683160,28009024,53093792,308912,23658292,0,12264060,21920584,10243300,0,2020760,21920584,0,0,8388604,8388604,0,0,84,0,10218592,365172,25832,1874084,2542428,1874084,668344,13808,42188,0,0,0,0,41230184,13941364,34359738367,85956,0,81200,0,0,0,0,0,0,0,0,0,0,0,2048,0,1493776,27707392,38797312
1775669872.001064,1064,ubuntu-rog,1,0,0,65683160,28009024,53093792,308912,23658300,0,12264060,21920584,10243300,0,2020760,21920584,0,0,8388604,8388604,0,0,92,0,10218592,365172,25832,1874084,2542428,1874084,668344,13808,42188,0,0,0,0,41230184,13941364,34359738367,85956,0,81200,0,0,0,0,0,0,0,0,0,0,0,2048,0,1493776,27707392,38797312
1775669873.001069,1069,ubuntu-rog,1,0,0,65683160,28009024,53093792,308912,23658300,0,12264060,21920584,10243300,0,2020760,21920584,0,0,8388604,8388604,0,0,92,0,10218592,365172,25832,1874084,2542428,1874084,668344,13808,42188,0,0,0,0,41230184,13941364,34359738367,85956,0,81200,0,0,0,0,0,0,0,0,0,0,0,2048,0,1493776,27707392,38797312
1775669874.002300,2300,ubuntu-rog,1,0,0,65683160,28009024,53093792,308912,23658300,0,12264060,21920584,10243300,0,2020760,21920584,0,0,8388604,8388604,0,0,92,0,10218592,365172,25832,1874084,2542428,1874084,668344,13808,42188,0,0,0,0,41230184,13941364,34359738367,85956,0,81200,0,0,0,0,0,0,0,0,0,0,0,2048,0,1493776,27707392,38797312
1775669875.001195,1195,ubuntu-rog,1,0,0,65683160,28009024,53093792,308912,23658300,0,12264060,21920584,10243300,0,2020760,21920584,0,0,8388604,8388604,0,0,92,0,10218592,365172,25832,1874084,2542428,1874084,668344,13808,42188,0,0,0,0,41230184,13941364,34359738367,85956,0,81200,0,0,0,0,0,0,0,0,0,0,0,2048,0,1493776,27707392,38797312
1775669876.001292,1292,ubuntu-rog,1,0,0,65683160,28009024,53093812,308912,23658304,0,12264060,21920604,10243300,0,2020760,21920604,0,0,8388604,8388604,0,0,44,0,10218592,365172,25832,1874084,2542428,1874084,668344,13808,42188,0,0,0,0,41230184,13941364,34359738367,85956,0,81200,0,0,0,0,0,0,0,0,0,0,0,2048,0,1493776,27707392,38797312
1775669877.001060,1060,ubuntu-rog,1,0,0,65683160,28009024,53093812,308912,23658308,0,12264060,21920604,10243300,0,2020760,21920604,0,0,8388604,8388604,0,0,48,0,10218592,365172,25832,1874084,2542428,1874084,668344,13808,42188,0,0,0,0,41230184,13941364,34359738367,85956,0,81200,0,0,0,0,0,0,0,0,0,0,0,2048,0,1493776,27707392,38797312
1775669878.002062,2062,ubuntu-rog,1,0,0,65683160,28009024,53093812,308920,23658312,0,12264060,21920604,10243300,0,2020760,21920604,0,0,8388604,8388604,0,0,56,0,10218592,365172,25832,1874084,2542428,1874084,668344,13808,42188,0,0,0,0,41230184,13941364,34359738367,85956,0,81200,0,0,0,0,0,0,0,0,0,0,0,2048,0,1493776,27707392,38797312
1775669879.001296,1296,ubuntu-rog,1,0,0,65683160,28009024,53093812,308920,23658316,0,12264060,21920604,10243300,0,2020760,21920604,0,0,8388604,8388604,0,0,60,0,10218592,365172,25832,1874084,2542428,1874084,668344,13808,42188,0,0,0,0,41230184,13941364,34359738367,85956,0,81200,0,0,0,0,0,0,0,0,0,0,0,2048,0,1493776,27707392,38797312
1775669880.001205,1205,ubuntu-rog,1,0,0,65683160,28009024,53093812,308920,23658316,0,12264060,21920604,10243300,0,2020760,21920604,0,0,8388604,8388604,0,0,60,0,10218592,365172,25832,1874084,2542428,1874084,668344,13808,42188,0,0,0,0,41230184,13941364,34359738367,85956,0,81200,0,0,0,0,0,0,0,0,0,0,0,2048,0,1493776,27707392,38797312
1775669881.001300,1300,ubuntu-rog,1,0,0,65683160,28009024,53093812,308920,23658316,0,12264060,21920604,10243300,0,2020760,21920604,0,0,8388604,8388604,0,0,60,0,10218592,365172,25832,1874084,2542428,1874084,668344,13808,42188,0,0,0,0,41230184,13941364,34359738367,85956,0,81200,0,0,0,0,0,0,0,0,0,0,0,2048,0,1493776,27707392,38797312
1775669882.002060,2060,ubuntu-rog,1,0,0,65683160,28009024,53093812,308920,23658320,0,12264060,21920604,10243300,0,2020760,21920604,0,0,8388604,8388604,0,0,64,0,10218592,365172,25832,1874084,2542428,1874084,668344,13808,42188,0,0,0,0,41230184,13941364,34359738367,85956,0,81200,0,0,0,0,0,0,0,0,0,0,0,2048,0,1493776,27707392,38797312
1775669883.001062,1062,ubuntu-rog,1,0,0,65683160,28009024,53093812,308928,23658312,0,12264060,21920604,10243300,0,2020760,21920604,0,0,8388604,8388604,0,0,64,0,10218592,365172,25832,1874084,2542428,1874084,668344,13808,42188,0,0,0,0,41230184,13941364,34359738367,85956,0,81200,0,0,0,0,0,0,0,0,0,0,0,2048,0,1493776,27707392,38797312
1775669884.001296,1296,ubuntu-rog,1,0,0,65683160,28009024,53093812,308928,23658324,0,12264060,21920604,10243300,0,2020760,21920604,0,0,8388604,8388604,0,0,68,0,10218592,365172,25832,1874084,2542428,1874084,668344,13808,42188,0,0,0,0,41230184,13941364,34359738367,85956,0,81200,0,0,0,0,0,0,0,0,0,0,0,2048,0,1493776,27707392,38797312
1775669885.001193,1193,ubuntu-rog,1,0,0,65683160,28009024,53093812,308928,23658324,0,12264060,21920604,10243300,0,2020760,21920604,0,0,8388604,8388604,0,0,52,0,10218592,365172,25832,1874084,2542428,1874084,668344,13808,42188,0,0,0,0,41230184,13941364,34359738367,85956,0,81200,0,0,0,0,0,0,0,0,0,0,0,2048,0,1493776,27707392,38797312
1775669886.002308,2308,ubuntu-rog,1,0,0,65683160,28009024,53093812,308928,23658328,0,12264060,21920604,10243300,0,2020760,21920604,0,0,8388604,8388604,0,0,56,0,10218592,365172,25832,1874084,2542428,1874084,668344,13808,42188,0,0,0,0,41230184,13941364,34359738367,85956,0,81200,0,0,0,0,0,0,0,0,0,0,0,2048,0,1493776,27707392,38797312
1775669887.001063,1063,ubuntu-rog,1,0,0,65683160,28009024,53093812,308928,23658328,0,12264060,21920604,10243300,0,2020760,21920604,0,0,8388604,8388604,0,0,56,0,10218592,365172,25832,1874084,2542428,1874084,668344,13808,42188,0,0,0,0,41230184,13941364,34359738367,85956,0,81200,0,0,0,0,0,0,0,0,0,0,0,2048,0,1493776,27707392,38797312
1775669888.001066,1066,ubuntu-rog,1,0,0,65683160,28009024,53093812,308928,23658328,0,12264060,21920604,10243300,0,2020760,21920604,0,0,8388604,8388604,0,0,56,0,10218592,365172,25832,1874084,2542428,1874084,668344,13808,42188,0,0,0,0,41230184,13941364,34359738367,85956,0,81200,0,0,0,0,0,0,0,0,0,0,0,2048,0,1493776,27707392,38797312
1775669889.001293,1293,ubuntu-rog,1,0,0,65683160,28009024,53093812,308936,23658336,0,12264060,21920604,10243300,0,2020760,21920604,0,0,8388604,8388604,0,0,76,0,10218592,365172,25832,1874084,2542428,1874084,668344,13808,42188,0,0,0,0,41230184,13941364,34359738367,85956,0,81200,0,0,0,0,0,0,0,0,0,0,0,2048,0,1493776,27707392,38797312
1775669890.002189,2189,ubuntu-rog,1,0,0,65683160,28009024,53093812,308936,23658336,0,12264060,21920604,10243300,0,2020760,21920604,0,0,8388604,8388604,0,0,76,0,10218592,365172,25832,1874084,2542428,1874084,668344,13808,42188,0,0,0,0,41230184,13941364,34359738367,85956,0,81200,0,0,0,0,0,0,0,0,0,0,0,2048,0,1493776,27707392,38797312
1775669891.001296,1296,ubuntu-rog,1,0,0,65683160,28009024,53093812,308936,23658340,0,12263904,21920604,10243144,0,2020760,21920604,0,0,8388604,8388604,0,0,80,0,10218436,365172,25832,1874084,2542428,1874084,668344,13808,42188,0,0,0,0,41230184,13941208,34359738367,85956,0,81200,0,0,0,0,0,0,0,0,0,0,0,2048,0,1493776,27707392,38797312
1775669892.001073,1073,ubuntu-rog,1,0,0,65683160,28009024,53093812,308936,23658340,0,12263904,21920604,10243144,0,2020760,21920604,0,0,8388604,8388604,0,0,80,0,10218436,365172,25832,1874084,2542428,1874084,668344,13808,42188,0,0,0,0,41230184,13941208,34359738367,85956,0,81200,0,0,0,0,0,0,0,0,0,0,0,2048,0,1493776,27707392,38797312
1775669893.001069,1069,ubuntu-rog,1,0,0,65683160,28009024,53093812,308936,23658344,0,12263904,21920604,10243144,0,2020760,21920604,0,0,8388604,8388604,0,0,84,0,10218436,365172,25832,1874084,2542428,1874084,668344,13808,42188,0,0,0,0,41230184,13941208,34359738367,85956,0,81200,0,0,0,0,0,0,0,0,0,0,0,2048,0,1493776,27707392,38797312
1775669894.002288,2288,ubuntu-rog,1,0,0,65683160,28009024,53093812,308936,23658344,0,12263904,21920604,10243144,0,2020760,21920604,0,0,8388604,8388604,0,0,84,0,10218436,365172,25832,1874084,2542428,1874084,668344,13808,42188,0,0,0,0,41230184,13941208,34359738367,85956,0,81200,0,0,0,0,0,0,0,0,0,0,0,2048,0,1493776,27707392,38797312
1775669895.001195,1195,ubuntu-rog,1,0,0,65683160,28009024,53093812,308936,23658344,0,12263904,21920604,10243144,0,2020760,21920604,0,0,8388604,8388604,0,0,44,0,10218436,365172,25832,1874084,2542428,1874084,668344,13808,42188,0,0,0,0,41230184,13941208,34359738367,85956,0,81200,0,0,0,0,0,0,0,0,0,0,0,2048,0,1493776,27707392,38797312
1775669896.001297,1297,ubuntu-rog,1,0,0,65683160,28009024,53093812,308944,23658340,0,12263904,21920604,10243144,0,2020760,21920604,0,0,8388604,8388604,0,0,52,0,10218436,365172,25832,1874084,2542428,1874084,668344,13808,42188,0,0,0,0,41230184,13941208,34359738367,85956,0,81200,0,0,0,0,0,0,0,0,0,0,0,2048,0,1493776,27707392,38797312
1775669897.001056,1056,ubuntu-rog,1,0,0,65683160,28009024,53093812,308944,23658352,0,12263904,21920604,10243144,0,2020760,21920604,0,0,8388604,8388604,0,0,64,0,10218436,365172,25832,1874084,2542428,1874084,668344,13808,42188,0,0,0,0,41230184,13941208,34359738367,85956,0,81200,0,0,0,0,0,0,0,0,0,0,0,2048,0,1493776,27707392,38797312
1775669898.002060,2060,ubuntu-rog,1,0,0,65683160,28009024,53093812,308944,23658352,0,12263904,21920604,10243144,0,2020760,21920604,0,0,8388604,8388604,0,0,68,0,10218452,365172,25832,1874084,2542428,1874084,668344,13808,42192,0,0,0,0,41230184,13941340,34359738367,85956,0,81200,0,0,0,0,0,0,0,0,0,0,0,2048,0,1493776,27707392,38797312
1775669899.001352,1352,ubuntu-rog,1,0,0,65683160,28009024,53093812,308944,23658352,0,12263904,21920604,10243144,0,2020760,21920604,0,0,8388604,8388604,0,0,68,0,10218452,365172,25832,1874084,2542428,1874084,668344,13808,42192,0,0,0,0,41230184,13941340,34359738367,85956,0,81200,0,0,0,0,0,0,0,0,0,0,0,2048,0,1493776,27707392,38797312
1775669900.001203,1203,ubuntu-rog,1,0,0,65683160,28009024,53093812,308944,23658356,0,12263904,21920604,10243144,0,2020760,21920604,0,0,8388604,8388604,0,0,44,0,10218452,365172,25832,1874084,2542428,1874084,668344,13808,42192,0,0,0,0,41230184,13941340,34359738367,85956,0,81200,0,0,0,0,0,0,0,0,0,0,0,2048,0,1493776,27707392,38797312
1775669901.001303,1303,ubuntu-rog,1,0,0,65683160,28009024,53093812,308944,23658360,0,12263904,21920604,10243144,0,2020760,21920604,0,0,8388604,8388604,0,0,48,0,10218452,365172,25832,1874084,2542428,1874084,668344,13808,42192,0,0,0,0,41230184,13941340,34359738367,85956,0,81200,0,0,0,0,0,0,0,0,0,0,0,2048,0,1493776,27707392,38797312
1775669902.002057,2057,ubuntu-rog,1,0,0,65683160,28009024,53093812,308952,23658360,0,12263904,21920604,10243144,0,2020760,21920604,0,0,8388604,8388604,0,0,60,0,10218452,365172,25832,1874084,2542428,1874084,668344,13808,42192,0,0,0,0,41230184,13941340,34359738367,85956,0,81200,0,0,0,0,0,0,0,0,0,0,0,2048,0,1493776,27707392,38797312
1775669903.001065,1065,ubuntu-rog,1,0,0,65683160,28009024,53093812,308952,23658368,0,12263904,21920604,10243144,0,2020760,21920604,0,0,8388604,8388604,0,0,72,0,10218452,365172,25832,1874084,2542428,1874084,668344,13808,42192,0,0,0,0,41230184,13941340,34359738367,85956,0,81200,0,0,0,0,0,0,0,0,0,0,0,2048,0,1493776,27707392,38797312
1775669904.001298,1298,ubuntu-rog,1,0,0,65683160,28009024,53093812,308952,23658368,0,12263904,21920604,10243144,0,2020760,21920604,0,0,8388604,8388604,0,0,72,0,10218452,365172,25832,1874084,2542428,1874084,668344,13808,42192,0,0,0,0,41230184,13941340,34359738367,85956,0,81200,0,0,0,0,0,0,0,0,0,0,0,2048,0,1493776,27707392,38797312
1775669905.001192,1192,ubuntu-rog,1,0,0,65683160,28009024,53093812,308952,23658368,0,12263904,21920604,10243144,0,2020760,21920604,0,0,8388604,8388604,0,0,72,0,10218452,365172,25832,1874084,2542428,1874084,668344,13808,42192,0,0,0,0,41230184,13941340,34359738367,85956,0,81200,0,0,0,0,0,0,0,0,0,0,0,2048,0,1493776,27707392,38797312
1775669906.002299,2299,ubuntu-rog,1,0,0,65683160,28009024,53093812,308952,23658368,0,12263904,21920604,10243144,0,2020760,21920604,0,0,8388604,8388604,0,0,72,0,10218452,365172,25832,1874084,2542428,1874084,668344,13808,42192,0,0,0,0,41230184,13941340,34359738367,85956,0,81200,0,0,0,0,0,0,0,0,0,0,0,2048,0,1493776,27707392,38797312
1775669907.001064,1064,ubuntu-rog,1,0,0,65683160,28009276,53094064,308952,23658372,0,12263904,21920604,10243144,0,2020760,21920604,0,0,8388604,8388604,0,0,76,0,10218452,365172,25832,1874084,2542428,1874084,668344,13808,42192,0,0,0,0,41230184,13941340,34359738367,85956,0,81200,0,0,0,0,0,0,0,0,0,0,0,2048,0,1493776,27707392,38797312
1775669908.001066,1066,ubuntu-rog,1,0,0,65683160,28009276,53094064,308960,23658364,0,12263904,21920604,10243144,0,2020760,21920604,0,0,8388604,8388604,0,0,76,0,10218452,365172,25832,1874084,2542428,1874084,668344,13808,42192,0,0,0,0,41230184,13941340,34359738367,85956,0,81200,0,0,0,0,0,0,0,0,0,0,0,2048,0,1493776,27707392,38797312
1775669909.001302,1302,ubuntu-rog,1,0,0,65683160,28009276,53094188,308960,23658376,0,12264008,21920728,10243248,0,2020760,21920728,0,0,8388604,8388604,0,0,52,0,10218452,365172,25832,1874084,2542428,1874084,668344,13808,42192,0,0,0,0,41230184,13941340,34359738367,85956,0,81200,0,0,0,0,0,0,0,0,0,0,0,2048,0,1493776,27707392,38797312
1775669910.002192,2192,ubuntu-rog,1,0,0,65683160,28009276,53094188,308960,23658380,0,12264008,21920728,10243248,0,2020760,21920728,0,0,8388604,8388604,0,0,56,0,10218452,365172,25832,1874084,2542428,1874084,668344,13808,42192,0,0,0,0,41230184,13941340,34359738367,85956,0,81200,0,0,0,0,0,0,0,0,0,0,0,2048,0,1493776,27707392,38797312
1775669911.001303,1303,ubuntu-rog,1,0,0,65683160,28009276,53094188,308960,23658380,0,12264008,21920728,10243248,0,2020760,21920728,0,0,8388604,8388604,0,0,56,0,10218452,365172,25832,1874084,2542428,1874084,668344,13808,42192,0,0,0,0,41230184,13941340,34359738367,85956,0,81200,0,0,0,0,0,0,0,0,0,0,0,2048,0,1493776,27707392,38797312
1775669912.001371,1371,ubuntu-rog,1,0,0,65683160,28009276,53094188,308960,23658380,0,12264008,21920728,10243248,0,2020760,21920728,0,0,8388604,8388604,0,0,56,0,10218452,365172,25832,1874084,2542428,1874084,668344,13808,42192,0,0,0,0,41230184,13941340,34359738367,85956,0,81200,0,0,0,0,0,0,0,0,0,0,0,2048,0,1493776,27707392,38797312
1775669913.002065,2065,ubuntu-rog,1,0,0,65683160,28009276,53094188,308960,23658380,0,12264008,21920728,10243248,0,2020760,21920728,0,0,8388604,8388604,0,0,56,0,10218452,365172,25832,1874084,2542428,1874084,668344,13808,42192,0,0,0,0,41230184,13941340,34359738367,85956,0,81200,0,0,0,0,0,0,0,0,0,0,0,2048,0,1493776,27707392,38797312
1775669914.001299,1299,ubuntu-rog,1,0,0,65683160,28009276,53094192,308968,23658388,0,12264128,21920732,10243368,0,2020760,21920732,0,0,8388604,8388604,0,0,64,0,10218452,365172,25832,1874084,2542428,1874084,668344,13808,42192,0,0,0,0,41230184,13941340,34359738367,85956,0,81200,0,0,0,0,0,0,0,0,0,0,0,2048,0,1493776,27707392,38797312
1775669915.001196,1196,ubuntu-rog,1,0,0,65683160,28009276,53094192,308968,23658388,0,12264128,21920732,10243368,0,2020760,21920732,0,0,8388604,8388604,0,0,64,0,10218452,365172,25832,1874084,2542428,1874084,668344,13808,42192,0,0,0,0,41230184,13941340,34359738367,85956,0,81200,0,0,0,0,0,0,0,0,0,0,0,2048,0,1493776,27707392,38797312
1775669916.001299,1299,ubuntu-rog,1,0,0,65683160,28009276,53094192,308968,23658392,0,12264128,21920732,10243368,0,2020760,21920732,0,0,8388604,8388604,0,0,68,0,10218452,365172,25832,1874084,2542428,1874084,668344,13808,42192,0,0,0,0,41230184,13941340,34359738367,85956,0,81200,0,0,0,0,0,0,0,0,0,0,0,2048,0,1493776,27707392,38797312
1775669917.002058,2058,ubuntu-rog,1,0,0,65683160,28009276,53094192,308968,23658396,0,12264128,21920732,10243368,0,2020760,21920732,0,0,8388604,8388604,0,0,72,0,10218452,365172,25832,1874084,2542428,1874084,668344,13808,42192,0,0,0,0,41230184,13941340,34359738367,85956,0,81200,0,0,0,0,0,0,0,0,0,0,0,2048,0,1493776,27707392,38797312
1775669918.001065,1065,ubuntu-rog,1,0,0,65683160,28009276,53094192,308968,23658396,0,12264128,21920732,10243368,0,2020760,21920732,0,0,8388604,8388604,0,0,72,0,10218452,365172,25832,1874084,2542428,1874084,668344,13808,42192,0,0,0,0,41230184,13941340,34359738367,85956,0,81200,0,0,0,0,0,0,0,0,0,0,0,2048,0,1493776,27707392,38797312
1775669919.001521,1521,ubuntu-rog,1,0,0,65683160,28009276,53094192,308968,23658396,0,12264128,21920732,10243368,0,2020760,21920732,0,0,8388604,8388604,0,0,72,0,10218452,365172,25832,1874084,2542428,1874084,668344,13808,42192,0,0,0,0,41230184,13941340,34359738367,85956,0,81200,0,0,0,0,0,0,0,0,0,0,0,2048,0,1493776,27707392,38797312
1775669920.002197,2197,ubuntu-rog,1,0,0,65683160,28009276,53094192,308968,23658396,0,12264128,21920732,10243368,0,2020760,21920732,0,0,8388604,8388604,0,0,56,0,10218452,365172,25832,1874084,2542428,1874084,668344,13808,42192,0,0,0,0,41230184,13941340,34359738367,85956,0,81200,0,0,0,0,0,0,0,0,0,0,0,2048,0,1493776,27707392,38797312
1775669921.001302,1302,ubuntu-rog,1,0,0,65683160,28009276,53094192,308976,23658400,0,12264128,21920732,10243368,0,2020760,21920732,0,0,8388604,8388604,0,0,80,0,10218452,365172,25832,1874084,2542428,1874084,668344,13808,42192,0,0,0,0,41230184,13941340,34359738367,85956,0,81200,0,0,0,0,0,0,0,0,0,0,0,2048,0,1493776,27707392,38797312
1775669922.001062,1062,ubuntu-rog,1,0,0,65683160,28009276,53094192,308976,23658404,0,12264128,21920732,10243368,0,2020760,21920732,0,0,8388604,8388604,0,0,84,0,10218452,365172,25832,1874084,2542428,1874084,668344,13808,42192,0,0,0,0,41230184,13941340,34359738367,85956,0,81200,0,0,0,0,0,0,0,0,0,0,0,2048,0,1493776,27707392,38797312
1775669923.001065,1065,ubuntu-rog,1,0,0,65683160,28009276,53094192,308976,23658404,0,12264128,21920732,10243368,0,2020760,21920732,0,0,8388604,8388604,0,0,84,0,10218452,365172,25832,1874084,2542428,1874084,668344,13808,42192,0,0,0,0,41230184,13941340,34359738367,85956,0,81200,0,0,0,0,0,0,0,0,0,0,0,2048,0,1493776,27707392,38797312
1775669924.002293,2293,ubuntu-rog,1,0,0,65683160,28009276,53094192,308976,23658408,0,12264128,21920732,10243368,0,2020760,21920732,0,0,8388604,8388604,0,0,88,0,10218452,365172,25832,1874084,2542428,1874084,668344,13808,42192,0,0,0,0,41230184,13941340,34359738367,85956,0,81200,0,0,0,0,0,0,0,0,0,0,0,2048,0,1493776,27707392,38797312
1775669925.001191,1191,ubuntu-rog,1,0,0,65683160,28009276,53094192,308976,23658408,0,12264128,21920732,10243368,0,2020760,21920732,0,0,8388604,8388604,0,0,88,0,10218452,365172,25832,1874084,2542428,1874084,668344,13808,42192,0,0,0,0,41230184,13941340,34359738367,85956,0,81200,0,0,0,0,0,0,0,0,0,0,0,2048,0,1493776,27707392,38797312
1775669926.001499,1499,ubuntu-rog,1,0,0,65683160,28009276,53094192,308976,23658412,0,12264128,21920732,10243368,0,2020760,21920732,0,0,8388604,8388604,0,0,96,0,10218452,365172,25832,1874084,2542428,1874084,668344,13808,42192,0,0,0,0,41230184,13941340,34359738367,85956,0,81200,0,0,0,0,0,0,0,0,0,0,0,2048,0,1493776,27707392,38797312
1775669927.002068,2068,ubuntu-rog,1,0,0,65683160,28009276,53094192,308984,23658408,0,12264128,21920732,10243368,0,2020760,21920732,0,0,8388604,8388604,0,0,100,0,10218452,365172,25832,1874084,2542428,1874084,668344,13808,42192,0,0,0,0,41230184,13941340,34359738367,85956,0,81200,0,0,0,0,0,0,0,0,0,0,0,2048,0,1493776,27707392,38797312
1775669928.001066,1066,ubuntu-rog,1,0,0,65683160,28009276,53094192,308984,23658420,0,12264128,21920732,10243368,0,2020760,21920732,0,0,8388604,8388604,0,0,104,0,10218452,365172,25832,1874084,2542428,1874084,668344,13808,42192,0,0,0,0,41230184,13941340,34359738367,85956,0,81200,0,0,0,0,0,0,0,0,0,0,0,2048,0,1493776,27707392,38797312
1775669929.001305,1305,ubuntu-rog,1,0,0,65683160,28009276,53094192,308984,23658420,0,12264128,21920732,10243368,0,2020760,21920732,0,0,8388604,8388604,0,0,104,0,10218452,365172,25832,1874084,2542428,1874084,668344,13808,42192,0,0,0,0,41230184,13941340,34359738367,85956,0,81200,0,0,0,0,0,0,0,0,0,0,0,2048,0,1493776,27707392,38797312
1775669930.001195,1195,ubuntu-rog,1,0,0,65683160,28009276,53094192,308984,23658420,0,12264128,21920732,10243368,0,2020760,21920732,0,0,8388604,8388604,0,0,104,0,10218452,365172,25832,1874084,2542428,1874084,668344,13808,42192,0,0,0,0,41230184,13941340,34359738367,85956,0,81200,0,0,0,0,0,0,0,0,0,0,0,2048,0,1493776,27707392,38797312
1775669931.002295,2295,ubuntu-rog,1,0,0,65683160,28009276,53094192,308984,23658424,0,12264128,21920732,10243368,0,2020760,21920732,0,0,8388604,8388604,0,0,64,0,10218452,365172,25832,1874084,2542428,1874084,668344,13808,42192,0,0,0,0,41230184,13941340,34359738367,85956,0,81200,0,0,0,0,0,0,0,0,0,0,0,2048,0,1493776,27707392,38797312
1775669932.001060,1060,ubuntu-rog,1,0,0,65683160,28009276,53094192,308984,23658424,0,12264128,21920732,10243368,0,2020760,21920732,0,0,8388604,8388604,0,0,64,0,10218452,365172,25832,1874084,2542428,1874084,668344,13808,42192,0,0,0,0,41230184,13941340,34359738367,85956,0,81200,0,0,0,0,0,0,0,0,0,0,0,2048,0,1493776,27707392,38797312
1775669933.001367,1367,ubuntu-rog,1,0,0,65683160,28009276,53094192,308992,23658416,0,12264128,21920732,10243368,0,2020760,21920732,0,0,8388604,8388604,0,0,64,0,10218452,365172,25832,1874084,2542428,1874084,668344,13808,42192,0,0,0,0,41230184,13941340,34359738367,85956,0,81200,0,0,0,0,0,0,0,0,0,0,0,2048,0,1493776,27707392,38797312
1775669934.002292,2292,ubuntu-rog,1,0,0,65683160,28009024,53093940,308992,23658432,0,12264128,21920732,10243368,0,2020760,21920732,0,0,8388604,8388604,0,0,80,0,10218452,365172,25832,1874084,2542428,1874084,668344,13808,42192,0,0,0,0,41230184,13941340,34359738367,85956,0,81200,0,0,0,0,0,0,0,0,0,0,0,2048,0,1493776,27707392,38797312
1775669935.001198,1198,ubuntu-rog,1,0,0,65683160,28009496,53094412,308992,23658432,0,12264128,21920732,10243368,0,2020760,21920732,0,0,8388604,8388604,0,0,80,0,10218452,365172,25832,1874084,2542428,1874084,668344,13808,42192,0,0,0,0,41230184,13941340,34359738367,85956,0,81200,0,0,0,0,0,0,0,0,0,0,0,2048,0,1493776,27707392,38797312
1775669936.001310,1310,ubuntu-rog,1,0,0,65683160,28009496,53094412,308992,23658432,0,12264128,21920732,10243368,0,2020760,21920732,0,0,8388604,8388604,0,0,52,0,10218452,365172,25832,1874084,2542428,1874084,668344,13808,42192,0,0,0,0,41230184,13941340,34359738367,85956,0,81200,0,0,0,0,0,0,0,0,0,0,0,2048,0,1493776,27707392,38797312
1775669937.001061,1061,ubuntu-rog,1,0,0,65683160,28009496,53094412,308992,23658432,0,12264128,21920732,10243368,0,2020760,21920732,0,0,8388604,8388604,0,0,52,0,10218452,365172,25832,1874084,2542428,1874084,668344,13808,42192,0,0,0,0,41230184,13941340,34359738367,85956,0,81200,0,0,0,0,0,0,0,0,0,0,0,2048,0,1493776,27707392,38797312
1775669938.002060,2060,ubuntu-rog,1,0,0,65683160,28009496,53094412,308992,23658440,0,12264128,21920732,10243368,0,2020760,21920732,0,0,8388604,8388604,0,0,60,0,10218452,365172,25832,1874084,2542428,1874084,668344,13808,42192,0,0,0,0,41230184,13941340,34359738367,85956,0,81200,0,0,0,0,0,0,0,0,0,0,0,2048,0,1493776,27707392,38797312
1775669939.001297,1297,ubuntu-rog,1,0,0,65683160,28009496,53094412,309000,23658432,0,12264128,21920732,10243368,0,2020760,21920732,0,0,8388604,8388604,0,0,28,0,10218452,365172,25832,1874084,2542428,1874084,668344,13808,42192,0,0,0,0,41230184,13941340,34359738367,85956,0,81200,0,0,0,0,0,0,0,0,0,0,0,2048,0,1493776,27707392,38797312
1775669940.001150,1150,ubuntu-rog,1,0,0,65683160,28009496,53094412,309000,23658440,0,12264128,21920732,10243368,0,2020760,21920732,0,0,8388604,8388604,0,0,44,0,10218452,365172,25832,1874084,2542428,1874084,668344,13808,42192,0,0,0,0,41230184,13941340,34359738367,85956,0,81200,0,0,0,0,0,0,0,0,0,0,0,2048,0,1493776,27707392,38797312
1775669941.002300,2300,ubuntu-rog,1,0,0,65683160,28009496,53094412,309000,23658448,0,12264128,21920732,10243368,0,2020760,21920732,0,0,8388604,8388604,0,0,56,0,10218452,365172,25832,1874084,2542428,1874084,668344,13808,42192,0,0,0,0,41230184,13941340,34359738367,85956,0,81200,0,0,0,0,0,0,0,0,0,0,0,2048,0,1493776,27707392,38797312
1775669942.001060,1060,ubuntu-rog,1,0,0,65683160,28009496,53094412,309000,23658448,0,12264128,21920732,10243368,0,2020760,21920732,0,0,8388604,8388604,0,0,56,0,10218452,365172,25832,1874084,2542428,1874084,668344,13808,42192,0,0,0,0,41230184,13941340,34359738367,85956,0,81200,0,0,0,0,0,0,0,0,0,0,0,2048,0,1493776,27707392,38797312
1775669943.001065,1065,ubuntu-rog,1,0,0,65683160,28009496,53094412,309000,23658448,0,12264128,21920732,10243368,0,2020760,21920732,0,0,8388604,8388604,0,0,56,0,10218452,365172,25832,1874084,2542428,1874084,668344,13808,42192,0,0,0,0,41230184,13941340,34359738367,85956,0,81200,0,0,0,0,0,0,0,0,0,0,0,2048,0,1493776,27707392,38797312
1775669944.001288,1288,ubuntu-rog,1,0,0,65683160,28009496,53094412,309000,23658448,0,12264128,21920732,10243368,0,2020760,21920732,0,0,8388604,8388604,0,0,56,0,10218452,365172,25832,1874084,2542428,1874084,668344,13808,42192,0,0,0,0,41230184,13941340,34359738367,85956,0,81200,0,0,0,0,0,0,0,0,0,0,0,2048,0,1493776,27707392,38797312
1775669945.002186,2186,ubuntu-rog,1,0,0,65683160,28009496,53094412,309000,23658452,0,12264128,21920732,10243368,0,2020760,21920732,0,0,8388604,8388604,0,0,60,0,10218452,365172,25832,1874084,2542428,1874084,668344,13808,42192,0,0,0,0,41230184,13941340,34359738367,85956,0,81200,0,0,0,0,0,0,0,0,0,0,0,2048,0,1493776,27707392,38797312
1775669946.001298,1298,ubuntu-rog,1,0,0,65683160,28009496,53094412,309008,23658444,0,12264128,21920732,10243368,0,2020760,21920732,0,0,8388604,8388604,0,0,60,0,10218452,365172,25832,1874084,2542428,1874084,668344,13808,42192,0,0,0,0,41230184,13941340,34359738367,85956,0,81200,0,0,0,0,0,0,0,0,0,0,0,2048,0,1493776,27707392,38797312
1775669947.001067,1067,ubuntu-rog,1,0,0,65683160,28009496,53094412,309008,23658456,0,12264128,21920732,10243368,0,2020760,21920732,0,0,8388604,8388604,0,0,64,0,10218452,365172,25832,1874084,2542428,1874084,668344,13808,42192,0,0,0,0,41230184,13941340,34359738367,85956,0,81200,0,0,0,0,0,0,0,0,0,0,0,2048,0,1493776,27707392,38797312
1775669948.001259,1259,ubuntu-rog,1,0,0,65683160,28009496,53094412,309008,23658460,0,12264128,21920732,10243368,0,2020760,21920732,0,0,8388604,8388604,0,0,68,0,10218452,365172,25832,1874084,2542428,1874084,668344,13808,42192,0,0,0,0,41230184,13941340,34359738367,85956,0,81200,0,0,0,0,0,0,0,0,0,0,0,2048,0,1493776,27707392,38797312
1775669949.002287,2287,ubuntu-rog,1,0,0,65683160,28009496,53094412,309008,23658460,0,12264128,21920732,10243368,0,2020760,21920732,0,0,8388604,8388604,0,0,68,0,10218452,365172,25832,1874084,2542428,1874084,668344,13808,42192,0,0,0,0,41230184,13941340,34359738367,85956,0,81200,0,0,0,0,0,0,0,0,0,0,0,2048,0,1493776,27707392,38797312
1775669950.001189,1189,ubuntu-rog,1,0,0,65683160,28009496,53094412,309008,23658460,0,12264128,21920732,10243368,0,2020760,21920732,0,0,8388604,8388604,0,0,68,0,10218452,365172,25832,1874084,2542428,1874084,668344,13808,42192,0,0,0,0,41230184,13941340,34359738367,85956,0,81200,0,0,0,0,0,0,0,0,0,0,0,2048,0,1493776,27707392,38797312
1775669951.001293,1293,ubuntu-rog,1,0,0,65683160,28009496,53094412,309008,23658464,0,12264128,21920732,10243368,0,2020760,21920732,0,0,8388604,8388604,0,0,72,0,10218452,365172,25832,1874084,2542428,1874084,668344,13808,42192,0,0,0,0,41230184,13941340,34359738367,85956,0,81200,0,0,0,0,0,0,0,0,0,0,0,2048,0,1493776,27707392,38797312
1775669952.001062,1062,ubuntu-rog,1,0,0,65683160,28009496,53094412,309016,23658460,0,12264128,21920732,10243368,0,2020760,21920732,0,0,8388604,8388604,0,0,76,0,10218452,365172,25832,1874084,2542428,1874084,668344,13808,42192,0,0,0,0,41230184,13941340,34359738367,85956,0,81200,0,0,0,0,0,0,0,0,0,0,0,2048,0,1493776,27707392,38797312
1775669953.002057,2057,ubuntu-rog,1,0,0,65683160,28009496,53094412,309016,23658472,0,12264128,21920732,10243368,0,2020760,21920732,0,0,8388604,8388604,0,0,80,0,10218452,365172,25832,1874084,2542428,1874084,668344,13808,42192,0,0,0,0,41230184,13941340,34359738367,85956,0,81200,0,0,0,0,0,0,0,0,0,0,0,2048,0,1493776,27707392,38797312
1775669954.001231,1231,ubuntu-rog,1,0,0,65683160,28009496,53094412,309016,23658472,0,12264128,21920732,10243368,0,2020760,21920732,0,0,8388604,8388604,0,0,80,0,10218452,365172,25832,1874084,2542428,1874084,668344,13808,42192,0,0,0,0,41230184,13941340,34359738367,85956,0,81200,0,0,0,0,0,0,0,0,0,0,0,2048,0,1493776,27707392,38797312
1775669955.002179,2179,ubuntu-rog,1,0,0,65683160,28009496,53094412,309016,23658476,0,12264128,21920732,10243368,0,2020760,21920732,0,0,8388604,8388604,0,0,84,0,10218452,365172,25832,1874084,2542428,1874084,668344,13808,42192,0,0,0,0,41230184,13941340,34359738367,85956,0,81200,0,0,0,0,0,0,0,0,0,0,0,2048,0,1493776,27707392,38797312
1775669956.001300,1300,ubuntu-rog,1,0,0,65683160,28009496,53094412,309016,23658476,0,12264128,21920732,10243368,0,2020760,21920732,0,0,8388604,8388604,0,0,68,0,10218452,365172,25832,1874084,2542428,1874084,668344,13808,42192,0,0,0,0,41230184,13941340,34359738367,85956,0,81200,0,0,0,0,0,0,0,0,0,0,0,2048,0,1493776,27707392,38797312
1775669957.001063,1063,ubuntu-rog,1,0,0,65683160,28009496,53094412,309016,23658476,0,12264128,21920732,10243368,0,2020760,21920732,0,0,8388604,8388604,0,0,68,0,10218452,365172,25832,1874084,2542428,1874084,668344,13808,42192,0,0,0,0,41230184,13941340,34359738367,85956,0,81200,0,0,0,0,0,0,0,0,0,0,0,2048,0,1493776,27707392,38797312
1775669958.001063,1063,ubuntu-rog,1,0,0,65683160,28009496,53094412,309024,23658468,0,12264128,21920732,10243368,0,2020760,21920732,0,0,8388604,8388604,0,0,68,0,10218452,365172,25832,1874084,2542428,1874084,668344,13808,42192,0,0,0,0,41230184,13941340,34359738367,85956,0,81200,0,0,0,0,0,0,0,0,0,0,0,2048,0,1493776,27707392,38797312
1775669959.002291,2291,ubuntu-rog,1,0,0,65683160,28009496,53094412,309024,23658484,0,12264128,21920732,10243368,0,2020760,21920732,0,0,8388604,8388604,0,0,80,0,10218452,365172,25832,1874084,2542428,1874084,668344,13808,42192,0,0,0,0,41230184,13941340,34359738367,85956,0,81200,0,0,0,0,0,0,0,0,0,0,0,2048,0,1493776,27707392,38797312
1775669960.001196,1196,ubuntu-rog,1,0,0,65683160,28009496,53094412,309024,23658484,0,12264128,21920732,10243368,0,2020760,21920732,0,0,8388604,8388604,0,0,80,0,10218452,365172,25832,1874084,2542428,1874084,668344,13808,42192,0,0,0,0,41230184,13941340,34359738367,85956,0,81200,0,0,0,0,0,0,0,0,0,0,0,2048,0,1493776,27707392,38797312
1775669961.001302,1302,ubuntu-rog,1,0,0,65683160,28009496,53094412,309024,23658484,0,12264128,21920732,10243368,0,2020760,21920732,0,0,8388604,8388604,0,0,40,0,10218452,365172,25832,1874084,2542428,1874084,668344,13808,42192,0,0,0,0,41230184,13941340,34359738367,85956,0,81200,0,0,0,0,0,0,0,0,0,0,0,2048,0,1493776,27707392,38797312
1775669962.001371,1371,ubuntu-rog,1,0,0,65683160,28009256,53094188,309024,23658488,0,12264356,21920732,10243596,0,2020760,21920732,0,0,8388604,8388604,0,0,48,0,10218612,365172,25832,1874100,2542460,1874100,668360,13808,42192,0,0,0,0,41230184,13941488,34359738367,85956,0,81200,0,0,0,0,0,0,0,0,0,0,0,2048,0,1493776,27707392,38797312
1775669963.002063,2063,ubuntu-rog,1,0,0,65683160,28009256,53094188,309024,23658492,0,12264356,21920732,10243596,0,2020760,21920732,0,0,8388604,8388604,0,0,56,0,10218612,365172,25832,1874100,2542460,1874100,668360,13808,42192,0,0,0,0,41230184,13941488,34359738367,85956,0,81200,0,0,0,0,0,0,0,0,0,0,0,2048,0,1493776,27707392,38797312
1775669964.001299,1299,ubuntu-rog,1,0,0,65683160,28009256,53094236,309032,23658492,0,12264432,21920780,10243672,0,2020760,21920780,0,0,8388604,8388604,0,0,56,0,10218612,365172,25832,1874100,2542460,1874100,668360,13808,42192,0,0,0,0,41230184,13941488,34359738367,85956,0,81200,0,0,0,0,0,0,0,0,0,0,0,2048,0,1493776,27707392,38797312
1775669965.001191,1191,ubuntu-rog,1,0,0,65683160,28009256,53094236,309032,23658492,0,12264432,21920780,10243672,0,2020760,21920780,0,0,8388604,8388604,0,0,56,0,10218612,365172,25832,1874100,2542460,1874100,668360,13808,42192,0,0,0,0,41230184,13941488,34359738367,85956,0,81200,0,0,0,0,0,0,0,0,0,0,0,2048,0,1493776,27707392,38797312
1775669966.001296,1296,ubuntu-rog,1,0,0,65683160,28009256,53094236,309032,23658500,0,12264432,21920780,10243672,0,2020760,21920780,0,0,8388604,8388604,0,0,64,0,10218612,365172,25832,1874100,2542460,1874100,668360,13808,42192,0,0,0,0,41230184,13941488,34359738367,85956,0,81200,0,0,0,0,0,0,0,0,0,0,0,2048,0,1493776,27707392,38797312
1775669967.002057,2057,ubuntu-rog,1,0,0,65683160,28009256,53094236,309032,23658500,0,12264432,21920780,10243672,0,2020760,21920780,0,0,8388604,8388604,0,0,64,0,10218612,365172,25832,1874100,2542460,1874100,668360,13808,42192,0,0,0,0,41230184,13941488,34359738367,85956,0,81200,0,0,0,0,0,0,0,0,0,0,0,2048,0,1493776,27707392,38797312
1775669968.001079,1079,ubuntu-rog,1,0,0,65683160,28009256,53094236,309032,23658500,0,12264432,21920780,10243672,0,2020760,21920780,0,0,8388604,8388604,0,0,64,0,10218612,365172,25832,1874100,2542460,1874100,668360,13808,42192,0,0,0,0,41230184,13941488,34359738367,85956,0,81200,0,0,0,0,0,0,0,0,0,0,0,2048,0,1493776,27707392,38797312
1775669969.002305,2305,ubuntu-rog,1,0,0,65683160,28009256,53094236,309032,23658504,0,12264432,21920780,10243672,0,2020760,21920780,0,0,8388604,8388604,0,0,68,0,10218612,365172,25832,1874100,2542460,1874100,668360,13824,42192,0,0,0,0,41230184,13941488,34359738367,85956,0,81200,0,0,0,0,0,0,0,0,0,0,0,2048,0,1493776,27707392,38797312
1775669970.001199,1199,ubuntu-rog,1,0,0,65683160,28009256,53094236,309032,23658504,0,12264432,21920780,10243672,0,2020760,21920780,0,0,8388604,8388604,0,0,68,0,10218612,365172,25832,1874100,2542460,1874100,668360,13824,42192,0,0,0,0,41230184,13941488,34359738367,85956,0,81200,0,0,0,0,0,0,0,0,0,0,0,2048,0,1493776,27707392,38797312
1775669971.001303,1303,ubuntu-rog,1,0,0,65683160,28009256,53094236,309040,23658496,0,12264448,21920780,10243688,0,2020760,21920780,0,0,8388604,8388604,0,0,48,0,10218612,365172,25832,1874100,2542460,1874100,668360,13824,42192,0,0,0,0,41230184,13941488,34359738367,85956,0,81200,0,0,0,0,0,0,0,0,0,0,0,2048,0,1493776,27707392,38797312
1775669972.001063,1063,ubuntu-rog,1,0,0,65683160,28009256,53094252,309040,23658512,0,12264440,21920796,10243680,0,2020760,21920796,0,0,8388604,8388604,0,0,36,0,10218600,365172,25832,1874100,2542460,1874100,668360,13824,42192,0,0,0,0,41230184,13941488,34359738367,85956,0,81200,0,0,0,0,0,0,0,0,0,0,0,2048,0,1493776,27707392,38797312
1775669973.002056,2056,ubuntu-rog,1,0,0,65683160,28009256,53094252,309040,23658512,0,12264440,21920796,10243680,0,2020760,21920796,0,0,8388604,8388604,0,0,36,0,10218600,365172,25832,1874100,2542460,1874100,668360,13824,42192,0,0,0,0,41230184,13941488,34359738367,85956,0,81200,0,0,0,0,0,0,0,0,0,0,0,2048,0,1493776,27707392,38797312
1775669974.001298,1298,ubuntu-rog,1,0,0,65683160,28009256,53094252,309040,23658512,0,12264440,21920796,10243680,0,2020760,21920796,0,0,8388604,8388604,0,0,36,0,10218600,365172,25832,1874100,2542460,1874100,668360,13824,42192,0,0,0,0,41230184,13941488,34359738367,85956,0,81200,0,0,0,0,0,0,0,0,0,0,0,2048,0,1493776,27707392,38797312
1775669975.001198,1198,ubuntu-rog,1,0,0,65683160,28009256,53094252,309040,23658516,0,12264440,21920796,10243680,0,2020760,21920796,0,0,8388604,8388604,0,0,40,0,10218600,365172,25832,1874100,2542460,1874100,668360,13824,42192,0,0,0,0,41230184,13941488,34359738367,85956,0,81200,0,0,0,0,0,0,0,0,0,0,0,2048,0,1493776,27707392,38797312
1775669976.001228,1228,ubuntu-rog,1,0,0,65683160,28009256,53094252,309040,23658520,0,12264440,21920796,10243680,0,2020760,21920796,0,0,8388604,8388604,0,0,44,0,10218600,365172,25832,1874100,2542460,1874100,668360,13824,42192,0,0,0,0,41230184,13941488,34359738367,85956,0,81200,0,0,0,0,0,0,0,0,0,0,0,2048,0,1493776,27707392,38797312
1775669977.002061,2061,ubuntu-rog,1,0,0,65683160,28009256,53094252,309048,23658512,0,12264440,21920796,10243680,0,2020760,21920796,0,0,8388604,8388604,0,0,44,0,10218600,365172,25832,1874100,2542460,1874100,668360,13824,42192,0,0,0,0,41230184,13941488,34359738367,85956,0,81200,0,0,0,0,0,0,0,0,0,0,0,2048,0,1493776,27707392,38797312
1775669978.001067,1067,ubuntu-rog,1,0,0,65683160,28009256,53094252,309048,23658524,0,12264440,21920796,10243680,0,2020760,21920796,0,0,8388604,8388604,0,0,68,0,10218600,365172,25832,1874100,2542460,1874100,668360,13824,42192,0,0,0,0,41230184,13941488,34359738367,85956,0,81200,0,0,0,0,0,0,0,0,0,0,0,2048,0,1493776,27707392,38797312
1775669979.001299,1299,ubuntu-rog,1,0,0,65683160,28009256,53094252,309048,23658528,0,12264440,21920796,10243680,0,2020760,21920796,0,0,8388604,8388604,0,0,72,0,10218600,365172,25832,1874100,2542460,1874100,668360,13824,42192,0,0,0,0,41230184,13941488,34359738367,85956,0,81200,0,0,0,0,0,0,0,0,0,0,0,2048,0,1493776,27707392,38797312
1775669980.001197,1197,ubuntu-rog,1,0,0,65683160,28009256,53094252,309048,23658528,0,12264440,21920796,10243680,0,2020760,21920796,0,0,8388604,8388604,0,0,72,0,10218600,365172,25832,1874100,2542460,1874100,668360,13824,42192,0,0,0,0,41230184,13941488,34359738367,85956,0,81200,0,0,0,0,0,0,0,0,0,0,0,2048,0,1493776,27707392,38797312
1775669981.002288,2288,ubuntu-rog,1,0,0,65683160,28009256,53094252,309048,23658528,0,12264440,21920796,10243680,0,2020760,21920796,0,0,8388604,8388604,0,0,72,0,10218600,365172,25832,1874100,2542460,1874100,668360,13824,42192,0,0,0,0,41230184,13941488,34359738367,85956,0,81200,0,0,0,0,0,0,0,0,0,0,0,2048,0,1493776,27707392,38797312
1775669982.001060,1060,ubuntu-rog,1,0,0,65683160,28009256,53094252,309048,23658528,0,12264440,21920796,10243680,0,2020760,21920796,0,0,8388604,8388604,0,0,72,0,10218600,365172,25832,1874100,2542460,1874100,668360,13824,42192,0,0,0,0,41230184,13941488,34359738367,85956,0,81200,0,0,0,0,0,0,0,0,0,0,0,2048,0,1493776,27707392,38797312
1775669983.001075,1075,ubuntu-rog,1,0,0,65683160,28009256,53094252,309048,23658532,0,12264440,21920796,10243680,0,2020760,21920796,0,0,8388604,8388604,0,0,76,0,10218600,365172,25832,1874100,2542460,1874100,668360,13824,42192,0,0,0,0,41230184,13941488,34359738367,85956,0,81200,0,0,0,0,0,0,0,0,0,0,0,2048,0,1493776,27707392,38797312
1775669984.001329,1329,ubuntu-rog,1,0,0,65683160,28009256,53094252,309056,23658536,0,12264440,21920796,10243680,0,2020760,21920796,0,0,8388604,8388604,0,0,80,0,10218600,365172,25832,1874100,2542460,1874100,668360,13808,42192,0,0,0,0,41230184,13941488,34359738367,85956,0,81200,0,0,0,0,0,0,0,0,0,0,0,2048,0,1493776,27707392,38797312
1775669985.002194,2194,ubuntu-rog,1,0,0,65683160,28009256,53094252,309056,23658536,0,12264440,21920796,10243680,0,2020760,21920796,0,0,8388604,8388604,0,0,80,0,10218600,365172,25832,1874100,2542460,1874100,668360,13808,42192,0,0,0,0,41230184,13941488,34359738367,85956,0,81200,0,0,0,0,0,0,0,0,0,0,0,2048,0,1493776,27707392,38797312
1775669986.001299,1299,ubuntu-rog,1,0,0,65683160,28009256,53094252,309056,23658540,0,12264440,21920796,10243680,0,2020760,21920796,0,0,8388604,8388604,0,0,84,0,10218600,365172,25832,1874100,2542460,1874100,668360,13808,42192,0,0,0,0,41230184,13941488,34359738367,85956,0,81200,0,0,0,0,0,0,0,0,0,0,0,2048,0,1493776,27707392,38797312
1775669987.001063,1063,ubuntu-rog,1,0,0,65683160,28009256,53094252,309056,23658540,0,12264440,21920796,10243680,0,2020760,21920796,0,0,8388604,8388604,0,0,84,0,10218600,365172,25832,1874100,2542460,1874100,668360,13808,42192,0,0,0,0,41230184,13941488,34359738367,85956,0,81200,0,0,0,0,0,0,0,0,0,0,0,2048,0,1493776,27707392,38797312
1775669988.001065,1065,ubuntu-rog,1,0,0,65683160,28009256,53094252,309056,23658544,0,12264440,21920796,10243680,0,2020760,21920796,0,0,8388604,8388604,0,0,88,0,10218600,365172,25832,1874100,2542460,1874100,668360,13808,42192,0,0,0,0,41230184,13941488,34359738367,85956,0,81200,0,0,0,0,0,0,0,0,0,0,0,2048,0,1493776,27707392,38797312
1775669989.002286,2286,ubuntu-rog,1,0,0,65683160,28009256,53094252,309064,23658536,0,12264440,21920796,10243680,0,2020760,21920796,0,0,8388604,8388604,0,0,88,0,10218600,365172,25832,1874100,2542460,1874100,668360,13808,42192,0,0,0,0,41230184,13941488,34359738367,85956,0,81200,0,0,0,0,0,0,0,0,0,0,0,2048,0,1493776,27707392,38797312
1775669990.001438,1438,ubuntu-rog,1,0,0,65683160,28009256,53094252,309064,23658548,0,12264440,21920796,10243680,0,2020760,21920796,0,0,8388604,8388604,0,0,92,0,10218600,365172,25832,1874100,2542460,1874100,668360,13808,42192,0,0,0,0,41230184,13941488,34359738367,85956,0,81200,0,0,0,0,0,0,0,0,0,0,0,2048,0,1493776,27707392,38797312
1775669991.002254,2254,ubuntu-rog,1,0,0,65683160,27989460,53074456,309064,23658552,0,12294544,21920796,10273784,0,2020760,21920796,0,0,8388604,8388604,0,0,96,0,10249580,365172,25832,1874100,2542452,1874100,668352,13808,42208,0,0,0,0,41230184,14018224,34359738367,85956,0,81200,0,0,0,0,0,0,0,0,0,0,0,2048,0,1493776,27707392,38797312
1775669992.001070,1070,ubuntu-rog,1,0,0,65683160,27503636,52588860,309064,23658552,0,12715356,21921024,10694596,0,2020760,21921024,0,0,8388604,8388604,0,0,56,0,10669004,365172,25832,1874100,2542452,1874100,668352,13808,42764,0,0,0,0,41230184,14439564,34359738367,85956,0,81200,0,0,0,0,0,0,0,0,0,0,0,2048,0,1493776,27707392,38797312
1775669993.001069,1069,ubuntu-rog,1,0,0,65683160,27876632,52961860,309064,23658556,0,12353376,21921028,10332616,0,2020760,21921028,0,0,8388604,8388604,0,0,64,0,10306784,365172,25832,1874100,2542452,1874100,668352,13808,42360,0,0,0,0,41230184,14107280,34359738367,85956,0,81200,0,0,0,0,0,0,0,0,0,0,0,2048,0,1493776,27707392,38797312
1775669994.001313,1313,ubuntu-rog,1,0,0,65683160,27942012,53027240,309064,23658556,0,12295428,21921028,10274668,0,2020760,21921028,0,0,8388604,8388604,0,0,64,0,10249848,365172,25832,1874100,2542452,1874100,668352,13808,42256,0,0,0,0,41230184,13972736,34359738367,85956,0,81200,0,0,0,0,0,0,0,0,0,0,0,2048,0,1493776,27707392,38797312
1775669995.002199,2199,ubuntu-rog,1,0,0,65683160,27943628,53028856,309072,23658548,0,12295428,21921028,10274668,0,2020760,21921028,0,0,8388604,8388604,0,0,64,0,10249848,365172,25832,1874100,2542452,1874100,668352,13808,42256,0,0,0,0,41230184,13972736,34359738367,85956,0,81200,0,0,0,0,0,0,0,0,0,0,0,2048,0,1493776,27707392,38797312
1775669996.001308,1308,ubuntu-rog,1,0,0,65683160,27946988,53032216,309072,23658556,0,12295428,21921028,10274668,0,2020760,21921028,0,0,8388604,8388604,0,0,64,0,10249848,365172,25832,1874100,2542452,1874100,668352,13808,42256,0,0,0,0,41230184,13972736,34359738367,85956,0,81200,0,0,0,0,0,0,0,0,0,0,0,2048,0,1493776,27707392,38797312
1775669997.001065,1065,ubuntu-rog,1,0,0,65683160,27949996,53035232,309072,23658564,0,12295440,21921036,10274680,0,2020760,21921036,0,0,8388604,8388604,0,0,56,0,10249848,365172,25832,1874100,2542452,1874100,668352,13808,42256,0,0,0,0,41230184,13972736,34359738367,85956,0,81200,0,0,0,0,0,0,0,0,0,0,0,2048,0,1493776,27707392,38797312
1775669998.001066,1066,ubuntu-rog,1,0,0,65683160,27952576,53037812,309072,23658564,0,12295440,21921036,10274680,0,2020760,21921036,0,0,8388604,8388604,0,0,56,0,10249848,365172,25832,1874100,2542452,1874100,668352,13808,42256,0,0,0,0,41230184,13972736,34359738367,85956,0,81200,0,0,0,0,0,0,0,0,0,0,0,2048,0,1493776,27707392,38797312
1775669999.002302,2302,ubuntu-rog,1,0,0,65683160,27954784,53040020,309072,23658564,0,12295440,21921036,10274680,0,2020760,21921036,0,0,8388604,8388604,0,0,56,0,10249848,365172,25832,1874100,2542452,1874100,668352,13808,42256,0,0,0,0,41230184,13972736,34359738367,85956,0,81200,0,0,0,0,0,0,0,0,0,0,0,2048,0,1493776,27707392,38797312
1775670000.001200,1200,ubuntu-rog,1,0,0,65683160,27956664,53041900,309072,23658572,0,12295440,21921036,10274680,0,2020760,21921036,0,0,8388604,8388604,0,0,68,0,10249848,365172,25832,1874100,2542452,1874100,668352,13808,42256,0,0,0,0,41230184,13972736,34359738367,85956,0,81200,0,0,0,0,0,0,0,0,0,0,0,2048,0,1493776,27707392,38797312
1775670001.001304,1304,ubuntu-rog,1,0,0,65683160,27958664,53043900,309072,23658572,0,12295440,21921036,10274680,0,2020760,21921036,0,0,8388604,8388604,0,0,68,0,10249848,365172,25832,1874100,2542452,1874100,668352,13808,42256,0,0,0,0,41230184,13972736,34359738367,85956,0,81200,0,0,0,0,0,0,0,0,0,0,0,2048,0,1493776,27707392,38797312
1775670002.001061,1061,ubuntu-rog,1,0,0,65683160,27960008,53045244,309088,23658564,0,12295440,21921036,10274680,0,2020760,21921036,0,0,8388604,8388604,0,0,48,0,10249848,365172,25832,1874100,2542452,1874100,668352,13808,42256,0,0,0,0,41230184,13972736,34359738367,85972,0,81200,0,0,0,0,0,0,0,0,0,0,0,2048,0,1493776,27707392,38797312
1775670003.002063,2063,ubuntu-rog,1,0,0,65683160,27961540,53046776,309088,23658576,0,12295508,21921036,10274748,0,2020760,21921036,0,0,8388604,8388604,0,0,60,0,10249848,365172,25832,1874100,2542452,1874100,668352,13808,42256,0,0,0,0,41230184,13972736,34359738367,85972,0,81200,0,0,0,0,0,0,0,0,0,0,0,2048,0,1493776,27707392,38797312
1775670004.001305,1305,ubuntu-rog,1,0,0,65683160,27962476,53047712,309088,23658580,0,12295508,21921036,10274748,0,2020760,21921036,0,0,8388604,8388604,0,0,64,0,10249848,365172,25832,1874100,2542452,1874100,668352,13808,42256,0,0,0,0,41230184,13972736,34359738367,85972,0,81200,0,0,0,0,0,0,0,0,0,0,0,2048,0,1493776,27707392,38797312
1775670005.001202,1202,ubuntu-rog,1,0,0,65683160,27963648,53048884,309088,23658580,0,12295508,21921036,10274748,0,2020760,21921036,0,0,8388604,8388604,0,0,64,0,10249848,365172,25832,1874100,2542452,1874100,668352,13808,42256,0,0,0,0,41230184,13972736,34359738367,85972,0,81200,0,0,0,0,0,0,0,0,0,0,0,2048,0,1493776,27707392,38797312
1775670006.001309,1309,ubuntu-rog,1,0,0,65683160,27964268,53049504,309088,23658580,0,12295508,21921036,10274748,0,2020760,21921036,0,0,8388604,8388604,0,0,64,0,10249848,365172,25832,1874100,2542452,1874100,668352,13808,42256,0,0,0,0,41230184,13972736,34359738367,85972,0,81200,0,0,0,0,0,0,0,0,0,0,0,2048,0,1493776,27707392,38797312
1775670007.002056,2056,ubuntu-rog,1,0,0,65683160,27964560,53049796,309088,23658584,0,12295508,21921036,10274748,0,2020760,21921036,0,0,8388604,8388604,0,0,68,0,10249848,365172,25832,1874100,2542452,1874100,668352,13808,42256,0,0,0,0,41230184,13972736,34359738367,85972,0,81200,0,0,0,0,0,0,0,0,0,0,0,2048,0,1493776,27707392,38797312
1775670008.001067,1067,ubuntu-rog,1,0,0,65683160,27964560,53049796,309096,23658576,0,12295508,21921036,10274748,0,2020760,21921036,0,0,8388604,8388604,0,0,68,0,10249848,365172,25832,1874100,2542452,1874100,668352,13808,42256,0,0,0,0,41230184,13972736,34359738367,85972,0,81200,0,0,0,0,0,0,0,0,0,0,0,2048,0,1493776,27707392,38797312
1775670009.001303,1303,ubuntu-rog,1,0,0,65683160,27964964,53050200,309096,23658588,0,12295536,21921036,10274776,0,2020760,21921036,0,0,8388604,8388604,0,0,48,0,10249848,365172,25832,1874100,2542452,1874100,668352,13808,42256,0,0,0,0,41230184,13972736,34359738367,85972,0,81200,0,0,0,0,0,0,0,0,0,0,0,2048,0,1493776,27707392,38797312
1775670010.001201,1201,ubuntu-rog,1,0,0,65683160,27966860,53052096,309096,23658588,0,12295536,21921036,10274776,0,2020760,21921036,0,0,8388604,8388604,0,0,48,0,10249848,365172,25832,1874100,2542452,1874100,668352,13808,42256,0,0,0,0,41230184,13972736,34359738367,85972,0,81200,0,0,0,0,0,0,0,0,0,0,0,2048,0,1493776,27707392,38797312
1775670011.002301,2301,ubuntu-rog,1,0,0,65683160,27969176,53054412,309096,23658592,0,12295388,21921036,10274628,0,2020760,21921036,0,0,8388604,8388604,0,0,52,0,10249700,365172,25832,1874100,2542452,1874100,668352,13808,42256,0,0,0,0,41230184,13972588,34359738367,85972,0,81200,0,0,0,0,0,0,0,0,0,0,0,2048,0,1493776,27707392,38797312
1775670012.001061,1061,ubuntu-rog,1,0,0,65683160,27970844,53056080,309096,23658596,0,12295388,21921036,10274628,0,2020760,21921036,0,0,8388604,8388604,0,0,56,0,10249700,365172,25832,1874100,2542452,1874100,668352,13808,42256,0,0,0,0,41230184,13972588,34359738367,85972,0,81200,0,0,0,0,0,0,0,0,0,0,0,2048,0,1493776,27707392,38797312
1775670013.001064,1064,ubuntu-rog,1,0,0,65683160,27971192,53056428,309096,23658596,0,12295388,21921036,10274628,0,2020760,21921036,0,0,8388604,8388604,0,0,56,0,10249700,365172,25832,1874100,2542452,1874100,668352,13808,42256,0,0,0,0,41230184,13972588,34359738367,85972,0,81200,0,0,0,0,0,0,0,0,0,0,0,2048,0,1493776,27707392,38797312
1775670014.001307,1307,ubuntu-rog,1,0,0,65683160,27971192,53056428,309104,23658592,0,12295388,21921036,10274628,0,2020760,21921036,0,0,8388604,8388604,0,0,60,0,10249700,365172,25832,1874100,2542452,1874100,668352,13808,42256,0,0,0,0,41230184,13972588,34359738367,85972,0,81200,0,0,0,0,0,0,0,0,0,0,0,2048,0,1493776,27707392,38797312
1775670015.002197,2197,ubuntu-rog,1,0,0,65683160,27971192,53056428,309104,23658600,0,12295388,21921036,10274628,0,2020760,21921036,0,0,8388604,8388604,0,0,60,0,10249700,365172,25832,1874100,2542452,1874100,668352,13808,42256,0,0,0,0,41230184,13972588,34359738367,85972,0,81200,0,0,0,0,0,0,0,0,0,0,0,2048,0,1493776,27707392,38797312
1775670016.001305,1305,ubuntu-rog,1,0,0,65683160,27971192,53056428,309104,23658604,0,12295388,21921036,10274628,0,2020760,21921036,0,0,8388604,8388604,0,0,64,0,10249700,365172,25832,1874100,2542452,1874100,668352,13808,42256,0,0,0,0,41230184,13972588,34359738367,85972,0,81200,0,0,0,0,0,0,0,0,0,0,0,2048,0,1493776,27707392,38797312
1775670017.001062,1062,ubuntu-rog,1,0,0,65683160,27971192,53056428,309104,23658604,0,12295388,21921036,10274628,0,2020760,21921036,0,0,8388604,8388604,0,0,64,0,10249700,365172,25832,1874100,2542452,1874100,668352,13808,42256,0,0,0,0,41230184,13972588,34359738367,85972,0,81200,0,0,0,0,0,0,0,0,0,0,0,2048,0,1493776,27707392,38797312
1775670018.001064,1064,ubuntu-rog,1,0,0,65683160,27971444,53056748,309104,23658608,0,12295444,21921104,10274684,0,2020760,21921104,0,0,8388604,8388604,0,0,68,0,10249700,365172,25832,1874100,2542452,1874100,668352,13792,42256,0,0,0,0,41230184,13972588,34359738367,85956,0,81200,0,0,0,0,0,0,0,0,0,0,0,2048,0,1493776,27707392,38797312
1775670019.002301,2301,ubuntu-rog,1,0,0,65683160,27971444,53056748,309104,23658608,0,12295444,21921104,10274684,0,2020760,21921104,0,0,8388604,8388604,0,0,68,0,10249700,365172,25832,1874100,2542452,1874100,668352,13792,42256,0,0,0,0,41230184,13972588,34359738367,85956,0,81200,0,0,0,0,0,0,0,0,0,0,0,2048,0,1493776,27707392,38797312
1775670020.001201,1201,ubuntu-rog,1,0,0,65683160,27971444,53056748,309104,23658608,0,12295444,21921104,10274684,0,2020760,21921104,0,0,8388604,8388604,0,0,68,0,10249700,365172,25832,1874100,2542452,1874100,668352,13792,42256,0,0,0,0,41230184,13972588,34359738367,85956,0,81200,0,0,0,0,0,0,0,0,0,0,0,2048,0,1493776,27707392,38797312
1775670021.001307,1307,ubuntu-rog,1,0,0,65683160,27971444,53056748,309112,23658604,0,12295444,21921104,10274684,0,2020760,21921104,0,0,8388604,8388604,0,0,72,0,10249700,365172,25832,1874100,2542452,1874100,668352,13792,42256,0,0,0,0,41230184,13972588,34359738367,85956,0,81200,0,0,0,0,0,0,0,0,0,0,0,2048,0,1493776,27707392,38797312
1775670022.001062,1062,ubuntu-rog,1,0,0,65683160,27971444,53056748,309112,23658616,0,12295444,21921104,10274684,0,2020760,21921104,0,0,8388604,8388604,0,0,76,0,10249700,365172,25832,1874100,2542452,1874100,668352,13792,42256,0,0,0,0,41230184,13972588,34359738367,85956,0,81200,0,0,0,0,0,0,0,0,0,0,0,2048,0,1493776,27707392,38797312
1775670023.002064,2064,ubuntu-rog,1,0,0,65683160,27971444,53056748,309112,23658616,0,12295444,21921104,10274684,0,2020760,21921104,0,0,8388604,8388604,0,0,76,0,10249700,365172,25832,1874100,2542452,1874100,668352,13792,42256,0,0,0,0,41230184,13972588,34359738367,85956,0,81200,0,0,0,0,0,0,0,0,0,0,0,2048,0,1493776,27707392,38797312
1775670024.001301,1301,ubuntu-rog,1,0,0,65683160,27971444,53056748,309112,23658620,0,12295444,21921104,10274684,0,2020760,21921104,0,0,8388604,8388604,0,0,80,0,10249700,365172,25832,1874100,2542452,1874100,668352,13792,42256,0,0,0,0,41230184,13972588,34359738367,85956,0,81200,0,0,0,0,0,0,0,0,0,0,0,2048,0,1493776,27707392,38797312
1775670025.001201,1201,ubuntu-rog,1,0,0,65683160,27971444,53056748,309112,23658624,0,12295444,21921104,10274684,0,2020760,21921104,0,0,8388604,8388604,0,0,84,0,10249700,365172,25832,1874100,2542452,1874100,668352,13792,42256,0,0,0,0,41230184,13972588,34359738367,85956,0,81200,0,0,0,0,0,0,0,0,0,0,0,2048,0,1493776,27707392,38797312
1775670026.001304,1304,ubuntu-rog,1,0,0,65683160,27971444,53056748,309112,23658624,0,12295444,21921104,10274684,0,2020760,21921104,0,0,8388604,8388604,0,0,84,0,10249700,365172,25832,1874100,2542452,1874100,668352,13792,42256,0,0,0,0,41230184,13972588,34359738367,85956,0,81200,0,0,0,0,0,0,0,0,0,0,0,2048,0,1493776,27707392,38797312
1775670027.002058,2058,ubuntu-rog,1,0,0,65683160,27971444,53056748,309120,23658624,0,12295444,21921104,10274684,0,2020760,21921104,0,0,8388604,8388604,0,0,84,0,10249700,365172,25832,1874100,2542452,1874100,668352,13792,42256,0,0,0,0,41230184,13972588,34359738367,85956,0,81200,0,0,0,0,0,0,0,0,0,0,0,2048,0,1493776,27707392,38797312
1775670028.001064,1064,ubuntu-rog,1,0,0,65683160,27971444,53056764,309120,23658632,0,12295444,21921120,10274684,0,2020760,21921120,0,0,8388604,8388604,0,0,52,0,10249700,365172,25832,1874100,2542452,1874100,668352,13792,42256,0,0,0,0,41230184,13972588,34359738367,85956,0,81200,0,0,0,0,0,0,0,0,0,0,0,2048,0,1493776,27707392,38797312
1775670029.001306,1306,ubuntu-rog,1,0,0,65683160,27970104,53055424,309132,23658640,0,12295616,21921120,10274856,0,2020760,21921120,0,0,8388604,8388604,0,0,292,0,10249704,365176,25832,1874100,2542452,1874100,668352,13824,42256,0,0,0,0,41230184,13972588,34359738367,85988,0,81200,0,0,0,0,0,0,0,0,0,0,0,2048,0,1493776,27707392,38797312
1775670030.001200,1200,ubuntu-rog,1,0,0,65683160,27970104,53055424,309132,23658640,0,12295616,21921120,10274856,0,2020760,21921120,0,0,8388604,8388604,0,0,292,0,10249704,365176,25832,1874100,2542452,1874100,668352,13824,42256,0,0,0,0,41230184,13972588,34359738367,85988,0,81200,0,0,0,0,0,0,0,0,0,0,0,2048,0,1493776,27707392,38797312
1775670031.002301,2301,ubuntu-rog,1,0,0,65683160,27970104,53055424,309132,23658644,0,12295616,21921120,10274856,0,2020760,21921120,0,0,8388604,8388604,0,0,296,0,10249704,365176,25832,1874100,2542452,1874100,668352,13824,42256,0,0,0,0,41230184,13972588,34359738367,85988,0,81200,0,0,0,0,0,0,0,0,0,0,0,2048,0,1493776,27707392,38797312
1775670032.001061,1061,ubuntu-rog,1,0,0,65683160,27970848,53056168,309132,23658644,0,12295616,21921120,10274856,0,2020760,21921120,0,0,8388604,8388604,0,0,296,0,10249704,365176,25832,1874100,2542452,1874100,668352,13824,42256,0,0,0,0,41230184,13972588,34359738367,85988,0,81200,0,0,0,0,0,0,0,0,0,0,0,2048,0,1493776,27707392,38797312
1775670033.001064,1064,ubuntu-rog,1,0,0,65683160,27971008,53056336,309132,23658644,0,12295616,21921128,10274856,0,2020760,21921128,0,0,8388604,8388604,0,0,256,0,10249704,365176,25832,1874100,2542452,1874100,668352,13824,42256,0,0,0,0,41230184,13972588,34359738367,85988,0,81200,0,0,0,0,0,0,0,0,0,0,0,2048,0,1493776,27707392,38797312
1775670034.001301,1301,ubuntu-rog,1,0,0,65683160,27971008,53056336,309140,23658636,0,12295616,21921128,10274856,0,2020760,21921128,0,0,8388604,8388604,0,0,52,0,10249704,365176,25832,1874100,2542452,1874100,668352,13824,42256,0,0,0,0,41230184,13972588,34359738367,85988,0,81200,0,0,0,0,0,0,0,0,0,0,0,2048,0,1493776,27707392,38797312
1775670035.002198,2198,ubuntu-rog,1,0,0,65683160,27971008,53056336,309140,23658652,0,12295616,21921128,10274856,0,2020760,21921128,0,0,8388604,8388604,0,0,92,0,10249704,365176,25832,1874100,2542452,1874100,668352,13824,42256,0,0,0,0,41230184,13972588,34359738367,85988,0,81200,0,0,0,0,0,0,0,0,0,0,0,2048,0,1493776,27707392,38797312
1775670036.001299,1299,ubuntu-rog,1,0,0,65683160,27971008,53056336,309152,23658640,0,12295616,21921128,10274856,0,2020760,21921128,0,0,8388604,8388604,0,0,92,0,10249704,365176,25832,1874100,2542452,1874100,668352,13824,42256,0,0,0,0,41230184,13972588,34359738367,85988,0,81200,0,0,0,0,0,0,0,0,0,0,0,2048,0,1493776,27707392,38797312
1775670037.001061,1061,ubuntu-rog,1,0,0,65683160,27971008,53056468,309212,23658656,0,12295780,21921260,10275020,0,2020760,21921260,0,0,8388604,8388604,0,0,168,0,10249704,365176,25832,1874100,2542452,1874100,668352,13824,42256,0,0,0,0,41230184,13972588,34359738367,85988,0,81200,0,0,0,0,0,0,0,0,0,0,0,2048,0,1493776,27707392,38797312
1775670038.001066,1066,ubuntu-rog,1,0,0,65683160,27971008,53056468,309212,23658660,0,12295780,21921260,10275020,0,2020760,21921260,0,0,8388604,8388604,0,0,172,0,10249704,365176,25832,1874100,2542452,1874100,668352,13824,42256,0,0,0,0,41230184,13972588,34359738367,85988,0,81200,0,0,0,0,0,0,0,0,0,0,0,2048,0,1493776,27707392,38797312
1775670039.002300,2300,ubuntu-rog,1,0,0,65683160,27971008,53056468,309212,23658660,0,12295780,21921260,10275020,0,2020760,21921260,0,0,8388604,8388604,0,0,52,0,10249704,365176,25832,1874100,2542452,1874100,668352,13824,42256,0,0,0,0,41230184,13972588,34359738367,85988,0,81200,0,0,0,0,0,0,0,0,0,0,0,2048,0,1493776,27707392,38797312
1775670040.001198,1198,ubuntu-rog,1,0,0,65683160,27971008,53056468,309212,23658660,0,12295780,21921260,10275020,0,2020760,21921260,0,0,8388604,8388604,0,0,52,0,10249704,365176,25832,1874100,2542452,1874100,668352,13824,42256,0,0,0,0,41230184,13972588,34359738367,85988,0,81200,0,0,0,0,0,0,0,0,0,0,0,2048,0,1493776,27707392,38797312
1775670041.001292,1292,ubuntu-rog,1,0,0,65683160,27971008,53056468,309212,23658664,0,12295780,21921260,10275020,0,2020760,21921260,0,0,8388604,8388604,0,0,56,0,10249704,365176,25832,1874100,2542452,1874100,668352,13824,42256,0,0,0,0,41230184,13972588,34359738367,85988,0,81200,0,0,0,0,0,0,0,0,0,0,0,2048,0,1493776,27707392,38797312
1775670042.001066,1066,ubuntu-rog,1,0,0,65683160,27971008,53056468,309220,23658668,0,12295780,21921260,10275020,0,2020760,21921260,0,0,8388604,8388604,0,0,104,0,10249704,365176,25832,1874100,2542452,1874100,668352,13824,42256,0,0,0,0,41230184,13972588,34359738367,85988,0,81200,0,0,0,0,0,0,0,0,0,0,0,2048,0,1493776,27707392,38797312
1775670043.002063,2063,ubuntu-rog,1,0,0,65683160,27971008,53056468,309220,23658668,0,12295780,21921260,10275020,0,2020760,21921260,0,0,8388604,8388604,0,0,104,0,10249704,365176,25832,1874100,2542452,1874100,668352,13824,42256,0,0,0,0,41230184,13972588,34359738367,85988,0,81200,0,0,0,0,0,0,0,0,0,0,0,2048,0,1493776,27707392,38797312
1775670044.001321,1321,ubuntu-rog,1,0,0,65683160,27971008,53056468,309220,23658668,0,12295780,21921260,10275020,0,2020760,21921260,0,0,8388604,8388604,0,0,104,0,10249704,365176,25832,1874100,2542452,1874100,668352,13824,42256,0,0,0,0,41230184,13972588,34359738367,85988,0,81200,0,0,0,0,0,0,0,0,0,0,0,2048,0,1493776,27707392,38797312
1775670045.001196,1196,ubuntu-rog,1,0,0,65683160,27971008,53056468,309220,23658672,0,12295780,21921260,10275020,0,2020760,21921260,0,0,8388604,8388604,0,0,108,0,10249704,365176,25832,1874100,2542452,1874100,668352,13824,42256,0,0,0,0,41230184,13972588,34359738367,85988,0,81200,0,0,0,0,0,0,0,0,0,0,0,2048,0,1493776,27707392,38797312
1775670046.001498,1498,ubuntu-rog,1,0,0,65683160,27971008,53056468,309220,23658672,0,12295780,21921260,10275020,0,2020760,21921260,0,0,8388604,8388604,0,0,108,0,10249704,365176,25832,1874100,2542452,1874100,668352,13824,42256,0,0,0,0,41230184,13972588,34359738367,85988,0,81200,0,0,0,0,0,0,0,0,0,0,0,2048,0,1493776,27707392,38797312
1775670047.002062,2062,ubuntu-rog,1,0,0,65683160,27971008,53056468,309220,23658676,0,12295780,21921260,10275020,0,2020760,21921260,0,0,8388604,8388604,0,0,112,0,10249704,365176,25832,1874100,2542452,1874100,668352,13824,42256,0,0,0,0,41230184,13972588,34359738367,85988,0,81200,0,0,0,0,0,0,0,0,0,0,0,2048,0,1493776,27707392,38797312
1775670048.001067,1067,ubuntu-rog,1,0,0,65683160,27971008,53056468,309228,23658676,0,12295780,21921260,10275020,0,2020760,21921260,0,0,8388604,8388604,0,0,116,0,10249704,365176,25832,1874100,2542452,1874100,668352,13824,42256,0,0,0,0,41230184,13972588,34359738367,85988,0,81200,0,0,0,0,0,0,0,0,0,0,0,2048,0,1493776,27707392,38797312
1775670049.001299,1299,ubuntu-rog,1,0,0,65683160,27971008,53056468,309228,23658684,0,12295780,21921260,10275020,0,2020760,21921260,0,0,8388604,8388604,0,0,124,0,10249704,365176,25832,1874100,2542452,1874100,668352,13824,42256,0,0,0,0,41230184,13972588,34359738367,86004,0,81200,0,0,0,0,0,0,0,0,0,0,0,2048,0,1493776,27707392,38797312
1775670050.001197,1197,ubuntu-rog,1,0,0,65683160,27971008,53056468,309228,23658684,0,12295780,21921260,10275020,0,2020760,21921260,0,0,8388604,8388604,0,0,124,0,10249704,365176,25832,1874100,2542452,1874100,668352,13824,42256,0,0,0,0,41230184,13972588,34359738367,86004,0,81200,0,0,0,0,0,0,0,0,0,0,0,2048,0,1493776,27707392,38797312
1775670051.002294,2294,ubuntu-rog,1,0,0,65683160,27971008,53056468,309228,23658684,0,12295780,21921260,10275020,0,2020760,21921260,0,0,8388604,8388604,0,0,124,0,10249704,365176,25832,1874100,2542452,1874100,668352,13776,42256,0,0,0,0,41230184,13972588,34359738367,85972,0,81200,0,0,0,0,0,0,0,0,0,0,0,2048,0,1493776,27707392,38797312
1775670052.001064,1064,ubuntu-rog,1,0,0,65683160,27971008,53056468,309228,23658688,0,12295780,21921260,10275020,0,2020760,21921260,0,0,8388604,8388604,0,0,128,0,10249704,365176,25832,1874100,2542452,1874100,668352,13776,42256,0,0,0,0,41230184,13972588,34359738367,85972,0,81200,0,0,0,0,0,0,0,0,0,0,0,2048,0,1493776,27707392,38797312
1775670053.001054,1054,ubuntu-rog,1,0,0,65683160,27971008,53056468,309228,23658692,0,12295780,21921260,10275020,0,2020760,21921260,0,0,8388604,8388604,0,0,132,0,10249704,365176,25832,1874100,2542452,1874100,668352,13776,42256,0,0,0,0,41230184,13972588,34359738367,85972,0,81200,0,0,0,0,0,0,0,0,0,0,0,2048,0,1493776,27707392,38797312
1775670054.001296,1296,ubuntu-rog,1,0,0,65683160,27971008,53056468,309236,23658684,0,12295780,21921260,10275020,0,2020760,21921260,0,0,8388604,8388604,0,0,132,0,10249704,365176,25832,1874100,2542452,1874100,668352,13776,42256,0,0,0,0,41230184,13972588,34359738367,85972,0,81200,0,0,0,0,0,0,0,0,0,0,0,2048,0,1493776,27707392,38797312
1775670055.002194,2194,ubuntu-rog,1,0,0,65683160,27971008,53056468,309236,23658692,0,12295780,21921260,10275020,0,2020760,21921260,0,0,8388604,8388604,0,0,132,0,10249704,365176,25832,1874100,2542452,1874100,668352,13776,42256,0,0,0,0,41230184,13972588,34359738367,85972,0,81200,0,0,0,0,0,0,0,0,0,0,0,2048,0,1493776,27707392,38797312
1775670056.001299,1299,ubuntu-rog,1,0,0,65683160,27971008,53056468,309236,23658696,0,12295780,21921260,10275020,0,2020760,21921260,0,0,8388604,8388604,0,0,136,0,10249704,365176,25832,1874100,2542452,1874100,668352,13776,42256,0,0,0,0,41230184,13972588,34359738367,85972,0,81200,0,0,0,0,0,0,0,0,0,0,0,2048,0,1493776,27707392,38797312
1775670057.001063,1063,ubuntu-rog,1,0,0,65683160,27971008,53056468,309236,23658696,0,12295780,21921260,10275020,0,2020760,21921260,0,0,8388604,8388604,0,0,136,0,10249704,365176,25832,1874100,2542452,1874100,668352,13776,42256,0,0,0,0,41230184,13972588,34359738367,85972,0,81200,0,0,0,0,0,0,0,0,0,0,0,2048,0,1493776,27707392,38797312
1775670058.001067,1067,ubuntu-rog,1,0,0,65683160,27971008,53056468,309236,23658696,0,12295780,21921260,10275020,0,2020760,21921260,0,0,8388604,8388604,0,0,136,0,10249704,365176,25832,1874100,2542452,1874100,668352,13776,42256,0,0,0,0,41230184,13972588,34359738367,85972,0,81200,0,0,0,0,0,0,0,0,0,0,0,2048,0,1493776,27707392,38797312
1775670059.002297,2297,ubuntu-rog,1,0,0,65683160,27971008,53056468,309236,23658700,0,12295864,21921260,10275104,0,2020760,21921260,0,0,8388604,8388604,0,0,104,0,10249704,365176,25832,1874100,2542452,1874100,668352,13776,42256,0,0,0,0,41230184,13972588,34359738367,85972,0,81200,0,0,0,0,0,0,0,0,0,0,0,2048,0,1493776,27707392,38797312
1775670060.001175,1175,ubuntu-rog,1,0,0,65683160,27971008,53056468,309236,23658704,0,12295864,21921260,10275104,0,2020760,21921260,0,0,8388604,8388604,0,0,92,0,10249704,365176,25832,1874100,2542452,1874100,668352,13776,42256,0,0,0,0,41230184,13972588,34359738367,85972,0,81200,0,0,0,0,0,0,0,0,0,0,0,2048,0,1493776,27707392,38797312
1775670061.001305,1305,ubuntu-rog,1,0,0,65683160,27971008,53056468,309248,23658692,0,12295864,21921260,10275104,0,2020760,21921260,0,0,8388604,8388604,0,0,92,0,10249704,365176,25832,1874100,2542452,1874100,668352,13776,42256,0,0,0,0,41230184,13972588,34359738367,85972,0,81200,0,0,0,0,0,0,0,0,0,0,0,2048,0,1493776,27707392,38797312
1775670062.001067,1067,ubuntu-rog,1,0,0,65683160,27971008,53056468,309248,23658708,0,12295864,21921260,10275104,0,2020760,21921260,0,0,8388604,8388604,0,0,128,0,10249704,365176,25832,1874100,2542452,1874100,668352,13776,42256,0,0,0,0,41230184,13972588,34359738367,85972,0,81200,0,0,0,0,0,0,0,0,0,0,0,2048,0,1493776,27707392,38797312
1775670063.002064,2064,ubuntu-rog,1,0,0,65683160,27970756,53056216,309248,23658712,0,12295864,21921260,10275104,0,2020760,21921260,0,0,8388604,8388604,0,0,132,0,10249704,365176,25832,1874100,2542452,1874100,668352,13776,42256,0,0,0,0,41230184,13972588,34359738367,85972,0,81200,0,0,0,0,0,0,0,0,0,0,0,2048,0,1493776,27707392,38797312
1775670064.001301,1301,ubuntu-rog,1,0,0,65683160,27970756,53056216,309248,23658712,0,12295864,21921260,10275104,0,2020760,21921260,0,0,8388604,8388604,0,0,132,0,10249704,365176,25832,1874100,2542452,1874100,668352,13776,42256,0,0,0,0,41230184,13972588,34359738367,85972,0,81200,0,0,0,0,0,0,0,0,0,0,0,2048,0,1493776,27707392,38797312
1775670065.001198,1198,ubuntu-rog,1,0,0,65683160,27970756,53056216,309248,23658712,0,12295864,21921260,10275104,0,2020760,21921260,0,0,8388604,8388604,0,0,132,0,10249704,365176,25832,1874100,2542452,1874100,668352,13776,42256,0,0,0,0,41230184,13972588,34359738367,85972,0,81200,0,0,0,0,0,0,0,0,0,0,0,2048,0,1493776,27707392,38797312
1775670066.001299,1299,ubuntu-rog,1,0,0,65683160,27970756,53056216,309248,23658720,0,12295864,21921260,10275104,0,2020760,21921260,0,0,8388604,8388604,0,0,140,0,10249704,365176,25832,1874100,2542452,1874100,668352,13776,42256,0,0,0,0,41230184,13972588,34359738367,85972,0,81200,0,0,0,0,0,0,0,0,0,0,0,2048,0,1493776,27707392,38797312
1775670067.002052,2052,ubuntu-rog,1,0,0,65683160,27970756,53056216,309256,23658712,0,12295864,21921260,10275104,0,2020760,21921260,0,0,8388604,8388604,0,0,140,0,10249704,365176,25832,1874100,2542452,1874100,668352,13776,42256,0,0,0,0,41230184,13972588,34359738367,85972,0,81200,0,0,0,0,0,0,0,0,0,0,0,2048,0,1493776,27707392,38797312
1775670068.001069,1069,ubuntu-rog,1,0,0,65683160,27970756,53056216,309256,23658720,0,12295864,21921260,10275104,0,2020760,21921260,0,0,8388604,8388604,0,0,140,0,10249704,365176,25832,1874100,2542452,1874100,668352,13776,42256,0,0,0,0,41230184,13972588,34359738367,85972,0,81200,0,0,0,0,0,0,0,0,0,0,0,2048,0,1493776,27707392,38797312
1775670069.001302,1302,ubuntu-rog,1,0,0,65683160,27970756,53056216,309256,23658724,0,12295864,21921260,10275104,0,2020760,21921260,0,0,8388604,8388604,0,0,100,0,10249704,365176,25832,1874100,2542452,1874100,668352,13776,42256,0,0,0,0,41230184,13972588,34359738367,85972,0,81200,0,0,0,0,0,0,0,0,0,0,0,2048,0,1493776,27707392,38797312
1775670070.001195,1195,ubuntu-rog,1,0,0,65683160,27970756,53056216,309256,23658724,0,12295864,21921260,10275104,0,2020760,21921260,0,0,8388604,8388604,0,0,100,0,10249704,365176,25832,1874100,2542452,1874100,668352,13776,42256,0,0,0,0,41230184,13972588,34359738367,85972,0,81200,0,0,0,0,0,0,0,0,0,0,0,2048,0,1493776,27707392,38797312
1775670071.002294,2294,ubuntu-rog,1,0,0,65683160,27970756,53056216,309256,23658724,0,12295864,21921260,10275104,0,2020760,21921260,0,0,8388604,8388604,0,0,100,0,10249704,365176,25832,1874100,2542452,1874100,668352,13776,42256,0,0,0,0,41230184,13972588,34359738367,85972,0,81200,0,0,0,0,0,0,0,0,0,0,0,2048,0,1493776,27707392,38797312
1775670072.001064,1064,ubuntu-rog,1,0,0,65683160,27970756,53056216,309256,23658728,0,12295864,21921260,10275104,0,2020760,21921260,0,0,8388604,8388604,0,0,108,0,10249704,365176,25832,1874100,2542452,1874100,668352,13776,42256,0,0,0,0,41230184,13972588,34359738367,85972,0,81200,0,0,0,0,0,0,0,0,0,0,0,2048,0,1493776,27707392,38797312
1775670073.001065,1065,ubuntu-rog,1,0,0,65683160,27970756,53056216,309256,23658732,0,12295864,21921260,10275104,0,2020760,21921260,0,0,8388604,8388604,0,0,32,0,10249704,365176,25832,1874100,2542452,1874100,668352,13776,42256,0,0,0,0,41230184,13972588,34359738367,85972,0,81200,0,0,0,0,0,0,0,0,0,0,0,2048,0,1493776,27707392,38797312
1775670074.001297,1297,ubuntu-rog,1,0,0,65683160,27974292,53059752,309264,23658740,0,12295800,21921260,10275040,0,2020760,21921260,0,0,8388604,8388604,0,0,200,0,10249432,364904,25836,1874100,2542468,1874100,668368,13808,42252,0,0,0,0,41230184,13972588,34359738367,85972,0,81200,0,0,0,0,0,0,0,0,0,0,0,2048,0,1493776,27707392,38797312
1775670075.002195,2195,ubuntu-rog,1,0,0,65683160,27974268,53059736,309264,23658736,0,12295852,21921268,10275092,0,2020760,21921268,0,0,8388604,8388604,0,0,256,0,10249704,365176,25832,1874100,2542436,1874100,668336,13792,42256,0,0,0,0,41230184,13972588,34359738367,85972,0,81200,0,0,0,0,0,0,0,0,0,0,0,2048,0,1493776,27707392,38797312
1775670076.001299,1299,ubuntu-rog,1,0,0,65683160,27974268,53059736,309264,23658740,0,12295852,21921268,10275092,0,2020760,21921268,0,0,8388604,8388604,0,0,260,0,10249704,365176,25832,1874100,2542436,1874100,668336,13792,42256,0,0,0,0,41230184,13972588,34359738367,85972,0,81200,0,0,0,0,0,0,0,0,0,0,0,2048,0,1493776,27707392,38797312
1775670077.001062,1062,ubuntu-rog,1,0,0,65683160,27974268,53059736,309264,23658740,0,12295852,21921268,10275092,0,2020760,21921268,0,0,8388604,8388604,0,0,260,0,10249704,365176,25832,1874100,2542436,1874100,668336,13792,42256,0,0,0,0,41230184,13972588,34359738367,85972,0,81200,0,0,0,0,0,0,0,0,0,0,0,2048,0,1493776,27707392,38797312
1775670078.001066,1066,ubuntu-rog,1,0,0,65683160,27974268,53059736,309264,23658744,0,12295852,21921268,10275092,0,2020760,21921268,0,0,8388604,8388604,0,0,264,0,10249704,365176,25832,1874100,2542436,1874100,668336,13792,42256,0,0,0,0,41230184,13972588,34359738367,85972,0,81200,0,0,0,0,0,0,0,0,0,0,0,2048,0,1493776,27707392,38797312
1775670079.002297,2297,ubuntu-rog,1,0,0,65683160,27974268,53059736,309272,23658736,0,12295852,21921268,10275092,0,2020760,21921268,0,0,8388604,8388604,0,0,264,0,10249704,365176,25832,1874100,2542436,1874100,668336,13792,42256,0,0,0,0,41230184,13972588,34359738367,85972,0,81200,0,0,0,0,0,0,0,0,0,0,0,2048,0,1493776,27707392,38797312
1775670080.001135,1135,ubuntu-rog,1,0,0,65683160,27974268,53059736,309272,23658748,0,12295852,21921268,10275092,0,2020760,21921268,0,0,8388604,8388604,0,0,288,0,10249704,365176,25832,1874100,2542436,1874100,668336,13792,42256,0,0,0,0,41230184,13972588,34359738367,85972,0,81200,0,0,0,0,0,0,0,0,0,0,0,2048,0,1493776,27707392,38797312
1775670081.002243,2243,ubuntu-rog,1,0,0,65683160,27974268,53059736,309272,23658748,0,12295852,21921268,10275092,0,2020760,21921268,0,0,8388604,8388604,0,0,288,0,10249704,365176,25832,1874100,2542436,1874100,668336,13792,42256,0,0,0,0,41230184,13972588,34359738367,85972,0,81200,0,0,0,0,0,0,0,0,0,0,0,2048,0,1493776,27707392,38797312
1775670082.001066,1066,ubuntu-rog,1,0,0,65683160,27974268,53059736,309272,23658748,0,12295852,21921268,10275092,0,2020760,21921268,0,0,8388604,8388604,0,0,288,0,10249704,365176,25832,1874100,2542436,1874100,668336,13792,42256,0,0,0,0,41230184,13972588,34359738367,85972,0,81200,0,0,0,0,0,0,0,0,0,0,0,2048,0,1493776,27707392,38797312
1775670083.001067,1067,ubuntu-rog,1,0,0,65683160,27974520,53060000,309272,23658752,0,12295996,21921280,10275236,0,2020760,21921280,0,0,8388604,8388604,0,0,292,0,10249868,365176,25832,1874100,2542444,1874100,668344,13792,42256,0,0,0,0,41230184,13972740,34359738367,85972,0,81200,0,0,0,0,0,0,0,0,0,0,0,2048,0,1493776,27707392,38797312
1775670084.001302,1302,ubuntu-rog,1,0,0,65683160,27974520,53060000,309272,23658752,0,12295996,21921280,10275236,0,2020760,21921280,0,0,8388604,8388604,0,0,292,0,10249868,365176,25832,1874100,2542444,1874100,668344,13792,42256,0,0,0,0,41230184,13972740,34359738367,85972,0,81200,0,0,0,0,0,0,0,0,0,0,0,2048,0,1493776,27707392,38797312
1775670085.002192,2192,ubuntu-rog,1,0,0,65683160,27974520,53060000,309280,23658748,0,12295996,21921280,10275236,0,2020760,21921280,0,0,8388604,8388604,0,0,296,0,10249868,365176,25832,1874100,2542444,1874100,668344,13792,42256,0,0,0,0,41230184,13972740,34359738367,85972,0,81200,0,0,0,0,0,0,0,0,0,0,0,2048,0,1493776,27707392,38797312
1775670086.001300,1300,ubuntu-rog,1,0,0,65683160,27974520,53060124,309280,23658760,0,12295996,21921404,10275236,0,2020760,21921404,0,0,8388604,8388604,0,0,300,0,10249868,365176,25832,1874100,2542444,1874100,668344,13792,42256,0,0,0,0,41230184,13972740,34359738367,85972,0,81200,0,0,0,0,0,0,0,0,0,0,0,2048,0,1493776,27707392,38797312
1775670087.001051,1051,ubuntu-rog,1,0,0,65683160,27974520,53060124,309280,23658764,0,12295996,21921404,10275236,0,2020760,21921404,0,0,8388604,8388604,0,0,304,0,10249868,365176,25832,1874100,2542444,1874100,668344,13792,42256,0,0,0,0,41230184,13972740,34359738367,85972,0,81200,0,0,0,0,0,0,0,0,0,0,0,2048,0,1493776,27707392,38797312
1775670088.002067,2067,ubuntu-rog,1,0,0,65683160,27974520,53060124,309280,23658764,0,12295996,21921404,10275236,0,2020760,21921404,0,0,8388604,8388604,0,0,304,0,10249868,365176,25832,1874100,2542444,1874100,668344,13792,42256,0,0,0,0,41230184,13972740,34359738367,85972,0,81200,0,0,0,0,0,0,0,0,0,0,0,2048,0,1493776,27707392,38797312
1775670089.001297,1297,ubuntu-rog,1,0,0,65683160,27974520,53060124,309280,23658764,0,12295996,21921404,10275236,0,2020760,21921404,0,0,8388604,8388604,0,0,264,0,10249868,365176,25832,1874100,2542444,1874100,668344,13792,42256,0,0,0,0,41230184,13972740,34359738367,85972,0,81200,0,0,0,0,0,0,0,0,0,0,0,2048,0,1493776,27707392,38797312
1775670090.001195,1195,ubuntu-rog,1,0,0,65683160,27974520,53060124,309280,23658768,0,12295996,21921404,10275236,0,2020760,21921404,0,0,8388604,8388604,0,0,272,0,10249868,365176,25832,1874100,2542444,1874100,668344,13792,42256,0,0,0,0,41230184,13972740,34359738367,85972,0,81200,0,0,0,0,0,0,0,0,0,0,0,2048,0,1493776,27707392,38797312
1775670091.001291,1291,ubuntu-rog,1,0,0,65683160,27974520,53060124,309292,23658772,0,12295996,21921404,10275236,0,2020760,21921404,0,0,8388604,8388604,0,0,284,0,10249868,365176,25832,1874100,2542444,1874100,668344,13792,42256,0,0,0,0,41230184,13972740,34359738367,85972,0,81200,0,0,0,0,0,0,0,0,0,0,0,2048,0,1493776,27707392,38797312
1775670092.002054,2054,ubuntu-rog,1,0,0,65683160,27974520,53060124,309292,23658772,0,12295996,21921404,10275236,0,2020760,21921404,0,0,8388604,8388604,0,0,284,0,10249868,365176,25832,1874100,2542444,1874100,668344,13792,42256,0,0,0,0,41230184,13972740,34359738367,85972,0,81200,0,0,0,0,0,0,0,0,0,0,0,2048,0,1493776,27707392,38797312
1775670093.001060,1060,ubuntu-rog,1,0,0,65683160,27974520,53060124,309292,23658772,0,12295964,21921404,10275204,0,2020760,21921404,0,0,8388604,8388604,0,0,284,0,10249860,365176,25832,1874100,2542444,1874100,668344,13792,42256,0,0,0,0,41230184,13972740,34359738367,85972,0,81200,0,0,0,0,0,0,0,0,0,0,0,2048,0,1493776,27707392,38797312
1775670094.001494,1494,ubuntu-rog,1,0,0,65683160,27974520,53060124,309292,23658776,0,12295964,21921404,10275204,0,2020760,21921404,0,0,8388604,8388604,0,0,288,0,10249860,365176,25832,1874100,2542444,1874100,668344,13792,42256,0,0,0,0,41230184,13972740,34359738367,85972,0,81200,0,0,0,0,0,0,0,0,0,0,0,2048,0,1493776,27707392,38797312
1775670095.002199,2199,ubuntu-rog,1,0,0,65683160,27974520,53060124,309292,23658776,0,12295964,21921404,10275204,0,2020760,21921404,0,0,8388604,8388604,0,0,288,0,10249860,365176,25832,1874100,2542444,1874100,668344,13792,42256,0,0,0,0,41230184,13972740,34359738367,85972,0,81200,0,0,0,0,0,0,0,0,0,0,0,2048,0,1493776,27707392,38797312
1775670096.001296,1296,ubuntu-rog,1,0,0,65683160,27974520,53060124,309292,23658776,0,12295964,21921404,10275204,0,2020760,21921404,0,0,8388604,8388604,0,0,288,0,10249860,365176,25832,1874100,2542444,1874100,668344,13792,42256,0,0,0,0,41230184,13972740,34359738367,85972,0,81200,0,0,0,0,0,0,0,0,0,0,0,2048,0,1493776,27707392,38797312
1775670097.001060,1060,ubuntu-rog,1,0,0,65683160,27974520,53060124,309292,23658784,0,12295964,21921404,10275204,0,2020760,21921404,0,0,8388604,8388604,0,0,296,0,10249860,365176,25832,1874100,2542444,1874100,668344,13792,42256,0,0,0,0,41230184,13972740,34359738367,85972,0,81200,0,0,0,0,0,0,0,0,0,0,0,2048,0,1493776,27707392,38797312
1775670098.001063,1063,ubuntu-rog,1,0,0,65683160,27974520,53060124,309292,23658784,0,12295964,21921404,10275204,0,2020760,21921404,0,0,8388604,8388604,0,0,296,0,10249860,365176,25832,1874100,2542444,1874100,668344,13792,42256,0,0,0,0,41230184,13972740,34359738367,85972,0,81200,0,0,0,0,0,0,0,0,0,0,0,2048,0,1493776,27707392,38797312
1775670099.002293,2293,ubuntu-rog,1,0,0,65683160,27974520,53060124,309300,23658780,0,12295964,21921404,10275204,0,2020760,21921404,0,0,8388604,8388604,0,0,300,0,10249860,365176,25832,1874100,2542444,1874100,668344,13792,42256,0,0,0,0,41230184,13972740,34359738367,85972,0,81200,0,0,0,0,0,0,0,0,0,0,0,2048,0,1493776,27707392,38797312
1775670100.001185,1185,ubuntu-rog,1,0,0,65683160,27974520,53060124,309300,23658788,0,12295964,21921404,10275204,0,2020760,21921404,0,0,8388604,8388604,0,0,300,0,10249860,365176,25832,1874100,2542444,1874100,668344,13792,42256,0,0,0,0,41230184,13972740,34359738367,85972,0,81200,0,0,0,0,0,0,0,0,0,0,0,2048,0,1493776,27707392,38797312
1775670101.001270,1270,ubuntu-rog,1,0,0,65683160,27974520,53060124,309300,23658792,0,12295964,21921404,10275204,0,2020760,21921404,0,0,8388604,8388604,0,0,304,0,10249860,365176,25832,1874100,2542444,1874100,668344,13792,42256,0,0,0,0,41230184,13972740,34359738367,85972,0,81200,0,0,0,0,0,0,0,0,0,0,0,2048,0,1493776,27707392,38797312
1775670102.001064,1064,ubuntu-rog,1,0,0,65683160,27974520,53060124,309300,23658792,0,12295964,21921404,10275204,0,2020760,21921404,0,0,8388604,8388604,0,0,304,0,10249860,365176,25832,1874100,2542444,1874100,668344,13792,42256,0,0,0,0,41230184,13972740,34359738367,85972,0,81200,0,0,0,0,0,0,0,0,0,0,0,2048,0,1493776,27707392,38797312
1775670103.002059,2059,ubuntu-rog,1,0,0,65683160,27974520,53060124,309300,23658796,0,12295964,21921404,10275204,0,2020760,21921404,0,0,8388604,8388604,0,0,308,0,10249860,365176,25832,1874100,2542444,1874100,668344,13792,42256,0,0,0,0,41230184,13972740,34359738367,85972,0,81200,0,0,0,0,0,0,0,0,0,0,0,2048,0,1493776,27707392,38797312
1775670104.001295,1295,ubuntu-rog,1,0,0,65683160,27974520,53060124,309300,23658800,0,12295964,21921404,10275204,0,2020760,21921404,0,0,8388604,8388604,0,0,312,0,10249860,365176,25832,1874100,2542444,1874100,668344,13808,42256,0,0,0,0,41230184,13972740,34359738367,85972,0,81200,0,0,0,0,0,0,0,0,0,0,0,2048,0,1493776,27707392,38797312
1775670105.001188,1188,ubuntu-rog,1,0,0,65683160,27974520,53060124,309300,23658800,0,12295964,21921404,10275204,0,2020760,21921404,0,0,8388604,8388604,0,0,24,0,10249860,365176,25832,1874100,2542444,1874100,668344,13808,42256,0,0,0,0,41230184,13972740,34359738367,85972,0,81200,0,0,0,0,0,0,0,0,0,0,0,2048,0,1493776,27707392,38797312
1775670106.001297,1297,ubuntu-rog,1,0,0,65683160,27974520,53060124,309308,23658792,0,12295964,21921404,10275204,0,2020760,21921404,0,0,8388604,8388604,0,0,24,0,10249860,365176,25832,1874100,2542444,1874100,668344,13808,42256,0,0,0,0,41230184,13972740,34359738367,85972,0,81200,0,0,0,0,0,0,0,0,0,0,0,2048,0,1493776,27707392,38797312
1775670107.002056,2056,ubuntu-rog,1,0,0,65683160,27974520,53060124,309308,23658800,0,12295964,21921404,10275204,0,2020760,21921404,0,0,8388604,8388604,0,0,44,0,10249860,365176,25832,1874100,2542444,1874100,668344,13808,42256,0,0,0,0,41230184,13972740,34359738367,85972,0,81200,0,0,0,0,0,0,0,0,0,0,0,2048,0,1493776,27707392,38797312
1775670108.001367,1367,ubuntu-rog,1,0,0,65683160,27974520,53060124,309308,23658804,0,12295964,21921404,10275204,0,2020760,21921404,0,0,8388604,8388604,0,0,48,0,10249860,365176,25832,1874100,2542444,1874100,668344,13808,42256,0,0,0,0,41230184,13972740,34359738367,85972,0,81200,0,0,0,0,0,0,0,0,0,0,0,2048,0,1493776,27707392,38797312
1775670109.002299,2299,ubuntu-rog,1,0,0,65683160,27974520,53060124,309308,23658804,0,12295964,21921404,10275204,0,2020760,21921404,0,0,8388604,8388604,0,0,48,0,10249860,365176,25832,1874100,2542444,1874100,668344,13808,42256,0,0,0,0,41230184,13972740,34359738367,85972,0,81200,0,0,0,0,0,0,0,0,0,0,0,2048,0,1493776,27707392,38797312
1775670110.001195,1195,ubuntu-rog,1,0,0,65683160,27974520,53060124,309308,23658808,0,12295964,21921404,10275204,0,2020760,21921404,0,0,8388604,8388604,0,0,56,0,10249860,365176,25832,1874100,2542444,1874100,668344,13808,42256,0,0,0,0,41230184,13972740,34359738367,85972,0,81200,0,0,0,0,0,0,0,0,0,0,0,2048,0,1493776,27707392,38797312
1775670111.001298,1298,ubuntu-rog,1,0,0,65683160,27974520,53060124,309308,23658816,0,12295964,21921404,10275204,0,2020760,21921404,0,0,8388604,8388604,0,0,68,0,10249860,365176,25832,1874100,2542444,1874100,668344,13808,42256,0,0,0,0,41230184,13972740,34359738367,85972,0,81200,0,0,0,0,0,0,0,0,0,0,0,2048,0,1493776,27707392,38797312
1775670112.001063,1063,ubuntu-rog,1,0,0,65683160,27974520,53060124,309308,23658816,0,12295964,21921404,10275204,0,2020760,21921404,0,0,8388604,8388604,0,0,68,0,10249860,365176,25832,1874100,2542444,1874100,668344,13808,42256,0,0,0,0,41230184,13972740,34359738367,85972,0,81200,0,0,0,0,0,0,0,0,0,0,0,2048,0,1493776,27707392,38797312
1775670113.002060,2060,ubuntu-rog,1,0,0,65683160,27974520,53060124,309316,23658816,0,12295964,21921404,10275204,0,2020760,21921404,0,0,8388604,8388604,0,0,72,0,10249860,365176,25832,1874100,2542444,1874100,668344,13808,42256,0,0,0,0,41230184,13972740,34359738367,85972,0,81200,0,0,0,0,0,0,0,0,0,0,0,2048,0,1493776,27707392,38797312
1775670114.001292,1292,ubuntu-rog,1,0,0,65683160,27974520,53060124,309316,23658820,0,12295964,21921404,10275204,0,2020760,21921404,0,0,8388604,8388604,0,0,76,0,10249860,365176,25832,1874100,2542444,1874100,668344,13808,42256,0,0,0,0,41230184,13972740,34359738367,85972,0,81200,0,0,0,0,0,0,0,0,0,0,0,2048,0,1493776,27707392,38797312
1775670115.001187,1187,ubuntu-rog,1,0,0,65683160,27974520,53060124,309316,23658820,0,12295964,21921404,10275204,0,2020760,21921404,0,0,8388604,8388604,0,0,76,0,10249860,365176,25832,1874100,2542444,1874100,668344,13808,42256,0,0,0,0,41230184,13972740,34359738367,85972,0,81200,0,0,0,0,0,0,0,0,0,0,0,2048,0,1493776,27707392,38797312
1775670116.001306,1306,ubuntu-rog,1,0,0,65683160,27974520,53060124,309316,23658824,0,12295964,21921404,10275204,0,2020760,21921404,0,0,8388604,8388604,0,0,80,0,10249860,365176,25832,1874100,2542444,1874100,668344,13808,42256,0,0,0,0,41230184,13972740,34359738367,85972,0,81200,0,0,0,0,0,0,0,0,0,0,0,2048,0,1493776,27707392,38797312
1775670117.002054,2054,ubuntu-rog,1,0,0,65683160,27974520,53060124,309316,23658824,0,12295964,21921404,10275204,0,2020760,21921404,0,0,8388604,8388604,0,0,80,0,10249860,365176,25832,1874100,2542444,1874100,668344,13808,42256,0,0,0,0,41230184,13972740,34359738367,85972,0,81200,0,0,0,0,0,0,0,0,0,0,0,2048,0,1493776,27707392,38797312
1775670118.001063,1063,ubuntu-rog,1,0,0,65683160,27974520,53060124,309316,23658828,0,12295964,21921404,10275204,0,2020760,21921404,0,0,8388604,8388604,0,0,84,0,10249860,365176,25832,1874100,2542444,1874100,668344,13808,42256,0,0,0,0,41230184,13972740,34359738367,85972,0,81200,0,0,0,0,0,0,0,0,0,0,0,2048,0,1493776,27707392,38797312
1775670119.001291,1291,ubuntu-rog,1,0,0,65683160,27974520,53060124,309324,23658820,0,12295964,21921404,10275204,0,2020760,21921404,0,0,8388604,8388604,0,0,84,0,10249860,365176,25832,1874100,2542444,1874100,668344,13808,42256,0,0,0,0,41230184,13972740,34359738367,85972,0,81200,0,0,0,0,0,0,0,0,0,0,0,2048,0,1493776,27707392,38797312
1775670120.001191,1191,ubuntu-rog,1,0,0,65683160,27974520,53060124,309324,23658828,0,12295964,21921404,10275204,0,2020760,21921404,0,0,8388604,8388604,0,0,44,0,10249860,365176,25832,1874100,2542444,1874100,668344,13808,42256,0,0,0,0,41230184,13972740,34359738367,85972,0,81200,0,0,0,0,0,0,0,0,0,0,0,2048,0,1493776,27707392,38797312
1775670121.002285,2285,ubuntu-rog,1,0,0,65683160,27974520,53060124,309324,23658832,0,12295964,21921404,10275204,0,2020760,21921404,0,0,8388604,8388604,0,0,52,0,10249860,365176,25832,1874100,2542444,1874100,668344,13808,42256,0,0,0,0,41230184,13972740,34359738367,85972,0,81200,0,0,0,0,0,0,0,0,0,0,0,2048,0,1493776,27707392,38797312
1775670122.001058,1058,ubuntu-rog,1,0,0,65683160,27974520,53060248,309324,23658836,0,12295964,21921528,10275204,0,2020760,21921528,0,0,8388604,8388604,0,0,56,0,10249860,365176,25832,1874100,2542444,1874100,668344,13808,42256,0,0,0,0,41230184,13972740,34359738367,85972,0,81200,0,0,0,0,0,0,0,0,0,0,0,2048,0,1493776,27707392,38797312
1775670123.001060,1060,ubuntu-rog,1,0,0,65683160,27974520,53060248,309324,23658840,0,12295964,21921528,10275204,0,2020760,21921528,0,0,8388604,8388604,0,0,60,0,10249860,365176,25832,1874100,2542444,1874100,668344,13808,42256,0,0,0,0,41230184,13972740,34359738367,85972,0,81200,0,0,0,0,0,0,0,0,0,0,0,2048,0,1493776,27707392,38797312
1775670124.001291,1291,ubuntu-rog,1,0,0,65683160,27974520,53060248,309324,23658840,0,12295964,21921528,10275204,0,2020760,21921528,0,0,8388604,8388604,0,0,60,0,10249860,365176,25832,1874100,2542444,1874100,668344,13808,42256,0,0,0,0,41230184,13972740,34359738367,85972,0,81200,0,0,0,0,0,0,0,0,0,0,0,2048,0,1493776,27707392,38797312
1775670125.002200,2200,ubuntu-rog,1,0,0,65683160,27974520,53060248,309336,23658832,0,12295964,21921528,10275204,0,2020760,21921528,0,0,8388604,8388604,0,0,64,0,10249860,365176,25832,1874100,2542444,1874100,668344,13808,42256,0,0,0,0,41230184,13972740,34359738367,85972,0,81200,0,0,0,0,0,0,0,0,0,0,0,2048,0,1493776,27707392,38797312
1775670126.001294,1294,ubuntu-rog,1,0,0,65683160,27974520,53060248,309336,23658844,0,12295964,21921528,10275204,0,2020760,21921528,0,0,8388604,8388604,0,0,72,0,10249860,365176,25832,1874100,2542444,1874100,668344,13808,42256,0,0,0,0,41230184,13972740,34359738367,85972,0,81200,0,0,0,0,0,0,0,0,0,0,0,2048,0,1493776,27707392,38797312
1775670127.001060,1060,ubuntu-rog,1,0,0,65683160,27974520,53060248,309336,23658844,0,12295964,21921528,10275204,0,2020760,21921528,0,0,8388604,8388604,0,0,72,0,10249860,365176,25832,1874100,2542444,1874100,668344,13808,42256,0,0,0,0,41230184,13972740,34359738367,85972,0,81200,0,0,0,0,0,0,0,0,0,0,0,2048,0,1493776,27707392,38797312
1775670128.001062,1062,ubuntu-rog,1,0,0,65683160,27974520,53060248,309336,23658852,0,12295964,21921528,10275204,0,2020760,21921528,0,0,8388604,8388604,0,0,80,0,10249860,365176,25832,1874100,2542444,1874100,668344,13808,42256,0,0,0,0,41230184,13972740,34359738367,85972,0,81200,0,0,0,0,0,0,0,0,0,0,0,2048,0,1493776,27707392,38797312
1775670129.002271,2271,ubuntu-rog,1,0,0,65683160,27974520,53060248,309336,23658852,0,12295964,21921528,10275204,0,2020760,21921528,0,0,8388604,8388604,0,0,80,0,10249860,365176,25832,1874100,2542444,1874100,668344,13808,42256,0,0,0,0,41230184,13972740,34359738367,85972,0,81200,0,0,0,0,0,0,0,0,0,0,0,2048,0,1493776,27707392,38797312
1775670130.001200,1200,ubuntu-rog,1,0,0,65683160,27974520,53060248,309336,23658852,0,12295964,21921528,10275204,0,2020760,21921528,0,0,8388604,8388604,0,0,80,0,10249860,365176,25832,1874100,2542444,1874100,668344,13808,42256,0,0,0,0,41230184,13972740,34359738367,85972,0,81200,0,0,0,0,0,0,0,0,0,0,0,2048,0,1493776,27707392,38797312
1775670131.001297,1297,ubuntu-rog,1,0,0,65683160,27974520,53060248,309336,23658852,0,12295832,21921528,10275072,0,2020760,21921528,0,0,8388604,8388604,0,0,80,0,10249708,365176,25832,1874100,2542444,1874100,668344,13808,42256,0,0,0,0,41230184,13972588,34359738367,85972,0,81200,0,0,0,0,0,0,0,0,0,0,0,2048,0,1493776,27707392,38797312
1775670132.001059,1059,ubuntu-rog,1,0,0,65683160,27974520,53060248,309336,23658856,0,12295832,21921528,10275072,0,2020760,21921528,0,0,8388604,8388604,0,0,84,0,10249708,365176,25832,1874100,2542444,1874100,668344,13808,42256,0,0,0,0,41230184,13972588,34359738367,85972,0,81200,0,0,0,0,0,0,0,0,0,0,0,2048,0,1493776,27707392,38797312
1775670133.002057,2057,ubuntu-rog,1,0,0,65683160,27974520,53060248,309336,23658856,0,12295832,21921528,10275072,0,2020760,21921528,0,0,8388604,8388604,0,0,84,0,10249708,365176,25832,1874100,2542444,1874100,668344,13808,42256,0,0,0,0,41230184,13972588,34359738367,85972,0,81200,0,0,0,0,0,0,0,0,0,0,0,2048,0,1493776,27707392,38797312
1775670134.001295,1295,ubuntu-rog,1,0,0,65683160,27974520,53060248,309344,23658856,0,12295832,21921528,10275072,0,2020760,21921528,0,0,8388604,8388604,0,0,84,0,10249708,365176,25832,1874100,2542444,1874100,668344,13808,42256,0,0,0,0,41230184,13972588,34359738367,85972,0,81200,0,0,0,0,0,0,0,0,0,0,0,2048,0,1493776,27707392,38797312
1775670135.001185,1185,ubuntu-rog,1,0,0,65683160,27974520,53060248,309344,23658864,0,12295832,21921528,10275072,0,2020760,21921528,0,0,8388604,8388604,0,0,92,0,10249708,365176,25832,1874100,2542444,1874100,668344,13808,42256,0,0,0,0,41230184,13972588,34359738367,85972,0,81200,0,0,0,0,0,0,0,0,0,0,0,2048,0,1493776,27707392,38797312
1775670136.001479,1479,ubuntu-rog,1,0,0,65683160,27974520,53060248,309344,23658868,0,12295832,21921528,10275072,0,2020760,21921528,0,0,8388604,8388604,0,0,96,0,10249708,365176,25832,1874100,2542444,1874100,668344,13808,42256,0,0,0,0,41230184,13972588,34359738367,85972,0,81200,0,0,0,0,0,0,0,0,0,0,0,2048,0,1493776,27707392,38797312
1775670137.002063,2063,ubuntu-rog,1,0,0,65683160,27974520,53060284,309344,23658868,0,12295832,21921564,10275072,0,2020760,21921564,0,0,8388604,8388604,0,0,64,0,10249708,365176,25832,1874100,2542444,1874100,668344,13808,42256,0,0,0,0,41230184,13972588,34359738367,85972,0,81200,0,0,0,0,0,0,0,0,0,0,0,2048,0,1493776,27707392,38797312
1775670138.001067,1067,ubuntu-rog,1,0,0,65683160,27974520,53060284,309344,23658868,0,12295832,21921564,10275072,0,2020760,21921564,0,0,8388604,8388604,0,0,64,0,10249708,365176,25832,1874100,2542444,1874100,668344,13808,42256,0,0,0,0,41230184,13972588,34359738367,85972,0,81200,0,0,0,0,0,0,0,0,0,0,0,2048,0,1493776,27707392,38797312
1775670139.001297,1297,ubuntu-rog,1,0,0,65683160,27974520,53060284,309344,23658872,0,12295832,21921564,10275072,0,2020760,21921564,0,0,8388604,8388604,0,0,68,0,10249708,365176,25832,1874100,2542444,1874100,668344,13808,42256,0,0,0,0,41230184,13972588,34359738367,85972,0,81200,0,0,0,0,0,0,0,0,0,0,0,2048,0,1493776,27707392,38797312
1775670140.001194,1194,ubuntu-rog,1,0,0,65683160,27974520,53060284,309352,23658864,0,12295832,21921564,10275072,0,2020760,21921564,0,0,8388604,8388604,0,0,68,0,10249708,365176,25832,1874100,2542444,1874100,668344,13808,42256,0,0,0,0,41230184,13972588,34359738367,85972,0,81200,0,0,0,0,0,0,0,0,0,0,0,2048,0,1493776,27707392,38797312
1775670141.002283,2283,ubuntu-rog,1,0,0,65683160,27974520,53060296,309352,23658876,0,12295832,21921576,10275072,0,2020760,21921576,0,0,8388604,8388604,0,0,60,0,10249708,365176,25832,1874100,2542444,1874100,668344,13808,42256,0,0,0,0,41230184,13972588,34359738367,85972,0,81200,0,0,0,0,0,0,0,0,0,0,0,2048,0,1493776,27707392,38797312
1775670142.001061,1061,ubuntu-rog,1,0,0,65683160,27974520,53060296,309352,23658880,0,12295832,21921576,10275072,0,2020760,21921576,0,0,8388604,8388604,0,0,64,0,10249708,365176,25832,1874100,2542444,1874100,668344,13808,42256,0,0,0,0,41230184,13972588,34359738367,85972,0,81200,0,0,0,0,0,0,0,0,0,0,0,2048,0,1493776,27707392,38797312
1775670143.001354,1354,ubuntu-rog,1,0,0,65683160,27974520,53060296,309352,23658880,0,12295832,21921576,10275072,0,2020760,21921576,0,0,8388604,8388604,0,0,64,0,10249708,365176,25832,1874100,2542444,1874100,668344,13808,42256,0,0,0,0,41230184,13972588,34359738367,85972,0,81200,0,0,0,0,0,0,0,0,0,0,0,2048,0,1493776,27707392,38797312
1775670144.002298,2298,ubuntu-rog,1,0,0,65683160,27974520,53060296,309352,23658880,0,12295832,21921576,10275072,0,2020760,21921576,0,0,8388604,8388604,0,0,64,0,10249708,365176,25832,1874100,2542444,1874100,668344,13808,42256,0,0,0,0,41230184,13972588,34359738367,85972,0,81200,0,0,0,0,0,0,0,0,0,0,0,2048,0,1493776,27707392,38797312
1775670145.001197,1197,ubuntu-rog,1,0,0,65683160,27974520,53060296,309360,23658872,0,12295832,21921576,10275072,0,2020760,21921576,0,0,8388604,8388604,0,0,64,0,10249708,365176,25832,1874100,2542444,1874100,668344,13808,42256,0,0,0,0,41230184,13972588,34359738367,85972,0,81200,0,0,0,0,0,0,0,0,0,0,0,2048,0,1493776,27707392,38797312
1775670146.001298,1298,ubuntu-rog,1,0,0,65683160,27974520,53060304,309360,23658884,0,12295832,21921584,10275072,0,2020760,21921584,0,0,8388604,8388604,0,0,56,0,10249708,365176,25832,1874100,2542444,1874100,668344,13808,42256,0,0,0,0,41230184,13972588,34359738367,85972,0,81200,0,0,0,0,0,0,0,0,0,0,0,2048,0,1493776,27707392,38797312
1775670147.001062,1062,ubuntu-rog,1,0,0,65683160,27974520,53060304,309360,23658888,0,12295832,21921584,10275072,0,2020760,21921584,0,0,8388604,8388604,0,0,60,0,10249708,365176,25832,1874100,2542444,1874100,668344,13808,42256,0,0,0,0,41230184,13972588,34359738367,85972,0,81200,0,0,0,0,0,0,0,0,0,0,0,2048,0,1493776,27707392,38797312
1775670148.002061,2061,ubuntu-rog,1,0,0,65683160,27974520,53060304,309360,23658892,0,12295832,21921584,10275072,0,2020760,21921584,0,0,8388604,8388604,0,0,68,0,10249708,365176,25832,1874100,2542444,1874100,668344,13808,42256,0,0,0,0,41230184,13972588,34359738367,85972,0,81200,0,0,0,0,0,0,0,0,0,0,0,2048,0,1493776,27707392,38797312
1775670149.001294,1294,ubuntu-rog,1,0,0,65683160,27974520,53060304,309360,23658896,0,12295832,21921584,10275072,0,2020760,21921584,0,0,8388604,8388604,0,0,72,0,10249708,365176,25832,1874100,2542444,1874100,668344,13808,42256,0,0,0,0,41230184,13972588,34359738367,85972,0,81200,0,0,0,0,0,0,0,0,0,0,0,2048,0,1493776,27707392,38797312
1775670150.001149,1149,ubuntu-rog,1,0,0,65683160,27974520,53060304,309368,23658888,0,12295832,21921584,10275072,0,2020760,21921584,0,0,8388604,8388604,0,0,72,0,10249708,365176,25832,1874100,2542444,1874100,668344,13808,42256,0,0,0,0,41230184,13972588,34359738367,85972,0,81200,0,0,0,0,0,0,0,0,0,0,0,2048,0,1493776,27707392,38797312
1775670151.002242,2242,ubuntu-rog,1,0,0,65683160,27974520,53060312,309368,23658896,0,12295848,21921592,10275088,0,2020760,21921592,0,0,8388604,8388604,0,0,36,0,10249708,365176,25832,1874100,2542444,1874100,668344,13808,42256,0,0,0,0,41230184,13972588,34359738367,85972,0,81200,0,0,0,0,0,0,0,0,0,0,0,2048,0,1493776,27707392,38797312
1775670152.001064,1064,ubuntu-rog,1,0,0,65683160,27974520,53060312,309368,23658896,0,12295848,21921592,10275088,0,2020760,21921592,0,0,8388604,8388604,0,0,36,0,10249708,365176,25832,1874100,2542444,1874100,668344,13808,42256,0,0,0,0,41230184,13972588,34359738367,85972,0,81200,0,0,0,0,0,0,0,0,0,0,0,2048,0,1493776,27707392,38797312
1775670153.001062,1062,ubuntu-rog,1,0,0,65683160,27974520,53060312,309368,23658904,0,12295848,21921592,10275088,0,2020760,21921592,0,0,8388604,8388604,0,0,48,0,10249708,365176,25832,1874100,2542444,1874100,668344,13808,42256,0,0,0,0,41230184,13972588,34359738367,85972,0,81200,0,0,0,0,0,0,0,0,0,0,0,2048,0,1493776,27707392,38797312
1775670154.001296,1296,ubuntu-rog,1,0,0,65683160,27974520,53060312,309368,23658904,0,12295848,21921592,10275088,0,2020760,21921592,0,0,8388604,8388604,0,0,48,0,10249708,365176,25832,1874100,2542444,1874100,668344,13808,42256,0,0,0,0,41230184,13972588,34359738367,85972,0,81200,0,0,0,0,0,0,0,0,0,0,0,2048,0,1493776,27707392,38797312
1775670155.002192,2192,ubuntu-rog,1,0,0,65683160,27974520,53060312,309368,23658904,0,12295848,21921592,10275088,0,2020760,21921592,0,0,8388604,8388604,0,0,48,0,10249708,365176,25832,1874100,2542444,1874100,668344,13808,42256,0,0,0,0,41230184,13972588,34359738367,85972,0,81200,0,0,0,0,0,0,0,0,0,0,0,2048,0,1493776,27707392,38797312
1775670156.001298,1298,ubuntu-rog,1,0,0,65683160,27974520,53060312,309380,23658908,0,12295848,21921592,10275088,0,2020760,21921592,0,0,8388604,8388604,0,0,64,0,10249708,365176,25832,1874100,2542444,1874100,668344,13808,42256,0,0,0,0,41230184,13972588,34359738367,85972,0,81200,0,0,0,0,0,0,0,0,0,0,0,2048,0,1493776,27707392,38797312
1775670157.001373,1373,ubuntu-rog,1,0,0,65683160,27974520,53060312,309380,23658908,0,12295848,21921592,10275088,0,2020760,21921592,0,0,8388604,8388604,0,0,64,0,10249708,365176,25832,1874100,2542444,1874100,668344,13808,42256,0,0,0,0,41230184,13972588,34359738367,85972,0,81200,0,0,0,0,0,0,0,0,0,0,0,2048,0,1493776,27707392,38797312
1775670158.002057,2057,ubuntu-rog,1,0,0,65683160,27987264,53073056,309380,23658908,0,12280352,21921592,10259592,0,2020760,21921592,0,0,8388604,8388604,0,0,64,0,10234212,358372,25832,1874100,2542444,1874100,668344,13760,42128,0,0,0,0,41230184,13939448,34359738367,85956,0,81200,0,0,0,0,0,0,0,0,0,0,0,2048,0,1493776,27707392,38797312
1775670159.001299,1299,ubuntu-rog,1,0,0,65683160,27987416,53073208,309380,23658912,0,12280252,21921592,10259492,0,2020760,21921592,0,0,8388604,8388604,0,0,68,0,10234212,358372,25832,1874100,2542444,1874100,668344,13760,42128,0,0,0,0,41230184,13939448,34359738367,85940,0,81200,0,0,0,0,0,0,0,0,0,0,0,2048,0,1493776,27707392,38797312
1775670160.001194,1194,ubuntu-rog,1,0,0,65683160,27987460,53073252,309380,23658920,0,12280252,21921592,10259492,0,2020760,21921592,0,0,8388604,8388604,0,0,76,0,10234212,358372,25832,1874100,2542444,1874100,668344,13760,42128,0,0,0,0,41230184,13939448,34359738367,85940,0,81200,0,0,0,0,0,0,0,0,0,0,0,2048,0,1493776,27707392,38797312
1775670161.001285,1285,ubuntu-rog,1,0,0,65683160,27987460,53073252,309380,23658920,0,12280252,21921592,10259492,0,2020760,21921592,0,0,8388604,8388604,0,0,76,0,10234212,358372,25832,1874100,2542444,1874100,668344,13760,42128,0,0,0,0,41230184,13939448,34359738367,85940,0,81200,0,0,0,0,0,0,0,0,0,0,0,2048,0,1493776,27707392,38797312
1775670162.002053,2053,ubuntu-rog,1,0,0,65683160,27987460,53073252,309380,23658920,0,12280252,21921592,10259492,0,2020760,21921592,0,0,8388604,8388604,0,0,76,0,10234212,358372,25832,1874100,2542444,1874100,668344,13760,42128,0,0,0,0,41230184,13939448,34359738367,85940,0,81200,0,0,0,0,0,0,0,0,0,0,0,2048,0,1493776,27707392,38797312
1775670163.001063,1063,ubuntu-rog,1,0,0,65683160,27987460,53073252,309380,23658924,0,12280252,21921592,10259492,0,2020760,21921592,0,0,8388604,8388604,0,0,80,0,10234212,358372,25832,1874100,2542444,1874100,668344,13760,42128,0,0,0,0,41230184,13939448,34359738367,85940,0,81200,0,0,0,0,0,0,0,0,0,0,0,2048,0,1493776,27707392,38797312
1775670164.001503,1503,ubuntu-rog,1,0,0,65683160,27987460,53073252,309388,23658916,0,12280252,21921592,10259492,0,2020760,21921592,0,0,8388604,8388604,0,0,80,0,10234212,358372,25832,1874100,2542444,1874100,668344,13760,42128,0,0,0,0,41230184,13939448,34359738367,85940,0,81200,0,0,0,0,0,0,0,0,0,0,0,2048,0,1493776,27707392,38797312
1775670165.001645,1645,ubuntu-rog,1,0,0,65683160,27987460,53073272,309388,23658924,0,12280352,21921612,10259592,0,2020760,21921612,0,0,8388604,8388604,0,0,84,0,10234212,358372,25832,1874100,2542444,1874100,668344,13760,42128,0,0,0,0,41230184,13939448,34359738367,85940,0,81200,0,0,0,0,0,0,0,0,0,0,0,2048,0,1493776,27707392,38797312
1775670166.002301,2301,ubuntu-rog,1,0,0,65683160,27987460,53073272,309388,23658932,0,12280352,21921612,10259592,0,2020760,21921612,0,0,8388604,8388604,0,0,92,0,10234212,358372,25832,1874100,2542444,1874100,668344,13760,42128,0,0,0,0,41230184,13939448,34359738367,85940,0,81200,0,0,0,0,0,0,0,0,0,0,0,2048,0,1493776,27707392,38797312
1775670167.001062,1062,ubuntu-rog,1,0,0,65683160,27987460,53073272,309388,23658932,0,12280352,21921612,10259592,0,2020760,21921612,0,0,8388604,8388604,0,0,92,0,10234212,358372,25832,1874100,2542444,1874100,668344,13760,42128,0,0,0,0,41230184,13939448,34359738367,85940,0,81200,0,0,0,0,0,0,0,0,0,0,0,2048,0,1493776,27707392,38797312
1775670168.001064,1064,ubuntu-rog,1,0,0,65683160,27987460,53073272,309388,23658932,0,12280352,21921612,10259592,0,2020760,21921612,0,0,8388604,8388604,0,0,92,0,10234212,358372,25832,1874100,2542444,1874100,668344,13760,42128,0,0,0,0,41230184,13939448,34359738367,85940,0,81200,0,0,0,0,0,0,0,0,0,0,0,2048,0,1493776,27707392,38797312
1775670169.001298,1298,ubuntu-rog,1,0,0,65683160,27987460,53073272,309388,23658932,0,12280352,21921612,10259592,0,2020760,21921612,0,0,8388604,8388604,0,0,92,0,10234212,358372,25832,1874100,2542444,1874100,668344,13760,42128,0,0,0,0,41230184,13939448,34359738367,85940,0,81200,0,0,0,0,0,0,0,0,0,0,0,2048,0,1493776,27707392,38797312
1775670170.002188,2188,ubuntu-rog,1,0,0,65683160,27987460,53073272,309388,23658936,0,12280352,21921612,10259592,0,2020760,21921612,0,0,8388604,8388604,0,0,96,0,10234212,358372,25832,1874100,2542444,1874100,668344,13760,42128,0,0,0,0,41230184,13939448,34359738367,85940,0,81200,0,0,0,0,0,0,0,0,0,0,0,2048,0,1493776,27707392,38797312
1775670171.001297,1297,ubuntu-rog,1,0,0,65683160,27987460,53073288,309396,23658936,0,12280352,21921628,10259592,0,2020760,21921628,0,0,8388604,8388604,0,0,48,0,10234212,358372,25832,1874100,2542444,1874100,668344,13760,42128,0,0,0,0,41230184,13939448,34359738367,85940,0,81200,0,0,0,0,0,0,0,0,0,0,0,2048,0,1493776,27707392,38797312
1775670172.001062,1062,ubuntu-rog,1,0,0,65683160,27987460,53073288,309396,23658940,0,12280352,21921628,10259592,0,2020760,21921628,0,0,8388604,8388604,0,0,56,0,10234212,358372,25832,1874100,2542444,1874100,668344,13760,42128,0,0,0,0,41230184,13939448,34359738367,85940,0,81200,0,0,0,0,0,0,0,0,0,0,0,2048,0,1493776,27707392,38797312
1775670173.001068,1068,ubuntu-rog,1,0,0,65683160,27987460,53073288,309396,23658948,0,12280352,21921628,10259592,0,2020760,21921628,0,0,8388604,8388604,0,0,64,0,10234212,358372,25832,1874100,2542444,1874100,668344,13760,42128,0,0,0,0,41230184,13939448,34359738367,85940,0,81200,0,0,0,0,0,0,0,0,0,0,0,2048,0,1493776,27707392,38797312
1775670174.002297,2297,ubuntu-rog,1,0,0,65683160,27987460,53073288,309396,23658948,0,12280352,21921628,10259592,0,2020760,21921628,0,0,8388604,8388604,0,0,64,0,10234212,358372,25832,1874100,2542444,1874100,668344,13760,42128,0,0,0,0,41230184,13939448,34359738367,85940,0,81200,0,0,0,0,0,0,0,0,0,0,0,2048,0,1493776,27707392,38797312
1775670175.001194,1194,ubuntu-rog,1,0,0,65683160,27987460,53073288,309396,23658948,0,12280352,21921628,10259592,0,2020760,21921628,0,0,8388604,8388604,0,0,64,0,10234212,358372,25832,1874100,2542444,1874100,668344,13760,42128,0,0,0,0,41230184,13939448,34359738367,85940,0,81200,0,0,0,0,0,0,0,0,0,0,0,2048,0,1493776,27707392,38797312
1775670176.001297,1297,ubuntu-rog,1,0,0,65683160,27987460,53073288,309404,23658948,0,12280352,21921628,10259592,0,2020760,21921628,0,0,8388604,8388604,0,0,72,0,10234212,358372,25832,1874100,2542444,1874100,668344,13760,42128,0,0,0,0,41230184,13939448,34359738367,85940,0,81200,0,0,0,0,0,0,0,0,0,0,0,2048,0,1493776,27707392,38797312
1775670177.001060,1060,ubuntu-rog,1,0,0,65683160,27987460,53073288,309404,23658952,0,12280352,21921628,10259592,0,2020760,21921628,0,0,8388604,8388604,0,0,76,0,10234212,358372,25832,1874100,2542444,1874100,668344,13760,42128,0,0,0,0,41230184,13939448,34359738367,85940,0,81200,0,0,0,0,0,0,0,0,0,0,0,2048,0,1493776,27707392,38797312
1775670178.002059,2059,ubuntu-rog,1,0,0,65683160,27987460,53073288,309404,23658956,0,12280352,21921628,10259592,0,2020760,21921628,0,0,8388604,8388604,0,0,80,0,10234212,358372,25832,1874100,2542444,1874100,668344,13760,42128,0,0,0,0,41230184,13939448,34359738367,85940,0,81200,0,0,0,0,0,0,0,0,0,0,0,2048,0,1493776,27707392,38797312
1775670179.001346,1346,ubuntu-rog,1,0,0,65683160,27987460,53073288,309404,23658956,0,12280352,21921628,10259592,0,2020760,21921628,0,0,8388604,8388604,0,0,80,0,10234212,358372,25832,1874100,2542444,1874100,668344,13760,42128,0,0,0,0,41230184,13939448,34359738367,85940,0,81200,0,0,0,0,0,0,0,0,0,0,0,2048,0,1493776,27707392,38797312
1775670180.001194,1194,ubuntu-rog,1,0,0,65683160,27987460,53073288,309404,23658960,0,12280352,21921628,10259592,0,2020760,21921628,0,0,8388604,8388604,0,0,84,0,10234212,358372,25832,1874100,2542444,1874100,668344,13760,42128,0,0,0,0,41230184,13939448,34359738367,85940,0,81200,0,0,0,0,0,0,0,0,0,0,0,2048,0,1493776,27707392,38797312
1775670181.001288,1288,ubuntu-rog,1,0,0,65683160,27987460,53073288,309404,23658960,0,12280352,21921628,10259592,0,2020760,21921628,0,0,8388604,8388604,0,0,84,0,10234212,358372,25832,1874100,2542444,1874100,668344,13760,42128,0,0,0,0,41230184,13939448,34359738367,85940,0,81200,0,0,0,0,0,0,0,0,0,0,0,2048,0,1493776,27707392,38797312
1775670182.002056,2056,ubuntu-rog,1,0,0,65683160,27987460,53073304,309416,23658960,0,12280352,21921644,10259592,0,2020760,21921644,0,0,8388604,8388604,0,0,44,0,10234212,358372,25832,1874100,2542444,1874100,668344,13760,42128,0,0,0,0,41230184,13939448,34359738367,85940,0,81200,0,0,0,0,0,0,0,0,0,0,0,2048,0,1493776,27707392,38797312
1775670183.001062,1062,ubuntu-rog,1,0,0,65683160,27987460,53073304,309416,23658960,0,12280352,21921644,10259592,0,2020760,21921644,0,0,8388604,8388604,0,0,44,0,10234212,358372,25832,1874100,2542444,1874100,668344,13760,42128,0,0,0,0,41230184,13939448,34359738367,85940,0,81200,0,0,0,0,0,0,0,0,0,0,0,2048,0,1493776,27707392,38797312
1775670184.001294,1294,ubuntu-rog,1,0,0,65683160,27987460,53073372,309416,23658964,0,12280408,21921712,10259648,0,2020760,21921712,0,0,8388604,8388604,0,0,52,0,10234212,358372,25832,1874100,2542444,1874100,668344,13760,42128,0,0,0,0,41230184,13939448,34359738367,85940,0,81200,0,0,0,0,0,0,0,0,0,0,0,2048,0,1493776,27707392,38797312
1775670185.001183,1183,ubuntu-rog,1,0,0,65683160,27987460,53073372,309416,23658972,0,12280408,21921712,10259648,0,2020760,21921712,0,0,8388604,8388604,0,0,64,0,10234212,358372,25832,1874100,2542444,1874100,668344,13760,42128,0,0,0,0,41230184,13939448,34359738367,85940,0,81200,0,0,0,0,0,0,0,0,0,0,0,2048,0,1493776,27707392,38797312
1775670186.002274,2274,ubuntu-rog,1,0,0,65683160,27987460,53073372,309416,23658972,0,12280408,21921712,10259648,0,2020760,21921712,0,0,8388604,8388604,0,0,64,0,10234212,358372,25832,1874100,2542444,1874100,668344,13760,42128,0,0,0,0,41230184,13939448,34359738367,85940,0,81200,0,0,0,0,0,0,0,0,0,0,0,2048,0,1493776,27707392,38797312
1775670187.001067,1067,ubuntu-rog,1,0,0,65683160,27987460,53073372,309416,23658976,0,12280408,21921712,10259648,0,2020760,21921712,0,0,8388604,8388604,0,0,68,0,10234212,358372,25832,1874100,2542444,1874100,668344,13760,42128,0,0,0,0,41230184,13939448,34359738367,85940,0,81200,0,0,0,0,0,0,0,0,0,0,0,2048,0,1493776,27707392,38797312
1775670188.001061,1061,ubuntu-rog,1,0,0,65683160,27987460,53073372,309424,23658968,0,12280408,21921712,10259648,0,2020760,21921712,0,0,8388604,8388604,0,0,68,0,10234212,358372,25832,1874100,2542444,1874100,668344,13760,42128,0,0,0,0,41230184,13939448,34359738367,85940,0,81200,0,0,0,0,0,0,0,0,0,0,0,2048,0,1493776,27707392,38797312
1775670189.001292,1292,ubuntu-rog,1,0,0,65683160,27987460,53073372,309424,23658976,0,12280408,21921712,10259648,0,2020760,21921712,0,0,8388604,8388604,0,0,72,0,10234212,358372,25832,1874100,2542444,1874100,668344,13760,42128,0,0,0,0,41230184,13939448,34359738367,85940,0,81200,0,0,0,0,0,0,0,0,0,0,0,2048,0,1493776,27707392,38797312
1775670190.002189,2189,ubuntu-rog,1,0,0,65683160,27987460,53073372,309424,23658976,0,12280408,21921712,10259648,0,2020760,21921712,0,0,8388604,8388604,0,0,72,0,10234212,358372,25832,1874100,2542444,1874100,668344,13760,42128,0,0,0,0,41230184,13939448,34359738367,85940,0,81200,0,0,0,0,0,0,0,0,0,0,0,2048,0,1493776,27707392,38797312
1775670191.001294,1294,ubuntu-rog,1,0,0,65683160,27987460,53073372,309424,23658984,0,12280408,21921712,10259648,0,2020760,21921712,0,0,8388604,8388604,0,0,80,0,10234212,358372,25832,1874100,2542444,1874100,668344,13760,42128,0,0,0,0,41230184,13939448,34359738367,85940,0,81200,0,0,0,0,0,0,0,0,0,0,0,2048,0,1493776,27707392,38797312
1775670192.001057,1057,ubuntu-rog,1,0,0,65683160,27987460,53073372,309424,23658984,0,12280408,21921712,10259648,0,2020760,21921712,0,0,8388604,8388604,0,0,80,0,10234212,358372,25832,1874100,2542444,1874100,668344,13760,42128,0,0,0,0,41230184,13939448,34359738367,85940,0,81200,0,0,0,0,0,0,0,0,0,0,0,2048,0,1493776,27707392,38797312
1775670193.001064,1064,ubuntu-rog,1,0,0,65683160,27987460,53073372,309424,23658984,0,12280408,21921712,10259648,0,2020760,21921712,0,0,8388604,8388604,0,0,80,0,10234212,358372,25832,1874100,2542444,1874100,668344,13760,42128,0,0,0,0,41230184,13939448,34359738367,85940,0,81200,0,0,0,0,0,0,0,0,0,0,0,2048,0,1493776,27707392,38797312
1775670194.001486,1486,ubuntu-rog,1,0,0,65683160,27434684,52520704,309424,23658988,0,12773520,21921820,10752760,0,2020760,21921820,0,0,8388604,8388604,0,0,84,0,10728312,358372,25832,1874100,2542444,1874100,668344,13760,43052,0,0,0,0,41230184,14433620,34359738367,85940,0,81200,0,0,0,0,0,0,0,0,0,0,0,2048,0,1493776,27707392,38797312
1775670195.002173,2173,ubuntu-rog,1,0,0,65683160,27791984,52878004,309424,23658988,0,12393036,21921820,10372276,0,2020760,21921820,0,0,8388604,8388604,0,0,84,0,10347040,358372,25832,1874100,2542444,1874100,668344,13760,42412,0,0,0,0,41230184,14089016,34359738367,85940,0,81200,0,0,0,0,0,0,0,0,0,0,0,2048,0,1493776,27707392,38797312
1775670196.001313,1313,ubuntu-rog,1,0,0,65683160,27905816,52991836,309424,23658988,0,12294824,21921820,10274064,0,2020760,21921820,0,0,8388604,8388604,0,0,84,0,10249972,358372,25832,1874100,2542444,1874100,668344,13760,42428,0,0,0,0,41230184,13955076,34359738367,85940,0,81200,0,0,0,0,0,0,0,0,0,0,0,2048,0,1493776,27707392,38797312
1775670197.001061,1061,ubuntu-rog,1,0,0,65683160,27906892,52992928,309432,23658996,0,12295084,21921836,10274324,0,2020760,21921836,0,0,8388604,8388604,0,0,92,0,10249840,358372,25832,1874100,2542444,1874100,668344,13760,42160,0,0,0,0,41230184,13955076,34359738367,85940,0,81200,0,0,0,0,0,0,0,0,0,0,0,2048,0,1493776,27707392,38797312
1775670198.001063,1063,ubuntu-rog,1,0,0,65683160,27910816,52996852,309432,23659000,0,12295084,21921836,10274324,0,2020760,21921836,0,0,8388604,8388604,0,0,96,0,10249840,358372,25832,1874100,2542444,1874100,668344,13760,42160,0,0,0,0,41230184,13955076,34359738367,85940,0,81200,0,0,0,0,0,0,0,0,0,0,0,2048,0,1493776,27707392,38797312
1775670199.002298,2298,ubuntu-rog,1,0,0,65683160,27914308,53000344,309432,23659000,0,12295084,21921836,10274324,0,2020760,21921836,0,0,8388604,8388604,0,0,96,0,10249840,358372,25832,1874100,2542444,1874100,668344,13760,42160,0,0,0,0,41230184,13955076,34359738367,85940,0,81200,0,0,0,0,0,0,0,0,0,0,0,2048,0,1493776,27707392,38797312
1775670200.001196,1196,ubuntu-rog,1,0,0,65683160,27917316,53003352,309432,23659000,0,12295084,21921836,10274324,0,2020760,21921836,0,0,8388604,8388604,0,0,96,0,10249840,358372,25832,1874100,2542444,1874100,668344,13760,42160,0,0,0,0,41230184,13955076,34359738367,85940,0,81200,0,0,0,0,0,0,0,0,0,0,0,2048,0,1493776,27707392,38797312
1775670201.001300,1300,ubuntu-rog,1,0,0,65683160,27919896,53005932,309432,23659004,0,12295084,21921836,10274324,0,2020760,21921836,0,0,8388604,8388604,0,0,100,0,10249840,358372,25832,1874100,2542444,1874100,668344,13760,42160,0,0,0,0,41230184,13955076,34359738367,85940,0,81200,0,0,0,0,0,0,0,0,0,0,0,2048,0,1493776,27707392,38797312
1775670202.001058,1058,ubuntu-rog,1,0,0,65683160,27926144,53012180,309440,23658996,0,12295180,21921836,10274420,0,2020760,21921836,0,0,8388604,8388604,0,0,64,0,10249840,358372,25832,1874100,2542444,1874100,668344,13760,42160,0,0,0,0,41230184,13955076,34359738367,85940,0,81200,0,0,0,0,0,0,0,0,0,0,0,2048,0,1493776,27707392,38797312
1775670203.002058,2058,ubuntu-rog,1,0,0,65683160,27925900,53011936,309440,23659008,0,12295180,21921836,10274420,0,2020760,21921836,0,0,8388604,8388604,0,0,72,0,10249840,358372,25832,1874100,2542444,1874100,668344,13760,42160,0,0,0,0,41230184,13955076,34359738367,85940,0,81200,0,0,0,0,0,0,0,0,0,0,0,2048,0,1493776,27707392,38797312
1775670204.001299,1299,ubuntu-rog,1,0,0,65683160,27925900,53011936,309440,23659012,0,12295180,21921836,10274420,0,2020760,21921836,0,0,8388604,8388604,0,0,76,0,10249840,358372,25832,1874100,2542460,1874100,668360,13760,42160,0,0,0,0,41230184,13955244,34359738367,85940,0,81200,0,0,0,0,0,0,0,0,0,0,0,2048,0,1493776,27707392,38797312
1775670205.001200,1200,ubuntu-rog,1,0,0,65683160,27927112,53013148,309440,23659012,0,12295544,21921836,10274784,0,2020760,21921836,0,0,8388604,8388604,0,0,76,0,10250024,358372,25832,1874100,2542468,1874100,668368,13760,42160,0,0,0,0,41230184,13955244,34359738367,85940,0,81200,0,0,0,0,0,0,0,0,0,0,0,2048,0,1493776,27707392,38797312
1775670206.001299,1299,ubuntu-rog,1,0,0,65683160,27928496,53014532,309440,23659012,0,12295544,21921836,10274784,0,2020760,21921836,0,0,8388604,8388604,0,0,76,0,10250024,358372,25832,1874100,2542468,1874100,668368,13760,42160,0,0,0,0,41230184,13955244,34359738367,85940,0,81200,0,0,0,0,0,0,0,0,0,0,0,2048,0,1493776,27707392,38797312
1775670207.002054,2054,ubuntu-rog,1,0,0,65683160,27929472,53015508,309440,23659012,0,12295544,21921836,10274784,0,2020760,21921836,0,0,8388604,8388604,0,0,48,0,10250024,358372,25832,1874100,2542468,1874100,668368,13760,42160,0,0,0,0,41230184,13955244,34359738367,85940,0,81200,0,0,0,0,0,0,0,0,0,0,0,2048,0,1493776,27707392,38797312
1775670208.001062,1062,ubuntu-rog,1,0,0,65683160,27930680,53016716,309448,23659016,0,12295544,21921836,10274784,0,2020760,21921836,0,0,8388604,8388604,0,0,64,0,10250024,358372,25832,1874100,2542468,1874100,668368,13760,42160,0,0,0,0,41230184,13955244,34359738367,85940,0,81200,0,0,0,0,0,0,0,0,0,0,0,2048,0,1493776,27707392,38797312
1775670209.001297,1297,ubuntu-rog,1,0,0,65683160,27931516,53017552,309448,23659016,0,12295544,21921836,10274784,0,2020760,21921836,0,0,8388604,8388604,0,0,64,0,10250024,358372,25832,1874100,2542468,1874100,668368,13760,42160,0,0,0,0,41230184,13955244,34359738367,85940,0,81200,0,0,0,0,0,0,0,0,0,0,0,2048,0,1493776,27707392,38797312
1775670210.001192,1192,ubuntu-rog,1,0,0,65683160,27932064,53018100,309448,23659024,0,12295544,21921836,10274784,0,2020760,21921836,0,0,8388604,8388604,0,0,76,0,10250024,358372,25832,1874100,2542468,1874100,668368,13760,42160,0,0,0,0,41230184,13955244,34359738367,85940,0,81200,0,0,0,0,0,0,0,0,0,0,0,2048,0,1493776,27707392,38797312
1775670211.002299,2299,ubuntu-rog,1,0,0,65683160,27936836,53022872,309448,23659028,0,12295544,21921836,10274784,0,2020760,21921836,0,0,8388604,8388604,0,0,80,0,10250024,358372,25832,1874100,2542468,1874100,668368,13760,42160,0,0,0,0,41230184,13955244,34359738367,85940,0,81200,0,0,0,0,0,0,0,0,0,0,0,2048,0,1493776,27707392,38797312
1775670212.001061,1061,ubuntu-rog,1,0,0,65683160,27940860,53026896,309448,23659028,0,12295544,21921836,10274784,0,2020760,21921836,0,0,8388604,8388604,0,0,40,0,10250024,358372,25832,1874100,2542468,1874100,668368,13760,42160,0,0,0,0,41230184,13955244,34359738367,85940,0,81200,0,0,0,0,0,0,0,0,0,0,0,2048,0,1493776,27707392,38797312
1775670213.001061,1061,ubuntu-rog,1,0,0,65683160,27946424,53032460,309448,23659028,0,12295544,21921836,10274784,0,2020760,21921836,0,0,8388604,8388604,0,0,40,0,10250024,358372,25832,1874100,2542468,1874100,668368,13760,42160,0,0,0,0,41230184,13955244,34359738367,85940,0,81200,0,0,0,0,0,0,0,0,0,0,0,2048,0,1493776,27707392,38797312
1775670214.001303,1303,ubuntu-rog,1,0,0,65683160,27951140,53037176,309448,23659028,0,12295544,21921836,10274784,0,2020760,21921836,0,0,8388604,8388604,0,0,40,0,10250024,358372,25832,1874100,2542468,1874100,668368,13760,42160,0,0,0,0,41230184,13955244,34359738367,85940,0,81200,0,0,0,0,0,0,0,0,0,0,0,2048,0,1493776,27707392,38797312
1775670215.002192,2192,ubuntu-rog,1,0,0,65683160,27953772,53039808,309460,23659032,0,12295504,21921836,10274744,0,2020760,21921836,0,0,8388604,8388604,0,0,56,0,10250008,358372,25832,1874100,2542468,1874100,668368,13760,42160,0,0,0,0,41230184,13955244,34359738367,85940,0,81200,0,0,0,0,0,0,0,0,0,0,0,2048,0,1493776,27707392,38797312
1775670216.001303,1303,ubuntu-rog,1,0,0,65683160,27954436,53040472,309460,23659036,0,12295504,21921836,10274744,0,2020760,21921836,0,0,8388604,8388604,0,0,60,0,10250008,358372,25832,1874100,2542468,1874100,668368,13760,42160,0,0,0,0,41230184,13955244,34359738367,85940,0,81200,0,0,0,0,0,0,0,0,0,0,0,2048,0,1493776,27707392,38797312
1775670217.001057,1057,ubuntu-rog,1,0,0,65683160,27954488,53040524,309460,23659036,0,12295504,21921836,10274744,0,2020760,21921836,0,0,8388604,8388604,0,0,44,0,10250008,358372,25832,1874100,2542468,1874100,668368,13760,42160,0,0,0,0,41230184,13955244,34359738367,85940,0,81200,0,0,0,0,0,0,0,0,0,0,0,2048,0,1493776,27707392,38797312
1775670218.001059,1059,ubuntu-rog,1,0,0,65683160,27954488,53040524,309460,23659040,0,12295504,21921836,10274744,0,2020760,21921836,0,0,8388604,8388604,0,0,48,0,10250008,358372,25832,1874100,2542468,1874100,668368,13760,42160,0,0,0,0,41230184,13955244,34359738367,85940,0,81200,0,0,0,0,0,0,0,0,0,0,0,2048,0,1493776,27707392,38797312
1775670219.002290,2290,ubuntu-rog,1,0,0,65683160,27954488,53040524,309460,23659040,0,12295504,21921836,10274744,0,2020760,21921836,0,0,8388604,8388604,0,0,48,0,10250008,358372,25832,1874100,2542468,1874100,668368,13760,42160,0,0,0,0,41230184,13955244,34359738367,85940,0,81200,0,0,0,0,0,0,0,0,0,0,0,2048,0,1493776,27707392,38797312
1775670220.001193,1193,ubuntu-rog,1,0,0,65683160,27954488,53040524,309468,23659040,0,12295504,21921836,10274744,0,2020760,21921836,0,0,8388604,8388604,0,0,52,0,10250008,358372,25832,1874100,2542468,1874100,668368,13760,42160,0,0,0,0,41230184,13955244,34359738367,85940,0,81200,0,0,0,0,0,0,0,0,0,0,0,2048,0,1493776,27707392,38797312
1775670221.001299,1299,ubuntu-rog,1,0,0,65683160,27954488,53040524,309468,23659040,0,12295504,21921836,10274744,0,2020760,21921836,0,0,8388604,8388604,0,0,52,0,10250008,358372,25832,1874100,2542468,1874100,668368,13760,42160,0,0,0,0,41230184,13955244,34359738367,85940,0,81200,0,0,0,0,0,0,0,0,0,0,0,2048,0,1493776,27707392,38797312
1775670222.001060,1060,ubuntu-rog,1,0,0,65683160,27954488,53040524,309468,23659052,0,12295504,21921836,10274744,0,2020760,21921836,0,0,8388604,8388604,0,0,68,0,10250008,358372,25832,1874100,2542468,1874100,668368,13760,42160,0,0,0,0,41230184,13955244,34359738367,85940,0,81200,0,0,0,0,0,0,0,0,0,0,0,2048,0,1493776,27707392,38797312
1775670223.002058,2058,ubuntu-rog,1,0,0,65683160,27954488,53040524,309468,23659052,0,12295504,21921836,10274744,0,2020760,21921836,0,0,8388604,8388604,0,0,68,0,10250008,358372,25832,1874100,2542468,1874100,668368,13760,42160,0,0,0,0,41230184,13955244,34359738367,85940,0,81200,0,0,0,0,0,0,0,0,0,0,0,2048,0,1493776,27707392,38797312
1775670224.001302,1302,ubuntu-rog,1,0,0,65683160,27954488,53040524,309468,23659052,0,12295504,21921836,10274744,0,2020760,21921836,0,0,8388604,8388604,0,0,68,0,10250008,358372,25832,1874100,2542468,1874100,668368,13760,42160,0,0,0,0,41230184,13955244,34359738367,85940,0,81200,0,0,0,0,0,0,0,0,0,0,0,2048,0,1493776,27707392,38797312
1775670225.001195,1195,ubuntu-rog,1,0,0,65683160,27954488,53040524,309468,23659056,0,12295504,21921836,10274744,0,2020760,21921836,0,0,8388604,8388604,0,0,72,0,10250008,358372,25832,1874100,2542468,1874100,668368,13760,42160,0,0,0,0,41230184,13955244,34359738367,85940,0,81200,0,0,0,0,0,0,0,0,0,0,0,2048,0,1493776,27707392,38797312
1775670226.001300,1300,ubuntu-rog,1,0,0,65683160,27954488,53040524,309468,23659056,0,12295504,21921836,10274744,0,2020760,21921836,0,0,8388604,8388604,0,0,72,0,10250008,358372,25832,1874100,2542468,1874100,668368,13760,42160,0,0,0,0,41230184,13955244,34359738367,85940,0,81200,0,0,0,0,0,0,0,0,0,0,0,2048,0,1493776,27707392,38797312
1775670227.002054,2054,ubuntu-rog,1,0,0,65683160,27954488,53040524,309476,23659048,0,12295504,21921836,10274744,0,2020760,21921836,0,0,8388604,8388604,0,0,72,0,10250008,358372,25832,1874100,2542468,1874100,668368,13760,42160,0,0,0,0,41230184,13955244,34359738367,85940,0,81200,0,0,0,0,0,0,0,0,0,0,0,2048,0,1493776,27707392,38797312
1775670228.001063,1063,ubuntu-rog,1,0,0,65683160,27954488,53040524,309476,23659060,0,12295504,21921836,10274744,0,2020760,21921836,0,0,8388604,8388604,0,0,76,0,10250008,358372,25832,1874100,2542468,1874100,668368,13760,42160,0,0,0,0,41230184,13955244,34359738367,85940,0,81200,0,0,0,0,0,0,0,0,0,0,0,2048,0,1493776,27707392,38797312
1775670229.001299,1299,ubuntu-rog,1,0,0,65683160,27954488,53040524,309476,23659064,0,12295504,21921836,10274744,0,2020760,21921836,0,0,8388604,8388604,0,0,80,0,10250008,358372,25832,1874100,2542468,1874100,668368,13760,42160,0,0,0,0,41230184,13955244,34359738367,85940,0,81200,0,0,0,0,0,0,0,0,0,0,0,2048,0,1493776,27707392,38797312
1775670230.001194,1194,ubuntu-rog,1,0,0,65683160,27954488,53040524,309476,23659064,0,12295504,21921836,10274744,0,2020760,21921836,0,0,8388604,8388604,0,0,80,0,10250008,358372,25832,1874100,2542468,1874100,668368,13760,42160,0,0,0,0,41230184,13955244,34359738367,85940,0,81200,0,0,0,0,0,0,0,0,0,0,0,2048,0,1493776,27707392,38797312
1775670231.002292,2292,ubuntu-rog,1,0,0,65683160,27954488,53040524,309476,23659064,0,12295504,21921836,10274744,0,2020760,21921836,0,0,8388604,8388604,0,0,80,0,10250008,358372,25832,1874100,2542468,1874100,668368,13760,42160,0,0,0,0,41230184,13955244,34359738367,85940,0,81200,0,0,0,0,0,0,0,0,0,0,0,2048,0,1493776,27707392,38797312
1775670232.001059,1059,ubuntu-rog,1,0,0,65683160,27954488,53040524,309476,23659068,0,12295504,21921836,10274744,0,2020760,21921836,0,0,8388604,8388604,0,0,84,0,10250008,358372,25832,1874100,2542468,1874100,668368,13760,42160,0,0,0,0,41230184,13955244,34359738367,85940,0,81200,0,0,0,0,0,0,0,0,0,0,0,2048,0,1493776,27707392,38797312
1775670233.001057,1057,ubuntu-rog,1,0,0,65683160,27954488,53040640,309484,23659060,0,12295504,21921952,10274744,0,2020760,21921952,0,0,8388604,8388604,0,0,56,0,10250008,358372,25832,1874100,2542468,1874100,668368,13760,42160,0,0,0,0,41230184,13955244,34359738367,85940,0,81200,0,0,0,0,0,0,0,0,0,0,0,2048,0,1493776,27707392,38797312
1775670234.001297,1297,ubuntu-rog,1,0,0,65683160,27954488,53040640,309484,23659072,0,12295504,21921952,10274744,0,2020760,21921952,0,0,8388604,8388604,0,0,64,0,10250008,358372,25832,1874100,2542468,1874100,668368,13760,42160,0,0,0,0,41230184,13955244,34359738367,85940,0,81200,0,0,0,0,0,0,0,0,0,0,0,2048,0,1493776,27707392,38797312
1775670235.002191,2191,ubuntu-rog,1,0,0,65683160,27954488,53040640,309484,23659076,0,12295504,21921952,10274744,0,2020760,21921952,0,0,8388604,8388604,0,0,68,0,10250008,358372,25832,1874100,2542468,1874100,668368,13760,42160,0,0,0,0,41230184,13955244,34359738367,85940,0,81200,0,0,0,0,0,0,0,0,0,0,0,2048,0,1493776,27707392,38797312
1775670236.001300,1300,ubuntu-rog,1,0,0,65683160,27954488,53040640,309484,23659080,0,12295504,21921952,10274744,0,2020760,21921952,0,0,8388604,8388604,0,0,72,0,10250008,358372,25832,1874100,2542468,1874100,668368,13760,42160,0,0,0,0,41230184,13955244,34359738367,85940,0,81200,0,0,0,0,0,0,0,0,0,0,0,2048,0,1493776,27707392,38797312
1775670237.001057,1057,ubuntu-rog,1,0,0,65683160,27954488,53040640,309484,23659080,0,12295504,21921952,10274744,0,2020760,21921952,0,0,8388604,8388604,0,0,72,0,10250008,358372,25832,1874100,2542468,1874100,668368,13760,42160,0,0,0,0,41230184,13955244,34359738367,85940,0,81200,0,0,0,0,0,0,0,0,0,0,0,2048,0,1493776,27707392,38797312
1775670238.001062,1062,ubuntu-rog,1,0,0,65683160,27954488,53040640,309484,23659080,0,12295504,21921952,10274744,0,2020760,21921952,0,0,8388604,8388604,0,0,72,0,10250008,358372,25832,1874100,2542468,1874100,668368,13760,42160,0,0,0,0,41230184,13955244,34359738367,85940,0,81200,0,0,0,0,0,0,0,0,0,0,0,2048,0,1493776,27707392,38797312
1775670239.002298,2298,ubuntu-rog,1,0,0,65683160,27954488,53040640,309492,23659084,0,12295504,21921952,10274744,0,2020760,21921952,0,0,8388604,8388604,0,0,76,0,10250008,358372,25832,1874100,2542468,1874100,668368,13760,42160,0,0,0,0,41230184,13955244,34359738367,85940,0,81200,0,0,0,0,0,0,0,0,0,0,0,2048,0,1493776,27707392,38797312
1775670240.001197,1197,ubuntu-rog,1,0,0,65683160,27954488,53040640,309492,23659084,0,12295504,21921952,10274744,0,2020760,21921952,0,0,8388604,8388604,0,0,76,0,10250008,358372,25832,1874100,2542468,1874100,668368,13760,42160,0,0,0,0,41230184,13955244,34359738367,85940,0,81200,0,0,0,0,0,0,0,0,0,0,0,2048,0,1493776,27707392,38797312
1775670241.001300,1300,ubuntu-rog,1,0,0,65683160,27954740,53040892,309492,23659088,0,12295504,21921952,10274744,0,2020760,21921952,0,0,8388604,8388604,0,0,80,0,10250008,358372,25832,1874100,2542468,1874100,668368,13760,42160,0,0,0,0,41230184,13955244,34359738367,85940,0,81200,0,0,0,0,0,0,0,0,0,0,0,2048,0,1493776,27707392,38797312
1775670242.001059,1059,ubuntu-rog,1,0,0,65683160,27954740,53040892,309492,23659088,0,12295504,21921952,10274744,0,2020760,21921952,0,0,8388604,8388604,0,0,80,0,10250008,358372,25832,1874100,2542468,1874100,668368,13760,42160,0,0,0,0,41230184,13955244,34359738367,85940,0,81200,0,0,0,0,0,0,0,0,0,0,0,2048,0,1493776,27707392,38797312
1775670243.002065,2065,ubuntu-rog,1,0,0,65683160,27954992,53041144,309492,23659092,0,12295504,21921952,10274744,0,2020760,21921952,0,0,8388604,8388604,0,0,24,0,10250008,358372,25832,1874100,2542468,1874100,668368,13760,42160,0,0,0,0,41230184,13955244,34359738367,85940,0,81200,0,0,0,0,0,0,0,0,0,0,0,2048,0,1493776,27707392,38797312
1775670244.001287,1287,ubuntu-rog,1,0,0,65683160,27954992,53041144,309492,23659092,0,12295504,21921952,10274744,0,2020760,21921952,0,0,8388604,8388604,0,0,24,0,10250008,358372,25832,1874100,2542468,1874100,668368,13760,42160,0,0,0,0,41230184,13955244,34359738367,85940,0,81200,0,0,0,0,0,0,0,0,0,0,0,2048,0,1493776,27707392,38797312
1775670245.001191,1191,ubuntu-rog,1,0,0,65683160,27954992,53041144,309492,23659092,0,12295504,21921952,10274744,0,2020760,21921952,0,0,8388604,8388604,0,0,24,0,10250008,358372,25832,1874100,2542468,1874100,668368,13760,42160,0,0,0,0,41230184,13955244,34359738367,85940,0,81200,0,0,0,0,0,0,0,0,0,0,0,2048,0,1493776,27707392,38797312
1775670246.001291,1291,ubuntu-rog,1,0,0,65683160,27954992,53041144,309504,23659096,0,12295504,21921952,10274744,0,2020760,21921952,0,0,8388604,8388604,0,0,48,0,10250008,358372,25832,1874100,2542468,1874100,668368,13760,42160,0,0,0,0,41230184,13955244,34359738367,85940,0,81200,0,0,0,0,0,0,0,0,0,0,0,2048,0,1493776,27707392,38797312
1775670247.002057,2057,ubuntu-rog,1,0,0,65683160,27954992,53041144,309504,23659104,0,12295504,21921952,10274744,0,2020760,21921952,0,0,8388604,8388604,0,0,60,0,10250008,358372,25832,1874100,2542468,1874100,668368,13760,42160,0,0,0,0,41230184,13955244,34359738367,85940,0,81200,0,0,0,0,0,0,0,0,0,0,0,2048,0,1493776,27707392,38797312
1775670248.001058,1058,ubuntu-rog,1,0,0,65683160,27954992,53041144,309504,23659104,0,12295504,21921952,10274744,0,2020760,21921952,0,0,8388604,8388604,0,0,60,0,10250008,358372,25832,1874100,2542468,1874100,668368,13760,42160,0,0,0,0,41230184,13955244,34359738367,85940,0,81200,0,0,0,0,0,0,0,0,0,0,0,2048,0,1493776,27707392,38797312
1775670249.001259,1259,ubuntu-rog,1,0,0,65683160,27954992,53041144,309504,23659108,0,12295504,21921952,10274744,0,2020760,21921952,0,0,8388604,8388604,0,0,64,0,10250008,358372,25832,1874100,2542468,1874100,668368,13760,42160,0,0,0,0,41230184,13955244,34359738367,85924,0,81200,0,0,0,0,0,0,0,0,0,0,0,2048,0,1493776,27707392,38797312
1775670250.001202,1202,ubuntu-rog,1,0,0,65683160,27954992,53041144,309504,23659108,0,12295504,21921952,10274744,0,2020760,21921952,0,0,8388604,8388604,0,0,64,0,10250008,358372,25832,1874100,2542468,1874100,668368,13760,42160,0,0,0,0,41230184,13955244,34359738367,85924,0,81200,0,0,0,0,0,0,0,0,0,0,0,2048,0,1493776,27707392,38797312
1775670251.002291,2291,ubuntu-rog,1,0,0,65683160,27954992,53041144,309504,23659108,0,12295392,21921952,10274632,0,2020760,21921952,0,0,8388604,8388604,0,0,64,0,10249840,358372,25832,1874100,2542468,1874100,668368,13760,42160,0,0,0,0,41230184,13955076,34359738367,85924,0,81200,0,0,0,0,0,0,0,0,0,0,0,2048,0,1493776,27707392,38797312
1775670252.001060,1060,ubuntu-rog,1,0,0,65683160,27954992,53041144,309512,23659108,0,12295392,21921952,10274632,0,2020760,21921952,0,0,8388604,8388604,0,0,68,0,10249840,358372,25832,1874100,2542468,1874100,668368,13760,42160,0,0,0,0,41230184,13955076,34359738367,85924,0,81200,0,0,0,0,0,0,0,0,0,0,0,2048,0,1493776,27707392,38797312
1775670253.001059,1059,ubuntu-rog,1,0,0,65683160,27954992,53041148,309512,23659116,0,12295508,21921956,10274748,0,2020760,21921956,0,0,8388604,8388604,0,0,60,0,10249840,358372,25832,1874100,2542468,1874100,668368,13760,42160,0,0,0,0,41230184,13955076,34359738367,85924,0,81200,0,0,0,0,0,0,0,0,0,0,0,2048,0,1493776,27707392,38797312
1775670254.001293,1293,ubuntu-rog,1,0,0,65683160,27954992,53041148,309512,23659116,0,12295508,21921956,10274748,0,2020760,21921956,0,0,8388604,8388604,0,0,60,0,10249840,358372,25832,1874100,2542468,1874100,668368,13760,42160,0,0,0,0,41230184,13955076,34359738367,85924,0,81200,0,0,0,0,0,0,0,0,0,0,0,2048,0,1493776,27707392,38797312
1775670255.002186,2186,ubuntu-rog,1,0,0,65683160,27954992,53041148,309512,23659116,0,12295508,21921956,10274748,0,2020760,21921956,0,0,8388604,8388604,0,0,60,0,10249840,358372,25832,1874100,2542468,1874100,668368,13760,42160,0,0,0,0,41230184,13955076,34359738367,85924,0,81200,0,0,0,0,0,0,0,0,0,0,0,2048,0,1493776,27707392,38797312
1775670256.001491,1491,ubuntu-rog,1,0,0,65683160,27954992,53041148,309512,23659120,0,12295508,21921956,10274748,0,2020760,21921956,0,0,8388604,8388604,0,0,64,0,10249840,358372,25832,1874100,2542468,1874100,668368,13760,42160,0,0,0,0,41230184,13955076,34359738367,85924,0,81200,0,0,0,0,0,0,0,0,0,0,0,2048,0,1493776,27707392,38797312
1775670257.002063,2063,ubuntu-rog,1,0,0,65683160,27954992,53041148,309512,23659120,0,12295508,21921956,10274748,0,2020760,21921956,0,0,8388604,8388604,0,0,64,0,10249840,358372,25832,1874100,2542468,1874100,668368,13760,42160,0,0,0,0,41230184,13955076,34359738367,85924,0,81200,0,0,0,0,0,0,0,0,0,0,0,2048,0,1493776,27707392,38797312
1775670258.001062,1062,ubuntu-rog,1,0,0,65683160,27954992,53041148,309520,23659112,0,12295508,21921956,10274748,0,2020760,21921956,0,0,8388604,8388604,0,0,64,0,10249840,358372,25832,1874100,2542468,1874100,668368,13760,42160,0,0,0,0,41230184,13955076,34359738367,85924,0,81200,0,0,0,0,0,0,0,0,0,0,0,2048,0,1493776,27707392,38797312
1775670259.001297,1297,ubuntu-rog,1,0,0,65683160,27954992,53041148,309520,23659124,0,12295508,21921956,10274748,0,2020760,21921956,0,0,8388604,8388604,0,0,76,0,10249840,358372,25832,1874100,2542468,1874100,668368,13760,42160,0,0,0,0,41230184,13955076,34359738367,85924,0,81200,0,0,0,0,0,0,0,0,0,0,0,2048,0,1493776,27707392,38797312
1775670260.001191,1191,ubuntu-rog,1,0,0,65683160,27954992,53041156,309520,23659132,0,12295624,21921964,10274864,0,2020760,21921964,0,0,8388604,8388604,0,0,84,0,10249840,358372,25832,1874100,2542468,1874100,668368,13760,42160,0,0,0,0,41230184,13955076,34359738367,85924,0,81200,0,0,0,0,0,0,0,0,0,0,0,2048,0,1493776,27707392,38797312
1775670261.002291,2291,ubuntu-rog,1,0,0,65683160,27954992,53041156,309520,23659132,0,12295624,21921964,10274864,0,2020760,21921964,0,0,8388604,8388604,0,0,84,0,10249840,358372,25832,1874100,2542468,1874100,668368,13760,42160,0,0,0,0,41230184,13955076,34359738367,85924,0,81200,0,0,0,0,0,0,0,0,0,0,0,2048,0,1493776,27707392,38797312
1775670262.001057,1057,ubuntu-rog,1,0,0,65683160,27954992,53041156,309520,23659132,0,12295624,21921964,10274864,0,2020760,21921964,0,0,8388604,8388604,0,0,84,0,10249840,358372,25832,1874100,2542468,1874100,668368,13760,42160,0,0,0,0,41230184,13955076,34359738367,85924,0,81200,0,0,0,0,0,0,0,0,0,0,0,2048,0,1493776,27707392,38797312
1775670263.001348,1348,ubuntu-rog,1,0,0,65683160,27954992,53041156,309520,23659136,0,12295624,21921964,10274864,0,2020760,21921964,0,0,8388604,8388604,0,0,88,0,10249840,358372,25832,1874100,2542468,1874100,668368,13760,42160,0,0,0,0,41230184,13955076,34359738367,85924,0,81200,0,0,0,0,0,0,0,0,0,0,0,2048,0,1493776,27707392,38797312
1775670264.002302,2302,ubuntu-rog,1,0,0,65683160,27954992,53041156,309528,23659132,0,12295624,21921964,10274864,0,2020760,21921964,0,0,8388604,8388604,0,0,56,0,10249840,358372,25832,1874100,2542468,1874100,668368,13760,42160,0,0,0,0,41230184,13955076,34359738367,85924,0,81200,0,0,0,0,0,0,0,0,0,0,0,2048,0,1493776,27707392,38797312
1775670265.001193,1193,ubuntu-rog,1,0,0,65683160,27954992,53041156,309528,23659136,0,12295624,21921964,10274864,0,2020760,21921964,0,0,8388604,8388604,0,0,60,0,10249840,358372,25832,1874100,2542468,1874100,668368,13760,42160,0,0,0,0,41230184,13955076,34359738367,85924,0,81200,0,0,0,0,0,0,0,0,0,0,0,2048,0,1493776,27707392,38797312
1775670266.001296,1296,ubuntu-rog,1,0,0,65683160,27954992,53041156,309528,23659140,0,12295624,21921964,10274864,0,2020760,21921964,0,0,8388604,8388604,0,0,64,0,10249840,358372,25832,1874100,2542468,1874100,668368,13760,42160,0,0,0,0,41230184,13955076,34359738367,85924,0,81200,0,0,0,0,0,0,0,0,0,0,0,2048,0,1493776,27707392,38797312
1775670267.001058,1058,ubuntu-rog,1,0,0,65683160,27954992,53041156,309528,23659144,0,12295624,21921964,10274864,0,2020760,21921964,0,0,8388604,8388604,0,0,68,0,10249840,358372,25832,1874100,2542468,1874100,668368,13760,42160,0,0,0,0,41230184,13955076,34359738367,85924,0,81200,0,0,0,0,0,0,0,0,0,0,0,2048,0,1493776,27707392,38797312
1775670268.002056,2056,ubuntu-rog,1,0,0,65683160,27954992,53041156,309528,23659144,0,12295624,21921964,10274864,0,2020760,21921964,0,0,8388604,8388604,0,0,68,0,10249840,358372,25832,1874100,2542468,1874100,668368,13760,42160,0,0,0,0,41230184,13955076,34359738367,85924,0,81200,0,0,0,0,0,0,0,0,0,0,0,2048,0,1493776,27707392,38797312
1775670269.001291,1291,ubuntu-rog,1,0,0,65683160,27954992,53041156,309528,23659144,0,12295624,21921964,10274864,0,2020760,21921964,0,0,8388604,8388604,0,0,68,0,10249840,358372,25832,1874100,2542468,1874100,668368,13760,42160,0,0,0,0,41230184,13955076,34359738367,85924,0,81200,0,0,0,0,0,0,0,0,0,0,0,2048,0,1493776,27707392,38797312
1775670270.001207,1207,ubuntu-rog,1,0,0,65683160,27954992,53041156,309528,23659148,0,12295624,21921964,10274864,0,2020760,21921964,0,0,8388604,8388604,0,0,72,0,10249840,358372,25832,1874100,2542468,1874100,668368,13760,42160,0,0,0,0,41230184,13955076,34359738367,85924,0,81200,0,0,0,0,0,0,0,0,0,0,0,2048,0,1493776,27707392,38797312
1775670271.001306,1306,ubuntu-rog,1,0,0,65683160,27954992,53041156,309536,23659144,0,12295624,21921964,10274864,0,2020760,21921964,0,0,8388604,8388604,0,0,76,0,10249840,358372,25832,1874100,2542468,1874100,668368,13760,42160,0,0,0,0,41230184,13955076,34359738367,85924,0,81200,0,0,0,0,0,0,0,0,0,0,0,2048,0,1493776,27707392,38797312
1775670272.002055,2055,ubuntu-rog,1,0,0,65683160,27954992,53041156,309536,23659156,0,12295624,21921964,10274864,0,2020760,21921964,0,0,8388604,8388604,0,0,80,0,10249840,358372,25832,1874100,2542468,1874100,668368,13760,42160,0,0,0,0,41230184,13955076,34359738367,85924,0,81200,0,0,0,0,0,0,0,0,0,0,0,2048,0,1493776,27707392,38797312
1775670273.001060,1060,ubuntu-rog,1,0,0,65683160,27954992,53041156,309536,23659156,0,12295624,21921964,10274864,0,2020760,21921964,0,0,8388604,8388604,0,0,80,0,10249840,358372,25832,1874100,2542468,1874100,668368,13760,42160,0,0,0,0,41230184,13955076,34359738367,85924,0,81200,0,0,0,0,0,0,0,0,0,0,0,2048,0,1493776,27707392,38797312
1775670274.001296,1296,ubuntu-rog,1,0,0,65683160,27954992,53041156,309536,23659160,0,12295624,21921964,10274864,0,2020760,21921964,0,0,8388604,8388604,0,0,48,0,10249840,358372,25832,1874100,2542468,1874100,668368,13760,42160,0,0,0,0,41230184,13955076,34359738367,85924,0,81200,0,0,0,0,0,0,0,0,0,0,0,2048,0,1493776,27707392,38797312
1775670275.001195,1195,ubuntu-rog,1,0,0,65683160,27954992,53041156,309536,23659160,0,12295624,21921964,10274864,0,2020760,21921964,0,0,8388604,8388604,0,0,48,0,10249840,358372,25832,1874100,2542468,1874100,668368,13760,42160,0,0,0,0,41230184,13955076,34359738367,85924,0,81200,0,0,0,0,0,0,0,0,0,0,0,2048,0,1493776,27707392,38797312
1775670276.002282,2282,ubuntu-rog,1,0,0,65683160,27954992,53041156,309536,23659160,0,12295624,21921964,10274864,0,2020760,21921964,0,0,8388604,8388604,0,0,48,0,10249840,358372,25832,1874100,2542468,1874100,668368,13760,42160,0,0,0,0,41230184,13955076,34359738367,85924,0,81200,0,0,0,0,0,0,0,0,0,0,0,2048,0,1493776,27707392,38797312
1775670277.001064,1064,ubuntu-rog,1,0,0,65683160,27954992,53041156,309548,23659152,0,12295624,21921964,10274864,0,2020760,21921964,0,0,8388604,8388604,0,0,52,0,10249840,358372,25832,1874100,2542468,1874100,668368,13760,42160,0,0,0,0,41230184,13955076,34359738367,85924,0,81200,0,0,0,0,0,0,0,0,0,0,0,2048,0,1493776,27707392,38797312
1775670278.001064,1064,ubuntu-rog,1,0,0,65683160,27954992,53041156,309548,23659168,0,12295624,21921964,10274864,0,2020760,21921964,0,0,8388604,8388604,0,0,72,0,10249840,358372,25832,1874100,2542468,1874100,668368,13760,42160,0,0,0,0,41230184,13955076,34359738367,85924,0,81200,0,0,0,0,0,0,0,0,0,0,0,2048,0,1493776,27707392,38797312
1775670279.001300,1300,ubuntu-rog,1,0,0,65683160,27954992,53041156,309548,23659168,0,12295624,21921964,10274864,0,2020760,21921964,0,0,8388604,8388604,0,0,44,0,10249840,358372,25832,1874100,2542468,1874100,668368,13760,42160,0,0,0,0,41230184,13955076,34359738367,85924,0,81200,0,0,0,0,0,0,0,0,0,0,0,2048,0,1493776,27707392,38797312
1775670280.002191,2191,ubuntu-rog,1,0,0,65683160,27954992,53041156,309548,23659168,0,12295624,21921964,10274864,0,2020760,21921964,0,0,8388604,8388604,0,0,44,0,10249840,358372,25832,1874100,2542468,1874100,668368,13760,42160,0,0,0,0,41230184,13955076,34359738367,85924,0,81200,0,0,0,0,0,0,0,0,0,0,0,2048,0,1493776,27707392,38797312
1775670281.001297,1297,ubuntu-rog,1,0,0,65683160,27954992,53041156,309548,23659172,0,12295624,21921964,10274864,0,2020760,21921964,0,0,8388604,8388604,0,0,48,0,10249840,358372,25832,1874100,2542468,1874100,668368,13760,42160,0,0,0,0,41230184,13955076,34359738367,85924,0,81200,0,0,0,0,0,0,0,0,0,0,0,2048,0,1493776,27707392,38797312
1775670282.001061,1061,ubuntu-rog,1,0,0,65683160,27954992,53041156,309548,23659172,0,12295624,21921964,10274864,0,2020760,21921964,0,0,8388604,8388604,0,0,48,0,10249840,358372,25832,1874100,2542468,1874100,668368,13760,42160,0,0,0,0,41230184,13955076,34359738367,85924,0,81200,0,0,0,0,0,0,0,0,0,0,0,2048,0,1493776,27707392,38797312
1775670283.001044,1044,ubuntu-rog,1,0,0,65683160,27954992,53041156,309556,23659172,0,12295624,21921964,10274864,0,2020760,21921964,0,0,8388604,8388604,0,0,52,0,10249840,358372,25832,1874100,2542468,1874100,668368,13760,42160,0,0,0,0,41230184,13955076,34359738367,85924,0,81200,0,0,0,0,0,0,0,0,0,0,0,2048,0,1493776,27707392,38797312
1775670284.002300,2300,ubuntu-rog,1,0,0,65683160,27954992,53041156,309556,23659180,0,12295624,21921964,10274864,0,2020760,21921964,0,0,8388604,8388604,0,0,60,0,10249840,358372,25832,1874100,2542468,1874100,668368,13760,42160,0,0,0,0,41230184,13955076,34359738367,85924,0,81200,0,0,0,0,0,0,0,0,0,0,0,2048,0,1493776,27707392,38797312
1775670285.001193,1193,ubuntu-rog,1,0,0,65683160,27954992,53041156,309556,23659184,0,12295624,21921964,10274864,0,2020760,21921964,0,0,8388604,8388604,0,0,68,0,10249840,358372,25832,1874100,2542468,1874100,668368,13760,42160,0,0,0,0,41230184,13955076,34359738367,85924,0,81200,0,0,0,0,0,0,0,0,0,0,0,2048,0,1493776,27707392,38797312
1775670286.001296,1296,ubuntu-rog,1,0,0,65683160,27954992,53041156,309556,23659184,0,12295624,21921964,10274864,0,2020760,21921964,0,0,8388604,8388604,0,0,68,0,10249840,358372,25832,1874100,2542468,1874100,668368,13760,42160,0,0,0,0,41230184,13955076,34359738367,85924,0,81200,0,0,0,0,0,0,0,0,0,0,0,2048,0,1493776,27707392,38797312
1775670287.001059,1059,ubuntu-rog,1,0,0,65683160,27954992,53041156,309556,23659184,0,12295624,21921964,10274864,0,2020760,21921964,0,0,8388604,8388604,0,0,68,0,10249840,358372,25832,1874100,2542468,1874100,668368,13760,42160,0,0,0,0,41230184,13955076,34359738367,85924,0,81200,0,0,0,0,0,0,0,0,0,0,0,2048,0,1493776,27707392,38797312
1775670288.002058,2058,ubuntu-rog,1,0,0,65683160,27954992,53041156,309556,23659188,0,12295624,21921964,10274864,0,2020760,21921964,0,0,8388604,8388604,0,0,72,0,10249840,358372,25832,1874100,2542468,1874100,668368,13760,42160,0,0,0,0,41230184,13955076,34359738367,85924,0,81200,0,0,0,0,0,0,0,0,0,0,0,2048,0,1493776,27707392,38797312
1775670289.001291,1291,ubuntu-rog,1,0,0,65683160,27954992,53041156,309564,23659188,0,12295700,21921964,10274940,0,2020760,21921964,0,0,8388604,8388604,0,0,56,0,10249840,358372,25832,1874100,2542468,1874100,668368,13760,42160,0,0,0,0,41230184,13955076,34359738367,85924,0,81200,0,0,0,0,0,0,0,0,0,0,0,2048,0,1493776,27707392,38797312
1775670290.001407,1407,ubuntu-rog,1,0,0,65683160,27954992,53041156,309564,23659188,0,12295700,21921964,10274940,0,2020760,21921964,0,0,8388604,8388604,0,0,56,0,10249840,358372,25832,1874100,2542468,1874100,668368,13760,42160,0,0,0,0,41230184,13955076,34359738367,85924,0,81200,0,0,0,0,0,0,0,0,0,0,0,2048,0,1493776,27707392,38797312
1775670291.002296,2296,ubuntu-rog,1,0,0,65683160,27954992,53041156,309564,23659196,0,12295700,21921964,10274940,0,2020760,21921964,0,0,8388604,8388604,0,0,64,0,10249840,358372,25832,1874100,2542468,1874100,668368,13760,42160,0,0,0,0,41230184,13955076,34359738367,85924,0,81200,0,0,0,0,0,0,0,0,0,0,0,2048,0,1493776,27707392,38797312
1775670292.001061,1061,ubuntu-rog,1,0,0,65683160,27954992,53041156,309564,23659196,0,12295700,21921964,10274940,0,2020760,21921964,0,0,8388604,8388604,0,0,64,0,10249840,358372,25832,1874100,2542468,1874100,668368,13760,42160,0,0,0,0,41230184,13955076,34359738367,85924,0,81200,0,0,0,0,0,0,0,0,0,0,0,2048,0,1493776,27707392,38797312
1775670293.001063,1063,ubuntu-rog,1,0,0,65683160,27954992,53041156,309564,23659196,0,12295700,21921964,10274940,0,2020760,21921964,0,0,8388604,8388604,0,0,64,0,10249840,358372,25832,1874100,2542468,1874100,668368,13760,42160,0,0,0,0,41230184,13955076,34359738367,85924,0,81200,0,0,0,0,0,0,0,0,0,0,0,2048,0,1493776,27707392,38797312
1775670294.001296,1296,ubuntu-rog,1,0,0,65683160,27954992,53041156,309572,23659188,0,12295700,21921964,10274940,0,2020760,21921964,0,0,8388604,8388604,0,0,64,0,10249840,358372,25832,1874100,2542468,1874100,668368,13760,42160,0,0,0,0,41230184,13955076,34359738367,85924,0,81200,0,0,0,0,0,0,0,0,0,0,0,2048,0,1493776,27707392,38797312
1775670295.002195,2195,ubuntu-rog,1,0,0,65683160,27954992,53041192,309572,23659200,0,12295700,21922000,10274940,0,2020760,21922000,0,0,8388604,8388604,0,0,44,0,10249840,358372,25832,1874100,2542468,1874100,668368,13760,42160,0,0,0,0,41230184,13955076,34359738367,85924,0,81200,0,0,0,0,0,0,0,0,0,0,0,2048,0,1493776,27707392,38797312
1775670296.001297,1297,ubuntu-rog,1,0,0,65683160,27954992,53041192,309572,23659204,0,12295700,21922000,10274940,0,2020760,21922000,0,0,8388604,8388604,0,0,52,0,10249840,358372,25832,1874100,2542468,1874100,668368,13760,42160,0,0,0,0,41230184,13955076,34359738367,85924,0,81200,0,0,0,0,0,0,0,0,0,0,0,2048,0,1493776,27707392,38797312
1775670297.001050,1050,ubuntu-rog,1,0,0,65683160,27954992,53041192,309572,23659208,0,12295700,21922000,10274940,0,2020760,21922000,0,0,8388604,8388604,0,0,56,0,10249840,358372,25832,1874100,2542468,1874100,668368,13760,42160,0,0,0,0,41230184,13955076,34359738367,85924,0,81200,0,0,0,0,0,0,0,0,0,0,0,2048,0,1493776,27707392,38797312
1775670298.002066,2066,ubuntu-rog,1,0,0,65683160,27954992,53041192,309572,23659212,0,12295700,21922000,10274940,0,2020760,21922000,0,0,8388604,8388604,0,0,60,0,10249840,358372,25832,1874100,2542468,1874100,668368,13760,42160,0,0,0,0,41230184,13955076,34359738367,85924,0,81200,0,0,0,0,0,0,0,0,0,0,0,2048,0,1493776,27707392,38797312
1775670299.001286,1286,ubuntu-rog,1,0,0,65683160,27954992,53041192,309572,23659212,0,12295700,21922000,10274940,0,2020760,21922000,0,0,8388604,8388604,0,0,60,0,10249840,358372,25832,1874100,2542468,1874100,668368,13760,42160,0,0,0,0,41230184,13955076,34359738367,85924,0,81200,0,0,0,0,0,0,0,0,0,0,0,2048,0,1493776,27707392,38797312
1775670300.001191,1191,ubuntu-rog,1,0,0,65683160,27954992,53041192,309580,23659204,0,12295700,21922000,10274940,0,2020760,21922000,0,0,8388604,8388604,0,0,60,0,10249840,358372,25832,1874100,2542468,1874100,668368,13760,42160,0,0,0,0,41230184,13955076,34359738367,85924,0,81200,0,0,0,0,0,0,0,0,0,0,0,2048,0,1493776,27707392,38797312
1775670301.001292,1292,ubuntu-rog,1,0,0,65683160,27954992,53041316,309580,23659216,0,12295700,21922124,10274940,0,2020760,21922124,0,0,8388604,8388604,0,0,68,0,10249840,358372,25832,1874100,2542468,1874100,668368,13760,42160,0,0,0,0,41230184,13955076,34359738367,85924,0,81200,0,0,0,0,0,0,0,0,0,0,0,2048,0,1493776,27707392,38797312
1775670302.002053,2053,ubuntu-rog,1,0,0,65683160,27955396,53041720,309580,23659216,0,12295700,21922124,10274940,0,2020760,21922124,0,0,8388604,8388604,0,0,68,0,10249840,358372,25832,1874100,2542468,1874100,668368,13760,42160,0,0,0,0,41230184,13955076,34359738367,85940,0,81200,0,0,0,0,0,0,0,0,0,0,0,2048,0,1493776,27707392,38797312
1775670303.001365,1365,ubuntu-rog,1,0,0,65683160,27955256,53041588,309580,23659220,0,12295720,21922132,10274960,0,2020760,21922132,0,0,8388604,8388604,0,0,256,0,10249840,358372,25832,1874100,2542452,1874100,668352,13760,42160,0,0,0,0,41230184,13955076,34359738367,85940,0,81200,0,0,0,0,0,0,0,0,0,0,0,2048,0,1493776,27707392,38797312
1775670304.002278,2278,ubuntu-rog,1,0,0,65683160,27955308,53041640,309580,23659220,0,12295828,21922132,10275068,0,2020760,21922132,0,0,8388604,8388604,0,0,216,0,10249840,358372,25832,1874100,2542452,1874100,668352,13760,42160,0,0,0,0,41230184,13955076,34359738367,85940,0,81200,0,0,0,0,0,0,0,0,0,0,0,2048,0,1493776,27707392,38797312
1775670305.001190,1190,ubuntu-rog,1,0,0,65683160,27955308,53041640,309580,23659224,0,12295828,21922132,10275068,0,2020760,21922132,0,0,8388604,8388604,0,0,224,0,10249840,358372,25832,1874100,2542452,1874100,668352,13760,42160,0,0,0,0,41230184,13955076,34359738367,85940,0,81200,0,0,0,0,0,0,0,0,0,0,0,2048,0,1493776,27707392,38797312
1775670306.001295,1295,ubuntu-rog,1,0,0,65683160,27955308,53041640,309592,23659212,0,12295828,21922132,10275068,0,2020760,21922132,0,0,8388604,8388604,0,0,224,0,10249840,358372,25832,1874100,2542452,1874100,668352,13760,42160,0,0,0,0,41230184,13955076,34359738367,85940,0,81200,0,0,0,0,0,0,0,0,0,0,0,2048,0,1493776,27707392,38797312
1775670307.001061,1061,ubuntu-rog,1,0,0,65683160,27955308,53041644,309592,23659224,0,12295828,21922132,10275068,0,2020760,21922132,0,0,8388604,8388604,0,0,268,0,10249840,358372,25832,1874104,2542456,1874104,668352,13760,42160,0,0,0,0,41230184,13955076,34359738367,85940,0,81200,0,0,0,0,0,0,0,0,0,0,0,2048,0,1493776,27707392,38797312
1775670308.002061,2061,ubuntu-rog,1,0,0,65683160,27955684,53042020,309592,23659232,0,12295828,21922132,10275068,0,2020760,21922132,0,0,8388604,8388604,0,0,276,0,10249840,358372,25832,1874104,2542456,1874104,668352,13760,42160,0,0,0,0,41230184,13955076,34359738367,85940,0,81200,0,0,0,0,0,0,0,0,0,0,0,2048,0,1493776,27707392,38797312
1775670309.001289,1289,ubuntu-rog,1,0,0,65683160,27955684,53042020,309592,23659232,0,12295828,21922132,10275068,0,2020760,21922132,0,0,8388604,8388604,0,0,276,0,10249840,358372,25832,1874104,2542456,1874104,668352,13760,42160,0,0,0,0,41230184,13955076,34359738367,85940,0,81200,0,0,0,0,0,0,0,0,0,0,0,2048,0,1493776,27707392,38797312
1775670310.001132,1132,ubuntu-rog,1,0,0,65683160,27955684,53042020,309592,23659236,0,12295828,21922132,10275068,0,2020760,21922132,0,0,8388604,8388604,0,0,280,0,10249840,358372,25832,1874104,2542456,1874104,668352,13760,42160,0,0,0,0,41230184,13955076,34359738367,85940,0,81200,0,0,0,0,0,0,0,0,0,0,0,2048,0,1493776,27707392,38797312
1775670311.002295,2295,ubuntu-rog,1,0,0,65683160,27955684,53042020,309592,23659236,0,12295828,21922132,10275068,0,2020760,21922132,0,0,8388604,8388604,0,0,280,0,10249840,358372,25832,1874104,2542456,1874104,668352,13760,42160,0,0,0,0,41230184,13955076,34359738367,85940,0,81200,0,0,0,0,0,0,0,0,0,0,0,2048,0,1493776,27707392,38797312
1775670312.001061,1061,ubuntu-rog,1,0,0,65683160,27955684,53042020,309592,23659240,0,12295828,21922132,10275068,0,2020760,21922132,0,0,8388604,8388604,0,0,284,0,10249840,358372,25832,1874104,2542456,1874104,668352,13760,42160,0,0,0,0,41230184,13955076,34359738367,85940,0,81200,0,0,0,0,0,0,0,0,0,0,0,2048,0,1493776,27707392,38797312
1775670313.001063,1063,ubuntu-rog,1,0,0,65683160,27955684,53042020,309600,23659232,0,12295828,21922132,10275068,0,2020760,21922132,0,0,8388604,8388604,0,0,284,0,10249840,358372,25832,1874104,2542456,1874104,668352,13760,42160,0,0,0,0,41230184,13955076,34359738367,85940,0,81200,0,0,0,0,0,0,0,0,0,0,0,2048,0,1493776,27707392,38797312
1775670314.001299,1299,ubuntu-rog,1,0,0,65683160,27955684,53042020,309600,23659240,0,12295828,21922132,10275068,0,2020760,21922132,0,0,8388604,8388604,0,0,284,0,10249840,358372,25832,1874104,2542456,1874104,668352,13760,42160,0,0,0,0,41230184,13955076,34359738367,85940,0,81200,0,0,0,0,0,0,0,0,0,0,0,2048,0,1493776,27707392,38797312
1775670315.002188,2188,ubuntu-rog,1,0,0,65683160,27955684,53042020,309600,23659244,0,12295828,21922132,10275068,0,2020760,21922132,0,0,8388604,8388604,0,0,288,0,10249840,358372,25832,1874104,2542456,1874104,668352,13760,42160,0,0,0,0,41230184,13955076,34359738367,85940,0,81200,0,0,0,0,0,0,0,0,0,0,0,2048,0,1493776,27707392,38797312
1775670316.001297,1297,ubuntu-rog,1,0,0,65683160,27955684,53042020,309600,23659248,0,12295828,21922132,10275068,0,2020760,21922132,0,0,8388604,8388604,0,0,292,0,10249840,358372,25832,1874104,2542456,1874104,668352,13760,42160,0,0,0,0,41230184,13955076,34359738367,85940,0,81200,0,0,0,0,0,0,0,0,0,0,0,2048,0,1493776,27707392,38797312
1775670317.001064,1064,ubuntu-rog,1,0,0,65683160,27955684,53042020,309600,23659248,0,12295828,21922132,10275068,0,2020760,21922132,0,0,8388604,8388604,0,0,292,0,10249840,358372,25832,1874104,2542456,1874104,668352,13760,42160,0,0,0,0,41230184,13955076,34359738367,85940,0,81200,0,0,0,0,0,0,0,0,0,0,0,2048,0,1493776,27707392,38797312
1775670318.001067,1067,ubuntu-rog,1,0,0,65683160,27955684,53042020,309600,23659248,0,12295828,21922132,10275068,0,2020760,21922132,0,0,8388604,8388604,0,0,292,0,10249840,358372,25832,1874104,2542456,1874104,668352,13760,42160,0,0,0,0,41230184,13955076,34359738367,85940,0,81200,0,0,0,0,0,0,0,0,0,0,0,2048,0,1493776,27707392,38797312
1775670319.002300,2300,ubuntu-rog,1,0,0,65683160,27955684,53042020,309600,23659252,0,12295828,21922132,10275068,0,2020760,21922132,0,0,8388604,8388604,0,0,296,0,10249840,358372,25832,1874104,2542456,1874104,668352,13760,42160,0,0,0,0,41230184,13955076,34359738367,85940,0,81200,0,0,0,0,0,0,0,0,0,0,0,2048,0,1493776,27707392,38797312
1775670320.001193,1193,ubuntu-rog,1,0,0,65683160,27955684,53042020,309608,23659244,0,12295828,21922132,10275068,0,2020760,21922132,0,0,8388604,8388604,0,0,268,0,10249840,358372,25832,1874104,2542456,1874104,668352,13760,42160,0,0,0,0,41230184,13955076,34359738367,85940,0,81200,0,0,0,0,0,0,0,0,0,0,0,2048,0,1493776,27707392,38797312
1775670321.001301,1301,ubuntu-rog,1,0,0,65683160,27955684,53042020,309608,23659256,0,12295828,21922132,10275068,0,2020760,21922132,0,0,8388604,8388604,0,0,276,0,10249840,358372,25832,1874104,2542456,1874104,668352,13760,42160,0,0,0,0,41230184,13955076,34359738367,85940,0,81200,0,0,0,0,0,0,0,0,0,0,0,2048,0,1493776,27707392,38797312
1775670322.001058,1058,ubuntu-rog,1,0,0,65683160,27955684,53042020,309608,23659264,0,12295828,21922132,10275068,0,2020760,21922132,0,0,8388604,8388604,0,0,288,0,10249840,358372,25832,1874104,2542456,1874104,668352,13760,42160,0,0,0,0,41230184,13955076,34359738367,85940,0,81200,0,0,0,0,0,0,0,0,0,0,0,2048,0,1493776,27707392,38797312
1775670323.002061,2061,ubuntu-rog,1,0,0,65683160,27955684,53042020,309608,23659264,0,12295828,21922132,10275068,0,2020760,21922132,0,0,8388604,8388604,0,0,288,0,10249840,358372,25832,1874104,2542456,1874104,668352,13760,42160,0,0,0,0,41230184,13955076,34359738367,85940,0,81200,0,0,0,0,0,0,0,0,0,0,0,2048,0,1493776,27707392,38797312
1775670324.001294,1294,ubuntu-rog,1,0,0,65683160,27955684,53042020,309608,23659264,0,12295828,21922132,10275068,0,2020760,21922132,0,0,8388604,8388604,0,0,288,0,10249840,358372,25832,1874104,2542456,1874104,668352,13760,42160,0,0,0,0,41230184,13955076,34359738367,85940,0,81200,0,0,0,0,0,0,0,0,0,0,0,2048,0,1493776,27707392,38797312
1775670325.001195,1195,ubuntu-rog,1,0,0,65683160,27955684,53042020,309608,23659264,0,12295828,21922132,10275068,0,2020760,21922132,0,0,8388604,8388604,0,0,288,0,10249840,358372,25832,1874104,2542460,1874104,668356,13760,42160,0,0,0,0,41230184,13955076,34359738367,85940,0,81200,0,0,0,0,0,0,0,0,0,0,0,2048,0,1493776,27707392,38797312
1775670326.001301,1301,ubuntu-rog,1,0,0,65683160,27955684,53042020,309616,23659268,0,12295828,21922132,10275068,0,2020760,21922132,0,0,8388604,8388604,0,0,296,0,10249840,358372,25832,1874104,2542476,1874104,668372,13760,42160,0,0,0,0,41230184,13955168,34359738367,85940,0,81200,0,0,0,0,0,0,0,0,0,0,0,2048,0,1493776,27707392,38797312
1775670327.002058,2058,ubuntu-rog,1,0,0,65683160,27955684,53042020,309616,23659268,0,12295916,21922132,10275156,0,2020760,21922132,0,0,8388604,8388604,0,0,296,0,10250032,358372,25832,1874104,2542492,1874104,668388,13760,42160,0,0,0,0,41230184,13955248,34359738367,85940,0,81200,0,0,0,0,0,0,0,0,0,0,0,2048,0,1493776,27707392,38797312
1775670328.001062,1062,ubuntu-rog,1,0,0,65683160,27955684,53042088,309616,23659272,0,12295916,21922200,10275156,0,2020760,21922200,0,0,8388604,8388604,0,0,300,0,10250032,358372,25832,1874104,2542492,1874104,668388,13760,42160,0,0,0,0,41230184,13955248,34359738367,85940,0,81200,0,0,0,0,0,0,0,0,0,0,0,2048,0,1493776,27707392,38797312
1775670329.001294,1294,ubuntu-rog,1,0,0,65683160,27955684,53042088,309624,23659276,0,12295940,21922200,10275180,0,2020760,21922200,0,0,8388604,8388604,0,0,128,0,10250032,358372,25832,1874104,2542492,1874104,668388,13760,42160,0,0,0,0,41230184,13955248,34359738367,85940,0,81200,0,0,0,0,0,0,0,0,0,0,0,2048,0,1493776,27707392,38797312
1775670330.001123,1123,ubuntu-rog,1,0,0,65683160,27955684,53042088,309624,23659276,0,12295940,21922200,10275180,0,2020760,21922200,0,0,8388604,8388604,0,0,112,0,10250032,358372,25832,1874104,2542492,1874104,668388,13760,42160,0,0,0,0,41230184,13955248,34359738367,85940,0,81200,0,0,0,0,0,0,0,0,0,0,0,2048,0,1493776,27707392,38797312
1775670331.002298,2298,ubuntu-rog,1,0,0,65683160,27955684,53042088,309624,23659276,0,12295940,21922200,10275180,0,2020760,21922200,0,0,8388604,8388604,0,0,112,0,10250032,358372,25832,1874104,2542492,1874104,668388,13760,42160,0,0,0,0,41230184,13955248,34359738367,85940,0,81200,0,0,0,0,0,0,0,0,0,0,0,2048,0,1493776,27707392,38797312
1775670332.001064,1064,ubuntu-rog,1,0,0,65683160,27955684,53042100,309624,23659276,0,12295940,21922212,10275180,0,2020760,21922212,0,0,8388604,8388604,0,0,56,0,10250032,358372,25832,1874104,2542492,1874104,668388,13760,42160,0,0,0,0,41230184,13955248,34359738367,85940,0,81200,0,0,0,0,0,0,0,0,0,0,0,2048,0,1493776,27707392,38797312
1775670333.001063,1063,ubuntu-rog,1,0,0,65683160,27955684,53042100,309624,23659284,0,12295940,21922212,10275180,0,2020760,21922212,0,0,8388604,8388604,0,0,68,0,10250032,358372,25832,1874104,2542492,1874104,668388,13760,42160,0,0,0,0,41230184,13955248,34359738367,85940,0,81200,0,0,0,0,0,0,0,0,0,0,0,2048,0,1493776,27707392,38797312
1775670334.001299,1299,ubuntu-rog,1,0,0,65683160,27955684,53042100,309624,23659284,0,12295940,21922212,10275180,0,2020760,21922212,0,0,8388604,8388604,0,0,60,0,10250032,358372,25832,1874104,2542492,1874104,668388,13760,42160,0,0,0,0,41230184,13955248,34359738367,85940,0,81200,0,0,0,0,0,0,0,0,0,0,0,2048,0,1493776,27707392,38797312
1775670335.002193,2193,ubuntu-rog,1,0,0,65683160,27955684,53042100,309644,23659276,0,12295940,21922212,10275180,0,2020760,21922212,0,0,8388604,8388604,0,0,40,0,10250032,358372,25832,1874104,2542492,1874104,668388,13760,42160,0,0,0,0,41230184,13955248,34359738367,85940,0,81200,0,0,0,0,0,0,0,0,0,0,0,2048,0,1493776,27707392,38797312
1775670336.001302,1302,ubuntu-rog,1,0,0,65683160,27955444,53041980,309716,23659292,0,12296020,21922316,10275260,0,2020760,21922316,0,0,8388604,8388604,0,0,132,0,10250032,358372,25832,1874120,2542508,1874120,668388,13760,42160,0,0,0,0,41230184,13955248,34359738367,85940,0,81200,0,0,0,0,0,0,0,0,0,0,0,2048,0,1493776,27707392,38797312
1775670337.001375,1375,ubuntu-rog,1,0,0,65683160,27955444,53041980,309716,23659292,0,12296008,21922316,10275248,0,2020760,21922316,0,0,8388604,8388604,0,0,132,0,10250036,358372,25832,1874120,2542508,1874120,668388,13760,42160,0,0,0,0,41230184,13955248,34359738367,85940,0,81200,0,0,0,0,0,0,0,0,0,0,0,2048,0,1493776,27707392,38797312
1775670338.002066,2066,ubuntu-rog,1,0,0,65683160,27955444,53041980,309716,23659292,0,12296008,21922316,10275248,0,2020760,21922316,0,0,8388604,8388604,0,0,132,0,10250036,358372,25832,1874120,2542508,1874120,668388,13760,42160,0,0,0,0,41230184,13955248,34359738367,85940,0,81200,0,0,0,0,0,0,0,0,0,0,0,2048,0,1493776,27707392,38797312
1775670339.001303,1303,ubuntu-rog,1,0,0,65683160,27955444,53041980,309716,23659292,0,12296008,21922316,10275248,0,2020760,21922316,0,0,8388604,8388604,0,0,132,0,10250036,358372,25832,1874120,2542508,1874120,668388,13760,42160,0,0,0,0,41230184,13955248,34359738367,85940,0,81200,0,0,0,0,0,0,0,0,0,0,0,2048,0,1493776,27707392,38797312
1775670340.001199,1199,ubuntu-rog,1,0,0,65683160,27955444,53041980,309716,23659296,0,12296008,21922316,10275248,0,2020760,21922316,0,0,8388604,8388604,0,0,136,0,10250036,358372,25832,1874120,2542508,1874120,668388,13760,42160,0,0,0,0,41230184,13955248,34359738367,85940,0,81200,0,0,0,0,0,0,0,0,0,0,0,2048,0,1493776,27707392,38797312
1775670341.001297,1297,ubuntu-rog,1,0,0,65683160,27955444,53041980,309724,23659300,0,12296008,21922316,10275248,0,2020760,21922316,0,0,8388604,8388604,0,0,140,0,10250036,358372,25832,1874120,2542508,1874120,668388,13760,42160,0,0,0,0,41230184,13955248,34359738367,85940,0,81200,0,0,0,0,0,0,0,0,0,0,0,2048,0,1493776,27707392,38797312
1775670342.002060,2060,ubuntu-rog,1,0,0,65683160,27955444,53041980,309724,23659300,0,12296008,21922316,10275248,0,2020760,21922316,0,0,8388604,8388604,0,0,140,0,10250036,358372,25832,1874120,2542508,1874120,668388,13760,42160,0,0,0,0,41230184,13955248,34359738367,85940,0,81200,0,0,0,0,0,0,0,0,0,0,0,2048,0,1493776,27707392,38797312
1775670343.001064,1064,ubuntu-rog,1,0,0,65683160,27955444,53041980,309724,23659304,0,12296008,21922316,10275248,0,2020760,21922316,0,0,8388604,8388604,0,0,144,0,10250036,358372,25832,1874120,2542508,1874120,668388,13760,42160,0,0,0,0,41230184,13955248,34359738367,85940,0,81200,0,0,0,0,0,0,0,0,0,0,0,2048,0,1493776,27707392,38797312
1775670344.001290,1290,ubuntu-rog,1,0,0,65683160,27955444,53041980,309724,23659304,0,12296008,21922316,10275248,0,2020760,21922316,0,0,8388604,8388604,0,0,144,0,10250036,358372,25832,1874120,2542508,1874120,668388,13760,42160,0,0,0,0,41230184,13955248,34359738367,85940,0,81200,0,0,0,0,0,0,0,0,0,0,0,2048,0,1493776,27707392,38797312
1775670345.001196,1196,ubuntu-rog,1,0,0,65683160,27955444,53041980,309724,23659308,0,12296008,21922316,10275248,0,2020760,21922316,0,0,8388604,8388604,0,0,148,0,10250036,358372,25832,1874120,2542508,1874120,668388,13760,42160,0,0,0,0,41230184,13955248,34359738367,85940,0,81200,0,0,0,0,0,0,0,0,0,0,0,2048,0,1493776,27707392,38797312
1775670346.002294,2294,ubuntu-rog,1,0,0,65683160,27955444,53041980,309724,23659312,0,12296008,21922316,10275248,0,2020760,21922316,0,0,8388604,8388604,0,0,152,0,10250036,358372,25832,1874120,2542508,1874120,668388,13728,42160,0,0,0,0,41230184,13955248,34359738367,85924,0,81200,0,0,0,0,0,0,0,0,0,0,0,2048,0,1493776,27707392,38797312
1775670347.001062,1062,ubuntu-rog,1,0,0,65683160,27955444,53041980,309724,23659316,0,12296008,21922316,10275248,0,2020760,21922316,0,0,8388604,8388604,0,0,156,0,10250036,358372,25832,1874120,2542508,1874120,668388,13728,42160,0,0,0,0,41230184,13955248,34359738367,85924,0,81200,0,0,0,0,0,0,0,0,0,0,0,2048,0,1493776,27707392,38797312
1775670348.001065,1065,ubuntu-rog,1,0,0,65683160,27955444,53041980,309732,23659316,0,12296008,21922316,10275248,0,2020760,21922316,0,0,8388604,8388604,0,0,156,0,10250036,358372,25832,1874120,2542508,1874120,668388,13728,42160,0,0,0,0,41230184,13955248,34359738367,85924,0,81200,0,0,0,0,0,0,0,0,0,0,0,2048,0,1493776,27707392,38797312
1775670349.001298,1298,ubuntu-rog,1,0,0,65683160,27955444,53041980,309732,23659316,0,12296008,21922316,10275248,0,2020760,21922316,0,0,8388604,8388604,0,0,156,0,10250036,358372,25832,1874120,2542508,1874120,668388,13728,42160,0,0,0,0,41230184,13955248,34359738367,85924,0,81200,0,0,0,0,0,0,0,0,0,0,0,2048,0,1493776,27707392,38797312
1775670350.002193,2193,ubuntu-rog,1,0,0,65683160,27955444,53041980,309732,23659320,0,12296008,21922316,10275248,0,2020760,21922316,0,0,8388604,8388604,0,0,160,0,10250036,358372,25832,1874120,2542508,1874120,668388,13728,42160,0,0,0,0,41230184,13955248,34359738367,85924,0,81200,0,0,0,0,0,0,0,0,0,0,0,2048,0,1493776,27707392,38797312
1775670351.001332,1332,ubuntu-rog,1,0,0,65683160,27955444,53041980,309732,23659320,0,12296008,21922316,10275248,0,2020760,21922316,0,0,8388604,8388604,0,0,160,0,10250036,358372,25832,1874120,2542508,1874120,668388,13728,42160,0,0,0,0,41230184,13955248,34359738367,85924,0,81200,0,0,0,0,0,0,0,0,0,0,0,2048,0,1493776,27707392,38797312
1775670352.001064,1064,ubuntu-rog,1,0,0,65683160,27955444,53041980,309732,23659320,0,12296008,21922316,10275248,0,2020760,21922316,0,0,8388604,8388604,0,0,160,0,10250036,358372,25832,1874120,2542508,1874120,668388,13728,42160,0,0,0,0,41230184,13955248,34359738367,85924,0,81200,0,0,0,0,0,0,0,0,0,0,0,2048,0,1493776,27707392,38797312
1775670353.001066,1066,ubuntu-rog,1,0,0,65683160,27955444,53041980,309732,23659328,0,12296008,21922316,10275248,0,2020760,21922316,0,0,8388604,8388604,0,0,168,0,10250036,358372,25832,1874120,2542508,1874120,668388,13728,42160,0,0,0,0,41230184,13955248,34359738367,85924,0,81200,0,0,0,0,0,0,0,0,0,0,0,2048,0,1493776,27707392,38797312
1775670354.002298,2298,ubuntu-rog,1,0,0,65683160,27955444,53041980,309732,23659328,0,12296008,21922316,10275248,0,2020760,21922316,0,0,8388604,8388604,0,0,168,0,10250036,358372,25832,1874120,2542508,1874120,668388,13728,42160,0,0,0,0,41230184,13955248,34359738367,85924,0,81200,0,0,0,0,0,0,0,0,0,0,0,2048,0,1493776,27707392,38797312
1775670355.001199,1199,ubuntu-rog,1,0,0,65683160,27955444,53041980,309740,23659320,0,12296008,21922316,10275248,0,2020760,21922316,0,0,8388604,8388604,0,0,168,0,10250036,358372,25832,1874120,2542508,1874120,668388,13728,42160,0,0,0,0,41230184,13955248,34359738367,85924,0,81200,0,0,0,0,0,0,0,0,0,0,0,2048,0,1493776,27707392,38797312
1775670356.001299,1299,ubuntu-rog,1,0,0,65683160,27955444,53041980,309740,23659328,0,12296008,21922316,10275248,0,2020760,21922316,0,0,8388604,8388604,0,0,140,0,10250036,358372,25832,1874120,2542508,1874120,668388,13728,42160,0,0,0,0,41230184,13955248,34359738367,85924,0,81200,0,0,0,0,0,0,0,0,0,0,0,2048,0,1493776,27707392,38797312
1775670357.001046,1046,ubuntu-rog,1,0,0,65683160,27955444,53041980,309740,23659332,0,12296008,21922316,10275248,0,2020760,21922316,0,0,8388604,8388604,0,0,144,0,10250036,358372,25832,1874120,2542508,1874120,668388,13728,42160,0,0,0,0,41230184,13955248,34359738367,85924,0,81200,0,0,0,0,0,0,0,0,0,0,0,2048,0,1493776,27707392,38797312
1775670358.002061,2061,ubuntu-rog,1,0,0,65683160,27955444,53041980,309740,23659336,0,12296008,21922316,10275248,0,2020760,21922316,0,0,8388604,8388604,0,0,148,0,10250036,358372,25832,1874120,2542508,1874120,668388,13728,42160,0,0,0,0,41230184,13955248,34359738367,85924,0,81200,0,0,0,0,0,0,0,0,0,0,0,2048,0,1493776,27707392,38797312
1775670359.001306,1306,ubuntu-rog,1,0,0,65683160,27955444,53041980,309740,23659336,0,12296008,21922316,10275248,0,2020760,21922316,0,0,8388604,8388604,0,0,148,0,10250036,358372,25832,1874120,2542508,1874120,668388,13728,42160,0,0,0,0,41230184,13955248,34359738367,85924,0,81200,0,0,0,0,0,0,0,0,0,0,0,2048,0,1493776,27707392,38797312
1775670360.001199,1199,ubuntu-rog,1,0,0,65683160,27955444,53041980,309740,23659344,0,12296008,21922316,10275248,0,2020760,21922316,0,0,8388604,8388604,0,0,160,0,10250036,358372,25832,1874120,2542508,1874120,668388,13728,42160,0,0,0,0,41230184,13955248,34359738367,85924,0,81200,0,0,0,0,0,0,0,0,0,0,0,2048,0,1493776,27707392,38797312
1775670361.001297,1297,ubuntu-rog,1,0,0,65683160,27955444,53041980,309748,23659336,0,12296008,21922316,10275248,0,2020760,21922316,0,0,8388604,8388604,0,0,160,0,10250036,358372,25832,1874120,2542508,1874120,668388,13728,42160,0,0,0,0,41230184,13955248,34359738367,85924,0,81200,0,0,0,0,0,0,0,0,0,0,0,2048,0,1493776,27707392,38797312
1775670362.002060,2060,ubuntu-rog,1,0,0,65683160,27955444,53041980,309748,23659344,0,12296008,21922316,10275248,0,2020760,21922316,0,0,8388604,8388604,0,0,164,0,10250036,358372,25832,1874120,2542508,1874120,668388,13728,42160,0,0,0,0,41230184,13955248,34359738367,85924,0,81200,0,0,0,0,0,0,0,0,0,0,0,2048,0,1493776,27707392,38797312
1775670363.001064,1064,ubuntu-rog,1,0,0,65683160,27955444,53041980,309748,23659344,0,12296008,21922316,10275248,0,2020760,21922316,0,0,8388604,8388604,0,0,164,0,10250036,358372,25832,1874120,2542508,1874120,668388,13728,42160,0,0,0,0,41230184,13955248,34359738367,85924,0,81200,0,0,0,0,0,0,0,0,0,0,0,2048,0,1493776,27707392,38797312
1775670364.001240,1240,ubuntu-rog,1,0,0,65683160,27955444,53041980,309748,23659348,0,12296008,21922316,10275248,0,2020760,21922316,0,0,8388604,8388604,0,0,168,0,10250036,358372,25832,1874120,2542508,1874120,668388,13728,42160,0,0,0,0,41230184,13955248,34359738367,85924,0,81200,0,0,0,0,0,0,0,0,0,0,0,2048,0,1493776,27707392,38797312
1775670365.001153,1153,ubuntu-rog,1,0,0,65683160,27955444,53041996,309748,23659348,0,12296008,21922332,10275248,0,2020760,21922332,0,0,8388604,8388604,0,0,8,0,10250036,358372,25832,1874120,2542508,1874120,668388,13728,42160,0,0,0,0,41230184,13955248,34359738367,85924,0,81200,0,0,0,0,0,0,0,0,0,0,0,2048,0,1493776,27707392,38797312
1775670366.002299,2299,ubuntu-rog,1,0,0,65683160,27955444,53041996,309748,23659352,0,12296008,21922332,10275248,0,2020760,21922332,0,0,8388604,8388604,0,0,12,0,10250036,358372,25832,1874120,2542508,1874120,668388,13728,42160,0,0,0,0,41230184,13955248,34359738367,85924,0,81200,0,0,0,0,0,0,0,0,0,0,0,2048,0,1493776,27707392,38797312
1775670367.001064,1064,ubuntu-rog,1,0,0,65683160,27955444,53041996,309748,23659356,0,12296008,21922332,10275248,0,2020760,21922332,0,0,8388604,8388604,0,0,20,0,10250036,358372,25832,1874120,2542508,1874120,668388,13728,42160,0,0,0,0,41230184,13955248,34359738367,85924,0,81200,0,0,0,0,0,0,0,0,0,0,0,2048,0,1493776,27707392,38797312
1775670368.001066,1066,ubuntu-rog,1,0,0,65683160,27955444,53041996,309748,23659356,0,12296008,21922332,10275248,0,2020760,21922332,0,0,8388604,8388604,0,0,20,0,10250036,358372,25832,1874120,2542508,1874120,668388,13728,42160,0,0,0,0,41230184,13955248,34359738367,85924,0,81200,0,0,0,0,0,0,0,0,0,0,0,2048,0,1493776,27707392,38797312
1775670369.001299,1299,ubuntu-rog,1,0,0,65683160,27955444,53042000,309760,23659356,0,12296008,21922332,10275248,0,2020760,21922332,0,0,8388604,8388604,0,0,44,0,10250036,358372,25832,1874124,2542512,1874124,668388,13728,42160,0,0,0,0,41230184,13955248,34359738367,85924,0,81200,0,0,0,0,0,0,0,0,0,0,0,2048,0,1493776,27707392,38797312
1775670370.002194,2194,ubuntu-rog,1,0,0,65683160,27955444,53042000,309760,23659360,0,12296008,21922332,10275248,0,2020760,21922332,0,0,8388604,8388604,0,0,52,0,10250036,358372,25832,1874124,2542512,1874124,668388,13728,42160,0,0,0,0,41230184,13955248,34359738367,85924,0,81200,0,0,0,0,0,0,0,0,0,0,0,2048,0,1493776,27707392,38797312
1775670371.001226,1226,ubuntu-rog,1,0,0,65683160,27955444,53042000,309760,23659364,0,12295928,21922332,10275168,0,2020760,21922332,0,0,8388604,8388604,0,0,56,0,10249864,358372,25832,1874124,2542512,1874124,668388,13728,42160,0,0,0,0,41230184,13955076,34359738367,85924,0,81200,0,0,0,0,0,0,0,0,0,0,0,2048,0,1493776,27707392,38797312
1775670372.002061,2061,ubuntu-rog,1,0,0,65683160,27955444,53042000,309760,23659368,0,12295928,21922332,10275168,0,2020760,21922332,0,0,8388604,8388604,0,0,60,0,10249864,358372,25832,1874124,2542512,1874124,668388,13728,42160,0,0,0,0,41230184,13955076,34359738367,85924,0,81200,0,0,0,0,0,0,0,0,0,0,0,2048,0,1493776,27707392,38797312
1775670373.001067,1067,ubuntu-rog,1,0,0,65683160,27955444,53042000,309760,23659368,0,12295928,21922332,10275168,0,2020760,21922332,0,0,8388604,8388604,0,0,60,0,10249864,358372,25832,1874124,2542512,1874124,668388,13728,42160,0,0,0,0,41230184,13955076,34359738367,85924,0,81200,0,0,0,0,0,0,0,0,0,0,0,2048,0,1493776,27707392,38797312
1775670374.001298,1298,ubuntu-rog,1,0,0,65683160,27955444,53042000,309760,23659372,0,12295928,21922332,10275168,0,2020760,21922332,0,0,8388604,8388604,0,0,64,0,10249864,358372,25832,1874124,2542512,1874124,668388,13728,42160,0,0,0,0,41230184,13955076,34359738367,85924,0,81200,0,0,0,0,0,0,0,0,0,0,0,2048,0,1493776,27707392,38797312
1775670375.001198,1198,ubuntu-rog,1,0,0,65683160,27955444,53042000,309768,23659364,0,12295928,21922332,10275168,0,2020760,21922332,0,0,8388604,8388604,0,0,64,0,10249864,358372,25832,1874124,2542512,1874124,668388,13728,42160,0,0,0,0,41230184,13955076,34359738367,85924,0,81200,0,0,0,0,0,0,0,0,0,0,0,2048,0,1493776,27707392,38797312
1775670376.002286,2286,ubuntu-rog,1,0,0,65683160,27955444,53042000,309768,23659372,0,12295928,21922332,10275168,0,2020760,21922332,0,0,8388604,8388604,0,0,64,0,10249864,358372,25832,1874124,2542512,1874124,668388,13728,42160,0,0,0,0,41230184,13955076,34359738367,85924,0,81200,0,0,0,0,0,0,0,0,0,0,0,2048,0,1493776,27707392,38797312
1775670377.001060,1060,ubuntu-rog,1,0,0,65683160,27955444,53042000,309768,23659372,0,12295928,21922332,10275168,0,2020760,21922332,0,0,8388604,8388604,0,0,64,0,10249864,358372,25832,1874124,2542512,1874124,668388,13728,42160,0,0,0,0,41230184,13955076,34359738367,85924,0,81200,0,0,0,0,0,0,0,0,0,0,0,2048,0,1493776,27707392,38797312
1775670378.001066,1066,ubuntu-rog,1,0,0,65683160,27955444,53042000,309768,23659380,0,12295928,21922332,10275168,0,2020760,21922332,0,0,8388604,8388604,0,0,72,0,10249864,358372,25832,1874124,2542512,1874124,668388,13728,42160,0,0,0,0,41230184,13955076,34359738367,85924,0,81200,0,0,0,0,0,0,0,0,0,0,0,2048,0,1493776,27707392,38797312
1775670379.001528,1528,ubuntu-rog,1,0,0,65683160,27955444,53042000,309768,23659380,0,12295928,21922332,10275168,0,2020760,21922332,0,0,8388604,8388604,0,0,72,0,10249864,358372,25832,1874124,2542512,1874124,668388,13712,42160,0,0,0,0,41230184,13955076,34359738367,85924,0,81200,0,0,0,0,0,0,0,0,0,0,0,2048,0,1493776,27707392,38797312
1775670380.002195,2195,ubuntu-rog,1,0,0,65683160,27955444,53042000,309768,23659380,0,12295928,21922332,10275168,0,2020760,21922332,0,0,8388604,8388604,0,0,72,0,10249864,358372,25832,1874124,2542512,1874124,668388,13712,42160,0,0,0,0,41230184,13955076,34359738367,85924,0,81200,0,0,0,0,0,0,0,0,0,0,0,2048,0,1493776,27707392,38797312
1775670381.001297,1297,ubuntu-rog,1,0,0,65683160,27955444,53042000,309768,23659384,0,12295928,21922332,10275168,0,2020760,21922332,0,0,8388604,8388604,0,0,76,0,10249864,358372,25832,1874124,2542512,1874124,668388,13712,42160,0,0,0,0,41230184,13955076,34359738367,85924,0,81200,0,0,0,0,0,0,0,0,0,0,0,2048,0,1493776,27707392,38797312
1775670382.001061,1061,ubuntu-rog,1,0,0,65683160,27955444,53042000,309768,23659388,0,12295928,21922332,10275168,0,2020760,21922332,0,0,8388604,8388604,0,0,80,0,10249864,358372,25832,1874124,2542512,1874124,668388,13712,42160,0,0,0,0,41230184,13955076,34359738367,85924,0,81200,0,0,0,0,0,0,0,0,0,0,0,2048,0,1493776,27707392,38797312
1775670383.001065,1065,ubuntu-rog,1,0,0,65683160,27955444,53042000,309776,23659380,0,12295928,21922332,10275168,0,2020760,21922332,0,0,8388604,8388604,0,0,80,0,10249864,358372,25832,1874124,2542512,1874124,668388,13712,42160,0,0,0,0,41230184,13955076,34359738367,85924,0,81200,0,0,0,0,0,0,0,0,0,0,0,2048,0,1493776,27707392,38797312
1775670384.002293,2293,ubuntu-rog,1,0,0,65683160,27955444,53042000,309776,23659388,0,12295928,21922332,10275168,0,2020760,21922332,0,0,8388604,8388604,0,0,80,0,10249864,358372,25832,1874124,2542512,1874124,668388,13712,42160,0,0,0,0,41230184,13955076,34359738367,85924,0,81200,0,0,0,0,0,0,0,0,0,0,0,2048,0,1493776,27707392,38797312
1775670385.001190,1190,ubuntu-rog,1,0,0,65683160,27955444,53042000,309776,23659396,0,12295928,21922332,10275168,0,2020760,21922332,0,0,8388604,8388604,0,0,88,0,10249864,358372,25832,1874124,2542512,1874124,668388,13712,42160,0,0,0,0,41230184,13955076,34359738367,85924,0,81200,0,0,0,0,0,0,0,0,0,0,0,2048,0,1493776,27707392,38797312
1775670386.001334,1334,ubuntu-rog,1,0,0,65683160,27955444,53042000,309776,23659396,0,12295928,21922332,10275168,0,2020760,21922332,0,0,8388604,8388604,0,0,88,0,10249864,358372,25832,1874124,2542512,1874124,668388,13712,42160,0,0,0,0,41230184,13955076,34359738367,85924,0,81200,0,0,0,0,0,0,0,0,0,0,0,2048,0,1493776,27707392,38797312
1775670387.001067,1067,ubuntu-rog,1,0,0,65683160,27955444,53042000,309776,23659396,0,12295928,21922332,10275168,0,2020760,21922332,0,0,8388604,8388604,0,0,88,0,10249864,358372,25832,1874124,2542512,1874124,668388,13712,42160,0,0,0,0,41230184,13955076,34359738367,85924,0,81200,0,0,0,0,0,0,0,0,0,0,0,2048,0,1493776,27707392,38797312
1775670388.002060,2060,ubuntu-rog,1,0,0,65683160,27955444,53042000,309776,23659400,0,12295928,21922332,10275168,0,2020760,21922332,0,0,8388604,8388604,0,0,92,0,10249864,358372,25832,1874124,2542512,1874124,668388,13712,42160,0,0,0,0,41230184,13955076,34359738367,85924,0,81200,0,0,0,0,0,0,0,0,0,0,0,2048,0,1493776,27707392,38797312
1775670389.001280,1280,ubuntu-rog,1,0,0,65683160,27955444,53042000,309776,23659400,0,12295928,21922332,10275168,0,2020760,21922332,0,0,8388604,8388604,0,0,92,0,10249864,358372,25832,1874124,2542512,1874124,668388,13712,42160,0,0,0,0,41230184,13955076,34359738367,85924,0,81200,0,0,0,0,0,0,0,0,0,0,0,2048,0,1493776,27707392,38797312
1775670390.001189,1189,ubuntu-rog,1,0,0,65683160,27955444,53042000,309784,23659400,0,12295928,21922332,10275168,0,2020760,21922332,0,0,8388604,8388604,0,0,92,0,10249864,358372,25832,1874124,2542512,1874124,668388,13712,42160,0,0,0,0,41230184,13955076,34359738367,85924,0,81200,0,0,0,0,0,0,0,0,0,0,0,2048,0,1493776,27707392,38797312
1775670391.001293,1293,ubuntu-rog,1,0,0,65683160,27955444,53042000,309784,23659408,0,12295928,21922332,10275168,0,2020760,21922332,0,0,8388604,8388604,0,0,72,28,10249864,358372,25832,1874124,2542512,1874124,668388,13712,42160,0,0,0,0,41230184,13955076,34359738367,85924,0,81200,0,0,0,0,0,0,0,0,0,0,0,2048,0,1493776,27707392,38797312
1775670392.002056,2056,ubuntu-rog,1,0,0,65683160,27955444,53042000,309784,23659408,0,12295928,21922332,10275168,0,2020760,21922332,0,0,8388604,8388604,0,0,72,0,10249864,358372,25832,1874124,2542512,1874124,668388,13712,42160,0,0,0,0,41230184,13955076,34359738367,85924,0,81200,0,0,0,0,0,0,0,0,0,0,0,2048,0,1493776,27707392,38797312
1775670393.001358,1358,ubuntu-rog,1,0,0,65683160,27955696,53042252,309784,23659408,0,12295928,21922332,10275168,0,2020760,21922332,0,0,8388604,8388604,0,0,72,0,10249864,358372,25832,1874124,2542512,1874124,668388,13712,42160,0,0,0,0,41230184,13955076,34359738367,85924,0,81200,0,0,0,0,0,0,0,0,0,0,0,2048,0,1493776,27707392,38797312
1775670394.002263,2263,ubuntu-rog,1,0,0,65683160,27429748,52516320,309784,23659408,0,12773888,21922348,10753128,0,2020760,21922348,0,0,8388604,8388604,0,0,72,0,10729240,358372,25832,1874124,2542512,1874124,668388,13712,42256,0,0,0,0,41230184,14437528,34359738367,85924,0,81200,0,0,0,0,0,0,0,0,0,0,0,2048,0,1493776,27707392,38797312
1775670395.001150,1150,ubuntu-rog,1,0,0,65683160,27594876,52681708,309784,23659416,0,12555064,21922608,10534304,0,2020760,21922608,0,0,8388604,8388604,0,0,80,0,10500352,358372,25832,1874124,2542512,1874124,668388,13712,43460,0,0,0,0,41230184,14437528,34359738367,85924,0,81200,0,0,0,0,0,0,0,0,0,0,0,2048,0,1493776,27707392,38797312
1775670396.001431,1431,ubuntu-rog,1,0,0,65683160,27795292,52882132,309792,23659416,0,12437484,21922616,10416724,0,2020760,21922616,0,0,8388604,8388604,0,0,48,0,10392060,358372,25832,1874124,2542512,1874124,668388,13712,42424,0,0,0,0,41230184,14097412,34359738367,85924,0,81200,0,0,0,0,0,0,0,0,0,0,0,2048,0,1493776,27707392,38797312
1775670397.002061,2061,ubuntu-rog,1,0,0,65683160,27935324,53022164,309792,23659420,0,12299116,21922616,10278356,0,2020760,21922616,0,0,8388604,8388604,0,0,56,0,10253748,358372,25832,1874124,2542512,1874124,668388,13712,42164,0,0,0,0,41230184,13958960,34359738367,85924,0,81200,0,0,0,0,0,0,0,0,0,0,0,2048,0,1493776,27707392,38797312
1775670398.001066,1066,ubuntu-rog,1,0,0,65683160,27935324,53022164,309792,23659424,0,12299116,21922616,10278356,0,2020760,21922616,0,0,8388604,8388604,0,0,64,0,10253748,358372,25832,1874124,2542512,1874124,668388,13712,42164,0,0,0,0,41230184,13958960,34359738367,85924,0,81200,0,0,0,0,0,0,0,0,0,0,0,2048,0,1493776,27707392,38797312
1775670399.001298,1298,ubuntu-rog,1,0,0,65683160,27936536,53023376,309792,23659424,0,12299116,21922616,10278356,0,2020760,21922616,0,0,8388604,8388604,0,0,64,0,10253748,358372,25832,1874124,2542512,1874124,668388,13712,42164,0,0,0,0,41230184,13958960,34359738367,85924,0,81200,0,0,0,0,0,0,0,0,0,0,0,2048,0,1493776,27707392,38797312
1775670400.001198,1198,ubuntu-rog,1,0,0,65683160,27938164,53025004,309792,23659424,0,12299144,21922616,10278384,0,2020760,21922616,0,0,8388604,8388604,0,0,32,0,10253748,358372,25832,1874124,2542512,1874124,668388,13712,42164,0,0,0,0,41230184,13958960,34359738367,85924,0,81200,0,0,0,0,0,0,0,0,0,0,0,2048,0,1493776,27707392,38797312
1775670401.002298,2298,ubuntu-rog,1,0,0,65683160,27940112,53026952,309804,23659412,0,12299144,21922616,10278384,0,2020760,21922616,0,0,8388604,8388604,0,0,32,0,10253748,358372,25832,1874124,2542512,1874124,668388,13712,42164,0,0,0,0,41230184,13958960,34359738367,85924,0,81200,0,0,0,0,0,0,0,0,0,0,0,2048,0,1493776,27707392,38797312
1775670402.001063,1063,ubuntu-rog,1,0,0,65683160,27941416,53028256,309804,23659428,0,12299144,21922616,10278384,0,2020760,21922616,0,0,8388604,8388604,0,0,36,0,10253748,358372,25832,1874124,2542512,1874124,668388,13712,42164,0,0,0,0,41230184,13958960,34359738367,85924,0,81200,0,0,0,0,0,0,0,0,0,0,0,2048,0,1493776,27707392,38797312
1775670403.001063,1063,ubuntu-rog,1,0,0,65683160,27942908,53029748,309804,23659428,0,12299144,21922616,10278384,0,2020760,21922616,0,0,8388604,8388604,0,0,36,0,10253748,358372,25832,1874124,2542512,1874124,668388,13712,42164,0,0,0,0,41230184,13958960,34359738367,85924,0,81200,0,0,0,0,0,0,0,0,0,0,0,2048,0,1493776,27707392,38797312
1775670404.001301,1301,ubuntu-rog,1,0,0,65683160,27943812,53030652,309804,23659432,0,12299144,21922616,10278384,0,2020760,21922616,0,0,8388604,8388604,0,0,40,0,10253748,358372,25832,1874124,2542512,1874124,668388,13712,42164,0,0,0,0,41230184,13958960,34359738367,85924,0,81200,0,0,0,0,0,0,0,0,0,0,0,2048,0,1493776,27707392,38797312
1775670405.002192,2192,ubuntu-rog,1,0,0,65683160,27944956,53031796,309804,23659436,0,12299144,21922616,10278384,0,2020760,21922616,0,0,8388604,8388604,0,0,44,0,10253748,358372,25832,1874124,2542512,1874124,668388,13712,42164,0,0,0,0,41230184,13958960,34359738367,85924,0,81200,0,0,0,0,0,0,0,0,0,0,0,2048,0,1493776,27707392,38797312
1775670406.001303,1303,ubuntu-rog,1,0,0,65683160,27945552,53032392,309804,23659436,0,12299144,21922616,10278384,0,2020760,21922616,0,0,8388604,8388604,0,0,44,0,10253748,358372,25832,1874124,2542512,1874124,668388,13712,42164,0,0,0,0,41230184,13958960,34359738367,85924,0,81200,0,0,0,0,0,0,0,0,0,0,0,2048,0,1493776,27707392,38797312
1775670407.001061,1061,ubuntu-rog,1,0,0,65683160,27945668,53032508,309812,23659440,0,12299144,21922616,10278384,0,2020760,21922616,0,0,8388604,8388604,0,0,56,0,10253748,358372,25832,1874124,2542512,1874124,668388,13712,42164,0,0,0,0,41230184,13958960,34359738367,85924,0,81200,0,0,0,0,0,0,0,0,0,0,0,2048,0,1493776,27707392,38797312
1775670408.001065,1065,ubuntu-rog,1,0,0,65683160,27949452,53036292,309812,23659440,0,12299144,21922616,10278384,0,2020760,21922616,0,0,8388604,8388604,0,0,56,0,10253748,358372,25832,1874124,2542512,1874124,668388,13712,42164,0,0,0,0,41230184,13958960,34359738367,85924,0,81200,0,0,0,0,0,0,0,0,0,0,0,2048,0,1493776,27707392,38797312
1775670409.002293,2293,ubuntu-rog,1,0,0,65683160,27949452,53036292,309812,23659444,0,12299144,21922616,10278384,0,2020760,21922616,0,0,8388604,8388604,0,0,60,0,10253748,358372,25832,1874124,2542512,1874124,668388,13712,42164,0,0,0,0,41230184,13958960,34359738367,85924,0,81200,0,0,0,0,0,0,0,0,0,0,0,2048,0,1493776,27707392,38797312
1775670410.001196,1196,ubuntu-rog,1,0,0,65683160,27949452,53036292,309812,23659448,0,12299144,21922616,10278384,0,2020760,21922616,0,0,8388604,8388604,0,0,64,0,10253748,358372,25832,1874124,2542512,1874124,668388,13712,42164,0,0,0,0,41230184,13958960,34359738367,85924,0,81200,0,0,0,0,0,0,0,0,0,0,0,2048,0,1493776,27707392,38797312
1775670411.001308,1308,ubuntu-rog,1,0,0,65683160,27949452,53036308,309820,23659432,0,12293472,21922632,10272712,0,2020760,21922632,0,0,8388604,8388604,0,0,132,0,10247884,358344,25832,1874124,2542512,1874124,668388,13504,41812,0,0,0,0,41230184,13922016,34359738367,85748,0,81200,0,0,0,0,0,0,0,0,0,0,0,2048,0,1493776,27707392,38797312
1775670412.001061,1061,ubuntu-rog,1,0,0,65683160,27950828,53037684,309820,23659436,0,12293472,21922632,10272712,0,2020760,21922632,0,0,8388604,8388604,0,0,136,0,10247884,358344,25832,1874124,2542512,1874124,668388,13504,41812,0,0,0,0,41230184,13922016,34359738367,85748,0,81200,0,0,0,0,0,0,0,0,0,0,0,2048,0,1493776,27707392,38797312
1775670413.002057,2057,ubuntu-rog,1,0,0,65683160,27951700,53038556,309820,23659436,0,12293472,21922632,10272712,0,2020760,21922632,0,0,8388604,8388604,0,0,136,0,10247884,358344,25832,1874124,2542512,1874124,668388,13504,41812,0,0,0,0,41230184,13922016,34359738367,85748,0,81200,0,0,0,0,0,0,0,0,0,0,0,2048,0,1493776,27707392,38797312
1775670414.001302,1302,ubuntu-rog,1,0,0,65683160,27955860,53042716,309820,23659436,0,12293472,21922632,10272712,0,2020760,21922632,0,0,8388604,8388604,0,0,136,0,10247884,358344,25832,1874124,2542512,1874124,668388,13504,41812,0,0,0,0,41230184,13922016,34359738367,85748,0,81200,0,0,0,0,0,0,0,0,0,0,0,2048,0,1493776,27707392,38797312
1775670415.001198,1198,ubuntu-rog,1,0,0,65683160,27957736,53044592,309820,23659436,0,12293472,21922632,10272712,0,2020760,21922632,0,0,8388604,8388604,0,0,136,0,10247884,358344,25832,1874124,2542512,1874124,668388,13504,41812,0,0,0,0,41230184,13922016,34359738367,85748,0,81200,0,0,0,0,0,0,0,0,0,0,0,2048,0,1493776,27707392,38797312
1775670416.001300,1300,ubuntu-rog,1,0,0,65683160,27958468,53045324,309828,23659436,0,12293472,21922632,10272712,0,2020760,21922632,0,0,8388604,8388604,0,0,144,0,10247884,358344,25832,1874124,2542512,1874124,668388,13504,41812,0,0,0,0,41230184,13922016,34359738367,85748,0,81200,0,0,0,0,0,0,0,0,0,0,0,2048,0,1493776,27707392,38797312
1775670417.002056,2056,ubuntu-rog,1,0,0,65683160,27958720,53045576,309828,23659444,0,12293472,21922632,10272712,0,2020760,21922632,0,0,8388604,8388604,0,0,148,0,10247884,358344,25832,1874124,2542512,1874124,668388,13504,41812,0,0,0,0,41230184,13922016,34359738367,85748,0,81200,0,0,0,0,0,0,0,0,0,0,0,2048,0,1493776,27707392,38797312
1775670418.001063,1063,ubuntu-rog,1,0,0,65683160,27958720,53045576,309828,23659444,0,12293472,21922632,10272712,0,2020760,21922632,0,0,8388604,8388604,0,0,148,0,10247884,358344,25832,1874124,2542512,1874124,668388,13504,41812,0,0,0,0,41230184,13922016,34359738367,85748,0,81200,0,0,0,0,0,0,0,0,0,0,0,2048,0,1493776,27707392,38797312
1775670419.001299,1299,ubuntu-rog,1,0,0,65683160,27958720,53045576,309828,23659452,0,12293472,21922632,10272712,0,2020760,21922632,0,0,8388604,8388604,0,0,156,0,10247884,358344,25832,1874124,2542512,1874124,668388,13504,41812,0,0,0,0,41230184,13922016,34359738367,85748,0,81200,0,0,0,0,0,0,0,0,0,0,0,2048,0,1493776,27707392,38797312
1775670420.001198,1198,ubuntu-rog,1,0,0,65683160,27958720,53045576,309828,23659452,0,12293472,21922632,10272712,0,2020760,21922632,0,0,8388604,8388604,0,0,156,0,10247884,358344,25832,1874124,2542512,1874124,668388,13504,41812,0,0,0,0,41230184,13922016,34359738367,85748,0,81200,0,0,0,0,0,0,0,0,0,0,0,2048,0,1493776,27707392,38797312
1775670421.002296,2296,ubuntu-rog,1,0,0,65683160,27958972,53045828,309828,23659452,0,12293472,21922632,10272712,0,2020760,21922632,0,0,8388604,8388604,0,0,156,0,10247884,358344,25832,1874124,2542512,1874124,668388,13504,41812,0,0,0,0,41230184,13922016,34359738367,85748,0,81200,0,0,0,0,0,0,0,0,0,0,0,2048,0,1493776,27707392,38797312
1775670422.001061,1061,ubuntu-rog,1,0,0,65683160,27958972,53045828,309828,23659456,0,12293472,21922632,10272712,0,2020760,21922632,0,0,8388604,8388604,0,0,160,0,10247884,358344,25832,1874124,2542512,1874124,668388,13504,41812,0,0,0,0,41230184,13922016,34359738367,85748,0,81200,0,0,0,0,0,0,0,0,0,0,0,2048,0,1493776,27707392,38797312
1775670423.001063,1063,ubuntu-rog,1,0,0,65683160,27958972,53045828,309828,23659460,0,12293472,21922632,10272712,0,2020760,21922632,0,0,8388604,8388604,0,0,164,0,10247884,358344,25832,1874124,2542512,1874124,668388,13504,41812,0,0,0,0,41230184,13922016,34359738367,85748,0,81200,0,0,0,0,0,0,0,0,0,0,0,2048,0,1493776,27707392,38797312
1775670424.001295,1295,ubuntu-rog,1,0,0,65683160,27958972,53045828,309836,23659452,0,12293472,21922632,10272712,0,2020760,21922632,0,0,8388604,8388604,0,0,164,0,10247884,358344,25832,1874124,2542512,1874124,668388,13504,41812,0,0,0,0,41230184,13922016,34359738367,85748,0,81200,0,0,0,0,0,0,0,0,0,0,0,2048,0,1493776,27707392,38797312
1775670425.002191,2191,ubuntu-rog,1,0,0,65683160,27958972,53045828,309836,23659460,0,12293472,21922632,10272712,0,2020760,21922632,0,0,8388604,8388604,0,0,164,0,10247884,358344,25832,1874124,2542512,1874124,668388,13504,41812,0,0,0,0,41230184,13922016,34359738367,85748,0,81200,0,0,0,0,0,0,0,0,0,0,0,2048,0,1493776,27707392,38797312
1775670426.001299,1299,ubuntu-rog,1,0,0,65683160,27958972,53045828,309836,23659464,0,12293472,21922632,10272712,0,2020760,21922632,0,0,8388604,8388604,0,0,168,0,10247884,358344,25832,1874124,2542512,1874124,668388,13504,41812,0,0,0,0,41230184,13922016,34359738367,85748,0,81200,0,0,0,0,0,0,0,0,0,0,0,2048,0,1493776,27707392,38797312
1775670427.001056,1056,ubuntu-rog,1,0,0,65683160,27958972,53045828,309836,23659464,0,12293564,21922632,10272804,0,2020760,21922632,0,0,8388604,8388604,0,0,104,0,10247884,358344,25832,1874124,2542512,1874124,668388,13504,41812,0,0,0,0,41230184,13922016,34359738367,85748,0,81200,0,0,0,0,0,0,0,0,0,0,0,2048,0,1493776,27707392,38797312
1775670428.001064,1064,ubuntu-rog,1,0,0,65683160,27958972,53045828,309836,23659464,0,12293564,21922632,10272804,0,2020760,21922632,0,0,8388604,8388604,0,0,104,0,10247884,358344,25832,1874124,2542512,1874124,668388,13504,41812,0,0,0,0,41230184,13922016,34359738367,85748,0,81200,0,0,0,0,0,0,0,0,0,0,0,2048,0,1493776,27707392,38797312
1775670429.002293,2293,ubuntu-rog,1,0,0,65683160,27958972,53045828,309836,23659468,0,12293564,21922632,10272804,0,2020760,21922632,0,0,8388604,8388604,0,0,112,0,10247884,358344,25832,1874124,2542512,1874124,668388,13504,41812,0,0,0,0,41230184,13922016,34359738367,85748,0,81200,0,0,0,0,0,0,0,0,0,0,0,2048,0,1493776,27707392,38797312
1775670430.001198,1198,ubuntu-rog,1,0,0,65683160,27958972,53045828,309836,23659472,0,12293564,21922632,10272804,0,2020760,21922632,0,0,8388604,8388604,0,0,120,0,10247884,358344,25832,1874124,2542512,1874124,668388,13504,41812,0,0,0,0,41230184,13922016,34359738367,85748,0,81200,0,0,0,0,0,0,0,0,0,0,0,2048,0,1493776,27707392,38797312
1775670431.001301,1301,ubuntu-rog,1,0,0,65683160,27958972,53045828,309836,23659476,0,12293564,21922632,10272804,0,2020760,21922632,0,0,8388604,8388604,0,0,124,0,10247884,358344,25832,1874124,2542512,1874124,668388,13504,41812,0,0,0,0,41230184,13922016,34359738367,85748,0,81200,0,0,0,0,0,0,0,0,0,0,0,2048,0,1493776,27707392,38797312
1775670432.001059,1059,ubuntu-rog,1,0,0,65683160,27958972,53045828,309848,23659476,0,12293564,21922632,10272804,0,2020760,21922632,0,0,8388604,8388604,0,0,40,0,10247884,358344,25832,1874124,2542512,1874124,668388,13504,41812,0,0,0,0,41230184,13922016,34359738367,85748,0,81200,0,0,0,0,0,0,0,0,0,0,0,2048,0,1493776,27707392,38797312
1775670433.002058,2058,ubuntu-rog,1,0,0,65683160,27958972,53045828,309848,23659480,0,12293564,21922632,10272804,0,2020760,21922632,0,0,8388604,8388604,0,0,44,0,10247884,358344,25832,1874124,2542512,1874124,668388,13504,41812,0,0,0,0,41230184,13922016,34359738367,85748,0,81200,0,0,0,0,0,0,0,0,0,0,0,2048,0,1493776,27707392,38797312
1775670434.001301,1301,ubuntu-rog,1,0,0,65683160,27958972,53045828,309848,23659480,0,12293564,21922632,10272804,0,2020760,21922632,0,0,8388604,8388604,0,0,44,0,10247884,358344,25832,1874124,2542512,1874124,668388,13504,41812,0,0,0,0,41230184,13922016,34359738367,85748,0,81200,0,0,0,0,0,0,0,0,0,0,0,2048,0,1493776,27707392,38797312
1775670435.001193,1193,ubuntu-rog,1,0,0,65683160,27958972,53045828,309848,23659484,0,12293564,21922632,10272804,0,2020760,21922632,0,0,8388604,8388604,0,0,48,0,10247884,358344,25832,1874124,2542512,1874124,668388,13504,41812,0,0,0,0,41230184,13922016,34359738367,85748,0,81200,0,0,0,0,0,0,0,0,0,0,0,2048,0,1493776,27707392,38797312
1775670436.001301,1301,ubuntu-rog,1,0,0,65683160,27958972,53045828,309848,23659488,0,12293564,21922632,10272804,0,2020760,21922632,0,0,8388604,8388604,0,0,52,0,10247884,358344,25832,1874124,2542512,1874124,668388,13504,41812,0,0,0,0,41230184,13922016,34359738367,85748,0,81200,0,0,0,0,0,0,0,0,0,0,0,2048,0,1493776,27707392,38797312
1775670437.002055,2055,ubuntu-rog,1,0,0,65683160,27958972,53045828,309848,23659488,0,12293564,21922632,10272804,0,2020760,21922632,0,0,8388604,8388604,0,0,52,0,10247884,358344,25832,1874124,2542512,1874124,668388,13504,41812,0,0,0,0,41230184,13922016,34359738367,85748,0,81200,0,0,0,0,0,0,0,0,0,0,0,2048,0,1493776,27707392,38797312
1775670438.001061,1061,ubuntu-rog,1,0,0,65683160,27958972,53045828,309856,23659480,0,12293564,21922632,10272804,0,2020760,21922632,0,0,8388604,8388604,0,0,36,0,10247884,358344,25832,1874124,2542512,1874124,668388,13504,41812,0,0,0,0,41230184,13922016,34359738367,85748,0,81200,0,0,0,0,0,0,0,0,0,0,0,2048,0,1493776,27707392,38797312
1775670439.001301,1301,ubuntu-rog,1,0,0,65683160,27958972,53045828,309856,23659488,0,12293564,21922632,10272804,0,2020760,21922632,0,0,8388604,8388604,0,0,52,0,10247884,358344,25832,1874124,2542512,1874124,668388,13504,41812,0,0,0,0,41230184,13922016,34359738367,85748,0,81200,0,0,0,0,0,0,0,0,0,0,0,2048,0,1493776,27707392,38797312
1775670440.001197,1197,ubuntu-rog,1,0,0,65683160,27958972,53045828,309856,23659492,0,12293564,21922632,10272804,0,2020760,21922632,0,0,8388604,8388604,0,0,56,0,10247884,358344,25832,1874124,2542512,1874124,668388,13504,41812,0,0,0,0,41230184,13922016,34359738367,85748,0,81200,0,0,0,0,0,0,0,0,0,0,0,2048,0,1493776,27707392,38797312
1775670441.002295,2295,ubuntu-rog,1,0,0,65683160,27958972,53045828,309856,23659496,0,12293564,21922632,10272804,0,2020760,21922632,0,0,8388604,8388604,0,0,60,0,10247884,358344,25832,1874124,2542512,1874124,668388,13504,41812,0,0,0,0,41230184,13922016,34359738367,85748,0,81200,0,0,0,0,0,0,0,0,0,0,0,2048,0,1493776,27707392,38797312
1775670442.001065,1065,ubuntu-rog,1,0,0,65683160,27958972,53045828,309856,23659496,0,12293612,21922632,10272852,0,2020760,21922632,0,0,8388604,8388604,0,0,52,4,10247884,358344,25832,1874124,2542512,1874124,668388,13504,41812,0,0,0,0,41230184,13922016,34359738367,85748,0,81200,0,0,0,0,0,0,0,0,0,0,0,2048,0,1493776,27707392,38797312
1775670443.001063,1063,ubuntu-rog,1,0,0,65683160,27958972,53045932,309856,23659500,0,12293628,21922736,10272868,0,2020760,21922736,0,0,8388604,8388604,0,0,56,0,10247884,358344,25832,1874124,2542512,1874124,668388,13504,41812,0,0,0,0,41230184,13922016,34359738367,85748,0,81200,0,0,0,0,0,0,0,0,0,0,0,2048,0,1493776,27707392,38797312
1775670444.001293,1293,ubuntu-rog,1,0,0,65683160,27958972,53045932,309856,23659504,0,12293628,21922736,10272868,0,2020760,21922736,0,0,8388604,8388604,0,0,64,0,10247884,358344,25832,1874124,2542512,1874124,668388,13504,41812,0,0,0,0,41230184,13922016,34359738367,85748,0,81200,0,0,0,0,0,0,0,0,0,0,0,2048,0,1493776,27707392,38797312
1775670445.002187,2187,ubuntu-rog,1,0,0,65683160,27958972,53045932,309864,23659496,0,12293628,21922736,10272868,0,2020760,21922736,0,0,8388604,8388604,0,0,64,0,10247884,358344,25832,1874124,2542512,1874124,668388,13504,41812,0,0,0,0,41230184,13922016,34359738367,85748,0,81200,0,0,0,0,0,0,0,0,0,0,0,2048,0,1493776,27707392,38797312
1775670446.001294,1294,ubuntu-rog,1,0,0,65683160,27958972,53045932,309864,23659504,0,12293628,21922736,10272868,0,2020760,21922736,0,0,8388604,8388604,0,0,64,0,10247884,358344,25832,1874124,2542520,1874124,668396,13504,41812,0,0,0,0,41230184,13922188,34359738367,85748,0,81200,0,0,0,0,0,0,0,0,0,0,0,2048,0,1493776,27707392,38797312
1775670447.001059,1059,ubuntu-rog,1,0,0,65683160,27958972,53045944,309864,23659512,0,12293852,21922748,10273092,0,2020760,21922748,0,0,8388604,8388604,0,0,72,0,10248072,358344,25832,1874124,2542520,1874124,668396,13504,41812,0,0,0,0,41230184,13922188,34359738367,85748,0,81200,0,0,0,0,0,0,0,0,0,0,0,2048,0,1493776,27707392,38797312
1775670448.001069,1069,ubuntu-rog,1,0,0,65683160,27958972,53045944,309864,23659512,0,12293852,21922748,10273092,0,2020760,21922748,0,0,8388604,8388604,0,0,72,0,10248072,358344,25832,1874124,2542520,1874124,668396,13504,41812,0,0,0,0,41230184,13922188,34359738367,85748,0,81200,0,0,0,0,0,0,0,0,0,0,0,2048,0,1493776,27707392,38797312
1775670449.002286,2286,ubuntu-rog,1,0,0,65683160,27958972,53045944,309864,23659512,0,12293852,21922748,10273092,0,2020760,21922748,0,0,8388604,8388604,0,0,72,0,10248072,358344,25832,1874124,2542520,1874124,668396,13504,41812,0,0,0,0,41230184,13922188,34359738367,85732,0,81200,0,0,0,0,0,0,0,0,0,0,0,2048,0,1493776,27707392,38797312
1775670450.001191,1191,ubuntu-rog,1,0,0,65683160,27958972,53045944,309864,23659516,0,12293852,21922748,10273092,0,2020760,21922748,0,0,8388604,8388604,0,0,76,0,10248072,358344,25832,1874124,2542520,1874124,668396,13504,41812,0,0,0,0,41230184,13922188,34359738367,85732,0,81200,0,0,0,0,0,0,0,0,0,0,0,2048,0,1493776,27707392,38797312
1775670451.001294,1294,ubuntu-rog,1,0,0,65683160,27958972,53045944,309864,23659516,0,12293852,21922748,10273092,0,2020760,21922748,0,0,8388604,8388604,0,0,76,0,10248072,358344,25832,1874124,2542520,1874124,668396,13504,41812,0,0,0,0,41230184,13922188,34359738367,85732,0,81200,0,0,0,0,0,0,0,0,0,0,0,2048,0,1493776,27707392,38797312
1775670452.001057,1057,ubuntu-rog,1,0,0,65683160,27958972,53045944,309864,23659516,0,12293852,21922748,10273092,0,2020760,21922748,0,0,8388604,8388604,0,0,76,0,10248072,358344,25832,1874124,2542520,1874124,668396,13504,41812,0,0,0,0,41230184,13922188,34359738367,85732,0,81200,0,0,0,0,0,0,0,0,0,0,0,2048,0,1493776,27707392,38797312
1775670453.002056,2056,ubuntu-rog,1,0,0,65683160,27958972,53045944,309872,23659516,0,12293852,21922748,10273092,0,2020760,21922748,0,0,8388604,8388604,0,0,76,0,10248072,358344,25832,1874124,2542520,1874124,668396,13504,41812,0,0,0,0,41230184,13922188,34359738367,85732,0,81200,0,0,0,0,0,0,0,0,0,0,0,2048,0,1493776,27707392,38797312
1775670454.001274,1274,ubuntu-rog,1,0,0,65683160,27958972,53045944,309872,23659524,0,12293852,21922748,10273092,0,2020760,21922748,0,0,8388604,8388604,0,0,84,0,10248072,358344,25832,1874124,2542520,1874124,668396,13504,41812,0,0,0,0,41230184,13922188,34359738367,85732,0,81200,0,0,0,0,0,0,0,0,0,0,0,2048,0,1493776,27707392,38797312
1775670455.001195,1195,ubuntu-rog,1,0,0,65683160,27958972,53045944,309872,23659524,0,12293852,21922748,10273092,0,2020760,21922748,0,0,8388604,8388604,0,0,84,0,10248072,358344,25832,1874124,2542520,1874124,668396,13504,41812,0,0,0,0,41230184,13922188,34359738367,85732,0,81200,0,0,0,0,0,0,0,0,0,0,0,2048,0,1493776,27707392,38797312
1775670456.001296,1296,ubuntu-rog,1,0,0,65683160,27958972,53045944,309872,23659528,0,12293852,21922748,10273092,0,2020760,21922748,0,0,8388604,8388604,0,0,88,0,10248072,358344,25832,1874124,2542520,1874124,668396,13504,41812,0,0,0,0,41230184,13922188,34359738367,85732,0,81200,0,0,0,0,0,0,0,0,0,0,0,2048,0,1493776,27707392,38797312
1775670457.002058,2058,ubuntu-rog,1,0,0,65683160,27958972,53045944,309872,23659532,0,12293936,21922748,10273176,0,2020760,21922748,0,0,8388604,8388604,0,0,92,0,10248048,358344,25832,1874124,2542520,1874124,668396,13504,41812,0,0,0,0,41230184,13922188,34359738367,85732,0,81200,0,0,0,0,0,0,0,0,0,0,0,2048,0,1493776,27707392,38797312
1775670458.001061,1061,ubuntu-rog,1,0,0,65683160,27958972,53045944,309872,23659532,0,12293936,21922748,10273176,0,2020760,21922748,0,0,8388604,8388604,0,0,52,0,10248048,358344,25832,1874124,2542520,1874124,668396,13504,41812,0,0,0,0,41230184,13922188,34359738367,85732,0,81200,0,0,0,0,0,0,0,0,0,0,0,2048,0,1493776,27707392,38797312
1775670459.001291,1291,ubuntu-rog,1,0,0,65683160,27958972,53045944,309884,23659520,0,12293936,21922748,10273176,0,2020760,21922748,0,0,8388604,8388604,0,0,52,0,10248048,358344,25832,1874124,2542520,1874124,668396,13504,41812,0,0,0,0,41230184,13922188,34359738367,85732,0,81200,0,0,0,0,0,0,0,0,0,0,0,2048,0,1493776,27707392,38797312
1775670460.001187,1187,ubuntu-rog,1,0,0,65683160,27958972,53045992,309884,23659536,0,12294004,21922796,10273244,0,2020760,21922796,0,0,8388604,8388604,0,0,64,0,10248048,358344,25832,1874124,2542520,1874124,668396,13504,41812,0,0,0,0,41230184,13922188,34359738367,85732,0,81200,0,0,0,0,0,0,0,0,0,0,0,2048,0,1493776,27707392,38797312
1775670461.002296,2296,ubuntu-rog,1,0,0,65683160,27958972,53045992,309884,23659540,0,12294004,21922796,10273244,0,2020760,21922796,0,0,8388604,8388604,0,0,72,0,10248048,358344,25832,1874124,2542516,1874124,668392,13504,41812,0,0,0,0,41230184,13922188,34359738367,85732,0,81200,0,0,0,0,0,0,0,0,0,0,0,2048,0,1493776,27707392,38797312
1775670462.001062,1062,ubuntu-rog,1,0,0,65683160,27958972,53045992,309884,23659540,0,12294004,21922796,10273244,0,2020760,21922796,0,0,8388604,8388604,0,0,72,0,10248048,358344,25832,1874124,2542516,1874124,668392,13504,41812,0,0,0,0,41230184,13922188,34359738367,85732,0,81200,0,0,0,0,0,0,0,0,0,0,0,2048,0,1493776,27707392,38797312
1775670463.001062,1062,ubuntu-rog,1,0,0,65683160,27958972,53045992,309884,23659540,0,12294004,21922796,10273244,0,2020760,21922796,0,0,8388604,8388604,0,0,44,0,10248048,358344,25832,1874124,2542516,1874124,668392,13504,41812,0,0,0,0,41230184,13922188,34359738367,85732,0,81200,0,0,0,0,0,0,0,0,0,0,0,2048,0,1493776,27707392,38797312
1775670464.001294,1294,ubuntu-rog,1,0,0,65683160,27958972,53045992,309884,23659544,0,12294004,21922796,10273244,0,2020760,21922796,0,0,8388604,8388604,0,0,48,0,10248048,358344,25832,1874124,2542516,1874124,668392,13504,41812,0,0,0,0,41230184,13922188,34359738367,85732,0,81200,0,0,0,0,0,0,0,0,0,0,0,2048,0,1493776,27707392,38797312
1775670465.002188,2188,ubuntu-rog,1,0,0,65683160,27958972,53045992,309892,23659536,0,12294004,21922796,10273244,0,2020760,21922796,0,0,8388604,8388604,0,0,48,0,10248048,358344,25832,1874124,2542516,1874124,668392,13504,41812,0,0,0,0,41230184,13922188,34359738367,85732,0,81200,0,0,0,0,0,0,0,0,0,0,0,2048,0,1493776,27707392,38797312
1775670466.001290,1290,ubuntu-rog,1,0,0,65683160,27958972,53045992,309892,23659548,0,12294004,21922796,10273244,0,2020760,21922796,0,0,8388604,8388604,0,0,64,0,10248048,358344,25832,1874124,2542516,1874124,668392,13504,41812,0,0,0,0,41230184,13922188,34359738367,85732,0,81200,0,0,0,0,0,0,0,0,0,0,0,2048,0,1493776,27707392,38797312
1775670467.001065,1065,ubuntu-rog,1,0,0,65683160,27958972,53045992,309892,23659548,0,12294004,21922796,10273244,0,2020760,21922796,0,0,8388604,8388604,0,0,64,0,10248048,358344,25832,1874124,2542516,1874124,668392,13504,41812,0,0,0,0,41230184,13922188,34359738367,85732,0,81200,0,0,0,0,0,0,0,0,0,0,0,2048,0,1493776,27707392,38797312
1775670468.001064,1064,ubuntu-rog,1,0,0,65683160,27958972,53045992,309892,23659556,0,12294004,21922796,10273244,0,2020760,21922796,0,0,8388604,8388604,0,0,72,0,10248048,358344,25832,1874124,2542516,1874124,668392,13504,41812,0,0,0,0,41230184,13922188,34359738367,85732,0,81200,0,0,0,0,0,0,0,0,0,0,0,2048,0,1493776,27707392,38797312
1775670469.002288,2288,ubuntu-rog,1,0,0,65683160,27958972,53045992,309892,23659556,0,12294008,21922796,10273248,0,2020760,21922796,0,0,8388604,8388604,0,0,40,0,10248048,358344,25832,1874124,2542516,1874124,668392,13504,41812,0,0,0,0,41230184,13922188,34359738367,85732,0,81200,0,0,0,0,0,0,0,0,0,0,0,2048,0,1493776,27707392,38797312
1775670470.001196,1196,ubuntu-rog,1,0,0,65683160,27958972,53045992,309892,23659556,0,12294008,21922796,10273248,0,2020760,21922796,0,0,8388604,8388604,0,0,40,0,10248048,358344,25832,1874124,2542516,1874124,668392,13504,41812,0,0,0,0,41230184,13922188,34359738367,85732,0,81200,0,0,0,0,0,0,0,0,0,0,0,2048,0,1493776,27707392,38797312
1775670471.001295,1295,ubuntu-rog,1,0,0,65683160,27958972,53045992,309900,23659560,0,12294008,21922796,10273248,0,2020760,21922796,0,0,8388604,8388604,0,0,48,0,10248048,358344,25832,1874124,2542516,1874124,668392,13504,41812,0,0,0,0,41230184,13922188,34359738367,85732,0,81200,0,0,0,0,0,0,0,0,0,0,0,2048,0,1493776,27707392,38797312
1775670472.001054,1054,ubuntu-rog,1,0,0,65683160,27958972,53045992,309900,23659564,0,12294008,21922796,10273248,0,2020760,21922796,0,0,8388604,8388604,0,0,52,0,10248048,358344,25832,1874124,2542516,1874124,668392,13504,41812,0,0,0,0,41230184,13922188,34359738367,85732,0,81200,0,0,0,0,0,0,0,0,0,0,0,2048,0,1493776,27707392,38797312
1775670473.002068,2068,ubuntu-rog,1,0,0,65683160,27958972,53045992,309900,23659564,0,12294008,21922796,10273248,0,2020760,21922796,0,0,8388604,8388604,0,0,52,0,10248048,358344,25832,1874124,2542516,1874124,668392,13504,41812,0,0,0,0,41230184,13922188,34359738367,85732,0,81200,0,0,0,0,0,0,0,0,0,0,0,2048,0,1493776,27707392,38797312
1775670474.001309,1309,ubuntu-rog,1,0,0,65683160,27958972,53045992,309900,23659564,0,12294008,21922796,10273248,0,2020760,21922796,0,0,8388604,8388604,0,0,52,0,10248048,358344,25832,1874124,2542516,1874124,668392,13504,41812,0,0,0,0,41230184,13922188,34359738367,85732,0,81200,0,0,0,0,0,0,0,0,0,0,0,2048,0,1493776,27707392,38797312
1775670475.001191,1191,ubuntu-rog,1,0,0,65683160,27958972,53045992,309900,23659568,0,12294008,21922796,10273248,0,2020760,21922796,0,0,8388604,8388604,0,0,56,0,10248048,358344,25832,1874124,2542516,1874124,668392,13504,41812,0,0,0,0,41230184,13922188,34359738367,85732,0,81200,0,0,0,0,0,0,0,0,0,0,0,2048,0,1493776,27707392,38797312
1775670476.001287,1287,ubuntu-rog,1,0,0,65683160,27958972,53045992,309900,23659568,0,12294008,21922796,10273248,0,2020760,21922796,0,0,8388604,8388604,0,0,56,0,10248048,358344,25832,1874124,2542516,1874124,668392,13504,41812,0,0,0,0,41230184,13922188,34359738367,85732,0,81200,0,0,0,0,0,0,0,0,0,0,0,2048,0,1493776,27707392,38797312
1775670477.002054,2054,ubuntu-rog,1,0,0,65683160,27958972,53045992,309908,23659560,0,12294008,21922796,10273248,0,2020760,21922796,0,0,8388604,8388604,0,0,56,0,10248048,358344,25832,1874124,2542516,1874124,668392,13504,41812,0,0,0,0,41230184,13922188,34359738367,85732,0,81200,0,0,0,0,0,0,0,0,0,0,0,2048,0,1493776,27707392,38797312
1775670478.001061,1061,ubuntu-rog,1,0,0,65683160,27958972,53045992,309908,23659572,0,12294008,21922796,10273248,0,2020760,21922796,0,0,8388604,8388604,0,0,60,0,10248048,358344,25832,1874124,2542516,1874124,668392,13504,41812,0,0,0,0,41230184,13922188,34359738367,85732,0,81200,0,0,0,0,0,0,0,0,0,0,0,2048,0,1493776,27707392,38797312
1775670479.001279,1279,ubuntu-rog,1,0,0,65683160,27958972,53045992,309908,23659576,0,12294008,21922796,10273248,0,2020760,21922796,0,0,8388604,8388604,0,0,48,0,10248048,358344,25832,1874124,2542516,1874124,668392,13504,41812,0,0,0,0,41230184,13922188,34359738367,85732,0,81200,0,0,0,0,0,0,0,0,0,0,0,2048,0,1493776,27707392,38797312
1775670480.001201,1201,ubuntu-rog,1,0,0,65683160,27958972,53045992,309908,23659576,0,12294008,21922796,10273248,0,2020760,21922796,0,0,8388604,8388604,0,0,48,0,10248048,358344,25832,1874124,2542516,1874124,668392,13504,41812,0,0,0,0,41230184,13922188,34359738367,85732,0,81200,0,0,0,0,0,0,0,0,0,0,0,2048,0,1493776,27707392,38797312
1775670481.002287,2287,ubuntu-rog,1,0,0,65683160,27958972,53045992,309908,23659584,0,12294008,21922796,10273248,0,2020760,21922796,0,0,8388604,8388604,0,0,60,0,10248048,358344,25832,1874124,2542516,1874124,668392,13504,41812,0,0,0,0,41230184,13922188,34359738367,85732,0,81200,0,0,0,0,0,0,0,0,0,0,0,2048,0,1493776,27707392,38797312
1775670482.001062,1062,ubuntu-rog,1,0,0,65683160,27958972,53045992,309908,23659584,0,12294008,21922796,10273248,0,2020760,21922796,0,0,8388604,8388604,0,0,60,0,10248048,358344,25832,1874124,2542516,1874124,668392,13504,41812,0,0,0,0,41230184,13922188,34359738367,85732,0,81200,0,0,0,0,0,0,0,0,0,0,0,2048,0,1493776,27707392,38797312
1775670483.001061,1061,ubuntu-rog,1,0,0,65683160,27958972,53045992,309916,23659576,0,12294008,21922796,10273248,0,2020760,21922796,0,0,8388604,8388604,0,0,60,0,10248048,358344,25832,1874124,2542516,1874124,668392,13504,41812,0,0,0,0,41230184,13922188,34359738367,85732,0,81200,0,0,0,0,0,0,0,0,0,0,0,2048,0,1493776,27707392,38797312
1775670484.001293,1293,ubuntu-rog,1,0,0,65683160,27958972,53045996,309916,23659584,0,12294008,21922796,10273248,0,2020760,21922796,0,0,8388604,8388604,0,0,72,0,10248048,358344,25832,1874128,2542520,1874128,668392,13504,41812,0,0,0,0,41230184,13922188,34359738367,85732,0,81200,0,0,0,0,0,0,0,0,0,0,0,2048,0,1493776,27707392,38797312
1775670485.002188,2188,ubuntu-rog,1,0,0,65683160,27958972,53045996,309916,23659592,0,12294008,21922796,10273248,0,2020760,21922796,0,0,8388604,8388604,0,0,80,0,10248048,358344,25832,1874128,2542520,1874128,668392,13504,41812,0,0,0,0,41230184,13922188,34359738367,85732,0,81200,0,0,0,0,0,0,0,0,0,0,0,2048,0,1493776,27707392,38797312
1775670486.001306,1306,ubuntu-rog,1,0,0,65683160,27958972,53045996,309916,23659592,0,12294008,21922796,10273248,0,2020760,21922796,0,0,8388604,8388604,0,0,80,0,10248048,358344,25832,1874128,2542520,1874128,668392,13504,41812,0,0,0,0,41230184,13922188,34359738367,85732,0,81200,0,0,0,0,0,0,0,0,0,0,0,2048,0,1493776,27707392,38797312
1775670487.001061,1061,ubuntu-rog,1,0,0,65683160,27958972,53045996,309916,23659592,0,12294008,21922796,10273248,0,2020760,21922796,0,0,8388604,8388604,0,0,80,0,10248048,358344,25832,1874128,2542520,1874128,668392,13504,41812,0,0,0,0,41230184,13922188,34359738367,85732,0,81200,0,0,0,0,0,0,0,0,0,0,0,2048,0,1493776,27707392,38797312
1775670488.001062,1062,ubuntu-rog,1,0,0,65683160,27958972,53045996,309916,23659596,0,12294008,21922796,10273248,0,2020760,21922796,0,0,8388604,8388604,0,0,84,0,10248048,358344,25832,1874128,2542520,1874128,668392,13504,41812,0,0,0,0,41230184,13922188,34359738367,85732,0,81200,0,0,0,0,0,0,0,0,0,0,0,2048,0,1493776,27707392,38797312
1775670489.002290,2290,ubuntu-rog,1,0,0,65683160,27958972,53045996,309916,23659596,0,12294008,21922796,10273248,0,2020760,21922796,0,0,8388604,8388604,0,0,44,0,10248048,358344,25832,1874128,2542520,1874128,668392,13504,41812,0,0,0,0,41230184,13922188,34359738367,85732,0,81200,0,0,0,0,0,0,0,0,0,0,0,2048,0,1493776,27707392,38797312
1775670490.001192,1192,ubuntu-rog,1,0,0,65683160,27958972,53045996,309928,23659584,0,12294008,21922796,10273248,0,2020760,21922796,0,0,8388604,8388604,0,0,44,0,10248048,358344,25832,1874128,2542520,1874128,668392,13504,41812,0,0,0,0,41230184,13922188,34359738367,85732,0,81200,0,0,0,0,0,0,0,0,0,0,0,2048,0,1493776,27707392,38797312
1775670491.001292,1292,ubuntu-rog,1,0,0,65683160,27958972,53045996,309928,23659600,0,12293836,21922796,10273076,0,2020760,21922796,0,0,8388604,8388604,0,0,56,0,10247876,358344,25832,1874128,2542520,1874128,668392,13504,41812,0,0,0,0,41230184,13922016,34359738367,85732,0,81200,0,0,0,0,0,0,0,0,0,0,0,2048,0,1493776,27707392,38797312
1775670492.001066,1066,ubuntu-rog,1,0,0,65683160,27958972,53045996,309928,23659604,0,12293836,21922796,10273076,0,2020760,21922796,0,0,8388604,8388604,0,0,64,0,10247876,358344,25832,1874128,2542520,1874128,668392,13504,41812,0,0,0,0,41230184,13922016,34359738367,85732,0,81200,0,0,0,0,0,0,0,0,0,0,0,2048,0,1493776,27707392,38797312
1775670493.002058,2058,ubuntu-rog,1,0,0,65683160,27958972,53045996,309928,23659608,0,12293836,21922796,10273076,0,2020760,21922796,0,0,8388604,8388604,0,0,68,0,10247876,358344,25832,1874128,2542520,1874128,668392,13504,41812,0,0,0,0,41230184,13922016,34359738367,85732,0,81200,0,0,0,0,0,0,0,0,0,0,0,2048,0,1493776,27707392,38797312
1775670494.001292,1292,ubuntu-rog,1,0,0,65683160,27958972,53045996,309928,23659608,0,12293836,21922796,10273076,0,2020760,21922796,0,0,8388604,8388604,0,0,68,0,10247876,358344,25832,1874128,2542520,1874128,668392,13504,41812,0,0,0,0,41230184,13922016,34359738367,85732,0,81200,0,0,0,0,0,0,0,0,0,0,0,2048,0,1493776,27707392,38797312
1775670495.001188,1188,ubuntu-rog,1,0,0,65683160,27958972,53046120,309928,23659612,0,12293836,21922920,10273076,0,2020760,21922920,0,0,8388604,8388604,0,0,72,0,10247876,358344,25832,1874128,2542520,1874128,668392,13504,41812,0,0,0,0,41230184,13922016,34359738367,85732,0,81200,0,0,0,0,0,0,0,0,0,0,0,2048,0,1493776,27707392,38797312
1775670496.001291,1291,ubuntu-rog,1,0,0,65683160,27958972,53046120,309936,23659608,0,12293836,21922920,10273076,0,2020760,21922920,0,0,8388604,8388604,0,0,72,0,10247876,358344,25832,1874128,2542520,1874128,668392,13504,41812,0,0,0,0,41230184,13922016,34359738367,85732,0,81200,0,0,0,0,0,0,0,0,0,0,0,2048,0,1493776,27707392,38797312
1775670497.002053,2053,ubuntu-rog,1,0,0,65683160,27958972,53046120,309936,23659616,0,12293836,21922920,10273076,0,2020760,21922920,0,0,8388604,8388604,0,0,76,0,10247876,358344,25832,1874128,2542520,1874128,668392,13504,41812,0,0,0,0,41230184,13922016,34359738367,85732,0,81200,0,0,0,0,0,0,0,0,0,0,0,2048,0,1493776,27707392,38797312
1775670498.001069,1069,ubuntu-rog,1,0,0,65683160,27958972,53046120,309936,23659616,0,12293836,21922920,10273076,0,2020760,21922920,0,0,8388604,8388604,0,0,76,0,10247876,358344,25832,1874128,2542520,1874128,668392,13504,41812,0,0,0,0,41230184,13922016,34359738367,85732,0,81200,0,0,0,0,0,0,0,0,0,0,0,2048,0,1493776,27707392,38797312
1775670499.001302,1302,ubuntu-rog,1,0,0,65683160,27958972,53046120,309936,23659620,0,12293836,21922920,10273076,0,2020760,21922920,0,0,8388604,8388604,0,0,52,0,10247876,358344,25832,1874128,2542512,1874128,668384,13504,41812,0,0,0,0,41230184,13922016,34359738367,85732,0,81200,0,0,0,0,0,0,0,0,0,0,0,2048,0,1493776,27707392,38797312
1775670500.001193,1193,ubuntu-rog,1,0,0,65683160,27958972,53046120,309936,23659620,0,12293836,21922920,10273076,0,2020760,21922920,0,0,8388604,8388604,0,0,52,0,10247876,358344,25832,1874128,2542512,1874128,668384,13504,41812,0,0,0,0,41230184,13922016,34359738367,85732,0,81200,0,0,0,0,0,0,0,0,0,0,0,2048,0,1493776,27707392,38797312
1775670501.002288,2288,ubuntu-rog,1,0,0,65683160,27958972,53046120,309936,23659620,0,12293836,21922920,10273076,0,2020760,21922920,0,0,8388604,8388604,0,0,52,0,10247876,358344,25832,1874128,2542512,1874128,668384,13504,41812,0,0,0,0,41230184,13922016,34359738367,85732,0,81200,0,0,0,0,0,0,0,0,0,0,0,2048,0,1493776,27707392,38797312
1775670502.001060,1060,ubuntu-rog,1,0,0,65683160,27958972,53046120,309944,23659624,0,12293836,21922920,10273076,0,2020760,21922920,0,0,8388604,8388604,0,0,32,0,10247876,358344,25832,1874128,2542512,1874128,668384,13504,41812,0,0,0,0,41230184,13922016,34359738367,85732,0,81200,0,0,0,0,0,0,0,0,0,0,0,2048,0,1493776,27707392,38797312
1775670503.001063,1063,ubuntu-rog,1,0,0,65683160,27958972,53046120,309944,23659624,0,12293836,21922920,10273076,0,2020760,21922920,0,0,8388604,8388604,0,0,32,0,10247876,358344,25832,1874128,2542512,1874128,668384,13504,41812,0,0,0,0,41230184,13922016,34359738367,85732,0,81200,0,0,0,0,0,0,0,0,0,0,0,2048,0,1493776,27707392,38797312
1775670504.001285,1285,ubuntu-rog,1,0,0,65683160,27958972,53046120,309944,23659628,0,12293836,21922920,10273076,0,2020760,21922920,0,0,8388604,8388604,0,0,40,0,10247876,358344,25832,1874128,2542512,1874128,668384,13504,41812,0,0,0,0,41230184,13922016,34359738367,85732,0,81200,0,0,0,0,0,0,0,0,0,0,0,2048,0,1493776,27707392,38797312
1775670505.002196,2196,ubuntu-rog,1,0,0,65683160,27958972,53046120,309944,23659628,0,12293836,21922920,10273076,0,2020760,21922920,0,0,8388604,8388604,0,0,40,0,10247876,358344,25832,1874128,2542512,1874128,668384,13504,41812,0,0,0,0,41230184,13922016,34359738367,85732,0,81200,0,0,0,0,0,0,0,0,0,0,0,2048,0,1493776,27707392,38797312
1775670506.001300,1300,ubuntu-rog,1,0,0,65683160,27958972,53046120,309944,23659636,0,12293836,21922920,10273076,0,2020760,21922920,0,0,8388604,8388604,0,0,48,0,10247876,358344,25832,1874128,2542512,1874128,668384,13504,41812,0,0,0,0,41230184,13922016,34359738367,85732,0,81200,0,0,0,0,0,0,0,0,0,0,0,2048,0,1493776,27707392,38797312
1775670507.001060,1060,ubuntu-rog,1,0,0,65683160,27958972,53046120,309944,23659636,0,12293836,21922920,10273076,0,2020760,21922920,0,0,8388604,8388604,0,0,48,0,10247876,358344,25832,1874128,2542512,1874128,668384,13504,41812,0,0,0,0,41230184,13922016,34359738367,85732,0,81200,0,0,0,0,0,0,0,0,0,0,0,2048,0,1493776,27707392,38797312
1775670508.001058,1058,ubuntu-rog,1,0,0,65683160,27958972,53046120,309944,23659636,0,12293836,21922920,10273076,0,2020760,21922920,0,0,8388604,8388604,0,0,48,0,10247876,358344,25832,1874128,2542512,1874128,668384,13504,41812,0,0,0,0,41230184,13922016,34359738367,85732,0,81200,0,0,0,0,0,0,0,0,0,0,0,2048,0,1493776,27707392,38797312
1775670509.002290,2290,ubuntu-rog,1,0,0,65683160,27958972,53046120,309952,23659640,0,12293836,21922920,10273076,0,2020760,21922920,0,0,8388604,8388604,0,0,56,0,10247876,358344,25832,1874128,2542512,1874128,668384,13504,41812,0,0,0,0,41230184,13922016,34359738367,85732,0,81200,0,0,0,0,0,0,0,0,0,0,0,2048,0,1493776,27707392,38797312
1775670510.001192,1192,ubuntu-rog,1,0,0,65683160,27958972,53046120,309952,23659644,0,12293836,21922920,10273076,0,2020760,21922920,0,0,8388604,8388604,0,0,60,0,10247876,358344,25832,1874128,2542512,1874128,668384,13504,41812,0,0,0,0,41230184,13922016,34359738367,85732,0,81200,0,0,0,0,0,0,0,0,0,0,0,2048,0,1493776,27707392,38797312
1775670511.001309,1309,ubuntu-rog,1,0,0,65683160,27958972,53046120,309952,23659644,0,12293836,21922920,10273076,0,2020760,21922920,0,0,8388604,8388604,0,0,60,0,10247876,358344,25832,1874128,2542512,1874128,668384,13504,41812,0,0,0,0,41230184,13922016,34359738367,85732,0,81200,0,0,0,0,0,0,0,0,0,0,0,2048,0,1493776,27707392,38797312
1775670512.001062,1062,ubuntu-rog,1,0,0,65683160,27958972,53046120,309952,23659644,0,12293836,21922920,10273076,0,2020760,21922920,0,0,8388604,8388604,0,0,60,0,10247876,358344,25832,1874128,2542512,1874128,668384,13504,41812,0,0,0,0,41230184,13922016,34359738367,85732,0,81200,0,0,0,0,0,0,0,0,0,0,0,2048,0,1493776,27707392,38797312
1775670513.002058,2058,ubuntu-rog,1,0,0,65683160,27958972,53046120,309952,23659648,0,12293836,21922920,10273076,0,2020760,21922920,0,0,8388604,8388604,0,0,64,0,10247876,358344,25832,1874128,2542512,1874128,668384,13504,41812,0,0,0,0,41230184,13922016,34359738367,85732,0,81200,0,0,0,0,0,0,0,0,0,0,0,2048,0,1493776,27707392,38797312
1775670514.001293,1293,ubuntu-rog,1,0,0,65683160,27958972,53046120,309952,23659648,0,12293836,21922920,10273076,0,2020760,21922920,0,0,8388604,8388604,0,0,48,0,10247876,358344,25832,1874128,2542512,1874128,668384,13504,41812,0,0,0,0,41230184,13922016,34359738367,85732,0,81200,0,0,0,0,0,0,0,0,0,0,0,2048,0,1493776,27707392,38797312
1775670515.001192,1192,ubuntu-rog,1,0,0,65683160,27958972,53046120,309960,23659640,0,12293836,21922920,10273076,0,2020760,21922920,0,0,8388604,8388604,0,0,48,0,10247876,358344,25832,1874128,2542512,1874128,668384,13504,41812,0,0,0,0,41230184,13922016,34359738367,85732,0,81200,0,0,0,0,0,0,0,0,0,0,0,2048,0,1493776,27707392,38797312
1775670516.001291,1291,ubuntu-rog,1,0,0,65683160,27958972,53046120,309960,23659656,0,12293836,21922920,10273076,0,2020760,21922920,0,0,8388604,8388604,0,0,68,0,10247876,358344,25832,1874128,2542512,1874128,668384,13504,41812,0,0,0,0,41230184,13922016,34359738367,85732,0,81200,0,0,0,0,0,0,0,0,0,0,0,2048,0,1493776,27707392,38797312
1775670517.002056,2056,ubuntu-rog,1,0,0,65683160,27958972,53046120,309960,23659656,0,12293836,21922920,10273076,0,2020760,21922920,0,0,8388604,8388604,0,0,68,0,10247876,358344,25832,1874128,2542512,1874128,668384,13504,41812,0,0,0,0,41230184,13922016,34359738367,85732,0,81200,0,0,0,0,0,0,0,0,0,0,0,2048,0,1493776,27707392,38797312
1775670518.001061,1061,ubuntu-rog,1,0,0,65683160,27958972,53046120,309960,23659660,0,12293836,21922920,10273076,0,2020760,21922920,0,0,8388604,8388604,0,0,76,0,10247876,358344,25832,1874128,2542512,1874128,668384,13504,41812,0,0,0,0,41230184,13922016,34359738367,85732,0,81200,0,0,0,0,0,0,0,0,0,0,0,2048,0,1493776,27707392,38797312
1775670519.001289,1289,ubuntu-rog,1,0,0,65683160,27958972,53046120,309960,23659660,0,12293836,21922920,10273076,0,2020760,21922920,0,0,8388604,8388604,0,0,40,0,10247876,358344,25832,1874128,2542512,1874128,668384,13504,41812,0,0,0,0,41230184,13922016,34359738367,85732,0,81200,0,0,0,0,0,0,0,0,0,0,0,2048,0,1493776,27707392,38797312
1775670520.001191,1191,ubuntu-rog,1,0,0,65683160,27958972,53046120,309960,23659664,0,12293836,21922920,10273076,0,2020760,21922920,0,0,8388604,8388604,0,0,48,0,10247876,358344,25832,1874128,2542512,1874128,668384,13504,41812,0,0,0,0,41230184,13922016,34359738367,85732,0,81200,0,0,0,0,0,0,0,0,0,0,0,2048,0,1493776,27707392,38797312
1775670521.002287,2287,ubuntu-rog,1,0,0,65683160,27958972,53046120,309972,23659660,0,12293836,21922920,10273076,0,2020760,21922920,0,0,8388604,8388604,0,0,48,0,10247876,358344,25832,1874128,2542512,1874128,668384,13504,41812,0,0,0,0,41230184,13922016,34359738367,85732,0,81200,0,0,0,0,0,0,0,0,0,0,0,2048,0,1493776,27707392,38797312
1775670522.001062,1062,ubuntu-rog,1,0,0,65683160,27958972,53046120,309972,23659668,0,12293836,21922920,10273076,0,2020760,21922920,0,0,8388604,8388604,0,0,60,0,10247876,358344,25832,1874128,2542512,1874128,668384,13504,41812,0,0,0,0,41230184,13922016,34359738367,85732,0,81200,0,0,0,0,0,0,0,0,0,0,0,2048,0,1493776,27707392,38797312
1775670523.001072,1072,ubuntu-rog,1,0,0,65683160,27958972,53046120,309972,23659672,0,12293836,21922920,10273076,0,2020760,21922920,0,0,8388604,8388604,0,0,64,0,10247876,358344,25832,1874128,2542512,1874128,668384,13504,41812,0,0,0,0,41230184,13922016,34359738367,85732,0,81200,0,0,0,0,0,0,0,0,0,0,0,2048,0,1493776,27707392,38797312
1775670524.001308,1308,ubuntu-rog,1,0,0,65683160,27958972,53046120,309972,23659672,0,12293836,21922920,10273076,0,2020760,21922920,0,0,8388604,8388604,0,0,64,0,10247876,358344,25832,1874128,2542512,1874128,668384,13504,41812,0,0,0,0,41230184,13922016,34359738367,85732,0,81200,0,0,0,0,0,0,0,0,0,0,0,2048,0,1493776,27707392,38797312
1775670525.002188,2188,ubuntu-rog,1,0,0,65683160,27958972,53046120,309972,23659672,0,12293836,21922920,10273076,0,2020760,21922920,0,0,8388604,8388604,0,0,64,0,10247876,358344,25832,1874128,2542512,1874128,668384,13504,41812,0,0,0,0,41230184,13922016,34359738367,85732,0,81200,0,0,0,0,0,0,0,0,0,0,0,2048,0,1493776,27707392,38797312
1775670526.001298,1298,ubuntu-rog,1,0,0,65683160,27958972,53046120,309972,23659672,0,12293836,21922920,10273076,0,2020760,21922920,0,0,8388604,8388604,0,0,64,0,10247876,358344,25832,1874128,2542512,1874128,668384,13504,41812,0,0,0,0,41230184,13922016,34359738367,85732,0,81200,0,0,0,0,0,0,0,0,0,0,0,2048,0,1493776,27707392,38797312
1775670527.001060,1060,ubuntu-rog,1,0,0,65683160,27958972,53046124,309980,23659676,0,12293836,21922920,10273076,0,2020760,21922920,0,0,8388604,8388604,0,0,68,0,10247876,358344,25832,1874132,2542516,1874132,668384,13504,41812,0,0,0,0,41230184,13922016,34359738367,85732,0,81200,0,0,0,0,0,0,0,0,0,0,0,2048,0,1493776,27707392,38797312
1775670528.001059,1059,ubuntu-rog,1,0,0,65683160,27958972,53046124,309980,23659676,0,12293836,21922920,10273076,0,2020760,21922920,0,0,8388604,8388604,0,0,68,0,10247876,358344,25832,1874132,2542516,1874132,668384,13504,41812,0,0,0,0,41230184,13922016,34359738367,85732,0,81200,0,0,0,0,0,0,0,0,0,0,0,2048,0,1493776,27707392,38797312
1775670529.001238,1238,ubuntu-rog,1,0,0,65683160,27958972,53046124,309980,23659680,0,12293836,21922920,10273076,0,2020760,21922920,0,0,8388604,8388604,0,0,72,0,10247876,358344,25832,1874132,2542516,1874132,668384,13504,41812,0,0,0,0,41230184,13922016,34359738367,85732,0,81200,0,0,0,0,0,0,0,0,0,0,0,2048,0,1493776,27707392,38797312
1775670530.002200,2200,ubuntu-rog,1,0,0,65683160,27958972,53046248,309980,23659688,0,12293836,21923044,10273076,0,2020760,21923044,0,0,8388604,8388604,0,0,80,0,10247876,358344,25832,1874132,2542516,1874132,668384,13504,41812,0,0,0,0,41230184,13922016,34359738367,85732,0,81200,0,0,0,0,0,0,0,0,0,0,0,2048,0,1493776,27707392,38797312
1775670531.001300,1300,ubuntu-rog,1,0,0,65683160,27958972,53046248,309980,23659688,0,12293836,21923044,10273076,0,2020760,21923044,0,0,8388604,8388604,0,0,80,0,10247876,358344,25832,1874132,2542516,1874132,668384,13504,41812,0,0,0,0,41230184,13922016,34359738367,85732,0,81200,0,0,0,0,0,0,0,0,0,0,0,2048,0,1493776,27707392,38797312
1775670532.001060,1060,ubuntu-rog,1,0,0,65683160,27958972,53046248,309980,23659688,0,12293836,21923044,10273076,0,2020760,21923044,0,0,8388604,8388604,0,0,80,0,10247876,358344,25832,1874132,2542516,1874132,668384,13504,41812,0,0,0,0,41230184,13922016,34359738367,85732,0,81200,0,0,0,0,0,0,0,0,0,0,0,2048,0,1493776,27707392,38797312
1775670533.001060,1060,ubuntu-rog,1,0,0,65683160,27958972,53046248,309980,23659692,0,12293836,21923044,10273076,0,2020760,21923044,0,0,8388604,8388604,0,0,84,0,10247876,358344,25832,1874132,2542516,1874132,668384,13504,41812,0,0,0,0,41230184,13922016,34359738367,85732,0,81200,0,0,0,0,0,0,0,0,0,0,0,2048,0,1493776,27707392,38797312
1775670534.002291,2291,ubuntu-rog,1,0,0,65683160,27958972,53046248,309988,23659684,0,12293836,21923044,10273076,0,2020760,21923044,0,0,8388604,8388604,0,0,84,0,10247876,358344,25832,1874132,2542516,1874132,668384,13504,41812,0,0,0,0,41230184,13922016,34359738367,85732,0,81200,0,0,0,0,0,0,0,0,0,0,0,2048,0,1493776,27707392,38797312
1775670535.001195,1195,ubuntu-rog,1,0,0,65683160,27958972,53046264,309988,23659696,0,12293836,21923060,10273076,0,2020760,21923060,0,0,8388604,8388604,0,0,72,0,10247876,358344,25832,1874132,2542516,1874132,668384,13504,41812,0,0,0,0,41230184,13922016,34359738367,85732,0,81200,0,0,0,0,0,0,0,0,0,0,0,2048,0,1493776,27707392,38797312
1775670536.001310,1310,ubuntu-rog,1,0,0,65683160,27958972,53046264,309988,23659696,0,12293836,21923060,10273076,0,2020760,21923060,0,0,8388604,8388604,0,0,72,0,10247876,358344,25832,1874132,2542516,1874132,668384,13504,41812,0,0,0,0,41230184,13922016,34359738367,85732,0,81200,0,0,0,0,0,0,0,0,0,0,0,2048,0,1493776,27707392,38797312
1775670537.001061,1061,ubuntu-rog,1,0,0,65683160,27958972,53046264,309988,23659700,0,12293836,21923060,10273076,0,2020760,21923060,0,0,8388604,8388604,0,0,76,0,10247876,358344,25832,1874132,2542516,1874132,668384,13504,41812,0,0,0,0,41230184,13922016,34359738367,85732,0,81200,0,0,0,0,0,0,0,0,0,0,0,2048,0,1493776,27707392,38797312
1775670538.003061,3061,ubuntu-rog,1,0,0,65683160,27958972,53046264,309988,23659700,0,12293836,21923060,10273076,0,2020760,21923060,0,0,8388604,8388604,0,0,76,0,10247876,358344,25832,1874132,2542516,1874132,668384,13504,41812,0,0,0,0,41230184,13922016,34359738367,85732,0,81200,0,0,0,0,0,0,0,0,0,0,0,2048,0,1493776,27707392,38797312
1775670539.001288,1288,ubuntu-rog,1,0,0,65683160,27958972,53046264,309988,23659700,0,12293836,21923060,10273076,0,2020760,21923060,0,0,8388604,8388604,0,0,76,0,10247876,358344,25832,1874132,2542516,1874132,668384,13504,41812,0,0,0,0,41230184,13922016,34359738367,85732,0,81200,0,0,0,0,0,0,0,0,0,0,0,2048,0,1493776,27707392,38797312
1775670540.001196,1196,ubuntu-rog,1,0,0,65683160,27958972,53046264,309996,23659704,0,12293836,21923060,10273076,0,2020760,21923060,0,0,8388604,8388604,0,0,68,0,10247876,358344,25832,1874132,2542516,1874132,668384,13504,41812,0,0,0,0,41230184,13922016,34359738367,85732,0,81200,0,0,0,0,0,0,0,0,0,0,0,2048,0,1493776,27707392,38797312
1775670541.001294,1294,ubuntu-rog,1,0,0,65683160,27958972,53046264,309996,23659708,0,12293836,21923060,10273076,0,2020760,21923060,0,0,8388604,8388604,0,0,72,0,10247876,358344,25832,1874132,2542516,1874132,668384,13504,41812,0,0,0,0,41230184,13922016,34359738367,85732,0,81200,0,0,0,0,0,0,0,0,0,0,0,2048,0,1493776,27707392,38797312
1775670542.001059,1059,ubuntu-rog,1,0,0,65683160,27958972,53046264,309996,23659708,0,12293836,21923060,10273076,0,2020760,21923060,0,0,8388604,8388604,0,0,72,0,10247876,358344,25832,1874132,2542516,1874132,668384,13504,41812,0,0,0,0,41230184,13922016,34359738367,85732,0,81200,0,0,0,0,0,0,0,0,0,0,0,2048,0,1493776,27707392,38797312
1775670543.001065,1065,ubuntu-rog,1,0,0,65683160,27958972,53046264,309996,23659712,0,12293836,21923060,10273076,0,2020760,21923060,0,0,8388604,8388604,0,0,76,0,10247876,358344,25832,1874132,2542516,1874132,668384,13504,41812,0,0,0,0,41230184,13922016,34359738367,85732,0,81200,0,0,0,0,0,0,0,0,0,0,0,2048,0,1493776,27707392,38797312
1775670544.001300,1300,ubuntu-rog,1,0,0,65683160,27958972,53046264,309996,23659716,0,12293836,21923060,10273076,0,2020760,21923060,0,0,8388604,8388604,0,0,80,0,10247876,358344,25832,1874132,2542516,1874132,668384,13504,41812,0,0,0,0,41230184,13922016,34359738367,85732,0,81200,0,0,0,0,0,0,0,0,0,0,0,2048,0,1493776,27707392,38797312
1775670545.002191,2191,ubuntu-rog,1,0,0,65683160,27958972,53046264,309996,23659716,0,12293836,21923060,10273076,0,2020760,21923060,0,0,8388604,8388604,0,0,80,0,10247876,358344,25832,1874132,2542516,1874132,668384,13504,41812,0,0,0,0,41230184,13922016,34359738367,85732,0,81200,0,0,0,0,0,0,0,0,0,0,0,2048,0,1493776,27707392,38797312
1775670546.001294,1294,ubuntu-rog,1,0,0,65683160,27958972,53046264,310004,23659708,0,12293836,21923060,10273076,0,2020760,21923060,0,0,8388604,8388604,0,0,80,0,10247876,358344,25832,1874132,2542516,1874132,668384,13504,41812,0,0,0,0,41230184,13922016,34359738367,85732,0,81200,0,0,0,0,0,0,0,0,0,0,0,2048,0,1493776,27707392,38797312
1775670547.001059,1059,ubuntu-rog,1,0,0,65683160,27958972,53046264,310004,23659724,0,12293836,21923060,10273076,0,2020760,21923060,0,0,8388604,8388604,0,0,88,0,10247876,358344,25832,1874132,2542516,1874132,668384,13504,41812,0,0,0,0,41230184,13922016,34359738367,85732,0,81200,0,0,0,0,0,0,0,0,0,0,0,2048,0,1493776,27707392,38797312
1775670548.001073,1073,ubuntu-rog,1,0,0,65683160,27958972,53046264,310004,23659724,0,12293836,21923060,10273076,0,2020760,21923060,0,0,8388604,8388604,0,0,88,0,10247876,358344,25832,1874132,2542516,1874132,668384,13504,41812,0,0,0,0,41230184,13922016,34359738367,85732,0,81200,0,0,0,0,0,0,0,0,0,0,0,2048,0,1493776,27707392,38797312
1775670549.002289,2289,ubuntu-rog,1,0,0,65683160,27958972,53046264,310004,23659724,0,12293836,21923060,10273076,0,2020760,21923060,0,0,8388604,8388604,0,0,88,0,10247876,358344,25832,1874132,2542516,1874132,668384,13504,41812,0,0,0,0,41230184,13922016,34359738367,85732,0,81200,0,0,0,0,0,0,0,0,0,0,0,2048,0,1493776,27707392,38797312
1775670550.001192,1192,ubuntu-rog,1,0,0,65683160,27958972,53046264,310004,23659724,0,12293836,21923060,10273076,0,2020760,21923060,0,0,8388604,8388604,0,0,32,0,10247876,358344,25832,1874132,2542516,1874132,668384,13504,41812,0,0,0,0,41230184,13922016,34359738367,85732,0,81200,0,0,0,0,0,0,0,0,0,0,0,2048,0,1493776,27707392,38797312
1775670551.001297,1297,ubuntu-rog,1,0,0,65683160,27958972,53046264,310004,23659728,0,12293836,21923060,10273076,0,2020760,21923060,0,0,8388604,8388604,0,0,40,0,10247876,358344,25832,1874132,2542516,1874132,668384,13504,41812,0,0,0,0,41230184,13922016,34359738367,85732,0,81200,0,0,0,0,0,0,0,0,0,0,0,2048,0,1493776,27707392,38797312
1775670552.001060,1060,ubuntu-rog,1,0,0,65683160,27958972,53046264,310016,23659716,0,12293836,21923060,10273076,0,2020760,21923060,0,0,8388604,8388604,0,0,40,0,10247876,358344,25832,1874132,2542516,1874132,668384,13504,41812,0,0,0,0,41230184,13922016,34359738367,85732,0,81200,0,0,0,0,0,0,0,0,0,0,0,2048,0,1493776,27707392,38797312
1775670553.002058,2058,ubuntu-rog,1,0,0,65683160,27958972,53046264,310016,23659728,0,12293836,21923060,10273076,0,2020760,21923060,0,0,8388604,8388604,0,0,52,0,10247876,358344,25832,1874132,2542516,1874132,668384,13504,41812,0,0,0,0,41230184,13922016,34359738367,85732,0,81200,0,0,0,0,0,0,0,0,0,0,0,2048,0,1493776,27707392,38797312
1775670554.001192,1192,ubuntu-rog,1,0,0,65683160,27958972,53046264,310016,23659736,0,12293836,21923060,10273076,0,2020760,21923060,0,0,8388604,8388604,0,0,60,0,10247876,358344,25832,1874132,2542516,1874132,668384,13504,41812,0,0,0,0,41230184,13922016,34359738367,85732,0,81200,0,0,0,0,0,0,0,0,0,0,0,2048,0,1493776,27707392,38797312
1775670555.001198,1198,ubuntu-rog,1,0,0,65683160,27958972,53046264,310016,23659740,0,12293836,21923060,10273076,0,2020760,21923060,0,0,8388604,8388604,0,0,68,0,10247876,358344,25832,1874132,2542516,1874132,668384,13504,41812,0,0,0,0,41230184,13922016,34359738367,85732,0,81200,0,0,0,0,0,0,0,0,0,0,0,2048,0,1493776,27707392,38797312
1775670556.001296,1296,ubuntu-rog,1,0,0,65683160,27958972,53046264,310016,23659740,0,12293836,21923060,10273076,0,2020760,21923060,0,0,8388604,8388604,0,0,68,0,10247876,358344,25832,1874132,2542516,1874132,668384,13504,41812,0,0,0,0,41230184,13922016,34359738367,85732,0,81200,0,0,0,0,0,0,0,0,0,0,0,2048,0,1493776,27707392,38797312
1775670557.003056,3056,ubuntu-rog,1,0,0,65683160,27958972,53046264,310016,23659740,0,12293836,21923060,10273076,0,2020760,21923060,0,0,8388604,8388604,0,0,68,0,10247876,358344,25832,1874132,2542516,1874132,668384,13504,41812,0,0,0,0,41230184,13922016,34359738367,85732,0,81200,0,0,0,0,0,0,0,0,0,0,0,2048,0,1493776,27707392,38797312
1775670558.001062,1062,ubuntu-rog,1,0,0,65683160,27958972,53046264,310016,23659744,0,12293836,21923060,10273076,0,2020760,21923060,0,0,8388604,8388604,0,0,72,0,10247876,358344,25832,1874132,2542516,1874132,668384,13504,41812,0,0,0,0,41230184,13922016,34359738367,85732,0,81200,0,0,0,0,0,0,0,0,0,0,0,2048,0,1493776,27707392,38797312
1775670559.001298,1298,ubuntu-rog,1,0,0,65683160,27958972,53046264,310016,23659744,0,12293836,21923060,10273076,0,2020760,21923060,0,0,8388604,8388604,0,0,72,0,10247876,358344,25832,1874132,2542516,1874132,668384,13504,41812,0,0,0,0,41230184,13922016,34359738367,85732,0,81200,0,0,0,0,0,0,0,0,0,0,0,2048,0,1493776,27707392,38797312
1775670560.001196,1196,ubuntu-rog,1,0,0,65683160,27958972,53046264,310024,23659748,0,12293836,21923060,10273076,0,2020760,21923060,0,0,8388604,8388604,0,0,76,0,10247876,358344,25832,1874132,2542516,1874132,668384,13504,41812,0,0,0,0,41230184,13922016,34359738367,85732,0,81200,0,0,0,0,0,0,0,0,0,0,0,2048,0,1493776,27707392,38797312
1775670561.001302,1302,ubuntu-rog,1,0,0,65683160,27958972,53046264,310024,23659752,0,12293836,21923060,10273076,0,2020760,21923060,0,0,8388604,8388604,0,0,80,0,10247876,358344,25832,1874132,2542516,1874132,668384,13504,41812,0,0,0,0,41230184,13922016,34359738367,85732,0,81200,0,0,0,0,0,0,0,0,0,0,0,2048,0,1493776,27707392,38797312
1775670562.001063,1063,ubuntu-rog,1,0,0,65683160,27958972,53046264,310024,23659752,0,12293836,21923060,10273076,0,2020760,21923060,0,0,8388604,8388604,0,0,80,0,10247876,358344,25832,1874132,2542516,1874132,668384,13504,41812,0,0,0,0,41230184,13922016,34359738367,85732,0,81200,0,0,0,0,0,0,0,0,0,0,0,2048,0,1493776,27707392,38797312
1775670563.001063,1063,ubuntu-rog,1,0,0,65683160,27958972,53046264,310024,23659752,0,12293836,21923060,10273076,0,2020760,21923060,0,0,8388604,8388604,0,0,80,0,10247876,358344,25832,1874132,2542516,1874132,668384,13504,41812,0,0,0,0,41230184,13922016,34359738367,85732,0,81200,0,0,0,0,0,0,0,0,0,0,0,2048,0,1493776,27707392,38797312
1775670564.003294,3294,ubuntu-rog,1,0,0,65683160,27958972,53046264,310024,23659752,0,12293836,21923060,10273076,0,2020760,21923060,0,0,8388604,8388604,0,0,80,0,10247876,358344,25832,1874132,2542516,1874132,668384,13504,41812,0,0,0,0,41230184,13922016,34359738367,85732,0,81200,0,0,0,0,0,0,0,0,0,0,0,2048,0,1493776,27707392,38797312
1775670565.001197,1197,ubuntu-rog,1,0,0,65683160,27958972,53046264,310032,23659756,0,12293836,21923060,10273076,0,2020760,21923060,0,0,8388604,8388604,0,0,84,0,10247876,358344,25832,1874132,2542516,1874132,668384,13504,41812,0,0,0,0,41230184,13922016,34359738367,85732,0,81200,0,0,0,0,0,0,0,0,0,0,0,2048,0,1493776,27707392,38797312
1775670566.001301,1301,ubuntu-rog,1,0,0,65683160,27958972,53046264,310032,23659760,0,12293836,21923060,10273076,0,2020760,21923060,0,0,8388604,8388604,0,0,68,0,10247876,358344,25832,1874132,2542516,1874132,668384,13504,41812,0,0,0,0,41230184,13922016,34359738367,85732,0,81200,0,0,0,0,0,0,0,0,0,0,0,2048,0,1493776,27707392,38797312
1775670567.001074,1074,ubuntu-rog,1,0,0,65683160,27958972,53046380,310032,23659764,0,12293968,21923176,10273208,0,2020760,21923176,0,0,8388604,8388604,0,0,72,0,10248072,358344,25832,1874132,2542524,1874132,668392,13504,41812,0,0,0,0,41230184,13922188,34359738367,85732,0,81200,0,0,0,0,0,0,0,0,0,0,0,2048,0,1493776,27707392,38797312
1775670568.001066,1066,ubuntu-rog,1,0,0,65683160,27958972,53046380,310032,23659768,0,12293968,21923176,10273208,0,2020760,21923176,0,0,8388604,8388604,0,0,76,0,10248072,358344,25832,1874132,2542524,1874132,668392,13504,41812,0,0,0,0,41230184,13922188,34359738367,85732,0,81200,0,0,0,0,0,0,0,0,0,0,0,2048,0,1493776,27707392,38797312
1775670569.001295,1295,ubuntu-rog,1,0,0,65683160,27958972,53046380,310032,23659768,0,12293968,21923176,10273208,0,2020760,21923176,0,0,8388604,8388604,0,0,76,0,10248072,358344,25832,1874132,2542524,1874132,668392,13520,41812,0,0,0,0,41230184,13922188,34359738367,85732,0,81200,0,0,0,0,0,0,0,0,0,0,0,2048,0,1493776,27707392,38797312
1775670570.001192,1192,ubuntu-rog,1,0,0,65683160,27958972,53046380,310032,23659768,0,12293968,21923176,10273208,0,2020760,21923176,0,0,8388604,8388604,0,0,76,0,10248072,358344,25832,1874132,2542524,1874132,668392,13520,41812,0,0,0,0,41230184,13922188,34359738367,85732,0,81200,0,0,0,0,0,0,0,0,0,0,0,2048,0,1493776,27707392,38797312
1775670571.002293,2293,ubuntu-rog,1,0,0,65683160,27958972,53046380,310040,23659760,0,12293968,21923176,10273208,0,2020760,21923176,0,0,8388604,8388604,0,0,48,0,10248072,358344,25832,1874132,2542524,1874132,668392,13520,41812,0,0,0,0,41230184,13922188,34359738367,85732,0,81200,0,0,0,0,0,0,0,0,0,0,0,2048,0,1493776,27707392,38797312
1775670572.001060,1060,ubuntu-rog,1,0,0,65683160,27958972,53046380,310040,23659776,0,12293968,21923176,10273208,0,2020760,21923176,0,0,8388604,8388604,0,0,72,0,10248072,358344,25832,1874132,2542524,1874132,668392,13520,41812,0,0,0,0,41230184,13922188,34359738367,85732,0,81200,0,0,0,0,0,0,0,0,0,0,0,2048,0,1493776,27707392,38797312
1775670573.001048,1048,ubuntu-rog,1,0,0,65683160,27958972,53046380,310040,23659776,0,12293968,21923176,10273208,0,2020760,21923176,0,0,8388604,8388604,0,0,72,0,10248072,358344,25832,1874132,2542524,1874132,668392,13520,41812,0,0,0,0,41230184,13922188,34359738367,85732,0,81200,0,0,0,0,0,0,0,0,0,0,0,2048,0,1493776,27707392,38797312
1775670574.004301,4301,ubuntu-rog,1,0,0,65683160,27958972,53046380,310040,23659776,0,12293968,21923176,10273208,0,2020760,21923176,0,0,8388604,8388604,0,0,72,0,10248072,358344,25832,1874132,2542520,1874132,668388,13520,41812,0,0,0,0,41230184,13922188,34359738367,85732,0,81200,0,0,0,0,0,0,0,0,0,0,0,2048,0,1493776,27707392,38797312
1775670575.001197,1197,ubuntu-rog,1,0,0,65683160,27958972,53046384,310040,23659780,0,12293968,21923176,10273208,0,2020760,21923176,0,0,8388604,8388604,0,0,76,0,10248072,358344,25832,1874136,2542524,1874136,668388,13520,41812,0,0,0,0,41230184,13922188,34359738367,85732,0,81200,0,0,0,0,0,0,0,0,0,0,0,2048,0,1493776,27707392,38797312
1775670576.001312,1312,ubuntu-rog,1,0,0,65683160,27958972,53046384,310040,23659780,0,12293968,21923176,10273208,0,2020760,21923176,0,0,8388604,8388604,0,0,76,0,10248072,358344,25832,1874136,2542524,1874136,668388,13520,41812,0,0,0,0,41230184,13922188,34359738367,85732,0,81200,0,0,0,0,0,0,0,0,0,0,0,2048,0,1493776,27707392,38797312
1775670577.001068,1068,ubuntu-rog,1,0,0,65683160,27958972,53046384,310048,23659772,0,12293948,21923176,10273188,0,2020760,21923176,0,0,8388604,8388604,0,0,76,0,10248072,358344,25832,1874136,2542524,1874136,668388,13520,41812,0,0,0,0,41230184,13922188,34359738367,85732,0,81200,0,0,0,0,0,0,0,0,0,0,0,2048,0,1493776,27707392,38797312
1775670578.001070,1070,ubuntu-rog,1,0,0,65683160,27958972,53046384,310048,23659784,0,12293948,21923176,10273188,0,2020760,21923176,0,0,8388604,8388604,0,0,80,0,10248072,358344,25832,1874136,2542524,1874136,668388,13520,41812,0,0,0,0,41230184,13922188,34359738367,85732,0,81200,0,0,0,0,0,0,0,0,0,0,0,2048,0,1493776,27707392,38797312
1775670579.001303,1303,ubuntu-rog,1,0,0,65683160,27958972,53046384,310048,23659788,0,12293948,21923176,10273188,0,2020760,21923176,0,0,8388604,8388604,0,0,84,0,10248072,358344,25832,1874136,2542524,1874136,668388,13520,41812,0,0,0,0,41230184,13922188,34359738367,85732,0,81200,0,0,0,0,0,0,0,0,0,0,0,2048,0,1493776,27707392,38797312
1775670580.001210,1210,ubuntu-rog,1,0,0,65683160,27844640,52932052,310048,23659792,0,12396968,21923176,10376208,0,2020760,21923176,0,0,8388604,8388604,0,0,88,0,10351496,358344,25832,1874136,2542524,1874136,668388,13520,41812,0,0,0,0,41230184,14404640,34359738367,85732,0,81200,0,0,0,0,0,0,0,0,0,0,0,2048,0,1493776,27707392,38797312
1775670581.001272,1272,ubuntu-rog,1,0,0,65683160,27801552,52889036,310048,23659792,0,12387964,21923248,10367204,0,2020760,21923248,0,0,8388604,8388604,0,0,48,0,10341232,358344,25832,1874136,2542524,1874136,668388,13520,42312,0,0,0,0,41230184,14060036,34359738367,85732,0,81200,0,0,0,0,0,0,0,0,0,0,0,2048,0,1493776,27707392,38797312
1775670582.001068,1068,ubuntu-rog,1,0,0,65683160,27937932,53025420,310048,23659796,0,12290976,21923252,10270216,0,2020760,21923252,0,0,8388604,8388604,0,0,56,0,10244892,358344,25832,1874136,2542524,1874136,668388,13520,41988,0,0,0,0,41230184,13922172,34359738367,85732,0,81200,0,0,0,0,0,0,0,0,0,0,0,2048,0,1493776,27707392,38797312
1775670583.001064,1064,ubuntu-rog,1,0,0,65683160,27935260,53022748,310060,23659784,0,12293608,21923252,10272848,0,2020760,21923252,0,0,8388604,8388604,0,0,56,0,10248056,358344,25832,1874136,2542524,1874136,668388,13520,41816,0,0,0,0,41230184,13922172,34359738367,85732,0,81200,0,0,0,0,0,0,0,0,0,0,0,2048,0,1493776,27707392,38797312
1775670584.002298,2298,ubuntu-rog,1,0,0,65683160,27937332,53024824,310060,23659796,0,12293608,21923252,10272848,0,2020760,21923252,0,0,8388604,8388604,0,0,64,0,10248056,358344,25832,1874140,2542528,1874140,668388,13504,41816,0,0,0,0,41230184,13922172,34359738367,85716,0,81200,0,0,0,0,0,0,0,0,0,0,0,2048,0,1493776,27707392,38797312
1775670585.001201,1201,ubuntu-rog,1,0,0,65683160,27939476,53026968,310060,23659804,0,12293608,21923252,10272848,0,2020760,21923252,0,0,8388604,8388604,0,0,72,0,10248056,358344,25832,1874140,2542528,1874140,668388,13504,41816,0,0,0,0,41230184,13922172,34359738367,85716,0,81200,0,0,0,0,0,0,0,0,0,0,0,2048,0,1493776,27707392,38797312
1775670586.001305,1305,ubuntu-rog,1,0,0,65683160,27941300,53028792,310060,23659804,0,12293700,21923252,10272940,0,2020760,21923252,0,0,8388604,8388604,0,0,56,0,10248056,358344,25832,1874140,2542528,1874140,668388,13504,41816,0,0,0,0,41230184,13922172,34359738367,85716,0,81200,0,0,0,0,0,0,0,0,0,0,0,2048,0,1493776,27707392,38797312
1775670587.001059,1059,ubuntu-rog,1,0,0,65683160,27943248,53030740,310060,23659804,0,12293700,21923252,10272940,0,2020760,21923252,0,0,8388604,8388604,0,0,56,0,10248056,358344,25832,1874140,2542528,1874140,668388,13504,41816,0,0,0,0,41230184,13922172,34359738367,85716,0,81200,0,0,0,0,0,0,0,0,0,0,0,2048,0,1493776,27707392,38797312
1775670588.003059,3059,ubuntu-rog,1,0,0,65683160,27951152,53038644,310060,23659804,0,12293700,21923252,10272940,0,2020760,21923252,0,0,8388604,8388604,0,0,56,0,10248056,358344,25832,1874140,2542528,1874140,668388,13504,41816,0,0,0,0,41230184,13922172,34359738367,85716,0,81200,0,0,0,0,0,0,0,0,0,0,0,2048,0,1493776,27707392,38797312
1775670589.001302,1302,ubuntu-rog,1,0,0,65683160,27951152,53038644,310060,23659808,0,12293700,21923252,10272940,0,2020760,21923252,0,0,8388604,8388604,0,0,60,0,10248056,358344,25832,1874140,2542528,1874140,668388,13504,41816,0,0,0,0,41230184,13922172,34359738367,85716,0,81200,0,0,0,0,0,0,0,0,0,0,0,2048,0,1493776,27707392,38797312
1775670590.001198,1198,ubuntu-rog,1,0,0,65683160,27951152,53038644,310068,23659800,0,12293700,21923252,10272940,0,2020760,21923252,0,0,8388604,8388604,0,0,60,0,10248056,358344,25832,1874140,2542528,1874140,668388,13504,41816,0,0,0,0,41230184,13922172,34359738367,85716,0,81200,0,0,0,0,0,0,0,0,0,0,0,2048,0,1493776,27707392,38797312
1775670591.001303,1303,ubuntu-rog,1,0,0,65683160,27951152,53038668,310068,23659812,0,12293800,21923276,10273040,0,2020760,21923276,0,0,8388604,8388604,0,0,68,0,10248056,358344,25832,1874140,2542528,1874140,668388,13504,41816,0,0,0,0,41230184,13922172,34359738367,85716,0,81200,0,0,0,0,0,0,0,0,0,0,0,2048,0,1493776,27707392,38797312
1775670592.001059,1059,ubuntu-rog,1,0,0,65683160,27951152,53038668,310068,23659820,0,12293800,21923276,10273040,0,2020760,21923276,0,0,8388604,8388604,0,0,80,0,10248056,358344,25832,1874140,2542528,1874140,668388,13504,41816,0,0,0,0,41230184,13922172,34359738367,85716,0,81200,0,0,0,0,0,0,0,0,0,0,0,2048,0,1493776,27707392,38797312
1775670593.001062,1062,ubuntu-rog,1,0,0,65683160,27951152,53038668,310068,23659820,0,12293800,21923276,10273040,0,2020760,21923276,0,0,8388604,8388604,0,0,80,0,10248056,358344,25832,1874140,2542528,1874140,668388,13504,41816,0,0,0,0,41230184,13922172,34359738367,85716,0,81200,0,0,0,0,0,0,0,0,0,0,0,2048,0,1493776,27707392,38797312
1775670594.001301,1301,ubuntu-rog,1,0,0,65683160,27951152,53038668,310068,23659820,0,12293800,21923276,10273040,0,2020760,21923276,0,0,8388604,8388604,0,0,80,0,10248056,358344,25832,1874140,2542528,1874140,668388,13504,41816,0,0,0,0,41230184,13922172,34359738367,85716,0,81200,0,0,0,0,0,0,0,0,0,0,0,2048,0,1493776,27707392,38797312
1775670595.003193,3193,ubuntu-rog,1,0,0,65683160,27951152,53038668,310068,23659820,0,12293800,21923276,10273040,0,2020760,21923276,0,0,8388604,8388604,0,0,80,0,10248056,358344,25832,1874140,2542528,1874140,668388,13504,41816,0,0,0,0,41230184,13922172,34359738367,85716,0,81200,0,0,0,0,0,0,0,0,0,0,0,2048,0,1493776,27707392,38797312
1775670596.001302,1302,ubuntu-rog,1,0,0,65683160,27951152,53038668,310076,23659824,0,12293800,21923276,10273040,0,2020760,21923276,0,0,8388604,8388604,0,0,60,0,10248056,358344,25832,1874140,2542528,1874140,668388,13504,41816,0,0,0,0,41230184,13922172,34359738367,85716,0,81200,0,0,0,0,0,0,0,0,0,0,0,2048,0,1493776,27707392,38797312
1775670597.001060,1060,ubuntu-rog,1,0,0,65683160,27951152,53038668,310076,23659828,0,12293800,21923276,10273040,0,2020760,21923276,0,0,8388604,8388604,0,0,68,0,10248056,358344,25832,1874140,2542528,1874140,668388,13504,41816,0,0,0,0,41230184,13922172,34359738367,85716,0,81200,0,0,0,0,0,0,0,0,0,0,0,2048,0,1493776,27707392,38797312
1775670598.001064,1064,ubuntu-rog,1,0,0,65683160,27951152,53038668,310076,23659828,0,12293800,21923276,10273040,0,2020760,21923276,0,0,8388604,8388604,0,0,68,0,10248056,358344,25832,1874140,2542528,1874140,668388,13504,41816,0,0,0,0,41230184,13922172,34359738367,85716,0,81200,0,0,0,0,0,0,0,0,0,0,0,2048,0,1493776,27707392,38797312
1775670599.001301,1301,ubuntu-rog,1,0,0,65683160,27951152,53038668,310076,23659832,0,12293800,21923276,10273040,0,2020760,21923276,0,0,8388604,8388604,0,0,72,0,10248056,358344,25832,1874140,2542528,1874140,668388,13504,41816,0,0,0,0,41230184,13922172,34359738367,85716,0,81200,0,0,0,0,0,0,0,0,0,0,0,2048,0,1493776,27707392,38797312
1775670600.001197,1197,ubuntu-rog,1,0,0,65683160,27953156,53040672,310076,23659832,0,12293800,21923276,10273040,0,2020760,21923276,0,0,8388604,8388604,0,0,72,0,10248056,358344,25832,1874140,2542528,1874140,668388,13504,41816,0,0,0,0,41230184,13922172,34359738367,85716,0,81200,0,0,0,0,0,0,0,0,0,0,0,2048,0,1493776,27707392,38797312
1775670601.001304,1304,ubuntu-rog,1,0,0,65683160,27954268,53041784,310076,23659832,0,12293800,21923276,10273040,0,2020760,21923276,0,0,8388604,8388604,0,0,72,0,10248056,358344,25832,1874140,2542528,1874140,668388,13504,41816,0,0,0,0,41230184,13922172,34359738367,85716,0,81200,0,0,0,0,0,0,0,0,0,0,0,2048,0,1493776,27707392,38797312
1775670602.003057,3057,ubuntu-rog,1,0,0,65683160,27954848,53042408,310092,23659836,0,12293936,21923320,10273176,0,2020760,21923320,0,0,8388604,8388604,0,0,264,0,10248056,358348,25832,1874140,2542528,1874140,668388,13520,41816,0,0,0,0,41230184,13922172,34359738367,85732,0,81200,0,0,0,0,0,0,0,0,0,0,0,2048,0,1493776,27707392,38797312
1775670603.001063,1063,ubuntu-rog,1,0,0,65683160,27955060,53042620,310092,23659840,0,12293936,21923320,10273176,0,2020760,21923320,0,0,8388604,8388604,0,0,268,0,10248056,358348,25832,1874140,2542528,1874140,668388,13520,41816,0,0,0,0,41230184,13922172,34359738367,85732,0,81200,0,0,0,0,0,0,0,0,0,0,0,2048,0,1493776,27707392,38797312
1775670604.001300,1300,ubuntu-rog,1,0,0,65683160,27955060,53042620,310092,23659848,0,12293936,21923320,10273176,0,2020760,21923320,0,0,8388604,8388604,0,0,276,0,10248056,358348,25832,1874140,2542528,1874140,668388,13520,41816,0,0,0,0,41230184,13922172,34359738367,85732,0,81200,0,0,0,0,0,0,0,0,0,0,0,2048,0,1493776,27707392,38797312
1775670605.001196,1196,ubuntu-rog,1,0,0,65683160,27955060,53042620,310092,23659848,0,12293936,21923320,10273176,0,2020760,21923320,0,0,8388604,8388604,0,0,276,0,10248056,358348,25832,1874140,2542528,1874140,668388,13520,41816,0,0,0,0,41230184,13922172,34359738367,85732,0,81200,0,0,0,0,0,0,0,0,0,0,0,2048,0,1493776,27707392,38797312
1775670606.001306,1306,ubuntu-rog,1,0,0,65683160,27955060,53042620,310092,23659852,0,12293936,21923320,10273176,0,2020760,21923320,0,0,8388604,8388604,0,0,280,0,10248056,358348,25832,1874140,2542528,1874140,668388,13520,41816,0,0,0,0,41230184,13922172,34359738367,85732,0,81200,0,0,0,0,0,0,0,0,0,0,0,2048,0,1493776,27707392,38797312
1775670607.001059,1059,ubuntu-rog,1,0,0,65683160,27955060,53042620,310100,23659844,0,12293936,21923320,10273176,0,2020760,21923320,0,0,8388604,8388604,0,0,280,0,10248056,358348,25832,1874140,2542528,1874140,668388,13520,41816,0,0,0,0,41230184,13922172,34359738367,85732,0,81200,0,0,0,0,0,0,0,0,0,0,0,2048,0,1493776,27707392,38797312
1775670608.001066,1066,ubuntu-rog,1,0,0,65683160,27955060,53042624,310100,23659852,0,12293936,21923320,10273176,0,2020760,21923320,0,0,8388604,8388604,0,0,300,0,10248056,358348,25832,1874144,2542532,1874144,668388,13520,41816,0,0,0,0,41230184,13922172,34359738367,85732,0,81200,0,0,0,0,0,0,0,0,0,0,0,2048,0,1493776,27707392,38797312
1775670609.003293,3293,ubuntu-rog,1,0,0,65683160,27955060,53042624,310100,23659852,0,12293936,21923320,10273176,0,2020760,21923320,0,0,8388604,8388604,0,0,300,0,10248056,358348,25832,1874144,2542532,1874144,668388,13520,41816,0,0,0,0,41230184,13922172,34359738367,85732,0,81200,0,0,0,0,0,0,0,0,0,0,0,2048,0,1493776,27707392,38797312
1775670610.001196,1196,ubuntu-rog,1,0,0,65683160,27954556,53042124,310100,23659860,0,12293936,21923320,10273176,0,2020760,21923320,0,0,8388604,8388604,0,0,308,0,10248056,358348,25832,1874148,2542536,1874148,668388,13520,41816,0,0,0,0,41230184,13922172,34359738367,85732,0,81200,0,0,0,0,0,0,0,0,0,0,0,2048,0,1493776,27707392,38797312
1775670611.001305,1305,ubuntu-rog,1,0,0,65683160,27955012,53042580,310100,23659860,0,12293764,21923320,10273004,0,2020760,21923320,0,0,8388604,8388604,0,0,308,0,10247884,358348,25832,1874148,2542536,1874148,668388,13520,41816,0,0,0,0,41230184,13922000,34359738367,85732,0,81200,0,0,0,0,0,0,0,0,0,0,0,2048,0,1493776,27707392,38797312
1775670612.001058,1058,ubuntu-rog,1,0,0,65683160,27955012,53042588,310100,23659860,0,12293764,21923328,10273004,0,2020760,21923328,0,0,8388604,8388604,0,0,268,0,10247884,358348,25832,1874148,2542536,1874148,668388,13520,41816,0,0,0,0,41230184,13922000,34359738367,85732,0,81200,0,0,0,0,0,0,0,0,0,0,0,2048,0,1493776,27707392,38797312
1775670613.001062,1062,ubuntu-rog,1,0,0,65683160,27955012,53042588,310100,23659864,0,12293764,21923328,10273004,0,2020760,21923328,0,0,8388604,8388604,0,0,276,0,10247884,358348,25832,1874148,2542536,1874148,668388,13520,41816,0,0,0,0,41230184,13922000,34359738367,85732,0,81200,0,0,0,0,0,0,0,0,0,0,0,2048,0,1493776,27707392,38797312
1775670614.001301,1301,ubuntu-rog,1,0,0,65683160,27955012,53042588,310100,23659864,0,12293764,21923328,10273004,0,2020760,21923328,0,0,8388604,8388604,0,0,276,0,10247884,358348,25832,1874148,2542536,1874148,668388,13520,41816,0,0,0,0,41230184,13922000,34359738367,85732,0,81200,0,0,0,0,0,0,0,0,0,0,0,2048,0,1493776,27707392,38797312
1775670615.001197,1197,ubuntu-rog,1,0,0,65683160,27955012,53042588,310112,23659852,0,12293764,21923328,10273004,0,2020760,21923328,0,0,8388604,8388604,0,0,276,0,10247884,358348,25832,1874148,2542536,1874148,668388,13520,41816,0,0,0,0,41230184,13922000,34359738367,85732,0,81200,0,0,0,0,0,0,0,0,0,0,0,2048,0,1493776,27707392,38797312
1775670616.003298,3298,ubuntu-rog,1,0,0,65683160,27955012,53042588,310112,23659872,0,12293764,21923328,10273004,0,2020760,21923328,0,0,8388604,8388604,0,0,300,0,10247884,358348,25832,1874148,2542536,1874148,668388,13520,41816,0,0,0,0,41230184,13922000,34359738367,85732,0,81200,0,0,0,0,0,0,0,0,0,0,0,2048,0,1493776,27707392,38797312
1775670617.001062,1062,ubuntu-rog,1,0,0,65683160,27955012,53042588,310112,23659876,0,12293764,21923328,10273004,0,2020760,21923328,0,0,8388604,8388604,0,0,304,0,10247884,358348,25832,1874148,2542536,1874148,668388,13520,41816,0,0,0,0,41230184,13922000,34359738367,85732,0,81200,0,0,0,0,0,0,0,0,0,0,0,2048,0,1493776,27707392,38797312
1775670618.001064,1064,ubuntu-rog,1,0,0,65683160,27955012,53042588,310112,23659876,0,12293764,21923328,10273004,0,2020760,21923328,0,0,8388604,8388604,0,0,304,0,10247884,358348,25832,1874148,2542536,1874148,668388,13520,41816,0,0,0,0,41230184,13922000,34359738367,85732,0,81200,0,0,0,0,0,0,0,0,0,0,0,2048,0,1493776,27707392,38797312
1775670619.001300,1300,ubuntu-rog,1,0,0,65683160,27955012,53042588,310112,23659876,0,12293764,21923328,10273004,0,2020760,21923328,0,0,8388604,8388604,0,0,304,0,10247884,358348,25832,1874148,2542536,1874148,668388,13520,41816,0,0,0,0,41230184,13922000,34359738367,85732,0,81200,0,0,0,0,0,0,0,0,0,0,0,2048,0,1493776,27707392,38797312
1775670620.001197,1197,ubuntu-rog,1,0,0,65683160,27955012,53042588,310112,23659880,0,12293764,21923328,10273004,0,2020760,21923328,0,0,8388604,8388604,0,0,308,0,10247884,358348,25832,1874148,2542536,1874148,668388,13520,41816,0,0,0,0,41230184,13922000,34359738367,85732,0,81200,0,0,0,0,0,0,0,0,0,0,0,2048,0,1493776,27707392,38797312
1775670621.001303,1303,ubuntu-rog,1,0,0,65683160,27955012,53042588,310120,23659872,0,12293764,21923328,10273004,0,2020760,21923328,0,0,8388604,8388604,0,0,308,0,10247884,358348,25832,1874148,2542536,1874148,668388,13520,41816,0,0,0,0,41230184,13922000,34359738367,85732,0,81200,0,0,0,0,0,0,0,0,0,0,0,2048,0,1493776,27707392,38797312
1775670622.001060,1060,ubuntu-rog,1,0,0,65683160,27955012,53042588,310120,23659884,0,12293764,21923328,10273004,0,2020760,21923328,0,0,8388604,8388604,0,0,312,0,10247884,358348,25832,1874148,2542536,1874148,668388,13520,41816,0,0,0,0,41230184,13922000,34359738367,85732,0,81200,0,0,0,0,0,0,0,0,0,0,0,2048,0,1493776,27707392,38797312
1775670623.003059,3059,ubuntu-rog,1,0,0,65683160,27955012,53042588,310120,23659888,0,12293764,21923328,10273004,0,2020760,21923328,0,0,8388604,8388604,0,0,316,0,10247884,358348,25832,1874148,2542536,1874148,668388,13520,41816,0,0,0,0,41230184,13922000,34359738367,85732,0,81200,0,0,0,0,0,0,0,0,0,0,0,2048,0,1493776,27707392,38797312
1775670624.001301,1301,ubuntu-rog,1,0,0,65683160,27955012,53042588,310120,23659888,0,12293764,21923328,10273004,0,2020760,21923328,0,0,8388604,8388604,0,0,316,0,10247884,358348,25832,1874148,2542536,1874148,668388,13520,41816,0,0,0,0,41230184,13922000,34359738367,85732,0,81200,0,0,0,0,0,0,0,0,0,0,0,2048,0,1493776,27707392,38797312
1775670625.001199,1199,ubuntu-rog,1,0,0,65683160,27955012,53042588,310120,23659888,0,12293764,21923328,10273004,0,2020760,21923328,0,0,8388604,8388604,0,0,316,0,10247884,358348,25832,1874148,2542536,1874148,668388,13520,41816,0,0,0,0,41230184,13922000,34359738367,85732,0,81200,0,0,0,0,0,0,0,0,0,0,0,2048,0,1493776,27707392,38797312
1775670626.001303,1303,ubuntu-rog,1,0,0,65683160,27955012,53042588,310120,23659888,0,12293764,21923328,10273004,0,2020760,21923328,0,0,8388604,8388604,0,0,316,0,10247884,358348,25832,1874148,2542536,1874148,668388,13520,41816,0,0,0,0,41230184,13922000,34359738367,85732,0,81200,0,0,0,0,0,0,0,0,0,0,0,2048,0,1493776,27707392,38797312
1775670627.001068,1068,ubuntu-rog,1,0,0,65683160,27955012,53042664,310128,23659884,0,12293812,21923404,10273052,0,2020760,21923404,0,0,8388604,8388604,0,0,304,0,10247884,358348,25832,1874148,2542536,1874148,668388,13520,41816,0,0,0,0,41230184,13922000,34359738367,85732,0,81200,0,0,0,0,0,0,0,0,0,0,0,2048,0,1493776,27707392,38797312
1775670628.004067,4067,ubuntu-rog,1,0,0,65683160,27955012,53042664,310128,23659892,0,12293812,21923404,10273052,0,2020760,21923404,0,0,8388604,8388604,0,0,308,0,10247884,358348,25832,1874148,2542536,1874148,668388,13520,41816,0,0,0,0,41230184,13922000,34359738367,85732,0,81200,0,0,0,0,0,0,0,0,0,0,0,2048,0,1493776,27707392,38797312
1775670629.001288,1288,ubuntu-rog,1,0,0,65683160,27955012,53042664,310128,23659900,0,12293812,21923404,10273052,0,2020760,21923404,0,0,8388604,8388604,0,0,320,0,10247884,358348,25832,1874148,2542536,1874148,668388,13520,41816,0,0,0,0,41230184,13922000,34359738367,85732,0,81200,0,0,0,0,0,0,0,0,0,0,0,2048,0,1493776,27707392,38797312
1775670630.001191,1191,ubuntu-rog,1,0,0,65683160,27955012,53042664,310128,23659904,0,12293812,21923404,10273052,0,2020760,21923404,0,0,8388604,8388604,0,0,324,0,10247884,358348,25832,1874148,2542536,1874148,668388,13520,41816,0,0,0,0,41230184,13922000,34359738367,85732,0,81200,0,0,0,0,0,0,0,0,0,0,0,2048,0,1493776,27707392,38797312
1775670631.001301,1301,ubuntu-rog,1,0,0,65683160,27955012,53042664,310128,23659904,0,12293812,21923404,10273052,0,2020760,21923404,0,0,8388604,8388604,0,0,324,0,10247884,358348,25832,1874148,2542536,1874148,668388,13520,41816,0,0,0,0,41230184,13922000,34359738367,85732,0,81200,0,0,0,0,0,0,0,0,0,0,0,2048,0,1493776,27707392,38797312
1775670632.001061,1061,ubuntu-rog,1,0,0,65683160,27955012,53042672,310128,23659904,0,12293812,21923412,10273052,0,2020760,21923412,0,0,8388604,8388604,0,0,296,0,10247884,358348,25832,1874148,2542536,1874148,668388,13520,41816,0,0,0,0,41230184,13922000,34359738367,85732,0,81200,0,0,0,0,0,0,0,0,0,0,0,2048,0,1493776,27707392,38797312
1775670633.001079,1079,ubuntu-rog,1,0,0,65683160,27955012,53042672,310128,23659904,0,12293812,21923412,10273052,0,2020760,21923412,0,0,8388604,8388604,0,0,76,0,10247884,358348,25832,1874148,2542536,1874148,668388,13520,41816,0,0,0,0,41230184,13922000,34359738367,85732,0,81200,0,0,0,0,0,0,0,0,0,0,0,2048,0,1493776,27707392,38797312
1775670634.003293,3293,ubuntu-rog,1,0,0,65683160,27954600,53042260,310136,23659908,0,12293812,21923412,10273052,0,2020760,21923412,0,0,8388604,8388604,0,0,100,0,10247884,358348,25832,1874148,2542536,1874148,668388,13520,41816,0,0,0,0,41230184,13922000,34359738367,85732,0,81200,0,0,0,0,0,0,0,0,0,0,0,2048,0,1493776,27707392,38797312
1775670635.001197,1197,ubuntu-rog,1,0,0,65683160,27954872,53042532,310136,23659912,0,12293812,21923412,10273052,0,2020760,21923412,0,0,8388604,8388604,0,0,108,0,10247884,358348,25832,1874148,2542536,1874148,668388,13520,41816,0,0,0,0,41230184,13922000,34359738367,85732,0,81200,0,0,0,0,0,0,0,0,0,0,0,2048,0,1493776,27707392,38797312
1775670636.001299,1299,ubuntu-rog,1,0,0,65683160,27954944,53042712,310208,23659912,0,12293956,21923516,10273196,0,2020760,21923516,0,0,8388604,8388604,0,0,168,0,10247884,358348,25832,1874152,2542540,1874152,668388,13520,41816,0,0,0,0,41230184,13922000,34359738367,85732,0,81200,0,0,0,0,0,0,0,0,0,0,0,2048,0,1493776,27707392,38797312
1775670637.001062,1062,ubuntu-rog,1,0,0,65683160,27953984,53041784,310224,23659920,0,12294928,21923532,10274168,0,2020760,21923532,0,0,8388604,8388604,0,0,532,0,10248932,358472,25836,1874168,2542556,1874168,668388,13600,41924,0,0,0,0,41230184,13956492,34359738367,85748,0,81200,0,0,0,0,0,0,0,0,0,0,0,2048,0,1493776,27707392,38797312
1775670638.001066,1066,ubuntu-rog,1,0,0,65683160,27953984,53041784,310224,23659920,0,12294928,21923532,10274168,0,2020760,21923532,0,0,8388604,8388604,0,0,392,0,10248932,358472,25836,1874168,2542556,1874168,668388,13600,41924,0,0,0,0,41230184,13956492,34359738367,85748,0,81200,0,0,0,0,0,0,0,0,0,0,0,2048,0,1493776,27707392,38797312
1775670639.001299,1299,ubuntu-rog,1,0,0,65683160,27953984,53041784,310224,23659920,0,12294928,21923532,10274168,0,2020760,21923532,0,0,8388604,8388604,0,0,392,0,10248932,358472,25836,1874168,2542556,1874168,668388,13600,41924,0,0,0,0,41230184,13956492,34359738367,85748,0,81200,0,0,0,0,0,0,0,0,0,0,0,2048,0,1493776,27707392,38797312
1775670640.001201,1201,ubuntu-rog,1,0,0,65683160,27953984,53041784,310224,23659920,0,12294928,21923532,10274168,0,2020760,21923532,0,0,8388604,8388604,0,0,392,0,10248932,358472,25836,1874168,2542556,1874168,668388,13600,41924,0,0,0,0,41230184,13956492,34359738367,85748,0,81200,0,0,0,0,0,0,0,0,0,0,0,2048,0,1493776,27707392,38797312
1775670641.002289,2289,ubuntu-rog,1,0,0,65683160,27953984,53041784,310224,23659932,0,12294928,21923532,10274168,0,2020760,21923532,0,0,8388604,8388604,0,0,404,0,10248932,358472,25836,1874168,2542556,1874168,668388,13600,41924,0,0,0,0,41230184,13956492,34359738367,85748,0,81200,0,0,0,0,0,0,0,0,0,0,0,2048,0,1493776,27707392,38797312
1775670642.001061,1061,ubuntu-rog,1,0,0,65683160,27953984,53041808,310224,23659932,0,12294932,21923556,10274172,0,2020760,21923556,0,0,8388604,8388604,0,0,364,0,10248932,358472,25836,1874168,2542556,1874168,668388,13600,41924,0,0,0,0,41230184,13956492,34359738367,85748,0,81200,0,0,0,0,0,0,0,0,0,0,0,2048,0,1493776,27707392,38797312
1775670643.001061,1061,ubuntu-rog,1,0,0,65683160,27953984,53041808,310232,23659924,0,12294932,21923556,10274172,0,2020760,21923556,0,0,8388604,8388604,0,0,364,0,10248932,358472,25836,1874168,2542556,1874168,668388,13600,41924,0,0,0,0,41230184,13956492,34359738367,85748,0,81200,0,0,0,0,0,0,0,0,0,0,0,2048,0,1493776,27707392,38797312
1775670644.001297,1297,ubuntu-rog,1,0,0,65683160,27953984,53041808,310232,23659936,0,12294932,21923556,10274172,0,2020760,21923556,0,0,8388604,8388604,0,0,408,0,10248932,358472,25836,1874168,2542556,1874168,668388,13600,41924,0,0,0,0,41230184,13956492,34359738367,85748,0,81200,0,0,0,0,0,0,0,0,0,0,0,2048,0,1493776,27707392,38797312
1775670645.002190,2190,ubuntu-rog,1,0,0,65683160,27953984,53041808,310232,23659936,0,12294932,21923556,10274172,0,2020760,21923556,0,0,8388604,8388604,0,0,408,0,10248932,358472,25836,1874168,2542556,1874168,668388,13600,41924,0,0,0,0,41230184,13956492,34359738367,85748,0,81200,0,0,0,0,0,0,0,0,0,0,0,2048,0,1493776,27707392,38797312
1775670646.001215,1215,ubuntu-rog,1,0,0,65683160,27953984,53041808,310232,23659936,0,12294932,21923556,10274172,0,2020760,21923556,0,0,8388604,8388604,0,0,408,0,10248932,358472,25836,1874168,2542556,1874168,668388,13600,41924,0,0,0,0,41230184,13956492,34359738367,85748,0,81200,0,0,0,0,0,0,0,0,0,0,0,2048,0,1493776,27707392,38797312
1775670647.001060,1060,ubuntu-rog,1,0,0,65683160,27953984,53041816,310232,23659936,0,12294180,21923564,10273420,0,2020760,21923564,0,0,8388604,8388604,0,0,436,0,10247992,358348,25832,1874168,2542556,1874168,668388,13552,41904,0,0,0,0,41230184,13922000,34359738367,85748,0,81200,0,0,0,0,0,0,0,0,0,0,0,2048,0,1493776,27707392,38797312
1775670648.001062,1062,ubuntu-rog,1,0,0,65683160,27953984,53041820,310232,23659940,0,12293984,21923568,10273224,0,2020760,21923568,0,0,8388604,8388604,0,0,444,0,10247884,358348,25832,1874168,2542556,1874168,668388,13536,41816,0,0,0,0,41230184,13922000,34359738367,85748,0,81200,0,0,0,0,0,0,0,0,0,0,0,2048,0,1493776,27707392,38797312
1775670649.002289,2289,ubuntu-rog,1,0,0,65683160,27953984,53041820,310240,23659932,0,12293984,21923568,10273224,0,2020760,21923568,0,0,8388604,8388604,0,0,444,0,10247884,358348,25832,1874168,2542556,1874168,668388,13536,41816,0,0,0,0,41230184,13922000,34359738367,85780,0,81200,0,0,0,0,0,0,0,0,0,0,0,2048,0,1493776,27707392,38797312
1775670650.001195,1195,ubuntu-rog,1,0,0,65683160,27953984,53041820,310240,23659940,0,12293984,21923568,10273224,0,2020760,21923568,0,0,8388604,8388604,0,0,448,0,10247884,358348,25832,1874168,2542556,1874168,668388,13536,41816,0,0,0,0,41230184,13922000,34359738367,85780,0,81200,0,0,0,0,0,0,0,0,0,0,0,2048,0,1493776,27707392,38797312
1775670651.001299,1299,ubuntu-rog,1,0,0,65683160,27953984,53041820,310240,23659944,0,12293984,21923568,10273224,0,2020760,21923568,0,0,8388604,8388604,0,0,452,0,10247884,358348,25832,1874168,2542556,1874168,668388,13536,41816,0,0,0,0,41230184,13922000,34359738367,85780,0,81200,0,0,0,0,0,0,0,0,0,0,0,2048,0,1493776,27707392,38797312
1775670652.001073,1073,ubuntu-rog,1,0,0,65683160,27953984,53041820,310240,23659944,0,12293984,21923568,10273224,0,2020760,21923568,0,0,8388604,8388604,0,0,452,0,10247884,358348,25832,1874168,2542556,1874168,668388,13536,41816,0,0,0,0,41230184,13922000,34359738367,85780,0,81200,0,0,0,0,0,0,0,0,0,0,0,2048,0,1493776,27707392,38797312
1775670653.003059,3059,ubuntu-rog,1,0,0,65683160,27953984,53041820,310240,23659948,0,12293984,21923568,10273224,0,2020760,21923568,0,0,8388604,8388604,0,0,456,0,10247884,358348,25832,1874168,2542556,1874168,668388,13536,41816,0,0,0,0,41230184,13922000,34359738367,85780,0,81200,0,0,0,0,0,0,0,0,0,0,0,2048,0,1493776,27707392,38797312
1775670654.001299,1299,ubuntu-rog,1,0,0,65683160,27953984,53041820,310240,23659952,0,12293984,21923568,10273224,0,2020760,21923568,0,0,8388604,8388604,0,0,460,0,10247884,358348,25832,1874168,2542556,1874168,668388,13536,41816,0,0,0,0,41230184,13922000,34359738367,85780,0,81200,0,0,0,0,0,0,0,0,0,0,0,2048,0,1493776,27707392,38797312
1775670655.001198,1198,ubuntu-rog,1,0,0,65683160,27953984,53041820,310240,23659956,0,12293984,21923568,10273224,0,2020760,21923568,0,0,8388604,8388604,0,0,464,0,10247884,358348,25832,1874168,2542556,1874168,668388,13536,41816,0,0,0,0,41230184,13922000,34359738367,85780,0,81200,0,0,0,0,0,0,0,0,0,0,0,2048,0,1493776,27707392,38797312
1775670656.001298,1298,ubuntu-rog,1,0,0,65683160,27953984,53041820,310248,23659948,0,12293984,21923568,10273224,0,2020760,21923568,0,0,8388604,8388604,0,0,464,0,10247884,358348,25832,1874168,2542556,1874168,668388,13536,41816,0,0,0,0,41230184,13922000,34359738367,85780,0,81200,0,0,0,0,0,0,0,0,0,0,0,2048,0,1493776,27707392,38797312
1775670657.001061,1061,ubuntu-rog,1,0,0,65683160,27953984,53041820,310248,23659956,0,12293984,21923568,10273224,0,2020760,21923568,0,0,8388604,8388604,0,0,464,0,10247884,358348,25832,1874168,2542556,1874168,668388,13520,41816,0,0,0,0,41230184,13922000,34359738367,85764,0,81200,0,0,0,0,0,0,0,0,0,0,0,2048,0,1493776,27707392,38797312
1775670658.001073,1073,ubuntu-rog,1,0,0,65683160,27953984,53041820,310248,23659960,0,12293984,21923568,10273224,0,2020760,21923568,0,0,8388604,8388604,0,0,468,0,10247884,358348,25832,1874168,2542556,1874168,668388,13520,41816,0,0,0,0,41230184,13922000,34359738367,85764,0,81200,0,0,0,0,0,0,0,0,0,0,0,2048,0,1493776,27707392,38797312
1775670659.001310,1310,ubuntu-rog,1,0,0,65683160,27954236,53042072,310248,23659960,0,12293984,21923568,10273224,0,2020760,21923568,0,0,8388604,8388604,0,0,468,0,10247884,358348,25832,1874168,2542556,1874168,668388,13520,41816,0,0,0,0,41230184,13922000,34359738367,85764,0,81200,0,0,0,0,0,0,0,0,0,0,0,2048,0,1493776,27707392,38797312
1775670660.001230,1230,ubuntu-rog,1,0,0,65683160,27954236,53042072,310248,23659964,0,12293984,21923568,10273224,0,2020760,21923568,0,0,8388604,8388604,0,0,472,0,10247884,358348,25832,1874168,2542556,1874168,668388,13520,41816,0,0,0,0,41230184,13922000,34359738367,85764,0,81200,0,0,0,0,0,0,0,0,0,0,0,2048,0,1493776,27707392,38797312
1775670661.001302,1302,ubuntu-rog,1,0,0,65683160,27954236,53042072,310248,23659964,0,12293984,21923568,10273224,0,2020760,21923568,0,0,8388604,8388604,0,0,472,0,10247884,358348,25832,1874168,2542556,1874168,668388,13520,41816,0,0,0,0,41230184,13922000,34359738367,85764,0,81200,0,0,0,0,0,0,0,0,0,0,0,2048,0,1493776,27707392,38797312
1775670662.001063,1063,ubuntu-rog,1,0,0,65683160,27954236,53042072,310248,23659968,0,12293984,21923568,10273224,0,2020760,21923568,0,0,8388604,8388604,0,0,476,0,10247884,358348,25832,1874168,2542556,1874168,668388,13520,41816,0,0,0,0,41230184,13922000,34359738367,85764,0,81200,0,0,0,0,0,0,0,0,0,0,0,2048,0,1493776,27707392,38797312
1775670663.001085,1085,ubuntu-rog,1,0,0,65683160,27954236,53042108,310256,23659960,0,12293988,21923604,10273228,0,2020760,21923604,0,0,8388604,8388604,0,0,460,0,10247884,358348,25832,1874168,2542556,1874168,668388,13520,41816,0,0,0,0,41230184,13922000,34359738367,85764,0,81200,0,0,0,0,0,0,0,0,0,0,0,2048,0,1493776,27707392,38797312
1775670664.001319,1319,ubuntu-rog,1,0,0,65683160,27954236,53042108,310256,23659968,0,12293988,21923604,10273228,0,2020760,21923604,0,0,8388604,8388604,0,0,464,0,10247884,358348,25832,1874168,2542556,1874168,668388,13520,41816,0,0,0,0,41230184,13922000,34359738367,85764,0,81200,0,0,0,0,0,0,0,0,0,0,0,2048,0,1493776,27707392,38797312
1775670665.001219,1219,ubuntu-rog,1,0,0,65683160,27954236,53042108,310256,23659972,0,12293988,21923604,10273228,0,2020760,21923604,0,0,8388604,8388604,0,0,468,0,10247884,358348,25832,1874168,2542556,1874168,668388,13520,41816,0,0,0,0,41230184,13922000,34359738367,85764,0,81200,0,0,0,0,0,0,0,0,0,0,0,2048,0,1493776,27707392,38797312
1775670666.003300,3300,ubuntu-rog,1,0,0,65683160,27954236,53042108,310256,23659980,0,12293988,21923604,10273228,0,2020760,21923604,0,0,8388604,8388604,0,0,480,0,10247884,358348,25832,1874168,2542556,1874168,668388,13520,41816,0,0,0,0,41230184,13922000,34359738367,85764,0,81200,0,0,0,0,0,0,0,0,0,0,0,2048,0,1493776,27707392,38797312
1775670667.001065,1065,ubuntu-rog,1,0,0,65683160,27954236,53042108,310256,23659980,0,12293988,21923604,10273228,0,2020760,21923604,0,0,8388604,8388604,0,0,480,0,10247884,358348,25832,1874168,2542556,1874168,668388,13520,41816,0,0,0,0,41230184,13922000,34359738367,85764,0,81200,0,0,0,0,0,0,0,0,0,0,0,2048,0,1493776,27707392,38797312
1775670668.001084,1084,ubuntu-rog,1,0,0,65683160,27954236,53042116,310256,23659984,0,12293988,21923612,10273228,0,2020760,21923612,0,0,8388604,8388604,0,0,92,0,10247884,358348,25832,1874168,2542556,1874168,668388,13520,41816,0,0,0,0,41230184,13922000,34359738367,85764,0,81200,0,0,0,0,0,0,0,0,0,0,0,2048,0,1493776,27707392,38797312
1775670669.001299,1299,ubuntu-rog,1,0,0,65683160,27954236,53042116,310256,23659984,0,12293988,21923612,10273228,0,2020760,21923612,0,0,8388604,8388604,0,0,92,0,10247884,358348,25832,1874168,2542556,1874168,668388,13520,41816,0,0,0,0,41230184,13922000,34359738367,85764,0,81200,0,0,0,0,0,0,0,0,0,0,0,2048,0,1493776,27707392,38797312
1775670670.001215,1215,ubuntu-rog,1,0,0,65683160,27954236,53042116,310264,23659976,0,12293988,21923612,10273228,0,2020760,21923612,0,0,8388604,8388604,0,0,92,0,10247884,358348,25832,1874168,2542556,1874168,668388,13520,41816,0,0,0,0,41230184,13922000,34359738367,85764,0,81200,0,0,0,0,0,0,0,0,0,0,0,2048,0,1493776,27707392,38797312
1775670671.001344,1344,ubuntu-rog,1,0,0,65683160,27954236,53042116,310264,23659984,0,12293988,21923612,10273228,0,2020760,21923612,0,0,8388604,8388604,0,0,96,0,10247884,358348,25832,1874168,2542556,1874168,668388,13520,41816,0,0,0,0,41230184,13922000,34359738367,85764,0,81200,0,0,0,0,0,0,0,0,0,0,0,2048,0,1493776,27707392,38797312
1775670672.001082,1082,ubuntu-rog,1,0,0,65683160,27954236,53042116,310264,23659992,0,12293988,21923612,10273228,0,2020760,21923612,0,0,8388604,8388604,0,0,108,0,10247884,358348,25832,1874168,2542556,1874168,668388,13520,41816,0,0,0,0,41230184,13922000,34359738367,85764,0,81200,0,0,0,0,0,0,0,0,0,0,0,2048,0,1493776,27707392,38797312
1775670673.002060,2060,ubuntu-rog,1,0,0,65683160,27954236,53042116,310264,23659992,0,12293988,21923612,10273228,0,2020760,21923612,0,0,8388604,8388604,0,0,108,0,10247884,358348,25832,1874168,2542556,1874168,668388,13520,41816,0,0,0,0,41230184,13922000,34359738367,85764,0,81200,0,0,0,0,0,0,0,0,0,0,0,2048,0,1493776,27707392,38797312
1775670674.001321,1321,ubuntu-rog,1,0,0,65683160,27954236,53042116,310264,23659992,0,12293988,21923612,10273228,0,2020760,21923612,0,0,8388604,8388604,0,0,108,0,10247884,358348,25832,1874168,2542556,1874168,668388,13520,41816,0,0,0,0,41230184,13922000,34359738367,85764,0,81200,0,0,0,0,0,0,0,0,0,0,0,2048,0,1493776,27707392,38797312
1775670675.001200,1200,ubuntu-rog,1,0,0,65683160,27954236,53042156,310264,23659996,0,12293988,21923652,10273228,0,2020760,21923652,0,0,8388604,8388604,0,0,64,0,10247884,358348,25832,1874168,2542556,1874168,668388,13520,41816,0,0,0,0,41230184,13922000,34359738367,85764,0,81200,0,0,0,0,0,0,0,0,0,0,0,2048,0,1493776,27707392,38797312
1775670676.001319,1319,ubuntu-rog,1,0,0,65683160,27954236,53042156,310264,23659996,0,12293988,21923652,10273228,0,2020760,21923652,0,0,8388604,8388604,0,0,64,0,10247884,358348,25832,1874168,2542556,1874168,668388,13520,41816,0,0,0,0,41230184,13922000,34359738367,85764,0,81200,0,0,0,0,0,0,0,0,0,0,0,2048,0,1493776,27707392,38797312
1775670677.001074,1074,ubuntu-rog,1,0,0,65683160,27954236,53042156,310272,23659988,0,12293988,21923652,10273228,0,2020760,21923652,0,0,8388604,8388604,0,0,64,0,10247884,358348,25832,1874168,2542556,1874168,668388,13520,41816,0,0,0,0,41230184,13922000,34359738367,85764,0,81200,0,0,0,0,0,0,0,0,0,0,0,2048,0,1493776,27707392,38797312
1775670678.001071,1071,ubuntu-rog,1,0,0,65683160,27954236,53042156,310272,23660000,0,12293988,21923652,10273228,0,2020760,21923652,0,0,8388604,8388604,0,0,32,0,10247884,358348,25832,1874168,2542556,1874168,668388,13520,41816,0,0,0,0,41230184,13922000,34359738367,85764,0,81200,0,0,0,0,0,0,0,0,0,0,0,2048,0,1493776,27707392,38797312
1775670679.001311,1311,ubuntu-rog,1,0,0,65683160,27954236,53042156,310280,23660008,0,12293988,21923652,10273228,0,2020760,21923652,0,0,8388604,8388604,0,0,84,0,10247884,358348,25832,1874168,2542556,1874168,668388,13520,41816,0,0,0,0,41230184,13922000,34359738367,85764,0,81200,0,0,0,0,0,0,0,0,0,0,0,2048,0,1493776,27707392,38797312
1775670680.003194,3194,ubuntu-rog,1,0,0,65683160,27954236,53042156,310280,23660008,0,12293988,21923652,10273228,0,2020760,21923652,0,0,8388604,8388604,0,0,84,0,10247884,358348,25832,1874168,2542556,1874168,668388,13520,41816,0,0,0,0,41230184,13922000,34359738367,85764,0,81200,0,0,0,0,0,0,0,0,0,0,0,2048,0,1493776,27707392,38797312
1775670681.001296,1296,ubuntu-rog,1,0,0,65683160,27954236,53042156,310280,23660008,0,12293988,21923652,10273228,0,2020760,21923652,0,0,8388604,8388604,0,0,84,0,10247884,358348,25832,1874168,2542556,1874168,668388,13520,41816,0,0,0,0,41230184,13922000,34359738367,85764,0,81200,0,0,0,0,0,0,0,0,0,0,0,2048,0,1493776,27707392,38797312
1775670682.001059,1059,ubuntu-rog,1,0,0,65683160,27954236,53042156,310280,23660012,0,12293988,21923652,10273228,0,2020760,21923652,0,0,8388604,8388604,0,0,88,0,10247884,358348,25832,1874168,2542556,1874168,668388,13520,41816,0,0,0,0,41230184,13922000,34359738367,85764,0,81200,0,0,0,0,0,0,0,0,0,0,0,2048,0,1493776,27707392,38797312
1775670683.001067,1067,ubuntu-rog,1,0,0,65683160,27954236,53042156,310280,23660012,0,12293988,21923652,10273228,0,2020760,21923652,0,0,8388604,8388604,0,0,88,0,10247884,358348,25832,1874168,2542556,1874168,668388,13520,41816,0,0,0,0,41230184,13922000,34359738367,85764,0,81200,0,0,0,0,0,0,0,0,0,0,0,2048,0,1493776,27707392,38797312
1775670684.001305,1305,ubuntu-rog,1,0,0,65683160,27954236,53042156,310288,23660004,0,12293988,21923652,10273228,0,2020760,21923652,0,0,8388604,8388604,0,0,88,0,10247884,358348,25832,1874168,2542556,1874168,668388,13520,41816,0,0,0,0,41230184,13922000,34359738367,85764,0,81200,0,0,0,0,0,0,0,0,0,0,0,2048,0,1493776,27707392,38797312
1775670685.001216,1216,ubuntu-rog,1,0,0,65683160,27954236,53042156,310288,23660016,0,12293988,21923652,10273228,0,2020760,21923652,0,0,8388604,8388604,0,0,108,0,10247884,358348,25832,1874168,2542556,1874168,668388,13520,41816,0,0,0,0,41230184,13922000,34359738367,85764,0,81200,0,0,0,0,0,0,0,0,0,0,0,2048,0,1493776,27707392,38797312
1775670686.001317,1317,ubuntu-rog,1,0,0,65683160,27954236,53042156,310288,23660020,0,12293988,21923652,10273228,0,2020760,21923652,0,0,8388604,8388604,0,0,112,0,10247884,358348,25832,1874168,2542556,1874168,668388,13520,41816,0,0,0,0,41230184,13922000,34359738367,85764,0,81200,0,0,0,0,0,0,0,0,0,0,0,2048,0,1493776,27707392,38797312
1775670687.004058,4058,ubuntu-rog,1,0,0,65683160,27954236,53042156,310288,23660020,0,12293988,21923652,10273228,0,2020760,21923652,0,0,8388604,8388604,0,0,112,0,10247884,358348,25832,1874168,2542556,1874168,668388,13520,41816,0,0,0,0,41230184,13922000,34359738367,85764,0,81200,0,0,0,0,0,0,0,0,0,0,0,2048,0,1493776,27707392,38797312
1775670688.001067,1067,ubuntu-rog,1,0,0,65683160,27954236,53042160,310288,23660020,0,12294112,21923656,10273352,0,2020760,21923656,0,0,8388604,8388604,0,0,112,0,10248068,358348,25832,1874168,2542572,1874168,668404,13520,41816,0,0,0,0,41230184,13922168,34359738367,85764,0,81200,0,0,0,0,0,0,0,0,0,0,0,2048,0,1493776,27707392,38797312
1775670689.001296,1296,ubuntu-rog,1,0,0,65683160,27954236,53042160,310288,23660024,0,12294112,21923656,10273352,0,2020760,21923656,0,0,8388604,8388604,0,0,116,0,10248068,358348,25832,1874168,2542572,1874168,668404,13520,41816,0,0,0,0,41230184,13922168,34359738367,85764,0,81200,0,0,0,0,0,0,0,0,0,0,0,2048,0,1493776,27707392,38797312
1775670690.001194,1194,ubuntu-rog,1,0,0,65683160,27954236,53042160,310296,23660020,0,12294112,21923656,10273352,0,2020760,21923656,0,0,8388604,8388604,0,0,120,0,10248068,358348,25832,1874168,2542572,1874168,668404,13520,41816,0,0,0,0,41230184,13922168,34359738367,85764,0,81200,0,0,0,0,0,0,0,0,0,0,0,2048,0,1493776,27707392,38797312
1775670691.001300,1300,ubuntu-rog,1,0,0,65683160,27954236,53042160,310296,23660032,0,12294112,21923656,10273352,0,2020760,21923656,0,0,8388604,8388604,0,0,124,0,10248068,358348,25832,1874168,2542572,1874168,668404,13520,41816,0,0,0,0,41230184,13922168,34359738367,85764,0,81200,0,0,0,0,0,0,0,0,0,0,0,2048,0,1493776,27707392,38797312
1775670692.001083,1083,ubuntu-rog,1,0,0,65683160,27954236,53042160,310296,23660032,0,12294112,21923656,10273352,0,2020760,21923656,0,0,8388604,8388604,0,0,124,0,10248068,358348,25832,1874168,2542572,1874168,668404,13520,41816,0,0,0,0,41230184,13922168,34359738367,85764,0,81200,0,0,0,0,0,0,0,0,0,0,0,2048,0,1493776,27707392,38797312
1775670693.001067,1067,ubuntu-rog,1,0,0,65683160,27954236,53042160,310296,23660036,0,12294112,21923656,10273352,0,2020760,21923656,0,0,8388604,8388604,0,0,128,0,10248068,358348,25832,1874168,2542572,1874168,668404,13520,41816,0,0,0,0,41230184,13922168,34359738367,85764,0,81200,0,0,0,0,0,0,0,0,0,0,0,2048,0,1493776,27707392,38797312
1775670694.001305,1305,ubuntu-rog,1,0,0,65683160,27954236,53042160,310296,23660036,0,12294112,21923656,10273352,0,2020760,21923656,0,0,8388604,8388604,0,0,128,0,10248068,358348,25832,1874168,2542572,1874168,668404,13520,41816,0,0,0,0,41230184,13922168,34359738367,85764,0,81200,0,0,0,0,0,0,0,0,0,0,0,2048,0,1493776,27707392,38797312
1775670695.001199,1199,ubuntu-rog,1,0,0,65683160,27954236,53042160,310296,23660036,0,12294112,21923656,10273352,0,2020760,21923656,0,0,8388604,8388604,0,0,128,0,10248068,358348,25832,1874168,2542572,1874168,668404,13520,41816,0,0,0,0,41230184,13922168,34359738367,85764,0,81200,0,0,0,0,0,0,0,0,0,0,0,2048,0,1493776,27707392,38797312
1775670696.001363,1363,ubuntu-rog,1,0,0,65683160,27954236,53042160,310304,23660040,0,12294112,21923656,10273352,0,2020760,21923656,0,0,8388604,8388604,0,0,132,0,10248068,358348,25832,1874168,2542572,1874168,668404,13520,41816,0,0,0,0,41230184,13922168,34359738367,85764,0,81200,0,0,0,0,0,0,0,0,0,0,0,2048,0,1493776,27707392,38797312
1775670697.001083,1083,ubuntu-rog,1,0,0,65683160,27954236,53042160,310304,23660044,0,12294112,21923656,10273352,0,2020760,21923656,0,0,8388604,8388604,0,0,136,0,10248068,358348,25832,1874168,2542572,1874168,668404,13520,41816,0,0,0,0,41230184,13922168,34359738367,85764,0,81200,0,0,0,0,0,0,0,0,0,0,0,2048,0,1493776,27707392,38797312
1775670698.001071,1071,ubuntu-rog,1,0,0,65683160,27954236,53042160,310304,23660044,0,12294100,21923656,10273340,0,2020760,21923656,0,0,8388604,8388604,0,0,136,0,10248068,358348,25832,1874168,2542572,1874168,668404,13520,41816,0,0,0,0,41230184,13922168,34359738367,85764,0,81200,0,0,0,0,0,0,0,0,0,0,0,2048,0,1493776,27707392,38797312
1775670699.001299,1299,ubuntu-rog,1,0,0,65683160,27954236,53042160,310304,23660044,0,12294172,21923656,10273412,0,2020760,21923656,0,0,8388604,8388604,0,0,120,0,10248068,358348,25832,1874168,2542572,1874168,668404,13520,41816,0,0,0,0,41230184,13922168,34359738367,85764,0,81200,0,0,0,0,0,0,0,0,0,0,0,2048,0,1493776,27707392,38797312
1775670700.001213,1213,ubuntu-rog,1,0,0,65683160,27954236,53042160,310304,23660048,0,12294172,21923656,10273412,0,2020760,21923656,0,0,8388604,8388604,0,0,124,0,10248068,358348,25832,1874168,2542572,1874168,668404,13520,41816,0,0,0,0,41230184,13922168,34359738367,85764,0,81200,0,0,0,0,0,0,0,0,0,0,0,2048,0,1493776,27707392,38797312
1775670701.001316,1316,ubuntu-rog,1,0,0,65683160,27954236,53042160,310304,23660048,0,12294172,21923656,10273412,0,2020760,21923656,0,0,8388604,8388604,0,0,124,0,10248068,358348,25832,1874168,2542572,1874168,668404,13520,41816,0,0,0,0,41230184,13922168,34359738367,85764,0,81200,0,0,0,0,0,0,0,0,0,0,0,2048,0,1493776,27707392,38797312
1775670702.001089,1089,ubuntu-rog,1,0,0,65683160,27954236,53042160,310312,23660040,0,12294172,21923656,10273412,0,2020760,21923656,0,0,8388604,8388604,0,0,124,0,10248068,358348,25832,1874168,2542572,1874168,668404,13520,41816,0,0,0,0,41230184,13922168,34359738367,85764,0,81200,0,0,0,0,0,0,0,0,0,0,0,2048,0,1493776,27707392,38797312
1775670703.001073,1073,ubuntu-rog,1,0,0,65683160,27954236,53042160,310312,23660056,0,12294172,21923656,10273412,0,2020760,21923656,0,0,8388604,8388604,0,0,140,0,10248068,358348,25832,1874168,2542572,1874168,668404,13520,41816,0,0,0,0,41230184,13922168,34359738367,85764,0,81200,0,0,0,0,0,0,0,0,0,0,0,2048,0,1493776,27707392,38797312
1775670704.001322,1322,ubuntu-rog,1,0,0,65683160,27954236,53042160,310312,23660060,0,12294172,21923656,10273412,0,2020760,21923656,0,0,8388604,8388604,0,0,124,0,10248068,358348,25832,1874168,2542572,1874168,668404,13520,41816,0,0,0,0,41230184,13922168,34359738367,85764,0,81200,0,0,0,0,0,0,0,0,0,0,0,2048,0,1493776,27707392,38797312
1775670705.001215,1215,ubuntu-rog,1,0,0,65683160,27954236,53042160,310312,23660060,0,12294172,21923656,10273412,0,2020760,21923656,0,0,8388604,8388604,0,0,124,0,10248068,358348,25832,1874168,2542572,1874168,668404,13520,41816,0,0,0,0,41230184,13922168,34359738367,85764,0,81200,0,0,0,0,0,0,0,0,0,0,0,2048,0,1493776,27707392,38797312
1775670706.003311,3311,ubuntu-rog,1,0,0,65683160,27954236,53042160,310312,23660060,0,12294172,21923656,10273412,0,2020760,21923656,0,0,8388604,8388604,0,0,124,0,10248068,358348,25832,1874168,2542572,1874168,668404,13520,41816,0,0,0,0,41230184,13922168,34359738367,85764,0,81200,0,0,0,0,0,0,0,0,0,0,0,2048,0,1493776,27707392,38797312
1775670707.001063,1063,ubuntu-rog,1,0,0,65683160,27954236,53042160,310312,23660064,0,12294172,21923656,10273412,0,2020760,21923656,0,0,8388604,8388604,0,0,128,0,10248068,358348,25832,1874168,2542572,1874168,668404,13520,41816,0,0,0,0,41230184,13922168,34359738367,85764,0,81200,0,0,0,0,0,0,0,0,0,0,0,2048,0,1493776,27707392,38797312
1775670708.001083,1083,ubuntu-rog,1,0,0,65683160,27954236,53042272,310312,23660064,0,12294172,21923768,10273412,0,2020760,21923768,0,0,8388604,8388604,0,0,56,0,10248068,358348,25832,1874168,2542572,1874168,668404,13520,41816,0,0,0,0,41230184,13922168,34359738367,85764,0,81200,0,0,0,0,0,0,0,0,0,0,0,2048,0,1493776,27707392,38797312
1775670709.001309,1309,ubuntu-rog,1,0,0,65683160,27954236,53042272,310320,23660064,0,12294172,21923768,10273412,0,2020760,21923768,0,0,8388604,8388604,0,0,72,0,10248068,358348,25832,1874168,2542572,1874168,668404,13520,41816,0,0,0,0,41230184,13922168,34359738367,85764,0,81200,0,0,0,0,0,0,0,0,0,0,0,2048,0,1493776,27707392,38797312
1775670710.001200,1200,ubuntu-rog,1,0,0,65683160,27954236,53042272,310320,23660072,0,12294172,21923768,10273412,0,2020760,21923768,0,0,8388604,8388604,0,0,80,0,10248068,358348,25832,1874168,2542572,1874168,668404,13520,41816,0,0,0,0,41230184,13922168,34359738367,85764,0,81200,0,0,0,0,0,0,0,0,0,0,0,2048,0,1493776,27707392,38797312
1775670711.001291,1291,ubuntu-rog,1,0,0,65683160,27954236,53042272,310320,23660072,0,12294172,21923768,10273412,0,2020760,21923768,0,0,8388604,8388604,0,0,80,0,10248068,358348,25832,1874168,2542572,1874168,668404,13520,41816,0,0,0,0,41230184,13922168,34359738367,85764,0,81200,0,0,0,0,0,0,0,0,0,0,0,2048,0,1493776,27707392,38797312
1775670712.001060,1060,ubuntu-rog,1,0,0,65683160,27954236,53042272,310320,23660072,0,12294172,21923768,10273412,0,2020760,21923768,0,0,8388604,8388604,0,0,80,0,10248068,358348,25832,1874168,2542572,1874168,668404,13520,41816,0,0,0,0,41230184,13922168,34359738367,85764,0,81200,0,0,0,0,0,0,0,0,0,0,0,2048,0,1493776,27707392,38797312
1775670713.004062,4062,ubuntu-rog,1,0,0,65683160,27954236,53042272,310320,23660076,0,12294172,21923768,10273412,0,2020760,21923768,0,0,8388604,8388604,0,0,84,0,10248068,358348,25832,1874168,2542572,1874168,668404,13520,41816,0,0,0,0,41230184,13922168,34359738367,85764,0,81200,0,0,0,0,0,0,0,0,0,0,0,2048,0,1493776,27707392,38797312
1775670714.001297,1297,ubuntu-rog,1,0,0,65683160,27954236,53042272,310320,23660076,0,12294172,21923768,10273412,0,2020760,21923768,0,0,8388604,8388604,0,0,36,0,10248068,358348,25832,1874168,2542572,1874168,668404,13520,41816,0,0,0,0,41230184,13922168,34359738367,85764,0,81200,0,0,0,0,0,0,0,0,0,0,0,2048,0,1493776,27707392,38797312
1775670715.001194,1194,ubuntu-rog,1,0,0,65683160,27953984,53042024,310328,23660072,0,12294172,21923768,10273412,0,2020760,21923768,0,0,8388604,8388604,0,0,40,0,10248068,358348,25832,1874172,2542576,1874172,668404,13520,41816,0,0,0,0,41230184,13922168,34359738367,85764,0,81200,0,0,0,0,0,0,0,0,0,0,0,2048,0,1493776,27707392,38797312
1775670716.001301,1301,ubuntu-rog,1,0,0,65683160,27953984,53042024,310328,23660084,0,12294172,21923768,10273412,0,2020760,21923768,0,0,8388604,8388604,0,0,48,0,10248068,358348,25832,1874172,2542576,1874172,668404,13520,41816,0,0,0,0,41230184,13922168,34359738367,85764,0,81200,0,0,0,0,0,0,0,0,0,0,0,2048,0,1493776,27707392,38797312
1775670717.001065,1065,ubuntu-rog,1,0,0,65683160,27953984,53042024,310328,23660088,0,12294172,21923768,10273412,0,2020760,21923768,0,0,8388604,8388604,0,0,56,0,10248068,358348,25832,1874172,2542576,1874172,668404,13520,41816,0,0,0,0,41230184,13922168,34359738367,85764,0,81200,0,0,0,0,0,0,0,0,0,0,0,2048,0,1493776,27707392,38797312
1775670718.001069,1069,ubuntu-rog,1,0,0,65683160,27953984,53042024,310328,23660088,0,12294172,21923768,10273412,0,2020760,21923768,0,0,8388604,8388604,0,0,56,0,10248068,358348,25832,1874172,2542576,1874172,668404,13520,41816,0,0,0,0,41230184,13922168,34359738367,85764,0,81200,0,0,0,0,0,0,0,0,0,0,0,2048,0,1493776,27707392,38797312
1775670719.001316,1316,ubuntu-rog,1,0,0,65683160,27953984,53042024,310328,23660088,0,12294172,21923768,10273412,0,2020760,21923768,0,0,8388604,8388604,0,0,56,0,10248068,358348,25832,1874172,2542576,1874172,668404,13520,41816,0,0,0,0,41230184,13922168,34359738367,85764,0,81200,0,0,0,0,0,0,0,0,0,0,0,2048,0,1493776,27707392,38797312
1775670720.001214,1214,ubuntu-rog,1,0,0,65683160,27953984,53042024,310328,23660092,0,12294172,21923768,10273412,0,2020760,21923768,0,0,8388604,8388604,0,0,60,0,10248068,358348,25832,1874172,2542576,1874172,668404,13520,41816,0,0,0,0,41230184,13922168,34359738367,85764,0,81200,0,0,0,0,0,0,0,0,0,0,0,2048,0,1493776,27707392,38797312
1775670721.001362,1362,ubuntu-rog,1,0,0,65683160,27953984,53042024,310336,23660084,0,12294172,21923768,10273412,0,2020760,21923768,0,0,8388604,8388604,0,0,60,0,10248068,358348,25832,1874172,2542576,1874172,668404,13520,41816,0,0,0,0,41230184,13922168,34359738367,85764,0,81200,0,0,0,0,0,0,0,0,0,0,0,2048,0,1493776,27707392,38797312
1775670722.001082,1082,ubuntu-rog,1,0,0,65683160,27953984,53042024,310336,23660096,0,12294172,21923768,10273412,0,2020760,21923768,0,0,8388604,8388604,0,0,64,0,10248068,358348,25832,1874172,2542576,1874172,668404,13520,41816,0,0,0,0,41230184,13922168,34359738367,85764,0,81200,0,0,0,0,0,0,0,0,0,0,0,2048,0,1493776,27707392,38797312
1775670723.003079,3079,ubuntu-rog,1,0,0,65683160,27953984,53042024,310336,23660096,0,12294172,21923768,10273412,0,2020760,21923768,0,0,8388604,8388604,0,0,64,0,10248068,358348,25832,1874172,2542576,1874172,668404,13520,41816,0,0,0,0,41230184,13922168,34359738367,85764,0,81200,0,0,0,0,0,0,0,0,0,0,0,2048,0,1493776,27707392,38797312
1775670724.001302,1302,ubuntu-rog,1,0,0,65683160,27953984,53042024,310336,23660100,0,12294172,21923768,10273412,0,2020760,21923768,0,0,8388604,8388604,0,0,68,0,10248068,358348,25832,1874172,2542576,1874172,668404,13520,41816,0,0,0,0,41230184,13922168,34359738367,85764,0,81200,0,0,0,0,0,0,0,0,0,0,0,2048,0,1493776,27707392,38797312
1775670725.001211,1211,ubuntu-rog,1,0,0,65683160,27953984,53042024,310336,23660100,0,12294172,21923768,10273412,0,2020760,21923768,0,0,8388604,8388604,0,0,68,0,10248068,358348,25832,1874172,2542576,1874172,668404,13520,41816,0,0,0,0,41230184,13922168,34359738367,85764,0,81200,0,0,0,0,0,0,0,0,0,0,0,2048,0,1493776,27707392,38797312
1775670726.001302,1302,ubuntu-rog,1,0,0,65683160,27953984,53042024,310336,23660100,0,12294172,21923768,10273412,0,2020760,21923768,0,0,8388604,8388604,0,0,68,0,10248068,358348,25832,1874172,2542576,1874172,668404,13520,41816,0,0,0,0,41230184,13922168,34359738367,85764,0,81200,0,0,0,0,0,0,0,0,0,0,0,2048,0,1493776,27707392,38797312
1775670727.001098,1098,ubuntu-rog,1,0,0,65683160,27953984,53042024,310344,23660108,0,12294172,21923768,10273412,0,2020760,21923768,0,0,8388604,8388604,0,0,76,0,10248068,358348,25832,1874172,2542576,1874172,668404,13520,41816,0,0,0,0,41230184,13922168,34359738367,85764,0,81200,0,0,0,0,0,0,0,0,0,0,0,2048,0,1493776,27707392,38797312
1775670728.001089,1089,ubuntu-rog,1,0,0,65683160,27953984,53042024,310344,23660108,0,12294172,21923768,10273412,0,2020760,21923768,0,0,8388604,8388604,0,0,76,0,10248068,358348,25832,1874172,2542576,1874172,668404,13520,41816,0,0,0,0,41230184,13922168,34359738367,85764,0,81200,0,0,0,0,0,0,0,0,0,0,0,2048,0,1493776,27707392,38797312
1775670729.001324,1324,ubuntu-rog,1,0,0,65683160,27953984,53042024,310344,23660112,0,12294172,21923768,10273412,0,2020760,21923768,0,0,8388604,8388604,0,0,80,0,10248068,358348,25832,1874172,2542576,1874172,668404,13520,41816,0,0,0,0,41230184,13922168,34359738367,85764,0,81200,0,0,0,0,0,0,0,0,0,0,0,2048,0,1493776,27707392,38797312
1775670730.001216,1216,ubuntu-rog,1,0,0,65683160,27953984,53042024,310344,23660112,0,12294172,21923768,10273412,0,2020760,21923768,0,0,8388604,8388604,0,0,80,0,10248068,358348,25832,1874172,2542576,1874172,668404,13520,41816,0,0,0,0,41230184,13922168,34359738367,85764,0,81200,0,0,0,0,0,0,0,0,0,0,0,2048,0,1493776,27707392,38797312
1775670731.001321,1321,ubuntu-rog,1,0,0,65683160,27953984,53042024,310344,23660116,0,12294088,21923768,10273328,0,2020760,21923768,0,0,8388604,8388604,0,0,84,0,10247900,358348,25832,1874172,2542576,1874172,668404,13520,41816,0,0,0,0,41230184,13922000,34359738367,85764,0,81200,0,0,0,0,0,0,0,0,0,0,0,2048,0,1493776,27707392,38797312
1775670732.003058,3058,ubuntu-rog,1,0,0,65683160,27953984,53042024,310344,23660116,0,12294088,21923768,10273328,0,2020760,21923768,0,0,8388604,8388604,0,0,84,0,10247900,358348,25832,1874172,2542576,1874172,668404,13520,41816,0,0,0,0,41230184,13922000,34359738367,85764,0,81200,0,0,0,0,0,0,0,0,0,0,0,2048,0,1493776,27707392,38797312
1775670733.001067,1067,ubuntu-rog,1,0,0,65683160,27953984,53042024,310344,23660116,0,12294088,21923768,10273328,0,2020760,21923768,0,0,8388604,8388604,0,0,84,0,10247900,358348,25832,1874172,2542576,1874172,668404,13520,41816,0,0,0,0,41230184,13922000,34359738367,85764,0,81200,0,0,0,0,0,0,0,0,0,0,0,2048,0,1493776,27707392,38797312
1775670734.001302,1302,ubuntu-rog,1,0,0,65683160,27953984,53042024,310352,23660112,0,12294088,21923768,10273328,0,2020760,21923768,0,0,8388604,8388604,0,0,48,0,10247900,358348,25832,1874172,2542576,1874172,668404,13520,41816,0,0,0,0,41230184,13922000,34359738367,85764,0,81200,0,0,0,0,0,0,0,0,0,0,0,2048,0,1493776,27707392,38797312
1775670735.001201,1201,ubuntu-rog,1,0,0,65683160,27953984,53042024,310352,23660124,0,12294088,21923768,10273328,0,2020760,21923768,0,0,8388604,8388604,0,0,56,0,10247900,358348,25832,1874172,2542576,1874172,668404,13520,41816,0,0,0,0,41230184,13922000,34359738367,85764,0,81200,0,0,0,0,0,0,0,0,0,0,0,2048,0,1493776,27707392,38797312
1775670736.001308,1308,ubuntu-rog,1,0,0,65683160,27953984,53042024,310352,23660124,0,12294088,21923768,10273328,0,2020760,21923768,0,0,8388604,8388604,0,0,56,0,10247900,358348,25832,1874172,2542576,1874172,668404,13520,41816,0,0,0,0,41230184,13922000,34359738367,85764,0,81200,0,0,0,0,0,0,0,0,0,0,0,2048,0,1493776,27707392,38797312
1775670737.001080,1080,ubuntu-rog,1,0,0,65683160,27953984,53042024,310352,23660124,0,12294088,21923768,10273328,0,2020760,21923768,0,0,8388604,8388604,0,0,56,0,10247900,358348,25832,1874172,2542576,1874172,668404,13520,41816,0,0,0,0,41230184,13922000,34359738367,85764,0,81200,0,0,0,0,0,0,0,0,0,0,0,2048,0,1493776,27707392,38797312
1775670738.003076,3076,ubuntu-rog,1,0,0,65683160,27953984,53042024,310352,23660128,0,12294088,21923768,10273328,0,2020760,21923768,0,0,8388604,8388604,0,0,60,0,10247900,358348,25832,1874172,2542576,1874172,668404,13520,41816,0,0,0,0,41230184,13922000,34359738367,85764,0,81200,0,0,0,0,0,0,0,0,0,0,0,2048,0,1493776,27707392,38797312
1775670739.001298,1298,ubuntu-rog,1,0,0,65683160,27953984,53042024,310352,23660128,0,12294088,21923768,10273328,0,2020760,21923768,0,0,8388604,8388604,0,0,60,0,10247900,358348,25832,1874172,2542576,1874172,668404,13520,41816,0,0,0,0,41230184,13922000,34359738367,85764,0,81200,0,0,0,0,0,0,0,0,0,0,0,2048,0,1493776,27707392,38797312
1775670740.001190,1190,ubuntu-rog,1,0,0,65683160,27953984,53042024,310360,23660132,0,12294088,21923768,10273328,0,2020760,21923768,0,0,8388604,8388604,0,0,56,0,10247900,358348,25832,1874172,2542576,1874172,668404,13520,41816,0,0,0,0,41230184,13922000,34359738367,85764,0,81200,0,0,0,0,0,0,0,0,0,0,0,2048,0,1493776,27707392,38797312
1775670741.001308,1308,ubuntu-rog,1,0,0,65683160,27953984,53042024,310360,23660140,0,12294088,21923768,10273328,0,2020760,21923768,0,0,8388604,8388604,0,0,64,0,10247900,358348,25832,1874172,2542576,1874172,668404,13520,41816,0,0,0,0,41230184,13922000,34359738367,85764,0,81200,0,0,0,0,0,0,0,0,0,0,0,2048,0,1493776,27707392,38797312
1775670742.001079,1079,ubuntu-rog,1,0,0,65683160,27953984,53042024,310360,23660140,0,12294088,21923768,10273328,0,2020760,21923768,0,0,8388604,8388604,0,0,64,0,10247900,358348,25832,1874172,2542576,1874172,668404,13520,41816,0,0,0,0,41230184,13922000,34359738367,85764,0,81200,0,0,0,0,0,0,0,0,0,0,0,2048,0,1493776,27707392,38797312
1775670743.001068,1068,ubuntu-rog,1,0,0,65683160,27953984,53042024,310360,23660140,0,12294088,21923768,10273328,0,2020760,21923768,0,0,8388604,8388604,0,0,64,0,10247900,358348,25832,1874172,2542576,1874172,668404,13520,41816,0,0,0,0,41230184,13922000,34359738367,85764,0,81200,0,0,0,0,0,0,0,0,0,0,0,2048,0,1493776,27707392,38797312
1775670744.001317,1317,ubuntu-rog,1,0,0,65683160,27953984,53042024,310360,23660140,0,12294088,21923768,10273328,0,2020760,21923768,0,0,8388604,8388604,0,0,64,0,10247900,358348,25832,1874172,2542576,1874172,668404,13520,41816,0,0,0,0,41230184,13922000,34359738367,85764,0,81200,0,0,0,0,0,0,0,0,0,0,0,2048,0,1493776,27707392,38797312
1775670745.002193,2193,ubuntu-rog,1,0,0,65683160,27953984,53042148,310368,23660144,0,12294088,21923892,10273328,0,2020760,21923892,0,0,8388604,8388604,0,0,76,0,10247900,358348,25832,1874172,2542576,1874172,668404,13520,41816,0,0,0,0,41230184,13922000,34359738367,85764,0,81200,0,0,0,0,0,0,0,0,0,0,0,2048,0,1493776,27707392,38797312
1775670746.001339,1339,ubuntu-rog,1,0,0,65683160,27953984,53042148,310368,23660144,0,12294088,21923892,10273328,0,2020760,21923892,0,0,8388604,8388604,0,0,76,0,10247900,358348,25832,1874172,2542576,1874172,668404,13520,41816,0,0,0,0,41230184,13922000,34359738367,85764,0,81200,0,0,0,0,0,0,0,0,0,0,0,2048,0,1493776,27707392,38797312
1775670747.001083,1083,ubuntu-rog,1,0,0,65683160,27953984,53042148,310368,23660148,0,12294088,21923892,10273328,0,2020760,21923892,0,0,8388604,8388604,0,0,80,0,10247900,358348,25832,1874172,2542576,1874172,668404,13520,41816,0,0,0,0,41230184,13922000,34359738367,85764,0,81200,0,0,0,0,0,0,0,0,0,0,0,2048,0,1493776,27707392,38797312
1775670748.001086,1086,ubuntu-rog,1,0,0,65683160,27953984,53042148,310368,23660152,0,12294088,21923892,10273328,0,2020760,21923892,0,0,8388604,8388604,0,0,84,0,10247900,358348,25832,1874172,2542576,1874172,668404,13520,41816,0,0,0,0,41230184,13922000,34359738367,85764,0,81200,0,0,0,0,0,0,0,0,0,0,0,2048,0,1493776,27707392,38797312
1775670749.002294,2294,ubuntu-rog,1,0,0,65683160,27953984,53042148,310368,23660152,0,12294088,21923892,10273328,0,2020760,21923892,0,0,8388604,8388604,0,0,84,0,10247900,358348,25832,1874172,2542576,1874172,668404,13520,41816,0,0,0,0,41230184,13922000,34359738367,85764,0,81200,0,0,0,0,0,0,0,0,0,0,0,2048,0,1493776,27707392,38797312
1775670750.001216,1216,ubuntu-rog,1,0,0,65683160,27953984,53042148,310368,23660152,0,12294088,21923892,10273328,0,2020760,21923892,0,0,8388604,8388604,0,0,40,0,10247900,358348,25832,1874172,2542576,1874172,668404,13520,41816,0,0,0,0,41230184,13922000,34359738367,85764,0,81200,0,0,0,0,0,0,0,0,0,0,0,2048,0,1493776,27707392,38797312
1775670751.001311,1311,ubuntu-rog,1,0,0,65683160,27953984,53042148,310368,23660152,0,12294088,21923892,10273328,0,2020760,21923892,0,0,8388604,8388604,0,0,40,0,10247900,358348,25832,1874172,2542576,1874172,668404,13520,41816,0,0,0,0,41230184,13922000,34359738367,85764,0,81200,0,0,0,0,0,0,0,0,0,0,0,2048,0,1493776,27707392,38797312
1775670752.001099,1099,ubuntu-rog,1,0,0,65683160,27953984,53042148,310368,23660160,0,12294088,21923892,10273328,0,2020760,21923892,0,0,8388604,8388604,0,0,52,0,10247900,358348,25832,1874172,2542576,1874172,668404,13520,41816,0,0,0,0,41230184,13922000,34359738367,85764,0,81200,0,0,0,0,0,0,0,0,0,0,0,2048,0,1493776,27707392,38797312
1775670753.002062,2062,ubuntu-rog,1,0,0,65683160,27953984,53042148,310376,23660160,0,12294088,21923892,10273328,0,2020760,21923892,0,0,8388604,8388604,0,0,64,0,10247900,358348,25832,1874172,2542576,1874172,668404,13520,41816,0,0,0,0,41230184,13922000,34359738367,85764,0,81200,0,0,0,0,0,0,0,0,0,0,0,2048,0,1493776,27707392,38797312
1775670754.001311,1311,ubuntu-rog,1,0,0,65683160,27953984,53042148,310376,23660164,0,12294088,21923892,10273328,0,2020760,21923892,0,0,8388604,8388604,0,0,68,0,10247900,358348,25832,1874172,2542576,1874172,668404,13520,41816,0,0,0,0,41230184,13922000,34359738367,85764,0,81200,0,0,0,0,0,0,0,0,0,0,0,2048,0,1493776,27707392,38797312
1775670755.001202,1202,ubuntu-rog,1,0,0,65683160,27953984,53042148,310376,23660168,0,12294088,21923892,10273328,0,2020760,21923892,0,0,8388604,8388604,0,0,72,0,10247900,358348,25832,1874172,2542576,1874172,668404,13520,41816,0,0,0,0,41230184,13922000,34359738367,85764,0,81200,0,0,0,0,0,0,0,0,0,0,0,2048,0,1493776,27707392,38797312
1775670756.001317,1317,ubuntu-rog,1,0,0,65683160,27953984,53042148,310376,23660168,0,12294088,21923892,10273328,0,2020760,21923892,0,0,8388604,8388604,0,0,72,0,10247900,358348,25832,1874172,2542576,1874172,668404,13520,41816,0,0,0,0,41230184,13922000,34359738367,85764,0,81200,0,0,0,0,0,0,0,0,0,0,0,2048,0,1493776,27707392,38797312
1775670757.001077,1077,ubuntu-rog,1,0,0,65683160,27953984,53042148,310376,23660168,0,12294088,21923892,10273328,0,2020760,21923892,0,0,8388604,8388604,0,0,72,0,10247900,358348,25832,1874172,2542576,1874172,668404,13520,41816,0,0,0,0,41230184,13922000,34359738367,85764,0,81200,0,0,0,0,0,0,0,0,0,0,0,2048,0,1493776,27707392,38797312
1775670758.001085,1085,ubuntu-rog,1,0,0,65683160,27953984,53042148,310376,23660172,0,12294088,21923892,10273328,0,2020760,21923892,0,0,8388604,8388604,0,0,76,0,10247900,358348,25832,1874172,2542576,1874172,668404,13520,41816,0,0,0,0,41230184,13922000,34359738367,85764,0,81200,0,0,0,0,0,0,0,0,0,0,0,2048,0,1493776,27707392,38797312
1775670759.004304,4304,ubuntu-rog,1,0,0,65683160,27953984,53042148,310384,23660172,0,12294088,21923892,10273328,0,2020760,21923892,0,0,8388604,8388604,0,0,76,0,10247900,358348,25832,1874172,2542576,1874172,668404,13520,41816,0,0,0,0,41230184,13922000,34359738367,85764,0,81200,0,0,0,0,0,0,0,0,0,0,0,2048,0,1493776,27707392,38797312
1775670760.001199,1199,ubuntu-rog,1,0,0,65683160,27953984,53042148,310384,23660176,0,12294088,21923892,10273328,0,2020760,21923892,0,0,8388604,8388604,0,0,80,0,10247900,358348,25832,1874172,2542576,1874172,668404,13520,41816,0,0,0,0,41230184,13922000,34359738367,85764,0,81200,0,0,0,0,0,0,0,0,0,0,0,2048,0,1493776,27707392,38797312
1775670761.001301,1301,ubuntu-rog,1,0,0,65683160,27953984,53042148,310384,23660176,0,12294088,21923892,10273328,0,2020760,21923892,0,0,8388604,8388604,0,0,80,0,10247900,358348,25832,1874172,2542576,1874172,668404,13520,41816,0,0,0,0,41230184,13922000,34359738367,85764,0,81200,0,0,0,0,0,0,0,0,0,0,0,2048,0,1493776,27707392,38797312
1775670762.001080,1080,ubuntu-rog,1,0,0,65683160,27953984,53042148,310384,23660180,0,12294088,21923892,10273328,0,2020760,21923892,0,0,8388604,8388604,0,0,84,0,10247900,358348,25832,1874172,2542576,1874172,668404,13520,41816,0,0,0,0,41230184,13922000,34359738367,85764,0,81200,0,0,0,0,0,0,0,0,0,0,0,2048,0,1493776,27707392,38797312
1775670763.001065,1065,ubuntu-rog,1,0,0,65683160,27953984,53042148,310384,23660180,0,12294088,21923892,10273328,0,2020760,21923892,0,0,8388604,8388604,0,0,84,0,10247900,358348,25832,1874172,2542576,1874172,668404,13520,41816,0,0,0,0,41230184,13922000,34359738367,85764,0,81200,0,0,0,0,0,0,0,0,0,0,0,2048,0,1493776,27707392,38797312
1775670764.001310,1310,ubuntu-rog,1,0,0,65683160,27953984,53042148,310384,23660184,0,12294088,21923892,10273328,0,2020760,21923892,0,0,8388604,8388604,0,0,88,0,10247900,358348,25832,1874172,2542576,1874172,668404,13520,41816,0,0,0,0,41230184,13922000,34359738367,85764,0,81200,0,0,0,0,0,0,0,0,0,0,0,2048,0,1493776,27707392,38797312
1775670765.001216,1216,ubuntu-rog,1,0,0,65683160,27953984,53042148,310392,23660188,0,12294088,21923892,10273328,0,2020760,21923892,0,0,8388604,8388604,0,0,68,0,10247900,358348,25832,1874172,2542576,1874172,668404,13520,41816,0,0,0,0,41230184,13922000,34359738367,85764,0,81200,0,0,0,0,0,0,0,0,0,0,0,2048,0,1493776,27707392,38797312
1775670766.001305,1305,ubuntu-rog,1,0,0,65683160,27682696,52770960,310392,23660192,0,12527356,21923992,10506596,0,2020760,21923992,0,0,8388604,8388604,0,0,76,0,10483808,358348,25832,1874172,2542576,1874172,668404,13520,42312,0,0,0,0,41230184,14404452,34359738367,85764,0,81200,0,0,0,0,0,0,0,0,0,0,0,2048,0,1493776,27707392,38797312
1775670767.001094,1094,ubuntu-rog,1,0,0,65683160,27820868,52909132,310392,23660192,0,12424824,21923992,10404064,0,2020760,21923992,0,0,8388604,8388604,0,0,76,0,10378636,358348,25832,1874172,2542576,1874172,668404,13520,41948,0,0,0,0,41230184,14064312,34359738367,85764,0,81200,0,0,0,0,0,0,0,0,0,0,0,2048,0,1493776,27707392,38797312
1775670768.002063,2063,ubuntu-rog,1,0,0,65683160,27956888,53045152,310392,23660192,0,12293332,21923992,10272572,0,2020760,21923992,0,0,8388604,8388604,0,0,76,0,10247892,358348,25832,1874172,2542576,1874172,668404,13520,41812,0,0,0,0,41230184,13921992,34359738367,85764,0,81200,0,0,0,0,0,0,0,0,0,0,0,2048,0,1493776,27707392,38797312
1775670769.001297,1297,ubuntu-rog,1,0,0,65683160,27956968,53045232,310392,23660196,0,12293332,21923992,10272572,0,2020760,21923992,0,0,8388604,8388604,0,0,80,0,10247892,358348,25832,1874172,2542576,1874172,668404,13520,41812,0,0,0,0,41230184,13921992,34359738367,85764,0,81200,0,0,0,0,0,0,0,0,0,0,0,2048,0,1493776,27707392,38797312
1775670770.001199,1199,ubuntu-rog,1,0,0,65683160,27956968,53045232,310400,23660196,0,12293380,21923992,10272620,0,2020760,21923992,0,0,8388604,8388604,0,0,64,0,10247892,358348,25832,1874172,2542576,1874172,668404,13520,41812,0,0,0,0,41230184,13921992,34359738367,85764,0,81200,0,0,0,0,0,0,0,0,0,0,0,2048,0,1493776,27707392,38797312
1775670771.001305,1305,ubuntu-rog,1,0,0,65683160,27956968,53045232,310400,23660196,0,12293416,21923992,10272656,0,2020760,21923992,0,0,8388604,8388604,0,0,36,0,10247892,358348,25832,1874172,2542576,1874172,668404,13520,41812,0,0,0,0,41230184,13921992,34359738367,85764,0,81200,0,0,0,0,0,0,0,0,0,0,0,2048,0,1493776,27707392,38797312
1775670772.001081,1081,ubuntu-rog,1,0,0,65683160,27957372,53045636,310400,23660204,0,12293416,21923992,10272656,0,2020760,21923992,0,0,8388604,8388604,0,0,44,0,10247892,358348,25832,1874172,2542576,1874172,668404,13520,41812,0,0,0,0,41230184,13921992,34359738367,85764,0,81200,0,0,0,0,0,0,0,0,0,0,0,2048,0,1493776,27707392,38797312
1775670773.003080,3080,ubuntu-rog,1,0,0,65683160,27958812,53047076,310400,23660204,0,12293416,21923992,10272656,0,2020760,21923992,0,0,8388604,8388604,0,0,44,0,10247892,358348,25832,1874172,2542576,1874172,668404,13520,41812,0,0,0,0,41230184,13921992,34359738367,85764,0,81200,0,0,0,0,0,0,0,0,0,0,0,2048,0,1493776,27707392,38797312
1775670774.001308,1308,ubuntu-rog,1,0,0,65683160,27960352,53048616,310400,23660204,0,12293416,21923992,10272656,0,2020760,21923992,0,0,8388604,8388604,0,0,44,0,10247892,358348,25832,1874172,2542576,1874172,668404,13520,41812,0,0,0,0,41230184,13921992,34359738367,85764,0,81200,0,0,0,0,0,0,0,0,0,0,0,2048,0,1493776,27707392,38797312
1775670775.001204,1204,ubuntu-rog,1,0,0,65683160,27961296,53049560,310408,23660196,0,12293416,21923992,10272656,0,2020760,21923992,0,0,8388604,8388604,0,0,44,0,10247892,358348,25832,1874172,2542576,1874172,668404,13520,41812,0,0,0,0,41230184,13921992,34359738367,85764,0,81200,0,0,0,0,0,0,0,0,0,0,0,2048,0,1493776,27707392,38797312
1775670776.001314,1314,ubuntu-rog,1,0,0,65683160,27962476,53050740,310408,23660208,0,12293416,21923992,10272656,0,2020760,21923992,0,0,8388604,8388604,0,0,56,0,10247892,358348,25832,1874172,2542576,1874172,668404,13520,41812,0,0,0,0,41230184,13921992,34359738367,85764,0,81200,0,0,0,0,0,0,0,0,0,0,0,2048,0,1493776,27707392,38797312
1775670777.001080,1080,ubuntu-rog,1,0,0,65683160,27963100,53051364,310408,23660212,0,12293416,21923992,10272656,0,2020760,21923992,0,0,8388604,8388604,0,0,64,0,10247892,358348,25832,1874172,2542576,1874172,668404,13520,41812,0,0,0,0,41230184,13921992,34359738367,85764,0,81200,0,0,0,0,0,0,0,0,0,0,0,2048,0,1493776,27707392,38797312
1775670778.001086,1086,ubuntu-rog,1,0,0,65683160,27963448,53051712,310408,23660212,0,12293416,21923992,10272656,0,2020760,21923992,0,0,8388604,8388604,0,0,64,0,10247892,358348,25832,1874172,2542576,1874172,668404,13520,41812,0,0,0,0,41230184,13921992,34359738367,85764,0,81200,0,0,0,0,0,0,0,0,0,0,0,2048,0,1493776,27707392,38797312
1775670779.002320,2320,ubuntu-rog,1,0,0,65683160,27963448,53051716,310408,23660220,0,12293416,21923992,10272656,0,2020760,21923992,0,0,8388604,8388604,0,0,72,0,10247892,358348,25832,1874176,2542580,1874176,668404,13520,41812,0,0,0,0,41230184,13921992,34359738367,85764,0,81200,0,0,0,0,0,0,0,0,0,0,0,2048,0,1493776,27707392,38797312
1775670780.001204,1204,ubuntu-rog,1,0,0,65683160,27963448,53051716,310408,23660220,0,12293416,21923992,10272656,0,2020760,21923992,0,0,8388604,8388604,0,0,72,0,10247892,358348,25832,1874176,2542580,1874176,668404,13520,41812,0,0,0,0,41230184,13921992,34359738367,85764,0,81200,0,0,0,0,0,0,0,0,0,0,0,2048,0,1493776,27707392,38797312
1775670781.001327,1327,ubuntu-rog,1,0,0,65683160,27963448,53051716,310416,23660212,0,12293416,21923992,10272656,0,2020760,21923992,0,0,8388604,8388604,0,0,72,0,10247892,358348,25832,1874176,2542580,1874176,668404,13520,41812,0,0,0,0,41230184,13921992,34359738367,85764,0,81200,0,0,0,0,0,0,0,0,0,0,0,2048,0,1493776,27707392,38797312
1775670782.001082,1082,ubuntu-rog,1,0,0,65683160,27963448,53051716,310416,23660220,0,12293416,21923992,10272656,0,2020760,21923992,0,0,8388604,8388604,0,0,72,0,10247892,358348,25832,1874176,2542580,1874176,668404,13520,41812,0,0,0,0,41230184,13921992,34359738367,85764,0,81200,0,0,0,0,0,0,0,0,0,0,0,2048,0,1493776,27707392,38797312
1775670783.002062,2062,ubuntu-rog,1,0,0,65683160,27963448,53051716,310416,23660224,0,12293416,21923992,10272656,0,2020760,21923992,0,0,8388604,8388604,0,0,76,0,10247892,358348,25832,1874176,2542580,1874176,668404,13520,41812,0,0,0,0,41230184,13921992,34359738367,85764,0,81200,0,0,0,0,0,0,0,0,0,0,0,2048,0,1493776,27707392,38797312
1775670784.001326,1326,ubuntu-rog,1,0,0,65683160,27963448,53051716,310416,23660224,0,12293416,21923992,10272656,0,2020760,21923992,0,0,8388604,8388604,0,0,76,0,10247892,358348,25832,1874176,2542580,1874176,668404,13520,41812,0,0,0,0,41230184,13921992,34359738367,85764,0,81200,0,0,0,0,0,0,0,0,0,0,0,2048,0,1493776,27707392,38797312
1775670785.001202,1202,ubuntu-rog,1,0,0,65683160,27963448,53051716,310416,23660228,0,12293416,21923992,10272656,0,2020760,21923992,0,0,8388604,8388604,0,0,80,0,10247892,358348,25832,1874176,2542580,1874176,668404,13520,41812,0,0,0,0,41230184,13921992,34359738367,85764,0,81200,0,0,0,0,0,0,0,0,0,0,0,2048,0,1493776,27707392,38797312
1775670786.001325,1325,ubuntu-rog,1,0,0,65683160,27963448,53051732,310416,23660232,0,12293416,21924008,10272656,0,2020760,21924008,0,0,8388604,8388604,0,0,44,0,10247892,358348,25832,1874176,2542580,1874176,668404,13520,41812,0,0,0,0,41230184,13921992,34359738367,85764,0,81200,0,0,0,0,0,0,0,0,0,0,0,2048,0,1493776,27707392,38797312
1775670787.001079,1079,ubuntu-rog,1,0,0,65683160,27963752,53052036,310416,23660232,0,12293416,21924008,10272656,0,2020760,21924008,0,0,8388604,8388604,0,0,44,0,10247892,358348,25832,1874176,2542580,1874176,668404,13520,41812,0,0,0,0,41230184,13921992,34359738367,85764,0,81200,0,0,0,0,0,0,0,0,0,0,0,2048,0,1493776,27707392,38797312
1775670788.001085,1085,ubuntu-rog,1,0,0,65683160,27963752,53052036,310424,23660224,0,12293416,21924008,10272656,0,2020760,21924008,0,0,8388604,8388604,0,0,44,0,10247892,358348,25832,1874176,2542580,1874176,668404,13520,41812,0,0,0,0,41230184,13921992,34359738367,85764,0,81200,0,0,0,0,0,0,0,0,0,0,0,2048,0,1493776,27707392,38797312
1775670789.003301,3301,ubuntu-rog,1,0,0,65683160,27963752,53052036,310424,23660236,0,12293416,21924008,10272656,0,2020760,21924008,0,0,8388604,8388604,0,0,60,0,10247892,358348,25832,1874176,2542580,1874176,668404,13520,41812,0,0,0,0,41230184,13921992,34359738367,85764,0,81200,0,0,0,0,0,0,0,0,0,0,0,2048,0,1493776,27707392,38797312
1775670790.001203,1203,ubuntu-rog,1,0,0,65683160,27963752,53052036,310424,23660240,0,12293416,21924008,10272656,0,2020760,21924008,0,0,8388604,8388604,0,0,64,0,10247892,358348,25832,1874176,2542580,1874176,668404,13520,41812,0,0,0,0,41230184,13921992,34359738367,85764,0,81200,0,0,0,0,0,0,0,0,0,0,0,2048,0,1493776,27707392,38797312
1775670791.001311,1311,ubuntu-rog,1,0,0,65683160,27963752,53052104,310424,23660244,0,12293472,21924076,10272712,0,2020760,21924076,0,0,8388604,8388604,0,0,68,0,10247892,358348,25832,1874176,2542580,1874176,668404,13520,41812,0,0,0,0,41230184,13921992,34359738367,85764,0,81200,0,0,0,0,0,0,0,0,0,0,0,2048,0,1493776,27707392,38797312
1775670792.001084,1084,ubuntu-rog,1,0,0,65683160,27963752,53052104,310424,23660244,0,12293472,21924076,10272712,0,2020760,21924076,0,0,8388604,8388604,0,0,68,0,10247892,358348,25832,1874176,2542580,1874176,668404,13520,41812,0,0,0,0,41230184,13921992,34359738367,85764,0,81200,0,0,0,0,0,0,0,0,0,0,0,2048,0,1493776,27707392,38797312
1775670793.001068,1068,ubuntu-rog,1,0,0,65683160,27963752,53052104,310424,23660248,0,12293472,21924076,10272712,0,2020760,21924076,0,0,8388604,8388604,0,0,72,0,10247892,358348,25832,1874176,2542580,1874176,668404,13520,41812,0,0,0,0,41230184,13921992,34359738367,85764,0,81200,0,0,0,0,0,0,0,0,0,0,0,2048,0,1493776,27707392,38797312
1775670794.001320,1320,ubuntu-rog,1,0,0,65683160,27963752,53052104,310424,23660248,0,12293472,21924076,10272712,0,2020760,21924076,0,0,8388604,8388604,0,0,72,0,10247892,358348,25832,1874176,2542580,1874176,668404,13520,41812,0,0,0,0,41230184,13921992,34359738367,85764,0,81200,0,0,0,0,0,0,0,0,0,0,0,2048,0,1493776,27707392,38797312
1775670795.002197,2197,ubuntu-rog,1,0,0,65683160,27963752,53052104,310432,23660248,0,12293472,21924076,10272712,0,2020760,21924076,0,0,8388604,8388604,0,0,72,0,10247892,358348,25832,1874176,2542580,1874176,668404,13520,41812,0,0,0,0,41230184,13921992,34359738367,85764,0,81200,0,0,0,0,0,0,0,0,0,0,0,2048,0,1493776,27707392,38797312
1775670796.001326,1326,ubuntu-rog,1,0,0,65683160,27963752,53052104,310432,23660248,0,12293472,21924076,10272712,0,2020760,21924076,0,0,8388604,8388604,0,0,72,0,10247892,358348,25832,1874176,2542580,1874176,668404,13520,41812,0,0,0,0,41230184,13921992,34359738367,85764,0,81200,0,0,0,0,0,0,0,0,0,0,0,2048,0,1493776,27707392,38797312
1775670797.001066,1066,ubuntu-rog,1,0,0,65683160,27963752,53052104,310432,23660256,0,12293472,21924076,10272712,0,2020760,21924076,0,0,8388604,8388604,0,0,80,0,10247892,358348,25832,1874176,2542580,1874176,668404,13520,41812,0,0,0,0,41230184,13921992,34359738367,85764,0,81200,0,0,0,0,0,0,0,0,0,0,0,2048,0,1493776,27707392,38797312
1775670798.001065,1065,ubuntu-rog,1,0,0,65683160,27963752,53052104,310432,23660256,0,12293472,21924076,10272712,0,2020760,21924076,0,0,8388604,8388604,0,0,80,0,10247892,358348,25832,1874176,2542580,1874176,668404,13520,41812,0,0,0,0,41230184,13921992,34359738367,85764,0,81200,0,0,0,0,0,0,0,0,0,0,0,2048,0,1493776,27707392,38797312
1775670799.001306,1306,ubuntu-rog,1,0,0,65683160,27963752,53052104,310432,23660256,0,12293472,21924076,10272712,0,2020760,21924076,0,0,8388604,8388604,0,0,80,0,10247892,358348,25832,1874176,2542580,1874176,668404,13520,41812,0,0,0,0,41230184,13921992,34359738367,85764,0,81200,0,0,0,0,0,0,0,0,0,0,0,2048,0,1493776,27707392,38797312
1775670800.001220,1220,ubuntu-rog,1,0,0,65683160,27963752,53052104,310432,23660260,0,12293472,21924076,10272712,0,2020760,21924076,0,0,8388604,8388604,0,0,84,0,10247892,358348,25832,1874176,2542580,1874176,668404,13520,41812,0,0,0,0,41230184,13921992,34359738367,85764,0,81200,0,0,0,0,0,0,0,0,0,0,0,2048,0,1493776,27707392,38797312
1775670801.001322,1322,ubuntu-rog,1,0,0,65683160,27963752,53052104,310432,23660264,0,12293472,21924076,10272712,0,2020760,21924076,0,0,8388604,8388604,0,0,60,0,10247892,358348,25832,1874176,2542580,1874176,668404,13520,41812,0,0,0,0,41230184,13921992,34359738367,85764,0,81200,0,0,0,0,0,0,0,0,0,0,0,2048,0,1493776,27707392,38797312
1775670802.001067,1067,ubuntu-rog,1,0,0,65683160,27963752,53052104,310440,23660256,0,12293472,21924076,10272712,0,2020760,21924076,0,0,8388604,8388604,0,0,60,0,10247892,358348,25832,1874176,2542580,1874176,668404,13520,41812,0,0,0,0,41230184,13921992,34359738367,85764,0,81200,0,0,0,0,0,0,0,0,0,0,0,2048,0,1493776,27707392,38797312
1775670803.001083,1083,ubuntu-rog,1,0,0,65683160,27963752,53052104,310440,23660268,0,12293472,21924076,10272712,0,2020760,21924076,0,0,8388604,8388604,0,0,68,0,10247892,358348,25832,1874176,2542580,1874176,668404,13520,41812,0,0,0,0,41230184,13921992,34359738367,85764,0,81200,0,0,0,0,0,0,0,0,0,0,0,2048,0,1493776,27707392,38797312
1775670804.001306,1306,ubuntu-rog,1,0,0,65683160,27963752,53052104,310440,23660272,0,12293472,21924076,10272712,0,2020760,21924076,0,0,8388604,8388604,0,0,76,0,10247892,358348,25832,1874176,2542580,1874176,668404,13520,41812,0,0,0,0,41230184,13921992,34359738367,85764,0,81200,0,0,0,0,0,0,0,0,0,0,0,2048,0,1493776,27707392,38797312
1775670805.001202,1202,ubuntu-rog,1,0,0,65683160,27963752,53052104,310440,23660272,0,12293472,21924076,10272712,0,2020760,21924076,0,0,8388604,8388604,0,0,76,0,10247892,358348,25832,1874176,2542580,1874176,668404,13520,41812,0,0,0,0,41230184,13921992,34359738367,85764,0,81200,0,0,0,0,0,0,0,0,0,0,0,2048,0,1493776,27707392,38797312
1775670806.001328,1328,ubuntu-rog,1,0,0,65683160,27963752,53052104,310440,23660272,0,12293472,21924076,10272712,0,2020760,21924076,0,0,8388604,8388604,0,0,52,0,10247892,358348,25832,1874176,2542580,1874176,668404,13520,41812,0,0,0,0,41230184,13921992,34359738367,85764,0,81200,0,0,0,0,0,0,0,0,0,0,0,2048,0,1493776,27707392,38797312
1775670807.001082,1082,ubuntu-rog,1,0,0,65683160,27963752,53052104,310440,23660276,0,12293472,21924076,10272712,0,2020760,21924076,0,0,8388604,8388604,0,0,56,0,10247892,358348,25832,1874176,2542580,1874176,668404,13520,41812,0,0,0,0,41230184,13921992,34359738367,85764,0,81200,0,0,0,0,0,0,0,0,0,0,0,2048,0,1493776,27707392,38797312
1775670808.001070,1070,ubuntu-rog,1,0,0,65683160,27963752,53052104,310448,23660268,0,12293472,21924076,10272712,0,2020760,21924076,0,0,8388604,8388604,0,0,56,0,10247892,358348,25832,1874176,2542580,1874176,668404,13520,41812,0,0,0,0,41230184,13921992,34359738367,85764,0,81200,0,0,0,0,0,0,0,0,0,0,0,2048,0,1493776,27707392,38797312
1775670809.001329,1329,ubuntu-rog,1,0,0,65683160,27963500,53051852,310448,23660276,0,12293596,21924076,10272836,0,2020760,21924076,0,0,8388604,8388604,0,0,60,0,10248080,358348,25832,1874176,2542588,1874176,668412,13520,41812,0,0,0,0,41230184,13922164,34359738367,85764,0,81200,0,0,0,0,0,0,0,0,0,0,0,2048,0,1493776,27707392,38797312
1775670810.001204,1204,ubuntu-rog,1,0,0,65683160,27963500,53051852,310448,23660284,0,12293596,21924076,10272836,0,2020760,21924076,0,0,8388604,8388604,0,0,68,0,10248080,358348,25832,1874176,2542588,1874176,668412,13520,41812,0,0,0,0,41230184,13922164,34359738367,85764,0,81200,0,0,0,0,0,0,0,0,0,0,0,2048,0,1493776,27707392,38797312
1775670811.001327,1327,ubuntu-rog,1,0,0,65683160,27963500,53051852,310448,23660284,0,12293596,21924076,10272836,0,2020760,21924076,0,0,8388604,8388604,0,0,52,0,10248080,358348,25832,1874176,2542588,1874176,668412,13520,41812,0,0,0,0,41230184,13922164,34359738367,85764,0,81200,0,0,0,0,0,0,0,0,0,0,0,2048,0,1493776,27707392,38797312
1775670812.001081,1081,ubuntu-rog,1,0,0,65683160,27963500,53051852,310448,23660284,0,12293596,21924076,10272836,0,2020760,21924076,0,0,8388604,8388604,0,0,52,0,10248080,358348,25832,1874176,2542588,1874176,668412,13520,41812,0,0,0,0,41230184,13922164,34359738367,85764,0,81200,0,0,0,0,0,0,0,0,0,0,0,2048,0,1493776,27707392,38797312
1775670813.001087,1087,ubuntu-rog,1,0,0,65683160,27963500,53051852,310448,23660284,0,12293596,21924076,10272836,0,2020760,21924076,0,0,8388604,8388604,0,0,52,0,10248080,358348,25832,1874176,2542588,1874176,668412,13520,41812,0,0,0,0,41230184,13922164,34359738367,85764,0,81200,0,0,0,0,0,0,0,0,0,0,0,2048,0,1493776,27707392,38797312
1775670814.002296,2296,ubuntu-rog,1,0,0,65683160,27963500,53051852,310448,23660292,0,12293596,21924076,10272836,0,2020760,21924076,0,0,8388604,8388604,0,0,64,0,10248080,358348,25832,1874176,2542588,1874176,668412,13520,41812,0,0,0,0,41230184,13922164,34359738367,85764,0,81200,0,0,0,0,0,0,0,0,0,0,0,2048,0,1493776,27707392,38797312
1775670815.001200,1200,ubuntu-rog,1,0,0,65683160,27963500,53051852,310448,23660292,0,12293596,21924076,10272836,0,2020760,21924076,0,0,8388604,8388604,0,0,64,0,10248080,358348,25832,1874176,2542588,1874176,668412,13520,41812,0,0,0,0,41230184,13922164,34359738367,85764,0,81200,0,0,0,0,0,0,0,0,0,0,0,2048,0,1493776,27707392,38797312
1775670816.001300,1300,ubuntu-rog,1,0,0,65683160,27963500,53051852,310456,23660296,0,12293596,21924076,10272836,0,2020760,21924076,0,0,8388604,8388604,0,0,44,0,10248080,358348,25832,1874176,2542588,1874176,668412,13520,41812,0,0,0,0,41230184,13922164,34359738367,85764,0,81200,0,0,0,0,0,0,0,0,0,0,0,2048,0,1493776,27707392,38797312
1775670817.001063,1063,ubuntu-rog,1,0,0,65683160,27963500,53051852,310456,23660300,0,12293596,21924076,10272836,0,2020760,21924076,0,0,8388604,8388604,0,0,52,0,10248080,358348,25832,1874176,2542588,1874176,668412,13520,41812,0,0,0,0,41230184,13922164,34359738367,85764,0,81200,0,0,0,0,0,0,0,0,0,0,0,2048,0,1493776,27707392,38797312
1775670818.001071,1071,ubuntu-rog,1,0,0,65683160,27963500,53051852,310456,23660300,0,12293596,21924076,10272836,0,2020760,21924076,0,0,8388604,8388604,0,0,52,0,10248080,358348,25832,1874176,2542588,1874176,668412,13520,41812,0,0,0,0,41230184,13922164,34359738367,85764,0,81200,0,0,0,0,0,0,0,0,0,0,0,2048,0,1493776,27707392,38797312
1775670819.001313,1313,ubuntu-rog,1,0,0,65683160,27963500,53051852,310456,23660300,0,12293712,21924076,10272952,0,2020760,21924076,0,0,8388604,8388604,0,0,52,0,10248088,358348,25832,1874176,2542588,1874176,668412,13520,41812,0,0,0,0,41230184,13922164,34359738367,85764,0,81200,0,0,0,0,0,0,0,0,0,0,0,2048,0,1493776,27707392,38797312
1775670820.001198,1198,ubuntu-rog,1,0,0,65683160,27963500,53051852,310456,23660300,0,12293712,21924076,10272952,0,2020760,21924076,0,0,8388604,8388604,0,0,52,0,10248088,358348,25832,1874176,2542588,1874176,668412,13520,41812,0,0,0,0,41230184,13922164,34359738367,85764,0,81200,0,0,0,0,0,0,0,0,0,0,0,2048,0,1493776,27707392,38797312
1775670821.001316,1316,ubuntu-rog,1,0,0,65683160,27963500,53051852,310464,23660296,0,12293712,21924076,10272952,0,2020760,21924076,0,0,8388604,8388604,0,0,56,0,10248088,358348,25832,1874176,2542588,1874176,668412,13520,41812,0,0,0,0,41230184,13922164,34359738367,85764,0,81200,0,0,0,0,0,0,0,0,0,0,0,2048,0,1493776,27707392,38797312
1775670822.001082,1082,ubuntu-rog,1,0,0,65683160,27963500,53051852,310464,23660308,0,12293712,21924076,10272952,0,2020760,21924076,0,0,8388604,8388604,0,0,64,0,10248088,358348,25832,1874176,2542588,1874176,668412,13520,41812,0,0,0,0,41230184,13922164,34359738367,85764,0,81200,0,0,0,0,0,0,0,0,0,0,0,2048,0,1493776,27707392,38797312
1775670823.001069,1069,ubuntu-rog,1,0,0,65683160,27963500,53051852,310464,23660308,0,12293712,21924076,10272952,0,2020760,21924076,0,0,8388604,8388604,0,0,64,0,10248088,358348,25832,1874176,2542588,1874176,668412,13520,41812,0,0,0,0,41230184,13922164,34359738367,85764,0,81200,0,0,0,0,0,0,0,0,0,0,0,2048,0,1493776,27707392,38797312
1775670824.001317,1317,ubuntu-rog,1,0,0,65683160,27963500,53051852,310464,23660312,0,12293712,21924076,10272952,0,2020760,21924076,0,0,8388604,8388604,0,0,68,0,10248088,358348,25832,1874176,2542588,1874176,668412,13520,41812,0,0,0,0,41230184,13922164,34359738367,85764,0,81200,0,0,0,0,0,0,0,0,0,0,0,2048,0,1493776,27707392,38797312
1775670825.001217,1217,ubuntu-rog,1,0,0,65683160,27963500,53051852,310464,23660312,0,12293712,21924076,10272952,0,2020760,21924076,0,0,8388604,8388604,0,0,68,0,10248