#Time,Time_usec,ProducerName,component_id,job_id,app_id,nr_free_pages,nr_zone_inactive_anon,nr_zone_active_anon,nr_zone_inactive_file,nr_zone_active_file,nr_zone_unevictable,nr_zone_write_pending,nr_mlock,nr_bounce,nr_zspages,nr_free_cma,nr_unaccepted,numa_hit,numa_miss,numa_foreign,numa_interleave,numa_local,numa_other,nr_inactive_anon,nr_active_anon,nr_inactive_file,nr_active_file,nr_unevictable,nr_slab_reclaimable,nr_slab_unreclaimable,nr_isolated_anon,nr_isolated_file,workingset_nodes,workingset_refault_anon,workingset_refault_file,workingset_activate_anon,workingset_activate_file,workingset_restore_anon,workingset_restore_file,workingset_nodereclaim,nr_anon_pages,nr_mapped,nr_file_pages,nr_dirty,nr_writeback,nr_writeback_temp,nr_shmem,nr_shmem_hugepages,nr_shmem_pmdmapped,nr_file_hugepages,nr_file_pmdmapped,nr_anon_transparent_hugepages,nr_vmscan_write,nr_vmscan_immediate_reclaim,nr_dirtied,nr_written,nr_throttled_written,nr_kernel_misc_reclaimable,nr_foll_pin_acquired,nr_foll_pin_released,nr_kernel_stack,nr_page_table_pages,nr_sec_page_table_pages,nr_iommu_pages,nr_swapcached,pgpromote_success,pgpromote_candidate,pgdemote_kswapd,pgdemote_direct,pgdemote_khugepaged,nr_hugetlb,nr_dirty_threshold,nr_dirty_background_threshold,nr_memmap_pages,nr_memmap_boot_pages,pgpgin,pgpgout,pswpin,pswpout,pgalloc_dma,pgalloc_dma32,pgalloc_normal,pgalloc_movable,pgalloc_device,allocstall_dma,allocstall_dma32,allocstall_normal,allocstall_movable,allocstall_device,pgskip_dma,pgskip_dma32,pgskip_normal,pgskip_movable,pgskip_device,pgfree,pgactivate,pgdeactivate,pglazyfree,pgfault,pgmajfault,pglazyfreed,pgrefill,pgreuse,pgsteal_kswapd,pgsteal_direct,pgsteal_khugepaged,pgscan_kswapd,pgscan_direct,pgscan_khugepaged,pgscan_direct_throttle,pgscan_anon,pgscan_file,pgsteal_anon,pgsteal_file,zone_reclaim_success,zone_reclaim_failed,pginodesteal,slabs_scanned,kswapd_inodesteal,kswapd_low_wmark_hit_quickly,kswapd_high_wmark_hit_quickly,pageoutrun,pgrotated,drop_pagecache,drop_slab,oom_kill,numa_pte_updates,numa_huge_pte_updates,numa_hint_faults,numa_hint_faults_local,numa_pages_migrated,pgmigrate_success,pgmigrate_fail,thp_migration_success,thp_migration_fail,thp_migration_split,compact_migrate_scanned,compact_free_scanned,compact_isolated,compact_stall,compact_fail,compact_success,compact_daemon_wake,compact_daemon_migrate_scanned,compact_daemon_free_scanned,htlb_buddy_alloc_success,htlb_buddy_alloc_fail,unevictable_pgs_culled,unevictable_pgs_scanned,unevictable_pgs_rescued,unevictable_pgs_mlocked,unevictable_pgs_munlocked,unevictable_pgs_cleared,unevictable_pgs_stranded,thp_fault_alloc,thp_fault_fallback,thp_fault_fallback_charge,thp_collapse_alloc,thp_collapse_alloc_failed,thp_file_alloc,thp_file_fallback,thp_file_fallback_charge,thp_file_mapped,thp_split_page,thp_split_page_failed,thp_deferred_split_page,thp_underused_split_page,thp_split_pmd,thp_scan_exceed_none_pte,thp_scan_exceed_swap_pte,thp_scan_exceed_share_pte,thp_split_pud,thp_zero_page_alloc,thp_zero_page_alloc_failed,thp_swpout,thp_swpout_fallback,balloon_inflate,balloon_deflate,balloon_migrate,swap_ra,swap_ra_hit,swpin_zero,swpout_zero,ksm_swpin_copy,cow_ksm,zswpin,zswpout,zswpwb,direct_map_level2_splits,direct_map_level3_splits,nr_unstable
1774383111.001879,1879,ubuntu-rog,1,0,0,10521455,0,839621,3930027,497827,0,78,0,0,0,0,0,1548083430,0,0,4907,1549234066,0,0,839621,3930027,497827,0,244545,144106,0,0,0,0,0,0,0,0,0,0,833431,102587,4434203,78,0,0,6367,0,0,0,0,0,0,0,36649502,34034807,0,0,89759,89759,15296,12418,0,0,0,0,0,0,0,0,0,2965934,1481156,0,262144,6535356,169692473,0,0,1026,1025,1566853629,0,0,0,0,0,0,0,0,0,0,0,0,1577400630,0,13999,1857070,1431915566,22701,0,0,98990938,0,0,0,0,0,0,0,0,0,0,0,0,0,0,0,0,0,0,0,14582,0,0,0,0,0,0,0,0,0,0,0,0,0,0,0,0,0,0,0,0,0,0,0,0,45708,4050,22696,18646,18646,0,0,3322,0,0,19,0,0,0,0,0,0,0,1,0,1,0,0,0,0,0,0,0,0,0,0,0,0,0,0,0,0,0,0,0,0,714,24,0
1774383112.002093,2093,ubuntu-rog,1,0,0,9959152,0,1401869,3930030,497827,0,105,0,0,0,0,0,1548646824,0,0,4907,1549797460,0,0,1401869,3930030,497827,0,244545,144106,0,0,0,0,0,0,0,0,0,0,1395679,102587,4434209,105,0,0,6367,0,0,0,0,0,0,0,36649532,34034810,0,0,89759,89759,15296,13556,0,0,0,0,0,0,0,0,0,2853502,1425009,0,262144,6535356,169692705,0,0,1026,1025,1567417058,0,0,0,0,0,0,0,0,0,0,0,0,1577400662,0,13999,1857070,1432477847,22701,0,0,98990938,0,0,0,0,0,0,0,0,0,0,0,0,0,0,0,0,0,0,0,14582,0,0,0,0,0,0,0,0,0,0,0,0,0,0,0,0,0,0,0,0,0,0,0,0,45708,4050,22696,18646,18646,0,0,3322,0,0,19,0,0,0,0,0,0,0,1,0,1,0,0,0,0,0,0,0,0,0,0,0,0,0,0,0,0,0,0,0,0,714,24,0
1774383113.001328,1328,ubuntu-rog,1,0,0,9761507,0,1597786,3930030,497827,0,105,0,0,0,0,0,1548843120,0,0,4907,1549993756,0,0,1597786,3930030,497827,0,244545,144106,0,0,0,0,0,0,0,0,0,0,1591579,102587,4434209,105,0,0,6367,0,0,0,0,0,0,0,36649532,34034810,0,0,89759,89759,15296,13952,0,0,0,0,0,0,0,0,0,2813982,1405273,0,262144,6535356,169692713,0,0,1026,1025,1567613326,0,0,0,0,0,0,0,0,0,0,0,0,1577400693,0,13999,1857070,1432673709,22701,0,0,98990938,0,0,0,0,0,0,0,0,0,0,0,0,0,0,0,0,0,0,0,14582,0,0,0,0,0,0,0,0,0,0,0,0,0,0,0,0,0,0,0,0,0,0,0,0,45708,4050,22696,18646,18646,0,0,3322,0,0,19,0,0,0,0,0,0,0,1,0,1,0,0,0,0,0,0,0,0,0,0,0,0,0,0,0,0,0,0,0,0,714,24,0
1774383114.001511,1511,ubuntu-rog,1,0,0,9761507,0,1597806,3930031,497827,0,107,0,0,0,0,0,1548843154,0,0,4907,1549993790,0,0,1597806,3930031,497827,0,244545,144090,0,0,0,0,0,0,0,0,0,0,1591579,102633,4434212,107,0,0,6367,0,0,0,0,0,0,0,36649536,34034812,0,0,89759,89759,15296,13952,0,0,0,0,0,0,0,0,0,2813983,1405273,0,262144,6535356,169692757,0,0,1026,1025,1567613360,0,0,0,0,0,0,0,0,0,0,0,0,1577400742,0,13999,1857070,1432673712,22701,0,0,98990938,0,0,0,0,0,0,0,0,0,0,0,0,0,0,0,0,0,0,0,14582,0,0,0,0,0,0,0,0,0,0,0,0,0,0,0,0,0,0,0,0,0,0,0,0,45708,4050,22696,18646,18646,0,0,3322,0,0,19,0,0,0,0,0,0,0,1,0,1,0,0,0,0,0,0,0,0,0,0,0,0,0,0,0,0,0,0,0,0,714,24,0
1774383115.001671,1671,ubuntu-rog,1,0,0,9761507,0,1597806,3930031,497827,0,109,0,0,0,0,0,1548843185,0,0,4907,1549993821,0,0,1597806,3930031,497827,0,244545,144090,0,0,0,0,0,0,0,0,0,0,1591580,102633,4434213,109,0,0,6367,0,0,0,0,0,0,0,36649538,34034812,0,0,89759,89759,15296,13952,0,0,0,0,0,0,0,0,0,2813983,1405273,0,262144,6535356,169692757,0,0,1026,1025,1567613391,0,0,0,0,0,0,0,0,0,0,0,0,1577400771,0,13999,1857070,1432673713,22701,0,0,98990938,0,0,0,0,0,0,0,0,0,0,0,0,0,0,0,0,0,0,0,14582,0,0,0,0,0,0,0,0,0,0,0,0,0,0,0,0,0,0,0,0,0,0,0,0,45708,4050,22696,18646,18646,0,0,3322,0,0,19,0,0,0,0,0,0,0,1,0,1,0,0,0,0,0,0,0,0,0,0,0,0,0,0,0,0,0,0,0,0,714,24,0
1774383116.001775,1775,ubuntu-rog,1,0,0,9761507,0,1597806,3930031,497827,0,109,0,0,0,0,0,1548843207,0,0,4907,1549993843,0,0,1597806,3930031,497827,0,244545,144089,0,0,0,0,0,0,0,0,0,0,1591580,102633,4434213,109,0,0,6367,0,0,0,0,0,0,0,36649538,34034812,0,0,89759,89759,15296,13952,0,0,0,0,0,0,0,0,0,2813983,1405273,0,262144,6535356,169692757,0,0,1026,1025,1567613420,0,0,0,0,0,0,0,0,0,0,0,0,1577400793,0,13999,1857070,1432673713,22701,0,0,98990938,0,0,0,0,0,0,0,0,0,0,0,0,0,0,0,0,0,0,0,14582,0,0,0,0,0,0,0,0,0,0,0,0,0,0,0,0,0,0,0,0,0,0,0,0,45708,4050,22696,18646,18646,0,0,3322,0,0,19,0,0,0,0,0,0,0,1,0,1,0,0,0,0,0,0,0,0,0,0,0,0,0,0,0,0,0,0,0,0,714,24,0
1774383117.001931,1931,ubuntu-rog,1,0,0,9761507,0,1597806,3930031,497827,0,109,0,0,0,0,0,1548843235,0,0,4907,1549993871,0,0,1597806,3930031,497827,0,244545,144089,0,0,0,0,0,0,0,0,0,0,1591580,102633,4434213,109,0,0,6367,0,0,0,0,0,0,0,36649538,34034812,0,0,89759,89759,15296,13952,0,0,0,0,0,0,0,0,0,2813983,1405273,0,262144,6535356,169692757,0,0,1026,1025,1567613448,0,0,0,0,0,0,0,0,0,0,0,0,1577400829,0,13999,1857070,1432673713,22701,0,0,98990938,0,0,0,0,0,0,0,0,0,0,0,0,0,0,0,0,0,0,0,14582,0,0,0,0,0,0,0,0,0,0,0,0,0,0,0,0,0,0,0,0,0,0,0,0,45708,4050,22696,18646,18646,0,0,3322,0,0,19,0,0,0,0,0,0,0,1,0,1,0,0,0,0,0,0,0,0,0,0,0,0,0,0,0,0,0,0,0,0,714,24,0
1774383118.002149,2149,ubuntu-rog,1,0,0,9761507,0,1597806,3930031,497827,0,112,0,0,0,0,0,1548843282,0,0,4907,1549993918,0,0,1597806,3930031,497827,0,244545,144089,0,0,0,0,0,0,0,0,0,0,1591584,102633,4434215,112,0,0,6367,0,0,0,0,0,0,0,36649541,34034812,0,0,89759,89759,15296,13952,0,0,0,0,0,0,0,0,0,2813983,1405273,0,262144,6535356,169692757,0,0,1026,1025,1567613495,0,0,0,0,0,0,0,0,0,0,0,0,1577400858,0,13999,1857070,1432673731,22701,0,0,98990940,0,0,0,0,0,0,0,0,0,0,0,0,0,0,0,0,0,0,0,14582,0,0,0,0,0,0,0,0,0,0,0,0,0,0,0,0,0,0,0,0,0,0,0,0,45708,4050,22696,18646,18646,0,0,3322,0,0,19,0,0,0,0,0,0,0,1,0,1,0,0,0,0,0,0,0,0,0,0,0,0,0,0,0,0,0,0,0,0,714,24,0
1774383119.002290,2290,ubuntu-rog,1,0,0,10070563,0,1260111,3930041,497827,0,112,0,0,0,0,0,1548990635,0,0,4907,1550141271,0,0,1260111,3930041,497827,0,244545,144089,0,0,0,0,0,0,0,0,0,0,1254093,102633,4434217,112,0,0,6367,0,0,0,0,0,0,0,36649541,34034812,0,0,89759,89759,15296,13347,0,0,0,0,0,0,0,0,0,2875781,1436134,0,262144,6535356,169692813,0,0,1026,1025,1567760878,0,0,0,0,0,0,0,0,0,0,0,0,1577885458,0,13999,1857070,1432821116,22701,0,0,98990940,0,0,0,0,0,0,0,0,0,0,0,0,0,0,0,0,0,0,0,14582,0,0,0,0,0,0,0,0,0,0,0,0,0,0,0,0,0,0,0,0,0,0,0,0,45708,4050,22696,18646,18646,0,0,3322,0,0,19,0,0,0,0,0,0,0,1,0,1,0,0,0,0,0,0,0,0,0,0,0,0,0,0,0,0,0,0,0,0,714,24,0
1774383120.001493,1493,ubuntu-rog,1,0,0,10087612,0,1243942,3930041,497827,0,112,0,0,0,0,0,1549249737,0,0,4907,1550400373,0,0,1243942,3930041,497827,0,244545,144089,0,0,0,0,0,0,0,0,0,0,1237688,102633,4434217,112,0,0,6367,0,0,0,0,0,0,0,36649541,34034812,0,0,89759,89759,15296,13249,0,0,0,0,0,0,0,0,0,2879190,1437837,0,262144,6535356,169692813,0,0,1026,1025,1568019957,0,0,0,0,0,0,0,0,0,0,0,0,1578161832,0,13999,1857070,1433079570,22701,0,0,98990940,0,0,0,0,0,0,0,0,0,0,0,0,0,0,0,0,0,0,0,14582,0,0,0,0,0,0,0,0,0,0,0,0,0,0,0,0,0,0,0,0,0,0,0,0,45708,4050,22696,18646,18646,0,0,3322,0,0,19,0,0,0,0,0,0,0,1,0,1,0,0,0,0,0,0,0,0,0,0,0,0,0,0,0,0,0,0,0,0,714,24,0
1774383121.002122,2122,ubuntu-rog,1,0,0,9823549,0,1539369,3930041,497827,0,112,0,0,0,0,0,1549571202,0,0,4907,1550721838,0,0,1539369,3930041,497827,0,244545,144089,0,0,0,0,0,0,0,0,0,0,1533243,102633,4434217,112,0,0,6367,0,0,0,0,0,0,0,36649541,34034812,0,0,89759,89759,15296,13790,0,0,0,0,0,0,0,0,0,2826390,1411469,0,262144,6535356,169692813,0,0,1026,1025,1568341422,0,0,0,0,0,0,0,0,0,0,0,0,1578187278,0,13999,1857070,1433400319,22701,0,0,98990940,0,0,0,0,0,0,0,0,0,0,0,0,0,0,0,0,0,0,0,14582,0,0,0,0,0,0,0,0,0,0,0,0,0,0,0,0,0,0,0,0,0,0,0,0,45708,4050,22696,18646,18646,0,0,3322,0,0,19,0,0,0,0,0,0,0,1,0,1,0,0,0,0,0,0,0,0,0,0,0,0,0,0,0,0,0,0,0,0,714,24,0
1774383122.001166,1166,ubuntu-rog,1,0,0,9823506,0,1539391,3930041,497827,0,113,0,0,0,0,0,1549571230,0,0,4907,1550721866,0,0,1539391,3930041,497827,0,244545,144089,0,0,0,0,0,0,0,0,0,0,1533270,102649,4434218,113,0,0,6367,0,0,0,0,0,0,0,36649542,34034812,0,0,89759,89759,15296,13839,0,0,0,0,0,0,0,0,0,2826381,1411465,0,262144,6535356,169692813,0,0,1026,1025,1568341450,0,0,0,0,0,0,0,0,0,0,0,0,1578187305,0,13999,1857070,1433400319,22701,0,0,98990940,0,0,0,0,0,0,0,0,0,0,0,0,0,0,0,0,0,0,0,14582,0,0,0,0,0,0,0,0,0,0,0,0,0,0,0,0,0,0,0,0,0,0,0,0,45708,4050,22696,18646,18646,0,0,3322,0,0,19,0,0,0,0,0,0,0,1,0,1,0,0,0,0,0,0,0,0,0,0,0,0,0,0,0,0,0,0,0,0,714,24,0
1774383123.001262,1262,ubuntu-rog,1,0,0,9823506,0,1539391,3930041,497827,0,113,0,0,0,0,0,1549571260,0,0,4907,1550721896,0,0,1539391,3930041,497827,0,244545,144089,0,0,0,0,0,0,0,0,0,0,1533270,102649,4434218,113,0,0,6367,0,0,0,0,0,0,0,36649542,34034812,0,0,89759,89759,15296,13839,0,0,0,0,0,0,0,0,0,2826381,1411465,0,262144,6535356,169692813,0,0,1026,1025,1568341480,0,0,0,0,0,0,0,0,0,0,0,0,1578187335,0,13999,1857070,1433400319,22701,0,0,98990940,0,0,0,0,0,0,0,0,0,0,0,0,0,0,0,0,0,0,0,14582,0,0,0,0,0,0,0,0,0,0,0,0,0,0,0,0,0,0,0,0,0,0,0,0,45708,4050,22696,18646,18646,0,0,3322,0,0,19,0,0,0,0,0,0,0,1,0,1,0,0,0,0,0,0,0,0,0,0,0,0,0,0,0,0,0,0,0,0,714,24,0
1774383124.001302,1302,ubuntu-rog,1,0,0,9823506,0,1539391,3930041,497827,0,116,0,0,0,0,0,1549571288,0,0,4907,1550721924,0,0,1539391,3930041,497827,0,244545,144089,0,0,0,0,0,0,0,0,0,0,1533270,102649,4434220,116,0,0,6367,0,0,0,0,0,0,0,36649545,34034812,0,0,89759,89759,15296,13839,0,0,0,0,0,0,0,0,0,2826381,1411465,0,262144,6535356,169692833,0,0,1026,1025,1568341508,0,0,0,0,0,0,0,0,0,0,0,0,1578187360,0,13999,1857070,1433400319,22701,0,0,98990940,0,0,0,0,0,0,0,0,0,0,0,0,0,0,0,0,0,0,0,14582,0,0,0,0,0,0,0,0,0,0,0,0,0,0,0,0,0,0,0,0,0,0,0,0,45708,4050,22696,18646,18646,0,0,3322,0,0,19,0,0,0,0,0,0,0,1,0,1,0,0,0,0,0,0,0,0,0,0,0,0,0,0,0,0,0,0,0,0,714,24,0
1774383125.002302,2302,ubuntu-rog,1,0,0,9823506,0,1539418,3930045,497827,0,118,0,0,0,0,0,1549571318,0,0,4907,1550721954,0,0,1539418,3930045,497827,0,244545,144089,0,0,0,0,0,0,0,0,0,0,1533270,102649,4434222,118,0,0,6367,0,0,0,0,0,0,0,36649547,34034812,0,0,89759,89759,15296,13839,0,0,0,0,0,0,0,0,0,2826382,1411465,0,262144,6535356,169692869,0,0,1026,1025,1568341538,0,0,0,0,0,0,0,0,0,0,0,0,1578187389,0,13999,1857070,1433400319,22701,0,0,98990940,0,0,0,0,0,0,0,0,0,0,0,0,0,0,0,0,0,0,0,14582,0,0,0,0,0,0,0,0,0,0,0,0,0,0,0,0,0,0,0,0,0,0,0,0,45708,4050,22696,18646,18646,0,0,3322,0,0,19,0,0,0,0,0,0,0,1,0,1,0,0,0,0,0,0,0,0,0,0,0,0,0,0,0,0,0,0,0,0,714,24,0
1774383126.001157,1157,ubuntu-rog,1,0,0,9823506,0,1539446,3930045,497827,0,109,0,0,0,0,0,1549571348,0,0,4907,1550721984,0,0,1539446,3930045,497827,0,244545,144089,0,0,0,0,0,0,0,0,0,0,1533270,102649,4434222,109,0,0,6367,0,0,0,0,0,0,0,36649547,34034821,0,0,89759,89759,15296,13839,0,0,0,0,0,0,0,0,0,2826382,1411465,0,262144,6535356,169692869,0,0,1026,1025,1568341568,0,0,0,0,0,0,0,0,0,0,0,0,1578187419,0,13999,1857070,1433400319,22701,0,0,98990940,0,0,0,0,0,0,0,0,0,0,0,0,0,0,0,0,0,0,0,14582,0,0,0,0,0,0,0,0,0,0,0,0,0,0,0,0,0,0,0,0,0,0,0,0,45708,4050,22696,18646,18646,0,0,3322,0,0,19,0,0,0,0,0,0,0,1,0,1,0,0,0,0,0,0,0,0,0,0,0,0,0,0,0,0,0,0,0,0,714,24,0
1774383127.001157,1157,ubuntu-rog,1,0,0,9823506,0,1539446,3930045,497827,0,109,0,0,0,0,0,1549571371,0,0,4907,1550722007,0,0,1539446,3930045,497827,0,244545,144089,0,0,0,0,0,0,0,0,0,0,1533270,102649,4434222,109,0,0,6367,0,0,0,0,0,0,0,36649547,34034821,0,0,89759,89759,15296,13839,0,0,0,0,0,0,0,0,0,2826382,1411465,0,262144,6535356,169692869,0,0,1026,1025,1568341591,0,0,0,0,0,0,0,0,0,0,0,0,1578187442,0,13999,1857070,1433400319,22701,0,0,98990940,0,0,0,0,0,0,0,0,0,0,0,0,0,0,0,0,0,0,0,14582,0,0,0,0,0,0,0,0,0,0,0,0,0,0,0,0,0,0,0,0,0,0,0,0,45708,4050,22696,18646,18646,0,0,3322,0,0,19,0,0,0,0,0,0,0,1,0,1,0,0,0,0,0,0,0,0,0,0,0,0,0,0,0,0,0,0,0,0,714,24,0
1774383128.001258,1258,ubuntu-rog,1,0,0,9823506,0,1539446,3930045,497827,0,109,0,0,0,0,0,1549571398,0,0,4907,1550722034,0,0,1539446,3930045,497827,0,244545,144089,0,0,0,0,0,0,0,0,0,0,1533270,102649,4434222,109,0,0,6367,0,0,0,0,0,0,0,36649547,34034821,0,0,89759,89759,15296,13839,0,0,0,0,0,0,0,0,0,2826382,1411465,0,262144,6535356,169692869,0,0,1026,1025,1568341618,0,0,0,0,0,0,0,0,0,0,0,0,1578187469,0,13999,1857070,1433400319,22701,0,0,98990940,0,0,0,0,0,0,0,0,0,0,0,0,0,0,0,0,0,0,0,14582,0,0,0,0,0,0,0,0,0,0,0,0,0,0,0,0,0,0,0,0,0,0,0,0,45708,4050,22696,18646,18646,0,0,3322,0,0,19,0,0,0,0,0,0,0,1,0,1,0,0,0,0,0,0,0,0,0,0,0,0,0,0,0,0,0,0,0,0,714,24,0
1774383129.002294,2294,ubuntu-rog,1,0,0,9823506,0,1539446,3930045,497827,0,110,0,0,0,0,0,1549571430,0,0,4907,1550722066,0,0,1539446,3930045,497827,0,244545,144089,0,0,0,0,0,0,0,0,0,0,1533270,102649,4434223,110,0,0,6367,0,0,0,0,0,0,0,36649548,34034821,0,0,89759,89759,15296,13839,0,0,0,0,0,0,0,0,0,2826382,1411465,0,262144,6535356,169692901,0,0,1026,1025,1568341650,0,0,0,0,0,0,0,0,0,0,0,0,1578187498,0,13999,1857070,1433400319,22701,0,0,98990940,0,0,0,0,0,0,0,0,0,0,0,0,0,0,0,0,0,0,0,14582,0,0,0,0,0,0,0,0,0,0,0,0,0,0,0,0,0,0,0,0,0,0,0,0,45708,4050,22696,18646,18646,0,0,3322,0,0,19,0,0,0,0,0,0,0,1,0,1,0,0,0,0,0,0,0,0,0,0,0,0,0,0,0,0,0,0,0,0,714,24,0
1774383130.001306,1306,ubuntu-rog,1,0,0,9823506,0,1539446,3930045,497827,0,114,0,0,0,0,0,1549571452,0,0,4907,1550722088,0,0,1539446,3930045,497827,0,244545,144089,0,0,0,0,0,0,0,0,0,0,1533270,102649,4434226,114,0,0,6367,0,0,0,0,0,0,0,36649552,34034821,0,0,89759,89759,15296,13839,0,0,0,0,0,0,0,0,0,2826382,1411465,0,262144,6535356,169692913,0,0,1026,1025,1568341672,0,0,0,0,0,0,0,0,0,0,0,0,1578187519,0,13999,1857070,1433400319,22701,0,0,98990940,0,0,0,0,0,0,0,0,0,0,0,0,0,0,0,0,0,0,0,14582,0,0,0,0,0,0,0,0,0,0,0,0,0,0,0,0,0,0,0,0,0,0,0,0,45708,4050,22696,18646,18646,0,0,3322,0,0,19,0,0,0,0,0,0,0,1,0,1,0,0,0,0,0,0,0,0,0,0,0,0,0,0,0,0,0,0,0,0,714,24,0
1774383131.001154,1154,ubuntu-rog,1,0,0,9823506,0,1539404,3930045,497827,0,111,0,0,0,0,0,1549571486,0,0,4907,1550722122,0,0,1539404,3930045,497827,0,244545,144089,0,0,0,0,0,0,0,0,0,0,1533228,102649,4434226,111,0,0,6367,0,0,0,0,0,0,0,36649552,34034824,0,0,89759,89759,15296,13839,0,0,0,0,0,0,0,0,0,2826382,1411465,0,262144,6535356,169692913,0,0,1026,1025,1568341706,0,0,0,0,0,0,0,0,0,0,0,0,1578187595,0,13999,1857070,1433400319,22701,0,0,98990940,0,0,0,0,0,0,0,0,0,0,0,0,0,0,0,0,0,0,0,14582,0,0,0,0,0,0,0,0,0,0,0,0,0,0,0,0,0,0,0,0,0,0,0,0,45708,4050,22696,18646,18646,0,0,3322,0,0,19,0,0,0,0,0,0,0,1,0,1,0,0,0,0,0,0,0,0,0,0,0,0,0,0,0,0,0,0,0,0,714,24,0
1774383132.001159,1159,ubuntu-rog,1,0,0,9823506,0,1539404,3930045,497827,0,112,0,0,0,0,0,1549571518,0,0,4907,1550722154,0,0,1539404,3930045,497827,0,244545,144089,0,0,0,0,0,0,0,0,0,0,1533228,102649,4434227,112,0,0,6367,0,0,0,0,0,0,0,36649553,34034824,0,0,89759,89759,15296,13839,0,0,0,0,0,0,0,0,0,2826382,1411465,0,262144,6535356,169692913,0,0,1026,1025,1568341738,0,0,0,0,0,0,0,0,0,0,0,0,1578187626,0,13999,1857070,1433400319,22701,0,0,98990940,0,0,0,0,0,0,0,0,0,0,0,0,0,0,0,0,0,0,0,14582,0,0,0,0,0,0,0,0,0,0,0,0,0,0,0,0,0,0,0,0,0,0,0,0,45708,4050,22696,18646,18646,0,0,3322,0,0,19,0,0,0,0,0,0,0,1,0,1,0,0,0,0,0,0,0,0,0,0,0,0,0,0,0,0,0,0,0,0,714,24,0
1774383133.002259,2259,ubuntu-rog,1,0,0,9823506,0,1539404,3930045,497827,0,112,0,0,0,0,0,1549571542,0,0,4907,1550722178,0,0,1539404,3930045,497827,0,244545,144089,0,0,0,0,0,0,0,0,0,0,1533228,102649,4434227,112,0,0,6367,0,0,0,0,0,0,0,36649553,34034824,0,0,89759,89759,15296,13839,0,0,0,0,0,0,0,0,0,2826382,1411465,0,262144,6535356,169692913,0,0,1026,1025,1568341762,0,0,0,0,0,0,0,0,0,0,0,0,1578187650,0,13999,1857070,1433400319,22701,0,0,98990940,0,0,0,0,0,0,0,0,0,0,0,0,0,0,0,0,0,0,0,14582,0,0,0,0,0,0,0,0,0,0,0,0,0,0,0,0,0,0,0,0,0,0,0,0,45708,4050,22696,18646,18646,0,0,3322,0,0,19,0,0,0,0,0,0,0,1,0,1,0,0,0,0,0,0,0,0,0,0,0,0,0,0,0,0,0,0,0,0,714,24,0
1774383134.001295,1295,ubuntu-rog,1,0,0,9823506,0,1539404,3930045,497827,0,112,0,0,0,0,0,1549571572,0,0,4907,1550722208,0,0,1539404,3930045,497827,0,244545,144089,0,0,0,0,0,0,0,0,0,0,1533228,102649,4434227,112,0,0,6367,0,0,0,0,0,0,0,36649553,34034824,0,0,89759,89759,15296,13839,0,0,0,0,0,0,0,0,0,2826382,1411465,0,262144,6535356,169692941,0,0,1026,1025,1568341792,0,0,0,0,0,0,0,0,0,0,0,0,1578187679,0,13999,1857070,1433400319,22701,0,0,98990940,0,0,0,0,0,0,0,0,0,0,0,0,0,0,0,0,0,0,0,14582,0,0,0,0,0,0,0,0,0,0,0,0,0,0,0,0,0,0,0,0,0,0,0,0,45708,4050,22696,18646,18646,0,0,3322,0,0,19,0,0,0,0,0,0,0,1,0,1,0,0,0,0,0,0,0,0,0,0,0,0,0,0,0,0,0,0,0,0,714,24,0
1774383135.001296,1296,ubuntu-rog,1,0,0,9823506,0,1539404,3930045,497827,0,113,0,0,0,0,0,1549571601,0,0,4907,1550722237,0,0,1539404,3930045,497827,0,244545,144089,0,0,0,0,0,0,0,0,0,0,1533228,102649,4434228,113,0,0,6367,0,0,0,0,0,0,0,36649554,34034824,0,0,89759,89759,15296,13839,0,0,0,0,0,0,0,0,0,2826382,1411465,0,262144,6535356,169692941,0,0,1026,1025,1568341821,0,0,0,0,0,0,0,0,0,0,0,0,1578187708,0,13999,1857070,1433400319,22701,0,0,98990940,0,0,0,0,0,0,0,0,0,0,0,0,0,0,0,0,0,0,0,14582,0,0,0,0,0,0,0,0,0,0,0,0,0,0,0,0,0,0,0,0,0,0,0,0,45708,4050,22696,18646,18646,0,0,3322,0,0,19,0,0,0,0,0,0,0,1,0,1,0,0,0,0,0,0,0,0,0,0,0,0,0,0,0,0,0,0,0,0,714,24,0
1774383136.001156,1156,ubuntu-rog,1,0,0,9823506,0,1539404,3930045,497827,0,114,0,0,0,0,0,1549571632,0,0,4907,1550722268,0,0,1539404,3930045,497827,0,244545,144089,0,0,0,0,0,0,0,0,0,0,1533228,102649,4434229,114,0,0,6367,0,0,0,0,0,0,0,36649555,34034824,0,0,89759,89759,15296,13839,0,0,0,0,0,0,0,0,0,2826382,1411465,0,262144,6535356,169692941,0,0,1026,1025,1568341852,0,0,0,0,0,0,0,0,0,0,0,0,1578187738,0,13999,1857070,1433400319,22701,0,0,98990940,0,0,0,0,0,0,0,0,0,0,0,0,0,0,0,0,0,0,0,14582,0,0,0,0,0,0,0,0,0,0,0,0,0,0,0,0,0,0,0,0,0,0,0,0,45708,4050,22696,18646,18646,0,0,3322,0,0,19,0,0,0,0,0,0,0,1,0,1,0,0,0,0,0,0,0,0,0,0,0,0,0,0,0,0,0,0,0,0,714,24,0
1774383137.002156,2156,ubuntu-rog,1,0,0,9823506,0,1539404,3930045,497827,0,116,0,0,0,0,0,1549571666,0,0,4907,1550722302,0,0,1539404,3930045,497827,0,244545,144089,0,0,0,0,0,0,0,0,0,0,1533228,102649,4434231,116,0,0,6367,0,0,0,0,0,0,0,36649557,34034824,0,0,89759,89759,15296,13839,0,0,0,0,0,0,0,0,0,2826382,1411465,0,262144,6535356,169693141,0,0,1026,1025,1568341886,0,0,0,0,0,0,0,0,0,0,0,0,1578187770,0,13999,1857070,1433400319,22701,0,0,98990940,0,0,0,0,0,0,0,0,0,0,0,0,0,0,0,0,0,0,0,14582,0,0,0,0,0,0,0,0,0,0,0,0,0,0,0,0,0,0,0,0,0,0,0,0,45708,4050,22696,18646,18646,0,0,3322,0,0,19,0,0,0,0,0,0,0,1,0,1,0,0,0,0,0,0,0,0,0,0,0,0,0,0,0,0,0,0,0,0,714,24,0
1774383138.001261,1261,ubuntu-rog,1,0,0,9823708,0,1539404,3930045,497827,0,64,0,0,0,0,0,1549571689,0,0,4907,1550722325,0,0,1539404,3930045,497827,0,244545,144089,0,0,0,0,0,0,0,0,0,0,1533228,102649,4434231,64,0,0,6367,0,0,0,0,0,0,0,36649557,34034876,0,0,89759,89759,15296,13839,0,0,0,0,0,0,0,0,0,2826422,1411485,0,262144,6535356,169693141,0,0,1026,1025,1568341909,0,0,0,0,0,0,0,0,0,0,0,0,1578187793,0,13999,1857070,1433400319,22701,0,0,98990940,0,0,0,0,0,0,0,0,0,0,0,0,0,0,0,0,0,0,0,14582,0,0,0,0,0,0,0,0,0,0,0,0,0,0,0,0,0,0,0,0,0,0,0,0,45708,4050,22696,18646,18646,0,0,3322,0,0,19,0,0,0,0,0,0,0,1,0,1,0,0,0,0,0,0,0,0,0,0,0,0,0,0,0,0,0,0,0,0,714,24,0
1774383139.001300,1300,ubuntu-rog,1,0,0,9823942,0,1539404,3930045,497827,0,65,0,0,0,0,0,1549571720,0,0,4907,1550722356,0,0,1539404,3930045,497827,0,244545,144089,0,0,0,0,0,0,0,0,0,0,1533228,102649,4434232,65,0,0,6367,0,0,0,0,0,0,0,36649558,34034876,0,0,89759,89759,15296,13839,0,0,0,0,0,0,0,0,0,2826469,1411509,0,262144,6535356,169693141,0,0,1026,1025,1568341940,0,0,0,0,0,0,0,0,0,0,0,0,1578187823,0,13999,1857070,1433400319,22701,0,0,98990940,0,0,0,0,0,0,0,0,0,0,0,0,0,0,0,0,0,0,0,14582,0,0,0,0,0,0,0,0,0,0,0,0,0,0,0,0,0,0,0,0,0,0,0,0,45708,4050,22696,18646,18646,0,0,3322,0,0,19,0,0,0,0,0,0,0,1,0,1,0,0,0,0,0,0,0,0,0,0,0,0,0,0,0,0,0,0,0,0,714,24,0
1774383140.001305,1305,ubuntu-rog,1,0,0,9824203,0,1539404,3930045,497827,0,37,0,0,0,0,0,1549571755,0,0,4907,1550722391,0,0,1539404,3930045,497827,0,244545,144089,0,0,0,0,0,0,0,0,0,0,1533228,102649,4434232,37,0,0,6367,0,0,0,0,0,0,0,36649558,34034904,0,0,89759,89759,15312,13839,0,0,0,0,0,0,0,0,0,2826521,1411535,0,262144,6535356,169693289,0,0,1026,1025,1568341975,0,0,0,0,0,0,0,0,0,0,0,0,1578187853,0,13999,1857070,1433400319,22701,0,0,98990940,0,0,0,0,0,0,0,0,0,0,0,0,0,0,0,0,0,0,0,14582,0,0,0,0,0,0,0,0,0,0,0,0,0,0,0,0,0,0,0,0,0,0,0,0,45708,4050,22696,18646,18646,0,0,3322,0,0,19,0,0,0,0,0,0,0,1,0,1,0,0,0,0,0,0,0,0,0,0,0,0,0,0,0,0,0,0,0,0,714,24,0
1774383141.002151,2151,ubuntu-rog,1,0,0,9824208,0,1539409,3930045,497827,0,24,0,0,0,0,0,1549571777,0,0,4907,1550722413,0,0,1539409,3930045,497827,0,244545,144089,0,0,0,0,0,0,0,0,0,0,1533228,102649,4434233,24,0,0,6367,0,0,0,0,0,0,0,36649565,34034924,0,0,89759,89759,15312,13839,0,0,0,0,0,0,0,0,0,2826522,1411535,0,262144,6535356,169693369,0,0,1026,1025,1568341997,0,0,0,0,0,0,0,0,0,0,0,0,1578187875,0,13999,1857070,1433400319,22701,0,0,98990940,0,0,0,0,0,0,0,0,0,0,0,0,0,0,0,0,0,0,0,14582,0,0,0,0,0,0,0,0,0,0,0,0,0,0,0,0,0,0,0,0,0,0,0,0,45708,4050,22696,18646,18646,0,0,3322,0,0,19,0,0,0,0,0,0,0,1,0,1,0,0,0,0,0,0,0,0,0,0,0,0,0,0,0,0,0,0,0,0,714,24,0
1774383142.001157,1157,ubuntu-rog,1,0,0,9824208,0,1539409,3930045,497827,0,24,0,0,0,0,0,1549571805,0,0,4907,1550722441,0,0,1539409,3930045,497827,0,244545,144089,0,0,0,0,0,0,0,0,0,0,1533228,102649,4434233,24,0,0,6367,0,0,0,0,0,0,0,36649565,34034924,0,0,89759,89759,15312,13839,0,0,0,0,0,0,0,0,0,2826522,1411535,0,262144,6535356,169693369,0,0,1026,1025,1568342025,0,0,0,0,0,0,0,0,0,0,0,0,1578187903,0,13999,1857070,1433400319,22701,0,0,98990940,0,0,0,0,0,0,0,0,0,0,0,0,0,0,0,0,0,0,0,14582,0,0,0,0,0,0,0,0,0,0,0,0,0,0,0,0,0,0,0,0,0,0,0,0,45708,4050,22696,18646,18646,0,0,3322,0,0,19,0,0,0,0,0,0,0,1,0,1,0,0,0,0,0,0,0,0,0,0,0,0,0,0,0,0,0,0,0,0,714,24,0
1774383143.001262,1262,ubuntu-rog,1,0,0,9824208,0,1539409,3930045,497827,0,26,0,0,0,0,0,1549571837,0,0,4907,1550722473,0,0,1539409,3930045,497827,0,244545,144089,0,0,0,0,0,0,0,0,0,0,1533228,102649,4434235,26,0,0,6367,0,0,0,0,0,0,0,36649567,34034924,0,0,89759,89759,15312,13839,0,0,0,0,0,0,0,0,0,2826522,1411535,0,262144,6535356,169693369,0,0,1026,1025,1568342057,0,0,0,0,0,0,0,0,0,0,0,0,1578187933,0,13999,1857070,1433400319,22701,0,0,98990940,0,0,0,0,0,0,0,0,0,0,0,0,0,0,0,0,0,0,0,14582,0,0,0,0,0,0,0,0,0,0,0,0,0,0,0,0,0,0,0,0,0,0,0,0,45708,4050,22696,18646,18646,0,0,3322,0,0,19,0,0,0,0,0,0,0,1,0,1,0,0,0,0,0,0,0,0,0,0,0,0,0,0,0,0,0,0,0,0,714,24,0
1774383144.001296,1296,ubuntu-rog,1,0,0,9824208,0,1539409,3930045,497827,0,26,0,0,0,0,0,1549571860,0,0,4907,1550722496,0,0,1539409,3930045,497827,0,244545,144089,0,0,0,0,0,0,0,0,0,0,1533228,102649,4434235,26,0,0,6367,0,0,0,0,0,0,0,36649567,34034924,0,0,89759,89759,15312,13839,0,0,0,0,0,0,0,0,0,2826522,1411535,0,262144,6535356,169693369,0,0,1026,1025,1568342080,0,0,0,0,0,0,0,0,0,0,0,0,1578187956,0,13999,1857070,1433400319,22701,0,0,98990940,0,0,0,0,0,0,0,0,0,0,0,0,0,0,0,0,0,0,0,14582,0,0,0,0,0,0,0,0,0,0,0,0,0,0,0,0,0,0,0,0,0,0,0,0,45708,4050,22696,18646,18646,0,0,3322,0,0,19,0,0,0,0,0,0,0,1,0,1,0,0,0,0,0,0,0,0,0,0,0,0,0,0,0,0,0,0,0,0,714,24,0
1774383145.003304,3304,ubuntu-rog,1,0,0,9823701,0,1539308,3930045,497827,0,26,0,0,0,0,0,1549573117,0,0,4907,1550723753,0,0,1539308,3930045,497827,0,244545,144089,0,0,0,0,0,0,0,0,0,0,1533127,102649,4434235,26,0,0,6367,0,0,0,0,0,0,0,36649567,34034924,0,0,89759,89759,15312,13839,0,0,0,0,0,0,0,0,0,2826421,1411485,0,262144,6535356,169693369,0,0,1026,1025,1568343354,0,0,0,0,0,0,0,0,0,0,0,0,1578189166,0,13999,1857070,1433402523,22701,0,0,98991398,0,0,0,0,0,0,0,0,0,0,0,0,0,0,0,0,0,0,0,14582,0,0,0,0,0,0,0,0,0,0,0,0,0,0,0,0,0,0,0,0,0,0,0,0,45708,4050,22696,18646,18646,0,0,3322,0,0,19,0,0,0,0,0,0,0,1,0,1,0,0,0,0,0,0,0,0,0,0,0,0,0,0,0,0,0,0,0,0,714,24,0
1774383146.001158,1158,ubuntu-rog,1,0,0,9823721,0,1539438,3930045,497827,0,66,0,0,0,0,0,1549573147,0,0,4907,1550723783,0,0,1539438,3930045,497827,0,244545,144109,0,0,0,0,0,0,0,0,0,0,1533228,102649,4434236,66,0,0,6367,0,0,0,0,0,0,0,36649627,34034944,0,0,89759,89759,15328,13839,0,0,0,0,0,0,0,0,0,2826425,1411487,0,262144,6535356,169693513,0,0,1026,1025,1568343384,0,0,0,0,0,0,0,0,0,0,0,0,1578189195,0,13999,1857070,1433402523,22701,0,0,98991398,0,0,0,0,0,0,0,0,0,0,0,0,0,0,0,0,0,0,0,14582,0,0,0,0,0,0,0,0,0,0,0,0,0,0,0,0,0,0,0,0,0,0,0,0,45708,4050,22696,18646,18646,0,0,3322,0,0,19,0,0,0,0,0,0,0,1,0,1,0,0,0,0,0,0,0,0,0,0,0,0,0,0,0,0,0,0,0,0,714,24,0
1774383147.001158,1158,ubuntu-rog,1,0,0,9823721,0,1539438,3930045,497827,0,66,0,0,0,0,0,1549573167,0,0,4907,1550723803,0,0,1539438,3930045,497827,0,244545,144109,0,0,0,0,0,0,0,0,0,0,1533228,102649,4434236,66,0,0,6367,0,0,0,0,0,0,0,36649627,34034944,0,0,89759,89759,15328,13839,0,0,0,0,0,0,0,0,0,2826425,1411487,0,262144,6535356,169693513,0,0,1026,1025,1568343404,0,0,0,0,0,0,0,0,0,0,0,0,1578189215,0,13999,1857070,1433402527,22701,0,0,98991402,0,0,0,0,0,0,0,0,0,0,0,0,0,0,0,0,0,0,0,14582,0,0,0,0,0,0,0,0,0,0,0,0,0,0,0,0,0,0,0,0,0,0,0,0,45708,4050,22696,18646,18646,0,0,3322,0,0,19,0,0,0,0,0,0,0,1,0,1,0,0,0,0,0,0,0,0,0,0,0,0,0,0,0,0,0,0,0,0,714,24,0
1774383148.001263,1263,ubuntu-rog,1,0,0,9823721,0,1539438,3930045,497827,0,66,0,0,0,0,0,1549573196,0,0,4907,1550723832,0,0,1539438,3930045,497827,0,244545,144109,0,0,0,0,0,0,0,0,0,0,1533228,102649,4434236,66,0,0,6367,0,0,0,0,0,0,0,36649627,34034944,0,0,89759,89759,15328,13839,0,0,0,0,0,0,0,0,0,2826425,1411487,0,262144,6535356,169693513,0,0,1026,1025,1568343433,0,0,0,0,0,0,0,0,0,0,0,0,1578189244,0,13999,1857070,1433402527,22701,0,0,98991402,0,0,0,0,0,0,0,0,0,0,0,0,0,0,0,0,0,0,0,14582,0,0,0,0,0,0,0,0,0,0,0,0,0,0,0,0,0,0,0,0,0,0,0,0,45708,4050,22696,18646,18646,0,0,3322,0,0,19,0,0,0,0,0,0,0,1,0,1,0,0,0,0,0,0,0,0,0,0,0,0,0,0,0,0,0,0,0,0,714,24,0
1774383149.001302,1302,ubuntu-rog,1,0,0,9822713,0,1539438,3930045,497827,0,70,0,0,0,0,0,1549573230,0,0,4907,1550723866,0,0,1539438,3930045,497827,0,244546,144109,0,0,0,0,0,0,0,0,0,0,1533228,102649,4434238,70,0,0,6367,0,0,0,0,0,0,0,36649631,34034944,0,0,89759,89759,15328,13839,0,0,0,0,0,0,0,0,0,2826224,1411386,0,262144,6535356,169693513,0,0,1026,1025,1568343467,0,0,0,0,0,0,0,0,0,0,0,0,1578189275,0,13999,1857070,1433402527,22701,0,0,98991402,0,0,0,0,0,0,0,0,0,0,0,0,0,0,0,0,0,0,0,14582,0,0,0,0,0,0,0,0,0,0,0,0,0,0,0,0,0,0,0,0,0,0,0,0,45708,4050,22696,18646,18646,0,0,3322,0,0,19,0,0,0,0,0,0,0,1,0,1,0,0,0,0,0,0,0,0,0,0,0,0,0,0,0,0,0,0,0,0,714,24,0
1774383150.001302,1302,ubuntu-rog,1,0,0,9822814,0,1539438,3930045,497827,0,72,0,0,0,0,0,1549573260,0,0,4907,1550723896,0,0,1539438,3930045,497827,0,244546,144109,0,0,0,0,0,0,0,0,0,0,1533228,102649,4434239,72,0,0,6367,0,0,0,0,0,0,0,36649633,34034944,0,0,89759,89759,15328,13839,0,0,0,0,0,0,0,0,0,2826244,1411396,0,262144,6535356,169693513,0,0,1026,1025,1568343497,0,0,0,0,0,0,0,0,0,0,0,0,1578189304,0,13999,1857070,1433402527,22701,0,0,98991402,0,0,0,0,0,0,0,0,0,0,0,0,0,0,0,0,0,0,0,14582,0,0,0,0,0,0,0,0,0,0,0,0,0,0,0,0,0,0,0,0,0,0,0,0,45708,4050,22696,18646,18646,0,0,3322,0,0,19,0,0,0,0,0,0,0,1,0,1,0,0,0,0,0,0,0,0,0,0,0,0,0,0,0,0,0,0,0,0,714,24,0
1774383151.001154,1154,ubuntu-rog,1,0,0,9823036,0,1539438,3930045,497827,0,72,0,0,0,0,0,1549573299,0,0,4907,1550723935,0,0,1539438,3930045,497827,0,244546,144109,0,0,0,0,0,0,0,0,0,0,1533228,102649,4434239,72,0,0,6367,0,0,0,0,0,0,0,36649633,34034944,0,0,89759,89759,15328,13839,0,0,0,0,0,0,0,0,0,2826288,1411418,0,262144,6535356,169693537,0,0,1026,1025,1568343536,0,0,0,0,0,0,0,0,0,0,0,0,1578189343,0,13999,1857070,1433402527,22701,0,0,98991402,0,0,0,0,0,0,0,0,0,0,0,0,0,0,0,0,0,0,0,14582,0,0,0,0,0,0,0,0,0,0,0,0,0,0,0,0,0,0,0,0,0,0,0,0,45708,4050,22696,18646,18646,0,0,3322,0,0,19,0,0,0,0,0,0,0,1,0,1,0,0,0,0,0,0,0,0,0,0,0,0,0,0,0,0,0,0,0,0,714,24,0
1774383152.002151,2151,ubuntu-rog,1,0,0,9823296,0,1539438,3930045,497827,0,74,0,0,0,0,0,1549573321,0,0,4907,1550723957,0,0,1539438,3930045,497827,0,244546,144109,0,0,0,0,0,0,0,0,0,0,1533228,102649,4434239,74,0,0,6367,0,0,0,0,0,0,0,36649635,34034944,0,0,89759,89759,15328,13839,0,0,0,0,0,0,0,0,0,2826340,1411444,0,262144,6535356,169693537,0,0,1026,1025,1568343558,0,0,0,0,0,0,0,0,0,0,0,0,1578189365,0,13999,1857070,1433402527,22701,0,0,98991402,0,0,0,0,0,0,0,0,0,0,0,0,0,0,0,0,0,0,0,14582,0,0,0,0,0,0,0,0,0,0,0,0,0,0,0,0,0,0,0,0,0,0,0,0,45708,4050,22696,18646,18646,0,0,3322,0,0,19,0,0,0,0,0,0,0,1,0,1,0,0,0,0,0,0,0,0,0,0,0,0,0,0,0,0,0,0,0,0,714,24,0
1774383153.001266,1266,ubuntu-rog,1,0,0,9823427,0,1539438,3930045,497827,0,75,0,0,0,0,0,1549573351,0,0,4907,1550723987,0,0,1539438,3930045,497827,0,244546,144109,0,0,0,0,0,0,0,0,0,0,1533228,102649,4434240,75,0,0,6367,0,0,0,0,0,0,0,36649636,34034944,0,0,89759,89759,15328,13839,0,0,0,0,0,0,0,0,0,2826366,1411457,0,262144,6535356,169693537,0,0,1026,1025,1568343588,0,0,0,0,0,0,0,0,0,0,0,0,1578189394,0,13999,1857070,1433402527,22701,0,0,98991402,0,0,0,0,0,0,0,0,0,0,0,0,0,0,0,0,0,0,0,14582,0,0,0,0,0,0,0,0,0,0,0,0,0,0,0,0,0,0,0,0,0,0,0,0,45708,4050,22696,18646,18646,0,0,3322,0,0,19,0,0,0,0,0,0,0,1,0,1,0,0,0,0,0,0,0,0,0,0,0,0,0,0,0,0,0,0,0,0,714,24,0
1774383154.001295,1295,ubuntu-rog,1,0,0,9823427,0,1539438,3930045,497827,0,75,0,0,0,0,0,1549573380,0,0,4907,1550724016,0,0,1539438,3930045,497827,0,244546,144109,0,0,0,0,0,0,0,0,0,0,1533228,102649,4434240,75,0,0,6367,0,0,0,0,0,0,0,36649636,34034944,0,0,89759,89759,15328,13839,0,0,0,0,0,0,0,0,0,2826366,1411457,0,262144,6535356,169693537,0,0,1026,1025,1568343617,0,0,0,0,0,0,0,0,0,0,0,0,1578189423,0,13999,1857070,1433402527,22701,0,0,98991402,0,0,0,0,0,0,0,0,0,0,0,0,0,0,0,0,0,0,0,14582,0,0,0,0,0,0,0,0,0,0,0,0,0,0,0,0,0,0,0,0,0,0,0,0,45708,4050,22696,18646,18646,0,0,3322,0,0,19,0,0,0,0,0,0,0,1,0,1,0,0,0,0,0,0,0,0,0,0,0,0,0,0,0,0,0,0,0,0,714,24,0
1774383155.001296,1296,ubuntu-rog,1,0,0,9823427,0,1539438,3930045,497827,0,75,0,0,0,0,0,1549573403,0,0,4907,1550724039,0,0,1539438,3930045,497827,0,244546,144109,0,0,0,0,0,0,0,0,0,0,1533228,102649,4434240,75,0,0,6367,0,0,0,0,0,0,0,36649636,34034944,0,0,89759,89759,15328,13839,0,0,0,0,0,0,0,0,0,2826366,1411457,0,262144,6535356,169693537,0,0,1026,1025,1568343640,0,0,0,0,0,0,0,0,0,0,0,0,1578189446,0,13999,1857070,1433402527,22701,0,0,98991402,0,0,0,0,0,0,0,0,0,0,0,0,0,0,0,0,0,0,0,14582,0,0,0,0,0,0,0,0,0,0,0,0,0,0,0,0,0,0,0,0,0,0,0,0,45708,4050,22696,18646,18646,0,0,3322,0,0,19,0,0,0,0,0,0,0,1,0,1,0,0,0,0,0,0,0,0,0,0,0,0,0,0,0,0,0,0,0,0,714,24,0
1774383156.002151,2151,ubuntu-rog,1,0,0,9823427,0,1539438,3930045,497827,0,76,0,0,0,0,0,1549573435,0,0,4907,1550724071,0,0,1539438,3930045,497827,0,244546,144109,0,0,0,0,0,0,0,0,0,0,1533228,102649,4434241,76,0,0,6367,0,0,0,0,0,0,0,36649637,34034944,0,0,89759,89759,15328,13839,0,0,0,0,0,0,0,0,0,2826366,1411457,0,262144,6535356,169693553,0,0,1026,1025,1568343672,0,0,0,0,0,0,0,0,0,0,0,0,1578189477,0,13999,1857070,1433402527,22701,0,0,98991402,0,0,0,0,0,0,0,0,0,0,0,0,0,0,0,0,0,0,0,14582,0,0,0,0,0,0,0,0,0,0,0,0,0,0,0,0,0,0,0,0,0,0,0,0,45708,4050,22696,18646,18646,0,0,3322,0,0,19,0,0,0,0,0,0,0,1,0,1,0,0,0,0,0,0,0,0,0,0,0,0,0,0,0,0,0,0,0,0,714,24,0
1774383157.001160,1160,ubuntu-rog,1,0,0,9823427,0,1539438,3930045,497827,0,77,0,0,0,0,0,1549573465,0,0,4907,1550724101,0,0,1539438,3930045,497827,0,244546,144109,0,0,0,0,0,0,0,0,0,0,1533228,102649,4434242,77,0,0,6367,0,0,0,0,0,0,0,36649638,34034944,0,0,89759,89759,15328,13839,0,0,0,0,0,0,0,0,0,2826366,1411457,0,262144,6535356,169693553,0,0,1026,1025,1568343702,0,0,0,0,0,0,0,0,0,0,0,0,1578189506,0,13999,1857070,1433402527,22701,0,0,98991402,0,0,0,0,0,0,0,0,0,0,0,0,0,0,0,0,0,0,0,14582,0,0,0,0,0,0,0,0,0,0,0,0,0,0,0,0,0,0,0,0,0,0,0,0,45708,4050,22696,18646,18646,0,0,3322,0,0,19,0,0,0,0,0,0,0,1,0,1,0,0,0,0,0,0,0,0,0,0,0,0,0,0,0,0,0,0,0,0,714,24,0
1774383158.001260,1260,ubuntu-rog,1,0,0,9823427,0,1539438,3930045,497827,0,77,0,0,0,0,0,1549573488,0,0,4907,1550724124,0,0,1539438,3930045,497827,0,244546,144109,0,0,0,0,0,0,0,0,0,0,1533228,102649,4434242,77,0,0,6367,0,0,0,0,0,0,0,36649638,34034944,0,0,89759,89759,15328,13839,0,0,0,0,0,0,0,0,0,2826366,1411457,0,262144,6535356,169693553,0,0,1026,1025,1568343725,0,0,0,0,0,0,0,0,0,0,0,0,1578189529,0,13999,1857070,1433402527,22701,0,0,98991402,0,0,0,0,0,0,0,0,0,0,0,0,0,0,0,0,0,0,0,14582,0,0,0,0,0,0,0,0,0,0,0,0,0,0,0,0,0,0,0,0,0,0,0,0,45708,4050,22696,18646,18646,0,0,3322,0,0,19,0,0,0,0,0,0,0,1,0,1,0,0,0,0,0,0,0,0,0,0,0,0,0,0,0,0,0,0,0,0,714,24,0
1774383159.001292,1292,ubuntu-rog,1,0,0,9823490,0,1539438,3930045,497827,0,77,0,0,0,0,0,1549573519,0,0,4907,1550724155,0,0,1539438,3930045,497827,0,244546,144109,0,0,0,0,0,0,0,0,0,0,1533228,102649,4434242,77,0,0,6367,0,0,0,0,0,0,0,36649638,34034944,0,0,89759,89759,15328,13839,0,0,0,0,0,0,0,0,0,2826379,1411464,0,262144,6535356,169693553,0,0,1026,1025,1568343756,0,0,0,0,0,0,0,0,0,0,0,0,1578189560,0,13999,1857070,1433402527,22701,0,0,98991402,0,0,0,0,0,0,0,0,0,0,0,0,0,0,0,0,0,0,0,14582,0,0,0,0,0,0,0,0,0,0,0,0,0,0,0,0,0,0,0,0,0,0,0,0,45708,4050,22696,18646,18646,0,0,3322,0,0,19,0,0,0,0,0,0,0,1,0,1,0,0,0,0,0,0,0,0,0,0,0,0,0,0,0,0,0,0,0,0,714,24,0
1774383160.002304,2304,ubuntu-rog,1,0,0,9823490,0,1539438,3930045,497827,0,78,0,0,0,0,0,1549573549,0,0,4907,1550724185,0,0,1539438,3930045,497827,0,244546,144109,0,0,0,0,0,0,0,0,0,0,1533228,102649,4434243,78,0,0,6367,0,0,0,0,0,0,0,36649639,34034944,0,0,89759,89759,15328,13839,0,0,0,0,0,0,0,0,0,2826379,1411464,0,262144,6535356,169693553,0,0,1026,1025,1568343786,0,0,0,0,0,0,0,0,0,0,0,0,1578189589,0,13999,1857070,1433402527,22701,0,0,98991402,0,0,0,0,0,0,0,0,0,0,0,0,0,0,0,0,0,0,0,14582,0,0,0,0,0,0,0,0,0,0,0,0,0,0,0,0,0,0,0,0,0,0,0,0,45708,4050,22696,18646,18646,0,0,3322,0,0,19,0,0,0,0,0,0,0,1,0,1,0,0,0,0,0,0,0,0,0,0,0,0,0,0,0,0,0,0,0,0,714,24,0
1774383161.001154,1154,ubuntu-rog,1,0,0,9823490,0,1539438,3930045,497827,0,78,0,0,0,0,0,1549573573,0,0,4907,1550724209,0,0,1539438,3930045,497827,0,244546,144109,0,0,0,0,0,0,0,0,0,0,1533228,102649,4434243,78,0,0,6367,0,0,0,0,0,0,0,36649639,34034944,0,0,89759,89759,15328,13839,0,0,0,0,0,0,0,0,0,2826379,1411464,0,262144,6535356,169693569,0,0,1026,1025,1568343810,0,0,0,0,0,0,0,0,0,0,0,0,1578189612,0,13999,1857070,1433402527,22701,0,0,98991402,0,0,0,0,0,0,0,0,0,0,0,0,0,0,0,0,0,0,0,14582,0,0,0,0,0,0,0,0,0,0,0,0,0,0,0,0,0,0,0,0,0,0,0,0,45708,4050,22696,18646,18646,0,0,3322,0,0,19,0,0,0,0,0,0,0,1,0,1,0,0,0,0,0,0,0,0,0,0,0,0,0,0,0,0,0,0,0,0,714,24,0
1774383162.001161,1161,ubuntu-rog,1,0,0,9823490,0,1539481,3930064,497827,0,80,0,0,0,0,0,1549573661,0,0,4907,1550724297,0,0,1539481,3930064,497827,0,244546,144109,0,0,0,0,0,0,0,0,0,0,1533283,102649,4434246,80,0,0,6367,0,0,0,0,0,0,0,36649641,34034944,0,0,89759,89759,15328,13839,0,0,0,0,0,0,0,0,0,2826383,1411466,0,262144,6535356,169693569,0,0,1026,1025,1568343898,0,0,0,0,0,0,0,0,0,0,0,0,1578189643,0,13999,1857070,1433402583,22701,0,0,98991403,0,0,0,0,0,0,0,0,0,0,0,0,0,0,0,0,0,0,0,14582,0,0,0,0,0,0,0,0,0,0,0,0,0,0,0,0,0,0,0,0,0,0,0,0,45708,4050,22696,18646,18646,0,0,3322,0,0,19,0,0,0,0,0,0,0,1,0,1,0,0,0,0,0,0,0,0,0,0,0,0,0,0,0,0,0,0,0,0,714,24,0
1774383163.001259,1259,ubuntu-rog,1,0,0,9823490,0,1539481,3930064,497827,0,80,0,0,0,0,0,1549573691,0,0,4907,1550724327,0,0,1539481,3930064,497827,0,244546,144109,0,0,0,0,0,0,0,0,0,0,1533283,102649,4434246,80,0,0,6367,0,0,0,0,0,0,0,36649641,34034944,0,0,89759,89759,15328,13839,0,0,0,0,0,0,0,0,0,2826383,1411466,0,262144,6535356,169693569,0,0,1026,1025,1568343928,0,0,0,0,0,0,0,0,0,0,0,0,1578189673,0,13999,1857070,1433402583,22701,0,0,98991403,0,0,0,0,0,0,0,0,0,0,0,0,0,0,0,0,0,0,0,14582,0,0,0,0,0,0,0,0,0,0,0,0,0,0,0,0,0,0,0,0,0,0,0,0,45708,4050,22696,18646,18646,0,0,3322,0,0,19,0,0,0,0,0,0,0,1,0,1,0,0,0,0,0,0,0,0,0,0,0,0,0,0,0,0,0,0,0,0,714,24,0
1774383164.002302,2302,ubuntu-rog,1,0,0,9823490,0,1539563,3930064,497827,0,81,0,0,0,0,0,1549573912,0,0,4907,1550724548,0,0,1539563,3930064,497827,0,244546,144109,0,0,0,0,0,0,0,0,0,0,1533340,102649,4434247,81,0,0,6367,0,0,0,0,0,0,0,36649642,34034944,0,0,89759,89759,15328,13839,0,0,0,0,0,0,0,0,0,2826383,1411466,0,262144,6535356,169693569,0,0,1026,1025,1568344149,0,0,0,0,0,0,0,0,0,0,0,0,1578189836,0,13999,1857070,1433402775,22701,0,0,98991403,0,0,0,0,0,0,0,0,0,0,0,0,0,0,0,0,0,0,0,14582,0,0,0,0,0,0,0,0,0,0,0,0,0,0,0,0,0,0,0,0,0,0,0,0,45708,4050,22696,18646,18646,0,0,3322,0,0,19,0,0,0,0,0,0,0,1,0,1,0,0,0,0,0,0,0,0,0,0,0,0,0,0,0,0,0,0,0,0,714,24,0
1774383165.001307,1307,ubuntu-rog,1,0,0,9823490,0,1539563,3930064,497827,0,81,0,0,0,0,0,1549573941,0,0,4907,1550724577,0,0,1539563,3930064,497827,0,244546,144109,0,0,0,0,0,0,0,0,0,0,1533340,102649,4434247,81,0,0,6367,0,0,0,0,0,0,0,36649642,34034944,0,0,89759,89759,15328,13839,0,0,0,0,0,0,0,0,0,2826383,1411466,0,262144,6535356,169693569,0,0,1026,1025,1568344178,0,0,0,0,0,0,0,0,0,0,0,0,1578189865,0,13999,1857070,1433402775,22701,0,0,98991403,0,0,0,0,0,0,0,0,0,0,0,0,0,0,0,0,0,0,0,14582,0,0,0,0,0,0,0,0,0,0,0,0,0,0,0,0,0,0,0,0,0,0,0,0,45708,4050,22696,18646,18646,0,0,3322,0,0,19,0,0,0,0,0,0,0,1,0,1,0,0,0,0,0,0,0,0,0,0,0,0,0,0,0,0,0,0,0,0,714,24,0
1774383166.001431,1431,ubuntu-rog,1,0,0,9823490,0,1539563,3930064,497827,0,81,0,0,0,0,0,1549573962,0,0,4907,1550724598,0,0,1539563,3930064,497827,0,244546,144109,0,0,0,0,0,0,0,0,0,0,1533340,102649,4434247,81,0,0,6367,0,0,0,0,0,0,0,36649642,34034944,0,0,89759,89759,15328,13839,0,0,0,0,0,0,0,0,0,2826383,1411466,0,262144,6535356,169693585,0,0,1026,1025,1568344199,0,0,0,0,0,0,0,0,0,0,0,0,1578189886,0,13999,1857070,1433402775,22701,0,0,98991403,0,0,0,0,0,0,0,0,0,0,0,0,0,0,0,0,0,0,0,14582,0,0,0,0,0,0,0,0,0,0,0,0,0,0,0,0,0,0,0,0,0,0,0,0,45708,4050,22696,18646,18646,0,0,3322,0,0,19,0,0,0,0,0,0,0,1,0,1,0,0,0,0,0,0,0,0,0,0,0,0,0,0,0,0,0,0,0,0,714,24,0
1774383167.001645,1645,ubuntu-rog,1,0,0,8990980,0,2369756,3930064,497827,0,82,0,0,0,0,0,1550405889,0,0,4907,1551556525,0,0,2369756,3930064,497827,0,244546,144109,0,0,0,0,0,0,0,0,0,0,2363549,102649,4434248,82,0,0,6367,0,0,0,0,0,0,0,36649643,34034944,0,0,89759,89759,15328,15412,0,0,0,0,0,0,0,0,0,2659921,1328337,0,262144,6535356,169693585,0,0,1026,1025,1569176155,0,0,0,0,0,0,0,0,0,0,0,0,1578189915,0,13999,1857070,1434233075,22701,0,0,98991403,0,0,0,0,0,0,0,0,0,0,0,0,0,0,0,0,0,0,0,14582,0,0,0,0,0,0,0,0,0,0,0,0,0,0,0,0,0,0,0,0,0,0,0,0,45708,4050,22696,18646,18646,0,0,3322,0,0,19,0,0,0,0,0,0,0,1,0,1,0,0,0,0,0,0,0,0,0,0,0,0,0,0,0,0,0,0,0,0,714,24,0
1774383168.002212,2212,ubuntu-rog,1,0,0,8396173,0,2866355,3930064,497827,0,83,0,0,0,0,0,1551179610,0,0,4907,1552330246,0,0,2866355,3930064,497827,0,244546,144109,0,0,0,0,0,0,0,0,0,0,2860170,102649,4434249,83,0,0,6367,0,0,0,0,0,0,0,36649644,34034944,0,0,89759,89759,15328,16477,0,0,0,0,0,0,0,0,0,2540989,1268943,0,262144,6535356,169693585,0,0,1026,1025,1569949847,0,0,0,0,0,0,0,0,0,0,0,0,1578466189,0,13999,1857070,1435005206,22701,0,0,98991403,0,0,0,0,0,0,0,0,0,0,0,0,0,0,0,0,0,0,0,14582,0,0,0,0,0,0,0,0,0,0,0,0,0,0,0,0,0,0,0,0,0,0,0,0,45708,4050,22696,18646,18646,0,0,3322,0,0,19,0,0,0,0,0,0,0,1,0,1,0,0,0,0,0,0,0,0,0,0,0,0,0,0,0,0,0,0,0,0,714,24,0
1774383169.001278,1278,ubuntu-rog,1,0,0,8398144,0,2866268,3930064,497827,0,83,0,0,0,0,0,1551179635,0,0,4907,1552330271,0,0,2866268,3930064,497827,0,244546,144109,0,0,0,0,0,0,0,0,0,0,2860086,102649,4434249,83,0,0,6367,0,0,0,0,0,0,0,36649644,34034944,0,0,89759,89759,15328,16436,0,0,0,0,0,0,0,0,0,2541383,1269140,0,262144,6535356,169693585,0,0,1026,1025,1569949879,0,0,0,0,0,0,0,0,0,0,0,0,1578466221,0,13999,1857070,1435005206,22701,0,0,98991403,0,0,0,0,0,0,0,0,0,0,0,0,0,0,0,0,0,0,0,14582,0,0,0,0,0,0,0,0,0,0,0,0,0,0,0,0,0,0,0,0,0,0,0,0,45708,4050,22696,18646,18646,0,0,3322,0,0,19,0,0,0,0,0,0,0,1,0,1,0,0,0,0,0,0,0,0,0,0,0,0,0,0,0,0,0,0,0,0,714,24,0
1774383170.001299,1299,ubuntu-rog,1,0,0,8400160,0,2866268,3930064,497827,0,83,0,0,0,0,0,1551179662,0,0,4907,1552330298,0,0,2866268,3930064,497827,0,244546,144109,0,0,0,0,0,0,0,0,0,0,2860086,102649,4434249,83,0,0,6367,0,0,0,0,0,0,0,36649644,34034944,0,0,89759,89759,15328,16436,0,0,0,0,0,0,0,0,0,2541786,1269341,0,262144,6535356,169693585,0,0,1026,1025,1569949906,0,0,0,0,0,0,0,0,0,0,0,0,1578466248,0,13999,1857070,1435005206,22701,0,0,98991403,0,0,0,0,0,0,0,0,0,0,0,0,0,0,0,0,0,0,0,14582,0,0,0,0,0,0,0,0,0,0,0,0,0,0,0,0,0,0,0,0,0,0,0,0,45708,4050,22696,18646,18646,0,0,3322,0,0,19,0,0,0,0,0,0,0,1,0,1,0,0,0,0,0,0,0,0,0,0,0,0,0,0,0,0,0,0,0,0,714,24,0
1774383171.001160,1160,ubuntu-rog,1,0,0,8402176,0,2866294,3930064,497827,0,66,0,0,0,0,0,1551179689,0,0,4907,1552330325,0,0,2866294,3930064,497827,0,244546,144109,0,0,0,0,0,0,0,0,0,0,2860086,102649,4434250,66,0,0,6367,0,0,0,0,0,0,0,36649645,34034962,0,0,89759,89759,15328,16436,0,0,0,0,0,0,0,0,0,2542189,1269542,0,262144,6535356,169693665,0,0,1026,1025,1569949933,0,0,0,0,0,0,0,0,0,0,0,0,1578466274,0,13999,1857070,1435005206,22701,0,0,98991403,0,0,0,0,0,0,0,0,0,0,0,0,0,0,0,0,0,0,0,14582,0,0,0,0,0,0,0,0,0,0,0,0,0,0,0,0,0,0,0,0,0,0,0,0,45708,4050,22696,18646,18646,0,0,3322,0,0,19,0,0,0,0,0,0,0,1,0,1,0,0,0,0,0,0,0,0,0,0,0,0,0,0,0,0,0,0,0,0,714,24,0
1774383172.002157,2157,ubuntu-rog,1,0,0,8404192,0,2866294,3930064,497827,0,67,0,0,0,0,0,1551179712,0,0,4907,1552330348,0,0,2866294,3930064,497827,0,244546,144109,0,0,0,0,0,0,0,0,0,0,2860086,102649,4434250,67,0,0,6367,0,0,0,0,0,0,0,36649646,34034962,0,0,89759,89759,15328,16436,0,0,0,0,0,0,0,0,0,2542592,1269744,0,262144,6535356,169693665,0,0,1026,1025,1569949956,0,0,0,0,0,0,0,0,0,0,0,0,1578466297,0,13999,1857070,1435005206,22701,0,0,98991403,0,0,0,0,0,0,0,0,0,0,0,0,0,0,0,0,0,0,0,14582,0,0,0,0,0,0,0,0,0,0,0,0,0,0,0,0,0,0,0,0,0,0,0,0,45708,4050,22696,18646,18646,0,0,3322,0,0,19,0,0,0,0,0,0,0,1,0,1,0,0,0,0,0,0,0,0,0,0,0,0,0,0,0,0,0,0,0,0,714,24,0
1774383173.001261,1261,ubuntu-rog,1,0,0,8406208,0,2866294,3930064,497827,0,67,0,0,0,0,0,1551179744,0,0,4907,1552330380,0,0,2866294,3930064,497827,0,244546,144109,0,0,0,0,0,0,0,0,0,0,2860086,102649,4434250,67,0,0,6367,0,0,0,0,0,0,0,36649646,34034962,0,0,89759,89759,15328,16436,0,0,0,0,0,0,0,0,0,2542995,1269945,0,262144,6535356,169693665,0,0,1026,1025,1569949988,0,0,0,0,0,0,0,0,0,0,0,0,1578466329,0,13999,1857070,1435005206,22701,0,0,98991403,0,0,0,0,0,0,0,0,0,0,0,0,0,0,0,0,0,0,0,14582,0,0,0,0,0,0,0,0,0,0,0,0,0,0,0,0,0,0,0,0,0,0,0,0,45708,4050,22696,18646,18646,0,0,3322,0,0,19,0,0,0,0,0,0,0,1,0,1,0,0,0,0,0,0,0,0,0,0,0,0,0,0,0,0,0,0,0,0,714,24,0
1774383174.001303,1303,ubuntu-rog,1,0,0,8408224,0,2866322,3930067,497827,0,70,0,0,0,0,0,1551179777,0,0,4907,1552330413,0,0,2866322,3930067,497827,0,244546,144109,0,0,0,0,0,0,0,0,0,0,2860086,102649,4434253,70,0,0,6367,0,0,0,0,0,0,0,36649649,34034962,0,0,89759,89759,15328,16436,0,0,0,0,0,0,0,0,0,2543399,1270147,0,262144,6535356,169693665,0,0,1026,1025,1569950021,0,0,0,0,0,0,0,0,0,0,0,0,1578466359,0,13999,1857070,1435005206,22701,0,0,98991403,0,0,0,0,0,0,0,0,0,0,0,0,0,0,0,0,0,0,0,14582,0,0,0,0,0,0,0,0,0,0,0,0,0,0,0,0,0,0,0,0,0,0,0,0,45708,4050,22696,18646,18646,0,0,3322,0,0,19,0,0,0,0,0,0,0,1,0,1,0,0,0,0,0,0,0,0,0,0,0,0,0,0,0,0,0,0,0,0,714,24,0
1774383175.001301,1301,ubuntu-rog,1,0,0,8410240,0,2866322,3930067,497827,0,70,0,0,0,0,0,1551179802,0,0,4907,1552330438,0,0,2866322,3930067,497827,0,244546,144109,0,0,0,0,0,0,0,0,0,0,2860086,102649,4434253,70,0,0,6367,0,0,0,0,0,0,0,36649649,34034962,0,0,89759,89759,15328,16436,0,0,0,0,0,0,0,0,0,2543802,1270348,0,262144,6535356,169693665,0,0,1026,1025,1569950046,0,0,0,0,0,0,0,0,0,0,0,0,1578466384,0,13999,1857070,1435005206,22701,0,0,98991403,0,0,0,0,0,0,0,0,0,0,0,0,0,0,0,0,0,0,0,14582,0,0,0,0,0,0,0,0,0,0,0,0,0,0,0,0,0,0,0,0,0,0,0,0,45708,4050,22696,18646,18646,0,0,3322,0,0,19,0,0,0,0,0,0,0,1,0,1,0,0,0,0,0,0,0,0,0,0,0,0,0,0,0,0,0,0,0,0,714,24,0
1774383176.002153,2153,ubuntu-rog,1,0,0,8412256,0,2866322,3930067,497827,0,20,0,0,0,0,0,1551179832,0,0,4907,1552330468,0,0,2866322,3930067,497827,0,244546,144109,0,0,0,0,0,0,0,0,0,0,2860086,102649,4434253,20,0,0,6367,0,0,0,0,0,0,0,36649649,34035012,0,0,89759,89759,15328,16436,0,0,0,0,0,0,0,0,0,2544205,1270549,0,262144,6535356,169693881,0,0,1026,1025,1569950076,0,0,0,0,0,0,0,0,0,0,0,0,1578466413,0,13999,1857070,1435005206,22701,0,0,98991403,0,0,0,0,0,0,0,0,0,0,0,0,0,0,0,0,0,0,0,14582,0,0,0,0,0,0,0,0,0,0,0,0,0,0,0,0,0,0,0,0,0,0,0,0,45708,4050,22696,18646,18646,0,0,3322,0,0,19,0,0,0,0,0,0,0,1,0,1,0,0,0,0,0,0,0,0,0,0,0,0,0,0,0,0,0,0,0,0,714,24,0
1774383177.001161,1161,ubuntu-rog,1,0,0,8414272,0,2866322,3930067,497827,0,22,0,0,0,0,0,1551179862,0,0,4907,1552330498,0,0,2866322,3930067,497827,0,244546,144109,0,0,0,0,0,0,0,0,0,0,2860086,102649,4434255,22,0,0,6367,0,0,0,0,0,0,0,36649651,34035012,0,0,89759,89759,15328,16436,0,0,0,0,0,0,0,0,0,2544609,1270751,0,262144,6535356,169693881,0,0,1026,1025,1569950106,0,0,0,0,0,0,0,0,0,0,0,0,1578466442,0,13999,1857070,1435005206,22701,0,0,98991403,0,0,0,0,0,0,0,0,0,0,0,0,0,0,0,0,0,0,0,14582,0,0,0,0,0,0,0,0,0,0,0,0,0,0,0,0,0,0,0,0,0,0,0,0,45708,4050,22696,18646,18646,0,0,3322,0,0,19,0,0,0,0,0,0,0,1,0,1,0,0,0,0,0,0,0,0,0,0,0,0,0,0,0,0,0,0,0,0,714,24,0
1774383178.001263,1263,ubuntu-rog,1,0,0,8416288,0,2866322,3930067,497827,0,22,0,0,0,0,0,1551179891,0,0,4907,1552330527,0,0,2866322,3930067,497827,0,244546,144109,0,0,0,0,0,0,0,0,0,0,2860086,102649,4434255,22,0,0,6367,0,0,0,0,0,0,0,36649651,34035012,0,0,89759,89759,15328,16436,0,0,0,0,0,0,0,0,0,2545012,1270952,0,262144,6535356,169693881,0,0,1026,1025,1569950135,0,0,0,0,0,0,0,0,0,0,0,0,1578466471,0,13999,1857070,1435005206,22701,0,0,98991403,0,0,0,0,0,0,0,0,0,0,0,0,0,0,0,0,0,0,0,14582,0,0,0,0,0,0,0,0,0,0,0,0,0,0,0,0,0,0,0,0,0,0,0,0,45708,4050,22696,18646,18646,0,0,3322,0,0,19,0,0,0,0,0,0,0,1,0,1,0,0,0,0,0,0,0,0,0,0,0,0,0,0,0,0,0,0,0,0,714,24,0
1774383179.001298,1298,ubuntu-rog,1,0,0,8419314,0,2866322,3930067,497827,0,22,0,0,0,0,0,1551179924,0,0,4907,1552330560,0,0,2866322,3930067,497827,0,244546,144109,0,0,0,0,0,0,0,0,0,0,2860086,102649,4434255,22,0,0,6367,0,0,0,0,0,0,0,36649651,34035012,0,0,89759,89759,15328,16436,0,0,0,0,0,0,0,0,0,2545617,1271254,0,262144,6535356,169693881,0,0,1026,1025,1569950168,0,0,0,0,0,0,0,0,0,0,0,0,1578466504,0,13999,1857070,1435005206,22701,0,0,98991403,0,0,0,0,0,0,0,0,0,0,0,0,0,0,0,0,0,0,0,14582,0,0,0,0,0,0,0,0,0,0,0,0,0,0,0,0,0,0,0,0,0,0,0,0,45708,4050,22696,18646,18646,0,0,3322,0,0,19,0,0,0,0,0,0,0,1,0,1,0,0,0,0,0,0,0,0,0,0,0,0,0,0,0,0,0,0,0,0,714,24,0
1774383180.002299,2299,ubuntu-rog,1,0,0,8421266,0,2866322,3930070,497827,0,12,0,0,0,0,0,1551179950,0,0,4907,1552330586,0,0,2866322,3930070,497827,0,244546,144109,0,0,0,0,0,0,0,0,0,0,2860086,102649,4434255,12,0,0,6367,0,0,0,0,0,0,0,36649651,34035022,0,0,89759,89759,15328,16436,0,0,0,0,0,0,0,0,0,2546008,1271449,0,262144,6535356,169693921,0,0,1026,1025,1569950194,0,0,0,0,0,0,0,0,0,0,0,0,1578466530,0,13999,1857070,1435005206,22701,0,0,98991403,0,0,0,0,0,0,0,0,0,0,0,0,0,0,0,0,0,0,0,14582,0,0,0,0,0,0,0,0,0,0,0,0,0,0,0,0,0,0,0,0,0,0,0,0,45708,4050,22696,18646,18646,0,0,3322,0,0,19,0,0,0,0,0,0,0,1,0,1,0,0,0,0,0,0,0,0,0,0,0,0,0,0,0,0,0,0,0,0,714,24,0
1774383181.001160,1160,ubuntu-rog,1,0,0,8423282,0,2866322,3930070,497827,0,15,0,0,0,0,0,1551179985,0,0,4907,1552330621,0,0,2866322,3930070,497827,0,244546,144109,0,0,0,0,0,0,0,0,0,0,2860086,102649,4434257,15,0,0,6367,0,0,0,0,0,0,0,36649654,34035022,0,0,89759,89759,15328,16436,0,0,0,0,0,0,0,0,0,2546411,1271650,0,262144,6535356,169693921,0,0,1026,1025,1569950229,0,0,0,0,0,0,0,0,0,0,0,0,1578466563,0,13999,1857070,1435005206,22701,0,0,98991403,0,0,0,0,0,0,0,0,0,0,0,0,0,0,0,0,0,0,0,14582,0,0,0,0,0,0,0,0,0,0,0,0,0,0,0,0,0,0,0,0,0,0,0,0,45708,4050,22696,18646,18646,0,0,3322,0,0,19,0,0,0,0,0,0,0,1,0,1,0,0,0,0,0,0,0,0,0,0,0,0,0,0,0,0,0,0,0,0,714,24,0
1774383182.001158,1158,ubuntu-rog,1,0,0,8425298,0,2866322,3930070,497827,0,15,0,0,0,0,0,1551180017,0,0,4907,1552330653,0,0,2866322,3930070,497827,0,244546,144109,0,0,0,0,0,0,0,0,0,0,2860086,102649,4434258,15,0,0,6367,0,0,0,0,0,0,0,36649654,34035022,0,0,89759,89759,15328,16436,0,0,0,0,0,0,0,0,0,2546814,1271852,0,262144,6535356,169693945,0,0,1026,1025,1569950261,0,0,0,0,0,0,0,0,0,0,0,0,1578466594,0,13999,1857070,1435005206,22701,0,0,98991403,0,0,0,0,0,0,0,0,0,0,0,0,0,0,0,0,0,0,0,14582,0,0,0,0,0,0,0,0,0,0,0,0,0,0,0,0,0,0,0,0,0,0,0,0,45708,4050,22696,18646,18646,0,0,3322,0,0,19,0,0,0,0,0,0,0,1,0,1,0,0,0,0,0,0,0,0,0,0,0,0,0,0,0,0,0,0,0,0,714,24,0
1774383183.001260,1260,ubuntu-rog,1,0,0,8427314,0,2866322,3930070,497827,0,17,0,0,0,0,0,1551180044,0,0,4907,1552330680,0,0,2866322,3930070,497827,0,244546,144109,0,0,0,0,0,0,0,0,0,0,2860087,102649,4434258,17,0,0,6367,0,0,0,0,0,0,0,36649656,34035022,0,0,89759,89759,15328,16436,0,0,0,0,0,0,0,0,0,2547217,1272053,0,262144,6535356,169693945,0,0,1026,1025,1569950288,0,0,0,0,0,0,0,0,0,0,0,0,1578466620,0,13999,1857070,1435005207,22701,0,0,98991403,0,0,0,0,0,0,0,0,0,0,0,0,0,0,0,0,0,0,0,14582,0,0,0,0,0,0,0,0,0,0,0,0,0,0,0,0,0,0,0,0,0,0,0,0,45708,4050,22696,18646,18646,0,0,3322,0,0,19,0,0,0,0,0,0,0,1,0,1,0,0,0,0,0,0,0,0,0,0,0,0,0,0,0,0,0,0,0,0,714,24,0
1774383184.002295,2295,ubuntu-rog,1,0,0,8429330,0,2866322,3930070,497827,0,18,0,0,0,0,0,1551180079,0,0,4907,1552330715,0,0,2866322,3930070,497827,0,244546,144109,0,0,0,0,0,0,0,0,0,0,2860087,102649,4434259,18,0,0,6367,0,0,0,0,0,0,0,36649657,34035022,0,0,89759,89759,15328,16436,0,0,0,0,0,0,0,0,0,2547620,1272254,0,262144,6535356,169693945,0,0,1026,1025,1569950323,0,0,0,0,0,0,0,0,0,0,0,0,1578466654,0,13999,1857070,1435005207,22701,0,0,98991403,0,0,0,0,0,0,0,0,0,0,0,0,0,0,0,0,0,0,0,14582,0,0,0,0,0,0,0,0,0,0,0,0,0,0,0,0,0,0,0,0,0,0,0,0,45708,4050,22696,18646,18646,0,0,3322,0,0,19,0,0,0,0,0,0,0,1,0,1,0,0,0,0,0,0,0,0,0,0,0,0,0,0,0,0,0,0,0,0,714,24,0
1774383185.001298,1298,ubuntu-rog,1,0,0,8431346,0,2866322,3930074,497827,0,6,0,0,0,0,0,1551180109,0,0,4907,1552330745,0,0,2866322,3930074,497827,0,244546,144109,0,0,0,0,0,0,0,0,0,0,2860087,102649,4434259,6,0,0,6367,0,0,0,0,0,0,0,36649657,34035034,0,0,89759,89759,15328,16436,0,0,0,0,0,0,0,0,0,2548024,1272456,0,262144,6535356,169693993,0,0,1026,1025,1569950353,0,0,0,0,0,0,0,0,0,0,0,0,1578466684,0,13999,1857070,1435005207,22701,0,0,98991403,0,0,0,0,0,0,0,0,0,0,0,0,0,0,0,0,0,0,0,14582,0,0,0,0,0,0,0,0,0,0,0,0,0,0,0,0,0,0,0,0,0,0,0,0,45708,4050,22696,18646,18646,0,0,3322,0,0,19,0,0,0,0,0,0,0,1,0,1,0,0,0,0,0,0,0,0,0,0,0,0,0,0,0,0,0,0,0,0,714,24,0
1774383186.001158,1158,ubuntu-rog,1,0,0,8433362,0,2866322,3930074,497827,0,8,0,0,0,0,0,1551180134,0,0,4907,1552330770,0,0,2866322,3930074,497827,0,244546,144109,0,0,0,0,0,0,0,0,0,0,2860087,102649,4434260,8,0,0,6367,0,0,0,0,0,0,0,36649659,34035034,0,0,89759,89759,15328,16436,0,0,0,0,0,0,0,0,0,2548427,1272657,0,262144,6535356,169693993,0,0,1026,1025,1569950378,0,0,0,0,0,0,0,0,0,0,0,0,1578466708,0,13999,1857070,1435005207,22701,0,0,98991403,0,0,0,0,0,0,0,0,0,0,0,0,0,0,0,0,0,0,0,14582,0,0,0,0,0,0,0,0,0,0,0,0,0,0,0,0,0,0,0,0,0,0,0,0,45708,4050,22696,18646,18646,0,0,3322,0,0,19,0,0,0,0,0,0,0,1,0,1,0,0,0,0,0,0,0,0,0,0,0,0,0,0,0,0,0,0,0,0,714,24,0
1774383187.001160,1160,ubuntu-rog,1,0,0,8435378,0,2866322,3930074,497827,0,9,0,0,0,0,0,1551180170,0,0,4907,1552330806,0,0,2866322,3930074,497827,0,244546,144109,0,0,0,0,0,0,0,0,0,0,2860087,102649,4434261,9,0,0,6367,0,0,0,0,0,0,0,36649660,34035034,0,0,89759,89759,15328,16436,0,0,0,0,0,0,0,0,0,2548830,1272859,0,262144,6535356,169694017,0,0,1026,1025,1569950414,0,0,0,0,0,0,0,0,0,0,0,0,1578466741,0,13999,1857070,1435005207,22701,0,0,98991403,0,0,0,0,0,0,0,0,0,0,0,0,0,0,0,0,0,0,0,14582,0,0,0,0,0,0,0,0,0,0,0,0,0,0,0,0,0,0,0,0,0,0,0,0,45708,4050,22696,18646,18646,0,0,3322,0,0,19,0,0,0,0,0,0,0,1,0,1,0,0,0,0,0,0,0,0,0,0,0,0,0,0,0,0,0,0,0,0,714,24,0
1774383188.002262,2262,ubuntu-rog,1,0,0,8437243,0,2866381,3930077,497827,0,13,0,0,0,0,0,1551180275,0,0,4907,1552330911,0,0,2866381,3930077,497827,0,244546,144109,0,0,0,0,0,0,0,0,0,0,2860161,102649,4434264,13,0,0,6367,0,0,0,0,0,0,0,36649664,34035034,0,0,89759,89759,15328,16436,0,0,0,0,0,0,0,0,0,2549204,1273045,0,262144,6535356,169694017,0,0,1026,1025,1569950519,0,0,0,0,0,0,0,0,0,0,0,0,1578466771,0,13999,1857070,1435005281,22701,0,0,98991403,0,0,0,0,0,0,0,0,0,0,0,0,0,0,0,0,0,0,0,14582,0,0,0,0,0,0,0,0,0,0,0,0,0,0,0,0,0,0,0,0,0,0,0,0,45708,4050,22696,18646,18646,0,0,3322,0,0,19,0,0,0,0,0,0,0,1,0,1,0,0,0,0,0,0,0,0,0,0,0,0,0,0,0,0,0,0,0,0,714,24,0
1774383189.001296,1296,ubuntu-rog,1,0,0,8439764,0,2866381,3930077,497827,0,13,0,0,0,0,0,1551180297,0,0,4907,1552330933,0,0,2866381,3930077,497827,0,244546,144109,0,0,0,0,0,0,0,0,0,0,2860161,102649,4434264,13,0,0,6367,0,0,0,0,0,0,0,36649664,34035034,0,0,89759,89759,15328,16436,0,0,0,0,0,0,0,0,0,2549708,1273297,0,262144,6535356,169694017,0,0,1026,1025,1569950541,0,0,0,0,0,0,0,0,0,0,0,0,1578466793,0,13999,1857070,1435005281,22701,0,0,98991403,0,0,0,0,0,0,0,0,0,0,0,0,0,0,0,0,0,0,0,14582,0,0,0,0,0,0,0,0,0,0,0,0,0,0,0,0,0,0,0,0,0,0,0,0,45708,4050,22696,18646,18646,0,0,3322,0,0,19,0,0,0,0,0,0,0,1,0,1,0,0,0,0,0,0,0,0,0,0,0,0,0,0,0,0,0,0,0,0,714,24,0
1774383190.001302,1302,ubuntu-rog,1,0,0,8441735,0,2866381,3930077,497827,0,13,0,0,0,0,0,1551180329,0,0,4907,1552330965,0,0,2866381,3930077,497827,0,244546,144109,0,0,0,0,0,0,0,0,0,0,2860161,102649,4434264,13,0,0,6367,0,0,0,0,0,0,0,36649664,34035034,0,0,89759,89759,15328,16436,0,0,0,0,0,0,0,0,0,2550102,1273494,0,262144,6535356,169694017,0,0,1026,1025,1569950573,0,0,0,0,0,0,0,0,0,0,0,0,1578466825,0,13999,1857070,1435005281,22701,0,0,98991403,0,0,0,0,0,0,0,0,0,0,0,0,0,0,0,0,0,0,0,14582,0,0,0,0,0,0,0,0,0,0,0,0,0,0,0,0,0,0,0,0,0,0,0,0,45708,4050,22696,18646,18646,0,0,3322,0,0,19,0,0,0,0,0,0,0,1,0,1,0,0,0,0,0,0,0,0,0,0,0,0,0,0,0,0,0,0,0,0,714,24,0
1774383191.001156,1156,ubuntu-rog,1,0,0,8443751,0,2866290,3930077,497827,0,14,0,0,0,0,0,1551180364,0,0,4907,1552331000,0,0,2866290,3930077,497827,0,244546,144109,0,0,0,0,0,0,0,0,0,0,2860056,102649,4434265,14,0,0,6367,0,0,0,0,0,0,0,36649665,34035034,0,0,89759,89759,15328,16436,0,0,0,0,0,0,0,0,0,2550505,1273695,0,262144,6535356,169694017,0,0,1026,1025,1569950608,0,0,0,0,0,0,0,0,0,0,0,0,1578466949,0,13999,1857070,1435005282,22701,0,0,98991403,0,0,0,0,0,0,0,0,0,0,0,0,0,0,0,0,0,0,0,14582,0,0,0,0,0,0,0,0,0,0,0,0,0,0,0,0,0,0,0,0,0,0,0,0,45708,4050,22696,18646,18646,0,0,3322,0,0,19,0,0,0,0,0,0,0,1,0,1,0,0,0,0,0,0,0,0,0,0,0,0,0,0,0,0,0,0,0,0,714,24,0
1774383192.002157,2157,ubuntu-rog,1,0,0,8445767,0,2866290,3930077,497827,0,14,0,0,0,0,0,1551180398,0,0,4907,1552331034,0,0,2866290,3930077,497827,0,244546,144109,0,0,0,0,0,0,0,0,0,0,2860056,102649,4434265,14,0,0,6367,0,0,0,0,0,0,0,36649665,34035034,0,0,89759,89759,15328,16436,0,0,0,0,0,0,0,0,0,2550908,1273896,0,262144,6535356,169694037,0,0,1026,1025,1569950642,0,0,0,0,0,0,0,0,0,0,0,0,1578466981,0,13999,1857070,1435005286,22701,0,0,98991407,0,0,0,0,0,0,0,0,0,0,0,0,0,0,0,0,0,0,0,14582,0,0,0,0,0,0,0,0,0,0,0,0,0,0,0,0,0,0,0,0,0,0,0,0,45708,4050,22696,18646,18646,0,0,3322,0,0,19,0,0,0,0,0,0,0,1,0,1,0,0,0,0,0,0,0,0,0,0,0,0,0,0,0,0,0,0,0,0,714,24,0
1774383193.001261,1261,ubuntu-rog,1,0,0,8447783,0,2866290,3930077,497827,0,16,0,0,0,0,0,1551180431,0,0,4907,1552331067,0,0,2866290,3930077,497827,0,244546,144109,0,0,0,0,0,0,0,0,0,0,2860056,102649,4434268,16,0,0,6367,0,0,0,0,0,0,0,36649667,34035034,0,0,89759,89759,15328,16436,0,0,0,0,0,0,0,0,0,2551311,1274098,0,262144,6535356,169694037,0,0,1026,1025,1569950675,0,0,0,0,0,0,0,0,0,0,0,0,1578467013,0,13999,1857070,1435005286,22701,0,0,98991407,0,0,0,0,0,0,0,0,0,0,0,0,0,0,0,0,0,0,0,14582,0,0,0,0,0,0,0,0,0,0,0,0,0,0,0,0,0,0,0,0,0,0,0,0,45708,4050,22696,18646,18646,0,0,3322,0,0,19,0,0,0,0,0,0,0,1,0,1,0,0,0,0,0,0,0,0,0,0,0,0,0,0,0,0,0,0,0,0,714,24,0
1774383194.001300,1300,ubuntu-rog,1,0,0,8449799,0,2866290,3930077,497827,0,16,0,0,0,0,0,1551180456,0,0,4907,1552331092,0,0,2866290,3930077,497827,0,244546,144109,0,0,0,0,0,0,0,0,0,0,2860056,102649,4434268,16,0,0,6367,0,0,0,0,0,0,0,36649667,34035034,0,0,89759,89759,15328,16436,0,0,0,0,0,0,0,0,0,2551714,1274299,0,262144,6535356,169694037,0,0,1026,1025,1569950700,0,0,0,0,0,0,0,0,0,0,0,0,1578467038,0,13999,1857070,1435005286,22701,0,0,98991407,0,0,0,0,0,0,0,0,0,0,0,0,0,0,0,0,0,0,0,14582,0,0,0,0,0,0,0,0,0,0,0,0,0,0,0,0,0,0,0,0,0,0,0,0,45708,4050,22696,18646,18646,0,0,3322,0,0,19,0,0,0,0,0,0,0,1,0,1,0,0,0,0,0,0,0,0,0,0,0,0,0,0,0,0,0,0,0,0,714,24,0
1774383195.001308,1308,ubuntu-rog,1,0,0,8451626,0,2866503,3930077,497827,0,97,0,0,0,0,0,1551181165,0,0,4907,1552331801,0,0,2866503,3930077,497827,0,244546,144109,0,0,0,0,0,0,0,0,0,0,2860312,102684,4434270,97,0,0,6368,0,0,0,0,0,0,0,36649748,34035034,0,0,89759,89759,15408,16465,0,0,0,0,0,0,0,0,0,2552079,1274481,0,262144,6535356,169694037,0,0,1026,1025,1569951409,0,0,0,0,0,0,0,0,0,0,0,0,1578467460,0,13999,1857070,1435006600,22701,0,0,98991793,0,0,0,0,0,0,0,0,0,0,0,0,0,0,0,0,0,0,0,14582,0,0,0,0,0,0,0,0,0,0,0,0,0,0,0,0,0,0,0,0,0,0,0,0,45708,4050,22696,18646,18646,0,0,3322,0,0,19,0,0,0,0,0,0,0,1,0,1,0,0,0,0,0,0,0,0,0,0,0,0,0,0,0,0,0,0,0,0,714,24,0
1774383196.002153,2153,ubuntu-rog,1,0,0,8453642,0,2866503,3930077,497827,0,97,0,0,0,0,0,1551181194,0,0,4907,1552331830,0,0,2866503,3930077,497827,0,244546,144109,0,0,0,0,0,0,0,0,0,0,2860312,102684,4434270,97,0,0,6368,0,0,0,0,0,0,0,36649748,34035034,0,0,89759,89759,15408,16465,0,0,0,0,0,0,0,0,0,2552483,1274683,0,262144,6535356,169694037,0,0,1026,1025,1569951438,0,0,0,0,0,0,0,0,0,0,0,0,1578467489,0,13999,1857070,1435006600,22701,0,0,98991793,0,0,0,0,0,0,0,0,0,0,0,0,0,0,0,0,0,0,0,14582,0,0,0,0,0,0,0,0,0,0,0,0,0,0,0,0,0,0,0,0,0,0,0,0,45708,4050,22696,18646,18646,0,0,3322,0,0,19,0,0,0,0,0,0,0,1,0,1,0,0,0,0,0,0,0,0,0,0,0,0,0,0,0,0,0,0,0,0,714,24,0
1774383197.001158,1158,ubuntu-rog,1,0,0,8455658,0,2866503,3930077,497827,0,97,0,0,0,0,0,1551181219,0,0,4907,1552331855,0,0,2866503,3930077,497827,0,244546,144109,0,0,0,0,0,0,0,0,0,0,2860312,102684,4434270,97,0,0,6368,0,0,0,0,0,0,0,36649748,34035034,0,0,89759,89759,15408,16465,0,0,0,0,0,0,0,0,0,2552886,1274884,0,262144,6535356,169694065,0,0,1026,1025,1569951463,0,0,0,0,0,0,0,0,0,0,0,0,1578467513,0,13999,1857070,1435006600,22701,0,0,98991793,0,0,0,0,0,0,0,0,0,0,0,0,0,0,0,0,0,0,0,14582,0,0,0,0,0,0,0,0,0,0,0,0,0,0,0,0,0,0,0,0,0,0,0,0,45708,4050,22696,18646,18646,0,0,3322,0,0,19,0,0,0,0,0,0,0,1,0,1,0,0,0,0,0,0,0,0,0,0,0,0,0,0,0,0,0,0,0,0,714,24,0
1774383198.001265,1265,ubuntu-rog,1,0,0,8457674,0,2866503,3930077,497827,0,101,0,0,0,0,0,1551181249,0,0,4907,1552331885,0,0,2866503,3930077,497827,0,244546,144109,0,0,0,0,0,0,0,0,0,0,2860312,102684,4434272,101,0,0,6368,0,0,0,0,0,0,0,36649752,34035034,0,0,89759,89759,15408,16465,0,0,0,0,0,0,0,0,0,2553289,1275085,0,262144,6535356,169694065,0,0,1026,1025,1569951493,0,0,0,0,0,0,0,0,0,0,0,0,1578467542,0,13999,1857070,1435006600,22701,0,0,98991793,0,0,0,0,0,0,0,0,0,0,0,0,0,0,0,0,0,0,0,14582,0,0,0,0,0,0,0,0,0,0,0,0,0,0,0,0,0,0,0,0,0,0,0,0,45708,4050,22696,18646,18646,0,0,3322,0,0,19,0,0,0,0,0,0,0,1,0,1,0,0,0,0,0,0,0,0,0,0,0,0,0,0,0,0,0,0,0,0,714,24,0
1774383199.001302,1302,ubuntu-rog,1,0,0,8459880,0,2866503,3930077,497827,0,102,0,0,0,0,0,1551181282,0,0,4907,1552331918,0,0,2866503,3930077,497827,0,244546,144109,0,0,0,0,0,0,0,0,0,0,2860312,102684,4434273,102,0,0,6368,0,0,0,0,0,0,0,36649753,34035034,0,0,89759,89759,15408,16465,0,0,0,0,0,0,0,0,0,2553730,1275306,0,262144,6535356,169694065,0,0,1026,1025,1569951526,0,0,0,0,0,0,0,0,0,0,0,0,1578467574,0,13999,1857070,1435006600,22701,0,0,98991793,0,0,0,0,0,0,0,0,0,0,0,0,0,0,0,0,0,0,0,14582,0,0,0,0,0,0,0,0,0,0,0,0,0,0,0,0,0,0,0,0,0,0,0,0,45708,4050,22696,18646,18646,0,0,3322,0,0,19,0,0,0,0,0,0,0,1,0,1,0,0,0,0,0,0,0,0,0,0,0,0,0,0,0,0,0,0,0,0,714,24,0
1774383200.002305,2305,ubuntu-rog,1,0,0,8461896,0,2866503,3930077,497827,0,103,0,0,0,0,0,1551181307,0,0,4907,1552331943,0,0,2866503,3930077,497827,0,244546,144109,0,0,0,0,0,0,0,0,0,0,2860312,102684,4434274,103,0,0,6368,0,0,0,0,0,0,0,36649754,34035034,0,0,89759,89759,15408,16465,0,0,0,0,0,0,0,0,0,2554133,1275507,0,262144,6535356,169694065,0,0,1026,1025,1569951551,0,0,0,0,0,0,0,0,0,0,0,0,1578467598,0,13999,1857070,1435006600,22701,0,0,98991793,0,0,0,0,0,0,0,0,0,0,0,0,0,0,0,0,0,0,0,14582,0,0,0,0,0,0,0,0,0,0,0,0,0,0,0,0,0,0,0,0,0,0,0,0,45708,4050,22696,18646,18646,0,0,3322,0,0,19,0,0,0,0,0,0,0,1,0,1,0,0,0,0,0,0,0,0,0,0,0,0,0,0,0,0,0,0,0,0,714,24,0
1774383201.001157,1157,ubuntu-rog,1,0,0,8463912,0,2866503,3930077,497827,0,103,0,0,0,0,0,1551181339,0,0,4907,1552331975,0,0,2866503,3930077,497827,0,244546,144109,0,0,0,0,0,0,0,0,0,0,2860312,102684,4434274,103,0,0,6368,0,0,0,0,0,0,0,36649754,34035034,0,0,89759,89759,15408,16465,0,0,0,0,0,0,0,0,0,2554536,1275708,0,262144,6535356,169694065,0,0,1026,1025,1569951583,0,0,0,0,0,0,0,0,0,0,0,0,1578467630,0,13999,1857070,1435006600,22701,0,0,98991793,0,0,0,0,0,0,0,0,0,0,0,0,0,0,0,0,0,0,0,14582,0,0,0,0,0,0,0,0,0,0,0,0,0,0,0,0,0,0,0,0,0,0,0,0,45708,4050,22696,18646,18646,0,0,3322,0,0,19,0,0,0,0,0,0,0,1,0,1,0,0,0,0,0,0,0,0,0,0,0,0,0,0,0,0,0,0,0,0,714,24,0
1774383202.001158,1158,ubuntu-rog,1,0,0,8465928,0,2866503,3930077,497827,0,94,0,0,0,0,0,1551181370,0,0,4907,1552332006,0,0,2866503,3930077,497827,0,244546,144109,0,0,0,0,0,0,0,0,0,0,2860312,102684,4434275,94,0,0,6368,0,0,0,0,0,0,0,36649755,34035044,0,0,89759,89759,15408,16465,0,0,0,0,0,0,0,0,0,2554939,1275910,0,262144,6535356,169694097,0,0,1026,1025,1569951614,0,0,0,0,0,0,0,0,0,0,0,0,1578467660,0,13999,1857070,1435006600,22701,0,0,98991793,0,0,0,0,0,0,0,0,0,0,0,0,0,0,0,0,0,0,0,14582,0,0,0,0,0,0,0,0,0,0,0,0,0,0,0,0,0,0,0,0,0,0,0,0,45708,4050,22696,18646,18646,0,0,3322,0,0,19,0,0,0,0,0,0,0,1,0,1,0,0,0,0,0,0,0,0,0,0,0,0,0,0,0,0,0,0,0,0,714,24,0
1774383203.001262,1262,ubuntu-rog,1,0,0,8467944,0,2866503,3930077,497827,0,94,0,0,0,0,0,1551181395,0,0,4907,1552332031,0,0,2866503,3930077,497827,0,244546,144109,0,0,0,0,0,0,0,0,0,0,2860312,102684,4434276,94,0,0,6368,0,0,0,0,0,0,0,36649755,34035044,0,0,89759,89759,15408,16465,0,0,0,0,0,0,0,0,0,2555342,1276111,0,262144,6535356,169694113,0,0,1026,1025,1569951639,0,0,0,0,0,0,0,0,0,0,0,0,1578467683,0,13999,1857070,1435006600,22701,0,0,98991793,0,0,0,0,0,0,0,0,0,0,0,0,0,0,0,0,0,0,0,14582,0,0,0,0,0,0,0,0,0,0,0,0,0,0,0,0,0,0,0,0,0,0,0,0,45708,4050,22696,18646,18646,0,0,3322,0,0,19,0,0,0,0,0,0,0,1,0,1,0,0,0,0,0,0,0,0,0,0,0,0,0,0,0,0,0,0,0,0,714,24,0
1774383204.002298,2298,ubuntu-rog,1,0,0,8469960,0,2866503,3930077,497827,0,96,0,0,0,0,0,1551181428,0,0,4907,1552332064,0,0,2866503,3930077,497827,0,244546,144109,0,0,0,0,0,0,0,0,0,0,2860312,102684,4434277,96,0,0,6368,0,0,0,0,0,0,0,36649757,34035044,0,0,89759,89759,15408,16465,0,0,0,0,0,0,0,0,0,2555745,1276312,0,262144,6535356,169694113,0,0,1026,1025,1569951672,0,0,0,0,0,0,0,0,0,0,0,0,1578467716,0,13999,1857070,1435006600,22701,0,0,98991793,0,0,0,0,0,0,0,0,0,0,0,0,0,0,0,0,0,0,0,14582,0,0,0,0,0,0,0,0,0,0,0,0,0,0,0,0,0,0,0,0,0,0,0,0,45708,4050,22696,18646,18646,0,0,3322,0,0,19,0,0,0,0,0,0,0,1,0,1,0,0,0,0,0,0,0,0,0,0,0,0,0,0,0,0,0,0,0,0,714,24,0
1774383205.001311,1311,ubuntu-rog,1,0,0,8471913,0,2866671,3930087,497827,0,102,0,0,0,0,0,1551182047,0,0,4907,1552332683,0,0,2866671,3930087,497827,0,244546,144109,0,0,0,0,0,0,0,0,0,0,2860446,102650,4434277,102,0,0,6367,0,0,0,0,0,0,0,36649763,34035044,0,0,89759,89759,15344,16436,0,0,0,0,0,0,0,0,0,2556138,1276508,0,262144,6535356,169694113,0,0,1026,1025,1569952291,0,0,0,0,0,0,0,0,0,0,0,0,1578468201,0,13999,1857070,1435007355,22701,0,0,98991985,0,0,0,0,0,0,0,0,0,0,0,0,0,0,0,0,0,0,0,14582,0,0,0,0,0,0,0,0,0,0,0,0,0,0,0,0,0,0,0,0,0,0,0,0,45708,4050,22696,18646,18646,0,0,3322,0,0,19,0,0,0,0,0,0,0,1,0,1,0,0,0,0,0,0,0,0,0,0,0,0,0,0,0,0,0,0,0,0,714,24,0
1774383206.001159,1159,ubuntu-rog,1,0,0,8473929,0,2866412,3930087,497827,0,103,0,0,0,0,0,1551182087,0,0,4907,1552332723,0,0,2866412,3930087,497827,0,244546,144109,0,0,0,0,0,0,0,0,0,0,2860195,102650,4434278,103,0,0,6367,0,0,0,0,0,0,0,36649764,34035044,0,0,89759,89759,15344,16436,0,0,0,0,0,0,0,0,0,2556541,1276709,0,262144,6535356,169694113,0,0,1026,1025,1569952331,0,0,0,0,0,0,0,0,0,0,0,0,1578468491,0,13999,1857070,1435007363,22701,0,0,98991985,0,0,0,0,0,0,0,0,0,0,0,0,0,0,0,0,0,0,0,14582,0,0,0,0,0,0,0,0,0,0,0,0,0,0,0,0,0,0,0,0,0,0,0,0,45708,4050,22696,18646,18646,0,0,3322,0,0,19,0,0,0,0,0,0,0,1,0,1,0,0,0,0,0,0,0,0,0,0,0,0,0,0,0,0,0,0,0,0,714,24,0
1774383207.001160,1160,ubuntu-rog,1,0,0,8475945,0,2866412,3930087,497827,0,103,0,0,0,0,0,1551182128,0,0,4907,1552332764,0,0,2866412,3930087,497827,0,244546,144109,0,0,0,0,0,0,0,0,0,0,2860196,102650,4434278,103,0,0,6367,0,0,0,0,0,0,0,36649764,34035044,0,0,89759,89759,15344,16436,0,0,0,0,0,0,0,0,0,2556944,1276911,0,262144,6535356,169694113,0,0,1026,1025,1569952372,0,0,0,0,0,0,0,0,0,0,0,0,1578468536,0,13999,1857070,1435007738,22701,0,0,98992347,0,0,0,0,0,0,0,0,0,0,0,0,0,0,0,0,0,0,0,14582,0,0,0,0,0,0,0,0,0,0,0,0,0,0,0,0,0,0,0,0,0,0,0,0,45708,4050,22696,18646,18646,0,0,3322,0,0,19,0,0,0,0,0,0,0,1,0,1,0,0,0,0,0,0,0,0,0,0,0,0,0,0,0,0,0,0,0,0,714,24,0
1774383208.002257,2257,ubuntu-rog,1,0,0,8477961,0,2866420,3930093,497827,0,103,0,0,0,0,0,1551182152,0,0,4907,1552332788,0,0,2866420,3930093,497827,0,244546,144109,0,0,0,0,0,0,0,0,0,0,2860208,102650,4434278,103,0,0,6367,0,0,0,0,0,0,0,36649764,34035044,0,0,89759,89759,15344,16436,0,0,0,0,0,0,0,0,0,2557348,1277113,0,262144,6535356,169694141,0,0,1026,1025,1569952396,0,0,0,0,0,0,0,0,0,0,0,0,1578468558,0,13999,1857070,1435007739,22701,0,0,98992348,0,0,0,0,0,0,0,0,0,0,0,0,0,0,0,0,0,0,0,14582,0,0,0,0,0,0,0,0,0,0,0,0,0,0,0,0,0,0,0,0,0,0,0,0,45708,4050,22696,18646,18646,0,0,3322,0,0,19,0,0,0,0,0,0,0,1,0,1,0,0,0,0,0,0,0,0,0,0,0,0,0,0,0,0,0,0,0,0,714,24,0
1774383209.001302,1302,ubuntu-rog,1,0,0,8480078,0,2866420,3930093,497827,0,107,0,0,0,0,0,1551182184,0,0,4907,1552332820,0,0,2866420,3930093,497827,0,244546,144109,0,0,0,0,0,0,0,0,0,0,2860208,102650,4434281,107,0,0,6367,0,0,0,0,0,0,0,36649768,34035044,0,0,89759,89759,15344,16436,0,0,0,0,0,0,0,0,0,2557772,1277324,0,262144,6535356,169694141,0,0,1026,1025,1569952428,0,0,0,0,0,0,0,0,0,0,0,0,1578468589,0,13999,1857070,1435007740,22701,0,0,98992349,0,0,0,0,0,0,0,0,0,0,0,0,0,0,0,0,0,0,0,14582,0,0,0,0,0,0,0,0,0,0,0,0,0,0,0,0,0,0,0,0,0,0,0,0,45708,4050,22696,18646,18646,0,0,3322,0,0,19,0,0,0,0,0,0,0,1,0,1,0,0,0,0,0,0,0,0,0,0,0,0,0,0,0,0,0,0,0,0,714,24,0
1774383210.001302,1302,ubuntu-rog,1,0,0,8481893,0,2866420,3930093,497827,0,107,0,0,0,0,0,1551182216,0,0,4907,1552332852,0,0,2866420,3930093,497827,0,244546,144109,0,0,0,0,0,0,0,0,0,0,2860208,102650,4434281,107,0,0,6367,0,0,0,0,0,0,0,36649768,34035044,0,0,89759,89759,15344,16436,0,0,0,0,0,0,0,0,0,2558135,1277505,0,262144,6535356,169694141,0,0,1026,1025,1569952460,0,0,0,0,0,0,0,0,0,0,0,0,1578468621,0,13999,1857070,1435007741,22701,0,0,98992350,0,0,0,0,0,0,0,0,0,0,0,0,0,0,0,0,0,0,0,14582,0,0,0,0,0,0,0,0,0,0,0,0,0,0,0,0,0,0,0,0,0,0,0,0,45708,4050,22696,18646,18646,0,0,3322,0,0,19,0,0,0,0,0,0,0,1,0,1,0,0,0,0,0,0,0,0,0,0,0,0,0,0,0,0,0,0,0,0,714,24,0
1774383211.001157,1157,ubuntu-rog,1,0,0,8483643,0,2866420,3930093,497827,0,108,0,0,0,0,0,1551182249,0,0,4907,1552332885,0,0,2866420,3930093,497827,0,244546,144109,0,0,0,0,0,0,0,0,0,0,2860208,102650,4434282,108,0,0,6367,0,0,0,0,0,0,0,36649769,34035044,0,0,89759,89759,15344,16436,0,0,0,0,0,0,0,0,0,2558485,1277680,0,262144,6535356,169694141,0,0,1026,1025,1569952493,0,0,0,0,0,0,0,0,0,0,0,0,1578468653,0,13999,1857070,1435007741,22701,0,0,98992350,0,0,0,0,0,0,0,0,0,0,0,0,0,0,0,0,0,0,0,14582,0,0,0,0,0,0,0,0,0,0,0,0,0,0,0,0,0,0,0,0,0,0,0,0,45708,4050,22696,18646,18646,0,0,3322,0,0,19,0,0,0,0,0,0,0,1,0,1,0,0,0,0,0,0,0,0,0,0,0,0,0,0,0,0,0,0,0,0,714,24,0
1774383212.002157,2157,ubuntu-rog,1,0,0,8484915,0,2866420,3930093,497827,0,110,0,0,0,0,0,1551182284,0,0,4907,1552332920,0,0,2866420,3930093,497827,0,244546,144109,0,0,0,0,0,0,0,0,0,0,2860208,102650,4434284,110,0,0,6367,0,0,0,0,0,0,0,36649771,34035044,0,0,89759,89759,15344,16436,0,0,0,0,0,0,0,0,0,2558739,1277807,0,262144,6535356,169694141,0,0,1026,1025,1569952528,0,0,0,0,0,0,0,0,0,0,0,0,1578468688,0,13999,1857070,1435007741,22701,0,0,98992350,0,0,0,0,0,0,0,0,0,0,0,0,0,0,0,0,0,0,0,14582,0,0,0,0,0,0,0,0,0,0,0,0,0,0,0,0,0,0,0,0,0,0,0,0,45708,4050,22696,18646,18646,0,0,3322,0,0,19,0,0,0,0,0,0,0,1,0,1,0,0,0,0,0,0,0,0,0,0,0,0,0,0,0,0,0,0,0,0,714,24,0
1774383213.001211,1211,ubuntu-rog,1,0,0,8486227,0,2866420,3930093,497827,0,110,0,0,0,0,0,1551182318,0,0,4907,1552332954,0,0,2866420,3930093,497827,0,244546,144109,0,0,0,0,0,0,0,0,0,0,2860208,102650,4434284,110,0,0,6367,0,0,0,0,0,0,0,36649771,34035044,0,0,89759,89759,15344,16436,0,0,0,0,0,0,0,0,0,2559001,1277938,0,262144,6535356,169694157,0,0,1026,1025,1569952562,0,0,0,0,0,0,0,0,0,0,0,0,1578468720,0,13999,1857070,1435007741,22701,0,0,98992350,0,0,0,0,0,0,0,0,0,0,0,0,0,0,0,0,0,0,0,14582,0,0,0,0,0,0,0,0,0,0,0,0,0,0,0,0,0,0,0,0,0,0,0,0,45708,4050,22696,18646,18646,0,0,3322,0,0,19,0,0,0,0,0,0,0,1,0,1,0,0,0,0,0,0,0,0,0,0,0,0,0,0,0,0,0,0,0,0,714,24,0
1774383214.002287,2287,ubuntu-rog,1,0,0,8487378,0,2866420,3930093,497827,0,110,0,0,0,0,0,1551182505,0,0,4907,1552333141,0,0,2866420,3930093,497827,0,244547,144109,0,0,0,0,0,0,0,0,0,0,2860208,102666,4434285,110,0,0,6367,0,0,0,0,0,0,0,36649771,34035044,0,0,89759,89759,15344,16436,0,0,0,0,0,0,0,0,0,2559231,1278053,0,262144,6535356,169694157,0,0,1026,1025,1569952819,0,0,0,0,0,0,0,0,0,0,0,0,1578468918,0,13999,1857070,1435007801,22701,0,0,98992350,0,0,0,0,0,0,0,0,0,0,0,0,0,0,0,0,0,0,0,14582,0,0,0,0,0,0,0,0,0,0,0,0,0,0,0,0,0,0,0,0,0,0,0,0,45708,4050,22696,18646,18646,0,0,3322,0,0,19,0,0,0,0,0,0,0,1,0,1,0,0,0,0,0,0,0,0,0,0,0,0,0,0,0,0,0,0,0,0,714,24,0
1774383215.001298,1298,ubuntu-rog,1,0,0,8488290,0,2866450,3930093,497827,0,110,0,0,0,0,0,1551182586,0,0,4907,1552333222,0,0,2866450,3930093,497827,0,244547,144109,0,0,0,0,0,0,0,0,0,0,2860249,102666,4434285,110,0,0,6367,0,0,0,0,0,0,0,36649771,34035044,0,0,89759,89759,15344,16436,0,0,0,0,0,0,0,0,0,2559414,1278144,0,262144,6535356,169694185,0,0,1026,1025,1569952900,0,0,0,0,0,0,0,0,0,0,0,0,1578469024,0,13999,1857070,1435007801,22701,0,0,98992350,0,0,0,0,0,0,0,0,0,0,0,0,0,0,0,0,0,0,0,14582,0,0,0,0,0,0,0,0,0,0,0,0,0,0,0,0,0,0,0,0,0,0,0,0,45708,4050,22696,18646,18646,0,0,3322,0,0,19,0,0,0,0,0,0,0,1,0,1,0,0,0,0,0,0,0,0,0,0,0,0,0,0,0,0,0,0,0,0,714,24,0
1774383216.001154,1154,ubuntu-rog,1,0,0,8489180,0,2866450,3930093,497827,0,104,0,0,0,0,0,1551182667,0,0,4907,1552333303,0,0,2866450,3930093,497827,0,244547,144109,0,0,0,0,0,0,0,0,0,0,2860249,102666,4434286,104,0,0,6367,0,0,0,0,0,0,0,36649772,34035051,0,0,89759,89759,15344,16436,0,0,0,0,0,0,0,0,0,2559592,1278233,0,262144,6535356,169694185,0,0,1026,1025,1569952981,0,0,0,0,0,0,0,0,0,0,0,0,1578469104,0,13999,1857070,1435007801,22701,0,0,98992350,0,0,0,0,0,0,0,0,0,0,0,0,0,0,0,0,0,0,0,14582,0,0,0,0,0,0,0,0,0,0,0,0,0,0,0,0,0,0,0,0,0,0,0,0,45708,4050,22696,18646,18646,0,0,3322,0,0,19,0,0,0,0,0,0,0,1,0,1,0,0,0,0,0,0,0,0,0,0,0,0,0,0,0,0,0,0,0,0,714,24,0
1774383217.001155,1155,ubuntu-rog,1,0,0,8489957,0,2866450,3930093,497827,0,104,0,0,0,0,0,1551182720,0,0,4907,1552333356,0,0,2866450,3930093,497827,0,244547,144109,0,0,0,0,0,0,0,0,0,0,2860249,102666,4434286,104,0,0,6367,0,0,0,0,0,0,0,36649772,34035051,0,0,89759,89759,15344,16436,0,0,0,0,0,0,0,0,0,2559747,1278311,0,262144,6535356,169694185,0,0,1026,1025,1569953034,0,0,0,0,0,0,0,0,0,0,0,0,1578469157,0,13999,1857070,1435007801,22701,0,0,98992350,0,0,0,0,0,0,0,0,0,0,0,0,0,0,0,0,0,0,0,14582,0,0,0,0,0,0,0,0,0,0,0,0,0,0,0,0,0,0,0,0,0,0,0,0,45708,4050,22696,18646,18646,0,0,3322,0,0,19,0,0,0,0,0,0,0,1,0,1,0,0,0,0,0,0,0,0,0,0,0,0,0,0,0,0,0,0,0,0,714,24,0
1774383218.002255,2255,ubuntu-rog,1,0,0,8490624,0,2866450,3930093,497827,0,104,0,0,0,0,0,1551182753,0,0,4907,1552333389,0,0,2866450,3930093,497827,0,244547,144109,0,0,0,0,0,0,0,0,0,0,2860249,102666,4434286,104,0,0,6367,0,0,0,0,0,0,0,36649772,34035051,0,0,89759,89759,15344,16436,0,0,0,0,0,0,0,0,0,2559880,1278377,0,262144,6535356,169694185,0,0,1026,1025,1569953067,0,0,0,0,0,0,0,0,0,0,0,0,1578469190,0,13999,1857070,1435007801,22701,0,0,98992350,0,0,0,0,0,0,0,0,0,0,0,0,0,0,0,0,0,0,0,14582,0,0,0,0,0,0,0,0,0,0,0,0,0,0,0,0,0,0,0,0,0,0,0,0,45708,4050,22696,18646,18646,0,0,3322,0,0,19,0,0,0,0,0,0,0,1,0,1,0,0,0,0,0,0,0,0,0,0,0,0,0,0,0,0,0,0,0,0,714,24,0
1774383219.001294,1294,ubuntu-rog,1,0,0,8491296,0,2866450,3930093,497827,0,107,0,0,0,0,0,1551182803,0,0,4907,1552333439,0,0,2866450,3930093,497827,0,244547,144109,0,0,0,0,0,0,0,0,0,0,2860249,102666,4434288,107,0,0,6367,0,0,0,0,0,0,0,36649775,34035051,0,0,89759,89759,15344,16436,0,0,0,0,0,0,0,0,0,2560015,1278444,0,262144,6535356,169694209,0,0,1026,1025,1569953117,0,0,0,0,0,0,0,0,0,0,0,0,1578469237,0,13999,1857070,1435007801,22701,0,0,98992350,0,0,0,0,0,0,0,0,0,0,0,0,0,0,0,0,0,0,0,14582,0,0,0,0,0,0,0,0,0,0,0,0,0,0,0,0,0,0,0,0,0,0,0,0,45708,4050,22696,18646,18646,0,0,3322,0,0,19,0,0,0,0,0,0,0,1,0,1,0,0,0,0,0,0,0,0,0,0,0,0,0,0,0,0,0,0,0,0,714,24,0
1774383220.001297,1297,ubuntu-rog,1,0,0,8491682,0,2866450,3930093,497827,0,109,0,0,0,0,0,1551182845,0,0,4907,1552333481,0,0,2866450,3930093,497827,0,244547,144109,0,0,0,0,0,0,0,0,0,0,2860249,102666,4434289,109,0,0,6367,0,0,0,0,0,0,0,36649777,34035051,0,0,89759,89759,15344,16436,0,0,0,0,0,0,0,0,0,2560092,1278483,0,262144,6535356,169694209,0,0,1026,1025,1569953159,0,0,0,0,0,0,0,0,0,0,0,0,1578469279,0,13999,1857070,1435007802,22701,0,0,98992351,0,0,0,0,0,0,0,0,0,0,0,0,0,0,0,0,0,0,0,14582,0,0,0,0,0,0,0,0,0,0,0,0,0,0,0,0,0,0,0,0,0,0,0,0,45708,4050,22696,18646,18646,0,0,3322,0,0,19,0,0,0,0,0,0,0,1,0,1,0,0,0,0,0,0,0,0,0,0,0,0,0,0,0,0,0,0,0,0,714,24,0
1774383221.001152,1152,ubuntu-rog,1,0,0,8492142,0,2866450,3930093,497827,0,94,0,0,0,0,0,1551182876,0,0,4907,1552333512,0,0,2866450,3930093,497827,0,244547,144109,0,0,0,0,0,0,0,0,0,0,2860249,102666,4434289,94,0,0,6367,0,0,0,0,0,0,0,36649777,34035066,0,0,89759,89759,15344,16436,0,0,0,0,0,0,0,0,0,2560184,1278529,0,262144,6535356,169694269,0,0,1026,1025,1569953190,0,0,0,0,0,0,0,0,0,0,0,0,1578469310,0,13999,1857070,1435007802,22701,0,0,98992351,0,0,0,0,0,0,0,0,0,0,0,0,0,0,0,0,0,0,0,14582,0,0,0,0,0,0,0,0,0,0,0,0,0,0,0,0,0,0,0,0,0,0,0,0,45708,4050,22696,18646,18646,0,0,3322,0,0,19,0,0,0,0,0,0,0,1,0,1,0,0,0,0,0,0,0,0,0,0,0,0,0,0,0,0,0,0,0,0,714,24,0
1774383222.002152,2152,ubuntu-rog,1,0,0,8492498,0,2866450,3930093,497827,0,94,0,0,0,0,0,1551182912,0,0,4907,1552333548,0,0,2866450,3930093,497827,0,244547,144109,0,0,0,0,0,0,0,0,0,0,2860249,102666,4434289,94,0,0,6367,0,0,0,0,0,0,0,36649777,34035066,0,0,89759,89759,15344,16436,0,0,0,0,0,0,0,0,0,2560255,1278564,0,262144,6535356,169694269,0,0,1026,1025,1569953226,0,0,0,0,0,0,0,0,0,0,0,0,1578469346,0,13999,1857070,1435007802,22701,0,0,98992351,0,0,0,0,0,0,0,0,0,0,0,0,0,0,0,0,0,0,0,14582,0,0,0,0,0,0,0,0,0,0,0,0,0,0,0,0,0,0,0,0,0,0,0,0,45708,4050,22696,18646,18646,0,0,3322,0,0,19,0,0,0,0,0,0,0,1,0,1,0,0,0,0,0,0,0,0,0,0,0,0,0,0,0,0,0,0,0,0,714,24,0
1774383223.001257,1257,ubuntu-rog,1,0,0,8492898,0,2866450,3930093,497827,0,96,0,0,0,0,0,1551182958,0,0,4907,1552333594,0,0,2866450,3930093,497827,0,244547,144109,0,0,0,0,0,0,0,0,0,0,2860249,102666,4434290,96,0,0,6367,0,0,0,0,0,0,0,36649779,34035066,0,0,89759,89759,15344,16436,0,0,0,0,0,0,0,0,0,2560335,1278604,0,262144,6535356,169694269,0,0,1026,1025,1569953272,0,0,0,0,0,0,0,0,0,0,0,0,1578469391,0,13999,1857070,1435007803,22701,0,0,98992352,0,0,0,0,0,0,0,0,0,0,0,0,0,0,0,0,0,0,0,14582,0,0,0,0,0,0,0,0,0,0,0,0,0,0,0,0,0,0,0,0,0,0,0,0,45708,4050,22696,18646,18646,0,0,3322,0,0,19,0,0,0,0,0,0,0,1,0,1,0,0,0,0,0,0,0,0,0,0,0,0,0,0,0,0,0,0,0,0,714,24,0
1774383224.001293,1293,ubuntu-rog,1,0,0,8493248,0,2866450,3930093,497827,0,98,0,0,0,0,0,1551183003,0,0,4907,1552333639,0,0,2866450,3930093,497827,0,244547,144109,0,0,0,0,0,0,0,0,0,0,2860249,102666,4434291,98,0,0,6367,0,0,0,0,0,0,0,36649781,34035066,0,0,89759,89759,15344,16436,0,0,0,0,0,0,0,0,0,2560405,1278639,0,262144,6535356,169694269,0,0,1026,1025,1569953317,0,0,0,0,0,0,0,0,0,0,0,0,1578469435,0,13999,1857070,1435007803,22701,0,0,98992352,0,0,0,0,0,0,0,0,0,0,0,0,0,0,0,0,0,0,0,14582,0,0,0,0,0,0,0,0,0,0,0,0,0,0,0,0,0,0,0,0,0,0,0,0,45708,4050,22696,18646,18646,0,0,3322,0,0,19,0,0,0,0,0,0,0,1,0,1,0,0,0,0,0,0,0,0,0,0,0,0,0,0,0,0,0,0,0,0,714,24,0
1774383225.001294,1294,ubuntu-rog,1,0,0,8493453,0,2866447,3930093,497827,0,99,0,0,0,0,0,1551183045,0,0,4907,1552333681,0,0,2866447,3930093,497827,0,244547,144109,0,0,0,0,0,0,0,0,0,0,2860251,102666,4434292,99,0,0,6367,0,0,0,0,0,0,0,36649782,34035066,0,0,89759,89759,15344,16436,0,0,0,0,0,0,0,0,0,2560446,1278660,0,262144,6535356,169694301,0,0,1026,1025,1569953359,0,0,0,0,0,0,0,0,0,0,0,0,1578469472,0,13999,1857070,1435007809,22701,0,0,98992352,0,0,0,0,0,0,0,0,0,0,0,0,0,0,0,0,0,0,0,14582,0,0,0,0,0,0,0,0,0,0,0,0,0,0,0,0,0,0,0,0,0,0,0,0,45708,4050,22696,18646,18646,0,0,3322,0,0,19,0,0,0,0,0,0,0,1,0,1,0,0,0,0,0,0,0,0,0,0,0,0,0,0,0,0,0,0,0,0,714,24,0
1774383226.002178,2178,ubuntu-rog,1,0,0,8493754,0,2866447,3930093,497827,0,17,0,0,0,0,0,1551183075,0,0,4907,1552333711,0,0,2866447,3930093,497827,0,244547,144109,0,0,0,0,0,0,0,0,0,0,2860251,102666,4434294,17,0,0,6367,0,0,0,0,0,0,0,36649785,34035151,0,0,89759,89759,15344,16436,0,0,0,0,0,0,0,0,0,2560506,1278690,0,262144,6535356,169694641,0,0,1026,1025,1569953389,0,0,0,0,0,0,0,0,0,0,0,0,1578469507,0,13999,1857070,1435007809,22701,0,0,98992352,0,0,0,0,0,0,0,0,0,0,0,0,0,0,0,0,0,0,0,14582,0,0,0,0,0,0,0,0,0,0,0,0,0,0,0,0,0,0,0,0,0,0,0,0,45708,4050,22696,18646,18646,0,0,3322,0,0,19,0,0,0,0,0,0,0,1,0,1,0,0,0,0,0,0,0,0,0,0,0,0,0,0,0,0,0,0,0,0,714,24,0
1774383227.001160,1160,ubuntu-rog,1,0,0,8493754,0,2866447,3930093,497827,0,17,0,0,0,0,0,1551183104,0,0,4907,1552333740,0,0,2866447,3930093,497827,0,244547,144103,0,0,0,0,0,0,0,0,0,0,2860251,102666,4434294,17,0,0,6367,0,0,0,0,0,0,0,36649785,34035151,0,0,89759,89759,15344,16436,0,0,0,0,0,0,0,0,0,2560506,1278690,0,262144,6535356,169694641,0,0,1026,1025,1569953418,0,0,0,0,0,0,0,0,0,0,0,0,1578469536,0,13999,1857070,1435007809,22701,0,0,98992352,0,0,0,0,0,0,0,0,0,0,0,0,0,0,0,0,0,0,0,14582,0,0,0,0,0,0,0,0,0,0,0,0,0,0,0,0,0,0,0,0,0,0,0,0,45708,4050,22696,18646,18646,0,0,3322,0,0,19,0,0,0,0,0,0,0,1,0,1,0,0,0,0,0,0,0,0,0,0,0,0,0,0,0,0,0,0,0,0,714,24,0
1774383228.001260,1260,ubuntu-rog,1,0,0,8493777,0,2866447,3930093,497827,0,17,0,0,0,0,0,1551183128,0,0,4907,1552333764,0,0,2866447,3930093,497827,0,244547,144103,0,0,0,0,0,0,0,0,0,0,2860251,102666,4434294,17,0,0,6367,0,0,0,0,0,0,0,36649785,34035151,0,0,89759,89759,15344,16436,0,0,0,0,0,0,0,0,0,2560511,1278692,0,262144,6535356,169694641,0,0,1026,1025,1569953442,0,0,0,0,0,0,0,0,0,0,0,0,1578469560,0,13999,1857070,1435007809,22701,0,0,98992352,0,0,0,0,0,0,0,0,0,0,0,0,0,0,0,0,0,0,0,14582,0,0,0,0,0,0,0,0,0,0,0,0,0,0,0,0,0,0,0,0,0,0,0,0,45708,4050,22696,18646,18646,0,0,3322,0,0,19,0,0,0,0,0,0,0,1,0,1,0,0,0,0,0,0,0,0,0,0,0,0,0,0,0,0,0,0,0,0,714,24,0
1774383229.001290,1290,ubuntu-rog,1,0,0,8493777,0,2866447,3930093,497827,0,17,0,0,0,0,0,1551183159,0,0,4907,1552333795,0,0,2866447,3930093,497827,0,244547,144103,0,0,0,0,0,0,0,0,0,0,2860251,102666,4434294,17,0,0,6367,0,0,0,0,0,0,0,36649785,34035151,0,0,89759,89759,15344,16436,0,0,0,0,0,0,0,0,0,2560511,1278692,0,262144,6535356,169694641,0,0,1026,1025,1569953473,0,0,0,0,0,0,0,0,0,0,0,0,1578469591,0,13999,1857070,1435007809,22701,0,0,98992352,0,0,0,0,0,0,0,0,0,0,0,0,0,0,0,0,0,0,0,14582,0,0,0,0,0,0,0,0,0,0,0,0,0,0,0,0,0,0,0,0,0,0,0,0,45708,4050,22696,18646,18646,0,0,3322,0,0,19,0,0,0,0,0,0,0,1,0,1,0,0,0,0,0,0,0,0,0,0,0,0,0,0,0,0,0,0,0,0,714,24,0
1774383230.002296,2296,ubuntu-rog,1,0,0,8493777,0,2866447,3930093,497827,0,18,0,0,0,0,0,1551183192,0,0,4907,1552333828,0,0,2866447,3930093,497827,0,244547,144103,0,0,0,0,0,0,0,0,0,0,2860251,102666,4434295,18,0,0,6367,0,0,0,0,0,0,0,36649786,34035151,0,0,89759,89759,15344,16436,0,0,0,0,0,0,0,0,0,2560511,1278692,0,262144,6535356,169694665,0,0,1026,1025,1569953506,0,0,0,0,0,0,0,0,0,0,0,0,1578469621,0,13999,1857070,1435007809,22701,0,0,98992352,0,0,0,0,0,0,0,0,0,0,0,0,0,0,0,0,0,0,0,14582,0,0,0,0,0,0,0,0,0,0,0,0,0,0,0,0,0,0,0,0,0,0,0,0,45708,4050,22696,18646,18646,0,0,3322,0,0,19,0,0,0,0,0,0,0,1,0,1,0,0,0,0,0,0,0,0,0,0,0,0,0,0,0,0,0,0,0,0,714,24,0
1774383231.001159,1159,ubuntu-rog,1,0,0,8493777,0,2866447,3930093,497827,0,20,0,0,0,0,0,1551183224,0,0,4907,1552333860,0,0,2866447,3930093,497827,0,244547,144103,0,0,0,0,0,0,0,0,0,0,2860251,102666,4434298,20,0,0,6367,0,0,0,0,0,0,0,36649788,34035151,0,0,89759,89759,15344,16436,0,0,0,0,0,0,0,0,0,2560511,1278692,0,262144,6535356,169694665,0,0,1026,1025,1569953538,0,0,0,0,0,0,0,0,0,0,0,0,1578469652,0,13999,1857070,1435007809,22701,0,0,98992352,0,0,0,0,0,0,0,0,0,0,0,0,0,0,0,0,0,0,0,14582,0,0,0,0,0,0,0,0,0,0,0,0,0,0,0,0,0,0,0,0,0,0,0,0,45708,4050,22696,18646,18646,0,0,3322,0,0,19,0,0,0,0,0,0,0,1,0,1,0,0,0,0,0,0,0,0,0,0,0,0,0,0,0,0,0,0,0,0,714,24,0
1774383232.001152,1152,ubuntu-rog,1,0,0,8493777,0,2866447,3930093,497827,0,20,0,0,0,0,0,1551183252,0,0,4907,1552333888,0,0,2866447,3930093,497827,0,244547,144103,0,0,0,0,0,0,0,0,0,0,2860251,102666,4434298,20,0,0,6367,0,0,0,0,0,0,0,36649788,34035151,0,0,89759,89759,15344,16436,0,0,0,0,0,0,0,0,0,2560511,1278692,0,262144,6535356,169694665,0,0,1026,1025,1569953566,0,0,0,0,0,0,0,0,0,0,0,0,1578469680,0,13999,1857070,1435007809,22701,0,0,98992352,0,0,0,0,0,0,0,0,0,0,0,0,0,0,0,0,0,0,0,14582,0,0,0,0,0,0,0,0,0,0,0,0,0,0,0,0,0,0,0,0,0,0,0,0,45708,4050,22696,18646,18646,0,0,3322,0,0,19,0,0,0,0,0,0,0,1,0,1,0,0,0,0,0,0,0,0,0,0,0,0,0,0,0,0,0,0,0,0,714,24,0
1774383233.001268,1268,ubuntu-rog,1,0,0,8493777,0,2866447,3930093,497827,0,21,0,0,0,0,0,1551183276,0,0,4907,1552333912,0,0,2866447,3930093,497827,0,244547,144103,0,0,0,0,0,0,0,0,0,0,2860251,102666,4434299,21,0,0,6367,0,0,0,0,0,0,0,36649789,34035151,0,0,89759,89759,15344,16436,0,0,0,0,0,0,0,0,0,2560511,1278692,0,262144,6535356,169694665,0,0,1026,1025,1569953590,0,0,0,0,0,0,0,0,0,0,0,0,1578469703,0,13999,1857070,1435007809,22701,0,0,98992352,0,0,0,0,0,0,0,0,0,0,0,0,0,0,0,0,0,0,0,14582,0,0,0,0,0,0,0,0,0,0,0,0,0,0,0,0,0,0,0,0,0,0,0,0,45708,4050,22696,18646,18646,0,0,3322,0,0,19,0,0,0,0,0,0,0,1,0,1,0,0,0,0,0,0,0,0,0,0,0,0,0,0,0,0,0,0,0,0,714,24,0
1774383234.002288,2288,ubuntu-rog,1,0,0,8493777,0,2866447,3930093,497827,0,11,0,0,0,0,0,1551183304,0,0,4907,1552333940,0,0,2866447,3930093,497827,0,244547,144103,0,0,0,0,0,0,0,0,0,0,2860251,102666,4434299,11,0,0,6367,0,0,0,0,0,0,0,36649789,34035161,0,0,89759,89759,15344,16436,0,0,0,0,0,0,0,0,0,2560511,1278692,0,262144,6535356,169694697,0,0,1026,1025,1569953618,0,0,0,0,0,0,0,0,0,0,0,0,1578469733,0,13999,1857070,1435007809,22701,0,0,98992352,0,0,0,0,0,0,0,0,0,0,0,0,0,0,0,0,0,0,0,14582,0,0,0,0,0,0,0,0,0,0,0,0,0,0,0,0,0,0,0,0,0,0,0,0,45708,4050,22696,18646,18646,0,0,3322,0,0,19,0,0,0,0,0,0,0,1,0,1,0,0,0,0,0,0,0,0,0,0,0,0,0,0,0,0,0,0,0,0,714,24,0
1774383235.001291,1291,ubuntu-rog,1,0,0,8493777,0,2866447,3930093,497827,0,11,0,0,0,0,0,1551183336,0,0,4907,1552333972,0,0,2866447,3930093,497827,0,244547,144103,0,0,0,0,0,0,0,0,0,0,2860251,102666,4434299,11,0,0,6367,0,0,0,0,0,0,0,36649789,34035161,0,0,89759,89759,15344,16436,0,0,0,0,0,0,0,0,0,2560511,1278692,0,262144,6535356,169694713,0,0,1026,1025,1569953650,0,0,0,0,0,0,0,0,0,0,0,0,1578469764,0,13999,1857070,1435007809,22701,0,0,98992352,0,0,0,0,0,0,0,0,0,0,0,0,0,0,0,0,0,0,0,14582,0,0,0,0,0,0,0,0,0,0,0,0,0,0,0,0,0,0,0,0,0,0,0,0,45708,4050,22696,18646,18646,0,0,3322,0,0,19,0,0,0,0,0,0,0,1,0,1,0,0,0,0,0,0,0,0,0,0,0,0,0,0,0,0,0,0,0,0,714,24,0
1774383236.001158,1158,ubuntu-rog,1,0,0,8493777,0,2866447,3930093,497827,0,15,0,0,0,0,0,1551183362,0,0,4907,1552333998,0,0,2866447,3930093,497827,0,244547,144103,0,0,0,0,0,0,0,0,0,0,2860251,102666,4434302,15,0,0,6367,0,0,0,0,0,0,0,36649793,34035161,0,0,89759,89759,15344,16436,0,0,0,0,0,0,0,0,0,2560511,1278692,0,262144,6535356,169694713,0,0,1026,1025,1569953676,0,0,0,0,0,0,0,0,0,0,0,0,1578469788,0,13999,1857070,1435007809,22701,0,0,98992352,0,0,0,0,0,0,0,0,0,0,0,0,0,0,0,0,0,0,0,14582,0,0,0,0,0,0,0,0,0,0,0,0,0,0,0,0,0,0,0,0,0,0,0,0,45708,4050,22696,18646,18646,0,0,3322,0,0,19,0,0,0,0,0,0,0,1,0,1,0,0,0,0,0,0,0,0,0,0,0,0,0,0,0,0,0,0,0,0,714,24,0
1774383237.001159,1159,ubuntu-rog,1,0,0,8493777,0,2866447,3930093,497827,0,16,0,0,0,0,0,1551183392,0,0,4907,1552334028,0,0,2866447,3930093,497827,0,244547,144103,0,0,0,0,0,0,0,0,0,0,2860251,102666,4434303,16,0,0,6367,0,0,0,0,0,0,0,36649794,34035161,0,0,89759,89759,15344,16436,0,0,0,0,0,0,0,0,0,2560511,1278692,0,262144,6535356,169694713,0,0,1026,1025,1569953706,0,0,0,0,0,0,0,0,0,0,0,0,1578469817,0,13999,1857070,1435007811,22701,0,0,98992354,0,0,0,0,0,0,0,0,0,0,0,0,0,0,0,0,0,0,0,14582,0,0,0,0,0,0,0,0,0,0,0,0,0,0,0,0,0,0,0,0,0,0,0,0,45708,4050,22696,18646,18646,0,0,3322,0,0,19,0,0,0,0,0,0,0,1,0,1,0,0,0,0,0,0,0,0,0,0,0,0,0,0,0,0,0,0,0,0,714,24,0
1774383238.002253,2253,ubuntu-rog,1,0,0,8493777,0,2866447,3930093,497827,0,16,0,0,0,0,0,1551183421,0,0,4907,1552334057,0,0,2866447,3930093,497827,0,244547,144103,0,0,0,0,0,0,0,0,0,0,2860251,102666,4434303,16,0,0,6367,0,0,0,0,0,0,0,36649794,34035161,0,0,89759,89759,15344,16436,0,0,0,0,0,0,0,0,0,2560511,1278692,0,262144,6535356,169694713,0,0,1026,1025,1569953735,0,0,0,0,0,0,0,0,0,0,0,0,1578469846,0,13999,1857070,1435007811,22701,0,0,98992354,0,0,0,0,0,0,0,0,0,0,0,0,0,0,0,0,0,0,0,14582,0,0,0,0,0,0,0,0,0,0,0,0,0,0,0,0,0,0,0,0,0,0,0,0,45708,4050,22696,18646,18646,0,0,3322,0,0,19,0,0,0,0,0,0,0,1,0,1,0,0,0,0,0,0,0,0,0,0,0,0,0,0,0,0,0,0,0,0,714,24,0
1774383239.001284,1284,ubuntu-rog,1,0,0,8493777,0,2866447,3930093,497827,0,16,0,0,0,0,0,1551183445,0,0,4907,1552334081,0,0,2866447,3930093,497827,0,244547,144103,0,0,0,0,0,0,0,0,0,0,2860251,102666,4434303,16,0,0,6367,0,0,0,0,0,0,0,36649794,34035161,0,0,89759,89759,15344,16436,0,0,0,0,0,0,0,0,0,2560511,1278692,0,262144,6535356,169694713,0,0,1026,1025,1569953759,0,0,0,0,0,0,0,0,0,0,0,0,1578469870,0,13999,1857070,1435007811,22701,0,0,98992354,0,0,0,0,0,0,0,0,0,0,0,0,0,0,0,0,0,0,0,14582,0,0,0,0,0,0,0,0,0,0,0,0,0,0,0,0,0,0,0,0,0,0,0,0,45708,4050,22696,18646,18646,0,0,3322,0,0,19,0,0,0,0,0,0,0,1,0,1,0,0,0,0,0,0,0,0,0,0,0,0,0,0,0,0,0,0,0,0,714,24,0
1774383240.001302,1302,ubuntu-rog,1,0,0,8493777,0,2866447,3930093,497827,0,17,0,0,0,0,0,1551183476,0,0,4907,1552334112,0,0,2866447,3930093,497827,0,244547,144103,0,0,0,0,0,0,0,0,0,0,2860251,102666,4434304,17,0,0,6367,0,0,0,0,0,0,0,36649795,34035161,0,0,89759,89759,15344,16436,0,0,0,0,0,0,0,0,0,2560511,1278692,0,262144,6535356,169694713,0,0,1026,1025,1569953790,0,0,0,0,0,0,0,0,0,0,0,0,1578469900,0,13999,1857070,1435007812,22701,0,0,98992354,0,0,0,0,0,0,0,0,0,0,0,0,0,0,0,0,0,0,0,14582,0,0,0,0,0,0,0,0,0,0,0,0,0,0,0,0,0,0,0,0,0,0,0,0,45708,4050,22696,18646,18646,0,0,3322,0,0,19,0,0,0,0,0,0,0,1,0,1,0,0,0,0,0,0,0,0,0,0,0,0,0,0,0,0,0,0,0,0,714,24,0
1774383241.001156,1156,ubuntu-rog,1,0,0,8493777,0,2866447,3930093,497827,0,17,0,0,0,0,0,1551183512,0,0,4907,1552334148,0,0,2866447,3930093,497827,0,244547,144103,0,0,0,0,0,0,0,0,0,0,2860252,102666,4434304,17,0,0,6367,0,0,0,0,0,0,0,36649795,34035161,0,0,89759,89759,15344,16436,0,0,0,0,0,0,0,0,0,2560511,1278692,0,262144,6535356,169694729,0,0,1026,1025,1569953826,0,0,0,0,0,0,0,0,0,0,0,0,1578469933,0,13999,1857070,1435007812,22701,0,0,98992354,0,0,0,0,0,0,0,0,0,0,0,0,0,0,0,0,0,0,0,14582,0,0,0,0,0,0,0,0,0,0,0,0,0,0,0,0,0,0,0,0,0,0,0,0,45708,4050,22696,18646,18646,0,0,3322,0,0,19,0,0,0,0,0,0,0,1,0,1,0,0,0,0,0,0,0,0,0,0,0,0,0,0,0,0,0,0,0,0,714,24,0
1774383242.002156,2156,ubuntu-rog,1,0,0,8493777,0,2866447,3930093,497827,0,17,0,0,0,0,0,1551183552,0,0,4907,1552334188,0,0,2866447,3930093,497827,0,244547,144103,0,0,0,0,0,0,0,0,0,0,2860252,102666,4434306,17,0,0,6367,0,0,0,0,0,0,0,36649795,34035161,0,0,89759,89759,15344,16436,0,0,0,0,0,0,0,0,0,2560511,1278692,0,262144,6535356,169694729,0,0,1026,1025,1569953873,0,0,0,0,0,0,0,0,0,0,0,0,1578469956,0,13999,1857070,1435007812,22701,0,0,98992354,0,0,0,0,0,0,0,0,0,0,0,0,0,0,0,0,0,0,0,14582,0,0,0,0,0,0,0,0,0,0,0,0,0,0,0,0,0,0,0,0,0,0,0,0,45708,4050,22696,18646,18646,0,0,3322,0,0,19,0,0,0,0,0,0,0,1,0,1,0,0,0,0,0,0,0,0,0,0,0,0,0,0,0,0,0,0,0,0,714,24,0
1774383243.001260,1260,ubuntu-rog,1,0,0,8493777,0,2866447,3930093,497827,0,18,0,0,0,0,0,1551183585,0,0,4907,1552334221,0,0,2866447,3930093,497827,0,244547,144111,0,0,0,0,0,0,0,0,0,0,2860252,102666,4434307,18,0,0,6367,0,0,0,0,0,0,0,36649796,34035161,0,0,89759,89759,15344,16436,0,0,0,0,0,0,0,0,0,2560511,1278692,0,262144,6535356,169694729,0,0,1026,1025,1569953920,0,0,0,0,0,0,0,0,0,0,0,0,1578470006,0,13999,1857070,1435007822,22701,0,0,98992364,0,0,0,0,0,0,0,0,0,0,0,0,0,0,0,0,0,0,0,14582,0,0,0,0,0,0,0,0,0,0,0,0,0,0,0,0,0,0,0,0,0,0,0,0,45708,4050,22696,18646,18646,0,0,3322,0,0,19,0,0,0,0,0,0,0,1,0,1,0,0,0,0,0,0,0,0,0,0,0,0,0,0,0,0,0,0,0,0,714,24,0
1774383244.001299,1299,ubuntu-rog,1,0,0,8493777,0,2866447,3930093,497827,0,19,0,0,0,0,0,1551183614,0,0,4907,1552334250,0,0,2866447,3930093,497827,0,244547,144111,0,0,0,0,0,0,0,0,0,0,2860252,102666,4434308,19,0,0,6367,0,0,0,0,0,0,0,36649797,34035161,0,0,89759,89759,15344,16436,0,0,0,0,0,0,0,0,0,2560511,1278692,0,262144,6535356,169694729,0,0,1026,1025,1569953949,0,0,0,0,0,0,0,0,0,0,0,0,1578470034,0,13999,1857070,1435007822,22701,0,0,98992364,0,0,0,0,0,0,0,0,0,0,0,0,0,0,0,0,0,0,0,14582,0,0,0,0,0,0,0,0,0,0,0,0,0,0,0,0,0,0,0,0,0,0,0,0,45708,4050,22696,18646,18646,0,0,3322,0,0,19,0,0,0,0,0,0,0,1,0,1,0,0,0,0,0,0,0,0,0,0,0,0,0,0,0,0,0,0,0,0,714,24,0
1774383245.001285,1285,ubuntu-rog,1,0,0,8493777,0,2866447,3930093,497827,0,19,0,0,0,0,0,1551183642,0,0,4907,1552334278,0,0,2866447,3930093,497827,0,244547,144111,0,0,0,0,0,0,0,0,0,0,2860252,102666,4434308,19,0,0,6367,0,0,0,0,0,0,0,36649797,34035161,0,0,89759,89759,15344,16436,0,0,0,0,0,0,0,0,0,2560511,1278692,0,262144,6535356,169694729,0,0,1026,1025,1569953977,0,0,0,0,0,0,0,0,0,0,0,0,1578470062,0,13999,1857070,1435007822,22701,0,0,98992364,0,0,0,0,0,0,0,0,0,0,0,0,0,0,0,0,0,0,0,14582,0,0,0,0,0,0,0,0,0,0,0,0,0,0,0,0,0,0,0,0,0,0,0,0,45708,4050,22696,18646,18646,0,0,3322,0,0,19,0,0,0,0,0,0,0,1,0,1,0,0,0,0,0,0,0,0,0,0,0,0,0,0,0,0,0,0,0,0,714,24,0
1774383246.002164,2164,ubuntu-rog,1,0,0,8493777,0,2866447,3930093,497827,0,19,0,0,0,0,0,1551183673,0,0,4907,1552334309,0,0,2866447,3930093,497827,0,244547,144111,0,0,0,0,0,0,0,0,0,0,2860252,102666,4434308,19,0,0,6367,0,0,0,0,0,0,0,36649797,34035161,0,0,89759,89759,15344,16436,0,0,0,0,0,0,0,0,0,2560511,1278692,0,262144,6535356,169694729,0,0,1026,1025,1569954008,0,0,0,0,0,0,0,0,0,0,0,0,1578470093,0,13999,1857070,1435007822,22701,0,0,98992364,0,0,0,0,0,0,0,0,0,0,0,0,0,0,0,0,0,0,0,14582,0,0,0,0,0,0,0,0,0,0,0,0,0,0,0,0,0,0,0,0,0,0,0,0,45708,4050,22696,18646,18646,0,0,3322,0,0,19,0,0,0,0,0,0,0,1,0,1,0,0,0,0,0,0,0,0,0,0,0,0,0,0,0,0,0,0,0,0,714,24,0
1774383247.001159,1159,ubuntu-rog,1,0,0,8493777,0,2866447,3930093,497827,0,20,0,0,0,0,0,1551183707,0,0,4907,1552334343,0,0,2866447,3930093,497827,0,244547,144111,0,0,0,0,0,0,0,0,0,0,2860252,102666,4434309,20,0,0,6367,0,0,0,0,0,0,0,36649798,34035161,0,0,89759,89759,15344,16436,0,0,0,0,0,0,0,0,0,2560511,1278692,0,262144,6535356,169694745,0,0,1026,1025,1569954042,0,0,0,0,0,0,0,0,0,0,0,0,1578470125,0,13999,1857070,1435007823,22701,0,0,98992365,0,0,0,0,0,0,0,0,0,0,0,0,0,0,0,0,0,0,0,14582,0,0,0,0,0,0,0,0,0,0,0,0,0,0,0,0,0,0,0,0,0,0,0,0,45708,4050,22696,18646,18646,0,0,3322,0,0,19,0,0,0,0,0,0,0,1,0,1,0,0,0,0,0,0,0,0,0,0,0,0,0,0,0,0,0,0,0,0,714,24,0
1774383248.001253,1253,ubuntu-rog,1,0,0,8493777,0,2866447,3930093,497827,0,21,0,0,0,0,0,1551183742,0,0,4907,1552334378,0,0,2866447,3930093,497827,0,244547,144111,0,0,0,0,0,0,0,0,0,0,2860252,102666,4434311,21,0,0,6367,0,0,0,0,0,0,0,36649799,34035161,0,0,89759,89759,15344,16436,0,0,0,0,0,0,0,0,0,2560511,1278692,0,262144,6535356,169694745,0,0,1026,1025,1569954077,0,0,0,0,0,0,0,0,0,0,0,0,1578470159,0,13999,1857070,1435007823,22701,0,0,98992365,0,0,0,0,0,0,0,0,0,0,0,0,0,0,0,0,0,0,0,14582,0,0,0,0,0,0,0,0,0,0,0,0,0,0,0,0,0,0,0,0,0,0,0,0,45708,4050,22696,18646,18646,0,0,3322,0,0,19,0,0,0,0,0,0,0,1,0,1,0,0,0,0,0,0,0,0,0,0,0,0,0,0,0,0,0,0,0,0,714,24,0
1774383249.001287,1287,ubuntu-rog,1,0,0,8493777,0,2866447,3930093,497827,0,21,0,0,0,0,0,1551183774,0,0,4907,1552334410,0,0,2866447,3930093,497827,0,244547,144111,0,0,0,0,0,0,0,0,0,0,2860252,102666,4434311,21,0,0,6367,0,0,0,0,0,0,0,36649799,34035161,0,0,89759,89759,15344,16436,0,0,0,0,0,0,0,0,0,2560511,1278692,0,262144,6535356,169694745,0,0,1026,1025,1569954109,0,0,0,0,0,0,0,0,0,0,0,0,1578470191,0,13999,1857070,1435007823,22701,0,0,98992365,0,0,0,0,0,0,0,0,0,0,0,0,0,0,0,0,0,0,0,14582,0,0,0,0,0,0,0,0,0,0,0,0,0,0,0,0,0,0,0,0,0,0,0,0,45708,4050,22696,18646,18646,0,0,3322,0,0,19,0,0,0,0,0,0,0,1,0,1,0,0,0,0,0,0,0,0,0,0,0,0,0,0,0,0,0,0,0,0,714,24,0
1774383250.002293,2293,ubuntu-rog,1,0,0,8493777,0,2866447,3930093,497827,0,23,0,0,0,0,0,1551183800,0,0,4907,1552334436,0,0,2866447,3930093,497827,0,244547,144111,0,0,0,0,0,0,0,0,0,0,2860252,102666,4434313,23,0,0,6367,0,0,0,0,0,0,0,36649801,34035161,0,0,89759,89759,15344,16436,0,0,0,0,0,0,0,0,0,2560511,1278692,0,262144,6535356,169694745,0,0,1026,1025,1569954135,0,0,0,0,0,0,0,0,0,0,0,0,1578470215,0,13999,1857070,1435007823,22701,0,0,98992365,0,0,0,0,0,0,0,0,0,0,0,0,0,0,0,0,0,0,0,14582,0,0,0,0,0,0,0,0,0,0,0,0,0,0,0,0,0,0,0,0,0,0,0,0,45708,4050,22696,18646,18646,0,0,3322,0,0,19,0,0,0,0,0,0,0,1,0,1,0,0,0,0,0,0,0,0,0,0,0,0,0,0,0,0,0,0,0,0,714,24,0
1774383251.001155,1155,ubuntu-rog,1,0,0,8493777,0,2866424,3930093,497827,0,23,0,0,0,0,0,1551183833,0,0,4907,1552334469,0,0,2866424,3930093,497827,0,244547,144111,0,0,0,0,0,0,0,0,0,0,2860219,102666,4434313,23,0,0,6367,0,0,0,0,0,0,0,36649801,34035161,0,0,89759,89759,15344,16436,0,0,0,0,0,0,0,0,0,2560511,1278692,0,262144,6535356,169694773,0,0,1026,1025,1569954168,0,0,0,0,0,0,0,0,0,0,0,0,1578470270,0,13999,1857070,1435007823,22701,0,0,98992365,0,0,0,0,0,0,0,0,0,0,0,0,0,0,0,0,0,0,0,14582,0,0,0,0,0,0,0,0,0,0,0,0,0,0,0,0,0,0,0,0,0,0,0,0,45708,4050,22696,18646,18646,0,0,3322,0,0,19,0,0,0,0,0,0,0,1,0,1,0,0,0,0,0,0,0,0,0,0,0,0,0,0,0,0,0,0,0,0,714,24,0
1774383252.001157,1157,ubuntu-rog,1,0,0,8493777,0,2866424,3930094,497827,0,16,0,0,0,0,0,1551183864,0,0,4907,1552334500,0,0,2866424,3930094,497827,0,244547,144111,0,0,0,0,0,0,0,0,0,0,2860219,102666,4434314,16,0,0,6367,0,0,0,0,0,0,0,36649801,34035168,0,0,89759,89759,15344,16436,0,0,0,0,0,0,0,0,0,2560511,1278692,0,262144,6535356,169694773,0,0,1026,1025,1569954199,0,0,0,0,0,0,0,0,0,0,0,0,1578470301,0,13999,1857070,1435007823,22701,0,0,98992365,0,0,0,0,0,0,0,0,0,0,0,0,0,0,0,0,0,0,0,14582,0,0,0,0,0,0,0,0,0,0,0,0,0,0,0,0,0,0,0,0,0,0,0,0,45708,4050,22696,18646,18646,0,0,3322,0,0,19,0,0,0,0,0,0,0,1,0,1,0,0,0,0,0,0,0,0,0,0,0,0,0,0,0,0,0,0,0,0,714,24,0
1774383253.001259,1259,ubuntu-rog,1,0,0,8493777,0,2866424,3930094,497827,0,16,0,0,0,0,0,1551183892,0,0,4907,1552334528,0,0,2866424,3930094,497827,0,244547,144111,0,0,0,0,0,0,0,0,0,0,2860219,102666,4434314,16,0,0,6367,0,0,0,0,0,0,0,36649801,34035168,0,0,89759,89759,15344,16436,0,0,0,0,0,0,0,0,0,2560511,1278692,0,262144,6535356,169694809,0,0,1026,1025,1569954227,0,0,0,0,0,0,0,0,0,0,0,0,1578470326,0,13999,1857070,1435007823,22701,0,0,98992365,0,0,0,0,0,0,0,0,0,0,0,0,0,0,0,0,0,0,0,14582,0,0,0,0,0,0,0,0,0,0,0,0,0,0,0,0,0,0,0,0,0,0,0,0,45708,4050,22696,18646,18646,0,0,3322,0,0,19,0,0,0,0,0,0,0,1,0,1,0,0,0,0,0,0,0,0,0,0,0,0,0,0,0,0,0,0,0,0,714,24,0
1774383254.002294,2294,ubuntu-rog,1,0,0,8493777,0,2866424,3930094,497827,0,21,0,0,0,0,0,1551183926,0,0,4907,1552334562,0,0,2866424,3930094,497827,0,244547,144111,0,0,0,0,0,0,0,0,0,0,2860219,102666,4434318,21,0,0,6367,0,0,0,0,0,0,0,36649806,34035168,0,0,89759,89759,15344,16436,0,0,0,0,0,0,0,0,0,2560511,1278692,0,262144,6535356,169694809,0,0,1026,1025,1569954261,0,0,0,0,0,0,0,0,0,0,0,0,1578470359,0,13999,1857070,1435007823,22701,0,0,98992365,0,0,0,0,0,0,0,0,0,0,0,0,0,0,0,0,0,0,0,14582,0,0,0,0,0,0,0,0,0,0,0,0,0,0,0,0,0,0,0,0,0,0,0,0,45708,4050,22696,18646,18646,0,0,3322,0,0,19,0,0,0,0,0,0,0,1,0,1,0,0,0,0,0,0,0,0,0,0,0,0,0,0,0,0,0,0,0,0,714,24,0
1774383255.001298,1298,ubuntu-rog,1,0,0,8493777,0,2866424,3930094,497827,0,21,0,0,0,0,0,1551183956,0,0,4907,1552334592,0,0,2866424,3930094,497827,0,244547,144111,0,0,0,0,0,0,0,0,0,0,2860219,102666,4434318,21,0,0,6367,0,0,0,0,0,0,0,36649806,34035168,0,0,89759,89759,15344,16436,0,0,0,0,0,0,0,0,0,2560511,1278692,0,262144,6535356,169694809,0,0,1026,1025,1569954291,0,0,0,0,0,0,0,0,0,0,0,0,1578470389,0,13999,1857070,1435007823,22701,0,0,98992365,0,0,0,0,0,0,0,0,0,0,0,0,0,0,0,0,0,0,0,14582,0,0,0,0,0,0,0,0,0,0,0,0,0,0,0,0,0,0,0,0,0,0,0,0,45708,4050,22696,18646,18646,0,0,3322,0,0,19,0,0,0,0,0,0,0,1,0,1,0,0,0,0,0,0,0,0,0,0,0,0,0,0,0,0,0,0,0,0,714,24,0
1774383256.001157,1157,ubuntu-rog,1,0,0,8493777,0,2866424,3930094,497827,0,23,0,0,0,0,0,1551183979,0,0,4907,1552334615,0,0,2866424,3930094,497827,0,244547,144111,0,0,0,0,0,0,0,0,0,0,2860219,102666,4434319,23,0,0,6367,0,0,0,0,0,0,0,36649808,34035168,0,0,89759,89759,15344,16436,0,0,0,0,0,0,0,0,0,2560511,1278692,0,262144,6535356,169694869,0,0,1026,1025,1569954314,0,0,0,0,0,0,0,0,0,0,0,0,1578470411,0,13999,1857070,1435007823,22701,0,0,98992365,0,0,0,0,0,0,0,0,0,0,0,0,0,0,0,0,0,0,0,14582,0,0,0,0,0,0,0,0,0,0,0,0,0,0,0,0,0,0,0,0,0,0,0,0,45708,4050,22696,18646,18646,0,0,3322,0,0,19,0,0,0,0,0,0,0,1,0,1,0,0,0,0,0,0,0,0,0,0,0,0,0,0,0,0,0,0,0,0,714,24,0
1774383257.001156,1156,ubuntu-rog,1,0,0,8493777,0,2866425,3930094,497827,0,10,0,0,0,0,0,1551184009,0,0,4907,1552334645,0,0,2866425,3930094,497827,0,244547,144111,0,0,0,0,0,0,0,0,0,0,2860219,102666,4434320,10,0,0,6367,0,0,0,0,0,0,0,36649810,34035183,0,0,89759,89759,15344,16436,0,0,0,0,0,0,0,0,0,2560511,1278692,0,262144,6535356,169694869,0,0,1026,1025,1569954344,0,0,0,0,0,0,0,0,0,0,0,0,1578470440,0,13999,1857070,1435007823,22701,0,0,98992365,0,0,0,0,0,0,0,0,0,0,0,0,0,0,0,0,0,0,0,14582,0,0,0,0,0,0,0,0,0,0,0,0,0,0,0,0,0,0,0,0,0,0,0,0,45708,4050,22696,18646,18646,0,0,3322,0,0,19,0,0,0,0,0,0,0,1,0,1,0,0,0,0,0,0,0,0,0,0,0,0,0,0,0,0,0,0,0,0,714,24,0
1774383258.002264,2264,ubuntu-rog,1,0,0,8493777,0,2866425,3930094,497827,0,10,0,0,0,0,0,1551184039,0,0,4907,1552334675,0,0,2866425,3930094,497827,0,244547,144111,0,0,0,0,0,0,0,0,0,0,2860219,102666,4434320,10,0,0,6367,0,0,0,0,0,0,0,36649810,34035183,0,0,89759,89759,15344,16436,0,0,0,0,0,0,0,0,0,2560511,1278692,0,262144,6535356,169694913,0,0,1026,1025,1569954374,0,0,0,0,0,0,0,0,0,0,0,0,1578470470,0,13999,1857070,1435007823,22701,0,0,98992365,0,0,0,0,0,0,0,0,0,0,0,0,0,0,0,0,0,0,0,14582,0,0,0,0,0,0,0,0,0,0,0,0,0,0,0,0,0,0,0,0,0,0,0,0,45708,4050,22696,18646,18646,0,0,3322,0,0,19,0,0,0,0,0,0,0,1,0,1,0,0,0,0,0,0,0,0,0,0,0,0,0,0,0,0,0,0,0,0,714,24,0
1774383259.001301,1301,ubuntu-rog,1,0,0,8493777,0,2866425,3930094,497827,0,13,0,0,0,0,0,1551184070,0,0,4907,1552334706,0,0,2866425,3930094,497827,0,244547,144111,0,0,0,0,0,0,0,0,0,0,2860219,102666,4434320,13,0,0,6367,0,0,0,0,0,0,0,36649813,34035183,0,0,89759,89759,15344,16436,0,0,0,0,0,0,0,0,0,2560511,1278692,0,262144,6535356,169694913,0,0,1026,1025,1569954405,0,0,0,0,0,0,0,0,0,0,0,0,1578470500,0,13999,1857070,1435007824,22701,0,0,98992365,0,0,0,0,0,0,0,0,0,0,0,0,0,0,0,0,0,0,0,14582,0,0,0,0,0,0,0,0,0,0,0,0,0,0,0,0,0,0,0,0,0,0,0,0,45708,4050,22696,18646,18646,0,0,3322,0,0,19,0,0,0,0,0,0,0,1,0,1,0,0,0,0,0,0,0,0,0,0,0,0,0,0,0,0,0,0,0,0,714,24,0
1774383260.001299,1299,ubuntu-rog,1,0,0,8493777,0,2866425,3930094,497827,0,13,0,0,0,0,0,1551184100,0,0,4907,1552334736,0,0,2866425,3930094,497827,0,244547,144111,0,0,0,0,0,0,0,0,0,0,2860220,102666,4434320,13,0,0,6367,0,0,0,0,0,0,0,36649813,34035183,0,0,89759,89759,15344,16436,0,0,0,0,0,0,0,0,0,2560511,1278692,0,262144,6535356,169694913,0,0,1026,1025,1569954435,0,0,0,0,0,0,0,0,0,0,0,0,1578470530,0,13999,1857070,1435007824,22701,0,0,98992365,0,0,0,0,0,0,0,0,0,0,0,0,0,0,0,0,0,0,0,14582,0,0,0,0,0,0,0,0,0,0,0,0,0,0,0,0,0,0,0,0,0,0,0,0,45708,4050,22696,18646,18646,0,0,3322,0,0,19,0,0,0,0,0,0,0,1,0,1,0,0,0,0,0,0,0,0,0,0,0,0,0,0,0,0,0,0,0,0,714,24,0
1774383261.001158,1158,ubuntu-rog,1,0,0,8493777,0,2866425,3930094,497827,0,16,0,0,0,0,0,1551184129,0,0,4907,1552334765,0,0,2866425,3930094,497827,0,244547,144111,0,0,0,0,0,0,0,0,0,0,2860220,102666,4434322,16,0,0,6367,0,0,0,0,0,0,0,36649816,34035183,0,0,89759,89759,15344,16436,0,0,0,0,0,0,0,0,0,2560511,1278692,0,262144,6535356,169694913,0,0,1026,1025,1569954464,0,0,0,0,0,0,0,0,0,0,0,0,1578470557,0,13999,1857070,1435007824,22701,0,0,98992365,0,0,0,0,0,0,0,0,0,0,0,0,0,0,0,0,0,0,0,14582,0,0,0,0,0,0,0,0,0,0,0,0,0,0,0,0,0,0,0,0,0,0,0,0,45708,4050,22696,18646,18646,0,0,3322,0,0,19,0,0,0,0,0,0,0,1,0,1,0,0,0,0,0,0,0,0,0,0,0,0,0,0,0,0,0,0,0,0,714,24,0
1774383262.002164,2164,ubuntu-rog,1,0,0,8493777,0,2866465,3930115,497827,0,17,0,0,0,0,0,1551184219,0,0,4907,1552334855,0,0,2866465,3930115,497827,0,244547,144111,0,0,0,0,0,0,0,0,0,0,2860278,102666,4434322,17,0,0,6367,0,0,0,0,0,0,0,36649817,34035183,0,0,89759,89759,15344,16437,0,0,0,0,0,0,0,0,0,2560515,1278694,0,262144,6535356,169694913,0,0,1026,1025,1569954561,0,0,0,0,0,0,0,0,0,0,0,0,1578470587,0,13999,1857070,1435007889,22701,0,0,98992367,0,0,0,0,0,0,0,0,0,0,0,0,0,0,0,0,0,0,0,14582,0,0,0,0,0,0,0,0,0,0,0,0,0,0,0,0,0,0,0,0,0,0,0,0,45708,4050,22696,18646,18646,0,0,3322,0,0,19,0,0,0,0,0,0,0,1,0,1,0,0,0,0,0,0,0,0,0,0,0,0,0,0,0,0,0,0,0,0,714,24,0
1774383263.002258,2258,ubuntu-rog,1,0,0,8493777,0,2866465,3930115,497827,0,18,0,0,0,0,0,1551184249,0,0,4907,1552334885,0,0,2866465,3930115,497827,0,244547,144111,0,0,0,0,0,0,0,0,0,0,2860278,102666,4434323,18,0,0,6367,0,0,0,0,0,0,0,36649818,34035183,0,0,89759,89759,15344,16437,0,0,0,0,0,0,0,0,0,2560515,1278694,0,262144,6535356,169694913,0,0,1026,1025,1569954591,0,0,0,0,0,0,0,0,0,0,0,0,1578470616,0,13999,1857070,1435007889,22701,0,0,98992367,0,0,0,0,0,0,0,0,0,0,0,0,0,0,0,0,0,0,0,14582,0,0,0,0,0,0,0,0,0,0,0,0,0,0,0,0,0,0,0,0,0,0,0,0,45708,4050,22696,18646,18646,0,0,3322,0,0,19,0,0,0,0,0,0,0,1,0,1,0,0,0,0,0,0,0,0,0,0,0,0,0,0,0,0,0,0,0,0,714,24,0
1774383264.005288,5288,ubuntu-rog,1,0,0,8493777,0,2866465,3930115,497827,0,19,0,0,0,0,0,1551184275,0,0,4907,1552334911,0,0,2866465,3930115,497827,0,244547,144111,0,0,0,0,0,0,0,0,0,0,2860278,102666,4434324,19,0,0,6367,0,0,0,0,0,0,0,36649819,34035183,0,0,89759,89759,15344,16437,0,0,0,0,0,0,0,0,0,2560515,1278694,0,262144,6535356,169694937,0,0,1026,1025,1569954617,0,0,0,0,0,0,0,0,0,0,0,0,1578470640,0,13999,1857070,1435007889,22701,0,0,98992367,0,0,0,0,0,0,0,0,0,0,0,0,0,0,0,0,0,0,0,14582,0,0,0,0,0,0,0,0,0,0,0,0,0,0,0,0,0,0,0,0,0,0,0,0,45708,4050,22696,18646,18646,0,0,3322,0,0,19,0,0,0,0,0,0,0,1,0,1,0,0,0,0,0,0,0,0,0,0,0,0,0,0,0,0,0,0,0,0,714,24,0
1774383265.001456,1456,ubuntu-rog,1,0,0,8493777,0,2866465,3930115,497827,0,21,0,0,0,0,0,1551184305,0,0,4907,1552334941,0,0,2866465,3930115,497827,0,244547,144111,0,0,0,0,0,0,0,0,0,0,2860278,102666,4434325,21,0,0,6367,0,0,0,0,0,0,0,36649821,34035183,0,0,89759,89759,15344,16437,0,0,0,0,0,0,0,0,0,2560515,1278694,0,262144,6535356,169694937,0,0,1026,1025,1569954647,0,0,0,0,0,0,0,0,0,0,0,0,1578470670,0,13999,1857070,1435007889,22701,0,0,98992367,0,0,0,0,0,0,0,0,0,0,0,0,0,0,0,0,0,0,0,14582,0,0,0,0,0,0,0,0,0,0,0,0,0,0,0,0,0,0,0,0,0,0,0,0,45708,4050,22696,18646,18646,0,0,3322,0,0,19,0,0,0,0,0,0,0,1,0,1,0,0,0,0,0,0,0,0,0,0,0,0,0,0,0,0,0,0,0,0,714,24,0
1774383266.002159,2159,ubuntu-rog,1,0,0,8493777,0,2866465,3930115,497827,0,20,0,0,0,0,0,1551184336,0,0,4907,1552334972,0,0,2866465,3930115,497827,0,244547,144111,0,0,0,0,0,0,0,0,0,0,2860278,102666,4434325,10,10,0,6367,0,0,0,0,0,0,0,36649821,34035184,0,0,89759,89759,15344,16437,0,0,0,0,0,0,0,0,0,2560515,1278694,0,262144,6535356,169694977,0,0,1026,1025,1569954678,0,0,0,0,0,0,0,0,0,0,0,0,1578470701,0,13999,1857070,1435007889,22701,0,0,98992367,0,0,0,0,0,0,0,0,0,0,0,0,0,0,0,0,0,0,0,14582,0,0,0,0,0,0,0,0,0,0,0,0,0,0,0,0,0,0,0,0,0,0,0,0,45708,4050,22696,18646,18646,0,0,3322,0,0,19,0,0,0,0,0,0,0,1,0,1,0,0,0,0,0,0,0,0,0,0,0,0,0,0,0,0,0,0,0,0,714,24,0
1774383267.001161,1161,ubuntu-rog,1,0,0,8493777,0,2866465,3930115,497827,0,10,0,0,0,0,0,1551184358,0,0,4907,1552334994,0,0,2866465,3930115,497827,0,244547,144111,0,0,0,0,0,0,0,0,0,0,2860278,102666,4434325,10,0,0,6367,0,0,0,0,0,0,0,36649821,34035194,0,0,89759,89759,15344,16437,0,0,0,0,0,0,0,0,0,2560515,1278694,0,262144,6535356,169694977,0,0,1026,1025,1569954700,0,0,0,0,0,0,0,0,0,0,0,0,1578470723,0,13999,1857070,1435007889,22701,0,0,98992367,0,0,0,0,0,0,0,0,0,0,0,0,0,0,0,0,0,0,0,14582,0,0,0,0,0,0,0,0,0,0,0,0,0,0,0,0,0,0,0,0,0,0,0,0,45708,4050,22696,18646,18646,0,0,3322,0,0,19,0,0,0,0,0,0,0,1,0,1,0,0,0,0,0,0,0,0,0,0,0,0,0,0,0,0,0,0,0,0,714,24,0
1774383268.001258,1258,ubuntu-rog,1,0,0,8493777,0,2866465,3930115,497827,0,11,0,0,0,0,0,1551184387,0,0,4907,1552335023,0,0,2866465,3930115,497827,0,244547,144111,0,0,0,0,0,0,0,0,0,0,2860278,102666,4434326,11,0,0,6367,0,0,0,0,0,0,0,36649822,34035194,0,0,89759,89759,15344,16437,0,0,0,0,0,0,0,0,0,2560515,1278694,0,262144,6535356,169694977,0,0,1026,1025,1569954729,0,0,0,0,0,0,0,0,0,0,0,0,1578470751,0,13999,1857070,1435007889,22701,0,0,98992367,0,0,0,0,0,0,0,0,0,0,0,0,0,0,0,0,0,0,0,14582,0,0,0,0,0,0,0,0,0,0,0,0,0,0,0,0,0,0,0,0,0,0,0,0,45708,4050,22696,18646,18646,0,0,3322,0,0,19,0,0,0,0,0,0,0,1,0,1,0,0,0,0,0,0,0,0,0,0,0,0,0,0,0,0,0,0,0,0,714,24,0
1774383269.001291,1291,ubuntu-rog,1,0,0,8493777,0,2866465,3930115,497827,0,12,0,0,0,0,0,1551184417,0,0,4907,1552335053,0,0,2866465,3930115,497827,0,244547,144111,0,0,0,0,0,0,0,0,0,0,2860278,102666,4434327,12,0,0,6367,0,0,0,0,0,0,0,36649823,34035194,0,0,89759,89759,15344,16437,0,0,0,0,0,0,0,0,0,2560515,1278694,0,262144,6535356,169694993,0,0,1026,1025,1569954759,0,0,0,0,0,0,0,0,0,0,0,0,1578470780,0,13999,1857070,1435007889,22701,0,0,98992367,0,0,0,0,0,0,0,0,0,0,0,0,0,0,0,0,0,0,0,14582,0,0,0,0,0,0,0,0,0,0,0,0,0,0,0,0,0,0,0,0,0,0,0,0,45708,4050,22696,18646,18646,0,0,3322,0,0,19,0,0,0,0,0,0,0,1,0,1,0,0,0,0,0,0,0,0,0,0,0,0,0,0,0,0,0,0,0,0,714,24,0
1774383270.003294,3294,ubuntu-rog,1,0,0,8493777,0,2866465,3930115,497827,0,13,0,0,0,0,0,1551184440,0,0,4907,1552335076,0,0,2866465,3930115,497827,0,244547,144111,0,0,0,0,0,0,0,0,0,0,2860278,102666,4434327,13,0,0,6367,0,0,0,0,0,0,0,36649824,34035194,0,0,89759,89759,15344,16437,0,0,0,0,0,0,0,0,0,2560515,1278694,0,262144,6535356,169694993,0,0,1026,1025,1569954782,0,0,0,0,0,0,0,0,0,0,0,0,1578470803,0,13999,1857070,1435007889,22701,0,0,98992367,0,0,0,0,0,0,0,0,0,0,0,0,0,0,0,0,0,0,0,14582,0,0,0,0,0,0,0,0,0,0,0,0,0,0,0,0,0,0,0,0,0,0,0,0,45708,4050,22696,18646,18646,0,0,3322,0,0,19,0,0,0,0,0,0,0,1,0,1,0,0,0,0,0,0,0,0,0,0,0,0,0,0,0,0,0,0,0,0,714,24,0
1774383271.001161,1161,ubuntu-rog,1,0,0,8493777,0,2866465,3930115,497827,0,14,0,0,0,0,0,1551184472,0,0,4907,1552335108,0,0,2866465,3930115,497827,0,244547,144111,0,0,0,0,0,0,0,0,0,0,2860278,102666,4434328,14,0,0,6367,0,0,0,0,0,0,0,36649825,34035194,0,0,89759,89759,15344,16437,0,0,0,0,0,0,0,0,0,2560515,1278694,0,262144,6535356,169694993,0,0,1026,1025,1569954814,0,0,0,0,0,0,0,0,0,0,0,0,1578470834,0,13999,1857070,1435007889,22701,0,0,98992367,0,0,0,0,0,0,0,0,0,0,0,0,0,0,0,0,0,0,0,14582,0,0,0,0,0,0,0,0,0,0,0,0,0,0,0,0,0,0,0,0,0,0,0,0,45708,4050,22696,18646,18646,0,0,3322,0,0,19,0,0,0,0,0,0,0,1,0,1,0,0,0,0,0,0,0,0,0,0,0,0,0,0,0,0,0,0,0,0,714,24,0
1774383272.001166,1166,ubuntu-rog,1,0,0,8493777,0,2866465,3930115,497827,0,14,0,0,0,0,0,1551184504,0,0,4907,1552335140,0,0,2866465,3930115,497827,0,244547,144111,0,0,0,0,0,0,0,0,0,0,2860278,102666,4434328,14,0,0,6367,0,0,0,0,0,0,0,36649825,34035194,0,0,89759,89759,15344,16437,0,0,0,0,0,0,0,0,0,2560515,1278694,0,262144,6535356,169694993,0,0,1026,1025,1569954846,0,0,0,0,0,0,0,0,0,0,0,0,1578470866,0,13999,1857070,1435007894,22701,0,0,98992372,0,0,0,0,0,0,0,0,0,0,0,0,0,0,0,0,0,0,0,14582,0,0,0,0,0,0,0,0,0,0,0,0,0,0,0,0,0,0,0,0,0,0,0,0,45708,4050,22696,18646,18646,0,0,3322,0,0,19,0,0,0,0,0,0,0,1,0,1,0,0,0,0,0,0,0,0,0,0,0,0,0,0,0,0,0,0,0,0,714,24,0
1774383273.001264,1264,ubuntu-rog,1,0,0,8493777,0,2866465,3930115,497827,0,15,0,0,0,0,0,1551184533,0,0,4907,1552335169,0,0,2866465,3930115,497827,0,244547,144111,0,0,0,0,0,0,0,0,0,0,2860278,102666,4434329,15,0,0,6367,0,0,0,0,0,0,0,36649826,34035194,0,0,89759,89759,15344,16437,0,0,0,0,0,0,0,0,0,2560515,1278694,0,262144,6535356,169694993,0,0,1026,1025,1569954875,0,0,0,0,0,0,0,0,0,0,0,0,1578470894,0,13999,1857070,1435007894,22701,0,0,98992372,0,0,0,0,0,0,0,0,0,0,0,0,0,0,0,0,0,0,0,14582,0,0,0,0,0,0,0,0,0,0,0,0,0,0,0,0,0,0,0,0,0,0,0,0,45708,4050,22696,18646,18646,0,0,3322,0,0,19,0,0,0,0,0,0,0,1,0,1,0,0,0,0,0,0,0,0,0,0,0,0,0,0,0,0,0,0,0,0,714,24,0
1774383274.002292,2292,ubuntu-rog,1,0,0,8493777,0,2866465,3930115,497827,0,15,0,0,0,0,0,1551184565,0,0,4907,1552335201,0,0,2866465,3930115,497827,0,244547,144111,0,0,0,0,0,0,0,0,0,0,2860278,102666,4434329,15,0,0,6367,0,0,0,0,0,0,0,36649826,34035194,0,0,89759,89759,15344,16437,0,0,0,0,0,0,0,0,0,2560515,1278694,0,262144,6535356,169695009,0,0,1026,1025,1569954907,0,0,0,0,0,0,0,0,0,0,0,0,1578470926,0,13999,1857070,1435007894,22701,0,0,98992372,0,0,0,0,0,0,0,0,0,0,0,0,0,0,0,0,0,0,0,14582,0,0,0,0,0,0,0,0,0,0,0,0,0,0,0,0,0,0,0,0,0,0,0,0,45708,4050,22696,18646,18646,0,0,3322,0,0,19,0,0,0,0,0,0,0,1,0,1,0,0,0,0,0,0,0,0,0,0,0,0,0,0,0,0,0,0,0,0,714,24,0
1774383275.001303,1303,ubuntu-rog,1,0,0,8493777,0,2866465,3930115,497827,0,18,0,0,0,0,0,1551184589,0,0,4907,1552335225,0,0,2866465,3930115,497827,0,244548,144111,0,0,0,0,0,0,0,0,0,0,2860278,102666,4434331,18,0,0,6367,0,0,0,0,0,0,0,36649829,34035194,0,0,89759,89759,15344,16437,0,0,0,0,0,0,0,0,0,2560515,1278694,0,262144,6535356,169695009,0,0,1026,1025,1569954931,0,0,0,0,0,0,0,0,0,0,0,0,1578470947,0,13999,1857070,1435007894,22701,0,0,98992372,0,0,0,0,0,0,0,0,0,0,0,0,0,0,0,0,0,0,0,14582,0,0,0,0,0,0,0,0,0,0,0,0,0,0,0,0,0,0,0,0,0,0,0,0,45708,4050,22696,18646,18646,0,0,3322,0,0,19,0,0,0,0,0,0,0,1,0,1,0,0,0,0,0,0,0,0,0,0,0,0,0,0,0,0,0,0,0,0,714,24,0
1774383276.001157,1157,ubuntu-rog,1,0,0,8493777,0,2866465,3930115,497827,0,18,0,0,0,0,0,1551184619,0,0,4907,1552335255,0,0,2866465,3930115,497827,0,244548,144111,0,0,0,0,0,0,0,0,0,0,2860278,102666,4434331,18,0,0,6367,0,0,0,0,0,0,0,36649829,34035194,0,0,89759,89759,15344,16437,0,0,0,0,0,0,0,0,0,2560515,1278694,0,262144,6535356,169695009,0,0,1026,1025,1569954961,0,0,0,0,0,0,0,0,0,0,0,0,1578470977,0,13999,1857070,1435007894,22701,0,0,98992372,0,0,0,0,0,0,0,0,0,0,0,0,0,0,0,0,0,0,0,14582,0,0,0,0,0,0,0,0,0,0,0,0,0,0,0,0,0,0,0,0,0,0,0,0,45708,4050,22696,18646,18646,0,0,3322,0,0,19,0,0,0,0,0,0,0,1,0,1,0,0,0,0,0,0,0,0,0,0,0,0,0,0,0,0,0,0,0,0,714,24,0
1774383277.002169,2169,ubuntu-rog,1,0,0,8493777,0,2866465,3930115,497827,0,18,0,0,0,0,0,1551184649,0,0,4907,1552335285,0,0,2866465,3930115,497827,0,244548,144111,0,0,0,0,0,0,0,0,0,0,2860278,102666,4434331,18,0,0,6367,0,0,0,0,0,0,0,36649829,34035194,0,0,89759,89759,15344,16437,0,0,0,0,0,0,0,0,0,2560515,1278694,0,262144,6535356,169695009,0,0,1026,1025,1569954991,0,0,0,0,0,0,0,0,0,0,0,0,1578471007,0,13999,1857070,1435007894,22701,0,0,98992372,0,0,0,0,0,0,0,0,0,0,0,0,0,0,0,0,0,0,0,14582,0,0,0,0,0,0,0,0,0,0,0,0,0,0,0,0,0,0,0,0,0,0,0,0,45708,4050,22696,18646,18646,0,0,3322,0,0,19,0,0,0,0,0,0,0,1,0,1,0,0,0,0,0,0,0,0,0,0,0,0,0,0,0,0,0,0,0,0,714,24,0
1774383278.001256,1256,ubuntu-rog,1,0,0,8493777,0,2866465,3930115,497827,0,19,0,0,0,0,0,1551184677,0,0,4907,1552335313,0,0,2866465,3930115,497827,0,244548,144111,0,0,0,0,0,0,0,0,0,0,2860278,102666,4434332,19,0,0,6367,0,0,0,0,0,0,0,36649830,34035194,0,0,89759,89759,15344,16437,0,0,0,0,0,0,0,0,0,2560515,1278694,0,262144,6535356,169695009,0,0,1026,1025,1569955019,0,0,0,0,0,0,0,0,0,0,0,0,1578471034,0,13999,1857070,1435007894,22701,0,0,98992372,0,0,0,0,0,0,0,0,0,0,0,0,0,0,0,0,0,0,0,14582,0,0,0,0,0,0,0,0,0,0,0,0,0,0,0,0,0,0,0,0,0,0,0,0,45708,4050,22696,18646,18646,0,0,3322,0,0,19,0,0,0,0,0,0,0,1,0,1,0,0,0,0,0,0,0,0,0,0,0,0,0,0,0,0,0,0,0,0,714,24,0
1774383279.001337,1337,ubuntu-rog,1,0,0,8493777,0,2866465,3930115,497827,0,19,0,0,0,0,0,1551184710,0,0,4907,1552335346,0,0,2866465,3930115,497827,0,244548,144111,0,0,0,0,0,0,0,0,0,0,2860278,102666,4434332,19,0,0,6367,0,0,0,0,0,0,0,36649830,34035194,0,0,89759,89759,15344,16437,0,0,0,0,0,0,0,0,0,2560515,1278694,0,262144,6535356,169695009,0,0,1026,1025,1569955052,0,0,0,0,0,0,0,0,0,0,0,0,1578471067,0,13999,1857070,1435007894,22701,0,0,98992372,0,0,0,0,0,0,0,0,0,0,0,0,0,0,0,0,0,0,0,14582,0,0,0,0,0,0,0,0,0,0,0,0,0,0,0,0,0,0,0,0,0,0,0,0,45708,4050,22696,18646,18646,0,0,3322,0,0,19,0,0,0,0,0,0,0,1,0,1,0,0,0,0,0,0,0,0,0,0,0,0,0,0,0,0,0,0,0,0,714,24,0
1774383280.002303,2303,ubuntu-rog,1,0,0,8493777,0,2866465,3930115,497827,0,19,0,0,0,0,0,1551184743,0,0,4907,1552335379,0,0,2866465,3930115,497827,0,244548,144111,0,0,0,0,0,0,0,0,0,0,2860278,102666,4434332,19,0,0,6367,0,0,0,0,0,0,0,36649830,34035194,0,0,89759,89759,15344,16437,0,0,0,0,0,0,0,0,0,2560515,1278694,0,262144,6535356,169695025,0,0,1026,1025,1569955085,0,0,0,0,0,0,0,0,0,0,0,0,1578471098,0,13999,1857070,1435007894,22701,0,0,98992372,0,0,0,0,0,0,0,0,0,0,0,0,0,0,0,0,0,0,0,14582,0,0,0,0,0,0,0,0,0,0,0,0,0,0,0,0,0,0,0,0,0,0,0,0,45708,4050,22696,18646,18646,0,0,3322,0,0,19,0,0,0,0,0,0,0,1,0,1,0,0,0,0,0,0,0,0,0,0,0,0,0,0,0,0,0,0,0,0,714,24,0
1774383281.001153,1153,ubuntu-rog,1,0,0,8493777,0,2866465,3930115,497827,0,19,0,0,0,0,0,1551184763,0,0,4907,1552335399,0,0,2866465,3930115,497827,0,244548,144111,0,0,0,0,0,0,0,0,0,0,2860278,102666,4434334,19,0,0,6367,0,0,0,0,0,0,0,36649830,34035194,0,0,89759,89759,15344,16437,0,0,0,0,0,0,0,0,0,2560515,1278694,0,262144,6535356,169695025,0,0,1026,1025,1569955105,0,0,0,0,0,0,0,0,0,0,0,0,1578471118,0,13999,1857070,1435007894,22701,0,0,98992372,0,0,0,0,0,0,0,0,0,0,0,0,0,0,0,0,0,0,0,14582,0,0,0,0,0,0,0,0,0,0,0,0,0,0,0,0,0,0,0,0,0,0,0,0,45708,4050,22696,18646,18646,0,0,3322,0,0,19,0,0,0,0,0,0,0,1,0,1,0,0,0,0,0,0,0,0,0,0,0,0,0,0,0,0,0,0,0,0,714,24,0
1774383282.001156,1156,ubuntu-rog,1,0,0,8493777,0,2866465,3930116,497827,0,15,0,0,0,0,0,1551184796,0,0,4907,1552335432,0,0,2866465,3930116,497827,0,244548,144111,0,0,0,0,0,0,0,0,0,0,2860278,102666,4434337,15,0,0,6367,0,0,0,0,0,0,0,36649832,34035200,0,0,89759,89759,15344,16437,0,0,0,0,0,0,0,0,0,2560515,1278694,0,262144,6535356,169695049,0,0,1026,1025,1569955138,0,0,0,0,0,0,0,0,0,0,0,0,1578471148,0,13999,1857070,1435007895,22701,0,0,98992373,0,0,0,0,0,0,0,0,0,0,0,0,0,0,0,0,0,0,0,14582,0,0,0,0,0,0,0,0,0,0,0,0,0,0,0,0,0,0,0,0,0,0,0,0,45708,4050,22696,18646,18646,0,0,3322,0,0,19,0,0,0,0,0,0,0,1,0,1,0,0,0,0,0,0,0,0,0,0,0,0,0,0,0,0,0,0,0,0,714,24,0
1774383283.002251,2251,ubuntu-rog,1,0,0,8493777,0,2866465,3930116,497827,0,15,0,0,0,0,0,1551184830,0,0,4907,1552335466,0,0,2866465,3930116,497827,0,244548,144111,0,0,0,0,0,0,0,0,0,0,2860278,102666,4434337,15,0,0,6367,0,0,0,0,0,0,0,36649832,34035200,0,0,89759,89759,15344,16437,0,0,0,0,0,0,0,0,0,2560515,1278694,0,262144,6535356,169695049,0,0,1026,1025,1569955172,0,0,0,0,0,0,0,0,0,0,0,0,1578471182,0,13999,1857070,1435007895,22701,0,0,98992373,0,0,0,0,0,0,0,0,0,0,0,0,0,0,0,0,0,0,0,14582,0,0,0,0,0,0,0,0,0,0,0,0,0,0,0,0,0,0,0,0,0,0,0,0,45708,4050,22696,18646,18646,0,0,3322,0,0,19,0,0,0,0,0,0,0,1,0,1,0,0,0,0,0,0,0,0,0,0,0,0,0,0,0,0,0,0,0,0,714,24,0
1774383284.001287,1287,ubuntu-rog,1,0,0,8493777,0,2866465,3930116,497827,0,15,0,0,0,0,0,1551184855,0,0,4907,1552335491,0,0,2866465,3930116,497827,0,244548,144111,0,0,0,0,0,0,0,0,0,0,2860278,102666,4434337,15,0,0,6367,0,0,0,0,0,0,0,36649832,34035200,0,0,89759,89759,15344,16437,0,0,0,0,0,0,0,0,0,2560515,1278694,0,262144,6535356,169695049,0,0,1026,1025,1569955197,0,0,0,0,0,0,0,0,0,0,0,0,1578471207,0,13999,1857070,1435007895,22701,0,0,98992373,0,0,0,0,0,0,0,0,0,0,0,0,0,0,0,0,0,0,0,14582,0,0,0,0,0,0,0,0,0,0,0,0,0,0,0,0,0,0,0,0,0,0,0,0,45708,4050,22696,18646,18646,0,0,3322,0,0,19,0,0,0,0,0,0,0,1,0,1,0,0,0,0,0,0,0,0,0,0,0,0,0,0,0,0,0,0,0,0,714,24,0
1774383285.001284,1284,ubuntu-rog,1,0,0,8493777,0,2866465,3930116,497827,0,16,0,0,0,0,0,1551184885,0,0,4907,1552335521,0,0,2866465,3930116,497827,0,244548,144111,0,0,0,0,0,0,0,0,0,0,2860278,102666,4434338,16,0,0,6367,0,0,0,0,0,0,0,36649833,34035200,0,0,89759,89759,15344,16437,0,0,0,0,0,0,0,0,0,2560515,1278694,0,262144,6535356,169695085,0,0,1026,1025,1569955227,0,0,0,0,0,0,0,0,0,0,0,0,1578471236,0,13999,1857070,1435007895,22701,0,0,98992373,0,0,0,0,0,0,0,0,0,0,0,0,0,0,0,0,0,0,0,14582,0,0,0,0,0,0,0,0,0,0,0,0,0,0,0,0,0,0,0,0,0,0,0,0,45708,4050,22696,18646,18646,0,0,3322,0,0,19,0,0,0,0,0,0,0,1,0,1,0,0,0,0,0,0,0,0,0,0,0,0,0,0,0,0,0,0,0,0,714,24,0
1774383286.001145,1145,ubuntu-rog,1,0,0,8493777,0,2866465,3930116,497827,0,21,0,0,0,0,0,1551184919,0,0,4907,1552335555,0,0,2866465,3930116,497827,0,244548,144111,0,0,0,0,0,0,0,0,0,0,2860278,102666,4434339,21,0,0,6367,0,0,0,0,0,0,0,36649838,34035200,0,0,89759,89759,15344,16437,0,0,0,0,0,0,0,0,0,2560515,1278694,0,262144,6535356,169695085,0,0,1026,1025,1569955261,0,0,0,0,0,0,0,0,0,0,0,0,1578471269,0,13999,1857070,1435007895,22701,0,0,98992373,0,0,0,0,0,0,0,0,0,0,0,0,0,0,0,0,0,0,0,14582,0,0,0,0,0,0,0,0,0,0,0,0,0,0,0,0,0,0,0,0,0,0,0,0,45708,4050,22696,18646,18646,0,0,3322,0,0,19,0,0,0,0,0,0,0,1,0,1,0,0,0,0,0,0,0,0,0,0,0,0,0,0,0,0,0,0,0,0,714,24,0
1774383287.002165,2165,ubuntu-rog,1,0,0,8493777,0,2866465,3930116,497827,0,11,0,0,0,0,0,1551184956,0,0,4907,1552335592,0,0,2866465,3930116,497827,0,244548,144111,0,0,0,0,0,0,0,0,0,0,2860278,102666,4434339,11,0,0,6367,0,0,0,0,0,0,0,36649838,34035210,0,0,89759,89759,15344,16437,0,0,0,0,0,0,0,0,0,2560515,1278694,0,262144,6535356,169695125,0,0,1026,1025,1569955298,0,0,0,0,0,0,0,0,0,0,0,0,1578471306,0,13999,1857070,1435007895,22701,0,0,98992373,0,0,0,0,0,0,0,0,0,0,0,0,0,0,0,0,0,0,0,14582,0,0,0,0,0,0,0,0,0,0,0,0,0,0,0,0,0,0,0,0,0,0,0,0,45708,4050,22696,18646,18646,0,0,3322,0,0,19,0,0,0,0,0,0,0,1,0,1,0,0,0,0,0,0,0,0,0,0,0,0,0,0,0,0,0,0,0,0,714,24,0
1774383288.001260,1260,ubuntu-rog,1,0,0,8493777,0,2866465,3930116,497827,0,13,0,0,0,0,0,1551184990,0,0,4907,1552335626,0,0,2866465,3930116,497827,0,244548,144111,0,0,0,0,0,0,0,0,0,0,2860278,102666,4434340,13,0,0,6367,0,0,0,0,0,0,0,36649840,34035210,0,0,89759,89759,15344,16437,0,0,0,0,0,0,0,0,0,2560515,1278694,0,262144,6535356,169695125,0,0,1026,1025,1569955332,0,0,0,0,0,0,0,0,0,0,0,0,1578471339,0,13999,1857070,1435007895,22701,0,0,98992373,0,0,0,0,0,0,0,0,0,0,0,0,0,0,0,0,0,0,0,14582,0,0,0,0,0,0,0,0,0,0,0,0,0,0,0,0,0,0,0,0,0,0,0,0,45708,4050,22696,18646,18646,0,0,3322,0,0,19,0,0,0,0,0,0,0,1,0,1,0,0,0,0,0,0,0,0,0,0,0,0,0,0,0,0,0,0,0,0,714,24,0
1774383289.001291,1291,ubuntu-rog,1,0,0,8493777,0,2866465,3930116,497827,0,15,0,0,0,0,0,1551185016,0,0,4907,1552335652,0,0,2866465,3930116,497827,0,244548,144111,0,0,0,0,0,0,0,0,0,0,2860278,102666,4434341,15,0,0,6367,0,0,0,0,0,0,0,36649842,34035210,0,0,89759,89759,15344,16437,0,0,0,0,0,0,0,0,0,2560515,1278694,0,262144,6535356,169695125,0,0,1026,1025,1569955358,0,0,0,0,0,0,0,0,0,0,0,0,1578471364,0,13999,1857070,1435007895,22701,0,0,98992373,0,0,0,0,0,0,0,0,0,0,0,0,0,0,0,0,0,0,0,14582,0,0,0,0,0,0,0,0,0,0,0,0,0,0,0,0,0,0,0,0,0,0,0,0,45708,4050,22696,18646,18646,0,0,3322,0,0,19,0,0,0,0,0,0,0,1,0,1,0,0,0,0,0,0,0,0,0,0,0,0,0,0,0,0,0,0,0,0,714,24,0
1774383290.001295,1295,ubuntu-rog,1,0,0,8493777,0,2866465,3930116,497827,0,15,0,0,0,0,0,1551185045,0,0,4907,1552335681,0,0,2866465,3930116,497827,0,244548,144107,0,0,0,0,0,0,0,0,0,0,2860278,102666,4434341,15,0,0,6367,0,0,0,0,0,0,0,36649842,34035210,0,0,89759,89759,15344,16437,0,0,0,0,0,0,0,0,0,2560515,1278694,0,262144,6535356,169695125,0,0,1026,1025,1569955387,0,0,0,0,0,0,0,0,0,0,0,0,1578471397,0,13999,1857070,1435007895,22701,0,0,98992373,0,0,0,0,0,0,0,0,0,0,0,0,0,0,0,0,0,0,0,14582,0,0,0,0,0,0,0,0,0,0,0,0,0,0,0,0,0,0,0,0,0,0,0,0,45708,4050,22696,18646,18646,0,0,3322,0,0,19,0,0,0,0,0,0,0,1,0,1,0,0,0,0,0,0,0,0,0,0,0,0,0,0,0,0,0,0,0,0,714,24,0
1774383291.002148,2148,ubuntu-rog,1,0,0,8493777,0,2866465,3930116,497827,0,15,0,0,0,0,0,1551185078,0,0,4907,1552335714,0,0,2866465,3930116,497827,0,244548,144107,0,0,0,0,0,0,0,0,0,0,2860278,102666,4434341,15,0,0,6367,0,0,0,0,0,0,0,36649842,34035210,0,0,89759,89759,15344,16437,0,0,0,0,0,0,0,0,0,2560515,1278694,0,262144,6535356,169695165,0,0,1026,1025,1569955420,0,0,0,0,0,0,0,0,0,0,0,0,1578471427,0,13999,1857070,1435007895,22701,0,0,98992373,0,0,0,0,0,0,0,0,0,0,0,0,0,0,0,0,0,0,0,14582,0,0,0,0,0,0,0,0,0,0,0,0,0,0,0,0,0,0,0,0,0,0,0,0,45708,4050,22696,18646,18646,0,0,3322,0,0,19,0,0,0,0,0,0,0,1,0,1,0,0,0,0,0,0,0,0,0,0,0,0,0,0,0,0,0,0,0,0,714,24,0
1774383292.001156,1156,ubuntu-rog,1,0,0,8493777,0,2866465,3930116,497827,0,17,0,0,0,0,0,1551185101,0,0,4907,1552335737,0,0,2866465,3930116,497827,0,244548,144107,0,0,0,0,0,0,0,0,0,0,2860278,102666,4434345,17,0,0,6367,0,0,0,0,0,0,0,36649844,34035210,0,0,89759,89759,15344,16437,0,0,0,0,0,0,0,0,0,2560515,1278694,0,262144,6535356,169695185,0,0,1026,1025,1569955443,0,0,0,0,0,0,0,0,0,0,0,0,1578471449,0,13999,1857070,1435007895,22701,0,0,98992373,0,0,0,0,0,0,0,0,0,0,0,0,0,0,0,0,0,0,0,14582,0,0,0,0,0,0,0,0,0,0,0,0,0,0,0,0,0,0,0,0,0,0,0,0,45708,4050,22696,18646,18646,0,0,3322,0,0,19,0,0,0,0,0,0,0,1,0,1,0,0,0,0,0,0,0,0,0,0,0,0,0,0,0,0,0,0,0,0,714,24,0
1774383293.001241,1241,ubuntu-rog,1,0,0,8493777,0,2866465,3930116,497827,0,12,0,0,0,0,0,1551185132,0,0,4907,1552335768,0,0,2866465,3930116,497827,0,244548,144107,0,0,0,0,0,0,0,0,0,0,2860278,102666,4434345,12,0,0,6367,0,0,0,0,0,0,0,36649844,34035215,0,0,89759,89759,15344,16437,0,0,0,0,0,0,0,0,0,2560515,1278694,0,262144,6535356,169695185,0,0,1026,1025,1569955474,0,0,0,0,0,0,0,0,0,0,0,0,1578471480,0,13999,1857070,1435007895,22701,0,0,98992373,0,0,0,0,0,0,0,0,0,0,0,0,0,0,0,0,0,0,0,14582,0,0,0,0,0,0,0,0,0,0,0,0,0,0,0,0,0,0,0,0,0,0,0,0,45708,4050,22696,18646,18646,0,0,3322,0,0,19,0,0,0,0,0,0,0,1,0,1,0,0,0,0,0,0,0,0,0,0,0,0,0,0,0,0,0,0,0,0,714,24,0
1774383294.001290,1290,ubuntu-rog,1,0,0,8493777,0,2866465,3930116,497827,0,13,0,0,0,0,0,1551185162,0,0,4907,1552335798,0,0,2866465,3930116,497827,0,244548,144107,0,0,0,0,0,0,0,0,0,0,2860278,102666,4434346,13,0,0,6367,0,0,0,0,0,0,0,36649845,34035215,0,0,89759,89759,15344,16437,0,0,0,0,0,0,0,0,0,2560515,1278694,0,262144,6535356,169695185,0,0,1026,1025,1569955504,0,0,0,0,0,0,0,0,0,0,0,0,1578471509,0,13999,1857070,1435007895,22701,0,0,98992373,0,0,0,0,0,0,0,0,0,0,0,0,0,0,0,0,0,0,0,14582,0,0,0,0,0,0,0,0,0,0,0,0,0,0,0,0,0,0,0,0,0,0,0,0,45708,4050,22696,18646,18646,0,0,3322,0,0,19,0,0,0,0,0,0,0,1,0,1,0,0,0,0,0,0,0,0,0,0,0,0,0,0,0,0,0,0,0,0,714,24,0
1774383295.005290,5290,ubuntu-rog,1,0,0,8493777,0,2866465,3930116,497827,0,14,0,0,0,0,0,1551185187,0,0,4907,1552335823,0,0,2866465,3930116,497827,0,244548,144107,0,0,0,0,0,0,0,0,0,0,2860278,102666,4434347,14,0,0,6367,0,0,0,0,0,0,0,36649846,34035215,0,0,89759,89759,15344,16437,0,0,0,0,0,0,0,0,0,2560515,1278694,0,262144,6535356,169695185,0,0,1026,1025,1569955529,0,0,0,0,0,0,0,0,0,0,0,0,1578471533,0,13999,1857070,1435007895,22701,0,0,98992373,0,0,0,0,0,0,0,0,0,0,0,0,0,0,0,0,0,0,0,14582,0,0,0,0,0,0,0,0,0,0,0,0,0,0,0,0,0,0,0,0,0,0,0,0,45708,4050,22696,18646,18646,0,0,3322,0,0,19,0,0,0,0,0,0,0,1,0,1,0,0,0,0,0,0,0,0,0,0,0,0,0,0,0,0,0,0,0,0,714,24,0
1774383296.001153,1153,ubuntu-rog,1,0,0,8493777,0,2866465,3930116,497827,0,14,0,0,0,0,0,1551185218,0,0,4907,1552335854,0,0,2866465,3930116,497827,0,244548,144107,0,0,0,0,0,0,0,0,0,0,2860278,102666,4434347,14,0,0,6367,0,0,0,0,0,0,0,36649846,34035215,0,0,89759,89759,15344,16437,0,0,0,0,0,0,0,0,0,2560515,1278694,0,262144,6535356,169695213,0,0,1026,1025,1569955560,0,0,0,0,0,0,0,0,0,0,0,0,1578471563,0,13999,1857070,1435007895,22701,0,0,98992373,0,0,0,0,0,0,0,0,0,0,0,0,0,0,0,0,0,0,0,14582,0,0,0,0,0,0,0,0,0,0,0,0,0,0,0,0,0,0,0,0,0,0,0,0,45708,4050,22696,18646,18646,0,0,3322,0,0,19,0,0,0,0,0,0,0,1,0,1,0,0,0,0,0,0,0,0,0,0,0,0,0,0,0,0,0,0,0,0,714,24,0
1774383297.001151,1151,ubuntu-rog,1,0,0,8493777,0,2866465,3930116,497827,0,17,0,0,0,0,0,1551185248,0,0,4907,1552335884,0,0,2866465,3930116,497827,0,244548,144107,0,0,0,0,0,0,0,0,0,0,2860278,102666,4434348,17,0,0,6367,0,0,0,0,0,0,0,36649849,34035215,0,0,89759,89759,15344,16437,0,0,0,0,0,0,0,0,0,2560515,1278694,0,262144,6535356,169695213,0,0,1026,1025,1569955590,0,0,0,0,0,0,0,0,0,0,0,0,1578471593,0,13999,1857070,1435007895,22701,0,0,98992373,0,0,0,0,0,0,0,0,0,0,0,0,0,0,0,0,0,0,0,14582,0,0,0,0,0,0,0,0,0,0,0,0,0,0,0,0,0,0,0,0,0,0,0,0,45708,4050,22696,18646,18646,0,0,3322,0,0,19,0,0,0,0,0,0,0,1,0,1,0,0,0,0,0,0,0,0,0,0,0,0,0,0,0,0,0,0,0,0,714,24,0
1774383298.001255,1255,ubuntu-rog,1,0,0,8493777,0,2866465,3930116,497827,0,19,0,0,0,0,0,1551185270,0,0,4907,1552335906,0,0,2866465,3930116,497827,0,244548,144107,0,0,0,0,0,0,0,0,0,0,2860278,102666,4434349,19,0,0,6367,0,0,0,0,0,0,0,36649851,34035215,0,0,89759,89759,15344,16437,0,0,0,0,0,0,0,0,0,2560515,1278694,0,262144,6535356,169695213,0,0,1026,1025,1569955612,0,0,0,0,0,0,0,0,0,0,0,0,1578471614,0,13999,1857070,1435007895,22701,0,0,98992373,0,0,0,0,0,0,0,0,0,0,0,0,0,0,0,0,0,0,0,14582,0,0,0,0,0,0,0,0,0,0,0,0,0,0,0,0,0,0,0,0,0,0,0,0,45708,4050,22696,18646,18646,0,0,3322,0,0,19,0,0,0,0,0,0,0,1,0,1,0,0,0,0,0,0,0,0,0,0,0,0,0,0,0,0,0,0,0,0,714,24,0
1774383299.001283,1283,ubuntu-rog,1,0,0,8493777,0,2866465,3930116,497827,0,20,0,0,0,0,0,1551185300,0,0,4907,1552335936,0,0,2866465,3930116,497827,0,244548,144107,0,0,0,0,0,0,0,0,0,0,2860278,102666,4434350,20,0,0,6367,0,0,0,0,0,0,0,36649852,34035215,0,0,89759,89759,15344,16437,0,0,0,0,0,0,0,0,0,2560515,1278694,0,262144,6535356,169695213,0,0,1026,1025,1569955642,0,0,0,0,0,0,0,0,0,0,0,0,1578471643,0,13999,1857070,1435007895,22701,0,0,98992373,0,0,0,0,0,0,0,0,0,0,0,0,0,0,0,0,0,0,0,14582,0,0,0,0,0,0,0,0,0,0,0,0,0,0,0,0,0,0,0,0,0,0,0,0,45708,4050,22696,18646,18646,0,0,3322,0,0,19,0,0,0,0,0,0,0,1,0,1,0,0,0,0,0,0,0,0,0,0,0,0,0,0,0,0,0,0,0,0,714,24,0
1774383300.001282,1282,ubuntu-rog,1,0,0,8493777,0,2866465,3930116,497827,0,21,0,0,0,0,0,1551185332,0,0,4907,1552335968,0,0,2866465,3930116,497827,0,244548,144107,0,0,0,0,0,0,0,0,0,0,2860278,102666,4434351,21,0,0,6367,0,0,0,0,0,0,0,36649853,34035215,0,0,89759,89759,15344,16437,0,0,0,0,0,0,0,0,0,2560515,1278694,0,262144,6535356,169695245,0,0,1026,1025,1569955674,0,0,0,0,0,0,0,0,0,0,0,0,1578471675,0,13999,1857070,1435007897,22701,0,0,98992373,0,0,0,0,0,0,0,0,0,0,0,0,0,0,0,0,0,0,0,14582,0,0,0,0,0,0,0,0,0,0,0,0,0,0,0,0,0,0,0,0,0,0,0,0,45708,4050,22696,18646,18646,0,0,3322,0,0,19,0,0,0,0,0,0,0,1,0,1,0,0,0,0,0,0,0,0,0,0,0,0,0,0,0,0,0,0,0,0,714,24,0
1774383301.001154,1154,ubuntu-rog,1,0,0,8493777,0,2866492,3930116,497827,0,11,0,0,0,0,0,1551185361,0,0,4907,1552335997,0,0,2866492,3930116,497827,0,244548,144107,0,0,0,0,0,0,0,0,0,0,2860280,102666,4434351,11,0,0,6367,0,0,0,0,0,0,0,36649853,34035225,0,0,89759,89759,15344,16437,0,0,0,0,0,0,0,0,0,2560515,1278694,0,262144,6535356,169695245,0,0,1026,1025,1569955703,0,0,0,0,0,0,0,0,0,0,0,0,1578471703,0,13999,1857070,1435007897,22701,0,0,98992373,0,0,0,0,0,0,0,0,0,0,0,0,0,0,0,0,0,0,0,14582,0,0,0,0,0,0,0,0,0,0,0,0,0,0,0,0,0,0,0,0,0,0,0,0,45708,4050,22696,18646,18646,0,0,3322,0,0,19,0,0,0,0,0,0,0,1,0,1,0,0,0,0,0,0,0,0,0,0,0,0,0,0,0,0,0,0,0,0,714,24,0
1774383302.001160,1160,ubuntu-rog,1,0,0,8493777,0,2866521,3930116,497827,0,54,0,0,0,0,0,1551185804,0,0,4907,1552336440,0,0,2866521,3930116,497827,0,244548,144103,0,0,0,0,0,0,0,0,0,0,2860280,102666,4434352,54,0,0,6367,0,0,0,0,0,0,0,36649896,34035225,0,0,89759,89759,15344,16437,0,0,0,0,0,0,0,0,0,2560515,1278694,0,262144,6535356,169695289,0,0,1026,1025,1569956146,0,0,0,0,0,0,0,0,0,0,0,0,1578472125,0,13999,1857070,1435008604,22701,0,0,98992488,0,0,0,0,0,0,0,0,0,0,0,0,0,0,0,0,0,0,0,14582,0,0,0,0,0,0,0,0,0,0,0,0,0,0,0,0,0,0,0,0,0,0,0,0,45708,4050,22696,18646,18646,0,0,3322,0,0,19,0,0,0,0,0,0,0,1,0,1,0,0,0,0,0,0,0,0,0,0,0,0,0,0,0,0,0,0,0,0,714,24,0
1774383303.003249,3249,ubuntu-rog,1,0,0,8493777,0,2866521,3930116,497827,0,62,0,0,0,0,0,1551185832,0,0,4907,1552336468,0,0,2866521,3930116,497827,0,244548,144103,0,0,0,0,0,0,0,0,0,0,2860280,102666,4434352,62,0,0,6367,0,0,0,0,0,0,0,36649904,34035225,0,0,89759,89759,15344,16437,0,0,0,0,0,0,0,0,0,2560515,1278694,0,262144,6535356,169695469,0,0,1026,1025,1569956174,0,0,0,0,0,0,0,0,0,0,0,0,1578472152,0,13999,1857070,1435008605,22701,0,0,98992489,0,0,0,0,0,0,0,0,0,0,0,0,0,0,0,0,0,0,0,14582,0,0,0,0,0,0,0,0,0,0,0,0,0,0,0,0,0,0,0,0,0,0,0,0,45708,4050,22696,18646,18646,0,0,3322,0,0,19,0,0,0,0,0,0,0,1,0,1,0,0,0,0,0,0,0,0,0,0,0,0,0,0,0,0,0,0,0,0,714,24,0
1774383304.001293,1293,ubuntu-rog,1,0,0,8493777,0,2866521,3930116,497827,0,23,0,0,0,0,0,1551185863,0,0,4907,1552336499,0,0,2866521,3930116,497827,0,244548,144103,0,0,0,0,0,0,0,0,0,0,2860280,102666,4434353,23,0,0,6367,0,0,0,0,0,0,0,36649906,34035266,0,0,89759,89759,15344,16437,0,0,0,0,0,0,0,0,0,2560515,1278694,0,262144,6535356,169695469,0,0,1026,1025,1569956205,0,0,0,0,0,0,0,0,0,0,0,0,1578472183,0,13999,1857070,1435008605,22701,0,0,98992489,0,0,0,0,0,0,0,0,0,0,0,0,0,0,0,0,0,0,0,14582,0,0,0,0,0,0,0,0,0,0,0,0,0,0,0,0,0,0,0,0,0,0,0,0,45708,4050,22696,18646,18646,0,0,3322,0,0,19,0,0,0,0,0,0,0,1,0,1,0,0,0,0,0,0,0,0,0,0,0,0,0,0,0,0,0,0,0,0,714,24,0
1774383305.001296,1296,ubuntu-rog,1,0,0,8493777,0,2866521,3930116,497827,0,23,0,0,0,0,0,1551185891,0,0,4907,1552336527,0,0,2866521,3930116,497827,0,244548,144103,0,0,0,0,0,0,0,0,0,0,2860280,102666,4434353,23,0,0,6367,0,0,0,0,0,0,0,36649906,34035266,0,0,89759,89759,15344,16437,0,0,0,0,0,0,0,0,0,2560515,1278694,0,262144,6535356,169695469,0,0,1026,1025,1569956233,0,0,0,0,0,0,0,0,0,0,0,0,1578472211,0,13999,1857070,1435008605,22701,0,0,98992489,0,0,0,0,0,0,0,0,0,0,0,0,0,0,0,0,0,0,0,14582,0,0,0,0,0,0,0,0,0,0,0,0,0,0,0,0,0,0,0,0,0,0,0,0,45708,4050,22696,18646,18646,0,0,3322,0,0,19,0,0,0,0,0,0,0,1,0,1,0,0,0,0,0,0,0,0,0,0,0,0,0,0,0,0,0,0,0,0,714,24,0
1774383306.001149,1149,ubuntu-rog,1,0,0,8493777,0,2866521,3930116,497827,0,24,0,0,0,0,0,1551185914,0,0,4907,1552336550,0,0,2866521,3930116,497827,0,244548,144103,0,0,0,0,0,0,0,0,0,0,2860280,102666,4434354,24,0,0,6367,0,0,0,0,0,0,0,36649907,34035266,0,0,89759,89759,15344,16437,0,0,0,0,0,0,0,0,0,2560515,1278694,0,262144,6535356,169695469,0,0,1026,1025,1569956256,0,0,0,0,0,0,0,0,0,0,0,0,1578472233,0,13999,1857070,1435008605,22701,0,0,98992489,0,0,0,0,0,0,0,0,0,0,0,0,0,0,0,0,0,0,0,14582,0,0,0,0,0,0,0,0,0,0,0,0,0,0,0,0,0,0,0,0,0,0,0,0,45708,4050,22696,18646,18646,0,0,3322,0,0,19,0,0,0,0,0,0,0,1,0,1,0,0,0,0,0,0,0,0,0,0,0,0,0,0,0,0,0,0,0,0,714,24,0
1774383307.001154,1154,ubuntu-rog,1,0,0,8493777,0,2866521,3930116,497827,0,25,0,0,0,0,0,1551185945,0,0,4907,1552336581,0,0,2866521,3930116,497827,0,244548,144103,0,0,0,0,0,0,0,0,0,0,2860280,102666,4434355,25,0,0,6367,0,0,0,0,0,0,0,36649908,34035266,0,0,89759,89759,15344,16437,0,0,0,0,0,0,0,0,0,2560515,1278694,0,262144,6535356,169695469,0,0,1026,1025,1569956287,0,0,0,0,0,0,0,0,0,0,0,0,1578472263,0,13999,1857070,1435008605,22701,0,0,98992489,0,0,0,0,0,0,0,0,0,0,0,0,0,0,0,0,0,0,0,14582,0,0,0,0,0,0,0,0,0,0,0,0,0,0,0,0,0,0,0,0,0,0,0,0,45708,4050,22696,18646,18646,0,0,3322,0,0,19,0,0,0,0,0,0,0,1,0,1,0,0,0,0,0,0,0,0,0,0,0,0,0,0,0,0,0,0,0,0,714,24,0
1774383308.002253,2253,ubuntu-rog,1,0,0,8493777,0,2866521,3930116,497827,0,25,0,0,0,0,0,1551185973,0,0,4907,1552336609,0,0,2866521,3930116,497827,0,244548,144103,0,0,0,0,0,0,0,0,0,0,2860280,102666,4434355,25,0,0,6367,0,0,0,0,0,0,0,36649908,34035266,0,0,89759,89759,15344,16437,0,0,0,0,0,0,0,0,0,2560515,1278694,0,262144,6535356,169695469,0,0,1026,1025,1569956315,0,0,0,0,0,0,0,0,0,0,0,0,1578472291,0,13999,1857070,1435008605,22701,0,0,98992489,0,0,0,0,0,0,0,0,0,0,0,0,0,0,0,0,0,0,0,14582,0,0,0,0,0,0,0,0,0,0,0,0,0,0,0,0,0,0,0,0,0,0,0,0,45708,4050,22696,18646,18646,0,0,3322,0,0,19,0,0,0,0,0,0,0,1,0,1,0,0,0,0,0,0,0,0,0,0,0,0,0,0,0,0,0,0,0,0,714,24,0
1774383309.001291,1291,ubuntu-rog,1,0,0,8493777,0,2866521,3930116,497827,0,26,0,0,0,0,0,1551185998,0,0,4907,1552336634,0,0,2866521,3930116,497827,0,244548,144103,0,0,0,0,0,0,0,0,0,0,2860280,102666,4434356,26,0,0,6367,0,0,0,0,0,0,0,36649909,34035266,0,0,89759,89759,15344,16437,0,0,0,0,0,0,0,0,0,2560515,1278694,0,262144,6535356,169695485,0,0,1026,1025,1569956340,0,0,0,0,0,0,0,0,0,0,0,0,1578472314,0,13999,1857070,1435008605,22701,0,0,98992489,0,0,0,0,0,0,0,0,0,0,0,0,0,0,0,0,0,0,0,14582,0,0,0,0,0,0,0,0,0,0,0,0,0,0,0,0,0,0,0,0,0,0,0,0,45708,4050,22696,18646,18646,0,0,3322,0,0,19,0,0,0,0,0,0,0,1,0,1,0,0,0,0,0,0,0,0,0,0,0,0,0,0,0,0,0,0,0,0,714,24,0
1774383310.001297,1297,ubuntu-rog,1,0,0,8493777,0,2866521,3930116,497827,0,27,0,0,0,0,0,1551186029,0,0,4907,1552336665,0,0,2866521,3930116,497827,0,244548,144103,0,0,0,0,0,0,0,0,0,0,2860280,102666,4434358,27,0,0,6367,0,0,0,0,0,0,0,36649910,34035266,0,0,89759,89759,15344,16437,0,0,0,0,0,0,0,0,0,2560515,1278694,0,262144,6535356,169695485,0,0,1026,1025,1569956371,0,0,0,0,0,0,0,0,0,0,0,0,1578472344,0,13999,1857070,1435008605,22701,0,0,98992489,0,0,0,0,0,0,0,0,0,0,0,0,0,0,0,0,0,0,0,14582,0,0,0,0,0,0,0,0,0,0,0,0,0,0,0,0,0,0,0,0,0,0,0,0,45708,4050,22696,18646,18646,0,0,3322,0,0,19,0,0,0,0,0,0,0,1,0,1,0,0,0,0,0,0,0,0,0,0,0,0,0,0,0,0,0,0,0,0,714,24,0
1774383311.001153,1153,ubuntu-rog,1,0,0,8493777,0,2866521,3930116,497827,0,27,0,0,0,0,0,1551186058,0,0,4907,1552336694,0,0,2866521,3930116,497827,0,244548,144103,0,0,0,0,0,0,0,0,0,0,2860279,102666,4434358,27,0,0,6367,0,0,0,0,0,0,0,36649910,34035266,0,0,89759,89759,15344,16437,0,0,0,0,0,0,0,0,0,2560515,1278694,0,262144,6535356,169695485,0,0,1026,1025,1569956400,0,0,0,0,0,0,0,0,0,0,0,0,1578472373,0,13999,1857070,1435008605,22701,0,0,98992489,0,0,0,0,0,0,0,0,0,0,0,0,0,0,0,0,0,0,0,14582,0,0,0,0,0,0,0,0,0,0,0,0,0,0,0,0,0,0,0,0,0,0,0,0,45708,4050,22696,18646,18646,0,0,3322,0,0,19,0,0,0,0,0,0,0,1,0,1,0,0,0,0,0,0,0,0,0,0,0,0,0,0,0,0,0,0,0,0,714,24,0
1774383312.004151,4151,ubuntu-rog,1,0,0,8493777,0,2866521,3930116,497827,0,27,0,0,0,0,0,1551186081,0,0,4907,1552336717,0,0,2866521,3930116,497827,0,244548,144103,0,0,0,0,0,0,0,0,0,0,2860279,102666,4434358,27,0,0,6367,0,0,0,0,0,0,0,36649910,34035266,0,0,89759,89759,15344,16437,0,0,0,0,0,0,0,0,0,2560515,1278694,0,262144,6535356,169695485,0,0,1026,1025,1569956423,0,0,0,0,0,0,0,0,0,0,0,0,1578472396,0,13999,1857070,1435008605,22701,0,0,98992489,0,0,0,0,0,0,0,0,0,0,0,0,0,0,0,0,0,0,0,14582,0,0,0,0,0,0,0,0,0,0,0,0,0,0,0,0,0,0,0,0,0,0,0,0,45708,4050,22696,18646,18646,0,0,3322,0,0,19,0,0,0,0,0,0,0,1,0,1,0,0,0,0,0,0,0,0,0,0,0,0,0,0,0,0,0,0,0,0,714,24,0
1774383313.001174,1174,ubuntu-rog,1,0,0,8493777,0,2866539,3930129,497827,0,23,0,0,0,0,0,1551186116,0,0,4907,1552336752,0,0,2866539,3930129,497827,0,244548,144103,0,0,0,0,0,0,0,0,0,0,2860279,102666,4434360,23,0,0,6367,0,0,0,0,0,0,0,36649912,34035272,0,0,89759,89759,15344,16437,0,0,0,0,0,0,0,0,0,2560518,1278696,0,262144,6535356,169695509,0,0,1026,1025,1569956458,0,0,0,0,0,0,0,0,0,0,0,0,1578472440,0,13999,1857070,1435008605,22701,0,0,98992489,0,0,0,0,0,0,0,0,0,0,0,0,0,0,0,0,0,0,0,14582,0,0,0,0,0,0,0,0,0,0,0,0,0,0,0,0,0,0,0,0,0,0,0,0,45708,4050,22696,18646,18646,0,0,3322,0,0,19,0,0,0,0,0,0,0,1,0,1,0,0,0,0,0,0,0,0,0,0,0,0,0,0,0,0,0,0,0,0,714,24,0
1774383314.001296,1296,ubuntu-rog,1,0,0,8493777,0,2866539,3930129,497827,0,23,0,0,0,0,0,1551186147,0,0,4907,1552336783,0,0,2866539,3930129,497827,0,244548,144103,0,0,0,0,0,0,0,0,0,0,2860279,102666,4434360,23,0,0,6367,0,0,0,0,0,0,0,36649912,34035272,0,0,89759,89759,15344,16437,0,0,0,0,0,0,0,0,0,2560518,1278696,0,262144,6535356,169695545,0,0,1026,1025,1569956489,0,0,0,0,0,0,0,0,0,0,0,0,1578472470,0,13999,1857070,1435008605,22701,0,0,98992489,0,0,0,0,0,0,0,0,0,0,0,0,0,0,0,0,0,0,0,14582,0,0,0,0,0,0,0,0,0,0,0,0,0,0,0,0,0,0,0,0,0,0,0,0,45708,4050,22696,18646,18646,0,0,3322,0,0,19,0,0,0,0,0,0,0,1,0,1,0,0,0,0,0,0,0,0,0,0,0,0,0,0,0,0,0,0,0,0,714,24,0
1774383315.001299,1299,ubuntu-rog,1,0,0,8493777,0,2866539,3930129,497827,0,28,0,0,0,0,0,1551186192,0,0,4907,1552336828,0,0,2866539,3930129,497827,0,244548,144103,0,0,0,0,0,0,0,0,0,0,2860279,102666,4434361,28,0,0,6367,0,0,0,0,0,0,0,36649917,34035272,0,0,89759,89759,15344,16437,0,0,0,0,0,0,0,0,0,2560518,1278696,0,262144,6535356,169695545,0,0,1026,1025,1569956534,0,0,0,0,0,0,0,0,0,0,0,0,1578472515,0,13999,1857070,1435008605,22701,0,0,98992489,0,0,0,0,0,0,0,0,0,0,0,0,0,0,0,0,0,0,0,14582,0,0,0,0,0,0,0,0,0,0,0,0,0,0,0,0,0,0,0,0,0,0,0,0,45708,4050,22696,18646,18646,0,0,3322,0,0,19,0,0,0,0,0,0,0,1,0,1,0,0,0,0,0,0,0,0,0,0,0,0,0,0,0,0,0,0,0,0,714,24,0
1774383316.001154,1154,ubuntu-rog,1,0,0,8493777,0,2866539,3930129,497827,0,29,0,0,0,0,0,1551186222,0,0,4907,1552336858,0,0,2866539,3930129,497827,0,244548,144103,0,0,0,0,0,0,0,0,0,0,2860279,102666,4434362,29,0,0,6367,0,0,0,0,0,0,0,36649918,34035272,0,0,89759,89759,15344,16437,0,0,0,0,0,0,0,0,0,2560518,1278696,0,262144,6535356,169695545,0,0,1026,1025,1569956564,0,0,0,0,0,0,0,0,0,0,0,0,1578472544,0,13999,1857070,1435008605,22701,0,0,98992489,0,0,0,0,0,0,0,0,0,0,0,0,0,0,0,0,0,0,0,14582,0,0,0,0,0,0,0,0,0,0,0,0,0,0,0,0,0,0,0,0,0,0,0,0,45708,4050,22696,18646,18646,0,0,3322,0,0,19,0,0,0,0,0,0,0,1,0,1,0,0,0,0,0,0,0,0,0,0,0,0,0,0,0,0,0,0,0,0,714,24,0
1774383317.001156,1156,ubuntu-rog,1,0,0,8493777,0,2866539,3930129,497827,0,29,0,0,0,0,0,1551186245,0,0,4907,1552336881,0,0,2866539,3930129,497827,0,244548,144103,0,0,0,0,0,0,0,0,0,0,2860279,102666,4434362,29,0,0,6367,0,0,0,0,0,0,0,36649918,34035272,0,0,89759,89759,15312,16437,0,0,0,0,0,0,0,0,0,2560518,1278696,0,262144,6535356,169695545,0,0,1026,1025,1569956587,0,0,0,0,0,0,0,0,0,0,0,0,1578472571,0,13999,1857070,1435008605,22701,0,0,98992489,0,0,0,0,0,0,0,0,0,0,0,0,0,0,0,0,0,0,0,14582,0,0,0,0,0,0,0,0,0,0,0,0,0,0,0,0,0,0,0,0,0,0,0,0,45708,4050,22696,18646,18646,0,0,3322,0,0,19,0,0,0,0,0,0,0,1,0,1,0,0,0,0,0,0,0,0,0,0,0,0,0,0,0,0,0,0,0,0,714,24,0
1774383318.001254,1254,ubuntu-rog,1,0,0,8493777,0,2866539,3930130,497827,0,19,0,0,0,0,0,1551186280,0,0,4907,1552336916,0,0,2866539,3930130,497827,0,244548,144103,0,0,0,0,0,0,0,0,0,0,2860279,102666,4434363,19,0,0,6367,0,0,0,0,0,0,0,36649918,34035282,0,0,89759,89759,15312,16437,0,0,0,0,0,0,0,0,0,2560518,1278696,0,262144,6535356,169695585,0,0,1026,1025,1569956622,0,0,0,0,0,0,0,0,0,0,0,0,1578472605,0,13999,1857070,1435008605,22701,0,0,98992489,0,0,0,0,0,0,0,0,0,0,0,0,0,0,0,0,0,0,0,14582,0,0,0,0,0,0,0,0,0,0,0,0,0,0,0,0,0,0,0,0,0,0,0,0,45708,4050,22696,18646,18646,0,0,3322,0,0,19,0,0,0,0,0,0,0,1,0,1,0,0,0,0,0,0,0,0,0,0,0,0,0,0,0,0,0,0,0,0,714,24,0
1774383319.002283,2283,ubuntu-rog,1,0,0,8493777,0,2866539,3930130,497827,0,21,0,0,0,0,0,1551186312,0,0,4907,1552336948,0,0,2866539,3930130,497827,0,244548,144103,0,0,0,0,0,0,0,0,0,0,2860279,102666,4434364,21,0,0,6367,0,0,0,0,0,0,0,36649920,34035282,0,0,89759,89759,15312,16437,0,0,0,0,0,0,0,0,0,2560518,1278696,0,262144,6535356,169695621,0,0,1026,1025,1569956654,0,0,0,0,0,0,0,0,0,0,0,0,1578472635,0,13999,1857070,1435008605,22701,0,0,98992489,0,0,0,0,0,0,0,0,0,0,0,0,0,0,0,0,0,0,0,14582,0,0,0,0,0,0,0,0,0,0,0,0,0,0,0,0,0,0,0,0,0,0,0,0,45708,4050,22696,18646,18646,0,0,3322,0,0,19,0,0,0,0,0,0,0,1,0,1,0,0,0,0,0,0,0,0,0,0,0,0,0,0,0,0,0,0,0,0,714,24,0
1774383320.001225,1225,ubuntu-rog,1,0,0,8493777,0,2866539,3930130,497827,0,23,0,0,0,0,0,1551186337,0,0,4907,1552336973,0,0,2866539,3930130,497827,0,244548,144103,0,0,0,0,0,0,0,0,0,0,2860279,102666,4434366,23,0,0,6367,0,0,0,0,0,0,0,36649922,34035282,0,0,89759,89759,15312,16437,0,0,0,0,0,0,0,0,0,2560518,1278696,0,262144,6535356,169695621,0,0,1026,1025,1569956679,0,0,0,0,0,0,0,0,0,0,0,0,1578472659,0,13999,1857070,1435008605,22701,0,0,98992489,0,0,0,0,0,0,0,0,0,0,0,0,0,0,0,0,0,0,0,14582,0,0,0,0,0,0,0,0,0,0,0,0,0,0,0,0,0,0,0,0,0,0,0,0,45708,4050,22696,18646,18646,0,0,3322,0,0,19,0,0,0,0,0,0,0,1,0,1,0,0,0,0,0,0,0,0,0,0,0,0,0,0,0,0,0,0,0,0,714,24,0
1774383321.002154,2154,ubuntu-rog,1,0,0,8493777,0,2866539,3930130,497827,0,23,0,0,0,0,0,1551186366,0,0,4907,1552337002,0,0,2866539,3930130,497827,0,244548,144103,0,0,0,0,0,0,0,0,0,0,2860279,102666,4434366,23,0,0,6367,0,0,0,0,0,0,0,36649922,34035282,0,0,89759,89759,15312,16437,0,0,0,0,0,0,0,0,0,2560518,1278696,0,262144,6535356,169695621,0,0,1026,1025,1569956708,0,0,0,0,0,0,0,0,0,0,0,0,1578472688,0,13999,1857070,1435008605,22701,0,0,98992489,0,0,0,0,0,0,0,0,0,0,0,0,0,0,0,0,0,0,0,14582,0,0,0,0,0,0,0,0,0,0,0,0,0,0,0,0,0,0,0,0,0,0,0,0,45708,4050,22696,18646,18646,0,0,3322,0,0,19,0,0,0,0,0,0,0,1,0,1,0,0,0,0,0,0,0,0,0,0,0,0,0,0,0,0,0,0,0,0,714,24,0
1774383322.001157,1157,ubuntu-rog,1,0,0,8493777,0,2866539,3930130,497827,0,23,0,0,0,0,0,1551186395,0,0,4907,1552337031,0,0,2866539,3930130,497827,0,244548,144103,0,0,0,0,0,0,0,0,0,0,2860279,102666,4434366,23,0,0,6367,0,0,0,0,0,0,0,36649922,34035282,0,0,89759,89759,15312,16437,0,0,0,0,0,0,0,0,0,2560518,1278696,0,262144,6535356,169695621,0,0,1026,1025,1569956737,0,0,0,0,0,0,0,0,0,0,0,0,1578472717,0,13999,1857070,1435008606,22701,0,0,98992490,0,0,0,0,0,0,0,0,0,0,0,0,0,0,0,0,0,0,0,14582,0,0,0,0,0,0,0,0,0,0,0,0,0,0,0,0,0,0,0,0,0,0,0,0,45708,4050,22696,18646,18646,0,0,3322,0,0,19,0,0,0,0,0,0,0,1,0,1,0,0,0,0,0,0,0,0,0,0,0,0,0,0,0,0,0,0,0,0,714,24,0
1774383323.001257,1257,ubuntu-rog,1,0,0,8493777,0,2866539,3930130,497827,0,25,0,0,0,0,0,1551186420,0,0,4907,1552337056,0,0,2866539,3930130,497827,0,244548,144103,0,0,0,0,0,0,0,0,0,0,2860279,102666,4434368,25,0,0,6367,0,0,0,0,0,0,0,36649924,34035282,0,0,89759,89759,15312,16437,0,0,0,0,0,0,0,0,0,2560518,1278696,0,262144,6535356,169695621,0,0,1026,1025,1569956762,0,0,0,0,0,0,0,0,0,0,0,0,1578472740,0,13999,1857070,1435008606,22701,0,0,98992490,0,0,0,0,0,0,0,0,0,0,0,0,0,0,0,0,0,0,0,14582,0,0,0,0,0,0,0,0,0,0,0,0,0,0,0,0,0,0,0,0,0,0,0,0,45708,4050,22696,18646,18646,0,0,3322,0,0,19,0,0,0,0,0,0,0,1,0,1,0,0,0,0,0,0,0,0,0,0,0,0,0,0,0,0,0,0,0,0,714,24,0
1774383324.003286,3286,ubuntu-rog,1,0,0,8493777,0,2866539,3930130,497827,0,25,0,0,0,0,0,1551186451,0,0,4907,1552337087,0,0,2866539,3930130,497827,0,244548,144103,0,0,0,0,0,0,0,0,0,0,2860279,102666,4434368,25,0,0,6367,0,0,0,0,0,0,0,36649924,34035282,0,0,89759,89759,15312,16437,0,0,0,0,0,0,0,0,0,2560518,1278696,0,262144,6535356,169695621,0,0,1026,1025,1569956793,0,0,0,0,0,0,0,0,0,0,0,0,1578472771,0,13999,1857070,1435008606,22701,0,0,98992490,0,0,0,0,0,0,0,0,0,0,0,0,0,0,0,0,0,0,0,14582,0,0,0,0,0,0,0,0,0,0,0,0,0,0,0,0,0,0,0,0,0,0,0,0,45708,4050,22696,18646,18646,0,0,3322,0,0,19,0,0,0,0,0,0,0,1,0,1,0,0,0,0,0,0,0,0,0,0,0,0,0,0,0,0,0,0,0,0,714,24,0
1774383325.001295,1295,ubuntu-rog,1,0,0,8493777,0,2866539,3930130,497827,0,25,0,0,0,0,0,1551186486,0,0,4907,1552337122,0,0,2866539,3930130,497827,0,244548,144103,0,0,0,0,0,0,0,0,0,0,2860279,102666,4434368,25,0,0,6367,0,0,0,0,0,0,0,36649924,34035282,0,0,89759,89759,15312,16437,0,0,0,0,0,0,0,0,0,2560518,1278696,0,262144,6535356,169695637,0,0,1026,1025,1569956828,0,0,0,0,0,0,0,0,0,0,0,0,1578472804,0,13999,1857070,1435008606,22701,0,0,98992490,0,0,0,0,0,0,0,0,0,0,0,0,0,0,0,0,0,0,0,14582,0,0,0,0,0,0,0,0,0,0,0,0,0,0,0,0,0,0,0,0,0,0,0,0,45708,4050,22696,18646,18646,0,0,3322,0,0,19,0,0,0,0,0,0,0,1,0,1,0,0,0,0,0,0,0,0,0,0,0,0,0,0,0,0,0,0,0,0,714,24,0
1774383326.001154,1154,ubuntu-rog,1,0,0,8493777,0,2866539,3930130,497827,0,26,0,0,0,0,0,1551186509,0,0,4907,1552337145,0,0,2866539,3930130,497827,0,244548,144103,0,0,0,0,0,0,0,0,0,0,2860279,102666,4434371,26,0,0,6367,0,0,0,0,0,0,0,36649925,34035282,0,0,89759,89759,15312,16437,0,0,0,0,0,0,0,0,0,2560518,1278696,0,262144,6535356,169695637,0,0,1026,1025,1569956851,0,0,0,0,0,0,0,0,0,0,0,0,1578472826,0,13999,1857070,1435008606,22701,0,0,98992490,0,0,0,0,0,0,0,0,0,0,0,0,0,0,0,0,0,0,0,14582,0,0,0,0,0,0,0,0,0,0,0,0,0,0,0,0,0,0,0,0,0,0,0,0,45708,4050,22696,18646,18646,0,0,3322,0,0,19,0,0,0,0,0,0,0,1,0,1,0,0,0,0,0,0,0,0,0,0,0,0,0,0,0,0,0,0,0,0,714,24,0
1774383327.001136,1136,ubuntu-rog,1,0,0,8493777,0,2866539,3930130,497827,0,27,0,0,0,0,0,1551186541,0,0,4907,1552337177,0,0,2866539,3930130,497827,0,244548,144103,0,0,0,0,0,0,0,0,0,0,2860279,102666,4434372,27,0,0,6367,0,0,0,0,0,0,0,36649926,34035282,0,0,89759,89759,15312,16437,0,0,0,0,0,0,0,0,0,2560518,1278696,0,262144,6535356,169695637,0,0,1026,1025,1569956883,0,0,0,0,0,0,0,0,0,0,0,0,1578472857,0,13999,1857070,1435008606,22701,0,0,98992490,0,0,0,0,0,0,0,0,0,0,0,0,0,0,0,0,0,0,0,14582,0,0,0,0,0,0,0,0,0,0,0,0,0,0,0,0,0,0,0,0,0,0,0,0,45708,4050,22696,18646,18646,0,0,3322,0,0,19,0,0,0,0,0,0,0,1,0,1,0,0,0,0,0,0,0,0,0,0,0,0,0,0,0,0,0,0,0,0,714,24,0
1774383328.002256,2256,ubuntu-rog,1,0,0,8493777,0,2866539,3930130,497827,0,23,0,0,0,0,0,1551186571,0,0,4907,1552337207,0,0,2866539,3930130,497827,0,244548,144103,0,0,0,0,0,0,0,0,0,0,2860279,102666,4434372,23,0,0,6367,0,0,0,0,0,0,0,36649926,34035286,0,0,89759,89759,15312,16437,0,0,0,0,0,0,0,0,0,2560518,1278696,0,262144,6535356,169695653,0,0,1026,1025,1569956913,0,0,0,0,0,0,0,0,0,0,0,0,1578472887,0,13999,1857070,1435008606,22701,0,0,98992490,0,0,0,0,0,0,0,0,0,0,0,0,0,0,0,0,0,0,0,14582,0,0,0,0,0,0,0,0,0,0,0,0,0,0,0,0,0,0,0,0,0,0,0,0,45708,4050,22696,18646,18646,0,0,3322,0,0,19,0,0,0,0,0,0,0,1,0,1,0,0,0,0,0,0,0,0,0,0,0,0,0,0,0,0,0,0,0,0,714,24,0
1774383329.001294,1294,ubuntu-rog,1,0,0,8493777,0,2866539,3930130,497827,0,23,0,0,0,0,0,1551186597,0,0,4907,1552337233,0,0,2866539,3930130,497827,0,244548,144103,0,0,0,0,0,0,0,0,0,0,2860279,102666,4434372,23,0,0,6367,0,0,0,0,0,0,0,36649926,34035286,0,0,89759,89759,15312,16437,0,0,0,0,0,0,0,0,0,2560518,1278696,0,262144,6535356,169695653,0,0,1026,1025,1569956939,0,0,0,0,0,0,0,0,0,0,0,0,1578472913,0,13999,1857070,1435008606,22701,0,0,98992490,0,0,0,0,0,0,0,0,0,0,0,0,0,0,0,0,0,0,0,14582,0,0,0,0,0,0,0,0,0,0,0,0,0,0,0,0,0,0,0,0,0,0,0,0,45708,4050,22696,18646,18646,0,0,3322,0,0,19,0,0,0,0,0,0,0,1,0,1,0,0,0,0,0,0,0,0,0,0,0,0,0,0,0,0,0,0,0,0,714,24,0
1774383330.001294,1294,ubuntu-rog,1,0,0,8493777,0,2866539,3930130,497827,0,24,0,0,0,0,0,1551186635,0,0,4907,1552337271,0,0,2866539,3930130,497827,0,244548,144103,0,0,0,0,0,0,0,0,0,0,2860279,102666,4434373,24,0,0,6367,0,0,0,0,0,0,0,36649927,34035286,0,0,89759,89759,15312,16437,0,0,0,0,0,0,0,0,0,2560518,1278696,0,262144,6535356,169695681,0,0,1026,1025,1569956977,0,0,0,0,0,0,0,0,0,0,0,0,1578472948,0,13999,1857070,1435008606,22701,0,0,98992490,0,0,0,0,0,0,0,0,0,0,0,0,0,0,0,0,0,0,0,14582,0,0,0,0,0,0,0,0,0,0,0,0,0,0,0,0,0,0,0,0,0,0,0,0,45708,4050,22696,18646,18646,0,0,3322,0,0,19,0,0,0,0,0,0,0,1,0,1,0,0,0,0,0,0,0,0,0,0,0,0,0,0,0,0,0,0,0,0,714,24,0
1774383331.001152,1152,ubuntu-rog,1,0,0,8493777,0,2866539,3930130,497827,0,25,0,0,0,0,0,1551186663,0,0,4907,1552337299,0,0,2866539,3930130,497827,0,244548,144103,0,0,0,0,0,0,0,0,0,0,2860279,102666,4434375,25,0,0,6367,0,0,0,0,0,0,0,36649928,34035286,0,0,89759,89759,15312,16437,0,0,0,0,0,0,0,0,0,2560518,1278696,0,262144,6535356,169695681,0,0,1026,1025,1569957005,0,0,0,0,0,0,0,0,0,0,0,0,1578472976,0,13999,1857070,1435008606,22701,0,0,98992490,0,0,0,0,0,0,0,0,0,0,0,0,0,0,0,0,0,0,0,14582,0,0,0,0,0,0,0,0,0,0,0,0,0,0,0,0,0,0,0,0,0,0,0,0,45708,4050,22696,18646,18646,0,0,3322,0,0,19,0,0,0,0,0,0,0,1,0,1,0,0,0,0,0,0,0,0,0,0,0,0,0,0,0,0,0,0,0,0,714,24,0
1774383332.002153,2153,ubuntu-rog,1,0,0,8493777,0,2866539,3930130,497827,0,26,0,0,0,0,0,1551186695,0,0,4907,1552337331,0,0,2866539,3930130,497827,0,244548,144103,0,0,0,0,0,0,0,0,0,0,2860279,102666,4434376,26,0,0,6367,0,0,0,0,0,0,0,36649929,34035286,0,0,89759,89759,15312,16437,0,0,0,0,0,0,0,0,0,2560518,1278696,0,262144,6535356,169695681,0,0,1026,1025,1569957038,0,0,0,0,0,0,0,0,0,0,0,0,1578473009,0,13999,1857070,1435008606,22701,0,0,98992490,0,0,0,0,0,0,0,0,0,0,0,0,0,0,0,0,0,0,0,14582,0,0,0,0,0,0,0,0,0,0,0,0,0,0,0,0,0,0,0,0,0,0,0,0,45708,4050,22696,18646,18646,0,0,3322,0,0,19,0,0,0,0,0,0,0,1,0,1,0,0,0,0,0,0,0,0,0,0,0,0,0,0,0,0,0,0,0,0,714,24,0
1774383333.001260,1260,ubuntu-rog,1,0,0,8493777,0,2866589,3930135,497827,0,24,0,0,0,0,0,1551186875,0,0,4907,1552337511,0,0,2866589,3930135,497827,0,244548,144113,0,0,0,0,0,0,0,0,0,0,2860324,102666,4434376,24,0,0,6367,0,0,0,0,0,0,0,36649929,34035288,0,0,89759,89759,15312,16437,0,0,0,0,0,0,0,0,0,2560519,1278696,0,262144,6535356,169695813,0,0,1026,1025,1569957292,0,0,0,0,0,0,0,0,0,0,0,0,1578473205,0,13999,1857070,1435008664,22701,0,0,98992490,0,0,0,0,0,0,0,0,0,0,0,0,0,0,0,0,0,0,0,14582,0,0,0,0,0,0,0,0,0,0,0,0,0,0,0,0,0,0,0,0,0,0,0,0,45708,4050,22696,18646,18646,0,0,3322,0,0,19,0,0,0,0,0,0,0,1,0,1,0,0,0,0,0,0,0,0,0,0,0,0,0,0,0,0,0,0,0,0,714,24,0
1774383334.001571,1571,ubuntu-rog,1,0,0,8493777,0,2866606,3930150,497827,0,31,0,0,0,0,0,1551186913,0,0,4907,1552337549,0,0,2866606,3930150,497827,0,244549,144113,0,0,0,0,0,0,0,0,0,0,2860324,102666,4434386,31,0,0,6367,0,0,0,0,0,0,0,36649962,34035314,0,0,89759,89759,15312,16437,0,0,0,0,0,0,0,0,0,2560522,1278698,0,262144,6535356,169696281,0,0,1026,1025,1569957330,0,0,0,0,0,0,0,0,0,0,0,0,1578473236,0,13999,1857070,1435008664,22701,0,0,98992490,0,0,0,0,0,0,0,0,0,0,0,0,0,0,0,0,0,0,0,14582,0,0,0,0,0,0,0,0,0,0,0,0,0,0,0,0,0,0,0,0,0,0,0,0,45708,4050,22696,18646,18646,0,0,3322,0,0,19,0,0,0,0,0,0,0,1,0,1,0,0,0,0,0,0,0,0,0,0,0,0,0,0,0,0,0,0,0,0,714,24,0
1774383335.002298,2298,ubuntu-rog,1,0,0,8493777,0,2866606,3930150,497827,0,33,0,0,0,0,0,1551186942,0,0,4907,1552337578,0,0,2866606,3930150,497827,0,244549,144113,0,0,0,0,0,0,0,0,0,0,2860324,102666,4434387,33,0,0,6367,0,0,0,0,0,0,0,36649964,34035314,0,0,89759,89759,15312,16437,0,0,0,0,0,0,0,0,0,2560522,1278698,0,262144,6535356,169696281,0,0,1026,1025,1569957359,0,0,0,0,0,0,0,0,0,0,0,0,1578473264,0,13999,1857070,1435008664,22701,0,0,98992490,0,0,0,0,0,0,0,0,0,0,0,0,0,0,0,0,0,0,0,14582,0,0,0,0,0,0,0,0,0,0,0,0,0,0,0,0,0,0,0,0,0,0,0,0,45708,4050,22696,18646,18646,0,0,3322,0,0,19,0,0,0,0,0,0,0,1,0,1,0,0,0,0,0,0,0,0,0,0,0,0,0,0,0,0,0,0,0,0,714,24,0
1774383336.001158,1158,ubuntu-rog,1,0,0,8493777,0,2866606,3930150,497827,0,33,0,0,0,0,0,1551186987,0,0,4907,1552337623,0,0,2866606,3930150,497827,0,244549,144113,0,0,0,0,0,0,0,0,0,0,2860324,102666,4434387,33,0,0,6367,0,0,0,0,0,0,0,36649964,34035314,0,0,89759,89759,15312,16437,0,0,0,0,0,0,0,0,0,2560522,1278698,0,262144,6535356,169696281,0,0,1026,1025,1569957404,0,0,0,0,0,0,0,0,0,0,0,0,1578473309,0,13999,1857070,1435008664,22701,0,0,98992490,0,0,0,0,0,0,0,0,0,0,0,0,0,0,0,0,0,0,0,14582,0,0,0,0,0,0,0,0,0,0,0,0,0,0,0,0,0,0,0,0,0,0,0,0,45708,4050,22696,18646,18646,0,0,3322,0,0,19,0,0,0,0,0,0,0,1,0,1,0,0,0,0,0,0,0,0,0,0,0,0,0,0,0,0,0,0,0,0,714,24,0
1774383337.001156,1156,ubuntu-rog,1,0,0,8493777,0,2866606,3930150,497827,0,34,0,0,0,0,0,1551187023,0,0,4907,1552337659,0,0,2866606,3930150,497827,0,244549,144113,0,0,0,0,0,0,0,0,0,0,2860324,102666,4434388,34,0,0,6367,0,0,0,0,0,0,0,36649965,34035314,0,0,89759,89759,15312,16437,0,0,0,0,0,0,0,0,0,2560522,1278698,0,262144,6535356,169696281,0,0,1026,1025,1569957447,0,0,0,0,0,0,0,0,0,0,0,0,1578473343,0,13999,1857070,1435008664,22701,0,0,98992490,0,0,0,0,0,0,0,0,0,0,0,0,0,0,0,0,0,0,0,14582,0,0,0,0,0,0,0,0,0,0,0,0,0,0,0,0,0,0,0,0,0,0,0,0,45708,4050,22696,18646,18646,0,0,3322,0,0,19,0,0,0,0,0,0,0,1,0,1,0,0,0,0,0,0,0,0,0,0,0,0,0,0,0,0,0,0,0,0,714,24,0
1774383338.001257,1257,ubuntu-rog,1,0,0,8493777,0,2866606,3930150,497827,0,35,0,0,0,0,0,1551187056,0,0,4907,1552337692,0,0,2866606,3930150,497827,0,244549,144113,0,0,0,0,0,0,0,0,0,0,2860324,102666,4434389,35,0,0,6367,0,0,0,0,0,0,0,36649966,34035314,0,0,89759,89759,15312,16437,0,0,0,0,0,0,0,0,0,2560522,1278698,0,262144,6535356,169696281,0,0,1026,1025,1569957480,0,0,0,0,0,0,0,0,0,0,0,0,1578473375,0,13999,1857070,1435008664,22701,0,0,98992490,0,0,0,0,0,0,0,0,0,0,0,0,0,0,0,0,0,0,0,14582,0,0,0,0,0,0,0,0,0,0,0,0,0,0,0,0,0,0,0,0,0,0,0,0,45708,4050,22696,18646,18646,0,0,3322,0,0,19,0,0,0,0,0,0,0,1,0,1,0,0,0,0,0,0,0,0,0,0,0,0,0,0,0,0,0,0,0,0,714,24,0
1774383339.002282,2282,ubuntu-rog,1,0,0,8493777,0,2866606,3930150,497827,0,35,0,0,0,0,0,1551187089,0,0,4907,1552337725,0,0,2866606,3930150,497827,0,244549,144113,0,0,0,0,0,0,0,0,0,0,2860324,102666,4434389,35,0,0,6367,0,0,0,0,0,0,0,36649966,34035314,0,0,89759,89759,15312,16437,0,0,0,0,0,0,0,0,0,2560522,1278698,0,262144,6535356,169696353,0,0,1026,1025,1569957513,0,0,0,0,0,0,0,0,0,0,0,0,1578473406,0,13999,1857070,1435008664,22701,0,0,98992490,0,0,0,0,0,0,0,0,0,0,0,0,0,0,0,0,0,0,0,14582,0,0,0,0,0,0,0,0,0,0,0,0,0,0,0,0,0,0,0,0,0,0,0,0,45708,4050,22696,18646,18646,0,0,3322,0,0,19,0,0,0,0,0,0,0,1,0,1,0,0,0,0,0,0,0,0,0,0,0,0,0,0,0,0,0,0,0,0,714,24,0
1774383340.001296,1296,ubuntu-rog,1,0,0,8493777,0,2866606,3930150,497827,0,36,0,0,0,0,0,1551187111,0,0,4907,1552337747,0,0,2866606,3930150,497827,0,244549,144113,0,0,0,0,0,0,0,0,0,0,2860324,102666,4434391,36,0,0,6367,0,0,0,0,0,0,0,36649967,34035314,0,0,89759,89759,15312,16437,0,0,0,0,0,0,0,0,0,2560522,1278698,0,262144,6535356,169696353,0,0,1026,1025,1569957535,0,0,0,0,0,0,0,0,0,0,0,0,1578473428,0,13999,1857070,1435008664,22701,0,0,98992490,0,0,0,0,0,0,0,0,0,0,0,0,0,0,0,0,0,0,0,14582,0,0,0,0,0,0,0,0,0,0,0,0,0,0,0,0,0,0,0,0,0,0,0,0,45708,4050,22696,18646,18646,0,0,3322,0,0,19,0,0,0,0,0,0,0,1,0,1,0,0,0,0,0,0,0,0,0,0,0,0,0,0,0,0,0,0,0,0,714,24,0
1774383341.001429,1429,ubuntu-rog,1,0,0,8493777,0,2866606,3930150,497827,0,37,0,0,0,0,0,1551187140,0,0,4907,1552337776,0,0,2866606,3930150,497827,0,244549,144113,0,0,0,0,0,0,0,0,0,0,2860324,102666,4434392,37,0,0,6367,0,0,0,0,0,0,0,36649968,34035314,0,0,89759,89759,15312,16437,0,0,0,0,0,0,0,0,0,2560522,1278698,0,262144,6535356,169696353,0,0,1026,1025,1569957564,0,0,0,0,0,0,0,0,0,0,0,0,1578473456,0,13999,1857070,1435008664,22701,0,0,98992490,0,0,0,0,0,0,0,0,0,0,0,0,0,0,0,0,0,0,0,14582,0,0,0,0,0,0,0,0,0,0,0,0,0,0,0,0,0,0,0,0,0,0,0,0,45708,4050,22696,18646,18646,0,0,3322,0,0,19,0,0,0,0,0,0,0,1,0,1,0,0,0,0,0,0,0,0,0,0,0,0,0,0,0,0,0,0,0,0,714,24,0
1774383342.002156,2156,ubuntu-rog,1,0,0,8493777,0,2866606,3930150,497827,0,37,0,0,0,0,0,1551187168,0,0,4907,1552337804,0,0,2866606,3930150,497827,0,244549,144113,0,0,0,0,0,0,0,0,0,0,2860324,102666,4434392,37,0,0,6367,0,0,0,0,0,0,0,36649968,34035314,0,0,89759,89759,15312,16437,0,0,0,0,0,0,0,0,0,2560522,1278698,0,262144,6535356,169696353,0,0,1026,1025,1569957592,0,0,0,0,0,0,0,0,0,0,0,0,1578473484,0,13999,1857070,1435008664,22701,0,0,98992490,0,0,0,0,0,0,0,0,0,0,0,0,0,0,0,0,0,0,0,14582,0,0,0,0,0,0,0,0,0,0,0,0,0,0,0,0,0,0,0,0,0,0,0,0,45708,4050,22696,18646,18646,0,0,3322,0,0,19,0,0,0,0,0,0,0,1,0,1,0,0,0,0,0,0,0,0,0,0,0,0,0,0,0,0,0,0,0,0,714,24,0
1774383343.001258,1258,ubuntu-rog,1,0,0,8493777,0,2866608,3930174,497827,0,37,0,0,0,0,0,1551187202,0,0,4907,1552337838,0,0,2866608,3930174,497827,0,244549,144113,0,0,0,0,0,0,0,0,0,0,2860326,102666,4434392,37,0,0,6367,0,0,0,0,0,0,0,36649968,34035314,0,0,89759,89759,15312,16437,0,0,0,0,0,0,0,0,0,2560527,1278700,0,262144,6535356,169696353,0,0,1026,1025,1569957626,0,0,0,0,0,0,0,0,0,0,0,0,1578473516,0,13999,1857070,1435008671,22701,0,0,98992490,0,0,0,0,0,0,0,0,0,0,0,0,0,0,0,0,0,0,0,14582,0,0,0,0,0,0,0,0,0,0,0,0,0,0,0,0,0,0,0,0,0,0,0,0,45708,4050,22696,18646,18646,0,0,3322,0,0,19,0,0,0,0,0,0,0,1,0,1,0,0,0,0,0,0,0,0,0,0,0,0,0,0,0,0,0,0,0,0,714,24,0
1774383344.001296,1296,ubuntu-rog,1,0,0,8493777,0,2866608,3930174,497827,0,38,0,0,0,0,0,1551187234,0,0,4907,1552337870,0,0,2866608,3930174,497827,0,244549,144113,0,0,0,0,0,0,0,0,0,0,2860326,102666,4434393,38,0,0,6367,0,0,0,0,0,0,0,36649969,34035314,0,0,89759,89759,15312,16437,0,0,0,0,0,0,0,0,0,2560527,1278700,0,262144,6535356,169696369,0,0,1026,1025,1569957658,0,0,0,0,0,0,0,0,0,0,0,0,1578473546,0,13999,1857070,1435008671,22701,0,0,98992490,0,0,0,0,0,0,0,0,0,0,0,0,0,0,0,0,0,0,0,14582,0,0,0,0,0,0,0,0,0,0,0,0,0,0,0,0,0,0,0,0,0,0,0,0,45708,4050,22696,18646,18646,0,0,3322,0,0,19,0,0,0,0,0,0,0,1,0,1,0,0,0,0,0,0,0,0,0,0,0,0,0,0,0,0,0,0,0,0,714,24,0
1774383345.001296,1296,ubuntu-rog,1,0,0,8493777,0,2866608,3930174,497827,0,39,0,0,0,0,0,1551187261,0,0,4907,1552337897,0,0,2866608,3930174,497827,0,244549,144113,0,0,0,0,0,0,0,0,0,0,2860326,102666,4434395,39,0,0,6367,0,0,0,0,0,0,0,36649970,34035314,0,0,89759,89759,15312,16437,0,0,0,0,0,0,0,0,0,2560527,1278700,0,262144,6535356,169696369,0,0,1026,1025,1569957685,0,0,0,0,0,0,0,0,0,0,0,0,1578473572,0,13999,1857070,1435008671,22701,0,0,98992490,0,0,0,0,0,0,0,0,0,0,0,0,0,0,0,0,0,0,0,14582,0,0,0,0,0,0,0,0,0,0,0,0,0,0,0,0,0,0,0,0,0,0,0,0,45708,4050,22696,18646,18646,0,0,3322,0,0,19,0,0,0,0,0,0,0,1,0,1,0,0,0,0,0,0,0,0,0,0,0,0,0,0,0,0,0,0,0,0,714,24,0
1774383346.002148,2148,ubuntu-rog,1,0,0,8493777,0,2866608,3930174,497827,0,39,0,0,0,0,0,1551187289,0,0,4907,1552337925,0,0,2866608,3930174,497827,0,244549,144113,0,0,0,0,0,0,0,0,0,0,2860326,102666,4434395,39,0,0,6367,0,0,0,0,0,0,0,36649970,34035314,0,0,89759,89759,15312,16437,0,0,0,0,0,0,0,0,0,2560527,1278700,0,262144,6535356,169696369,0,0,1026,1025,1569957713,0,0,0,0,0,0,0,0,0,0,0,0,1578473600,0,13999,1857070,1435008671,22701,0,0,98992490,0,0,0,0,0,0,0,0,0,0,0,0,0,0,0,0,0,0,0,14582,0,0,0,0,0,0,0,0,0,0,0,0,0,0,0,0,0,0,0,0,0,0,0,0,45708,4050,22696,18646,18646,0,0,3322,0,0,19,0,0,0,0,0,0,0,1,0,1,0,0,0,0,0,0,0,0,0,0,0,0,0,0,0,0,0,0,0,0,714,24,0
1774383347.001155,1155,ubuntu-rog,1,0,0,8493777,0,2866608,3930174,497827,0,39,0,0,0,0,0,1551187317,0,0,4907,1552337953,0,0,2866608,3930174,497827,0,244549,144113,0,0,0,0,0,0,0,0,0,0,2860326,102666,4434395,39,0,0,6367,0,0,0,0,0,0,0,36649970,34035314,0,0,89759,89759,15312,16437,0,0,0,0,0,0,0,0,0,2560527,1278700,0,262144,6535356,169696369,0,0,1026,1025,1569957741,0,0,0,0,0,0,0,0,0,0,0,0,1578473628,0,13999,1857070,1435008671,22701,0,0,98992490,0,0,0,0,0,0,0,0,0,0,0,0,0,0,0,0,0,0,0,14582,0,0,0,0,0,0,0,0,0,0,0,0,0,0,0,0,0,0,0,0,0,0,0,0,45708,4050,22696,18646,18646,0,0,3322,0,0,19,0,0,0,0,0,0,0,1,0,1,0,0,0,0,0,0,0,0,0,0,0,0,0,0,0,0,0,0,0,0,714,24,0
1774383348.001460,1460,ubuntu-rog,1,0,0,8493777,0,2866608,3930174,497827,0,41,0,0,0,0,0,1551187342,0,0,4907,1552337978,0,0,2866608,3930174,497827,0,244549,144113,0,0,0,0,0,0,0,0,0,0,2860326,102666,4434397,41,0,0,6367,0,0,0,0,0,0,0,36649972,34035314,0,0,89759,89759,15312,16437,0,0,0,0,0,0,0,0,0,2560527,1278700,0,262144,6535356,169696369,0,0,1026,1025,1569957766,0,0,0,0,0,0,0,0,0,0,0,0,1578473651,0,13999,1857070,1435008671,22701,0,0,98992490,0,0,0,0,0,0,0,0,0,0,0,0,0,0,0,0,0,0,0,14582,0,0,0,0,0,0,0,0,0,0,0,0,0,0,0,0,0,0,0,0,0,0,0,0,45708,4050,22696,18646,18646,0,0,3322,0,0,19,0,0,0,0,0,0,0,1,0,1,0,0,0,0,0,0,0,0,0,0,0,0,0,0,0,0,0,0,0,0,714,24,0
1774383349.002288,2288,ubuntu-rog,1,0,0,8493777,0,2866608,3930174,497827,0,31,0,0,0,0,0,1551187370,0,0,4907,1552338006,0,0,2866608,3930174,497827,0,244549,144113,0,0,0,0,0,0,0,0,0,0,2860326,102666,4434397,31,0,0,6367,0,0,0,0,0,0,0,36649972,34035324,0,0,89759,89759,15312,16437,0,0,0,0,0,0,0,0,0,2560527,1278700,0,262144,6535356,169696409,0,0,1026,1025,1569957794,0,0,0,0,0,0,0,0,0,0,0,0,1578473679,0,13999,1857070,1435008671,22701,0,0,98992490,0,0,0,0,0,0,0,0,0,0,0,0,0,0,0,0,0,0,0,14582,0,0,0,0,0,0,0,0,0,0,0,0,0,0,0,0,0,0,0,0,0,0,0,0,45708,4050,22696,18646,18646,0,0,3322,0,0,19,0,0,0,0,0,0,0,1,0,1,0,0,0,0,0,0,0,0,0,0,0,0,0,0,0,0,0,0,0,0,714,24,0
1774383350.001304,1304,ubuntu-rog,1,0,0,8493777,0,2866608,3930174,497827,0,31,0,0,0,0,0,1551187402,0,0,4907,1552338038,0,0,2866608,3930174,497827,0,244549,144113,0,0,0,0,0,0,0,0,0,0,2860326,102666,4434397,31,0,0,6367,0,0,0,0,0,0,0,36649972,34035324,0,0,89759,89759,15312,16437,0,0,0,0,0,0,0,0,0,2560527,1278700,0,262144,6535356,169696445,0,0,1026,1025,1569957826,0,0,0,0,0,0,0,0,0,0,0,0,1578473710,0,13999,1857070,1435008671,22701,0,0,98992490,0,0,0,0,0,0,0,0,0,0,0,0,0,0,0,0,0,0,0,14582,0,0,0,0,0,0,0,0,0,0,0,0,0,0,0,0,0,0,0,0,0,0,0,0,45708,4050,22696,18646,18646,0,0,3322,0,0,19,0,0,0,0,0,0,0,1,0,1,0,0,0,0,0,0,0,0,0,0,0,0,0,0,0,0,0,0,0,0,714,24,0
1774383351.001159,1159,ubuntu-rog,1,0,0,8493777,0,2866608,3930174,497827,0,38,0,0,0,0,0,1551187426,0,0,4907,1552338062,0,0,2866608,3930174,497827,0,244549,144113,0,0,0,0,0,0,0,0,0,0,2860326,102666,4434400,38,0,0,6367,0,0,0,0,0,0,0,36649979,34035324,0,0,89759,89759,15312,16437,0,0,0,0,0,0,0,0,0,2560527,1278700,0,262144,6535356,169696445,0,0,1026,1025,1569957850,0,0,0,0,0,0,0,0,0,0,0,0,1578473732,0,13999,1857070,1435008671,22701,0,0,98992490,0,0,0,0,0,0,0,0,0,0,0,0,0,0,0,0,0,0,0,14582,0,0,0,0,0,0,0,0,0,0,0,0,0,0,0,0,0,0,0,0,0,0,0,0,45708,4050,22696,18646,18646,0,0,3322,0,0,19,0,0,0,0,0,0,0,1,0,1,0,0,0,0,0,0,0,0,0,0,0,0,0,0,0,0,0,0,0,0,714,24,0
1774383352.001178,1178,ubuntu-rog,1,0,0,8493777,0,2866608,3930174,497827,0,38,0,0,0,0,0,1551187456,0,0,4907,1552338092,0,0,2866608,3930174,497827,0,244549,144113,0,0,0,0,0,0,0,0,0,0,2860326,102666,4434400,38,0,0,6367,0,0,0,0,0,0,0,36649979,34035324,0,0,89759,89759,15312,16437,0,0,0,0,0,0,0,0,0,2560527,1278700,0,262144,6535356,169696445,0,0,1026,1025,1569957880,0,0,0,0,0,0,0,0,0,0,0,0,1578473762,0,13999,1857070,1435008671,22701,0,0,98992490,0,0,0,0,0,0,0,0,0,0,0,0,0,0,0,0,0,0,0,14582,0,0,0,0,0,0,0,0,0,0,0,0,0,0,0,0,0,0,0,0,0,0,0,0,45708,4050,22696,18646,18646,0,0,3322,0,0,19,0,0,0,0,0,0,0,1,0,1,0,0,0,0,0,0,0,0,0,0,0,0,0,0,0,0,0,0,0,0,714,24,0
1774383353.001279,1279,ubuntu-rog,1,0,0,8493777,0,2866608,3930174,497827,0,38,0,0,0,0,0,1551187485,0,0,4907,1552338121,0,0,2866608,3930174,497827,0,244549,144113,0,0,0,0,0,0,0,0,0,0,2860326,102666,4434400,38,0,0,6367,0,0,0,0,0,0,0,36649979,34035324,0,0,89759,89759,15312,16437,0,0,0,0,0,0,0,0,0,2560527,1278700,0,262144,6535356,169696445,0,0,1026,1025,1569957909,0,0,0,0,0,0,0,0,0,0,0,0,1578473791,0,13999,1857070,1435008671,22701,0,0,98992490,0,0,0,0,0,0,0,0,0,0,0,0,0,0,0,0,0,0,0,14582,0,0,0,0,0,0,0,0,0,0,0,0,0,0,0,0,0,0,0,0,0,0,0,0,45708,4050,22696,18646,18646,0,0,3322,0,0,19,0,0,0,0,0,0,0,1,0,1,0,0,0,0,0,0,0,0,0,0,0,0,0,0,0,0,0,0,0,0,714,24,0
1774383354.001312,1312,ubuntu-rog,1,0,0,8493777,0,2866608,3930174,497827,0,32,0,0,0,0,0,1551187507,0,0,4907,1552338143,0,0,2866608,3930174,497827,0,244549,144113,0,0,0,0,0,0,0,0,0,0,2860326,102666,4434401,32,0,0,6367,0,0,0,0,0,0,0,36649980,34035331,0,0,89759,89759,15312,16437,0,0,0,0,0,0,0,0,0,2560527,1278700,0,262144,6535356,169696473,0,0,1026,1025,1569957931,0,0,0,0,0,0,0,0,0,0,0,0,1578473812,0,13999,1857070,1435008671,22701,0,0,98992490,0,0,0,0,0,0,0,0,0,0,0,0,0,0,0,0,0,0,0,14582,0,0,0,0,0,0,0,0,0,0,0,0,0,0,0,0,0,0,0,0,0,0,0,0,45708,4050,22696,18646,18646,0,0,3322,0,0,19,0,0,0,0,0,0,0,1,0,1,0,0,0,0,0,0,0,0,0,0,0,0,0,0,0,0,0,0,0,0,714,24,0
1774383355.001227,1227,ubuntu-rog,1,0,0,8493777,0,2866608,3930174,497827,0,32,0,0,0,0,0,1551187535,0,0,4907,1552338171,0,0,2866608,3930174,497827,0,244549,144113,0,0,0,0,0,0,0,0,0,0,2860326,102666,4434401,32,0,0,6367,0,0,0,0,0,0,0,36649980,34035331,0,0,89759,89759,15312,16437,0,0,0,0,0,0,0,0,0,2560527,1278700,0,262144,6535356,169696473,0,0,1026,1025,1569957959,0,0,0,0,0,0,0,0,0,0,0,0,1578473840,0,13999,1857070,1435008671,22701,0,0,98992490,0,0,0,0,0,0,0,0,0,0,0,0,0,0,0,0,0,0,0,14582,0,0,0,0,0,0,0,0,0,0,0,0,0,0,0,0,0,0,0,0,0,0,0,0,45708,4050,22696,18646,18646,0,0,3322,0,0,19,0,0,0,0,0,0,0,1,0,1,0,0,0,0,0,0,0,0,0,0,0,0,0,0,0,0,0,0,0,0,714,24,0
1774383356.002178,2178,ubuntu-rog,1,0,0,8493777,0,2866608,3930174,497827,0,32,0,0,0,0,0,1551187567,0,0,4907,1552338203,0,0,2866608,3930174,497827,0,244549,144113,0,0,0,0,0,0,0,0,0,0,2860326,102666,4434401,32,0,0,6367,0,0,0,0,0,0,0,36649980,34035331,0,0,89759,89759,15312,16437,0,0,0,0,0,0,0,0,0,2560527,1278700,0,262144,6535356,169696505,0,0,1026,1025,1569957991,0,0,0,0,0,0,0,0,0,0,0,0,1578473870,0,13999,1857070,1435008671,22701,0,0,98992490,0,0,0,0,0,0,0,0,0,0,0,0,0,0,0,0,0,0,0,14582,0,0,0,0,0,0,0,0,0,0,0,0,0,0,0,0,0,0,0,0,0,0,0,0,45708,4050,22696,18646,18646,0,0,3322,0,0,19,0,0,0,0,0,0,0,1,0,1,0,0,0,0,0,0,0,0,0,0,0,0,0,0,0,0,0,0,0,0,714,24,0
1774383357.001158,1158,ubuntu-rog,1,0,0,8493777,0,2866608,3930174,497827,0,36,0,0,0,0,0,1551187597,0,0,4907,1552338233,0,0,2866608,3930174,497827,0,244549,144113,0,0,0,0,0,0,0,0,0,0,2860326,102666,4434404,36,0,0,6367,0,0,0,0,0,0,0,36649984,34035331,0,0,89759,89759,15312,16437,0,0,0,0,0,0,0,0,0,2560527,1278700,0,262144,6535356,169696505,0,0,1026,1025,1569958021,0,0,0,0,0,0,0,0,0,0,0,0,1578473899,0,13999,1857070,1435008671,22701,0,0,98992490,0,0,0,0,0,0,0,0,0,0,0,0,0,0,0,0,0,0,0,14582,0,0,0,0,0,0,0,0,0,0,0,0,0,0,0,0,0,0,0,0,0,0,0,0,45708,4050,22696,18646,18646,0,0,3322,0,0,19,0,0,0,0,0,0,0,1,0,1,0,0,0,0,0,0,0,0,0,0,0,0,0,0,0,0,0,0,0,0,714,24,0
1774383358.001265,1265,ubuntu-rog,1,0,0,8493777,0,2866608,3930174,497827,0,37,0,0,0,0,0,1551187629,0,0,4907,1552338265,0,0,2866608,3930174,497827,0,244549,144113,0,0,0,0,0,0,0,0,0,0,2860326,102666,4434405,37,0,0,6367,0,0,0,0,0,0,0,36649985,34035331,0,0,89759,89759,15312,16437,0,0,0,0,0,0,0,0,0,2560527,1278700,0,262144,6535356,169696505,0,0,1026,1025,1569958053,0,0,0,0,0,0,0,0,0,0,0,0,1578473930,0,13999,1857070,1435008671,22701,0,0,98992490,0,0,0,0,0,0,0,0,0,0,0,0,0,0,0,0,0,0,0,14582,0,0,0,0,0,0,0,0,0,0,0,0,0,0,0,0,0,0,0,0,0,0,0,0,45708,4050,22696,18646,18646,0,0,3322,0,0,19,0,0,0,0,0,0,0,1,0,1,0,0,0,0,0,0,0,0,0,0,0,0,0,0,0,0,0,0,0,0,714,24,0
1774383359.001297,1297,ubuntu-rog,1,0,0,8493777,0,2866608,3930174,497827,0,37,0,0,0,0,0,1551187654,0,0,4907,1552338290,0,0,2866608,3930174,497827,0,244549,144113,0,0,0,0,0,0,0,0,0,0,2860326,102666,4434405,37,0,0,6367,0,0,0,0,0,0,0,36649985,34035331,0,0,89759,89759,15312,16437,0,0,0,0,0,0,0,0,0,2560527,1278700,0,262144,6535356,169696505,0,0,1026,1025,1569958078,0,0,0,0,0,0,0,0,0,0,0,0,1578473955,0,13999,1857070,1435008671,22701,0,0,98992490,0,0,0,0,0,0,0,0,0,0,0,0,0,0,0,0,0,0,0,14582,0,0,0,0,0,0,0,0,0,0,0,0,0,0,0,0,0,0,0,0,0,0,0,0,45708,4050,22696,18646,18646,0,0,3322,0,0,19,0,0,0,0,0,0,0,1,0,1,0,0,0,0,0,0,0,0,0,0,0,0,0,0,0,0,0,0,0,0,714,24,0
1774383360.001316,1316,ubuntu-rog,1,0,0,8493777,0,2866608,3930174,497827,0,38,0,0,0,0,0,1551187684,0,0,4907,1552338320,0,0,2866608,3930174,497827,0,244549,144113,0,0,0,0,0,0,0,0,0,0,2860326,102666,4434406,38,0,0,6367,0,0,0,0,0,0,0,36649986,34035331,0,0,89759,89759,15312,16437,0,0,0,0,0,0,0,0,0,2560527,1278700,0,262144,6535356,169696505,0,0,1026,1025,1569958108,0,0,0,0,0,0,0,0,0,0,0,0,1578473985,0,13999,1857070,1435008671,22701,0,0,98992490,0,0,0,0,0,0,0,0,0,0,0,0,0,0,0,0,0,0,0,14582,0,0,0,0,0,0,0,0,0,0,0,0,0,0,0,0,0,0,0,0,0,0,0,0,45708,4050,22696,18646,18646,0,0,3322,0,0,19,0,0,0,0,0,0,0,1,0,1,0,0,0,0,0,0,0,0,0,0,0,0,0,0,0,0,0,0,0,0,714,24,0
1774383361.001175,1175,ubuntu-rog,1,0,0,8493777,0,2866608,3930174,497827,0,39,0,0,0,0,0,1551187717,0,0,4907,1552338353,0,0,2866608,3930174,497827,0,244549,144113,0,0,0,0,0,0,0,0,0,0,2860326,102666,4434407,39,0,0,6367,0,0,0,0,0,0,0,36649987,34035331,0,0,89759,89759,15312,16437,0,0,0,0,0,0,0,0,0,2560527,1278700,0,262144,6535356,169696521,0,0,1026,1025,1569958141,0,0,0,0,0,0,0,0,0,0,0,0,1578474015,0,13999,1857070,1435008671,22701,0,0,98992490,0,0,0,0,0,0,0,0,0,0,0,0,0,0,0,0,0,0,0,14582,0,0,0,0,0,0,0,0,0,0,0,0,0,0,0,0,0,0,0,0,0,0,0,0,45708,4050,22696,18646,18646,0,0,3322,0,0,19,0,0,0,0,0,0,0,1,0,1,0,0,0,0,0,0,0,0,0,0,0,0,0,0,0,0,0,0,0,0,714,24,0
1774383362.001095,1095,ubuntu-rog,1,0,0,8493777,0,2866608,3930174,497827,0,39,0,0,0,0,0,1551187741,0,0,4907,1552338377,0,0,2866608,3930174,497827,0,244549,144113,0,0,0,0,0,0,0,0,0,0,2860326,102666,4434408,39,0,0,6367,0,0,0,0,0,0,0,36649987,34035331,0,0,89759,89759,15312,16437,0,0,0,0,0,0,0,0,0,2560527,1278700,0,262144,6535356,169696521,0,0,1026,1025,1569958165,0,0,0,0,0,0,0,0,0,0,0,0,1578474039,0,13999,1857070,1435008673,22701,0,0,98992492,0,0,0,0,0,0,0,0,0,0,0,0,0,0,0,0,0,0,0,14582,0,0,0,0,0,0,0,0,0,0,0,0,0,0,0,0,0,0,0,0,0,0,0,0,45708,4050,22696,18646,18646,0,0,3322,0,0,19,0,0,0,0,0,0,0,1,0,1,0,0,0,0,0,0,0,0,0,0,0,0,0,0,0,0,0,0,0,0,714,24,0
1774383363.002247,2247,ubuntu-rog,1,0,0,8489939,0,2873072,3930174,497827,0,40,0,0,0,0,0,1551195661,0,0,4907,1552346297,0,0,2873072,3930174,497827,0,244549,144113,0,0,0,0,0,0,0,0,0,0,2866992,102666,4434409,40,0,0,6367,0,0,0,0,0,0,0,36649988,34035331,0,0,89759,89759,15312,16437,0,0,0,0,0,0,0,0,0,2559760,1278317,0,262144,6535356,169696521,0,0,1026,1025,1569966094,0,0,0,0,0,0,0,0,0,0,0,0,1578474140,0,13999,1857070,1435016524,22701,0,0,98992492,0,0,0,0,0,0,0,0,0,0,0,0,0,0,0,0,0,0,0,14582,0,0,0,0,0,0,0,0,0,0,0,0,0,0,0,0,0,0,0,0,0,0,0,0,45708,4050,22696,18646,18646,0,0,3322,0,0,19,0,0,0,0,0,0,0,1,0,1,0,0,0,0,0,0,0,0,0,0,0,0,0,0,0,0,0,0,0,0,714,24,0
1774383364.001278,1278,ubuntu-rog,1,0,0,8450951,0,2904418,3930233,497827,0,12,0,0,0,0,0,1551434294,0,0,4907,1552584930,0,0,2904418,3930233,497827,0,244549,144113,0,0,0,0,0,0,0,0,0,0,2898794,102666,4434409,12,0,0,6367,0,0,0,0,0,0,0,36649988,34035359,0,0,89759,89759,15328,16579,0,0,0,0,0,0,0,0,0,2551976,1274430,0,262144,6535356,169696625,0,0,1026,1025,1570204739,0,0,0,0,0,0,0,0,0,0,0,0,1578681376,0,13999,1857070,1435254638,22701,0,0,98992492,0,0,0,0,0,0,0,0,0,0,0,0,0,0,0,0,0,0,0,14582,0,0,0,0,0,0,0,0,0,0,0,0,0,0,0,0,0,0,0,0,0,0,0,0,45708,4050,22696,18646,18646,0,0,3322,0,0,19,0,0,0,0,0,0,0,1,0,1,0,0,0,0,0,0,0,0,0,0,0,0,0,0,0,0,0,0,0,0,714,24,0
1774383365.001288,1288,ubuntu-rog,1,0,0,8464511,0,2887813,3930234,497827,0,13,0,0,0,0,0,1551588942,0,0,4907,1552739578,0,0,2887813,3930234,497827,0,244549,144113,0,0,0,0,0,0,0,0,0,0,2881464,102666,4434410,13,0,0,6367,0,0,0,0,0,0,0,36649989,34035359,0,0,89759,89759,15328,16479,0,0,0,0,0,0,0,0,0,2554687,1275784,0,262144,6535356,169696625,0,0,1026,1025,1570359373,0,0,0,0,0,0,0,0,0,0,0,0,1578853767,0,13999,1857070,1435408880,22701,0,0,98992492,0,0,0,0,0,0,0,0,0,0,0,0,0,0,0,0,0,0,0,14582,0,0,0,0,0,0,0,0,0,0,0,0,0,0,0,0,0,0,0,0,0,0,0,0,45708,4050,22696,18646,18646,0,0,3322,0,0,19,0,0,0,0,0,0,0,1,0,1,0,0,0,0,0,0,0,0,0,0,0,0,0,0,0,0,0,0,0,0,714,24,0
1774383366.001164,1164,ubuntu-rog,1,0,0,8479456,0,2874184,3930234,497827,0,13,0,0,0,0,0,1551611327,0,0,4907,1552761963,0,0,2874184,3930234,497827,0,244549,144113,0,0,0,0,0,0,0,0,0,0,2868139,102666,4434410,13,0,0,6367,0,0,0,0,0,0,0,36649989,34035359,0,0,89759,89759,15328,16453,0,0,0,0,0,0,0,0,0,2557676,1277276,0,262144,6535356,169696625,0,0,1026,1025,1570381758,0,0,0,0,0,0,0,0,0,0,0,0,1578889863,0,13999,1857070,1435431144,22701,0,0,98992492,0,0,0,0,0,0,0,0,0,0,0,0,0,0,0,0,0,0,0,14582,0,0,0,0,0,0,0,0,0,0,0,0,0,0,0,0,0,0,0,0,0,0,0,0,45708,4050,22696,18646,18646,0,0,3322,0,0,19,0,0,0,0,0,0,0,1,0,1,0,0,0,0,0,0,0,0,0,0,0,0,0,0,0,0,0,0,0,0,714,24,0
1774383367.002157,2157,ubuntu-rog,1,0,0,8479456,0,2874184,3930234,497827,0,13,0,0,0,0,0,1551611357,0,0,4907,1552761993,0,0,2874184,3930234,497827,0,244549,144113,0,0,0,0,0,0,0,0,0,0,2868139,102666,4434410,13,0,0,6367,0,0,0,0,0,0,0,36649989,34035359,0,0,89759,89759,15328,16453,0,0,0,0,0,0,0,0,0,2557676,1277276,0,262144,6535356,169696641,0,0,1026,1025,1570381788,0,0,0,0,0,0,0,0,0,0,0,0,1578889891,0,13999,1857070,1435431144,22701,0,0,98992492,0,0,0,0,0,0,0,0,0,0,0,0,0,0,0,0,0,0,0,14582,0,0,0,0,0,0,0,0,0,0,0,0,0,0,0,0,0,0,0,0,0,0,0,0,45708,4050,22696,18646,18646,0,0,3322,0,0,19,0,0,0,0,0,0,0,1,0,1,0,0,0,0,0,0,0,0,0,0,0,0,0,0,0,0,0,0,0,0,714,24,0
1774383368.001262,1262,ubuntu-rog,1,0,0,8480062,0,2874184,3930234,497827,0,16,0,0,0,0,0,1551611380,0,0,4907,1552762016,0,0,2874184,3930234,497827,0,244549,144113,0,0,0,0,0,0,0,0,0,0,2868139,102666,4434413,16,0,0,6367,0,0,0,0,0,0,0,36649992,34035359,0,0,89759,89759,15328,16453,0,0,0,0,0,0,0,0,0,2557797,1277337,0,262144,6535356,169696641,0,0,1026,1025,1570381811,0,0,0,0,0,0,0,0,0,0,0,0,1578889913,0,13999,1857070,1435431144,22701,0,0,98992492,0,0,0,0,0,0,0,0,0,0,0,0,0,0,0,0,0,0,0,14582,0,0,0,0,0,0,0,0,0,0,0,0,0,0,0,0,0,0,0,0,0,0,0,0,45708,4050,22696,18646,18646,0,0,3322,0,0,19,0,0,0,0,0,0,0,1,0,1,0,0,0,0,0,0,0,0,0,0,0,0,0,0,0,0,0,0,0,0,714,24,0
1774383369.001301,1301,ubuntu-rog,1,0,0,8482764,0,2874194,3930235,497827,0,12,0,0,0,0,0,1551611413,0,0,4907,1552762049,0,0,2874194,3930235,497827,0,244549,144113,0,0,0,0,0,0,0,0,0,0,2868139,102666,4434413,12,0,0,6367,0,0,0,0,0,0,0,36649992,34035363,0,0,89759,89759,15328,16453,0,0,0,0,0,0,0,0,0,2558337,1277606,0,262144,6535356,169696657,0,0,1026,1025,1570381844,0,0,0,0,0,0,0,0,0,0,0,0,1578889946,0,13999,1857070,1435431144,22701,0,0,98992492,0,0,0,0,0,0,0,0,0,0,0,0,0,0,0,0,0,0,0,14582,0,0,0,0,0,0,0,0,0,0,0,0,0,0,0,0,0,0,0,0,0,0,0,0,45708,4050,22696,18646,18646,0,0,3322,0,0,19,0,0,0,0,0,0,0,1,0,1,0,0,0,0,0,0,0,0,0,0,0,0,0,0,0,0,0,0,0,0,714,24,0
1774383370.001307,1307,ubuntu-rog,1,0,0,8482708,0,2874194,3930235,497827,0,13,0,0,0,0,0,1551611447,0,0,4907,1552762083,0,0,2874194,3930235,497827,0,244549,144113,0,0,0,0,0,0,0,0,0,0,2868139,102666,4434414,13,0,0,6367,0,0,0,0,0,0,0,36649993,34035363,0,0,89759,89759,15328,16453,0,0,0,0,0,0,0,0,0,2558326,1277601,0,262144,6535356,169696657,0,0,1026,1025,1570381878,0,0,0,0,0,0,0,0,0,0,0,0,1578889979,0,13999,1857070,1435431144,22701,0,0,98992492,0,0,0,0,0,0,0,0,0,0,0,0,0,0,0,0,0,0,0,14582,0,0,0,0,0,0,0,0,0,0,0,0,0,0,0,0,0,0,0,0,0,0,0,0,45708,4050,22696,18646,18646,0,0,3322,0,0,19,0,0,0,0,0,0,0,1,0,1,0,0,0,0,0,0,0,0,0,0,0,0,0,0,0,0,0,0,0,0,714,24,0
1774383371.002151,2151,ubuntu-rog,1,0,0,8482708,0,2874143,3930235,497827,0,13,0,0,0,0,0,1551611477,0,0,4907,1552762113,0,0,2874143,3930235,497827,0,244549,144113,0,0,0,0,0,0,0,0,0,0,2868088,102666,4434414,13,0,0,6367,0,0,0,0,0,0,0,36649993,34035363,0,0,89759,89759,15328,16453,0,0,0,0,0,0,0,0,0,2558326,1277601,0,262144,6535356,169696657,0,0,1026,1025,1570381908,0,0,0,0,0,0,0,0,0,0,0,0,1578890060,0,13999,1857070,1435431144,22701,0,0,98992492,0,0,0,0,0,0,0,0,0,0,0,0,0,0,0,0,0,0,0,14582,0,0,0,0,0,0,0,0,0,0,0,0,0,0,0,0,0,0,0,0,0,0,0,0,45708,4050,22696,18646,18646,0,0,3322,0,0,19,0,0,0,0,0,0,0,1,0,1,0,0,0,0,0,0,0,0,0,0,0,0,0,0,0,0,0,0,0,0,714,24,0
1774383372.001161,1161,ubuntu-rog,1,0,0,8482708,0,2874143,3930235,497827,0,16,0,0,0,0,0,1551611507,0,0,4907,1552762143,0,0,2874143,3930235,497827,0,244549,144113,0,0,0,0,0,0,0,0,0,0,2868088,102666,4434416,16,0,0,6367,0,0,0,0,0,0,0,36649996,34035363,0,0,89759,89759,15328,16453,0,0,0,0,0,0,0,0,0,2558326,1277601,0,262144,6535356,169696657,0,0,1026,1025,1570381938,0,0,0,0,0,0,0,0,0,0,0,0,1578890088,0,13999,1857070,1435431144,22701,0,0,98992492,0,0,0,0,0,0,0,0,0,0,0,0,0,0,0,0,0,0,0,14582,0,0,0,0,0,0,0,0,0,0,0,0,0,0,0,0,0,0,0,0,0,0,0,0,45708,4050,22696,18646,18646,0,0,3322,0,0,19,0,0,0,0,0,0,0,1,0,1,0,0,0,0,0,0,0,0,0,0,0,0,0,0,0,0,0,0,0,0,714,24,0
1774383373.001263,1263,ubuntu-rog,1,0,0,8482708,0,2874143,3930235,497827,0,16,0,0,0,0,0,1551611530,0,0,4907,1552762166,0,0,2874143,3930235,497827,0,244549,144113,0,0,0,0,0,0,0,0,0,0,2868088,102666,4434416,16,0,0,6367,0,0,0,0,0,0,0,36649996,34035363,0,0,89759,89759,15328,16453,0,0,0,0,0,0,0,0,0,2558326,1277601,0,262144,6535356,169696685,0,0,1026,1025,1570381961,0,0,0,0,0,0,0,0,0,0,0,0,1578890109,0,13999,1857070,1435431144,22701,0,0,98992492,0,0,0,0,0,0,0,0,0,0,0,0,0,0,0,0,0,0,0,14582,0,0,0,0,0,0,0,0,0,0,0,0,0,0,0,0,0,0,0,0,0,0,0,0,45708,4050,22696,18646,18646,0,0,3322,0,0,19,0,0,0,0,0,0,0,1,0,1,0,0,0,0,0,0,0,0,0,0,0,0,0,0,0,0,0,0,0,0,714,24,0
1774383374.001301,1301,ubuntu-rog,1,0,0,8482809,0,2874143,3930235,497827,0,19,0,0,0,0,0,1551611558,0,0,4907,1552762194,0,0,2874143,3930235,497827,0,244549,144113,0,0,0,0,0,0,0,0,0,0,2868088,102666,4434418,19,0,0,6367,0,0,0,0,0,0,0,36649999,34035363,0,0,89759,89759,15328,16453,0,0,0,0,0,0,0,0,0,2558346,1277611,0,262144,6535356,169696685,0,0,1026,1025,1570381989,0,0,0,0,0,0,0,0,0,0,0,0,1578890137,0,13999,1857070,1435431144,22701,0,0,98992492,0,0,0,0,0,0,0,0,0,0,0,0,0,0,0,0,0,0,0,14582,0,0,0,0,0,0,0,0,0,0,0,0,0,0,0,0,0,0,0,0,0,0,0,0,45708,4050,22696,18646,18646,0,0,3322,0,0,19,0,0,0,0,0,0,0,1,0,1,0,0,0,0,0,0,0,0,0,0,0,0,0,0,0,0,0,0,0,0,714,24,0
1774383375.002300,2300,ubuntu-rog,1,0,0,8483027,0,2874143,3930235,497827,0,20,0,0,0,0,0,1551611591,0,0,4907,1552762227,0,0,2874143,3930235,497827,0,244549,144113,0,0,0,0,0,0,0,0,0,0,2868088,102666,4434419,20,0,0,6367,0,0,0,0,0,0,0,36650000,34035363,0,0,89759,89759,15328,16453,0,0,0,0,0,0,0,0,0,2558390,1277633,0,262144,6535356,169696685,0,0,1026,1025,1570382022,0,0,0,0,0,0,0,0,0,0,0,0,1578890169,0,13999,1857070,1435431144,22701,0,0,98992492,0,0,0,0,0,0,0,0,0,0,0,0,0,0,0,0,0,0,0,14582,0,0,0,0,0,0,0,0,0,0,0,0,0,0,0,0,0,0,0,0,0,0,0,0,45708,4050,22696,18646,18646,0,0,3322,0,0,19,0,0,0,0,0,0,0,1,0,1,0,0,0,0,0,0,0,0,0,0,0,0,0,0,0,0,0,0,0,0,714,24,0
1774383376.001157,1157,ubuntu-rog,1,0,0,8483308,0,2874143,3930235,497827,0,21,0,0,0,0,0,1551611615,0,0,4907,1552762251,0,0,2874143,3930235,497827,0,244549,144113,0,0,0,0,0,0,0,0,0,0,2868088,102666,4434420,21,0,0,6367,0,0,0,0,0,0,0,36650001,34035363,0,0,89759,89759,15328,16453,0,0,0,0,0,0,0,0,0,2558446,1277661,0,262144,6535356,169696685,0,0,1026,1025,1570382046,0,0,0,0,0,0,0,0,0,0,0,0,1578890192,0,13999,1857070,1435431145,22701,0,0,98992493,0,0,0,0,0,0,0,0,0,0,0,0,0,0,0,0,0,0,0,14582,0,0,0,0,0,0,0,0,0,0,0,0,0,0,0,0,0,0,0,0,0,0,0,0,45708,4050,22696,18646,18646,0,0,3322,0,0,19,0,0,0,0,0,0,0,1,0,1,0,0,0,0,0,0,0,0,0,0,0,0,0,0,0,0,0,0,0,0,714,24,0
1774383377.001156,1156,ubuntu-rog,1,0,0,8483352,0,2874143,3930235,497827,0,21,0,0,0,0,0,1551611643,0,0,4907,1552762279,0,0,2874143,3930235,497827,0,244549,144113,0,0,0,0,0,0,0,0,0,0,2868088,102666,4434420,21,0,0,6367,0,0,0,0,0,0,0,36650001,34035363,0,0,89759,89759,15328,16453,0,0,0,0,0,0,0,0,0,2558455,1277665,0,262144,6535356,169696685,0,0,1026,1025,1570382074,0,0,0,0,0,0,0,0,0,0,0,0,1578890220,0,13999,1857070,1435431145,22701,0,0,98992493,0,0,0,0,0,0,0,0,0,0,0,0,0,0,0,0,0,0,0,14582,0,0,0,0,0,0,0,0,0,0,0,0,0,0,0,0,0,0,0,0,0,0,0,0,45708,4050,22696,18646,18646,0,0,3322,0,0,19,0,0,0,0,0,0,0,1,0,1,0,0,0,0,0,0,0,0,0,0,0,0,0,0,0,0,0,0,0,0,714,24,0
1774383378.001256,1256,ubuntu-rog,1,0,0,8483755,0,2874143,3930235,497827,0,21,0,0,0,0,0,1551611673,0,0,4907,1552762309,0,0,2874143,3930235,497827,0,244549,144113,0,0,0,0,0,0,0,0,0,0,2868088,102666,4434420,21,0,0,6367,0,0,0,0,0,0,0,36650001,34035363,0,0,89759,89759,15328,16453,0,0,0,0,0,0,0,0,0,2558535,1277705,0,262144,6535356,169696701,0,0,1026,1025,1570382104,0,0,0,0,0,0,0,0,0,0,0,0,1578890248,0,13999,1857070,1435431145,22701,0,0,98992493,0,0,0,0,0,0,0,0,0,0,0,0,0,0,0,0,0,0,0,14582,0,0,0,0,0,0,0,0,0,0,0,0,0,0,0,0,0,0,0,0,0,0,0,0,45708,4050,22696,18646,18646,0,0,3322,0,0,19,0,0,0,0,0,0,0,1,0,1,0,0,0,0,0,0,0,0,0,0,0,0,0,0,0,0,0,0,0,0,714,24,0
1774383379.002295,2295,ubuntu-rog,1,0,0,8485121,0,2874143,3930235,497827,0,22,0,0,0,0,0,1551611698,0,0,4907,1552762334,0,0,2874143,3930235,497827,0,244549,144113,0,0,0,0,0,0,0,0,0,0,2868088,102666,4434423,22,0,0,6367,0,0,0,0,0,0,0,36650002,34035363,0,0,89759,89759,15328,16453,0,0,0,0,0,0,0,0,0,2558808,1277842,0,262144,6535356,169696701,0,0,1026,1025,1570382129,0,0,0,0,0,0,0,0,0,0,0,0,1578890272,0,13999,1857070,1435431145,22701,0,0,98992493,0,0,0,0,0,0,0,0,0,0,0,0,0,0,0,0,0,0,0,14582,0,0,0,0,0,0,0,0,0,0,0,0,0,0,0,0,0,0,0,0,0,0,0,0,45708,4050,22696,18646,18646,0,0,3322,0,0,19,0,0,0,0,0,0,0,1,0,1,0,0,0,0,0,0,0,0,0,0,0,0,0,0,0,0,0,0,0,0,714,24,0
1774383380.001309,1309,ubuntu-rog,1,0,0,8485509,0,2874143,3930235,497827,0,22,0,0,0,0,0,1551611729,0,0,4907,1552762365,0,0,2874143,3930235,497827,0,244549,144113,0,0,0,0,0,0,0,0,0,0,2868088,102666,4434423,22,0,0,6367,0,0,0,0,0,0,0,36650002,34035363,0,0,89759,89759,15328,16453,0,0,0,0,0,0,0,0,0,2558886,1277881,0,262144,6535356,169696701,0,0,1026,1025,1570382160,0,0,0,0,0,0,0,0,0,0,0,0,1578890303,0,13999,1857070,1435431145,22701,0,0,98992493,0,0,0,0,0,0,0,0,0,0,0,0,0,0,0,0,0,0,0,14582,0,0,0,0,0,0,0,0,0,0,0,0,0,0,0,0,0,0,0,0,0,0,0,0,45708,4050,22696,18646,18646,0,0,3322,0,0,19,0,0,0,0,0,0,0,1,0,1,0,0,0,0,0,0,0,0,0,0,0,0,0,0,0,0,0,0,0,0,714,24,0
1774383381.001156,1156,ubuntu-rog,1,0,0,8485905,0,2874143,3930235,497827,0,22,0,0,0,0,0,1551611760,0,0,4907,1552762396,0,0,2874143,3930235,497827,0,244549,144113,0,0,0,0,0,0,0,0,0,0,2868088,102666,4434423,22,0,0,6367,0,0,0,0,0,0,0,36650002,34035363,0,0,89759,89759,15328,16453,0,0,0,0,0,0,0,0,0,2558965,1277920,0,262144,6535356,169696701,0,0,1026,1025,1570382191,0,0,0,0,0,0,0,0,0,0,0,0,1578890334,0,13999,1857070,1435431145,22701,0,0,98992493,0,0,0,0,0,0,0,0,0,0,0,0,0,0,0,0,0,0,0,14582,0,0,0,0,0,0,0,0,0,0,0,0,0,0,0,0,0,0,0,0,0,0,0,0,45708,4050,22696,18646,18646,0,0,3322,0,0,19,0,0,0,0,0,0,0,1,0,1,0,0,0,0,0,0,0,0,0,0,0,0,0,0,0,0,0,0,0,0,714,24,0
1774383382.001157,1157,ubuntu-rog,1,0,0,8486251,0,2874143,3930235,497827,0,24,0,0,0,0,0,1551611785,0,0,4907,1552762421,0,0,2874143,3930235,497827,0,244549,144113,0,0,0,0,0,0,0,0,0,0,2868088,102666,4434425,24,0,0,6367,0,0,0,0,0,0,0,36650004,34035363,0,0,89759,89759,15328,16453,0,0,0,0,0,0,0,0,0,2559034,1277955,0,262144,6535356,169696701,0,0,1026,1025,1570382216,0,0,0,0,0,0,0,0,0,0,0,0,1578890357,0,13999,1857070,1435431145,22701,0,0,98992493,0,0,0,0,0,0,0,0,0,0,0,0,0,0,0,0,0,0,0,14582,0,0,0,0,0,0,0,0,0,0,0,0,0,0,0,0,0,0,0,0,0,0,0,0,45708,4050,22696,18646,18646,0,0,3322,0,0,19,0,0,0,0,0,0,0,1,0,1,0,0,0,0,0,0,0,0,0,0,0,0,0,0,0,0,0,0,0,0,714,24,0
1774383383.002254,2254,ubuntu-rog,1,0,0,8486453,0,2874143,3930235,497827,0,24,0,0,0,0,0,1551611815,0,0,4907,1552762451,0,0,2874143,3930235,497827,0,244549,144113,0,0,0,0,0,0,0,0,0,0,2868088,102666,4434425,24,0,0,6367,0,0,0,0,0,0,0,36650004,34035363,0,0,89759,89759,15328,16453,0,0,0,0,0,0,0,0,0,2559075,1277975,0,262144,6535356,169696717,0,0,1026,1025,1570382246,0,0,0,0,0,0,0,0,0,0,0,0,1578890386,0,13999,1857070,1435431145,22701,0,0,98992493,0,0,0,0,0,0,0,0,0,0,0,0,0,0,0,0,0,0,0,14582,0,0,0,0,0,0,0,0,0,0,0,0,0,0,0,0,0,0,0,0,0,0,0,0,45708,4050,22696,18646,18646,0,0,3322,0,0,19,0,0,0,0,0,0,0,1,0,1,0,0,0,0,0,0,0,0,0,0,0,0,0,0,0,0,0,0,0,0,714,24,0
1774383384.001295,1295,ubuntu-rog,1,0,0,8486718,0,2874143,3930235,497827,0,24,0,0,0,0,0,1551611843,0,0,4907,1552762479,0,0,2874143,3930235,497827,0,244549,144113,0,0,0,0,0,0,0,0,0,0,2868088,102666,4434426,24,0,0,6367,0,0,0,0,0,0,0,36650004,34035363,0,0,89759,89759,15328,16453,0,0,0,0,0,0,0,0,0,2559128,1278001,0,262144,6535356,169696761,0,0,1026,1025,1570382274,0,0,0,0,0,0,0,0,0,0,0,0,1578890414,0,13999,1857070,1435431145,22701,0,0,98992493,0,0,0,0,0,0,0,0,0,0,0,0,0,0,0,0,0,0,0,14582,0,0,0,0,0,0,0,0,0,0,0,0,0,0,0,0,0,0,0,0,0,0,0,0,45708,4050,22696,18646,18646,0,0,3322,0,0,19,0,0,0,0,0,0,0,1,0,1,0,0,0,0,0,0,0,0,0,0,0,0,0,0,0,0,0,0,0,0,714,24,0
1774383385.001302,1302,ubuntu-rog,1,0,0,8486845,0,2874143,3930245,497827,0,14,0,0,0,0,0,1551611873,0,0,4907,1552762509,0,0,2874143,3930245,497827,0,244549,144113,0,0,0,0,0,0,0,0,0,0,2868088,102666,4434427,14,0,0,6367,0,0,0,0,0,0,0,36650005,34035374,0,0,89759,89759,15328,16453,0,0,0,0,0,0,0,0,0,2559155,1278015,0,262144,6535356,169696761,0,0,1026,1025,1570382304,0,0,0,0,0,0,0,0,0,0,0,0,1578890443,0,13999,1857070,1435431145,22701,0,0,98992493,0,0,0,0,0,0,0,0,0,0,0,0,0,0,0,0,0,0,0,14582,0,0,0,0,0,0,0,0,0,0,0,0,0,0,0,0,0,0,0,0,0,0,0,0,45708,4050,22696,18646,18646,0,0,3322,0,0,19,0,0,0,0,0,0,0,1,0,1,0,0,0,0,0,0,0,0,0,0,0,0,0,0,0,0,0,0,0,0,714,24,0
1774383386.001159,1159,ubuntu-rog,1,0,0,8486848,0,2874143,3930245,497827,0,16,0,0,0,0,0,1551611903,0,0,4907,1552762539,0,0,2874143,3930245,497827,0,244549,144113,0,0,0,0,0,0,0,0,0,0,2868088,102666,4434428,16,0,0,6367,0,0,0,0,0,0,0,36650007,34035374,0,0,89759,89759,15328,16453,0,0,0,0,0,0,0,0,0,2559156,1278015,0,262144,6535356,169696761,0,0,1026,1025,1570382334,0,0,0,0,0,0,0,0,0,0,0,0,1578890472,0,13999,1857070,1435431145,22701,0,0,98992493,0,0,0,0,0,0,0,0,0,0,0,0,0,0,0,0,0,0,0,14582,0,0,0,0,0,0,0,0,0,0,0,0,0,0,0,0,0,0,0,0,0,0,0,0,45708,4050,22696,18646,18646,0,0,3322,0,0,19,0,0,0,0,0,0,0,1,0,1,0,0,0,0,0,0,0,0,0,0,0,0,0,0,0,0,0,0,0,0,714,24,0
1774383387.002154,2154,ubuntu-rog,1,0,0,8486848,0,2874143,3930245,497827,0,16,0,0,0,0,0,1551611926,0,0,4907,1552762562,0,0,2874143,3930245,497827,0,244549,144113,0,0,0,0,0,0,0,0,0,0,2868088,102666,4434428,16,0,0,6367,0,0,0,0,0,0,0,36650007,34035374,0,0,89759,89759,15328,16453,0,0,0,0,0,0,0,0,0,2559156,1278015,0,262144,6535356,169696761,0,0,1026,1025,1570382357,0,0,0,0,0,0,0,0,0,0,0,0,1578890495,0,13999,1857070,1435431145,22701,0,0,98992493,0,0,0,0,0,0,0,0,0,0,0,0,0,0,0,0,0,0,0,14582,0,0,0,0,0,0,0,0,0,0,0,0,0,0,0,0,0,0,0,0,0,0,0,0,45708,4050,22696,18646,18646,0,0,3322,0,0,19,0,0,0,0,0,0,0,1,0,1,0,0,0,0,0,0,0,0,0,0,0,0,0,0,0,0,0,0,0,0,714,24,0
1774383388.001265,1265,ubuntu-rog,1,0,0,8486848,0,2874143,3930245,497827,0,16,0,0,0,0,0,1551611960,0,0,4907,1552762596,0,0,2874143,3930245,497827,0,244549,144113,0,0,0,0,0,0,0,0,0,0,2868090,102666,4434428,16,0,0,6367,0,0,0,0,0,0,0,36650007,34035374,0,0,89759,89759,15328,16453,0,0,0,0,0,0,0,0,0,2559156,1278015,0,262144,6535356,169696789,0,0,1026,1025,1570382391,0,0,0,0,0,0,0,0,0,0,0,0,1578890525,0,13999,1857070,1435431147,22701,0,0,98992493,0,0,0,0,0,0,0,0,0,0,0,0,0,0,0,0,0,0,0,14582,0,0,0,0,0,0,0,0,0,0,0,0,0,0,0,0,0,0,0,0,0,0,0,0,45708,4050,22696,18646,18646,0,0,3322,0,0,19,0,0,0,0,0,0,0,1,0,1,0,0,0,0,0,0,0,0,0,0,0,0,0,0,0,0,0,0,0,0,714,24,0
1774383389.001303,1303,ubuntu-rog,1,0,0,8486848,0,2874143,3930245,497827,0,19,0,0,0,0,0,1551611994,0,0,4907,1552762630,0,0,2874143,3930245,497827,0,244549,144113,0,0,0,0,0,0,0,0,0,0,2868090,102666,4434432,19,0,0,6367,0,0,0,0,0,0,0,36650010,34035374,0,0,89759,89759,15328,16453,0,0,0,0,0,0,0,0,0,2559156,1278015,0,262144,6535356,169696817,0,0,1026,1025,1570382425,0,0,0,0,0,0,0,0,0,0,0,0,1578890557,0,13999,1857070,1435431147,22701,0,0,98992493,0,0,0,0,0,0,0,0,0,0,0,0,0,0,0,0,0,0,0,14582,0,0,0,0,0,0,0,0,0,0,0,0,0,0,0,0,0,0,0,0,0,0,0,0,45708,4050,22696,18646,18646,0,0,3322,0,0,19,0,0,0,0,0,0,0,1,0,1,0,0,0,0,0,0,0,0,0,0,0,0,0,0,0,0,0,0,0,0,714,24,0
1774383390.001310,1310,ubuntu-rog,1,0,0,8486848,0,2874143,3930249,497827,0,12,0,0,0,0,0,1551612015,0,0,4907,1552762651,0,0,2874143,3930249,497827,0,244549,144113,0,0,0,0,0,0,0,0,0,0,2868090,102666,4434432,12,0,0,6367,0,0,0,0,0,0,0,36650010,34035381,0,0,89759,89759,15328,16453,0,0,0,0,0,0,0,0,0,2559157,1278016,0,262144,6535356,169696817,0,0,1026,1025,1570382446,0,0,0,0,0,0,0,0,0,0,0,0,1578890578,0,13999,1857070,1435431147,22701,0,0,98992493,0,0,0,0,0,0,0,0,0,0,0,0,0,0,0,0,0,0,0,14582,0,0,0,0,0,0,0,0,0,0,0,0,0,0,0,0,0,0,0,0,0,0,0,0,45708,4050,22696,18646,18646,0,0,3322,0,0,19,0,0,0,0,0,0,0,1,0,1,0,0,0,0,0,0,0,0,0,0,0,0,0,0,0,0,0,0,0,0,714,24,0
1774383391.002153,2153,ubuntu-rog,1,0,0,8486848,0,2874143,3930249,497827,0,12,0,0,0,0,0,1551612042,0,0,4907,1552762678,0,0,2874143,3930249,497827,0,244549,144113,0,0,0,0,0,0,0,0,0,0,2868090,102666,4434432,12,0,0,6367,0,0,0,0,0,0,0,36650010,34035381,0,0,89759,89759,15328,16453,0,0,0,0,0,0,0,0,0,2559157,1278016,0,262144,6535356,169696817,0,0,1026,1025,1570382473,0,0,0,0,0,0,0,0,0,0,0,0,1578890605,0,13999,1857070,1435431147,22701,0,0,98992493,0,0,0,0,0,0,0,0,0,0,0,0,0,0,0,0,0,0,0,14582,0,0,0,0,0,0,0,0,0,0,0,0,0,0,0,0,0,0,0,0,0,0,0,0,45708,4050,22696,18646,18646,0,0,3322,0,0,19,0,0,0,0,0,0,0,1,0,1,0,0,0,0,0,0,0,0,0,0,0,0,0,0,0,0,0,0,0,0,714,24,0
1774383392.001163,1163,ubuntu-rog,1,0,0,8486848,0,2874143,3930249,497827,0,12,0,0,0,0,0,1551612072,0,0,4907,1552762708,0,0,2874143,3930249,497827,0,244549,144113,0,0,0,0,0,0,0,0,0,0,2868090,102666,4434432,12,0,0,6367,0,0,0,0,0,0,0,36650010,34035381,0,0,89759,89759,15328,16453,0,0,0,0,0,0,0,0,0,2559157,1278016,0,262144,6535356,169696817,0,0,1026,1025,1570382503,0,0,0,0,0,0,0,0,0,0,0,0,1578890635,0,13999,1857070,1435431147,22701,0,0,98992493,0,0,0,0,0,0,0,0,0,0,0,0,0,0,0,0,0,0,0,14582,0,0,0,0,0,0,0,0,0,0,0,0,0,0,0,0,0,0,0,0,0,0,0,0,45708,4050,22696,18646,18646,0,0,3322,0,0,19,0,0,0,0,0,0,0,1,0,1,0,0,0,0,0,0,0,0,0,0,0,0,0,0,0,0,0,0,0,0,714,24,0
1774383393.001264,1264,ubuntu-rog,1,0,0,8486848,0,2874143,3930249,497827,0,13,0,0,0,0,0,1551612099,0,0,4907,1552762735,0,0,2874143,3930249,497827,0,244549,144113,0,0,0,0,0,0,0,0,0,0,2868090,102666,4434433,13,0,0,6367,0,0,0,0,0,0,0,36650011,34035381,0,0,89759,89759,15328,16453,0,0,0,0,0,0,0,0,0,2559157,1278016,0,262144,6535356,169696845,0,0,1026,1025,1570382530,0,0,0,0,0,0,0,0,0,0,0,0,1578890659,0,13999,1857070,1435431147,22701,0,0,98992493,0,0,0,0,0,0,0,0,0,0,0,0,0,0,0,0,0,0,0,14582,0,0,0,0,0,0,0,0,0,0,0,0,0,0,0,0,0,0,0,0,0,0,0,0,45708,4050,22696,18646,18646,0,0,3322,0,0,19,0,0,0,0,0,0,0,1,0,1,0,0,0,0,0,0,0,0,0,0,0,0,0,0,0,0,0,0,0,0,714,24,0
1774383394.001300,1300,ubuntu-rog,1,0,0,8486848,0,2874167,3930256,497827,0,14,0,0,0,0,0,1551612129,0,0,4907,1552762765,0,0,2874167,3930256,497827,0,244549,144113,0,0,0,0,0,0,0,0,0,0,2868090,102666,4434435,14,0,0,6367,0,0,0,0,0,0,0,36650012,34035381,0,0,89759,89759,15328,16453,0,0,0,0,0,0,0,0,0,2559158,1278016,0,262144,6535356,169696845,0,0,1026,1025,1570382560,0,0,0,0,0,0,0,0,0,0,0,0,1578890689,0,13999,1857070,1435431147,22701,0,0,98992493,0,0,0,0,0,0,0,0,0,0,0,0,0,0,0,0,0,0,0,14582,0,0,0,0,0,0,0,0,0,0,0,0,0,0,0,0,0,0,0,0,0,0,0,0,45708,4050,22696,18646,18646,0,0,3322,0,0,19,0,0,0,0,0,0,0,1,0,1,0,0,0,0,0,0,0,0,0,0,0,0,0,0,0,0,0,0,0,0,714,24,0
1774383395.002303,2303,ubuntu-rog,1,0,0,8486848,0,2874167,3930256,497827,0,16,0,0,0,0,0,1551612159,0,0,4907,1552762795,0,0,2874167,3930256,497827,0,244549,144113,0,0,0,0,0,0,0,0,0,0,2868090,102666,4434436,16,0,0,6367,0,0,0,0,0,0,0,36650014,34035381,0,0,89759,89759,15328,16453,0,0,0,0,0,0,0,0,0,2559158,1278016,0,262144,6535356,169696845,0,0,1026,1025,1570382590,0,0,0,0,0,0,0,0,0,0,0,0,1578890718,0,13999,1857070,1435431147,22701,0,0,98992493,0,0,0,0,0,0,0,0,0,0,0,0,0,0,0,0,0,0,0,14582,0,0,0,0,0,0,0,0,0,0,0,0,0,0,0,0,0,0,0,0,0,0,0,0,45708,4050,22696,18646,18646,0,0,3322,0,0,19,0,0,0,0,0,0,0,1,0,1,0,0,0,0,0,0,0,0,0,0,0,0,0,0,0,0,0,0,0,0,714,24,0
1774383396.001159,1159,ubuntu-rog,1,0,0,8486848,0,2874167,3930256,497827,0,17,0,0,0,0,0,1551612184,0,0,4907,1552762820,0,0,2874167,3930256,497827,0,244549,144113,0,0,0,0,0,0,0,0,0,0,2868090,102666,4434437,17,0,0,6367,0,0,0,0,0,0,0,36650015,34035381,0,0,89759,89759,15328,16453,0,0,0,0,0,0,0,0,0,2559158,1278016,0,262144,6535356,169696845,0,0,1026,1025,1570382615,0,0,0,0,0,0,0,0,0,0,0,0,1578890742,0,13999,1857070,1435431147,22701,0,0,98992493,0,0,0,0,0,0,0,0,0,0,0,0,0,0,0,0,0,0,0,14582,0,0,0,0,0,0,0,0,0,0,0,0,0,0,0,0,0,0,0,0,0,0,0,0,45708,4050,22696,18646,18646,0,0,3322,0,0,19,0,0,0,0,0,0,0,1,0,1,0,0,0,0,0,0,0,0,0,0,0,0,0,0,0,0,0,0,0,0,714,24,0
1774383397.002158,2158,ubuntu-rog,1,0,0,8486848,0,2874167,3930256,497827,0,18,0,0,0,0,0,1551612213,0,0,4907,1552762849,0,0,2874167,3930256,497827,0,244549,144113,0,0,0,0,0,0,0,0,0,0,2868090,102666,4434438,18,0,0,6367,0,0,0,0,0,0,0,36650016,34035381,0,0,89759,89759,15328,16453,0,0,0,0,0,0,0,0,0,2559158,1278016,0,262144,6535356,169696845,0,0,1026,1025,1570382644,0,0,0,0,0,0,0,0,0,0,0,0,1578890770,0,13999,1857070,1435431147,22701,0,0,98992493,0,0,0,0,0,0,0,0,0,0,0,0,0,0,0,0,0,0,0,14582,0,0,0,0,0,0,0,0,0,0,0,0,0,0,0,0,0,0,0,0,0,0,0,0,45708,4050,22696,18646,18646,0,0,3322,0,0,19,0,0,0,0,0,0,0,1,0,1,0,0,0,0,0,0,0,0,0,0,0,0,0,0,0,0,0,0,0,0,714,24,0
1774383398.001261,1261,ubuntu-rog,1,0,0,8486848,0,2874167,3930256,497827,0,18,0,0,0,0,0,1551612244,0,0,4907,1552762880,0,0,2874167,3930256,497827,0,244549,144113,0,0,0,0,0,0,0,0,0,0,2868090,102666,4434438,18,0,0,6367,0,0,0,0,0,0,0,36650016,34035381,0,0,89759,89759,15328,16453,0,0,0,0,0,0,0,0,0,2559158,1278016,0,262144,6535356,169696865,0,0,1026,1025,1570382675,0,0,0,0,0,0,0,0,0,0,0,0,1578890801,0,13999,1857070,1435431147,22701,0,0,98992493,0,0,0,0,0,0,0,0,0,0,0,0,0,0,0,0,0,0,0,14582,0,0,0,0,0,0,0,0,0,0,0,0,0,0,0,0,0,0,0,0,0,0,0,0,45708,4050,22696,18646,18646,0,0,3322,0,0,19,0,0,0,0,0,0,0,1,0,1,0,0,0,0,0,0,0,0,0,0,0,0,0,0,0,0,0,0,0,0,714,24,0
1774383399.001297,1297,ubuntu-rog,1,0,0,8486848,0,2874177,3930258,497827,0,11,0,0,0,0,0,1551612276,0,0,4907,1552762912,0,0,2874177,3930258,497827,0,244549,144113,0,0,0,0,0,0,0,0,0,0,2868090,102666,4434438,11,0,0,6367,0,0,0,0,0,0,0,36650016,34035388,0,0,89759,89759,15328,16453,0,0,0,0,0,0,0,0,0,2559158,1278017,0,262144,6535356,169696881,0,0,1026,1025,1570382707,0,0,0,0,0,0,0,0,0,0,0,0,1578890832,0,13999,1857070,1435431147,22701,0,0,98992493,0,0,0,0,0,0,0,0,0,0,0,0,0,0,0,0,0,0,0,14582,0,0,0,0,0,0,0,0,0,0,0,0,0,0,0,0,0,0,0,0,0,0,0,0,45708,4050,22696,18646,18646,0,0,3322,0,0,19,0,0,0,0,0,0,0,1,0,1,0,0,0,0,0,0,0,0,0,0,0,0,0,0,0,0,0,0,0,0,714,24,0
1774383400.001306,1306,ubuntu-rog,1,0,0,8486848,0,2874177,3930258,497827,0,13,0,0,0,0,0,1551612307,0,0,4907,1552762943,0,0,2874177,3930258,497827,0,244549,144113,0,0,0,0,0,0,0,0,0,0,2868090,102666,4434440,13,0,0,6367,0,0,0,0,0,0,0,36650018,34035388,0,0,89759,89759,15328,16453,0,0,0,0,0,0,0,0,0,2559158,1278017,0,262144,6535356,169696881,0,0,1026,1025,1570382738,0,0,0,0,0,0,0,0,0,0,0,0,1578890862,0,13999,1857070,1435431147,22701,0,0,98992493,0,0,0,0,0,0,0,0,0,0,0,0,0,0,0,0,0,0,0,14582,0,0,0,0,0,0,0,0,0,0,0,0,0,0,0,0,0,0,0,0,0,0,0,0,45708,4050,22696,18646,18646,0,0,3322,0,0,19,0,0,0,0,0,0,0,1,0,1,0,0,0,0,0,0,0,0,0,0,0,0,0,0,0,0,0,0,0,0,714,24,0
1774383401.002159,2159,ubuntu-rog,1,0,0,8486848,0,2874177,3930258,497827,0,14,0,0,0,0,0,1551612330,0,0,4907,1552762966,0,0,2874177,3930258,497827,0,244549,144113,0,0,0,0,0,0,0,0,0,0,2868090,102666,4434441,14,0,0,6367,0,0,0,0,0,0,0,36650019,34035388,0,0,89759,89759,15328,16453,0,0,0,0,0,0,0,0,0,2559158,1278017,0,262144,6535356,169696881,0,0,1026,1025,1570382761,0,0,0,0,0,0,0,0,0,0,0,0,1578890884,0,13999,1857070,1435431147,22701,0,0,98992493,0,0,0,0,0,0,0,0,0,0,0,0,0,0,0,0,0,0,0,14582,0,0,0,0,0,0,0,0,0,0,0,0,0,0,0,0,0,0,0,0,0,0,0,0,45708,4050,22696,18646,18646,0,0,3322,0,0,19,0,0,0,0,0,0,0,1,0,1,0,0,0,0,0,0,0,0,0,0,0,0,0,0,0,0,0,0,0,0,714,24,0
1774383402.001158,1158,ubuntu-rog,1,0,0,8486848,0,2874177,3930258,497827,0,14,0,0,0,0,0,1551612357,0,0,4907,1552762993,0,0,2874177,3930258,497827,0,244549,144113,0,0,0,0,0,0,0,0,0,0,2868090,102666,4434441,14,0,0,6367,0,0,0,0,0,0,0,36650019,34035388,0,0,89759,89759,15328,16453,0,0,0,0,0,0,0,0,0,2559158,1278017,0,262144,6535356,169696881,0,0,1026,1025,1570382788,0,0,0,0,0,0,0,0,0,0,0,0,1578890911,0,13999,1857070,1435431147,22701,0,0,98992493,0,0,0,0,0,0,0,0,0,0,0,0,0,0,0,0,0,0,0,14582,0,0,0,0,0,0,0,0,0,0,0,0,0,0,0,0,0,0,0,0,0,0,0,0,45708,4050,22696,18646,18646,0,0,3322,0,0,19,0,0,0,0,0,0,0,1,0,1,0,0,0,0,0,0,0,0,0,0,0,0,0,0,0,0,0,0,0,0,714,24,0
1774383403.001264,1264,ubuntu-rog,1,0,0,8486848,0,2874177,3930258,497827,0,15,0,0,0,0,0,1551612386,0,0,4907,1552763022,0,0,2874177,3930258,497827,0,244549,144113,0,0,0,0,0,0,0,0,0,0,2868090,102666,4434442,15,0,0,6367,0,0,0,0,0,0,0,36650020,34035388,0,0,89759,89759,15328,16453,0,0,0,0,0,0,0,0,0,2559158,1278017,0,262144,6535356,169696881,0,0,1026,1025,1570382817,0,0,0,0,0,0,0,0,0,0,0,0,1578890939,0,13999,1857070,1435431147,22701,0,0,98992493,0,0,0,0,0,0,0,0,0,0,0,0,0,0,0,0,0,0,0,14582,0,0,0,0,0,0,0,0,0,0,0,0,0,0,0,0,0,0,0,0,0,0,0,0,45708,4050,22696,18646,18646,0,0,3322,0,0,19,0,0,0,0,0,0,0,1,0,1,0,0,0,0,0,0,0,0,0,0,0,0,0,0,0,0,0,0,0,0,714,24,0
1774383404.001311,1311,ubuntu-rog,1,0,0,8486848,0,2874177,3930258,497827,0,15,0,0,0,0,0,1551612425,0,0,4907,1552763061,0,0,2874177,3930258,497827,0,244549,144113,0,0,0,0,0,0,0,0,0,0,2868090,102666,4434442,15,0,0,6367,0,0,0,0,0,0,0,36650020,34035388,0,0,89759,89759,15328,16453,0,0,0,0,0,0,0,0,0,2559158,1278017,0,262144,6535356,169696897,0,0,1026,1025,1570382856,0,0,0,0,0,0,0,0,0,0,0,0,1578890976,0,13999,1857070,1435431147,22701,0,0,98992493,0,0,0,0,0,0,0,0,0,0,0,0,0,0,0,0,0,0,0,14582,0,0,0,0,0,0,0,0,0,0,0,0,0,0,0,0,0,0,0,0,0,0,0,0,45708,4050,22696,18646,18646,0,0,3322,0,0,19,0,0,0,0,0,0,0,1,0,1,0,0,0,0,0,0,0,0,0,0,0,0,0,0,0,0,0,0,0,0,714,24,0
1774383405.002295,2295,ubuntu-rog,1,0,0,8486848,0,2874187,3930258,497827,0,11,0,0,0,0,0,1551612463,0,0,4907,1552763099,0,0,2874187,3930258,497827,0,244549,144113,0,0,0,0,0,0,0,0,0,0,2868090,102666,4434444,11,0,0,6367,0,0,0,0,0,0,0,36650020,34035392,0,0,89759,89759,15328,16453,0,0,0,0,0,0,0,0,0,2559158,1278017,0,262144,6535356,169696913,0,0,1026,1025,1570382894,0,0,0,0,0,0,0,0,0,0,0,0,1578891014,0,13999,1857070,1435431147,22701,0,0,98992493,0,0,0,0,0,0,0,0,0,0,0,0,0,0,0,0,0,0,0,14582,0,0,0,0,0,0,0,0,0,0,0,0,0,0,0,0,0,0,0,0,0,0,0,0,45708,4050,22696,18646,18646,0,0,3322,0,0,19,0,0,0,0,0,0,0,1,0,1,0,0,0,0,0,0,0,0,0,0,0,0,0,0,0,0,0,0,0,0,714,24,0
1774383406.001162,1162,ubuntu-rog,1,0,0,8486848,0,2874187,3930258,497827,0,11,0,0,0,0,0,1551612495,0,0,4907,1552763131,0,0,2874187,3930258,497827,0,244549,144113,0,0,0,0,0,0,0,0,0,0,2868090,102666,4434444,11,0,0,6367,0,0,0,0,0,0,0,36650020,34035392,0,0,89759,89759,15328,16453,0,0,0,0,0,0,0,0,0,2559158,1278017,0,262144,6535356,169696913,0,0,1026,1025,1570382926,0,0,0,0,0,0,0,0,0,0,0,0,1578891046,0,13999,1857070,1435431147,22701,0,0,98992493,0,0,0,0,0,0,0,0,0,0,0,0,0,0,0,0,0,0,0,14582,0,0,0,0,0,0,0,0,0,0,0,0,0,0,0,0,0,0,0,0,0,0,0,0,45708,4050,22696,18646,18646,0,0,3322,0,0,19,0,0,0,0,0,0,0,1,0,1,0,0,0,0,0,0,0,0,0,0,0,0,0,0,0,0,0,0,0,0,714,24,0
1774383407.001160,1160,ubuntu-rog,1,0,0,8486848,0,2874187,3930258,497827,0,12,0,0,0,0,0,1551612527,0,0,4907,1552763163,0,0,2874187,3930258,497827,0,244549,144113,0,0,0,0,0,0,0,0,0,0,2868090,102666,4434445,12,0,0,6367,0,0,0,0,0,0,0,36650021,34035392,0,0,89759,89759,15328,16453,0,0,0,0,0,0,0,0,0,2559158,1278017,0,262144,6535356,169696913,0,0,1026,1025,1570382958,0,0,0,0,0,0,0,0,0,0,0,0,1578891077,0,13999,1857070,1435431147,22701,0,0,98992493,0,0,0,0,0,0,0,0,0,0,0,0,0,0,0,0,0,0,0,14582,0,0,0,0,0,0,0,0,0,0,0,0,0,0,0,0,0,0,0,0,0,0,0,0,45708,4050,22696,18646,18646,0,0,3322,0,0,19,0,0,0,0,0,0,0,1,0,1,0,0,0,0,0,0,0,0,0,0,0,0,0,0,0,0,0,0,0,0,714,24,0
1774383408.001270,1270,ubuntu-rog,1,0,0,8486848,0,2874216,3930260,497827,0,13,0,0,0,0,0,1551612559,0,0,4907,1552763195,0,0,2874216,3930260,497827,0,244549,144113,0,0,0,0,0,0,0,0,0,0,2868090,102666,4434446,13,0,0,6367,0,0,0,0,0,0,0,36650022,34035392,0,0,89759,89759,15328,16453,0,0,0,0,0,0,0,0,0,2559159,1278017,0,262144,6535356,169696913,0,0,1026,1025,1570382990,0,0,0,0,0,0,0,0,0,0,0,0,1578891108,0,13999,1857070,1435431147,22701,0,0,98992493,0,0,0,0,0,0,0,0,0,0,0,0,0,0,0,0,0,0,0,14582,0,0,0,0,0,0,0,0,0,0,0,0,0,0,0,0,0,0,0,0,0,0,0,0,45708,4050,22696,18646,18646,0,0,3322,0,0,19,0,0,0,0,0,0,0,1,0,1,0,0,0,0,0,0,0,0,0,0,0,0,0,0,0,0,0,0,0,0,714,24,0
1774383409.002290,2290,ubuntu-rog,1,0,0,8486848,0,2874216,3930260,497827,0,13,0,0,0,0,0,1551612589,0,0,4907,1552763225,0,0,2874216,3930260,497827,0,244549,144113,0,0,0,0,0,0,0,0,0,0,2868090,102666,4434446,13,0,0,6367,0,0,0,0,0,0,0,36650022,34035392,0,0,89759,89759,15328,16453,0,0,0,0,0,0,0,0,0,2559159,1278017,0,262144,6535356,169696941,0,0,1026,1025,1570383020,0,0,0,0,0,0,0,0,0,0,0,0,1578891137,0,13999,1857070,1435431147,22701,0,0,98992493,0,0,0,0,0,0,0,0,0,0,0,0,0,0,0,0,0,0,0,14582,0,0,0,0,0,0,0,0,0,0,0,0,0,0,0,0,0,0,0,0,0,0,0,0,45708,4050,22696,18646,18646,0,0,3322,0,0,19,0,0,0,0,0,0,0,1,0,1,0,0,0,0,0,0,0,0,0,0,0,0,0,0,0,0,0,0,0,0,714,24,0
1774383410.001308,1308,ubuntu-rog,1,0,0,8486848,0,2874216,3930260,497827,0,19,0,0,0,0,0,1551612610,0,0,4907,1552763246,0,0,2874216,3930260,497827,0,244549,144113,0,0,0,0,0,0,0,0,0,0,2868090,102666,4434449,19,0,0,6367,0,0,0,0,0,0,0,36650028,34035392,0,0,89759,89759,15328,16453,0,0,0,0,0,0,0,0,0,2559159,1278017,0,262144,6535356,169696941,0,0,1026,1025,1570383041,0,0,0,0,0,0,0,0,0,0,0,0,1578891156,0,13999,1857070,1435431147,22701,0,0,98992493,0,0,0,0,0,0,0,0,0,0,0,0,0,0,0,0,0,0,0,14582,0,0,0,0,0,0,0,0,0,0,0,0,0,0,0,0,0,0,0,0,0,0,0,0,45708,4050,22696,18646,18646,0,0,3322,0,0,19,0,0,0,0,0,0,0,1,0,1,0,0,0,0,0,0,0,0,0,0,0,0,0,0,0,0,0,0,0,0,714,24,0
1774383411.001157,1157,ubuntu-rog,1,0,0,8486848,0,2874216,3930260,497827,0,19,0,0,0,0,0,1551612639,0,0,4907,1552763275,0,0,2874216,3930260,497827,0,244549,144110,0,0,0,0,0,0,0,0,0,0,2868090,102666,4434449,19,0,0,6367,0,0,0,0,0,0,0,36650028,34035392,0,0,89759,89759,15328,16453,0,0,0,0,0,0,0,0,0,2559159,1278017,0,262144,6535356,169696941,0,0,1026,1025,1570383070,0,0,0,0,0,0,0,0,0,0,0,0,1578891188,0,13999,1857070,1435431147,22701,0,0,98992493,0,0,0,0,0,0,0,0,0,0,0,0,0,0,0,0,0,0,0,14582,0,0,0,0,0,0,0,0,0,0,0,0,0,0,0,0,0,0,0,0,0,0,0,0,45708,4050,22696,18646,18646,0,0,3322,0,0,19,0,0,0,0,0,0,0,1,0,1,0,0,0,0,0,0,0,0,0,0,0,0,0,0,0,0,0,0,0,0,714,24,0
1774383412.001105,1105,ubuntu-rog,1,0,0,8486848,0,2874216,3930260,497827,0,19,0,0,0,0,0,1551612671,0,0,4907,1552763307,0,0,2874216,3930260,497827,0,244549,144110,0,0,0,0,0,0,0,0,0,0,2868090,102666,4434449,19,0,0,6367,0,0,0,0,0,0,0,36650028,34035392,0,0,89759,89759,15328,16453,0,0,0,0,0,0,0,0,0,2559159,1278017,0,262144,6535356,169696941,0,0,1026,1025,1570383102,0,0,0,0,0,0,0,0,0,0,0,0,1578891220,0,13999,1857070,1435431147,22701,0,0,98992493,0,0,0,0,0,0,0,0,0,0,0,0,0,0,0,0,0,0,0,14582,0,0,0,0,0,0,0,0,0,0,0,0,0,0,0,0,0,0,0,0,0,0,0,0,45708,4050,22696,18646,18646,0,0,3322,0,0,19,0,0,0,0,0,0,0,1,0,1,0,0,0,0,0,0,0,0,0,0,0,0,0,0,0,0,0,0,0,0,714,24,0
1774383413.002255,2255,ubuntu-rog,1,0,0,8486848,0,2874216,3930260,497827,0,19,0,0,0,0,0,1551612705,0,0,4907,1552763341,0,0,2874216,3930260,497827,0,244549,144110,0,0,0,0,0,0,0,0,0,0,2868090,102666,4434449,19,0,0,6367,0,0,0,0,0,0,0,36650028,34035392,0,0,89759,89759,15328,16453,0,0,0,0,0,0,0,0,0,2559159,1278017,0,262144,6535356,169696941,0,0,1026,1025,1570383136,0,0,0,0,0,0,0,0,0,0,0,0,1578891254,0,13999,1857070,1435431147,22701,0,0,98992493,0,0,0,0,0,0,0,0,0,0,0,0,0,0,0,0,0,0,0,14582,0,0,0,0,0,0,0,0,0,0,0,0,0,0,0,0,0,0,0,0,0,0,0,0,45708,4050,22696,18646,18646,0,0,3322,0,0,19,0,0,0,0,0,0,0,1,0,1,0,0,0,0,0,0,0,0,0,0,0,0,0,0,0,0,0,0,0,0,714,24,0
1774383414.001296,1296,ubuntu-rog,1,0,0,8486848,0,2874216,3930260,497827,0,21,0,0,0,0,0,1551612738,0,0,4907,1552763374,0,0,2874216,3930260,497827,0,244549,144110,0,0,0,0,0,0,0,0,0,0,2868090,102666,4434451,21,0,0,6367,0,0,0,0,0,0,0,36650030,34035392,0,0,89759,89759,15328,16453,0,0,0,0,0,0,0,0,0,2559159,1278017,0,262144,6535356,169696957,0,0,1026,1025,1570383169,0,0,0,0,0,0,0,0,0,0,0,0,1578891284,0,13999,1857070,1435431147,22701,0,0,98992493,0,0,0,0,0,0,0,0,0,0,0,0,0,0,0,0,0,0,0,14582,0,0,0,0,0,0,0,0,0,0,0,0,0,0,0,0,0,0,0,0,0,0,0,0,45708,4050,22696,18646,18646,0,0,3322,0,0,19,0,0,0,0,0,0,0,1,0,1,0,0,0,0,0,0,0,0,0,0,0,0,0,0,0,0,0,0,0,0,714,24,0
1774383415.001295,1295,ubuntu-rog,1,0,0,8486848,0,2874216,3930260,497827,0,21,0,0,0,0,0,1551612763,0,0,4907,1552763399,0,0,2874216,3930260,497827,0,244549,144110,0,0,0,0,0,0,0,0,0,0,2868090,102666,4434452,21,0,0,6367,0,0,0,0,0,0,0,36650030,34035392,0,0,89759,89759,15280,16453,0,0,0,0,0,0,0,0,0,2559159,1278017,0,262144,6535356,169696957,0,0,1026,1025,1570383194,0,0,0,0,0,0,0,0,0,0,0,0,1578891317,0,13999,1857070,1435431147,22701,0,0,98992493,0,0,0,0,0,0,0,0,0,0,0,0,0,0,0,0,0,0,0,14582,0,0,0,0,0,0,0,0,0,0,0,0,0,0,0,0,0,0,0,0,0,0,0,0,45708,4050,22696,18646,18646,0,0,3322,0,0,19,0,0,0,0,0,0,0,1,0,1,0,0,0,0,0,0,0,0,0,0,0,0,0,0,0,0,0,0,0,0,714,24,0
1774383416.001155,1155,ubuntu-rog,1,0,0,8486848,0,2874216,3930260,497827,0,21,0,0,0,0,0,1551612791,0,0,4907,1552763427,0,0,2874216,3930260,497827,0,244549,144110,0,0,0,0,0,0,0,0,0,0,2868090,102666,4434452,21,0,0,6367,0,0,0,0,0,0,0,36650030,34035392,0,0,89759,89759,15280,16453,0,0,0,0,0,0,0,0,0,2559159,1278017,0,262144,6535356,169696957,0,0,1026,1025,1570383222,0,0,0,0,0,0,0,0,0,0,0,0,1578891345,0,13999,1857070,1435431147,22701,0,0,98992493,0,0,0,0,0,0,0,0,0,0,0,0,0,0,0,0,0,0,0,14582,0,0,0,0,0,0,0,0,0,0,0,0,0,0,0,0,0,0,0,0,0,0,0,0,45708,4050,22696,18646,18646,0,0,3322,0,0,19,0,0,0,0,0,0,0,1,0,1,0,0,0,0,0,0,0,0,0,0,0,0,0,0,0,0,0,0,0,0,714,24,0
1774383417.002153,2153,ubuntu-rog,1,0,0,8486848,0,2874216,3930260,497827,0,22,0,0,0,0,0,1551612822,0,0,4907,1552763458,0,0,2874216,3930260,497827,0,244549,144110,0,0,0,0,0,0,0,0,0,0,2868090,102666,4434453,22,0,0,6367,0,0,0,0,0,0,0,36650031,34035392,0,0,89759,89759,15280,16453,0,0,0,0,0,0,0,0,0,2559159,1278017,0,262144,6535356,169696957,0,0,1026,1025,1570383253,0,0,0,0,0,0,0,0,0,0,0,0,1578891375,0,13999,1857070,1435431147,22701,0,0,98992493,0,0,0,0,0,0,0,0,0,0,0,0,0,0,0,0,0,0,0,14582,0,0,0,0,0,0,0,0,0,0,0,0,0,0,0,0,0,0,0,0,0,0,0,0,45708,4050,22696,18646,18646,0,0,3322,0,0,19,0,0,0,0,0,0,0,1,0,1,0,0,0,0,0,0,0,0,0,0,0,0,0,0,0,0,0,0,0,0,714,24,0
1774383418.001257,1257,ubuntu-rog,1,0,0,8486848,0,2874216,3930260,497827,0,22,0,0,0,0,0,1551612845,0,0,4907,1552763481,0,0,2874216,3930260,497827,0,244549,144110,0,0,0,0,0,0,0,0,0,0,2868090,102666,4434453,22,0,0,6367,0,0,0,0,0,0,0,36650031,34035392,0,0,89759,89759,15280,16453,0,0,0,0,0,0,0,0,0,2559159,1278017,0,262144,6535356,169696957,0,0,1026,1025,1570383276,0,0,0,0,0,0,0,0,0,0,0,0,1578891398,0,13999,1857070,1435431147,22701,0,0,98992493,0,0,0,0,0,0,0,0,0,0,0,0,0,0,0,0,0,0,0,14582,0,0,0,0,0,0,0,0,0,0,0,0,0,0,0,0,0,0,0,0,0,0,0,0,45708,4050,22696,18646,18646,0,0,3322,0,0,19,0,0,0,0,0,0,0,1,0,1,0,0,0,0,0,0,0,0,0,0,0,0,0,0,0,0,0,0,0,0,714,24,0
1774383419.001289,1289,ubuntu-rog,1,0,0,8486848,0,2874216,3930260,497827,0,22,0,0,0,0,0,1551612879,0,0,4907,1552763515,0,0,2874216,3930260,497827,0,244549,144110,0,0,0,0,0,0,0,0,0,0,2868090,102666,4434453,22,0,0,6367,0,0,0,0,0,0,0,36650031,34035392,0,0,89759,89759,15280,16453,0,0,0,0,0,0,0,0,0,2559159,1278017,0,262144,6535356,169696973,0,0,1026,1025,1570383310,0,0,0,0,0,0,0,0,0,0,0,0,1578891431,0,13999,1857070,1435431147,22701,0,0,98992493,0,0,0,0,0,0,0,0,0,0,0,0,0,0,0,0,0,0,0,14582,0,0,0,0,0,0,0,0,0,0,0,0,0,0,0,0,0,0,0,0,0,0,0,0,45708,4050,22696,18646,18646,0,0,3322,0,0,19,0,0,0,0,0,0,0,1,0,1,0,0,0,0,0,0,0,0,0,0,0,0,0,0,0,0,0,0,0,0,714,24,0
1774383420.001300,1300,ubuntu-rog,1,0,0,8486848,0,2874216,3930260,497827,0,24,0,0,0,0,0,1551612912,0,0,4907,1552763548,0,0,2874216,3930260,497827,0,244549,144110,0,0,0,0,0,0,0,0,0,0,2868090,102666,4434456,24,0,0,6367,0,0,0,0,0,0,0,36650033,34035392,0,0,89759,89759,15280,16453,0,0,0,0,0,0,0,0,0,2559159,1278017,0,262144,6535356,169697021,0,0,1026,1025,1570383343,0,0,0,0,0,0,0,0,0,0,0,0,1578891463,0,13999,1857070,1435431147,22701,0,0,98992493,0,0,0,0,0,0,0,0,0,0,0,0,0,0,0,0,0,0,0,14582,0,0,0,0,0,0,0,0,0,0,0,0,0,0,0,0,0,0,0,0,0,0,0,0,45708,4050,22696,18646,18646,0,0,3322,0,0,19,0,0,0,0,0,0,0,1,0,1,0,0,0,0,0,0,0,0,0,0,0,0,0,0,0,0,0,0,0,0,714,24,0
1774383421.002154,2154,ubuntu-rog,1,0,0,8486848,0,2874216,3930260,497827,0,12,0,0,0,0,0,1551612934,0,0,4907,1552763570,0,0,2874216,3930260,497827,0,244549,144110,0,0,0,0,0,0,0,0,0,0,2868090,102666,4434456,12,0,0,6367,0,0,0,0,0,0,0,36650033,34035404,0,0,89759,89759,15280,16453,0,0,0,0,0,0,0,0,0,2559159,1278017,0,262144,6535356,169697021,0,0,1026,1025,1570383365,0,0,0,0,0,0,0,0,0,0,0,0,1578891485,0,13999,1857070,1435431147,22701,0,0,98992493,0,0,0,0,0,0,0,0,0,0,0,0,0,0,0,0,0,0,0,14582,0,0,0,0,0,0,0,0,0,0,0,0,0,0,0,0,0,0,0,0,0,0,0,0,45708,4050,22696,18646,18646,0,0,3322,0,0,19,0,0,0,0,0,0,0,1,0,1,0,0,0,0,0,0,0,0,0,0,0,0,0,0,0,0,0,0,0,0,714,24,0
1774383422.001158,1158,ubuntu-rog,1,0,0,8484983,0,2874285,3930265,497827,0,69,0,0,0,0,0,1551613379,0,0,4907,1552764015,0,0,2874285,3930265,497827,0,244549,144110,0,0,0,0,0,0,0,0,0,0,2868090,102667,4434459,69,0,0,6367,0,0,0,0,0,0,0,36650091,34035405,0,0,89759,89759,15280,16453,0,0,0,0,0,0,0,0,0,2558787,1277831,0,262144,6535356,169697081,0,0,1026,1025,1570383810,0,0,0,0,0,0,0,0,0,0,0,0,1578891895,0,13999,1857070,1435431856,22701,0,0,98992613,0,0,0,0,0,0,0,0,0,0,0,0,0,0,0,0,0,0,0,14582,0,0,0,0,0,0,0,0,0,0,0,0,0,0,0,0,0,0,0,0,0,0,0,0,45708,4050,22696,18646,18646,0,0,3322,0,0,19,0,0,0,0,0,0,0,1,0,1,0,0,0,0,0,0,0,0,0,0,0,0,0,0,0,0,0,0,0,0,714,24,0
1774383423.001255,1255,ubuntu-rog,1,0,0,8485263,0,2874285,3930265,497827,0,69,0,0,0,0,0,1551613409,0,0,4907,1552764045,0,0,2874285,3930265,497827,0,244549,144110,0,0,0,0,0,0,0,0,0,0,2868090,102667,4434459,69,0,0,6367,0,0,0,0,0,0,0,36650091,34035405,0,0,89759,89759,15280,16453,0,0,0,0,0,0,0,0,0,2558843,1277859,0,262144,6535356,169697081,0,0,1026,1025,1570383840,0,0,0,0,0,0,0,0,0,0,0,0,1578891925,0,13999,1857070,1435431856,22701,0,0,98992613,0,0,0,0,0,0,0,0,0,0,0,0,0,0,0,0,0,0,0,14582,0,0,0,0,0,0,0,0,0,0,0,0,0,0,0,0,0,0,0,0,0,0,0,0,45708,4050,22696,18646,18646,0,0,3322,0,0,19,0,0,0,0,0,0,0,1,0,1,0,0,0,0,0,0,0,0,0,0,0,0,0,0,0,0,0,0,0,0,714,24,0
1774383424.001290,1290,ubuntu-rog,1,0,0,8485550,0,2874285,3930265,497827,0,71,0,0,0,0,0,1551613438,0,0,4907,1552764074,0,0,2874285,3930265,497827,0,244549,144110,0,0,0,0,0,0,0,0,0,0,2868090,102667,4434460,71,0,0,6367,0,0,0,0,0,0,0,36650093,34035405,0,0,89759,89759,15280,16453,0,0,0,0,0,0,0,0,0,2558900,1277888,0,262144,6535356,169697081,0,0,1026,1025,1570383869,0,0,0,0,0,0,0,0,0,0,0,0,1578891953,0,13999,1857070,1435431856,22701,0,0,98992613,0,0,0,0,0,0,0,0,0,0,0,0,0,0,0,0,0,0,0,14582,0,0,0,0,0,0,0,0,0,0,0,0,0,0,0,0,0,0,0,0,0,0,0,0,45708,4050,22696,18646,18646,0,0,3322,0,0,19,0,0,0,0,0,0,0,1,0,1,0,0,0,0,0,0,0,0,0,0,0,0,0,0,0,0,0,0,0,0,714,24,0
1774383425.002286,2286,ubuntu-rog,1,0,0,8485701,0,2874285,3930265,497827,0,71,0,0,0,0,0,1551613468,0,0,4907,1552764104,0,0,2874285,3930265,497827,0,244549,144110,0,0,0,0,0,0,0,0,0,0,2868090,102667,4434460,71,0,0,6367,0,0,0,0,0,0,0,36650093,34035405,0,0,89759,89759,15280,16453,0,0,0,0,0,0,0,0,0,2558930,1277903,0,262144,6535356,169697105,0,0,1026,1025,1570383899,0,0,0,0,0,0,0,0,0,0,0,0,1578891983,0,13999,1857070,1435431856,22701,0,0,98992613,0,0,0,0,0,0,0,0,0,0,0,0,0,0,0,0,0,0,0,14582,0,0,0,0,0,0,0,0,0,0,0,0,0,0,0,0,0,0,0,0,0,0,0,0,45708,4050,22696,18646,18646,0,0,3322,0,0,19,0,0,0,0,0,0,0,1,0,1,0,0,0,0,0,0,0,0,0,0,0,0,0,0,0,0,0,0,0,0,714,24,0
1774383426.001161,1161,ubuntu-rog,1,0,0,8485741,0,2874285,3930265,497827,0,67,0,0,0,0,0,1551613495,0,0,4907,1552764131,0,0,2874285,3930265,497827,0,244549,144110,0,0,0,0,0,0,0,0,0,0,2868090,102667,4434461,67,0,0,6367,0,0,0,0,0,0,0,36650095,34035411,0,0,89759,89759,15280,16453,0,0,0,0,0,0,0,0,0,2558938,1277907,0,262144,6535356,169697105,0,0,1026,1025,1570383926,0,0,0,0,0,0,0,0,0,0,0,0,1578892009,0,13999,1857070,1435431857,22701,0,0,98992614,0,0,0,0,0,0,0,0,0,0,0,0,0,0,0,0,0,0,0,14582,0,0,0,0,0,0,0,0,0,0,0,0,0,0,0,0,0,0,0,0,0,0,0,0,45708,4050,22696,18646,18646,0,0,3322,0,0,19,0,0,0,0,0,0,0,1,0,1,0,0,0,0,0,0,0,0,0,0,0,0,0,0,0,0,0,0,0,0,714,24,0
1774383427.001157,1157,ubuntu-rog,1,0,0,8485741,0,2874285,3930265,497827,0,68,0,0,0,0,0,1551613523,0,0,4907,1552764159,0,0,2874285,3930265,497827,0,244549,144110,0,0,0,0,0,0,0,0,0,0,2868090,102667,4434462,68,0,0,6367,0,0,0,0,0,0,0,36650096,34035411,0,0,89759,89759,15280,16453,0,0,0,0,0,0,0,0,0,2558938,1277907,0,262144,6535356,169697161,0,0,1026,1025,1570383954,0,0,0,0,0,0,0,0,0,0,0,0,1578892036,0,13999,1857070,1435431857,22701,0,0,98992614,0,0,0,0,0,0,0,0,0,0,0,0,0,0,0,0,0,0,0,14582,0,0,0,0,0,0,0,0,0,0,0,0,0,0,0,0,0,0,0,0,0,0,0,0,45708,4050,22696,18646,18646,0,0,3322,0,0,19,0,0,0,0,0,0,0,1,0,1,0,0,0,0,0,0,0,0,0,0,0,0,0,0,0,0,0,0,0,0,714,24,0
1774383428.001255,1255,ubuntu-rog,1,0,0,8485741,0,2874285,3930265,497827,0,70,0,0,0,0,0,1551613554,0,0,4907,1552764190,0,0,2874285,3930265,497827,0,244549,144110,0,0,0,0,0,0,0,0,0,0,2868090,102667,4434462,70,0,0,6367,0,0,0,0,0,0,0,36650098,34035411,0,0,89759,89759,15280,16453,0,0,0,0,0,0,0,0,0,2558938,1277907,0,262144,6535356,169697161,0,0,1026,1025,1570383985,0,0,0,0,0,0,0,0,0,0,0,0,1578892067,0,13999,1857070,1435431857,22701,0,0,98992614,0,0,0,0,0,0,0,0,0,0,0,0,0,0,0,0,0,0,0,14582,0,0,0,0,0,0,0,0,0,0,0,0,0,0,0,0,0,0,0,0,0,0,0,0,45708,4050,22696,18646,18646,0,0,3322,0,0,19,0,0,0,0,0,0,0,1,0,1,0,0,0,0,0,0,0,0,0,0,0,0,0,0,0,0,0,0,0,0,714,24,0
1774383429.002284,2284,ubuntu-rog,1,0,0,8485741,0,2874285,3930265,497827,0,70,0,0,0,0,0,1551613578,0,0,4907,1552764214,0,0,2874285,3930265,497827,0,244549,144110,0,0,0,0,0,0,0,0,0,0,2868090,102667,4434462,70,0,0,6367,0,0,0,0,0,0,0,36650098,34035411,0,0,89759,89759,15280,16453,0,0,0,0,0,0,0,0,0,2558938,1277907,0,262144,6535356,169697161,0,0,1026,1025,1570384009,0,0,0,0,0,0,0,0,0,0,0,0,1578892091,0,13999,1857070,1435431857,22701,0,0,98992614,0,0,0,0,0,0,0,0,0,0,0,0,0,0,0,0,0,0,0,14582,0,0,0,0,0,0,0,0,0,0,0,0,0,0,0,0,0,0,0,0,0,0,0,0,45708,4050,22696,18646,18646,0,0,3322,0,0,19,0,0,0,0,0,0,0,1,0,1,0,0,0,0,0,0,0,0,0,0,0,0,0,0,0,0,0,0,0,0,714,24,0
1774383430.001290,1290,ubuntu-rog,1,0,0,8485741,0,2874285,3930265,497827,0,70,0,0,0,0,0,1551613609,0,0,4907,1552764245,0,0,2874285,3930265,497827,0,244549,144110,0,0,0,0,0,0,0,0,0,0,2868090,102667,4434462,70,0,0,6367,0,0,0,0,0,0,0,36650098,34035411,0,0,89759,89759,15280,16453,0,0,0,0,0,0,0,0,0,2558938,1277907,0,262144,6535356,169697217,0,0,1026,1025,1570384040,0,0,0,0,0,0,0,0,0,0,0,0,1578892122,0,13999,1857070,1435431857,22701,0,0,98992614,0,0,0,0,0,0,0,0,0,0,0,0,0,0,0,0,0,0,0,14582,0,0,0,0,0,0,0,0,0,0,0,0,0,0,0,0,0,0,0,0,0,0,0,0,45708,4050,22696,18646,18646,0,0,3322,0,0,19,0,0,0,0,0,0,0,1,0,1,0,0,0,0,0,0,0,0,0,0,0,0,0,0,0,0,0,0,0,0,714,24,0
1774383431.001156,1156,ubuntu-rog,1,0,0,8485741,0,2874285,3930265,497827,0,56,0,0,0,0,0,1551613640,0,0,4907,1552764276,0,0,2874285,3930265,497827,0,244549,144110,0,0,0,0,0,0,0,0,0,0,2868090,102667,4434463,56,0,0,6367,0,0,0,0,0,0,0,36650099,34035426,0,0,89759,89759,15280,16453,0,0,0,0,0,0,0,0,0,2558938,1277907,0,262144,6535356,169697217,0,0,1026,1025,1570384071,0,0,0,0,0,0,0,0,0,0,0,0,1578892152,0,13999,1857070,1435431857,22701,0,0,98992614,0,0,0,0,0,0,0,0,0,0,0,0,0,0,0,0,0,0,0,14582,0,0,0,0,0,0,0,0,0,0,0,0,0,0,0,0,0,0,0,0,0,0,0,0,45708,4050,22696,18646,18646,0,0,3322,0,0,19,0,0,0,0,0,0,0,1,0,1,0,0,0,0,0,0,0,0,0,0,0,0,0,0,0,0,0,0,0,0,714,24,0
1774383432.001431,1431,ubuntu-rog,1,0,0,8485741,0,2874285,3930265,497827,0,56,0,0,0,0,0,1551613663,0,0,4907,1552764299,0,0,2874285,3930265,497827,0,244549,144110,0,0,0,0,0,0,0,0,0,0,2868090,102667,4434463,56,0,0,6367,0,0,0,0,0,0,0,36650099,34035426,0,0,89759,89759,15280,16453,0,0,0,0,0,0,0,0,0,2558938,1277907,0,262144,6535356,169697233,0,0,1026,1025,1570384094,0,0,0,0,0,0,0,0,0,0,0,0,1578892174,0,13999,1857070,1435431857,22701,0,0,98992614,0,0,0,0,0,0,0,0,0,0,0,0,0,0,0,0,0,0,0,14582,0,0,0,0,0,0,0,0,0,0,0,0,0,0,0,0,0,0,0,0,0,0,0,0,45708,4050,22696,18646,18646,0,0,3322,0,0,19,0,0,0,0,0,0,0,1,0,1,0,0,0,0,0,0,0,0,0,0,0,0,0,0,0,0,0,0,0,0,714,24,0
1774383433.002259,2259,ubuntu-rog,1,0,0,8485741,0,2874285,3930265,497827,0,58,0,0,0,0,0,1551613692,0,0,4907,1552764328,0,0,2874285,3930265,497827,0,244549,144110,0,0,0,0,0,0,0,0,0,0,2868090,102667,4434465,58,0,0,6367,0,0,0,0,0,0,0,36650101,34035426,0,0,89759,89759,15280,16453,0,0,0,0,0,0,0,0,0,2558938,1277907,0,262144,6535356,169697233,0,0,1026,1025,1570384123,0,0,0,0,0,0,0,0,0,0,0,0,1578892202,0,13999,1857070,1435431857,22701,0,0,98992614,0,0,0,0,0,0,0,0,0,0,0,0,0,0,0,0,0,0,0,14582,0,0,0,0,0,0,0,0,0,0,0,0,0,0,0,0,0,0,0,0,0,0,0,0,45708,4050,22696,18646,18646,0,0,3322,0,0,19,0,0,0,0,0,0,0,1,0,1,0,0,0,0,0,0,0,0,0,0,0,0,0,0,0,0,0,0,0,0,714,24,0
1774383434.001288,1288,ubuntu-rog,1,0,0,8485741,0,2874285,3930265,497827,0,60,0,0,0,0,0,1551613725,0,0,4907,1552764361,0,0,2874285,3930265,497827,0,244549,144110,0,0,0,0,0,0,0,0,0,0,2868090,102667,4434467,60,0,0,6367,0,0,0,0,0,0,0,36650103,34035426,0,0,89759,89759,15280,16453,0,0,0,0,0,0,0,0,0,2558938,1277907,0,262144,6535356,169697233,0,0,1026,1025,1570384156,0,0,0,0,0,0,0,0,0,0,0,0,1578892233,0,13999,1857070,1435431857,22701,0,0,98992614,0,0,0,0,0,0,0,0,0,0,0,0,0,0,0,0,0,0,0,14582,0,0,0,0,0,0,0,0,0,0,0,0,0,0,0,0,0,0,0,0,0,0,0,0,45708,4050,22696,18646,18646,0,0,3322,0,0,19,0,0,0,0,0,0,0,1,0,1,0,0,0,0,0,0,0,0,0,0,0,0,0,0,0,0,0,0,0,0,714,24,0
1774383435.001293,1293,ubuntu-rog,1,0,0,8485741,0,2874285,3930265,497827,0,60,0,0,0,0,0,1551613748,0,0,4907,1552764384,0,0,2874285,3930265,497827,0,244549,144110,0,0,0,0,0,0,0,0,0,0,2868090,102667,4434467,60,0,0,6367,0,0,0,0,0,0,0,36650103,34035426,0,0,89759,89759,15280,16453,0,0,0,0,0,0,0,0,0,2558938,1277907,0,262144,6535356,169697233,0,0,1026,1025,1570384179,0,0,0,0,0,0,0,0,0,0,0,0,1578892256,0,13999,1857070,1435431857,22701,0,0,98992614,0,0,0,0,0,0,0,0,0,0,0,0,0,0,0,0,0,0,0,14582,0,0,0,0,0,0,0,0,0,0,0,0,0,0,0,0,0,0,0,0,0,0,0,0,45708,4050,22696,18646,18646,0,0,3322,0,0,19,0,0,0,0,0,0,0,1,0,1,0,0,0,0,0,0,0,0,0,0,0,0,0,0,0,0,0,0,0,0,714,24,0
1774383436.001149,1149,ubuntu-rog,1,0,0,8485741,0,2874285,3930265,497827,0,60,0,0,0,0,0,1551613779,0,0,4907,1552764415,0,0,2874285,3930265,497827,0,244549,144110,0,0,0,0,0,0,0,0,0,0,2868090,102667,4434467,60,0,0,6367,0,0,0,0,0,0,0,36650103,34035426,0,0,89759,89759,15280,16453,0,0,0,0,0,0,0,0,0,2558938,1277907,0,262144,6535356,169697233,0,0,1026,1025,1570384210,0,0,0,0,0,0,0,0,0,0,0,0,1578892287,0,13999,1857070,1435431857,22701,0,0,98992614,0,0,0,0,0,0,0,0,0,0,0,0,0,0,0,0,0,0,0,14582,0,0,0,0,0,0,0,0,0,0,0,0,0,0,0,0,0,0,0,0,0,0,0,0,45708,4050,22696,18646,18646,0,0,3322,0,0,19,0,0,0,0,0,0,0,1,0,1,0,0,0,0,0,0,0,0,0,0,0,0,0,0,0,0,0,0,0,0,714,24,0
1774383437.002145,2145,ubuntu-rog,1,0,0,8485741,0,2874285,3930265,497827,0,60,0,0,0,0,0,1551613811,0,0,4907,1552764447,0,0,2874285,3930265,497827,0,244549,144110,0,0,0,0,0,0,0,0,0,0,2868090,102667,4434467,60,0,0,6367,0,0,0,0,0,0,0,36650103,34035426,0,0,89759,89759,15280,16453,0,0,0,0,0,0,0,0,0,2558938,1277907,0,262144,6535356,169697249,0,0,1026,1025,1570384242,0,0,0,0,0,0,0,0,0,0,0,0,1578892318,0,13999,1857070,1435431857,22701,0,0,98992614,0,0,0,0,0,0,0,0,0,0,0,0,0,0,0,0,0,0,0,14582,0,0,0,0,0,0,0,0,0,0,0,0,0,0,0,0,0,0,0,0,0,0,0,0,45708,4050,22696,18646,18646,0,0,3322,0,0,19,0,0,0,0,0,0,0,1,0,1,0,0,0,0,0,0,0,0,0,0,0,0,0,0,0,0,0,0,0,0,714,24,0
1774383438.001249,1249,ubuntu-rog,1,0,0,8485741,0,2874285,3930265,497827,0,62,0,0,0,0,0,1551613840,0,0,4907,1552764476,0,0,2874285,3930265,497827,0,244549,144110,0,0,0,0,0,0,0,0,0,0,2868090,102667,4434469,62,0,0,6367,0,0,0,0,0,0,0,36650105,34035426,0,0,89759,89759,15280,16453,0,0,0,0,0,0,0,0,0,2558938,1277907,0,262144,6535356,169697249,0,0,1026,1025,1570384271,0,0,0,0,0,0,0,0,0,0,0,0,1578892346,0,13999,1857070,1435431857,22701,0,0,98992614,0,0,0,0,0,0,0,0,0,0,0,0,0,0,0,0,0,0,0,14582,0,0,0,0,0,0,0,0,0,0,0,0,0,0,0,0,0,0,0,0,0,0,0,0,45708,4050,22696,18646,18646,0,0,3322,0,0,19,0,0,0,0,0,0,0,1,0,1,0,0,0,0,0,0,0,0,0,0,0,0,0,0,0,0,0,0,0,0,714,24,0
1774383439.001160,1160,ubuntu-rog,1,0,0,8485741,0,2874285,3930265,497827,0,63,0,0,0,0,0,1551613869,0,0,4907,1552764505,0,0,2874285,3930265,497827,0,244549,144110,0,0,0,0,0,0,0,0,0,0,2868090,102667,4434470,63,0,0,6367,0,0,0,0,0,0,0,36650106,34035426,0,0,89759,89759,15280,16453,0,0,0,0,0,0,0,0,0,2558938,1277907,0,262144,6535356,169697249,0,0,1026,1025,1570384300,0,0,0,0,0,0,0,0,0,0,0,0,1578892374,0,13999,1857070,1435431857,22701,0,0,98992614,0,0,0,0,0,0,0,0,0,0,0,0,0,0,0,0,0,0,0,14582,0,0,0,0,0,0,0,0,0,0,0,0,0,0,0,0,0,0,0,0,0,0,0,0,45708,4050,22696,18646,18646,0,0,3322,0,0,19,0,0,0,0,0,0,0,1,0,1,0,0,0,0,0,0,0,0,0,0,0,0,0,0,0,0,0,0,0,0,714,24,0
1774383440.002301,2301,ubuntu-rog,1,0,0,8485741,0,2874285,3930265,497827,0,63,0,0,0,0,0,1551613897,0,0,4907,1552764533,0,0,2874285,3930265,497827,0,244549,144110,0,0,0,0,0,0,0,0,0,0,2868090,102667,4434470,63,0,0,6367,0,0,0,0,0,0,0,36650106,34035426,0,0,89759,89759,15280,16453,0,0,0,0,0,0,0,0,0,2558938,1277907,0,262144,6535356,169697249,0,0,1026,1025,1570384328,0,0,0,0,0,0,0,0,0,0,0,0,1578892402,0,13999,1857070,1435431857,22701,0,0,98992614,0,0,0,0,0,0,0,0,0,0,0,0,0,0,0,0,0,0,0,14582,0,0,0,0,0,0,0,0,0,0,0,0,0,0,0,0,0,0,0,0,0,0,0,0,45708,4050,22696,18646,18646,0,0,3322,0,0,19,0,0,0,0,0,0,0,1,0,1,0,0,0,0,0,0,0,0,0,0,0,0,0,0,0,0,0,0,0,0,714,24,0
1774383441.001155,1155,ubuntu-rog,1,0,0,8485741,0,2874285,3930265,497827,0,60,0,0,0,0,0,1551613943,0,0,4907,1552764579,0,0,2874285,3930265,497827,0,244549,144110,0,0,0,0,0,0,0,0,0,0,2868090,102667,4434471,60,0,0,6367,0,0,0,0,0,0,0,36650107,34035430,0,0,89759,89759,15280,16453,0,0,0,0,0,0,0,0,0,2558938,1277907,0,262144,6535356,169697265,0,0,1026,1025,1570384374,0,0,0,0,0,0,0,0,0,0,0,0,1578892447,0,13999,1857070,1435431857,22701,0,0,98992614,0,0,0,0,0,0,0,0,0,0,0,0,0,0,0,0,0,0,0,14582,0,0,0,0,0,0,0,0,0,0,0,0,0,0,0,0,0,0,0,0,0,0,0,0,45708,4050,22696,18646,18646,0,0,3322,0,0,19,0,0,0,0,0,0,0,1,0,1,0,0,0,0,0,0,0,0,0,0,0,0,0,0,0,0,0,0,0,0,714,24,0
1774383442.001152,1152,ubuntu-rog,1,0,0,8485741,0,2874285,3930265,497827,0,60,0,0,0,0,0,1551613980,0,0,4907,1552764616,0,0,2874285,3930265,497827,0,244549,144110,0,0,0,0,0,0,0,0,0,0,2868090,102667,4434471,60,0,0,6367,0,0,0,0,0,0,0,36650107,34035430,0,0,89759,89759,15280,16453,0,0,0,0,0,0,0,0,0,2558938,1277907,0,262144,6535356,169697265,0,0,1026,1025,1570384411,0,0,0,0,0,0,0,0,0,0,0,0,1578892484,0,13999,1857070,1435431857,22701,0,0,98992614,0,0,0,0,0,0,0,0,0,0,0,0,0,0,0,0,0,0,0,14582,0,0,0,0,0,0,0,0,0,0,0,0,0,0,0,0,0,0,0,0,0,0,0,0,45708,4050,22696,18646,18646,0,0,3322,0,0,19,0,0,0,0,0,0,0,1,0,1,0,0,0,0,0,0,0,0,0,0,0,0,0,0,0,0,0,0,0,0,714,24,0
1774383443.001258,1258,ubuntu-rog,1,0,0,8485741,0,2874285,3930265,497827,0,60,0,0,0,0,0,1551614019,0,0,4907,1552764655,0,0,2874285,3930265,497827,0,244549,144110,0,0,0,0,0,0,0,0,0,0,2868090,102667,4434471,60,0,0,6367,0,0,0,0,0,0,0,36650107,34035430,0,0,89759,89759,15280,16453,0,0,0,0,0,0,0,0,0,2558938,1277907,0,262144,6535356,169697293,0,0,1026,1025,1570384450,0,0,0,0,0,0,0,0,0,0,0,0,1578892512,0,13999,1857070,1435431857,22701,0,0,98992614,0,0,0,0,0,0,0,0,0,0,0,0,0,0,0,0,0,0,0,14582,0,0,0,0,0,0,0,0,0,0,0,0,0,0,0,0,0,0,0,0,0,0,0,0,45708,4050,22696,18646,18646,0,0,3322,0,0,19,0,0,0,0,0,0,0,1,0,1,0,0,0,0,0,0,0,0,0,0,0,0,0,0,0,0,0,0,0,0,714,24,0
1774383444.002286,2286,ubuntu-rog,1,0,0,8485741,0,2874285,3930265,497827,0,63,0,0,0,0,0,1551614053,0,0,4907,1552764689,0,0,2874285,3930265,497827,0,244550,144110,0,0,0,0,0,0,0,0,0,0,2868090,102667,4434473,63,0,0,6367,0,0,0,0,0,0,0,36650110,34035430,0,0,89759,89759,15280,16453,0,0,0,0,0,0,0,0,0,2558938,1277907,0,262144,6535356,169697293,0,0,1026,1025,1570384498,0,0,0,0,0,0,0,0,0,0,0,0,1578892564,0,13999,1857070,1435431857,22701,0,0,98992614,0,0,0,0,0,0,0,0,0,0,0,0,0,0,0,0,0,0,0,14582,0,0,0,0,0,0,0,0,0,0,0,0,0,0,0,0,0,0,0,0,0,0,0,0,45708,4050,22696,18646,18646,0,0,3322,0,0,19,0,0,0,0,0,0,0,1,0,1,0,0,0,0,0,0,0,0,0,0,0,0,0,0,0,0,0,0,0,0,714,24,0
1774383445.001292,1292,ubuntu-rog,1,0,0,8485741,0,2874285,3930265,497827,0,65,0,0,0,0,0,1551614085,0,0,4907,1552764721,0,0,2874285,3930265,497827,0,244550,144110,0,0,0,0,0,0,0,0,0,0,2868090,102667,4434475,65,0,0,6367,0,0,0,0,0,0,0,36650112,34035430,0,0,89759,89759,15280,16453,0,0,0,0,0,0,0,0,0,2558938,1277907,0,262144,6535356,169697293,0,0,1026,1025,1570384530,0,0,0,0,0,0,0,0,0,0,0,0,1578892594,0,13999,1857070,1435431857,22701,0,0,98992614,0,0,0,0,0,0,0,0,0,0,0,0,0,0,0,0,0,0,0,14582,0,0,0,0,0,0,0,0,0,0,0,0,0,0,0,0,0,0,0,0,0,0,0,0,45708,4050,22696,18646,18646,0,0,3322,0,0,19,0,0,0,0,0,0,0,1,0,1,0,0,0,0,0,0,0,0,0,0,0,0,0,0,0,0,0,0,0,0,714,24,0
1774383446.001139,1139,ubuntu-rog,1,0,0,8485741,0,2874285,3930265,497827,0,65,0,0,0,0,0,1551614106,0,0,4907,1552764742,0,0,2874285,3930265,497827,0,244550,144110,0,0,0,0,0,0,0,0,0,0,2868090,102667,4434475,65,0,0,6367,0,0,0,0,0,0,0,36650112,34035430,0,0,89759,89759,15280,16453,0,0,0,0,0,0,0,0,0,2558938,1277907,0,262144,6535356,169697293,0,0,1026,1025,1570384551,0,0,0,0,0,0,0,0,0,0,0,0,1578892615,0,13999,1857070,1435431857,22701,0,0,98992614,0,0,0,0,0,0,0,0,0,0,0,0,0,0,0,0,0,0,0,14582,0,0,0,0,0,0,0,0,0,0,0,0,0,0,0,0,0,0,0,0,0,0,0,0,45708,4050,22696,18646,18646,0,0,3322,0,0,19,0,0,0,0,0,0,0,1,0,1,0,0,0,0,0,0,0,0,0,0,0,0,0,0,0,0,0,0,0,0,714,24,0
1774383447.001158,1158,ubuntu-rog,1,0,0,8485741,0,2874285,3930265,497827,0,67,0,0,0,0,0,1551614136,0,0,4907,1552764772,0,0,2874285,3930265,497827,0,244550,144110,0,0,0,0,0,0,0,0,0,0,2868090,102667,4434476,67,0,0,6367,0,0,0,0,0,0,0,36650114,34035430,0,0,89759,89759,15280,16453,0,0,0,0,0,0,0,0,0,2558938,1277907,0,262144,6535356,169697293,0,0,1026,1025,1570384581,0,0,0,0,0,0,0,0,0,0,0,0,1578892644,0,13999,1857070,1435431857,22701,0,0,98992614,0,0,0,0,0,0,0,0,0,0,0,0,0,0,0,0,0,0,0,14582,0,0,0,0,0,0,0,0,0,0,0,0,0,0,0,0,0,0,0,0,0,0,0,0,45708,4050,22696,18646,18646,0,0,3322,0,0,19,0,0,0,0,0,0,0,1,0,1,0,0,0,0,0,0,0,0,0,0,0,0,0,0,0,0,0,0,0,0,714,24,0
1774383448.002249,2249,ubuntu-rog,1,0,0,8485741,0,2874285,3930265,497827,0,68,0,0,0,0,0,1551614167,0,0,4907,1552764803,0,0,2874285,3930265,497827,0,244550,144110,0,0,0,0,0,0,0,0,0,0,2868090,102667,4434477,68,0,0,6367,0,0,0,0,0,0,0,36650115,34035430,0,0,89759,89759,15264,16453,0,0,0,0,0,0,0,0,0,2558938,1277907,0,262144,6535356,169697293,0,0,1026,1025,1570384612,0,0,0,0,0,0,0,0,0,0,0,0,1578892674,0,13999,1857070,1435431857,22701,0,0,98992614,0,0,0,0,0,0,0,0,0,0,0,0,0,0,0,0,0,0,0,14582,0,0,0,0,0,0,0,0,0,0,0,0,0,0,0,0,0,0,0,0,0,0,0,0,45708,4050,22696,18646,18646,0,0,3322,0,0,19,0,0,0,0,0,0,0,1,0,1,0,0,0,0,0,0,0,0,0,0,0,0,0,0,0,0,0,0,0,0,714,24,0
1774383449.001291,1291,ubuntu-rog,1,0,0,8485741,0,2874285,3930265,497827,0,68,0,0,0,0,0,1551614191,0,0,4907,1552764827,0,0,2874285,3930265,497827,0,244550,144110,0,0,0,0,0,0,0,0,0,0,2868090,102667,4434478,68,0,0,6367,0,0,0,0,0,0,0,36650115,34035430,0,0,89759,89759,15264,16453,0,0,0,0,0,0,0,0,0,2558938,1277907,0,262144,6535356,169697309,0,0,1026,1025,1570384636,0,0,0,0,0,0,0,0,0,0,0,0,1578892697,0,13999,1857070,1435431857,22701,0,0,98992614,0,0,0,0,0,0,0,0,0,0,0,0,0,0,0,0,0,0,0,14582,0,0,0,0,0,0,0,0,0,0,0,0,0,0,0,0,0,0,0,0,0,0,0,0,45708,4050,22696,18646,18646,0,0,3322,0,0,19,0,0,0,0,0,0,0,1,0,1,0,0,0,0,0,0,0,0,0,0,0,0,0,0,0,0,0,0,0,0,714,24,0
1774383450.001294,1294,ubuntu-rog,1,0,0,8485741,0,2874285,3930265,497827,0,68,0,0,0,0,0,1551614221,0,0,4907,1552764857,0,0,2874285,3930265,497827,0,244550,144110,0,0,0,0,0,0,0,0,0,0,2868090,102667,4434478,68,0,0,6367,0,0,0,0,0,0,0,36650115,34035430,0,0,89759,89759,15264,16453,0,0,0,0,0,0,0,0,0,2558938,1277907,0,262144,6535356,169697309,0,0,1026,1025,1570384666,0,0,0,0,0,0,0,0,0,0,0,0,1578892727,0,13999,1857070,1435431857,22701,0,0,98992614,0,0,0,0,0,0,0,0,0,0,0,0,0,0,0,0,0,0,0,14582,0,0,0,0,0,0,0,0,0,0,0,0,0,0,0,0,0,0,0,0,0,0,0,0,45708,4050,22696,18646,18646,0,0,3322,0,0,19,0,0,0,0,0,0,0,1,0,1,0,0,0,0,0,0,0,0,0,0,0,0,0,0,0,0,0,0,0,0,714,24,0
1774383451.001146,1146,ubuntu-rog,1,0,0,8485741,0,2874285,3930265,497827,0,68,0,0,0,0,0,1551614249,0,0,4907,1552764885,0,0,2874285,3930265,497827,0,244550,144110,0,0,0,0,0,0,0,0,0,0,2868090,102667,4434478,68,0,0,6367,0,0,0,0,0,0,0,36650115,34035430,0,0,89759,89759,15264,16453,0,0,0,0,0,0,0,0,0,2558938,1277907,0,262144,6535356,169697309,0,0,1026,1025,1570384694,0,0,0,0,0,0,0,0,0,0,0,0,1578892755,0,13999,1857070,1435431857,22701,0,0,98992614,0,0,0,0,0,0,0,0,0,0,0,0,0,0,0,0,0,0,0,14582,0,0,0,0,0,0,0,0,0,0,0,0,0,0,0,0,0,0,0,0,0,0,0,0,45708,4050,22696,18646,18646,0,0,3322,0,0,19,0,0,0,0,0,0,0,1,0,1,0,0,0,0,0,0,0,0,0,0,0,0,0,0,0,0,0,0,0,0,714,24,0
1774383452.002153,2153,ubuntu-rog,1,0,0,8485741,0,2874285,3930265,497827,0,70,0,0,0,0,0,1551614281,0,0,4907,1552764917,0,0,2874285,3930265,497827,0,244550,144110,0,0,0,0,0,0,0,0,0,0,2868090,102667,4434480,70,0,0,6367,0,0,0,0,0,0,0,36650117,34035430,0,0,89759,89759,15264,16453,0,0,0,0,0,0,0,0,0,2558938,1277907,0,262144,6535356,169697497,0,0,1026,1025,1570384726,0,0,0,0,0,0,0,0,0,0,0,0,1578892785,0,13999,1857070,1435431857,22701,0,0,98992614,0,0,0,0,0,0,0,0,0,0,0,0,0,0,0,0,0,0,0,14582,0,0,0,0,0,0,0,0,0,0,0,0,0,0,0,0,0,0,0,0,0,0,0,0,45708,4050,22696,18646,18646,0,0,3322,0,0,19,0,0,0,0,0,0,0,1,0,1,0,0,0,0,0,0,0,0,0,0,0,0,0,0,0,0,0,0,0,0,714,24,0
1774383453.001237,1237,ubuntu-rog,1,0,0,8485741,0,2874285,3930265,497827,0,23,0,0,0,0,0,1551614312,0,0,4907,1552764948,0,0,2874285,3930265,497827,0,244550,144110,0,0,0,0,0,0,0,0,0,0,2868090,102667,4434480,23,0,0,6367,0,0,0,0,0,0,0,36650117,34035477,0,0,89759,89759,15264,16453,0,0,0,0,0,0,0,0,0,2558938,1277907,0,262144,6535356,169697497,0,0,1026,1025,1570384757,0,0,0,0,0,0,0,0,0,0,0,0,1578892819,0,13999,1857070,1435431857,22701,0,0,98992614,0,0,0,0,0,0,0,0,0,0,0,0,0,0,0,0,0,0,0,14582,0,0,0,0,0,0,0,0,0,0,0,0,0,0,0,0,0,0,0,0,0,0,0,0,45708,4050,22696,18646,18646,0,0,3322,0,0,19,0,0,0,0,0,0,0,1,0,1,0,0,0,0,0,0,0,0,0,0,0,0,0,0,0,0,0,0,0,0,714,24,0
1774383454.001299,1299,ubuntu-rog,1,0,0,8485804,0,2874351,3930275,497827,0,23,0,0,0,0,0,1551614539,0,0,4907,1552765175,0,0,2874351,3930275,497827,0,244550,144106,0,0,0,0,0,0,0,0,0,0,2868131,102667,4434480,23,0,0,6367,0,0,0,0,0,0,0,36650117,34035477,0,0,89759,89759,15264,16453,0,0,0,0,0,0,0,0,0,2558953,1277914,0,262144,6535356,169697497,0,0,1026,1025,1570385054,0,0,0,0,0,0,0,0,0,0,0,0,1578893063,0,13999,1857070,1435431927,22701,0,0,98992614,0,0,0,0,0,0,0,0,0,0,0,0,0,0,0,0,0,0,0,14582,0,0,0,0,0,0,0,0,0,0,0,0,0,0,0,0,0,0,0,0,0,0,0,0,45708,4050,22696,18646,18646,0,0,3322,0,0,19,0,0,0,0,0,0,0,1,0,1,0,0,0,0,0,0,0,0,0,0,0,0,0,0,0,0,0,0,0,0,714,24,0
1774383455.001292,1292,ubuntu-rog,1,0,0,8485804,0,2874351,3930275,497827,0,26,0,0,0,0,0,1551614570,0,0,4907,1552765206,0,0,2874351,3930275,497827,0,244550,144106,0,0,0,0,0,0,0,0,0,0,2868131,102667,4434482,26,0,0,6367,0,0,0,0,0,0,0,36650120,34035477,0,0,89759,89759,15264,16453,0,0,0,0,0,0,0,0,0,2558953,1277914,0,262144,6535356,169697521,0,0,1026,1025,1570385085,0,0,0,0,0,0,0,0,0,0,0,0,1578893092,0,13999,1857070,1435431927,22701,0,0,98992614,0,0,0,0,0,0,0,0,0,0,0,0,0,0,0,0,0,0,0,14582,0,0,0,0,0,0,0,0,0,0,0,0,0,0,0,0,0,0,0,0,0,0,0,0,45708,4050,22696,18646,18646,0,0,3322,0,0,19,0,0,0,0,0,0,0,1,0,1,0,0,0,0,0,0,0,0,0,0,0,0,0,0,0,0,0,0,0,0,714,24,0
1774383456.002146,2146,ubuntu-rog,1,0,0,8485804,0,2874368,3930276,497827,0,9,0,0,0,0,0,1551614599,0,0,4907,1552765235,0,0,2874368,3930276,497827,0,244550,144106,0,0,0,0,0,0,0,0,0,0,2868131,102667,4434482,9,0,0,6367,0,0,0,0,0,0,0,36650120,34035494,0,0,89759,89759,15264,16453,0,0,0,0,0,0,0,0,0,2558953,1277914,0,262144,6535356,169697589,0,0,1026,1025,1570385114,0,0,0,0,0,0,0,0,0,0,0,0,1578893121,0,13999,1857070,1435431927,22701,0,0,98992614,0,0,0,0,0,0,0,0,0,0,0,0,0,0,0,0,0,0,0,14582,0,0,0,0,0,0,0,0,0,0,0,0,0,0,0,0,0,0,0,0,0,0,0,0,45708,4050,22696,18646,18646,0,0,3322,0,0,19,0,0,0,0,0,0,0,1,0,1,0,0,0,0,0,0,0,0,0,0,0,0,0,0,0,0,0,0,0,0,714,24,0
1774383457.001151,1151,ubuntu-rog,1,0,0,8485804,0,2874368,3930276,497827,0,9,0,0,0,0,0,1551614620,0,0,4907,1552765256,0,0,2874368,3930276,497827,0,244550,144106,0,0,0,0,0,0,0,0,0,0,2868131,102667,4434482,9,0,0,6367,0,0,0,0,0,0,0,36650120,34035494,0,0,89759,89759,15264,16453,0,0,0,0,0,0,0,0,0,2558953,1277914,0,262144,6535356,169697589,0,0,1026,1025,1570385135,0,0,0,0,0,0,0,0,0,0,0,0,1578893142,0,13999,1857070,1435431927,22701,0,0,98992614,0,0,0,0,0,0,0,0,0,0,0,0,0,0,0,0,0,0,0,14582,0,0,0,0,0,0,0,0,0,0,0,0,0,0,0,0,0,0,0,0,0,0,0,0,45708,4050,22696,18646,18646,0,0,3322,0,0,19,0,0,0,0,0,0,0,1,0,1,0,0,0,0,0,0,0,0,0,0,0,0,0,0,0,0,0,0,0,0,714,24,0
1774383458.001253,1253,ubuntu-rog,1,0,0,8485804,0,2874368,3930276,497827,0,11,0,0,0,0,0,1551614648,0,0,4907,1552765284,0,0,2874368,3930276,497827,0,244550,144106,0,0,0,0,0,0,0,0,0,0,2868131,102667,4434483,11,0,0,6367,0,0,0,0,0,0,0,36650122,34035494,0,0,89759,89759,15264,16453,0,0,0,0,0,0,0,0,0,2558953,1277914,0,262144,6535356,169697589,0,0,1026,1025,1570385163,0,0,0,0,0,0,0,0,0,0,0,0,1578893169,0,13999,1857070,1435431927,22701,0,0,98992614,0,0,0,0,0,0,0,0,0,0,0,0,0,0,0,0,0,0,0,14582,0,0,0,0,0,0,0,0,0,0,0,0,0,0,0,0,0,0,0,0,0,0,0,0,45708,4050,22696,18646,18646,0,0,3322,0,0,19,0,0,0,0,0,0,0,1,0,1,0,0,0,0,0,0,0,0,0,0,0,0,0,0,0,0,0,0,0,0,714,24,0
1774383459.001298,1298,ubuntu-rog,1,0,0,8485804,0,2874368,3930276,497827,0,14,0,0,0,0,0,1551614682,0,0,4907,1552765318,0,0,2874368,3930276,497827,0,244550,144106,0,0,0,0,0,0,0,0,0,0,2868131,102667,4434485,14,0,0,6367,0,0,0,0,0,0,0,36650125,34035494,0,0,89759,89759,15264,16453,0,0,0,0,0,0,0,0,0,2558953,1277914,0,262144,6535356,169697589,0,0,1026,1025,1570385197,0,0,0,0,0,0,0,0,0,0,0,0,1578893201,0,13999,1857070,1435431927,22701,0,0,98992614,0,0,0,0,0,0,0,0,0,0,0,0,0,0,0,0,0,0,0,14582,0,0,0,0,0,0,0,0,0,0,0,0,0,0,0,0,0,0,0,0,0,0,0,0,45708,4050,22696,18646,18646,0,0,3322,0,0,19,0,0,0,0,0,0,0,1,0,1,0,0,0,0,0,0,0,0,0,0,0,0,0,0,0,0,0,0,0,0,714,24,0
1774383460.002334,2334,ubuntu-rog,1,0,0,8485804,0,2874368,3930276,497827,0,16,0,0,0,0,0,1551614707,0,0,4907,1552765343,0,0,2874368,3930276,497827,0,244550,144106,0,0,0,0,0,0,0,0,0,0,2868131,102667,4434487,16,0,0,6367,0,0,0,0,0,0,0,36650127,34035494,0,0,89759,89759,15264,16453,0,0,0,0,0,0,0,0,0,2558953,1277914,0,262144,6535356,169697621,0,0,1026,1025,1570385222,0,0,0,0,0,0,0,0,0,0,0,0,1578893224,0,13999,1857070,1435431927,22701,0,0,98992614,0,0,0,0,0,0,0,0,0,0,0,0,0,0,0,0,0,0,0,14582,0,0,0,0,0,0,0,0,0,0,0,0,0,0,0,0,0,0,0,0,0,0,0,0,45708,4050,22696,18646,18646,0,0,3322,0,0,19,0,0,0,0,0,0,0,1,0,1,0,0,0,0,0,0,0,0,0,0,0,0,0,0,0,0,0,0,0,0,714,24,0
1774383461.001160,1160,ubuntu-rog,1,0,0,8485804,0,2874368,3930276,497827,0,16,0,0,0,0,0,1551614737,0,0,4907,1552765373,0,0,2874368,3930276,497827,0,244550,144106,0,0,0,0,0,0,0,0,0,0,2868131,102667,4434487,16,0,0,6367,0,0,0,0,0,0,0,36650127,34035494,0,0,89759,89759,15264,16453,0,0,0,0,0,0,0,0,0,2558953,1277914,0,262144,6535356,169697621,0,0,1026,1025,1570385252,0,0,0,0,0,0,0,0,0,0,0,0,1578893254,0,13999,1857070,1435431927,22701,0,0,98992614,0,0,0,0,0,0,0,0,0,0,0,0,0,0,0,0,0,0,0,14582,0,0,0,0,0,0,0,0,0,0,0,0,0,0,0,0,0,0,0,0,0,0,0,0,45708,4050,22696,18646,18646,0,0,3322,0,0,19,0,0,0,0,0,0,0,1,0,1,0,0,0,0,0,0,0,0,0,0,0,0,0,0,0,0,0,0,0,0,714,24,0
1774383462.001151,1151,ubuntu-rog,1,0,0,8485804,0,2874368,3930276,497827,0,17,0,0,0,0,0,1551614768,0,0,4907,1552765404,0,0,2874368,3930276,497827,0,244550,144106,0,0,0,0,0,0,0,0,0,0,2868131,102667,4434488,17,0,0,6367,0,0,0,0,0,0,0,36650128,34035494,0,0,89759,89759,15264,16453,0,0,0,0,0,0,0,0,0,2558953,1277914,0,262144,6535356,169697621,0,0,1026,1025,1570385283,0,0,0,0,0,0,0,0,0,0,0,0,1578893284,0,13999,1857070,1435431927,22701,0,0,98992614,0,0,0,0,0,0,0,0,0,0,0,0,0,0,0,0,0,0,0,14582,0,0,0,0,0,0,0,0,0,0,0,0,0,0,0,0,0,0,0,0,0,0,0,0,45708,4050,22696,18646,18646,0,0,3322,0,0,19,0,0,0,0,0,0,0,1,0,1,0,0,0,0,0,0,0,0,0,0,0,0,0,0,0,0,0,0,0,0,714,24,0
1774383463.001250,1250,ubuntu-rog,1,0,0,8485804,0,2874368,3930276,497827,0,17,0,0,0,0,0,1551614789,0,0,4907,1552765425,0,0,2874368,3930276,497827,0,244550,144106,0,0,0,0,0,0,0,0,0,0,2868131,102667,4434488,17,0,0,6367,0,0,0,0,0,0,0,36650128,34035494,0,0,89759,89759,15264,16453,0,0,0,0,0,0,0,0,0,2558953,1277914,0,262144,6535356,169697649,0,0,1026,1025,1570385304,0,0,0,0,0,0,0,0,0,0,0,0,1578893305,0,13999,1857070,1435431927,22701,0,0,98992614,0,0,0,0,0,0,0,0,0,0,0,0,0,0,0,0,0,0,0,14582,0,0,0,0,0,0,0,0,0,0,0,0,0,0,0,0,0,0,0,0,0,0,0,0,45708,4050,22696,18646,18646,0,0,3322,0,0,19,0,0,0,0,0,0,0,1,0,1,0,0,0,0,0,0,0,0,0,0,0,0,0,0,0,0,0,0,0,0,714,24,0
1774383464.002287,2287,ubuntu-rog,1,0,0,8485804,0,2874378,3930276,497827,0,9,0,0,0,0,0,1551614825,0,0,4907,1552765461,0,0,2874378,3930276,497827,0,244550,144106,0,0,0,0,0,0,0,0,0,0,2868128,102667,4434489,9,0,0,6367,0,0,0,0,0,0,0,36650129,34035503,0,0,89759,89759,15264,16453,0,0,0,0,0,0,0,0,0,2558953,1277914,0,262144,6535356,169697649,0,0,1026,1025,1570385340,0,0,0,0,0,0,0,0,0,0,0,0,1578893343,0,13999,1857070,1435431933,22701,0,0,98992614,0,0,0,0,0,0,0,0,0,0,0,0,0,0,0,0,0,0,0,14582,0,0,0,0,0,0,0,0,0,0,0,0,0,0,0,0,0,0,0,0,0,0,0,0,45708,4050,22696,18646,18646,0,0,3322,0,0,19,0,0,0,0,0,0,0,1,0,1,0,0,0,0,0,0,0,0,0,0,0,0,0,0,0,0,0,0,0,0,714,24,0
1774383465.001292,1292,ubuntu-rog,1,0,0,8485804,0,2874378,3930276,497827,0,9,0,0,0,0,0,1551614855,0,0,4907,1552765491,0,0,2874378,3930276,497827,0,244550,144106,0,0,0,0,0,0,0,0,0,0,2868128,102667,4434489,9,0,0,6367,0,0,0,0,0,0,0,36650129,34035503,0,0,89759,89759,15264,16453,0,0,0,0,0,0,0,0,0,2558953,1277914,0,262144,6535356,169697649,0,0,1026,1025,1570385370,0,0,0,0,0,0,0,0,0,0,0,0,1578893373,0,13999,1857070,1435431933,22701,0,0,98992614,0,0,0,0,0,0,0,0,0,0,0,0,0,0,0,0,0,0,0,14582,0,0,0,0,0,0,0,0,0,0,0,0,0,0,0,0,0,0,0,0,0,0,0,0,45708,4050,22696,18646,18646,0,0,3322,0,0,19,0,0,0,0,0,0,0,1,0,1,0,0,0,0,0,0,0,0,0,0,0,0,0,0,0,0,0,0,0,0,714,24,0
1774383466.001149,1149,ubuntu-rog,1,0,0,8485804,0,2874378,3930276,497827,0,12,0,0,0,0,0,1551614886,0,0,4907,1552765522,0,0,2874378,3930276,497827,0,244550,144106,0,0,0,0,0,0,0,0,0,0,2868128,102667,4434491,12,0,0,6367,0,0,0,0,0,0,0,36650132,34035503,0,0,89759,89759,15264,16453,0,0,0,0,0,0,0,0,0,2558953,1277914,0,262144,6535356,169697665,0,0,1026,1025,1570385401,0,0,0,0,0,0,0,0,0,0,0,0,1578893402,0,13999,1857070,1435431933,22701,0,0,98992614,0,0,0,0,0,0,0,0,0,0,0,0,0,0,0,0,0,0,0,14582,0,0,0,0,0,0,0,0,0,0,0,0,0,0,0,0,0,0,0,0,0,0,0,0,45708,4050,22696,18646,18646,0,0,3322,0,0,19,0,0,0,0,0,0,0,1,0,1,0,0,0,0,0,0,0,0,0,0,0,0,0,0,0,0,0,0,0,0,714,24,0
1774383467.001147,1147,ubuntu-rog,1,0,0,8485804,0,2874378,3930276,497827,0,12,0,0,0,0,0,1551614916,0,0,4907,1552765552,0,0,2874378,3930276,497827,0,244550,144106,0,0,0,0,0,0,0,0,0,0,2868128,102667,4434491,12,0,0,6367,0,0,0,0,0,0,0,36650132,34035503,0,0,89759,89759,15264,16453,0,0,0,0,0,0,0,0,0,2558953,1277914,0,262144,6535356,169697665,0,0,1026,1025,1570385431,0,0,0,0,0,0,0,0,0,0,0,0,1578893432,0,13999,1857070,1435431933,22701,0,0,98992614,0,0,0,0,0,0,0,0,0,0,0,0,0,0,0,0,0,0,0,14582,0,0,0,0,0,0,0,0,0,0,0,0,0,0,0,0,0,0,0,0,0,0,0,0,45708,4050,22696,18646,18646,0,0,3322,0,0,19,0,0,0,0,0,0,0,1,0,1,0,0,0,0,0,0,0,0,0,0,0,0,0,0,0,0,0,0,0,0,714,24,0
1774383468.002247,2247,ubuntu-rog,1,0,0,8485804,0,2874378,3930276,497827,0,12,0,0,0,0,0,1551614940,0,0,4907,1552765576,0,0,2874378,3930276,497827,0,244550,144106,0,0,0,0,0,0,0,0,0,0,2868128,102667,4434491,12,0,0,6367,0,0,0,0,0,0,0,36650132,34035503,0,0,89759,89759,15264,16453,0,0,0,0,0,0,0,0,0,2558953,1277914,0,262144,6535356,169697665,0,0,1026,1025,1570385455,0,0,0,0,0,0,0,0,0,0,0,0,1578893456,0,13999,1857070,1435431933,22701,0,0,98992614,0,0,0,0,0,0,0,0,0,0,0,0,0,0,0,0,0,0,0,14582,0,0,0,0,0,0,0,0,0,0,0,0,0,0,0,0,0,0,0,0,0,0,0,0,45708,4050,22696,18646,18646,0,0,3322,0,0,19,0,0,0,0,0,0,0,1,0,1,0,0,0,0,0,0,0,0,0,0,0,0,0,0,0,0,0,0,0,0,714,24,0
1774383469.001291,1291,ubuntu-rog,1,0,0,8485804,0,2874378,3930276,497827,0,13,0,0,0,0,0,1551614970,0,0,4907,1552765606,0,0,2874378,3930276,497827,0,244550,144106,0,0,0,0,0,0,0,0,0,0,2868128,102667,4434492,13,0,0,6367,0,0,0,0,0,0,0,36650133,34035503,0,0,89759,89759,15264,16453,0,0,0,0,0,0,0,0,0,2558953,1277914,0,262144,6535356,169697665,0,0,1026,1025,1570385485,0,0,0,0,0,0,0,0,0,0,0,0,1578893485,0,13999,1857070,1435431933,22701,0,0,98992614,0,0,0,0,0,0,0,0,0,0,0,0,0,0,0,0,0,0,0,14582,0,0,0,0,0,0,0,0,0,0,0,0,0,0,0,0,0,0,0,0,0,0,0,0,45708,4050,22696,18646,18646,0,0,3322,0,0,19,0,0,0,0,0,0,0,1,0,1,0,0,0,0,0,0,0,0,0,0,0,0,0,0,0,0,0,0,0,0,714,24,0
1774383470.001290,1290,ubuntu-rog,1,0,0,8485804,0,2874378,3930276,497827,0,13,0,0,0,0,0,1551614998,0,0,4907,1552765634,0,0,2874378,3930276,497827,0,244550,144106,0,0,0,0,0,0,0,0,0,0,2868128,102667,4434492,13,0,0,6367,0,0,0,0,0,0,0,36650133,34035503,0,0,89759,89759,15264,16453,0,0,0,0,0,0,0,0,0,2558953,1277914,0,262144,6535356,169697665,0,0,1026,1025,1570385513,0,0,0,0,0,0,0,0,0,0,0,0,1578893513,0,13999,1857070,1435431933,22701,0,0,98992614,0,0,0,0,0,0,0,0,0,0,0,0,0,0,0,0,0,0,0,14582,0,0,0,0,0,0,0,0,0,0,0,0,0,0,0,0,0,0,0,0,0,0,0,0,45708,4050,22696,18646,18646,0,0,3322,0,0,19,0,0,0,0,0,0,0,1,0,1,0,0,0,0,0,0,0,0,0,0,0,0,0,0,0,0,0,0,0,0,714,24,0
1774383471.001148,1148,ubuntu-rog,1,0,0,8485804,0,2874378,3930276,497827,0,14,0,0,0,0,0,1551615021,0,0,4907,1552765657,0,0,2874378,3930276,497827,0,244550,144106,0,0,0,0,0,0,0,0,0,0,2868128,102667,4434494,14,0,0,6367,0,0,0,0,0,0,0,36650134,34035503,0,0,89759,89759,15264,16453,0,0,0,0,0,0,0,0,0,2558953,1277914,0,262144,6535356,169697681,0,0,1026,1025,1570385536,0,0,0,0,0,0,0,0,0,0,0,0,1578893534,0,13999,1857070,1435431933,22701,0,0,98992614,0,0,0,0,0,0,0,0,0,0,0,0,0,0,0,0,0,0,0,14582,0,0,0,0,0,0,0,0,0,0,0,0,0,0,0,0,0,0,0,0,0,0,0,0,45708,4050,22696,18646,18646,0,0,3322,0,0,19,0,0,0,0,0,0,0,1,0,1,0,0,0,0,0,0,0,0,0,0,0,0,0,0,0,0,0,0,0,0,714,24,0
1774383472.002147,2147,ubuntu-rog,1,0,0,8485804,0,2874378,3930276,497827,0,15,0,0,0,0,0,1551615050,0,0,4907,1552765686,0,0,2874378,3930276,497827,0,244550,144106,0,0,0,0,0,0,0,0,0,0,2868128,102667,4434495,15,0,0,6367,0,0,0,0,0,0,0,36650135,34035503,0,0,89759,89759,15264,16453,0,0,0,0,0,0,0,0,0,2558953,1277914,0,262144,6535356,169697681,0,0,1026,1025,1570385565,0,0,0,0,0,0,0,0,0,0,0,0,1578893562,0,13999,1857070,1435431933,22701,0,0,98992614,0,0,0,0,0,0,0,0,0,0,0,0,0,0,0,0,0,0,0,14582,0,0,0,0,0,0,0,0,0,0,0,0,0,0,0,0,0,0,0,0,0,0,0,0,45708,4050,22696,18646,18646,0,0,3322,0,0,19,0,0,0,0,0,0,0,1,0,1,0,0,0,0,0,0,0,0,0,0,0,0,0,0,0,0,0,0,0,0,714,24,0
1774383473.001523,1523,ubuntu-rog,1,0,0,8485804,0,2874378,3930276,497827,0,16,0,0,0,0,0,1551615082,0,0,4907,1552765718,0,0,2874378,3930276,497827,0,244550,144106,0,0,0,0,0,0,0,0,0,0,2868128,102667,4434496,16,0,0,6367,0,0,0,0,0,0,0,36650136,34035503,0,0,89759,89759,15264,16453,0,0,0,0,0,0,0,0,0,2558953,1277914,0,262144,6535356,169697681,0,0,1026,1025,1570385597,0,0,0,0,0,0,0,0,0,0,0,0,1578893593,0,13999,1857070,1435431933,22701,0,0,98992614,0,0,0,0,0,0,0,0,0,0,0,0,0,0,0,0,0,0,0,14582,0,0,0,0,0,0,0,0,0,0,0,0,0,0,0,0,0,0,0,0,0,0,0,0,45708,4050,22696,18646,18646,0,0,3322,0,0,19,0,0,0,0,0,0,0,1,0,1,0,0,0,0,0,0,0,0,0,0,0,0,0,0,0,0,0,0,0,0,714,24,0
1774383474.002296,2296,ubuntu-rog,1,0,0,8485804,0,2874378,3930276,497827,0,16,0,0,0,0,0,1551615106,0,0,4907,1552765742,0,0,2874378,3930276,497827,0,244550,144106,0,0,0,0,0,0,0,0,0,0,2868128,102667,4434496,16,0,0,6367,0,0,0,0,0,0,0,36650136,34035503,0,0,89759,89759,15264,16453,0,0,0,0,0,0,0,0,0,2558953,1277914,0,262144,6535356,169697681,0,0,1026,1025,1570385621,0,0,0,0,0,0,0,0,0,0,0,0,1578893617,0,13999,1857070,1435431933,22701,0,0,98992614,0,0,0,0,0,0,0,0,0,0,0,0,0,0,0,0,0,0,0,14582,0,0,0,0,0,0,0,0,0,0,0,0,0,0,0,0,0,0,0,0,0,0,0,0,45708,4050,22696,18646,18646,0,0,3322,0,0,19,0,0,0,0,0,0,0,1,0,1,0,0,0,0,0,0,0,0,0,0,0,0,0,0,0,0,0,0,0,0,714,24,0
1774383475.001292,1292,ubuntu-rog,1,0,0,8485804,0,2874378,3930276,497827,0,16,0,0,0,0,0,1551615135,0,0,4907,1552765771,0,0,2874378,3930276,497827,0,244550,144106,0,0,0,0,0,0,0,0,0,0,2868128,102667,4434496,16,0,0,6367,0,0,0,0,0,0,0,36650136,34035503,0,0,89759,89759,15264,16453,0,0,0,0,0,0,0,0,0,2558953,1277914,0,262144,6535356,169697681,0,0,1026,1025,1570385650,0,0,0,0,0,0,0,0,0,0,0,0,1578893646,0,13999,1857070,1435431933,22701,0,0,98992614,0,0,0,0,0,0,0,0,0,0,0,0,0,0,0,0,0,0,0,14582,0,0,0,0,0,0,0,0,0,0,0,0,0,0,0,0,0,0,0,0,0,0,0,0,45708,4050,22696,18646,18646,0,0,3322,0,0,19,0,0,0,0,0,0,0,1,0,1,0,0,0,0,0,0,0,0,0,0,0,0,0,0,0,0,0,0,0,0,714,24,0
1774383476.001149,1149,ubuntu-rog,1,0,0,8485804,0,2874378,3930276,497827,0,17,0,0,0,0,0,1551615164,0,0,4907,1552765800,0,0,2874378,3930276,497827,0,244550,144106,0,0,0,0,0,0,0,0,0,0,2868128,102667,4434497,17,0,0,6367,0,0,0,0,0,0,0,36650137,34035503,0,0,89759,89759,15264,16453,0,0,0,0,0,0,0,0,0,2558953,1277914,0,262144,6535356,169697681,0,0,1026,1025,1570385679,0,0,0,0,0,0,0,0,0,0,0,0,1578893674,0,13999,1857070,1435431933,22701,0,0,98992614,0,0,0,0,0,0,0,0,0,0,0,0,0,0,0,0,0,0,0,14582,0,0,0,0,0,0,0,0,0,0,0,0,0,0,0,0,0,0,0,0,0,0,0,0,45708,4050,22696,18646,18646,0,0,3322,0,0,19,0,0,0,0,0,0,0,1,0,1,0,0,0,0,0,0,0,0,0,0,0,0,0,0,0,0,0,0,0,0,714,24,0
1774383477.001152,1152,ubuntu-rog,1,0,0,8485804,0,2874378,3930276,497827,0,18,0,0,0,0,0,1551615186,0,0,4907,1552765822,0,0,2874378,3930276,497827,0,244550,144106,0,0,0,0,0,0,0,0,0,0,2868128,102667,4434499,18,0,0,6367,0,0,0,0,0,0,0,36650138,34035503,0,0,89759,89759,15264,16453,0,0,0,0,0,0,0,0,0,2558953,1277914,0,262144,6535356,169697697,0,0,1026,1025,1570385701,0,0,0,0,0,0,0,0,0,0,0,0,1578893694,0,13999,1857070,1435431933,22701,0,0,98992614,0,0,0,0,0,0,0,0,0,0,0,0,0,0,0,0,0,0,0,14582,0,0,0,0,0,0,0,0,0,0,0,0,0,0,0,0,0,0,0,0,0,0,0,0,45708,4050,22696,18646,18646,0,0,3322,0,0,19,0,0,0,0,0,0,0,1,0,1,0,0,0,0,0,0,0,0,0,0,0,0,0,0,0,0,0,0,0,0,714,24,0
1774383478.002248,2248,ubuntu-rog,1,0,0,8485804,0,2874378,3930276,497827,0,18,0,0,0,0,0,1551615216,0,0,4907,1552765852,0,0,2874378,3930276,497827,0,244550,144106,0,0,0,0,0,0,0,0,0,0,2868128,102667,4434499,18,0,0,6367,0,0,0,0,0,0,0,36650138,34035503,0,0,89759,89759,15264,16453,0,0,0,0,0,0,0,0,0,2558953,1277914,0,262144,6535356,169697697,0,0,1026,1025,1570385731,0,0,0,0,0,0,0,0,0,0,0,0,1578893724,0,13999,1857070,1435431933,22701,0,0,98992614,0,0,0,0,0,0,0,0,0,0,0,0,0,0,0,0,0,0,0,14582,0,0,0,0,0,0,0,0,0,0,0,0,0,0,0,0,0,0,0,0,0,0,0,0,45708,4050,22696,18646,18646,0,0,3322,0,0,19,0,0,0,0,0,0,0,1,0,1,0,0,0,0,0,0,0,0,0,0,0,0,0,0,0,0,0,0,0,0,714,24,0
1774383479.001289,1289,ubuntu-rog,1,0,0,8485804,0,2874378,3930276,497827,0,19,0,0,0,0,0,1551615249,0,0,4907,1552765885,0,0,2874378,3930276,497827,0,244550,144106,0,0,0,0,0,0,0,0,0,0,2868128,102667,4434500,19,0,0,6367,0,0,0,0,0,0,0,36650139,34035503,0,0,89759,89759,15264,16453,0,0,0,0,0,0,0,0,0,2558953,1277914,0,262144,6535356,169697697,0,0,1026,1025,1570385764,0,0,0,0,0,0,0,0,0,0,0,0,1578893756,0,13999,1857070,1435431933,22701,0,0,98992614,0,0,0,0,0,0,0,0,0,0,0,0,0,0,0,0,0,0,0,14582,0,0,0,0,0,0,0,0,0,0,0,0,0,0,0,0,0,0,0,0,0,0,0,0,45708,4050,22696,18646,18646,0,0,3322,0,0,19,0,0,0,0,0,0,0,1,0,1,0,0,0,0,0,0,0,0,0,0,0,0,0,0,0,0,0,0,0,0,714,24,0
1774383480.001207,1207,ubuntu-rog,1,0,0,8485804,0,2874378,3930276,497827,0,19,0,0,0,0,0,1551615279,0,0,4907,1552765915,0,0,2874378,3930276,497827,0,244550,144106,0,0,0,0,0,0,0,0,0,0,2868128,102667,4434500,19,0,0,6367,0,0,0,0,0,0,0,36650139,34035503,0,0,89759,89759,15264,16453,0,0,0,0,0,0,0,0,0,2558953,1277914,0,262144,6535356,169697697,0,0,1026,1025,1570385794,0,0,0,0,0,0,0,0,0,0,0,0,1578893786,0,13999,1857070,1435431933,22701,0,0,98992614,0,0,0,0,0,0,0,0,0,0,0,0,0,0,0,0,0,0,0,14582,0,0,0,0,0,0,0,0,0,0,0,0,0,0,0,0,0,0,0,0,0,0,0,0,45708,4050,22696,18646,18646,0,0,3322,0,0,19,0,0,0,0,0,0,0,1,0,1,0,0,0,0,0,0,0,0,0,0,0,0,0,0,0,0,0,0,0,0,714,24,0
1774383481.002154,2154,ubuntu-rog,1,0,0,8485804,0,2874378,3930276,497827,0,19,0,0,0,0,0,1551615309,0,0,4907,1552765945,0,0,2874378,3930276,497827,0,244550,144106,0,0,0,0,0,0,0,0,0,0,2868128,102667,4434500,19,0,0,6367,0,0,0,0,0,0,0,36650139,34035503,0,0,89759,89759,15264,16453,0,0,0,0,0,0,0,0,0,2558953,1277914,0,262144,6535356,169697697,0,0,1026,1025,1570385824,0,0,0,0,0,0,0,0,0,0,0,0,1578893816,0,13999,1857070,1435431933,22701,0,0,98992614,0,0,0,0,0,0,0,0,0,0,0,0,0,0,0,0,0,0,0,14582,0,0,0,0,0,0,0,0,0,0,0,0,0,0,0,0,0,0,0,0,0,0,0,0,45708,4050,22696,18646,18646,0,0,3322,0,0,19,0,0,0,0,0,0,0,1,0,1,0,0,0,0,0,0,0,0,0,0,0,0,0,0,0,0,0,0,0,0,714,24,0
1774383482.001154,1154,ubuntu-rog,1,0,0,8485804,0,2874398,3930282,497827,0,15,0,0,0,0,0,1551615333,0,0,4907,1552765969,0,0,2874398,3930282,497827,0,244550,144106,0,0,0,0,0,0,0,0,0,0,2868128,102667,4434501,15,0,0,6367,0,0,0,0,0,0,0,36650139,34035507,0,0,89759,89759,15264,16453,0,0,0,0,0,0,0,0,0,2558954,1277915,0,262144,6535356,169697729,0,0,1026,1025,1570385848,0,0,0,0,0,0,0,0,0,0,0,0,1578893839,0,13999,1857070,1435431935,22701,0,0,98992616,0,0,0,0,0,0,0,0,0,0,0,0,0,0,0,0,0,0,0,14582,0,0,0,0,0,0,0,0,0,0,0,0,0,0,0,0,0,0,0,0,0,0,0,0,45708,4050,22696,18646,18646,0,0,3322,0,0,19,0,0,0,0,0,0,0,1,0,1,0,0,0,0,0,0,0,0,0,0,0,0,0,0,0,0,0,0,0,0,714,24,0
1774383483.001268,1268,ubuntu-rog,1,0,0,8485804,0,2874398,3930282,497827,0,17,0,0,0,0,0,1551615362,0,0,4907,1552765998,0,0,2874398,3930282,497827,0,244550,144106,0,0,0,0,0,0,0,0,0,0,2868128,102667,4434503,17,0,0,6367,0,0,0,0,0,0,0,36650141,34035507,0,0,89759,89759,15264,16453,0,0,0,0,0,0,0,0,0,2558954,1277915,0,262144,6535356,169697729,0,0,1026,1025,1570385877,0,0,0,0,0,0,0,0,0,0,0,0,1578893866,0,13999,1857070,1435431935,22701,0,0,98992616,0,0,0,0,0,0,0,0,0,0,0,0,0,0,0,0,0,0,0,14582,0,0,0,0,0,0,0,0,0,0,0,0,0,0,0,0,0,0,0,0,0,0,0,0,45708,4050,22696,18646,18646,0,0,3322,0,0,19,0,0,0,0,0,0,0,1,0,1,0,0,0,0,0,0,0,0,0,0,0,0,0,0,0,0,0,0,0,0,714,24,0
1774383484.001288,1288,ubuntu-rog,1,0,0,8485804,0,2874398,3930282,497827,0,19,0,0,0,0,0,1551615392,0,0,4907,1552766028,0,0,2874398,3930282,497827,0,244550,144106,0,0,0,0,0,0,0,0,0,0,2868128,102667,4434504,19,0,0,6367,0,0,0,0,0,0,0,36650143,34035507,0,0,89759,89759,15264,16453,0,0,0,0,0,0,0,0,0,2558954,1277915,0,262144,6535356,169697729,0,0,1026,1025,1570385907,0,0,0,0,0,0,0,0,0,0,0,0,1578893895,0,13999,1857070,1435431935,22701,0,0,98992616,0,0,0,0,0,0,0,0,0,0,0,0,0,0,0,0,0,0,0,14582,0,0,0,0,0,0,0,0,0,0,0,0,0,0,0,0,0,0,0,0,0,0,0,0,45708,4050,22696,18646,18646,0,0,3322,0,0,19,0,0,0,0,0,0,0,1,0,1,0,0,0,0,0,0,0,0,0,0,0,0,0,0,0,0,0,0,0,0,714,24,0
1774383485.002292,2292,ubuntu-rog,1,0,0,8485804,0,2874398,3930282,497827,0,19,0,0,0,0,0,1551615416,0,0,4907,1552766052,0,0,2874398,3930282,497827,0,244550,144106,0,0,0,0,0,0,0,0,0,0,2868128,102667,4434504,19,0,0,6367,0,0,0,0,0,0,0,36650143,34035507,0,0,89759,89759,15264,16453,0,0,0,0,0,0,0,0,0,2558954,1277915,0,262144,6535356,169697729,0,0,1026,1025,1570385931,0,0,0,0,0,0,0,0,0,0,0,0,1578893919,0,13999,1857070,1435431935,22701,0,0,98992616,0,0,0,0,0,0,0,0,0,0,0,0,0,0,0,0,0,0,0,14582,0,0,0,0,0,0,0,0,0,0,0,0,0,0,0,0,0,0,0,0,0,0,0,0,45708,4050,22696,18646,18646,0,0,3322,0,0,19,0,0,0,0,0,0,0,1,0,1,0,0,0,0,0,0,0,0,0,0,0,0,0,0,0,0,0,0,0,0,714,24,0
1774383486.001150,1150,ubuntu-rog,1,0,0,8485804,0,2874398,3930282,497827,0,20,0,0,0,0,0,1551615447,0,0,4907,1552766083,0,0,2874398,3930282,497827,0,244550,144106,0,0,0,0,0,0,0,0,0,0,2868128,102667,4434505,20,0,0,6367,0,0,0,0,0,0,0,36650144,34035507,0,0,89759,89759,15264,16453,0,0,0,0,0,0,0,0,0,2558954,1277915,0,262144,6535356,169697729,0,0,1026,1025,1570385962,0,0,0,0,0,0,0,0,0,0,0,0,1578893949,0,13999,1857070,1435431935,22701,0,0,98992616,0,0,0,0,0,0,0,0,0,0,0,0,0,0,0,0,0,0,0,14582,0,0,0,0,0,0,0,0,0,0,0,0,0,0,0,0,0,0,0,0,0,0,0,0,45708,4050,22696,18646,18646,0,0,3322,0,0,19,0,0,0,0,0,0,0,1,0,1,0,0,0,0,0,0,0,0,0,0,0,0,0,0,0,0,0,0,0,0,714,24,0
1774383487.001143,1143,ubuntu-rog,1,0,0,8485804,0,2874398,3930282,497827,0,23,0,0,0,0,0,1551615479,0,0,4907,1552766115,0,0,2874398,3930282,497827,0,244550,144106,0,0,0,0,0,0,0,0,0,0,2868128,102667,4434507,23,0,0,6367,0,0,0,0,0,0,0,36650147,34035507,0,0,89759,89759,15264,16453,0,0,0,0,0,0,0,0,0,2558954,1277915,0,262144,6535356,169697757,0,0,1026,1025,1570385994,0,0,0,0,0,0,0,0,0,0,0,0,1578893979,0,13999,1857070,1435431935,22701,0,0,98992616,0,0,0,0,0,0,0,0,0,0,0,0,0,0,0,0,0,0,0,14582,0,0,0,0,0,0,0,0,0,0,0,0,0,0,0,0,0,0,0,0,0,0,0,0,45708,4050,22696,18646,18646,0,0,3322,0,0,19,0,0,0,0,0,0,0,1,0,1,0,0,0,0,0,0,0,0,0,0,0,0,0,0,0,0,0,0,0,0,714,24,0
1774383488.001263,1263,ubuntu-rog,1,0,0,8485804,0,2874398,3930282,497827,0,23,0,0,0,0,0,1551615501,0,0,4907,1552766137,0,0,2874398,3930282,497827,0,244550,144106,0,0,0,0,0,0,0,0,0,0,2868128,102667,4434507,23,0,0,6367,0,0,0,0,0,0,0,36650147,34035507,0,0,89759,89759,15264,16453,0,0,0,0,0,0,0,0,0,2558954,1277915,0,262144,6535356,169697757,0,0,1026,1025,1570386016,0,0,0,0,0,0,0,0,0,0,0,0,1578894001,0,13999,1857070,1435431935,22701,0,0,98992616,0,0,0,0,0,0,0,0,0,0,0,0,0,0,0,0,0,0,0,14582,0,0,0,0,0,0,0,0,0,0,0,0,0,0,0,0,0,0,0,0,0,0,0,0,45708,4050,22696,18646,18646,0,0,3322,0,0,19,0,0,0,0,0,0,0,1,0,1,0,0,0,0,0,0,0,0,0,0,0,0,0,0,0,0,0,0,0,0,714,24,0
1774383489.002291,2291,ubuntu-rog,1,0,0,8485804,0,2874398,3930282,497827,0,24,0,0,0,0,0,1551615533,0,0,4907,1552766169,0,0,2874398,3930282,497827,0,244550,144106,0,0,0,0,0,0,0,0,0,0,2868128,102667,4434508,24,0,0,6367,0,0,0,0,0,0,0,36650148,34035507,0,0,89759,89759,15264,16453,0,0,0,0,0,0,0,0,0,2558954,1277915,0,262144,6535356,169697757,0,0,1026,1025,1570386048,0,0,0,0,0,0,0,0,0,0,0,0,1578894032,0,13999,1857070,1435431935,22701,0,0,98992616,0,0,0,0,0,0,0,0,0,0,0,0,0,0,0,0,0,0,0,14582,0,0,0,0,0,0,0,0,0,0,0,0,0,0,0,0,0,0,0,0,0,0,0,0,45708,4050,22696,18646,18646,0,0,3322,0,0,19,0,0,0,0,0,0,0,1,0,1,0,0,0,0,0,0,0,0,0,0,0,0,0,0,0,0,0,0,0,0,714,24,0
1774383490.001301,1301,ubuntu-rog,1,0,0,8485804,0,2874398,3930282,497827,0,25,0,0,0,0,0,1551615563,0,0,4907,1552766199,0,0,2874398,3930282,497827,0,244550,144106,0,0,0,0,0,0,0,0,0,0,2868128,102667,4434509,25,0,0,6367,0,0,0,0,0,0,0,36650149,34035507,0,0,89759,89759,15264,16453,0,0,0,0,0,0,0,0,0,2558954,1277915,0,262144,6535356,169697757,0,0,1026,1025,1570386078,0,0,0,0,0,0,0,0,0,0,0,0,1578894061,0,13999,1857070,1435431935,22701,0,0,98992616,0,0,0,0,0,0,0,0,0,0,0,0,0,0,0,0,0,0,0,14582,0,0,0,0,0,0,0,0,0,0,0,0,0,0,0,0,0,0,0,0,0,0,0,0,45708,4050,22696,18646,18646,0,0,3322,0,0,19,0,0,0,0,0,0,0,1,0,1,0,0,0,0,0,0,0,0,0,0,0,0,0,0,0,0,0,0,0,0,714,24,0
1774383491.001153,1153,ubuntu-rog,1,0,0,8485804,0,2874360,3930282,497827,0,25,0,0,0,0,0,1551615593,0,0,4907,1552766229,0,0,2874360,3930282,497827,0,244550,144107,0,0,0,0,0,0,0,0,0,0,2868090,102667,4434509,25,0,0,6367,0,0,0,0,0,0,0,36650149,34035507,0,0,89759,89759,15264,16453,0,0,0,0,0,0,0,0,0,2558954,1277915,0,262144,6535356,169697757,0,0,1026,1025,1570386108,0,0,0,0,0,0,0,0,0,0,0,0,1578894128,0,13999,1857070,1435431935,22701,0,0,98992616,0,0,0,0,0,0,0,0,0,0,0,0,0,0,0,0,0,0,0,14582,0,0,0,0,0,0,0,0,0,0,0,0,0,0,0,0,0,0,0,0,0,0,0,0,45708,4050,22696,18646,18646,0,0,3322,0,0,19,0,0,0,0,0,0,0,1,0,1,0,0,0,0,0,0,0,0,0,0,0,0,0,0,0,0,0,0,0,0,714,24,0
1774383492.001154,1154,ubuntu-rog,1,0,0,8485804,0,2874360,3930282,497827,0,7,0,0,0,0,0,1551615626,0,0,4907,1552766262,0,0,2874360,3930282,497827,0,244550,144107,0,0,0,0,0,0,0,0,0,0,2868090,102667,4434510,7,0,0,6367,0,0,0,0,0,0,0,36650149,34035525,0,0,89759,89759,15264,16453,0,0,0,0,0,0,0,0,0,2558954,1277915,0,262144,6535356,169697845,0,0,1026,1025,1570386141,0,0,0,0,0,0,0,0,0,0,0,0,1578894160,0,13999,1857070,1435431935,22701,0,0,98992616,0,0,0,0,0,0,0,0,0,0,0,0,0,0,0,0,0,0,0,14582,0,0,0,0,0,0,0,0,0,0,0,0,0,0,0,0,0,0,0,0,0,0,0,0,45708,4050,22696,18646,18646,0,0,3322,0,0,19,0,0,0,0,0,0,0,1,0,1,0,0,0,0,0,0,0,0,0,0,0,0,0,0,0,0,0,0,0,0,714,24,0
1774383493.002252,2252,ubuntu-rog,1,0,0,8485804,0,2874360,3930282,497827,0,9,0,0,0,0,0,1551615650,0,0,4907,1552766286,0,0,2874360,3930282,497827,0,244550,144107,0,0,0,0,0,0,0,0,0,0,2868090,102667,4434511,9,0,0,6367,0,0,0,0,0,0,0,36650151,34035525,0,0,89759,89759,15264,16453,0,0,0,0,0,0,0,0,0,2558954,1277915,0,262144,6535356,169697845,0,0,1026,1025,1570386165,0,0,0,0,0,0,0,0,0,0,0,0,1578894183,0,13999,1857070,1435431944,22701,0,0,98992625,0,0,0,0,0,0,0,0,0,0,0,0,0,0,0,0,0,0,0,14582,0,0,0,0,0,0,0,0,0,0,0,0,0,0,0,0,0,0,0,0,0,0,0,0,45708,4050,22696,18646,18646,0,0,3322,0,0,19,0,0,0,0,0,0,0,1,0,1,0,0,0,0,0,0,0,0,0,0,0,0,0,0,0,0,0,0,0,0,714,24,0
1774383494.001274,1274,ubuntu-rog,1,0,0,8485804,0,2874360,3930282,497827,0,9,0,0,0,0,0,1551615677,0,0,4907,1552766313,0,0,2874360,3930282,497827,0,244550,144107,0,0,0,0,0,0,0,0,0,0,2868090,102667,4434511,9,0,0,6367,0,0,0,0,0,0,0,36650151,34035525,0,0,89759,89759,15264,16453,0,0,0,0,0,0,0,0,0,2558954,1277915,0,262144,6535356,169697845,0,0,1026,1025,1570386192,0,0,0,0,0,0,0,0,0,0,0,0,1578894210,0,13999,1857070,1435431944,22701,0,0,98992625,0,0,0,0,0,0,0,0,0,0,0,0,0,0,0,0,0,0,0,14582,0,0,0,0,0,0,0,0,0,0,0,0,0,0,0,0,0,0,0,0,0,0,0,0,45708,4050,22696,18646,18646,0,0,3322,0,0,19,0,0,0,0,0,0,0,1,0,1,0,0,0,0,0,0,0,0,0,0,0,0,0,0,0,0,0,0,0,0,714,24,0
1774383495.001303,1303,ubuntu-rog,1,0,0,8485804,0,2874360,3930282,497827,0,9,0,0,0,0,0,1551615709,0,0,4907,1552766345,0,0,2874360,3930282,497827,0,244550,144107,0,0,0,0,0,0,0,0,0,0,2868090,102667,4434511,9,0,0,6367,0,0,0,0,0,0,0,36650151,34035525,0,0,89759,89759,15264,16453,0,0,0,0,0,0,0,0,0,2558954,1277915,0,262144,6535356,169697845,0,0,1026,1025,1570386224,0,0,0,0,0,0,0,0,0,0,0,0,1578894242,0,13999,1857070,1435431944,22701,0,0,98992625,0,0,0,0,0,0,0,0,0,0,0,0,0,0,0,0,0,0,0,14582,0,0,0,0,0,0,0,0,0,0,0,0,0,0,0,0,0,0,0,0,0,0,0,0,45708,4050,22696,18646,18646,0,0,3322,0,0,19,0,0,0,0,0,0,0,1,0,1,0,0,0,0,0,0,0,0,0,0,0,0,0,0,0,0,0,0,0,0,714,24,0
1774383496.001158,1158,ubuntu-rog,1,0,0,8485804,0,2874360,3930282,497827,0,12,0,0,0,0,0,1551615735,0,0,4907,1552766371,0,0,2874360,3930282,497827,0,244550,144107,0,0,0,0,0,0,0,0,0,0,2868090,102667,4434513,12,0,0,6367,0,0,0,0,0,0,0,36650154,34035525,0,0,89759,89759,15264,16453,0,0,0,0,0,0,0,0,0,2558954,1277915,0,262144,6535356,169697849,0,0,1026,1025,1570386250,0,0,0,0,0,0,0,0,0,0,0,0,1578894266,0,13999,1857070,1435431944,22701,0,0,98992625,0,0,0,0,0,0,0,0,0,0,0,0,0,0,0,0,0,0,0,14582,0,0,0,0,0,0,0,0,0,0,0,0,0,0,0,0,0,0,0,0,0,0,0,0,45708,4050,22696,18646,18646,0,0,3322,0,0,19,0,0,0,0,0,0,0,1,0,1,0,0,0,0,0,0,0,0,0,0,0,0,0,0,0,0,0,0,0,0,714,24,0
1774383497.002157,2157,ubuntu-rog,1,0,0,8485804,0,2874360,3930282,497827,0,8,0,0,0,0,0,1551615765,0,0,4907,1552766401,0,0,2874360,3930282,497827,0,244550,144107,0,0,0,0,0,0,0,0,0,0,2868090,102667,4434514,8,0,0,6367,0,0,0,0,0,0,0,36650155,34035530,0,0,89759,89759,15264,16453,0,0,0,0,0,0,0,0,0,2558954,1277915,0,262144,6535356,169697849,0,0,1026,1025,1570386280,0,0,0,0,0,0,0,0,0,0,0,0,1578894295,0,13999,1857070,1435431944,22701,0,0,98992625,0,0,0,0,0,0,0,0,0,0,0,0,0,0,0,0,0,0,0,14582,0,0,0,0,0,0,0,0,0,0,0,0,0,0,0,0,0,0,0,0,0,0,0,0,45708,4050,22696,18646,18646,0,0,3322,0,0,19,0,0,0,0,0,0,0,1,0,1,0,0,0,0,0,0,0,0,0,0,0,0,0,0,0,0,0,0,0,0,714,24,0
1774383498.001261,1261,ubuntu-rog,1,0,0,8485678,0,2874609,3930299,497827,0,89,0,0,0,0,0,1551616452,0,0,4907,1552767088,0,0,2874609,3930299,497827,0,244551,144107,0,0,0,0,0,0,0,0,0,0,2868345,102724,4434517,89,0,0,6368,0,0,0,0,0,0,0,36650236,34035530,0,0,89759,89759,15344,16481,0,0,0,0,0,0,0,0,0,2558933,1277904,0,262144,6535356,169697885,0,0,1026,1025,1570386967,0,0,0,0,0,0,0,0,0,0,0,0,1578894693,0,13999,1857070,1435433230,22701,0,0,98992986,0,0,0,0,0,0,0,0,0,0,0,0,0,0,0,0,0,0,0,14582,0,0,0,0,0,0,0,0,0,0,0,0,0,0,0,0,0,0,0,0,0,0,0,0,45708,4050,22696,18646,18646,0,0,3322,0,0,19,0,0,0,0,0,0,0,1,0,1,0,0,0,0,0,0,0,0,0,0,0,0,0,0,0,0,0,0,0,0,714,24,0
1774383499.001297,1297,ubuntu-rog,1,0,0,8485678,0,2874609,3930299,497827,0,89,0,0,0,0,0,1551616492,0,0,4907,1552767128,0,0,2874609,3930299,497827,0,244551,144107,0,0,0,0,0,0,0,0,0,0,2868345,102724,4434517,89,0,0,6368,0,0,0,0,0,0,0,36650236,34035530,0,0,89759,89759,15344,16481,0,0,0,0,0,0,0,0,0,2558933,1277904,0,262144,6535356,169697885,0,0,1026,1025,1570387007,0,0,0,0,0,0,0,0,0,0,0,0,1578894732,0,13999,1857070,1435433235,22701,0,0,98992990,0,0,0,0,0,0,0,0,0,0,0,0,0,0,0,0,0,0,0,14582,0,0,0,0,0,0,0,0,0,0,0,0,0,0,0,0,0,0,0,0,0,0,0,0,45708,4050,22696,18646,18646,0,0,3322,0,0,19,0,0,0,0,0,0,0,1,0,1,0,0,0,0,0,0,0,0,0,0,0,0,0,0,0,0,0,0,0,0,714,24,0
1774383500.001291,1291,ubuntu-rog,1,0,0,8485678,0,2874609,3930299,497827,0,94,0,0,0,0,0,1551616523,0,0,4907,1552767159,0,0,2874609,3930299,497827,0,244551,144107,0,0,0,0,0,0,0,0,0,0,2868346,102724,4434518,94,0,0,6368,0,0,0,0,0,0,0,36650241,34035530,0,0,89759,89759,15344,16481,0,0,0,0,0,0,0,0,0,2558933,1277904,0,262144,6535356,169697885,0,0,1026,1025,1570387038,0,0,0,0,0,0,0,0,0,0,0,0,1578894762,0,13999,1857070,1435433235,22701,0,0,98992990,0,0,0,0,0,0,0,0,0,0,0,0,0,0,0,0,0,0,0,14582,0,0,0,0,0,0,0,0,0,0,0,0,0,0,0,0,0,0,0,0,0,0,0,0,45708,4050,22696,18646,18646,0,0,3322,0,0,19,0,0,0,0,0,0,0,1,0,1,0,0,0,0,0,0,0,0,0,0,0,0,0,0,0,0,0,0,0,0,714,24,0
1774383501.002151,2151,ubuntu-rog,1,0,0,8485678,0,2874609,3930299,497827,0,94,0,0,0,0,0,1551616551,0,0,4907,1552767187,0,0,2874609,3930299,497827,0,244551,144107,0,0,0,0,0,0,0,0,0,0,2868346,102724,4434518,94,0,0,6368,0,0,0,0,0,0,0,36650241,34035530,0,0,89759,89759,15344,16481,0,0,0,0,0,0,0,0,0,2558933,1277904,0,262144,6535356,169697885,0,0,1026,1025,1570387066,0,0,0,0,0,0,0,0,0,0,0,0,1578894798,0,13999,1857070,1435433235,22701,0,0,98992990,0,0,0,0,0,0,0,0,0,0,0,0,0,0,0,0,0,0,0,14582,0,0,0,0,0,0,0,0,0,0,0,0,0,0,0,0,0,0,0,0,0,0,0,0,45708,4050,22696,18646,18646,0,0,3322,0,0,19,0,0,0,0,0,0,0,1,0,1,0,0,0,0,0,0,0,0,0,0,0,0,0,0,0,0,0,0,0,0,714,24,0
1774383502.001160,1160,ubuntu-rog,1,0,0,8485678,0,2874609,3930299,497827,0,95,0,0,0,0,0,1551616573,0,0,4907,1552767209,0,0,2874609,3930299,497827,0,244551,144107,0,0,0,0,0,0,0,0,0,0,2868346,102724,4434519,95,0,0,6368,0,0,0,0,0,0,0,36650242,34035530,0,0,89759,89759,15344,16481,0,0,0,0,0,0,0,0,0,2558933,1277904,0,262144,6535356,169697885,0,0,1026,1025,1570387088,0,0,0,0,0,0,0,0,0,0,0,0,1578894819,0,13999,1857070,1435433235,22701,0,0,98992990,0,0,0,0,0,0,0,0,0,0,0,0,0,0,0,0,0,0,0,14582,0,0,0,0,0,0,0,0,0,0,0,0,0,0,0,0,0,0,0,0,0,0,0,0,45708,4050,22696,18646,18646,0,0,3322,0,0,19,0,0,0,0,0,0,0,1,0,1,0,0,0,0,0,0,0,0,0,0,0,0,0,0,0,0,0,0,0,0,714,24,0
1774383503.001257,1257,ubuntu-rog,1,0,0,8485678,0,2874609,3930299,497827,0,98,0,0,0,0,0,1551616605,0,0,4907,1552767241,0,0,2874609,3930299,497827,0,244551,144107,0,0,0,0,0,0,0,0,0,0,2868346,102724,4434520,98,0,0,6368,0,0,0,0,0,0,0,36650245,34035530,0,0,89759,89759,15344,16481,0,0,0,0,0,0,0,0,0,2558933,1277904,0,262144,6535356,169697913,0,0,1026,1025,1570387120,0,0,0,0,0,0,0,0,0,0,0,0,1578894850,0,13999,1857070,1435433235,22701,0,0,98992990,0,0,0,0,0,0,0,0,0,0,0,0,0,0,0,0,0,0,0,14582,0,0,0,0,0,0,0,0,0,0,0,0,0,0,0,0,0,0,0,0,0,0,0,0,45708,4050,22696,18646,18646,0,0,3322,0,0,19,0,0,0,0,0,0,0,1,0,1,0,0,0,0,0,0,0,0,0,0,0,0,0,0,0,0,0,0,0,0,714,24,0
1774383504.001293,1293,ubuntu-rog,1,0,0,8485678,0,2874609,3930299,497827,0,99,0,0,0,0,0,1551616665,0,0,4907,1552767301,0,0,2874609,3930299,497827,0,244551,144107,0,0,0,0,0,0,0,0,0,0,2868346,102724,4434521,99,0,0,6368,0,0,0,0,0,0,0,36650246,34035530,0,0,89759,89759,15344,16481,0,0,0,0,0,0,0,0,0,2558933,1277904,0,262144,6535356,169697913,0,0,1026,1025,1570387180,0,0,0,0,0,0,0,0,0,0,0,0,1578894909,0,13999,1857070,1435433235,22701,0,0,98992990,0,0,0,0,0,0,0,0,0,0,0,0,0,0,0,0,0,0,0,14582,0,0,0,0,0,0,0,0,0,0,0,0,0,0,0,0,0,0,0,0,0,0,0,0,45708,4050,22696,18646,18646,0,0,3322,0,0,19,0,0,0,0,0,0,0,1,0,1,0,0,0,0,0,0,0,0,0,0,0,0,0,0,0,0,0,0,0,0,714,24,0
1774383505.005291,5291,ubuntu-rog,1,0,0,8485678,0,2874609,3930299,497827,0,99,0,0,0,0,0,1551616719,0,0,4907,1552767355,0,0,2874609,3930299,497827,0,244551,144107,0,0,0,0,0,0,0,0,0,0,2868346,102724,4434521,99,0,0,6368,0,0,0,0,0,0,0,36650246,34035530,0,0,89759,89759,15344,16481,0,0,0,0,0,0,0,0,0,2558933,1277904,0,262144,6535356,169697913,0,0,1026,1025,1570387234,0,0,0,0,0,0,0,0,0,0,0,0,1578894963,0,13999,1857070,1435433235,22701,0,0,98992990,0,0,0,0,0,0,0,0,0,0,0,0,0,0,0,0,0,0,0,14582,0,0,0,0,0,0,0,0,0,0,0,0,0,0,0,0,0,0,0,0,0,0,0,0,45708,4050,22696,18646,18646,0,0,3322,0,0,19,0,0,0,0,0,0,0,1,0,1,0,0,0,0,0,0,0,0,0,0,0,0,0,0,0,0,0,0,0,0,714,24,0
1774383506.004149,4149,ubuntu-rog,1,0,0,8485678,0,2874609,3930299,497827,0,99,0,0,0,0,0,1551616772,0,0,4907,1552767408,0,0,2874609,3930299,497827,0,244551,144107,0,0,0,0,0,0,0,0,0,0,2868346,102724,4434521,99,0,0,6368,0,0,0,0,0,0,0,36650246,34035530,0,0,89759,89759,15344,16481,0,0,0,0,0,0,0,0,0,2558933,1277904,0,262144,6535356,169697913,0,0,1026,1025,1570387287,0,0,0,0,0,0,0,0,0,0,0,0,1578895016,0,13999,1857070,1435433235,22701,0,0,98992990,0,0,0,0,0,0,0,0,0,0,0,0,0,0,0,0,0,0,0,14582,0,0,0,0,0,0,0,0,0,0,0,0,0,0,0,0,0,0,0,0,0,0,0,0,45708,4050,22696,18646,18646,0,0,3322,0,0,19,0,0,0,0,0,0,0,1,0,1,0,0,0,0,0,0,0,0,0,0,0,0,0,0,0,0,0,0,0,0,714,24,0
1774383507.001127,1127,ubuntu-rog,1,0,0,8485678,0,2874609,3930299,497827,0,100,0,0,0,0,0,1551616810,0,0,4907,1552767446,0,0,2874609,3930299,497827,0,244551,144107,0,0,0,0,0,0,0,0,0,0,2868346,102724,4434522,100,0,0,6368,0,0,0,0,0,0,0,36650247,34035530,0,0,89759,89759,15344,16481,0,0,0,0,0,0,0,0,0,2558933,1277904,0,262144,6535356,169697913,0,0,1026,1025,1570387325,0,0,0,0,0,0,0,0,0,0,0,0,1578895053,0,13999,1857070,1435433235,22701,0,0,98992990,0,0,0,0,0,0,0,0,0,0,0,0,0,0,0,0,0,0,0,14582,0,0,0,0,0,0,0,0,0,0,0,0,0,0,0,0,0,0,0,0,0,0,0,0,45708,4050,22696,18646,18646,0,0,3322,0,0,19,0,0,0,0,0,0,0,1,0,1,0,0,0,0,0,0,0,0,0,0,0,0,0,0,0,0,0,0,0,0,714,24,0
1774383508.002266,2266,ubuntu-rog,1,0,0,8485975,0,2874360,3930326,497827,0,107,0,0,0,0,0,1551616940,0,0,4907,1552767576,0,0,2874360,3930326,497827,0,244551,144107,0,0,0,0,0,0,0,0,0,0,2868094,102668,4434523,107,0,0,6367,0,0,0,0,0,0,0,36650254,34035530,0,0,89759,89759,15280,16453,0,0,0,0,0,0,0,0,0,2558997,1277936,0,262144,6535356,169697929,0,0,1026,1025,1570387455,0,0,0,0,0,0,0,0,0,0,0,0,1578895430,0,13999,1857070,1435433493,22701,0,0,98993169,0,0,0,0,0,0,0,0,0,0,0,0,0,0,0,0,0,0,0,14582,0,0,0,0,0,0,0,0,0,0,0,0,0,0,0,0,0,0,0,0,0,0,0,0,45708,4050,22696,18646,18646,0,0,3322,0,0,19,0,0,0,0,0,0,0,1,0,1,0,0,0,0,0,0,0,0,0,0,0,0,0,0,0,0,0,0,0,0,714,24,0
1774383509.001305,1305,ubuntu-rog,1,0,0,8485975,0,2874358,3930326,497827,0,108,0,0,0,0,0,1551616973,0,0,4907,1552767609,0,0,2874358,3930326,497827,0,244551,144107,0,0,0,0,0,0,0,0,0,0,2868093,102668,4434524,108,0,0,6367,0,0,0,0,0,0,0,36650255,34035530,0,0,89759,89759,15280,16453,0,0,0,0,0,0,0,0,0,2558997,1277936,0,262144,6535356,169697929,0,0,1026,1025,1570387488,0,0,0,0,0,0,0,0,0,0,0,0,1578895463,0,13999,1857070,1435433494,22701,0,0,98993169,0,0,0,0,0,0,0,0,0,0,0,0,0,0,0,0,0,0,0,14582,0,0,0,0,0,0,0,0,0,0,0,0,0,0,0,0,0,0,0,0,0,0,0,0,45708,4050,22696,18646,18646,0,0,3322,0,0,19,0,0,0,0,0,0,0,1,0,1,0,0,0,0,0,0,0,0,0,0,0,0,0,0,0,0,0,0,0,0,714,24,0
1774383510.001301,1301,ubuntu-rog,1,0,0,8485975,0,2874358,3930326,497827,0,108,0,0,0,0,0,1551616998,0,0,4907,1552767634,0,0,2874358,3930326,497827,0,244551,144107,0,0,0,0,0,0,0,0,0,0,2868093,102668,4434524,108,0,0,6367,0,0,0,0,0,0,0,36650255,34035530,0,0,89759,89759,15280,16453,0,0,0,0,0,0,0,0,0,2558997,1277936,0,262144,6535356,169697929,0,0,1026,1025,1570387513,0,0,0,0,0,0,0,0,0,0,0,0,1578895488,0,13999,1857070,1435433499,22701,0,0,98993174,0,0,0,0,0,0,0,0,0,0,0,0,0,0,0,0,0,0,0,14582,0,0,0,0,0,0,0,0,0,0,0,0,0,0,0,0,0,0,0,0,0,0,0,0,45708,4050,22696,18646,18646,0,0,3322,0,0,19,0,0,0,0,0,0,0,1,0,1,0,0,0,0,0,0,0,0,0,0,0,0,0,0,0,0,0,0,0,0,714,24,0
1774383511.001159,1159,ubuntu-rog,1,0,0,8485975,0,2874358,3930326,497827,0,109,0,0,0,0,0,1551617029,0,0,4907,1552767665,0,0,2874358,3930326,497827,0,244551,144107,0,0,0,0,0,0,0,0,0,0,2868093,102668,4434525,109,0,0,6367,0,0,0,0,0,0,0,36650256,34035530,0,0,89759,89759,15280,16453,0,0,0,0,0,0,0,0,0,2558997,1277936,0,262144,6535356,169697929,0,0,1026,1025,1570387544,0,0,0,0,0,0,0,0,0,0,0,0,1578895518,0,13999,1857070,1435433499,22701,0,0,98993174,0,0,0,0,0,0,0,0,0,0,0,0,0,0,0,0,0,0,0,14582,0,0,0,0,0,0,0,0,0,0,0,0,0,0,0,0,0,0,0,0,0,0,0,0,45708,4050,22696,18646,18646,0,0,3322,0,0,19,0,0,0,0,0,0,0,1,0,1,0,0,0,0,0,0,0,0,0,0,0,0,0,0,0,0,0,0,0,0,714,24,0
1774383512.002153,2153,ubuntu-rog,1,0,0,8485975,0,2874358,3930326,497827,0,109,0,0,0,0,0,1551617058,0,0,4907,1552767694,0,0,2874358,3930326,497827,0,244551,144107,0,0,0,0,0,0,0,0,0,0,2868093,102668,4434525,109,0,0,6367,0,0,0,0,0,0,0,36650256,34035530,0,0,89759,89759,15280,16453,0,0,0,0,0,0,0,0,0,2558997,1277936,0,262144,6535356,169697929,0,0,1026,1025,1570387573,0,0,0,0,0,0,0,0,0,0,0,0,1578895547,0,13999,1857070,1435433499,22701,0,0,98993174,0,0,0,0,0,0,0,0,0,0,0,0,0,0,0,0,0,0,0,14582,0,0,0,0,0,0,0,0,0,0,0,0,0,0,0,0,0,0,0,0,0,0,0,0,45708,4050,22696,18646,18646,0,0,3322,0,0,19,0,0,0,0,0,0,0,1,0,1,0,0,0,0,0,0,0,0,0,0,0,0,0,0,0,0,0,0,0,0,714,24,0
1774383513.001262,1262,ubuntu-rog,1,0,0,8485975,0,2874358,3930326,497827,0,109,0,0,0,0,0,1551617080,0,0,4907,1552767716,0,0,2874358,3930326,497827,0,244551,144107,0,0,0,0,0,0,0,0,0,0,2868093,102668,4434526,109,0,0,6367,0,0,0,0,0,0,0,36650256,34035530,0,0,89759,89759,15280,16453,0,0,0,0,0,0,0,0,0,2558997,1277936,0,262144,6535356,169697957,0,0,1026,1025,1570387595,0,0,0,0,0,0,0,0,0,0,0,0,1578895568,0,13999,1857070,1435433499,22701,0,0,98993174,0,0,0,0,0,0,0,0,0,0,0,0,0,0,0,0,0,0,0,14582,0,0,0,0,0,0,0,0,0,0,0,0,0,0,0,0,0,0,0,0,0,0,0,0,45708,4050,22696,18646,18646,0,0,3322,0,0,19,0,0,0,0,0,0,0,1,0,1,0,0,0,0,0,0,0,0,0,0,0,0,0,0,0,0,0,0,0,0,714,24,0
1774383514.001510,1510,ubuntu-rog,1,0,0,8485975,0,2874358,3930326,497827,0,110,0,0,0,0,0,1551617112,0,0,4907,1552767748,0,0,2874358,3930326,497827,0,244551,144107,0,0,0,0,0,0,0,0,0,0,2868093,102668,4434527,110,0,0,6367,0,0,0,0,0,0,0,36650257,34035530,0,0,89759,89759,15264,16453,0,0,0,0,0,0,0,0,0,2558997,1277936,0,262144,6535356,169697957,0,0,1026,1025,1570387627,0,0,0,0,0,0,0,0,0,0,0,0,1578895599,0,13999,1857070,1435433499,22701,0,0,98993174,0,0,0,0,0,0,0,0,0,0,0,0,0,0,0,0,0,0,0,14582,0,0,0,0,0,0,0,0,0,0,0,0,0,0,0,0,0,0,0,0,0,0,0,0,45708,4050,22696,18646,18646,0,0,3322,0,0,19,0,0,0,0,0,0,0,1,0,1,0,0,0,0,0,0,0,0,0,0,0,0,0,0,0,0,0,0,0,0,714,24,0
1774383515.002307,2307,ubuntu-rog,1,0,0,8485975,0,2874358,3930326,497827,0,111,0,0,0,0,0,1551617150,0,0,4907,1552767786,0,0,2874358,3930326,497827,0,244551,144107,0,0,0,0,0,0,0,0,0,0,2868093,102668,4434528,111,0,0,6367,0,0,0,0,0,0,0,36650258,34035530,0,0,89759,89759,15264,16453,0,0,0,0,0,0,0,0,0,2558997,1277936,0,262144,6535356,169697957,0,0,1026,1025,1570387665,0,0,0,0,0,0,0,0,0,0,0,0,1578895636,0,13999,1857070,1435433499,22701,0,0,98993174,0,0,0,0,0,0,0,0,0,0,0,0,0,0,0,0,0,0,0,14582,0,0,0,0,0,0,0,0,0,0,0,0,0,0,0,0,0,0,0,0,0,0,0,0,45708,4050,22696,18646,18646,0,0,3322,0,0,19,0,0,0,0,0,0,0,1,0,1,0,0,0,0,0,0,0,0,0,0,0,0,0,0,0,0,0,0,0,0,714,24,0
1774383516.001163,1163,ubuntu-rog,1,0,0,8485975,0,2874358,3930326,497827,0,111,0,0,0,0,0,1551617191,0,0,4907,1552767827,0,0,2874358,3930326,497827,0,244551,144107,0,0,0,0,0,0,0,0,0,0,2868093,102668,4434528,111,0,0,6367,0,0,0,0,0,0,0,36650258,34035530,0,0,89759,89759,15264,16453,0,0,0,0,0,0,0,0,0,2558997,1277936,0,262144,6535356,169697957,0,0,1026,1025,1570387706,0,0,0,0,0,0,0,0,0,0,0,0,1578895677,0,13999,1857070,1435433499,22701,0,0,98993174,0,0,0,0,0,0,0,0,0,0,0,0,0,0,0,0,0,0,0,14582,0,0,0,0,0,0,0,0,0,0,0,0,0,0,0,0,0,0,0,0,0,0,0,0,45708,4050,22696,18646,18646,0,0,3322,0,0,19,0,0,0,0,0,0,0,1,0,1,0,0,0,0,0,0,0,0,0,0,0,0,0,0,0,0,0,0,0,0,714,24,0
1774383517.001159,1159,ubuntu-rog,1,0,0,8485975,0,2874358,3930326,497827,0,111,0,0,0,0,0,1551617253,0,0,4907,1552767889,0,0,2874358,3930326,497827,0,244551,144107,0,0,0,0,0,0,0,0,0,0,2868093,102668,4434528,111,0,0,6367,0,0,0,0,0,0,0,36650258,34035530,0,0,89759,89759,15264,16453,0,0,0,0,0,0,0,0,0,2558997,1277936,0,262144,6535356,169697973,0,0,1026,1025,1570387768,0,0,0,0,0,0,0,0,0,0,0,0,1578895741,0,13999,1857070,1435433499,22701,0,0,98993174,0,0,0,0,0,0,0,0,0,0,0,0,0,0,0,0,0,0,0,14582,0,0,0,0,0,0,0,0,0,0,0,0,0,0,0,0,0,0,0,0,0,0,0,0,45708,4050,22696,18646,18646,0,0,3322,0,0,19,0,0,0,0,0,0,0,1,0,1,0,0,0,0,0,0,0,0,0,0,0,0,0,0,0,0,0,0,0,0,714,24,0
1774383518.001263,1263,ubuntu-rog,1,0,0,8485975,0,2874370,3930326,497827,0,108,0,0,0,0,0,1551617297,0,0,4907,1552767933,0,0,2874370,3930326,497827,0,244551,144107,0,0,0,0,0,0,0,0,0,0,2868093,102668,4434529,108,0,0,6367,0,0,0,0,0,0,0,36650259,34035534,0,0,89759,89759,15264,16453,0,0,0,0,0,0,0,0,0,2558997,1277936,0,262144,6535356,169697973,0,0,1026,1025,1570387812,0,0,0,0,0,0,0,0,0,0,0,0,1578895784,0,13999,1857070,1435433499,22701,0,0,98993174,0,0,0,0,0,0,0,0,0,0,0,0,0,0,0,0,0,0,0,14582,0,0,0,0,0,0,0,0,0,0,0,0,0,0,0,0,0,0,0,0,0,0,0,0,45708,4050,22696,18646,18646,0,0,3322,0,0,19,0,0,0,0,0,0,0,1,0,1,0,0,0,0,0,0,0,0,0,0,0,0,0,0,0,0,0,0,0,0,714,24,0
1774383519.002298,2298,ubuntu-rog,1,0,0,8485975,0,2874370,3930326,497827,0,109,0,0,0,0,0,1551617331,0,0,4907,1552767967,0,0,2874370,3930326,497827,0,244551,144107,0,0,0,0,0,0,0,0,0,0,2868093,102668,4434531,109,0,0,6367,0,0,0,0,0,0,0,36650260,34035534,0,0,89759,89759,15264,16453,0,0,0,0,0,0,0,0,0,2558997,1277936,0,262144,6535356,169698001,0,0,1026,1025,1570387846,0,0,0,0,0,0,0,0,0,0,0,0,1578895816,0,13999,1857070,1435433499,22701,0,0,98993174,0,0,0,0,0,0,0,0,0,0,0,0,0,0,0,0,0,0,0,14582,0,0,0,0,0,0,0,0,0,0,0,0,0,0,0,0,0,0,0,0,0,0,0,0,45708,4050,22696,18646,18646,0,0,3322,0,0,19,0,0,0,0,0,0,0,1,0,1,0,0,0,0,0,0,0,0,0,0,0,0,0,0,0,0,0,0,0,0,714,24,0
1774383520.004295,4295,ubuntu-rog,1,0,0,8485975,0,2874370,3930326,497827,0,109,0,0,0,0,0,1551617369,0,0,4907,1552768005,0,0,2874370,3930326,497827,0,244551,144107,0,0,0,0,0,0,0,0,0,0,2868093,102668,4434531,109,0,0,6367,0,0,0,0,0,0,0,36650260,34035534,0,0,89759,89759,15264,16453,0,0,0,0,0,0,0,0,0,2558997,1277936,0,262144,6535356,169698001,0,0,1026,1025,1570387884,0,0,0,0,0,0,0,0,0,0,0,0,1578895854,0,13999,1857070,1435433499,22701,0,0,98993174,0,0,0,0,0,0,0,0,0,0,0,0,0,0,0,0,0,0,0,14582,0,0,0,0,0,0,0,0,0,0,0,0,0,0,0,0,0,0,0,0,0,0,0,0,45708,4050,22696,18646,18646,0,0,3322,0,0,19,0,0,0,0,0,0,0,1,0,1,0,0,0,0,0,0,0,0,0,0,0,0,0,0,0,0,0,0,0,0,714,24,0
1774383521.001163,1163,ubuntu-rog,1,0,0,8485975,0,2874370,3930326,497827,0,113,0,0,0,0,0,1551617401,0,0,4907,1552768037,0,0,2874370,3930326,497827,0,244551,144107,0,0,0,0,0,0,0,0,0,0,2868093,102668,4434534,113,0,0,6367,0,0,0,0,0,0,0,36650264,34035534,0,0,89759,89759,15264,16453,0,0,0,0,0,0,0,0,0,2558997,1277936,0,262144,6535356,169698001,0,0,1026,1025,1570387916,0,0,0,0,0,0,0,0,0,0,0,0,1578895883,0,13999,1857070,1435433499,22701,0,0,98993174,0,0,0,0,0,0,0,0,0,0,0,0,0,0,0,0,0,0,0,14582,0,0,0,0,0,0,0,0,0,0,0,0,0,0,0,0,0,0,0,0,0,0,0,0,45708,4050,22696,18646,18646,0,0,3322,0,0,19,0,0,0,0,0,0,0,1,0,1,0,0,0,0,0,0,0,0,0,0,0,0,0,0,0,0,0,0,0,0,714,24,0
1774383522.001166,1166,ubuntu-rog,1,0,0,8485975,0,2874370,3930326,497827,0,113,0,0,0,0,0,1551617431,0,0,4907,1552768067,0,0,2874370,3930326,497827,0,244551,144107,0,0,0,0,0,0,0,0,0,0,2868093,102668,4434534,113,0,0,6367,0,0,0,0,0,0,0,36650264,34035534,0,0,89759,89759,15264,16453,0,0,0,0,0,0,0,0,0,2558997,1277936,0,262144,6535356,169698001,0,0,1026,1025,1570387946,0,0,0,0,0,0,0,0,0,0,0,0,1578895913,0,13999,1857070,1435433501,22701,0,0,98993176,0,0,0,0,0,0,0,0,0,0,0,0,0,0,0,0,0,0,0,14582,0,0,0,0,0,0,0,0,0,0,0,0,0,0,0,0,0,0,0,0,0,0,0,0,45708,4050,22696,18646,18646,0,0,3322,0,0,19,0,0,0,0,0,0,0,1,0,1,0,0,0,0,0,0,0,0,0,0,0,0,0,0,0,0,0,0,0,0,714,24,0
1774383523.001266,1266,ubuntu-rog,1,0,0,8485975,0,2874370,3930326,497827,0,113,0,0,0,0,0,1551617462,0,0,4907,1552768098,0,0,2874370,3930326,497827,0,244551,144107,0,0,0,0,0,0,0,0,0,0,2868093,102668,4434534,113,0,0,6367,0,0,0,0,0,0,0,36650264,34035534,0,0,89759,89759,15264,16453,0,0,0,0,0,0,0,0,0,2558997,1277936,0,262144,6535356,169698001,0,0,1026,1025,1570387977,0,0,0,0,0,0,0,0,0,0,0,0,1578895944,0,13999,1857070,1435433501,22701,0,0,98993176,0,0,0,0,0,0,0,0,0,0,0,0,0,0,0,0,0,0,0,14582,0,0,0,0,0,0,0,0,0,0,0,0,0,0,0,0,0,0,0,0,0,0,0,0,45708,4050,22696,18646,18646,0,0,3322,0,0,19,0,0,0,0,0,0,0,1,0,1,0,0,0,0,0,0,0,0,0,0,0,0,0,0,0,0,0,0,0,0,714,24,0
1774383524.001299,1299,ubuntu-rog,1,0,0,8485975,0,2874370,3930326,497827,0,113,0,0,0,0,0,1551617489,0,0,4907,1552768125,0,0,2874370,3930326,497827,0,244551,144107,0,0,0,0,0,0,0,0,0,0,2868093,102668,4434535,113,0,0,6367,0,0,0,0,0,0,0,36650264,34035534,0,0,89759,89759,15264,16453,0,0,0,0,0,0,0,0,0,2558997,1277936,0,262144,6535356,169698017,0,0,1026,1025,1570388004,0,0,0,0,0,0,0,0,0,0,0,0,1578895970,0,13999,1857070,1435433501,22701,0,0,98993176,0,0,0,0,0,0,0,0,0,0,0,0,0,0,0,0,0,0,0,14582,0,0,0,0,0,0,0,0,0,0,0,0,0,0,0,0,0,0,0,0,0,0,0,0,45708,4050,22696,18646,18646,0,0,3322,0,0,19,0,0,0,0,0,0,0,1,0,1,0,0,0,0,0,0,0,0,0,0,0,0,0,0,0,0,0,0,0,0,714,24,0
1774383525.001301,1301,ubuntu-rog,1,0,0,8485975,0,2874370,3930326,497827,0,114,0,0,0,0,0,1551617520,0,0,4907,1552768156,0,0,2874370,3930326,497827,0,244551,144107,0,0,0,0,0,0,0,0,0,0,2868093,102668,4434536,114,0,0,6367,0,0,0,0,0,0,0,36650265,34035534,0,0,89759,89759,15264,16453,0,0,0,0,0,0,0,0,0,2558997,1277936,0,262144,6535356,169698017,0,0,1026,1025,1570388035,0,0,0,0,0,0,0,0,0,0,0,0,1578896000,0,13999,1857070,1435433501,22701,0,0,98993176,0,0,0,0,0,0,0,0,0,0,0,0,0,0,0,0,0,0,0,14582,0,0,0,0,0,0,0,0,0,0,0,0,0,0,0,0,0,0,0,0,0,0,0,0,45708,4050,22696,18646,18646,0,0,3322,0,0,19,0,0,0,0,0,0,0,1,0,1,0,0,0,0,0,0,0,0,0,0,0,0,0,0,0,0,0,0,0,0,714,24,0
1774383526.001157,1157,ubuntu-rog,1,0,0,8485975,0,2874370,3930326,497827,0,114,0,0,0,0,0,1551617549,0,0,4907,1552768185,0,0,2874370,3930326,497827,0,244551,144107,0,0,0,0,0,0,0,0,0,0,2868093,102668,4434536,114,0,0,6367,0,0,0,0,0,0,0,36650265,34035534,0,0,89759,89759,15264,16453,0,0,0,0,0,0,0,0,0,2558997,1277936,0,262144,6535356,169698017,0,0,1026,1025,1570388064,0,0,0,0,0,0,0,0,0,0,0,0,1578896029,0,13999,1857070,1435433501,22701,0,0,98993176,0,0,0,0,0,0,0,0,0,0,0,0,0,0,0,0,0,0,0,14582,0,0,0,0,0,0,0,0,0,0,0,0,0,0,0,0,0,0,0,0,0,0,0,0,45708,4050,22696,18646,18646,0,0,3322,0,0,19,0,0,0,0,0,0,0,1,0,1,0,0,0,0,0,0,0,0,0,0,0,0,0,0,0,0,0,0,0,0,714,24,0
1774383527.001157,1157,ubuntu-rog,1,0,0,8485975,0,2874370,3930326,497827,0,115,0,0,0,0,0,1551617575,0,0,4907,1552768211,0,0,2874370,3930326,497827,0,244551,144107,0,0,0,0,0,0,0,0,0,0,2868093,102668,4434537,115,0,0,6367,0,0,0,0,0,0,0,36650266,34035534,0,0,89759,89759,15264,16453,0,0,0,0,0,0,0,0,0,2558997,1277936,0,262144,6535356,169698017,0,0,1026,1025,1570388090,0,0,0,0,0,0,0,0,0,0,0,0,1578896054,0,13999,1857070,1435433501,22701,0,0,98993176,0,0,0,0,0,0,0,0,0,0,0,0,0,0,0,0,0,0,0,14582,0,0,0,0,0,0,0,0,0,0,0,0,0,0,0,0,0,0,0,0,0,0,0,0,45708,4050,22696,18646,18646,0,0,3322,0,0,19,0,0,0,0,0,0,0,1,0,1,0,0,0,0,0,0,0,0,0,0,0,0,0,0,0,0,0,0,0,0,714,24,0
1774383528.001273,1273,ubuntu-rog,1,0,0,8485975,0,2874370,3930326,497827,0,97,0,0,0,0,0,1551617609,0,0,4907,1552768245,0,0,2874370,3930326,497827,0,244551,144108,0,0,0,0,0,0,0,0,0,0,2868093,102668,4434538,97,0,0,6367,0,0,0,0,0,0,0,36650267,34035553,0,0,89759,89759,15264,16453,0,0,0,0,0,0,0,0,0,2558997,1277936,0,262144,6535356,169698113,0,0,1026,1025,1570388124,0,0,0,0,0,0,0,0,0,0,0,0,1578896092,0,13999,1857070,1435433501,22701,0,0,98993176,0,0,0,0,0,0,0,0,0,0,0,0,0,0,0,0,0,0,0,14582,0,0,0,0,0,0,0,0,0,0,0,0,0,0,0,0,0,0,0,0,0,0,0,0,45708,4050,22696,18646,18646,0,0,3322,0,0,19,0,0,0,0,0,0,0,1,0,1,0,0,0,0,0,0,0,0,0,0,0,0,0,0,0,0,0,0,0,0,714,24,0
1774383529.002298,2298,ubuntu-rog,1,0,0,8485975,0,2874387,3930328,497827,0,2,0,0,0,0,0,1551617643,0,0,4907,1552768279,0,0,2874387,3930328,497827,0,244551,144108,0,0,0,0,0,0,0,0,0,0,2868093,102668,4434538,2,0,0,6367,0,0,0,0,0,0,0,36650267,34035648,0,0,89759,89759,15264,16453,0,0,0,0,0,0,0,0,0,2558998,1277936,0,262144,6535356,169698449,0,0,1026,1025,1570388158,0,0,0,0,0,0,0,0,0,0,0,0,1578896127,0,13999,1857070,1435433501,22701,0,0,98993176,0,0,0,0,0,0,0,0,0,0,0,0,0,0,0,0,0,0,0,14582,0,0,0,0,0,0,0,0,0,0,0,0,0,0,0,0,0,0,0,0,0,0,0,0,45708,4050,22696,18646,18646,0,0,3322,0,0,19,0,0,0,0,0,0,0,1,0,1,0,0,0,0,0,0,0,0,0,0,0,0,0,0,0,0,0,0,0,0,714,24,0
1774383530.001300,1300,ubuntu-rog,1,0,0,8485975,0,2874387,3930328,497827,0,9,0,0,0,0,0,1551617667,0,0,4907,1552768303,0,0,2874387,3930328,497827,0,244551,144108,0,0,0,0,0,0,0,0,0,0,2868093,102668,4434540,9,0,0,6367,0,0,0,0,0,0,0,36650274,34035648,0,0,89759,89759,15264,16453,0,0,0,0,0,0,0,0,0,2558998,1277936,0,262144,6535356,169698489,0,0,1026,1025,1570388182,0,0,0,0,0,0,0,0,0,0,0,0,1578896149,0,13999,1857070,1435433501,22701,0,0,98993176,0,0,0,0,0,0,0,0,0,0,0,0,0,0,0,0,0,0,0,14582,0,0,0,0,0,0,0,0,0,0,0,0,0,0,0,0,0,0,0,0,0,0,0,0,45708,4050,22696,18646,18646,0,0,3322,0,0,19,0,0,0,0,0,0,0,1,0,1,0,0,0,0,0,0,0,0,0,0,0,0,0,0,0,0,0,0,0,0,714,24,0
1774383531.001155,1155,ubuntu-rog,1,0,0,8485975,0,2874387,3930328,497827,0,9,0,0,0,0,0,1551617695,0,0,4907,1552768331,0,0,2874387,3930328,497827,0,244551,144108,0,0,0,0,0,0,0,0,0,0,2868093,102668,4434540,9,0,0,6367,0,0,0,0,0,0,0,36650274,34035648,0,0,89759,89759,15264,16453,0,0,0,0,0,0,0,0,0,2558998,1277936,0,262144,6535356,169698489,0,0,1026,1025,1570388210,0,0,0,0,0,0,0,0,0,0,0,0,1578896177,0,13999,1857070,1435433501,22701,0,0,98993176,0,0,0,0,0,0,0,0,0,0,0,0,0,0,0,0,0,0,0,14582,0,0,0,0,0,0,0,0,0,0,0,0,0,0,0,0,0,0,0,0,0,0,0,0,45708,4050,22696,18646,18646,0,0,3322,0,0,19,0,0,0,0,0,0,0,1,0,1,0,0,0,0,0,0,0,0,0,0,0,0,0,0,0,0,0,0,0,0,714,24,0
1774383532.001158,1158,ubuntu-rog,1,0,0,8485975,0,2874387,3930328,497827,0,11,0,0,0,0,0,1551617729,0,0,4907,1552768365,0,0,2874387,3930328,497827,0,244551,144108,0,0,0,0,0,0,0,0,0,0,2868093,102668,4434541,11,0,0,6367,0,0,0,0,0,0,0,36650276,34035648,0,0,89759,89759,15264,16453,0,0,0,0,0,0,0,0,0,2558998,1277936,0,262144,6535356,169698489,0,0,1026,1025,1570388244,0,0,0,0,0,0,0,0,0,0,0,0,1578896210,0,13999,1857070,1435433501,22701,0,0,98993176,0,0,0,0,0,0,0,0,0,0,0,0,0,0,0,0,0,0,0,14582,0,0,0,0,0,0,0,0,0,0,0,0,0,0,0,0,0,0,0,0,0,0,0,0,45708,4050,22696,18646,18646,0,0,3322,0,0,19,0,0,0,0,0,0,0,1,0,1,0,0,0,0,0,0,0,0,0,0,0,0,0,0,0,0,0,0,0,0,714,24,0
1774383533.002256,2256,ubuntu-rog,1,0,0,8485975,0,2874387,3930328,497827,0,11,0,0,0,0,0,1551617760,0,0,4907,1552768396,0,0,2874387,3930328,497827,0,244551,144108,0,0,0,0,0,0,0,0,0,0,2868093,102668,4434541,11,0,0,6367,0,0,0,0,0,0,0,36650276,34035648,0,0,89759,89759,15264,16453,0,0,0,0,0,0,0,0,0,2558998,1277936,0,262144,6535356,169698489,0,0,1026,1025,1570388275,0,0,0,0,0,0,0,0,0,0,0,0,1578896241,0,13999,1857070,1435433501,22701,0,0,98993176,0,0,0,0,0,0,0,0,0,0,0,0,0,0,0,0,0,0,0,14582,0,0,0,0,0,0,0,0,0,0,0,0,0,0,0,0,0,0,0,0,0,0,0,0,45708,4050,22696,18646,18646,0,0,3322,0,0,19,0,0,0,0,0,0,0,1,0,1,0,0,0,0,0,0,0,0,0,0,0,0,0,0,0,0,0,0,0,0,714,24,0
1774383534.001295,1295,ubuntu-rog,1,0,0,8485975,0,2874387,3930328,497827,0,14,0,0,0,0,0,1551617791,0,0,4907,1552768427,0,0,2874387,3930328,497827,0,244551,144108,0,0,0,0,0,0,0,0,0,0,2868093,102668,4434543,14,0,0,6367,0,0,0,0,0,0,0,36650279,34035648,0,0,89759,89759,15264,16453,0,0,0,0,0,0,0,0,0,2558998,1277936,0,262144,6535356,169698489,0,0,1026,1025,1570388306,0,0,0,0,0,0,0,0,0,0,0,0,1578896269,0,13999,1857070,1435433501,22701,0,0,98993176,0,0,0,0,0,0,0,0,0,0,0,0,0,0,0,0,0,0,0,14582,0,0,0,0,0,0,0,0,0,0,0,0,0,0,0,0,0,0,0,0,0,0,0,0,45708,4050,22696,18646,18646,0,0,3322,0,0,19,0,0,0,0,0,0,0,1,0,1,0,0,0,0,0,0,0,0,0,0,0,0,0,0,0,0,0,0,0,0,714,24,0
1774383535.001285,1285,ubuntu-rog,1,0,0,8485975,0,2874387,3930328,497827,0,15,0,0,0,0,0,1551617818,0,0,4907,1552768454,0,0,2874387,3930328,497827,0,244551,144109,0,0,0,0,0,0,0,0,0,0,2868093,102668,4434545,15,0,0,6367,0,0,0,0,0,0,0,36650280,34035648,0,0,89759,89759,15264,16453,0,0,0,0,0,0,0,0,0,2558998,1277936,0,262144,6535356,169698505,0,0,1026,1025,1570388333,0,0,0,0,0,0,0,0,0,0,0,0,1578896294,0,13999,1857070,1435433501,22701,0,0,98993176,0,0,0,0,0,0,0,0,0,0,0,0,0,0,0,0,0,0,0,14582,0,0,0,0,0,0,0,0,0,0,0,0,0,0,0,0,0,0,0,0,0,0,0,0,45708,4050,22696,18646,18646,0,0,3322,0,0,19,0,0,0,0,0,0,0,1,0,1,0,0,0,0,0,0,0,0,0,0,0,0,0,0,0,0,0,0,0,0,714,24,0
1774383536.001159,1159,ubuntu-rog,1,0,0,8485975,0,2874387,3930328,497827,0,15,0,0,0,0,0,1551617848,0,0,4907,1552768484,0,0,2874387,3930328,497827,0,244551,144109,0,0,0,0,0,0,0,0,0,0,2868093,102668,4434545,15,0,0,6367,0,0,0,0,0,0,0,36650280,34035648,0,0,89759,89759,15264,16453,0,0,0,0,0,0,0,0,0,2558998,1277936,0,262144,6535356,169698505,0,0,1026,1025,1570388363,0,0,0,0,0,0,0,0,0,0,0,0,1578896324,0,13999,1857070,1435433501,22701,0,0,98993176,0,0,0,0,0,0,0,0,0,0,0,0,0,0,0,0,0,0,0,14582,0,0,0,0,0,0,0,0,0,0,0,0,0,0,0,0,0,0,0,0,0,0,0,0,45708,4050,22696,18646,18646,0,0,3322,0,0,19,0,0,0,0,0,0,0,1,0,1,0,0,0,0,0,0,0,0,0,0,0,0,0,0,0,0,0,0,0,0,714,24,0
1774383537.002155,2155,ubuntu-rog,1,0,0,8485975,0,2874387,3930328,497827,0,15,0,0,0,0,0,1551617877,0,0,4907,1552768513,0,0,2874387,3930328,497827,0,244551,144109,0,0,0,0,0,0,0,0,0,0,2868093,102668,4434545,15,0,0,6367,0,0,0,0,0,0,0,36650280,34035648,0,0,89759,89759,15264,16453,0,0,0,0,0,0,0,0,0,2558998,1277936,0,262144,6535356,169698505,0,0,1026,1025,1570388392,0,0,0,0,0,0,0,0,0,0,0,0,1578896353,0,13999,1857070,1435433501,22701,0,0,98993176,0,0,0,0,0,0,0,0,0,0,0,0,0,0,0,0,0,0,0,14582,0,0,0,0,0,0,0,0,0,0,0,0,0,0,0,0,0,0,0,0,0,0,0,0,45708,4050,22696,18646,18646,0,0,3322,0,0,19,0,0,0,0,0,0,0,1,0,1,0,0,0,0,0,0,0,0,0,0,0,0,0,0,0,0,0,0,0,0,714,24,0
1774383538.001260,1260,ubuntu-rog,1,0,0,8485975,0,2874387,3930328,497827,0,16,0,0,0,0,0,1551617899,0,0,4907,1552768535,0,0,2874387,3930328,497827,0,244551,144109,0,0,0,0,0,0,0,0,0,0,2868093,102668,4434546,16,0,0,6367,0,0,0,0,0,0,0,36650281,34035648,0,0,89759,89759,15264,16453,0,0,0,0,0,0,0,0,0,2558998,1277936,0,262144,6535356,169698505,0,0,1026,1025,1570388414,0,0,0,0,0,0,0,0,0,0,0,0,1578896374,0,13999,1857070,1435433501,22701,0,0,98993176,0,0,0,0,0,0,0,0,0,0,0,0,0,0,0,0,0,0,0,14582,0,0,0,0,0,0,0,0,0,0,0,0,0,0,0,0,0,0,0,0,0,0,0,0,45708,4050,22696,18646,18646,0,0,3322,0,0,19,0,0,0,0,0,0,0,1,0,1,0,0,0,0,0,0,0,0,0,0,0,0,0,0,0,0,0,0,0,0,714,24,0
1774383539.001298,1298,ubuntu-rog,1,0,0,8485975,0,2874387,3930328,497827,0,16,0,0,0,0,0,1551617928,0,0,4907,1552768564,0,0,2874387,3930328,497827,0,244551,144109,0,0,0,0,0,0,0,0,0,0,2868093,102668,4434546,16,0,0,6367,0,0,0,0,0,0,0,36650281,34035648,0,0,89759,89759,15264,16453,0,0,0,0,0,0,0,0,0,2558998,1277936,0,262144,6535356,169698505,0,0,1026,1025,1570388443,0,0,0,0,0,0,0,0,0,0,0,0,1578896403,0,13999,1857070,1435433501,22701,0,0,98993176,0,0,0,0,0,0,0,0,0,0,0,0,0,0,0,0,0,0,0,14582,0,0,0,0,0,0,0,0,0,0,0,0,0,0,0,0,0,0,0,0,0,0,0,0,45708,4050,22696,18646,18646,0,0,3322,0,0,19,0,0,0,0,0,0,0,1,0,1,0,0,0,0,0,0,0,0,0,0,0,0,0,0,0,0,0,0,0,0,714,24,0
1774383540.002062,2062,ubuntu-rog,1,0,0,8485975,0,2874387,3930328,497827,0,17,0,0,0,0,0,1551617962,0,0,4907,1552768598,0,0,2874387,3930328,497827,0,244551,144109,0,0,0,0,0,0,0,0,0,0,2868093,102668,4434549,17,0,0,6367,0,0,0,0,0,0,0,36650282,34035648,0,0,89759,89759,15264,16453,0,0,0,0,0,0,0,0,0,2558998,1277936,0,262144,6535356,169698521,0,0,1026,1025,1570388477,0,0,0,0,0,0,0,0,0,0,0,0,1578896434,0,13999,1857070,1435433502,22701,0,0,98993176,0,0,0,0,0,0,0,0,0,0,0,0,0,0,0,0,0,0,0,14582,0,0,0,0,0,0,0,0,0,0,0,0,0,0,0,0,0,0,0,0,0,0,0,0,45708,4050,22696,18646,18646,0,0,3322,0,0,19,0,0,0,0,0,0,0,1,0,1,0,0,0,0,0,0,0,0,0,0,0,0,0,0,0,0,0,0,0,0,714,24,0
1774383541.001126,1126,ubuntu-rog,1,0,0,8485975,0,2874387,3930328,497827,0,17,0,0,0,0,0,1551617989,0,0,4907,1552768625,0,0,2874387,3930328,497827,0,244551,144109,0,0,0,0,0,0,0,0,0,0,2868094,102668,4434549,17,0,0,6367,0,0,0,0,0,0,0,36650282,34035648,0,0,89759,89759,15264,16453,0,0,0,0,0,0,0,0,0,2558998,1277936,0,262144,6535356,169698521,0,0,1026,1025,1570388504,0,0,0,0,0,0,0,0,0,0,0,0,1578896460,0,13999,1857070,1435433502,22701,0,0,98993176,0,0,0,0,0,0,0,0,0,0,0,0,0,0,0,0,0,0,0,14582,0,0,0,0,0,0,0,0,0,0,0,0,0,0,0,0,0,0,0,0,0,0,0,0,45708,4050,22696,18646,18646,0,0,3322,0,0,19,0,0,0,0,0,0,0,1,0,1,0,0,0,0,0,0,0,0,0,0,0,0,0,0,0,0,0,0,0,0,714,24,0
1774383542.002164,2164,ubuntu-rog,1,0,0,8485975,0,2874387,3930328,497827,0,18,0,0,0,0,0,1551618019,0,0,4907,1552768655,0,0,2874387,3930328,497827,0,244551,144109,0,0,0,0,0,0,0,0,0,0,2868094,102668,4434550,18,0,0,6367,0,0,0,0,0,0,0,36650283,34035648,0,0,89759,89759,15264,16453,0,0,0,0,0,0,0,0,0,2558998,1277936,0,262144,6535356,169698521,0,0,1026,1025,1570388534,0,0,0,0,0,0,0,0,0,0,0,0,1578896489,0,13999,1857070,1435433502,22701,0,0,98993176,0,0,0,0,0,0,0,0,0,0,0,0,0,0,0,0,0,0,0,14582,0,0,0,0,0,0,0,0,0,0,0,0,0,0,0,0,0,0,0,0,0,0,0,0,45708,4050,22696,18646,18646,0,0,3322,0,0,19,0,0,0,0,0,0,0,1,0,1,0,0,0,0,0,0,0,0,0,0,0,0,0,0,0,0,0,0,0,0,714,24,0
1774383543.001261,1261,ubuntu-rog,1,0,0,8485975,0,2874387,3930328,497827,0,18,0,0,0,0,0,1551618047,0,0,4907,1552768683,0,0,2874387,3930328,497827,0,244551,144109,0,0,0,0,0,0,0,0,0,0,2868094,102668,4434550,18,0,0,6367,0,0,0,0,0,0,0,36650283,34035648,0,0,89759,89759,15264,16453,0,0,0,0,0,0,0,0,0,2558998,1277936,0,262144,6535356,169698521,0,0,1026,1025,1570388562,0,0,0,0,0,0,0,0,0,0,0,0,1578896517,0,13999,1857070,1435433502,22701,0,0,98993176,0,0,0,0,0,0,0,0,0,0,0,0,0,0,0,0,0,0,0,14582,0,0,0,0,0,0,0,0,0,0,0,0,0,0,0,0,0,0,0,0,0,0,0,0,45708,4050,22696,18646,18646,0,0,3322,0,0,19,0,0,0,0,0,0,0,1,0,1,0,0,0,0,0,0,0,0,0,0,0,0,0,0,0,0,0,0,0,0,714,24,0
1774383544.001305,1305,ubuntu-rog,1,0,0,8485975,0,2874387,3930328,497827,0,18,0,0,0,0,0,1551618067,0,0,4907,1552768703,0,0,2874387,3930328,497827,0,244551,144109,0,0,0,0,0,0,0,0,0,0,2868094,102668,4434550,18,0,0,6367,0,0,0,0,0,0,0,36650283,34035648,0,0,89759,89759,15264,16453,0,0,0,0,0,0,0,0,0,2558998,1277936,0,262144,6535356,169698521,0,0,1026,1025,1570388582,0,0,0,0,0,0,0,0,0,0,0,0,1578896537,0,13999,1857070,1435433502,22701,0,0,98993176,0,0,0,0,0,0,0,0,0,0,0,0,0,0,0,0,0,0,0,14582,0,0,0,0,0,0,0,0,0,0,0,0,0,0,0,0,0,0,0,0,0,0,0,0,45708,4050,22696,18646,18646,0,0,3322,0,0,19,0,0,0,0,0,0,0,1,0,1,0,0,0,0,0,0,0,0,0,0,0,0,0,0,0,0,0,0,0,0,714,24,0
1774383545.001304,1304,ubuntu-rog,1,0,0,8485975,0,2874387,3930328,497827,0,20,0,0,0,0,0,1551618099,0,0,4907,1552768735,0,0,2874387,3930328,497827,0,244551,144109,0,0,0,0,0,0,0,0,0,0,2868094,102668,4434552,20,0,0,6367,0,0,0,0,0,0,0,36650285,34035648,0,0,89759,89759,15264,16453,0,0,0,0,0,0,0,0,0,2558998,1277936,0,262144,6535356,169698537,0,0,1026,1025,1570388614,0,0,0,0,0,0,0,0,0,0,0,0,1578896567,0,13999,1857070,1435433502,22701,0,0,98993176,0,0,0,0,0,0,0,0,0,0,0,0,0,0,0,0,0,0,0,14582,0,0,0,0,0,0,0,0,0,0,0,0,0,0,0,0,0,0,0,0,0,0,0,0,45708,4050,22696,18646,18646,0,0,3322,0,0,19,0,0,0,0,0,0,0,1,0,1,0,0,0,0,0,0,0,0,0,0,0,0,0,0,0,0,0,0,0,0,714,24,0
1774383546.002157,2157,ubuntu-rog,1,0,0,8485975,0,2874387,3930328,497827,0,22,0,0,0,0,0,1551618132,0,0,4907,1552768768,0,0,2874387,3930328,497827,0,244551,144109,0,0,0,0,0,0,0,0,0,0,2868094,102668,4434554,22,0,0,6367,0,0,0,0,0,0,0,36650287,34035648,0,0,89759,89759,15264,16453,0,0,0,0,0,0,0,0,0,2558998,1277936,0,262144,6535356,169698537,0,0,1026,1025,1570388647,0,0,0,0,0,0,0,0,0,0,0,0,1578896598,0,13999,1857070,1435433502,22701,0,0,98993176,0,0,0,0,0,0,0,0,0,0,0,0,0,0,0,0,0,0,0,14582,0,0,0,0,0,0,0,0,0,0,0,0,0,0,0,0,0,0,0,0,0,0,0,0,45708,4050,22696,18646,18646,0,0,3322,0,0,19,0,0,0,0,0,0,0,1,0,1,0,0,0,0,0,0,0,0,0,0,0,0,0,0,0,0,0,0,0,0,714,24,0
1774383547.001161,1161,ubuntu-rog,1,0,0,8485975,0,2874387,3930328,497827,0,22,0,0,0,0,0,1551618168,0,0,4907,1552768804,0,0,2874387,3930328,497827,0,244551,144109,0,0,0,0,0,0,0,0,0,0,2868094,102668,4434554,22,0,0,6367,0,0,0,0,0,0,0,36650287,34035648,0,0,89759,89759,15264,16453,0,0,0,0,0,0,0,0,0,2558998,1277936,0,262144,6535356,169698537,0,0,1026,1025,1570388683,0,0,0,0,0,0,0,0,0,0,0,0,1578896634,0,13999,1857070,1435433503,22701,0,0,98993177,0,0,0,0,0,0,0,0,0,0,0,0,0,0,0,0,0,0,0,14582,0,0,0,0,0,0,0,0,0,0,0,0,0,0,0,0,0,0,0,0,0,0,0,0,45708,4050,22696,18646,18646,0,0,3322,0,0,19,0,0,0,0,0,0,0,1,0,1,0,0,0,0,0,0,0,0,0,0,0,0,0,0,0,0,0,0,0,0,714,24,0
1774383548.001488,1488,ubuntu-rog,1,0,0,8485975,0,2874387,3930328,497827,0,22,0,0,0,0,0,1551618203,0,0,4907,1552768839,0,0,2874387,3930328,497827,0,244551,144109,0,0,0,0,0,0,0,0,0,0,2868094,102668,4434554,22,0,0,6367,0,0,0,0,0,0,0,36650287,34035648,0,0,89759,89759,15264,16453,0,0,0,0,0,0,0,0,0,2558998,1277936,0,262144,6535356,169698537,0,0,1026,1025,1570388718,0,0,0,0,0,0,0,0,0,0,0,0,1578896669,0,13999,1857070,1435433503,22701,0,0,98993177,0,0,0,0,0,0,0,0,0,0,0,0,0,0,0,0,0,0,0,14582,0,0,0,0,0,0,0,0,0,0,0,0,0,0,0,0,0,0,0,0,0,0,0,0,45708,4050,22696,18646,18646,0,0,3322,0,0,19,0,0,0,0,0,0,0,1,0,1,0,0,0,0,0,0,0,0,0,0,0,0,0,0,0,0,0,0,0,0,714,24,0
1774383549.002301,2301,ubuntu-rog,1,0,0,8485975,0,2874387,3930328,497827,0,23,0,0,0,0,0,1551618229,0,0,4907,1552768865,0,0,2874387,3930328,497827,0,244551,144109,0,0,0,0,0,0,0,0,0,0,2868094,102668,4434555,23,0,0,6367,0,0,0,0,0,0,0,36650288,34035648,0,0,89759,89759,15264,16453,0,0,0,0,0,0,0,0,0,2558998,1277936,0,262144,6535356,169698537,0,0,1026,1025,1570388744,0,0,0,0,0,0,0,0,0,0,0,0,1578896694,0,13999,1857070,1435433503,22701,0,0,98993177,0,0,0,0,0,0,0,0,0,0,0,0,0,0,0,0,0,0,0,14582,0,0,0,0,0,0,0,0,0,0,0,0,0,0,0,0,0,0,0,0,0,0,0,0,45708,4050,22696,18646,18646,0,0,3322,0,0,19,0,0,0,0,0,0,0,1,0,1,0,0,0,0,0,0,0,0,0,0,0,0,0,0,0,0,0,0,0,0,714,24,0
1774383550.001301,1301,ubuntu-rog,1,0,0,8485975,0,2874387,3930328,497827,0,23,0,0,0,0,0,1551618258,0,0,4907,1552768894,0,0,2874387,3930328,497827,0,244551,144109,0,0,0,0,0,0,0,0,0,0,2868094,102668,4434555,23,0,0,6367,0,0,0,0,0,0,0,36650288,34035648,0,0,89759,89759,15264,16453,0,0,0,0,0,0,0,0,0,2558998,1277936,0,262144,6535356,169698553,0,0,1026,1025,1570388773,0,0,0,0,0,0,0,0,0,0,0,0,1578896722,0,13999,1857070,1435433503,22701,0,0,98993177,0,0,0,0,0,0,0,0,0,0,0,0,0,0,0,0,0,0,0,14582,0,0,0,0,0,0,0,0,0,0,0,0,0,0,0,0,0,0,0,0,0,0,0,0,45708,4050,22696,18646,18646,0,0,3322,0,0,19,0,0,0,0,0,0,0,1,0,1,0,0,0,0,0,0,0,0,0,0,0,0,0,0,0,0,0,0,0,0,714,24,0
1774383551.001161,1161,ubuntu-rog,1,0,0,8485975,0,2874387,3930328,497827,0,23,0,0,0,0,0,1551618288,0,0,4907,1552768924,0,0,2874387,3930328,497827,0,244551,144109,0,0,0,0,0,0,0,0,0,0,2868093,102668,4434556,23,0,0,6367,0,0,0,0,0,0,0,36650288,34035648,0,0,89759,89759,15264,16453,0,0,0,0,0,0,0,0,0,2558998,1277936,0,262144,6535356,169698553,0,0,1026,1025,1570388803,0,0,0,0,0,0,0,0,0,0,0,0,1578896752,0,13999,1857070,1435433503,22701,0,0,98993177,0,0,0,0,0,0,0,0,0,0,0,0,0,0,0,0,0,0,0,14582,0,0,0,0,0,0,0,0,0,0,0,0,0,0,0,0,0,0,0,0,0,0,0,0,45708,4050,22696,18646,18646,0,0,3322,0,0,19,0,0,0,0,0,0,0,1,0,1,0,0,0,0,0,0,0,0,0,0,0,0,0,0,0,0,0,0,0,0,714,24,0
1774383552.001165,1165,ubuntu-rog,1,0,0,8485975,0,2874387,3930328,497827,0,25,0,0,0,0,0,1551618314,0,0,4907,1552768950,0,0,2874387,3930328,497827,0,244551,144109,0,0,0,0,0,0,0,0,0,0,2868093,102668,4434558,25,0,0,6367,0,0,0,0,0,0,0,36650290,34035648,0,0,89759,89759,15264,16453,0,0,0,0,0,0,0,0,0,2558998,1277936,0,262144,6535356,169698553,0,0,1026,1025,1570388829,0,0,0,0,0,0,0,0,0,0,0,0,1578896776,0,13999,1857070,1435433503,22701,0,0,98993177,0,0,0,0,0,0,0,0,0,0,0,0,0,0,0,0,0,0,0,14582,0,0,0,0,0,0,0,0,0,0,0,0,0,0,0,0,0,0,0,0,0,0,0,0,45708,4050,22696,18646,18646,0,0,3322,0,0,19,0,0,0,0,0,0,0,1,0,1,0,0,0,0,0,0,0,0,0,0,0,0,0,0,0,0,0,0,0,0,714,24,0
1774383553.005261,5261,ubuntu-rog,1,0,0,8485975,0,2874387,3930328,497827,0,25,0,0,0,0,0,1551618346,0,0,4907,1552768982,0,0,2874387,3930328,497827,0,244551,144110,0,0,0,0,0,0,0,0,0,0,2868093,102668,4434558,25,0,0,6367,0,0,0,0,0,0,0,36650290,34035648,0,0,89759,89759,15264,16453,0,0,0,0,0,0,0,0,0,2558998,1277936,0,262144,6535356,169698569,0,0,1026,1025,1570388861,0,0,0,0,0,0,0,0,0,0,0,0,1578896824,0,13999,1857070,1435433503,22701,0,0,98993177,0,0,0,0,0,0,0,0,0,0,0,0,0,0,0,0,0,0,0,14582,0,0,0,0,0,0,0,0,0,0,0,0,0,0,0,0,0,0,0,0,0,0,0,0,45708,4050,22696,18646,18646,0,0,3322,0,0,19,0,0,0,0,0,0,0,1,0,1,0,0,0,0,0,0,0,0,0,0,0,0,0,0,0,0,0,0,0,0,714,24,0
1774383554.001301,1301,ubuntu-rog,1,0,0,8485975,0,2874387,3930328,497827,0,21,0,0,0,0,0,1551618378,0,0,4907,1552769014,0,0,2874387,3930328,497827,0,244551,144110,0,0,0,0,0,0,0,0,0,0,2868093,102668,4434558,21,0,0,6367,0,0,0,0,0,0,0,36650290,34035652,0,0,89759,89759,15264,16453,0,0,0,0,0,0,0,0,0,2558998,1277936,0,262144,6535356,169698569,0,0,1026,1025,1570388893,0,0,0,0,0,0,0,0,0,0,0,0,1578896856,0,13999,1857070,1435433503,22701,0,0,98993177,0,0,0,0,0,0,0,0,0,0,0,0,0,0,0,0,0,0,0,14582,0,0,0,0,0,0,0,0,0,0,0,0,0,0,0,0,0,0,0,0,0,0,0,0,45708,4050,22696,18646,18646,0,0,3322,0,0,19,0,0,0,0,0,0,0,1,0,1,0,0,0,0,0,0,0,0,0,0,0,0,0,0,0,0,0,0,0,0,714,24,0
1774383555.001524,1524,ubuntu-rog,1,0,0,8485975,0,2874387,3930328,497827,0,21,0,0,0,0,0,1551618415,0,0,4907,1552769051,0,0,2874387,3930328,497827,0,244551,144110,0,0,0,0,0,0,0,0,0,0,2868093,102668,4434558,21,0,0,6367,0,0,0,0,0,0,0,36650290,34035652,0,0,89759,89759,15264,16453,0,0,0,0,0,0,0,0,0,2558998,1277936,0,262144,6535356,169698569,0,0,1026,1025,1570388930,0,0,0,0,0,0,0,0,0,0,0,0,1578896893,0,13999,1857070,1435433503,22701,0,0,98993177,0,0,0,0,0,0,0,0,0,0,0,0,0,0,0,0,0,0,0,14582,0,0,0,0,0,0,0,0,0,0,0,0,0,0,0,0,0,0,0,0,0,0,0,0,45708,4050,22696,18646,18646,0,0,3322,0,0,19,0,0,0,0,0,0,0,1,0,1,0,0,0,0,0,0,0,0,0,0,0,0,0,0,0,0,0,0,0,0,714,24,0
1774383556.002160,2160,ubuntu-rog,1,0,0,8485975,0,2874387,3930328,497827,0,23,0,0,0,0,0,1551618448,0,0,4907,1552769084,0,0,2874387,3930328,497827,0,244552,144110,0,0,0,0,0,0,0,0,0,0,2868093,102668,4434561,23,0,0,6367,0,0,0,0,0,0,0,36650292,34035652,0,0,89759,89759,15264,16453,0,0,0,0,0,0,0,0,0,2558998,1277936,0,262144,6535356,169698597,0,0,1026,1025,1570388963,0,0,0,0,0,0,0,0,0,0,0,0,1578896922,0,13999,1857070,1435433503,22701,0,0,98993177,0,0,0,0,0,0,0,0,0,0,0,0,0,0,0,0,0,0,0,14582,0,0,0,0,0,0,0,0,0,0,0,0,0,0,0,0,0,0,0,0,0,0,0,0,45708,4050,22696,18646,18646,0,0,3322,0,0,19,0,0,0,0,0,0,0,1,0,1,0,0,0,0,0,0,0,0,0,0,0,0,0,0,0,0,0,0,0,0,714,24,0
1774383557.001160,1160,ubuntu-rog,1,0,0,8485975,0,2874387,3930328,497827,0,23,0,0,0,0,0,1551618477,0,0,4907,1552769113,0,0,2874387,3930328,497827,0,244552,144110,0,0,0,0,0,0,0,0,0,0,2868093,102668,4434561,23,0,0,6367,0,0,0,0,0,0,0,36650292,34035652,0,0,89759,89759,15264,16453,0,0,0,0,0,0,0,0,0,2558998,1277936,0,262144,6535356,169698597,0,0,1026,1025,1570388992,0,0,0,0,0,0,0,0,0,0,0,0,1578896951,0,13999,1857070,1435433503,22701,0,0,98993177,0,0,0,0,0,0,0,0,0,0,0,0,0,0,0,0,0,0,0,14582,0,0,0,0,0,0,0,0,0,0,0,0,0,0,0,0,0,0,0,0,0,0,0,0,45708,4050,22696,18646,18646,0,0,3322,0,0,19,0,0,0,0,0,0,0,1,0,1,0,0,0,0,0,0,0,0,0,0,0,0,0,0,0,0,0,0,0,0,714,24,0
1774383558.001265,1265,ubuntu-rog,1,0,0,8485975,0,2874387,3930328,497827,0,25,0,0,0,0,0,1551618505,0,0,4907,1552769141,0,0,2874387,3930328,497827,0,244552,144110,0,0,0,0,0,0,0,0,0,0,2868093,102668,4434562,25,0,0,6367,0,0,0,0,0,0,0,36650294,34035652,0,0,89759,89759,15264,16453,0,0,0,0,0,0,0,0,0,2558998,1277936,0,262144,6535356,169698597,0,0,1026,1025,1570389020,0,0,0,0,0,0,0,0,0,0,0,0,1578896978,0,13999,1857070,1435433503,22701,0,0,98993177,0,0,0,0,0,0,0,0,0,0,0,0,0,0,0,0,0,0,0,14582,0,0,0,0,0,0,0,0,0,0,0,0,0,0,0,0,0,0,0,0,0,0,0,0,45708,4050,22696,18646,18646,0,0,3322,0,0,19,0,0,0,0,0,0,0,1,0,1,0,0,0,0,0,0,0,0,0,0,0,0,0,0,0,0,0,0,0,0,714,24,0
1774383559.001302,1302,ubuntu-rog,1,0,0,8485975,0,2874387,3930328,497827,0,27,0,0,0,0,0,1551618539,0,0,4907,1552769175,0,0,2874387,3930328,497827,0,244552,144110,0,0,0,0,0,0,0,0,0,0,2868093,102668,4434564,27,0,0,6367,0,0,0,0,0,0,0,36650296,34035652,0,0,89759,89759,15264,16453,0,0,0,0,0,0,0,0,0,2558998,1277936,0,262144,6535356,169698597,0,0,1026,1025,1570389054,0,0,0,0,0,0,0,0,0,0,0,0,1578897009,0,13999,1857070,1435433503,22701,0,0,98993177,0,0,0,0,0,0,0,0,0,0,0,0,0,0,0,0,0,0,0,14582,0,0,0,0,0,0,0,0,0,0,0,0,0,0,0,0,0,0,0,0,0,0,0,0,45708,4050,22696,18646,18646,0,0,3322,0,0,19,0,0,0,0,0,0,0,1,0,1,0,0,0,0,0,0,0,0,0,0,0,0,0,0,0,0,0,0,0,0,714,24,0
1774383560.002307,2307,ubuntu-rog,1,0,0,8485975,0,2874387,3930328,497827,0,27,0,0,0,0,0,1551618566,0,0,4907,1552769202,0,0,2874387,3930328,497827,0,244552,144111,0,0,0,0,0,0,0,0,0,0,2868093,102668,4434564,27,0,0,6367,0,0,0,0,0,0,0,36650296,34035652,0,0,89759,89759,15264,16453,0,0,0,0,0,0,0,0,0,2558998,1277936,0,262144,6535356,169698625,0,0,1026,1025,1570389081,0,0,0,0,0,0,0,0,0,0,0,0,1578897037,0,13999,1857070,1435433503,22701,0,0,98993177,0,0,0,0,0,0,0,0,0,0,0,0,0,0,0,0,0,0,0,14582,0,0,0,0,0,0,0,0,0,0,0,0,0,0,0,0,0,0,0,0,0,0,0,0,45708,4050,22696,18646,18646,0,0,3322,0,0,19,0,0,0,0,0,0,0,1,0,1,0,0,0,0,0,0,0,0,0,0,0,0,0,0,0,0,0,0,0,0,714,24,0
1774383561.001157,1157,ubuntu-rog,1,0,0,8485975,0,2874387,3930328,497827,0,18,0,0,0,0,0,1551618595,0,0,4907,1552769231,0,0,2874387,3930328,497827,0,244552,144110,0,0,0,0,0,0,0,0,0,0,2868093,102668,4434564,18,0,0,6367,0,0,0,0,0,0,0,36650296,34035661,0,0,89759,89759,15264,16453,0,0,0,0,0,0,0,0,0,2558998,1277936,0,262144,6535356,169698625,0,0,1026,1025,1570389110,0,0,0,0,0,0,0,0,0,0,0,0,1578897066,0,13999,1857070,1435433503,22701,0,0,98993177,0,0,0,0,0,0,0,0,0,0,0,0,0,0,0,0,0,0,0,14582,0,0,0,0,0,0,0,0,0,0,0,0,0,0,0,0,0,0,0,0,0,0,0,0,45708,4050,22696,18646,18646,0,0,3322,0,0,19,0,0,0,0,0,0,0,1,0,1,0,0,0,0,0,0,0,0,0,0,0,0,0,0,0,0,0,0,0,0,714,24,0
1774383562.001438,1438,ubuntu-rog,1,0,0,8485975,0,2874387,3930328,497827,0,20,0,0,0,0,0,1551618625,0,0,4907,1552769261,0,0,2874387,3930328,497827,0,244552,144110,0,0,0,0,0,0,0,0,0,0,2868093,102668,4434564,20,0,0,6367,0,0,0,0,0,0,0,36650298,34035661,0,0,89759,89759,15264,16453,0,0,0,0,0,0,0,0,0,2558998,1277936,0,262144,6535356,169698641,0,0,1026,1025,1570389140,0,0,0,0,0,0,0,0,0,0,0,0,1578897096,0,13999,1857070,1435433504,22701,0,0,98993178,0,0,0,0,0,0,0,0,0,0,0,0,0,0,0,0,0,0,0,14582,0,0,0,0,0,0,0,0,0,0,0,0,0,0,0,0,0,0,0,0,0,0,0,0,45708,4050,22696,18646,18646,0,0,3322,0,0,19,0,0,0,0,0,0,0,1,0,1,0,0,0,0,0,0,0,0,0,0,0,0,0,0,0,0,0,0,0,0,714,24,0
1774383563.002265,2265,ubuntu-rog,1,0,0,8378438,0,2970011,3930389,497827,0,21,0,0,0,0,0,1551819367,0,0,4907,1552970003,0,0,2970011,3930389,497827,0,244552,144110,0,0,0,0,0,0,0,0,0,0,2963659,102668,4434565,21,0,0,6367,0,0,0,0,0,0,0,36650299,34035661,0,0,89759,89759,15264,16593,0,0,0,0,0,0,0,0,0,2537508,1267205,0,262144,6535356,169698641,0,0,1026,1025,1570589910,0,0,0,0,0,0,0,0,0,0,0,0,1579000784,0,13999,1857070,1435633808,22701,0,0,98993178,0,0,0,0,0,0,0,0,0,0,0,0,0,0,0,0,0,0,0,14582,0,0,0,0,0,0,0,0,0,0,0,0,0,0,0,0,0,0,0,0,0,0,0,0,45708,4050,22696,18646,18646,0,0,3322,0,0,19,0,0,0,0,0,0,0,1,0,1,0,0,0,0,0,0,0,0,0,0,0,0,0,0,0,0,0,0,0,0,714,24,0
1774383564.001230,1230,ubuntu-rog,1,0,0,8424064,0,2926511,3930389,497827,0,10,0,0,0,0,0,1552017984,0,0,4907,1553168620,0,0,2926511,3930389,497827,0,244552,144110,0,0,0,0,0,0,0,0,0,0,2921760,102668,4434565,10,0,0,6367,0,0,0,0,0,0,0,36650299,34035672,0,0,89759,89759,15264,16556,0,0,0,0,0,0,0,0,0,2546631,1271760,0,262144,6535356,169698685,0,0,1026,1025,1570788499,0,0,0,0,0,0,0,0,0,0,0,0,1579242591,0,13999,1857070,1435831921,22701,0,0,98993178,0,0,0,0,0,0,0,0,0,0,0,0,0,0,0,0,0,0,0,14582,0,0,0,0,0,0,0,0,0,0,0,0,0,0,0,0,0,0,0,0,0,0,0,0,45708,4050,22696,18646,18646,0,0,3322,0,0,19,0,0,0,0,0,0,0,1,0,1,0,0,0,0,0,0,0,0,0,0,0,0,0,0,0,0,0,0,0,0,714,24,0
1774383565.001314,1314,ubuntu-rog,1,0,0,8474363,0,2877959,3930390,497827,0,11,0,0,0,0,0,1552038268,0,0,4907,1553188904,0,0,2877959,3930390,497827,0,244552,144110,0,0,0,0,0,0,0,0,0,0,2871973,102668,4434566,11,0,0,6367,0,0,0,0,0,0,0,36650300,34035672,0,0,89759,89759,15264,16526,0,0,0,0,0,0,0,0,0,2556688,1276783,0,262144,6535356,169698685,0,0,1026,1025,1570808783,0,0,0,0,0,0,0,0,0,0,0,0,1579312874,0,13999,1857070,1435852069,22701,0,0,98993178,0,0,0,0,0,0,0,0,0,0,0,0,0,0,0,0,0,0,0,14582,0,0,0,0,0,0,0,0,0,0,0,0,0,0,0,0,0,0,0,0,0,0,0,0,45708,4050,22696,18646,18646,0,0,3322,0,0,19,0,0,0,0,0,0,0,1,0,1,0,0,0,0,0,0,0,0,0,0,0,0,0,0,0,0,0,0,0,0,714,24,0
1774383566.001163,1163,ubuntu-rog,1,0,0,8474253,0,2877987,3930390,497827,0,13,0,0,0,0,0,1552038292,0,0,4907,1553188928,0,0,2877987,3930390,497827,0,244552,144110,0,0,0,0,0,0,0,0,0,0,2872000,102668,4434567,13,0,0,6367,0,0,0,0,0,0,0,36650302,34035672,0,0,89759,89759,15264,16461,0,0,0,0,0,0,0,0,0,2556666,1276772,0,262144,6535356,169698685,0,0,1026,1025,1570808807,0,0,0,0,0,0,0,0,0,0,0,0,1579312897,0,13999,1857070,1435852069,22701,0,0,98993178,0,0,0,0,0,0,0,0,0,0,0,0,0,0,0,0,0,0,0,14582,0,0,0,0,0,0,0,0,0,0,0,0,0,0,0,0,0,0,0,0,0,0,0,0,45708,4050,22696,18646,18646,0,0,3322,0,0,19,0,0,0,0,0,0,0,1,0,1,0,0,0,0,0,0,0,0,0,0,0,0,0,0,0,0,0,0,0,0,714,24,0
1774383567.002158,2158,ubuntu-rog,1,0,0,8474988,0,2877987,3930390,497827,0,17,0,0,0,0,0,1552038325,0,0,4907,1553188961,0,0,2877987,3930390,497827,0,244552,144110,0,0,0,0,0,0,0,0,0,0,2872000,102668,4434567,17,0,0,6367,0,0,0,0,0,0,0,36650306,34035672,0,0,89759,89759,15264,16461,0,0,0,0,0,0,0,0,0,2556813,1276845,0,262144,6535356,169698717,0,0,1026,1025,1570808840,0,0,0,0,0,0,0,0,0,0,0,0,1579312930,0,13999,1857070,1435852069,22701,0,0,98993178,0,0,0,0,0,0,0,0,0,0,0,0,0,0,0,0,0,0,0,14582,0,0,0,0,0,0,0,0,0,0,0,0,0,0,0,0,0,0,0,0,0,0,0,0,45708,4050,22696,18646,18646,0,0,3322,0,0,19,0,0,0,0,0,0,0,1,0,1,0,0,0,0,0,0,0,0,0,0,0,0,0,0,0,0,0,0,0,0,714,24,0
1774383568.001270,1270,ubuntu-rog,1,0,0,8475613,0,2877987,3930390,497827,0,17,0,0,0,0,0,1552038355,0,0,4907,1553188991,0,0,2877987,3930390,497827,0,244552,144110,0,0,0,0,0,0,0,0,0,0,2872000,102668,4434567,17,0,0,6367,0,0,0,0,0,0,0,36650306,34035672,0,0,89759,89759,15264,16461,0,0,0,0,0,0,0,0,0,2556938,1276908,0,262144,6535356,169698717,0,0,1026,1025,1570808870,0,0,0,0,0,0,0,0,0,0,0,0,1579312960,0,13999,1857070,1435852070,22701,0,0,98993179,0,0,0,0,0,0,0,0,0,0,0,0,0,0,0,0,0,0,0,14582,0,0,0,0,0,0,0,0,0,0,0,0,0,0,0,0,0,0,0,0,0,0,0,0,45708,4050,22696,18646,18646,0,0,3322,0,0,19,0,0,0,0,0,0,0,1,0,1,0,0,0,0,0,0,0,0,0,0,0,0,0,0,0,0,0,0,0,0,714,24,0
1774383569.001306,1306,ubuntu-rog,1,0,0,8476147,0,2878017,3930390,497827,0,10,0,0,0,0,0,1552038379,0,0,4907,1553189015,0,0,2878017,3930390,497827,0,244552,144110,0,0,0,0,0,0,0,0,0,0,2872000,102668,4434567,10,0,0,6367,0,0,0,0,0,0,0,36650306,34035679,0,0,89763,89763,15280,16461,0,0,0,0,0,0,0,0,0,2557045,1276961,0,262144,6535356,169698745,0,0,1026,1025,1570808894,0,0,0,0,0,0,0,0,0,0,0,0,1579312984,0,13999,1857070,1435852071,22701,0,0,98993180,0,0,0,0,0,0,0,0,0,0,0,0,0,0,0,0,0,0,0,14582,0,0,0,0,0,0,0,0,0,0,0,0,0,0,0,0,0,0,0,0,0,0,0,0,45708,4050,22696,18646,18646,0,0,3322,0,0,19,0,0,0,0,0,0,0,1,0,1,0,0,0,0,0,0,0,0,0,0,0,0,0,0,0,0,0,0,0,0,714,24,0
1774383570.001309,1309,ubuntu-rog,1,0,0,8476602,0,2878017,3930390,497827,0,11,0,0,0,0,0,1552038411,0,0,4907,1553189047,0,0,2878017,3930390,497827,0,244552,144110,0,0,0,0,0,0,0,0,0,0,2872000,102668,4434568,11,0,0,6367,0,0,0,0,0,0,0,36650307,34035679,0,0,89763,89763,15280,16461,0,0,0,0,0,0,0,0,0,2557136,1277007,0,262144,6535356,169698745,0,0,1026,1025,1570808926,0,0,0,0,0,0,0,0,0,0,0,0,1579313015,0,13999,1857070,1435852071,22701,0,0,98993180,0,0,0,0,0,0,0,0,0,0,0,0,0,0,0,0,0,0,0,14582,0,0,0,0,0,0,0,0,0,0,0,0,0,0,0,0,0,0,0,0,0,0,0,0,45708,4050,22696,18646,18646,0,0,3322,0,0,19,0,0,0,0,0,0,0,1,0,1,0,0,0,0,0,0,0,0,0,0,0,0,0,0,0,0,0,0,0,0,714,24,0
1774383571.002157,2157,ubuntu-rog,1,0,0,8477088,0,2878017,3930390,497827,0,14,0,0,0,0,0,1552038446,0,0,4907,1553189082,0,0,2878017,3930390,497827,0,244552,144110,0,0,0,0,0,0,0,0,0,0,2872000,102668,4434570,14,0,0,6367,0,0,0,0,0,0,0,36650310,34035679,0,0,89763,89763,15280,16461,0,0,0,0,0,0,0,0,0,2557233,1277055,0,262144,6535356,169698745,0,0,1026,1025,1570808961,0,0,0,0,0,0,0,0,0,0,0,0,1579313048,0,13999,1857070,1435852071,22701,0,0,98993180,0,0,0,0,0,0,0,0,0,0,0,0,0,0,0,0,0,0,0,14582,0,0,0,0,0,0,0,0,0,0,0,0,0,0,0,0,0,0,0,0,0,0,0,0,45708,4050,22696,18646,18646,0,0,3322,0,0,19,0,0,0,0,0,0,0,1,0,1,0,0,0,0,0,0,0,0,0,0,0,0,0,0,0,0,0,0,0,0,714,24,0
1774383572.001155,1155,ubuntu-rog,1,0,0,8477413,0,2878017,3930390,497827,0,15,0,0,0,0,0,1552038474,0,0,4907,1553189110,0,0,2878017,3930390,497827,0,244552,144110,0,0,0,0,0,0,0,0,0,0,2872000,102668,4434570,15,0,0,6367,0,0,0,0,0,0,0,36650311,34035679,0,0,89763,89763,15280,16461,0,0,0,0,0,0,0,0,0,2557298,1277088,0,262144,6535356,169698773,0,0,1026,1025,1570808989,0,0,0,0,0,0,0,0,0,0,0,0,1579313076,0,13999,1857070,1435852071,22701,0,0,98993180,0,0,0,0,0,0,0,0,0,0,0,0,0,0,0,0,0,0,0,14582,0,0,0,0,0,0,0,0,0,0,0,0,0,0,0,0,0,0,0,0,0,0,0,0,45708,4050,22696,18646,18646,0,0,3322,0,0,19,0,0,0,0,0,0,0,1,0,1,0,0,0,0,0,0,0,0,0,0,0,0,0,0,0,0,0,0,0,0,714,24,0
1774383573.001267,1267,ubuntu-rog,1,0,0,8478694,0,2878017,3930390,497827,0,16,0,0,0,0,0,1552038509,0,0,4907,1553189145,0,0,2878017,3930390,497827,0,244552,144110,0,0,0,0,0,0,0,0,0,0,2872000,102668,4434571,16,0,0,6367,0,0,0,0,0,0,0,36650312,34035679,0,0,89763,89763,15280,16461,0,0,0,0,0,0,0,0,0,2557554,1277216,0,262144,6535356,169698773,0,0,1026,1025,1570809024,0,0,0,0,0,0,0,0,0,0,0,0,1579313110,0,13999,1857070,1435852071,22701,0,0,98993180,0,0,0,0,0,0,0,0,0,0,0,0,0,0,0,0,0,0,0,14582,0,0,0,0,0,0,0,0,0,0,0,0,0,0,0,0,0,0,0,0,0,0,0,0,45708,4050,22696,18646,18646,0,0,3322,0,0,19,0,0,0,0,0,0,0,1,0,1,0,0,0,0,0,0,0,0,0,0,0,0,0,0,0,0,0,0,0,0,714,24,0
1774383574.001308,1308,ubuntu-rog,1,0,0,8478691,0,2878017,3930390,497827,0,16,0,0,0,0,0,1552038532,0,0,4907,1553189168,0,0,2878017,3930390,497827,0,244552,144110,0,0,0,0,0,0,0,0,0,0,2872000,102668,4434571,16,0,0,6367,0,0,0,0,0,0,0,36650312,34035679,0,0,89763,89763,15280,16461,0,0,0,0,0,0,0,0,0,2557554,1277215,0,262144,6535356,169698773,0,0,1026,1025,1570809047,0,0,0,0,0,0,0,0,0,0,0,0,1579313134,0,13999,1857070,1435852071,22701,0,0,98993180,0,0,0,0,0,0,0,0,0,0,0,0,0,0,0,0,0,0,0,14582,0,0,0,0,0,0,0,0,0,0,0,0,0,0,0,0,0,0,0,0,0,0,0,0,45708,4050,22696,18646,18646,0,0,3322,0,0,19,0,0,0,0,0,0,0,1,0,1,0,0,0,0,0,0,0,0,0,0,0,0,0,0,0,0,0,0,0,0,714,24,0
1774383575.002307,2307,ubuntu-rog,1,0,0,8479976,0,2878077,3930390,497827,0,16,0,0,0,0,0,1552038741,0,0,4907,1553189377,0,0,2878077,3930390,497827,0,244552,144098,0,0,0,0,0,0,0,0,0,0,2872041,102668,4434571,16,0,0,6367,0,0,0,0,0,0,0,36650312,34035679,0,0,89763,89763,15280,16461,0,0,0,0,0,0,0,0,0,2557811,1277344,0,262144,6535356,169698773,0,0,1026,1025,1570809326,0,0,0,0,0,0,0,0,0,0,0,0,1579313358,0,13999,1857070,1435852137,22701,0,0,98993180,0,0,0,0,0,0,0,0,0,0,0,0,0,0,0,0,0,0,0,14582,0,0,0,0,0,0,0,0,0,0,0,0,0,0,0,0,0,0,0,0,0,0,0,0,45708,4050,22696,18646,18646,0,0,3322,0,0,19,0,0,0,0,0,0,0,1,0,1,0,0,0,0,0,0,0,0,0,0,0,0,0,0,0,0,0,0,0,0,714,24,0
1774383576.001162,1162,ubuntu-rog,1,0,0,8479976,0,2878077,3930390,497827,0,16,0,0,0,0,0,1552038771,0,0,4907,1553189407,0,0,2878077,3930390,497827,0,244552,144098,0,0,0,0,0,0,0,0,0,0,2872041,102668,4434571,16,0,0,6367,0,0,0,0,0,0,0,36650312,34035679,0,0,89763,89763,15280,16461,0,0,0,0,0,0,0,0,0,2557811,1277344,0,262144,6535356,169698773,0,0,1026,1025,1570809356,0,0,0,0,0,0,0,0,0,0,0,0,1579313388,0,13999,1857070,1435852137,22701,0,0,98993180,0,0,0,0,0,0,0,0,0,0,0,0,0,0,0,0,0,0,0,14582,0,0,0,0,0,0,0,0,0,0,0,0,0,0,0,0,0,0,0,0,0,0,0,0,45708,4050,22696,18646,18646,0,0,3322,0,0,19,0,0,0,0,0,0,0,1,0,1,0,0,0,0,0,0,0,0,0,0,0,0,0,0,0,0,0,0,0,0,714,24,0
1774383577.001164,1164,ubuntu-rog,1,0,0,8479976,0,2878077,3930390,497827,0,17,0,0,0,0,0,1552038796,0,0,4907,1553189432,0,0,2878077,3930390,497827,0,244552,144098,0,0,0,0,0,0,0,0,0,0,2872041,102668,4434572,17,0,0,6367,0,0,0,0,0,0,0,36650313,34035679,0,0,89763,89763,15280,16461,0,0,0,0,0,0,0,0,0,2557811,1277344,0,262144,6535356,169698789,0,0,1026,1025,1570809381,0,0,0,0,0,0,0,0,0,0,0,0,1579313412,0,13999,1857070,1435852137,22701,0,0,98993180,0,0,0,0,0,0,0,0,0,0,0,0,0,0,0,0,0,0,0,14582,0,0,0,0,0,0,0,0,0,0,0,0,0,0,0,0,0,0,0,0,0,0,0,0,45708,4050,22696,18646,18646,0,0,3322,0,0,19,0,0,0,0,0,0,0,1,0,1,0,0,0,0,0,0,0,0,0,0,0,0,0,0,0,0,0,0,0,0,714,24,0
1774383578.001269,1269,ubuntu-rog,1,0,0,8479976,0,2878077,3930390,497827,0,18,0,0,0,0,0,1552038826,0,0,4907,1553189462,0,0,2878077,3930390,497827,0,244552,144098,0,0,0,0,0,0,0,0,0,0,2872041,102668,4434573,18,0,0,6367,0,0,0,0,0,0,0,36650314,34035679,0,0,89763,89763,15280,16461,0,0,0,0,0,0,0,0,0,2557811,1277344,0,262144,6535356,169698789,0,0,1026,1025,1570809411,0,0,0,0,0,0,0,0,0,0,0,0,1579313441,0,13999,1857070,1435852137,22701,0,0,98993180,0,0,0,0,0,0,0,0,0,0,0,0,0,0,0,0,0,0,0,14582,0,0,0,0,0,0,0,0,0,0,0,0,0,0,0,0,0,0,0,0,0,0,0,0,45708,4050,22696,18646,18646,0,0,3322,0,0,19,0,0,0,0,0,0,0,1,0,1,0,0,0,0,0,0,0,0,0,0,0,0,0,0,0,0,0,0,0,0,714,24,0
1774383579.002301,2301,ubuntu-rog,1,0,0,8479976,0,2878077,3930390,497827,0,18,0,0,0,0,0,1552038856,0,0,4907,1553189492,0,0,2878077,3930390,497827,0,244552,144098,0,0,0,0,0,0,0,0,0,0,2872041,102668,4434573,18,0,0,6367,0,0,0,0,0,0,0,36650314,34035679,0,0,89763,89763,15280,16461,0,0,0,0,0,0,0,0,0,2557811,1277344,0,262144,6535356,169698789,0,0,1026,1025,1570809441,0,0,0,0,0,0,0,0,0,0,0,0,1579313471,0,13999,1857070,1435852137,22701,0,0,98993180,0,0,0,0,0,0,0,0,0,0,0,0,0,0,0,0,0,0,0,14582,0,0,0,0,0,0,0,0,0,0,0,0,0,0,0,0,0,0,0,0,0,0,0,0,45708,4050,22696,18646,18646,0,0,3322,0,0,19,0,0,0,0,0,0,0,1,0,1,0,0,0,0,0,0,0,0,0,0,0,0,0,0,0,0,0,0,0,0,714,24,0
1774383580.001308,1308,ubuntu-rog,1,0,0,8479976,0,2878101,3930397,497827,0,19,0,0,0,0,0,1552038878,0,0,4907,1553189514,0,0,2878101,3930397,497827,0,244552,144098,0,0,0,0,0,0,0,0,0,0,2872041,102668,4434574,19,0,0,6367,0,0,0,0,0,0,0,36650315,34035679,0,0,89763,89763,15280,16461,0,0,0,0,0,0,0,0,0,2557812,1277344,0,262144,6535356,169698789,0,0,1026,1025,1570809463,0,0,0,0,0,0,0,0,0,0,0,0,1579313492,0,13999,1857070,1435852137,22701,0,0,98993180,0,0,0,0,0,0,0,0,0,0,0,0,0,0,0,0,0,0,0,14582,0,0,0,0,0,0,0,0,0,0,0,0,0,0,0,0,0,0,0,0,0,0,0,0,45708,4050,22696,18646,18646,0,0,3322,0,0,19,0,0,0,0,0,0,0,1,0,1,0,0,0,0,0,0,0,0,0,0,0,0,0,0,0,0,0,0,0,0,714,24,0
1774383581.001159,1159,ubuntu-rog,1,0,0,8480279,0,2878101,3930397,497827,0,19,0,0,0,0,0,1552038907,0,0,4907,1553189543,0,0,2878101,3930397,497827,0,244552,144098,0,0,0,0,0,0,0,0,0,0,2872041,102668,4434574,19,0,0,6367,0,0,0,0,0,0,0,36650315,34035679,0,0,89763,89763,15280,16461,0,0,0,0,0,0,0,0,0,2557873,1277375,0,262144,6535356,169698789,0,0,1026,1025,1570809492,0,0,0,0,0,0,0,0,0,0,0,0,1579313521,0,13999,1857070,1435852137,22701,0,0,98993180,0,0,0,0,0,0,0,0,0,0,0,0,0,0,0,0,0,0,0,14582,0,0,0,0,0,0,0,0,0,0,0,0,0,0,0,0,0,0,0,0,0,0,0,0,45708,4050,22696,18646,18646,0,0,3322,0,0,19,0,0,0,0,0,0,0,1,0,1,0,0,0,0,0,0,0,0,0,0,0,0,0,0,0,0,0,0,0,0,714,24,0
1774383582.001164,1164,ubuntu-rog,1,0,0,8481097,0,2878101,3930397,497827,0,19,0,0,0,0,0,1552038938,0,0,4907,1553189574,0,0,2878101,3930397,497827,0,244552,144098,0,0,0,0,0,0,0,0,0,0,2872041,102668,4434576,19,0,0,6367,0,0,0,0,0,0,0,36650315,34035679,0,0,89763,89763,15280,16461,0,0,0,0,0,0,0,0,0,2558036,1277456,0,262144,6535356,169698805,0,0,1026,1025,1570809523,0,0,0,0,0,0,0,0,0,0,0,0,1579313550,0,13999,1857070,1435852138,22701,0,0,98993181,0,0,0,0,0,0,0,0,0,0,0,0,0,0,0,0,0,0,0,14582,0,0,0,0,0,0,0,0,0,0,0,0,0,0,0,0,0,0,0,0,0,0,0,0,45708,4050,22696,18646,18646,0,0,3322,0,0,19,0,0,0,0,0,0,0,1,0,1,0,0,0,0,0,0,0,0,0,0,0,0,0,0,0,0,0,0,0,0,714,24,0
1774383583.002274,2274,ubuntu-rog,1,0,0,8481929,0,2878101,3930397,497827,0,20,0,0,0,0,0,1552038962,0,0,4907,1553189598,0,0,2878101,3930397,497827,0,244552,144098,0,0,0,0,0,0,0,0,0,0,2872041,102668,4434577,20,0,0,6367,0,0,0,0,0,0,0,36650316,34035679,0,0,89763,89763,15280,16461,0,0,0,0,0,0,0,0,0,2558203,1277539,0,262144,6535356,169698805,0,0,1026,1025,1570809547,0,0,0,0,0,0,0,0,0,0,0,0,1579313573,0,13999,1857070,1435852138,22701,0,0,98993181,0,0,0,0,0,0,0,0,0,0,0,0,0,0,0,0,0,0,0,14582,0,0,0,0,0,0,0,0,0,0,0,0,0,0,0,0,0,0,0,0,0,0,0,0,45708,4050,22696,18646,18646,0,0,3322,0,0,19,0,0,0,0,0,0,0,1,0,1,0,0,0,0,0,0,0,0,0,0,0,0,0,0,0,0,0,0,0,0,714,24,0
1774383584.001310,1310,ubuntu-rog,1,0,0,8482249,0,2878101,3930397,497827,0,22,0,0,0,0,0,1552038994,0,0,4907,1553189630,0,0,2878101,3930397,497827,0,244552,144098,0,0,0,0,0,0,0,0,0,0,2872041,102668,4434579,22,0,0,6367,0,0,0,0,0,0,0,36650318,34035679,0,0,89763,89763,15264,16461,0,0,0,0,0,0,0,0,0,2558267,1277571,0,262144,6535356,169698805,0,0,1026,1025,1570809579,0,0,0,0,0,0,0,0,0,0,0,0,1579313603,0,13999,1857070,1435852138,22701,0,0,98993181,0,0,0,0,0,0,0,0,0,0,0,0,0,0,0,0,0,0,0,14582,0,0,0,0,0,0,0,0,0,0,0,0,0,0,0,0,0,0,0,0,0,0,0,0,45708,4050,22696,18646,18646,0,0,3322,0,0,19,0,0,0,0,0,0,0,1,0,1,0,0,0,0,0,0,0,0,0,0,0,0,0,0,0,0,0,0,0,0,714,24,0
1774383585.001310,1310,ubuntu-rog,1,0,0,8482388,0,2878092,3930397,497827,0,22,0,0,0,0,0,1552039031,0,0,4907,1553189667,0,0,2878092,3930397,497827,0,244552,144098,0,0,0,0,0,0,0,0,0,0,2872036,102668,4434579,22,0,0,6367,0,0,0,0,0,0,0,36650318,34035679,0,0,89763,89763,15264,16461,0,0,0,0,0,0,0,0,0,2558294,1277585,0,262144,6535356,169698805,0,0,1026,1025,1570809616,0,0,0,0,0,0,0,0,0,0,0,0,1579313643,0,13999,1857070,1435852144,22701,0,0,98993181,0,0,0,0,0,0,0,0,0,0,0,0,0,0,0,0,0,0,0,14582,0,0,0,0,0,0,0,0,0,0,0,0,0,0,0,0,0,0,0,0,0,0,0,0,45708,4050,22696,18646,18646,0,0,3322,0,0,19,0,0,0,0,0,0,0,1,0,1,0,0,0,0,0,0,0,0,0,0,0,0,0,0,0,0,0,0,0,0,714,24,0
1774383586.001159,1159,ubuntu-rog,1,0,0,8482388,0,2878092,3930397,497827,0,22,0,0,0,0,0,1552039056,0,0,4907,1553189692,0,0,2878092,3930397,497827,0,244552,144098,0,0,0,0,0,0,0,0,0,0,2872036,102668,4434579,22,0,0,6367,0,0,0,0,0,0,0,36650318,34035679,0,0,89763,89763,15264,16461,0,0,0,0,0,0,0,0,0,2558294,1277585,0,262144,6535356,169698805,0,0,1026,1025,1570809641,0,0,0,0,0,0,0,0,0,0,0,0,1579313668,0,13999,1857070,1435852144,22701,0,0,98993181,0,0,0,0,0,0,0,0,0,0,0,0,0,0,0,0,0,0,0,14582,0,0,0,0,0,0,0,0,0,0,0,0,0,0,0,0,0,0,0,0,0,0,0,0,45708,4050,22696,18646,18646,0,0,3322,0,0,19,0,0,0,0,0,0,0,1,0,1,0,0,0,0,0,0,0,0,0,0,0,0,0,0,0,0,0,0,0,0,714,24,0
1774383587.002159,2159,ubuntu-rog,1,0,0,8482388,0,2878092,3930397,497827,0,23,0,0,0,0,0,1552039087,0,0,4907,1553189723,0,0,2878092,3930397,497827,0,244552,144098,0,0,0,0,0,0,0,0,0,0,2872036,102668,4434581,23,0,0,6367,0,0,0,0,0,0,0,36650319,34035679,0,0,89763,89763,15264,16461,0,0,0,0,0,0,0,0,0,2558294,1277585,0,262144,6535356,169698821,0,0,1026,1025,1570809672,0,0,0,0,0,0,0,0,0,0,0,0,1579313697,0,13999,1857070,1435852144,22701,0,0,98993181,0,0,0,0,0,0,0,0,0,0,0,0,0,0,0,0,0,0,0,14582,0,0,0,0,0,0,0,0,0,0,0,0,0,0,0,0,0,0,0,0,0,0,0,0,45708,4050,22696,18646,18646,0,0,3322,0,0,19,0,0,0,0,0,0,0,1,0,1,0,0,0,0,0,0,0,0,0,0,0,0,0,0,0,0,0,0,0,0,714,24,0
1774383588.001266,1266,ubuntu-rog,1,0,0,8482388,0,2878092,3930397,497827,0,23,0,0,0,0,0,1552039115,0,0,4907,1553189751,0,0,2878092,3930397,497827,0,244552,144098,0,0,0,0,0,0,0,0,0,0,2872036,102668,4434581,23,0,0,6367,0,0,0,0,0,0,0,36650319,34035679,0,0,89763,89763,15264,16461,0,0,0,0,0,0,0,0,0,2558294,1277585,0,262144,6535356,169698821,0,0,1026,1025,1570809700,0,0,0,0,0,0,0,0,0,0,0,0,1579313725,0,13999,1857070,1435852144,22701,0,0,98993181,0,0,0,0,0,0,0,0,0,0,0,0,0,0,0,0,0,0,0,14582,0,0,0,0,0,0,0,0,0,0,0,0,0,0,0,0,0,0,0,0,0,0,0,0,45708,4050,22696,18646,18646,0,0,3322,0,0,19,0,0,0,0,0,0,0,1,0,1,0,0,0,0,0,0,0,0,0,0,0,0,0,0,0,0,0,0,0,0,714,24,0
1774383589.001307,1307,ubuntu-rog,1,0,0,8482388,0,2878092,3930397,497827,0,23,0,0,0,0,0,1552039146,0,0,4907,1553189782,0,0,2878092,3930397,497827,0,244552,144098,0,0,0,0,0,0,0,0,0,0,2872036,102668,4434581,23,0,0,6367,0,0,0,0,0,0,0,36650319,34035679,0,0,89763,89763,15264,16461,0,0,0,0,0,0,0,0,0,2558294,1277585,0,262144,6535356,169698837,0,0,1026,1025,1570809731,0,0,0,0,0,0,0,0,0,0,0,0,1579313756,0,13999,1857070,1435852144,22701,0,0,98993181,0,0,0,0,0,0,0,0,0,0,0,0,0,0,0,0,0,0,0,14582,0,0,0,0,0,0,0,0,0,0,0,0,0,0,0,0,0,0,0,0,0,0,0,0,45708,4050,22696,18646,18646,0,0,3322,0,0,19,0,0,0,0,0,0,0,1,0,1,0,0,0,0,0,0,0,0,0,0,0,0,0,0,0,0,0,0,0,0,714,24,0
1774383590.001310,1310,ubuntu-rog,1,0,0,8482388,0,2878117,3930398,497827,0,20,0,0,0,0,0,1552039178,0,0,4907,1553189814,0,0,2878117,3930398,497827,0,244552,144098,0,0,0,0,0,0,0,0,0,0,2872036,102668,4434582,20,0,0,6367,0,0,0,0,0,0,0,36650320,34035683,0,0,89763,89763,15264,16461,0,0,0,0,0,0,0,0,0,2558295,1277585,0,262144,6535356,169698837,0,0,1026,1025,1570809763,0,0,0,0,0,0,0,0,0,0,0,0,1579313787,0,13999,1857070,1435852144,22701,0,0,98993181,0,0,0,0,0,0,0,0,0,0,0,0,0,0,0,0,0,0,0,14582,0,0,0,0,0,0,0,0,0,0,0,0,0,0,0,0,0,0,0,0,0,0,0,0,45708,4050,22696,18646,18646,0,0,3322,0,0,19,0,0,0,0,0,0,0,1,0,1,0,0,0,0,0,0,0,0,0,0,0,0,0,0,0,0,0,0,0,0,714,24,0
1774383591.002157,2157,ubuntu-rog,1,0,0,8482388,0,2878117,3930398,497827,0,21,0,0,0,0,0,1552039200,0,0,4907,1553189836,0,0,2878117,3930398,497827,0,244552,144098,0,0,0,0,0,0,0,0,0,0,2872036,102668,4434583,21,0,0,6367,0,0,0,0,0,0,0,36650321,34035683,0,0,89763,89763,15264,16461,0,0,0,0,0,0,0,0,0,2558295,1277585,0,262144,6535356,169698837,0,0,1026,1025,1570809785,0,0,0,0,0,0,0,0,0,0,0,0,1579313808,0,13999,1857070,1435852144,22701,0,0,98993181,0,0,0,0,0,0,0,0,0,0,0,0,0,0,0,0,0,0,0,14582,0,0,0,0,0,0,0,0,0,0,0,0,0,0,0,0,0,0,0,0,0,0,0,0,45708,4050,22696,18646,18646,0,0,3322,0,0,19,0,0,0,0,0,0,0,1,0,1,0,0,0,0,0,0,0,0,0,0,0,0,0,0,0,0,0,0,0,0,714,24,0
1774383592.001161,1161,ubuntu-rog,1,0,0,8482388,0,2878117,3930398,497827,0,22,0,0,0,0,0,1552039229,0,0,4907,1553189865,0,0,2878117,3930398,497827,0,244552,144098,0,0,0,0,0,0,0,0,0,0,2872036,102668,4434585,22,0,0,6367,0,0,0,0,0,0,0,36650322,34035683,0,0,89763,89763,15264,16461,0,0,0,0,0,0,0,0,0,2558295,1277585,0,262144,6535356,169698893,0,0,1026,1025,1570809814,0,0,0,0,0,0,0,0,0,0,0,0,1579313835,0,13999,1857070,1435852144,22701,0,0,98993181,0,0,0,0,0,0,0,0,0,0,0,0,0,0,0,0,0,0,0,14582,0,0,0,0,0,0,0,0,0,0,0,0,0,0,0,0,0,0,0,0,0,0,0,0,45708,4050,22696,18646,18646,0,0,3322,0,0,19,0,0,0,0,0,0,0,1,0,1,0,0,0,0,0,0,0,0,0,0,0,0,0,0,0,0,0,0,0,0,714,24,0
1774383593.001267,1267,ubuntu-rog,1,0,0,8482388,0,2878117,3930398,497827,0,14,0,0,0,0,0,1552039258,0,0,4907,1553189894,0,0,2878117,3930398,497827,0,244552,144098,0,0,0,0,0,0,0,0,0,0,2872036,102668,4434585,14,0,0,6367,0,0,0,0,0,0,0,36650322,34035691,0,0,89763,89763,15264,16461,0,0,0,0,0,0,0,0,0,2558295,1277585,0,262144,6535356,169698893,0,0,1026,1025,1570809843,0,0,0,0,0,0,0,0,0,0,0,0,1579313864,0,13999,1857070,1435852144,22701,0,0,98993181,0,0,0,0,0,0,0,0,0,0,0,0,0,0,0,0,0,0,0,14582,0,0,0,0,0,0,0,0,0,0,0,0,0,0,0,0,0,0,0,0,0,0,0,0,45708,4050,22696,18646,18646,0,0,3322,0,0,19,0,0,0,0,0,0,0,1,0,1,0,0,0,0,0,0,0,0,0,0,0,0,0,0,0,0,0,0,0,0,714,24,0
1774383594.001317,1317,ubuntu-rog,1,0,0,8482388,0,2878117,3930398,497827,0,15,0,0,0,0,0,1552039283,0,0,4907,1553189919,0,0,2878117,3930398,497827,0,244552,144098,0,0,0,0,0,0,0,0,0,0,2872036,102668,4434586,15,0,0,6367,0,0,0,0,0,0,0,36650323,34035691,0,0,89763,89763,15264,16461,0,0,0,0,0,0,0,0,0,2558295,1277585,0,262144,6535356,169698893,0,0,1026,1025,1570809868,0,0,0,0,0,0,0,0,0,0,0,0,1579313888,0,13999,1857070,1435852144,22701,0,0,98993181,0,0,0,0,0,0,0,0,0,0,0,0,0,0,0,0,0,0,0,14582,0,0,0,0,0,0,0,0,0,0,0,0,0,0,0,0,0,0,0,0,0,0,0,0,45708,4050,22696,18646,18646,0,0,3322,0,0,19,0,0,0,0,0,0,0,1,0,1,0,0,0,0,0,0,0,0,0,0,0,0,0,0,0,0,0,0,0,0,714,24,0
1774383595.002303,2303,ubuntu-rog,1,0,0,8482388,0,2878117,3930398,497827,0,15,0,0,0,0,0,1552039313,0,0,4907,1553189949,0,0,2878117,3930398,497827,0,244552,144098,0,0,0,0,0,0,0,0,0,0,2872036,102668,4434586,15,0,0,6367,0,0,0,0,0,0,0,36650323,34035691,0,0,89763,89763,15264,16461,0,0,0,0,0,0,0,0,0,2558295,1277585,0,262144,6535356,169698893,0,0,1026,1025,1570809898,0,0,0,0,0,0,0,0,0,0,0,0,1579313918,0,13999,1857070,1435852146,22701,0,0,98993183,0,0,0,0,0,0,0,0,0,0,0,0,0,0,0,0,0,0,0,14582,0,0,0,0,0,0,0,0,0,0,0,0,0,0,0,0,0,0,0,0,0,0,0,0,45708,4050,22696,18646,18646,0,0,3322,0,0,19,0,0,0,0,0,0,0,1,0,1,0,0,0,0,0,0,0,0,0,0,0,0,0,0,0,0,0,0,0,0,714,24,0
1774383596.001162,1162,ubuntu-rog,1,0,0,8482388,0,2878117,3930398,497827,0,17,0,0,0,0,0,1552039344,0,0,4907,1553189980,0,0,2878117,3930398,497827,0,244552,144098,0,0,0,0,0,0,0,0,0,0,2872036,102668,4434587,17,0,0,6367,0,0,0,0,0,0,0,36650325,34035691,0,0,89763,89763,15264,16461,0,0,0,0,0,0,0,0,0,2558295,1277585,0,262144,6535356,169698893,0,0,1026,1025,1570809929,0,0,0,0,0,0,0,0,0,0,0,0,1579313948,0,13999,1857070,1435852146,22701,0,0,98993183,0,0,0,0,0,0,0,0,0,0,0,0,0,0,0,0,0,0,0,14582,0,0,0,0,0,0,0,0,0,0,0,0,0,0,0,0,0,0,0,0,0,0,0,0,45708,4050,22696,18646,18646,0,0,3322,0,0,19,0,0,0,0,0,0,0,1,0,1,0,0,0,0,0,0,0,0,0,0,0,0,0,0,0,0,0,0,0,0,714,24,0
1774383597.001163,1163,ubuntu-rog,1,0,0,8482388,0,2878117,3930398,497827,0,20,0,0,0,0,0,1552039371,0,0,4907,1553190007,0,0,2878117,3930398,497827,0,244553,144098,0,0,0,0,0,0,0,0,0,0,2872036,102668,4434590,20,0,0,6367,0,0,0,0,0,0,0,36650328,34035691,0,0,89763,89763,15264,16461,0,0,0,0,0,0,0,0,0,2558295,1277585,0,262144,6535356,169698909,0,0,1026,1025,1570809956,0,0,0,0,0,0,0,0,0,0,0,0,1579313971,0,13999,1857070,1435852146,22701,0,0,98993183,0,0,0,0,0,0,0,0,0,0,0,0,0,0,0,0,0,0,0,14582,0,0,0,0,0,0,0,0,0,0,0,0,0,0,0,0,0,0,0,0,0,0,0,0,45708,4050,22696,18646,18646,0,0,3322,0,0,19,0,0,0,0,0,0,0,1,0,1,0,0,0,0,0,0,0,0,0,0,0,0,0,0,0,0,0,0,0,0,714,24,0
1774383598.001268,1268,ubuntu-rog,1,0,0,8482388,0,2878117,3930398,497827,0,20,0,0,0,0,0,1552039401,0,0,4907,1553190037,0,0,2878117,3930398,497827,0,244553,144098,0,0,0,0,0,0,0,0,0,0,2872036,102668,4434590,20,0,0,6367,0,0,0,0,0,0,0,36650328,34035691,0,0,89763,89763,15264,16461,0,0,0,0,0,0,0,0,0,2558295,1277585,0,262144,6535356,169698909,0,0,1026,1025,1570809986,0,0,0,0,0,0,0,0,0,0,0,0,1579314001,0,13999,1857070,1435852146,22701,0,0,98993183,0,0,0,0,0,0,0,0,0,0,0,0,0,0,0,0,0,0,0,14582,0,0,0,0,0,0,0,0,0,0,0,0,0,0,0,0,0,0,0,0,0,0,0,0,45708,4050,22696,18646,18646,0,0,3322,0,0,19,0,0,0,0,0,0,0,1,0,1,0,0,0,0,0,0,0,0,0,0,0,0,0,0,0,0,0,0,0,0,714,24,0
1774383599.002304,2304,ubuntu-rog,1,0,0,8482388,0,2878117,3930398,497827,0,20,0,0,0,0,0,1552039430,0,0,4907,1553190066,0,0,2878117,3930398,497827,0,244553,144098,0,0,0,0,0,0,0,0,0,0,2872036,102668,4434590,20,0,0,6367,0,0,0,0,0,0,0,36650328,34035691,0,0,89763,89763,15264,16461,0,0,0,0,0,0,0,0,0,2558295,1277585,0,262144,6535356,169698953,0,0,1026,1025,1570810015,0,0,0,0,0,0,0,0,0,0,0,0,1579314030,0,13999,1857070,1435852146,22701,0,0,98993183,0,0,0,0,0,0,0,0,0,0,0,0,0,0,0,0,0,0,0,14582,0,0,0,0,0,0,0,0,0,0,0,0,0,0,0,0,0,0,0,0,0,0,0,0,45708,4050,22696,18646,18646,0,0,3322,0,0,19,0,0,0,0,0,0,0,1,0,1,0,0,0,0,0,0,0,0,0,0,0,0,0,0,0,0,0,0,0,0,714,24,0
1774383600.002116,2116,ubuntu-rog,1,0,0,8482388,0,2878117,3930398,497827,0,9,0,0,0,0,0,1552039459,0,0,4907,1553190095,0,0,2878117,3930398,497827,0,244553,144098,0,0,0,0,0,0,0,0,0,0,2872036,102668,4434590,9,0,0,6367,0,0,0,0,0,0,0,36650328,34035702,0,0,89763,89763,15264,16461,0,0,0,0,0,0,0,0,0,2558295,1277585,0,262144,6535356,169698953,0,0,1026,1025,1570810044,0,0,0,0,0,0,0,0,0,0,0,0,1579314059,0,13999,1857070,1435852147,22701,0,0,98993183,0,0,0,0,0,0,0,0,0,0,0,0,0,0,0,0,0,0,0,14582,0,0,0,0,0,0,0,0,0,0,0,0,0,0,0,0,0,0,0,0,0,0,0,0,45708,4050,22696,18646,18646,0,0,3322,0,0,19,0,0,0,0,0,0,0,1,0,1,0,0,0,0,0,0,0,0,0,0,0,0,0,0,0,0,0,0,0,0,714,24,0
1774383601.001168,1168,ubuntu-rog,1,0,0,8482451,0,2878117,3930398,497827,0,11,0,0,0,0,0,1552039490,0,0,4907,1553190126,0,0,2878117,3930398,497827,0,244553,144098,0,0,0,0,0,0,0,0,0,0,2872037,102668,4434591,11,0,0,6367,0,0,0,0,0,0,0,36650330,34035702,0,0,89763,89763,15264,16461,0,0,0,0,0,0,0,0,0,2558307,1277591,0,262144,6535356,169698953,0,0,1026,1025,1570810075,0,0,0,0,0,0,0,0,0,0,0,0,1579314088,0,13999,1857070,1435852147,22701,0,0,98993183,0,0,0,0,0,0,0,0,0,0,0,0,0,0,0,0,0,0,0,14582,0,0,0,0,0,0,0,0,0,0,0,0,0,0,0,0,0,0,0,0,0,0,0,0,45708,4050,22696,18646,18646,0,0,3322,0,0,19,0,0,0,0,0,0,0,1,0,1,0,0,0,0,0,0,0,0,0,0,0,0,0,0,0,0,0,0,0,0,714,24,0
1774383602.001166,1166,ubuntu-rog,1,0,0,8481884,0,2878173,3930409,497827,0,67,0,0,0,0,0,1552040074,0,0,4907,1553190710,0,0,2878173,3930409,497827,0,244553,144090,0,0,0,0,0,0,0,0,0,0,2872037,102668,4434595,67,0,0,6367,0,0,0,0,0,0,0,36650386,34035702,0,0,89763,89763,15296,16461,0,0,0,0,0,0,0,0,0,2558196,1277536,0,262144,6535356,169698981,0,0,1026,1025,1570810659,0,0,0,0,0,0,0,0,0,0,0,0,1579314622,0,13999,1857070,1435853316,22701,0,0,98993624,0,0,0,0,0,0,0,0,0,0,0,0,0,0,0,0,0,0,0,14582,0,0,0,0,0,0,0,0,0,0,0,0,0,0,0,0,0,0,0,0,0,0,0,0,45708,4050,22696,18646,18646,0,0,3322,0,0,19,0,0,0,0,0,0,0,1,0,1,0,0,0,0,0,0,0,0,0,0,0,0,0,0,0,0,0,0,0,0,714,24,0
1774383603.002273,2273,ubuntu-rog,1,0,0,8481884,0,2878173,3930409,497827,0,68,0,0,0,0,0,1552040103,0,0,4907,1553190739,0,0,2878173,3930409,497827,0,244553,144090,0,0,0,0,0,0,0,0,0,0,2872037,102668,4434596,68,0,0,6367,0,0,0,0,0,0,0,36650387,34035702,0,0,89763,89763,15296,16461,0,0,0,0,0,0,0,0,0,2558196,1277536,0,262144,6535356,169698981,0,0,1026,1025,1570810688,0,0,0,0,0,0,0,0,0,0,0,0,1579314650,0,13999,1857070,1435853316,22701,0,0,98993624,0,0,0,0,0,0,0,0,0,0,0,0,0,0,0,0,0,0,0,14582,0,0,0,0,0,0,0,0,0,0,0,0,0,0,0,0,0,0,0,0,0,0,0,0,45708,4050,22696,18646,18646,0,0,3322,0,0,19,0,0,0,0,0,0,0,1,0,1,0,0,0,0,0,0,0,0,0,0,0,0,0,0,0,0,0,0,0,0,714,24,0
1774383604.001311,1311,ubuntu-rog,1,0,0,8481884,0,2878173,3930409,497827,0,69,0,0,0,0,0,1552040135,0,0,4907,1553190771,0,0,2878173,3930409,497827,0,244553,144090,0,0,0,0,0,0,0,0,0,0,2872037,102668,4434597,69,0,0,6367,0,0,0,0,0,0,0,36650388,34035702,0,0,89763,89763,15296,16461,0,0,0,0,0,0,0,0,0,2558196,1277536,0,262144,6535356,169698981,0,0,1026,1025,1570810720,0,0,0,0,0,0,0,0,0,0,0,0,1579314681,0,13999,1857070,1435853316,22701,0,0,98993624,0,0,0,0,0,0,0,0,0,0,0,0,0,0,0,0,0,0,0,14582,0,0,0,0,0,0,0,0,0,0,0,0,0,0,0,0,0,0,0,0,0,0,0,0,45708,4050,22696,18646,18646,0,0,3322,0,0,19,0,0,0,0,0,0,0,1,0,1,0,0,0,0,0,0,0,0,0,0,0,0,0,0,0,0,0,0,0,0,714,24,0
1774383605.001306,1306,ubuntu-rog,1,0,0,8481884,0,2878173,3930409,497827,0,62,0,0,0,0,0,1552040156,0,0,4907,1553190792,0,0,2878173,3930409,497827,0,244553,144090,0,0,0,0,0,0,0,0,0,0,2872037,102668,4434597,62,0,0,6367,0,0,0,0,0,0,0,36650388,34035709,0,0,89763,89763,15296,16461,0,0,0,0,0,0,0,0,0,2558196,1277536,0,262144,6535356,169699009,0,0,1026,1025,1570810741,0,0,0,0,0,0,0,0,0,0,0,0,1579314702,0,13999,1857070,1435853316,22701,0,0,98993624,0,0,0,0,0,0,0,0,0,0,0,0,0,0,0,0,0,0,0,14582,0,0,0,0,0,0,0,0,0,0,0,0,0,0,0,0,0,0,0,0,0,0,0,0,45708,4050,22696,18646,18646,0,0,3322,0,0,19,0,0,0,0,0,0,0,1,0,1,0,0,0,0,0,0,0,0,0,0,0,0,0,0,0,0,0,0,0,0,714,24,0
1774383606.001160,1160,ubuntu-rog,1,0,0,8481884,0,2878173,3930409,497827,0,62,0,0,0,0,0,1552040185,0,0,4907,1553190821,0,0,2878173,3930409,497827,0,244553,144090,0,0,0,0,0,0,0,0,0,0,2872037,102668,4434597,62,0,0,6367,0,0,0,0,0,0,0,36650388,34035709,0,0,89763,89763,15296,16461,0,0,0,0,0,0,0,0,0,2558196,1277536,0,262144,6535356,169699009,0,0,1026,1025,1570810770,0,0,0,0,0,0,0,0,0,0,0,0,1579314731,0,13999,1857070,1435853316,22701,0,0,98993624,0,0,0,0,0,0,0,0,0,0,0,0,0,0,0,0,0,0,0,14582,0,0,0,0,0,0,0,0,0,0,0,0,0,0,0,0,0,0,0,0,0,0,0,0,45708,4050,22696,18646,18646,0,0,3322,0,0,19,0,0,0,0,0,0,0,1,0,1,0,0,0,0,0,0,0,0,0,0,0,0,0,0,0,0,0,0,0,0,714,24,0
1774383607.002161,2161,ubuntu-rog,1,0,0,8481884,0,2878173,3930409,497827,0,67,0,0,0,0,0,1552040218,0,0,4907,1553190854,0,0,2878173,3930409,497827,0,244553,144090,0,0,0,0,0,0,0,0,0,0,2872037,102668,4434599,67,0,0,6367,0,0,0,0,0,0,0,36650393,34035709,0,0,89763,89763,15296,16461,0,0,0,0,0,0,0,0,0,2558196,1277536,0,262144,6535356,169699053,0,0,1026,1025,1570810803,0,0,0,0,0,0,0,0,0,0,0,0,1579314762,0,13999,1857070,1435853316,22701,0,0,98993624,0,0,0,0,0,0,0,0,0,0,0,0,0,0,0,0,0,0,0,14582,0,0,0,0,0,0,0,0,0,0,0,0,0,0,0,0,0,0,0,0,0,0,0,0,45708,4050,22696,18646,18646,0,0,3322,0,0,19,0,0,0,0,0,0,0,1,0,1,0,0,0,0,0,0,0,0,0,0,0,0,0,0,0,0,0,0,0,0,714,24,0
1774383608.001270,1270,ubuntu-rog,1,0,0,8481884,0,2878173,3930409,497827,0,69,0,0,0,0,0,1552040243,0,0,4907,1553190879,0,0,2878173,3930409,497827,0,244553,144090,0,0,0,0,0,0,0,0,0,0,2872037,102668,4434601,69,0,0,6367,0,0,0,0,0,0,0,36650395,34035709,0,0,89763,89763,15296,16461,0,0,0,0,0,0,0,0,0,2558196,1277536,0,262144,6535356,169699053,0,0,1026,1025,1570810828,0,0,0,0,0,0,0,0,0,0,0,0,1579314785,0,13999,1857070,1435853316,22701,0,0,98993624,0,0,0,0,0,0,0,0,0,0,0,0,0,0,0,0,0,0,0,14582,0,0,0,0,0,0,0,0,0,0,0,0,0,0,0,0,0,0,0,0,0,0,0,0,45708,4050,22696,18646,18646,0,0,3322,0,0,19,0,0,0,0,0,0,0,1,0,1,0,0,0,0,0,0,0,0,0,0,0,0,0,0,0,0,0,0,0,0,714,24,0
1774383609.001305,1305,ubuntu-rog,1,0,0,8481884,0,2878173,3930409,497827,0,71,0,0,0,0,0,1552040275,0,0,4907,1553190911,0,0,2878173,3930409,497827,0,244553,144090,0,0,0,0,0,0,0,0,0,0,2872037,102668,4434602,71,0,0,6367,0,0,0,0,0,0,0,36650397,34035709,0,0,89763,89763,15296,16461,0,0,0,0,0,0,0,0,0,2558196,1277536,0,262144,6535356,169699053,0,0,1026,1025,1570810860,0,0,0,0,0,0,0,0,0,0,0,0,1579314816,0,13999,1857070,1435853316,22701,0,0,98993624,0,0,0,0,0,0,0,0,0,0,0,0,0,0,0,0,0,0,0,14582,0,0,0,0,0,0,0,0,0,0,0,0,0,0,0,0,0,0,0,0,0,0,0,0,45708,4050,22696,18646,18646,0,0,3322,0,0,19,0,0,0,0,0,0,0,1,0,1,0,0,0,0,0,0,0,0,0,0,0,0,0,0,0,0,0,0,0,0,714,24,0
1774383610.001306,1306,ubuntu-rog,1,0,0,8481884,0,2878173,3930409,497827,0,71,0,0,0,0,0,1552040307,0,0,4907,1553190943,0,0,2878173,3930409,497827,0,244553,144090,0,0,0,0,0,0,0,0,0,0,2872037,102668,4434602,71,0,0,6367,0,0,0,0,0,0,0,36650397,34035709,0,0,89763,89763,15296,16461,0,0,0,0,0,0,0,0,0,2558196,1277536,0,262144,6535356,169699053,0,0,1026,1025,1570810892,0,0,0,0,0,0,0,0,0,0,0,0,1579314848,0,13999,1857070,1435853316,22701,0,0,98993624,0,0,0,0,0,0,0,0,0,0,0,0,0,0,0,0,0,0,0,14582,0,0,0,0,0,0,0,0,0,0,0,0,0,0,0,0,0,0,0,0,0,0,0,0,45708,4050,22696,18646,18646,0,0,3322,0,0,19,0,0,0,0,0,0,0,1,0,1,0,0,0,0,0,0,0,0,0,0,0,0,0,0,0,0,0,0,0,0,714,24,0
1774383611.002155,2155,ubuntu-rog,1,0,0,8481884,0,2878163,3930409,497827,0,72,0,0,0,0,0,1552040329,0,0,4907,1553190965,0,0,2878163,3930409,497827,0,244553,144090,0,0,0,0,0,0,0,0,0,0,2872004,102668,4434603,72,0,0,6367,0,0,0,0,0,0,0,36650398,34035709,0,0,89763,89763,15296,16461,0,0,0,0,0,0,0,0,0,2558196,1277536,0,262144,6535356,169699053,0,0,1026,1025,1570810914,0,0,0,0,0,0,0,0,0,0,0,0,1579314879,0,13999,1857070,1435853316,22701,0,0,98993624,0,0,0,0,0,0,0,0,0,0,0,0,0,0,0,0,0,0,0,14582,0,0,0,0,0,0,0,0,0,0,0,0,0,0,0,0,0,0,0,0,0,0,0,0,45708,4050,22696,18646,18646,0,0,3322,0,0,19,0,0,0,0,0,0,0,1,0,1,0,0,0,0,0,0,0,0,0,0,0,0,0,0,0,0,0,0,0,0,714,24,0
1774383612.001166,1166,ubuntu-rog,1,0,0,8481884,0,2878163,3930409,497827,0,72,0,0,0,0,0,1552040360,0,0,4907,1553190996,0,0,2878163,3930409,497827,0,244553,144090,0,0,0,0,0,0,0,0,0,0,2872004,102668,4434604,72,0,0,6367,0,0,0,0,0,0,0,36650398,34035709,0,0,89763,89763,15296,16461,0,0,0,0,0,0,0,0,0,2558196,1277536,0,262144,6535356,169699069,0,0,1026,1025,1570810945,0,0,0,0,0,0,0,0,0,0,0,0,1579314909,0,13999,1857070,1435853316,22701,0,0,98993624,0,0,0,0,0,0,0,0,0,0,0,0,0,0,0,0,0,0,0,14582,0,0,0,0,0,0,0,0,0,0,0,0,0,0,0,0,0,0,0,0,0,0,0,0,45708,4050,22696,18646,18646,0,0,3322,0,0,19,0,0,0,0,0,0,0,1,0,1,0,0,0,0,0,0,0,0,0,0,0,0,0,0,0,0,0,0,0,0,714,24,0
1774383613.001266,1266,ubuntu-rog,1,0,0,8481884,0,2878163,3930409,497827,0,72,0,0,0,0,0,1552040393,0,0,4907,1553191029,0,0,2878163,3930409,497827,0,244553,144090,0,0,0,0,0,0,0,0,0,0,2872004,102668,4434604,72,0,0,6367,0,0,0,0,0,0,0,36650398,34035709,0,0,89763,89763,15296,16461,0,0,0,0,0,0,0,0,0,2558196,1277536,0,262144,6535356,169699069,0,0,1026,1025,1570810978,0,0,0,0,0,0,0,0,0,0,0,0,1579314942,0,13999,1857070,1435853316,22701,0,0,98993624,0,0,0,0,0,0,0,0,0,0,0,0,0,0,0,0,0,0,0,14582,0,0,0,0,0,0,0,0,0,0,0,0,0,0,0,0,0,0,0,0,0,0,0,0,45708,4050,22696,18646,18646,0,0,3322,0,0,19,0,0,0,0,0,0,0,1,0,1,0,0,0,0,0,0,0,0,0,0,0,0,0,0,0,0,0,0,0,0,714,24,0
1774383614.001301,1301,ubuntu-rog,1,0,0,8481884,0,2878163,3930409,497827,0,72,0,0,0,0,0,1552040424,0,0,4907,1553191060,0,0,2878163,3930409,497827,0,244553,144090,0,0,0,0,0,0,0,0,0,0,2872004,102668,4434604,72,0,0,6367,0,0,0,0,0,0,0,36650398,34035709,0,0,89763,89763,15296,16461,0,0,0,0,0,0,0,0,0,2558196,1277536,0,262144,6535356,169699069,0,0,1026,1025,1570811009,0,0,0,0,0,0,0,0,0,0,0,0,1579314973,0,13999,1857070,1435853316,22701,0,0,98993624,0,0,0,0,0,0,0,0,0,0,0,0,0,0,0,0,0,0,0,14582,0,0,0,0,0,0,0,0,0,0,0,0,0,0,0,0,0,0,0,0,0,0,0,0,45708,4050,22696,18646,18646,0,0,3322,0,0,19,0,0,0,0,0,0,0,1,0,1,0,0,0,0,0,0,0,0,0,0,0,0,0,0,0,0,0,0,0,0,714,24,0
1774383615.002297,2297,ubuntu-rog,1,0,0,8481884,0,2878163,3930409,497827,0,74,0,0,0,0,0,1552040454,0,0,4907,1553191090,0,0,2878163,3930409,497827,0,244553,144090,0,0,0,0,0,0,0,0,0,0,2872004,102668,4434606,74,0,0,6367,0,0,0,0,0,0,0,36650400,34035709,0,0,89763,89763,15296,16461,0,0,0,0,0,0,0,0,0,2558196,1277536,0,262144,6535356,169699069,0,0,1026,1025,1570811039,0,0,0,0,0,0,0,0,0,0,0,0,1579315001,0,13999,1857070,1435853316,22701,0,0,98993624,0,0,0,0,0,0,0,0,0,0,0,0,0,0,0,0,0,0,0,14582,0,0,0,0,0,0,0,0,0,0,0,0,0,0,0,0,0,0,0,0,0,0,0,0,45708,4050,22696,18646,18646,0,0,3322,0,0,19,0,0,0,0,0,0,0,1,0,1,0,0,0,0,0,0,0,0,0,0,0,0,0,0,0,0,0,0,0,0,714,24,0
1774383616.001158,1158,ubuntu-rog,1,0,0,8481884,0,2878163,3930409,497827,0,74,0,0,0,0,0,1552040482,0,0,4907,1553191118,0,0,2878163,3930409,497827,0,244553,144090,0,0,0,0,0,0,0,0,0,0,2872004,102668,4434606,74,0,0,6367,0,0,0,0,0,0,0,36650400,34035709,0,0,89763,89763,15296,16461,0,0,0,0,0,0,0,0,0,2558196,1277536,0,262144,6535356,169699069,0,0,1026,1025,1570811067,0,0,0,0,0,0,0,0,0,0,0,0,1579315029,0,13999,1857070,1435853316,22701,0,0,98993624,0,0,0,0,0,0,0,0,0,0,0,0,0,0,0,0,0,0,0,14582,0,0,0,0,0,0,0,0,0,0,0,0,0,0,0,0,0,0,0,0,0,0,0,0,45708,4050,22696,18646,18646,0,0,3322,0,0,19,0,0,0,0,0,0,0,1,0,1,0,0,0,0,0,0,0,0,0,0,0,0,0,0,0,0,0,0,0,0,714,24,0
1774383617.001157,1157,ubuntu-rog,1,0,0,8481884,0,2878163,3930409,497827,0,75,0,0,0,0,0,1552040510,0,0,4907,1553191146,0,0,2878163,3930409,497827,0,244553,144090,0,0,0,0,0,0,0,0,0,0,2872004,102668,4434606,75,0,0,6367,0,0,0,0,0,0,0,36650401,34035709,0,0,89763,89763,15296,16461,0,0,0,0,0,0,0,0,0,2558196,1277536,0,262144,6535356,169699085,0,0,1026,1025,1570811095,0,0,0,0,0,0,0,0,0,0,0,0,1579315057,0,13999,1857070,1435853316,22701,0,0,98993624,0,0,0,0,0,0,0,0,0,0,0,0,0,0,0,0,0,0,0,14582,0,0,0,0,0,0,0,0,0,0,0,0,0,0,0,0,0,0,0,0,0,0,0,0,45708,4050,22696,18646,18646,0,0,3322,0,0,19,0,0,0,0,0,0,0,1,0,1,0,0,0,0,0,0,0,0,0,0,0,0,0,0,0,0,0,0,0,0,714,24,0
1774383618.001256,1256,ubuntu-rog,1,0,0,8481884,0,2878163,3930409,497827,0,76,0,0,0,0,0,1552040540,0,0,4907,1553191176,0,0,2878163,3930409,497827,0,244553,144090,0,0,0,0,0,0,0,0,0,0,2872004,102668,4434607,76,0,0,6367,0,0,0,0,0,0,0,36650402,34035709,0,0,89763,89763,15296,16461,0,0,0,0,0,0,0,0,0,2558196,1277536,0,262144,6535356,169699085,0,0,1026,1025,1570811125,0,0,0,0,0,0,0,0,0,0,0,0,1579315086,0,13999,1857070,1435853316,22701,0,0,98993624,0,0,0,0,0,0,0,0,0,0,0,0,0,0,0,0,0,0,0,14582,0,0,0,0,0,0,0,0,0,0,0,0,0,0,0,0,0,0,0,0,0,0,0,0,45708,4050,22696,18646,18646,0,0,3322,0,0,19,0,0,0,0,0,0,0,1,0,1,0,0,0,0,0,0,0,0,0,0,0,0,0,0,0,0,0,0,0,0,714,24,0
1774383619.002299,2299,ubuntu-rog,1,0,0,8481884,0,2878163,3930409,497827,0,76,0,0,0,0,0,1552040569,0,0,4907,1553191205,0,0,2878163,3930409,497827,0,244553,144090,0,0,0,0,0,0,0,0,0,0,2872004,102668,4434607,76,0,0,6367,0,0,0,0,0,0,0,36650402,34035709,0,0,89763,89763,15296,16461,0,0,0,0,0,0,0,0,0,2558196,1277536,0,262144,6535356,169699085,0,0,1026,1025,1570811154,0,0,0,0,0,0,0,0,0,0,0,0,1579315115,0,13999,1857070,1435853316,22701,0,0,98993624,0,0,0,0,0,0,0,0,0,0,0,0,0,0,0,0,0,0,0,14582,0,0,0,0,0,0,0,0,0,0,0,0,0,0,0,0,0,0,0,0,0,0,0,0,45708,4050,22696,18646,18646,0,0,3322,0,0,19,0,0,0,0,0,0,0,1,0,1,0,0,0,0,0,0,0,0,0,0,0,0,0,0,0,0,0,0,0,0,714,24,0
1774383620.001302,1302,ubuntu-rog,1,0,0,8481884,0,2878163,3930409,497827,0,77,0,0,0,0,0,1552040600,0,0,4907,1553191236,0,0,2878163,3930409,497827,0,244553,144090,0,0,0,0,0,0,0,0,0,0,2872004,102668,4434608,77,0,0,6367,0,0,0,0,0,0,0,36650403,34035709,0,0,89763,89763,15296,16461,0,0,0,0,0,0,0,0,0,2558196,1277536,0,262144,6535356,169699085,0,0,1026,1025,1570811185,0,0,0,0,0,0,0,0,0,0,0,0,1579315145,0,13999,1857070,1435853316,22701,0,0,98993624,0,0,0,0,0,0,0,0,0,0,0,0,0,0,0,0,0,0,0,14582,0,0,0,0,0,0,0,0,0,0,0,0,0,0,0,0,0,0,0,0,0,0,0,0,45708,4050,22696,18646,18646,0,0,3322,0,0,19,0,0,0,0,0,0,0,1,0,1,0,0,0,0,0,0,0,0,0,0,0,0,0,0,0,0,0,0,0,0,714,24,0
1774383621.001155,1155,ubuntu-rog,1,0,0,8481884,0,2878163,3930409,497827,0,77,0,0,0,0,0,1552040631,0,0,4907,1553191267,0,0,2878163,3930409,497827,0,244553,144090,0,0,0,0,0,0,0,0,0,0,2872004,102668,4434608,77,0,0,6367,0,0,0,0,0,0,0,36650403,34035709,0,0,89763,89763,15296,16461,0,0,0,0,0,0,0,0,0,2558196,1277536,0,262144,6535356,169699085,0,0,1026,1025,1570811216,0,0,0,0,0,0,0,0,0,0,0,0,1579315176,0,13999,1857070,1435853316,22701,0,0,98993624,0,0,0,0,0,0,0,0,0,0,0,0,0,0,0,0,0,0,0,14582,0,0,0,0,0,0,0,0,0,0,0,0,0,0,0,0,0,0,0,0,0,0,0,0,45708,4050,22696,18646,18646,0,0,3322,0,0,19,0,0,0,0,0,0,0,1,0,1,0,0,0,0,0,0,0,0,0,0,0,0,0,0,0,0,0,0,0,0,714,24,0
1774383622.001157,1157,ubuntu-rog,1,0,0,8481884,0,2878163,3930409,497827,0,79,0,0,0,0,0,1552040657,0,0,4907,1553191293,0,0,2878163,3930409,497827,0,244553,144090,0,0,0,0,0,0,0,0,0,0,2872004,102668,4434610,79,0,0,6367,0,0,0,0,0,0,0,36650405,34035709,0,0,89763,89763,15296,16461,0,0,0,0,0,0,0,0,0,2558196,1277536,0,262144,6535356,169699085,0,0,1026,1025,1570811242,0,0,0,0,0,0,0,0,0,0,0,0,1579315200,0,13999,1857070,1435853316,22701,0,0,98993624,0,0,0,0,0,0,0,0,0,0,0,0,0,0,0,0,0,0,0,14582,0,0,0,0,0,0,0,0,0,0,0,0,0,0,0,0,0,0,0,0,0,0,0,0,45708,4050,22696,18646,18646,0,0,3322,0,0,19,0,0,0,0,0,0,0,1,0,1,0,0,0,0,0,0,0,0,0,0,0,0,0,0,0,0,0,0,0,0,714,24,0
1774383623.002260,2260,ubuntu-rog,1,0,0,8481884,0,2878163,3930409,497827,0,79,0,0,0,0,0,1552040687,0,0,4907,1553191323,0,0,2878163,3930409,497827,0,244553,144090,0,0,0,0,0,0,0,0,0,0,2872004,102668,4434611,79,0,0,6367,0,0,0,0,0,0,0,36650405,34035709,0,0,89763,89763,15296,16461,0,0,0,0,0,0,0,0,0,2558196,1277536,0,262144,6535356,169699101,0,0,1026,1025,1570811272,0,0,0,0,0,0,0,0,0,0,0,0,1579315229,0,13999,1857070,1435853316,22701,0,0,98993624,0,0,0,0,0,0,0,0,0,0,0,0,0,0,0,0,0,0,0,14582,0,0,0,0,0,0,0,0,0,0,0,0,0,0,0,0,0,0,0,0,0,0,0,0,45708,4050,22696,18646,18646,0,0,3322,0,0,19,0,0,0,0,0,0,0,1,0,1,0,0,0,0,0,0,0,0,0,0,0,0,0,0,0,0,0,0,0,0,714,24,0
1774383624.001227,1227,ubuntu-rog,1,0,0,8481884,0,2878163,3930409,497827,0,79,0,0,0,0,0,1552040717,0,0,4907,1553191353,0,0,2878163,3930409,497827,0,244553,144090,0,0,0,0,0,0,0,0,0,0,2872004,102668,4434611,79,0,0,6367,0,0,0,0,0,0,0,36650405,34035709,0,0,89763,89763,15296,16461,0,0,0,0,0,0,0,0,0,2558196,1277536,0,262144,6535356,169699101,0,0,1026,1025,1570811302,0,0,0,0,0,0,0,0,0,0,0,0,1579315259,0,13999,1857070,1435853316,22701,0,0,98993624,0,0,0,0,0,0,0,0,0,0,0,0,0,0,0,0,0,0,0,14582,0,0,0,0,0,0,0,0,0,0,0,0,0,0,0,0,0,0,0,0,0,0,0,0,45708,4050,22696,18646,18646,0,0,3322,0,0,19,0,0,0,0,0,0,0,1,0,1,0,0,0,0,0,0,0,0,0,0,0,0,0,0,0,0,0,0,0,0,714,24,0
1774383625.002290,2290,ubuntu-rog,1,0,0,8481884,0,2878163,3930409,497827,0,80,0,0,0,0,0,1552040746,0,0,4907,1553191382,0,0,2878163,3930409,497827,0,244553,144090,0,0,0,0,0,0,0,0,0,0,2872004,102668,4434612,80,0,0,6367,0,0,0,0,0,0,0,36650406,34035709,0,0,89763,89763,15296,16461,0,0,0,0,0,0,0,0,0,2558196,1277536,0,262144,6535356,169699101,0,0,1026,1025,1570811331,0,0,0,0,0,0,0,0,0,0,0,0,1579315287,0,13999,1857070,1435853316,22701,0,0,98993624,0,0,0,0,0,0,0,0,0,0,0,0,0,0,0,0,0,0,0,14582,0,0,0,0,0,0,0,0,0,0,0,0,0,0,0,0,0,0,0,0,0,0,0,0,45708,4050,22696,18646,18646,0,0,3322,0,0,19,0,0,0,0,0,0,0,1,0,1,0,0,0,0,0,0,0,0,0,0,0,0,0,0,0,0,0,0,0,0,714,24,0
1774383626.001156,1156,ubuntu-rog,1,0,0,8481884,0,2878163,3930409,497827,0,80,0,0,0,0,0,1552040777,0,0,4907,1553191413,0,0,2878163,3930409,497827,0,244553,144090,0,0,0,0,0,0,0,0,0,0,2872004,102668,4434612,80,0,0,6367,0,0,0,0,0,0,0,36650406,34035709,0,0,89763,89763,15296,16461,0,0,0,0,0,0,0,0,0,2558196,1277536,0,262144,6535356,169699101,0,0,1026,1025,1570811362,0,0,0,0,0,0,0,0,0,0,0,0,1579315318,0,13999,1857070,1435853316,22701,0,0,98993624,0,0,0,0,0,0,0,0,0,0,0,0,0,0,0,0,0,0,0,14582,0,0,0,0,0,0,0,0,0,0,0,0,0,0,0,0,0,0,0,0,0,0,0,0,45708,4050,22696,18646,18646,0,0,3322,0,0,19,0,0,0,0,0,0,0,1,0,1,0,0,0,0,0,0,0,0,0,0,0,0,0,0,0,0,0,0,0,0,714,24,0
1774383627.001158,1158,ubuntu-rog,1,0,0,8481884,0,2878163,3930409,497827,0,80,0,0,0,0,0,1552040809,0,0,4907,1553191445,0,0,2878163,3930409,497827,0,244553,144090,0,0,0,0,0,0,0,0,0,0,2872004,102668,4434612,80,0,0,6367,0,0,0,0,0,0,0,36650406,34035709,0,0,89763,89763,15296,16461,0,0,0,0,0,0,0,0,0,2558196,1277536,0,262144,6535356,169699101,0,0,1026,1025,1570811394,0,0,0,0,0,0,0,0,0,0,0,0,1579315350,0,13999,1857070,1435853316,22701,0,0,98993624,0,0,0,0,0,0,0,0,0,0,0,0,0,0,0,0,0,0,0,14582,0,0,0,0,0,0,0,0,0,0,0,0,0,0,0,0,0,0,0,0,0,0,0,0,45708,4050,22696,18646,18646,0,0,3322,0,0,19,0,0,0,0,0,0,0,1,0,1,0,0,0,0,0,0,0,0,0,0,0,0,0,0,0,0,0,0,0,0,714,24,0
1774383628.001256,1256,ubuntu-rog,1,0,0,8481884,0,2878169,3930421,497827,0,71,0,0,0,0,0,1552040838,0,0,4907,1553191474,0,0,2878169,3930421,497827,0,244553,144090,0,0,0,0,0,0,0,0,0,0,2872004,102668,4434613,71,0,0,6367,0,0,0,0,0,0,0,36650407,34035719,0,0,89763,89763,15296,16461,0,0,0,0,0,0,0,0,0,2558198,1277537,0,262144,6535356,169699133,0,0,1026,1025,1570811423,0,0,0,0,0,0,0,0,0,0,0,0,1579315378,0,13999,1857070,1435853316,22701,0,0,98993624,0,0,0,0,0,0,0,0,0,0,0,0,0,0,0,0,0,0,0,14582,0,0,0,0,0,0,0,0,0,0,0,0,0,0,0,0,0,0,0,0,0,0,0,0,45708,4050,22696,18646,18646,0,0,3322,0,0,19,0,0,0,0,0,0,0,1,0,1,0,0,0,0,0,0,0,0,0,0,0,0,0,0,0,0,0,0,0,0,714,24,0
1774383629.002288,2288,ubuntu-rog,1,0,0,8481884,0,2878169,3930421,497827,0,73,0,0,0,0,0,1552040869,0,0,4907,1553191505,0,0,2878169,3930421,497827,0,244553,144090,0,0,0,0,0,0,0,0,0,0,2872004,102668,4434616,73,0,0,6367,0,0,0,0,0,0,0,36650409,34035719,0,0,89763,89763,15296,16461,0,0,0,0,0,0,0,0,0,2558198,1277537,0,262144,6535356,169699149,0,0,1026,1025,1570811454,0,0,0,0,0,0,0,0,0,0,0,0,1579315406,0,13999,1857070,1435853316,22701,0,0,98993624,0,0,0,0,0,0,0,0,0,0,0,0,0,0,0,0,0,0,0,14582,0,0,0,0,0,0,0,0,0,0,0,0,0,0,0,0,0,0,0,0,0,0,0,0,45708,4050,22696,18646,18646,0,0,3322,0,0,19,0,0,0,0,0,0,0,1,0,1,0,0,0,0,0,0,0,0,0,0,0,0,0,0,0,0,0,0,0,0,714,24,0
1774383630.001294,1294,ubuntu-rog,1,0,0,8481884,0,2878169,3930421,497827,0,69,0,0,0,0,0,1552040892,0,0,4907,1553191528,0,0,2878169,3930421,497827,0,244553,144090,0,0,0,0,0,0,0,0,0,0,2872004,102668,4434616,69,0,0,6367,0,0,0,0,0,0,0,36650409,34035723,0,0,89763,89763,15296,16461,0,0,0,0,0,0,0,0,0,2558198,1277537,0,262144,6535356,169699165,0,0,1026,1025,1570811477,0,0,0,0,0,0,0,0,0,0,0,0,1579315429,0,13999,1857070,1435853316,22701,0,0,98993624,0,0,0,0,0,0,0,0,0,0,0,0,0,0,0,0,0,0,0,14582,0,0,0,0,0,0,0,0,0,0,0,0,0,0,0,0,0,0,0,0,0,0,0,0,45708,4050,22696,18646,18646,0,0,3322,0,0,19,0,0,0,0,0,0,0,1,0,1,0,0,0,0,0,0,0,0,0,0,0,0,0,0,0,0,0,0,0,0,714,24,0
1774383631.001101,1101,ubuntu-rog,1,0,0,8481884,0,2878169,3930421,497827,0,69,0,0,0,0,0,1552040928,0,0,4907,1553191564,0,0,2878169,3930421,497827,0,244553,144090,0,0,0,0,0,0,0,0,0,0,2872004,102668,4434616,69,0,0,6367,0,0,0,0,0,0,0,36650409,34035723,0,0,89763,89763,15296,16461,0,0,0,0,0,0,0,0,0,2558198,1277537,0,262144,6535356,169699165,0,0,1026,1025,1570811513,0,0,0,0,0,0,0,0,0,0,0,0,1579315465,0,13999,1857070,1435853316,22701,0,0,98993624,0,0,0,0,0,0,0,0,0,0,0,0,0,0,0,0,0,0,0,14582,0,0,0,0,0,0,0,0,0,0,0,0,0,0,0,0,0,0,0,0,0,0,0,0,45708,4050,22696,18646,18646,0,0,3322,0,0,19,0,0,0,0,0,0,0,1,0,1,0,0,0,0,0,0,0,0,0,0,0,0,0,0,0,0,0,0,0,0,714,24,0
1774383632.002160,2160,ubuntu-rog,1,0,0,8481380,0,2878169,3930421,497827,0,70,0,0,0,0,0,1552040961,0,0,4907,1553191597,0,0,2878169,3930421,497827,0,244553,144090,0,0,0,0,0,0,0,0,0,0,2872004,102668,4434617,70,0,0,6367,0,0,0,0,0,0,0,36650410,34035723,0,0,89763,89763,15296,16461,0,0,0,0,0,0,0,0,0,2558098,1277487,0,262144,6535356,169699165,0,0,1026,1025,1570811546,0,0,0,0,0,0,0,0,0,0,0,0,1579315497,0,13999,1857070,1435853320,22701,0,0,98993628,0,0,0,0,0,0,0,0,0,0,0,0,0,0,0,0,0,0,0,14582,0,0,0,0,0,0,0,0,0,0,0,0,0,0,0,0,0,0,0,0,0,0,0,0,45708,4050,22696,18646,18646,0,0,3322,0,0,19,0,0,0,0,0,0,0,1,0,1,0,0,0,0,0,0,0,0,0,0,0,0,0,0,0,0,0,0,0,0,714,24,0
1774383633.001259,1259,ubuntu-rog,1,0,0,8481380,0,2878193,3930434,497827,0,41,0,0,0,0,0,1552041005,0,0,4907,1553191641,0,0,2878193,3930434,497827,0,244553,144090,0,0,0,0,0,0,0,0,0,0,2872004,102668,4434627,41,0,0,6367,0,0,0,0,0,0,0,36650445,34035787,0,0,89763,89763,15296,16461,0,0,0,0,0,0,0,0,0,2558100,1277488,0,262144,6535356,169699901,0,0,1026,1025,1570811590,0,0,0,0,0,0,0,0,0,0,0,0,1579315532,0,13999,1857070,1435853321,22701,0,0,98993628,0,0,0,0,0,0,0,0,0,0,0,0,0,0,0,0,0,0,0,14582,0,0,0,0,0,0,0,0,0,0,0,0,0,0,0,0,0,0,0,0,0,0,0,0,45708,4050,22696,18646,18646,0,0,3322,0,0,19,0,0,0,0,0,0,0,1,0,1,0,0,0,0,0,0,0,0,0,0,0,0,0,0,0,0,0,0,0,0,714,24,0
1774383634.001296,1296,ubuntu-rog,1,0,0,8481380,0,2878193,3930434,497827,0,42,0,0,0,0,0,1552041033,0,0,4907,1553191669,0,0,2878193,3930434,497827,0,244553,144090,0,0,0,0,0,0,0,0,0,0,2872004,102668,4434628,42,0,0,6367,0,0,0,0,0,0,0,36650446,34035787,0,0,89763,89763,15296,16461,0,0,0,0,0,0,0,0,0,2558100,1277488,0,262144,6535356,169699901,0,0,1026,1025,1570811618,0,0,0,0,0,0,0,0,0,0,0,0,1579315559,0,13999,1857070,1435853321,22701,0,0,98993628,0,0,0,0,0,0,0,0,0,0,0,0,0,0,0,0,0,0,0,14582,0,0,0,0,0,0,0,0,0,0,0,0,0,0,0,0,0,0,0,0,0,0,0,0,45708,4050,22696,18646,18646,0,0,3322,0,0,19,0,0,0,0,0,0,0,1,0,1,0,0,0,0,0,0,0,0,0,0,0,0,0,0,0,0,0,0,0,0,714,24,0
1774383635.001294,1294,ubuntu-rog,1,0,0,8481380,0,2878193,3930434,497827,0,42,0,0,0,0,0,1552041061,0,0,4907,1553191697,0,0,2878193,3930434,497827,0,244553,144090,0,0,0,0,0,0,0,0,0,0,2872004,102668,4434628,42,0,0,6367,0,0,0,0,0,0,0,36650446,34035787,0,0,89763,89763,15296,16461,0,0,0,0,0,0,0,0,0,2558100,1277488,0,262144,6535356,169699945,0,0,1026,1025,1570811646,0,0,0,0,0,0,0,0,0,0,0,0,1579315587,0,13999,1857070,1435853321,22701,0,0,98993628,0,0,0,0,0,0,0,0,0,0,0,0,0,0,0,0,0,0,0,14582,0,0,0,0,0,0,0,0,0,0,0,0,0,0,0,0,0,0,0,0,0,0,0,0,45708,4050,22696,18646,18646,0,0,3322,0,0,19,0,0,0,0,0,0,0,1,0,1,0,0,0,0,0,0,0,0,0,0,0,0,0,0,0,0,0,0,0,0,714,24,0
1774383636.002154,2154,ubuntu-rog,1,0,0,8481380,0,2878193,3930434,497827,0,33,0,0,0,0,0,1552041087,0,0,4907,1553191723,0,0,2878193,3930434,497827,0,244553,144090,0,0,0,0,0,0,0,0,0,0,2872004,102668,4434629,33,0,0,6367,0,0,0,0,0,0,0,36650448,34035798,0,0,89763,89763,15296,16461,0,0,0,0,0,0,0,0,0,2558100,1277488,0,262144,6535356,169699945,0,0,1026,1025,1570811672,0,0,0,0,0,0,0,0,0,0,0,0,1579315612,0,13999,1857070,1435853321,22701,0,0,98993628,0,0,0,0,0,0,0,0,0,0,0,0,0,0,0,0,0,0,0,14582,0,0,0,0,0,0,0,0,0,0,0,0,0,0,0,0,0,0,0,0,0,0,0,0,45708,4050,22696,18646,18646,0,0,3322,0,0,19,0,0,0,0,0,0,0,1,0,1,0,0,0,0,0,0,0,0,0,0,0,0,0,0,0,0,0,0,0,0,714,24,0
1774383637.001155,1155,ubuntu-rog,1,0,0,8481380,0,2878193,3930434,497827,0,33,0,0,0,0,0,1552041121,0,0,4907,1553191757,0,0,2878193,3930434,497827,0,244553,144090,0,0,0,0,0,0,0,0,0,0,2872004,102668,4434629,33,0,0,6367,0,0,0,0,0,0,0,36650448,34035798,0,0,89763,89763,15296,16461,0,0,0,0,0,0,0,0,0,2558100,1277488,0,262144,6535356,169699945,0,0,1026,1025,1570811706,0,0,0,0,0,0,0,0,0,0,0,0,1579315646,0,13999,1857070,1435853321,22701,0,0,98993628,0,0,0,0,0,0,0,0,0,0,0,0,0,0,0,0,0,0,0,14582,0,0,0,0,0,0,0,0,0,0,0,0,0,0,0,0,0,0,0,0,0,0,0,0,45708,4050,22696,18646,18646,0,0,3322,0,0,19,0,0,0,0,0,0,0,1,0,1,0,0,0,0,0,0,0,0,0,0,0,0,0,0,0,0,0,0,0,0,714,24,0
1774383638.001238,1238,ubuntu-rog,1,0,0,8481380,0,2878193,3930434,497827,0,41,0,0,0,0,0,1552041155,0,0,4907,1553191791,0,0,2878193,3930434,497827,0,244554,144090,0,0,0,0,0,0,0,0,0,0,2872004,102668,4434630,41,0,0,6367,0,0,0,0,0,0,0,36650456,34035798,0,0,89763,89763,15296,16461,0,0,0,0,0,0,0,0,0,2558100,1277488,0,262144,6535356,169700037,0,0,1026,1025,1570811740,0,0,0,0,0,0,0,0,0,0,0,0,1579315678,0,13999,1857070,1435853321,22701,0,0,98993628,0,0,0,0,0,0,0,0,0,0,0,0,0,0,0,0,0,0,0,14582,0,0,0,0,0,0,0,0,0,0,0,0,0,0,0,0,0,0,0,0,0,0,0,0,45708,4050,22696,18646,18646,0,0,3322,0,0,19,0,0,0,0,0,0,0,1,0,1,0,0,0,0,0,0,0,0,0,0,0,0,0,0,0,0,0,0,0,0,714,24,0
1774383639.001301,1301,ubuntu-rog,1,0,0,8481380,0,2878193,3930434,497827,0,42,0,0,0,0,0,1552041179,0,0,4907,1553191815,0,0,2878193,3930434,497827,0,244554,144090,0,0,0,0,0,0,0,0,0,0,2872004,102668,4434631,42,0,0,6367,0,0,0,0,0,0,0,36650457,34035798,0,0,89763,89763,15296,16461,0,0,0,0,0,0,0,0,0,2558100,1277488,0,262144,6535356,169700037,0,0,1026,1025,1570811764,0,0,0,0,0,0,0,0,0,0,0,0,1579315701,0,13999,1857070,1435853321,22701,0,0,98993628,0,0,0,0,0,0,0,0,0,0,0,0,0,0,0,0,0,0,0,14582,0,0,0,0,0,0,0,0,0,0,0,0,0,0,0,0,0,0,0,0,0,0,0,0,45708,4050,22696,18646,18646,0,0,3322,0,0,19,0,0,0,0,0,0,0,1,0,1,0,0,0,0,0,0,0,0,0,0,0,0,0,0,0,0,0,0,0,0,714,24,0
1774383640.002292,2292,ubuntu-rog,1,0,0,8481380,0,2878193,3930434,497827,0,42,0,0,0,0,0,1552041209,0,0,4907,1553191845,0,0,2878193,3930434,497827,0,244554,144090,0,0,0,0,0,0,0,0,0,0,2872004,102668,4434631,42,0,0,6367,0,0,0,0,0,0,0,36650457,34035798,0,0,89763,89763,15296,16461,0,0,0,0,0,0,0,0,0,2558100,1277488,0,262144,6535356,169700061,0,0,1026,1025,1570811794,0,0,0,0,0,0,0,0,0,0,0,0,1579315731,0,13999,1857070,1435853321,22701,0,0,98993628,0,0,0,0,0,0,0,0,0,0,0,0,0,0,0,0,0,0,0,14582,0,0,0,0,0,0,0,0,0,0,0,0,0,0,0,0,0,0,0,0,0,0,0,0,45708,4050,22696,18646,18646,0,0,3322,0,0,19,0,0,0,0,0,0,0,1,0,1,0,0,0,0,0,0,0,0,0,0,0,0,0,0,0,0,0,0,0,0,714,24,0
1774383641.001154,1154,ubuntu-rog,1,0,0,8481380,0,2878193,3930434,497827,0,38,0,0,0,0,0,1552041238,0,0,4907,1553191874,0,0,2878193,3930434,497827,0,244554,144090,0,0,0,0,0,0,0,0,0,0,2872004,102668,4434632,38,0,0,6367,0,0,0,0,0,0,0,36650459,34035804,0,0,89763,89763,15296,16461,0,0,0,0,0,0,0,0,0,2558100,1277488,0,262144,6535356,169700061,0,0,1026,1025,1570811823,0,0,0,0,0,0,0,0,0,0,0,0,1579315759,0,13999,1857070,1435853321,22701,0,0,98993628,0,0,0,0,0,0,0,0,0,0,0,0,0,0,0,0,0,0,0,14582,0,0,0,0,0,0,0,0,0,0,0,0,0,0,0,0,0,0,0,0,0,0,0,0,45708,4050,22696,18646,18646,0,0,3322,0,0,19,0,0,0,0,0,0,0,1,0,1,0,0,0,0,0,0,0,0,0,0,0,0,0,0,0,0,0,0,0,0,714,24,0
1774383642.001157,1157,ubuntu-rog,1,0,0,8481380,0,2878193,3930434,497827,0,38,0,0,0,0,0,1552041266,0,0,4907,1553191902,0,0,2878193,3930434,497827,0,244554,144090,0,0,0,0,0,0,0,0,0,0,2872004,102668,4434632,38,0,0,6367,0,0,0,0,0,0,0,36650459,34035804,0,0,89763,89763,15296,16461,0,0,0,0,0,0,0,0,0,2558100,1277488,0,262144,6535356,169700061,0,0,1026,1025,1570811851,0,0,0,0,0,0,0,0,0,0,0,0,1579315787,0,13999,1857070,1435853323,22701,0,0,98993630,0,0,0,0,0,0,0,0,0,0,0,0,0,0,0,0,0,0,0,14582,0,0,0,0,0,0,0,0,0,0,0,0,0,0,0,0,0,0,0,0,0,0,0,0,45708,4050,22696,18646,18646,0,0,3322,0,0,19,0,0,0,0,0,0,0,1,0,1,0,0,0,0,0,0,0,0,0,0,0,0,0,0,0,0,0,0,0,0,714,24,0
1774383643.001272,1272,ubuntu-rog,1,0,0,8481380,0,2878193,3930434,497827,0,39,0,0,0,0,0,1552041306,0,0,4907,1553191942,0,0,2878193,3930434,497827,0,244554,144090,0,0,0,0,0,0,0,0,0,0,2872004,102668,4434633,39,0,0,6367,0,0,0,0,0,0,0,36650460,34035804,0,0,89763,89763,15296,16461,0,0,0,0,0,0,0,0,0,2558100,1277488,0,262144,6535356,169700061,0,0,1026,1025,1570811898,0,0,0,0,0,0,0,0,0,0,0,0,1579315817,0,13999,1857070,1435853323,22701,0,0,98993630,0,0,0,0,0,0,0,0,0,0,0,0,0,0,0,0,0,0,0,14582,0,0,0,0,0,0,0,0,0,0,0,0,0,0,0,0,0,0,0,0,0,0,0,0,45708,4050,22696,18646,18646,0,0,3322,0,0,19,0,0,0,0,0,0,0,1,0,1,0,0,0,0,0,0,0,0,0,0,0,0,0,0,0,0,0,0,0,0,714,24,0
1774383644.002297,2297,ubuntu-rog,1,0,0,8481380,0,2878193,3930434,497827,0,40,0,0,0,0,0,1552041330,0,0,4907,1553191966,0,0,2878193,3930434,497827,0,244554,144090,0,0,0,0,0,0,0,0,0,0,2872004,102668,4434633,40,0,0,6367,0,0,0,0,0,0,0,36650461,34035804,0,0,89763,89763,15296,16461,0,0,0,0,0,0,0,0,0,2558100,1277488,0,262144,6535356,169700089,0,0,1026,1025,1570811929,0,0,0,0,0,0,0,0,0,0,0,0,1579315864,0,13999,1857070,1435853323,22701,0,0,98993630,0,0,0,0,0,0,0,0,0,0,0,0,0,0,0,0,0,0,0,14582,0,0,0,0,0,0,0,0,0,0,0,0,0,0,0,0,0,0,0,0,0,0,0,0,45708,4050,22696,18646,18646,0,0,3322,0,0,19,0,0,0,0,0,0,0,1,0,1,0,0,0,0,0,0,0,0,0,0,0,0,0,0,0,0,0,0,0,0,714,24,0
1774383645.001324,1324,ubuntu-rog,1,0,0,8481380,0,2878193,3930434,497827,0,41,0,0,0,0,0,1552041360,0,0,4907,1553191996,0,0,2878193,3930434,497827,0,244554,144090,0,0,0,0,0,0,0,0,0,0,2872004,102668,4434634,41,0,0,6367,0,0,0,0,0,0,0,36650462,34035804,0,0,89763,89763,15296,16461,0,0,0,0,0,0,0,0,0,2558100,1277488,0,262144,6535356,169700089,0,0,1026,1025,1570811959,0,0,0,0,0,0,0,0,0,0,0,0,1579315893,0,13999,1857070,1435853323,22701,0,0,98993630,0,0,0,0,0,0,0,0,0,0,0,0,0,0,0,0,0,0,0,14582,0,0,0,0,0,0,0,0,0,0,0,0,0,0,0,0,0,0,0,0,0,0,0,0,45708,4050,22696,18646,18646,0,0,3322,0,0,19,0,0,0,0,0,0,0,1,0,1,0,0,0,0,0,0,0,0,0,0,0,0,0,0,0,0,0,0,0,0,714,24,0
1774383646.001163,1163,ubuntu-rog,1,0,0,8481380,0,2878193,3930434,497827,0,42,0,0,0,0,0,1552041389,0,0,4907,1553192025,0,0,2878193,3930434,497827,0,244554,144090,0,0,0,0,0,0,0,0,0,0,2872004,102668,4434635,42,0,0,6367,0,0,0,0,0,0,0,36650463,34035804,0,0,89763,89763,15296,16461,0,0,0,0,0,0,0,0,0,2558100,1277488,0,262144,6535356,169700089,0,0,1026,1025,1570811988,0,0,0,0,0,0,0,0,0,0,0,0,1579315921,0,13999,1857070,1435853323,22701,0,0,98993630,0,0,0,0,0,0,0,0,0,0,0,0,0,0,0,0,0,0,0,14582,0,0,0,0,0,0,0,0,0,0,0,0,0,0,0,0,0,0,0,0,0,0,0,0,45708,4050,22696,18646,18646,0,0,3322,0,0,19,0,0,0,0,0,0,0,1,0,1,0,0,0,0,0,0,0,0,0,0,0,0,0,0,0,0,0,0,0,0,714,24,0
1774383647.001161,1161,ubuntu-rog,1,0,0,8481380,0,2878193,3930434,497827,0,43,0,0,0,0,0,1552041412,0,0,4907,1553192048,0,0,2878193,3930434,497827,0,244554,144090,0,0,0,0,0,0,0,0,0,0,2872004,102668,4434636,43,0,0,6367,0,0,0,0,0,0,0,36650464,34035804,0,0,89763,89763,15296,16461,0,0,0,0,0,0,0,0,0,2558100,1277488,0,262144,6535356,169700089,0,0,1026,1025,1570812011,0,0,0,0,0,0,0,0,0,0,0,0,1579315943,0,13999,1857070,1435853325,22701,0,0,98993632,0,0,0,0,0,0,0,0,0,0,0,0,0,0,0,0,0,0,0,14582,0,0,0,0,0,0,0,0,0,0,0,0,0,0,0,0,0,0,0,0,0,0,0,0,45708,4050,22696,18646,18646,0,0,3322,0,0,19,0,0,0,0,0,0,0,1,0,1,0,0,0,0,0,0,0,0,0,0,0,0,0,0,0,0,0,0,0,0,714,24,0
1774383648.002259,2259,ubuntu-rog,1,0,0,8481380,0,2878193,3930434,497827,0,43,0,0,0,0,0,1552041440,0,0,4907,1553192076,0,0,2878193,3930434,497827,0,244554,144090,0,0,0,0,0,0,0,0,0,0,2872004,102668,4434636,43,0,0,6367,0,0,0,0,0,0,0,36650464,34035804,0,0,89763,89763,15296,16461,0,0,0,0,0,0,0,0,0,2558100,1277488,0,262144,6535356,169700089,0,0,1026,1025,1570812039,0,0,0,0,0,0,0,0,0,0,0,0,1579315971,0,13999,1857070,1435853325,22701,0,0,98993632,0,0,0,0,0,0,0,0,0,0,0,0,0,0,0,0,0,0,0,14582,0,0,0,0,0,0,0,0,0,0,0,0,0,0,0,0,0,0,0,0,0,0,0,0,45708,4050,22696,18646,18646,0,0,3322,0,0,19,0,0,0,0,0,0,0,1,0,1,0,0,0,0,0,0,0,0,0,0,0,0,0,0,0,0,0,0,0,0,714,24,0
1774383649.001295,1295,ubuntu-rog,1,0,0,8481380,0,2878193,3930434,497827,0,43,0,0,0,0,0,1552041470,0,0,4907,1553192106,0,0,2878193,3930434,497827,0,244554,144090,0,0,0,0,0,0,0,0,0,0,2872004,102668,4434636,43,0,0,6367,0,0,0,0,0,0,0,36650464,34035804,0,0,89763,89763,15296,16461,0,0,0,0,0,0,0,0,0,2558100,1277488,0,262144,6535356,169700089,0,0,1026,1025,1570812069,0,0,0,0,0,0,0,0,0,0,0,0,1579316001,0,13999,1857070,1435853325,22701,0,0,98993632,0,0,0,0,0,0,0,0,0,0,0,0,0,0,0,0,0,0,0,14582,0,0,0,0,0,0,0,0,0,0,0,0,0,0,0,0,0,0,0,0,0,0,0,0,45708,4050,22696,18646,18646,0,0,3322,0,0,19,0,0,0,0,0,0,0,1,0,1,0,0,0,0,0,0,0,0,0,0,0,0,0,0,0,0,0,0,0,0,714,24,0
1774383650.001301,1301,ubuntu-rog,1,0,0,8481380,0,2878193,3930434,497827,0,44,0,0,0,0,0,1552041496,0,0,4907,1553192132,0,0,2878193,3930434,497827,0,244554,144090,0,0,0,0,0,0,0,0,0,0,2872004,102668,4434637,44,0,0,6367,0,0,0,0,0,0,0,36650465,34035804,0,0,89763,89763,15296,16461,0,0,0,0,0,0,0,0,0,2558100,1277488,0,262144,6535356,169700105,0,0,1026,1025,1570812095,0,0,0,0,0,0,0,0,0,0,0,0,1579316026,0,13999,1857070,1435853325,22701,0,0,98993632,0,0,0,0,0,0,0,0,0,0,0,0,0,0,0,0,0,0,0,14582,0,0,0,0,0,0,0,0,0,0,0,0,0,0,0,0,0,0,0,0,0,0,0,0,45708,4050,22696,18646,18646,0,0,3322,0,0,19,0,0,0,0,0,0,0,1,0,1,0,0,0,0,0,0,0,0,0,0,0,0,0,0,0,0,0,0,0,0,714,24,0
1774383651.001156,1156,ubuntu-rog,1,0,0,8481380,0,2878193,3930434,497827,0,44,0,0,0,0,0,1552041526,0,0,4907,1553192162,0,0,2878193,3930434,497827,0,244554,144090,0,0,0,0,0,0,0,0,0,0,2872004,102668,4434637,44,0,0,6367,0,0,0,0,0,0,0,36650465,34035804,0,0,89763,89763,15296,16461,0,0,0,0,0,0,0,0,0,2558100,1277488,0,262144,6535356,169700105,0,0,1026,1025,1570812132,0,0,0,0,0,0,0,0,0,0,0,0,1579316055,0,13999,1857070,1435853325,22701,0,0,98993632,0,0,0,0,0,0,0,0,0,0,0,0,0,0,0,0,0,0,0,14582,0,0,0,0,0,0,0,0,0,0,0,0,0,0,0,0,0,0,0,0,0,0,0,0,45708,4050,22696,18646,18646,0,0,3322,0,0,19,0,0,0,0,0,0,0,1,0,1,0,0,0,0,0,0,0,0,0,0,0,0,0,0,0,0,0,0,0,0,714,24,0
1774383652.002147,2147,ubuntu-rog,1,0,0,8481380,0,2878193,3930434,497827,0,44,0,0,0,0,0,1552041560,0,0,4907,1553192196,0,0,2878193,3930434,497827,0,244554,144090,0,0,0,0,0,0,0,0,0,0,2872004,102668,4434637,44,0,0,6367,0,0,0,0,0,0,0,36650465,34035804,0,0,89763,89763,15296,16461,0,0,0,0,0,0,0,0,0,2558100,1277488,0,262144,6535356,169700105,0,0,1026,1025,1570812166,0,0,0,0,0,0,0,0,0,0,0,0,1579316089,0,13999,1857070,1435853325,22701,0,0,98993632,0,0,0,0,0,0,0,0,0,0,0,0,0,0,0,0,0,0,0,14582,0,0,0,0,0,0,0,0,0,0,0,0,0,0,0,0,0,0,0,0,0,0,0,0,45708,4050,22696,18646,18646,0,0,3322,0,0,19,0,0,0,0,0,0,0,1,0,1,0,0,0,0,0,0,0,0,0,0,0,0,0,0,0,0,0,0,0,0,714,24,0
1774383653.001259,1259,ubuntu-rog,1,0,0,8481380,0,2878193,3930434,497827,0,46,0,0,0,0,0,1552041583,0,0,4907,1553192219,0,0,2878193,3930434,497827,0,244554,144090,0,0,0,0,0,0,0,0,0,0,2872004,102668,4434639,46,0,0,6367,0,0,0,0,0,0,0,36650467,34035804,0,0,89763,89763,15296,16461,0,0,0,0,0,0,0,0,0,2558100,1277488,0,262144,6535356,169700105,0,0,1026,1025,1570812189,0,0,0,0,0,0,0,0,0,0,0,0,1579316110,0,13999,1857070,1435853325,22701,0,0,98993632,0,0,0,0,0,0,0,0,0,0,0,0,0,0,0,0,0,0,0,14582,0,0,0,0,0,0,0,0,0,0,0,0,0,0,0,0,0,0,0,0,0,0,0,0,45708,4050,22696,18646,18646,0,0,3322,0,0,19,0,0,0,0,0,0,0,1,0,1,0,0,0,0,0,0,0,0,0,0,0,0,0,0,0,0,0,0,0,0,714,24,0
1774383654.001295,1295,ubuntu-rog,1,0,0,8481380,0,2878193,3930434,497827,0,46,0,0,0,0,0,1552041612,0,0,4907,1553192248,0,0,2878193,3930434,497827,0,244554,144090,0,0,0,0,0,0,0,0,0,0,2872004,102668,4434639,46,0,0,6367,0,0,0,0,0,0,0,36650467,34035804,0,0,89763,89763,15296,16461,0,0,0,0,0,0,0,0,0,2558100,1277488,0,262144,6535356,169700105,0,0,1026,1025,1570812218,0,0,0,0,0,0,0,0,0,0,0,0,1579316139,0,13999,1857070,1435853325,22701,0,0,98993632,0,0,0,0,0,0,0,0,0,0,0,0,0,0,0,0,0,0,0,14582,0,0,0,0,0,0,0,0,0,0,0,0,0,0,0,0,0,0,0,0,0,0,0,0,45708,4050,22696,18646,18646,0,0,3322,0,0,19,0,0,0,0,0,0,0,1,0,1,0,0,0,0,0,0,0,0,0,0,0,0,0,0,0,0,0,0,0,0,714,24,0
1774383655.001301,1301,ubuntu-rog,1,0,0,8481380,0,2878193,3930434,497827,0,46,0,0,0,0,0,1552041644,0,0,4907,1553192280,0,0,2878193,3930434,497827,0,244554,144090,0,0,0,0,0,0,0,0,0,0,2872004,102668,4434640,46,0,0,6367,0,0,0,0,0,0,0,36650467,34035804,0,0,89763,89763,15296,16461,0,0,0,0,0,0,0,0,0,2558100,1277488,0,262144,6535356,169700121,0,0,1026,1025,1570812250,0,0,0,0,0,0,0,0,0,0,0,0,1579316170,0,13999,1857070,1435853325,22701,0,0,98993632,0,0,0,0,0,0,0,0,0,0,0,0,0,0,0,0,0,0,0,14582,0,0,0,0,0,0,0,0,0,0,0,0,0,0,0,0,0,0,0,0,0,0,0,0,45708,4050,22696,18646,18646,0,0,3322,0,0,19,0,0,0,0,0,0,0,1,0,1,0,0,0,0,0,0,0,0,0,0,0,0,0,0,0,0,0,0,0,0,714,24,0
1774383656.002152,2152,ubuntu-rog,1,0,0,8481380,0,2878193,3930434,497827,0,47,0,0,0,0,0,1552041675,0,0,4907,1553192311,0,0,2878193,3930434,497827,0,244554,144090,0,0,0,0,0,0,0,0,0,0,2872004,102668,4434641,47,0,0,6367,0,0,0,0,0,0,0,36650468,34035804,0,0,89763,89763,15296,16461,0,0,0,0,0,0,0,0,0,2558100,1277488,0,262144,6535356,169700121,0,0,1026,1025,1570812281,0,0,0,0,0,0,0,0,0,0,0,0,1579316200,0,13999,1857070,1435853325,22701,0,0,98993632,0,0,0,0,0,0,0,0,0,0,0,0,0,0,0,0,0,0,0,14582,0,0,0,0,0,0,0,0,0,0,0,0,0,0,0,0,0,0,0,0,0,0,0,0,45708,4050,22696,18646,18646,0,0,3322,0,0,19,0,0,0,0,0,0,0,1,0,1,0,0,0,0,0,0,0,0,0,0,0,0,0,0,0,0,0,0,0,0,714,24,0
1774383657.001158,1158,ubuntu-rog,1,0,0,8481380,0,2878193,3930434,497827,0,47,0,0,0,0,0,1552041706,0,0,4907,1553192342,0,0,2878193,3930434,497827,0,244554,144090,0,0,0,0,0,0,0,0,0,0,2872004,102668,4434641,47,0,0,6367,0,0,0,0,0,0,0,36650468,34035804,0,0,89763,89763,15296,16461,0,0,0,0,0,0,0,0,0,2558100,1277488,0,262144,6535356,169700121,0,0,1026,1025,1570812312,0,0,0,0,0,0,0,0,0,0,0,0,1579316231,0,13999,1857070,1435853325,22701,0,0,98993632,0,0,0,0,0,0,0,0,0,0,0,0,0,0,0,0,0,0,0,14582,0,0,0,0,0,0,0,0,0,0,0,0,0,0,0,0,0,0,0,0,0,0,0,0,45708,4050,22696,18646,18646,0,0,3322,0,0,19,0,0,0,0,0,0,0,1,0,1,0,0,0,0,0,0,0,0,0,0,0,0,0,0,0,0,0,0,0,0,714,24,0
1774383658.001179,1179,ubuntu-rog,1,0,0,8481380,0,2878193,3930434,497827,0,48,0,0,0,0,0,1552041732,0,0,4907,1553192368,0,0,2878193,3930434,497827,0,244554,144090,0,0,0,0,0,0,0,0,0,0,2872004,102668,4434642,48,0,0,6367,0,0,0,0,0,0,0,36650469,34035804,0,0,89763,89763,15296,16461,0,0,0,0,0,0,0,0,0,2558100,1277488,0,262144,6535356,169700121,0,0,1026,1025,1570812338,0,0,0,0,0,0,0,0,0,0,0,0,1579316256,0,13999,1857070,1435853325,22701,0,0,98993632,0,0,0,0,0,0,0,0,0,0,0,0,0,0,0,0,0,0,0,14582,0,0,0,0,0,0,0,0,0,0,0,0,0,0,0,0,0,0,0,0,0,0,0,0,45708,4050,22696,18646,18646,0,0,3322,0,0,19,0,0,0,0,0,0,0,1,0,1,0,0,0,0,0,0,0,0,0,0,0,0,0,0,0,0,0,0,0,0,714,24,0
1774383659.002298,2298,ubuntu-rog,1,0,0,8481317,0,2878193,3930434,497827,0,48,0,0,0,0,0,1552041761,0,0,4907,1553192397,0,0,2878193,3930434,497827,0,244554,144090,0,0,0,0,0,0,0,0,0,0,2872004,102668,4434642,48,0,0,6367,0,0,0,0,0,0,0,36650469,34035804,0,0,89763,89763,15296,16461,0,0,0,0,0,0,0,0,0,2558088,1277482,0,262144,6535356,169700241,0,0,1026,1025,1570812367,0,0,0,0,0,0,0,0,0,0,0,0,1579316285,0,13999,1857070,1435853326,22701,0,0,98993633,0,0,0,0,0,0,0,0,0,0,0,0,0,0,0,0,0,0,0,14582,0,0,0,0,0,0,0,0,0,0,0,0,0,0,0,0,0,0,0,0,0,0,0,0,45708,4050,22696,18646,18646,0,0,3322,0,0,19,0,0,0,0,0,0,0,1,0,1,0,0,0,0,0,0,0,0,0,0,0,0,0,0,0,0,0,0,0,0,714,24,0
1774383660.001295,1295,ubuntu-rog,1,0,0,8481317,0,2878197,3930434,497827,0,18,0,0,0,0,0,1552041792,0,0,4907,1553192428,0,0,2878197,3930434,497827,0,244554,144090,0,0,0,0,0,0,0,0,0,0,2872004,102668,4434644,18,0,0,6367,0,0,0,0,0,0,0,36650471,34035836,0,0,89763,89763,15296,16461,0,0,0,0,0,0,0,0,0,2558088,1277482,0,262144,6535356,169700241,0,0,1026,1025,1570812398,0,0,0,0,0,0,0,0,0,0,0,0,1579316315,0,13999,1857070,1435853326,22701,0,0,98993633,0,0,0,0,0,0,0,0,0,0,0,0,0,0,0,0,0,0,0,14582,0,0,0,0,0,0,0,0,0,0,0,0,0,0,0,0,0,0,0,0,0,0,0,0,45708,4050,22696,18646,18646,0,0,3322,0,0,19,0,0,0,0,0,0,0,1,0,1,0,0,0,0,0,0,0,0,0,0,0,0,0,0,0,0,0,0,0,0,714,24,0
1774383661.001156,1156,ubuntu-rog,1,0,0,8481317,0,2878197,3930434,497827,0,19,0,0,0,0,0,1552041818,0,0,4907,1553192454,0,0,2878197,3930434,497827,0,244554,144090,0,0,0,0,0,0,0,0,0,0,2872004,102668,4434646,19,0,0,6367,0,0,0,0,0,0,0,36650472,34035836,0,0,89763,89763,15296,16461,0,0,0,0,0,0,0,0,0,2558088,1277482,0,262144,6535356,169700257,0,0,1026,1025,1570812424,0,0,0,0,0,0,0,0,0,0,0,0,1579316338,0,13999,1857070,1435853326,22701,0,0,98993633,0,0,0,0,0,0,0,0,0,0,0,0,0,0,0,0,0,0,0,14582,0,0,0,0,0,0,0,0,0,0,0,0,0,0,0,0,0,0,0,0,0,0,0,0,45708,4050,22696,18646,18646,0,0,3322,0,0,19,0,0,0,0,0,0,0,1,0,1,0,0,0,0,0,0,0,0,0,0,0,0,0,0,0,0,0,0,0,0,714,24,0
1774383662.001156,1156,ubuntu-rog,1,0,0,8481317,0,2878197,3930434,497827,0,19,0,0,0,0,0,1552041849,0,0,4907,1553192485,0,0,2878197,3930434,497827,0,244554,144090,0,0,0,0,0,0,0,0,0,0,2872004,102668,4434646,19,0,0,6367,0,0,0,0,0,0,0,36650472,34035836,0,0,89763,89763,15296,16461,0,0,0,0,0,0,0,0,0,2558088,1277482,0,262144,6535356,169700257,0,0,1026,1025,1570812455,0,0,0,0,0,0,0,0,0,0,0,0,1579316369,0,13999,1857070,1435853326,22701,0,0,98993633,0,0,0,0,0,0,0,0,0,0,0,0,0,0,0,0,0,0,0,14582,0,0,0,0,0,0,0,0,0,0,0,0,0,0,0,0,0,0,0,0,0,0,0,0,45708,4050,22696,18646,18646,0,0,3322,0,0,19,0,0,0,0,0,0,0,1,0,1,0,0,0,0,0,0,0,0,0,0,0,0,0,0,0,0,0,0,0,0,714,24,0
1774383663.002253,2253,ubuntu-rog,1,0,0,8481317,0,2878212,3930450,497827,0,20,0,0,0,0,0,1552041883,0,0,4907,1553192519,0,0,2878212,3930450,497827,0,244554,144090,0,0,0,0,0,0,0,0,0,0,2872004,102668,4434647,20,0,0,6367,0,0,0,0,0,0,0,36650473,34035836,0,0,89763,89763,15296,16461,0,0,0,0,0,0,0,0,0,2558091,1277483,0,262144,6535356,169700257,0,0,1026,1025,1570812489,0,0,0,0,0,0,0,0,0,0,0,0,1579316402,0,13999,1857070,1435853326,22701,0,0,98993633,0,0,0,0,0,0,0,0,0,0,0,0,0,0,0,0,0,0,0,14582,0,0,0,0,0,0,0,0,0,0,0,0,0,0,0,0,0,0,0,0,0,0,0,0,45708,4050,22696,18646,18646,0,0,3322,0,0,19,0,0,0,0,0,0,0,1,0,1,0,0,0,0,0,0,0,0,0,0,0,0,0,0,0,0,0,0,0,0,714,24,0
1774383664.001294,1294,ubuntu-rog,1,0,0,8481317,0,2878212,3930450,497827,0,20,0,0,0,0,0,1552041909,0,0,4907,1553192545,0,0,2878212,3930450,497827,0,244554,144090,0,0,0,0,0,0,0,0,0,0,2872004,102668,4434647,20,0,0,6367,0,0,0,0,0,0,0,36650473,34035836,0,0,89763,89763,15296,16461,0,0,0,0,0,0,0,0,0,2558091,1277483,0,262144,6535356,169700257,0,0,1026,1025,1570812515,0,0,0,0,0,0,0,0,0,0,0,0,1579316428,0,13999,1857070,1435853326,22701,0,0,98993633,0,0,0,0,0,0,0,0,0,0,0,0,0,0,0,0,0,0,0,14582,0,0,0,0,0,0,0,0,0,0,0,0,0,0,0,0,0,0,0,0,0,0,0,0,45708,4050,22696,18646,18646,0,0,3322,0,0,19,0,0,0,0,0,0,0,1,0,1,0,0,0,0,0,0,0,0,0,0,0,0,0,0,0,0,0,0,0,0,714,24,0
1774383665.001495,1495,ubuntu-rog,1,0,0,8481317,0,2878212,3930450,497827,0,20,0,0,0,0,0,1552041939,0,0,4907,1553192575,0,0,2878212,3930450,497827,0,244554,144090,0,0,0,0,0,0,0,0,0,0,2872004,102668,4434647,20,0,0,6367,0,0,0,0,0,0,0,36650473,34035836,0,0,89763,89763,15264,16461,0,0,0,0,0,0,0,0,0,2558091,1277483,0,262144,6535356,169700257,0,0,1026,1025,1570812545,0,0,0,0,0,0,0,0,0,0,0,0,1579316458,0,13999,1857070,1435853326,22701,0,0,98993633,0,0,0,0,0,0,0,0,0,0,0,0,0,0,0,0,0,0,0,14582,0,0,0,0,0,0,0,0,0,0,0,0,0,0,0,0,0,0,0,0,0,0,0,0,45708,4050,22696,18646,18646,0,0,3322,0,0,19,0,0,0,0,0,0,0,1,0,1,0,0,0,0,0,0,0,0,0,0,0,0,0,0,0,0,0,0,0,0,714,24,0
1774383666.002157,2157,ubuntu-rog,1,0,0,8481317,0,2878212,3930451,497827,0,8,0,0,0,0,0,1552041970,0,0,4907,1553192606,0,0,2878212,3930451,497827,0,244554,144090,0,0,0,0,0,0,0,0,0,0,2872004,102668,4434650,8,0,0,6367,0,0,0,0,0,0,0,36650475,34035850,0,0,89763,89763,15264,16461,0,0,0,0,0,0,0,0,0,2558091,1277484,0,262144,6535356,169700329,0,0,1026,1025,1570812576,0,0,0,0,0,0,0,0,0,0,0,0,1579316486,0,13999,1857070,1435853326,22701,0,0,98993633,0,0,0,0,0,0,0,0,0,0,0,0,0,0,0,0,0,0,0,14582,0,0,0,0,0,0,0,0,0,0,0,0,0,0,0,0,0,0,0,0,0,0,0,0,45708,4050,22696,18646,18646,0,0,3322,0,0,19,0,0,0,0,0,0,0,1,0,1,0,0,0,0,0,0,0,0,0,0,0,0,0,0,0,0,0,0,0,0,714,24,0
1774383667.001154,1154,ubuntu-rog,1,0,0,8481317,0,2878212,3930451,497827,0,10,0,0,0,0,0,1552041999,0,0,4907,1553192635,0,0,2878212,3930451,497827,0,244554,144090,0,0,0,0,0,0,0,0,0,0,2872004,102668,4434651,10,0,0,6367,0,0,0,0,0,0,0,36650477,34035850,0,0,89763,89763,15264,16461,0,0,0,0,0,0,0,0,0,2558091,1277484,0,262144,6535356,169700329,0,0,1026,1025,1570812605,0,0,0,0,0,0,0,0,0,0,0,0,1579316514,0,13999,1857070,1435853326,22701,0,0,98993633,0,0,0,0,0,0,0,0,0,0,0,0,0,0,0,0,0,0,0,14582,0,0,0,0,0,0,0,0,0,0,0,0,0,0,0,0,0,0,0,0,0,0,0,0,45708,4050,22696,18646,18646,0,0,3322,0,0,19,0,0,0,0,0,0,0,1,0,1,0,0,0,0,0,0,0,0,0,0,0,0,0,0,0,0,0,0,0,0,714,24,0
1774383668.001256,1256,ubuntu-rog,1,0,0,8481317,0,2878212,3930451,497827,0,10,0,0,0,0,0,1552042030,0,0,4907,1553192666,0,0,2878212,3930451,497827,0,244554,144090,0,0,0,0,0,0,0,0,0,0,2872004,102668,4434651,10,0,0,6367,0,0,0,0,0,0,0,36650477,34035850,0,0,89763,89763,15264,16461,0,0,0,0,0,0,0,0,0,2558091,1277484,0,262144,6535356,169700329,0,0,1026,1025,1570812636,0,0,0,0,0,0,0,0,0,0,0,0,1579316545,0,13999,1857070,1435853326,22701,0,0,98993633,0,0,0,0,0,0,0,0,0,0,0,0,0,0,0,0,0,0,0,14582,0,0,0,0,0,0,0,0,0,0,0,0,0,0,0,0,0,0,0,0,0,0,0,0,45708,4050,22696,18646,18646,0,0,3322,0,0,19,0,0,0,0,0,0,0,1,0,1,0,0,0,0,0,0,0,0,0,0,0,0,0,0,0,0,0,0,0,0,714,24,0
1774383669.005292,5292,ubuntu-rog,1,0,0,8481317,0,2878212,3930451,497827,0,10,0,0,0,0,0,1552042057,0,0,4907,1553192693,0,0,2878212,3930451,497827,0,244554,144090,0,0,0,0,0,0,0,0,0,0,2872004,102668,4434651,10,0,0,6367,0,0,0,0,0,0,0,36650477,34035850,0,0,89763,89763,15264,16461,0,0,0,0,0,0,0,0,0,2558091,1277484,0,262144,6535356,169700329,0,0,1026,1025,1570812663,0,0,0,0,0,0,0,0,0,0,0,0,1579316572,0,13999,1857070,1435853326,22701,0,0,98993633,0,0,0,0,0,0,0,0,0,0,0,0,0,0,0,0,0,0,0,14582,0,0,0,0,0,0,0,0,0,0,0,0,0,0,0,0,0,0,0,0,0,0,0,0,45708,4050,22696,18646,18646,0,0,3322,0,0,19,0,0,0,0,0,0,0,1,0,1,0,0,0,0,0,0,0,0,0,0,0,0,0,0,0,0,0,0,0,0,714,24,0
1774383670.001292,1292,ubuntu-rog,1,0,0,8481317,0,2878212,3930451,497827,0,13,0,0,0,0,0,1552042092,0,0,4907,1553192728,0,0,2878212,3930451,497827,0,244554,144090,0,0,0,0,0,0,0,0,0,0,2872004,102668,4434653,13,0,0,6367,0,0,0,0,0,0,0,36650480,34035850,0,0,89763,89763,15264,16461,0,0,0,0,0,0,0,0,0,2558091,1277484,0,262144,6535356,169700329,0,0,1026,1025,1570812698,0,0,0,0,0,0,0,0,0,0,0,0,1579316605,0,13999,1857070,1435853326,22701,0,0,98993633,0,0,0,0,0,0,0,0,0,0,0,0,0,0,0,0,0,0,0,14582,0,0,0,0,0,0,0,0,0,0,0,0,0,0,0,0,0,0,0,0,0,0,0,0,45708,4050,22696,18646,18646,0,0,3322,0,0,19,0,0,0,0,0,0,0,1,0,1,0,0,0,0,0,0,0,0,0,0,0,0,0,0,0,0,0,0,0,0,714,24,0
1774383671.001154,1154,ubuntu-rog,1,0,0,8481317,0,2878218,3930457,497827,0,9,0,0,0,0,0,1552042125,0,0,4907,1553192761,0,0,2878218,3930457,497827,0,244554,144090,0,0,0,0,0,0,0,0,0,0,2871995,102668,4434654,9,0,0,6367,0,0,0,0,0,0,0,36650482,34035856,0,0,89763,89763,15264,16461,0,0,0,0,0,0,0,0,0,2558092,1277484,0,262144,6535356,169700385,0,0,1026,1025,1570812731,0,0,0,0,0,0,0,0,0,0,0,0,1579316642,0,13999,1857070,1435853326,22701,0,0,98993633,0,0,0,0,0,0,0,0,0,0,0,0,0,0,0,0,0,0,0,14582,0,0,0,0,0,0,0,0,0,0,0,0,0,0,0,0,0,0,0,0,0,0,0,0,45708,4050,22696,18646,18646,0,0,3322,0,0,19,0,0,0,0,0,0,0,1,0,1,0,0,0,0,0,0,0,0,0,0,0,0,0,0,0,0,0,0,0,0,714,24,0
1774383672.001139,1139,ubuntu-rog,1,0,0,8481317,0,2878218,3930457,497827,0,11,0,0,0,0,0,1552042148,0,0,4907,1553192784,0,0,2878218,3930457,497827,0,244554,144090,0,0,0,0,0,0,0,0,0,0,2871995,102668,4434655,11,0,0,6367,0,0,0,0,0,0,0,36650484,34035856,0,0,89763,89763,15264,16461,0,0,0,0,0,0,0,0,0,2558092,1277484,0,262144,6535356,169700385,0,0,1026,1025,1570812754,0,0,0,0,0,0,0,0,0,0,0,0,1579316664,0,13999,1857070,1435853326,22701,0,0,98993633,0,0,0,0,0,0,0,0,0,0,0,0,0,0,0,0,0,0,0,14582,0,0,0,0,0,0,0,0,0,0,0,0,0,0,0,0,0,0,0,0,0,0,0,0,45708,4050,22696,18646,18646,0,0,3322,0,0,19,0,0,0,0,0,0,0,1,0,1,0,0,0,0,0,0,0,0,0,0,0,0,0,0,0,0,0,0,0,0,714,24,0
1774383673.003788,3788,ubuntu-rog,1,0,0,8481317,0,2878218,3930457,497827,0,11,0,0,0,0,0,1552042177,0,0,4907,1553192813,0,0,2878218,3930457,497827,0,244554,144090,0,0,0,0,0,0,0,0,0,0,2871995,102668,4434655,11,0,0,6367,0,0,0,0,0,0,0,36650484,34035856,0,0,89763,89763,15264,16461,0,0,0,0,0,0,0,0,0,2558092,1277484,0,262144,6535356,169700385,0,0,1026,1025,1570812783,0,0,0,0,0,0,0,0,0,0,0,0,1579316693,0,13999,1857070,1435853326,22701,0,0,98993633,0,0,0,0,0,0,0,0,0,0,0,0,0,0,0,0,0,0,0,14582,0,0,0,0,0,0,0,0,0,0,0,0,0,0,0,0,0,0,0,0,0,0,0,0,45708,4050,22696,18646,18646,0,0,3322,0,0,19,0,0,0,0,0,0,0,1,0,1,0,0,0,0,0,0,0,0,0,0,0,0,0,0,0,0,0,0,0,0,714,24,0
1774383674.001295,1295,ubuntu-rog,1,0,0,8481317,0,2878218,3930457,497827,0,12,0,0,0,0,0,1552042210,0,0,4907,1553192846,0,0,2878218,3930457,497827,0,244555,144090,0,0,0,0,0,0,0,0,0,0,2871995,102668,4434656,12,0,0,6367,0,0,0,0,0,0,0,36650485,34035856,0,0,89763,89763,15264,16461,0,0,0,0,0,0,0,0,0,2558092,1277484,0,262144,6535356,169700385,0,0,1026,1025,1570812816,0,0,0,0,0,0,0,0,0,0,0,0,1579316724,0,13999,1857070,1435853326,22701,0,0,98993633,0,0,0,0,0,0,0,0,0,0,0,0,0,0,0,0,0,0,0,14582,0,0,0,0,0,0,0,0,0,0,0,0,0,0,0,0,0,0,0,0,0,0,0,0,45708,4050,22696,18646,18646,0,0,3322,0,0,19,0,0,0,0,0,0,0,1,0,1,0,0,0,0,0,0,0,0,0,0,0,0,0,0,0,0,0,0,0,0,714,24,0
1774383675.001294,1294,ubuntu-rog,1,0,0,8481317,0,2878218,3930457,497827,0,12,0,0,0,0,0,1552042233,0,0,4907,1553192869,0,0,2878218,3930457,497827,0,244555,144090,0,0,0,0,0,0,0,0,0,0,2871995,102668,4434656,12,0,0,6367,0,0,0,0,0,0,0,36650485,34035856,0,0,89763,89763,15264,16461,0,0,0,0,0,0,0,0,0,2558092,1277484,0,262144,6535356,169700385,0,0,1026,1025,1570812839,0,0,0,0,0,0,0,0,0,0,0,0,1579316747,0,13999,1857070,1435853326,22701,0,0,98993633,0,0,0,0,0,0,0,0,0,0,0,0,0,0,0,0,0,0,0,14582,0,0,0,0,0,0,0,0,0,0,0,0,0,0,0,0,0,0,0,0,0,0,0,0,45708,4050,22696,18646,18646,0,0,3322,0,0,19,0,0,0,0,0,0,0,1,0,1,0,0,0,0,0,0,0,0,0,0,0,0,0,0,0,0,0,0,0,0,714,24,0
1774383676.001154,1154,ubuntu-rog,1,0,0,8481317,0,2878218,3930457,497827,0,12,0,0,0,0,0,1552042268,0,0,4907,1553192904,0,0,2878218,3930457,497827,0,244555,144090,0,0,0,0,0,0,0,0,0,0,2871995,102668,4434656,12,0,0,6367,0,0,0,0,0,0,0,36650485,34035856,0,0,89763,89763,15264,16461,0,0,0,0,0,0,0,0,0,2558092,1277484,0,262144,6535356,169700385,0,0,1026,1025,1570812874,0,0,0,0,0,0,0,0,0,0,0,0,1579316782,0,13999,1857070,1435853326,22701,0,0,98993633,0,0,0,0,0,0,0,0,0,0,0,0,0,0,0,0,0,0,0,14582,0,0,0,0,0,0,0,0,0,0,0,0,0,0,0,0,0,0,0,0,0,0,0,0,45708,4050,22696,18646,18646,0,0,3322,0,0,19,0,0,0,0,0,0,0,1,0,1,0,0,0,0,0,0,0,0,0,0,0,0,0,0,0,0,0,0,0,0,714,24,0
1774383677.001158,1158,ubuntu-rog,1,0,0,8481317,0,2878218,3930457,497827,0,16,0,0,0,0,0,1552042300,0,0,4907,1553192936,0,0,2878218,3930457,497827,0,244555,144090,0,0,0,0,0,0,0,0,0,0,2871995,102668,4434658,16,0,0,6367,0,0,0,0,0,0,0,36650489,34035856,0,0,89763,89763,15264,16461,0,0,0,0,0,0,0,0,0,2558092,1277484,0,262144,6535356,169700413,0,0,1026,1025,1570812906,0,0,0,0,0,0,0,0,0,0,0,0,1579316812,0,13999,1857070,1435853326,22701,0,0,98993633,0,0,0,0,0,0,0,0,0,0,0,0,0,0,0,0,0,0,0,14582,0,0,0,0,0,0,0,0,0,0,0,0,0,0,0,0,0,0,0,0,0,0,0,0,45708,4050,22696,18646,18646,0,0,3322,0,0,19,0,0,0,0,0,0,0,1,0,1,0,0,0,0,0,0,0,0,0,0,0,0,0,0,0,0,0,0,0,0,714,24,0
1774383678.001258,1258,ubuntu-rog,1,0,0,8481317,0,2878218,3930457,497827,0,17,0,0,0,0,0,1552042322,0,0,4907,1553192958,0,0,2878218,3930457,497827,0,244555,144090,0,0,0,0,0,0,0,0,0,0,2871995,102668,4434659,17,0,0,6367,0,0,0,0,0,0,0,36650490,34035856,0,0,89763,89763,15264,16461,0,0,0,0,0,0,0,0,0,2558092,1277484,0,262144,6535356,169700413,0,0,1026,1025,1570812928,0,0,0,0,0,0,0,0,0,0,0,0,1579316833,0,13999,1857070,1435853326,22701,0,0,98993633,0,0,0,0,0,0,0,0,0,0,0,0,0,0,0,0,0,0,0,14582,0,0,0,0,0,0,0,0,0,0,0,0,0,0,0,0,0,0,0,0,0,0,0,0,45708,4050,22696,18646,18646,0,0,3322,0,0,19,0,0,0,0,0,0,0,1,0,1,0,0,0,0,0,0,0,0,0,0,0,0,0,0,0,0,0,0,0,0,714,24,0
1774383679.001185,1185,ubuntu-rog,1,0,0,8481317,0,2878218,3930457,497827,0,17,0,0,0,0,0,1552042351,0,0,4907,1553192987,0,0,2878218,3930457,497827,0,244555,144090,0,0,0,0,0,0,0,0,0,0,2871995,102668,4434659,17,0,0,6367,0,0,0,0,0,0,0,36650490,34035856,0,0,89763,89763,15264,16461,0,0,0,0,0,0,0,0,0,2558092,1277484,0,262144,6535356,169700413,0,0,1026,1025,1570812957,0,0,0,0,0,0,0,0,0,0,0,0,1579316862,0,13999,1857070,1435853326,22701,0,0,98993633,0,0,0,0,0,0,0,0,0,0,0,0,0,0,0,0,0,0,0,14582,0,0,0,0,0,0,0,0,0,0,0,0,0,0,0,0,0,0,0,0,0,0,0,0,45708,4050,22696,18646,18646,0,0,3322,0,0,19,0,0,0,0,0,0,0,1,0,1,0,0,0,0,0,0,0,0,0,0,0,0,0,0,0,0,0,0,0,0,714,24,0
1774383680.002298,2298,ubuntu-rog,1,0,0,8481317,0,2878218,3930457,497827,0,17,0,0,0,0,0,1552042382,0,0,4907,1553193018,0,0,2878218,3930457,497827,0,244555,144090,0,0,0,0,0,0,0,0,0,0,2871995,102668,4434659,17,0,0,6367,0,0,0,0,0,0,0,36650490,34035856,0,0,89763,89763,15264,16461,0,0,0,0,0,0,0,0,0,2558092,1277484,0,262144,6535356,169700413,0,0,1026,1025,1570812988,0,0,0,0,0,0,0,0,0,0,0,0,1579316893,0,13999,1857070,1435853326,22701,0,0,98993633,0,0,0,0,0,0,0,0,0,0,0,0,0,0,0,0,0,0,0,14582,0,0,0,0,0,0,0,0,0,0,0,0,0,0,0,0,0,0,0,0,0,0,0,0,45708,4050,22696,18646,18646,0,0,3322,0,0,19,0,0,0,0,0,0,0,1,0,1,0,0,0,0,0,0,0,0,0,0,0,0,0,0,0,0,0,0,0,0,714,24,0
1774383681.001155,1155,ubuntu-rog,1,0,0,8481317,0,2878218,3930457,497827,0,18,0,0,0,0,0,1552042411,0,0,4907,1553193047,0,0,2878218,3930457,497827,0,244555,144090,0,0,0,0,0,0,0,0,0,0,2871995,102668,4434660,18,0,0,6367,0,0,0,0,0,0,0,36650491,34035856,0,0,89763,89763,15264,16461,0,0,0,0,0,0,0,0,0,2558092,1277484,0,262144,6535356,169700413,0,0,1026,1025,1570813017,0,0,0,0,0,0,0,0,0,0,0,0,1579316921,0,13999,1857070,1435853326,22701,0,0,98993633,0,0,0,0,0,0,0,0,0,0,0,0,0,0,0,0,0,0,0,14582,0,0,0,0,0,0,0,0,0,0,0,0,0,0,0,0,0,0,0,0,0,0,0,0,45708,4050,22696,18646,18646,0,0,3322,0,0,19,0,0,0,0,0,0,0,1,0,1,0,0,0,0,0,0,0,0,0,0,0,0,0,0,0,0,0,0,0,0,714,24,0
1774383682.001155,1155,ubuntu-rog,1,0,0,8481317,0,2878218,3930457,497827,0,19,0,0,0,0,0,1552042440,0,0,4907,1553193076,0,0,2878218,3930457,497827,0,244555,144090,0,0,0,0,0,0,0,0,0,0,2871995,102668,4434661,19,0,0,6367,0,0,0,0,0,0,0,36650492,34035856,0,0,89763,89763,15264,16461,0,0,0,0,0,0,0,0,0,2558092,1277484,0,262144,6535356,169700429,0,0,1026,1025,1570813046,0,0,0,0,0,0,0,0,0,0,0,0,1579316949,0,13999,1857070,1435853326,22701,0,0,98993633,0,0,0,0,0,0,0,0,0,0,0,0,0,0,0,0,0,0,0,14582,0,0,0,0,0,0,0,0,0,0,0,0,0,0,0,0,0,0,0,0,0,0,0,0,45708,4050,22696,18646,18646,0,0,3322,0,0,19,0,0,0,0,0,0,0,1,0,1,0,0,0,0,0,0,0,0,0,0,0,0,0,0,0,0,0,0,0,0,714,24,0
1774383683.001254,1254,ubuntu-rog,1,0,0,8481317,0,2878218,3930457,497827,0,19,0,0,0,0,0,1552042464,0,0,4907,1553193100,0,0,2878218,3930457,497827,0,244555,144090,0,0,0,0,0,0,0,0,0,0,2871995,102668,4434661,19,0,0,6367,0,0,0,0,0,0,0,36650492,34035856,0,0,89763,89763,15264,16461,0,0,0,0,0,0,0,0,0,2558092,1277484,0,262144,6535356,169700429,0,0,1026,1025,1570813070,0,0,0,0,0,0,0,0,0,0,0,0,1579316973,0,13999,1857070,1435853326,22701,0,0,98993633,0,0,0,0,0,0,0,0,0,0,0,0,0,0,0,0,0,0,0,14582,0,0,0,0,0,0,0,0,0,0,0,0,0,0,0,0,0,0,0,0,0,0,0,0,45708,4050,22696,18646,18646,0,0,3322,0,0,19,0,0,0,0,0,0,0,1,0,1,0,0,0,0,0,0,0,0,0,0,0,0,0,0,0,0,0,0,0,0,714,24,0
1774383684.002285,2285,ubuntu-rog,1,0,0,8481317,0,2878218,3930457,497827,0,20,0,0,0,0,0,1552042492,0,0,4907,1553193128,0,0,2878218,3930457,497827,0,244555,144090,0,0,0,0,0,0,0,0,0,0,2871995,102668,4434662,20,0,0,6367,0,0,0,0,0,0,0,36650493,34035856,0,0,89763,89763,15264,16461,0,0,0,0,0,0,0,0,0,2558092,1277484,0,262144,6535356,169700429,0,0,1026,1025,1570813098,0,0,0,0,0,0,0,0,0,0,0,0,1579317000,0,13999,1857070,1435853326,22701,0,0,98993633,0,0,0,0,0,0,0,0,0,0,0,0,0,0,0,0,0,0,0,14582,0,0,0,0,0,0,0,0,0,0,0,0,0,0,0,0,0,0,0,0,0,0,0,0,45708,4050,22696,18646,18646,0,0,3322,0,0,19,0,0,0,0,0,0,0,1,0,1,0,0,0,0,0,0,0,0,0,0,0,0,0,0,0,0,0,0,0,0,714,24,0
1774383685.001222,1222,ubuntu-rog,1,0,0,8481317,0,2878218,3930457,497827,0,21,0,0,0,0,0,1552042522,0,0,4907,1553193158,0,0,2878218,3930457,497827,0,244555,144090,0,0,0,0,0,0,0,0,0,0,2871995,102668,4434663,21,0,0,6367,0,0,0,0,0,0,0,36650494,34035856,0,0,89763,89763,15264,16461,0,0,0,0,0,0,0,0,0,2558092,1277484,0,262144,6535356,169700429,0,0,1026,1025,1570813128,0,0,0,0,0,0,0,0,0,0,0,0,1579317029,0,13999,1857070,1435853326,22701,0,0,98993633,0,0,0,0,0,0,0,0,0,0,0,0,0,0,0,0,0,0,0,14582,0,0,0,0,0,0,0,0,0,0,0,0,0,0,0,0,0,0,0,0,0,0,0,0,45708,4050,22696,18646,18646,0,0,3322,0,0,19,0,0,0,0,0,0,0,1,0,1,0,0,0,0,0,0,0,0,0,0,0,0,0,0,0,0,0,0,0,0,714,24,0
1774383686.002158,2158,ubuntu-rog,1,0,0,8481317,0,2878218,3930457,497827,0,21,0,0,0,0,0,1552042547,0,0,4907,1553193183,0,0,2878218,3930457,497827,0,244555,144090,0,0,0,0,0,0,0,0,0,0,2871995,102668,4434663,21,0,0,6367,0,0,0,0,0,0,0,36650494,34035856,0,0,89763,89763,15264,16461,0,0,0,0,0,0,0,0,0,2558092,1277484,0,262144,6535356,169700429,0,0,1026,1025,1570813153,0,0,0,0,0,0,0,0,0,0,0,0,1579317054,0,13999,1857070,1435853326,22701,0,0,98993633,0,0,0,0,0,0,0,0,0,0,0,0,0,0,0,0,0,0,0,14582,0,0,0,0,0,0,0,0,0,0,0,0,0,0,0,0,0,0,0,0,0,0,0,0,45708,4050,22696,18646,18646,0,0,3322,0,0,19,0,0,0,0,0,0,0,1,0,1,0,0,0,0,0,0,0,0,0,0,0,0,0,0,0,0,0,0,0,0,714,24,0
1774383687.001159,1159,ubuntu-rog,1,0,0,8481317,0,2878218,3930457,497827,0,21,0,0,0,0,0,1552042576,0,0,4907,1553193212,0,0,2878218,3930457,497827,0,244555,144090,0,0,0,0,0,0,0,0,0,0,2871995,102668,4434663,21,0,0,6367,0,0,0,0,0,0,0,36650494,34035856,0,0,89763,89763,15264,16461,0,0,0,0,0,0,0,0,0,2558092,1277484,0,262144,6535356,169700429,0,0,1026,1025,1570813182,0,0,0,0,0,0,0,0,0,0,0,0,1579317083,0,13999,1857070,1435853326,22701,0,0,98993633,0,0,0,0,0,0,0,0,0,0,0,0,0,0,0,0,0,0,0,14582,0,0,0,0,0,0,0,0,0,0,0,0,0,0,0,0,0,0,0,0,0,0,0,0,45708,4050,22696,18646,18646,0,0,3322,0,0,19,0,0,0,0,0,0,0,1,0,1,0,0,0,0,0,0,0,0,0,0,0,0,0,0,0,0,0,0,0,0,714,24,0
1774383688.001258,1258,ubuntu-rog,1,0,0,8481317,0,2878218,3930457,497827,0,22,0,0,0,0,0,1552042610,0,0,4907,1553193246,0,0,2878218,3930457,497827,0,244555,144090,0,0,0,0,0,0,0,0,0,0,2871995,102668,4434666,22,0,0,6367,0,0,0,0,0,0,0,36650495,34035856,0,0,89763,89763,15264,16461,0,0,0,0,0,0,0,0,0,2558092,1277484,0,262144,6535356,169700445,0,0,1026,1025,1570813216,0,0,0,0,0,0,0,0,0,0,0,0,1579317114,0,13999,1857070,1435853326,22701,0,0,98993633,0,0,0,0,0,0,0,0,0,0,0,0,0,0,0,0,0,0,0,14582,0,0,0,0,0,0,0,0,0,0,0,0,0,0,0,0,0,0,0,0,0,0,0,0,45708,4050,22696,18646,18646,0,0,3322,0,0,19,0,0,0,0,0,0,0,1,0,1,0,0,0,0,0,0,0,0,0,0,0,0,0,0,0,0,0,0,0,0,714,24,0
1774383689.001297,1297,ubuntu-rog,1,0,0,8481317,0,2878218,3930457,497827,0,22,0,0,0,0,0,1552042631,0,0,4907,1553193267,0,0,2878218,3930457,497827,0,244555,144090,0,0,0,0,0,0,0,0,0,0,2871995,102668,4434666,22,0,0,6367,0,0,0,0,0,0,0,36650495,34035856,0,0,89763,89763,15264,16461,0,0,0,0,0,0,0,0,0,2558092,1277484,0,262144,6535356,169700445,0,0,1026,1025,1570813237,0,0,0,0,0,0,0,0,0,0,0,0,1579317135,0,13999,1857070,1435853326,22701,0,0,98993633,0,0,0,0,0,0,0,0,0,0,0,0,0,0,0,0,0,0,0,14582,0,0,0,0,0,0,0,0,0,0,0,0,0,0,0,0,0,0,0,0,0,0,0,0,45708,4050,22696,18646,18646,0,0,3322,0,0,19,0,0,0,0,0,0,0,1,0,1,0,0,0,0,0,0,0,0,0,0,0,0,0,0,0,0,0,0,0,0,714,24,0
1774383690.002293,2293,ubuntu-rog,1,0,0,8481317,0,2878218,3930457,497827,0,22,0,0,0,0,0,1552042660,0,0,4907,1553193296,0,0,2878218,3930457,497827,0,244555,144090,0,0,0,0,0,0,0,0,0,0,2871995,102668,4434666,22,0,0,6367,0,0,0,0,0,0,0,36650495,34035856,0,0,89763,89763,15264,16461,0,0,0,0,0,0,0,0,0,2558092,1277484,0,262144,6535356,169700445,0,0,1026,1025,1570813266,0,0,0,0,0,0,0,0,0,0,0,0,1579317164,0,13999,1857070,1435853326,22701,0,0,98993633,0,0,0,0,0,0,0,0,0,0,0,0,0,0,0,0,0,0,0,14582,0,0,0,0,0,0,0,0,0,0,0,0,0,0,0,0,0,0,0,0,0,0,0,0,45708,4050,22696,18646,18646,0,0,3322,0,0,19,0,0,0,0,0,0,0,1,0,1,0,0,0,0,0,0,0,0,0,0,0,0,0,0,0,0,0,0,0,0,714,24,0
1774383691.001157,1157,ubuntu-rog,1,0,0,8481317,0,2878218,3930457,497827,0,24,0,0,0,0,0,1552042691,0,0,4907,1553193327,0,0,2878218,3930457,497827,0,244555,144090,0,0,0,0,0,0,0,0,0,0,2871995,102668,4434668,24,0,0,6367,0,0,0,0,0,0,0,36650497,34035856,0,0,89763,89763,15264,16461,0,0,0,0,0,0,0,0,0,2558092,1277484,0,262144,6535356,169700445,0,0,1026,1025,1570813297,0,0,0,0,0,0,0,0,0,0,0,0,1579317193,0,13999,1857070,1435853326,22701,0,0,98993633,0,0,0,0,0,0,0,0,0,0,0,0,0,0,0,0,0,0,0,14582,0,0,0,0,0,0,0,0,0,0,0,0,0,0,0,0,0,0,0,0,0,0,0,0,45708,4050,22696,18646,18646,0,0,3322,0,0,19,0,0,0,0,0,0,0,1,0,1,0,0,0,0,0,0,0,0,0,0,0,0,0,0,0,0,0,0,0,0,714,24,0
1774383692.001151,1151,ubuntu-rog,1,0,0,8481317,0,2878218,3930458,497827,0,17,0,0,0,0,0,1552042713,0,0,4907,1553193349,0,0,2878218,3930458,497827,0,244555,144090,0,0,0,0,0,0,0,0,0,0,2871995,102668,4434668,17,0,0,6367,0,0,0,0,0,0,0,36650497,34035863,0,0,89763,89763,15264,16461,0,0,0,0,0,0,0,0,0,2558092,1277484,0,262144,6535356,169700465,0,0,1026,1025,1570813319,0,0,0,0,0,0,0,0,0,0,0,0,1579317215,0,13999,1857070,1435853327,22701,0,0,98993634,0,0,0,0,0,0,0,0,0,0,0,0,0,0,0,0,0,0,0,14582,0,0,0,0,0,0,0,0,0,0,0,0,0,0,0,0,0,0,0,0,0,0,0,0,45708,4050,22696,18646,18646,0,0,3322,0,0,19,0,0,0,0,0,0,0,1,0,1,0,0,0,0,0,0,0,0,0,0,0,0,0,0,0,0,0,0,0,0,714,24,0
1774383693.001262,1262,ubuntu-rog,1,0,0,8481317,0,2878218,3930458,497827,0,18,0,0,0,0,0,1552042744,0,0,4907,1553193380,0,0,2878218,3930458,497827,0,244555,144090,0,0,0,0,0,0,0,0,0,0,2871995,102668,4434668,18,0,0,6367,0,0,0,0,0,0,0,36650498,34035863,0,0,89763,89763,15264,16461,0,0,0,0,0,0,0,0,0,2558092,1277484,0,262144,6535356,169700481,0,0,1026,1025,1570813350,0,0,0,0,0,0,0,0,0,0,0,0,1579317246,0,13999,1857070,1435853327,22701,0,0,98993634,0,0,0,0,0,0,0,0,0,0,0,0,0,0,0,0,0,0,0,14582,0,0,0,0,0,0,0,0,0,0,0,0,0,0,0,0,0,0,0,0,0,0,0,0,45708,4050,22696,18646,18646,0,0,3322,0,0,19,0,0,0,0,0,0,0,1,0,1,0,0,0,0,0,0,0,0,0,0,0,0,0,0,0,0,0,0,0,0,714,24,0
1774383694.002291,2291,ubuntu-rog,1,0,0,8481317,0,2878218,3930458,497827,0,18,0,0,0,0,0,1552042780,0,0,4907,1553193416,0,0,2878218,3930458,497827,0,244555,144090,0,0,0,0,0,0,0,0,0,0,2871995,102668,4434668,18,0,0,6367,0,0,0,0,0,0,0,36650498,34035863,0,0,89763,89763,15264,16461,0,0,0,0,0,0,0,0,0,2558092,1277484,0,262144,6535356,169700481,0,0,1026,1025,1570813386,0,0,0,0,0,0,0,0,0,0,0,0,1579317282,0,13999,1857070,1435853327,22701,0,0,98993634,0,0,0,0,0,0,0,0,0,0,0,0,0,0,0,0,0,0,0,14582,0,0,0,0,0,0,0,0,0,0,0,0,0,0,0,0,0,0,0,0,0,0,0,0,45708,4050,22696,18646,18646,0,0,3322,0,0,19,0,0,0,0,0,0,0,1,0,1,0,0,0,0,0,0,0,0,0,0,0,0,0,0,0,0,0,0,0,0,714,24,0
1774383695.001298,1298,ubuntu-rog,1,0,0,8481317,0,2878218,3930458,497827,0,20,0,0,0,0,0,1552042813,0,0,4907,1553193449,0,0,2878218,3930458,497827,0,244555,144090,0,0,0,0,0,0,0,0,0,0,2871995,102668,4434670,20,0,0,6367,0,0,0,0,0,0,0,36650500,34035863,0,0,89763,89763,15264,16461,0,0,0,0,0,0,0,0,0,2558092,1277484,0,262144,6535356,169700481,0,0,1026,1025,1570813419,0,0,0,0,0,0,0,0,0,0,0,0,1579317319,0,13999,1857070,1435853327,22701,0,0,98993634,0,0,0,0,0,0,0,0,0,0,0,0,0,0,0,0,0,0,0,14582,0,0,0,0,0,0,0,0,0,0,0,0,0,0,0,0,0,0,0,0,0,0,0,0,45708,4050,22696,18646,18646,0,0,3322,0,0,19,0,0,0,0,0,0,0,1,0,1,0,0,0,0,0,0,0,0,0,0,0,0,0,0,0,0,0,0,0,0,714,24,0
1774383696.001158,1158,ubuntu-rog,1,0,0,8481318,0,2878281,3930462,497827,0,20,0,0,0,0,0,1552043068,0,0,4907,1553193704,0,0,2878281,3930462,497827,0,244555,144094,0,0,0,0,0,0,0,0,0,0,2872043,102668,4434670,20,0,0,6367,0,0,0,0,0,0,0,36650500,34035863,0,0,89763,89763,15264,16461,0,0,0,0,0,0,0,0,0,2558093,1277485,0,262144,6535356,169700481,0,0,1026,1025,1570813746,0,0,0,0,0,0,0,0,0,0,0,0,1579317617,0,13999,1857070,1435853405,22701,0,0,98993634,0,0,0,0,0,0,0,0,0,0,0,0,0,0,0,0,0,0,0,14582,0,0,0,0,0,0,0,0,0,0,0,0,0,0,0,0,0,0,0,0,0,0,0,0,45708,4050,22696,18646,18646,0,0,3322,0,0,19,0,0,0,0,0,0,0,1,0,1,0,0,0,0,0,0,0,0,0,0,0,0,0,0,0,0,0,0,0,0,714,24,0
1774383697.002152,2152,ubuntu-rog,1,0,0,8481318,0,2878281,3930462,497827,0,11,0,0,0,0,0,1552043091,0,0,4907,1553193727,0,0,2878281,3930462,497827,0,244555,144094,0,0,0,0,0,0,0,0,0,0,2872043,102668,4434671,11,0,0,6367,0,0,0,0,0,0,0,36650501,34035873,0,0,89763,89763,15264,16461,0,0,0,0,0,0,0,0,0,2558093,1277485,0,262144,6535356,169700521,0,0,1026,1025,1570813769,0,0,0,0,0,0,0,0,0,0,0,0,1579317639,0,13999,1857070,1435853405,22701,0,0,98993634,0,0,0,0,0,0,0,0,0,0,0,0,0,0,0,0,0,0,0,14582,0,0,0,0,0,0,0,0,0,0,0,0,0,0,0,0,0,0,0,0,0,0,0,0,45708,4050,22696,18646,18646,0,0,3322,0,0,19,0,0,0,0,0,0,0,1,0,1,0,0,0,0,0,0,0,0,0,0,0,0,0,0,0,0,0,0,0,0,714,24,0
1774383698.001259,1259,ubuntu-rog,1,0,0,8481318,0,2878281,3930462,497827,0,17,0,0,0,0,0,1552043121,0,0,4907,1553193757,0,0,2878281,3930462,497827,0,244555,144094,0,0,0,0,0,0,0,0,0,0,2872043,102668,4434673,17,0,0,6367,0,0,0,0,0,0,0,36650507,34035873,0,0,89763,89763,15264,16461,0,0,0,0,0,0,0,0,0,2558093,1277485,0,262144,6535356,169700549,0,0,1026,1025,1570813799,0,0,0,0,0,0,0,0,0,0,0,0,1579317667,0,13999,1857070,1435853405,22701,0,0,98993634,0,0,0,0,0,0,0,0,0,0,0,0,0,0,0,0,0,0,0,14582,0,0,0,0,0,0,0,0,0,0,0,0,0,0,0,0,0,0,0,0,0,0,0,0,45708,4050,22696,18646,18646,0,0,3322,0,0,19,0,0,0,0,0,0,0,1,0,1,0,0,0,0,0,0,0,0,0,0,0,0,0,0,0,0,0,0,0,0,714,24,0
1774383699.001561,1561,ubuntu-rog,1,0,0,8481318,0,2878281,3930462,497827,0,17,0,0,0,0,0,1552043152,0,0,4907,1553193788,0,0,2878281,3930462,497827,0,244555,144094,0,0,0,0,0,0,0,0,0,0,2872043,102668,4434673,17,0,0,6367,0,0,0,0,0,0,0,36650507,34035873,0,0,89763,89763,15264,16461,0,0,0,0,0,0,0,0,0,2558093,1277485,0,262144,6535356,169700549,0,0,1026,1025,1570813830,0,0,0,0,0,0,0,0,0,0,0,0,1579317698,0,13999,1857070,1435853405,22701,0,0,98993634,0,0,0,0,0,0,0,0,0,0,0,0,0,0,0,0,0,0,0,14582,0,0,0,0,0,0,0,0,0,0,0,0,0,0,0,0,0,0,0,0,0,0,0,0,45708,4050,22696,18646,18646,0,0,3322,0,0,19,0,0,0,0,0,0,0,1,0,1,0,0,0,0,0,0,0,0,0,0,0,0,0,0,0,0,0,0,0,0,714,24,0
1774383700.002299,2299,ubuntu-rog,1,0,0,8481318,0,2878281,3930462,497827,0,17,0,0,0,0,0,1552043176,0,0,4907,1553193812,0,0,2878281,3930462,497827,0,244555,144090,0,0,0,0,0,0,0,0,0,0,2872043,102668,4434673,17,0,0,6367,0,0,0,0,0,0,0,36650507,34035873,0,0,89763,89763,15264,16461,0,0,0,0,0,0,0,0,0,2558093,1277485,0,262144,6535356,169700549,0,0,1026,1025,1570813854,0,0,0,0,0,0,0,0,0,0,0,0,1579317726,0,13999,1857070,1435853405,22701,0,0,98993634,0,0,0,0,0,0,0,0,0,0,0,0,0,0,0,0,0,0,0,14582,0,0,0,0,0,0,0,0,0,0,0,0,0,0,0,0,0,0,0,0,0,0,0,0,45708,4050,22696,18646,18646,0,0,3322,0,0,19,0,0,0,0,0,0,0,1,0,1,0,0,0,0,0,0,0,0,0,0,0,0,0,0,0,0,0,0,0,0,714,24,0
1774383701.005151,5151,ubuntu-rog,1,0,0,8481318,0,2878281,3930462,497827,0,17,0,0,0,0,0,1552043204,0,0,4907,1553193840,0,0,2878281,3930462,497827,0,244555,144090,0,0,0,0,0,0,0,0,0,0,2872043,102668,4434673,17,0,0,6367,0,0,0,0,0,0,0,36650507,34035873,0,0,89763,89763,15264,16461,0,0,0,0,0,0,0,0,0,2558093,1277485,0,262144,6535356,169700549,0,0,1026,1025,1570813882,0,0,0,0,0,0,0,0,0,0,0,0,1579317754,0,13999,1857070,1435853405,22701,0,0,98993634,0,0,0,0,0,0,0,0,0,0,0,0,0,0,0,0,0,0,0,14582,0,0,0,0,0,0,0,0,0,0,0,0,0,0,0,0,0,0,0,0,0,0,0,0,45708,4050,22696,18646,18646,0,0,3322,0,0,19,0,0,0,0,0,0,0,1,0,1,0,0,0,0,0,0,0,0,0,0,0,0,0,0,0,0,0,0,0,0,714,24,0
1774383702.001156,1156,ubuntu-rog,1,0,0,8481318,0,2878281,3930462,497827,0,8,0,0,0,0,0,1552043234,0,0,4907,1553193870,0,0,2878281,3930462,497827,0,244555,144090,0,0,0,0,0,0,0,0,0,0,2872043,102668,4434674,8,0,0,6367,0,0,0,0,0,0,0,36650508,34035883,0,0,89763,89763,15264,16461,0,0,0,0,0,0,0,0,0,2558093,1277485,0,262144,6535356,169700589,0,0,1026,1025,1570813912,0,0,0,0,0,0,0,0,0,0,0,0,1579317783,0,13999,1857070,1435853406,22701,0,0,98993635,0,0,0,0,0,0,0,0,0,0,0,0,0,0,0,0,0,0,0,14582,0,0,0,0,0,0,0,0,0,0,0,0,0,0,0,0,0,0,0,0,0,0,0,0,45708,4050,22696,18646,18646,0,0,3322,0,0,19,0,0,0,0,0,0,0,1,0,1,0,0,0,0,0,0,0,0,0,0,0,0,0,0,0,0,0,0,0,0,714,24,0
1774383703.001257,1257,ubuntu-rog,1,0,0,8481318,0,2878281,3930462,497827,0,8,0,0,0,0,0,1552043256,0,0,4907,1553193892,0,0,2878281,3930462,497827,0,244555,144090,0,0,0,0,0,0,0,0,0,0,2872043,102668,4434674,8,0,0,6367,0,0,0,0,0,0,0,36650508,34035883,0,0,89763,89763,15264,16461,0,0,0,0,0,0,0,0,0,2558093,1277485,0,262144,6535356,169700589,0,0,1026,1025,1570813934,0,0,0,0,0,0,0,0,0,0,0,0,1579317805,0,13999,1857070,1435853406,22701,0,0,98993635,0,0,0,0,0,0,0,0,0,0,0,0,0,0,0,0,0,0,0,14582,0,0,0,0,0,0,0,0,0,0,0,0,0,0,0,0,0,0,0,0,0,0,0,0,45708,4050,22696,18646,18646,0,0,3322,0,0,19,0,0,0,0,0,0,0,1,0,1,0,0,0,0,0,0,0,0,0,0,0,0,0,0,0,0,0,0,0,0,714,24,0
1774383704.001292,1292,ubuntu-rog,1,0,0,8481318,0,2878281,3930462,497827,0,13,0,0,0,0,0,1552043291,0,0,4907,1553193927,0,0,2878281,3930462,497827,0,244555,144090,0,0,0,0,0,0,0,0,0,0,2872043,102668,4434677,13,0,0,6367,0,0,0,0,0,0,0,36650513,34035883,0,0,89763,89763,15264,16461,0,0,0,0,0,0,0,0,0,2558093,1277485,0,262144,6535356,169700625,0,0,1026,1025,1570813969,0,0,0,0,0,0,0,0,0,0,0,0,1579317837,0,13999,1857070,1435853406,22701,0,0,98993635,0,0,0,0,0,0,0,0,0,0,0,0,0,0,0,0,0,0,0,14582,0,0,0,0,0,0,0,0,0,0,0,0,0,0,0,0,0,0,0,0,0,0,0,0,45708,4050,22696,18646,18646,0,0,3322,0,0,19,0,0,0,0,0,0,0,1,0,1,0,0,0,0,0,0,0,0,0,0,0,0,0,0,0,0,0,0,0,0,714,24,0
1774383705.001221,1221,ubuntu-rog,1,0,0,8481318,0,2878281,3930462,497827,0,14,0,0,0,0,0,1552043322,0,0,4907,1553193958,0,0,2878281,3930462,497827,0,244555,144090,0,0,0,0,0,0,0,0,0,0,2872043,102668,4434678,14,0,0,6367,0,0,0,0,0,0,0,36650514,34035883,0,0,89763,89763,15264,16461,0,0,0,0,0,0,0,0,0,2558093,1277485,0,262144,6535356,169700625,0,0,1026,1025,1570814000,0,0,0,0,0,0,0,0,0,0,0,0,1579317867,0,13999,1857070,1435853406,22701,0,0,98993635,0,0,0,0,0,0,0,0,0,0,0,0,0,0,0,0,0,0,0,14582,0,0,0,0,0,0,0,0,0,0,0,0,0,0,0,0,0,0,0,0,0,0,0,0,45708,4050,22696,18646,18646,0,0,3322,0,0,19,0,0,0,0,0,0,0,1,0,1,0,0,0,0,0,0,0,0,0,0,0,0,0,0,0,0,0,0,0,0,714,24,0
1774383706.002157,2157,ubuntu-rog,1,0,0,8481318,0,2878271,3930462,497827,0,14,0,0,0,0,0,1552043353,0,0,4907,1553193989,0,0,2878271,3930462,497827,0,244555,144090,0,0,0,0,0,0,0,0,0,0,2872040,102668,4434678,14,0,0,6367,0,0,0,0,0,0,0,36650514,34035883,0,0,89763,89763,15264,16461,0,0,0,0,0,0,0,0,0,2558093,1277485,0,262144,6535356,169700625,0,0,1026,1025,1570814031,0,0,0,0,0,0,0,0,0,0,0,0,1579317900,0,13999,1857070,1435853414,22701,0,0,98993635,0,0,0,0,0,0,0,0,0,0,0,0,0,0,0,0,0,0,0,14582,0,0,0,0,0,0,0,0,0,0,0,0,0,0,0,0,0,0,0,0,0,0,0,0,45708,4050,22696,18646,18646,0,0,3322,0,0,19,0,0,0,0,0,0,0,1,0,1,0,0,0,0,0,0,0,0,0,0,0,0,0,0,0,0,0,0,0,0,714,24,0
1774383707.001156,1156,ubuntu-rog,1,0,0,8481318,0,2878271,3930462,497827,0,16,0,0,0,0,0,1552043384,0,0,4907,1553194020,0,0,2878271,3930462,497827,0,244555,144090,0,0,0,0,0,0,0,0,0,0,2872040,102668,4434679,16,0,0,6367,0,0,0,0,0,0,0,36650516,34035883,0,0,89763,89763,15264,16461,0,0,0,0,0,0,0,0,0,2558093,1277485,0,262144,6535356,169700625,0,0,1026,1025,1570814062,0,0,0,0,0,0,0,0,0,0,0,0,1579317930,0,13999,1857070,1435853414,22701,0,0,98993635,0,0,0,0,0,0,0,0,0,0,0,0,0,0,0,0,0,0,0,14582,0,0,0,0,0,0,0,0,0,0,0,0,0,0,0,0,0,0,0,0,0,0,0,0,45708,4050,22696,18646,18646,0,0,3322,0,0,19,0,0,0,0,0,0,0,1,0,1,0,0,0,0,0,0,0,0,0,0,0,0,0,0,0,0,0,0,0,0,714,24,0
1774383708.001256,1256,ubuntu-rog,1,0,0,8481318,0,2878271,3930462,497827,0,16,0,0,0,0,0,1552043412,0,0,4907,1553194048,0,0,2878271,3930462,497827,0,244555,144090,0,0,0,0,0,0,0,0,0,0,2872040,102668,4434679,16,0,0,6367,0,0,0,0,0,0,0,36650516,34035883,0,0,89763,89763,15264,16461,0,0,0,0,0,0,0,0,0,2558093,1277485,0,262144,6535356,169700625,0,0,1026,1025,1570814090,0,0,0,0,0,0,0,0,0,0,0,0,1579317958,0,13999,1857070,1435853414,22701,0,0,98993635,0,0,0,0,0,0,0,0,0,0,0,0,0,0,0,0,0,0,0,14582,0,0,0,0,0,0,0,0,0,0,0,0,0,0,0,0,0,0,0,0,0,0,0,0,45708,4050,22696,18646,18646,0,0,3322,0,0,19,0,0,0,0,0,0,0,1,0,1,0,0,0,0,0,0,0,0,0,0,0,0,0,0,0,0,0,0,0,0,714,24,0
1774383709.005293,5293,ubuntu-rog,1,0,0,8481318,0,2878271,3930462,497827,0,17,0,0,0,0,0,1552043441,0,0,4907,1553194077,0,0,2878271,3930462,497827,0,244555,144090,0,0,0,0,0,0,0,0,0,0,2872040,102668,4434680,17,0,0,6367,0,0,0,0,0,0,0,36650517,34035883,0,0,89763,89763,15264,16461,0,0,0,0,0,0,0,0,0,2558093,1277485,0,262144,6535356,169700625,0,0,1026,1025,1570814119,0,0,0,0,0,0,0,0,0,0,0,0,1579317986,0,13999,1857070,1435853414,22701,0,0,98993635,0,0,0,0,0,0,0,0,0,0,0,0,0,0,0,0,0,0,0,14582,0,0,0,0,0,0,0,0,0,0,0,0,0,0,0,0,0,0,0,0,0,0,0,0,45708,4050,22696,18646,18646,0,0,3322,0,0,19,0,0,0,0,0,0,0,1,0,1,0,0,0,0,0,0,0,0,0,0,0,0,0,0,0,0,0,0,0,0,714,24,0
1774383710.001295,1295,ubuntu-rog,1,0,0,8481318,0,2878271,3930462,497827,0,18,0,0,0,0,0,1552043475,0,0,4907,1553194111,0,0,2878271,3930462,497827,0,244555,144090,0,0,0,0,0,0,0,0,0,0,2872040,102668,4434683,18,0,0,6367,0,0,0,0,0,0,0,36650518,34035883,0,0,89763,89763,15264,16461,0,0,0,0,0,0,0,0,0,2558093,1277485,0,262144,6535356,169700641,0,0,1026,1025,1570814153,0,0,0,0,0,0,0,0,0,0,0,0,1579318017,0,13999,1857070,1435853414,22701,0,0,98993635,0,0,0,0,0,0,0,0,0,0,0,0,0,0,0,0,0,0,0,14582,0,0,0,0,0,0,0,0,0,0,0,0,0,0,0,0,0,0,0,0,0,0,0,0,45708,4050,22696,18646,18646,0,0,3322,0,0,19,0,0,0,0,0,0,0,1,0,1,0,0,0,0,0,0,0,0,0,0,0,0,0,0,0,0,0,0,0,0,714,24,0
1774383711.001153,1153,ubuntu-rog,1,0,0,8481318,0,2878271,3930462,497827,0,18,0,0,0,0,0,1552043498,0,0,4907,1553194134,0,0,2878271,3930462,497827,0,244555,144088,0,0,0,0,0,0,0,0,0,0,2872040,102668,4434683,18,0,0,6367,0,0,0,0,0,0,0,36650518,34035883,0,0,89763,89763,15264,16461,0,0,0,0,0,0,0,0,0,2558093,1277485,0,262144,6535356,169700641,0,0,1026,1025,1570814176,0,0,0,0,0,0,0,0,0,0,0,0,1579318042,0,13999,1857070,1435853414,22701,0,0,98993635,0,0,0,0,0,0,0,0,0,0,0,0,0,0,0,0,0,0,0,14582,0,0,0,0,0,0,0,0,0,0,0,0,0,0,0,0,0,0,0,0,0,0,0,0,45708,4050,22696,18646,18646,0,0,3322,0,0,19,0,0,0,0,0,0,0,1,0,1,0,0,0,0,0,0,0,0,0,0,0,0,0,0,0,0,0,0,0,0,714,24,0
1774383712.001138,1138,ubuntu-rog,1,0,0,8481318,0,2878271,3930462,497827,0,19,0,0,0,0,0,1552043539,0,0,4907,1553194175,0,0,2878271,3930462,497827,0,244555,144088,0,0,0,0,0,0,0,0,0,0,2872040,102668,4434684,19,0,0,6367,0,0,0,0,0,0,0,36650519,34035883,0,0,89763,89763,15264,16461,0,0,0,0,0,0,0,0,0,2558093,1277485,0,262144,6535356,169700641,0,0,1026,1025,1570814217,0,0,0,0,0,0,0,0,0,0,0,0,1579318082,0,13999,1857070,1435853414,22701,0,0,98993635,0,0,0,0,0,0,0,0,0,0,0,0,0,0,0,0,0,0,0,14582,0,0,0,0,0,0,0,0,0,0,0,0,0,0,0,0,0,0,0,0,0,0,0,0,45708,4050,22696,18646,18646,0,0,3322,0,0,19,0,0,0,0,0,0,0,1,0,1,0,0,0,0,0,0,0,0,0,0,0,0,0,0,0,0,0,0,0,0,714,24,0
1774383713.001265,1265,ubuntu-rog,1,0,0,8481318,0,2878271,3930462,497827,0,19,0,0,0,0,0,1552043580,0,0,4907,1553194216,0,0,2878271,3930462,497827,0,244555,144088,0,0,0,0,0,0,0,0,0,0,2872040,102668,4434684,19,0,0,6367,0,0,0,0,0,0,0,36650519,34035883,0,0,89763,89763,15264,16461,0,0,0,0,0,0,0,0,0,2558093,1277485,0,262144,6535356,169700641,0,0,1026,1025,1570814258,0,0,0,0,0,0,0,0,0,0,0,0,1579318123,0,13999,1857070,1435853414,22701,0,0,98993635,0,0,0,0,0,0,0,0,0,0,0,0,0,0,0,0,0,0,0,14582,0,0,0,0,0,0,0,0,0,0,0,0,0,0,0,0,0,0,0,0,0,0,0,0,45708,4050,22696,18646,18646,0,0,3322,0,0,19,0,0,0,0,0,0,0,1,0,1,0,0,0,0,0,0,0,0,0,0,0,0,0,0,0,0,0,0,0,0,714,24,0
1774383714.001301,1301,ubuntu-rog,1,0,0,8481318,0,2878271,3930462,497827,0,19,0,0,0,0,0,1552043602,0,0,4907,1553194238,0,0,2878271,3930462,497827,0,244555,144088,0,0,0,0,0,0,0,0,0,0,2872040,102668,4434684,19,0,0,6367,0,0,0,0,0,0,0,36650519,34035883,0,0,89763,89763,15264,16461,0,0,0,0,0,0,0,0,0,2558093,1277485,0,262144,6535356,169700641,0,0,1026,1025,1570814280,0,0,0,0,0,0,0,0,0,0,0,0,1579318145,0,13999,1857070,1435853414,22701,0,0,98993635,0,0,0,0,0,0,0,0,0,0,0,0,0,0,0,0,0,0,0,14582,0,0,0,0,0,0,0,0,0,0,0,0,0,0,0,0,0,0,0,0,0,0,0,0,45708,4050,22696,18646,18646,0,0,3322,0,0,19,0,0,0,0,0,0,0,1,0,1,0,0,0,0,0,0,0,0,0,0,0,0,0,0,0,0,0,0,0,0,714,24,0
1774383715.001292,1292,ubuntu-rog,1,0,0,8481318,0,2878271,3930465,497827,0,19,0,0,0,0,0,1552043629,0,0,4907,1553194265,0,0,2878271,3930465,497827,0,244555,144088,0,0,0,0,0,0,0,0,0,0,2872040,102668,4434686,19,0,0,6367,0,0,0,0,0,0,0,36650519,34035883,0,0,89763,89763,15264,16461,0,0,0,0,0,0,0,0,0,2558094,1277485,0,262144,6535356,169700657,0,0,1026,1025,1570814307,0,0,0,0,0,0,0,0,0,0,0,0,1579318198,0,13999,1857070,1435853414,22701,0,0,98993635,0,0,0,0,0,0,0,0,0,0,0,0,0,0,0,0,0,0,0,14582,0,0,0,0,0,0,0,0,0,0,0,0,0,0,0,0,0,0,0,0,0,0,0,0,45708,4050,22696,18646,18646,0,0,3322,0,0,19,0,0,0,0,0,0,0,1,0,1,0,0,0,0,0,0,0,0,0,0,0,0,0,0,0,0,0,0,0,0,714,24,0
1774383716.003151,3151,ubuntu-rog,1,0,0,8481318,0,2878271,3930465,497827,0,21,0,0,0,0,0,1552043661,0,0,4907,1553194297,0,0,2878271,3930465,497827,0,244555,144088,0,0,0,0,0,0,0,0,0,0,2872040,102668,4434688,21,0,0,6367,0,0,0,0,0,0,0,36650521,34035883,0,0,89763,89763,15264,16461,0,0,0,0,0,0,0,0,0,2558094,1277485,0,262144,6535356,169700657,0,0,1026,1025,1570814339,0,0,0,0,0,0,0,0,0,0,0,0,1579318228,0,13999,1857070,1435853414,22701,0,0,98993635,0,0,0,0,0,0,0,0,0,0,0,0,0,0,0,0,0,0,0,14582,0,0,0,0,0,0,0,0,0,0,0,0,0,0,0,0,0,0,0,0,0,0,0,0,45708,4050,22696,18646,18646,0,0,3322,0,0,19,0,0,0,0,0,0,0,1,0,1,0,0,0,0,0,0,0,0,0,0,0,0,0,0,0,0,0,0,0,0,714,24,0
1774383717.001160,1160,ubuntu-rog,1,0,0,8481318,0,2878271,3930465,497827,0,21,0,0,0,0,0,1552043684,0,0,4907,1553194320,0,0,2878271,3930465,497827,0,244555,144088,0,0,0,0,0,0,0,0,0,0,2872040,102668,4434688,21,0,0,6367,0,0,0,0,0,0,0,36650521,34035883,0,0,89763,89763,15264,16461,0,0,0,0,0,0,0,0,0,2558094,1277485,0,262144,6535356,169700657,0,0,1026,1025,1570814362,0,0,0,0,0,0,0,0,0,0,0,0,1579318251,0,13999,1857070,1435853414,22701,0,0,98993635,0,0,0,0,0,0,0,0,0,0,0,0,0,0,0,0,0,0,0,14582,0,0,0,0,0,0,0,0,0,0,0,0,0,0,0,0,0,0,0,0,0,0,0,0,45708,4050,22696,18646,18646,0,0,3322,0,0,19,0,0,0,0,0,0,0,1,0,1,0,0,0,0,0,0,0,0,0,0,0,0,0,0,0,0,0,0,0,0,714,24,0
1774383718.001258,1258,ubuntu-rog,1,0,0,8481318,0,2878271,3930465,497827,0,21,0,0,0,0,0,1552043715,0,0,4907,1553194351,0,0,2878271,3930465,497827,0,244555,144088,0,0,0,0,0,0,0,0,0,0,2872040,102668,4434688,21,0,0,6367,0,0,0,0,0,0,0,36650521,34035883,0,0,89763,89763,15264,16461,0,0,0,0,0,0,0,0,0,2558094,1277485,0,262144,6535356,169700657,0,0,1026,1025,1570814393,0,0,0,0,0,0,0,0,0,0,0,0,1579318282,0,13999,1857070,1435853414,22701,0,0,98993635,0,0,0,0,0,0,0,0,0,0,0,0,0,0,0,0,0,0,0,14582,0,0,0,0,0,0,0,0,0,0,0,0,0,0,0,0,0,0,0,0,0,0,0,0,45708,4050,22696,18646,18646,0,0,3322,0,0,19,0,0,0,0,0,0,0,1,0,1,0,0,0,0,0,0,0,0,0,0,0,0,0,0,0,0,0,0,0,0,714,24,0
1774383719.001345,1345,ubuntu-rog,1,0,0,8481381,0,2878271,3930465,497827,0,22,0,0,0,0,0,1552043747,0,0,4907,1553194383,0,0,2878271,3930465,497827,0,244555,144088,0,0,0,0,0,0,0,0,0,0,2872040,102668,4434689,22,0,0,6367,0,0,0,0,0,0,0,36650522,34035883,0,0,89763,89763,15264,16461,0,0,0,0,0,0,0,0,0,2558107,1277491,0,262144,6535356,169700657,0,0,1026,1025,1570814425,0,0,0,0,0,0,0,0,0,0,0,0,1579318313,0,13999,1857070,1435853414,22701,0,0,98993635,0,0,0,0,0,0,0,0,0,0,0,0,0,0,0,0,0,0,0,14582,0,0,0,0,0,0,0,0,0,0,0,0,0,0,0,0,0,0,0,0,0,0,0,0,45708,4050,22696,18646,18646,0,0,3322,0,0,19,0,0,0,0,0,0,0,1,0,1,0,0,0,0,0,0,0,0,0,0,0,0,0,0,0,0,0,0,0,0,714,24,0
1774383720.001303,1303,ubuntu-rog,1,0,0,8481381,0,2878271,3930465,497827,0,23,0,0,0,0,0,1552043769,0,0,4907,1553194405,0,0,2878271,3930465,497827,0,244555,144088,0,0,0,0,0,0,0,0,0,0,2872040,102668,4434690,23,0,0,6367,0,0,0,0,0,0,0,36650523,34035883,0,0,89763,89763,15264,16461,0,0,0,0,0,0,0,0,0,2558107,1277491,0,262144,6535356,169700657,0,0,1026,1025,1570814447,0,0,0,0,0,0,0,0,0,0,0,0,1579318335,0,13999,1857070,1435853414,22701,0,0,98993635,0,0,0,0,0,0,0,0,0,0,0,0,0,0,0,0,0,0,0,14582,0,0,0,0,0,0,0,0,0,0,0,0,0,0,0,0,0,0,0,0,0,0,0,0,45708,4050,22696,18646,18646,0,0,3322,0,0,19,0,0,0,0,0,0,0,1,0,1,0,0,0,0,0,0,0,0,0,0,0,0,0,0,0,0,0,0,0,0,714,24,0
1774383721.001155,1155,ubuntu-rog,1,0,0,8481381,0,2878271,3930465,497827,0,23,0,0,0,0,0,1552043800,0,0,4907,1553194436,0,0,2878271,3930465,497827,0,244555,144088,0,0,0,0,0,0,0,0,0,0,2872040,102668,4434691,23,0,0,6367,0,0,0,0,0,0,0,36650523,34035883,0,0,89763,89763,15264,16461,0,0,0,0,0,0,0,0,0,2558107,1277491,0,262144,6535356,169700673,0,0,1026,1025,1570814478,0,0,0,0,0,0,0,0,0,0,0,0,1579318364,0,13999,1857070,1435853414,22701,0,0,98993635,0,0,0,0,0,0,0,0,0,0,0,0,0,0,0,0,0,0,0,14582,0,0,0,0,0,0,0,0,0,0,0,0,0,0,0,0,0,0,0,0,0,0,0,0,45708,4050,22696,18646,18646,0,0,3322,0,0,19,0,0,0,0,0,0,0,1,0,1,0,0,0,0,0,0,0,0,0,0,0,0,0,0,0,0,0,0,0,0,714,24,0
1774383722.002157,2157,ubuntu-rog,1,0,0,8481381,0,2878274,3930465,497827,0,25,0,0,0,0,0,1552043832,0,0,4907,1553194468,0,0,2878274,3930465,497827,0,244555,144088,0,0,0,0,0,0,0,0,0,0,2872040,102668,4434693,25,0,0,6367,0,0,0,0,0,0,0,36650526,34035884,0,0,89763,89763,15264,16461,0,0,0,0,0,0,0,0,0,2558107,1277491,0,262144,6535356,169700697,0,0,1026,1025,1570814510,0,0,0,0,0,0,0,0,0,0,0,0,1579318398,0,13999,1857070,1435853415,22701,0,0,98993636,0,0,0,0,0,0,0,0,0,0,0,0,0,0,0,0,0,0,0,14582,0,0,0,0,0,0,0,0,0,0,0,0,0,0,0,0,0,0,0,0,0,0,0,0,45708,4050,22696,18646,18646,0,0,3322,0,0,19,0,0,0,0,0,0,0,1,0,1,0,0,0,0,0,0,0,0,0,0,0,0,0,0,0,0,0,0,0,0,714,24,0
1774383723.001262,1262,ubuntu-rog,1,0,0,8481381,0,2878274,3930465,497827,0,26,0,0,0,0,0,1552043863,0,0,4907,1553194499,0,0,2878274,3930465,497827,0,244555,144088,0,0,0,0,0,0,0,0,0,0,2872040,102668,4434694,26,0,0,6367,0,0,0,0,0,0,0,36650527,34035884,0,0,89763,89763,15264,16461,0,0,0,0,0,0,0,0,0,2558107,1277491,0,262144,6535356,169700697,0,0,1026,1025,1570814541,0,0,0,0,0,0,0,0,0,0,0,0,1579318428,0,13999,1857070,1435853415,22701,0,0,98993636,0,0,0,0,0,0,0,0,0,0,0,0,0,0,0,0,0,0,0,14582,0,0,0,0,0,0,0,0,0,0,0,0,0,0,0,0,0,0,0,0,0,0,0,0,45708,4050,22696,18646,18646,0,0,3322,0,0,19,0,0,0,0,0,0,0,1,0,1,0,0,0,0,0,0,0,0,0,0,0,0,0,0,0,0,0,0,0,0,714,24,0
1774383724.001299,1299,ubuntu-rog,1,0,0,8481381,0,2878286,3930465,497827,0,17,0,0,0,0,0,1552043893,0,0,4907,1553194529,0,0,2878286,3930465,497827,0,244555,144088,0,0,0,0,0,0,0,0,0,0,2872040,102668,4434694,17,0,0,6367,0,0,0,0,0,0,0,36650527,34035893,0,0,89763,89763,15264,16461,0,0,0,0,0,0,0,0,0,2558107,1277491,0,262144,6535356,169700725,0,0,1026,1025,1570814571,0,0,0,0,0,0,0,0,0,0,0,0,1579318458,0,13999,1857070,1435853415,22701,0,0,98993636,0,0,0,0,0,0,0,0,0,0,0,0,0,0,0,0,0,0,0,14582,0,0,0,0,0,0,0,0,0,0,0,0,0,0,0,0,0,0,0,0,0,0,0,0,45708,4050,22696,18646,18646,0,0,3322,0,0,19,0,0,0,0,0,0,0,1,0,1,0,0,0,0,0,0,0,0,0,0,0,0,0,0,0,0,0,0,0,0,714,24,0
1774383725.001284,1284,ubuntu-rog,1,0,0,8481381,0,2878286,3930465,497827,0,17,0,0,0,0,0,1552043915,0,0,4907,1553194551,0,0,2878286,3930465,497827,0,244555,144088,0,0,0,0,0,0,0,0,0,0,2872040,102668,4434694,17,0,0,6367,0,0,0,0,0,0,0,36650527,34035893,0,0,89763,89763,15264,16461,0,0,0,0,0,0,0,0,0,2558107,1277491,0,262144,6535356,169700725,0,0,1026,1025,1570814593,0,0,0,0,0,0,0,0,0,0,0,0,1579318480,0,13999,1857070,1435853415,22701,0,0,98993636,0,0,0,0,0,0,0,0,0,0,0,0,0,0,0,0,0,0,0,14582,0,0,0,0,0,0,0,0,0,0,0,0,0,0,0,0,0,0,0,0,0,0,0,0,45708,4050,22696,18646,18646,0,0,3322,0,0,19,0,0,0,0,0,0,0,1,0,1,0,0,0,0,0,0,0,0,0,0,0,0,0,0,0,0,0,0,0,0,714,24,0
1774383726.002147,2147,ubuntu-rog,1,0,0,8481381,0,2878286,3930465,497827,0,18,0,0,0,0,0,1552043943,0,0,4907,1553194579,0,0,2878286,3930465,497827,0,244555,144088,0,0,0,0,0,0,0,0,0,0,2872040,102668,4434695,18,0,0,6367,0,0,0,0,0,0,0,36650528,34035893,0,0,89763,89763,15264,16461,0,0,0,0,0,0,0,0,0,2558107,1277491,0,262144,6535356,169700725,0,0,1026,1025,1570814621,0,0,0,0,0,0,0,0,0,0,0,0,1579318507,0,13999,1857070,1435853415,22701,0,0,98993636,0,0,0,0,0,0,0,0,0,0,0,0,0,0,0,0,0,0,0,14582,0,0,0,0,0,0,0,0,0,0,0,0,0,0,0,0,0,0,0,0,0,0,0,0,45708,4050,22696,18646,18646,0,0,3322,0,0,19,0,0,0,0,0,0,0,1,0,1,0,0,0,0,0,0,0,0,0,0,0,0,0,0,0,0,0,0,0,0,714,24,0
1774383727.001158,1158,ubuntu-rog,1,0,0,8481381,0,2878286,3930465,497827,0,18,0,0,0,0,0,1552043971,0,0,4907,1553194607,0,0,2878286,3930465,497827,0,244555,144088,0,0,0,0,0,0,0,0,0,0,2872040,102668,4434695,18,0,0,6367,0,0,0,0,0,0,0,36650528,34035893,0,0,89763,89763,15264,16461,0,0,0,0,0,0,0,0,0,2558107,1277491,0,262144,6535356,169700725,0,0,1026,1025,1570814649,0,0,0,0,0,0,0,0,0,0,0,0,1579318535,0,13999,1857070,1435853415,22701,0,0,98993636,0,0,0,0,0,0,0,0,0,0,0,0,0,0,0,0,0,0,0,14582,0,0,0,0,0,0,0,0,0,0,0,0,0,0,0,0,0,0,0,0,0,0,0,0,45708,4050,22696,18646,18646,0,0,3322,0,0,19,0,0,0,0,0,0,0,1,0,1,0,0,0,0,0,0,0,0,0,0,0,0,0,0,0,0,0,0,0,0,714,24,0
1774383728.001257,1257,ubuntu-rog,1,0,0,8481381,0,2878286,3930465,497827,0,20,0,0,0,0,0,1552043995,0,0,4907,1553194631,0,0,2878286,3930465,497827,0,244555,144088,0,0,0,0,0,0,0,0,0,0,2872040,102668,4434697,20,0,0,6367,0,0,0,0,0,0,0,36650530,34035893,0,0,89763,89763,15264,16461,0,0,0,0,0,0,0,0,0,2558107,1277491,0,262144,6535356,169700741,0,0,1026,1025,1570814673,0,0,0,0,0,0,0,0,0,0,0,0,1579318557,0,13999,1857070,1435853415,22701,0,0,98993636,0,0,0,0,0,0,0,0,0,0,0,0,0,0,0,0,0,0,0,14582,0,0,0,0,0,0,0,0,0,0,0,0,0,0,0,0,0,0,0,0,0,0,0,0,45708,4050,22696,18646,18646,0,0,3322,0,0,19,0,0,0,0,0,0,0,1,0,1,0,0,0,0,0,0,0,0,0,0,0,0,0,0,0,0,0,0,0,0,714,24,0
1774383729.001296,1296,ubuntu-rog,1,0,0,8481381,0,2878286,3930465,497827,0,22,0,0,0,0,0,1552044029,0,0,4907,1553194665,0,0,2878286,3930465,497827,0,244555,144088,0,0,0,0,0,0,0,0,0,0,2872040,102668,4434699,22,0,0,6367,0,0,0,0,0,0,0,36650532,34035893,0,0,89763,89763,15264,16461,0,0,0,0,0,0,0,0,0,2558107,1277491,0,262144,6535356,169700741,0,0,1026,1025,1570814707,0,0,0,0,0,0,0,0,0,0,0,0,1579318589,0,13999,1857070,1435853415,22701,0,0,98993636,0,0,0,0,0,0,0,0,0,0,0,0,0,0,0,0,0,0,0,14582,0,0,0,0,0,0,0,0,0,0,0,0,0,0,0,0,0,0,0,0,0,0,0,0,45708,4050,22696,18646,18646,0,0,3322,0,0,19,0,0,0,0,0,0,0,1,0,1,0,0,0,0,0,0,0,0,0,0,0,0,0,0,0,0,0,0,0,0,714,24,0
1774383730.002292,2292,ubuntu-rog,1,0,0,8481381,0,2878286,3930465,497827,0,22,0,0,0,0,0,1552044060,0,0,4907,1553194696,0,0,2878286,3930465,497827,0,244555,144088,0,0,0,0,0,0,0,0,0,0,2872040,102668,4434699,22,0,0,6367,0,0,0,0,0,0,0,36650532,34035893,0,0,89763,89763,15264,16461,0,0,0,0,0,0,0,0,0,2558107,1277491,0,262144,6535356,169700741,0,0,1026,1025,1570814738,0,0,0,0,0,0,0,0,0,0,0,0,1579318620,0,13999,1857070,1435853415,22701,0,0,98993636,0,0,0,0,0,0,0,0,0,0,0,0,0,0,0,0,0,0,0,14582,0,0,0,0,0,0,0,0,0,0,0,0,0,0,0,0,0,0,0,0,0,0,0,0,45708,4050,22696,18646,18646,0,0,3322,0,0,19,0,0,0,0,0,0,0,1,0,1,0,0,0,0,0,0,0,0,0,0,0,0,0,0,0,0,0,0,0,0,714,24,0
1774383731.001157,1157,ubuntu-rog,1,0,0,8481444,0,2878250,3930465,497827,0,22,0,0,0,0,0,1552044086,0,0,4907,1553194722,0,0,2878250,3930465,497827,0,244555,144088,0,0,0,0,0,0,0,0,0,0,2871997,102668,4434699,22,0,0,6367,0,0,0,0,0,0,0,36650532,34035893,0,0,89763,89763,15264,16461,0,0,0,0,0,0,0,0,0,2558119,1277498,0,262144,6535356,169700741,0,0,1026,1025,1570814764,0,0,0,0,0,0,0,0,0,0,0,0,1579318682,0,13999,1857070,1435853415,22701,0,0,98993636,0,0,0,0,0,0,0,0,0,0,0,0,0,0,0,0,0,0,0,14582,0,0,0,0,0,0,0,0,0,0,0,0,0,0,0,0,0,0,0,0,0,0,0,0,45708,4050,22696,18646,18646,0,0,3322,0,0,19,0,0,0,0,0,0,0,1,0,1,0,0,0,0,0,0,0,0,0,0,0,0,0,0,0,0,0,0,0,0,714,24,0
1774383732.001118,1118,ubuntu-rog,1,0,0,8481509,0,2878250,3930465,497827,0,23,0,0,0,0,0,1552044115,0,0,4907,1553194751,0,0,2878250,3930465,497827,0,244555,144088,0,0,0,0,0,0,0,0,0,0,2871997,102668,4434700,23,0,0,6367,0,0,0,0,0,0,0,36650533,34035893,0,0,89763,89763,15264,16461,0,0,0,0,0,0,0,0,0,2558132,1277504,0,262144,6535356,169700741,0,0,1026,1025,1570814793,0,0,0,0,0,0,0,0,0,0,0,0,1579318710,0,13999,1857070,1435853415,22701,0,0,98993636,0,0,0,0,0,0,0,0,0,0,0,0,0,0,0,0,0,0,0,14582,0,0,0,0,0,0,0,0,0,0,0,0,0,0,0,0,0,0,0,0,0,0,0,0,45708,4050,22696,18646,18646,0,0,3322,0,0,19,0,0,0,0,0,0,0,1,0,1,0,0,0,0,0,0,0,0,0,0,0,0,0,0,0,0,0,0,0,0,714,24,0
1774383733.002268,2268,ubuntu-rog,1,0,0,8481509,0,2878250,3930465,497827,0,14,0,0,0,0,0,1552044145,0,0,4907,1553194781,0,0,2878250,3930465,497827,0,244555,144088,0,0,0,0,0,0,0,0,0,0,2871997,102668,4434701,14,0,0,6367,0,0,0,0,0,0,0,36650535,34035904,0,0,89763,89763,15264,16461,0,0,0,0,0,0,0,0,0,2558132,1277504,0,262144,6535356,169700785,0,0,1026,1025,1570814823,0,0,0,0,0,0,0,0,0,0,0,0,1579318739,0,13999,1857070,1435853415,22701,0,0,98993636,0,0,0,0,0,0,0,0,0,0,0,0,0,0,0,0,0,0,0,14582,0,0,0,0,0,0,0,0,0,0,0,0,0,0,0,0,0,0,0,0,0,0,0,0,45708,4050,22696,18646,18646,0,0,3322,0,0,19,0,0,0,0,0,0,0,1,0,1,0,0,0,0,0,0,0,0,0,0,0,0,0,0,0,0,0,0,0,0,714,24,0
1774383734.001299,1299,ubuntu-rog,1,0,0,8481509,0,2878250,3930465,497827,0,17,0,0,0,0,0,1552044168,0,0,4907,1553194804,0,0,2878250,3930465,497827,0,244555,144088,0,0,0,0,0,0,0,0,0,0,2871997,102668,4434702,17,0,0,6367,0,0,0,0,0,0,0,36650538,34035904,0,0,89763,89763,15264,16461,0,0,0,0,0,0,0,0,0,2558132,1277504,0,262144,6535356,169700813,0,0,1026,1025,1570814846,0,0,0,0,0,0,0,0,0,0,0,0,1579318761,0,13999,1857070,1435853415,22701,0,0,98993636,0,0,0,0,0,0,0,0,0,0,0,0,0,0,0,0,0,0,0,14582,0,0,0,0,0,0,0,0,0,0,0,0,0,0,0,0,0,0,0,0,0,0,0,0,45708,4050,22696,18646,18646,0,0,3322,0,0,19,0,0,0,0,0,0,0,1,0,1,0,0,0,0,0,0,0,0,0,0,0,0,0,0,0,0,0,0,0,0,714,24,0
1774383735.001297,1297,ubuntu-rog,1,0,0,8481509,0,2878250,3930465,497827,0,18,0,0,0,0,0,1552044197,0,0,4907,1553194833,0,0,2878250,3930465,497827,0,244555,144088,0,0,0,0,0,0,0,0,0,0,2871997,102668,4434703,18,0,0,6367,0,0,0,0,0,0,0,36650539,34035904,0,0,89763,89763,15264,16461,0,0,0,0,0,0,0,0,0,2558132,1277504,0,262144,6535356,169700813,0,0,1026,1025,1570814875,0,0,0,0,0,0,0,0,0,0,0,0,1579318789,0,13999,1857070,1435853415,22701,0,0,98993636,0,0,0,0,0,0,0,0,0,0,0,0,0,0,0,0,0,0,0,14582,0,0,0,0,0,0,0,0,0,0,0,0,0,0,0,0,0,0,0,0,0,0,0,0,45708,4050,22696,18646,18646,0,0,3322,0,0,19,0,0,0,0,0,0,0,1,0,1,0,0,0,0,0,0,0,0,0,0,0,0,0,0,0,0,0,0,0,0,714,24,0
1774383736.001154,1154,ubuntu-rog,1,0,0,8481509,0,2878250,3930465,497827,0,19,0,0,0,0,0,1552044229,0,0,4907,1553194865,0,0,2878250,3930465,497827,0,244555,144084,0,0,0,0,0,0,0,0,0,0,2871997,102668,4434704,19,0,0,6367,0,0,0,0,0,0,0,36650540,34035904,0,0,89763,89763,15264,16461,0,0,0,0,0,0,0,0,0,2558132,1277504,0,262144,6535356,169700813,0,0,1026,1025,1570814907,0,0,0,0,0,0,0,0,0,0,0,0,1579318824,0,13999,1857070,1435853415,22701,0,0,98993636,0,0,0,0,0,0,0,0,0,0,0,0,0,0,0,0,0,0,0,14582,0,0,0,0,0,0,0,0,0,0,0,0,0,0,0,0,0,0,0,0,0,0,0,0,45708,4050,22696,18646,18646,0,0,3322,0,0,19,0,0,0,0,0,0,0,1,0,1,0,0,0,0,0,0,0,0,0,0,0,0,0,0,0,0,0,0,0,0,714,24,0
1774383737.002152,2152,ubuntu-rog,1,0,0,8481509,0,2878250,3930465,497827,0,19,0,0,0,0,0,1552044258,0,0,4907,1553194894,0,0,2878250,3930465,497827,0,244555,144084,0,0,0,0,0,0,0,0,0,0,2871997,102668,4434704,19,0,0,6367,0,0,0,0,0,0,0,36650540,34035904,0,0,89763,89763,15264,16461,0,0,0,0,0,0,0,0,0,2558132,1277504,0,262144,6535356,169700813,0,0,1026,1025,1570814936,0,0,0,0,0,0,0,0,0,0,0,0,1579318853,0,13999,1857070,1435853415,22701,0,0,98993636,0,0,0,0,0,0,0,0,0,0,0,0,0,0,0,0,0,0,0,14582,0,0,0,0,0,0,0,0,0,0,0,0,0,0,0,0,0,0,0,0,0,0,0,0,45708,4050,22696,18646,18646,0,0,3322,0,0,19,0,0,0,0,0,0,0,1,0,1,0,0,0,0,0,0,0,0,0,0,0,0,0,0,0,0,0,0,0,0,714,24,0
1774383738.001255,1255,ubuntu-rog,1,0,0,8481509,0,2878251,3930467,497827,0,8,0,0,0,0,0,1552044287,0,0,4907,1553194923,0,0,2878251,3930467,497827,0,244555,144084,0,0,0,0,0,0,0,0,0,0,2871997,102668,4434704,8,0,0,6367,0,0,0,0,0,0,0,36650540,34035915,0,0,89763,89763,15264,16461,0,0,0,0,0,0,0,0,0,2558133,1277504,0,262144,6535356,169700857,0,0,1026,1025,1570814965,0,0,0,0,0,0,0,0,0,0,0,0,1579318890,0,13999,1857070,1435853415,22701,0,0,98993636,0,0,0,0,0,0,0,0,0,0,0,0,0,0,0,0,0,0,0,14582,0,0,0,0,0,0,0,0,0,0,0,0,0,0,0,0,0,0,0,0,0,0,0,0,45708,4050,22696,18646,18646,0,0,3322,0,0,19,0,0,0,0,0,0,0,1,0,1,0,0,0,0,0,0,0,0,0,0,0,0,0,0,0,0,0,0,0,0,714,24,0
1774383739.001495,1495,ubuntu-rog,1,0,0,8481509,0,2878251,3930467,497827,0,10,0,0,0,0,0,1552044312,0,0,4907,1553194948,0,0,2878251,3930467,497827,0,244555,144084,0,0,0,0,0,0,0,0,0,0,2871997,102668,4434706,10,0,0,6367,0,0,0,0,0,0,0,36650542,34035915,0,0,89763,89763,15264,16461,0,0,0,0,0,0,0,0,0,2558133,1277504,0,262144,6535356,169700889,0,0,1026,1025,1570814990,0,0,0,0,0,0,0,0,0,0,0,0,1579318913,0,13999,1857070,1435853415,22701,0,0,98993636,0,0,0,0,0,0,0,0,0,0,0,0,0,0,0,0,0,0,0,14582,0,0,0,0,0,0,0,0,0,0,0,0,0,0,0,0,0,0,0,0,0,0,0,0,45708,4050,22696,18646,18646,0,0,3322,0,0,19,0,0,0,0,0,0,0,1,0,1,0,0,0,0,0,0,0,0,0,0,0,0,0,0,0,0,0,0,0,0,714,24,0
1774383740.002308,2308,ubuntu-rog,1,0,0,8481509,0,2878251,3930467,497827,0,11,0,0,0,0,0,1552044344,0,0,4907,1553194980,0,0,2878251,3930467,497827,0,244555,144084,0,0,0,0,0,0,0,0,0,0,2871997,102668,4434707,11,0,0,6367,0,0,0,0,0,0,0,36650543,34035915,0,0,89763,89763,15264,16461,0,0,0,0,0,0,0,0,0,2558133,1277504,0,262144,6535356,169700889,0,0,1026,1025,1570815022,0,0,0,0,0,0,0,0,0,0,0,0,1579318944,0,13999,1857070,1435853415,22701,0,0,98993636,0,0,0,0,0,0,0,0,0,0,0,0,0,0,0,0,0,0,0,14582,0,0,0,0,0,0,0,0,0,0,0,0,0,0,0,0,0,0,0,0,0,0,0,0,45708,4050,22696,18646,18646,0,0,3322,0,0,19,0,0,0,0,0,0,0,1,0,1,0,0,0,0,0,0,0,0,0,0,0,0,0,0,0,0,0,0,0,0,714,24,0
1774383741.001156,1156,ubuntu-rog,1,0,0,8481509,0,2878251,3930467,497827,0,11,0,0,0,0,0,1552044374,0,0,4907,1553195010,0,0,2878251,3930467,497827,0,244555,144084,0,0,0,0,0,0,0,0,0,0,2871997,102668,4434707,11,0,0,6367,0,0,0,0,0,0,0,36650543,34035915,0,0,89763,89763,15264,16461,0,0,0,0,0,0,0,0,0,2558133,1277504,0,262144,6535356,169700889,0,0,1026,1025,1570815052,0,0,0,0,0,0,0,0,0,0,0,0,1579318974,0,13999,1857070,1435853415,22701,0,0,98993636,0,0,0,0,0,0,0,0,0,0,0,0,0,0,0,0,0,0,0,14582,0,0,0,0,0,0,0,0,0,0,0,0,0,0,0,0,0,0,0,0,0,0,0,0,45708,4050,22696,18646,18646,0,0,3322,0,0,19,0,0,0,0,0,0,0,1,0,1,0,0,0,0,0,0,0,0,0,0,0,0,0,0,0,0,0,0,0,0,714,24,0
1774383742.001156,1156,ubuntu-rog,1,0,0,8481509,0,2878251,3930467,497827,0,13,0,0,0,0,0,1552044398,0,0,4907,1553195034,0,0,2878251,3930467,497827,0,244555,144084,0,0,0,0,0,0,0,0,0,0,2871997,102668,4434708,13,0,0,6367,0,0,0,0,0,0,0,36650545,34035915,0,0,89763,89763,15264,16461,0,0,0,0,0,0,0,0,0,2558133,1277504,0,262144,6535356,169700889,0,0,1026,1025,1570815076,0,0,0,0,0,0,0,0,0,0,0,0,1579318997,0,13999,1857070,1435853415,22701,0,0,98993636,0,0,0,0,0,0,0,0,0,0,0,0,0,0,0,0,0,0,0,14582,0,0,0,0,0,0,0,0,0,0,0,0,0,0,0,0,0,0,0,0,0,0,0,0,45708,4050,22696,18646,18646,0,0,3322,0,0,19,0,0,0,0,0,0,0,1,0,1,0,0,0,0,0,0,0,0,0,0,0,0,0,0,0,0,0,0,0,0,714,24,0
1774383743.001259,1259,ubuntu-rog,1,0,0,8481509,0,2878251,3930467,497827,0,14,0,0,0,0,0,1552044429,0,0,4907,1553195065,0,0,2878251,3930467,497827,0,244555,144084,0,0,0,0,0,0,0,0,0,0,2871997,102668,4434709,14,0,0,6367,0,0,0,0,0,0,0,36650546,34035915,0,0,89763,89763,15264,16461,0,0,0,0,0,0,0,0,0,2558133,1277504,0,262144,6535356,169700889,0,0,1026,1025,1570815107,0,0,0,0,0,0,0,0,0,0,0,0,1579319027,0,13999,1857070,1435853415,22701,0,0,98993636,0,0,0,0,0,0,0,0,0,0,0,0,0,0,0,0,0,0,0,14582,0,0,0,0,0,0,0,0,0,0,0,0,0,0,0,0,0,0,0,0,0,0,0,0,45708,4050,22696,18646,18646,0,0,3322,0,0,19,0,0,0,0,0,0,0,1,0,1,0,0,0,0,0,0,0,0,0,0,0,0,0,0,0,0,0,0,0,0,714,24,0
1774383744.002290,2290,ubuntu-rog,1,0,0,8481509,0,2878251,3930467,497827,0,16,0,0,0,0,0,1552044459,0,0,4907,1553195095,0,0,2878251,3930467,497827,0,244555,144084,0,0,0,0,0,0,0,0,0,0,2871997,102668,4434710,16,0,0,6367,0,0,0,0,0,0,0,36650548,34035915,0,0,89763,89763,15264,16461,0,0,0,0,0,0,0,0,0,2558133,1277504,0,262144,6535356,169700889,0,0,1026,1025,1570815137,0,0,0,0,0,0,0,0,0,0,0,0,1579319056,0,13999,1857070,1435853415,22701,0,0,98993636,0,0,0,0,0,0,0,0,0,0,0,0,0,0,0,0,0,0,0,14582,0,0,0,0,0,0,0,0,0,0,0,0,0,0,0,0,0,0,0,0,0,0,0,0,45708,4050,22696,18646,18646,0,0,3322,0,0,19,0,0,0,0,0,0,0,1,0,1,0,0,0,0,0,0,0,0,0,0,0,0,0,0,0,0,0,0,0,0,714,24,0
1774383745.001292,1292,ubuntu-rog,1,0,0,8481509,0,2878251,3930467,497827,0,16,0,0,0,0,0,1552044481,0,0,4907,1553195117,0,0,2878251,3930467,497827,0,244555,144084,0,0,0,0,0,0,0,0,0,0,2871997,102668,4434711,16,0,0,6367,0,0,0,0,0,0,0,36650548,34035915,0,0,89763,89763,15264,16461,0,0,0,0,0,0,0,0,0,2558133,1277504,0,262144,6535356,169700905,0,0,1026,1025,1570815159,0,0,0,0,0,0,0,0,0,0,0,0,1579319077,0,13999,1857070,1435853417,22701,0,0,98993638,0,0,0,0,0,0,0,0,0,0,0,0,0,0,0,0,0,0,0,14582,0,0,0,0,0,0,0,0,0,0,0,0,0,0,0,0,0,0,0,0,0,0,0,0,45708,4050,22696,18646,18646,0,0,3322,0,0,19,0,0,0,0,0,0,0,1,0,1,0,0,0,0,0,0,0,0,0,0,0,0,0,0,0,0,0,0,0,0,714,24,0
1774383746.001182,1182,ubuntu-rog,1,0,0,8481509,0,2878251,3930467,497827,0,16,0,0,0,0,0,1552044510,0,0,4907,1553195146,0,0,2878251,3930467,497827,0,244555,144084,0,0,0,0,0,0,0,0,0,0,2871997,102668,4434711,16,0,0,6367,0,0,0,0,0,0,0,36650548,34035915,0,0,89763,89763,15264,16461,0,0,0,0,0,0,0,0,0,2558133,1277504,0,262144,6535356,169700905,0,0,1026,1025,1570815188,0,0,0,0,0,0,0,0,0,0,0,0,1579319106,0,13999,1857070,1435853417,22701,0,0,98993638,0,0,0,0,0,0,0,0,0,0,0,0,0,0,0,0,0,0,0,14582,0,0,0,0,0,0,0,0,0,0,0,0,0,0,0,0,0,0,0,0,0,0,0,0,45708,4050,22696,18646,18646,0,0,3322,0,0,19,0,0,0,0,0,0,0,1,0,1,0,0,0,0,0,0,0,0,0,0,0,0,0,0,0,0,0,0,0,0,714,24,0
1774383747.001166,1166,ubuntu-rog,1,0,0,8481509,0,2878251,3930467,497827,0,17,0,0,0,0,0,1552044542,0,0,4907,1553195178,0,0,2878251,3930467,497827,0,244555,144084,0,0,0,0,0,0,0,0,0,0,2871997,102668,4434712,17,0,0,6367,0,0,0,0,0,0,0,36650549,34035915,0,0,89763,89763,15264,16461,0,0,0,0,0,0,0,0,0,2558133,1277504,0,262144,6535356,169700905,0,0,1026,1025,1570815220,0,0,0,0,0,0,0,0,0,0,0,0,1579319137,0,13999,1857070,1435853417,22701,0,0,98993638,0,0,0,0,0,0,0,0,0,0,0,0,0,0,0,0,0,0,0,14582,0,0,0,0,0,0,0,0,0,0,0,0,0,0,0,0,0,0,0,0,0,0,0,0,45708,4050,22696,18646,18646,0,0,3322,0,0,19,0,0,0,0,0,0,0,1,0,1,0,0,0,0,0,0,0,0,0,0,0,0,0,0,0,0,0,0,0,0,714,24,0
1774383748.005257,5257,ubuntu-rog,1,0,0,8481509,0,2878251,3930467,497827,0,18,0,0,0,0,0,1552044570,0,0,4907,1553195206,0,0,2878251,3930467,497827,0,244555,144084,0,0,0,0,0,0,0,0,0,0,2871997,102668,4434713,18,0,0,6367,0,0,0,0,0,0,0,36650550,34035915,0,0,89763,89763,15264,16461,0,0,0,0,0,0,0,0,0,2558133,1277504,0,262144,6535356,169700905,0,0,1026,1025,1570815248,0,0,0,0,0,0,0,0,0,0,0,0,1579319164,0,13999,1857070,1435853417,22701,0,0,98993638,0,0,0,0,0,0,0,0,0,0,0,0,0,0,0,0,0,0,0,14582,0,0,0,0,0,0,0,0,0,0,0,0,0,0,0,0,0,0,0,0,0,0,0,0,45708,4050,22696,18646,18646,0,0,3322,0,0,19,0,0,0,0,0,0,0,1,0,1,0,0,0,0,0,0,0,0,0,0,0,0,0,0,0,0,0,0,0,0,714,24,0
1774383749.001297,1297,ubuntu-rog,1,0,0,8481509,0,2878251,3930467,497827,0,18,0,0,0,0,0,1552044598,0,0,4907,1553195234,0,0,2878251,3930467,497827,0,244555,144084,0,0,0,0,0,0,0,0,0,0,2871997,102668,4434713,18,0,0,6367,0,0,0,0,0,0,0,36650550,34035915,0,0,89763,89763,15264,16461,0,0,0,0,0,0,0,0,0,2558133,1277504,0,262144,6535356,169700905,0,0,1026,1025,1570815276,0,0,0,0,0,0,0,0,0,0,0,0,1579319192,0,13999,1857070,1435853417,22701,0,0,98993638,0,0,0,0,0,0,0,0,0,0,0,0,0,0,0,0,0,0,0,14582,0,0,0,0,0,0,0,0,0,0,0,0,0,0,0,0,0,0,0,0,0,0,0,0,45708,4050,22696,18646,18646,0,0,3322,0,0,19,0,0,0,0,0,0,0,1,0,1,0,0,0,0,0,0,0,0,0,0,0,0,0,0,0,0,0,0,0,0,714,24,0
1774383750.001295,1295,ubuntu-rog,1,0,0,8481509,0,2878251,3930467,497827,0,19,0,0,0,0,0,1552044631,0,0,4907,1553195267,0,0,2878251,3930467,497827,0,244555,144084,0,0,0,0,0,0,0,0,0,0,2871997,102668,4434714,19,0,0,6367,0,0,0,0,0,0,0,36650551,34035915,0,0,89763,89763,15264,16461,0,0,0,0,0,0,0,0,0,2558133,1277504,0,262144,6535356,169700905,0,0,1026,1025,1570815309,0,0,0,0,0,0,0,0,0,0,0,0,1579319224,0,13999,1857070,1435853417,22701,0,0,98993638,0,0,0,0,0,0,0,0,0,0,0,0,0,0,0,0,0,0,0,14582,0,0,0,0,0,0,0,0,0,0,0,0,0,0,0,0,0,0,0,0,0,0,0,0,45708,4050,22696,18646,18646,0,0,3322,0,0,19,0,0,0,0,0,0,0,1,0,1,0,0,0,0,0,0,0,0,0,0,0,0,0,0,0,0,0,0,0,0,714,24,0
1774383751.001154,1154,ubuntu-rog,1,0,0,8481509,0,2878251,3930467,497827,0,19,0,0,0,0,0,1552044659,0,0,4907,1553195295,0,0,2878251,3930467,497827,0,244555,144084,0,0,0,0,0,0,0,0,0,0,2871997,102668,4434716,19,0,0,6367,0,0,0,0,0,0,0,36650551,34035915,0,0,89763,89763,15264,16461,0,0,0,0,0,0,0,0,0,2558133,1277504,0,262144,6535356,169700921,0,0,1026,1025,1570815337,0,0,0,0,0,0,0,0,0,0,0,0,1579319250,0,13999,1857070,1435853417,22701,0,0,98993638,0,0,0,0,0,0,0,0,0,0,0,0,0,0,0,0,0,0,0,14582,0,0,0,0,0,0,0,0,0,0,0,0,0,0,0,0,0,0,0,0,0,0,0,0,45708,4050,22696,18646,18646,0,0,3322,0,0,19,0,0,0,0,0,0,0,1,0,1,0,0,0,0,0,0,0,0,0,0,0,0,0,0,0,0,0,0,0,0,714,24,0
1774383752.001163,1163,ubuntu-rog,1,0,0,8481509,0,2878251,3930467,497827,0,19,0,0,0,0,0,1552044693,0,0,4907,1553195329,0,0,2878251,3930467,497827,0,244555,144084,0,0,0,0,0,0,0,0,0,0,2871997,102668,4434716,19,0,0,6367,0,0,0,0,0,0,0,36650551,34035915,0,0,89763,89763,15264,16461,0,0,0,0,0,0,0,0,0,2558133,1277504,0,262144,6535356,169700921,0,0,1026,1025,1570815371,0,0,0,0,0,0,0,0,0,0,0,0,1579319284,0,13999,1857070,1435853417,22701,0,0,98993638,0,0,0,0,0,0,0,0,0,0,0,0,0,0,0,0,0,0,0,14582,0,0,0,0,0,0,0,0,0,0,0,0,0,0,0,0,0,0,0,0,0,0,0,0,45708,4050,22696,18646,18646,0,0,3322,0,0,19,0,0,0,0,0,0,0,1,0,1,0,0,0,0,0,0,0,0,0,0,0,0,0,0,0,0,0,0,0,0,714,24,0
1774383753.001271,1271,ubuntu-rog,1,0,0,8482326,0,2876736,3930488,497827,0,35,0,0,0,0,0,1552044861,0,0,4907,1553195497,0,0,2876736,3930488,497827,0,244555,144084,0,0,0,0,0,0,0,0,0,0,2870476,102661,4434712,35,0,0,6367,0,0,0,0,0,0,0,36650568,34035916,0,0,89763,89763,15056,16375,0,0,0,0,0,0,0,0,0,2558300,1277588,0,262144,6535356,169700997,0,0,1026,1025,1570815553,0,0,0,0,0,0,0,0,0,0,0,0,1579321135,0,13999,1857070,1435853652,22701,0,0,98993749,0,0,0,0,0,0,0,0,0,0,0,0,0,0,0,0,0,0,0,14582,0,0,0,0,0,0,0,0,0,0,0,0,0,0,0,0,0,0,0,0,0,0,0,0,45708,4050,22696,18646,18646,0,0,3322,0,0,19,0,0,0,0,0,0,0,1,0,1,0,0,0,0,0,0,0,0,0,0,0,0,0,0,0,0,0,0,0,0,714,24,0
1774383754.001295,1295,ubuntu-rog,1,0,0,8482326,0,2876736,3930488,497827,0,37,0,0,0,0,0,1552044923,0,0,4907,1553195559,0,0,2876736,3930488,497827,0,244555,144084,0,0,0,0,0,0,0,0,0,0,2870476,102661,4434714,37,0,0,6367,0,0,0,0,0,0,0,36650570,34035916,0,0,89763,89763,15056,16375,0,0,0,0,0,0,0,0,0,2558300,1277588,0,262144,6535356,169700997,0,0,1026,1025,1570815615,0,0,0,0,0,0,0,0,0,0,0,0,1579321195,0,13999,1857070,1435853652,22701,0,0,98993749,0,0,0,0,0,0,0,0,0,0,0,0,0,0,0,0,0,0,0,14582,0,0,0,0,0,0,0,0,0,0,0,0,0,0,0,0,0,0,0,0,0,0,0,0,45708,4050,22696,18646,18646,0,0,3322,0,0,19,0,0,0,0,0,0,0,1,0,1,0,0,0,0,0,0,0,0,0,0,0,0,0,0,0,0,0,0,0,0,714,24,0
1774383755.001295,1295,ubuntu-rog,1,0,0,8482326,0,2876736,3930488,497827,0,37,0,0,0,0,0,1552044970,0,0,4907,1553195606,0,0,2876736,3930488,497827,0,244555,144084,0,0,0,0,0,0,0,0,0,0,2870476,102661,4434714,37,0,0,6367,0,0,0,0,0,0,0,36650570,34035916,0,0,89763,89763,15056,16375,0,0,0,0,0,0,0,0,0,2558300,1277588,0,262144,6535356,169700997,0,0,1026,1025,1570815662,0,0,0,0,0,0,0,0,0,0,0,0,1579321242,0,13999,1857070,1435853652,22701,0,0,98993749,0,0,0,0,0,0,0,0,0,0,0,0,0,0,0,0,0,0,0,14582,0,0,0,0,0,0,0,0,0,0,0,0,0,0,0,0,0,0,0,0,0,0,0,0,45708,4050,22696,18646,18646,0,0,3322,0,0,19,0,0,0,0,0,0,0,1,0,1,0,0,0,0,0,0,0,0,0,0,0,0,0,0,0,0,0,0,0,0,714,24,0
1774383756.002151,2151,ubuntu-rog,1,0,0,8482326,0,2876736,3930488,497827,0,37,0,0,0,0,0,1552044999,0,0,4907,1553195635,0,0,2876736,3930488,497827,0,244555,144084,0,0,0,0,0,0,0,0,0,0,2870476,102661,4434714,37,0,0,6367,0,0,0,0,0,0,0,36650570,34035916,0,0,89763,89763,15056,16375,0,0,0,0,0,0,0,0,0,2558300,1277588,0,262144,6535356,169700997,0,0,1026,1025,1570815691,0,0,0,0,0,0,0,0,0,0,0,0,1579321271,0,13999,1857070,1435853652,22701,0,0,98993749,0,0,0,0,0,0,0,0,0,0,0,0,0,0,0,0,0,0,0,14582,0,0,0,0,0,0,0,0,0,0,0,0,0,0,0,0,0,0,0,0,0,0,0,0,45708,4050,22696,18646,18646,0,0,3322,0,0,19,0,0,0,0,0,0,0,1,0,1,0,0,0,0,0,0,0,0,0,0,0,0,0,0,0,0,0,0,0,0,714,24,0
1774383757.001151,1151,ubuntu-rog,1,0,0,8482326,0,2876736,3930488,497827,0,39,0,0,0,0,0,1552045034,0,0,4907,1553195670,0,0,2876736,3930488,497827,0,244555,144084,0,0,0,0,0,0,0,0,0,0,2870476,102661,4434716,39,0,0,6367,0,0,0,0,0,0,0,36650572,34035916,0,0,89763,89763,15056,16375,0,0,0,0,0,0,0,0,0,2558300,1277588,0,262144,6535356,169700997,0,0,1026,1025,1570815726,0,0,0,0,0,0,0,0,0,0,0,0,1579321304,0,13999,1857070,1435853652,22701,0,0,98993749,0,0,0,0,0,0,0,0,0,0,0,0,0,0,0,0,0,0,0,14582,0,0,0,0,0,0,0,0,0,0,0,0,0,0,0,0,0,0,0,0,0,0,0,0,45708,4050,22696,18646,18646,0,0,3322,0,0,19,0,0,0,0,0,0,0,1,0,1,0,0,0,0,0,0,0,0,0,0,0,0,0,0,0,0,0,0,0,0,714,24,0
1774383758.001251,1251,ubuntu-rog,1,0,0,8482326,0,2876736,3930488,497827,0,39,0,0,0,0,0,1552045073,0,0,4907,1553195709,0,0,2876736,3930488,497827,0,244555,144084,0,0,0,0,0,0,0,0,0,0,2870476,102661,4434716,39,0,0,6367,0,0,0,0,0,0,0,36650572,34035916,0,0,89763,89763,15056,16375,0,0,0,0,0,0,0,0,0,2558300,1277588,0,262144,6535356,169700997,0,0,1026,1025,1570815765,0,0,0,0,0,0,0,0,0,0,0,0,1579321343,0,13999,1857070,1435853652,22701,0,0,98993749,0,0,0,0,0,0,0,0,0,0,0,0,0,0,0,0,0,0,0,14582,0,0,0,0,0,0,0,0,0,0,0,0,0,0,0,0,0,0,0,0,0,0,0,0,45708,4050,22696,18646,18646,0,0,3322,0,0,19,0,0,0,0,0,0,0,1,0,1,0,0,0,0,0,0,0,0,0,0,0,0,0,0,0,0,0,0,0,0,714,24,0
1774383759.001341,1341,ubuntu-rog,1,0,0,8482326,0,2876736,3930489,497827,0,28,0,0,0,0,0,1552045102,0,0,4907,1553195738,0,0,2876736,3930489,497827,0,244555,144084,0,0,0,0,0,0,0,0,0,0,2870476,102661,4434717,28,0,0,6367,0,0,0,0,0,0,0,36650582,34035937,0,0,89763,89763,15056,16375,0,0,0,0,0,0,0,0,0,2558300,1277588,0,262144,6535356,169701097,0,0,1026,1025,1570815794,0,0,0,0,0,0,0,0,0,0,0,0,1579321383,0,13999,1857070,1435853652,22701,0,0,98993749,0,0,0,0,0,0,0,0,0,0,0,0,0,0,0,0,0,0,0,14582,0,0,0,0,0,0,0,0,0,0,0,0,0,0,0,0,0,0,0,0,0,0,0,0,45708,4050,22696,18646,18646,0,0,3322,0,0,19,0,0,0,0,0,0,0,1,0,1,0,0,0,0,0,0,0,0,0,0,0,0,0,0,0,0,0,0,0,0,714,24,0
1774383760.002297,2297,ubuntu-rog,1,0,0,8348900,0,2996310,3930542,497827,0,29,0,0,0,0,0,1552269587,0,0,4907,1553420223,0,0,2996310,3930542,497827,0,244556,144084,0,0,0,0,0,0,0,0,0,0,2990685,102661,4434718,29,0,0,6367,0,0,0,0,0,0,0,36650583,34035937,0,0,89763,89763,15056,16508,0,0,0,0,0,0,0,0,0,2531632,1264270,0,262144,6535356,169701097,0,0,1026,1025,1571040279,0,0,0,0,0,0,0,0,0,0,0,0,1579425081,0,13999,1857070,1436077647,22701,0,0,98993749,0,0,0,0,0,0,0,0,0,0,0,0,0,0,0,0,0,0,0,14582,0,0,0,0,0,0,0,0,0,0,0,0,0,0,0,0,0,0,0,0,0,0,0,0,45708,4050,22696,18646,18646,0,0,3322,0,0,19,0,0,0,0,0,0,0,1,0,1,0,0,0,0,0,0,0,0,0,0,0,0,0,0,0,0,0,0,0,0,714,24,0
1774383761.001171,1171,ubuntu-rog,1,0,0,8453414,0,2896177,3930543,497827,0,30,0,0,0,0,0,1552445843,0,0,4907,1553596479,0,0,2896177,3930543,497827,0,244556,144084,0,0,0,0,0,0,0,0,0,0,2889828,102661,4434719,30,0,0,6367,0,0,0,0,0,0,0,36650584,34035937,0,0,89763,89763,15056,16408,0,0,0,0,0,0,0,0,0,2552530,1274707,0,262144,6535356,169701097,0,0,1026,1025,1571216544,0,0,0,0,0,0,0,0,0,0,0,0,1579701443,0,13999,1857070,1436253413,22701,0,0,98993749,0,0,0,0,0,0,0,0,0,0,0,0,0,0,0,0,0,0,0,14582,0,0,0,0,0,0,0,0,0,0,0,0,0,0,0,0,0,0,0,0,0,0,0,0,45708,4050,22696,18646,18646,0,0,3322,0,0,19,0,0,0,0,0,0,0,1,0,1,0,0,0,0,0,0,0,0,0,0,0,0,0,0,0,0,0,0,0,0,714,24,0
1774383762.001160,1160,ubuntu-rog,1,0,0,8473323,0,2877517,3930543,497827,0,30,0,0,0,0,0,1552461798,0,0,4907,1553612434,0,0,2877517,3930543,497827,0,244556,144084,0,0,0,0,0,0,0,0,0,0,2871447,102661,4434719,30,0,0,6367,0,0,0,0,0,0,0,36650584,34035937,0,0,89763,89763,15056,16376,0,0,0,0,0,0,0,0,0,2556511,1276694,0,262144,6535356,169701097,0,0,1026,1025,1571232490,0,0,0,0,0,0,0,0,0,0,0,0,1579737166,0,13999,1857070,1436269281,22701,0,0,98993749,0,0,0,0,0,0,0,0,0,0,0,0,0,0,0,0,0,0,0,14582,0,0,0,0,0,0,0,0,0,0,0,0,0,0,0,0,0,0,0,0,0,0,0,0,45708,4050,22696,18646,18646,0,0,3322,0,0,19,0,0,0,0,0,0,0,1,0,1,0,0,0,0,0,0,0,0,0,0,0,0,0,0,0,0,0,0,0,0,714,24,0
1774383763.001264,1264,ubuntu-rog,1,0,0,8473626,0,2877517,3930543,497827,0,30,0,0,0,0,0,1552461828,0,0,4907,1553612464,0,0,2877517,3930543,497827,0,244556,144084,0,0,0,0,0,0,0,0,0,0,2871447,102661,4434719,30,0,0,6367,0,0,0,0,0,0,0,36650584,34035937,0,0,89763,89763,15056,16376,0,0,0,0,0,0,0,0,0,2556572,1276725,0,262144,6535356,169701137,0,0,1026,1025,1571232520,0,0,0,0,0,0,0,0,0,0,0,0,1579737196,0,13999,1857070,1436269281,22701,0,0,98993749,0,0,0,0,0,0,0,0,0,0,0,0,0,0,0,0,0,0,0,14582,0,0,0,0,0,0,0,0,0,0,0,0,0,0,0,0,0,0,0,0,0,0,0,0,45708,4050,22696,18646,18646,0,0,3322,0,0,19,0,0,0,0,0,0,0,1,0,1,0,0,0,0,0,0,0,0,0,0,0,0,0,0,0,0,0,0,0,0,714,24,0
1774383764.002295,2295,ubuntu-rog,1,0,0,8473145,0,2877685,3930544,497827,0,24,0,0,0,0,0,1552462239,0,0,4907,1553612875,0,0,2877685,3930544,497827,0,244556,144084,0,0,0,0,0,0,0,0,0,0,2871576,102661,4434722,24,0,0,6367,0,0,0,0,0,0,0,36650588,34035947,0,0,89763,89763,15056,16376,0,0,0,0,0,0,0,0,0,2556476,1276677,0,262144,6535356,169701165,0,0,1026,1025,1571232931,0,0,0,0,0,0,0,0,0,0,0,0,1579737448,0,13999,1857070,1436269659,22701,0,0,98993749,0,0,0,0,0,0,0,0,0,0,0,0,0,0,0,0,0,0,0,14582,0,0,0,0,0,0,0,0,0,0,0,0,0,0,0,0,0,0,0,0,0,0,0,0,45708,4050,22696,18646,18646,0,0,3322,0,0,19,0,0,0,0,0,0,0,1,0,1,0,0,0,0,0,0,0,0,0,0,0,0,0,0,0,0,0,0,0,0,714,24,0
1774383765.001297,1297,ubuntu-rog,1,0,0,8473606,0,2877685,3930544,497827,0,24,0,0,0,0,0,1552462268,0,0,4907,1553612904,0,0,2877685,3930544,497827,0,244556,144084,0,0,0,0,0,0,0,0,0,0,2871576,102661,4434722,24,0,0,6367,0,0,0,0,0,0,0,36650588,34035947,0,0,89763,89763,15056,16376,0,0,0,0,0,0,0,0,0,2556568,1276723,0,262144,6535356,169701165,0,0,1026,1025,1571232960,0,0,0,0,0,0,0,0,0,0,0,0,1579737477,0,13999,1857070,1436269659,22701,0,0,98993749,0,0,0,0,0,0,0,0,0,0,0,0,0,0,0,0,0,0,0,14582,0,0,0,0,0,0,0,0,0,0,0,0,0,0,0,0,0,0,0,0,0,0,0,0,45708,4050,22696,18646,18646,0,0,3322,0,0,19,0,0,0,0,0,0,0,1,0,1,0,0,0,0,0,0,0,0,0,0,0,0,0,0,0,0,0,0,0,0,714,24,0
1774383766.001156,1156,ubuntu-rog,1,0,0,8474098,0,2877685,3930544,497827,0,24,0,0,0,0,0,1552462299,0,0,4907,1553612935,0,0,2877685,3930544,497827,0,244556,144084,0,0,0,0,0,0,0,0,0,0,2871576,102661,4434722,24,0,0,6367,0,0,0,0,0,0,0,36650588,34035947,0,0,89763,89763,15056,16376,0,0,0,0,0,0,0,0,0,2556666,1276772,0,262144,6535356,169701165,0,0,1026,1025,1571232991,0,0,0,0,0,0,0,0,0,0,0,0,1579737508,0,13999,1857070,1436269659,22701,0,0,98993749,0,0,0,0,0,0,0,0,0,0,0,0,0,0,0,0,0,0,0,14582,0,0,0,0,0,0,0,0,0,0,0,0,0,0,0,0,0,0,0,0,0,0,0,0,45708,4050,22696,18646,18646,0,0,3322,0,0,19,0,0,0,0,0,0,0,1,0,1,0,0,0,0,0,0,0,0,0,0,0,0,0,0,0,0,0,0,0,0,714,24,0
1774383767.001157,1157,ubuntu-rog,1,0,0,8474427,0,2877688,3930545,497827,0,25,0,0,0,0,0,1552462328,0,0,4907,1553612964,0,0,2877688,3930545,497827,0,244556,144084,0,0,0,0,0,0,0,0,0,0,2871580,102661,4434723,25,0,0,6367,0,0,0,0,0,0,0,36650589,34035947,0,0,89763,89763,15056,16376,0,0,0,0,0,0,0,0,0,2556732,1276805,0,262144,6535356,169701165,0,0,1026,1025,1571233020,0,0,0,0,0,0,0,0,0,0,0,0,1579737559,0,13999,1857070,1436269663,22701,0,0,98993749,0,0,0,0,0,0,0,0,0,0,0,0,0,0,0,0,0,0,0,14582,0,0,0,0,0,0,0,0,0,0,0,0,0,0,0,0,0,0,0,0,0,0,0,0,45708,4050,22696,18646,18646,0,0,3322,0,0,19,0,0,0,0,0,0,0,1,0,1,0,0,0,0,0,0,0,0,0,0,0,0,0,0,0,0,0,0,0,0,714,24,0
1774383768.002257,2257,ubuntu-rog,1,0,0,8474803,0,2877688,3930545,497827,0,26,0,0,0,0,0,1552462356,0,0,4907,1553612992,0,0,2877688,3930545,497827,0,244556,144084,0,0,0,0,0,0,0,0,0,0,2871580,102661,4434724,26,0,0,6367,0,0,0,0,0,0,0,36650590,34035947,0,0,89763,89763,15056,16376,0,0,0,0,0,0,0,0,0,2556807,1276842,0,262144,6535356,169701165,0,0,1026,1025,1571233048,0,0,0,0,0,0,0,0,0,0,0,0,1579737586,0,13999,1857070,1436269663,22701,0,0,98993749,0,0,0,0,0,0,0,0,0,0,0,0,0,0,0,0,0,0,0,14582,0,0,0,0,0,0,0,0,0,0,0,0,0,0,0,0,0,0,0,0,0,0,0,0,45708,4050,22696,18646,18646,0,0,3322,0,0,19,0,0,0,0,0,0,0,1,0,1,0,0,0,0,0,0,0,0,0,0,0,0,0,0,0,0,0,0,0,0,714,24,0
1774383769.001300,1300,ubuntu-rog,1,0,0,8475031,0,2877688,3930545,497827,0,28,0,0,0,0,0,1552462386,0,0,4907,1553613022,0,0,2877688,3930545,497827,0,244556,144084,0,0,0,0,0,0,0,0,0,0,2871580,102661,4434726,28,0,0,6367,0,0,0,0,0,0,0,36650592,34035947,0,0,89763,89763,15056,16376,0,0,0,0,0,0,0,0,0,2556853,1276865,0,262144,6535356,169701181,0,0,1026,1025,1571233078,0,0,0,0,0,0,0,0,0,0,0,0,1579737614,0,13999,1857070,1436269663,22701,0,0,98993749,0,0,0,0,0,0,0,0,0,0,0,0,0,0,0,0,0,0,0,14582,0,0,0,0,0,0,0,0,0,0,0,0,0,0,0,0,0,0,0,0,0,0,0,0,45708,4050,22696,18646,18646,0,0,3322,0,0,19,0,0,0,0,0,0,0,1,0,1,0,0,0,0,0,0,0,0,0,0,0,0,0,0,0,0,0,0,0,0,714,24,0
1774383770.001298,1298,ubuntu-rog,1,0,0,8477012,0,2877688,3930545,497827,0,28,0,0,0,0,0,1552462415,0,0,4907,1553613051,0,0,2877688,3930545,497827,0,244556,144084,0,0,0,0,0,0,0,0,0,0,2871580,102661,4434726,28,0,0,6367,0,0,0,0,0,0,0,36650592,34035947,0,0,89763,89763,15056,16376,0,0,0,0,0,0,0,0,0,2557249,1277063,0,262144,6535356,169701181,0,0,1026,1025,1571233107,0,0,0,0,0,0,0,0,0,0,0,0,1579737643,0,13999,1857070,1436269663,22701,0,0,98993749,0,0,0,0,0,0,0,0,0,0,0,0,0,0,0,0,0,0,0,14582,0,0,0,0,0,0,0,0,0,0,0,0,0,0,0,0,0,0,0,0,0,0,0,0,45708,4050,22696,18646,18646,0,0,3322,0,0,19,0,0,0,0,0,0,0,1,0,1,0,0,0,0,0,0,0,0,0,0,0,0,0,0,0,0,0,0,0,0,714,24,0
1774383771.001155,1155,ubuntu-rog,1,0,0,8477012,0,2877688,3930545,497827,0,29,0,0,0,0,0,1552462447,0,0,4907,1553613083,0,0,2877688,3930545,497827,0,244556,144084,0,0,0,0,0,0,0,0,0,0,2871580,102661,4434727,29,0,0,6367,0,0,0,0,0,0,0,36650593,34035947,0,0,89763,89763,15056,16376,0,0,0,0,0,0,0,0,0,2557249,1277063,0,262144,6535356,169701181,0,0,1026,1025,1571233139,0,0,0,0,0,0,0,0,0,0,0,0,1579737674,0,13999,1857070,1436269663,22701,0,0,98993749,0,0,0,0,0,0,0,0,0,0,0,0,0,0,0,0,0,0,0,14582,0,0,0,0,0,0,0,0,0,0,0,0,0,0,0,0,0,0,0,0,0,0,0,0,45708,4050,22696,18646,18646,0,0,3322,0,0,19,0,0,0,0,0,0,0,1,0,1,0,0,0,0,0,0,0,0,0,0,0,0,0,0,0,0,0,0,0,0,714,24,0
1774383772.002155,2155,ubuntu-rog,1,0,0,8477012,0,2877688,3930545,497827,0,29,0,0,0,0,0,1552462479,0,0,4907,1553613115,0,0,2877688,3930545,497827,0,244556,144084,0,0,0,0,0,0,0,0,0,0,2871580,102661,4434727,29,0,0,6367,0,0,0,0,0,0,0,36650593,34035947,0,0,89763,89763,15056,16376,0,0,0,0,0,0,0,0,0,2557249,1277063,0,262144,6535356,169701181,0,0,1026,1025,1571233171,0,0,0,0,0,0,0,0,0,0,0,0,1579737706,0,13999,1857070,1436269663,22701,0,0,98993749,0,0,0,0,0,0,0,0,0,0,0,0,0,0,0,0,0,0,0,14582,0,0,0,0,0,0,0,0,0,0,0,0,0,0,0,0,0,0,0,0,0,0,0,0,45708,4050,22696,18646,18646,0,0,3322,0,0,19,0,0,0,0,0,0,0,1,0,1,0,0,0,0,0,0,0,0,0,0,0,0,0,0,0,0,0,0,0,0,714,24,0
1774383773.001260,1260,ubuntu-rog,1,0,0,8477012,0,2877688,3930545,497827,0,30,0,0,0,0,0,1552462501,0,0,4907,1553613137,0,0,2877688,3930545,497827,0,244556,144084,0,0,0,0,0,0,0,0,0,0,2871580,102661,4434728,30,0,0,6367,0,0,0,0,0,0,0,36650594,34035947,0,0,89763,89763,15056,16376,0,0,0,0,0,0,0,0,0,2557249,1277063,0,262144,6535356,169701209,0,0,1026,1025,1571233193,0,0,0,0,0,0,0,0,0,0,0,0,1579737727,0,13999,1857070,1436269663,22701,0,0,98993749,0,0,0,0,0,0,0,0,0,0,0,0,0,0,0,0,0,0,0,14582,0,0,0,0,0,0,0,0,0,0,0,0,0,0,0,0,0,0,0,0,0,0,0,0,45708,4050,22696,18646,18646,0,0,3322,0,0,19,0,0,0,0,0,0,0,1,0,1,0,0,0,0,0,0,0,0,0,0,0,0,0,0,0,0,0,0,0,0,714,24,0
1774383774.001300,1300,ubuntu-rog,1,0,0,8477214,0,2877688,3930546,497827,0,23,0,0,0,0,0,1552462529,0,0,4907,1553613165,0,0,2877688,3930546,497827,0,244556,144084,0,0,0,0,0,0,0,0,0,0,2871580,102661,4434728,23,0,0,6367,0,0,0,0,0,0,0,36650594,34035954,0,0,89763,89763,15056,16376,0,0,0,0,0,0,0,0,0,2557290,1277083,0,262144,6535356,169701209,0,0,1026,1025,1571233221,0,0,0,0,0,0,0,0,0,0,0,0,1579737755,0,13999,1857070,1436269663,22701,0,0,98993749,0,0,0,0,0,0,0,0,0,0,0,0,0,0,0,0,0,0,0,14582,0,0,0,0,0,0,0,0,0,0,0,0,0,0,0,0,0,0,0,0,0,0,0,0,45708,4050,22696,18646,18646,0,0,3322,0,0,19,0,0,0,0,0,0,0,1,0,1,0,0,0,0,0,0,0,0,0,0,0,0,0,0,0,0,0,0,0,0,714,24,0
1774383775.001301,1301,ubuntu-rog,1,0,0,8477787,0,2877688,3930546,497827,0,26,0,0,0,0,0,1552462560,0,0,4907,1553613196,0,0,2877688,3930546,497827,0,244556,144084,0,0,0,0,0,0,0,0,0,0,2871580,102661,4434729,26,0,0,6367,0,0,0,0,0,0,0,36650597,34035954,0,0,89763,89763,15056,16376,0,0,0,0,0,0,0,0,0,2557404,1277141,0,262144,6535356,169701241,0,0,1026,1025,1571233252,0,0,0,0,0,0,0,0,0,0,0,0,1579737785,0,13999,1857070,1436269663,22701,0,0,98993749,0,0,0,0,0,0,0,0,0,0,0,0,0,0,0,0,0,0,0,14582,0,0,0,0,0,0,0,0,0,0,0,0,0,0,0,0,0,0,0,0,0,0,0,0,45708,4050,22696,18646,18646,0,0,3322,0,0,19,0,0,0,0,0,0,0,1,0,1,0,0,0,0,0,0,0,0,0,0,0,0,0,0,0,0,0,0,0,0,714,24,0
1774383776.002152,2152,ubuntu-rog,1,0,0,8478205,0,2877688,3930546,497827,0,26,0,0,0,0,0,1552462584,0,0,4907,1553613220,0,0,2877688,3930546,497827,0,244556,144084,0,0,0,0,0,0,0,0,0,0,2871580,102661,4434729,26,0,0,6367,0,0,0,0,0,0,0,36650597,34035954,0,0,89763,89763,15056,16376,0,0,0,0,0,0,0,0,0,2557488,1277182,0,262144,6535356,169701241,0,0,1026,1025,1571233276,0,0,0,0,0,0,0,0,0,0,0,0,1579737809,0,13999,1857070,1436269663,22701,0,0,98993749,0,0,0,0,0,0,0,0,0,0,0,0,0,0,0,0,0,0,0,14582,0,0,0,0,0,0,0,0,0,0,0,0,0,0,0,0,0,0,0,0,0,0,0,0,45708,4050,22696,18646,18646,0,0,3322,0,0,19,0,0,0,0,0,0,0,1,0,1,0,0,0,0,0,0,0,0,0,0,0,0,0,0,0,0,0,0,0,0,714,24,0
1774383777.001155,1155,ubuntu-rog,1,0,0,8478558,0,2877688,3930546,497827,0,26,0,0,0,0,0,1552462613,0,0,4907,1553613249,0,0,2877688,3930546,497827,0,244556,144084,0,0,0,0,0,0,0,0,0,0,2871580,102661,4434729,26,0,0,6367,0,0,0,0,0,0,0,36650597,34035954,0,0,89763,89763,15056,16376,0,0,0,0,0,0,0,0,0,2557558,1277218,0,262144,6535356,169701241,0,0,1026,1025,1571233305,0,0,0,0,0,0,0,0,0,0,0,0,1579737838,0,13999,1857070,1436269663,22701,0,0,98993749,0,0,0,0,0,0,0,0,0,0,0,0,0,0,0,0,0,0,0,14582,0,0,0,0,0,0,0,0,0,0,0,0,0,0,0,0,0,0,0,0,0,0,0,0,45708,4050,22696,18646,18646,0,0,3322,0,0,19,0,0,0,0,0,0,0,1,0,1,0,0,0,0,0,0,0,0,0,0,0,0,0,0,0,0,0,0,0,0,714,24,0
1774383778.001262,1262,ubuntu-rog,1,0,0,8478955,0,2877688,3930546,497827,0,27,0,0,0,0,0,1552462641,0,0,4907,1553613277,0,0,2877688,3930546,497827,0,244556,144084,0,0,0,0,0,0,0,0,0,0,2871580,102661,4434730,27,0,0,6367,0,0,0,0,0,0,0,36650598,34035954,0,0,89763,89763,15056,16376,0,0,0,0,0,0,0,0,0,2557638,1277257,0,262144,6535356,169701241,0,0,1026,1025,1571233333,0,0,0,0,0,0,0,0,0,0,0,0,1579737865,0,13999,1857070,1436269663,22701,0,0,98993749,0,0,0,0,0,0,0,0,0,0,0,0,0,0,0,0,0,0,0,14582,0,0,0,0,0,0,0,0,0,0,0,0,0,0,0,0,0,0,0,0,0,0,0,0,45708,4050,22696,18646,18646,0,0,3322,0,0,19,0,0,0,0,0,0,0,1,0,1,0,0,0,0,0,0,0,0,0,0,0,0,0,0,0,0,0,0,0,0,714,24,0
1774383779.001297,1297,ubuntu-rog,1,0,0,8479403,0,2877688,3930546,497827,0,25,0,0,0,0,0,1552462671,0,0,4907,1553613307,0,0,2877688,3930546,497827,0,244556,144084,0,0,0,0,0,0,0,0,0,0,2871580,102661,4434731,25,0,0,6367,0,0,0,0,0,0,0,36650600,34035958,0,0,89763,89763,15056,16376,0,0,0,0,0,0,0,0,0,2557727,1277302,0,262144,6535356,169701257,0,0,1026,1025,1571233363,0,0,0,0,0,0,0,0,0,0,0,0,1579737894,0,13999,1857070,1436269663,22701,0,0,98993749,0,0,0,0,0,0,0,0,0,0,0,0,0,0,0,0,0,0,0,14582,0,0,0,0,0,0,0,0,0,0,0,0,0,0,0,0,0,0,0,0,0,0,0,0,45708,4050,22696,18646,18646,0,0,3322,0,0,19,0,0,0,0,0,0,0,1,0,1,0,0,0,0,0,0,0,0,0,0,0,0,0,0,0,0,0,0,0,0,714,24,0
1774383780.002294,2294,ubuntu-rog,1,0,0,8479685,0,2877688,3930546,497827,0,25,0,0,0,0,0,1552462705,0,0,4907,1553613341,0,0,2877688,3930546,497827,0,244556,144084,0,0,0,0,0,0,0,0,0,0,2871580,102661,4434731,25,0,0,6367,0,0,0,0,0,0,0,36650600,34035958,0,0,89763,89763,15056,16376,0,0,0,0,0,0,0,0,0,2557784,1277330,0,262144,6535356,169701257,0,0,1026,1025,1571233397,0,0,0,0,0,0,0,0,0,0,0,0,1579737928,0,13999,1857070,1436269663,22701,0,0,98993749,0,0,0,0,0,0,0,0,0,0,0,0,0,0,0,0,0,0,0,14582,0,0,0,0,0,0,0,0,0,0,0,0,0,0,0,0,0,0,0,0,0,0,0,0,45708,4050,22696,18646,18646,0,0,3322,0,0,19,0,0,0,0,0,0,0,1,0,1,0,0,0,0,0,0,0,0,0,0,0,0,0,0,0,0,0,0,0,0,714,24,0
1774383781.001154,1154,ubuntu-rog,1,0,0,8480037,0,2877688,3930546,497827,0,27,0,0,0,0,0,1552462729,0,0,4907,1553613365,0,0,2877688,3930546,497827,0,244556,144084,0,0,0,0,0,0,0,0,0,0,2871580,102661,4434733,27,0,0,6367,0,0,0,0,0,0,0,36650602,34035958,0,0,89763,89763,15056,16376,0,0,0,0,0,0,0,0,0,2557854,1277365,0,262144,6535356,169701285,0,0,1026,1025,1571233421,0,0,0,0,0,0,0,0,0,0,0,0,1579737950,0,13999,1857070,1436269663,22701,0,0,98993749,0,0,0,0,0,0,0,0,0,0,0,0,0,0,0,0,0,0,0,14582,0,0,0,0,0,0,0,0,0,0,0,0,0,0,0,0,0,0,0,0,0,0,0,0,45708,4050,22696,18646,18646,0,0,3322,0,0,19,0,0,0,0,0,0,0,1,0,1,0,0,0,0,0,0,0,0,0,0,0,0,0,0,0,0,0,0,0,0,714,24,0
1774383782.001155,1155,ubuntu-rog,1,0,0,8480237,0,2877688,3930546,497827,0,29,0,0,0,0,0,1552462758,0,0,4907,1553613394,0,0,2877688,3930546,497827,0,244556,144084,0,0,0,0,0,0,0,0,0,0,2871580,102661,4434734,29,0,0,6367,0,0,0,0,0,0,0,36650604,34035958,0,0,89763,89763,15056,16376,0,0,0,0,0,0,0,0,0,2557894,1277385,0,262144,6535356,169701285,0,0,1026,1025,1571233450,0,0,0,0,0,0,0,0,0,0,0,0,1579737978,0,13999,1857070,1436269663,22701,0,0,98993749,0,0,0,0,0,0,0,0,0,0,0,0,0,0,0,0,0,0,0,14582,0,0,0,0,0,0,0,0,0,0,0,0,0,0,0,0,0,0,0,0,0,0,0,0,45708,4050,22696,18646,18646,0,0,3322,0,0,19,0,0,0,0,0,0,0,1,0,1,0,0,0,0,0,0,0,0,0,0,0,0,0,0,0,0,0,0,0,0,714,24,0
1774383783.001258,1258,ubuntu-rog,1,0,0,8480312,0,2877688,3930546,497827,0,29,0,0,0,0,0,1552462788,0,0,4907,1553613424,0,0,2877688,3930546,497827,0,244556,144084,0,0,0,0,0,0,0,0,0,0,2871580,102661,4434734,29,0,0,6367,0,0,0,0,0,0,0,36650604,34035958,0,0,89763,89763,15056,16376,0,0,0,0,0,0,0,0,0,2557909,1277393,0,262144,6535356,169701285,0,0,1026,1025,1571233480,0,0,0,0,0,0,0,0,0,0,0,0,1579738008,0,13999,1857070,1436269663,22701,0,0,98993749,0,0,0,0,0,0,0,0,0,0,0,0,0,0,0,0,0,0,0,14582,0,0,0,0,0,0,0,0,0,0,0,0,0,0,0,0,0,0,0,0,0,0,0,0,45708,4050,22696,18646,18646,0,0,3322,0,0,19,0,0,0,0,0,0,0,1,0,1,0,0,0,0,0,0,0,0,0,0,0,0,0,0,0,0,0,0,0,0,714,24,0
1774383784.002292,2292,ubuntu-rog,1,0,0,8480266,0,2877688,3930547,497827,0,27,0,0,0,0,0,1552462813,0,0,4907,1553613449,0,0,2877688,3930547,497827,0,244556,144084,0,0,0,0,0,0,0,0,0,0,2871580,102661,4434734,27,0,0,6367,0,0,0,0,0,0,0,36650604,34035960,0,0,89763,89763,15056,16376,0,0,0,0,0,0,0,0,0,2557900,1277388,0,262144,6535356,169701293,0,0,1026,1025,1571233505,0,0,0,0,0,0,0,0,0,0,0,0,1579738033,0,13999,1857070,1436269663,22701,0,0,98993749,0,0,0,0,0,0,0,0,0,0,0,0,0,0,0,0,0,0,0,14582,0,0,0,0,0,0,0,0,0,0,0,0,0,0,0,0,0,0,0,0,0,0,0,0,45708,4050,22696,18646,18646,0,0,3322,0,0,19,0,0,0,0,0,0,0,1,0,1,0,0,0,0,0,0,0,0,0,0,0,0,0,0,0,0,0,0,0,0,714,24,0
1774383785.001296,1296,ubuntu-rog,1,0,0,8480266,0,2877688,3930547,497827,0,28,0,0,0,0,0,1552462848,0,0,4907,1553613484,0,0,2877688,3930547,497827,0,244556,144084,0,0,0,0,0,0,0,0,0,0,2871580,102661,4434735,28,0,0,6367,0,0,0,0,0,0,0,36650605,34035960,0,0,89763,89763,15056,16376,0,0,0,0,0,0,0,0,0,2557900,1277388,0,262144,6535356,169701293,0,0,1026,1025,1571233540,0,0,0,0,0,0,0,0,0,0,0,0,1579738067,0,13999,1857070,1436269663,22701,0,0,98993749,0,0,0,0,0,0,0,0,0,0,0,0,0,0,0,0,0,0,0,14582,0,0,0,0,0,0,0,0,0,0,0,0,0,0,0,0,0,0,0,0,0,0,0,0,45708,4050,22696,18646,18646,0,0,3322,0,0,19,0,0,0,0,0,0,0,1,0,1,0,0,0,0,0,0,0,0,0,0,0,0,0,0,0,0,0,0,0,0,714,24,0
1774383786.001155,1155,ubuntu-rog,1,0,0,8480266,0,2877688,3930547,497827,0,29,0,0,0,0,0,1552462880,0,0,4907,1553613516,0,0,2877688,3930547,497827,0,244556,144084,0,0,0,0,0,0,0,0,0,0,2871580,102661,4434736,29,0,0,6367,0,0,0,0,0,0,0,36650606,34035960,0,0,89763,89763,15056,16376,0,0,0,0,0,0,0,0,0,2557900,1277388,0,262144,6535356,169701293,0,0,1026,1025,1571233572,0,0,0,0,0,0,0,0,0,0,0,0,1579738098,0,13999,1857070,1436269663,22701,0,0,98993749,0,0,0,0,0,0,0,0,0,0,0,0,0,0,0,0,0,0,0,14582,0,0,0,0,0,0,0,0,0,0,0,0,0,0,0,0,0,0,0,0,0,0,0,0,45708,4050,22696,18646,18646,0,0,3322,0,0,19,0,0,0,0,0,0,0,1,0,1,0,0,0,0,0,0,0,0,0,0,0,0,0,0,0,0,0,0,0,0,714,24,0
1774383787.001157,1157,ubuntu-rog,1,0,0,8480266,0,2877688,3930547,497827,0,29,0,0,0,0,0,1552462902,0,0,4907,1553613538,0,0,2877688,3930547,497827,0,244556,144084,0,0,0,0,0,0,0,0,0,0,2871580,102661,4434736,29,0,0,6367,0,0,0,0,0,0,0,36650606,34035960,0,0,89763,89763,15056,16376,0,0,0,0,0,0,0,0,0,2557900,1277388,0,262144,6535356,169701309,0,0,1026,1025,1571233594,0,0,0,0,0,0,0,0,0,0,0,0,1579738120,0,13999,1857070,1436269663,22701,0,0,98993749,0,0,0,0,0,0,0,0,0,0,0,0,0,0,0,0,0,0,0,14582,0,0,0,0,0,0,0,0,0,0,0,0,0,0,0,0,0,0,0,0,0,0,0,0,45708,4050,22696,18646,18646,0,0,3322,0,0,19,0,0,0,0,0,0,0,1,0,1,0,0,0,0,0,0,0,0,0,0,0,0,0,0,0,0,0,0,0,0,714,24,0
1774383788.002255,2255,ubuntu-rog,1,0,0,8480266,0,2877688,3930547,497827,0,30,0,0,0,0,0,1552462932,0,0,4907,1553613568,0,0,2877688,3930547,497827,0,244556,144084,0,0,0,0,0,0,0,0,0,0,2871580,102661,4434737,30,0,0,6367,0,0,0,0,0,0,0,36650607,34035960,0,0,89763,89763,15056,16376,0,0,0,0,0,0,0,0,0,2557900,1277388,0,262144,6535356,169701309,0,0,1026,1025,1571233624,0,0,0,0,0,0,0,0,0,0,0,0,1579738149,0,13999,1857070,1436269663,22701,0,0,98993749,0,0,0,0,0,0,0,0,0,0,0,0,0,0,0,0,0,0,0,14582,0,0,0,0,0,0,0,0,0,0,0,0,0,0,0,0,0,0,0,0,0,0,0,0,45708,4050,22696,18646,18646,0,0,3322,0,0,19,0,0,0,0,0,0,0,1,0,1,0,0,0,0,0,0,0,0,0,0,0,0,0,0,0,0,0,0,0,0,714,24,0
1774383789.001295,1295,ubuntu-rog,1,0,0,8480266,0,2877688,3930547,497827,0,30,0,0,0,0,0,1552462961,0,0,4907,1553613597,0,0,2877688,3930547,497827,0,244556,144084,0,0,0,0,0,0,0,0,0,0,2871580,102661,4434737,30,0,0,6367,0,0,0,0,0,0,0,36650607,34035960,0,0,89763,89763,15056,16376,0,0,0,0,0,0,0,0,0,2557900,1277388,0,262144,6535356,169701309,0,0,1026,1025,1571233653,0,0,0,0,0,0,0,0,0,0,0,0,1579738178,0,13999,1857070,1436269663,22701,0,0,98993749,0,0,0,0,0,0,0,0,0,0,0,0,0,0,0,0,0,0,0,14582,0,0,0,0,0,0,0,0,0,0,0,0,0,0,0,0,0,0,0,0,0,0,0,0,45708,4050,22696,18646,18646,0,0,3322,0,0,19,0,0,0,0,0,0,0,1,0,1,0,0,0,0,0,0,0,0,0,0,0,0,0,0,0,0,0,0,0,0,714,24,0
1774383790.001296,1296,ubuntu-rog,1,0,0,8480266,0,2877691,3930559,497827,0,14,0,0,0,0,0,1552462990,0,0,4907,1553613626,0,0,2877691,3930559,497827,0,244556,144084,0,0,0,0,0,0,0,0,0,0,2871580,102661,4434737,14,0,0,6367,0,0,0,0,0,0,0,36650607,34035976,0,0,89763,89763,15056,16376,0,0,0,0,0,0,0,0,0,2557902,1277389,0,262144,6535356,169701365,0,0,1026,1025,1571233682,0,0,0,0,0,0,0,0,0,0,0,0,1579738207,0,13999,1857070,1436269663,22701,0,0,98993749,0,0,0,0,0,0,0,0,0,0,0,0,0,0,0,0,0,0,0,14582,0,0,0,0,0,0,0,0,0,0,0,0,0,0,0,0,0,0,0,0,0,0,0,0,45708,4050,22696,18646,18646,0,0,3322,0,0,19,0,0,0,0,0,0,0,1,0,1,0,0,0,0,0,0,0,0,0,0,0,0,0,0,0,0,0,0,0,0,714,24,0
1774383791.001153,1153,ubuntu-rog,1,0,0,8480266,0,2877691,3930559,497827,0,14,0,0,0,0,0,1552463021,0,0,4907,1553613657,0,0,2877691,3930559,497827,0,244556,144084,0,0,0,0,0,0,0,0,0,0,2871580,102661,4434737,14,0,0,6367,0,0,0,0,0,0,0,36650607,34035976,0,0,89763,89763,15056,16376,0,0,0,0,0,0,0,0,0,2557902,1277389,0,262144,6535356,169701365,0,0,1026,1025,1571233713,0,0,0,0,0,0,0,0,0,0,0,0,1579738238,0,13999,1857070,1436269663,22701,0,0,98993749,0,0,0,0,0,0,0,0,0,0,0,0,0,0,0,0,0,0,0,14582,0,0,0,0,0,0,0,0,0,0,0,0,0,0,0,0,0,0,0,0,0,0,0,0,45708,4050,22696,18646,18646,0,0,3322,0,0,19,0,0,0,0,0,0,0,1,0,1,0,0,0,0,0,0,0,0,0,0,0,0,0,0,0,0,0,0,0,0,714,24,0
1774383792.002152,2152,ubuntu-rog,1,0,0,8480266,0,2877691,3930559,497827,0,16,0,0,0,0,0,1552463049,0,0,4907,1553613685,0,0,2877691,3930559,497827,0,244556,144084,0,0,0,0,0,0,0,0,0,0,2871580,102661,4434739,16,0,0,6367,0,0,0,0,0,0,0,36650609,34035976,0,0,89763,89763,15056,16376,0,0,0,0,0,0,0,0,0,2557902,1277389,0,262144,6535356,169701365,0,0,1026,1025,1571233741,0,0,0,0,0,0,0,0,0,0,0,0,1579738264,0,13999,1857070,1436269663,22701,0,0,98993749,0,0,0,0,0,0,0,0,0,0,0,0,0,0,0,0,0,0,0,14582,0,0,0,0,0,0,0,0,0,0,0,0,0,0,0,0,0,0,0,0,0,0,0,0,45708,4050,22696,18646,18646,0,0,3322,0,0,19,0,0,0,0,0,0,0,1,0,1,0,0,0,0,0,0,0,0,0,0,0,0,0,0,0,0,0,0,0,0,714,24,0
1774383793.001258,1258,ubuntu-rog,1,0,0,8480266,0,2877691,3930559,497827,0,18,0,0,0,0,0,1552463078,0,0,4907,1553613714,0,0,2877691,3930559,497827,0,244556,144084,0,0,0,0,0,0,0,0,0,0,2871580,102661,4434740,18,0,0,6367,0,0,0,0,0,0,0,36650611,34035976,0,0,89763,89763,15056,16376,0,0,0,0,0,0,0,0,0,2557902,1277389,0,262144,6535356,169701381,0,0,1026,1025,1571233770,0,0,0,0,0,0,0,0,0,0,0,0,1579738292,0,13999,1857070,1436269663,22701,0,0,98993749,0,0,0,0,0,0,0,0,0,0,0,0,0,0,0,0,0,0,0,14582,0,0,0,0,0,0,0,0,0,0,0,0,0,0,0,0,0,0,0,0,0,0,0,0,45708,4050,22696,18646,18646,0,0,3322,0,0,19,0,0,0,0,0,0,0,1,0,1,0,0,0,0,0,0,0,0,0,0,0,0,0,0,0,0,0,0,0,0,714,24,0
1774383794.001297,1297,ubuntu-rog,1,0,0,8480266,0,2877691,3930560,497827,0,9,0,0,0,0,0,1552463107,0,0,4907,1553613743,0,0,2877691,3930560,497827,0,244556,144084,0,0,0,0,0,0,0,0,0,0,2871580,102661,4434741,9,0,0,6367,0,0,0,0,0,0,0,36650612,34035986,0,0,89763,89763,15056,16376,0,0,0,0,0,0,0,0,0,2557903,1277389,0,262144,6535356,169701421,0,0,1026,1025,1571233799,0,0,0,0,0,0,0,0,0,0,0,0,1579738320,0,13999,1857070,1436269663,22701,0,0,98993749,0,0,0,0,0,0,0,0,0,0,0,0,0,0,0,0,0,0,0,14582,0,0,0,0,0,0,0,0,0,0,0,0,0,0,0,0,0,0,0,0,0,0,0,0,45708,4050,22696,18646,18646,0,0,3322,0,0,19,0,0,0,0,0,0,0,1,0,1,0,0,0,0,0,0,0,0,0,0,0,0,0,0,0,0,0,0,0,0,714,24,0
1774383795.001296,1296,ubuntu-rog,1,0,0,8480266,0,2877691,3930560,497827,0,11,0,0,0,0,0,1552463145,0,0,4907,1553613781,0,0,2877691,3930560,497827,0,244556,144084,0,0,0,0,0,0,0,0,0,0,2871580,102661,4434742,11,0,0,6367,0,0,0,0,0,0,0,36650614,34035986,0,0,89763,89763,15056,16376,0,0,0,0,0,0,0,0,0,2557903,1277389,0,262144,6535356,169701421,0,0,1026,1025,1571233837,0,0,0,0,0,0,0,0,0,0,0,0,1579738357,0,13999,1857070,1436269663,22701,0,0,98993749,0,0,0,0,0,0,0,0,0,0,0,0,0,0,0,0,0,0,0,14582,0,0,0,0,0,0,0,0,0,0,0,0,0,0,0,0,0,0,0,0,0,0,0,0,45708,4050,22696,18646,18646,0,0,3322,0,0,19,0,0,0,0,0,0,0,1,0,1,0,0,0,0,0,0,0,0,0,0,0,0,0,0,0,0,0,0,0,0,714,24,0
1774383796.002150,2150,ubuntu-rog,1,0,0,8480266,0,2877691,3930560,497827,0,11,0,0,0,0,0,1552463176,0,0,4907,1553613812,0,0,2877691,3930560,497827,0,244556,144084,0,0,0,0,0,0,0,0,0,0,2871580,102661,4434742,11,0,0,6367,0,0,0,0,0,0,0,36650614,34035986,0,0,89763,89763,15056,16376,0,0,0,0,0,0,0,0,0,2557903,1277389,0,262144,6535356,169701421,0,0,1026,1025,1571233868,0,0,0,0,0,0,0,0,0,0,0,0,1579738388,0,13999,1857070,1436269663,22701,0,0,98993749,0,0,0,0,0,0,0,0,0,0,0,0,0,0,0,0,0,0,0,14582,0,0,0,0,0,0,0,0,0,0,0,0,0,0,0,0,0,0,0,0,0,0,0,0,45708,4050,22696,18646,18646,0,0,3322,0,0,19,0,0,0,0,0,0,0,1,0,1,0,0,0,0,0,0,0,0,0,0,0,0,0,0,0,0,0,0,0,0,714,24,0
1774383797.001155,1155,ubuntu-rog,1,0,0,8480266,0,2877691,3930560,497827,0,11,0,0,0,0,0,1552463206,0,0,4907,1553613842,0,0,2877691,3930560,497827,0,244556,144084,0,0,0,0,0,0,0,0,0,0,2871580,102661,4434742,11,0,0,6367,0,0,0,0,0,0,0,36650614,34035986,0,0,89763,89763,15056,16376,0,0,0,0,0,0,0,0,0,2557903,1277389,0,262144,6535356,169701421,0,0,1026,1025,1571233898,0,0,0,0,0,0,0,0,0,0,0,0,1579738418,0,13999,1857070,1436269663,22701,0,0,98993749,0,0,0,0,0,0,0,0,0,0,0,0,0,0,0,0,0,0,0,14582,0,0,0,0,0,0,0,0,0,0,0,0,0,0,0,0,0,0,0,0,0,0,0,0,45708,4050,22696,18646,18646,0,0,3322,0,0,19,0,0,0,0,0,0,0,1,0,1,0,0,0,0,0,0,0,0,0,0,0,0,0,0,0,0,0,0,0,0,714,24,0
1774383798.001259,1259,ubuntu-rog,1,0,0,8480266,0,2877691,3930560,497827,0,12,0,0,0,0,0,1552463230,0,0,4907,1553613866,0,0,2877691,3930560,497827,0,244556,144084,0,0,0,0,0,0,0,0,0,0,2871580,102661,4434743,12,0,0,6367,0,0,0,0,0,0,0,36650615,34035986,0,0,89763,89763,15056,16376,0,0,0,0,0,0,0,0,0,2557903,1277389,0,262144,6535356,169701421,0,0,1026,1025,1571233922,0,0,0,0,0,0,0,0,0,0,0,0,1579738441,0,13999,1857070,1436269663,22701,0,0,98993749,0,0,0,0,0,0,0,0,0,0,0,0,0,0,0,0,0,0,0,14582,0,0,0,0,0,0,0,0,0,0,0,0,0,0,0,0,0,0,0,0,0,0,0,0,45708,4050,22696,18646,18646,0,0,3322,0,0,19,0,0,0,0,0,0,0,1,0,1,0,0,0,0,0,0,0,0,0,0,0,0,0,0,0,0,0,0,0,0,714,24,0
1774383799.001296,1296,ubuntu-rog,1,0,0,8480266,0,2877691,3930560,497827,0,16,0,0,0,0,0,1552463268,0,0,4907,1553613904,0,0,2877691,3930560,497827,0,244556,144084,0,0,0,0,0,0,0,0,0,0,2871580,102661,4434746,16,0,0,6367,0,0,0,0,0,0,0,36650619,34035986,0,0,89763,89763,15056,16376,0,0,0,0,0,0,0,0,0,2557903,1277389,0,262144,6535356,169701449,0,0,1026,1025,1571233960,0,0,0,0,0,0,0,0,0,0,0,0,1579738476,0,13999,1857070,1436269663,22701,0,0,98993749,0,0,0,0,0,0,0,0,0,0,0,0,0,0,0,0,0,0,0,14582,0,0,0,0,0,0,0,0,0,0,0,0,0,0,0,0,0,0,0,0,0,0,0,0,45708,4050,22696,18646,18646,0,0,3322,0,0,19,0,0,0,0,0,0,0,1,0,1,0,0,0,0,0,0,0,0,0,0,0,0,0,0,0,0,0,0,0,0,714,24,0
1774383800.002294,2294,ubuntu-rog,1,0,0,8480266,0,2877691,3930560,497827,0,16,0,0,0,0,0,1552463298,0,0,4907,1553613934,0,0,2877691,3930560,497827,0,244556,144084,0,0,0,0,0,0,0,0,0,0,2871580,102661,4434746,16,0,0,6367,0,0,0,0,0,0,0,36650619,34035986,0,0,89763,89763,15056,16376,0,0,0,0,0,0,0,0,0,2557903,1277389,0,262144,6535356,169701449,0,0,1026,1025,1571233990,0,0,0,0,0,0,0,0,0,0,0,0,1579738506,0,13999,1857070,1436269663,22701,0,0,98993749,0,0,0,0,0,0,0,0,0,0,0,0,0,0,0,0,0,0,0,14582,0,0,0,0,0,0,0,0,0,0,0,0,0,0,0,0,0,0,0,0,0,0,0,0,45708,4050,22696,18646,18646,0,0,3322,0,0,19,0,0,0,0,0,0,0,1,0,1,0,0,0,0,0,0,0,0,0,0,0,0,0,0,0,0,0,0,0,0,714,24,0
1774383801.001156,1156,ubuntu-rog,1,0,0,8480266,0,2877691,3930560,497827,0,16,0,0,0,0,0,1552463320,0,0,4907,1553613956,0,0,2877691,3930560,497827,0,244556,144084,0,0,0,0,0,0,0,0,0,0,2871580,102661,4434746,16,0,0,6367,0,0,0,0,0,0,0,36650619,34035986,0,0,89763,89763,15056,16376,0,0,0,0,0,0,0,0,0,2557903,1277389,0,262144,6535356,169701449,0,0,1026,1025,1571234012,0,0,0,0,0,0,0,0,0,0,0,0,1579738528,0,13999,1857070,1436269663,22701,0,0,98993749,0,0,0,0,0,0,0,0,0,0,0,0,0,0,0,0,0,0,0,14582,0,0,0,0,0,0,0,0,0,0,0,0,0,0,0,0,0,0,0,0,0,0,0,0,45708,4050,22696,18646,18646,0,0,3322,0,0,19,0,0,0,0,0,0,0,1,0,1,0,0,0,0,0,0,0,0,0,0,0,0,0,0,0,0,0,0,0,0,714,24,0
1774383802.001156,1156,ubuntu-rog,1,0,0,8480266,0,2877691,3930560,497827,0,17,0,0,0,0,0,1552463353,0,0,4907,1553613989,0,0,2877691,3930560,497827,0,244556,144084,0,0,0,0,0,0,0,0,0,0,2871580,102661,4434747,17,0,0,6367,0,0,0,0,0,0,0,36650620,34035986,0,0,89763,89763,15056,16376,0,0,0,0,0,0,0,0,0,2557903,1277389,0,262144,6535356,169701449,0,0,1026,1025,1571234045,0,0,0,0,0,0,0,0,0,0,0,0,1579738558,0,13999,1857070,1436270341,22701,0,0,98994425,0,0,0,0,0,0,0,0,0,0,0,0,0,0,0,0,0,0,0,14582,0,0,0,0,0,0,0,0,0,0,0,0,0,0,0,0,0,0,0,0,0,0,0,0,45708,4050,22696,18646,18646,0,0,3322,0,0,19,0,0,0,0,0,0,0,1,0,1,0,0,0,0,0,0,0,0,0,0,0,0,0,0,0,0,0,0,0,0,714,24,0
1774383803.001258,1258,ubuntu-rog,1,0,0,8480266,0,2877691,3930560,497827,0,17,0,0,0,0,0,1552463384,0,0,4907,1553614020,0,0,2877691,3930560,497827,0,244556,144084,0,0,0,0,0,0,0,0,0,0,2871582,102661,4434747,17,0,0,6367,0,0,0,0,0,0,0,36650620,34035986,0,0,89763,89763,15056,16376,0,0,0,0,0,0,0,0,0,2557903,1277389,0,262144,6535356,169701449,0,0,1026,1025,1571234076,0,0,0,0,0,0,0,0,0,0,0,0,1579738589,0,13999,1857070,1436270364,22701,0,0,98994448,0,0,0,0,0,0,0,0,0,0,0,0,0,0,0,0,0,0,0,14582,0,0,0,0,0,0,0,0,0,0,0,0,0,0,0,0,0,0,0,0,0,0,0,0,45708,4050,22696,18646,18646,0,0,3322,0,0,19,0,0,0,0,0,0,0,1,0,1,0,0,0,0,0,0,0,0,0,0,0,0,0,0,0,0,0,0,0,0,714,24,0
1774383804.002291,2291,ubuntu-rog,1,0,0,8480266,0,2877691,3930560,497827,0,17,0,0,0,0,0,1552463412,0,0,4907,1553614048,0,0,2877691,3930560,497827,0,244556,144084,0,0,0,0,0,0,0,0,0,0,2871582,102661,4434749,17,0,0,6367,0,0,0,0,0,0,0,36650620,34035986,0,0,89763,89763,15056,16376,0,0,0,0,0,0,0,0,0,2557903,1277389,0,262144,6535356,169701465,0,0,1026,1025,1571234104,0,0,0,0,0,0,0,0,0,0,0,0,1579738615,0,13999,1857070,1436270372,22701,0,0,98994456,0,0,0,0,0,0,0,0,0,0,0,0,0,0,0,0,0,0,0,14582,0,0,0,0,0,0,0,0,0,0,0,0,0,0,0,0,0,0,0,0,0,0,0,0,45708,4050,22696,18646,18646,0,0,3322,0,0,19,0,0,0,0,0,0,0,1,0,1,0,0,0,0,0,0,0,0,0,0,0,0,0,0,0,0,0,0,0,0,714,24,0
1774383805.001299,1299,ubuntu-rog,1,0,0,8480266,0,2877691,3930560,497827,0,18,0,0,0,0,0,1552463441,0,0,4907,1553614077,0,0,2877691,3930560,497827,0,244556,144084,0,0,0,0,0,0,0,0,0,0,2871582,102661,4434750,18,0,0,6367,0,0,0,0,0,0,0,36650621,34035986,0,0,89763,89763,15056,16376,0,0,0,0,0,0,0,0,0,2557903,1277389,0,262144,6535356,169701465,0,0,1026,1025,1571234133,0,0,0,0,0,0,0,0,0,0,0,0,1579738643,0,13999,1857070,1436270372,22701,0,0,98994456,0,0,0,0,0,0,0,0,0,0,0,0,0,0,0,0,0,0,0,14582,0,0,0,0,0,0,0,0,0,0,0,0,0,0,0,0,0,0,0,0,0,0,0,0,45708,4050,22696,18646,18646,0,0,3322,0,0,19,0,0,0,0,0,0,0,1,0,1,0,0,0,0,0,0,0,0,0,0,0,0,0,0,0,0,0,0,0,0,714,24,0
1774383806.001153,1153,ubuntu-rog,1,0,0,8480266,0,2877691,3930560,497827,0,20,0,0,0,0,0,1552463466,0,0,4907,1553614102,0,0,2877691,3930560,497827,0,244556,144084,0,0,0,0,0,0,0,0,0,0,2871582,102661,4434752,20,0,0,6367,0,0,0,0,0,0,0,36650623,34035986,0,0,89763,89763,15056,16376,0,0,0,0,0,0,0,0,0,2557903,1277389,0,262144,6535356,169701465,0,0,1026,1025,1571234158,0,0,0,0,0,0,0,0,0,0,0,0,1579738666,0,13999,1857070,1436270372,22701,0,0,98994456,0,0,0,0,0,0,0,0,0,0,0,0,0,0,0,0,0,0,0,14582,0,0,0,0,0,0,0,0,0,0,0,0,0,0,0,0,0,0,0,0,0,0,0,0,45708,4050,22696,18646,18646,0,0,3322,0,0,19,0,0,0,0,0,0,0,1,0,1,0,0,0,0,0,0,0,0,0,0,0,0,0,0,0,0,0,0,0,0,714,24,0
1774383807.001165,1165,ubuntu-rog,1,0,0,8480266,0,2877691,3930560,497827,0,20,0,0,0,0,0,1552463495,0,0,4907,1553614131,0,0,2877691,3930560,497827,0,244556,144084,0,0,0,0,0,0,0,0,0,0,2871582,102661,4434752,20,0,0,6367,0,0,0,0,0,0,0,36650623,34035986,0,0,89763,89763,15056,16376,0,0,0,0,0,0,0,0,0,2557903,1277389,0,262144,6535356,169701465,0,0,1026,1025,1571234187,0,0,0,0,0,0,0,0,0,0,0,0,1579738695,0,13999,1857070,1436270372,22701,0,0,98994456,0,0,0,0,0,0,0,0,0,0,0,0,0,0,0,0,0,0,0,14582,0,0,0,0,0,0,0,0,0,0,0,0,0,0,0,0,0,0,0,0,0,0,0,0,45708,4050,22696,18646,18646,0,0,3322,0,0,19,0,0,0,0,0,0,0,1,0,1,0,0,0,0,0,0,0,0,0,0,0,0,0,0,0,0,0,0,0,0,714,24,0
1774383808.002257,2257,ubuntu-rog,1,0,0,8480266,0,2877691,3930560,497827,0,20,0,0,0,0,0,1552463525,0,0,4907,1553614161,0,0,2877691,3930560,497827,0,244556,144084,0,0,0,0,0,0,0,0,0,0,2871582,102661,4434752,20,0,0,6367,0,0,0,0,0,0,0,36650623,34035986,0,0,89763,89763,15056,16376,0,0,0,0,0,0,0,0,0,2557903,1277389,0,262144,6535356,169701465,0,0,1026,1025,1571234217,0,0,0,0,0,0,0,0,0,0,0,0,1579738737,0,13999,1857070,1436270372,22701,0,0,98994456,0,0,0,0,0,0,0,0,0,0,0,0,0,0,0,0,0,0,0,14582,0,0,0,0,0,0,0,0,0,0,0,0,0,0,0,0,0,0,0,0,0,0,0,0,45708,4050,22696,18646,18646,0,0,3322,0,0,19,0,0,0,0,0,0,0,1,0,1,0,0,0,0,0,0,0,0,0,0,0,0,0,0,0,0,0,0,0,0,714,24,0
1774383809.001296,1296,ubuntu-rog,1,0,0,8480266,0,2877691,3930560,497827,0,21,0,0,0,0,0,1552463554,0,0,4907,1553614190,0,0,2877691,3930560,497827,0,244556,144076,0,0,0,0,0,0,0,0,0,0,2871582,102661,4434755,21,0,0,6367,0,0,0,0,0,0,0,36650624,34035986,0,0,89763,89763,15040,16376,0,0,0,0,0,0,0,0,0,2557903,1277389,0,262144,6535356,169701505,0,0,1026,1025,1571234246,0,0,0,0,0,0,0,0,0,0,0,0,1579738763,0,13999,1857070,1436270372,22701,0,0,98994456,0,0,0,0,0,0,0,0,0,0,0,0,0,0,0,0,0,0,0,14582,0,0,0,0,0,0,0,0,0,0,0,0,0,0,0,0,0,0,0,0,0,0,0,0,45708,4050,22696,18646,18646,0,0,3322,0,0,19,0,0,0,0,0,0,0,1,0,1,0,0,0,0,0,0,0,0,0,0,0,0,0,0,0,0,0,0,0,0,714,24,0
1774383810.001296,1296,ubuntu-rog,1,0,0,8480266,0,2877713,3930560,497827,0,15,0,0,0,0,0,1552463587,0,0,4907,1553614223,0,0,2877713,3930560,497827,0,244556,144076,0,0,0,0,0,0,0,0,0,0,2871582,102661,4434755,15,0,0,6367,0,0,0,0,0,0,0,36650624,34035992,0,0,89763,89763,15040,16376,0,0,0,0,0,0,0,0,0,2557903,1277389,0,262144,6535356,169701505,0,0,1026,1025,1571234279,0,0,0,0,0,0,0,0,0,0,0,0,1579738796,0,13999,1857070,1436270372,22701,0,0,98994456,0,0,0,0,0,0,0,0,0,0,0,0,0,0,0,0,0,0,0,14582,0,0,0,0,0,0,0,0,0,0,0,0,0,0,0,0,0,0,0,0,0,0,0,0,45708,4050,22696,18646,18646,0,0,3322,0,0,19,0,0,0,0,0,0,0,1,0,1,0,0,0,0,0,0,0,0,0,0,0,0,0,0,0,0,0,0,0,0,714,24,0
1774383811.001154,1154,ubuntu-rog,1,0,0,8480266,0,2877713,3930560,497827,0,17,0,0,0,0,0,1552463619,0,0,4907,1553614255,0,0,2877713,3930560,497827,0,244556,144076,0,0,0,0,0,0,0,0,0,0,2871582,102661,4434756,17,0,0,6367,0,0,0,0,0,0,0,36650626,34035992,0,0,89763,89763,15040,16376,0,0,0,0,0,0,0,0,0,2557903,1277389,0,262144,6535356,169701505,0,0,1026,1025,1571234311,0,0,0,0,0,0,0,0,0,0,0,0,1579738827,0,13999,1857070,1436270372,22701,0,0,98994456,0,0,0,0,0,0,0,0,0,0,0,0,0,0,0,0,0,0,0,14582,0,0,0,0,0,0,0,0,0,0,0,0,0,0,0,0,0,0,0,0,0,0,0,0,45708,4050,22696,18646,18646,0,0,3322,0,0,19,0,0,0,0,0,0,0,1,0,1,0,0,0,0,0,0,0,0,0,0,0,0,0,0,0,0,0,0,0,0,714,24,0
1774383812.002158,2158,ubuntu-rog,1,0,0,8480266,0,2877713,3930560,497827,0,17,0,0,0,0,0,1552463641,0,0,4907,1553614277,0,0,2877713,3930560,497827,0,244556,144076,0,0,0,0,0,0,0,0,0,0,2871582,102661,4434756,17,0,0,6367,0,0,0,0,0,0,0,36650626,34035992,0,0,89763,89763,15040,16376,0,0,0,0,0,0,0,0,0,2557903,1277389,0,262144,6535356,169701505,0,0,1026,1025,1571234333,0,0,0,0,0,0,0,0,0,0,0,0,1579738849,0,13999,1857070,1436270372,22701,0,0,98994456,0,0,0,0,0,0,0,0,0,0,0,0,0,0,0,0,0,0,0,14582,0,0,0,0,0,0,0,0,0,0,0,0,0,0,0,0,0,0,0,0,0,0,0,0,45708,4050,22696,18646,18646,0,0,3322,0,0,19,0,0,0,0,0,0,0,1,0,1,0,0,0,0,0,0,0,0,0,0,0,0,0,0,0,0,0,0,0,0,714,24,0
1774383813.001264,1264,ubuntu-rog,1,0,0,8480266,0,2877713,3930560,497827,0,18,0,0,0,0,0,1552463672,0,0,4907,1553614308,0,0,2877713,3930560,497827,0,244556,144076,0,0,0,0,0,0,0,0,0,0,2871582,102661,4434757,18,0,0,6367,0,0,0,0,0,0,0,36650627,34035992,0,0,89763,89763,15040,16376,0,0,0,0,0,0,0,0,0,2557903,1277389,0,262144,6535356,169701505,0,0,1026,1025,1571234364,0,0,0,0,0,0,0,0,0,0,0,0,1579738879,0,13999,1857070,1436270372,22701,0,0,98994456,0,0,0,0,0,0,0,0,0,0,0,0,0,0,0,0,0,0,0,14582,0,0,0,0,0,0,0,0,0,0,0,0,0,0,0,0,0,0,0,0,0,0,0,0,45708,4050,22696,18646,18646,0,0,3322,0,0,19,0,0,0,0,0,0,0,1,0,1,0,0,0,0,0,0,0,0,0,0,0,0,0,0,0,0,0,0,0,0,714,24,0
1774383814.001292,1292,ubuntu-rog,1,0,0,8480266,0,2877713,3930560,497827,0,19,0,0,0,0,0,1552463716,0,0,4907,1553614352,0,0,2877713,3930560,497827,0,244556,144076,0,0,0,0,0,0,0,0,0,0,2871582,102661,4434758,19,0,0,6367,0,0,0,0,0,0,0,36650628,34035992,0,0,89763,89763,15040,16376,0,0,0,0,0,0,0,0,0,2557903,1277389,0,262144,6535356,169701549,0,0,1026,1025,1571234408,0,0,0,0,0,0,0,0,0,0,0,0,1579738922,0,13999,1857070,1436270372,22701,0,0,98994456,0,0,0,0,0,0,0,0,0,0,0,0,0,0,0,0,0,0,0,14582,0,0,0,0,0,0,0,0,0,0,0,0,0,0,0,0,0,0,0,0,0,0,0,0,45708,4050,22696,18646,18646,0,0,3322,0,0,19,0,0,0,0,0,0,0,1,0,1,0,0,0,0,0,0,0,0,0,0,0,0,0,0,0,0,0,0,0,0,714,24,0
1774383815.001291,1291,ubuntu-rog,1,0,0,8480266,0,2877720,3930562,497827,0,15,0,0,0,0,0,1552463782,0,0,4907,1553614418,0,0,2877720,3930562,497827,0,244556,144076,0,0,0,0,0,0,0,0,0,0,2871582,102661,4434758,15,0,0,6367,0,0,0,0,0,0,0,36650628,34035996,0,0,89763,89763,15040,16376,0,0,0,0,0,0,0,0,0,2557903,1277390,0,262144,6535356,169701549,0,0,1026,1025,1571234474,0,0,0,0,0,0,0,0,0,0,0,0,1579738988,0,13999,1857070,1436270372,22701,0,0,98994456,0,0,0,0,0,0,0,0,0,0,0,0,0,0,0,0,0,0,0,14582,0,0,0,0,0,0,0,0,0,0,0,0,0,0,0,0,0,0,0,0,0,0,0,0,45708,4050,22696,18646,18646,0,0,3322,0,0,19,0,0,0,0,0,0,0,1,0,1,0,0,0,0,0,0,0,0,0,0,0,0,0,0,0,0,0,0,0,0,714,24,0
1774383816.002148,2148,ubuntu-rog,1,0,0,8480266,0,2877720,3930562,497827,0,16,0,0,0,0,0,1552463862,0,0,4907,1553614498,0,0,2877720,3930562,497827,0,244556,144076,0,0,0,0,0,0,0,0,0,0,2871582,102661,4434759,16,0,0,6367,0,0,0,0,0,0,0,36650629,34035996,0,0,89763,89763,15040,16376,0,0,0,0,0,0,0,0,0,2557903,1277390,0,262144,6535356,169701549,0,0,1026,1025,1571234554,0,0,0,0,0,0,0,0,0,0,0,0,1579739070,0,13999,1857070,1436270372,22701,0,0,98994456,0,0,0,0,0,0,0,0,0,0,0,0,0,0,0,0,0,0,0,14582,0,0,0,0,0,0,0,0,0,0,0,0,0,0,0,0,0,0,0,0,0,0,0,0,45708,4050,22696,18646,18646,0,0,3322,0,0,19,0,0,0,0,0,0,0,1,0,1,0,0,0,0,0,0,0,0,0,0,0,0,0,0,0,0,0,0,0,0,714,24,0
1774383817.001154,1154,ubuntu-rog,1,0,0,8480266,0,2877795,3930565,497827,0,17,0,0,0,0,0,1552464072,0,0,4907,1553614708,0,0,2877795,3930565,497827,0,244556,144076,0,0,0,0,0,0,0,0,0,0,2871628,102661,4434760,17,0,0,6367,0,0,0,0,0,0,0,36650630,34035996,0,0,89763,89763,15040,16376,0,0,0,0,0,0,0,0,0,2557904,1277390,0,262144,6535356,169701549,0,0,1026,1025,1571234834,0,0,0,0,0,0,0,0,0,0,0,0,1579739300,0,13999,1857070,1436270436,22701,0,0,98994456,0,0,0,0,0,0,0,0,0,0,0,0,0,0,0,0,0,0,0,14582,0,0,0,0,0,0,0,0,0,0,0,0,0,0,0,0,0,0,0,0,0,0,0,0,45708,4050,22696,18646,18646,0,0,3322,0,0,19,0,0,0,0,0,0,0,1,0,1,0,0,0,0,0,0,0,0,0,0,0,0,0,0,0,0,0,0,0,0,714,24,0
1774383818.001250,1250,ubuntu-rog,1,0,0,8480266,0,2877795,3930565,497827,0,17,0,0,0,0,0,1552464119,0,0,4907,1553614755,0,0,2877795,3930565,497827,0,244556,144076,0,0,0,0,0,0,0,0,0,0,2871628,102661,4434760,17,0,0,6367,0,0,0,0,0,0,0,36650630,34035996,0,0,89763,89763,15040,16376,0,0,0,0,0,0,0,0,0,2557904,1277390,0,262144,6535356,169701549,0,0,1026,1025,1571234881,0,0,0,0,0,0,0,0,0,0,0,0,1579739347,0,13999,1857070,1436270436,22701,0,0,98994456,0,0,0,0,0,0,0,0,0,0,0,0,0,0,0,0,0,0,0,14582,0,0,0,0,0,0,0,0,0,0,0,0,0,0,0,0,0,0,0,0,0,0,0,0,45708,4050,22696,18646,18646,0,0,3322,0,0,19,0,0,0,0,0,0,0,1,0,1,0,0,0,0,0,0,0,0,0,0,0,0,0,0,0,0,0,0,0,0,714,24,0
1774383819.001339,1339,ubuntu-rog,1,0,0,8480266,0,2877795,3930565,497827,0,19,0,0,0,0,0,1552464176,0,0,4907,1553614812,0,0,2877795,3930565,497827,0,244556,144076,0,0,0,0,0,0,0,0,0,0,2871628,102661,4434761,19,0,0,6367,0,0,0,0,0,0,0,36650632,34035996,0,0,89763,89763,15040,16376,0,0,0,0,0,0,0,0,0,2557904,1277390,0,262144,6535356,169701549,0,0,1026,1025,1571234938,0,0,0,0,0,0,0,0,0,0,0,0,1579739403,0,13999,1857070,1436270436,22701,0,0,98994456,0,0,0,0,0,0,0,0,0,0,0,0,0,0,0,0,0,0,0,14582,0,0,0,0,0,0,0,0,0,0,0,0,0,0,0,0,0,0,0,0,0,0,0,0,45708,4050,22696,18646,18646,0,0,3322,0,0,19,0,0,0,0,0,0,0,1,0,1,0,0,0,0,0,0,0,0,0,0,0,0,0,0,0,0,0,0,0,0,714,24,0
1774383820.002302,2302,ubuntu-rog,1,0,0,8480266,0,2877795,3930565,497827,0,21,0,0,0,0,0,1552464235,0,0,4907,1553614871,0,0,2877795,3930565,497827,0,244556,144074,0,0,0,0,0,0,0,0,0,0,2871628,102661,4434764,21,0,0,6367,0,0,0,0,0,0,0,36650634,34035996,0,0,89763,89763,15040,16376,0,0,0,0,0,0,0,0,0,2557904,1277390,0,262144,6535356,169701577,0,0,1026,1025,1571234997,0,0,0,0,0,0,0,0,0,0,0,0,1579739461,0,13999,1857070,1436270436,22701,0,0,98994456,0,0,0,0,0,0,0,0,0,0,0,0,0,0,0,0,0,0,0,14582,0,0,0,0,0,0,0,0,0,0,0,0,0,0,0,0,0,0,0,0,0,0,0,0,45708,4050,22696,18646,18646,0,0,3322,0,0,19,0,0,0,0,0,0,0,1,0,1,0,0,0,0,0,0,0,0,0,0,0,0,0,0,0,0,0,0,0,0,714,24,0
1774383821.001152,1152,ubuntu-rog,1,0,0,8480266,0,2877795,3930565,497827,0,21,0,0,0,0,0,1552464270,0,0,4907,1553614906,0,0,2877795,3930565,497827,0,244556,144074,0,0,0,0,0,0,0,0,0,0,2871628,102661,4434764,21,0,0,6367,0,0,0,0,0,0,0,36650634,34035996,0,0,89763,89763,15040,16376,0,0,0,0,0,0,0,0,0,2557904,1277390,0,262144,6535356,169701577,0,0,1026,1025,1571235032,0,0,0,0,0,0,0,0,0,0,0,0,1579739496,0,13999,1857070,1436270436,22701,0,0,98994456,0,0,0,0,0,0,0,0,0,0,0,0,0,0,0,0,0,0,0,14582,0,0,0,0,0,0,0,0,0,0,0,0,0,0,0,0,0,0,0,0,0,0,0,0,45708,4050,22696,18646,18646,0,0,3322,0,0,19,0,0,0,0,0,0,0,1,0,1,0,0,0,0,0,0,0,0,0,0,0,0,0,0,0,0,0,0,0,0,714,24,0
1774383822.001154,1154,ubuntu-rog,1,0,0,8480266,0,2877795,3930565,497827,0,21,0,0,0,0,0,1552464313,0,0,4907,1553614949,0,0,2877795,3930565,497827,0,244556,144074,0,0,0,0,0,0,0,0,0,0,2871628,102661,4434764,21,0,0,6367,0,0,0,0,0,0,0,36650634,34035996,0,0,89763,89763,15040,16376,0,0,0,0,0,0,0,0,0,2557904,1277390,0,262144,6535356,169701577,0,0,1026,1025,1571235075,0,0,0,0,0,0,0,0,0,0,0,0,1579739539,0,13999,1857070,1436270436,22701,0,0,98994456,0,0,0,0,0,0,0,0,0,0,0,0,0,0,0,0,0,0,0,14582,0,0,0,0,0,0,0,0,0,0,0,0,0,0,0,0,0,0,0,0,0,0,0,0,45708,4050,22696,18646,18646,0,0,3322,0,0,19,0,0,0,0,0,0,0,1,0,1,0,0,0,0,0,0,0,0,0,0,0,0,0,0,0,0,0,0,0,0,714,24,0
1774383823.001254,1254,ubuntu-rog,1,0,0,8480266,0,2877795,3930565,497827,0,23,0,0,0,0,0,1552464362,0,0,4907,1553614998,0,0,2877795,3930565,497827,0,244556,144074,0,0,0,0,0,0,0,0,0,0,2871628,102661,4434766,23,0,0,6367,0,0,0,0,0,0,0,36650636,34035996,0,0,89763,89763,15040,16376,0,0,0,0,0,0,0,0,0,2557904,1277390,0,262144,6535356,169701577,0,0,1026,1025,1571235124,0,0,0,0,0,0,0,0,0,0,0,0,1579739586,0,13999,1857070,1436270436,22701,0,0,98994456,0,0,0,0,0,0,0,0,0,0,0,0,0,0,0,0,0,0,0,14582,0,0,0,0,0,0,0,0,0,0,0,0,0,0,0,0,0,0,0,0,0,0,0,0,45708,4050,22696,18646,18646,0,0,3322,0,0,19,0,0,0,0,0,0,0,1,0,1,0,0,0,0,0,0,0,0,0,0,0,0,0,0,0,0,0,0,0,0,714,24,0
1774383824.002287,2287,ubuntu-rog,1,0,0,8480266,0,2877795,3930567,497827,0,16,0,0,0,0,0,1552464396,0,0,4907,1553615032,0,0,2877795,3930567,497827,0,244556,144074,0,0,0,0,0,0,0,0,0,0,2871628,102661,4434766,16,0,0,6367,0,0,0,0,0,0,0,36650636,34036003,0,0,89763,89763,15040,16376,0,0,0,0,0,0,0,0,0,2557904,1277390,0,262144,6535356,169701597,0,0,1026,1025,1571235158,0,0,0,0,0,0,0,0,0,0,0,0,1579739620,0,13999,1857070,1436270436,22701,0,0,98994456,0,0,0,0,0,0,0,0,0,0,0,0,0,0,0,0,0,0,0,14582,0,0,0,0,0,0,0,0,0,0,0,0,0,0,0,0,0,0,0,0,0,0,0,0,45708,4050,22696,18646,18646,0,0,3322,0,0,19,0,0,0,0,0,0,0,1,0,1,0,0,0,0,0,0,0,0,0,0,0,0,0,0,0,0,0,0,0,0,714,24,0
1774383825.001285,1285,ubuntu-rog,1,0,0,8480266,0,2877795,3930567,497827,0,11,0,0,0,0,0,1552464440,0,0,4907,1553615076,0,0,2877795,3930567,497827,0,244556,144074,0,0,0,0,0,0,0,0,0,0,2871628,102661,4434768,11,0,0,6367,0,0,0,0,0,0,0,36650641,34036013,0,0,89763,89763,15040,16376,0,0,0,0,0,0,0,0,0,2557904,1277390,0,262144,6535356,169701665,0,0,1026,1025,1571235202,0,0,0,0,0,0,0,0,0,0,0,0,1579739662,0,13999,1857070,1436270436,22701,0,0,98994456,0,0,0,0,0,0,0,0,0,0,0,0,0,0,0,0,0,0,0,14582,0,0,0,0,0,0,0,0,0,0,0,0,0,0,0,0,0,0,0,0,0,0,0,0,45708,4050,22696,18646,18646,0,0,3322,0,0,19,0,0,0,0,0,0,0,1,0,1,0,0,0,0,0,0,0,0,0,0,0,0,0,0,0,0,0,0,0,0,714,24,0
1774383826.001167,1167,ubuntu-rog,1,0,0,8480266,0,2877795,3930567,497827,0,11,0,0,0,0,0,1552464478,0,0,4907,1553615114,0,0,2877795,3930567,497827,0,244556,144074,0,0,0,0,0,0,0,0,0,0,2871628,102661,4434768,11,0,0,6367,0,0,0,0,0,0,0,36650641,34036013,0,0,89763,89763,15040,16376,0,0,0,0,0,0,0,0,0,2557904,1277390,0,262144,6535356,169701665,0,0,1026,1025,1571235240,0,0,0,0,0,0,0,0,0,0,0,0,1579739700,0,13999,1857070,1436270436,22701,0,0,98994456,0,0,0,0,0,0,0,0,0,0,0,0,0,0,0,0,0,0,0,14582,0,0,0,0,0,0,0,0,0,0,0,0,0,0,0,0,0,0,0,0,0,0,0,0,45708,4050,22696,18646,18646,0,0,3322,0,0,19,0,0,0,0,0,0,0,1,0,1,0,0,0,0,0,0,0,0,0,0,0,0,0,0,0,0,0,0,0,0,714,24,0
1774383827.001155,1155,ubuntu-rog,1,0,0,8480266,0,2877823,3930567,497827,0,13,0,0,0,0,0,1552464518,0,0,4907,1553615154,0,0,2877823,3930567,497827,0,244556,144074,0,0,0,0,0,0,0,0,0,0,2871630,102661,4434769,13,0,0,6367,0,0,0,0,0,0,0,36650643,34036013,0,0,89763,89763,15040,16376,0,0,0,0,0,0,0,0,0,2557904,1277390,0,262144,6535356,169701665,0,0,1026,1025,1571235280,0,0,0,0,0,0,0,0,0,0,0,0,1579739736,0,13999,1857070,1436270442,22701,0,0,98994456,0,0,0,0,0,0,0,0,0,0,0,0,0,0,0,0,0,0,0,14582,0,0,0,0,0,0,0,0,0,0,0,0,0,0,0,0,0,0,0,0,0,0,0,0,45708,4050,22696,18646,18646,0,0,3322,0,0,19,0,0,0,0,0,0,0,1,0,1,0,0,0,0,0,0,0,0,0,0,0,0,0,0,0,0,0,0,0,0,714,24,0
1774383828.002253,2253,ubuntu-rog,1,0,0,8480266,0,2877823,3930567,497827,0,13,0,0,0,0,0,1552464548,0,0,4907,1553615184,0,0,2877823,3930567,497827,0,244556,144074,0,0,0,0,0,0,0,0,0,0,2871630,102661,4434769,13,0,0,6367,0,0,0,0,0,0,0,36650643,34036013,0,0,89763,89763,15040,16376,0,0,0,0,0,0,0,0,0,2557904,1277390,0,262144,6535356,169701665,0,0,1026,1025,1571235310,0,0,0,0,0,0,0,0,0,0,0,0,1579739766,0,13999,1857070,1436270442,22701,0,0,98994456,0,0,0,0,0,0,0,0,0,0,0,0,0,0,0,0,0,0,0,14582,0,0,0,0,0,0,0,0,0,0,0,0,0,0,0,0,0,0,0,0,0,0,0,0,45708,4050,22696,18646,18646,0,0,3322,0,0,19,0,0,0,0,0,0,0,1,0,1,0,0,0,0,0,0,0,0,0,0,0,0,0,0,0,0,0,0,0,0,714,24,0
1774383829.001294,1294,ubuntu-rog,1,0,0,8480266,0,2877823,3930567,497827,0,13,0,0,0,0,0,1552464571,0,0,4907,1553615207,0,0,2877823,3930567,497827,0,244556,144074,0,0,0,0,0,0,0,0,0,0,2871630,102661,4434769,13,0,0,6367,0,0,0,0,0,0,0,36650643,34036013,0,0,89763,89763,15040,16376,0,0,0,0,0,0,0,0,0,2557904,1277390,0,262144,6535356,169701665,0,0,1026,1025,1571235333,0,0,0,0,0,0,0,0,0,0,0,0,1579739789,0,13999,1857070,1436270442,22701,0,0,98994456,0,0,0,0,0,0,0,0,0,0,0,0,0,0,0,0,0,0,0,14582,0,0,0,0,0,0,0,0,0,0,0,0,0,0,0,0,0,0,0,0,0,0,0,0,45708,4050,22696,18646,18646,0,0,3322,0,0,19,0,0,0,0,0,0,0,1,0,1,0,0,0,0,0,0,0,0,0,0,0,0,0,0,0,0,0,0,0,0,714,24,0
1774383830.001291,1291,ubuntu-rog,1,0,0,8480266,0,2877823,3930567,497827,0,15,0,0,0,0,0,1552464604,0,0,4907,1553615240,0,0,2877823,3930567,497827,0,244556,144074,0,0,0,0,0,0,0,0,0,0,2871630,102661,4434771,15,0,0,6367,0,0,0,0,0,0,0,36650645,34036013,0,0,89763,89763,15040,16376,0,0,0,0,0,0,0,0,0,2557904,1277390,0,262144,6535356,169701665,0,0,1026,1025,1571235366,0,0,0,0,0,0,0,0,0,0,0,0,1579739820,0,13999,1857070,1436270442,22701,0,0,98994456,0,0,0,0,0,0,0,0,0,0,0,0,0,0,0,0,0,0,0,14582,0,0,0,0,0,0,0,0,0,0,0,0,0,0,0,0,0,0,0,0,0,0,0,0,45708,4050,22696,18646,18646,0,0,3322,0,0,19,0,0,0,0,0,0,0,1,0,1,0,0,0,0,0,0,0,0,0,0,0,0,0,0,0,0,0,0,0,0,714,24,0
1774383831.001151,1151,ubuntu-rog,1,0,0,8480266,0,2877823,3930567,497827,0,16,0,0,0,0,0,1552464636,0,0,4907,1553615272,0,0,2877823,3930567,497827,0,244556,144074,0,0,0,0,0,0,0,0,0,0,2871630,102661,4434774,16,0,0,6367,0,0,0,0,0,0,0,36650646,34036013,0,0,89763,89763,15040,16376,0,0,0,0,0,0,0,0,0,2557904,1277390,0,262144,6535356,169701681,0,0,1026,1025,1571235398,0,0,0,0,0,0,0,0,0,0,0,0,1579739849,0,13999,1857070,1436270442,22701,0,0,98994456,0,0,0,0,0,0,0,0,0,0,0,0,0,0,0,0,0,0,0,14582,0,0,0,0,0,0,0,0,0,0,0,0,0,0,0,0,0,0,0,0,0,0,0,0,45708,4050,22696,18646,18646,0,0,3322,0,0,19,0,0,0,0,0,0,0,1,0,1,0,0,0,0,0,0,0,0,0,0,0,0,0,0,0,0,0,0,0,0,714,24,0
1774383832.002160,2160,ubuntu-rog,1,0,0,8480266,0,2877823,3930567,497827,0,16,0,0,0,0,0,1552464671,0,0,4907,1553615307,0,0,2877823,3930567,497827,0,244556,144074,0,0,0,0,0,0,0,0,0,0,2871630,102661,4434774,16,0,0,6367,0,0,0,0,0,0,0,36650646,34036013,0,0,89763,89763,15040,16376,0,0,0,0,0,0,0,0,0,2557904,1277390,0,262144,6535356,169701681,0,0,1026,1025,1571235433,0,0,0,0,0,0,0,0,0,0,0,0,1579739884,0,13999,1857070,1436270442,22701,0,0,98994456,0,0,0,0,0,0,0,0,0,0,0,0,0,0,0,0,0,0,0,14582,0,0,0,0,0,0,0,0,0,0,0,0,0,0,0,0,0,0,0,0,0,0,0,0,45708,4050,22696,18646,18646,0,0,3322,0,0,19,0,0,0,0,0,0,0,1,0,1,0,0,0,0,0,0,0,0,0,0,0,0,0,0,0,0,0,0,0,0,714,24,0
1774383833.001259,1259,ubuntu-rog,1,0,0,8480266,0,2877823,3930567,497827,0,16,0,0,0,0,0,1552464702,0,0,4907,1553615338,0,0,2877823,3930567,497827,0,244556,144074,0,0,0,0,0,0,0,0,0,0,2871630,102661,4434774,16,0,0,6367,0,0,0,0,0,0,0,36650646,34036013,0,0,89763,89763,15040,16376,0,0,0,0,0,0,0,0,0,2557904,1277390,0,262144,6535356,169701681,0,0,1026,1025,1571235464,0,0,0,0,0,0,0,0,0,0,0,0,1579739915,0,13999,1857070,1436270442,22701,0,0,98994456,0,0,0,0,0,0,0,0,0,0,0,0,0,0,0,0,0,0,0,14582,0,0,0,0,0,0,0,0,0,0,0,0,0,0,0,0,0,0,0,0,0,0,0,0,45708,4050,22696,18646,18646,0,0,3322,0,0,19,0,0,0,0,0,0,0,1,0,1,0,0,0,0,0,0,0,0,0,0,0,0,0,0,0,0,0,0,0,0,714,24,0
1774383834.001295,1295,ubuntu-rog,1,0,0,8480266,0,2877823,3930567,497827,0,17,0,0,0,0,0,1552464730,0,0,4907,1553615366,0,0,2877823,3930567,497827,0,244557,144074,0,0,0,0,0,0,0,0,0,0,2871630,102661,4434775,17,0,0,6367,0,0,0,0,0,0,0,36650647,34036013,0,0,89763,89763,15040,16376,0,0,0,0,0,0,0,0,0,2557904,1277390,0,262144,6535356,169701681,0,0,1026,1025,1571235492,0,0,0,0,0,0,0,0,0,0,0,0,1579739941,0,13999,1857070,1436270442,22701,0,0,98994456,0,0,0,0,0,0,0,0,0,0,0,0,0,0,0,0,0,0,0,14582,0,0,0,0,0,0,0,0,0,0,0,0,0,0,0,0,0,0,0,0,0,0,0,0,45708,4050,22696,18646,18646,0,0,3322,0,0,19,0,0,0,0,0,0,0,1,0,1,0,0,0,0,0,0,0,0,0,0,0,0,0,0,0,0,0,0,0,0,714,24,0
1774383835.001293,1293,ubuntu-rog,1,0,0,8480266,0,2877823,3930567,497827,0,17,0,0,0,0,0,1552464757,0,0,4907,1553615393,0,0,2877823,3930567,497827,0,244557,144074,0,0,0,0,0,0,0,0,0,0,2871630,102661,4434775,17,0,0,6367,0,0,0,0,0,0,0,36650647,34036013,0,0,89763,89763,15040,16376,0,0,0,0,0,0,0,0,0,2557904,1277390,0,262144,6535356,169701681,0,0,1026,1025,1571235519,0,0,0,0,0,0,0,0,0,0,0,0,1579739968,0,13999,1857070,1436270442,22701,0,0,98994456,0,0,0,0,0,0,0,0,0,0,0,0,0,0,0,0,0,0,0,14582,0,0,0,0,0,0,0,0,0,0,0,0,0,0,0,0,0,0,0,0,0,0,0,0,45708,4050,22696,18646,18646,0,0,3322,0,0,19,0,0,0,0,0,0,0,1,0,1,0,0,0,0,0,0,0,0,0,0,0,0,0,0,0,0,0,0,0,0,714,24,0
1774383836.002146,2146,ubuntu-rog,1,0,0,8480266,0,2877823,3930567,497827,0,18,0,0,0,0,0,1552464788,0,0,4907,1553615424,0,0,2877823,3930567,497827,0,244557,144074,0,0,0,0,0,0,0,0,0,0,2871630,102661,4434776,18,0,0,6367,0,0,0,0,0,0,0,36650648,34036013,0,0,89763,89763,15040,16376,0,0,0,0,0,0,0,0,0,2557904,1277390,0,262144,6535356,169701681,0,0,1026,1025,1571235550,0,0,0,0,0,0,0,0,0,0,0,0,1579739998,0,13999,1857070,1436270442,22701,0,0,98994456,0,0,0,0,0,0,0,0,0,0,0,0,0,0,0,0,0,0,0,14582,0,0,0,0,0,0,0,0,0,0,0,0,0,0,0,0,0,0,0,0,0,0,0,0,45708,4050,22696,18646,18646,0,0,3322,0,0,19,0,0,0,0,0,0,0,1,0,1,0,0,0,0,0,0,0,0,0,0,0,0,0,0,0,0,0,0,0,0,714,24,0
1774383837.001148,1148,ubuntu-rog,1,0,0,8480266,0,2877823,3930567,497827,0,19,0,0,0,0,0,1552464811,0,0,4907,1553615447,0,0,2877823,3930567,497827,0,244557,144074,0,0,0,0,0,0,0,0,0,0,2871630,102661,4434778,19,0,0,6367,0,0,0,0,0,0,0,36650649,34036013,0,0,89763,89763,15040,16376,0,0,0,0,0,0,0,0,0,2557904,1277390,0,262144,6535356,169701697,0,0,1026,1025,1571235573,0,0,0,0,0,0,0,0,0,0,0,0,1579740019,0,13999,1857070,1436270442,22701,0,0,98994456,0,0,0,0,0,0,0,0,0,0,0,0,0,0,0,0,0,0,0,14582,0,0,0,0,0,0,0,0,0,0,0,0,0,0,0,0,0,0,0,0,0,0,0,0,45708,4050,22696,18646,18646,0,0,3322,0,0,19,0,0,0,0,0,0,0,1,0,1,0,0,0,0,0,0,0,0,0,0,0,0,0,0,0,0,0,0,0,0,714,24,0
1774383838.001253,1253,ubuntu-rog,1,0,0,8480266,0,2877823,3930567,497827,0,19,0,0,0,0,0,1552464840,0,0,4907,1553615476,0,0,2877823,3930567,497827,0,244557,144074,0,0,0,0,0,0,0,0,0,0,2871630,102661,4434778,19,0,0,6367,0,0,0,0,0,0,0,36650649,34036013,0,0,89763,89763,15040,16376,0,0,0,0,0,0,0,0,0,2557904,1277390,0,262144,6535356,169701697,0,0,1026,1025,1571235602,0,0,0,0,0,0,0,0,0,0,0,0,1579740048,0,13999,1857070,1436270442,22701,0,0,98994456,0,0,0,0,0,0,0,0,0,0,0,0,0,0,0,0,0,0,0,14582,0,0,0,0,0,0,0,0,0,0,0,0,0,0,0,0,0,0,0,0,0,0,0,0,45708,4050,22696,18646,18646,0,0,3322,0,0,19,0,0,0,0,0,0,0,1,0,1,0,0,0,0,0,0,0,0,0,0,0,0,0,0,0,0,0,0,0,0,714,24,0
1774383839.001295,1295,ubuntu-rog,1,0,0,8480266,0,2877823,3930567,497827,0,19,0,0,0,0,0,1552464870,0,0,4907,1553615506,0,0,2877823,3930567,497827,0,244557,144074,0,0,0,0,0,0,0,0,0,0,2871630,102661,4434778,19,0,0,6367,0,0,0,0,0,0,0,36650649,34036013,0,0,89763,89763,15040,16376,0,0,0,0,0,0,0,0,0,2557904,1277390,0,262144,6535356,169701697,0,0,1026,1025,1571235632,0,0,0,0,0,0,0,0,0,0,0,0,1579740078,0,13999,1857070,1436270442,22701,0,0,98994456,0,0,0,0,0,0,0,0,0,0,0,0,0,0,0,0,0,0,0,14582,0,0,0,0,0,0,0,0,0,0,0,0,0,0,0,0,0,0,0,0,0,0,0,0,45708,4050,22696,18646,18646,0,0,3322,0,0,19,0,0,0,0,0,0,0,1,0,1,0,0,0,0,0,0,0,0,0,0,0,0,0,0,0,0,0,0,0,0,714,24,0
1774383840.002285,2285,ubuntu-rog,1,0,0,8480266,0,2877823,3930567,497827,0,20,0,0,0,0,0,1552464897,0,0,4907,1553615533,0,0,2877823,3930567,497827,0,244557,144074,0,0,0,0,0,0,0,0,0,0,2871630,102661,4434779,20,0,0,6367,0,0,0,0,0,0,0,36650650,34036013,0,0,89763,89763,15040,16376,0,0,0,0,0,0,0,0,0,2557904,1277390,0,262144,6535356,169701697,0,0,1026,1025,1571235659,0,0,0,0,0,0,0,0,0,0,0,0,1579740104,0,13999,1857070,1436270442,22701,0,0,98994456,0,0,0,0,0,0,0,0,0,0,0,0,0,0,0,0,0,0,0,14582,0,0,0,0,0,0,0,0,0,0,0,0,0,0,0,0,0,0,0,0,0,0,0,0,45708,4050,22696,18646,18646,0,0,3322,0,0,19,0,0,0,0,0,0,0,1,0,1,0,0,0,0,0,0,0,0,0,0,0,0,0,0,0,0,0,0,0,0,714,24,0
1774383841.001151,1151,ubuntu-rog,1,0,0,8480266,0,2877823,3930567,497827,0,20,0,0,0,0,0,1552464926,0,0,4907,1553615562,0,0,2877823,3930567,497827,0,244557,144074,0,0,0,0,0,0,0,0,0,0,2871630,102661,4434779,20,0,0,6367,0,0,0,0,0,0,0,36650650,34036013,0,0,89763,89763,15040,16376,0,0,0,0,0,0,0,0,0,2557904,1277390,0,262144,6535356,169701697,0,0,1026,1025,1571235688,0,0,0,0,0,0,0,0,0,0,0,0,1579740133,0,13999,1857070,1436270442,22701,0,0,98994456,0,0,0,0,0,0,0,0,0,0,0,0,0,0,0,0,0,0,0,14582,0,0,0,0,0,0,0,0,0,0,0,0,0,0,0,0,0,0,0,0,0,0,0,0,45708,4050,22696,18646,18646,0,0,3322,0,0,19,0,0,0,0,0,0,0,1,0,1,0,0,0,0,0,0,0,0,0,0,0,0,0,0,0,0,0,0,0,0,714,24,0
1774383842.001154,1154,ubuntu-rog,1,0,0,8480266,0,2877823,3930567,497827,0,22,0,0,0,0,0,1552464957,0,0,4907,1553615593,0,0,2877823,3930567,497827,0,244557,144074,0,0,0,0,0,0,0,0,0,0,2871630,102661,4434782,22,0,0,6367,0,0,0,0,0,0,0,36650652,34036013,0,0,89763,89763,15040,16376,0,0,0,0,0,0,0,0,0,2557904,1277390,0,262144,6535356,169701717,0,0,1026,1025,1571235719,0,0,0,0,0,0,0,0,0,0,0,0,1579740161,0,13999,1857070,1436270442,22701,0,0,98994456,0,0,0,0,0,0,0,0,0,0,0,0,0,0,0,0,0,0,0,14582,0,0,0,0,0,0,0,0,0,0,0,0,0,0,0,0,0,0,0,0,0,0,0,0,45708,4050,22696,18646,18646,0,0,3322,0,0,19,0,0,0,0,0,0,0,1,0,1,0,0,0,0,0,0,0,0,0,0,0,0,0,0,0,0,0,0,0,0,714,24,0
1774383843.001299,1299,ubuntu-rog,1,0,0,8480266,0,2877823,3930567,497827,0,22,0,0,0,0,0,1552464978,0,0,4907,1553615614,0,0,2877823,3930567,497827,0,244557,144074,0,0,0,0,0,0,0,0,0,0,2871630,102661,4434782,22,0,0,6367,0,0,0,0,0,0,0,36650652,34036013,0,0,89763,89763,15040,16376,0,0,0,0,0,0,0,0,0,2557904,1277390,0,262144,6535356,169701717,0,0,1026,1025,1571235747,0,0,0,0,0,0,0,0,0,0,0,0,1579740181,0,13999,1857070,1436270442,22701,0,0,98994456,0,0,0,0,0,0,0,0,0,0,0,0,0,0,0,0,0,0,0,14582,0,0,0,0,0,0,0,0,0,0,0,0,0,0,0,0,0,0,0,0,0,0,0,0,45708,4050,22696,18646,18646,0,0,3322,0,0,19,0,0,0,0,0,0,0,1,0,1,0,0,0,0,0,0,0,0,0,0,0,0,0,0,0,0,0,0,0,0,714,24,0
1774383844.002325,2325,ubuntu-rog,1,0,0,8480330,0,2877823,3930567,497827,0,24,0,0,0,0,0,1552465027,0,0,4907,1553615663,0,0,2877823,3930567,497827,0,244557,144074,0,0,0,0,0,0,0,0,0,0,2871639,102661,4434784,24,0,0,6367,0,0,0,0,0,0,0,36650654,34036013,0,0,89763,89763,15040,16379,0,0,0,0,0,0,0,0,0,2557917,1277397,0,262144,6535356,169701717,0,0,1026,1025,1571235810,0,0,0,0,0,0,0,0,0,0,0,0,1579740249,0,13999,1857070,1436270469,22701,0,0,98994473,0,0,0,0,0,0,0,0,0,0,0,0,0,0,0,0,0,0,0,14582,0,0,0,0,0,0,0,0,0,0,0,0,0,0,0,0,0,0,0,0,0,0,0,0,45708,4050,22696,18646,18646,0,0,3322,0,0,19,0,0,0,0,0,0,0,1,0,1,0,0,0,0,0,0,0,0,0,0,0,0,0,0,0,0,0,0,0,0,714,24,0
1774383845.001303,1303,ubuntu-rog,1,0,0,8480347,0,2877823,3930567,497827,0,24,0,0,0,0,0,1552465057,0,0,4907,1553615693,0,0,2877823,3930567,497827,0,244557,144074,0,0,0,0,0,0,0,0,0,0,2871639,102661,4434784,24,0,0,6367,0,0,0,0,0,0,0,36650654,34036013,0,0,89763,89763,15040,16379,0,0,0,0,0,0,0,0,0,2557920,1277398,0,262144,6535356,169701745,0,0,1026,1025,1571235840,0,0,0,0,0,0,0,0,0,0,0,0,1579740279,0,13999,1857070,1436270469,22701,0,0,98994473,0,0,0,0,0,0,0,0,0,0,0,0,0,0,0,0,0,0,0,14582,0,0,0,0,0,0,0,0,0,0,0,0,0,0,0,0,0,0,0,0,0,0,0,0,45708,4050,22696,18646,18646,0,0,3322,0,0,19,0,0,0,0,0,0,0,1,0,1,0,0,0,0,0,0,0,0,0,0,0,0,0,0,0,0,0,0,0,0,714,24,0
1774383846.001153,1153,ubuntu-rog,1,0,0,8480347,0,2877824,3930567,497827,0,17,0,0,0,0,0,1552465086,0,0,4907,1553615722,0,0,2877824,3930567,497827,0,244557,144074,0,0,0,0,0,0,0,0,0,0,2871639,102661,4434784,17,0,0,6367,0,0,0,0,0,0,0,36650654,34036020,0,0,89763,89763,15040,16379,0,0,0,0,0,0,0,0,0,2557920,1277398,0,262144,6535356,169701745,0,0,1026,1025,1571235869,0,0,0,0,0,0,0,0,0,0,0,0,1579740308,0,13999,1857070,1436270469,22701,0,0,98994473,0,0,0,0,0,0,0,0,0,0,0,0,0,0,0,0,0,0,0,14582,0,0,0,0,0,0,0,0,0,0,0,0,0,0,0,0,0,0,0,0,0,0,0,0,45708,4050,22696,18646,18646,0,0,3322,0,0,19,0,0,0,0,0,0,0,1,0,1,0,0,0,0,0,0,0,0,0,0,0,0,0,0,0,0,0,0,0,0,714,24,0
1774383847.001152,1152,ubuntu-rog,1,0,0,8480347,0,2877824,3930598,497827,0,23,0,0,0,0,0,1552465123,0,0,4907,1553615759,0,0,2877824,3930598,497827,0,244557,144074,0,0,0,0,0,0,0,0,0,0,2871639,102661,4434787,23,0,0,6367,0,0,0,0,0,0,0,36650660,34036020,0,0,89763,89763,15040,16379,0,0,0,0,0,0,0,0,0,2557926,1277401,0,262144,6535356,169701789,0,0,1026,1025,1571235906,0,0,0,0,0,0,0,0,0,0,0,0,1579740342,0,13999,1857070,1436270469,22701,0,0,98994473,0,0,0,0,0,0,0,0,0,0,0,0,0,0,0,0,0,0,0,14582,0,0,0,0,0,0,0,0,0,0,0,0,0,0,0,0,0,0,0,0,0,0,0,0,45708,4050,22696,18646,18646,0,0,3322,0,0,19,0,0,0,0,0,0,0,1,0,1,0,0,0,0,0,0,0,0,0,0,0,0,0,0,0,0,0,0,0,0,714,24,0
1774383848.002254,2254,ubuntu-rog,1,0,0,8480347,0,2877824,3930598,497827,0,23,0,0,0,0,0,1552465153,0,0,4907,1553615789,0,0,2877824,3930598,497827,0,244557,144074,0,0,0,0,0,0,0,0,0,0,2871639,102661,4434787,23,0,0,6367,0,0,0,0,0,0,0,36650660,34036020,0,0,89763,89763,15040,16379,0,0,0,0,0,0,0,0,0,2557926,1277401,0,262144,6535356,169701789,0,0,1026,1025,1571235936,0,0,0,0,0,0,0,0,0,0,0,0,1579740372,0,13999,1857070,1436270469,22701,0,0,98994473,0,0,0,0,0,0,0,0,0,0,0,0,0,0,0,0,0,0,0,14582,0,0,0,0,0,0,0,0,0,0,0,0,0,0,0,0,0,0,0,0,0,0,0,0,45708,4050,22696,18646,18646,0,0,3322,0,0,19,0,0,0,0,0,0,0,1,0,1,0,0,0,0,0,0,0,0,0,0,0,0,0,0,0,0,0,0,0,0,714,24,0
1774383849.001290,1290,ubuntu-rog,1,0,0,8480347,0,2877824,3930598,497827,0,25,0,0,0,0,0,1552465183,0,0,4907,1553615819,0,0,2877824,3930598,497827,0,244557,144074,0,0,0,0,0,0,0,0,0,0,2871639,102661,4434788,25,0,0,6367,0,0,0,0,0,0,0,36650662,34036020,0,0,89763,89763,15040,16379,0,0,0,0,0,0,0,0,0,2557926,1277401,0,262144,6535356,169701789,0,0,1026,1025,1571235966,0,0,0,0,0,0,0,0,0,0,0,0,1579740401,0,13999,1857070,1436270469,22701,0,0,98994473,0,0,0,0,0,0,0,0,0,0,0,0,0,0,0,0,0,0,0,14582,0,0,0,0,0,0,0,0,0,0,0,0,0,0,0,0,0,0,0,0,0,0,0,0,45708,4050,22696,18646,18646,0,0,3322,0,0,19,0,0,0,0,0,0,0,1,0,1,0,0,0,0,0,0,0,0,0,0,0,0,0,0,0,0,0,0,0,0,714,24,0
1774383850.001283,1283,ubuntu-rog,1,0,0,8480347,0,2877824,3930598,497827,0,25,0,0,0,0,0,1552465214,0,0,4907,1553615850,0,0,2877824,3930598,497827,0,244557,144074,0,0,0,0,0,0,0,0,0,0,2871639,102661,4434788,25,0,0,6367,0,0,0,0,0,0,0,36650662,34036020,0,0,89763,89763,15040,16379,0,0,0,0,0,0,0,0,0,2557926,1277401,0,262144,6535356,169701805,0,0,1026,1025,1571235997,0,0,0,0,0,0,0,0,0,0,0,0,1579740432,0,13999,1857070,1436270469,22701,0,0,98994473,0,0,0,0,0,0,0,0,0,0,0,0,0,0,0,0,0,0,0,14582,0,0,0,0,0,0,0,0,0,0,0,0,0,0,0,0,0,0,0,0,0,0,0,0,45708,4050,22696,18646,18646,0,0,3322,0,0,19,0,0,0,0,0,0,0,1,0,1,0,0,0,0,0,0,0,0,0,0,0,0,0,0,0,0,0,0,0,0,714,24,0
1774383851.001165,1165,ubuntu-rog,1,0,0,8480347,0,2877793,3930598,497827,0,22,0,0,0,0,0,1552465240,0,0,4907,1553615876,0,0,2877793,3930598,497827,0,244557,144074,0,0,0,0,0,0,0,0,0,0,2871597,102661,4434789,22,0,0,6367,0,0,0,0,0,0,0,36650663,34036024,0,0,89763,89763,15040,16379,0,0,0,0,0,0,0,0,0,2557926,1277401,0,262144,6535356,169701805,0,0,1026,1025,1571236023,0,0,0,0,0,0,0,0,0,0,0,0,1579740488,0,13999,1857070,1436270469,22701,0,0,98994473,0,0,0,0,0,0,0,0,0,0,0,0,0,0,0,0,0,0,0,14582,0,0,0,0,0,0,0,0,0,0,0,0,0,0,0,0,0,0,0,0,0,0,0,0,45708,4050,22696,18646,18646,0,0,3322,0,0,19,0,0,0,0,0,0,0,1,0,1,0,0,0,0,0,0,0,0,0,0,0,0,0,0,0,0,0,0,0,0,714,24,0
1774383852.002150,2150,ubuntu-rog,1,0,0,8480347,0,2877793,3930598,497827,0,22,0,0,0,0,0,1552465271,0,0,4907,1553615907,0,0,2877793,3930598,497827,0,244557,144074,0,0,0,0,0,0,0,0,0,0,2871597,102661,4434789,22,0,0,6367,0,0,0,0,0,0,0,36650663,34036024,0,0,89763,89763,15040,16379,0,0,0,0,0,0,0,0,0,2557926,1277401,0,262144,6535356,169701805,0,0,1026,1025,1571236054,0,0,0,0,0,0,0,0,0,0,0,0,1579740519,0,13999,1857070,1436270469,22701,0,0,98994473,0,0,0,0,0,0,0,0,0,0,0,0,0,0,0,0,0,0,0,14582,0,0,0,0,0,0,0,0,0,0,0,0,0,0,0,0,0,0,0,0,0,0,0,0,45708,4050,22696,18646,18646,0,0,3322,0,0,19,0,0,0,0,0,0,0,1,0,1,0,0,0,0,0,0,0,0,0,0,0,0,0,0,0,0,0,0,0,0,714,24,0
1774383853.001255,1255,ubuntu-rog,1,0,0,8480347,0,2877793,3930598,497827,0,23,0,0,0,0,0,1552465302,0,0,4907,1553615938,0,0,2877793,3930598,497827,0,244557,144074,0,0,0,0,0,0,0,0,0,0,2871597,102661,4434790,23,0,0,6367,0,0,0,0,0,0,0,36650664,34036024,0,0,89763,89763,15040,16379,0,0,0,0,0,0,0,0,0,2557926,1277401,0,262144,6535356,169701833,0,0,1026,1025,1571236085,0,0,0,0,0,0,0,0,0,0,0,0,1579740549,0,13999,1857070,1436270469,22701,0,0,98994473,0,0,0,0,0,0,0,0,0,0,0,0,0,0,0,0,0,0,0,14582,0,0,0,0,0,0,0,0,0,0,0,0,0,0,0,0,0,0,0,0,0,0,0,0,45708,4050,22696,18646,18646,0,0,3322,0,0,19,0,0,0,0,0,0,0,1,0,1,0,0,0,0,0,0,0,0,0,0,0,0,0,0,0,0,0,0,0,0,714,24,0
1774383854.001293,1293,ubuntu-rog,1,0,0,8480347,0,2877793,3930598,497827,0,24,0,0,0,0,0,1552465325,0,0,4907,1553615961,0,0,2877793,3930598,497827,0,244557,144074,0,0,0,0,0,0,0,0,0,0,2871597,102661,4434791,24,0,0,6367,0,0,0,0,0,0,0,36650665,34036024,0,0,89763,89763,15040,16379,0,0,0,0,0,0,0,0,0,2557926,1277401,0,262144,6535356,169701833,0,0,1026,1025,1571236108,0,0,0,0,0,0,0,0,0,0,0,0,1579740571,0,13999,1857070,1436270469,22701,0,0,98994473,0,0,0,0,0,0,0,0,0,0,0,0,0,0,0,0,0,0,0,14582,0,0,0,0,0,0,0,0,0,0,0,0,0,0,0,0,0,0,0,0,0,0,0,0,45708,4050,22696,18646,18646,0,0,3322,0,0,19,0,0,0,0,0,0,0,1,0,1,0,0,0,0,0,0,0,0,0,0,0,0,0,0,0,0,0,0,0,0,714,24,0
1774383855.001291,1291,ubuntu-rog,1,0,0,8480347,0,2877793,3930598,497827,0,25,0,0,0,0,0,1552465355,0,0,4907,1553615991,0,0,2877793,3930598,497827,0,244557,144074,0,0,0,0,0,0,0,0,0,0,2871597,102661,4434792,25,0,0,6367,0,0,0,0,0,0,0,36650666,34036024,0,0,89763,89763,15040,16379,0,0,0,0,0,0,0,0,0,2557926,1277401,0,262144,6535356,169701833,0,0,1026,1025,1571236138,0,0,0,0,0,0,0,0,0,0,0,0,1579740600,0,13999,1857070,1436270469,22701,0,0,98994473,0,0,0,0,0,0,0,0,0,0,0,0,0,0,0,0,0,0,0,14582,0,0,0,0,0,0,0,0,0,0,0,0,0,0,0,0,0,0,0,0,0,0,0,0,45708,4050,22696,18646,18646,0,0,3322,0,0,19,0,0,0,0,0,0,0,1,0,1,0,0,0,0,0,0,0,0,0,0,0,0,0,0,0,0,0,0,0,0,714,24,0
1774383856.002147,2147,ubuntu-rog,1,0,0,8480347,0,2877800,3930598,497827,0,15,0,0,0,0,0,1552465385,0,0,4907,1553616021,0,0,2877800,3930598,497827,0,244557,144074,0,0,0,0,0,0,0,0,0,0,2871597,102661,4434793,15,0,0,6367,0,0,0,0,0,0,0,36650668,34036036,0,0,89763,89763,15040,16379,0,0,0,0,0,0,0,0,0,2557926,1277401,0,262144,6535356,169701873,0,0,1026,1025,1571236168,0,0,0,0,0,0,0,0,0,0,0,0,1579740629,0,13999,1857070,1436270469,22701,0,0,98994473,0,0,0,0,0,0,0,0,0,0,0,0,0,0,0,0,0,0,0,14582,0,0,0,0,0,0,0,0,0,0,0,0,0,0,0,0,0,0,0,0,0,0,0,0,45708,4050,22696,18646,18646,0,0,3322,0,0,19,0,0,0,0,0,0,0,1,0,1,0,0,0,0,0,0,0,0,0,0,0,0,0,0,0,0,0,0,0,0,714,24,0
1774383857.001165,1165,ubuntu-rog,1,0,0,8480347,0,2877800,3930598,497827,0,15,0,0,0,0,0,1552465409,0,0,4907,1553616045,0,0,2877800,3930598,497827,0,244557,144074,0,0,0,0,0,0,0,0,0,0,2871597,102661,4434793,15,0,0,6367,0,0,0,0,0,0,0,36650668,34036036,0,0,89763,89763,15040,16379,0,0,0,0,0,0,0,0,0,2557926,1277401,0,262144,6535356,169701873,0,0,1026,1025,1571236192,0,0,0,0,0,0,0,0,0,0,0,0,1579740653,0,13999,1857070,1436270469,22701,0,0,98994473,0,0,0,0,0,0,0,0,0,0,0,0,0,0,0,0,0,0,0,14582,0,0,0,0,0,0,0,0,0,0,0,0,0,0,0,0,0,0,0,0,0,0,0,0,45708,4050,22696,18646,18646,0,0,3322,0,0,19,0,0,0,0,0,0,0,1,0,1,0,0,0,0,0,0,0,0,0,0,0,0,0,0,0,0,0,0,0,0,714,24,0
1774383858.001261,1261,ubuntu-rog,1,0,0,8480347,0,2877800,3930598,497827,0,16,0,0,0,0,0,1552465443,0,0,4907,1553616079,0,0,2877800,3930598,497827,0,244557,144074,0,0,0,0,0,0,0,0,0,0,2871597,102661,4434794,16,0,0,6367,0,0,0,0,0,0,0,36650669,34036036,0,0,89763,89763,15040,16379,0,0,0,0,0,0,0,0,0,2557926,1277401,0,262144,6535356,169701873,0,0,1026,1025,1571236226,0,0,0,0,0,0,0,0,0,0,0,0,1579740686,0,13999,1857070,1436270469,22701,0,0,98994473,0,0,0,0,0,0,0,0,0,0,0,0,0,0,0,0,0,0,0,14582,0,0,0,0,0,0,0,0,0,0,0,0,0,0,0,0,0,0,0,0,0,0,0,0,45708,4050,22696,18646,18646,0,0,3322,0,0,19,0,0,0,0,0,0,0,1,0,1,0,0,0,0,0,0,0,0,0,0,0,0,0,0,0,0,0,0,0,0,714,24,0
1774383859.001297,1297,ubuntu-rog,1,0,0,8480347,0,2877800,3930598,497827,0,18,0,0,0,0,0,1552465476,0,0,4907,1553616112,0,0,2877800,3930598,497827,0,244557,144074,0,0,0,0,0,0,0,0,0,0,2871597,102661,4434796,18,0,0,6367,0,0,0,0,0,0,0,36650671,34036036,0,0,89763,89763,15040,16379,0,0,0,0,0,0,0,0,0,2557926,1277401,0,262144,6535356,169701889,0,0,1026,1025,1571236259,0,0,0,0,0,0,0,0,0,0,0,0,1579740717,0,13999,1857070,1436270469,22701,0,0,98994473,0,0,0,0,0,0,0,0,0,0,0,0,0,0,0,0,0,0,0,14582,0,0,0,0,0,0,0,0,0,0,0,0,0,0,0,0,0,0,0,0,0,0,0,0,45708,4050,22696,18646,18646,0,0,3322,0,0,19,0,0,0,0,0,0,0,1,0,1,0,0,0,0,0,0,0,0,0,0,0,0,0,0,0,0,0,0,0,0,714,24,0
1774383860.002288,2288,ubuntu-rog,1,0,0,8480347,0,2877800,3930598,497827,0,18,0,0,0,0,0,1552465502,0,0,4907,1553616138,0,0,2877800,3930598,497827,0,244557,144074,0,0,0,0,0,0,0,0,0,0,2871597,102661,4434796,18,0,0,6367,0,0,0,0,0,0,0,36650671,34036036,0,0,89763,89763,15040,16379,0,0,0,0,0,0,0,0,0,2557926,1277401,0,262144,6535356,169701889,0,0,1026,1025,1571236285,0,0,0,0,0,0,0,0,0,0,0,0,1579740743,0,13999,1857070,1436270469,22701,0,0,98994473,0,0,0,0,0,0,0,0,0,0,0,0,0,0,0,0,0,0,0,14582,0,0,0,0,0,0,0,0,0,0,0,0,0,0,0,0,0,0,0,0,0,0,0,0,45708,4050,22696,18646,18646,0,0,3322,0,0,19,0,0,0,0,0,0,0,1,0,1,0,0,0,0,0,0,0,0,0,0,0,0,0,0,0,0,0,0,0,0,714,24,0
1774383861.001155,1155,ubuntu-rog,1,0,0,8480347,0,2877800,3930604,497827,0,10,0,0,0,0,0,1552465535,0,0,4907,1553616171,0,0,2877800,3930604,497827,0,244557,144074,0,0,0,0,0,0,0,0,0,0,2871597,102661,4434798,10,0,0,6367,0,0,0,0,0,0,0,36650674,34036047,0,0,89763,89763,15040,16379,0,0,0,0,0,0,0,0,0,2557928,1277402,0,262144,6535356,169701933,0,0,1026,1025,1571236318,0,0,0,0,0,0,0,0,0,0,0,0,1579740774,0,13999,1857070,1436270469,22701,0,0,98994473,0,0,0,0,0,0,0,0,0,0,0,0,0,0,0,0,0,0,0,14582,0,0,0,0,0,0,0,0,0,0,0,0,0,0,0,0,0,0,0,0,0,0,0,0,45708,4050,22696,18646,18646,0,0,3322,0,0,19,0,0,0,0,0,0,0,1,0,1,0,0,0,0,0,0,0,0,0,0,0,0,0,0,0,0,0,0,0,0,714,24,0
1774383862.001155,1155,ubuntu-rog,1,0,0,8480347,0,2877800,3930604,497827,0,10,0,0,0,0,0,1552465562,0,0,4907,1553616198,0,0,2877800,3930604,497827,0,244557,144074,0,0,0,0,0,0,0,0,0,0,2871597,102661,4434798,10,0,0,6367,0,0,0,0,0,0,0,36650674,34036047,0,0,89763,89763,15040,16379,0,0,0,0,0,0,0,0,0,2557928,1277402,0,262144,6535356,169701933,0,0,1026,1025,1571236345,0,0,0,0,0,0,0,0,0,0,0,0,1579740801,0,13999,1857070,1436270469,22701,0,0,98994473,0,0,0,0,0,0,0,0,0,0,0,0,0,0,0,0,0,0,0,14582,0,0,0,0,0,0,0,0,0,0,0,0,0,0,0,0,0,0,0,0,0,0,0,0,45708,4050,22696,18646,18646,0,0,3322,0,0,19,0,0,0,0,0,0,0,1,0,1,0,0,0,0,0,0,0,0,0,0,0,0,0,0,0,0,0,0,0,0,714,24,0
1774383863.001269,1269,ubuntu-rog,1,0,0,8480347,0,2877800,3930604,497827,0,10,0,0,0,0,0,1552465593,0,0,4907,1553616229,0,0,2877800,3930604,497827,0,244557,144074,0,0,0,0,0,0,0,0,0,0,2871597,102661,4434798,10,0,0,6367,0,0,0,0,0,0,0,36650674,34036047,0,0,89763,89763,15040,16379,0,0,0,0,0,0,0,0,0,2557928,1277402,0,262144,6535356,169701933,0,0,1026,1025,1571236376,0,0,0,0,0,0,0,0,0,0,0,0,1579740832,0,13999,1857070,1436270469,22701,0,0,98994473,0,0,0,0,0,0,0,0,0,0,0,0,0,0,0,0,0,0,0,14582,0,0,0,0,0,0,0,0,0,0,0,0,0,0,0,0,0,0,0,0,0,0,0,0,45708,4050,22696,18646,18646,0,0,3322,0,0,19,0,0,0,0,0,0,0,1,0,1,0,0,0,0,0,0,0,0,0,0,0,0,0,0,0,0,0,0,0,0,714,24,0
1774383864.002297,2297,ubuntu-rog,1,0,0,8480347,0,2877800,3930604,497827,0,10,0,0,0,0,0,1552465623,0,0,4907,1553616259,0,0,2877800,3930604,497827,0,244557,144074,0,0,0,0,0,0,0,0,0,0,2871597,102661,4434798,10,0,0,6367,0,0,0,0,0,0,0,36650674,34036047,0,0,89763,89763,15040,16379,0,0,0,0,0,0,0,0,0,2557928,1277402,0,262144,6535356,169701933,0,0,1026,1025,1571236406,0,0,0,0,0,0,0,0,0,0,0,0,1579740862,0,13999,1857070,1436270469,22701,0,0,98994473,0,0,0,0,0,0,0,0,0,0,0,0,0,0,0,0,0,0,0,14582,0,0,0,0,0,0,0,0,0,0,0,0,0,0,0,0,0,0,0,0,0,0,0,0,45708,4050,22696,18646,18646,0,0,3322,0,0,19,0,0,0,0,0,0,0,1,0,1,0,0,0,0,0,0,0,0,0,0,0,0,0,0,0,0,0,0,0,0,714,24,0
1774383865.001295,1295,ubuntu-rog,1,0,0,8480347,0,2877800,3930604,497827,0,14,0,0,0,0,0,1552465647,0,0,4907,1553616283,0,0,2877800,3930604,497827,0,244557,144074,0,0,0,0,0,0,0,0,0,0,2871597,102661,4434800,14,0,0,6367,0,0,0,0,0,0,0,36650678,34036047,0,0,89763,89763,15040,16379,0,0,0,0,0,0,0,0,0,2557928,1277402,0,262144,6535356,169701961,0,0,1026,1025,1571236430,0,0,0,0,0,0,0,0,0,0,0,0,1579740884,0,13999,1857070,1436270469,22701,0,0,98994473,0,0,0,0,0,0,0,0,0,0,0,0,0,0,0,0,0,0,0,14582,0,0,0,0,0,0,0,0,0,0,0,0,0,0,0,0,0,0,0,0,0,0,0,0,45708,4050,22696,18646,18646,0,0,3322,0,0,19,0,0,0,0,0,0,0,1,0,1,0,0,0,0,0,0,0,0,0,0,0,0,0,0,0,0,0,0,0,0,714,24,0
1774383866.001154,1154,ubuntu-rog,1,0,0,8480347,0,2877800,3930604,497827,0,14,0,0,0,0,0,1552465677,0,0,4907,1553616313,0,0,2877800,3930604,497827,0,244557,144074,0,0,0,0,0,0,0,0,0,0,2871597,102661,4434800,14,0,0,6367,0,0,0,0,0,0,0,36650678,34036047,0,0,89763,89763,15040,16379,0,0,0,0,0,0,0,0,0,2557928,1277402,0,262144,6535356,169701961,0,0,1026,1025,1571236460,0,0,0,0,0,0,0,0,0,0,0,0,1579740914,0,13999,1857070,1436270469,22701,0,0,98994473,0,0,0,0,0,0,0,0,0,0,0,0,0,0,0,0,0,0,0,14582,0,0,0,0,0,0,0,0,0,0,0,0,0,0,0,0,0,0,0,0,0,0,0,0,45708,4050,22696,18646,18646,0,0,3322,0,0,19,0,0,0,0,0,0,0,1,0,1,0,0,0,0,0,0,0,0,0,0,0,0,0,0,0,0,0,0,0,0,714,24,0
1774383867.001154,1154,ubuntu-rog,1,0,0,8480347,0,2877800,3930604,497827,0,14,0,0,0,0,0,1552465706,0,0,4907,1553616342,0,0,2877800,3930604,497827,0,244557,144074,0,0,0,0,0,0,0,0,0,0,2871597,102661,4434800,14,0,0,6367,0,0,0,0,0,0,0,36650678,34036047,0,0,89763,89763,15040,16379,0,0,0,0,0,0,0,0,0,2557928,1277402,0,262144,6535356,169701961,0,0,1026,1025,1571236489,0,0,0,0,0,0,0,0,0,0,0,0,1579740943,0,13999,1857070,1436270469,22701,0,0,98994473,0,0,0,0,0,0,0,0,0,0,0,0,0,0,0,0,0,0,0,14582,0,0,0,0,0,0,0,0,0,0,0,0,0,0,0,0,0,0,0,0,0,0,0,0,45708,4050,22696,18646,18646,0,0,3322,0,0,19,0,0,0,0,0,0,0,1,0,1,0,0,0,0,0,0,0,0,0,0,0,0,0,0,0,0,0,0,0,0,714,24,0
1774383868.002253,2253,ubuntu-rog,1,0,0,8480347,0,2877800,3930604,497827,0,17,0,0,0,0,0,1552465731,0,0,4907,1553616367,0,0,2877800,3930604,497827,0,244557,144074,0,0,0,0,0,0,0,0,0,0,2871597,102661,4434803,17,0,0,6367,0,0,0,0,0,0,0,36650681,34036047,0,0,89763,89763,15040,16379,0,0,0,0,0,0,0,0,0,2557928,1277402,0,262144,6535356,169701961,0,0,1026,1025,1571236514,0,0,0,0,0,0,0,0,0,0,0,0,1579740965,0,13999,1857070,1436270469,22701,0,0,98994473,0,0,0,0,0,0,0,0,0,0,0,0,0,0,0,0,0,0,0,14582,0,0,0,0,0,0,0,0,0,0,0,0,0,0,0,0,0,0,0,0,0,0,0,0,45708,4050,22696,18646,18646,0,0,3322,0,0,19,0,0,0,0,0,0,0,1,0,1,0,0,0,0,0,0,0,0,0,0,0,0,0,0,0,0,0,0,0,0,714,24,0
1774383869.001320,1320,ubuntu-rog,1,0,0,8480347,0,2877800,3930604,497827,0,17,0,0,0,0,0,1552465761,0,0,4907,1553616397,0,0,2877800,3930604,497827,0,244557,144074,0,0,0,0,0,0,0,0,0,0,2871597,102661,4434803,17,0,0,6367,0,0,0,0,0,0,0,36650681,34036047,0,0,89763,89763,15040,16379,0,0,0,0,0,0,0,0,0,2557928,1277402,0,262144,6535356,169701961,0,0,1026,1025,1571236544,0,0,0,0,0,0,0,0,0,0,0,0,1579740995,0,13999,1857070,1436270469,22701,0,0,98994473,0,0,0,0,0,0,0,0,0,0,0,0,0,0,0,0,0,0,0,14582,0,0,0,0,0,0,0,0,0,0,0,0,0,0,0,0,0,0,0,0,0,0,0,0,45708,4050,22696,18646,18646,0,0,3322,0,0,19,0,0,0,0,0,0,0,1,0,1,0,0,0,0,0,0,0,0,0,0,0,0,0,0,0,0,0,0,0,0,714,24,0
1774383870.001303,1303,ubuntu-rog,1,0,0,8480347,0,2877800,3930604,497827,0,17,0,0,0,0,0,1552465793,0,0,4907,1553616429,0,0,2877800,3930604,497827,0,244557,144074,0,0,0,0,0,0,0,0,0,0,2871597,102661,4434803,17,0,0,6367,0,0,0,0,0,0,0,36650681,34036047,0,0,89763,89763,15040,16379,0,0,0,0,0,0,0,0,0,2557928,1277402,0,262144,6535356,169701961,0,0,1026,1025,1571236576,0,0,0,0,0,0,0,0,0,0,0,0,1579741027,0,13999,1857070,1436270469,22701,0,0,98994473,0,0,0,0,0,0,0,0,0,0,0,0,0,0,0,0,0,0,0,14582,0,0,0,0,0,0,0,0,0,0,0,0,0,0,0,0,0,0,0,0,0,0,0,0,45708,4050,22696,18646,18646,0,0,3322,0,0,19,0,0,0,0,0,0,0,1,0,1,0,0,0,0,0,0,0,0,0,0,0,0,0,0,0,0,0,0,0,0,714,24,0
1774383871.001154,1154,ubuntu-rog,1,0,0,8480347,0,2877800,3930604,497827,0,17,0,0,0,0,0,1552465818,0,0,4907,1553616454,0,0,2877800,3930604,497827,0,244557,144074,0,0,0,0,0,0,0,0,0,0,2871597,102661,4434804,17,0,0,6367,0,0,0,0,0,0,0,36650681,34036047,0,0,89763,89763,15040,16379,0,0,0,0,0,0,0,0,0,2557928,1277402,0,262144,6535356,169701977,0,0,1026,1025,1571236601,0,0,0,0,0,0,0,0,0,0,0,0,1579741051,0,13999,1857070,1436270469,22701,0,0,98994473,0,0,0,0,0,0,0,0,0,0,0,0,0,0,0,0,0,0,0,14582,0,0,0,0,0,0,0,0,0,0,0,0,0,0,0,0,0,0,0,0,0,0,0,0,45708,4050,22696,18646,18646,0,0,3322,0,0,19,0,0,0,0,0,0,0,1,0,1,0,0,0,0,0,0,0,0,0,0,0,0,0,0,0,0,0,0,0,0,714,24,0
1774383872.002157,2157,ubuntu-rog,1,0,0,8480347,0,2877800,3930604,497827,0,18,0,0,0,0,0,1552465848,0,0,4907,1553616484,0,0,2877800,3930604,497827,0,244557,144074,0,0,0,0,0,0,0,0,0,0,2871597,102661,4434805,18,0,0,6367,0,0,0,0,0,0,0,36650682,34036047,0,0,89763,89763,15040,16379,0,0,0,0,0,0,0,0,0,2557928,1277402,0,262144,6535356,169701977,0,0,1026,1025,1571236631,0,0,0,0,0,0,0,0,0,0,0,0,1579741080,0,13999,1857070,1436270469,22701,0,0,98994473,0,0,0,0,0,0,0,0,0,0,0,0,0,0,0,0,0,0,0,14582,0,0,0,0,0,0,0,0,0,0,0,0,0,0,0,0,0,0,0,0,0,0,0,0,45708,4050,22696,18646,18646,0,0,3322,0,0,19,0,0,0,0,0,0,0,1,0,1,0,0,0,0,0,0,0,0,0,0,0,0,0,0,0,0,0,0,0,0,714,24,0
1774383873.001257,1257,ubuntu-rog,1,0,0,8480347,0,2877800,3930604,497827,0,18,0,0,0,0,0,1552465876,0,0,4907,1553616512,0,0,2877800,3930604,497827,0,244557,144074,0,0,0,0,0,0,0,0,0,0,2871597,102661,4434805,18,0,0,6367,0,0,0,0,0,0,0,36650682,34036047,0,0,89763,89763,15040,16379,0,0,0,0,0,0,0,0,0,2557928,1277402,0,262144,6535356,169701977,0,0,1026,1025,1571236659,0,0,0,0,0,0,0,0,0,0,0,0,1579741108,0,13999,1857070,1436270469,22701,0,0,98994473,0,0,0,0,0,0,0,0,0,0,0,0,0,0,0,0,0,0,0,14582,0,0,0,0,0,0,0,0,0,0,0,0,0,0,0,0,0,0,0,0,0,0,0,0,45708,4050,22696,18646,18646,0,0,3322,0,0,19,0,0,0,0,0,0,0,1,0,1,0,0,0,0,0,0,0,0,0,0,0,0,0,0,0,0,0,0,0,0,714,24,0
1774383874.001287,1287,ubuntu-rog,1,0,0,8480347,0,2877800,3930604,497827,0,19,0,0,0,0,0,1552465906,0,0,4907,1553616542,0,0,2877800,3930604,497827,0,244557,144074,0,0,0,0,0,0,0,0,0,0,2871597,102661,4434806,19,0,0,6367,0,0,0,0,0,0,0,36650683,34036047,0,0,89763,89763,15040,16379,0,0,0,0,0,0,0,0,0,2557928,1277402,0,262144,6535356,169701977,0,0,1026,1025,1571236689,0,0,0,0,0,0,0,0,0,0,0,0,1579741137,0,13999,1857070,1436270469,22701,0,0,98994473,0,0,0,0,0,0,0,0,0,0,0,0,0,0,0,0,0,0,0,14582,0,0,0,0,0,0,0,0,0,0,0,0,0,0,0,0,0,0,0,0,0,0,0,0,45708,4050,22696,18646,18646,0,0,3322,0,0,19,0,0,0,0,0,0,0,1,0,1,0,0,0,0,0,0,0,0,0,0,0,0,0,0,0,0,0,0,0,0,714,24,0
1774383875.001282,1282,ubuntu-rog,1,0,0,8480347,0,2877800,3930604,497827,0,20,0,0,0,0,0,1552465938,0,0,4907,1553616574,0,0,2877800,3930604,497827,0,244557,144074,0,0,0,0,0,0,0,0,0,0,2871597,102661,4434807,20,0,0,6367,0,0,0,0,0,0,0,36650684,34036047,0,0,89763,89763,15040,16379,0,0,0,0,0,0,0,0,0,2557928,1277402,0,262144,6535356,169701977,0,0,1026,1025,1571236721,0,0,0,0,0,0,0,0,0,0,0,0,1579741168,0,13999,1857070,1436270469,22701,0,0,98994473,0,0,0,0,0,0,0,0,0,0,0,0,0,0,0,0,0,0,0,14582,0,0,0,0,0,0,0,0,0,0,0,0,0,0,0,0,0,0,0,0,0,0,0,0,45708,4050,22696,18646,18646,0,0,3322,0,0,19,0,0,0,0,0,0,0,1,0,1,0,0,0,0,0,0,0,0,0,0,0,0,0,0,0,0,0,0,0,0,714,24,0
1774383876.002159,2159,ubuntu-rog,1,0,0,8480347,0,2877800,3930604,497827,0,20,0,0,0,0,0,1552465963,0,0,4907,1553616599,0,0,2877800,3930604,497827,0,244557,144074,0,0,0,0,0,0,0,0,0,0,2871597,102661,4434807,20,0,0,6367,0,0,0,0,0,0,0,36650684,34036047,0,0,89763,89763,15040,16379,0,0,0,0,0,0,0,0,0,2557928,1277402,0,262144,6535356,169701977,0,0,1026,1025,1571236746,0,0,0,0,0,0,0,0,0,0,0,0,1579741193,0,13999,1857070,1436270469,22701,0,0,98994473,0,0,0,0,0,0,0,0,0,0,0,0,0,0,0,0,0,0,0,14582,0,0,0,0,0,0,0,0,0,0,0,0,0,0,0,0,0,0,0,0,0,0,0,0,45708,4050,22696,18646,18646,0,0,3322,0,0,19,0,0,0,0,0,0,0,1,0,1,0,0,0,0,0,0,0,0,0,0,0,0,0,0,0,0,0,0,0,0,714,24,0
1774383877.001153,1153,ubuntu-rog,1,0,0,8480347,0,2877800,3930604,497827,0,20,0,0,0,0,0,1552465993,0,0,4907,1553616629,0,0,2877800,3930604,497827,0,244557,144074,0,0,0,0,0,0,0,0,0,0,2871597,102661,4434809,20,0,0,6367,0,0,0,0,0,0,0,36650684,34036047,0,0,89763,89763,15040,16379,0,0,0,0,0,0,0,0,0,2557928,1277402,0,262144,6535356,169701993,0,0,1026,1025,1571236776,0,0,0,0,0,0,0,0,0,0,0,0,1579741221,0,13999,1857070,1436270469,22701,0,0,98994473,0,0,0,0,0,0,0,0,0,0,0,0,0,0,0,0,0,0,0,14582,0,0,0,0,0,0,0,0,0,0,0,0,0,0,0,0,0,0,0,0,0,0,0,0,45708,4050,22696,18646,18646,0,0,3322,0,0,19,0,0,0,0,0,0,0,1,0,1,0,0,0,0,0,0,0,0,0,0,0,0,0,0,0,0,0,0,0,0,714,24,0
1774383878.001252,1252,ubuntu-rog,1,0,0,8480347,0,2877800,3930604,497827,0,20,0,0,0,0,0,1552466024,0,0,4907,1553616660,0,0,2877800,3930604,497827,0,244557,144074,0,0,0,0,0,0,0,0,0,0,2871597,102661,4434809,20,0,0,6367,0,0,0,0,0,0,0,36650684,34036047,0,0,89763,89763,15040,16379,0,0,0,0,0,0,0,0,0,2557928,1277402,0,262144,6535356,169701993,0,0,1026,1025,1571236807,0,0,0,0,0,0,0,0,0,0,0,0,1579741252,0,13999,1857070,1436270469,22701,0,0,98994473,0,0,0,0,0,0,0,0,0,0,0,0,0,0,0,0,0,0,0,14582,0,0,0,0,0,0,0,0,0,0,0,0,0,0,0,0,0,0,0,0,0,0,0,0,45708,4050,22696,18646,18646,0,0,3322,0,0,19,0,0,0,0,0,0,0,1,0,1,0,0,0,0,0,0,0,0,0,0,0,0,0,0,0,0,0,0,0,0,714,24,0
1774383879.001292,1292,ubuntu-rog,1,0,0,8480284,0,2877800,3930604,497827,0,21,0,0,0,0,0,1552466046,0,0,4907,1553616682,0,0,2877800,3930604,497827,0,244557,144074,0,0,0,0,0,0,0,0,0,0,2871597,102661,4434810,21,0,0,6367,0,0,0,0,0,0,0,36650685,34036047,0,0,89763,89763,15040,16379,0,0,0,0,0,0,0,0,0,2557915,1277396,0,262144,6535356,169701993,0,0,1026,1025,1571236829,0,0,0,0,0,0,0,0,0,0,0,0,1579741273,0,13999,1857070,1436270469,22701,0,0,98994473,0,0,0,0,0,0,0,0,0,0,0,0,0,0,0,0,0,0,0,14582,0,0,0,0,0,0,0,0,0,0,0,0,0,0,0,0,0,0,0,0,0,0,0,0,45708,4050,22696,18646,18646,0,0,3322,0,0,19,0,0,0,0,0,0,0,1,0,1,0,0,0,0,0,0,0,0,0,0,0,0,0,0,0,0,0,0,0,0,714,24,0
1774383880.002289,2289,ubuntu-rog,1,0,0,8480284,0,2877800,3930604,497827,0,22,0,0,0,0,0,1552466080,0,0,4907,1553616716,0,0,2877800,3930604,497827,0,244557,144074,0,0,0,0,0,0,0,0,0,0,2871597,102661,4434811,22,0,0,6367,0,0,0,0,0,0,0,36650686,34036047,0,0,89763,89763,15040,16379,0,0,0,0,0,0,0,0,0,2557915,1277396,0,262144,6535356,169701993,0,0,1026,1025,1571236863,0,0,0,0,0,0,0,0,0,0,0,0,1579741306,0,13999,1857070,1436270469,22701,0,0,98994473,0,0,0,0,0,0,0,0,0,0,0,0,0,0,0,0,0,0,0,14582,0,0,0,0,0,0,0,0,0,0,0,0,0,0,0,0,0,0,0,0,0,0,0,0,45708,4050,22696,18646,18646,0,0,3322,0,0,19,0,0,0,0,0,0,0,1,0,1,0,0,0,0,0,0,0,0,0,0,0,0,0,0,0,0,0,0,0,0,714,24,0
1774383881.001151,1151,ubuntu-rog,1,0,0,8480284,0,2877800,3930613,497827,0,16,0,0,0,0,0,1552466112,0,0,4907,1553616748,0,0,2877800,3930613,497827,0,244557,144074,0,0,0,0,0,0,0,0,0,0,2871597,102661,4434812,16,0,0,6367,0,0,0,0,0,0,0,36650687,34036054,0,0,89763,89763,15040,16379,0,0,0,0,0,0,0,0,0,2557917,1277397,0,262144,6535356,169702021,0,0,1026,1025,1571236895,0,0,0,0,0,0,0,0,0,0,0,0,1579741337,0,13999,1857070,1436270469,22701,0,0,98994473,0,0,0,0,0,0,0,0,0,0,0,0,0,0,0,0,0,0,0,14582,0,0,0,0,0,0,0,0,0,0,0,0,0,0,0,0,0,0,0,0,0,0,0,0,45708,4050,22696,18646,18646,0,0,3322,0,0,19,0,0,0,0,0,0,0,1,0,1,0,0,0,0,0,0,0,0,0,0,0,0,0,0,0,0,0,0,0,0,714,24,0
1774383882.001161,1161,ubuntu-rog,1,0,0,8480284,0,2877800,3930613,497827,0,17,0,0,0,0,0,1552466136,0,0,4907,1553616772,0,0,2877800,3930613,497827,0,244557,144074,0,0,0,0,0,0,0,0,0,0,2871597,102661,4434813,17,0,0,6367,0,0,0,0,0,0,0,36650688,34036054,0,0,89763,89763,15040,16379,0,0,0,0,0,0,0,0,0,2557917,1277397,0,262144,6535356,169702021,0,0,1026,1025,1571236919,0,0,0,0,0,0,0,0,0,0,0,0,1579741360,0,13999,1857070,1436270469,22701,0,0,98994473,0,0,0,0,0,0,0,0,0,0,0,0,0,0,0,0,0,0,0,14582,0,0,0,0,0,0,0,0,0,0,0,0,0,0,0,0,0,0,0,0,0,0,0,0,45708,4050,22696,18646,18646,0,0,3322,0,0,19,0,0,0,0,0,0,0,1,0,1,0,0,0,0,0,0,0,0,0,0,0,0,0,0,0,0,0,0,0,0,714,24,0
1774383883.001256,1256,ubuntu-rog,1,0,0,8480284,0,2877800,3930613,497827,0,18,0,0,0,0,0,1552466167,0,0,4907,1553616803,0,0,2877800,3930613,497827,0,244557,144074,0,0,0,0,0,0,0,0,0,0,2871597,102661,4434814,18,0,0,6367,0,0,0,0,0,0,0,36650689,34036054,0,0,89763,89763,15040,16379,0,0,0,0,0,0,0,0,0,2557917,1277397,0,262144,6535356,169702049,0,0,1026,1025,1571236950,0,0,0,0,0,0,0,0,0,0,0,0,1579741390,0,13999,1857070,1436270469,22701,0,0,98994473,0,0,0,0,0,0,0,0,0,0,0,0,0,0,0,0,0,0,0,14582,0,0,0,0,0,0,0,0,0,0,0,0,0,0,0,0,0,0,0,0,0,0,0,0,45708,4050,22696,18646,18646,0,0,3322,0,0,19,0,0,0,0,0,0,0,1,0,1,0,0,0,0,0,0,0,0,0,0,0,0,0,0,0,0,0,0,0,0,714,24,0
1774383884.002287,2287,ubuntu-rog,1,0,0,8480284,0,2877800,3930613,497827,0,18,0,0,0,0,0,1552466196,0,0,4907,1553616832,0,0,2877800,3930613,497827,0,244557,144074,0,0,0,0,0,0,0,0,0,0,2871597,102661,4434814,18,0,0,6367,0,0,0,0,0,0,0,36650689,34036054,0,0,89763,89763,15040,16379,0,0,0,0,0,0,0,0,0,2557917,1277397,0,262144,6535356,169702049,0,0,1026,1025,1571236979,0,0,0,0,0,0,0,0,0,0,0,0,1579741419,0,13999,1857070,1436270469,22701,0,0,98994473,0,0,0,0,0,0,0,0,0,0,0,0,0,0,0,0,0,0,0,14582,0,0,0,0,0,0,0,0,0,0,0,0,0,0,0,0,0,0,0,0,0,0,0,0,45708,4050,22696,18646,18646,0,0,3322,0,0,19,0,0,0,0,0,0,0,1,0,1,0,0,0,0,0,0,0,0,0,0,0,0,0,0,0,0,0,0,0,0,714,24,0
1774383885.001287,1287,ubuntu-rog,1,0,0,8480284,0,2877800,3930613,497827,0,18,0,0,0,0,0,1552466216,0,0,4907,1553616852,0,0,2877800,3930613,497827,0,244557,144074,0,0,0,0,0,0,0,0,0,0,2871597,102661,4434814,18,0,0,6367,0,0,0,0,0,0,0,36650689,34036054,0,0,89763,89763,15040,16379,0,0,0,0,0,0,0,0,0,2557917,1277397,0,262144,6535356,169702049,0,0,1026,1025,1571236999,0,0,0,0,0,0,0,0,0,0,0,0,1579741439,0,13999,1857070,1436270469,22701,0,0,98994473,0,0,0,0,0,0,0,0,0,0,0,0,0,0,0,0,0,0,0,14582,0,0,0,0,0,0,0,0,0,0,0,0,0,0,0,0,0,0,0,0,0,0,0,0,45708,4050,22696,18646,18646,0,0,3322,0,0,19,0,0,0,0,0,0,0,1,0,1,0,0,0,0,0,0,0,0,0,0,0,0,0,0,0,0,0,0,0,0,714,24,0
1774383886.001150,1150,ubuntu-rog,1,0,0,8480284,0,2877800,3930613,497827,0,21,0,0,0,0,0,1552466248,0,0,4907,1553616884,0,0,2877800,3930613,497827,0,244557,144074,0,0,0,0,0,0,0,0,0,0,2871597,102661,4434816,17,4,0,6367,0,0,0,0,0,0,0,36650692,34036054,0,0,89763,89763,15040,16379,0,0,0,0,0,0,0,0,0,2557917,1277397,0,262144,6535356,169702065,0,0,1026,1025,1571237031,0,0,0,0,0,0,0,0,0,0,0,0,1579741469,0,13999,1857070,1436270469,22701,0,0,98994473,0,0,0,0,0,0,0,0,0,0,0,0,0,0,0,0,0,0,0,14582,0,0,0,0,0,0,0,0,0,0,0,0,0,0,0,0,0,0,0,0,0,0,0,0,45708,4050,22696,18646,18646,0,0,3322,0,0,19,0,0,0,0,0,0,0,1,0,1,0,0,0,0,0,0,0,0,0,0,0,0,0,0,0,0,0,0,0,0,714,24,0
1774383887.001149,1149,ubuntu-rog,1,0,0,8480284,0,2877800,3930613,497827,0,17,0,0,0,0,0,1552466278,0,0,4907,1553616914,0,0,2877800,3930613,497827,0,244557,144074,0,0,0,0,0,0,0,0,0,0,2871597,102661,4434816,17,0,0,6367,0,0,0,0,0,0,0,36650692,34036058,0,0,89763,89763,15040,16379,0,0,0,0,0,0,0,0,0,2557917,1277397,0,262144,6535356,169702065,0,0,1026,1025,1571237061,0,0,0,0,0,0,0,0,0,0,0,0,1579741499,0,13999,1857070,1436270469,22701,0,0,98994473,0,0,0,0,0,0,0,0,0,0,0,0,0,0,0,0,0,0,0,14582,0,0,0,0,0,0,0,0,0,0,0,0,0,0,0,0,0,0,0,0,0,0,0,0,45708,4050,22696,18646,18646,0,0,3322,0,0,19,0,0,0,0,0,0,0,1,0,1,0,0,0,0,0,0,0,0,0,0,0,0,0,0,0,0,0,0,0,0,714,24,0
1774383888.001566,1566,ubuntu-rog,1,0,0,8480284,0,2877800,3930613,497827,0,17,0,0,0,0,0,1552466308,0,0,4907,1553616944,0,0,2877800,3930613,497827,0,244557,144074,0,0,0,0,0,0,0,0,0,0,2871597,102661,4434816,17,0,0,6367,0,0,0,0,0,0,0,36650692,34036058,0,0,89763,89763,15040,16379,0,0,0,0,0,0,0,0,0,2557917,1277397,0,262144,6535356,169702065,0,0,1026,1025,1571237091,0,0,0,0,0,0,0,0,0,0,0,0,1579741529,0,13999,1857070,1436270469,22701,0,0,98994473,0,0,0,0,0,0,0,0,0,0,0,0,0,0,0,0,0,0,0,14582,0,0,0,0,0,0,0,0,0,0,0,0,0,0,0,0,0,0,0,0,0,0,0,0,45708,4050,22696,18646,18646,0,0,3322,0,0,19,0,0,0,0,0,0,0,1,0,1,0,0,0,0,0,0,0,0,0,0,0,0,0,0,0,0,0,0,0,0,714,24,0
1774383889.002298,2298,ubuntu-rog,1,0,0,8480284,0,2877800,3930613,497827,0,19,0,0,0,0,0,1552466338,0,0,4907,1553616974,0,0,2877800,3930613,497827,0,244557,144074,0,0,0,0,0,0,0,0,0,0,2871597,102661,4434817,19,0,0,6367,0,0,0,0,0,0,0,36650694,34036058,0,0,89763,89763,15040,16379,0,0,0,0,0,0,0,0,0,2557917,1277397,0,262144,6535356,169702093,0,0,1026,1025,1571237121,0,0,0,0,0,0,0,0,0,0,0,0,1579741558,0,13999,1857070,1436270469,22701,0,0,98994473,0,0,0,0,0,0,0,0,0,0,0,0,0,0,0,0,0,0,0,14582,0,0,0,0,0,0,0,0,0,0,0,0,0,0,0,0,0,0,0,0,0,0,0,0,45708,4050,22696,18646,18646,0,0,3322,0,0,19,0,0,0,0,0,0,0,1,0,1,0,0,0,0,0,0,0,0,0,0,0,0,0,0,0,0,0,0,0,0,714,24,0
1774383890.001290,1290,ubuntu-rog,1,0,0,8480284,0,2877800,3930613,497827,0,12,0,0,0,0,0,1552466362,0,0,4907,1553616998,0,0,2877800,3930613,497827,0,244557,144074,0,0,0,0,0,0,0,0,0,0,2871597,102661,4434817,12,0,0,6367,0,0,0,0,0,0,0,36650694,34036065,0,0,89763,89763,15040,16379,0,0,0,0,0,0,0,0,0,2557917,1277397,0,262144,6535356,169702121,0,0,1026,1025,1571237145,0,0,0,0,0,0,0,0,0,0,0,0,1579741582,0,13999,1857070,1436270469,22701,0,0,98994473,0,0,0,0,0,0,0,0,0,0,0,0,0,0,0,0,0,0,0,14582,0,0,0,0,0,0,0,0,0,0,0,0,0,0,0,0,0,0,0,0,0,0,0,0,45708,4050,22696,18646,18646,0,0,3322,0,0,19,0,0,0,0,0,0,0,1,0,1,0,0,0,0,0,0,0,0,0,0,0,0,0,0,0,0,0,0,0,0,714,24,0
1774383891.001153,1153,ubuntu-rog,1,0,0,8480284,0,2877800,3930613,497827,0,12,0,0,0,0,0,1552466389,0,0,4907,1553617025,0,0,2877800,3930613,497827,0,244557,144074,0,0,0,0,0,0,0,0,0,0,2871597,102661,4434817,12,0,0,6367,0,0,0,0,0,0,0,36650694,34036065,0,0,89763,89763,15040,16379,0,0,0,0,0,0,0,0,0,2557917,1277397,0,262144,6535356,169702161,0,0,1026,1025,1571237172,0,0,0,0,0,0,0,0,0,0,0,0,1579741609,0,13999,1857070,1436270469,22701,0,0,98994473,0,0,0,0,0,0,0,0,0,0,0,0,0,0,0,0,0,0,0,14582,0,0,0,0,0,0,0,0,0,0,0,0,0,0,0,0,0,0,0,0,0,0,0,0,45708,4050,22696,18646,18646,0,0,3322,0,0,19,0,0,0,0,0,0,0,1,0,1,0,0,0,0,0,0,0,0,0,0,0,0,0,0,0,0,0,0,0,0,714,24,0
1774383892.001154,1154,ubuntu-rog,1,0,0,8480284,0,2877800,3930613,497827,0,2,0,0,0,0,0,1552466419,0,0,4907,1553617055,0,0,2877800,3930613,497827,0,244557,144074,0,0,0,0,0,0,0,0,0,0,2871597,102661,4434817,2,0,0,6367,0,0,0,0,0,0,0,36650694,34036075,0,0,89763,89763,15040,16379,0,0,0,0,0,0,0,0,0,2557917,1277397,0,262144,6535356,169702161,0,0,1026,1025,1571237202,0,0,0,0,0,0,0,0,0,0,0,0,1579741639,0,13999,1857070,1436270469,22701,0,0,98994473,0,0,0,0,0,0,0,0,0,0,0,0,0,0,0,0,0,0,0,14582,0,0,0,0,0,0,0,0,0,0,0,0,0,0,0,0,0,0,0,0,0,0,0,0,45708,4050,22696,18646,18646,0,0,3322,0,0,19,0,0,0,0,0,0,0,1,0,1,0,0,0,0,0,0,0,0,0,0,0,0,0,0,0,0,0,0,0,0,714,24,0
1774383893.002252,2252,ubuntu-rog,1,0,0,8480284,0,2877800,3930613,497827,0,7,0,0,0,0,0,1552466446,0,0,4907,1553617082,0,0,2877800,3930613,497827,0,244557,144074,0,0,0,0,0,0,0,0,0,0,2871597,102661,4434820,7,0,0,6367,0,0,0,0,0,0,0,36650699,34036075,0,0,89763,89763,15040,16379,0,0,0,0,0,0,0,0,0,2557917,1277397,0,262144,6535356,169702161,0,0,1026,1025,1571237229,0,0,0,0,0,0,0,0,0,0,0,0,1579741663,0,13999,1857070,1436270469,22701,0,0,98994473,0,0,0,0,0,0,0,0,0,0,0,0,0,0,0,0,0,0,0,14582,0,0,0,0,0,0,0,0,0,0,0,0,0,0,0,0,0,0,0,0,0,0,0,0,45708,4050,22696,18646,18646,0,0,3322,0,0,19,0,0,0,0,0,0,0,1,0,1,0,0,0,0,0,0,0,0,0,0,0,0,0,0,0,0,0,0,0,0,714,24,0
1774383894.001313,1313,ubuntu-rog,1,0,0,8480284,0,2877800,3930613,497827,0,7,0,0,0,0,0,1552466476,0,0,4907,1553617112,0,0,2877800,3930613,497827,0,244557,144074,0,0,0,0,0,0,0,0,0,0,2871597,102661,4434820,7,0,0,6367,0,0,0,0,0,0,0,36650699,34036075,0,0,89763,89763,15040,16379,0,0,0,0,0,0,0,0,0,2557917,1277397,0,262144,6535356,169702161,0,0,1026,1025,1571237259,0,0,0,0,0,0,0,0,0,0,0,0,1579741693,0,13999,1857070,1436270469,22701,0,0,98994473,0,0,0,0,0,0,0,0,0,0,0,0,0,0,0,0,0,0,0,14582,0,0,0,0,0,0,0,0,0,0,0,0,0,0,0,0,0,0,0,0,0,0,0,0,45708,4050,22696,18646,18646,0,0,3322,0,0,19,0,0,0,0,0,0,0,1,0,1,0,0,0,0,0,0,0,0,0,0,0,0,0,0,0,0,0,0,0,0,714,24,0
1774383895.001307,1307,ubuntu-rog,1,0,0,8480284,0,2877800,3930613,497827,0,12,0,0,0,0,0,1552466507,0,0,4907,1553617143,0,0,2877800,3930613,497827,0,244557,144074,0,0,0,0,0,0,0,0,0,0,2871597,102661,4434822,12,0,0,6367,0,0,0,0,0,0,0,36650704,34036075,0,0,89763,89763,15040,16379,0,0,0,0,0,0,0,0,0,2557917,1277397,0,262144,6535356,169702189,0,0,1026,1025,1571237290,0,0,0,0,0,0,0,0,0,0,0,0,1579741722,0,13999,1857070,1436270469,22701,0,0,98994473,0,0,0,0,0,0,0,0,0,0,0,0,0,0,0,0,0,0,0,14582,0,0,0,0,0,0,0,0,0,0,0,0,0,0,0,0,0,0,0,0,0,0,0,0,45708,4050,22696,18646,18646,0,0,3322,0,0,19,0,0,0,0,0,0,0,1,0,1,0,0,0,0,0,0,0,0,0,0,0,0,0,0,0,0,0,0,0,0,714,24,0
1774383896.001153,1153,ubuntu-rog,1,0,0,8480284,0,2877800,3930613,497827,0,13,0,0,0,0,0,1552466530,0,0,4907,1553617166,0,0,2877800,3930613,497827,0,244557,144074,0,0,0,0,0,0,0,0,0,0,2871597,102661,4434823,13,0,0,6367,0,0,0,0,0,0,0,36650705,34036075,0,0,89763,89763,15040,16379,0,0,0,0,0,0,0,0,0,2557917,1277397,0,262144,6535356,169702189,0,0,1026,1025,1571237313,0,0,0,0,0,0,0,0,0,0,0,0,1579741744,0,13999,1857070,1436270471,22701,0,0,98994475,0,0,0,0,0,0,0,0,0,0,0,0,0,0,0,0,0,0,0,14582,0,0,0,0,0,0,0,0,0,0,0,0,0,0,0,0,0,0,0,0,0,0,0,0,45708,4050,22696,18646,18646,0,0,3322,0,0,19,0,0,0,0,0,0,0,1,0,1,0,0,0,0,0,0,0,0,0,0,0,0,0,0,0,0,0,0,0,0,714,24,0
1774383897.002148,2148,ubuntu-rog,1,0,0,8480284,0,2877800,3930613,497827,0,13,0,0,0,0,0,1552466560,0,0,4907,1553617196,0,0,2877800,3930613,497827,0,244557,144074,0,0,0,0,0,0,0,0,0,0,2871597,102661,4434823,13,0,0,6367,0,0,0,0,0,0,0,36650705,34036075,0,0,89763,89763,15040,16379,0,0,0,0,0,0,0,0,0,2557917,1277397,0,262144,6535356,169702189,0,0,1026,1025,1571237343,0,0,0,0,0,0,0,0,0,0,0,0,1579741774,0,13999,1857070,1436270471,22701,0,0,98994475,0,0,0,0,0,0,0,0,0,0,0,0,0,0,0,0,0,0,0,14582,0,0,0,0,0,0,0,0,0,0,0,0,0,0,0,0,0,0,0,0,0,0,0,0,45708,4050,22696,18646,18646,0,0,3322,0,0,19,0,0,0,0,0,0,0,1,0,1,0,0,0,0,0,0,0,0,0,0,0,0,0,0,0,0,0,0,0,0,714,24,0
1774383898.001256,1256,ubuntu-rog,1,0,0,8480284,0,2877800,3930613,497827,0,13,0,0,0,0,0,1552466588,0,0,4907,1553617224,0,0,2877800,3930613,497827,0,244557,144074,0,0,0,0,0,0,0,0,0,0,2871597,102661,4434823,13,0,0,6367,0,0,0,0,0,0,0,36650705,34036075,0,0,89763,89763,15040,16379,0,0,0,0,0,0,0,0,0,2557917,1277397,0,262144,6535356,169702189,0,0,1026,1025,1571237371,0,0,0,0,0,0,0,0,0,0,0,0,1579741802,0,13999,1857070,1436270471,22701,0,0,98994475,0,0,0,0,0,0,0,0,0,0,0,0,0,0,0,0,0,0,0,14582,0,0,0,0,0,0,0,0,0,0,0,0,0,0,0,0,0,0,0,0,0,0,0,0,45708,4050,22696,18646,18646,0,0,3322,0,0,19,0,0,0,0,0,0,0,1,0,1,0,0,0,0,0,0,0,0,0,0,0,0,0,0,0,0,0,0,0,0,714,24,0
1774383899.001290,1290,ubuntu-rog,1,0,0,8480284,0,2877800,3930613,497827,0,15,0,0,0,0,0,1552466612,0,0,4907,1553617248,0,0,2877800,3930613,497827,0,244557,144074,0,0,0,0,0,0,0,0,0,0,2871597,102661,4434825,15,0,0,6367,0,0,0,0,0,0,0,36650707,34036075,0,0,89763,89763,15040,16379,0,0,0,0,0,0,0,0,0,2557917,1277397,0,262144,6535356,169702189,0,0,1026,1025,1571237395,0,0,0,0,0,0,0,0,0,0,0,0,1579741824,0,13999,1857070,1436270471,22701,0,0,98994475,0,0,0,0,0,0,0,0,0,0,0,0,0,0,0,0,0,0,0,14582,0,0,0,0,0,0,0,0,0,0,0,0,0,0,0,0,0,0,0,0,0,0,0,0,45708,4050,22696,18646,18646,0,0,3322,0,0,19,0,0,0,0,0,0,0,1,0,1,0,0,0,0,0,0,0,0,0,0,0,0,0,0,0,0,0,0,0,0,714,24,0
1774383900.001286,1286,ubuntu-rog,1,0,0,8480284,0,2877800,3930613,497827,0,15,0,0,0,0,0,1552466644,0,0,4907,1553617280,0,0,2877800,3930613,497827,0,244557,144074,0,0,0,0,0,0,0,0,0,0,2871597,102661,4434825,15,0,0,6367,0,0,0,0,0,0,0,36650707,34036075,0,0,89763,89763,15040,16379,0,0,0,0,0,0,0,0,0,2557917,1277397,0,262144,6535356,169702189,0,0,1026,1025,1571237427,0,0,0,0,0,0,0,0,0,0,0,0,1579741857,0,13999,1857070,1436270471,22701,0,0,98994475,0,0,0,0,0,0,0,0,0,0,0,0,0,0,0,0,0,0,0,14582,0,0,0,0,0,0,0,0,0,0,0,0,0,0,0,0,0,0,0,0,0,0,0,0,45708,4050,22696,18646,18646,0,0,3322,0,0,19,0,0,0,0,0,0,0,1,0,1,0,0,0,0,0,0,0,0,0,0,0,0,0,0,0,0,0,0,0,0,714,24,0
1774383901.002159,2159,ubuntu-rog,1,0,0,8480347,0,2877800,3930613,497827,0,15,0,0,0,0,0,1552466677,0,0,4907,1553617313,0,0,2877800,3930613,497827,0,244557,144074,0,0,0,0,0,0,0,0,0,0,2871597,102661,4434826,15,0,0,6367,0,0,0,0,0,0,0,36650707,34036075,0,0,89763,89763,15040,16379,0,0,0,0,0,0,0,0,0,2557929,1277403,0,262144,6535356,169702205,0,0,1026,1025,1571237460,0,0,0,0,0,0,0,0,0,0,0,0,1579741888,0,13999,1857070,1436270471,22701,0,0,98994475,0,0,0,0,0,0,0,0,0,0,0,0,0,0,0,0,0,0,0,14582,0,0,0,0,0,0,0,0,0,0,0,0,0,0,0,0,0,0,0,0,0,0,0,0,45708,4050,22696,18646,18646,0,0,3322,0,0,19,0,0,0,0,0,0,0,1,0,1,0,0,0,0,0,0,0,0,0,0,0,0,0,0,0,0,0,0,0,0,714,24,0
1774383902.001161,1161,ubuntu-rog,1,0,0,8480284,0,2877839,3930626,497827,0,66,0,0,0,0,0,1552467117,0,0,4907,1553617753,0,0,2877839,3930626,497827,0,244558,144074,0,0,0,0,0,0,0,0,0,0,2871597,102661,4434827,66,0,0,6367,0,0,0,0,0,0,0,36650759,34036076,0,0,89763,89763,15040,16379,0,0,0,0,0,0,0,0,0,2557919,1277398,0,262144,6535356,169702245,0,0,1026,1025,1571237900,0,0,0,0,0,0,0,0,0,0,0,0,1579742290,0,13999,1857070,1436271183,22701,0,0,98994594,0,0,0,0,0,0,0,0,0,0,0,0,0,0,0,0,0,0,0,14582,0,0,0,0,0,0,0,0,0,0,0,0,0,0,0,0,0,0,0,0,0,0,0,0,45708,4050,22696,18646,18646,0,0,3322,0,0,19,0,0,0,0,0,0,0,1,0,1,0,0,0,0,0,0,0,0,0,0,0,0,0,0,0,0,0,0,0,0,714,24,0
1774383903.001257,1257,ubuntu-rog,1,0,0,8480284,0,2877839,3930626,497827,0,67,0,0,0,0,0,1552467147,0,0,4907,1553617783,0,0,2877839,3930626,497827,0,244558,144074,0,0,0,0,0,0,0,0,0,0,2871597,102661,4434828,67,0,0,6367,0,0,0,0,0,0,0,36650760,34036076,0,0,89763,89763,15040,16379,0,0,0,0,0,0,0,0,0,2557919,1277398,0,262144,6535356,169702245,0,0,1026,1025,1571237930,0,0,0,0,0,0,0,0,0,0,0,0,1579742319,0,13999,1857070,1436271183,22701,0,0,98994594,0,0,0,0,0,0,0,0,0,0,0,0,0,0,0,0,0,0,0,14582,0,0,0,0,0,0,0,0,0,0,0,0,0,0,0,0,0,0,0,0,0,0,0,0,45708,4050,22696,18646,18646,0,0,3322,0,0,19,0,0,0,0,0,0,0,1,0,1,0,0,0,0,0,0,0,0,0,0,0,0,0,0,0,0,0,0,0,0,714,24,0
1774383904.001289,1289,ubuntu-rog,1,0,0,8480284,0,2877839,3930626,497827,0,67,0,0,0,0,0,1552467169,0,0,4907,1553617805,0,0,2877839,3930626,497827,0,244558,144074,0,0,0,0,0,0,0,0,0,0,2871597,102661,4434828,67,0,0,6367,0,0,0,0,0,0,0,36650760,34036076,0,0,89763,89763,15040,16379,0,0,0,0,0,0,0,0,0,2557919,1277398,0,262144,6535356,169702245,0,0,1026,1025,1571237952,0,0,0,0,0,0,0,0,0,0,0,0,1579742341,0,13999,1857070,1436271183,22701,0,0,98994594,0,0,0,0,0,0,0,0,0,0,0,0,0,0,0,0,0,0,0,14582,0,0,0,0,0,0,0,0,0,0,0,0,0,0,0,0,0,0,0,0,0,0,0,0,45708,4050,22696,18646,18646,0,0,3322,0,0,19,0,0,0,0,0,0,0,1,0,1,0,0,0,0,0,0,0,0,0,0,0,0,0,0,0,0,0,0,0,0,714,24,0
1774383905.002290,2290,ubuntu-rog,1,0,0,8480284,0,2877839,3930626,497827,0,68,0,0,0,0,0,1552467198,0,0,4907,1553617834,0,0,2877839,3930626,497827,0,244558,144074,0,0,0,0,0,0,0,0,0,0,2871597,102661,4434829,68,0,0,6367,0,0,0,0,0,0,0,36650761,34036076,0,0,89763,89763,15040,16379,0,0,0,0,0,0,0,0,0,2557919,1277398,0,262144,6535356,169702245,0,0,1026,1025,1571237981,0,0,0,0,0,0,0,0,0,0,0,0,1579742369,0,13999,1857070,1436271183,22701,0,0,98994594,0,0,0,0,0,0,0,0,0,0,0,0,0,0,0,0,0,0,0,14582,0,0,0,0,0,0,0,0,0,0,0,0,0,0,0,0,0,0,0,0,0,0,0,0,45708,4050,22696,18646,18646,0,0,3322,0,0,19,0,0,0,0,0,0,0,1,0,1,0,0,0,0,0,0,0,0,0,0,0,0,0,0,0,0,0,0,0,0,714,24,0
1774383906.001149,1149,ubuntu-rog,1,0,0,8480284,0,2877839,3930626,497827,0,70,0,0,0,0,0,1552467232,0,0,4907,1553617868,0,0,2877839,3930626,497827,0,244558,144074,0,0,0,0,0,0,0,0,0,0,2871597,102661,4434831,70,0,0,6367,0,0,0,0,0,0,0,36650763,34036076,0,0,89763,89763,15040,16379,0,0,0,0,0,0,0,0,0,2557919,1277398,0,262144,6535356,169702245,0,0,1026,1025,1571238015,0,0,0,0,0,0,0,0,0,0,0,0,1579742401,0,13999,1857070,1436271184,22701,0,0,98994595,0,0,0,0,0,0,0,0,0,0,0,0,0,0,0,0,0,0,0,14582,0,0,0,0,0,0,0,0,0,0,0,0,0,0,0,0,0,0,0,0,0,0,0,0,45708,4050,22696,18646,18646,0,0,3322,0,0,19,0,0,0,0,0,0,0,1,0,1,0,0,0,0,0,0,0,0,0,0,0,0,0,0,0,0,0,0,0,0,714,24,0
1774383907.001162,1162,ubuntu-rog,1,0,0,8480284,0,2877839,3930626,497827,0,71,0,0,0,0,0,1552467258,0,0,4907,1553617894,0,0,2877839,3930626,497827,0,244558,144074,0,0,0,0,0,0,0,0,0,0,2871597,102661,4434832,71,0,0,6367,0,0,0,0,0,0,0,36650764,34036076,0,0,89763,89763,15008,16379,0,0,0,0,0,0,0,0,0,2557919,1277398,0,262144,6535356,169702289,0,0,1026,1025,1571238041,0,0,0,0,0,0,0,0,0,0,0,0,1579742430,0,13999,1857070,1436271184,22701,0,0,98994595,0,0,0,0,0,0,0,0,0,0,0,0,0,0,0,0,0,0,0,14582,0,0,0,0,0,0,0,0,0,0,0,0,0,0,0,0,0,0,0,0,0,0,0,0,45708,4050,22696,18646,18646,0,0,3322,0,0,19,0,0,0,0,0,0,0,1,0,1,0,0,0,0,0,0,0,0,0,0,0,0,0,0,0,0,0,0,0,0,714,24,0
1774383908.001252,1252,ubuntu-rog,1,0,0,8480284,0,2877839,3930626,497827,0,71,0,0,0,0,0,1552467288,0,0,4907,1553617924,0,0,2877839,3930626,497827,0,244558,144074,0,0,0,0,0,0,0,0,0,0,2871597,102661,4434832,71,0,0,6367,0,0,0,0,0,0,0,36650764,34036076,0,0,89763,89763,15008,16379,0,0,0,0,0,0,0,0,0,2557919,1277398,0,262144,6535356,169702289,0,0,1026,1025,1571238071,0,0,0,0,0,0,0,0,0,0,0,0,1579742460,0,13999,1857070,1436271184,22701,0,0,98994595,0,0,0,0,0,0,0,0,0,0,0,0,0,0,0,0,0,0,0,14582,0,0,0,0,0,0,0,0,0,0,0,0,0,0,0,0,0,0,0,0,0,0,0,0,45708,4050,22696,18646,18646,0,0,3322,0,0,19,0,0,0,0,0,0,0,1,0,1,0,0,0,0,0,0,0,0,0,0,0,0,0,0,0,0,0,0,0,0,714,24,0
1774383909.002287,2287,ubuntu-rog,1,0,0,8480284,0,2877839,3930626,497827,0,71,0,0,0,0,0,1552467318,0,0,4907,1553617954,0,0,2877839,3930626,497827,0,244558,144074,0,0,0,0,0,0,0,0,0,0,2871597,102661,4434832,71,0,0,6367,0,0,0,0,0,0,0,36650764,34036076,0,0,89763,89763,15008,16379,0,0,0,0,0,0,0,0,0,2557919,1277398,0,262144,6535356,169702289,0,0,1026,1025,1571238101,0,0,0,0,0,0,0,0,0,0,0,0,1579742490,0,13999,1857070,1436271184,22701,0,0,98994595,0,0,0,0,0,0,0,0,0,0,0,0,0,0,0,0,0,0,0,14582,0,0,0,0,0,0,0,0,0,0,0,0,0,0,0,0,0,0,0,0,0,0,0,0,45708,4050,22696,18646,18646,0,0,3322,0,0,19,0,0,0,0,0,0,0,1,0,1,0,0,0,0,0,0,0,0,0,0,0,0,0,0,0,0,0,0,0,0,714,24,0
1774383910.001293,1293,ubuntu-rog,1,0,0,8480284,0,2877839,3930626,497827,0,72,0,0,0,0,0,1552467342,0,0,4907,1553617978,0,0,2877839,3930626,497827,0,244558,144074,0,0,0,0,0,0,0,0,0,0,2871597,102661,4434833,72,0,0,6367,0,0,0,0,0,0,0,36650765,34036076,0,0,89763,89763,15008,16379,0,0,0,0,0,0,0,0,0,2557919,1277398,0,262144,6535356,169702289,0,0,1026,1025,1571238125,0,0,0,0,0,0,0,0,0,0,0,0,1579742513,0,13999,1857070,1436271184,22701,0,0,98994595,0,0,0,0,0,0,0,0,0,0,0,0,0,0,0,0,0,0,0,14582,0,0,0,0,0,0,0,0,0,0,0,0,0,0,0,0,0,0,0,0,0,0,0,0,45708,4050,22696,18646,18646,0,0,3322,0,0,19,0,0,0,0,0,0,0,1,0,1,0,0,0,0,0,0,0,0,0,0,0,0,0,0,0,0,0,0,0,0,714,24,0
1774383911.001151,1151,ubuntu-rog,1,0,0,8480284,0,2877839,3930626,497827,0,72,0,0,0,0,0,1552467373,0,0,4907,1553618009,0,0,2877839,3930626,497827,0,244558,144074,0,0,0,0,0,0,0,0,0,0,2871597,102661,4434833,72,0,0,6367,0,0,0,0,0,0,0,36650765,34036076,0,0,89763,89763,15008,16379,0,0,0,0,0,0,0,0,0,2557919,1277398,0,262144,6535356,169702289,0,0,1026,1025,1571238156,0,0,0,0,0,0,0,0,0,0,0,0,1579742544,0,13999,1857070,1436271184,22701,0,0,98994595,0,0,0,0,0,0,0,0,0,0,0,0,0,0,0,0,0,0,0,14582,0,0,0,0,0,0,0,0,0,0,0,0,0,0,0,0,0,0,0,0,0,0,0,0,45708,4050,22696,18646,18646,0,0,3322,0,0,19,0,0,0,0,0,0,0,1,0,1,0,0,0,0,0,0,0,0,0,0,0,0,0,0,0,0,0,0,0,0,714,24,0
1774383912.001154,1154,ubuntu-rog,1,0,0,8480284,0,2877839,3930626,497827,0,74,0,0,0,0,0,1552467405,0,0,4907,1553618041,0,0,2877839,3930626,497827,0,244558,144074,0,0,0,0,0,0,0,0,0,0,2871597,102661,4434835,74,0,0,6367,0,0,0,0,0,0,0,36650767,34036076,0,0,89763,89763,15008,16379,0,0,0,0,0,0,0,0,0,2557919,1277398,0,262144,6535356,169702309,0,0,1026,1025,1571238188,0,0,0,0,0,0,0,0,0,0,0,0,1579742574,0,13999,1857070,1436271184,22701,0,0,98994595,0,0,0,0,0,0,0,0,0,0,0,0,0,0,0,0,0,0,0,14582,0,0,0,0,0,0,0,0,0,0,0,0,0,0,0,0,0,0,0,0,0,0,0,0,45708,4050,22696,18646,18646,0,0,3322,0,0,19,0,0,0,0,0,0,0,1,0,1,0,0,0,0,0,0,0,0,0,0,0,0,0,0,0,0,0,0,0,0,714,24,0
1774383913.002275,2275,ubuntu-rog,1,0,0,8480284,0,2877839,3930626,497827,0,75,0,0,0,0,0,1552467434,0,0,4907,1553618070,0,0,2877839,3930626,497827,0,244558,144074,0,0,0,0,0,0,0,0,0,0,2871597,102661,4434836,75,0,0,6367,0,0,0,0,0,0,0,36650768,34036076,0,0,89763,89763,15008,16379,0,0,0,0,0,0,0,0,0,2557919,1277398,0,262144,6535356,169702309,0,0,1026,1025,1571238217,0,0,0,0,0,0,0,0,0,0,0,0,1579742602,0,13999,1857070,1436271184,22701,0,0,98994595,0,0,0,0,0,0,0,0,0,0,0,0,0,0,0,0,0,0,0,14582,0,0,0,0,0,0,0,0,0,0,0,0,0,0,0,0,0,0,0,0,0,0,0,0,45708,4050,22696,18646,18646,0,0,3322,0,0,19,0,0,0,0,0,0,0,1,0,1,0,0,0,0,0,0,0,0,0,0,0,0,0,0,0,0,0,0,0,0,714,24,0
1774383914.001301,1301,ubuntu-rog,1,0,0,8480284,0,2877839,3930626,497827,0,75,0,0,0,0,0,1552467469,0,0,4907,1553618105,0,0,2877839,3930626,497827,0,244558,144074,0,0,0,0,0,0,0,0,0,0,2871597,102661,4434836,75,0,0,6367,0,0,0,0,0,0,0,36650768,34036076,0,0,89763,89763,15008,16379,0,0,0,0,0,0,0,0,0,2557919,1277398,0,262144,6535356,169702309,0,0,1026,1025,1571238252,0,0,0,0,0,0,0,0,0,0,0,0,1579742637,0,13999,1857070,1436271184,22701,0,0,98994595,0,0,0,0,0,0,0,0,0,0,0,0,0,0,0,0,0,0,0,14582,0,0,0,0,0,0,0,0,0,0,0,0,0,0,0,0,0,0,0,0,0,0,0,0,45708,4050,22696,18646,18646,0,0,3322,0,0,19,0,0,0,0,0,0,0,1,0,1,0,0,0,0,0,0,0,0,0,0,0,0,0,0,0,0,0,0,0,0,714,24,0
1774383915.001289,1289,ubuntu-rog,1,0,0,8480284,0,2877839,3930626,497827,0,75,0,0,0,0,0,1552467493,0,0,4907,1553618129,0,0,2877839,3930626,497827,0,244558,144074,0,0,0,0,0,0,0,0,0,0,2871597,102661,4434836,75,0,0,6367,0,0,0,0,0,0,0,36650768,34036076,0,0,89763,89763,15008,16379,0,0,0,0,0,0,0,0,0,2557919,1277398,0,262144,6535356,169702309,0,0,1026,1025,1571238276,0,0,0,0,0,0,0,0,0,0,0,0,1579742661,0,13999,1857070,1436271184,22701,0,0,98994595,0,0,0,0,0,0,0,0,0,0,0,0,0,0,0,0,0,0,0,14582,0,0,0,0,0,0,0,0,0,0,0,0,0,0,0,0,0,0,0,0,0,0,0,0,45708,4050,22696,18646,18646,0,0,3322,0,0,19,0,0,0,0,0,0,0,1,0,1,0,0,0,0,0,0,0,0,0,0,0,0,0,0,0,0,0,0,0,0,714,24,0
1774383916.001154,1154,ubuntu-rog,1,0,0,8480284,0,2877839,3930626,497827,0,75,0,0,0,0,0,1552467523,0,0,4907,1553618159,0,0,2877839,3930626,497827,0,244558,144074,0,0,0,0,0,0,0,0,0,0,2871597,102661,4434836,75,0,0,6367,0,0,0,0,0,0,0,36650768,34036076,0,0,89763,89763,15008,16379,0,0,0,0,0,0,0,0,0,2557919,1277398,0,262144,6535356,169702309,0,0,1026,1025,1571238306,0,0,0,0,0,0,0,0,0,0,0,0,1579742691,0,13999,1857070,1436271184,22701,0,0,98994595,0,0,0,0,0,0,0,0,0,0,0,0,0,0,0,0,0,0,0,14582,0,0,0,0,0,0,0,0,0,0,0,0,0,0,0,0,0,0,0,0,0,0,0,0,45708,4050,22696,18646,18646,0,0,3322,0,0,19,0,0,0,0,0,0,0,1,0,1,0,0,0,0,0,0,0,0,0,0,0,0,0,0,0,0,0,0,0,0,714,24,0
1774383917.002150,2150,ubuntu-rog,1,0,0,8480284,0,2877839,3930626,497827,0,70,0,0,0,0,0,1552467554,0,0,4907,1553618190,0,0,2877839,3930626,497827,0,244558,144074,0,0,0,0,0,0,0,0,0,0,2871597,102661,4434837,70,0,0,6367,0,0,0,0,0,0,0,36650769,34036082,0,0,89763,89763,15008,16379,0,0,0,0,0,0,0,0,0,2557919,1277398,0,262144,6535356,169702333,0,0,1026,1025,1571238337,0,0,0,0,0,0,0,0,0,0,0,0,1579742721,0,13999,1857070,1436271184,22701,0,0,98994595,0,0,0,0,0,0,0,0,0,0,0,0,0,0,0,0,0,0,0,14582,0,0,0,0,0,0,0,0,0,0,0,0,0,0,0,0,0,0,0,0,0,0,0,0,45708,4050,22696,18646,18646,0,0,3322,0,0,19,0,0,0,0,0,0,0,1,0,1,0,0,0,0,0,0,0,0,0,0,0,0,0,0,0,0,0,0,0,0,714,24,0
1774383918.001257,1257,ubuntu-rog,1,0,0,8480284,0,2877839,3930626,497827,0,74,0,0,0,0,0,1552467588,0,0,4907,1553618224,0,0,2877839,3930626,497827,0,244558,144074,0,0,0,0,0,0,0,0,0,0,2871597,102661,4434841,74,0,0,6367,0,0,0,0,0,0,0,36650773,34036082,0,0,89763,89763,15008,16379,0,0,0,0,0,0,0,0,0,2557919,1277398,0,262144,6535356,169702361,0,0,1026,1025,1571238371,0,0,0,0,0,0,0,0,0,0,0,0,1579742751,0,13999,1857070,1436271184,22701,0,0,98994595,0,0,0,0,0,0,0,0,0,0,0,0,0,0,0,0,0,0,0,14582,0,0,0,0,0,0,0,0,0,0,0,0,0,0,0,0,0,0,0,0,0,0,0,0,45708,4050,22696,18646,18646,0,0,3322,0,0,19,0,0,0,0,0,0,0,1,0,1,0,0,0,0,0,0,0,0,0,0,0,0,0,0,0,0,0,0,0,0,714,24,0
1774383919.001317,1317,ubuntu-rog,1,0,0,8480284,0,2877839,3930626,497827,0,74,0,0,0,0,0,1552467617,0,0,4907,1553618253,0,0,2877839,3930626,497827,0,244558,144074,0,0,0,0,0,0,0,0,0,0,2871597,102661,4434841,74,0,0,6367,0,0,0,0,0,0,0,36650773,34036082,0,0,89763,89763,15008,16379,0,0,0,0,0,0,0,0,0,2557919,1277398,0,262144,6535356,169702361,0,0,1026,1025,1571238400,0,0,0,0,0,0,0,0,0,0,0,0,1579742780,0,13999,1857070,1436271184,22701,0,0,98994595,0,0,0,0,0,0,0,0,0,0,0,0,0,0,0,0,0,0,0,14582,0,0,0,0,0,0,0,0,0,0,0,0,0,0,0,0,0,0,0,0,0,0,0,0,45708,4050,22696,18646,18646,0,0,3322,0,0,19,0,0,0,0,0,0,0,1,0,1,0,0,0,0,0,0,0,0,0,0,0,0,0,0,0,0,0,0,0,0,714,24,0
1774383920.001306,1306,ubuntu-rog,1,0,0,8480284,0,2877839,3930626,497827,0,75,0,0,0,0,0,1552467649,0,0,4907,1553618285,0,0,2877839,3930626,497827,0,244558,144074,0,0,0,0,0,0,0,0,0,0,2871597,102661,4434842,75,0,0,6367,0,0,0,0,0,0,0,36650774,34036082,0,0,89763,89763,15008,16379,0,0,0,0,0,0,0,0,0,2557919,1277398,0,262144,6535356,169702361,0,0,1026,1025,1571238432,0,0,0,0,0,0,0,0,0,0,0,0,1579742811,0,13999,1857070,1436271184,22701,0,0,98994595,0,0,0,0,0,0,0,0,0,0,0,0,0,0,0,0,0,0,0,14582,0,0,0,0,0,0,0,0,0,0,0,0,0,0,0,0,0,0,0,0,0,0,0,0,45708,4050,22696,18646,18646,0,0,3322,0,0,19,0,0,0,0,0,0,0,1,0,1,0,0,0,0,0,0,0,0,0,0,0,0,0,0,0,0,0,0,0,0,714,24,0
1774383921.002149,2149,ubuntu-rog,1,0,0,8480284,0,2877839,3930626,497827,0,75,0,0,0,0,0,1552467673,0,0,4907,1553618309,0,0,2877839,3930626,497827,0,244558,144074,0,0,0,0,0,0,0,0,0,0,2871597,102661,4434842,75,0,0,6367,0,0,0,0,0,0,0,36650774,34036082,0,0,89763,89763,15008,16379,0,0,0,0,0,0,0,0,0,2557919,1277398,0,262144,6535356,169702361,0,0,1026,1025,1571238456,0,0,0,0,0,0,0,0,0,0,0,0,1579742835,0,13999,1857070,1436271184,22701,0,0,98994595,0,0,0,0,0,0,0,0,0,0,0,0,0,0,0,0,0,0,0,14582,0,0,0,0,0,0,0,0,0,0,0,0,0,0,0,0,0,0,0,0,0,0,0,0,45708,4050,22696,18646,18646,0,0,3322,0,0,19,0,0,0,0,0,0,0,1,0,1,0,0,0,0,0,0,0,0,0,0,0,0,0,0,0,0,0,0,0,0,714,24,0
1774383922.001151,1151,ubuntu-rog,1,0,0,8480284,0,2877839,3930626,497827,0,75,0,0,0,0,0,1552467701,0,0,4907,1553618337,0,0,2877839,3930626,497827,0,244558,144074,0,0,0,0,0,0,0,0,0,0,2871597,102661,4434842,75,0,0,6367,0,0,0,0,0,0,0,36650774,34036082,0,0,89763,89763,15008,16379,0,0,0,0,0,0,0,0,0,2557919,1277398,0,262144,6535356,169702361,0,0,1026,1025,1571238484,0,0,0,0,0,0,0,0,0,0,0,0,1579742863,0,13999,1857070,1436271184,22701,0,0,98994595,0,0,0,0,0,0,0,0,0,0,0,0,0,0,0,0,0,0,0,14582,0,0,0,0,0,0,0,0,0,0,0,0,0,0,0,0,0,0,0,0,0,0,0,0,45708,4050,22696,18646,18646,0,0,3322,0,0,19,0,0,0,0,0,0,0,1,0,1,0,0,0,0,0,0,0,0,0,0,0,0,0,0,0,0,0,0,0,0,714,24,0
1774383923.001255,1255,ubuntu-rog,1,0,0,8480284,0,2877839,3930626,497827,0,75,0,0,0,0,0,1552467730,0,0,4907,1553618366,0,0,2877839,3930626,497827,0,244558,144074,0,0,0,0,0,0,0,0,0,0,2871597,102661,4434842,75,0,0,6367,0,0,0,0,0,0,0,36650774,34036082,0,0,89763,89763,15008,16379,0,0,0,0,0,0,0,0,0,2557919,1277398,0,262144,6535356,169702361,0,0,1026,1025,1571238513,0,0,0,0,0,0,0,0,0,0,0,0,1579742892,0,13999,1857070,1436271184,22701,0,0,98994595,0,0,0,0,0,0,0,0,0,0,0,0,0,0,0,0,0,0,0,14582,0,0,0,0,0,0,0,0,0,0,0,0,0,0,0,0,0,0,0,0,0,0,0,0,45708,4050,22696,18646,18646,0,0,3322,0,0,19,0,0,0,0,0,0,0,1,0,1,0,0,0,0,0,0,0,0,0,0,0,0,0,0,0,0,0,0,0,0,714,24,0
1774383924.001288,1288,ubuntu-rog,1,0,0,8480284,0,2877839,3930626,497827,0,77,0,0,0,0,0,1552467757,0,0,4907,1553618393,0,0,2877839,3930626,497827,0,244558,144074,0,0,0,0,0,0,0,0,0,0,2871597,102661,4434844,77,0,0,6367,0,0,0,0,0,0,0,36650776,34036082,0,0,89763,89763,15008,16379,0,0,0,0,0,0,0,0,0,2557919,1277398,0,262144,6535356,169702377,0,0,1026,1025,1571238540,0,0,0,0,0,0,0,0,0,0,0,0,1579742917,0,13999,1857070,1436271184,22701,0,0,98994595,0,0,0,0,0,0,0,0,0,0,0,0,0,0,0,0,0,0,0,14582,0,0,0,0,0,0,0,0,0,0,0,0,0,0,0,0,0,0,0,0,0,0,0,0,45708,4050,22696,18646,18646,0,0,3322,0,0,19,0,0,0,0,0,0,0,1,0,1,0,0,0,0,0,0,0,0,0,0,0,0,0,0,0,0,0,0,0,0,714,24,0
1774383925.002287,2287,ubuntu-rog,1,0,0,8480284,0,2877839,3930626,497827,0,77,0,0,0,0,0,1552467790,0,0,4907,1553618426,0,0,2877839,3930626,497827,0,244558,144074,0,0,0,0,0,0,0,0,0,0,2871597,102661,4434844,77,0,0,6367,0,0,0,0,0,0,0,36650776,34036082,0,0,89763,89763,15008,16379,0,0,0,0,0,0,0,0,0,2557919,1277398,0,262144,6535356,169702377,0,0,1026,1025,1571238573,0,0,0,0,0,0,0,0,0,0,0,0,1579742950,0,13999,1857070,1436271184,22701,0,0,98994595,0,0,0,0,0,0,0,0,0,0,0,0,0,0,0,0,0,0,0,14582,0,0,0,0,0,0,0,0,0,0,0,0,0,0,0,0,0,0,0,0,0,0,0,0,45708,4050,22696,18646,18646,0,0,3322,0,0,19,0,0,0,0,0,0,0,1,0,1,0,0,0,0,0,0,0,0,0,0,0,0,0,0,0,0,0,0,0,0,714,24,0
1774383926.001162,1162,ubuntu-rog,1,0,0,8480284,0,2877839,3930639,497827,0,63,0,0,0,0,0,1552467822,0,0,4907,1553618458,0,0,2877839,3930639,497827,0,244558,144074,0,0,0,0,0,0,0,0,0,0,2871597,102661,4434844,63,0,0,6367,0,0,0,0,0,0,0,36650776,34036096,0,0,89763,89763,15008,16379,0,0,0,0,0,0,0,0,0,2557922,1277399,0,262144,6535356,169702429,0,0,1026,1025,1571238605,0,0,0,0,0,0,0,0,0,0,0,0,1579742993,0,13999,1857070,1436271184,22701,0,0,98994595,0,0,0,0,0,0,0,0,0,0,0,0,0,0,0,0,0,0,0,14582,0,0,0,0,0,0,0,0,0,0,0,0,0,0,0,0,0,0,0,0,0,0,0,0,45708,4050,22696,18646,18646,0,0,3322,0,0,19,0,0,0,0,0,0,0,1,0,1,0,0,0,0,0,0,0,0,0,0,0,0,0,0,0,0,0,0,0,0,714,24,0
1774383927.001155,1155,ubuntu-rog,1,0,0,8480284,0,2877839,3930639,497827,0,48,0,0,0,0,0,1552467850,0,0,4907,1553618486,0,0,2877839,3930639,497827,0,244558,144074,0,0,0,0,0,0,0,0,0,0,2871597,102661,4434845,48,0,0,6367,0,0,0,0,0,0,0,36650777,34036112,0,0,89763,89763,15008,16379,0,0,0,0,0,0,0,0,0,2557922,1277399,0,262144,6535356,169702493,0,0,1026,1025,1571238633,0,0,0,0,0,0,0,0,0,0,0,0,1579743020,0,13999,1857070,1436271184,22701,0,0,98994595,0,0,0,0,0,0,0,0,0,0,0,0,0,0,0,0,0,0,0,14582,0,0,0,0,0,0,0,0,0,0,0,0,0,0,0,0,0,0,0,0,0,0,0,0,45708,4050,22696,18646,18646,0,0,3322,0,0,19,0,0,0,0,0,0,0,1,0,1,0,0,0,0,0,0,0,0,0,0,0,0,0,0,0,0,0,0,0,0,714,24,0
1774383928.001254,1254,ubuntu-rog,1,0,0,8480284,0,2877839,3930639,497827,0,48,0,0,0,0,0,1552467880,0,0,4907,1553618516,0,0,2877839,3930639,497827,0,244558,144074,0,0,0,0,0,0,0,0,0,0,2871597,102661,4434845,48,0,0,6367,0,0,0,0,0,0,0,36650777,34036112,0,0,89763,89763,15008,16379,0,0,0,0,0,0,0,0,0,2557922,1277399,0,262144,6535356,169702493,0,0,1026,1025,1571238663,0,0,0,0,0,0,0,0,0,0,0,0,1579743050,0,13999,1857070,1436271184,22701,0,0,98994595,0,0,0,0,0,0,0,0,0,0,0,0,0,0,0,0,0,0,0,14582,0,0,0,0,0,0,0,0,0,0,0,0,0,0,0,0,0,0,0,0,0,0,0,0,45708,4050,22696,18646,18646,0,0,3322,0,0,19,0,0,0,0,0,0,0,1,0,1,0,0,0,0,0,0,0,0,0,0,0,0,0,0,0,0,0,0,0,0,714,24,0
1774383929.002290,2290,ubuntu-rog,1,0,0,8480284,0,2877839,3930639,497827,0,48,0,0,0,0,0,1552467908,0,0,4907,1553618544,0,0,2877839,3930639,497827,0,244558,144074,0,0,0,0,0,0,0,0,0,0,2871597,102661,4434845,48,0,0,6367,0,0,0,0,0,0,0,36650777,34036112,0,0,89763,89763,15008,16379,0,0,0,0,0,0,0,0,0,2557922,1277399,0,262144,6535356,169702493,0,0,1026,1025,1571238691,0,0,0,0,0,0,0,0,0,0,0,0,1579743078,0,13999,1857070,1436271184,22701,0,0,98994595,0,0,0,0,0,0,0,0,0,0,0,0,0,0,0,0,0,0,0,14582,0,0,0,0,0,0,0,0,0,0,0,0,0,0,0,0,0,0,0,0,0,0,0,0,45708,4050,22696,18646,18646,0,0,3322,0,0,19,0,0,0,0,0,0,0,1,0,1,0,0,0,0,0,0,0,0,0,0,0,0,0,0,0,0,0,0,0,0,714,24,0
1774383930.001293,1293,ubuntu-rog,1,0,0,8480284,0,2877839,3930639,497827,0,56,0,0,0,0,0,1552467944,0,0,4907,1553618580,0,0,2877839,3930639,497827,0,244558,144074,0,0,0,0,0,0,0,0,0,0,2871597,102661,4434847,56,0,0,6367,0,0,0,0,0,0,0,36650785,34036112,0,0,89763,89763,15008,16379,0,0,0,0,0,0,0,0,0,2557922,1277399,0,262144,6535356,169702525,0,0,1026,1025,1571238727,0,0,0,0,0,0,0,0,0,0,0,0,1579743112,0,13999,1857070,1436271184,22701,0,0,98994595,0,0,0,0,0,0,0,0,0,0,0,0,0,0,0,0,0,0,0,14582,0,0,0,0,0,0,0,0,0,0,0,0,0,0,0,0,0,0,0,0,0,0,0,0,45708,4050,22696,18646,18646,0,0,3322,0,0,19,0,0,0,0,0,0,0,1,0,1,0,0,0,0,0,0,0,0,0,0,0,0,0,0,0,0,0,0,0,0,714,24,0
1774383931.001154,1154,ubuntu-rog,1,0,0,8480284,0,2877839,3930639,497827,0,59,0,0,0,0,0,1552467978,0,0,4907,1553618614,0,0,2877839,3930639,497827,0,244558,144074,0,0,0,0,0,0,0,0,0,0,2871597,102661,4434849,59,0,0,6367,0,0,0,0,0,0,0,36650788,34036112,0,0,89763,89763,15008,16379,0,0,0,0,0,0,0,0,0,2557922,1277399,0,262144,6535356,169702525,0,0,1026,1025,1571238761,0,0,0,0,0,0,0,0,0,0,0,0,1579743144,0,13999,1857070,1436271184,22701,0,0,98994595,0,0,0,0,0,0,0,0,0,0,0,0,0,0,0,0,0,0,0,14582,0,0,0,0,0,0,0,0,0,0,0,0,0,0,0,0,0,0,0,0,0,0,0,0,45708,4050,22696,18646,18646,0,0,3322,0,0,19,0,0,0,0,0,0,0,1,0,1,0,0,0,0,0,0,0,0,0,0,0,0,0,0,0,0,0,0,0,0,714,24,0
1774383932.001164,1164,ubuntu-rog,1,0,0,8480284,0,2877839,3930639,497827,0,59,0,0,0,0,0,1552468003,0,0,4907,1553618639,0,0,2877839,3930639,497827,0,244558,144074,0,0,0,0,0,0,0,0,0,0,2871597,102661,4434849,59,0,0,6367,0,0,0,0,0,0,0,36650788,34036112,0,0,89763,89763,15008,16379,0,0,0,0,0,0,0,0,0,2557922,1277399,0,262144,6535356,169702525,0,0,1026,1025,1571238786,0,0,0,0,0,0,0,0,0,0,0,0,1579743169,0,13999,1857070,1436271184,22701,0,0,98994595,0,0,0,0,0,0,0,0,0,0,0,0,0,0,0,0,0,0,0,14582,0,0,0,0,0,0,0,0,0,0,0,0,0,0,0,0,0,0,0,0,0,0,0,0,45708,4050,22696,18646,18646,0,0,3322,0,0,19,0,0,0,0,0,0,0,1,0,1,0,0,0,0,0,0,0,0,0,0,0,0,0,0,0,0,0,0,0,0,714,24,0
1774383933.002251,2251,ubuntu-rog,1,0,0,8480284,0,2877839,3930639,497827,0,14,0,0,0,0,0,1552468042,0,0,4907,1553618678,0,0,2877839,3930639,497827,0,244558,144074,0,0,0,0,0,0,0,0,0,0,2871597,102661,4434849,14,0,0,6367,0,0,0,0,0,0,0,36650788,34036157,0,0,89763,89763,15008,16379,0,0,0,0,0,0,0,0,0,2557922,1277399,0,262144,6535356,169702877,0,0,1026,1025,1571238825,0,0,0,0,0,0,0,0,0,0,0,0,1579743202,0,13999,1857070,1436271185,22701,0,0,98994595,0,0,0,0,0,0,0,0,0,0,0,0,0,0,0,0,0,0,0,14582,0,0,0,0,0,0,0,0,0,0,0,0,0,0,0,0,0,0,0,0,0,0,0,0,45708,4050,22696,18646,18646,0,0,3322,0,0,19,0,0,0,0,0,0,0,1,0,1,0,0,0,0,0,0,0,0,0,0,0,0,0,0,0,0,0,0,0,0,714,24,0
1774383934.001295,1295,ubuntu-rog,1,0,0,8480284,0,2877844,3930654,497827,0,30,0,0,0,0,0,1552468090,0,0,4907,1553618726,0,0,2877844,3930654,497827,0,244558,144074,0,0,0,0,0,0,0,0,0,0,2871597,102661,4434864,30,0,0,6367,0,0,0,0,0,0,0,36650814,34036167,0,0,89763,89763,15008,16379,0,0,0,0,0,0,0,0,0,2557925,1277401,0,262144,6535356,169703265,0,0,1026,1025,1571238873,0,0,0,0,0,0,0,0,0,0,0,0,1579743242,0,13999,1857070,1436271185,22701,0,0,98994595,0,0,0,0,0,0,0,0,0,0,0,0,0,0,0,0,0,0,0,14582,0,0,0,0,0,0,0,0,0,0,0,0,0,0,0,0,0,0,0,0,0,0,0,0,45708,4050,22696,18646,18646,0,0,3322,0,0,19,0,0,0,0,0,0,0,1,0,1,0,0,0,0,0,0,0,0,0,0,0,0,0,0,0,0,0,0,0,0,714,24,0
1774383935.001292,1292,ubuntu-rog,1,0,0,8480284,0,2877844,3930654,497827,0,30,0,0,0,0,0,1552468113,0,0,4907,1553618749,0,0,2877844,3930654,497827,0,244558,144074,0,0,0,0,0,0,0,0,0,0,2871597,102661,4434864,30,0,0,6367,0,0,0,0,0,0,0,36650814,34036167,0,0,89763,89763,15008,16379,0,0,0,0,0,0,0,0,0,2557925,1277401,0,262144,6535356,169703265,0,0,1026,1025,1571238896,0,0,0,0,0,0,0,0,0,0,0,0,1579743265,0,13999,1857070,1436271185,22701,0,0,98994595,0,0,0,0,0,0,0,0,0,0,0,0,0,0,0,0,0,0,0,14582,0,0,0,0,0,0,0,0,0,0,0,0,0,0,0,0,0,0,0,0,0,0,0,0,45708,4050,22696,18646,18646,0,0,3322,0,0,19,0,0,0,0,0,0,0,1,0,1,0,0,0,0,0,0,0,0,0,0,0,0,0,0,0,0,0,0,0,0,714,24,0
1774383936.001152,1152,ubuntu-rog,1,0,0,8480284,0,2877844,3930654,497827,0,30,0,0,0,0,0,1552468171,0,0,4907,1553618807,0,0,2877844,3930654,497827,0,244558,144074,0,0,0,0,0,0,0,0,0,0,2871597,102661,4434864,30,0,0,6367,0,0,0,0,0,0,0,36650814,34036167,0,0,89763,89763,15008,16379,0,0,0,0,0,0,0,0,0,2557925,1277401,0,262144,6535356,169703265,0,0,1026,1025,1571238954,0,0,0,0,0,0,0,0,0,0,0,0,1579743323,0,13999,1857070,1436271185,22701,0,0,98994595,0,0,0,0,0,0,0,0,0,0,0,0,0,0,0,0,0,0,0,14582,0,0,0,0,0,0,0,0,0,0,0,0,0,0,0,0,0,0,0,0,0,0,0,0,45708,4050,22696,18646,18646,0,0,3322,0,0,19,0,0,0,0,0,0,0,1,0,1,0,0,0,0,0,0,0,0,0,0,0,0,0,0,0,0,0,0,0,0,714,24,0
1774383937.002149,2149,ubuntu-rog,1,0,0,8480284,0,2877844,3930654,497827,0,31,0,0,0,0,0,1552468220,0,0,4907,1553618856,0,0,2877844,3930654,497827,0,244558,144074,0,0,0,0,0,0,0,0,0,0,2871597,102661,4434865,31,0,0,6367,0,0,0,0,0,0,0,36650815,34036167,0,0,89763,89763,15008,16379,0,0,0,0,0,0,0,0,0,2557925,1277401,0,262144,6535356,169703265,0,0,1026,1025,1571239003,0,0,0,0,0,0,0,0,0,0,0,0,1579743365,0,13999,1857070,1436271185,22701,0,0,98994595,0,0,0,0,0,0,0,0,0,0,0,0,0,0,0,0,0,0,0,14582,0,0,0,0,0,0,0,0,0,0,0,0,0,0,0,0,0,0,0,0,0,0,0,0,45708,4050,22696,18646,18646,0,0,3322,0,0,19,0,0,0,0,0,0,0,1,0,1,0,0,0,0,0,0,0,0,0,0,0,0,0,0,0,0,0,0,0,0,714,24,0
1774383938.001301,1301,ubuntu-rog,1,0,0,8480284,0,2877875,3930654,497827,0,32,0,0,0,0,0,1552468545,0,0,4907,1553619181,0,0,2877875,3930654,497827,0,244558,144068,0,0,0,0,0,0,0,0,0,0,2871644,102661,4434866,32,0,0,6367,0,0,0,0,0,0,0,36650816,34036167,0,0,89763,89763,15008,16379,0,0,0,0,0,0,0,0,0,2557925,1277401,0,262144,6535356,169703265,0,0,1026,1025,1571239398,0,0,0,0,0,0,0,0,0,0,0,0,1579743701,0,13999,1857070,1436271255,22701,0,0,98994595,0,0,0,0,0,0,0,0,0,0,0,0,0,0,0,0,0,0,0,14582,0,0,0,0,0,0,0,0,0,0,0,0,0,0,0,0,0,0,0,0,0,0,0,0,45708,4050,22696,18646,18646,0,0,3322,0,0,19,0,0,0,0,0,0,0,1,0,1,0,0,0,0,0,0,0,0,0,0,0,0,0,0,0,0,0,0,0,0,714,24,0
1774383939.001297,1297,ubuntu-rog,1,0,0,8480284,0,2877875,3930654,497827,0,32,0,0,0,0,0,1552468593,0,0,4907,1553619229,0,0,2877875,3930654,497827,0,244558,144068,0,0,0,0,0,0,0,0,0,0,2871644,102661,4434867,32,0,0,6367,0,0,0,0,0,0,0,36650816,34036167,0,0,89763,89763,15008,16379,0,0,0,0,0,0,0,0,0,2557925,1277401,0,262144,6535356,169703317,0,0,1026,1025,1571239446,0,0,0,0,0,0,0,0,0,0,0,0,1579743748,0,13999,1857070,1436271255,22701,0,0,98994595,0,0,0,0,0,0,0,0,0,0,0,0,0,0,0,0,0,0,0,14582,0,0,0,0,0,0,0,0,0,0,0,0,0,0,0,0,0,0,0,0,0,0,0,0,45708,4050,22696,18646,18646,0,0,3322,0,0,19,0,0,0,0,0,0,0,1,0,1,0,0,0,0,0,0,0,0,0,0,0,0,0,0,0,0,0,0,0,0,714,24,0
1774383940.001294,1294,ubuntu-rog,1,0,0,8480284,0,2877875,3930654,497827,0,32,0,0,0,0,0,1552468622,0,0,4907,1553619258,0,0,2877875,3930654,497827,0,244558,144066,0,0,0,0,0,0,0,0,0,0,2871644,102661,4434867,32,0,0,6367,0,0,0,0,0,0,0,36650816,34036167,0,0,89763,89763,15008,16379,0,0,0,0,0,0,0,0,0,2557925,1277401,0,262144,6535356,169703317,0,0,1026,1025,1571239475,0,0,0,0,0,0,0,0,0,0,0,0,1579743779,0,13999,1857070,1436271255,22701,0,0,98994595,0,0,0,0,0,0,0,0,0,0,0,0,0,0,0,0,0,0,0,14582,0,0,0,0,0,0,0,0,0,0,0,0,0,0,0,0,0,0,0,0,0,0,0,0,45708,4050,22696,18646,18646,0,0,3322,0,0,19,0,0,0,0,0,0,0,1,0,1,0,0,0,0,0,0,0,0,0,0,0,0,0,0,0,0,0,0,0,0,714,24,0
1774383941.002143,2143,ubuntu-rog,1,0,0,8480284,0,2877875,3930654,497827,0,33,0,0,0,0,0,1552468649,0,0,4907,1553619285,0,0,2877875,3930654,497827,0,244558,144066,0,0,0,0,0,0,0,0,0,0,2871644,102661,4434868,33,0,0,6367,0,0,0,0,0,0,0,36650817,34036167,0,0,89763,89763,15008,16379,0,0,0,0,0,0,0,0,0,2557925,1277401,0,262144,6535356,169703317,0,0,1026,1025,1571239503,0,0,0,0,0,0,0,0,0,0,0,0,1579743806,0,13999,1857070,1436271255,22701,0,0,98994595,0,0,0,0,0,0,0,0,0,0,0,0,0,0,0,0,0,0,0,14582,0,0,0,0,0,0,0,0,0,0,0,0,0,0,0,0,0,0,0,0,0,0,0,0,45708,4050,22696,18646,18646,0,0,3322,0,0,19,0,0,0,0,0,0,0,1,0,1,0,0,0,0,0,0,0,0,0,0,0,0,0,0,0,0,0,0,0,0,714,24,0
1774383942.001153,1153,ubuntu-rog,1,0,0,8480284,0,2877875,3930654,497827,0,33,0,0,0,0,0,1552468680,0,0,4907,1553619316,0,0,2877875,3930654,497827,0,244558,144066,0,0,0,0,0,0,0,0,0,0,2871644,102661,4434868,33,0,0,6367,0,0,0,0,0,0,0,36650817,34036167,0,0,89763,89763,15008,16379,0,0,0,0,0,0,0,0,0,2557925,1277401,0,262144,6535356,169703317,0,0,1026,1025,1571239533,0,0,0,0,0,0,0,0,0,0,0,0,1579743836,0,13999,1857070,1436271255,22701,0,0,98994595,0,0,0,0,0,0,0,0,0,0,0,0,0,0,0,0,0,0,0,14582,0,0,0,0,0,0,0,0,0,0,0,0,0,0,0,0,0,0,0,0,0,0,0,0,45708,4050,22696,18646,18646,0,0,3322,0,0,19,0,0,0,0,0,0,0,1,0,1,0,0,0,0,0,0,0,0,0,0,0,0,0,0,0,0,0,0,0,0,714,24,0
1774383943.001256,1256,ubuntu-rog,1,0,0,8480284,0,2877875,3930654,497827,0,35,0,0,0,0,0,1552468708,0,0,4907,1553619344,0,0,2877875,3930654,497827,0,244558,144066,0,0,0,0,0,0,0,0,0,0,2871644,102661,4434870,35,0,0,6367,0,0,0,0,0,0,0,36650819,34036167,0,0,89763,89763,15008,16379,0,0,0,0,0,0,0,0,0,2557925,1277401,0,262144,6535356,169703317,0,0,1026,1025,1571239561,0,0,0,0,0,0,0,0,0,0,0,0,1579743862,0,13999,1857070,1436271255,22701,0,0,98994595,0,0,0,0,0,0,0,0,0,0,0,0,0,0,0,0,0,0,0,14582,0,0,0,0,0,0,0,0,0,0,0,0,0,0,0,0,0,0,0,0,0,0,0,0,45708,4050,22696,18646,18646,0,0,3322,0,0,19,0,0,0,0,0,0,0,1,0,1,0,0,0,0,0,0,0,0,0,0,0,0,0,0,0,0,0,0,0,0,714,24,0
1774383944.001314,1314,ubuntu-rog,1,0,0,8480284,0,2877875,3930654,497827,0,35,0,0,0,0,0,1552468738,0,0,4907,1553619374,0,0,2877875,3930654,497827,0,244558,144066,0,0,0,0,0,0,0,0,0,0,2871644,102661,4434870,35,0,0,6367,0,0,0,0,0,0,0,36650819,34036167,0,0,89763,89763,15008,16379,0,0,0,0,0,0,0,0,0,2557925,1277401,0,262144,6535356,169703317,0,0,1026,1025,1571239591,0,0,0,0,0,0,0,0,0,0,0,0,1579743892,0,13999,1857070,1436271255,22701,0,0,98994595,0,0,0,0,0,0,0,0,0,0,0,0,0,0,0,0,0,0,0,14582,0,0,0,0,0,0,0,0,0,0,0,0,0,0,0,0,0,0,0,0,0,0,0,0,45708,4050,22696,18646,18646,0,0,3322,0,0,19,0,0,0,0,0,0,0,1,0,1,0,0,0,0,0,0,0,0,0,0,0,0,0,0,0,0,0,0,0,0,714,24,0
1774383945.002307,2307,ubuntu-rog,1,0,0,8407604,0,2937891,3930696,497827,0,36,0,0,0,0,0,1552633995,0,0,4907,1553784631,0,0,2937891,3930696,497827,0,244559,144066,0,0,0,0,0,0,0,0,0,0,2931516,102661,4434872,36,0,0,6367,0,0,0,0,0,0,0,36650820,34036167,0,0,89763,89763,15008,16506,0,0,0,0,0,0,0,0,0,2543401,1270148,0,262144,6535356,169703333,0,0,1026,1025,1571404877,0,0,0,0,0,0,0,0,0,0,0,0,1579847591,0,13999,1857070,1436436148,22701,0,0,98994595,0,0,0,0,0,0,0,0,0,0,0,0,0,0,0,0,0,0,0,14582,0,0,0,0,0,0,0,0,0,0,0,0,0,0,0,0,0,0,0,0,0,0,0,0,45708,4050,22696,18646,18646,0,0,3322,0,0,19,0,0,0,0,0,0,0,1,0,1,0,0,0,0,0,0,0,0,0,0,0,0,0,0,0,0,0,0,0,0,714,24,0
1774383946.001151,1151,ubuntu-rog,1,0,0,8452689,0,2895224,3930696,497827,0,36,0,0,0,0,0,1552865984,0,0,4907,1554016620,0,0,2895224,3930696,497827,0,244559,144066,0,0,0,0,0,0,0,0,0,0,2888875,102661,4434872,36,0,0,6367,0,0,0,0,0,0,0,36650820,34036167,0,0,89763,89763,15008,16413,0,0,0,0,0,0,0,0,0,2552416,1274649,0,262144,6535356,169703333,0,0,1026,1025,1571636837,0,0,0,0,0,0,0,0,0,0,0,0,1580123590,0,13999,1857070,1436667555,22701,0,0,98994595,0,0,0,0,0,0,0,0,0,0,0,0,0,0,0,0,0,0,0,14582,0,0,0,0,0,0,0,0,0,0,0,0,0,0,0,0,0,0,0,0,0,0,0,0,45708,4050,22696,18646,18646,0,0,3322,0,0,19,0,0,0,0,0,0,0,1,0,1,0,0,0,0,0,0,0,0,0,0,0,0,0,0,0,0,0,0,0,0,714,24,0
1774383947.001161,1161,ubuntu-rog,1,0,0,8476024,0,2877707,3930696,497827,0,36,0,0,0,0,0,1552884437,0,0,4907,1554035073,0,0,2877707,3930696,497827,0,244559,144066,0,0,0,0,0,0,0,0,0,0,2871640,102661,4434872,36,0,0,6367,0,0,0,0,0,0,0,36650820,34036167,0,0,89763,89763,15008,16380,0,0,0,0,0,0,0,0,0,2557082,1276979,0,262144,6535356,169703333,0,0,1026,1025,1571655290,0,0,0,0,0,0,0,0,0,0,0,0,1580159658,0,13999,1857070,1436685904,22701,0,0,98994595,0,0,0,0,0,0,0,0,0,0,0,0,0,0,0,0,0,0,0,14582,0,0,0,0,0,0,0,0,0,0,0,0,0,0,0,0,0,0,0,0,0,0,0,0,45708,4050,22696,18646,18646,0,0,3322,0,0,19,0,0,0,0,0,0,0,1,0,1,0,0,0,0,0,0,0,0,0,0,0,0,0,0,0,0,0,0,0,0,714,24,0
1774383948.001260,1260,ubuntu-rog,1,0,0,8476226,0,2877686,3930696,497827,0,37,0,0,0,0,0,1552884477,0,0,4907,1554035113,0,0,2877686,3930696,497827,0,244559,144066,0,0,0,0,0,0,0,0,0,0,2871625,102661,4434873,37,0,0,6367,0,0,0,0,0,0,0,36650821,34036167,0,0,89763,89763,15008,16380,0,0,0,0,0,0,0,0,0,2557122,1277000,0,262144,6535356,169703333,0,0,1026,1025,1571655330,0,0,0,0,0,0,0,0,0,0,0,0,1580159712,0,13999,1857070,1436685910,22701,0,0,98994595,0,0,0,0,0,0,0,0,0,0,0,0,0,0,0,0,0,0,0,14582,0,0,0,0,0,0,0,0,0,0,0,0,0,0,0,0,0,0,0,0,0,0,0,0,45708,4050,22696,18646,18646,0,0,3322,0,0,19,0,0,0,0,0,0,0,1,0,1,0,0,0,0,0,0,0,0,0,0,0,0,0,0,0,0,0,0,0,0,714,24,0
1774383949.002297,2297,ubuntu-rog,1,0,0,8476811,0,2877686,3930696,497827,0,38,0,0,0,0,0,1552884502,0,0,4907,1554035138,0,0,2877686,3930696,497827,0,244559,144066,0,0,0,0,0,0,0,0,0,0,2871625,102661,4434874,38,0,0,6367,0,0,0,0,0,0,0,36650822,34036167,0,0,89763,89763,15008,16380,0,0,0,0,0,0,0,0,0,2557239,1277058,0,262144,6535356,169703333,0,0,1026,1025,1571655355,0,0,0,0,0,0,0,0,0,0,0,0,1580159736,0,13999,1857070,1436685910,22701,0,0,98994595,0,0,0,0,0,0,0,0,0,0,0,0,0,0,0,0,0,0,0,14582,0,0,0,0,0,0,0,0,0,0,0,0,0,0,0,0,0,0,0,0,0,0,0,0,45708,4050,22696,18646,18646,0,0,3322,0,0,19,0,0,0,0,0,0,0,1,0,1,0,0,0,0,0,0,0,0,0,0,0,0,0,0,0,0,0,0,0,0,714,24,0
1774383950.001299,1299,ubuntu-rog,1,0,0,8477351,0,2877686,3930696,497827,0,38,0,0,0,0,0,1552884532,0,0,4907,1554035168,0,0,2877686,3930696,497827,0,244559,144066,0,0,0,0,0,0,0,0,0,0,2871625,102661,4434874,38,0,0,6367,0,0,0,0,0,0,0,36650822,34036167,0,0,89763,89763,15008,16380,0,0,0,0,0,0,0,0,0,2557347,1277112,0,262144,6535356,169703333,0,0,1026,1025,1571655385,0,0,0,0,0,0,0,0,0,0,0,0,1580159766,0,13999,1857070,1436685910,22701,0,0,98994595,0,0,0,0,0,0,0,0,0,0,0,0,0,0,0,0,0,0,0,14582,0,0,0,0,0,0,0,0,0,0,0,0,0,0,0,0,0,0,0,0,0,0,0,0,45708,4050,22696,18646,18646,0,0,3322,0,0,19,0,0,0,0,0,0,0,1,0,1,0,0,0,0,0,0,0,0,0,0,0,0,0,0,0,0,0,0,0,0,714,24,0
1774383951.001155,1155,ubuntu-rog,1,0,0,8477786,0,2877716,3930697,497827,0,38,0,0,0,0,0,1552884563,0,0,4907,1554035199,0,0,2877716,3930697,497827,0,244559,144066,0,0,0,0,0,0,0,0,0,0,2871625,102661,4434876,38,0,0,6367,0,0,0,0,0,0,0,36650822,34036167,0,0,89763,89763,15008,16380,0,0,0,0,0,0,0,0,0,2557434,1277156,0,262144,6535356,169703349,0,0,1026,1025,1571655416,0,0,0,0,0,0,0,0,0,0,0,0,1580159795,0,13999,1857070,1436685910,22701,0,0,98994595,0,0,0,0,0,0,0,0,0,0,0,0,0,0,0,0,0,0,0,14582,0,0,0,0,0,0,0,0,0,0,0,0,0,0,0,0,0,0,0,0,0,0,0,0,45708,4050,22696,18646,18646,0,0,3322,0,0,19,0,0,0,0,0,0,0,1,0,1,0,0,0,0,0,0,0,0,0,0,0,0,0,0,0,0,0,0,0,0,714,24,0
1774383952.001155,1155,ubuntu-rog,1,0,0,8478255,0,2877716,3930697,497827,0,39,0,0,0,0,0,1552884585,0,0,4907,1554035221,0,0,2877716,3930697,497827,0,244559,144066,0,0,0,0,0,0,0,0,0,0,2871625,102661,4434877,39,0,0,6367,0,0,0,0,0,0,0,36650823,34036167,0,0,89763,89763,15008,16380,0,0,0,0,0,0,0,0,0,2557528,1277202,0,262144,6535356,169703349,0,0,1026,1025,1571655438,0,0,0,0,0,0,0,0,0,0,0,0,1580159816,0,13999,1857070,1436685910,22701,0,0,98994595,0,0,0,0,0,0,0,0,0,0,0,0,0,0,0,0,0,0,0,14582,0,0,0,0,0,0,0,0,0,0,0,0,0,0,0,0,0,0,0,0,0,0,0,0,45708,4050,22696,18646,18646,0,0,3322,0,0,19,0,0,0,0,0,0,0,1,0,1,0,0,0,0,0,0,0,0,0,0,0,0,0,0,0,0,0,0,0,0,714,24,0
1774383953.002261,2261,ubuntu-rog,1,0,0,8478564,0,2877717,3930697,497827,0,32,0,0,0,0,0,1552884615,0,0,4907,1554035251,0,0,2877717,3930697,497827,0,244559,144066,0,0,0,0,0,0,0,0,0,0,2871625,102661,4434877,32,0,0,6367,0,0,0,0,0,0,0,36650823,34036174,0,0,89763,89763,15008,16380,0,0,0,0,0,0,0,0,0,2557590,1277233,0,262144,6535356,169703377,0,0,1026,1025,1571655475,0,0,0,0,0,0,0,0,0,0,0,0,1580159845,0,13999,1857070,1436685910,22701,0,0,98994595,0,0,0,0,0,0,0,0,0,0,0,0,0,0,0,0,0,0,0,14582,0,0,0,0,0,0,0,0,0,0,0,0,0,0,0,0,0,0,0,0,0,0,0,0,45708,4050,22696,18646,18646,0,0,3322,0,0,19,0,0,0,0,0,0,0,1,0,1,0,0,0,0,0,0,0,0,0,0,0,0,0,0,0,0,0,0,0,0,714,24,0
1774383954.001304,1304,ubuntu-rog,1,0,0,8478915,0,2877717,3930697,497827,0,32,0,0,0,0,0,1552884646,0,0,4907,1554035282,0,0,2877717,3930697,497827,0,244559,144066,0,0,0,0,0,0,0,0,0,0,2871625,102661,4434877,32,0,0,6367,0,0,0,0,0,0,0,36650823,34036174,0,0,89763,89763,15008,16380,0,0,0,0,0,0,0,0,0,2557660,1277268,0,262144,6535356,169703377,0,0,1026,1025,1571655506,0,0,0,0,0,0,0,0,0,0,0,0,1580159876,0,13999,1857070,1436685910,22701,0,0,98994595,0,0,0,0,0,0,0,0,0,0,0,0,0,0,0,0,0,0,0,14582,0,0,0,0,0,0,0,0,0,0,0,0,0,0,0,0,0,0,0,0,0,0,0,0,45708,4050,22696,18646,18646,0,0,3322,0,0,19,0,0,0,0,0,0,0,1,0,1,0,0,0,0,0,0,0,0,0,0,0,0,0,0,0,0,0,0,0,0,714,24,0
1774383955.001302,1302,ubuntu-rog,1,0,0,8479129,0,2877744,3930701,497827,0,34,0,0,0,0,0,1552884676,0,0,4907,1554035312,0,0,2877744,3930701,497827,0,244559,144066,0,0,0,0,0,0,0,0,0,0,2871625,102661,4434879,34,0,0,6367,0,0,0,0,0,0,0,36650825,34036174,0,0,89763,89763,15008,16380,0,0,0,0,0,0,0,0,0,2557704,1277290,0,262144,6535356,169703377,0,0,1026,1025,1571655536,0,0,0,0,0,0,0,0,0,0,0,0,1580159904,0,13999,1857070,1436685910,22701,0,0,98994595,0,0,0,0,0,0,0,0,0,0,0,0,0,0,0,0,0,0,0,14582,0,0,0,0,0,0,0,0,0,0,0,0,0,0,0,0,0,0,0,0,0,0,0,0,45708,4050,22696,18646,18646,0,0,3322,0,0,19,0,0,0,0,0,0,0,1,0,1,0,0,0,0,0,0,0,0,0,0,0,0,0,0,0,0,0,0,0,0,714,24,0
1774383956.001155,1155,ubuntu-rog,1,0,0,8479402,0,2877744,3930701,497827,0,36,0,0,0,0,0,1552884709,0,0,4907,1554035345,0,0,2877744,3930701,497827,0,244559,144066,0,0,0,0,0,0,0,0,0,0,2871625,102661,4434880,36,0,0,6367,0,0,0,0,0,0,0,36650827,34036174,0,0,89763,89763,15008,16380,0,0,0,0,0,0,0,0,0,2557758,1277317,0,262144,6535356,169703377,0,0,1026,1025,1571655569,0,0,0,0,0,0,0,0,0,0,0,0,1580159936,0,13999,1857070,1436685910,22701,0,0,98994595,0,0,0,0,0,0,0,0,0,0,0,0,0,0,0,0,0,0,0,14582,0,0,0,0,0,0,0,0,0,0,0,0,0,0,0,0,0,0,0,0,0,0,0,0,45708,4050,22696,18646,18646,0,0,3322,0,0,19,0,0,0,0,0,0,0,1,0,1,0,0,0,0,0,0,0,0,0,0,0,0,0,0,0,0,0,0,0,0,714,24,0
1774383957.002154,2154,ubuntu-rog,1,0,0,8479440,0,2877744,3930701,497827,0,37,0,0,0,0,0,1552884733,0,0,4907,1554035369,0,0,2877744,3930701,497827,0,244559,144066,0,0,0,0,0,0,0,0,0,0,2871625,102661,4434881,37,0,0,6367,0,0,0,0,0,0,0,36650828,34036174,0,0,89763,89763,15008,16380,0,0,0,0,0,0,0,0,0,2557766,1277321,0,262144,6535356,169703405,0,0,1026,1025,1571655593,0,0,0,0,0,0,0,0,0,0,0,0,1580159959,0,13999,1857070,1436685910,22701,0,0,98994595,0,0,0,0,0,0,0,0,0,0,0,0,0,0,0,0,0,0,0,14582,0,0,0,0,0,0,0,0,0,0,0,0,0,0,0,0,0,0,0,0,0,0,0,0,45708,4050,22696,18646,18646,0,0,3322,0,0,19,0,0,0,0,0,0,0,1,0,1,0,0,0,0,0,0,0,0,0,0,0,0,0,0,0,0,0,0,0,0,714,24,0
1774383958.001257,1257,ubuntu-rog,1,0,0,8479506,0,2877744,3930701,497827,0,38,0,0,0,0,0,1552884763,0,0,4907,1554035399,0,0,2877744,3930701,497827,0,244559,144066,0,0,0,0,0,0,0,0,0,0,2871625,102661,4434882,38,0,0,6367,0,0,0,0,0,0,0,36650829,34036174,0,0,89763,89763,15008,16380,0,0,0,0,0,0,0,0,0,2557779,1277328,0,262144,6535356,169703405,0,0,1026,1025,1571655623,0,0,0,0,0,0,0,0,0,0,0,0,1580159988,0,13999,1857070,1436685910,22701,0,0,98994595,0,0,0,0,0,0,0,0,0,0,0,0,0,0,0,0,0,0,0,14582,0,0,0,0,0,0,0,0,0,0,0,0,0,0,0,0,0,0,0,0,0,0,0,0,45708,4050,22696,18646,18646,0,0,3322,0,0,19,0,0,0,0,0,0,0,1,0,1,0,0,0,0,0,0,0,0,0,0,0,0,0,0,0,0,0,0,0,0,714,24,0
1774383959.001295,1295,ubuntu-rog,1,0,0,8479708,0,2877744,3930701,497827,0,38,0,0,0,0,0,1552884791,0,0,4907,1554035427,0,0,2877744,3930701,497827,0,244559,144066,0,0,0,0,0,0,0,0,0,0,2871625,102661,4434882,38,0,0,6367,0,0,0,0,0,0,0,36650829,34036174,0,0,89763,89763,15008,16380,0,0,0,0,0,0,0,0,0,2557819,1277348,0,262144,6535356,169703405,0,0,1026,1025,1571655651,0,0,0,0,0,0,0,0,0,0,0,0,1580160016,0,13999,1857070,1436685910,22701,0,0,98994595,0,0,0,0,0,0,0,0,0,0,0,0,0,0,0,0,0,0,0,14582,0,0,0,0,0,0,0,0,0,0,0,0,0,0,0,0,0,0,0,0,0,0,0,0,45708,4050,22696,18646,18646,0,0,3322,0,0,19,0,0,0,0,0,0,0,1,0,1,0,0,0,0,0,0,0,0,0,0,0,0,0,0,0,0,0,0,0,0,714,24,0
1774383960.001299,1299,ubuntu-rog,1,0,0,8480252,0,2877744,3930701,497827,0,38,0,0,0,0,0,1552884815,0,0,4907,1554035451,0,0,2877744,3930701,497827,0,244559,144066,0,0,0,0,0,0,0,0,0,0,2871625,102661,4434882,38,0,0,6367,0,0,0,0,0,0,0,36650829,34036174,0,0,89763,89763,15008,16380,0,0,0,0,0,0,0,0,0,2557928,1277402,0,262144,6535356,169703405,0,0,1026,1025,1571655675,0,0,0,0,0,0,0,0,0,0,0,0,1580160041,0,13999,1857070,1436685910,22701,0,0,98994595,0,0,0,0,0,0,0,0,0,0,0,0,0,0,0,0,0,0,0,14582,0,0,0,0,0,0,0,0,0,0,0,0,0,0,0,0,0,0,0,0,0,0,0,0,45708,4050,22696,18646,18646,0,0,3322,0,0,19,0,0,0,0,0,0,0,1,0,1,0,0,0,0,0,0,0,0,0,0,0,0,0,0,0,0,0,0,0,0,714,24,0
1774383961.002154,2154,ubuntu-rog,1,0,0,8480752,0,2877757,3930701,497827,0,16,0,0,0,0,0,1552884846,0,0,4907,1554035482,0,0,2877757,3930701,497827,0,244559,144066,0,0,0,0,0,0,0,0,0,0,2871625,102661,4434882,16,0,0,6367,0,0,0,0,0,0,0,36650829,34036196,0,0,89763,89763,15008,16380,0,0,0,0,0,0,0,0,0,2558028,1277452,0,262144,6535356,169703485,0,0,1026,1025,1571655706,0,0,0,0,0,0,0,0,0,0,0,0,1580160071,0,13999,1857070,1436685910,22701,0,0,98994595,0,0,0,0,0,0,0,0,0,0,0,0,0,0,0,0,0,0,0,14582,0,0,0,0,0,0,0,0,0,0,0,0,0,0,0,0,0,0,0,0,0,0,0,0,45708,4050,22696,18646,18646,0,0,3322,0,0,19,0,0,0,0,0,0,0,1,0,1,0,0,0,0,0,0,0,0,0,0,0,0,0,0,0,0,0,0,0,0,714,24,0
1774383962.001157,1157,ubuntu-rog,1,0,0,8481223,0,2877757,3930701,497827,0,18,0,0,0,0,0,1552884878,0,0,4907,1554035514,0,0,2877757,3930701,497827,0,244559,144066,0,0,0,0,0,0,0,0,0,0,2871625,102661,4434884,18,0,0,6367,0,0,0,0,0,0,0,36650831,34036196,0,0,89763,89763,15008,16380,0,0,0,0,0,0,0,0,0,2558122,1277499,0,262144,6535356,169703485,0,0,1026,1025,1571655738,0,0,0,0,0,0,0,0,0,0,0,0,1580160101,0,13999,1857070,1436685912,22701,0,0,98994597,0,0,0,0,0,0,0,0,0,0,0,0,0,0,0,0,0,0,0,14582,0,0,0,0,0,0,0,0,0,0,0,0,0,0,0,0,0,0,0,0,0,0,0,0,45708,4050,22696,18646,18646,0,0,3322,0,0,19,0,0,0,0,0,0,0,1,0,1,0,0,0,0,0,0,0,0,0,0,0,0,0,0,0,0,0,0,0,0,714,24,0
1774383963.001262,1262,ubuntu-rog,1,0,0,8481534,0,2877757,3930701,497827,0,6,0,0,0,0,0,1552884902,0,0,4907,1554035538,0,0,2877757,3930701,497827,0,244559,144066,0,0,0,0,0,0,0,0,0,0,2871625,102661,4434885,6,0,0,6367,0,0,0,0,0,0,0,36650834,34036211,0,0,89763,89763,15008,16380,0,0,0,0,0,0,0,0,0,2558184,1277530,0,262144,6535356,169703577,0,0,1026,1025,1571655762,0,0,0,0,0,0,0,0,0,0,0,0,1580160124,0,13999,1857070,1436685912,22701,0,0,98994597,0,0,0,0,0,0,0,0,0,0,0,0,0,0,0,0,0,0,0,14582,0,0,0,0,0,0,0,0,0,0,0,0,0,0,0,0,0,0,0,0,0,0,0,0,45708,4050,22696,18646,18646,0,0,3322,0,0,19,0,0,0,0,0,0,0,1,0,1,0,0,0,0,0,0,0,0,0,0,0,0,0,0,0,0,0,0,0,0,714,24,0
1774383964.001300,1300,ubuntu-rog,1,0,0,8481831,0,2877757,3930701,497827,0,6,0,0,0,0,0,1552884932,0,0,4907,1554035568,0,0,2877757,3930701,497827,0,244559,144066,0,0,0,0,0,0,0,0,0,0,2871625,102661,4434885,6,0,0,6367,0,0,0,0,0,0,0,36650834,34036211,0,0,89763,89763,15008,16380,0,0,0,0,0,0,0,0,0,2558244,1277560,0,262144,6535356,169703577,0,0,1026,1025,1571655792,0,0,0,0,0,0,0,0,0,0,0,0,1580160154,0,13999,1857070,1436685912,22701,0,0,98994597,0,0,0,0,0,0,0,0,0,0,0,0,0,0,0,0,0,0,0,14582,0,0,0,0,0,0,0,0,0,0,0,0,0,0,0,0,0,0,0,0,0,0,0,0,45708,4050,22696,18646,18646,0,0,3322,0,0,19,0,0,0,0,0,0,0,1,0,1,0,0,0,0,0,0,0,0,0,0,0,0,0,0,0,0,0,0,0,0,714,24,0
1774383965.002296,2296,ubuntu-rog,1,0,0,8482192,0,2877757,3930701,497827,0,8,0,0,0,0,0,1552884961,0,0,4907,1554035597,0,0,2877757,3930701,497827,0,244559,144066,0,0,0,0,0,0,0,0,0,0,2871625,102661,4434886,8,0,0,6367,0,0,0,0,0,0,0,36650836,34036211,0,0,89763,89763,15008,16380,0,0,0,0,0,0,0,0,0,2558316,1277596,0,262144,6535356,169703577,0,0,1026,1025,1571655821,0,0,0,0,0,0,0,0,0,0,0,0,1580160182,0,13999,1857070,1436685912,22701,0,0,98994597,0,0,0,0,0,0,0,0,0,0,0,0,0,0,0,0,0,0,0,14582,0,0,0,0,0,0,0,0,0,0,0,0,0,0,0,0,0,0,0,0,0,0,0,0,45708,4050,22696,18646,18646,0,0,3322,0,0,19,0,0,0,0,0,0,0,1,0,1,0,0,0,0,0,0,0,0,0,0,0,0,0,0,0,0,0,0,0,0,714,24,0
1774383966.001155,1155,ubuntu-rog,1,0,0,8482505,0,2877757,3930701,497827,0,8,0,0,0,0,0,1552884984,0,0,4907,1554035620,0,0,2877757,3930701,497827,0,244559,144066,0,0,0,0,0,0,0,0,0,0,2871625,102661,4434886,8,0,0,6367,0,0,0,0,0,0,0,36650836,34036211,0,0,89763,89763,15008,16380,0,0,0,0,0,0,0,0,0,2558379,1277627,0,262144,6535356,169703577,0,0,1026,1025,1571655844,0,0,0,0,0,0,0,0,0,0,0,0,1580160205,0,13999,1857070,1436685912,22701,0,0,98994597,0,0,0,0,0,0,0,0,0,0,0,0,0,0,0,0,0,0,0,14582,0,0,0,0,0,0,0,0,0,0,0,0,0,0,0,0,0,0,0,0,0,0,0,0,45708,4050,22696,18646,18646,0,0,3322,0,0,19,0,0,0,0,0,0,0,1,0,1,0,0,0,0,0,0,0,0,0,0,0,0,0,0,0,0,0,0,0,0,714,24,0
1774383967.001158,1158,ubuntu-rog,1,0,0,8482704,0,2877757,3930701,497827,0,8,0,0,0,0,0,1552885015,0,0,4907,1554035651,0,0,2877757,3930701,497827,0,244559,144066,0,0,0,0,0,0,0,0,0,0,2871625,102661,4434886,8,0,0,6367,0,0,0,0,0,0,0,36650836,34036211,0,0,89763,89763,15008,16380,0,0,0,0,0,0,0,0,0,2558418,1277647,0,262144,6535356,169703577,0,0,1026,1025,1571655875,0,0,0,0,0,0,0,0,0,0,0,0,1580160236,0,13999,1857070,1436685912,22701,0,0,98994597,0,0,0,0,0,0,0,0,0,0,0,0,0,0,0,0,0,0,0,14582,0,0,0,0,0,0,0,0,0,0,0,0,0,0,0,0,0,0,0,0,0,0,0,0,45708,4050,22696,18646,18646,0,0,3322,0,0,19,0,0,0,0,0,0,0,1,0,1,0,0,0,0,0,0,0,0,0,0,0,0,0,0,0,0,0,0,0,0,714,24,0
1774383968.001261,1261,ubuntu-rog,1,0,0,8482777,0,2877757,3930701,497827,0,14,0,0,0,0,0,1552885049,0,0,4907,1554035685,0,0,2877757,3930701,497827,0,244559,144066,0,0,0,0,0,0,0,0,0,0,2871625,102661,4434890,14,0,0,6367,0,0,0,0,0,0,0,36650842,34036211,0,0,89763,89763,15008,16380,0,0,0,0,0,0,0,0,0,2558433,1277654,0,262144,6535356,169703601,0,0,1026,1025,1571655909,0,0,0,0,0,0,0,0,0,0,0,0,1580160266,0,13999,1857070,1436685912,22701,0,0,98994597,0,0,0,0,0,0,0,0,0,0,0,0,0,0,0,0,0,0,0,14582,0,0,0,0,0,0,0,0,0,0,0,0,0,0,0,0,0,0,0,0,0,0,0,0,45708,4050,22696,18646,18646,0,0,3322,0,0,19,0,0,0,0,0,0,0,1,0,1,0,0,0,0,0,0,0,0,0,0,0,0,0,0,0,0,0,0,0,0,714,24,0
1774383969.002290,2290,ubuntu-rog,1,0,0,8482717,0,2877757,3930701,497827,0,15,0,0,0,0,0,1552885078,0,0,4907,1554035714,0,0,2877757,3930701,497827,0,244559,144066,0,0,0,0,0,0,0,0,0,0,2871625,102661,4434891,15,0,0,6367,0,0,0,0,0,0,0,36650843,34036211,0,0,89763,89763,15008,16380,0,0,0,0,0,0,0,0,0,2558421,1277648,0,262144,6535356,169703601,0,0,1026,1025,1571655938,0,0,0,0,0,0,0,0,0,0,0,0,1580160294,0,13999,1857070,1436685912,22701,0,0,98994597,0,0,0,0,0,0,0,0,0,0,0,0,0,0,0,0,0,0,0,14582,0,0,0,0,0,0,0,0,0,0,0,0,0,0,0,0,0,0,0,0,0,0,0,0,45708,4050,22696,18646,18646,0,0,3322,0,0,19,0,0,0,0,0,0,0,1,0,1,0,0,0,0,0,0,0,0,0,0,0,0,0,0,0,0,0,0,0,0,714,24,0
1774383970.001298,1298,ubuntu-rog,1,0,0,8482717,0,2877757,3930701,497827,0,15,0,0,0,0,0,1552885107,0,0,4907,1554035743,0,0,2877757,3930701,497827,0,244559,144066,0,0,0,0,0,0,0,0,0,0,2871625,102661,4434891,15,0,0,6367,0,0,0,0,0,0,0,36650843,34036211,0,0,89763,89763,15008,16380,0,0,0,0,0,0,0,0,0,2558421,1277648,0,262144,6535356,169703601,0,0,1026,1025,1571655967,0,0,0,0,0,0,0,0,0,0,0,0,1580160323,0,13999,1857070,1436685912,22701,0,0,98994597,0,0,0,0,0,0,0,0,0,0,0,0,0,0,0,0,0,0,0,14582,0,0,0,0,0,0,0,0,0,0,0,0,0,0,0,0,0,0,0,0,0,0,0,0,45708,4050,22696,18646,18646,0,0,3322,0,0,19,0,0,0,0,0,0,0,1,0,1,0,0,0,0,0,0,0,0,0,0,0,0,0,0,0,0,0,0,0,0,714,24,0
1774383971.001155,1155,ubuntu-rog,1,0,0,8482818,0,2877715,3930701,497827,0,15,0,0,0,0,0,1552885133,0,0,4907,1554035769,0,0,2877715,3930701,497827,0,244559,144066,0,0,0,0,0,0,0,0,0,0,2871583,102661,4434891,15,0,0,6367,0,0,0,0,0,0,0,36650843,34036211,0,0,89763,89763,15008,16380,0,0,0,0,0,0,0,0,0,2558441,1277658,0,262144,6535356,169703601,0,0,1026,1025,1571655993,0,0,0,0,0,0,0,0,0,0,0,0,1580160391,0,13999,1857070,1436685913,22701,0,0,98994598,0,0,0,0,0,0,0,0,0,0,0,0,0,0,0,0,0,0,0,14582,0,0,0,0,0,0,0,0,0,0,0,0,0,0,0,0,0,0,0,0,0,0,0,0,45708,4050,22696,18646,18646,0,0,3322,0,0,19,0,0,0,0,0,0,0,1,0,1,0,0,0,0,0,0,0,0,0,0,0,0,0,0,0,0,0,0,0,0,714,24,0
1774383972.001158,1158,ubuntu-rog,1,0,0,8482759,0,2877715,3930701,497827,0,16,0,0,0,0,0,1552885175,0,0,4907,1554035811,0,0,2877715,3930701,497827,0,244559,144066,0,0,0,0,0,0,0,0,0,0,2871583,102661,4434892,16,0,0,6367,0,0,0,0,0,0,0,36650844,34036211,0,0,89763,89763,15008,16380,0,0,0,0,0,0,0,0,0,2558429,1277652,0,262144,6535356,169703601,0,0,1026,1025,1571656035,0,0,0,0,0,0,0,0,0,0,0,0,1580160432,0,13999,1857070,1436685913,22701,0,0,98994598,0,0,0,0,0,0,0,0,0,0,0,0,0,0,0,0,0,0,0,14582,0,0,0,0,0,0,0,0,0,0,0,0,0,0,0,0,0,0,0,0,0,0,0,0,45708,4050,22696,18646,18646,0,0,3322,0,0,19,0,0,0,0,0,0,0,1,0,1,0,0,0,0,0,0,0,0,0,0,0,0,0,0,0,0,0,0,0,0,714,24,0
1774383973.002253,2253,ubuntu-rog,1,0,0,8482759,0,2877715,3930701,497827,0,16,0,0,0,0,0,1552885218,0,0,4907,1554035854,0,0,2877715,3930701,497827,0,244559,144066,0,0,0,0,0,0,0,0,0,0,2871583,102661,4434893,16,0,0,6367,0,0,0,0,0,0,0,36650844,34036211,0,0,89763,89763,15008,16380,0,0,0,0,0,0,0,0,0,2558429,1277652,0,262144,6535356,169703617,0,0,1026,1025,1571656078,0,0,0,0,0,0,0,0,0,0,0,0,1580160474,0,13999,1857070,1436685913,22701,0,0,98994598,0,0,0,0,0,0,0,0,0,0,0,0,0,0,0,0,0,0,0,14582,0,0,0,0,0,0,0,0,0,0,0,0,0,0,0,0,0,0,0,0,0,0,0,0,45708,4050,22696,18646,18646,0,0,3322,0,0,19,0,0,0,0,0,0,0,1,0,1,0,0,0,0,0,0,0,0,0,0,0,0,0,0,0,0,0,0,0,0,714,24,0
1774383974.001295,1295,ubuntu-rog,1,0,0,8482759,0,2877715,3930701,497827,0,16,0,0,0,0,0,1552885243,0,0,4907,1554035879,0,0,2877715,3930701,497827,0,244559,144066,0,0,0,0,0,0,0,0,0,0,2871583,102661,4434893,16,0,0,6367,0,0,0,0,0,0,0,36650844,34036211,0,0,89763,89763,15008,16380,0,0,0,0,0,0,0,0,0,2558429,1277652,0,262144,6535356,169703617,0,0,1026,1025,1571656103,0,0,0,0,0,0,0,0,0,0,0,0,1580160499,0,13999,1857070,1436685913,22701,0,0,98994598,0,0,0,0,0,0,0,0,0,0,0,0,0,0,0,0,0,0,0,14582,0,0,0,0,0,0,0,0,0,0,0,0,0,0,0,0,0,0,0,0,0,0,0,0,45708,4050,22696,18646,18646,0,0,3322,0,0,19,0,0,0,0,0,0,0,1,0,1,0,0,0,0,0,0,0,0,0,0,0,0,0,0,0,0,0,0,0,0,714,24,0
1774383975.001299,1299,ubuntu-rog,1,0,0,8482759,0,2877715,3930701,497827,0,17,0,0,0,0,0,1552885281,0,0,4907,1554035917,0,0,2877715,3930701,497827,0,244559,144066,0,0,0,0,0,0,0,0,0,0,2871583,102661,4434894,17,0,0,6367,0,0,0,0,0,0,0,36650845,34036211,0,0,89763,89763,15008,16380,0,0,0,0,0,0,0,0,0,2558429,1277652,0,262144,6535356,169703617,0,0,1026,1025,1571656141,0,0,0,0,0,0,0,0,0,0,0,0,1580160536,0,13999,1857070,1436685913,22701,0,0,98994598,0,0,0,0,0,0,0,0,0,0,0,0,0,0,0,0,0,0,0,14582,0,0,0,0,0,0,0,0,0,0,0,0,0,0,0,0,0,0,0,0,0,0,0,0,45708,4050,22696,18646,18646,0,0,3322,0,0,19,0,0,0,0,0,0,0,1,0,1,0,0,0,0,0,0,0,0,0,0,0,0,0,0,0,0,0,0,0,0,714,24,0
1774383976.001155,1155,ubuntu-rog,1,0,0,8482759,0,2877715,3930701,497827,0,18,0,0,0,0,0,1552885310,0,0,4907,1554035946,0,0,2877715,3930701,497827,0,244559,144066,0,0,0,0,0,0,0,0,0,0,2871583,102661,4434895,18,0,0,6367,0,0,0,0,0,0,0,36650846,34036211,0,0,89763,89763,15008,16380,0,0,0,0,0,0,0,0,0,2558429,1277652,0,262144,6535356,169703617,0,0,1026,1025,1571656170,0,0,0,0,0,0,0,0,0,0,0,0,1580160564,0,13999,1857070,1436685913,22701,0,0,98994598,0,0,0,0,0,0,0,0,0,0,0,0,0,0,0,0,0,0,0,14582,0,0,0,0,0,0,0,0,0,0,0,0,0,0,0,0,0,0,0,0,0,0,0,0,45708,4050,22696,18646,18646,0,0,3322,0,0,19,0,0,0,0,0,0,0,1,0,1,0,0,0,0,0,0,0,0,0,0,0,0,0,0,0,0,0,0,0,0,714,24,0
1774383977.002151,2151,ubuntu-rog,1,0,0,8482759,0,2877715,3930701,497827,0,18,0,0,0,0,0,1552885334,0,0,4907,1554035970,0,0,2877715,3930701,497827,0,244559,144066,0,0,0,0,0,0,0,0,0,0,2871583,102661,4434895,18,0,0,6367,0,0,0,0,0,0,0,36650846,34036211,0,0,89763,89763,15008,16380,0,0,0,0,0,0,0,0,0,2558429,1277652,0,262144,6535356,169703617,0,0,1026,1025,1571656194,0,0,0,0,0,0,0,0,0,0,0,0,1580160588,0,13999,1857070,1436685913,22701,0,0,98994598,0,0,0,0,0,0,0,0,0,0,0,0,0,0,0,0,0,0,0,14582,0,0,0,0,0,0,0,0,0,0,0,0,0,0,0,0,0,0,0,0,0,0,0,0,45708,4050,22696,18646,18646,0,0,3322,0,0,19,0,0,0,0,0,0,0,1,0,1,0,0,0,0,0,0,0,0,0,0,0,0,0,0,0,0,0,0,0,0,714,24,0
1774383978.001263,1263,ubuntu-rog,1,0,0,8482759,0,2877715,3930701,497827,0,18,0,0,0,0,0,1552885364,0,0,4907,1554036000,0,0,2877715,3930701,497827,0,244559,144066,0,0,0,0,0,0,0,0,0,0,2871583,102661,4434896,18,0,0,6367,0,0,0,0,0,0,0,36650846,34036211,0,0,89763,89763,15008,16380,0,0,0,0,0,0,0,0,0,2558429,1277652,0,262144,6535356,169703633,0,0,1026,1025,1571656224,0,0,0,0,0,0,0,0,0,0,0,0,1580160617,0,13999,1857070,1436685913,22701,0,0,98994598,0,0,0,0,0,0,0,0,0,0,0,0,0,0,0,0,0,0,0,14582,0,0,0,0,0,0,0,0,0,0,0,0,0,0,0,0,0,0,0,0,0,0,0,0,45708,4050,22696,18646,18646,0,0,3322,0,0,19,0,0,0,0,0,0,0,1,0,1,0,0,0,0,0,0,0,0,0,0,0,0,0,0,0,0,0,0,0,0,714,24,0
1774383979.001299,1299,ubuntu-rog,1,0,0,8482759,0,2877715,3930701,497827,0,19,0,0,0,0,0,1552885395,0,0,4907,1554036031,0,0,2877715,3930701,497827,0,244559,144066,0,0,0,0,0,0,0,0,0,0,2871583,102661,4434897,19,0,0,6367,0,0,0,0,0,0,0,36650847,34036211,0,0,89763,89763,15008,16380,0,0,0,0,0,0,0,0,0,2558429,1277652,0,262144,6535356,169703633,0,0,1026,1025,1571656255,0,0,0,0,0,0,0,0,0,0,0,0,1580160647,0,13999,1857070,1436685913,22701,0,0,98994598,0,0,0,0,0,0,0,0,0,0,0,0,0,0,0,0,0,0,0,14582,0,0,0,0,0,0,0,0,0,0,0,0,0,0,0,0,0,0,0,0,0,0,0,0,45708,4050,22696,18646,18646,0,0,3322,0,0,19,0,0,0,0,0,0,0,1,0,1,0,0,0,0,0,0,0,0,0,0,0,0,0,0,0,0,0,0,0,0,714,24,0
1774383980.001297,1297,ubuntu-rog,1,0,0,8482759,0,2877715,3930701,497827,0,20,0,0,0,0,0,1552885424,0,0,4907,1554036060,0,0,2877715,3930701,497827,0,244559,144066,0,0,0,0,0,0,0,0,0,0,2871583,102661,4434898,20,0,0,6367,0,0,0,0,0,0,0,36650848,34036211,0,0,89763,89763,15008,16380,0,0,0,0,0,0,0,0,0,2558429,1277652,0,262144,6535356,169703633,0,0,1026,1025,1571656284,0,0,0,0,0,0,0,0,0,0,0,0,1580160675,0,13999,1857070,1436685913,22701,0,0,98994598,0,0,0,0,0,0,0,0,0,0,0,0,0,0,0,0,0,0,0,14582,0,0,0,0,0,0,0,0,0,0,0,0,0,0,0,0,0,0,0,0,0,0,0,0,45708,4050,22696,18646,18646,0,0,3322,0,0,19,0,0,0,0,0,0,0,1,0,1,0,0,0,0,0,0,0,0,0,0,0,0,0,0,0,0,0,0,0,0,714,24,0
1774383981.002150,2150,ubuntu-rog,1,0,0,8482759,0,2877715,3930701,497827,0,21,0,0,0,0,0,1552885454,0,0,4907,1554036090,0,0,2877715,3930701,497827,0,244559,144066,0,0,0,0,0,0,0,0,0,0,2871583,102661,4434899,21,0,0,6367,0,0,0,0,0,0,0,36650849,34036211,0,0,89763,89763,15008,16380,0,0,0,0,0,0,0,0,0,2558429,1277652,0,262144,6535356,169703633,0,0,1026,1025,1571656314,0,0,0,0,0,0,0,0,0,0,0,0,1580160704,0,13999,1857070,1436685913,22701,0,0,98994598,0,0,0,0,0,0,0,0,0,0,0,0,0,0,0,0,0,0,0,14582,0,0,0,0,0,0,0,0,0,0,0,0,0,0,0,0,0,0,0,0,0,0,0,0,45708,4050,22696,18646,18646,0,0,3322,0,0,19,0,0,0,0,0,0,0,1,0,1,0,0,0,0,0,0,0,0,0,0,0,0,0,0,0,0,0,0,0,0,714,24,0
1774383982.001159,1159,ubuntu-rog,1,0,0,8482759,0,2877715,3930701,497827,0,21,0,0,0,0,0,1552885478,0,0,4907,1554036114,0,0,2877715,3930701,497827,0,244559,144066,0,0,0,0,0,0,0,0,0,0,2871583,102661,4434899,21,0,0,6367,0,0,0,0,0,0,0,36650849,34036211,0,0,89763,89763,15008,16380,0,0,0,0,0,0,0,0,0,2558429,1277652,0,262144,6535356,169703633,0,0,1026,1025,1571656338,0,0,0,0,0,0,0,0,0,0,0,0,1580160728,0,13999,1857070,1436685913,22701,0,0,98994598,0,0,0,0,0,0,0,0,0,0,0,0,0,0,0,0,0,0,0,14582,0,0,0,0,0,0,0,0,0,0,0,0,0,0,0,0,0,0,0,0,0,0,0,0,45708,4050,22696,18646,18646,0,0,3322,0,0,19,0,0,0,0,0,0,0,1,0,1,0,0,0,0,0,0,0,0,0,0,0,0,0,0,0,0,0,0,0,0,714,24,0
1774383983.001260,1260,ubuntu-rog,1,0,0,8482759,0,2877715,3930701,497827,0,23,0,0,0,0,0,1552885507,0,0,4907,1554036143,0,0,2877715,3930701,497827,0,244559,144066,0,0,0,0,0,0,0,0,0,0,2871583,102661,4434901,23,0,0,6367,0,0,0,0,0,0,0,36650851,34036211,0,0,89763,89763,15008,16380,0,0,0,0,0,0,0,0,0,2558429,1277652,0,262144,6535356,169703653,0,0,1026,1025,1571656367,0,0,0,0,0,0,0,0,0,0,0,0,1580160755,0,13999,1857070,1436685913,22701,0,0,98994598,0,0,0,0,0,0,0,0,0,0,0,0,0,0,0,0,0,0,0,14582,0,0,0,0,0,0,0,0,0,0,0,0,0,0,0,0,0,0,0,0,0,0,0,0,45708,4050,22696,18646,18646,0,0,3322,0,0,19,0,0,0,0,0,0,0,1,0,1,0,0,0,0,0,0,0,0,0,0,0,0,0,0,0,0,0,0,0,0,714,24,0
1774383984.001293,1293,ubuntu-rog,1,0,0,8482759,0,2877715,3930701,497827,0,23,0,0,0,0,0,1552885536,0,0,4907,1554036172,0,0,2877715,3930701,497827,0,244559,144066,0,0,0,0,0,0,0,0,0,0,2871583,102661,4434901,23,0,0,6367,0,0,0,0,0,0,0,36650851,34036211,0,0,89763,89763,15008,16380,0,0,0,0,0,0,0,0,0,2558429,1277652,0,262144,6535356,169703653,0,0,1026,1025,1571656396,0,0,0,0,0,0,0,0,0,0,0,0,1580160784,0,13999,1857070,1436685913,22701,0,0,98994598,0,0,0,0,0,0,0,0,0,0,0,0,0,0,0,0,0,0,0,14582,0,0,0,0,0,0,0,0,0,0,0,0,0,0,0,0,0,0,0,0,0,0,0,0,45708,4050,22696,18646,18646,0,0,3322,0,0,19,0,0,0,0,0,0,0,1,0,1,0,0,0,0,0,0,0,0,0,0,0,0,0,0,0,0,0,0,0,0,714,24,0
1774383985.002298,2298,ubuntu-rog,1,0,0,8482759,0,2877715,3930701,497827,0,23,0,0,0,0,0,1552885560,0,0,4907,1554036196,0,0,2877715,3930701,497827,0,244559,144066,0,0,0,0,0,0,0,0,0,0,2871583,102661,4434901,23,0,0,6367,0,0,0,0,0,0,0,36650851,34036211,0,0,89763,89763,15008,16380,0,0,0,0,0,0,0,0,0,2558429,1277652,0,262144,6535356,169703653,0,0,1026,1025,1571656420,0,0,0,0,0,0,0,0,0,0,0,0,1580160808,0,13999,1857070,1436685913,22701,0,0,98994598,0,0,0,0,0,0,0,0,0,0,0,0,0,0,0,0,0,0,0,14582,0,0,0,0,0,0,0,0,0,0,0,0,0,0,0,0,0,0,0,0,0,0,0,0,45708,4050,22696,18646,18646,0,0,3322,0,0,19,0,0,0,0,0,0,0,1,0,1,0,0,0,0,0,0,0,0,0,0,0,0,0,0,0,0,0,0,0,0,714,24,0
1774383986.001156,1156,ubuntu-rog,1,0,0,8482759,0,2877715,3930701,497827,0,24,0,0,0,0,0,1552885591,0,0,4907,1554036227,0,0,2877715,3930701,497827,0,244559,144066,0,0,0,0,0,0,0,0,0,0,2871583,102661,4434902,24,0,0,6367,0,0,0,0,0,0,0,36650852,34036211,0,0,89763,89763,15008,16380,0,0,0,0,0,0,0,0,0,2558429,1277652,0,262144,6535356,169703653,0,0,1026,1025,1571656451,0,0,0,0,0,0,0,0,0,0,0,0,1580160838,0,13999,1857070,1436685913,22701,0,0,98994598,0,0,0,0,0,0,0,0,0,0,0,0,0,0,0,0,0,0,0,14582,0,0,0,0,0,0,0,0,0,0,0,0,0,0,0,0,0,0,0,0,0,0,0,0,45708,4050,22696,18646,18646,0,0,3322,0,0,19,0,0,0,0,0,0,0,1,0,1,0,0,0,0,0,0,0,0,0,0,0,0,0,0,0,0,0,0,0,0,714,24,0
1774383987.001154,1154,ubuntu-rog,1,0,0,8482759,0,2877715,3930701,497827,0,25,0,0,0,0,0,1552885622,0,0,4907,1554036258,0,0,2877715,3930701,497827,0,244559,144066,0,0,0,0,0,0,0,0,0,0,2871583,102661,4434903,25,0,0,6367,0,0,0,0,0,0,0,36650853,34036211,0,0,89763,89763,15008,16380,0,0,0,0,0,0,0,0,0,2558429,1277652,0,262144,6535356,169703653,0,0,1026,1025,1571656482,0,0,0,0,0,0,0,0,0,0,0,0,1580160868,0,13999,1857070,1436685913,22701,0,0,98994598,0,0,0,0,0,0,0,0,0,0,0,0,0,0,0,0,0,0,0,14582,0,0,0,0,0,0,0,0,0,0,0,0,0,0,0,0,0,0,0,0,0,0,0,0,45708,4050,22696,18646,18646,0,0,3322,0,0,19,0,0,0,0,0,0,0,1,0,1,0,0,0,0,0,0,0,0,0,0,0,0,0,0,0,0,0,0,0,0,714,24,0
1774383988.001262,1262,ubuntu-rog,1,0,0,8482759,0,2877715,3930701,497827,0,25,0,0,0,0,0,1552885643,0,0,4907,1554036279,0,0,2877715,3930701,497827,0,244559,144066,0,0,0,0,0,0,0,0,0,0,2871583,102661,4434903,25,0,0,6367,0,0,0,0,0,0,0,36650853,34036211,0,0,89763,89763,15008,16380,0,0,0,0,0,0,0,0,0,2558429,1277652,0,262144,6535356,169703653,0,0,1026,1025,1571656503,0,0,0,0,0,0,0,0,0,0,0,0,1580160889,0,13999,1857070,1436685913,22701,0,0,98994598,0,0,0,0,0,0,0,0,0,0,0,0,0,0,0,0,0,0,0,14582,0,0,0,0,0,0,0,0,0,0,0,0,0,0,0,0,0,0,0,0,0,0,0,0,45708,4050,22696,18646,18646,0,0,3322,0,0,19,0,0,0,0,0,0,0,1,0,1,0,0,0,0,0,0,0,0,0,0,0,0,0,0,0,0,0,0,0,0,714,24,0
1774383989.002296,2296,ubuntu-rog,1,0,0,8482759,0,2877715,3930702,497827,0,19,0,0,0,0,0,1552885674,0,0,4907,1554036310,0,0,2877715,3930702,497827,0,244559,144066,0,0,0,0,0,0,0,0,0,0,2871583,102661,4434904,19,0,0,6367,0,0,0,0,0,0,0,36650854,34036218,0,0,89763,89763,15008,16380,0,0,0,0,0,0,0,0,0,2558430,1277653,0,262144,6535356,169703709,0,0,1026,1025,1571656534,0,0,0,0,0,0,0,0,0,0,0,0,1580160919,0,13999,1857070,1436685913,22701,0,0,98994598,0,0,0,0,0,0,0,0,0,0,0,0,0,0,0,0,0,0,0,14582,0,0,0,0,0,0,0,0,0,0,0,0,0,0,0,0,0,0,0,0,0,0,0,0,45708,4050,22696,18646,18646,0,0,3322,0,0,19,0,0,0,0,0,0,0,1,0,1,0,0,0,0,0,0,0,0,0,0,0,0,0,0,0,0,0,0,0,0,714,24,0
1774383990.001303,1303,ubuntu-rog,1,0,0,8482759,0,2877715,3930702,497827,0,20,0,0,0,0,0,1552885707,0,0,4907,1554036343,0,0,2877715,3930702,497827,0,244559,144066,0,0,0,0,0,0,0,0,0,0,2871583,102661,4434905,20,0,0,6367,0,0,0,0,0,0,0,36650855,34036218,0,0,89763,89763,15008,16380,0,0,0,0,0,0,0,0,0,2558430,1277653,0,262144,6535356,169703709,0,0,1026,1025,1571656567,0,0,0,0,0,0,0,0,0,0,0,0,1580160951,0,13999,1857070,1436685913,22701,0,0,98994598,0,0,0,0,0,0,0,0,0,0,0,0,0,0,0,0,0,0,0,14582,0,0,0,0,0,0,0,0,0,0,0,0,0,0,0,0,0,0,0,0,0,0,0,0,45708,4050,22696,18646,18646,0,0,3322,0,0,19,0,0,0,0,0,0,0,1,0,1,0,0,0,0,0,0,0,0,0,0,0,0,0,0,0,0,0,0,0,0,714,24,0
1774383991.001154,1154,ubuntu-rog,1,0,0,8482759,0,2877715,3930702,497827,0,20,0,0,0,0,0,1552885729,0,0,4907,1554036365,0,0,2877715,3930702,497827,0,244559,144066,0,0,0,0,0,0,0,0,0,0,2871583,102661,4434905,20,0,0,6367,0,0,0,0,0,0,0,36650855,34036218,0,0,89763,89763,15008,16380,0,0,0,0,0,0,0,0,0,2558430,1277653,0,262144,6535356,169703709,0,0,1026,1025,1571656589,0,0,0,0,0,0,0,0,0,0,0,0,1580160973,0,13999,1857070,1436685913,22701,0,0,98994598,0,0,0,0,0,0,0,0,0,0,0,0,0,0,0,0,0,0,0,14582,0,0,0,0,0,0,0,0,0,0,0,0,0,0,0,0,0,0,0,0,0,0,0,0,45708,4050,22696,18646,18646,0,0,3322,0,0,19,0,0,0,0,0,0,0,1,0,1,0,0,0,0,0,0,0,0,0,0,0,0,0,0,0,0,0,0,0,0,714,24,0
1774383992.001135,1135,ubuntu-rog,1,0,0,8482759,0,2877715,3930702,497827,0,21,0,0,0,0,0,1552885762,0,0,4907,1554036398,0,0,2877715,3930702,497827,0,244559,144066,0,0,0,0,0,0,0,0,0,0,2871583,102661,4434906,21,0,0,6367,0,0,0,0,0,0,0,36650856,34036218,0,0,89763,89763,15008,16380,0,0,0,0,0,0,0,0,0,2558430,1277653,0,262144,6535356,169703709,0,0,1026,1025,1571656622,0,0,0,0,0,0,0,0,0,0,0,0,1580161005,0,13999,1857070,1436685913,22701,0,0,98994598,0,0,0,0,0,0,0,0,0,0,0,0,0,0,0,0,0,0,0,14582,0,0,0,0,0,0,0,0,0,0,0,0,0,0,0,0,0,0,0,0,0,0,0,0,45708,4050,22696,18646,18646,0,0,3322,0,0,19,0,0,0,0,0,0,0,1,0,1,0,0,0,0,0,0,0,0,0,0,0,0,0,0,0,0,0,0,0,0,714,24,0
1774383993.002254,2254,ubuntu-rog,1,0,0,8482759,0,2877715,3930702,497827,0,22,0,0,0,0,0,1552885794,0,0,4907,1554036430,0,0,2877715,3930702,497827,0,244559,144066,0,0,0,0,0,0,0,0,0,0,2871583,102661,4434907,22,0,0,6367,0,0,0,0,0,0,0,36650857,34036218,0,0,89763,89763,15008,16380,0,0,0,0,0,0,0,0,0,2558430,1277653,0,262144,6535356,169703709,0,0,1026,1025,1571656654,0,0,0,0,0,0,0,0,0,0,0,0,1580161036,0,13999,1857070,1436685913,22701,0,0,98994598,0,0,0,0,0,0,0,0,0,0,0,0,0,0,0,0,0,0,0,14582,0,0,0,0,0,0,0,0,0,0,0,0,0,0,0,0,0,0,0,0,0,0,0,0,45708,4050,22696,18646,18646,0,0,3322,0,0,19,0,0,0,0,0,0,0,1,0,1,0,0,0,0,0,0,0,0,0,0,0,0,0,0,0,0,0,0,0,0,714,24,0
1774383994.001290,1290,ubuntu-rog,1,0,0,8482759,0,2877715,3930702,497827,0,16,0,0,0,0,0,1552885819,0,0,4907,1554036455,0,0,2877715,3930702,497827,0,244559,144066,0,0,0,0,0,0,0,0,0,0,2871583,102661,4434908,16,0,0,6367,0,0,0,0,0,0,0,36650859,34036226,0,0,89763,89763,15008,16380,0,0,0,0,0,0,0,0,0,2558430,1277653,0,262144,6535356,169703733,0,0,1026,1025,1571656679,0,0,0,0,0,0,0,0,0,0,0,0,1580161060,0,13999,1857070,1436685913,22701,0,0,98994598,0,0,0,0,0,0,0,0,0,0,0,0,0,0,0,0,0,0,0,14582,0,0,0,0,0,0,0,0,0,0,0,0,0,0,0,0,0,0,0,0,0,0,0,0,45708,4050,22696,18646,18646,0,0,3322,0,0,19,0,0,0,0,0,0,0,1,0,1,0,0,0,0,0,0,0,0,0,0,0,0,0,0,0,0,0,0,0,0,714,24,0
1774383995.001293,1293,ubuntu-rog,1,0,0,8482759,0,2877715,3930702,497827,0,18,0,0,0,0,0,1552885850,0,0,4907,1554036486,0,0,2877715,3930702,497827,0,244559,144066,0,0,0,0,0,0,0,0,0,0,2871583,102661,4434910,18,0,0,6367,0,0,0,0,0,0,0,36650861,34036226,0,0,89763,89763,15008,16380,0,0,0,0,0,0,0,0,0,2558430,1277653,0,262144,6535356,169703749,0,0,1026,1025,1571656710,0,0,0,0,0,0,0,0,0,0,0,0,1580161089,0,13999,1857070,1436685913,22701,0,0,98994598,0,0,0,0,0,0,0,0,0,0,0,0,0,0,0,0,0,0,0,14582,0,0,0,0,0,0,0,0,0,0,0,0,0,0,0,0,0,0,0,0,0,0,0,0,45708,4050,22696,18646,18646,0,0,3322,0,0,19,0,0,0,0,0,0,0,1,0,1,0,0,0,0,0,0,0,0,0,0,0,0,0,0,0,0,0,0,0,0,714,24,0
1774383996.001155,1155,ubuntu-rog,1,0,0,8482759,0,2877715,3930702,497827,0,18,0,0,0,0,0,1552885877,0,0,4907,1554036513,0,0,2877715,3930702,497827,0,244559,144066,0,0,0,0,0,0,0,0,0,0,2871583,102661,4434910,18,0,0,6367,0,0,0,0,0,0,0,36650861,34036226,0,0,89763,89763,15008,16380,0,0,0,0,0,0,0,0,0,2558430,1277653,0,262144,6535356,169703749,0,0,1026,1025,1571656737,0,0,0,0,0,0,0,0,0,0,0,0,1580161116,0,13999,1857070,1436685913,22701,0,0,98994598,0,0,0,0,0,0,0,0,0,0,0,0,0,0,0,0,0,0,0,14582,0,0,0,0,0,0,0,0,0,0,0,0,0,0,0,0,0,0,0,0,0,0,0,0,45708,4050,22696,18646,18646,0,0,3322,0,0,19,0,0,0,0,0,0,0,1,0,1,0,0,0,0,0,0,0,0,0,0,0,0,0,0,0,0,0,0,0,0,714,24,0
1774383997.002152,2152,ubuntu-rog,1,0,0,8482759,0,2877715,3930702,497827,0,19,0,0,0,0,0,1552885908,0,0,4907,1554036544,0,0,2877715,3930702,497827,0,244559,144066,0,0,0,0,0,0,0,0,0,0,2871583,102661,4434911,19,0,0,6367,0,0,0,0,0,0,0,36650862,34036226,0,0,89763,89763,15008,16380,0,0,0,0,0,0,0,0,0,2558430,1277653,0,262144,6535356,169703749,0,0,1026,1025,1571656768,0,0,0,0,0,0,0,0,0,0,0,0,1580161146,0,13999,1857070,1436685913,22701,0,0,98994598,0,0,0,0,0,0,0,0,0,0,0,0,0,0,0,0,0,0,0,14582,0,0,0,0,0,0,0,0,0,0,0,0,0,0,0,0,0,0,0,0,0,0,0,0,45708,4050,22696,18646,18646,0,0,3322,0,0,19,0,0,0,0,0,0,0,1,0,1,0,0,0,0,0,0,0,0,0,0,0,0,0,0,0,0,0,0,0,0,714,24,0
1774383998.001270,1270,ubuntu-rog,1,0,0,8482759,0,2877715,3930702,497827,0,19,0,0,0,0,0,1552885941,0,0,4907,1554036577,0,0,2877715,3930702,497827,0,244559,144066,0,0,0,0,0,0,0,0,0,0,2871583,102661,4434911,19,0,0,6367,0,0,0,0,0,0,0,36650862,34036226,0,0,89763,89763,15008,16380,0,0,0,0,0,0,0,0,0,2558430,1277653,0,262144,6535356,169703749,0,0,1026,1025,1571656801,0,0,0,0,0,0,0,0,0,0,0,0,1580161179,0,13999,1857070,1436685913,22701,0,0,98994598,0,0,0,0,0,0,0,0,0,0,0,0,0,0,0,0,0,0,0,14582,0,0,0,0,0,0,0,0,0,0,0,0,0,0,0,0,0,0,0,0,0,0,0,0,45708,4050,22696,18646,18646,0,0,3322,0,0,19,0,0,0,0,0,0,0,1,0,1,0,0,0,0,0,0,0,0,0,0,0,0,0,0,0,0,0,0,0,0,714,24,0
1774383999.001294,1294,ubuntu-rog,1,0,0,8482759,0,2877715,3930702,497827,0,4,0,0,0,0,0,1552885964,0,0,4907,1554036600,0,0,2877715,3930702,497827,0,244559,144066,0,0,0,0,0,0,0,0,0,0,2871583,102661,4434911,4,0,0,6367,0,0,0,0,0,0,0,36650862,34036241,0,0,89763,89763,15008,16380,0,0,0,0,0,0,0,0,0,2558430,1277653,0,262144,6535356,169703809,0,0,1026,1025,1571656824,0,0,0,0,0,0,0,0,0,0,0,0,1580161202,0,13999,1857070,1436685913,22701,0,0,98994598,0,0,0,0,0,0,0,0,0,0,0,0,0,0,0,0,0,0,0,14582,0,0,0,0,0,0,0,0,0,0,0,0,0,0,0,0,0,0,0,0,0,0,0,0,45708,4050,22696,18646,18646,0,0,3322,0,0,19,0,0,0,0,0,0,0,1,0,1,0,0,0,0,0,0,0,0,0,0,0,0,0,0,0,0,0,0,0,0,714,24,0
1774384000.001291,1291,ubuntu-rog,1,0,0,8482759,0,2877715,3930702,497827,0,7,0,0,0,0,0,1552885994,0,0,4907,1554036630,0,0,2877715,3930702,497827,0,244559,144066,0,0,0,0,0,0,0,0,0,0,2871583,102661,4434913,7,0,0,6367,0,0,0,0,0,0,0,36650865,34036241,0,0,89763,89763,15008,16380,0,0,0,0,0,0,0,0,0,2558430,1277653,0,262144,6535356,169703809,0,0,1026,1025,1571656854,0,0,0,0,0,0,0,0,0,0,0,0,1580161230,0,13999,1857070,1436685913,22701,0,0,98994598,0,0,0,0,0,0,0,0,0,0,0,0,0,0,0,0,0,0,0,14582,0,0,0,0,0,0,0,0,0,0,0,0,0,0,0,0,0,0,0,0,0,0,0,0,45708,4050,22696,18646,18646,0,0,3322,0,0,19,0,0,0,0,0,0,0,1,0,1,0,0,0,0,0,0,0,0,0,0,0,0,0,0,0,0,0,0,0,0,714,24,0
1774384001.002150,2150,ubuntu-rog,1,0,0,8482759,0,2877715,3930702,497827,0,11,0,0,0,0,0,1552886025,0,0,4907,1554036661,0,0,2877715,3930702,497827,0,244560,144066,0,0,0,0,0,0,0,0,0,0,2871583,102661,4434915,11,0,0,6367,0,0,0,0,0,0,0,36650869,34036241,0,0,89763,89763,15008,16380,0,0,0,0,0,0,0,0,0,2558430,1277653,0,262144,6535356,169703841,0,0,1026,1025,1571656885,0,0,0,0,0,0,0,0,0,0,0,0,1580161258,0,13999,1857070,1436685913,22701,0,0,98994598,0,0,0,0,0,0,0,0,0,0,0,0,0,0,0,0,0,0,0,14582,0,0,0,0,0,0,0,0,0,0,0,0,0,0,0,0,0,0,0,0,0,0,0,0,45708,4050,22696,18646,18646,0,0,3322,0,0,19,0,0,0,0,0,0,0,1,0,1,0,0,0,0,0,0,0,0,0,0,0,0,0,0,0,0,0,0,0,0,714,24,0
1774384002.001154,1154,ubuntu-rog,1,0,0,8482759,0,2877715,3930702,497827,0,11,0,0,0,0,0,1552886048,0,0,4907,1554036684,0,0,2877715,3930702,497827,0,244560,144066,0,0,0,0,0,0,0,0,0,0,2871583,102661,4434915,11,0,0,6367,0,0,0,0,0,0,0,36650869,34036241,0,0,89763,89763,15008,16380,0,0,0,0,0,0,0,0,0,2558430,1277653,0,262144,6535356,169703841,0,0,1026,1025,1571656908,0,0,0,0,0,0,0,0,0,0,0,0,1580161281,0,13999,1857070,1436685913,22701,0,0,98994598,0,0,0,0,0,0,0,0,0,0,0,0,0,0,0,0,0,0,0,14582,0,0,0,0,0,0,0,0,0,0,0,0,0,0,0,0,0,0,0,0,0,0,0,0,45708,4050,22696,18646,18646,0,0,3322,0,0,19,0,0,0,0,0,0,0,1,0,1,0,0,0,0,0,0,0,0,0,0,0,0,0,0,0,0,0,0,0,0,714,24,0
1774384003.001252,1252,ubuntu-rog,1,0,0,8482759,0,2877715,3930702,497827,0,11,0,0,0,0,0,1552886080,0,0,4907,1554036716,0,0,2877715,3930702,497827,0,244560,144066,0,0,0,0,0,0,0,0,0,0,2871583,102661,4434915,11,0,0,6367,0,0,0,0,0,0,0,36650869,34036241,0,0,89763,89763,15008,16380,0,0,0,0,0,0,0,0,0,2558430,1277653,0,262144,6535356,169703841,0,0,1026,1025,1571656940,0,0,0,0,0,0,0,0,0,0,0,0,1580161313,0,13999,1857070,1436685913,22701,0,0,98994598,0,0,0,0,0,0,0,0,0,0,0,0,0,0,0,0,0,0,0,14582,0,0,0,0,0,0,0,0,0,0,0,0,0,0,0,0,0,0,0,0,0,0,0,0,45708,4050,22696,18646,18646,0,0,3322,0,0,19,0,0,0,0,0,0,0,1,0,1,0,0,0,0,0,0,0,0,0,0,0,0,0,0,0,0,0,0,0,0,714,24,0
1774384004.001278,1278,ubuntu-rog,1,0,0,8482759,0,2877715,3930702,497827,0,12,0,0,0,0,0,1552886113,0,0,4907,1554036749,0,0,2877715,3930702,497827,0,244560,144066,0,0,0,0,0,0,0,0,0,0,2871583,102661,4434916,12,0,0,6367,0,0,0,0,0,0,0,36650870,34036241,0,0,89763,89763,15008,16380,0,0,0,0,0,0,0,0,0,2558430,1277653,0,262144,6535356,169703841,0,0,1026,1025,1571656973,0,0,0,0,0,0,0,0,0,0,0,0,1580161345,0,13999,1857070,1436685913,22701,0,0,98994598,0,0,0,0,0,0,0,0,0,0,0,0,0,0,0,0,0,0,0,14582,0,0,0,0,0,0,0,0,0,0,0,0,0,0,0,0,0,0,0,0,0,0,0,0,45708,4050,22696,18646,18646,0,0,3322,0,0,19,0,0,0,0,0,0,0,1,0,1,0,0,0,0,0,0,0,0,0,0,0,0,0,0,0,0,0,0,0,0,714,24,0
1774384005.002303,2303,ubuntu-rog,1,0,0,8482759,0,2877715,3930702,497827,0,14,0,0,0,0,0,1552886135,0,0,4907,1554036771,0,0,2877715,3930702,497827,0,244560,144066,0,0,0,0,0,0,0,0,0,0,2871583,102661,4434917,14,0,0,6367,0,0,0,0,0,0,0,36650872,34036241,0,0,89763,89763,15008,16380,0,0,0,0,0,0,0,0,0,2558430,1277653,0,262144,6535356,169703841,0,0,1026,1025,1571656995,0,0,0,0,0,0,0,0,0,0,0,0,1580161366,0,13999,1857070,1436685913,22701,0,0,98994598,0,0,0,0,0,0,0,0,0,0,0,0,0,0,0,0,0,0,0,14582,0,0,0,0,0,0,0,0,0,0,0,0,0,0,0,0,0,0,0,0,0,0,0,0,45708,4050,22696,18646,18646,0,0,3322,0,0,19,0,0,0,0,0,0,0,1,0,1,0,0,0,0,0,0,0,0,0,0,0,0,0,0,0,0,0,0,0,0,714,24,0
1774384006.001154,1154,ubuntu-rog,1,0,0,8482759,0,2877715,3930702,497827,0,15,0,0,0,0,0,1552886165,0,0,4907,1554036801,0,0,2877715,3930702,497827,0,244560,144066,0,0,0,0,0,0,0,0,0,0,2871583,102661,4434919,15,0,0,6367,0,0,0,0,0,0,0,36650873,34036241,0,0,89763,89763,15008,16380,0,0,0,0,0,0,0,0,0,2558430,1277653,0,262144,6535356,169703857,0,0,1026,1025,1571657025,0,0,0,0,0,0,0,0,0,0,0,0,1580161394,0,13999,1857070,1436685913,22701,0,0,98994598,0,0,0,0,0,0,0,0,0,0,0,0,0,0,0,0,0,0,0,14582,0,0,0,0,0,0,0,0,0,0,0,0,0,0,0,0,0,0,0,0,0,0,0,0,45708,4050,22696,18646,18646,0,0,3322,0,0,19,0,0,0,0,0,0,0,1,0,1,0,0,0,0,0,0,0,0,0,0,0,0,0,0,0,0,0,0,0,0,714,24,0
1774384007.001159,1159,ubuntu-rog,1,0,0,8482759,0,2877715,3930702,497827,0,16,0,0,0,0,0,1552886195,0,0,4907,1554036831,0,0,2877715,3930702,497827,0,244560,144066,0,0,0,0,0,0,0,0,0,0,2871583,102661,4434920,16,0,0,6367,0,0,0,0,0,0,0,36650874,34036241,0,0,89763,89763,15008,16380,0,0,0,0,0,0,0,0,0,2558430,1277653,0,262144,6535356,169703857,0,0,1026,1025,1571657055,0,0,0,0,0,0,0,0,0,0,0,0,1580161423,0,13999,1857070,1436685913,22701,0,0,98994598,0,0,0,0,0,0,0,0,0,0,0,0,0,0,0,0,0,0,0,14582,0,0,0,0,0,0,0,0,0,0,0,0,0,0,0,0,0,0,0,0,0,0,0,0,45708,4050,22696,18646,18646,0,0,3322,0,0,19,0,0,0,0,0,0,0,1,0,1,0,0,0,0,0,0,0,0,0,0,0,0,0,0,0,0,0,0,0,0,714,24,0
1774384008.001257,1257,ubuntu-rog,1,0,0,8482759,0,2877715,3930702,497827,0,16,0,0,0,0,0,1552886217,0,0,4907,1554036853,0,0,2877715,3930702,497827,0,244560,144066,0,0,0,0,0,0,0,0,0,0,2871583,102661,4434920,16,0,0,6367,0,0,0,0,0,0,0,36650874,34036241,0,0,89763,89763,15008,16380,0,0,0,0,0,0,0,0,0,2558430,1277653,0,262144,6535356,169703857,0,0,1026,1025,1571657077,0,0,0,0,0,0,0,0,0,0,0,0,1580161445,0,13999,1857070,1436685913,22701,0,0,98994598,0,0,0,0,0,0,0,0,0,0,0,0,0,0,0,0,0,0,0,14582,0,0,0,0,0,0,0,0,0,0,0,0,0,0,0,0,0,0,0,0,0,0,0,0,45708,4050,22696,18646,18646,0,0,3322,0,0,19,0,0,0,0,0,0,0,1,0,1,0,0,0,0,0,0,0,0,0,0,0,0,0,0,0,0,0,0,0,0,714,24,0
1774384009.002289,2289,ubuntu-rog,1,0,0,8482759,0,2877715,3930702,497827,0,16,0,0,0,0,0,1552886248,0,0,4907,1554036884,0,0,2877715,3930702,497827,0,244560,144066,0,0,0,0,0,0,0,0,0,0,2871583,102661,4434920,16,0,0,6367,0,0,0,0,0,0,0,36650874,34036241,0,0,89763,89763,15008,16380,0,0,0,0,0,0,0,0,0,2558430,1277653,0,262144,6535356,169703857,0,0,1026,1025,1571657108,0,0,0,0,0,0,0,0,0,0,0,0,1580161476,0,13999,1857070,1436685913,22701,0,0,98994598,0,0,0,0,0,0,0,0,0,0,0,0,0,0,0,0,0,0,0,14582,0,0,0,0,0,0,0,0,0,0,0,0,0,0,0,0,0,0,0,0,0,0,0,0,45708,4050,22696,18646,18646,0,0,3322,0,0,19,0,0,0,0,0,0,0,1,0,1,0,0,0,0,0,0,0,0,0,0,0,0,0,0,0,0,0,0,0,0,714,24,0
1774384010.001295,1295,ubuntu-rog,1,0,0,8482759,0,2877715,3930702,497827,0,16,0,0,0,0,0,1552886281,0,0,4907,1554036917,0,0,2877715,3930702,497827,0,244560,144066,0,0,0,0,0,0,0,0,0,0,2871583,102661,4434920,16,0,0,6367,0,0,0,0,0,0,0,36650874,34036241,0,0,89763,89763,15008,16380,0,0,0,0,0,0,0,0,0,2558430,1277653,0,262144,6535356,169703857,0,0,1026,1025,1571657141,0,0,0,0,0,0,0,0,0,0,0,0,1580161509,0,13999,1857070,1436685913,22701,0,0,98994598,0,0,0,0,0,0,0,0,0,0,0,0,0,0,0,0,0,0,0,14582,0,0,0,0,0,0,0,0,0,0,0,0,0,0,0,0,0,0,0,0,0,0,0,0,45708,4050,22696,18646,18646,0,0,3322,0,0,19,0,0,0,0,0,0,0,1,0,1,0,0,0,0,0,0,0,0,0,0,0,0,0,0,0,0,0,0,0,0,714,24,0
1774384011.001166,1166,ubuntu-rog,1,0,0,8482759,0,2877715,3930702,497827,0,17,0,0,0,0,0,1552886311,0,0,4907,1554036947,0,0,2877715,3930702,497827,0,244560,144066,0,0,0,0,0,0,0,0,0,0,2871583,102661,4434921,17,0,0,6367,0,0,0,0,0,0,0,36650875,34036241,0,0,89763,89763,15008,16380,0,0,0,0,0,0,0,0,0,2558430,1277653,0,262144,6535356,169703857,0,0,1026,1025,1571657171,0,0,0,0,0,0,0,0,0,0,0,0,1580161538,0,13999,1857070,1436685913,22701,0,0,98994598,0,0,0,0,0,0,0,0,0,0,0,0,0,0,0,0,0,0,0,14582,0,0,0,0,0,0,0,0,0,0,0,0,0,0,0,0,0,0,0,0,0,0,0,0,45708,4050,22696,18646,18646,0,0,3322,0,0,19,0,0,0,0,0,0,0,1,0,1,0,0,0,0,0,0,0,0,0,0,0,0,0,0,0,0,0,0,0,0,714,24,0
1774384012.001156,1156,ubuntu-rog,1,0,0,8482759,0,2877715,3930702,497827,0,17,0,0,0,0,0,1552886343,0,0,4907,1554036979,0,0,2877715,3930702,497827,0,244560,144066,0,0,0,0,0,0,0,0,0,0,2871583,102661,4434922,17,0,0,6367,0,0,0,0,0,0,0,36650875,34036241,0,0,89763,89763,15008,16380,0,0,0,0,0,0,0,0,0,2558430,1277653,0,262144,6535356,169703873,0,0,1026,1025,1571657203,0,0,0,0,0,0,0,0,0,0,0,0,1580161569,0,13999,1857070,1436685913,22701,0,0,98994598,0,0,0,0,0,0,0,0,0,0,0,0,0,0,0,0,0,0,0,14582,0,0,0,0,0,0,0,0,0,0,0,0,0,0,0,0,0,0,0,0,0,0,0,0,45708,4050,22696,18646,18646,0,0,3322,0,0,19,0,0,0,0,0,0,0,1,0,1,0,0,0,0,0,0,0,0,0,0,0,0,0,0,0,0,0,0,0,0,714,24,0
1774384013.002255,2255,ubuntu-rog,1,0,0,8482759,0,2877715,3930733,497827,0,18,0,0,0,0,0,1552886366,0,0,4907,1554037002,0,0,2877715,3930733,497827,0,244560,144066,0,0,0,0,0,0,0,0,0,0,2871583,102661,4434923,18,0,0,6367,0,0,0,0,0,0,0,36650876,34036241,0,0,89763,89763,15008,16380,0,0,0,0,0,0,0,0,0,2558436,1277656,0,262144,6535356,169703873,0,0,1026,1025,1571657226,0,0,0,0,0,0,0,0,0,0,0,0,1580161591,0,13999,1857070,1436685913,22701,0,0,98994598,0,0,0,0,0,0,0,0,0,0,0,0,0,0,0,0,0,0,0,14582,0,0,0,0,0,0,0,0,0,0,0,0,0,0,0,0,0,0,0,0,0,0,0,0,45708,4050,22696,18646,18646,0,0,3322,0,0,19,0,0,0,0,0,0,0,1,0,1,0,0,0,0,0,0,0,0,0,0,0,0,0,0,0,0,0,0,0,0,714,24,0
1774384014.001293,1293,ubuntu-rog,1,0,0,8482759,0,2877715,3930733,497827,0,19,0,0,0,0,0,1552886398,0,0,4907,1554037034,0,0,2877715,3930733,497827,0,244560,144066,0,0,0,0,0,0,0,0,0,0,2871583,102661,4434924,19,0,0,6367,0,0,0,0,0,0,0,36650877,34036241,0,0,89763,89763,15008,16380,0,0,0,0,0,0,0,0,0,2558436,1277656,0,262144,6535356,169703873,0,0,1026,1025,1571657258,0,0,0,0,0,0,0,0,0,0,0,0,1580161622,0,13999,1857070,1436685913,22701,0,0,98994598,0,0,0,0,0,0,0,0,0,0,0,0,0,0,0,0,0,0,0,14582,0,0,0,0,0,0,0,0,0,0,0,0,0,0,0,0,0,0,0,0,0,0,0,0,45708,4050,22696,18646,18646,0,0,3322,0,0,19,0,0,0,0,0,0,0,1,0,1,0,0,0,0,0,0,0,0,0,0,0,0,0,0,0,0,0,0,0,0,714,24,0
1774384015.001291,1291,ubuntu-rog,1,0,0,8482759,0,2877715,3930733,497827,0,19,0,0,0,0,0,1552886430,0,0,4907,1554037066,0,0,2877715,3930733,497827,0,244560,144066,0,0,0,0,0,0,0,0,0,0,2871583,102661,4434924,19,0,0,6367,0,0,0,0,0,0,0,36650877,34036241,0,0,89763,89763,15008,16380,0,0,0,0,0,0,0,0,0,2558436,1277656,0,262144,6535356,169703873,0,0,1026,1025,1571657290,0,0,0,0,0,0,0,0,0,0,0,0,1580161654,0,13999,1857070,1436685913,22701,0,0,98994598,0,0,0,0,0,0,0,0,0,0,0,0,0,0,0,0,0,0,0,14582,0,0,0,0,0,0,0,0,0,0,0,0,0,0,0,0,0,0,0,0,0,0,0,0,45708,4050,22696,18646,18646,0,0,3322,0,0,19,0,0,0,0,0,0,0,1,0,1,0,0,0,0,0,0,0,0,0,0,0,0,0,0,0,0,0,0,0,0,714,24,0
1774384016.001155,1155,ubuntu-rog,1,0,0,8482759,0,2877715,3930733,497827,0,19,0,0,0,0,0,1552886453,0,0,4907,1554037089,0,0,2877715,3930733,497827,0,244560,144066,0,0,0,0,0,0,0,0,0,0,2871583,102661,4434924,19,0,0,6367,0,0,0,0,0,0,0,36650877,34036241,0,0,89763,89763,15008,16380,0,0,0,0,0,0,0,0,0,2558436,1277656,0,262144,6535356,169703873,0,0,1026,1025,1571657313,0,0,0,0,0,0,0,0,0,0,0,0,1580161677,0,13999,1857070,1436685913,22701,0,0,98994598,0,0,0,0,0,0,0,0,0,0,0,0,0,0,0,0,0,0,0,14582,0,0,0,0,0,0,0,0,0,0,0,0,0,0,0,0,0,0,0,0,0,0,0,0,45708,4050,22696,18646,18646,0,0,3322,0,0,19,0,0,0,0,0,0,0,1,0,1,0,0,0,0,0,0,0,0,0,0,0,0,0,0,0,0,0,0,0,0,714,24,0
1774384017.002158,2158,ubuntu-rog,1,0,0,8482759,0,2877715,3930733,497827,0,20,0,0,0,0,0,1552886484,0,0,4907,1554037120,0,0,2877715,3930733,497827,0,244560,144066,0,0,0,0,0,0,0,0,0,0,2871583,102661,4434925,20,0,0,6367,0,0,0,0,0,0,0,36650878,34036241,0,0,89763,89763,15008,16380,0,0,0,0,0,0,0,0,0,2558436,1277656,0,262144,6535356,169703873,0,0,1026,1025,1571657344,0,0,0,0,0,0,0,0,0,0,0,0,1580161707,0,13999,1857070,1436685913,22701,0,0,98994598,0,0,0,0,0,0,0,0,0,0,0,0,0,0,0,0,0,0,0,14582,0,0,0,0,0,0,0,0,0,0,0,0,0,0,0,0,0,0,0,0,0,0,0,0,45708,4050,22696,18646,18646,0,0,3322,0,0,19,0,0,0,0,0,0,0,1,0,1,0,0,0,0,0,0,0,0,0,0,0,0,0,0,0,0,0,0,0,0,714,24,0
1774384018.001260,1260,ubuntu-rog,1,0,0,8482759,0,2877715,3930733,497827,0,21,0,0,0,0,0,1552886514,0,0,4907,1554037150,0,0,2877715,3930733,497827,0,244560,144066,0,0,0,0,0,0,0,0,0,0,2871583,102661,4434928,21,0,0,6367,0,0,0,0,0,0,0,36650879,34036241,0,0,89763,89763,15008,16380,0,0,0,0,0,0,0,0,0,2558436,1277656,0,262144,6535356,169703889,0,0,1026,1025,1571657374,0,0,0,0,0,0,0,0,0,0,0,0,1580161734,0,13999,1857070,1436685913,22701,0,0,98994598,0,0,0,0,0,0,0,0,0,0,0,0,0,0,0,0,0,0,0,14582,0,0,0,0,0,0,0,0,0,0,0,0,0,0,0,0,0,0,0,0,0,0,0,0,45708,4050,22696,18646,18646,0,0,3322,0,0,19,0,0,0,0,0,0,0,1,0,1,0,0,0,0,0,0,0,0,0,0,0,0,0,0,0,0,0,0,0,0,714,24,0
1774384019.001292,1292,ubuntu-rog,1,0,0,8482759,0,2877715,3930733,497827,0,22,0,0,0,0,0,1552886541,0,0,4907,1554037177,0,0,2877715,3930733,497827,0,244561,144066,0,0,0,0,0,0,0,0,0,0,2871583,102661,4434929,22,0,0,6367,0,0,0,0,0,0,0,36650880,34036241,0,0,89763,89763,15008,16380,0,0,0,0,0,0,0,0,0,2558436,1277656,0,262144,6535356,169703889,0,0,1026,1025,1571657401,0,0,0,0,0,0,0,0,0,0,0,0,1580161759,0,13999,1857070,1436685913,22701,0,0,98994598,0,0,0,0,0,0,0,0,0,0,0,0,0,0,0,0,0,0,0,14582,0,0,0,0,0,0,0,0,0,0,0,0,0,0,0,0,0,0,0,0,0,0,0,0,45708,4050,22696,18646,18646,0,0,3322,0,0,19,0,0,0,0,0,0,0,1,0,1,0,0,0,0,0,0,0,0,0,0,0,0,0,0,0,0,0,0,0,0,714,24,0
1774384020.001294,1294,ubuntu-rog,1,0,0,8482759,0,2877715,3930733,497827,0,22,0,0,0,0,0,1552886572,0,0,4907,1554037208,0,0,2877715,3930733,497827,0,244561,144066,0,0,0,0,0,0,0,0,0,0,2871583,102661,4434929,22,0,0,6367,0,0,0,0,0,0,0,36650880,34036241,0,0,89763,89763,15008,16380,0,0,0,0,0,0,0,0,0,2558436,1277656,0,262144,6535356,169703889,0,0,1026,1025,1571657432,0,0,0,0,0,0,0,0,0,0,0,0,1580161791,0,13999,1857070,1436685913,22701,0,0,98994598,0,0,0,0,0,0,0,0,0,0,0,0,0,0,0,0,0,0,0,14582,0,0,0,0,0,0,0,0,0,0,0,0,0,0,0,0,0,0,0,0,0,0,0,0,45708,4050,22696,18646,18646,0,0,3322,0,0,19,0,0,0,0,0,0,0,1,0,1,0,0,0,0,0,0,0,0,0,0,0,0,0,0,0,0,0,0,0,0,714,24,0
1774384021.002147,2147,ubuntu-rog,1,0,0,8482759,0,2877715,3930733,497827,0,23,0,0,0,0,0,1552886603,0,0,4907,1554037239,0,0,2877715,3930733,497827,0,244561,144066,0,0,0,0,0,0,0,0,0,0,2871583,102661,4434930,23,0,0,6367,0,0,0,0,0,0,0,36650881,34036241,0,0,89763,89763,15008,16380,0,0,0,0,0,0,0,0,0,2558436,1277656,0,262144,6535356,169703889,0,0,1026,1025,1571657463,0,0,0,0,0,0,0,0,0,0,0,0,1580161820,0,13999,1857070,1436685913,22701,0,0,98994598,0,0,0,0,0,0,0,0,0,0,0,0,0,0,0,0,0,0,0,14582,0,0,0,0,0,0,0,0,0,0,0,0,0,0,0,0,0,0,0,0,0,0,0,0,45708,4050,22696,18646,18646,0,0,3322,0,0,19,0,0,0,0,0,0,0,1,0,1,0,0,0,0,0,0,0,0,0,0,0,0,0,0,0,0,0,0,0,0,714,24,0
1774384022.001148,1148,ubuntu-rog,1,0,0,8482759,0,2877715,3930733,497827,0,23,0,0,0,0,0,1552886630,0,0,4907,1554037266,0,0,2877715,3930733,497827,0,244561,144066,0,0,0,0,0,0,0,0,0,0,2871583,102661,4434930,23,0,0,6367,0,0,0,0,0,0,0,36650881,34036241,0,0,89763,89763,15008,16380,0,0,0,0,0,0,0,0,0,2558436,1277656,0,262144,6535356,169703889,0,0,1026,1025,1571657490,0,0,0,0,0,0,0,0,0,0,0,0,1580161847,0,13999,1857070,1436685913,22701,0,0,98994598,0,0,0,0,0,0,0,0,0,0,0,0,0,0,0,0,0,0,0,14582,0,0,0,0,0,0,0,0,0,0,0,0,0,0,0,0,0,0,0,0,0,0,0,0,45708,4050,22696,18646,18646,0,0,3322,0,0,19,0,0,0,0,0,0,0,1,0,1,0,0,0,0,0,0,0,0,0,0,0,0,0,0,0,0,0,0,0,0,714,24,0
1774384023.001296,1296,ubuntu-rog,1,0,0,8482759,0,2877715,3930733,497827,0,23,0,0,0,0,0,1552886660,0,0,4907,1554037296,0,0,2877715,3930733,497827,0,244561,144066,0,0,0,0,0,0,0,0,0,0,2871583,102661,4434930,23,0,0,6367,0,0,0,0,0,0,0,36650881,34036241,0,0,89763,89763,15008,16380,0,0,0,0,0,0,0,0,0,2558436,1277656,0,262144,6535356,169703905,0,0,1026,1025,1571657520,0,0,0,0,0,0,0,0,0,0,0,0,1580161877,0,13999,1857070,1436685913,22701,0,0,98994598,0,0,0,0,0,0,0,0,0,0,0,0,0,0,0,0,0,0,0,14582,0,0,0,0,0,0,0,0,0,0,0,0,0,0,0,0,0,0,0,0,0,0,0,0,45708,4050,22696,18646,18646,0,0,3322,0,0,19,0,0,0,0,0,0,0,1,0,1,0,0,0,0,0,0,0,0,0,0,0,0,0,0,0,0,0,0,0,0,714,24,0
1774384024.001305,1305,ubuntu-rog,1,0,0,8482759,0,2877715,3930733,497827,0,24,0,0,0,0,0,1552886686,0,0,4907,1554037322,0,0,2877715,3930733,497827,0,244561,144066,0,0,0,0,0,0,0,0,0,0,2871583,102661,4434931,24,0,0,6367,0,0,0,0,0,0,0,36650882,34036241,0,0,89763,89763,15008,16380,0,0,0,0,0,0,0,0,0,2558436,1277656,0,262144,6535356,169703929,0,0,1026,1025,1571657546,0,0,0,0,0,0,0,0,0,0,0,0,1580161902,0,13999,1857070,1436685913,22701,0,0,98994598,0,0,0,0,0,0,0,0,0,0,0,0,0,0,0,0,0,0,0,14582,0,0,0,0,0,0,0,0,0,0,0,0,0,0,0,0,0,0,0,0,0,0,0,0,45708,4050,22696,18646,18646,0,0,3322,0,0,19,0,0,0,0,0,0,0,1,0,1,0,0,0,0,0,0,0,0,0,0,0,0,0,0,0,0,0,0,0,0,714,24,0
1774384025.002293,2293,ubuntu-rog,1,0,0,8482759,0,2877715,3930733,497827,0,20,0,0,0,0,0,1552886715,0,0,4907,1554037351,0,0,2877715,3930733,497827,0,244561,144066,0,0,0,0,0,0,0,0,0,0,2871583,102661,4434932,20,0,0,6367,0,0,0,0,0,0,0,36650884,34036247,0,0,89763,89763,15008,16380,0,0,0,0,0,0,0,0,0,2558436,1277656,0,262144,6535356,169703929,0,0,1026,1025,1571657575,0,0,0,0,0,0,0,0,0,0,0,0,1580161930,0,13999,1857070,1436685913,22701,0,0,98994598,0,0,0,0,0,0,0,0,0,0,0,0,0,0,0,0,0,0,0,14582,0,0,0,0,0,0,0,0,0,0,0,0,0,0,0,0,0,0,0,0,0,0,0,0,45708,4050,22696,18646,18646,0,0,3322,0,0,19,0,0,0,0,0,0,0,1,0,1,0,0,0,0,0,0,0,0,0,0,0,0,0,0,0,0,0,0,0,0,714,24,0
1774384026.001154,1154,ubuntu-rog,1,0,0,8482759,0,2877739,3930733,497827,0,14,0,0,0,0,0,1552886744,0,0,4907,1554037380,0,0,2877739,3930733,497827,0,244561,144066,0,0,0,0,0,0,0,0,0,0,2871583,102661,4434932,14,0,0,6367,0,0,0,0,0,0,0,36650884,34036253,0,0,89763,89763,15008,16380,0,0,0,0,0,0,0,0,0,2558436,1277656,0,262144,6535356,169703937,0,0,1026,1025,1571657604,0,0,0,0,0,0,0,0,0,0,0,0,1580161959,0,13999,1857070,1436685913,22701,0,0,98994598,0,0,0,0,0,0,0,0,0,0,0,0,0,0,0,0,0,0,0,14582,0,0,0,0,0,0,0,0,0,0,0,0,0,0,0,0,0,0,0,0,0,0,0,0,45708,4050,22696,18646,18646,0,0,3322,0,0,19,0,0,0,0,0,0,0,1,0,1,0,0,0,0,0,0,0,0,0,0,0,0,0,0,0,0,0,0,0,0,714,24,0
1774384027.001154,1154,ubuntu-rog,1,0,0,8482759,0,2877739,3930733,497827,0,14,0,0,0,0,0,1552886766,0,0,4907,1554037402,0,0,2877739,3930733,497827,0,244561,144066,0,0,0,0,0,0,0,0,0,0,2871583,102661,4434932,14,0,0,6367,0,0,0,0,0,0,0,36650884,34036253,0,0,89763,89763,15008,16380,0,0,0,0,0,0,0,0,0,2558436,1277656,0,262144,6535356,169703937,0,0,1026,1025,1571657626,0,0,0,0,0,0,0,0,0,0,0,0,1580161981,0,13999,1857070,1436685913,22701,0,0,98994598,0,0,0,0,0,0,0,0,0,0,0,0,0,0,0,0,0,0,0,14582,0,0,0,0,0,0,0,0,0,0,0,0,0,0,0,0,0,0,0,0,0,0,0,0,45708,4050,22696,18646,18646,0,0,3322,0,0,19,0,0,0,0,0,0,0,1,0,1,0,0,0,0,0,0,0,0,0,0,0,0,0,0,0,0,0,0,0,0,714,24,0
1774384028.001252,1252,ubuntu-rog,1,0,0,8482759,0,2877739,3930733,497827,0,19,0,0,0,0,0,1552886796,0,0,4907,1554037432,0,0,2877739,3930733,497827,0,244561,144066,0,0,0,0,0,0,0,0,0,0,2871583,102661,4434933,19,0,0,6367,0,0,0,0,0,0,0,36650889,34036253,0,0,89763,89763,15008,16380,0,0,0,0,0,0,0,0,0,2558436,1277656,0,262144,6535356,169703965,0,0,1026,1025,1571657656,0,0,0,0,0,0,0,0,0,0,0,0,1580162010,0,13999,1857070,1436685913,22701,0,0,98994598,0,0,0,0,0,0,0,0,0,0,0,0,0,0,0,0,0,0,0,14582,0,0,0,0,0,0,0,0,0,0,0,0,0,0,0,0,0,0,0,0,0,0,0,0,45708,4050,22696,18646,18646,0,0,3322,0,0,19,0,0,0,0,0,0,0,1,0,1,0,0,0,0,0,0,0,0,0,0,0,0,0,0,0,0,0,0,0,0,714,24,0
1774384029.001322,1322,ubuntu-rog,1,0,0,8482759,0,2877739,3930733,497827,0,19,0,0,0,0,0,1552886826,0,0,4907,1554037462,0,0,2877739,3930733,497827,0,244561,144066,0,0,0,0,0,0,0,0,0,0,2871583,102661,4434933,19,0,0,6367,0,0,0,0,0,0,0,36650889,34036253,0,0,89763,89763,15008,16380,0,0,0,0,0,0,0,0,0,2558436,1277656,0,262144,6535356,169703965,0,0,1026,1025,1571657686,0,0,0,0,0,0,0,0,0,0,0,0,1580162040,0,13999,1857070,1436685913,22701,0,0,98994598,0,0,0,0,0,0,0,0,0,0,0,0,0,0,0,0,0,0,0,14582,0,0,0,0,0,0,0,0,0,0,0,0,0,0,0,0,0,0,0,0,0,0,0,0,45708,4050,22696,18646,18646,0,0,3322,0,0,19,0,0,0,0,0,0,0,1,0,1,0,0,0,0,0,0,0,0,0,0,0,0,0,0,0,0,0,0,0,0,714,24,0
1774384030.001320,1320,ubuntu-rog,1,0,0,8482759,0,2877739,3930733,497827,0,20,0,0,0,0,0,1552886854,0,0,4907,1554037490,0,0,2877739,3930733,497827,0,244561,144066,0,0,0,0,0,0,0,0,0,0,2871583,102661,4434934,20,0,0,6367,0,0,0,0,0,0,0,36650890,34036253,0,0,89763,89763,15008,16380,0,0,0,0,0,0,0,0,0,2558436,1277656,0,262144,6535356,169703965,0,0,1026,1025,1571657714,0,0,0,0,0,0,0,0,0,0,0,0,1580162067,0,13999,1857070,1436685913,22701,0,0,98994598,0,0,0,0,0,0,0,0,0,0,0,0,0,0,0,0,0,0,0,14582,0,0,0,0,0,0,0,0,0,0,0,0,0,0,0,0,0,0,0,0,0,0,0,0,45708,4050,22696,18646,18646,0,0,3322,0,0,19,0,0,0,0,0,0,0,1,0,1,0,0,0,0,0,0,0,0,0,0,0,0,0,0,0,0,0,0,0,0,714,24,0
1774384031.001182,1182,ubuntu-rog,1,0,0,8482759,0,2877739,3930733,497827,0,22,0,0,0,0,0,1552886887,0,0,4907,1554037523,0,0,2877739,3930733,497827,0,244561,144066,0,0,0,0,0,0,0,0,0,0,2871583,102661,4434936,22,0,0,6367,0,0,0,0,0,0,0,36650892,34036253,0,0,89763,89763,15008,16380,0,0,0,0,0,0,0,0,0,2558436,1277656,0,262144,6535356,169703965,0,0,1026,1025,1571657747,0,0,0,0,0,0,0,0,0,0,0,0,1580162098,0,13999,1857070,1436685913,22701,0,0,98994598,0,0,0,0,0,0,0,0,0,0,0,0,0,0,0,0,0,0,0,14582,0,0,0,0,0,0,0,0,0,0,0,0,0,0,0,0,0,0,0,0,0,0,0,0,45708,4050,22696,18646,18646,0,0,3322,0,0,19,0,0,0,0,0,0,0,1,0,1,0,0,0,0,0,0,0,0,0,0,0,0,0,0,0,0,0,0,0,0,714,24,0
1774384032.001182,1182,ubuntu-rog,1,0,0,8482759,0,2877739,3930733,497827,0,22,0,0,0,0,0,1552886915,0,0,4907,1554037551,0,0,2877739,3930733,497827,0,244561,144066,0,0,0,0,0,0,0,0,0,0,2871583,102661,4434936,22,0,0,6367,0,0,0,0,0,0,0,36650892,34036253,0,0,89763,89763,15008,16380,0,0,0,0,0,0,0,0,0,2558436,1277656,0,262144,6535356,169703965,0,0,1026,1025,1571657775,0,0,0,0,0,0,0,0,0,0,0,0,1580162126,0,13999,1857070,1436685913,22701,0,0,98994598,0,0,0,0,0,0,0,0,0,0,0,0,0,0,0,0,0,0,0,14582,0,0,0,0,0,0,0,0,0,0,0,0,0,0,0,0,0,0,0,0,0,0,0,0,45708,4050,22696,18646,18646,0,0,3322,0,0,19,0,0,0,0,0,0,0,1,0,1,0,0,0,0,0,0,0,0,0,0,0,0,0,0,0,0,0,0,0,0,714,24,0
1774384033.001277,1277,ubuntu-rog,1,0,0,8482759,0,2877739,3930733,497827,0,22,0,0,0,0,0,1552886939,0,0,4907,1554037575,0,0,2877739,3930733,497827,0,244561,144066,0,0,0,0,0,0,0,0,0,0,2871583,102661,4434938,22,0,0,6367,0,0,0,0,0,0,0,36650892,34036253,0,0,89763,89763,15008,16380,0,0,0,0,0,0,0,0,0,2558436,1277656,0,262144,6535356,169703981,0,0,1026,1025,1571657799,0,0,0,0,0,0,0,0,0,0,0,0,1580162148,0,13999,1857070,1436685913,22701,0,0,98994598,0,0,0,0,0,0,0,0,0,0,0,0,0,0,0,0,0,0,0,14582,0,0,0,0,0,0,0,0,0,0,0,0,0,0,0,0,0,0,0,0,0,0,0,0,45708,4050,22696,18646,18646,0,0,3322,0,0,19,0,0,0,0,0,0,0,1,0,1,0,0,0,0,0,0,0,0,0,0,0,0,0,0,0,0,0,0,0,0,714,24,0
1774384034.001322,1322,ubuntu-rog,1,0,0,8482759,0,2877739,3930733,497827,0,22,0,0,0,0,0,1552886971,0,0,4907,1554037607,0,0,2877739,3930733,497827,0,244561,144066,0,0,0,0,0,0,0,0,0,0,2871583,102661,4434938,22,0,0,6367,0,0,0,0,0,0,0,36650892,34036253,0,0,89763,89763,15008,16380,0,0,0,0,0,0,0,0,0,2558436,1277656,0,262144,6535356,169703981,0,0,1026,1025,1571657831,0,0,0,0,0,0,0,0,0,0,0,0,1580162180,0,13999,1857070,1436685913,22701,0,0,98994598,0,0,0,0,0,0,0,0,0,0,0,0,0,0,0,0,0,0,0,14582,0,0,0,0,0,0,0,0,0,0,0,0,0,0,0,0,0,0,0,0,0,0,0,0,45708,4050,22696,18646,18646,0,0,3322,0,0,19,0,0,0,0,0,0,0,1,0,1,0,0,0,0,0,0,0,0,0,0,0,0,0,0,0,0,0,0,0,0,714,24,0
1774384035.001323,1323,ubuntu-rog,1,0,0,8482759,0,2877739,3930733,497827,0,13,0,0,0,0,0,1552887020,0,0,4907,1554037656,0,0,2877739,3930733,497827,0,244561,144066,0,0,0,0,0,0,0,0,0,0,2871583,102661,4434939,13,0,0,6367,0,0,0,0,0,0,0,36650894,34036264,0,0,89763,89763,15008,16380,0,0,0,0,0,0,0,0,0,2558436,1277656,0,262144,6535356,169704025,0,0,1026,1025,1571657880,0,0,0,0,0,0,0,0,0,0,0,0,1580162228,0,13999,1857070,1436685913,22701,0,0,98994598,0,0,0,0,0,0,0,0,0,0,0,0,0,0,0,0,0,0,0,14582,0,0,0,0,0,0,0,0,0,0,0,0,0,0,0,0,0,0,0,0,0,0,0,0,45708,4050,22696,18646,18646,0,0,3322,0,0,19,0,0,0,0,0,0,0,1,0,1,0,0,0,0,0,0,0,0,0,0,0,0,0,0,0,0,0,0,0,0,714,24,0
1774384036.001180,1180,ubuntu-rog,1,0,0,8482759,0,2877739,3930733,497827,0,13,0,0,0,0,0,1552887045,0,0,4907,1554037681,0,0,2877739,3930733,497827,0,244561,144066,0,0,0,0,0,0,0,0,0,0,2871583,102661,4434939,13,0,0,6367,0,0,0,0,0,0,0,36650894,34036264,0,0,89763,89763,15008,16380,0,0,0,0,0,0,0,0,0,2558436,1277656,0,262144,6535356,169704025,0,0,1026,1025,1571657905,0,0,0,0,0,0,0,0,0,0,0,0,1580162253,0,13999,1857070,1436685913,22701,0,0,98994598,0,0,0,0,0,0,0,0,0,0,0,0,0,0,0,0,0,0,0,14582,0,0,0,0,0,0,0,0,0,0,0,0,0,0,0,0,0,0,0,0,0,0,0,0,45708,4050,22696,18646,18646,0,0,3322,0,0,19,0,0,0,0,0,0,0,1,0,1,0,0,0,0,0,0,0,0,0,0,0,0,0,0,0,0,0,0,0,0,714,24,0
1774384037.002158,2158,ubuntu-rog,1,0,0,8482759,0,2877739,3930733,497827,0,13,0,0,0,0,0,1552887076,0,0,4907,1554037712,0,0,2877739,3930733,497827,0,244561,144066,0,0,0,0,0,0,0,0,0,0,2871583,102661,4434939,13,0,0,6367,0,0,0,0,0,0,0,36650894,34036264,0,0,89763,89763,15008,16380,0,0,0,0,0,0,0,0,0,2558436,1277656,0,262144,6535356,169704025,0,0,1026,1025,1571657936,0,0,0,0,0,0,0,0,0,0,0,0,1580162284,0,13999,1857070,1436685913,22701,0,0,98994598,0,0,0,0,0,0,0,0,0,0,0,0,0,0,0,0,0,0,0,14582,0,0,0,0,0,0,0,0,0,0,0,0,0,0,0,0,0,0,0,0,0,0,0,0,45708,4050,22696,18646,18646,0,0,3322,0,0,19,0,0,0,0,0,0,0,1,0,1,0,0,0,0,0,0,0,0,0,0,0,0,0,0,0,0,0,0,0,0,714,24,0
1774384038.001263,1263,ubuntu-rog,1,0,0,8482759,0,2877739,3930733,497827,0,16,0,0,0,0,0,1552887104,0,0,4907,1554037740,0,0,2877739,3930733,497827,0,244561,144066,0,0,0,0,0,0,0,0,0,0,2871583,102661,4434942,16,0,0,6367,0,0,0,0,0,0,0,36650897,34036264,0,0,89763,89763,15008,16380,0,0,0,0,0,0,0,0,0,2558436,1277656,0,262144,6535356,169704053,0,0,1026,1025,1571657964,0,0,0,0,0,0,0,0,0,0,0,0,1580162309,0,13999,1857070,1436685913,22701,0,0,98994598,0,0,0,0,0,0,0,0,0,0,0,0,0,0,0,0,0,0,0,14582,0,0,0,0,0,0,0,0,0,0,0,0,0,0,0,0,0,0,0,0,0,0,0,0,45708,4050,22696,18646,18646,0,0,3322,0,0,19,0,0,0,0,0,0,0,1,0,1,0,0,0,0,0,0,0,0,0,0,0,0,0,0,0,0,0,0,0,0,714,24,0
1774384039.001300,1300,ubuntu-rog,1,0,0,8482759,0,2877739,3930733,497827,0,16,0,0,0,0,0,1552887134,0,0,4907,1554037770,0,0,2877739,3930733,497827,0,244561,144066,0,0,0,0,0,0,0,0,0,0,2871583,102661,4434942,16,0,0,6367,0,0,0,0,0,0,0,36650897,34036264,0,0,89763,89763,15008,16380,0,0,0,0,0,0,0,0,0,2558436,1277656,0,262144,6535356,169704053,0,0,1026,1025,1571657994,0,0,0,0,0,0,0,0,0,0,0,0,1580162339,0,13999,1857070,1436685913,22701,0,0,98994598,0,0,0,0,0,0,0,0,0,0,0,0,0,0,0,0,0,0,0,14582,0,0,0,0,0,0,0,0,0,0,0,0,0,0,0,0,0,0,0,0,0,0,0,0,45708,4050,22696,18646,18646,0,0,3322,0,0,19,0,0,0,0,0,0,0,1,0,1,0,0,0,0,0,0,0,0,0,0,0,0,0,0,0,0,0,0,0,0,714,24,0
1774384040.001306,1306,ubuntu-rog,1,0,0,8482759,0,2877739,3930733,497827,0,12,0,0,0,0,0,1552887165,0,0,4907,1554037801,0,0,2877739,3930733,497827,0,244561,144066,0,0,0,0,0,0,0,0,0,0,2871583,102661,4434942,12,0,0,6367,0,0,0,0,0,0,0,36650897,34036268,0,0,89763,89763,15008,16380,0,0,0,0,0,0,0,0,0,2558436,1277656,0,262144,6535356,169704069,0,0,1026,1025,1571658025,0,0,0,0,0,0,0,0,0,0,0,0,1580162370,0,13999,1857070,1436685913,22701,0,0,98994598,0,0,0,0,0,0,0,0,0,0,0,0,0,0,0,0,0,0,0,14582,0,0,0,0,0,0,0,0,0,0,0,0,0,0,0,0,0,0,0,0,0,0,0,0,45708,4050,22696,18646,18646,0,0,3322,0,0,19,0,0,0,0,0,0,0,1,0,1,0,0,0,0,0,0,0,0,0,0,0,0,0,0,0,0,0,0,0,0,714,24,0
1774384041.001161,1161,ubuntu-rog,1,0,0,8482759,0,2877739,3930733,497827,0,12,0,0,0,0,0,1552887189,0,0,4907,1554037825,0,0,2877739,3930733,497827,0,244561,144066,0,0,0,0,0,0,0,0,0,0,2871583,102661,4434942,12,0,0,6367,0,0,0,0,0,0,0,36650897,34036268,0,0,89763,89763,15008,16380,0,0,0,0,0,0,0,0,0,2558436,1277656,0,262144,6535356,169704069,0,0,1026,1025,1571658049,0,0,0,0,0,0,0,0,0,0,0,0,1580162394,0,13999,1857070,1436685913,22701,0,0,98994598,0,0,0,0,0,0,0,0,0,0,0,0,0,0,0,0,0,0,0,14582,0,0,0,0,0,0,0,0,0,0,0,0,0,0,0,0,0,0,0,0,0,0,0,0,45708,4050,22696,18646,18646,0,0,3322,0,0,19,0,0,0,0,0,0,0,1,0,1,0,0,0,0,0,0,0,0,0,0,0,0,0,0,0,0,0,0,0,0,714,24,0
1774384042.001177,1177,ubuntu-rog,1,0,0,8482759,0,2877739,3930733,497827,0,15,0,0,0,0,0,1552887219,0,0,4907,1554037855,0,0,2877739,3930733,497827,0,244561,144066,0,0,0,0,0,0,0,0,0,0,2871583,102661,4434944,15,0,0,6367,0,0,0,0,0,0,0,36650900,34036268,0,0,89763,89763,15008,16380,0,0,0,0,0,0,0,0,0,2558436,1277656,0,262144,6535356,169704069,0,0,1026,1025,1571658079,0,0,0,0,0,0,0,0,0,0,0,0,1580162422,0,13999,1857070,1436685913,22701,0,0,98994598,0,0,0,0,0,0,0,0,0,0,0,0,0,0,0,0,0,0,0,14582,0,0,0,0,0,0,0,0,0,0,0,0,0,0,0,0,0,0,0,0,0,0,0,0,45708,4050,22696,18646,18646,0,0,3322,0,0,19,0,0,0,0,0,0,0,1,0,1,0,0,0,0,0,0,0,0,0,0,0,0,0,0,0,0,0,0,0,0,714,24,0
1774384043.001283,1283,ubuntu-rog,1,0,0,8482759,0,2877739,3930733,497827,0,17,0,0,0,0,0,1552887252,0,0,4907,1554037888,0,0,2877739,3930733,497827,0,244561,144050,0,0,0,0,0,0,0,0,0,0,2871583,102661,4434946,17,0,0,6367,0,0,0,0,0,0,0,36650902,34036268,0,0,89763,89763,15008,16380,0,0,0,0,0,0,0,0,0,2558436,1277656,0,262144,6535356,169704097,0,0,1026,1025,1571658126,0,0,0,0,0,0,0,0,0,0,0,0,1580162487,0,13999,1857070,1436685913,22701,0,0,98994598,0,0,0,0,0,0,0,0,0,0,0,0,0,0,0,0,0,0,0,14582,0,0,0,0,0,0,0,0,0,0,0,0,0,0,0,0,0,0,0,0,0,0,0,0,45708,4050,22696,18646,18646,0,0,3322,0,0,19,0,0,0,0,0,0,0,1,0,1,0,0,0,0,0,0,0,0,0,0,0,0,0,0,0,0,0,0,0,0,714,24,0
1774384044.003302,3302,ubuntu-rog,1,0,0,8482759,0,2877739,3930733,497827,0,18,0,0,0,0,0,1552887274,0,0,4907,1554037910,0,0,2877739,3930733,497827,0,244561,144050,0,0,0,0,0,0,0,0,0,0,2871583,102661,4434947,18,0,0,6367,0,0,0,0,0,0,0,36650903,34036268,0,0,89763,89763,15008,16380,0,0,0,0,0,0,0,0,0,2558436,1277656,0,262144,6535356,169704097,0,0,1026,1025,1571658148,0,0,0,0,0,0,0,0,0,0,0,0,1580162508,0,13999,1857070,1436685913,22701,0,0,98994598,0,0,0,0,0,0,0,0,0,0,0,0,0,0,0,0,0,0,0,14582,0,0,0,0,0,0,0,0,0,0,0,0,0,0,0,0,0,0,0,0,0,0,0,0,45708,4050,22696,18646,18646,0,0,3322,0,0,19,0,0,0,0,0,0,0,1,0,1,0,0,0,0,0,0,0,0,0,0,0,0,0,0,0,0,0,0,0,0,714,24,0
1774384045.001299,1299,ubuntu-rog,1,0,0,8482759,0,2877739,3930733,497827,0,19,0,0,0,0,0,1552887306,0,0,4907,1554037942,0,0,2877739,3930733,497827,0,244561,144050,0,0,0,0,0,0,0,0,0,0,2871583,102661,4434948,19,0,0,6367,0,0,0,0,0,0,0,36650904,34036268,0,0,89763,89763,15008,16380,0,0,0,0,0,0,0,0,0,2558436,1277656,0,262144,6535356,169704097,0,0,1026,1025,1571658180,0,0,0,0,0,0,0,0,0,0,0,0,1580162539,0,13999,1857070,1436685913,22701,0,0,98994598,0,0,0,0,0,0,0,0,0,0,0,0,0,0,0,0,0,0,0,14582,0,0,0,0,0,0,0,0,0,0,0,0,0,0,0,0,0,0,0,0,0,0,0,0,45708,4050,22696,18646,18646,0,0,3322,0,0,19,0,0,0,0,0,0,0,1,0,1,0,0,0,0,0,0,0,0,0,0,0,0,0,0,0,0,0,0,0,0,714,24,0
1774384046.001164,1164,ubuntu-rog,1,0,0,8482759,0,2877739,3930733,497827,0,19,0,0,0,0,0,1552887336,0,0,4907,1554037972,0,0,2877739,3930733,497827,0,244561,144050,0,0,0,0,0,0,0,0,0,0,2871583,102661,4434948,19,0,0,6367,0,0,0,0,0,0,0,36650904,34036268,0,0,89763,89763,15008,16380,0,0,0,0,0,0,0,0,0,2558436,1277656,0,262144,6535356,169704097,0,0,1026,1025,1571658210,0,0,0,0,0,0,0,0,0,0,0,0,1580162569,0,13999,1857070,1436685914,22701,0,0,98994599,0,0,0,0,0,0,0,0,0,0,0,0,0,0,0,0,0,0,0,14582,0,0,0,0,0,0,0,0,0,0,0,0,0,0,0,0,0,0,0,0,0,0,0,0,45708,4050,22696,18646,18646,0,0,3322,0,0,19,0,0,0,0,0,0,0,1,0,1,0,0,0,0,0,0,0,0,0,0,0,0,0,0,0,0,0,0,0,0,714,24,0
1774384047.001162,1162,ubuntu-rog,1,0,0,8482759,0,2877739,3930733,497827,0,19,0,0,0,0,0,1552887360,0,0,4907,1554037996,0,0,2877739,3930733,497827,0,244561,144050,0,0,0,0,0,0,0,0,0,0,2871583,102661,4434948,19,0,0,6367,0,0,0,0,0,0,0,36650904,34036268,0,0,89763,89763,15008,16380,0,0,0,0,0,0,0,0,0,2558436,1277656,0,262144,6535356,169704097,0,0,1026,1025,1571658234,0,0,0,0,0,0,0,0,0,0,0,0,1580162593,0,13999,1857070,1436685914,22701,0,0,98994599,0,0,0,0,0,0,0,0,0,0,0,0,0,0,0,0,0,0,0,14582,0,0,0,0,0,0,0,0,0,0,0,0,0,0,0,0,0,0,0,0,0,0,0,0,45708,4050,22696,18646,18646,0,0,3322,0,0,19,0,0,0,0,0,0,0,1,0,1,0,0,0,0,0,0,0,0,0,0,0,0,0,0,0,0,0,0,0,0,714,24,0
1774384048.001289,1289,ubuntu-rog,1,0,0,8482759,0,2877739,3930733,497827,0,19,0,0,0,0,0,1552887390,0,0,4907,1554038026,0,0,2877739,3930733,497827,0,244561,144050,0,0,0,0,0,0,0,0,0,0,2871583,102661,4434948,19,0,0,6367,0,0,0,0,0,0,0,36650904,34036268,0,0,89763,89763,15008,16380,0,0,0,0,0,0,0,0,0,2558436,1277656,0,262144,6535356,169704097,0,0,1026,1025,1571658264,0,0,0,0,0,0,0,0,0,0,0,0,1580162623,0,13999,1857070,1436685914,22701,0,0,98994599,0,0,0,0,0,0,0,0,0,0,0,0,0,0,0,0,0,0,0,14582,0,0,0,0,0,0,0,0,0,0,0,0,0,0,0,0,0,0,0,0,0,0,0,0,45708,4050,22696,18646,18646,0,0,3322,0,0,19,0,0,0,0,0,0,0,1,0,1,0,0,0,0,0,0,0,0,0,0,0,0,0,0,0,0,0,0,0,0,714,24,0
1774384049.001317,1317,ubuntu-rog,1,0,0,8482759,0,2877739,3930733,497827,0,20,0,0,0,0,0,1552887421,0,0,4907,1554038057,0,0,2877739,3930733,497827,0,244561,144050,0,0,0,0,0,0,0,0,0,0,2871584,102661,4434950,20,0,0,6367,0,0,0,0,0,0,0,36650905,34036268,0,0,89763,89763,15008,16380,0,0,0,0,0,0,0,0,0,2558436,1277656,0,262144,6535356,169704113,0,0,1026,1025,1571658295,0,0,0,0,0,0,0,0,0,0,0,0,1580162651,0,13999,1857070,1436685931,22701,0,0,98994615,0,0,0,0,0,0,0,0,0,0,0,0,0,0,0,0,0,0,0,14582,0,0,0,0,0,0,0,0,0,0,0,0,0,0,0,0,0,0,0,0,0,0,0,0,45708,4050,22696,18646,18646,0,0,3322,0,0,19,0,0,0,0,0,0,0,1,0,1,0,0,0,0,0,0,0,0,0,0,0,0,0,0,0,0,0,0,0,0,714,24,0
1774384050.001313,1313,ubuntu-rog,1,0,0,8482759,0,2877739,3930733,497827,0,21,0,0,0,0,0,1552887450,0,0,4907,1554038086,0,0,2877739,3930733,497827,0,244561,144050,0,0,0,0,0,0,0,0,0,0,2871584,102661,4434951,21,0,0,6367,0,0,0,0,0,0,0,36650906,34036268,0,0,89763,89763,15008,16380,0,0,0,0,0,0,0,0,0,2558436,1277656,0,262144,6535356,169704113,0,0,1026,1025,1571658324,0,0,0,0,0,0,0,0,0,0,0,0,1580162679,0,13999,1857070,1436685931,22701,0,0,98994615,0,0,0,0,0,0,0,0,0,0,0,0,0,0,0,0,0,0,0,14582,0,0,0,0,0,0,0,0,0,0,0,0,0,0,0,0,0,0,0,0,0,0,0,0,45708,4050,22696,18646,18646,0,0,3322,0,0,19,0,0,0,0,0,0,0,1,0,1,0,0,0,0,0,0,0,0,0,0,0,0,0,0,0,0,0,0,0,0,714,24,0
1774384051.001176,1176,ubuntu-rog,1,0,0,8482759,0,2877739,3930733,497827,0,21,0,0,0,0,0,1552887481,0,0,4907,1554038117,0,0,2877739,3930733,497827,0,244561,144050,0,0,0,0,0,0,0,0,0,0,2871584,102661,4434951,21,0,0,6367,0,0,0,0,0,0,0,36650906,34036268,0,0,89763,89763,15008,16380,0,0,0,0,0,0,0,0,0,2558436,1277656,0,262144,6535356,169704113,0,0,1026,1025,1571658355,0,0,0,0,0,0,0,0,0,0,0,0,1580162710,0,13999,1857070,1436685931,22701,0,0,98994615,0,0,0,0,0,0,0,0,0,0,0,0,0,0,0,0,0,0,0,14582,0,0,0,0,0,0,0,0,0,0,0,0,0,0,0,0,0,0,0,0,0,0,0,0,45708,4050,22696,18646,18646,0,0,3322,0,0,19,0,0,0,0,0,0,0,1,0,1,0,0,0,0,0,0,0,0,0,0,0,0,0,0,0,0,0,0,0,0,714,24,0
1774384052.002157,2157,ubuntu-rog,1,0,0,8482759,0,2877739,3930733,497827,0,22,0,0,0,0,0,1552887505,0,0,4907,1554038141,0,0,2877739,3930733,497827,0,244561,144050,0,0,0,0,0,0,0,0,0,0,2871584,102661,4434952,22,0,0,6367,0,0,0,0,0,0,0,36650907,34036268,0,0,89763,89763,15008,16380,0,0,0,0,0,0,0,0,0,2558436,1277656,0,262144,6535356,169704113,0,0,1026,1025,1571658379,0,0,0,0,0,0,0,0,0,0,0,0,1580162733,0,13999,1857070,1436685931,22701,0,0,98994615,0,0,0,0,0,0,0,0,0,0,0,0,0,0,0,0,0,0,0,14582,0,0,0,0,0,0,0,0,0,0,0,0,0,0,0,0,0,0,0,0,0,0,0,0,45708,4050,22696,18646,18646,0,0,3322,0,0,19,0,0,0,0,0,0,0,1,0,1,0,0,0,0,0,0,0,0,0,0,0,0,0,0,0,0,0,0,0,0,714,24,0
1774384053.001265,1265,ubuntu-rog,1,0,0,8482759,0,2877739,3930733,497827,0,22,0,0,0,0,0,1552887536,0,0,4907,1554038172,0,0,2877739,3930733,497827,0,244561,144050,0,0,0,0,0,0,0,0,0,0,2871584,102661,4434952,22,0,0,6367,0,0,0,0,0,0,0,36650907,34036268,0,0,89763,89763,15008,16380,0,0,0,0,0,0,0,0,0,2558436,1277656,0,262144,6535356,169704113,0,0,1026,1025,1571658410,0,0,0,0,0,0,0,0,0,0,0,0,1580162764,0,13999,1857070,1436685931,22701,0,0,98994615,0,0,0,0,0,0,0,0,0,0,0,0,0,0,0,0,0,0,0,14582,0,0,0,0,0,0,0,0,0,0,0,0,0,0,0,0,0,0,0,0,0,0,0,0,45708,4050,22696,18646,18646,0,0,3322,0,0,19,0,0,0,0,0,0,0,1,0,1,0,0,0,0,0,0,0,0,0,0,0,0,0,0,0,0,0,0,0,0,714,24,0
1774384054.001288,1288,ubuntu-rog,1,0,0,8482759,0,2877739,3930733,497827,0,23,0,0,0,0,0,1552887567,0,0,4907,1554038203,0,0,2877739,3930733,497827,0,244561,144050,0,0,0,0,0,0,0,0,0,0,2871584,102661,4434953,23,0,0,6367,0,0,0,0,0,0,0,36650908,34036268,0,0,89763,89763,15008,16380,0,0,0,0,0,0,0,0,0,2558436,1277656,0,262144,6535356,169704113,0,0,1026,1025,1571658441,0,0,0,0,0,0,0,0,0,0,0,0,1580162794,0,13999,1857070,1436685931,22701,0,0,98994615,0,0,0,0,0,0,0,0,0,0,0,0,0,0,0,0,0,0,0,14582,0,0,0,0,0,0,0,0,0,0,0,0,0,0,0,0,0,0,0,0,0,0,0,0,45708,4050,22696,18646,18646,0,0,3322,0,0,19,0,0,0,0,0,0,0,1,0,1,0,0,0,0,0,0,0,0,0,0,0,0,0,0,0,0,0,0,0,0,714,24,0
1774384055.001315,1315,ubuntu-rog,1,0,0,8482759,0,2877739,3930733,497827,0,18,0,0,0,0,0,1552887592,0,0,4907,1554038228,0,0,2877739,3930733,497827,0,244561,144050,0,0,0,0,0,0,0,0,0,0,2871584,102661,4434954,18,0,0,6367,0,0,0,0,0,0,0,36650909,34036274,0,0,89763,89763,15008,16380,0,0,0,0,0,0,0,0,0,2558436,1277656,0,262144,6535356,169704157,0,0,1026,1025,1571658466,0,0,0,0,0,0,0,0,0,0,0,0,1580162818,0,13999,1857070,1436685931,22701,0,0,98994615,0,0,0,0,0,0,0,0,0,0,0,0,0,0,0,0,0,0,0,14582,0,0,0,0,0,0,0,0,0,0,0,0,0,0,0,0,0,0,0,0,0,0,0,0,45708,4050,22696,18646,18646,0,0,3322,0,0,19,0,0,0,0,0,0,0,1,0,1,0,0,0,0,0,0,0,0,0,0,0,0,0,0,0,0,0,0,0,0,714,24,0
1774384056.001161,1161,ubuntu-rog,1,0,0,8482759,0,2877739,3930733,497827,0,19,0,0,0,0,0,1552887622,0,0,4907,1554038258,0,0,2877739,3930733,497827,0,244561,144050,0,0,0,0,0,0,0,0,0,0,2871584,102661,4434955,19,0,0,6367,0,0,0,0,0,0,0,36650910,34036274,0,0,89763,89763,15008,16380,0,0,0,0,0,0,0,0,0,2558436,1277656,0,262144,6535356,169704157,0,0,1026,1025,1571658496,0,0,0,0,0,0,0,0,0,0,0,0,1580162847,0,13999,1857070,1436685931,22701,0,0,98994615,0,0,0,0,0,0,0,0,0,0,0,0,0,0,0,0,0,0,0,14582,0,0,0,0,0,0,0,0,0,0,0,0,0,0,0,0,0,0,0,0,0,0,0,0,45708,4050,22696,18646,18646,0,0,3322,0,0,19,0,0,0,0,0,0,0,1,0,1,0,0,0,0,0,0,0,0,0,0,0,0,0,0,0,0,0,0,0,0,714,24,0
1774384057.001179,1179,ubuntu-rog,1,0,0,8482759,0,2877739,3930733,497827,0,21,0,0,0,0,0,1552887657,0,0,4907,1554038293,0,0,2877739,3930733,497827,0,244561,144050,0,0,0,0,0,0,0,0,0,0,2871584,102661,4434956,21,0,0,6367,0,0,0,0,0,0,0,36650912,34036274,0,0,89763,89763,15008,16380,0,0,0,0,0,0,0,0,0,2558436,1277656,0,262144,6535356,169704157,0,0,1026,1025,1571658531,0,0,0,0,0,0,0,0,0,0,0,0,1580162881,0,13999,1857070,1436685931,22701,0,0,98994615,0,0,0,0,0,0,0,0,0,0,0,0,0,0,0,0,0,0,0,14582,0,0,0,0,0,0,0,0,0,0,0,0,0,0,0,0,0,0,0,0,0,0,0,0,45708,4050,22696,18646,18646,0,0,3322,0,0,19,0,0,0,0,0,0,0,1,0,1,0,0,0,0,0,0,0,0,0,0,0,0,0,0,0,0,0,0,0,0,714,24,0
1774384058.001288,1288,ubuntu-rog,1,0,0,8482759,0,2877739,3930733,497827,0,21,0,0,0,0,0,1552887691,0,0,4907,1554038327,0,0,2877739,3930733,497827,0,244561,144050,0,0,0,0,0,0,0,0,0,0,2871584,102661,4434956,21,0,0,6367,0,0,0,0,0,0,0,36650912,34036274,0,0,89763,89763,15008,16380,0,0,0,0,0,0,0,0,0,2558436,1277656,0,262144,6535356,169704157,0,0,1026,1025,1571658565,0,0,0,0,0,0,0,0,0,0,0,0,1580162914,0,13999,1857070,1436685931,22701,0,0,98994615,0,0,0,0,0,0,0,0,0,0,0,0,0,0,0,0,0,0,0,14582,0,0,0,0,0,0,0,0,0,0,0,0,0,0,0,0,0,0,0,0,0,0,0,0,45708,4050,22696,18646,18646,0,0,3322,0,0,19,0,0,0,0,0,0,0,1,0,1,0,0,0,0,0,0,0,0,0,0,0,0,0,0,0,0,0,0,0,0,714,24,0
1774384059.002302,2302,ubuntu-rog,1,0,0,8482759,0,2877770,3930758,497827,0,14,0,0,0,0,0,1552887921,0,0,4907,1554038557,0,0,2877770,3930758,497827,0,244561,144050,0,0,0,0,0,0,0,0,0,0,2871628,102661,4434957,14,0,0,6367,0,0,0,0,0,0,0,36650913,34036282,0,0,89763,89763,14992,16380,0,0,0,0,0,0,0,0,0,2558441,1277658,0,262144,6535356,169704169,0,0,1026,1025,1571658858,0,0,0,0,0,0,0,0,0,0,0,0,1580163160,0,13999,1857070,1436685987,22701,0,0,98994615,0,0,0,0,0,0,0,0,0,0,0,0,0,0,0,0,0,0,0,14582,0,0,0,0,0,0,0,0,0,0,0,0,0,0,0,0,0,0,0,0,0,0,0,0,45708,4050,22696,18646,18646,0,0,3322,0,0,19,0,0,0,0,0,0,0,1,0,1,0,0,0,0,0,0,0,0,0,0,0,0,0,0,0,0,0,0,0,0,714,24,0
1774384060.001312,1312,ubuntu-rog,1,0,0,8482759,0,2877770,3930758,497827,0,19,0,0,0,0,0,1552887954,0,0,4907,1554038590,0,0,2877770,3930758,497827,0,244561,144050,0,0,0,0,0,0,0,0,0,0,2871628,102661,4434959,19,0,0,6367,0,0,0,0,0,0,0,36650918,34036282,0,0,89763,89763,14992,16380,0,0,0,0,0,0,0,0,0,2558441,1277658,0,262144,6535356,169704197,0,0,1026,1025,1571658891,0,0,0,0,0,0,0,0,0,0,0,0,1580163191,0,13999,1857070,1436685987,22701,0,0,98994615,0,0,0,0,0,0,0,0,0,0,0,0,0,0,0,0,0,0,0,14582,0,0,0,0,0,0,0,0,0,0,0,0,0,0,0,0,0,0,0,0,0,0,0,0,45708,4050,22696,18646,18646,0,0,3322,0,0,19,0,0,0,0,0,0,0,1,0,1,0,0,0,0,0,0,0,0,0,0,0,0,0,0,0,0,0,0,0,0,714,24,0
1774384061.001164,1164,ubuntu-rog,1,0,0,8482759,0,2877770,3930758,497827,0,19,0,0,0,0,0,1552887976,0,0,4907,1554038612,0,0,2877770,3930758,497827,0,244561,144050,0,0,0,0,0,0,0,0,0,0,2871628,102661,4434959,19,0,0,6367,0,0,0,0,0,0,0,36650918,34036282,0,0,89763,89763,14992,16380,0,0,0,0,0,0,0,0,0,2558441,1277658,0,262144,6535356,169704197,0,0,1026,1025,1571658913,0,0,0,0,0,0,0,0,0,0,0,0,1580163213,0,13999,1857070,1436685987,22701,0,0,98994615,0,0,0,0,0,0,0,0,0,0,0,0,0,0,0,0,0,0,0,14582,0,0,0,0,0,0,0,0,0,0,0,0,0,0,0,0,0,0,0,0,0,0,0,0,45708,4050,22696,18646,18646,0,0,3322,0,0,19,0,0,0,0,0,0,0,1,0,1,0,0,0,0,0,0,0,0,0,0,0,0,0,0,0,0,0,0,0,0,714,24,0
1774384062.001182,1182,ubuntu-rog,1,0,0,8482759,0,2877770,3930758,497827,0,19,0,0,0,0,0,1552888005,0,0,4907,1554038641,0,0,2877770,3930758,497827,0,244561,144050,0,0,0,0,0,0,0,0,0,0,2871628,102661,4434959,19,0,0,6367,0,0,0,0,0,0,0,36650918,34036282,0,0,89763,89763,15008,16380,0,0,0,0,0,0,0,0,0,2558441,1277658,0,262144,6535356,169704197,0,0,1026,1025,1571658942,0,0,0,0,0,0,0,0,0,0,0,0,1580163242,0,13999,1857070,1436685987,22701,0,0,98994615,0,0,0,0,0,0,0,0,0,0,0,0,0,0,0,0,0,0,0,14582,0,0,0,0,0,0,0,0,0,0,0,0,0,0,0,0,0,0,0,0,0,0,0,0,45708,4050,22696,18646,18646,0,0,3322,0,0,19,0,0,0,0,0,0,0,1,0,1,0,0,0,0,0,0,0,0,0,0,0,0,0,0,0,0,0,0,0,0,714,24,0
1774384063.001286,1286,ubuntu-rog,1,0,0,8482759,0,2877770,3930758,497827,0,21,0,0,0,0,0,1552888036,0,0,4907,1554038672,0,0,2877770,3930758,497827,0,244561,144050,0,0,0,0,0,0,0,0,0,0,2871628,102661,4434961,21,0,0,6367,0,0,0,0,0,0,0,36650920,34036282,0,0,89763,89763,15008,16380,0,0,0,0,0,0,0,0,0,2558441,1277658,0,262144,6535356,169704197,0,0,1026,1025,1571658973,0,0,0,0,0,0,0,0,0,0,0,0,1580163271,0,13999,1857070,1436685987,22701,0,0,98994615,0,0,0,0,0,0,0,0,0,0,0,0,0,0,0,0,0,0,0,14582,0,0,0,0,0,0,0,0,0,0,0,0,0,0,0,0,0,0,0,0,0,0,0,0,45708,4050,22696,18646,18646,0,0,3322,0,0,19,0,0,0,0,0,0,0,1,0,1,0,0,0,0,0,0,0,0,0,0,0,0,0,0,0,0,0,0,0,0,714,24,0
1774384064.001319,1319,ubuntu-rog,1,0,0,8482759,0,2877770,3930758,497827,0,21,0,0,0,0,0,1552888065,0,0,4907,1554038701,0,0,2877770,3930758,497827,0,244561,144050,0,0,0,0,0,0,0,0,0,0,2871628,102661,4434961,21,0,0,6367,0,0,0,0,0,0,0,36650920,34036282,0,0,89763,89763,15008,16380,0,0,0,0,0,0,0,0,0,2558441,1277658,0,262144,6535356,169704197,0,0,1026,1025,1571659002,0,0,0,0,0,0,0,0,0,0,0,0,1580163300,0,13999,1857070,1436685987,22701,0,0,98994615,0,0,0,0,0,0,0,0,0,0,0,0,0,0,0,0,0,0,0,14582,0,0,0,0,0,0,0,0,0,0,0,0,0,0,0,0,0,0,0,0,0,0,0,0,45708,4050,22696,18646,18646,0,0,3322,0,0,19,0,0,0,0,0,0,0,1,0,1,0,0,0,0,0,0,0,0,0,0,0,0,0,0,0,0,0,0,0,0,714,24,0
1774384065.002303,2303,ubuntu-rog,1,0,0,8482759,0,2877770,3930758,497827,0,21,0,0,0,0,0,1552888095,0,0,4907,1554038731,0,0,2877770,3930758,497827,0,244561,144050,0,0,0,0,0,0,0,0,0,0,2871628,102661,4434961,21,0,0,6367,0,0,0,0,0,0,0,36650920,34036282,0,0,89763,89763,15008,16380,0,0,0,0,0,0,0,0,0,2558441,1277658,0,262144,6535356,169704237,0,0,1026,1025,1571659032,0,0,0,0,0,0,0,0,0,0,0,0,1580163330,0,13999,1857070,1436685987,22701,0,0,98994615,0,0,0,0,0,0,0,0,0,0,0,0,0,0,0,0,0,0,0,14582,0,0,0,0,0,0,0,0,0,0,0,0,0,0,0,0,0,0,0,0,0,0,0,0,45708,4050,22696,18646,18646,0,0,3322,0,0,19,0,0,0,0,0,0,0,1,0,1,0,0,0,0,0,0,0,0,0,0,0,0,0,0,0,0,0,0,0,0,714,24,0
1774384066.001158,1158,ubuntu-rog,1,0,0,8482759,0,2877771,3930783,497827,0,14,0,0,0,0,0,1552888119,0,0,4907,1554038755,0,0,2877771,3930783,497827,0,244561,144050,0,0,0,0,0,0,0,0,0,0,2871628,102661,4434963,14,0,0,6367,0,0,0,0,0,0,0,36650923,34036292,0,0,89763,89763,15008,16380,0,0,0,0,0,0,0,0,0,2558446,1277661,0,262144,6535356,169704265,0,0,1026,1025,1571659056,0,0,0,0,0,0,0,0,0,0,0,0,1580163352,0,13999,1857070,1436685987,22701,0,0,98994615,0,0,0,0,0,0,0,0,0,0,0,0,0,0,0,0,0,0,0,14582,0,0,0,0,0,0,0,0,0,0,0,0,0,0,0,0,0,0,0,0,0,0,0,0,45708,4050,22696,18646,18646,0,0,3322,0,0,19,0,0,0,0,0,0,0,1,0,1,0,0,0,0,0,0,0,0,0,0,0,0,0,0,0,0,0,0,0,0,714,24,0
1774384067.001171,1171,ubuntu-rog,1,0,0,8482759,0,2877771,3930783,497827,0,15,0,0,0,0,0,1552888147,0,0,4907,1554038783,0,0,2877771,3930783,497827,0,244561,144050,0,0,0,0,0,0,0,0,0,0,2871628,102661,4434964,15,0,0,6367,0,0,0,0,0,0,0,36650924,34036292,0,0,89763,89763,15008,16380,0,0,0,0,0,0,0,0,0,2558446,1277661,0,262144,6535356,169704265,0,0,1026,1025,1571659084,0,0,0,0,0,0,0,0,0,0,0,0,1580163379,0,13999,1857070,1436685987,22701,0,0,98994615,0,0,0,0,0,0,0,0,0,0,0,0,0,0,0,0,0,0,0,14582,0,0,0,0,0,0,0,0,0,0,0,0,0,0,0,0,0,0,0,0,0,0,0,0,45708,4050,22696,18646,18646,0,0,3322,0,0,19,0,0,0,0,0,0,0,1,0,1,0,0,0,0,0,0,0,0,0,0,0,0,0,0,0,0,0,0,0,0,714,24,0
1774384068.001268,1268,ubuntu-rog,1,0,0,8482759,0,2877771,3930783,497827,0,15,0,0,0,0,0,1552888175,0,0,4907,1554038811,0,0,2877771,3930783,497827,0,244561,144050,0,0,0,0,0,0,0,0,0,0,2871628,102661,4434964,15,0,0,6367,0,0,0,0,0,0,0,36650924,34036292,0,0,89763,89763,15008,16380,0,0,0,0,0,0,0,0,0,2558446,1277661,0,262144,6535356,169704265,0,0,1026,1025,1571659112,0,0,0,0,0,0,0,0,0,0,0,0,1580163407,0,13999,1857070,1436685987,22701,0,0,98994615,0,0,0,0,0,0,0,0,0,0,0,0,0,0,0,0,0,0,0,14582,0,0,0,0,0,0,0,0,0,0,0,0,0,0,0,0,0,0,0,0,0,0,0,0,45708,4050,22696,18646,18646,0,0,3322,0,0,19,0,0,0,0,0,0,0,1,0,1,0,0,0,0,0,0,0,0,0,0,0,0,0,0,0,0,0,0,0,0,714,24,0
1774384069.001318,1318,ubuntu-rog,1,0,0,8482759,0,2877796,3930783,497827,0,16,0,0,0,0,0,1552888205,0,0,4907,1554038841,0,0,2877796,3930783,497827,0,244561,144050,0,0,0,0,0,0,0,0,0,0,2871629,102661,4434965,16,0,0,6367,0,0,0,0,0,0,0,36650925,34036292,0,0,89763,89763,15008,16380,0,0,0,0,0,0,0,0,0,2558446,1277661,0,262144,6535356,169704265,0,0,1026,1025,1571659142,0,0,0,0,0,0,0,0,0,0,0,0,1580163435,0,13999,1857070,1436685994,22701,0,0,98994615,0,0,0,0,0,0,0,0,0,0,0,0,0,0,0,0,0,0,0,14582,0,0,0,0,0,0,0,0,0,0,0,0,0,0,0,0,0,0,0,0,0,0,0,0,45708,4050,22696,18646,18646,0,0,3322,0,0,19,0,0,0,0,0,0,0,1,0,1,0,0,0,0,0,0,0,0,0,0,0,0,0,0,0,0,0,0,0,0,714,24,0
1774384070.001319,1319,ubuntu-rog,1,0,0,8482759,0,2877796,3930783,497827,0,17,0,0,0,0,0,1552888237,0,0,4907,1554038873,0,0,2877796,3930783,497827,0,244561,144050,0,0,0,0,0,0,0,0,0,0,2871629,102661,4434966,17,0,0,6367,0,0,0,0,0,0,0,36650926,34036292,0,0,89763,89763,15008,16380,0,0,0,0,0,0,0,0,0,2558446,1277661,0,262144,6535356,169704265,0,0,1026,1025,1571659174,0,0,0,0,0,0,0,0,0,0,0,0,1580163466,0,13999,1857070,1436685994,22701,0,0,98994615,0,0,0,0,0,0,0,0,0,0,0,0,0,0,0,0,0,0,0,14582,0,0,0,0,0,0,0,0,0,0,0,0,0,0,0,0,0,0,0,0,0,0,0,0,45708,4050,22696,18646,18646,0,0,3322,0,0,19,0,0,0,0,0,0,0,1,0,1,0,0,0,0,0,0,0,0,0,0,0,0,0,0,0,0,0,0,0,0,714,24,0
1774384071.001157,1157,ubuntu-rog,1,0,0,8482759,0,2877796,3930783,497827,0,17,0,0,0,0,0,1552888268,0,0,4907,1554038904,0,0,2877796,3930783,497827,0,244561,144050,0,0,0,0,0,0,0,0,0,0,2871629,102661,4434968,17,0,0,6367,0,0,0,0,0,0,0,36650926,34036292,0,0,89763,89763,15008,16380,0,0,0,0,0,0,0,0,0,2558446,1277661,0,262144,6535356,169704281,0,0,1026,1025,1571659205,0,0,0,0,0,0,0,0,0,0,0,0,1580163495,0,13999,1857070,1436685994,22701,0,0,98994615,0,0,0,0,0,0,0,0,0,0,0,0,0,0,0,0,0,0,0,14582,0,0,0,0,0,0,0,0,0,0,0,0,0,0,0,0,0,0,0,0,0,0,0,0,45708,4050,22696,18646,18646,0,0,3322,0,0,19,0,0,0,0,0,0,0,1,0,1,0,0,0,0,0,0,0,0,0,0,0,0,0,0,0,0,0,0,0,0,714,24,0
1774384072.001165,1165,ubuntu-rog,1,0,0,8482759,0,2877796,3930783,497827,0,17,0,0,0,0,0,1552888293,0,0,4907,1554038929,0,0,2877796,3930783,497827,0,244561,144050,0,0,0,0,0,0,0,0,0,0,2871629,102661,4434968,17,0,0,6367,0,0,0,0,0,0,0,36650926,34036292,0,0,89763,89763,15008,16380,0,0,0,0,0,0,0,0,0,2558446,1277661,0,262144,6535356,169704281,0,0,1026,1025,1571659230,0,0,0,0,0,0,0,0,0,0,0,0,1580163520,0,13999,1857070,1436685994,22701,0,0,98994615,0,0,0,0,0,0,0,0,0,0,0,0,0,0,0,0,0,0,0,14582,0,0,0,0,0,0,0,0,0,0,0,0,0,0,0,0,0,0,0,0,0,0,0,0,45708,4050,22696,18646,18646,0,0,3322,0,0,19,0,0,0,0,0,0,0,1,0,1,0,0,0,0,0,0,0,0,0,0,0,0,0,0,0,0,0,0,0,0,714,24,0
1774384073.001298,1298,ubuntu-rog,1,0,0,8482759,0,2877796,3930783,497827,0,18,0,0,0,0,0,1552888324,0,0,4907,1554038960,0,0,2877796,3930783,497827,0,244561,144050,0,0,0,0,0,0,0,0,0,0,2871629,102661,4434969,18,0,0,6367,0,0,0,0,0,0,0,36650927,34036292,0,0,89763,89763,15008,16380,0,0,0,0,0,0,0,0,0,2558446,1277661,0,262144,6535356,169704281,0,0,1026,1025,1571659261,0,0,0,0,0,0,0,0,0,0,0,0,1580163550,0,13999,1857070,1436685994,22701,0,0,98994615,0,0,0,0,0,0,0,0,0,0,0,0,0,0,0,0,0,0,0,14582,0,0,0,0,0,0,0,0,0,0,0,0,0,0,0,0,0,0,0,0,0,0,0,0,45708,4050,22696,18646,18646,0,0,3322,0,0,19,0,0,0,0,0,0,0,1,0,1,0,0,0,0,0,0,0,0,0,0,0,0,0,0,0,0,0,0,0,0,714,24,0
1774384074.001299,1299,ubuntu-rog,1,0,0,8482759,0,2877796,3930783,497827,0,18,0,0,0,0,0,1552888352,0,0,4907,1554038988,0,0,2877796,3930783,497827,0,244561,144050,0,0,0,0,0,0,0,0,0,0,2871629,102661,4434969,18,0,0,6367,0,0,0,0,0,0,0,36650927,34036292,0,0,89763,89763,15008,16380,0,0,0,0,0,0,0,0,0,2558446,1277661,0,262144,6535356,169704281,0,0,1026,1025,1571659289,0,0,0,0,0,0,0,0,0,0,0,0,1580163578,0,13999,1857070,1436685994,22701,0,0,98994615,0,0,0,0,0,0,0,0,0,0,0,0,0,0,0,0,0,0,0,14582,0,0,0,0,0,0,0,0,0,0,0,0,0,0,0,0,0,0,0,0,0,0,0,0,45708,4050,22696,18646,18646,0,0,3322,0,0,19,0,0,0,0,0,0,0,1,0,1,0,0,0,0,0,0,0,0,0,0,0,0,0,0,0,0,0,0,0,0,714,24,0
1774384075.002294,2294,ubuntu-rog,1,0,0,8482759,0,2877796,3930783,497827,0,18,0,0,0,0,0,1552888374,0,0,4907,1554039010,0,0,2877796,3930783,497827,0,244561,144050,0,0,0,0,0,0,0,0,0,0,2871629,102661,4434969,18,0,0,6367,0,0,0,0,0,0,0,36650927,34036292,0,0,89763,89763,15008,16380,0,0,0,0,0,0,0,0,0,2558446,1277661,0,262144,6535356,169704281,0,0,1026,1025,1571659311,0,0,0,0,0,0,0,0,0,0,0,0,1580163600,0,13999,1857070,1436685994,22701,0,0,98994615,0,0,0,0,0,0,0,0,0,0,0,0,0,0,0,0,0,0,0,14582,0,0,0,0,0,0,0,0,0,0,0,0,0,0,0,0,0,0,0,0,0,0,0,0,45708,4050,22696,18646,18646,0,0,3322,0,0,19,0,0,0,0,0,0,0,1,0,1,0,0,0,0,0,0,0,0,0,0,0,0,0,0,0,0,0,0,0,0,714,24,0
1774384076.001157,1157,ubuntu-rog,1,0,0,8482759,0,2877820,3930783,497827,0,16,0,0,0,0,0,1552888408,0,0,4907,1554039044,0,0,2877820,3930783,497827,0,244561,144050,0,0,0,0,0,0,0,0,0,0,2871629,102661,4434971,16,0,0,6367,0,0,0,0,0,0,0,36650929,34036296,0,0,89763,89763,15008,16380,0,0,0,0,0,0,0,0,0,2558446,1277661,0,262144,6535356,169704325,0,0,1026,1025,1571659345,0,0,0,0,0,0,0,0,0,0,0,0,1580163632,0,13999,1857070,1436685994,22701,0,0,98994615,0,0,0,0,0,0,0,0,0,0,0,0,0,0,0,0,0,0,0,14582,0,0,0,0,0,0,0,0,0,0,0,0,0,0,0,0,0,0,0,0,0,0,0,0,45708,4050,22696,18646,18646,0,0,3322,0,0,19,0,0,0,0,0,0,0,1,0,1,0,0,0,0,0,0,0,0,0,0,0,0,0,0,0,0,0,0,0,0,714,24,0
1774384077.001155,1155,ubuntu-rog,1,0,0,8482759,0,2877820,3930783,497827,0,17,0,0,0,0,0,1552888439,0,0,4907,1554039075,0,0,2877820,3930783,497827,0,244561,144050,0,0,0,0,0,0,0,0,0,0,2871629,102661,4434972,17,0,0,6367,0,0,0,0,0,0,0,36650930,34036296,0,0,89763,89763,15008,16380,0,0,0,0,0,0,0,0,0,2558446,1277661,0,262144,6535356,169704325,0,0,1026,1025,1571659376,0,0,0,0,0,0,0,0,0,0,0,0,1580163662,0,13999,1857070,1436685994,22701,0,0,98994615,0,0,0,0,0,0,0,0,0,0,0,0,0,0,0,0,0,0,0,14582,0,0,0,0,0,0,0,0,0,0,0,0,0,0,0,0,0,0,0,0,0,0,0,0,45708,4050,22696,18646,18646,0,0,3322,0,0,19,0,0,0,0,0,0,0,1,0,1,0,0,0,0,0,0,0,0,0,0,0,0,0,0,0,0,0,0,0,0,714,24,0
1774384078.001259,1259,ubuntu-rog,1,0,0,8482759,0,2877820,3930783,497827,0,17,0,0,0,0,0,1552888469,0,0,4907,1554039105,0,0,2877820,3930783,497827,0,244561,144050,0,0,0,0,0,0,0,0,0,0,2871629,102661,4434972,17,0,0,6367,0,0,0,0,0,0,0,36650930,34036296,0,0,89763,89763,15008,16380,0,0,0,0,0,0,0,0,0,2558446,1277661,0,262144,6535356,169704325,0,0,1026,1025,1571659406,0,0,0,0,0,0,0,0,0,0,0,0,1580163692,0,13999,1857070,1436685994,22701,0,0,98994615,0,0,0,0,0,0,0,0,0,0,0,0,0,0,0,0,0,0,0,14582,0,0,0,0,0,0,0,0,0,0,0,0,0,0,0,0,0,0,0,0,0,0,0,0,45708,4050,22696,18646,18646,0,0,3322,0,0,19,0,0,0,0,0,0,0,1,0,1,0,0,0,0,0,0,0,0,0,0,0,0,0,0,0,0,0,0,0,0,714,24,0
1774384079.001243,1243,ubuntu-rog,1,0,0,8482759,0,2877820,3930783,497827,0,19,0,0,0,0,0,1552888499,0,0,4907,1554039135,0,0,2877820,3930783,497827,0,244561,144050,0,0,0,0,0,0,0,0,0,0,2871629,102661,4434973,19,0,0,6367,0,0,0,0,0,0,0,36650932,34036296,0,0,89763,89763,15008,16380,0,0,0,0,0,0,0,0,0,2558446,1277661,0,262144,6535356,169704325,0,0,1026,1025,1571659436,0,0,0,0,0,0,0,0,0,0,0,0,1580163721,0,13999,1857070,1436685994,22701,0,0,98994615,0,0,0,0,0,0,0,0,0,0,0,0,0,0,0,0,0,0,0,14582,0,0,0,0,0,0,0,0,0,0,0,0,0,0,0,0,0,0,0,0,0,0,0,0,45708,4050,22696,18646,18646,0,0,3322,0,0,19,0,0,0,0,0,0,0,1,0,1,0,0,0,0,0,0,0,0,0,0,0,0,0,0,0,0,0,0,0,0,714,24,0
1774384080.002299,2299,ubuntu-rog,1,0,0,8482759,0,2877820,3930783,497827,0,20,0,0,0,0,0,1552888524,0,0,4907,1554039160,0,0,2877820,3930783,497827,0,244561,144050,0,0,0,0,0,0,0,0,0,0,2871629,102661,4434974,20,0,0,6367,0,0,0,0,0,0,0,36650933,34036296,0,0,89763,89763,15008,16380,0,0,0,0,0,0,0,0,0,2558446,1277661,0,262144,6535356,169704325,0,0,1026,1025,1571659461,0,0,0,0,0,0,0,0,0,0,0,0,1580163745,0,13999,1857070,1436685994,22701,0,0,98994615,0,0,0,0,0,0,0,0,0,0,0,0,0,0,0,0,0,0,0,14582,0,0,0,0,0,0,0,0,0,0,0,0,0,0,0,0,0,0,0,0,0,0,0,0,45708,4050,22696,18646,18646,0,0,3322,0,0,19,0,0,0,0,0,0,0,1,0,1,0,0,0,0,0,0,0,0,0,0,0,0,0,0,0,0,0,0,0,0,714,24,0
1774384081.001156,1156,ubuntu-rog,1,0,0,8482759,0,2877820,3930783,497827,0,20,0,0,0,0,0,1552888553,0,0,4907,1554039189,0,0,2877820,3930783,497827,0,244561,144050,0,0,0,0,0,0,0,0,0,0,2871629,102661,4434976,20,0,0,6367,0,0,0,0,0,0,0,36650933,34036296,0,0,89763,89763,15008,16380,0,0,0,0,0,0,0,0,0,2558446,1277661,0,262144,6535356,169704341,0,0,1026,1025,1571659490,0,0,0,0,0,0,0,0,0,0,0,0,1580163772,0,13999,1857070,1436685994,22701,0,0,98994615,0,0,0,0,0,0,0,0,0,0,0,0,0,0,0,0,0,0,0,14582,0,0,0,0,0,0,0,0,0,0,0,0,0,0,0,0,0,0,0,0,0,0,0,0,45708,4050,22696,18646,18646,0,0,3322,0,0,19,0,0,0,0,0,0,0,1,0,1,0,0,0,0,0,0,0,0,0,0,0,0,0,0,0,0,0,0,0,0,714,24,0
1774384082.001159,1159,ubuntu-rog,1,0,0,8482759,0,2877820,3930783,497827,0,21,0,0,0,0,0,1552888584,0,0,4907,1554039220,0,0,2877820,3930783,497827,0,244561,144050,0,0,0,0,0,0,0,0,0,0,2871629,102661,4434977,21,0,0,6367,0,0,0,0,0,0,0,36650934,34036296,0,0,89763,89763,15008,16380,0,0,0,0,0,0,0,0,0,2558446,1277661,0,262144,6535356,169704341,0,0,1026,1025,1571659521,0,0,0,0,0,0,0,0,0,0,0,0,1580163802,0,13999,1857070,1436685994,22701,0,0,98994615,0,0,0,0,0,0,0,0,0,0,0,0,0,0,0,0,0,0,0,14582,0,0,0,0,0,0,0,0,0,0,0,0,0,0,0,0,0,0,0,0,0,0,0,0,45708,4050,22696,18646,18646,0,0,3322,0,0,19,0,0,0,0,0,0,0,1,0,1,0,0,0,0,0,0,0,0,0,0,0,0,0,0,0,0,0,0,0,0,714,24,0
1774384083.001262,1262,ubuntu-rog,1,0,0,8482759,0,2877820,3930783,497827,0,22,0,0,0,0,0,1552888609,0,0,4907,1554039245,0,0,2877820,3930783,497827,0,244561,144050,0,0,0,0,0,0,0,0,0,0,2871629,102661,4434978,22,0,0,6367,0,0,0,0,0,0,0,36650935,34036296,0,0,89763,89763,15008,16380,0,0,0,0,0,0,0,0,0,2558446,1277661,0,262144,6535356,169704341,0,0,1026,1025,1571659546,0,0,0,0,0,0,0,0,0,0,0,0,1580163826,0,13999,1857070,1436685994,22701,0,0,98994615,0,0,0,0,0,0,0,0,0,0,0,0,0,0,0,0,0,0,0,14582,0,0,0,0,0,0,0,0,0,0,0,0,0,0,0,0,0,0,0,0,0,0,0,0,45708,4050,22696,18646,18646,0,0,3322,0,0,19,0,0,0,0,0,0,0,1,0,1,0,0,0,0,0,0,0,0,0,0,0,0,0,0,0,0,0,0,0,0,714,24,0
1774384084.002293,2293,ubuntu-rog,1,0,0,8482759,0,2877820,3930783,497827,0,22,0,0,0,0,0,1552888642,0,0,4907,1554039278,0,0,2877820,3930783,497827,0,244561,144050,0,0,0,0,0,0,0,0,0,0,2871629,102661,4434978,22,0,0,6367,0,0,0,0,0,0,0,36650935,34036296,0,0,89763,89763,15008,16380,0,0,0,0,0,0,0,0,0,2558446,1277661,0,262144,6535356,169704341,0,0,1026,1025,1571659579,0,0,0,0,0,0,0,0,0,0,0,0,1580163859,0,13999,1857070,1436685994,22701,0,0,98994615,0,0,0,0,0,0,0,0,0,0,0,0,0,0,0,0,0,0,0,14582,0,0,0,0,0,0,0,0,0,0,0,0,0,0,0,0,0,0,0,0,0,0,0,0,45708,4050,22696,18646,18646,0,0,3322,0,0,19,0,0,0,0,0,0,0,1,0,1,0,0,0,0,0,0,0,0,0,0,0,0,0,0,0,0,0,0,0,0,714,24,0
1774384085.001296,1296,ubuntu-rog,1,0,0,8482759,0,2877820,3930783,497827,0,22,0,0,0,0,0,1552888672,0,0,4907,1554039308,0,0,2877820,3930783,497827,0,244561,144050,0,0,0,0,0,0,0,0,0,0,2871629,102661,4434978,22,0,0,6367,0,0,0,0,0,0,0,36650935,34036296,0,0,89763,89763,15008,16380,0,0,0,0,0,0,0,0,0,2558446,1277661,0,262144,6535356,169704341,0,0,1026,1025,1571659609,0,0,0,0,0,0,0,0,0,0,0,0,1580163889,0,13999,1857070,1436685994,22701,0,0,98994615,0,0,0,0,0,0,0,0,0,0,0,0,0,0,0,0,0,0,0,14582,0,0,0,0,0,0,0,0,0,0,0,0,0,0,0,0,0,0,0,0,0,0,0,0,45708,4050,22696,18646,18646,0,0,3322,0,0,19,0,0,0,0,0,0,0,1,0,1,0,0,0,0,0,0,0,0,0,0,0,0,0,0,0,0,0,0,0,0,714,24,0
1774384086.001163,1163,ubuntu-rog,1,0,0,8482759,0,2877820,3930783,497827,0,22,0,0,0,0,0,1552888695,0,0,4907,1554039331,0,0,2877820,3930783,497827,0,244561,144050,0,0,0,0,0,0,0,0,0,0,2871629,102661,4434980,22,0,0,6367,0,0,0,0,0,0,0,36650935,34036296,0,0,89763,89763,15008,16380,0,0,0,0,0,0,0,0,0,2558446,1277661,0,262144,6535356,169704357,0,0,1026,1025,1571659632,0,0,0,0,0,0,0,0,0,0,0,0,1580163910,0,13999,1857070,1436685994,22701,0,0,98994615,0,0,0,0,0,0,0,0,0,0,0,0,0,0,0,0,0,0,0,14582,0,0,0,0,0,0,0,0,0,0,0,0,0,0,0,0,0,0,0,0,0,0,0,0,45708,4050,22696,18646,18646,0,0,3322,0,0,19,0,0,0,0,0,0,0,1,0,1,0,0,0,0,0,0,0,0,0,0,0,0,0,0,0,0,0,0,0,0,714,24,0
1774384087.001158,1158,ubuntu-rog,1,0,0,8482759,0,2877820,3930783,497827,0,23,0,0,0,0,0,1552888725,0,0,4907,1554039361,0,0,2877820,3930783,497827,0,244561,144050,0,0,0,0,0,0,0,0,0,0,2871629,102661,4434981,23,0,0,6367,0,0,0,0,0,0,0,36650936,34036296,0,0,89763,89763,15008,16380,0,0,0,0,0,0,0,0,0,2558446,1277661,0,262144,6535356,169704357,0,0,1026,1025,1571659662,0,0,0,0,0,0,0,0,0,0,0,0,1580163939,0,13999,1857070,1436685994,22701,0,0,98994615,0,0,0,0,0,0,0,0,0,0,0,0,0,0,0,0,0,0,0,14582,0,0,0,0,0,0,0,0,0,0,0,0,0,0,0,0,0,0,0,0,0,0,0,0,45708,4050,22696,18646,18646,0,0,3322,0,0,19,0,0,0,0,0,0,0,1,0,1,0,0,0,0,0,0,0,0,0,0,0,0,0,0,0,0,0,0,0,0,714,24,0
1774384088.002261,2261,ubuntu-rog,1,0,0,8482759,0,2877820,3930783,497827,0,24,0,0,0,0,0,1552888755,0,0,4907,1554039391,0,0,2877820,3930783,497827,0,244561,144050,0,0,0,0,0,0,0,0,0,0,2871629,102661,4434982,24,0,0,6367,0,0,0,0,0,0,0,36650937,34036296,0,0,89763,89763,15008,16380,0,0,0,0,0,0,0,0,0,2558446,1277661,0,262144,6535356,169704357,0,0,1026,1025,1571659692,0,0,0,0,0,0,0,0,0,0,0,0,1580163968,0,13999,1857070,1436685994,22701,0,0,98994615,0,0,0,0,0,0,0,0,0,0,0,0,0,0,0,0,0,0,0,14582,0,0,0,0,0,0,0,0,0,0,0,0,0,0,0,0,0,0,0,0,0,0,0,0,45708,4050,22696,18646,18646,0,0,3322,0,0,19,0,0,0,0,0,0,0,1,0,1,0,0,0,0,0,0,0,0,0,0,0,0,0,0,0,0,0,0,0,0,714,24,0
1774384089.001289,1289,ubuntu-rog,1,0,0,8482759,0,2877820,3930783,497827,0,24,0,0,0,0,0,1552888777,0,0,4907,1554039413,0,0,2877820,3930783,497827,0,244561,144050,0,0,0,0,0,0,0,0,0,0,2871629,102661,4434982,24,0,0,6367,0,0,0,0,0,0,0,36650937,34036296,0,0,89763,89763,15008,16380,0,0,0,0,0,0,0,0,0,2558446,1277661,0,262144,6535356,169704357,0,0,1026,1025,1571659714,0,0,0,0,0,0,0,0,0,0,0,0,1580163990,0,13999,1857070,1436685994,22701,0,0,98994615,0,0,0,0,0,0,0,0,0,0,0,0,0,0,0,0,0,0,0,14582,0,0,0,0,0,0,0,0,0,0,0,0,0,0,0,0,0,0,0,0,0,0,0,0,45708,4050,22696,18646,18646,0,0,3322,0,0,19,0,0,0,0,0,0,0,1,0,1,0,0,0,0,0,0,0,0,0,0,0,0,0,0,0,0,0,0,0,0,714,24,0
1774384090.001296,1296,ubuntu-rog,1,0,0,8482759,0,2877820,3930783,497827,0,25,0,0,0,0,0,1552888810,0,0,4907,1554039446,0,0,2877820,3930783,497827,0,244561,144050,0,0,0,0,0,0,0,0,0,0,2871629,102661,4434983,25,0,0,6367,0,0,0,0,0,0,0,36650938,34036296,0,0,89763,89763,15008,16380,0,0,0,0,0,0,0,0,0,2558446,1277661,0,262144,6535356,169704357,0,0,1026,1025,1571659747,0,0,0,0,0,0,0,0,0,0,0,0,1580164021,0,13999,1857070,1436685994,22701,0,0,98994615,0,0,0,0,0,0,0,0,0,0,0,0,0,0,0,0,0,0,0,14582,0,0,0,0,0,0,0,0,0,0,0,0,0,0,0,0,0,0,0,0,0,0,0,0,45708,4050,22696,18646,18646,0,0,3322,0,0,19,0,0,0,0,0,0,0,1,0,1,0,0,0,0,0,0,0,0,0,0,0,0,0,0,0,0,0,0,0,0,714,24,0
1774384091.001158,1158,ubuntu-rog,1,0,0,8482759,0,2877780,3930783,497827,0,15,0,0,0,0,0,1552888846,0,0,4907,1554039482,0,0,2877780,3930783,497827,0,244561,144051,0,0,0,0,0,0,0,0,0,0,2871589,102661,4434985,15,0,0,6367,0,0,0,0,0,0,0,36650942,34036310,0,0,89763,89763,15008,16380,0,0,0,0,0,0,0,0,0,2558446,1277661,0,262144,6535356,169704433,0,0,1026,1025,1571659783,0,0,0,0,0,0,0,0,0,0,0,0,1580164095,0,13999,1857070,1436685994,22701,0,0,98994615,0,0,0,0,0,0,0,0,0,0,0,0,0,0,0,0,0,0,0,14582,0,0,0,0,0,0,0,0,0,0,0,0,0,0,0,0,0,0,0,0,0,0,0,0,45708,4050,22696,18646,18646,0,0,3322,0,0,19,0,0,0,0,0,0,0,1,0,1,0,0,0,0,0,0,0,0,0,0,0,0,0,0,0,0,0,0,0,0,714,24,0
1774384092.002149,2149,ubuntu-rog,1,0,0,8482759,0,2877780,3930783,497827,0,16,0,0,0,0,0,1552888876,0,0,4907,1554039512,0,0,2877780,3930783,497827,0,244561,144051,0,0,0,0,0,0,0,0,0,0,2871589,102661,4434986,16,0,0,6367,0,0,0,0,0,0,0,36650943,34036310,0,0,89763,89763,15008,16380,0,0,0,0,0,0,0,0,0,2558446,1277661,0,262144,6535356,169704433,0,0,1026,1025,1571659813,0,0,0,0,0,0,0,0,0,0,0,0,1580164124,0,13999,1857070,1436685994,22701,0,0,98994615,0,0,0,0,0,0,0,0,0,0,0,0,0,0,0,0,0,0,0,14582,0,0,0,0,0,0,0,0,0,0,0,0,0,0,0,0,0,0,0,0,0,0,0,0,45708,4050,22696,18646,18646,0,0,3322,0,0,19,0,0,0,0,0,0,0,1,0,1,0,0,0,0,0,0,0,0,0,0,0,0,0,0,0,0,0,0,0,0,714,24,0
1774384093.001257,1257,ubuntu-rog,1,0,0,8482759,0,2877780,3930783,497827,0,16,0,0,0,0,0,1552888907,0,0,4907,1554039543,0,0,2877780,3930783,497827,0,244561,144051,0,0,0,0,0,0,0,0,0,0,2871589,102661,4434986,16,0,0,6367,0,0,0,0,0,0,0,36650943,34036310,0,0,89763,89763,15008,16380,0,0,0,0,0,0,0,0,0,2558446,1277661,0,262144,6535356,169704433,0,0,1026,1025,1571659844,0,0,0,0,0,0,0,0,0,0,0,0,1580164155,0,13999,1857070,1436685994,22701,0,0,98994615,0,0,0,0,0,0,0,0,0,0,0,0,0,0,0,0,0,0,0,14582,0,0,0,0,0,0,0,0,0,0,0,0,0,0,0,0,0,0,0,0,0,0,0,0,45708,4050,22696,18646,18646,0,0,3322,0,0,19,0,0,0,0,0,0,0,1,0,1,0,0,0,0,0,0,0,0,0,0,0,0,0,0,0,0,0,0,0,0,714,24,0
1774384094.001301,1301,ubuntu-rog,1,0,0,8482759,0,2877780,3930783,497827,0,19,0,0,0,0,0,1552888933,0,0,4907,1554039569,0,0,2877780,3930783,497827,0,244562,144051,0,0,0,0,0,0,0,0,0,0,2871589,102661,4434988,19,0,0,6367,0,0,0,0,0,0,0,36650946,34036310,0,0,89763,89763,15008,16380,0,0,0,0,0,0,0,0,0,2558446,1277661,0,262144,6535356,169704433,0,0,1026,1025,1571659870,0,0,0,0,0,0,0,0,0,0,0,0,1580164178,0,13999,1857070,1436685994,22701,0,0,98994615,0,0,0,0,0,0,0,0,0,0,0,0,0,0,0,0,0,0,0,14582,0,0,0,0,0,0,0,0,0,0,0,0,0,0,0,0,0,0,0,0,0,0,0,0,45708,4050,22696,18646,18646,0,0,3322,0,0,19,0,0,0,0,0,0,0,1,0,1,0,0,0,0,0,0,0,0,0,0,0,0,0,0,0,0,0,0,0,0,714,24,0
1774384095.001295,1295,ubuntu-rog,1,0,0,8482759,0,2877780,3930783,497827,0,19,0,0,0,0,0,1552888966,0,0,4907,1554039602,0,0,2877780,3930783,497827,0,244562,144051,0,0,0,0,0,0,0,0,0,0,2871589,102661,4434988,19,0,0,6367,0,0,0,0,0,0,0,36650946,34036310,0,0,89763,89763,15008,16380,0,0,0,0,0,0,0,0,0,2558446,1277661,0,262144,6535356,169704433,0,0,1026,1025,1571659903,0,0,0,0,0,0,0,0,0,0,0,0,1580164211,0,13999,1857070,1436685994,22701,0,0,98994615,0,0,0,0,0,0,0,0,0,0,0,0,0,0,0,0,0,0,0,14582,0,0,0,0,0,0,0,0,0,0,0,0,0,0,0,0,0,0,0,0,0,0,0,0,45708,4050,22696,18646,18646,0,0,3322,0,0,19,0,0,0,0,0,0,0,1,0,1,0,0,0,0,0,0,0,0,0,0,0,0,0,0,0,0,0,0,0,0,714,24,0
1774384096.002154,2154,ubuntu-rog,1,0,0,8482759,0,2877780,3930783,497827,0,9,0,0,0,0,0,1552888997,0,0,4907,1554039633,0,0,2877780,3930783,497827,0,244562,144051,0,0,0,0,0,0,0,0,0,0,2871589,102661,4434988,9,0,0,6367,0,0,0,0,0,0,0,36650946,34036320,0,0,89763,89763,15008,16380,0,0,0,0,0,0,0,0,0,2558446,1277661,0,262144,6535356,169704489,0,0,1026,1025,1571659934,0,0,0,0,0,0,0,0,0,0,0,0,1580164242,0,13999,1857070,1436685994,22701,0,0,98994615,0,0,0,0,0,0,0,0,0,0,0,0,0,0,0,0,0,0,0,14582,0,0,0,0,0,0,0,0,0,0,0,0,0,0,0,0,0,0,0,0,0,0,0,0,45708,4050,22696,18646,18646,0,0,3322,0,0,19,0,0,0,0,0,0,0,1,0,1,0,0,0,0,0,0,0,0,0,0,0,0,0,0,0,0,0,0,0,0,714,24,0
1774384097.001160,1160,ubuntu-rog,1,0,0,8482759,0,2877780,3930783,497827,0,11,0,0,0,0,0,1552889022,0,0,4907,1554039658,0,0,2877780,3930783,497827,0,244562,144051,0,0,0,0,0,0,0,0,0,0,2871589,102661,4434989,11,0,0,6367,0,0,0,0,0,0,0,36650948,34036320,0,0,89763,89763,15008,16380,0,0,0,0,0,0,0,0,0,2558446,1277661,0,262144,6535356,169704489,0,0,1026,1025,1571659959,0,0,0,0,0,0,0,0,0,0,0,0,1580164266,0,13999,1857070,1436685994,22701,0,0,98994615,0,0,0,0,0,0,0,0,0,0,0,0,0,0,0,0,0,0,0,14582,0,0,0,0,0,0,0,0,0,0,0,0,0,0,0,0,0,0,0,0,0,0,0,0,45708,4050,22696,18646,18646,0,0,3322,0,0,19,0,0,0,0,0,0,0,1,0,1,0,0,0,0,0,0,0,0,0,0,0,0,0,0,0,0,0,0,0,0,714,24,0
1774384098.001291,1291,ubuntu-rog,1,0,0,8482759,0,2877780,3930783,497827,0,11,0,0,0,0,0,1552889053,0,0,4907,1554039689,0,0,2877780,3930783,497827,0,244562,144051,0,0,0,0,0,0,0,0,0,0,2871589,102661,4434989,11,0,0,6367,0,0,0,0,0,0,0,36650948,34036320,0,0,89763,89763,15008,16380,0,0,0,0,0,0,0,0,0,2558446,1277661,0,262144,6535356,169704489,0,0,1026,1025,1571659990,0,0,0,0,0,0,0,0,0,0,0,0,1580164297,0,13999,1857070,1436685994,22701,0,0,98994615,0,0,0,0,0,0,0,0,0,0,0,0,0,0,0,0,0,0,0,14582,0,0,0,0,0,0,0,0,0,0,0,0,0,0,0,0,0,0,0,0,0,0,0,0,45708,4050,22696,18646,18646,0,0,3322,0,0,19,0,0,0,0,0,0,0,1,0,1,0,0,0,0,0,0,0,0,0,0,0,0,0,0,0,0,0,0,0,0,714,24,0
1774384099.001299,1299,ubuntu-rog,1,0,0,8482759,0,2877780,3930783,497827,0,11,0,0,0,0,0,1552889083,0,0,4907,1554039719,0,0,2877780,3930783,497827,0,244562,144051,0,0,0,0,0,0,0,0,0,0,2871589,102661,4434989,11,0,0,6367,0,0,0,0,0,0,0,36650948,34036320,0,0,89763,89763,15008,16380,0,0,0,0,0,0,0,0,0,2558446,1277661,0,262144,6535356,169704489,0,0,1026,1025,1571660020,0,0,0,0,0,0,0,0,0,0,0,0,1580164327,0,13999,1857070,1436685994,22701,0,0,98994615,0,0,0,0,0,0,0,0,0,0,0,0,0,0,0,0,0,0,0,14582,0,0,0,0,0,0,0,0,0,0,0,0,0,0,0,0,0,0,0,0,0,0,0,0,45708,4050,22696,18646,18646,0,0,3322,0,0,19,0,0,0,0,0,0,0,1,0,1,0,0,0,0,0,0,0,0,0,0,0,0,0,0,0,0,0,0,0,0,714,24,0
1774384100.002293,2293,ubuntu-rog,1,0,0,8482759,0,2877780,3930783,497827,0,11,0,0,0,0,0,1552889105,0,0,4907,1554039741,0,0,2877780,3930783,497827,0,244562,144051,0,0,0,0,0,0,0,0,0,0,2871589,102661,4434989,11,0,0,6367,0,0,0,0,0,0,0,36650948,34036320,0,0,89763,89763,15008,16380,0,0,0,0,0,0,0,0,0,2558446,1277661,0,262144,6535356,169704489,0,0,1026,1025,1571660042,0,0,0,0,0,0,0,0,0,0,0,0,1580164349,0,13999,1857070,1436685994,22701,0,0,98994615,0,0,0,0,0,0,0,0,0,0,0,0,0,0,0,0,0,0,0,14582,0,0,0,0,0,0,0,0,0,0,0,0,0,0,0,0,0,0,0,0,0,0,0,0,45708,4050,22696,18646,18646,0,0,3322,0,0,19,0,0,0,0,0,0,0,1,0,1,0,0,0,0,0,0,0,0,0,0,0,0,0,0,0,0,0,0,0,0,714,24,0
1774384101.001156,1156,ubuntu-rog,1,0,0,8482759,0,2877780,3930783,497827,0,15,0,0,0,0,0,1552889139,0,0,4907,1554039775,0,0,2877780,3930783,497827,0,244562,144051,0,0,0,0,0,0,0,0,0,0,2871589,102661,4434992,15,0,0,6367,0,0,0,0,0,0,0,36650952,34036320,0,0,89763,89763,15008,16380,0,0,0,0,0,0,0,0,0,2558446,1277661,0,262144,6535356,169704517,0,0,1026,1025,1571660076,0,0,0,0,0,0,0,0,0,0,0,0,1580164380,0,13999,1857070,1436685994,22701,0,0,98994615,0,0,0,0,0,0,0,0,0,0,0,0,0,0,0,0,0,0,0,14582,0,0,0,0,0,0,0,0,0,0,0,0,0,0,0,0,0,0,0,0,0,0,0,0,45708,4050,22696,18646,18646,0,0,3322,0,0,19,0,0,0,0,0,0,0,1,0,1,0,0,0,0,0,0,0,0,0,0,0,0,0,0,0,0,0,0,0,0,714,24,0
1774384102.001156,1156,ubuntu-rog,1,0,0,8482759,0,2877780,3930783,497827,0,15,0,0,0,0,0,1552889169,0,0,4907,1554039805,0,0,2877780,3930783,497827,0,244562,144051,0,0,0,0,0,0,0,0,0,0,2871589,102661,4434992,15,0,0,6367,0,0,0,0,0,0,0,36650952,34036320,0,0,89763,89763,15008,16380,0,0,0,0,0,0,0,0,0,2558446,1277661,0,262144,6535356,169704517,0,0,1026,1025,1571660106,0,0,0,0,0,0,0,0,0,0,0,0,1580164410,0,13999,1857070,1436685994,22701,0,0,98994615,0,0,0,0,0,0,0,0,0,0,0,0,0,0,0,0,0,0,0,14582,0,0,0,0,0,0,0,0,0,0,0,0,0,0,0,0,0,0,0,0,0,0,0,0,45708,4050,22696,18646,18646,0,0,3322,0,0,19,0,0,0,0,0,0,0,1,0,1,0,0,0,0,0,0,0,0,0,0,0,0,0,0,0,0,0,0,0,0,714,24,0
1774384103.001258,1258,ubuntu-rog,1,0,0,8482759,0,2877780,3930783,497827,0,15,0,0,0,0,0,1552889191,0,0,4907,1554039827,0,0,2877780,3930783,497827,0,244562,144051,0,0,0,0,0,0,0,0,0,0,2871589,102661,4434992,15,0,0,6367,0,0,0,0,0,0,0,36650952,34036320,0,0,89763,89763,15008,16380,0,0,0,0,0,0,0,0,0,2558446,1277661,0,262144,6535356,169704517,0,0,1026,1025,1571660128,0,0,0,0,0,0,0,0,0,0,0,0,1580164432,0,13999,1857070,1436685994,22701,0,0,98994615,0,0,0,0,0,0,0,0,0,0,0,0,0,0,0,0,0,0,0,14582,0,0,0,0,0,0,0,0,0,0,0,0,0,0,0,0,0,0,0,0,0,0,0,0,45708,4050,22696,18646,18646,0,0,3322,0,0,19,0,0,0,0,0,0,0,1,0,1,0,0,0,0,0,0,0,0,0,0,0,0,0,0,0,0,0,0,0,0,714,24,0
1774384104.001245,1245,ubuntu-rog,1,0,0,8482759,0,2877780,3930783,497827,0,17,0,0,0,0,0,1552889224,0,0,4907,1554039860,0,0,2877780,3930783,497827,0,244562,144051,0,0,0,0,0,0,0,0,0,0,2871589,102661,4434994,17,0,0,6367,0,0,0,0,0,0,0,36650954,34036320,0,0,89763,89763,15008,16380,0,0,0,0,0,0,0,0,0,2558446,1277661,0,262144,6535356,169704517,0,0,1026,1025,1571660161,0,0,0,0,0,0,0,0,0,0,0,0,1580164463,0,13999,1857070,1436685994,22701,0,0,98994615,0,0,0,0,0,0,0,0,0,0,0,0,0,0,0,0,0,0,0,14582,0,0,0,0,0,0,0,0,0,0,0,0,0,0,0,0,0,0,0,0,0,0,0,0,45708,4050,22696,18646,18646,0,0,3322,0,0,19,0,0,0,0,0,0,0,1,0,1,0,0,0,0,0,0,0,0,0,0,0,0,0,0,0,0,0,0,0,0,714,24,0
1774384105.002296,2296,ubuntu-rog,1,0,0,8482759,0,2877780,3930783,497827,0,17,0,0,0,0,0,1552889255,0,0,4907,1554039891,0,0,2877780,3930783,497827,0,244562,144051,0,0,0,0,0,0,0,0,0,0,2871589,102661,4434994,17,0,0,6367,0,0,0,0,0,0,0,36650954,34036320,0,0,89763,89763,15008,16380,0,0,0,0,0,0,0,0,0,2558446,1277661,0,262144,6535356,169704517,0,0,1026,1025,1571660192,0,0,0,0,0,0,0,0,0,0,0,0,1580164494,0,13999,1857070,1436685994,22701,0,0,98994615,0,0,0,0,0,0,0,0,0,0,0,0,0,0,0,0,0,0,0,14582,0,0,0,0,0,0,0,0,0,0,0,0,0,0,0,0,0,0,0,0,0,0,0,0,45708,4050,22696,18646,18646,0,0,3322,0,0,19,0,0,0,0,0,0,0,1,0,1,0,0,0,0,0,0,0,0,0,0,0,0,0,0,0,0,0,0,0,0,714,24,0
1774384106.001157,1157,ubuntu-rog,1,0,0,8482759,0,2877780,3930783,497827,0,17,0,0,0,0,0,1552889288,0,0,4907,1554039924,0,0,2877780,3930783,497827,0,244562,144051,0,0,0,0,0,0,0,0,0,0,2871589,102661,4434994,17,0,0,6367,0,0,0,0,0,0,0,36650954,34036320,0,0,89763,89763,15008,16380,0,0,0,0,0,0,0,0,0,2558446,1277661,0,262144,6535356,169704517,0,0,1026,1025,1571660225,0,0,0,0,0,0,0,0,0,0,0,0,1580164527,0,13999,1857070,1436685994,22701,0,0,98994615,0,0,0,0,0,0,0,0,0,0,0,0,0,0,0,0,0,0,0,14582,0,0,0,0,0,0,0,0,0,0,0,0,0,0,0,0,0,0,0,0,0,0,0,0,45708,4050,22696,18646,18646,0,0,3322,0,0,19,0,0,0,0,0,0,0,1,0,1,0,0,0,0,0,0,0,0,0,0,0,0,0,0,0,0,0,0,0,0,714,24,0
1774384107.001159,1159,ubuntu-rog,1,0,0,8482759,0,2877780,3930808,497827,0,18,0,0,0,0,0,1552889323,0,0,4907,1554039959,0,0,2877780,3930808,497827,0,244562,144051,0,0,0,0,0,0,0,0,0,0,2871589,102661,4434997,18,0,0,6367,0,0,0,0,0,0,0,36650955,34036320,0,0,89763,89763,15008,16380,0,0,0,0,0,0,0,0,0,2558451,1277663,0,262144,6535356,169704533,0,0,1026,1025,1571660260,0,0,0,0,0,0,0,0,0,0,0,0,1580164565,0,13999,1857070,1436685994,22701,0,0,98994615,0,0,0,0,0,0,0,0,0,0,0,0,0,0,0,0,0,0,0,14582,0,0,0,0,0,0,0,0,0,0,0,0,0,0,0,0,0,0,0,0,0,0,0,0,45708,4050,22696,18646,18646,0,0,3322,0,0,19,0,0,0,0,0,0,0,1,0,1,0,0,0,0,0,0,0,0,0,0,0,0,0,0,0,0,0,0,0,0,714,24,0
1774384108.001260,1260,ubuntu-rog,1,0,0,8482759,0,2877780,3930808,497827,0,19,0,0,0,0,0,1552889349,0,0,4907,1554039985,0,0,2877780,3930808,497827,0,244562,144051,0,0,0,0,0,0,0,0,0,0,2871589,102661,4434998,19,0,0,6367,0,0,0,0,0,0,0,36650956,34036320,0,0,89763,89763,15008,16380,0,0,0,0,0,0,0,0,0,2558451,1277663,0,262144,6535356,169704533,0,0,1026,1025,1571660286,0,0,0,0,0,0,0,0,0,0,0,0,1580164590,0,13999,1857070,1436685994,22701,0,0,98994615,0,0,0,0,0,0,0,0,0,0,0,0,0,0,0,0,0,0,0,14582,0,0,0,0,0,0,0,0,0,0,0,0,0,0,0,0,0,0,0,0,0,0,0,0,45708,4050,22696,18646,18646,0,0,3322,0,0,19,0,0,0,0,0,0,0,1,0,1,0,0,0,0,0,0,0,0,0,0,0,0,0,0,0,0,0,0,0,0,714,24,0
1774384109.002295,2295,ubuntu-rog,1,0,0,8482759,0,2877780,3930808,497827,0,19,0,0,0,0,0,1552889406,0,0,4907,1554040042,0,0,2877780,3930808,497827,0,244562,144051,0,0,0,0,0,0,0,0,0,0,2871589,102661,4434998,19,0,0,6367,0,0,0,0,0,0,0,36650956,34036320,0,0,89763,89763,15008,16380,0,0,0,0,0,0,0,0,0,2558451,1277663,0,262144,6535356,169704533,0,0,1026,1025,1571660343,0,0,0,0,0,0,0,0,0,0,0,0,1580164646,0,13999,1857070,1436685994,22701,0,0,98994615,0,0,0,0,0,0,0,0,0,0,0,0,0,0,0,0,0,0,0,14582,0,0,0,0,0,0,0,0,0,0,0,0,0,0,0,0,0,0,0,0,0,0,0,0,45708,4050,22696,18646,18646,0,0,3322,0,0,19,0,0,0,0,0,0,0,1,0,1,0,0,0,0,0,0,0,0,0,0,0,0,0,0,0,0,0,0,0,0,714,24,0
1774384110.001299,1299,ubuntu-rog,1,0,0,8482759,0,2877780,3930808,497827,0,19,0,0,0,0,0,1552889465,0,0,4907,1554040101,0,0,2877780,3930808,497827,0,244562,144052,0,0,0,0,0,0,0,0,0,0,2871589,102661,4434998,19,0,0,6367,0,0,0,0,0,0,0,36650956,34036320,0,0,89763,89763,15008,16380,0,0,0,0,0,0,0,0,0,2558451,1277663,0,262144,6535356,169704533,0,0,1026,1025,1571660402,0,0,0,0,0,0,0,0,0,0,0,0,1580164705,0,13999,1857070,1436685994,22701,0,0,98994615,0,0,0,0,0,0,0,0,0,0,0,0,0,0,0,0,0,0,0,14582,0,0,0,0,0,0,0,0,0,0,0,0,0,0,0,0,0,0,0,0,0,0,0,0,45708,4050,22696,18646,18646,0,0,3322,0,0,19,0,0,0,0,0,0,0,1,0,1,0,0,0,0,0,0,0,0,0,0,0,0,0,0,0,0,0,0,0,0,714,24,0
1774384111.001159,1159,ubuntu-rog,1,0,0,8482759,0,2877780,3930808,497827,0,20,0,0,0,0,0,1552889498,0,0,4907,1554040134,0,0,2877780,3930808,497827,0,244562,144052,0,0,0,0,0,0,0,0,0,0,2871589,102661,4434999,20,0,0,6367,0,0,0,0,0,0,0,36650957,34036320,0,0,89763,89763,15008,16380,0,0,0,0,0,0,0,0,0,2558451,1277663,0,262144,6535356,169704549,0,0,1026,1025,1571660435,0,0,0,0,0,0,0,0,0,0,0,0,1580164737,0,13999,1857070,1436685994,22701,0,0,98994615,0,0,0,0,0,0,0,0,0,0,0,0,0,0,0,0,0,0,0,14582,0,0,0,0,0,0,0,0,0,0,0,0,0,0,0,0,0,0,0,0,0,0,0,0,45708,4050,22696,18646,18646,0,0,3322,0,0,19,0,0,0,0,0,0,0,1,0,1,0,0,0,0,0,0,0,0,0,0,0,0,0,0,0,0,0,0,0,0,714,24,0
1774384112.001157,1157,ubuntu-rog,1,0,0,8482759,0,2877780,3930810,497827,0,17,0,0,0,0,0,1552889537,0,0,4907,1554040173,0,0,2877780,3930810,497827,0,244562,144052,0,0,0,0,0,0,0,0,0,0,2871589,102661,4435001,17,0,0,6367,0,0,0,0,0,0,0,36650958,34036324,0,0,89763,89763,15008,16380,0,0,0,0,0,0,0,0,0,2558451,1277663,0,262144,6535356,169704577,0,0,1026,1025,1571660474,0,0,0,0,0,0,0,0,0,0,0,0,1580164774,0,13999,1857070,1436685994,22701,0,0,98994615,0,0,0,0,0,0,0,0,0,0,0,0,0,0,0,0,0,0,0,14582,0,0,0,0,0,0,0,0,0,0,0,0,0,0,0,0,0,0,0,0,0,0,0,0,45708,4050,22696,18646,18646,0,0,3322,0,0,19,0,0,0,0,0,0,0,1,0,1,0,0,0,0,0,0,0,0,0,0,0,0,0,0,0,0,0,0,0,0,714,24,0
1774384113.002256,2256,ubuntu-rog,1,0,0,8482759,0,2877780,3930810,497827,0,18,0,0,0,0,0,1552889575,0,0,4907,1554040211,0,0,2877780,3930810,497827,0,244562,144052,0,0,0,0,0,0,0,0,0,0,2871589,102661,4435002,18,0,0,6367,0,0,0,0,0,0,0,36650959,34036324,0,0,89763,89763,15008,16380,0,0,0,0,0,0,0,0,0,2558451,1277663,0,262144,6535356,169704577,0,0,1026,1025,1571660512,0,0,0,0,0,0,0,0,0,0,0,0,1580164811,0,13999,1857070,1436685994,22701,0,0,98994615,0,0,0,0,0,0,0,0,0,0,0,0,0,0,0,0,0,0,0,14582,0,0,0,0,0,0,0,0,0,0,0,0,0,0,0,0,0,0,0,0,0,0,0,0,45708,4050,22696,18646,18646,0,0,3322,0,0,19,0,0,0,0,0,0,0,1,0,1,0,0,0,0,0,0,0,0,0,0,0,0,0,0,0,0,0,0,0,0,714,24,0
1774384114.001299,1299,ubuntu-rog,1,0,0,8482759,0,2877780,3930810,497827,0,18,0,0,0,0,0,1552889610,0,0,4907,1554040246,0,0,2877780,3930810,497827,0,244562,144052,0,0,0,0,0,0,0,0,0,0,2871589,102661,4435002,18,0,0,6367,0,0,0,0,0,0,0,36650959,34036324,0,0,89763,89763,15008,16380,0,0,0,0,0,0,0,0,0,2558451,1277663,0,262144,6535356,169704577,0,0,1026,1025,1571660547,0,0,0,0,0,0,0,0,0,0,0,0,1580164846,0,13999,1857070,1436685994,22701,0,0,98994615,0,0,0,0,0,0,0,0,0,0,0,0,0,0,0,0,0,0,0,14582,0,0,0,0,0,0,0,0,0,0,0,0,0,0,0,0,0,0,0,0,0,0,0,0,45708,4050,22696,18646,18646,0,0,3322,0,0,19,0,0,0,0,0,0,0,1,0,1,0,0,0,0,0,0,0,0,0,0,0,0,0,0,0,0,0,0,0,0,714,24,0
1774384115.001305,1305,ubuntu-rog,1,0,0,8482759,0,2877780,3930810,497827,0,19,0,0,0,0,0,1552889645,0,0,4907,1554040281,0,0,2877780,3930810,497827,0,244562,144052,0,0,0,0,0,0,0,0,0,0,2871589,102661,4435003,19,0,0,6367,0,0,0,0,0,0,0,36650960,34036324,0,0,89763,89763,15008,16380,0,0,0,0,0,0,0,0,0,2558451,1277663,0,262144,6535356,169704577,0,0,1026,1025,1571660582,0,0,0,0,0,0,0,0,0,0,0,0,1580164879,0,13999,1857070,1436685994,22701,0,0,98994615,0,0,0,0,0,0,0,0,0,0,0,0,0,0,0,0,0,0,0,14582,0,0,0,0,0,0,0,0,0,0,0,0,0,0,0,0,0,0,0,0,0,0,0,0,45708,4050,22696,18646,18646,0,0,3322,0,0,19,0,0,0,0,0,0,0,1,0,1,0,0,0,0,0,0,0,0,0,0,0,0,0,0,0,0,0,0,0,0,714,24,0
1774384116.001157,1157,ubuntu-rog,1,0,0,8482759,0,2877780,3930810,497827,0,21,0,0,0,0,0,1552889700,0,0,4907,1554040336,0,0,2877780,3930810,497827,0,244562,144053,0,0,0,0,0,0,0,0,0,0,2871589,102661,4435004,21,0,0,6367,0,0,0,0,0,0,0,36650962,34036324,0,0,89763,89763,15008,16380,0,0,0,0,0,0,0,0,0,2558451,1277663,0,262144,6535356,169704577,0,0,1026,1025,1571660637,0,0,0,0,0,0,0,0,0,0,0,0,1580164933,0,13999,1857070,1436685994,22701,0,0,98994615,0,0,0,0,0,0,0,0,0,0,0,0,0,0,0,0,0,0,0,14582,0,0,0,0,0,0,0,0,0,0,0,0,0,0,0,0,0,0,0,0,0,0,0,0,45708,4050,22696,18646,18646,0,0,3322,0,0,19,0,0,0,0,0,0,0,1,0,1,0,0,0,0,0,0,0,0,0,0,0,0,0,0,0,0,0,0,0,0,714,24,0
1774384117.002145,2145,ubuntu-rog,1,0,0,8482759,0,2877780,3930810,497827,0,21,0,0,0,0,0,1552889753,0,0,4907,1554040389,0,0,2877780,3930810,497827,0,244562,144052,0,0,0,0,0,0,0,0,0,0,2871589,102661,4435005,21,0,0,6367,0,0,0,0,0,0,0,36650962,34036324,0,0,89763,89763,15008,16380,0,0,0,0,0,0,0,0,0,2558451,1277663,0,262144,6535356,169704593,0,0,1026,1025,1571660690,0,0,0,0,0,0,0,0,0,0,0,0,1580164986,0,13999,1857070,1436685994,22701,0,0,98994615,0,0,0,0,0,0,0,0,0,0,0,0,0,0,0,0,0,0,0,14582,0,0,0,0,0,0,0,0,0,0,0,0,0,0,0,0,0,0,0,0,0,0,0,0,45708,4050,22696,18646,18646,0,0,3322,0,0,19,0,0,0,0,0,0,0,1,0,1,0,0,0,0,0,0,0,0,0,0,0,0,0,0,0,0,0,0,0,0,714,24,0
1774384118.001262,1262,ubuntu-rog,1,0,0,8482759,0,2877780,3930810,497827,0,22,0,0,0,0,0,1552889791,0,0,4907,1554040427,0,0,2877780,3930810,497827,0,244562,144052,0,0,0,0,0,0,0,0,0,0,2871589,102661,4435006,22,0,0,6367,0,0,0,0,0,0,0,36650963,34036324,0,0,89763,89763,15008,16380,0,0,0,0,0,0,0,0,0,2558451,1277663,0,262144,6535356,169704593,0,0,1026,1025,1571660728,0,0,0,0,0,0,0,0,0,0,0,0,1580165023,0,13999,1857070,1436685994,22701,0,0,98994615,0,0,0,0,0,0,0,0,0,0,0,0,0,0,0,0,0,0,0,14582,0,0,0,0,0,0,0,0,0,0,0,0,0,0,0,0,0,0,0,0,0,0,0,0,45708,4050,22696,18646,18646,0,0,3322,0,0,19,0,0,0,0,0,0,0,1,0,1,0,0,0,0,0,0,0,0,0,0,0,0,0,0,0,0,0,0,0,0,714,24,0
1774384119.001294,1294,ubuntu-rog,1,0,0,8482456,0,2877982,3930810,497827,0,22,0,0,0,0,0,1552890174,0,0,4907,1554040810,0,0,2877982,3930810,497827,0,244562,144052,0,0,0,0,0,0,0,0,0,0,2871892,102661,4435006,22,0,0,6367,0,0,0,0,0,0,0,36650963,34036324,0,0,89763,89763,15008,16380,0,0,0,0,0,0,0,0,0,2558391,1277633,0,262144,6535356,169704593,0,0,1026,1025,1571661111,0,0,0,0,0,0,0,0,0,0,0,0,1580165071,0,13999,1857070,1436686846,22701,0,0,98994984,0,0,0,0,0,0,0,0,0,0,0,0,0,0,0,0,0,0,0,14582,0,0,0,0,0,0,0,0,0,0,0,0,0,0,0,0,0,0,0,0,0,0,0,0,45708,4050,22696,18646,18646,0,0,3322,0,0,19,0,0,0,0,0,0,0,1,0,1,0,0,0,0,0,0,0,0,0,0,0,0,0,0,0,0,0,0,0,0,714,24,0
1774384120.001300,1300,ubuntu-rog,1,0,0,8482381,0,2878010,3930810,497827,0,104,0,0,0,0,0,1552890517,0,0,4907,1554041153,0,0,2878010,3930810,497827,0,244562,144052,0,0,0,0,0,0,0,0,0,0,2871844,102688,4435008,104,0,0,6368,0,0,0,0,0,0,0,36651045,34036324,0,0,89763,89763,15088,16407,0,0,0,0,0,0,0,0,0,2558376,1277626,0,262144,6535356,169704593,0,0,1026,1025,1571661454,0,0,0,0,0,0,0,0,0,0,0,0,1580165465,0,13999,1857070,1436687326,22701,0,0,98995019,0,0,0,0,0,0,0,0,0,0,0,0,0,0,0,0,0,0,0,14582,0,0,0,0,0,0,0,0,0,0,0,0,0,0,0,0,0,0,0,0,0,0,0,0,45708,4050,22696,18646,18646,0,0,3322,0,0,19,0,0,0,0,0,0,0,1,0,1,0,0,0,0,0,0,0,0,0,0,0,0,0,0,0,0,0,0,0,0,714,24,0
1774384121.002154,2154,ubuntu-rog,1,0,0,8482381,0,2878010,3930810,497827,0,104,0,0,0,0,0,1552890548,0,0,4907,1554041184,0,0,2878010,3930810,497827,0,244562,144052,0,0,0,0,0,0,0,0,0,0,2871844,102688,4435008,104,0,0,6368,0,0,0,0,0,0,0,36651045,34036324,0,0,89763,89763,15088,16407,0,0,0,0,0,0,0,0,0,2558376,1277626,0,262144,6535356,169704593,0,0,1026,1025,1571661485,0,0,0,0,0,0,0,0,0,0,0,0,1580165496,0,13999,1857070,1436687326,22701,0,0,98995019,0,0,0,0,0,0,0,0,0,0,0,0,0,0,0,0,0,0,0,14582,0,0,0,0,0,0,0,0,0,0,0,0,0,0,0,0,0,0,0,0,0,0,0,0,45708,4050,22696,18646,18646,0,0,3322,0,0,19,0,0,0,0,0,0,0,1,0,1,0,0,0,0,0,0,0,0,0,0,0,0,0,0,0,0,0,0,0,0,714,24,0
1774384122.001158,1158,ubuntu-rog,1,0,0,8482381,0,2878010,3930814,497827,0,98,0,0,0,0,0,1552890570,0,0,4907,1554041206,0,0,2878010,3930814,497827,0,244562,144052,0,0,0,0,0,0,0,0,0,0,2871844,102688,4435009,98,0,0,6368,0,0,0,0,0,0,0,36651046,34036331,0,0,89763,89763,15088,16407,0,0,0,0,0,0,0,0,0,2558376,1277626,0,262144,6535356,169704613,0,0,1026,1025,1571661507,0,0,0,0,0,0,0,0,0,0,0,0,1580165517,0,13999,1857070,1436687326,22701,0,0,98995019,0,0,0,0,0,0,0,0,0,0,0,0,0,0,0,0,0,0,0,14582,0,0,0,0,0,0,0,0,0,0,0,0,0,0,0,0,0,0,0,0,0,0,0,0,45708,4050,22696,18646,18646,0,0,3322,0,0,19,0,0,0,0,0,0,0,1,0,1,0,0,0,0,0,0,0,0,0,0,0,0,0,0,0,0,0,0,0,0,714,24,0
1774384123.001297,1297,ubuntu-rog,1,0,0,8482381,0,2878010,3930814,497827,0,103,0,0,0,0,0,1552890599,0,0,4907,1554041235,0,0,2878010,3930814,497827,0,244562,144052,0,0,0,0,0,0,0,0,0,0,2871844,102688,4435009,103,0,0,6368,0,0,0,0,0,0,0,36651051,34036331,0,0,89763,89763,15088,16407,0,0,0,0,0,0,0,0,0,2558376,1277626,0,262144,6535356,169704645,0,0,1026,1025,1571661536,0,0,0,0,0,0,0,0,0,0,0,0,1580165546,0,13999,1857070,1436687326,22701,0,0,98995019,0,0,0,0,0,0,0,0,0,0,0,0,0,0,0,0,0,0,0,14582,0,0,0,0,0,0,0,0,0,0,0,0,0,0,0,0,0,0,0,0,0,0,0,0,45708,4050,22696,18646,18646,0,0,3322,0,0,19,0,0,0,0,0,0,0,1,0,1,0,0,0,0,0,0,0,0,0,0,0,0,0,0,0,0,0,0,0,0,714,24,0
1774384124.001300,1300,ubuntu-rog,1,0,0,8482381,0,2878010,3930814,497827,0,103,0,0,0,0,0,1552890629,0,0,4907,1554041265,0,0,2878010,3930814,497827,0,244562,144052,0,0,0,0,0,0,0,0,0,0,2871844,102688,4435009,103,0,0,6368,0,0,0,0,0,0,0,36651051,34036331,0,0,89763,89763,15088,16407,0,0,0,0,0,0,0,0,0,2558376,1277626,0,262144,6535356,169704645,0,0,1026,1025,1571661566,0,0,0,0,0,0,0,0,0,0,0,0,1580165576,0,13999,1857070,1436687326,22701,0,0,98995019,0,0,0,0,0,0,0,0,0,0,0,0,0,0,0,0,0,0,0,14582,0,0,0,0,0,0,0,0,0,0,0,0,0,0,0,0,0,0,0,0,0,0,0,0,45708,4050,22696,18646,18646,0,0,3322,0,0,19,0,0,0,0,0,0,0,1,0,1,0,0,0,0,0,0,0,0,0,0,0,0,0,0,0,0,0,0,0,0,714,24,0
1774384125.002285,2285,ubuntu-rog,1,0,0,8482381,0,2878010,3930814,497827,0,104,0,0,0,0,0,1552890655,0,0,4907,1554041291,0,0,2878010,3930814,497827,0,244562,144052,0,0,0,0,0,0,0,0,0,0,2871844,102688,4435010,104,0,0,6368,0,0,0,0,0,0,0,36651052,34036331,0,0,89763,89763,15088,16407,0,0,0,0,0,0,0,0,0,2558376,1277626,0,262144,6535356,169704645,0,0,1026,1025,1571661592,0,0,0,0,0,0,0,0,0,0,0,0,1580165601,0,13999,1857070,1436687326,22701,0,0,98995019,0,0,0,0,0,0,0,0,0,0,0,0,0,0,0,0,0,0,0,14582,0,0,0,0,0,0,0,0,0,0,0,0,0,0,0,0,0,0,0,0,0,0,0,0,45708,4050,22696,18646,18646,0,0,3322,0,0,19,0,0,0,0,0,0,0,1,0,1,0,0,0,0,0,0,0,0,0,0,0,0,0,0,0,0,0,0,0,0,714,24,0
1774384126.001157,1157,ubuntu-rog,1,0,0,8482381,0,2878010,3930814,497827,0,105,0,0,0,0,0,1552890689,0,0,4907,1554041325,0,0,2878010,3930814,497827,0,244562,144052,0,0,0,0,0,0,0,0,0,0,2871844,102688,4435011,105,0,0,6368,0,0,0,0,0,0,0,36651053,34036331,0,0,89763,89763,15088,16407,0,0,0,0,0,0,0,0,0,2558376,1277626,0,262144,6535356,169704645,0,0,1026,1025,1571661626,0,0,0,0,0,0,0,0,0,0,0,0,1580165634,0,13999,1857070,1436687326,22701,0,0,98995019,0,0,0,0,0,0,0,0,0,0,0,0,0,0,0,0,0,0,0,14582,0,0,0,0,0,0,0,0,0,0,0,0,0,0,0,0,0,0,0,0,0,0,0,0,45708,4050,22696,18646,18646,0,0,3322,0,0,19,0,0,0,0,0,0,0,1,0,1,0,0,0,0,0,0,0,0,0,0,0,0,0,0,0,0,0,0,0,0,714,24,0
1774384127.001155,1155,ubuntu-rog,1,0,0,8482381,0,2878010,3930814,497827,0,88,0,0,0,0,0,1552890719,0,0,4907,1554041355,0,0,2878010,3930814,497827,0,244562,144052,0,0,0,0,0,0,0,0,0,0,2871844,102688,4435011,88,0,0,6368,0,0,0,0,0,0,0,36651053,34036348,0,0,89763,89763,15088,16407,0,0,0,0,0,0,0,0,0,2558376,1277626,0,262144,6535356,169704713,0,0,1026,1025,1571661656,0,0,0,0,0,0,0,0,0,0,0,0,1580165664,0,13999,1857070,1436687326,22701,0,0,98995019,0,0,0,0,0,0,0,0,0,0,0,0,0,0,0,0,0,0,0,14582,0,0,0,0,0,0,0,0,0,0,0,0,0,0,0,0,0,0,0,0,0,0,0,0,45708,4050,22696,18646,18646,0,0,3322,0,0,19,0,0,0,0,0,0,0,1,0,1,0,0,0,0,0,0,0,0,0,0,0,0,0,0,0,0,0,0,0,0,714,24,0
1774384128.001251,1251,ubuntu-rog,1,0,0,8482381,0,2878010,3930814,497827,0,93,0,0,0,0,0,1552890741,0,0,4907,1554041377,0,0,2878010,3930814,497827,0,244562,144052,0,0,0,0,0,0,0,0,0,0,2871844,102688,4435012,93,0,0,6368,0,0,0,0,0,0,0,36651058,34036348,0,0,89763,89763,15088,16407,0,0,0,0,0,0,0,0,0,2558376,1277626,0,262144,6535356,169704745,0,0,1026,1025,1571661678,0,0,0,0,0,0,0,0,0,0,0,0,1580165685,0,13999,1857070,1436687326,22701,0,0,98995019,0,0,0,0,0,0,0,0,0,0,0,0,0,0,0,0,0,0,0,14582,0,0,0,0,0,0,0,0,0,0,0,0,0,0,0,0,0,0,0,0,0,0,0,0,45708,4050,22696,18646,18646,0,0,3322,0,0,19,0,0,0,0,0,0,0,1,0,1,0,0,0,0,0,0,0,0,0,0,0,0,0,0,0,0,0,0,0,0,714,24,0
1774384129.001243,1243,ubuntu-rog,1,0,0,8482381,0,2878010,3930814,497827,0,96,0,0,0,0,0,1552890772,0,0,4907,1554041408,0,0,2878010,3930814,497827,0,244562,144052,0,0,0,0,0,0,0,0,0,0,2871844,102688,4435014,96,0,0,6368,0,0,0,0,0,0,0,36651061,34036348,0,0,89763,89763,15088,16407,0,0,0,0,0,0,0,0,0,2558376,1277626,0,262144,6535356,169704745,0,0,1026,1025,1571661709,0,0,0,0,0,0,0,0,0,0,0,0,1580165714,0,13999,1857070,1436687326,22701,0,0,98995019,0,0,0,0,0,0,0,0,0,0,0,0,0,0,0,0,0,0,0,14582,0,0,0,0,0,0,0,0,0,0,0,0,0,0,0,0,0,0,0,0,0,0,0,0,45708,4050,22696,18646,18646,0,0,3322,0,0,19,0,0,0,0,0,0,0,1,0,1,0,0,0,0,0,0,0,0,0,0,0,0,0,0,0,0,0,0,0,0,714,24,0
1774384130.002318,2318,ubuntu-rog,1,0,0,8350172,0,2997256,3930820,497827,0,101,0,0,0,0,0,1553011741,0,0,4907,1554162377,0,0,2997256,3930820,497827,0,244562,144052,0,0,0,0,0,0,0,0,0,0,2991076,102662,4435013,101,0,0,6367,0,0,0,0,0,0,0,36651066,34036348,0,0,89763,89763,15024,16380,0,0,0,0,0,0,0,0,0,2531942,1264425,0,262144,6535356,169704745,0,0,1026,1025,1571782678,0,0,0,0,0,0,0,0,0,0,0,0,1580166136,0,13999,1857070,1436808200,22701,0,0,98995209,0,0,0,0,0,0,0,0,0,0,0,0,0,0,0,0,0,0,0,14582,0,0,0,0,0,0,0,0,0,0,0,0,0,0,0,0,0,0,0,0,0,0,0,0,45708,4050,22696,18646,18646,0,0,3322,0,0,19,0,0,0,0,0,0,0,1,0,1,0,0,0,0,0,0,0,0,0,0,0,0,0,0,0,0,0,0,0,0,714,24,0
1774384131.001152,1152,ubuntu-rog,1,0,0,8423807,0,2928057,3930837,497827,0,101,0,0,0,0,0,1553288090,0,0,4907,1554438726,0,0,2928057,3930837,497827,0,244562,144052,0,0,0,0,0,0,0,0,0,0,2923020,102662,4435013,101,0,0,6367,0,0,0,0,0,0,0,36651066,34036348,0,0,89763,89763,15024,16412,0,0,0,0,0,0,0,0,0,2546669,1271780,0,262144,6535356,169704745,0,0,1026,1025,1572059027,0,0,0,0,0,0,0,0,0,0,0,0,1580511540,0,13999,1857070,1437083887,22701,0,0,98995209,0,0,0,0,0,0,0,0,0,0,0,0,0,0,0,0,0,0,0,14582,0,0,0,0,0,0,0,0,0,0,0,0,0,0,0,0,0,0,0,0,0,0,0,0,45708,4050,22696,18646,18646,0,0,3322,0,0,19,0,0,0,0,0,0,0,1,0,1,0,0,0,0,0,0,0,0,0,0,0,0,0,0,0,0,0,0,0,0,714,24,0
1774384132.001163,1163,ubuntu-rog,1,0,0,8474730,0,2877692,3930839,497827,0,104,0,0,0,0,0,1553306566,0,0,4907,1554457202,0,0,2877692,3930839,497827,0,244562,144052,0,0,0,0,0,0,0,0,0,0,2871590,102662,4435015,104,0,0,6367,0,0,0,0,0,0,0,36651069,34036348,0,0,89763,89763,15024,16379,0,0,0,0,0,0,0,0,0,2556852,1276865,0,262144,6535356,169704745,0,0,1026,1025,1572077503,0,0,0,0,0,0,0,0,0,0,0,0,1580581809,0,13999,1857070,1437102234,22701,0,0,98995209,0,0,0,0,0,0,0,0,0,0,0,0,0,0,0,0,0,0,0,14582,0,0,0,0,0,0,0,0,0,0,0,0,0,0,0,0,0,0,0,0,0,0,0,0,45708,4050,22696,18646,18646,0,0,3322,0,0,19,0,0,0,0,0,0,0,1,0,1,0,0,0,0,0,0,0,0,0,0,0,0,0,0,0,0,0,0,0,0,714,24,0
1774384133.001262,1262,ubuntu-rog,1,0,0,8475522,0,2877692,3930839,497827,0,104,0,0,0,0,0,1553306591,0,0,4907,1554457227,0,0,2877692,3930839,497827,0,244562,144052,0,0,0,0,0,0,0,0,0,0,2871590,102662,4435015,104,0,0,6367,0,0,0,0,0,0,0,36651069,34036348,0,0,89763,89763,15024,16379,0,0,0,0,0,0,0,0,0,2557010,1276944,0,262144,6535356,169704745,0,0,1026,1025,1572077528,0,0,0,0,0,0,0,0,0,0,0,0,1580581834,0,13999,1857070,1437102234,22701,0,0,98995209,0,0,0,0,0,0,0,0,0,0,0,0,0,0,0,0,0,0,0,14582,0,0,0,0,0,0,0,0,0,0,0,0,0,0,0,0,0,0,0,0,0,0,0,0,45708,4050,22696,18646,18646,0,0,3322,0,0,19,0,0,0,0,0,0,0,1,0,1,0,0,0,0,0,0,0,0,0,0,0,0,0,0,0,0,0,0,0,0,714,24,0
1774384134.002299,2299,ubuntu-rog,1,0,0,8476149,0,2877692,3930839,497827,0,104,0,0,0,0,0,1553306620,0,0,4907,1554457256,0,0,2877692,3930839,497827,0,244562,144052,0,0,0,0,0,0,0,0,0,0,2871590,102662,4435017,104,0,0,6367,0,0,0,0,0,0,0,36651069,34036348,0,0,89763,89763,15024,16379,0,0,0,0,0,0,0,0,0,2557135,1277006,0,262144,6535356,169704773,0,0,1026,1025,1572077557,0,0,0,0,0,0,0,0,0,0,0,0,1580581861,0,13999,1857070,1437102234,22701,0,0,98995209,0,0,0,0,0,0,0,0,0,0,0,0,0,0,0,0,0,0,0,14582,0,0,0,0,0,0,0,0,0,0,0,0,0,0,0,0,0,0,0,0,0,0,0,0,45708,4050,22696,18646,18646,0,0,3322,0,0,19,0,0,0,0,0,0,0,1,0,1,0,0,0,0,0,0,0,0,0,0,0,0,0,0,0,0,0,0,0,0,714,24,0
1774384135.001303,1303,ubuntu-rog,1,0,0,8476685,0,2877692,3930839,497827,0,104,0,0,0,0,0,1553306648,0,0,4907,1554457284,0,0,2877692,3930839,497827,0,244562,144052,0,0,0,0,0,0,0,0,0,0,2871590,102662,4435017,104,0,0,6367,0,0,0,0,0,0,0,36651069,34036348,0,0,89763,89763,15024,16379,0,0,0,0,0,0,0,0,0,2557242,1277060,0,262144,6535356,169704773,0,0,1026,1025,1572077585,0,0,0,0,0,0,0,0,0,0,0,0,1580581890,0,13999,1857070,1437102234,22701,0,0,98995209,0,0,0,0,0,0,0,0,0,0,0,0,0,0,0,0,0,0,0,14582,0,0,0,0,0,0,0,0,0,0,0,0,0,0,0,0,0,0,0,0,0,0,0,0,45708,4050,22696,18646,18646,0,0,3322,0,0,19,0,0,0,0,0,0,0,1,0,1,0,0,0,0,0,0,0,0,0,0,0,0,0,0,0,0,0,0,0,0,714,24,0
1774384136.001156,1156,ubuntu-rog,1,0,0,8477141,0,2877692,3930839,497827,0,105,0,0,0,0,0,1553306671,0,0,4907,1554457307,0,0,2877692,3930839,497827,0,244562,144051,0,0,0,0,0,0,0,0,0,0,2871590,102662,4435018,105,0,0,6367,0,0,0,0,0,0,0,36651070,34036348,0,0,89763,89763,15024,16379,0,0,0,0,0,0,0,0,0,2557334,1277105,0,262144,6535356,169704773,0,0,1026,1025,1572077608,0,0,0,0,0,0,0,0,0,0,0,0,1580581912,0,13999,1857070,1437102234,22701,0,0,98995209,0,0,0,0,0,0,0,0,0,0,0,0,0,0,0,0,0,0,0,14582,0,0,0,0,0,0,0,0,0,0,0,0,0,0,0,0,0,0,0,0,0,0,0,0,45708,4050,22696,18646,18646,0,0,3322,0,0,19,0,0,0,0,0,0,0,1,0,1,0,0,0,0,0,0,0,0,0,0,0,0,0,0,0,0,0,0,0,0,714,24,0
1774384137.001158,1158,ubuntu-rog,1,0,0,8477628,0,2877692,3930839,497827,0,105,0,0,0,0,0,1553306702,0,0,4907,1554457338,0,0,2877692,3930839,497827,0,244562,144051,0,0,0,0,0,0,0,0,0,0,2871590,102662,4435018,105,0,0,6367,0,0,0,0,0,0,0,36651070,34036348,0,0,89763,89763,15024,16379,0,0,0,0,0,0,0,0,0,2557431,1277154,0,262144,6535356,169704773,0,0,1026,1025,1572077639,0,0,0,0,0,0,0,0,0,0,0,0,1580581943,0,13999,1857070,1437102234,22701,0,0,98995209,0,0,0,0,0,0,0,0,0,0,0,0,0,0,0,0,0,0,0,14582,0,0,0,0,0,0,0,0,0,0,0,0,0,0,0,0,0,0,0,0,0,0,0,0,45708,4050,22696,18646,18646,0,0,3322,0,0,19,0,0,0,0,0,0,0,1,0,1,0,0,0,0,0,0,0,0,0,0,0,0,0,0,0,0,0,0,0,0,714,24,0
1774384138.002260,2260,ubuntu-rog,1,0,0,8477954,0,2877692,3930839,497827,0,105,0,0,0,0,0,1553306732,0,0,4907,1554457368,0,0,2877692,3930839,497827,0,244562,144051,0,0,0,0,0,0,0,0,0,0,2871590,102662,4435018,105,0,0,6367,0,0,0,0,0,0,0,36651070,34036348,0,0,89763,89763,15024,16379,0,0,0,0,0,0,0,0,0,2557496,1277186,0,262144,6535356,169704773,0,0,1026,1025,1572077669,0,0,0,0,0,0,0,0,0,0,0,0,1580581973,0,13999,1857070,1437102234,22701,0,0,98995209,0,0,0,0,0,0,0,0,0,0,0,0,0,0,0,0,0,0,0,14582,0,0,0,0,0,0,0,0,0,0,0,0,0,0,0,0,0,0,0,0,0,0,0,0,45708,4050,22696,18646,18646,0,0,3322,0,0,19,0,0,0,0,0,0,0,1,0,1,0,0,0,0,0,0,0,0,0,0,0,0,0,0,0,0,0,0,0,0,714,24,0
1774384139.001301,1301,ubuntu-rog,1,0,0,8478327,0,2877692,3930839,497827,0,107,0,0,0,0,0,1553306757,0,0,4907,1554457393,0,0,2877692,3930839,497827,0,244562,144051,0,0,0,0,0,0,0,0,0,0,2871590,102662,4435020,107,0,0,6367,0,0,0,0,0,0,0,36651072,34036348,0,0,89763,89763,15024,16379,0,0,0,0,0,0,0,0,0,2557571,1277224,0,262144,6535356,169704773,0,0,1026,1025,1572077694,0,0,0,0,0,0,0,0,0,0,0,0,1580581996,0,13999,1857070,1437102234,22701,0,0,98995209,0,0,0,0,0,0,0,0,0,0,0,0,0,0,0,0,0,0,0,14582,0,0,0,0,0,0,0,0,0,0,0,0,0,0,0,0,0,0,0,0,0,0,0,0,45708,4050,22696,18646,18646,0,0,3322,0,0,19,0,0,0,0,0,0,0,1,0,1,0,0,0,0,0,0,0,0,0,0,0,0,0,0,0,0,0,0,0,0,714,24,0
1774384140.001308,1308,ubuntu-rog,1,0,0,8480304,0,2877692,3930839,497827,0,107,0,0,0,0,0,1553306790,0,0,4907,1554457426,0,0,2877692,3930839,497827,0,244562,144051,0,0,0,0,0,0,0,0,0,0,2871590,102662,4435021,107,0,0,6367,0,0,0,0,0,0,0,36651072,34036348,0,0,89763,89763,15024,16379,0,0,0,0,0,0,0,0,0,2557966,1277421,0,262144,6535356,169704789,0,0,1026,1025,1572077727,0,0,0,0,0,0,0,0,0,0,0,0,1580582028,0,13999,1857070,1437102235,22701,0,0,98995209,0,0,0,0,0,0,0,0,0,0,0,0,0,0,0,0,0,0,0,14582,0,0,0,0,0,0,0,0,0,0,0,0,0,0,0,0,0,0,0,0,0,0,0,0,45708,4050,22696,18646,18646,0,0,3322,0,0,19,0,0,0,0,0,0,0,1,0,1,0,0,0,0,0,0,0,0,0,0,0,0,0,0,0,0,0,0,0,0,714,24,0
1774384141.001157,1157,ubuntu-rog,1,0,0,8480304,0,2877692,3930839,497827,0,108,0,0,0,0,0,1553306822,0,0,4907,1554457458,0,0,2877692,3930839,497827,0,244562,144051,0,0,0,0,0,0,0,0,0,0,2871591,102662,4435022,108,0,0,6367,0,0,0,0,0,0,0,36651073,34036348,0,0,89763,89763,15024,16379,0,0,0,0,0,0,0,0,0,2557966,1277421,0,262144,6535356,169704789,0,0,1026,1025,1572077760,0,0,0,0,0,0,0,0,0,0,0,0,1580582059,0,13999,1857070,1437102235,22701,0,0,98995209,0,0,0,0,0,0,0,0,0,0,0,0,0,0,0,0,0,0,0,14582,0,0,0,0,0,0,0,0,0,0,0,0,0,0,0,0,0,0,0,0,0,0,0,0,45708,4050,22696,18646,18646,0,0,3322,0,0,19,0,0,0,0,0,0,0,1,0,1,0,0,0,0,0,0,0,0,0,0,0,0,0,0,0,0,0,0,0,0,714,24,0
1774384142.002157,2157,ubuntu-rog,1,0,0,8480304,0,2877692,3930839,497827,0,109,0,0,0,0,0,1553306848,0,0,4907,1554457484,0,0,2877692,3930839,497827,0,244562,144051,0,0,0,0,0,0,0,0,0,0,2871591,102662,4435023,109,0,0,6367,0,0,0,0,0,0,0,36651074,34036348,0,0,89763,89763,15024,16379,0,0,0,0,0,0,0,0,0,2557966,1277421,0,262144,6535356,169704789,0,0,1026,1025,1572077785,0,0,0,0,0,0,0,0,0,0,0,0,1580582083,0,13999,1857070,1437102235,22701,0,0,98995209,0,0,0,0,0,0,0,0,0,0,0,0,0,0,0,0,0,0,0,14582,0,0,0,0,0,0,0,0,0,0,0,0,0,0,0,0,0,0,0,0,0,0,0,0,45708,4050,22696,18646,18646,0,0,3322,0,0,19,0,0,0,0,0,0,0,1,0,1,0,0,0,0,0,0,0,0,0,0,0,0,0,0,0,0,0,0,0,0,714,24,0
1774384143.001262,1262,ubuntu-rog,1,0,0,8480304,0,2877692,3930839,497827,0,109,0,0,0,0,0,1553306878,0,0,4907,1554457514,0,0,2877692,3930839,497827,0,244562,144051,0,0,0,0,0,0,0,0,0,0,2871591,102662,4435023,109,0,0,6367,0,0,0,0,0,0,0,36651074,34036348,0,0,89763,89763,15024,16379,0,0,0,0,0,0,0,0,0,2557966,1277421,0,262144,6535356,169704789,0,0,1026,1025,1572077815,0,0,0,0,0,0,0,0,0,0,0,0,1580582113,0,13999,1857070,1437102235,22701,0,0,98995209,0,0,0,0,0,0,0,0,0,0,0,0,0,0,0,0,0,0,0,14582,0,0,0,0,0,0,0,0,0,0,0,0,0,0,0,0,0,0,0,0,0,0,0,0,45708,4050,22696,18646,18646,0,0,3322,0,0,19,0,0,0,0,0,0,0,1,0,1,0,0,0,0,0,0,0,0,0,0,0,0,0,0,0,0,0,0,0,0,714,24,0
1774384144.001298,1298,ubuntu-rog,1,0,0,8480304,0,2877692,3930839,497827,0,109,0,0,0,0,0,1553306909,0,0,4907,1554457545,0,0,2877692,3930839,497827,0,244562,144051,0,0,0,0,0,0,0,0,0,0,2871591,102662,4435023,109,0,0,6367,0,0,0,0,0,0,0,36651074,34036348,0,0,89763,89763,15024,16379,0,0,0,0,0,0,0,0,0,2557966,1277421,0,262144,6535356,169704789,0,0,1026,1025,1572077846,0,0,0,0,0,0,0,0,0,0,0,0,1580582144,0,13999,1857070,1437102235,22701,0,0,98995209,0,0,0,0,0,0,0,0,0,0,0,0,0,0,0,0,0,0,0,14582,0,0,0,0,0,0,0,0,0,0,0,0,0,0,0,0,0,0,0,0,0,0,0,0,45708,4050,22696,18646,18646,0,0,3322,0,0,19,0,0,0,0,0,0,0,1,0,1,0,0,0,0,0,0,0,0,0,0,0,0,0,0,0,0,0,0,0,0,714,24,0
1774384145.001304,1304,ubuntu-rog,1,0,0,8480304,0,2877692,3930839,497827,0,110,0,0,0,0,0,1553306939,0,0,4907,1554457575,0,0,2877692,3930839,497827,0,244562,144051,0,0,0,0,0,0,0,0,0,0,2871591,102662,4435024,110,0,0,6367,0,0,0,0,0,0,0,36651075,34036348,0,0,89763,89763,15024,16379,0,0,0,0,0,0,0,0,0,2557966,1277421,0,262144,6535356,169704789,0,0,1026,1025,1572077876,0,0,0,0,0,0,0,0,0,0,0,0,1580582173,0,13999,1857070,1437102235,22701,0,0,98995209,0,0,0,0,0,0,0,0,0,0,0,0,0,0,0,0,0,0,0,14582,0,0,0,0,0,0,0,0,0,0,0,0,0,0,0,0,0,0,0,0,0,0,0,0,45708,4050,22696,18646,18646,0,0,3322,0,0,19,0,0,0,0,0,0,0,1,0,1,0,0,0,0,0,0,0,0,0,0,0,0,0,0,0,0,0,0,0,0,714,24,0
1774384146.002156,2156,ubuntu-rog,1,0,0,8480304,0,2877692,3930839,497827,0,111,0,0,0,0,0,1553306974,0,0,4907,1554457610,0,0,2877692,3930839,497827,0,244562,144051,0,0,0,0,0,0,0,0,0,0,2871591,102662,4435026,111,0,0,6367,0,0,0,0,0,0,0,36651076,34036348,0,0,89763,89763,15024,16379,0,0,0,0,0,0,0,0,0,2557966,1277421,0,262144,6535356,169704805,0,0,1026,1025,1572077911,0,0,0,0,0,0,0,0,0,0,0,0,1580582206,0,13999,1857070,1437102235,22701,0,0,98995209,0,0,0,0,0,0,0,0,0,0,0,0,0,0,0,0,0,0,0,14582,0,0,0,0,0,0,0,0,0,0,0,0,0,0,0,0,0,0,0,0,0,0,0,0,45708,4050,22696,18646,18646,0,0,3322,0,0,19,0,0,0,0,0,0,0,1,0,1,0,0,0,0,0,0,0,0,0,0,0,0,0,0,0,0,0,0,0,0,714,24,0
1774384147.001163,1163,ubuntu-rog,1,0,0,8480304,0,2877692,3930839,497827,0,111,0,0,0,0,0,1553307000,0,0,4907,1554457636,0,0,2877692,3930839,497827,0,244562,144051,0,0,0,0,0,0,0,0,0,0,2871591,102662,4435026,111,0,0,6367,0,0,0,0,0,0,0,36651076,34036348,0,0,89763,89763,15024,16379,0,0,0,0,0,0,0,0,0,2557966,1277421,0,262144,6535356,169704821,0,0,1026,1025,1572077937,0,0,0,0,0,0,0,0,0,0,0,0,1580582232,0,13999,1857070,1437102235,22701,0,0,98995209,0,0,0,0,0,0,0,0,0,0,0,0,0,0,0,0,0,0,0,14582,0,0,0,0,0,0,0,0,0,0,0,0,0,0,0,0,0,0,0,0,0,0,0,0,45708,4050,22696,18646,18646,0,0,3322,0,0,19,0,0,0,0,0,0,0,1,0,1,0,0,0,0,0,0,0,0,0,0,0,0,0,0,0,0,0,0,0,0,714,24,0
1774384148.001262,1262,ubuntu-rog,1,0,0,8480607,0,2877702,3930839,497827,0,107,0,0,0,0,0,1553307030,0,0,4907,1554457666,0,0,2877702,3930839,497827,0,244562,144051,0,0,0,0,0,0,0,0,0,0,2871591,102662,4435026,107,0,0,6367,0,0,0,0,0,0,0,36651076,34036352,0,0,89763,89763,15024,16379,0,0,0,0,0,0,0,0,0,2558027,1277451,0,262144,6535356,169704821,0,0,1026,1025,1572077967,0,0,0,0,0,0,0,0,0,0,0,0,1580582262,0,13999,1857070,1437102239,22701,0,0,98995213,0,0,0,0,0,0,0,0,0,0,0,0,0,0,0,0,0,0,0,14582,0,0,0,0,0,0,0,0,0,0,0,0,0,0,0,0,0,0,0,0,0,0,0,0,45708,4050,22696,18646,18646,0,0,3322,0,0,19,0,0,0,0,0,0,0,1,0,1,0,0,0,0,0,0,0,0,0,0,0,0,0,0,0,0,0,0,0,0,714,24,0
1774384149.001300,1300,ubuntu-rog,1,0,0,8481008,0,2877702,3930839,497827,0,108,0,0,0,0,0,1553307062,0,0,4907,1554457698,0,0,2877702,3930839,497827,0,244562,144051,0,0,0,0,0,0,0,0,0,0,2871591,102662,4435027,108,0,0,6367,0,0,0,0,0,0,0,36651077,34036352,0,0,89763,89763,15024,16379,0,0,0,0,0,0,0,0,0,2558107,1277491,0,262144,6535356,169704821,0,0,1026,1025,1572077999,0,0,0,0,0,0,0,0,0,0,0,0,1580582293,0,13999,1857070,1437102239,22701,0,0,98995213,0,0,0,0,0,0,0,0,0,0,0,0,0,0,0,0,0,0,0,14582,0,0,0,0,0,0,0,0,0,0,0,0,0,0,0,0,0,0,0,0,0,0,0,0,45708,4050,22696,18646,18646,0,0,3322,0,0,19,0,0,0,0,0,0,0,1,0,1,0,0,0,0,0,0,0,0,0,0,0,0,0,0,0,0,0,0,0,0,714,24,0
1774384150.002299,2299,ubuntu-rog,1,0,0,8481405,0,2877702,3930839,497827,0,108,0,0,0,0,0,1553307087,0,0,4907,1554457723,0,0,2877702,3930839,497827,0,244562,144051,0,0,0,0,0,0,0,0,0,0,2871591,102662,4435027,108,0,0,6367,0,0,0,0,0,0,0,36651077,34036352,0,0,89763,89763,15024,16379,0,0,0,0,0,0,0,0,0,2558186,1277531,0,262144,6535356,169705165,0,0,1026,1025,1572078024,0,0,0,0,0,0,0,0,0,0,0,0,1580582318,0,13999,1857070,1437102239,22701,0,0,98995213,0,0,0,0,0,0,0,0,0,0,0,0,0,0,0,0,0,0,0,14582,0,0,0,0,0,0,0,0,0,0,0,0,0,0,0,0,0,0,0,0,0,0,0,0,45708,4050,22696,18646,18646,0,0,3322,0,0,19,0,0,0,0,0,0,0,1,0,1,0,0,0,0,0,0,0,0,0,0,0,0,0,0,0,0,0,0,0,0,714,24,0
1774384151.001158,1158,ubuntu-rog,1,0,0,8481659,0,2877702,3930839,497827,0,25,0,0,0,0,0,1553307120,0,0,4907,1554457756,0,0,2877702,3930839,497827,0,244563,144051,0,0,0,0,0,0,0,0,0,0,2871590,102662,4435030,25,0,0,6367,0,0,0,0,0,0,0,36651080,34036438,0,0,89763,89763,15024,16379,0,0,0,0,0,0,0,0,0,2558237,1277556,0,262144,6535356,169705201,0,0,1026,1025,1572078057,0,0,0,0,0,0,0,0,0,0,0,0,1580582347,0,13999,1857070,1437102239,22701,0,0,98995213,0,0,0,0,0,0,0,0,0,0,0,0,0,0,0,0,0,0,0,14582,0,0,0,0,0,0,0,0,0,0,0,0,0,0,0,0,0,0,0,0,0,0,0,0,45708,4050,22696,18646,18646,0,0,3322,0,0,19,0,0,0,0,0,0,0,1,0,1,0,0,0,0,0,0,0,0,0,0,0,0,0,0,0,0,0,0,0,0,714,24,0
1774384152.001160,1160,ubuntu-rog,1,0,0,8481828,0,2877702,3930839,497827,0,25,0,0,0,0,0,1553307154,0,0,4907,1554457790,0,0,2877702,3930839,497827,0,244563,144051,0,0,0,0,0,0,0,0,0,0,2871590,102662,4435030,25,0,0,6367,0,0,0,0,0,0,0,36651080,34036438,0,0,89763,89763,15024,16379,0,0,0,0,0,0,0,0,0,2558271,1277573,0,262144,6535356,169705201,0,0,1026,1025,1572078091,0,0,0,0,0,0,0,0,0,0,0,0,1580582381,0,13999,1857070,1437102239,22701,0,0,98995213,0,0,0,0,0,0,0,0,0,0,0,0,0,0,0,0,0,0,0,14582,0,0,0,0,0,0,0,0,0,0,0,0,0,0,0,0,0,0,0,0,0,0,0,0,45708,4050,22696,18646,18646,0,0,3322,0,0,19,0,0,0,0,0,0,0,1,0,1,0,0,0,0,0,0,0,0,0,0,0,0,0,0,0,0,0,0,0,0,714,24,0
1774384153.001263,1263,ubuntu-rog,1,0,0,8481856,0,2877702,3930839,497827,0,26,0,0,0,0,0,1553307175,0,0,4907,1554457811,0,0,2877702,3930839,497827,0,244563,144051,0,0,0,0,0,0,0,0,0,0,2871590,102662,4435031,26,0,0,6367,0,0,0,0,0,0,0,36651081,34036438,0,0,89763,89763,15024,16379,0,0,0,0,0,0,0,0,0,2558276,1277576,0,262144,6535356,169705201,0,0,1026,1025,1572078112,0,0,0,0,0,0,0,0,0,0,0,0,1580582401,0,13999,1857070,1437102239,22701,0,0,98995213,0,0,0,0,0,0,0,0,0,0,0,0,0,0,0,0,0,0,0,14582,0,0,0,0,0,0,0,0,0,0,0,0,0,0,0,0,0,0,0,0,0,0,0,0,45708,4050,22696,18646,18646,0,0,3322,0,0,19,0,0,0,0,0,0,0,1,0,1,0,0,0,0,0,0,0,0,0,0,0,0,0,0,0,0,0,0,0,0,714,24,0
1774384154.002296,2296,ubuntu-rog,1,0,0,8481856,0,2877702,3930839,497827,0,16,0,0,0,0,0,1553307203,0,0,4907,1554457839,0,0,2877702,3930839,497827,0,244563,144051,0,0,0,0,0,0,0,0,0,0,2871590,102662,4435032,16,0,0,6367,0,0,0,0,0,0,0,36651083,34036450,0,0,89763,89763,15024,16379,0,0,0,0,0,0,0,0,0,2558276,1277576,0,262144,6535356,169705241,0,0,1026,1025,1572078140,0,0,0,0,0,0,0,0,0,0,0,0,1580582428,0,13999,1857070,1437102239,22701,0,0,98995213,0,0,0,0,0,0,0,0,0,0,0,0,0,0,0,0,0,0,0,14582,0,0,0,0,0,0,0,0,0,0,0,0,0,0,0,0,0,0,0,0,0,0,0,0,45708,4050,22696,18646,18646,0,0,3322,0,0,19,0,0,0,0,0,0,0,1,0,1,0,0,0,0,0,0,0,0,0,0,0,0,0,0,0,0,0,0,0,0,714,24,0
1774384155.001303,1303,ubuntu-rog,1,0,0,8481856,0,2877702,3930839,497827,0,16,0,0,0,0,0,1553307233,0,0,4907,1554457869,0,0,2877702,3930839,497827,0,244563,144051,0,0,0,0,0,0,0,0,0,0,2871590,102662,4435032,16,0,0,6367,0,0,0,0,0,0,0,36651083,34036450,0,0,89763,89763,15024,16379,0,0,0,0,0,0,0,0,0,2558276,1277576,0,262144,6535356,169705241,0,0,1026,1025,1572078170,0,0,0,0,0,0,0,0,0,0,0,0,1580582458,0,13999,1857070,1437102239,22701,0,0,98995213,0,0,0,0,0,0,0,0,0,0,0,0,0,0,0,0,0,0,0,14582,0,0,0,0,0,0,0,0,0,0,0,0,0,0,0,0,0,0,0,0,0,0,0,0,45708,4050,22696,18646,18646,0,0,3322,0,0,19,0,0,0,0,0,0,0,1,0,1,0,0,0,0,0,0,0,0,0,0,0,0,0,0,0,0,0,0,0,0,714,24,0
1774384156.001157,1157,ubuntu-rog,1,0,0,8481856,0,2877702,3930839,497827,0,18,0,0,0,0,0,1553307257,0,0,4907,1554457893,0,0,2877702,3930839,497827,0,244563,144051,0,0,0,0,0,0,0,0,0,0,2871590,102662,4435034,18,0,0,6367,0,0,0,0,0,0,0,36651085,34036450,0,0,89763,89763,15024,16379,0,0,0,0,0,0,0,0,0,2558276,1277576,0,262144,6535356,169705257,0,0,1026,1025,1572078194,0,0,0,0,0,0,0,0,0,0,0,0,1580582480,0,13999,1857070,1437102239,22701,0,0,98995213,0,0,0,0,0,0,0,0,0,0,0,0,0,0,0,0,0,0,0,14582,0,0,0,0,0,0,0,0,0,0,0,0,0,0,0,0,0,0,0,0,0,0,0,0,45708,4050,22696,18646,18646,0,0,3322,0,0,19,0,0,0,0,0,0,0,1,0,1,0,0,0,0,0,0,0,0,0,0,0,0,0,0,0,0,0,0,0,0,714,24,0
1774384157.001160,1160,ubuntu-rog,1,0,0,8481856,0,2877702,3930839,497827,0,19,0,0,0,0,0,1553307288,0,0,4907,1554457924,0,0,2877702,3930839,497827,0,244563,144051,0,0,0,0,0,0,0,0,0,0,2871590,102662,4435035,19,0,0,6367,0,0,0,0,0,0,0,36651086,34036450,0,0,89763,89763,15024,16379,0,0,0,0,0,0,0,0,0,2558276,1277576,0,262144,6535356,169705257,0,0,1026,1025,1572078225,0,0,0,0,0,0,0,0,0,0,0,0,1580582510,0,13999,1857070,1437102239,22701,0,0,98995213,0,0,0,0,0,0,0,0,0,0,0,0,0,0,0,0,0,0,0,14582,0,0,0,0,0,0,0,0,0,0,0,0,0,0,0,0,0,0,0,0,0,0,0,0,45708,4050,22696,18646,18646,0,0,3322,0,0,19,0,0,0,0,0,0,0,1,0,1,0,0,0,0,0,0,0,0,0,0,0,0,0,0,0,0,0,0,0,0,714,24,0
1774384158.002261,2261,ubuntu-rog,1,0,0,8481856,0,2877702,3930839,497827,0,19,0,0,0,0,0,1553307320,0,0,4907,1554457956,0,0,2877702,3930839,497827,0,244563,144051,0,0,0,0,0,0,0,0,0,0,2871590,102662,4435035,19,0,0,6367,0,0,0,0,0,0,0,36651086,34036450,0,0,89763,89763,15024,16379,0,0,0,0,0,0,0,0,0,2558276,1277576,0,262144,6535356,169705257,0,0,1026,1025,1572078257,0,0,0,0,0,0,0,0,0,0,0,0,1580582542,0,13999,1857070,1437102239,22701,0,0,98995213,0,0,0,0,0,0,0,0,0,0,0,0,0,0,0,0,0,0,0,14582,0,0,0,0,0,0,0,0,0,0,0,0,0,0,0,0,0,0,0,0,0,0,0,0,45708,4050,22696,18646,18646,0,0,3322,0,0,19,0,0,0,0,0,0,0,1,0,1,0,0,0,0,0,0,0,0,0,0,0,0,0,0,0,0,0,0,0,0,714,24,0
1774384159.001300,1300,ubuntu-rog,1,0,0,8481856,0,2877702,3930839,497827,0,19,0,0,0,0,0,1553307349,0,0,4907,1554457985,0,0,2877702,3930839,497827,0,244563,144051,0,0,0,0,0,0,0,0,0,0,2871590,102662,4435035,19,0,0,6367,0,0,0,0,0,0,0,36651086,34036450,0,0,89763,89763,15024,16379,0,0,0,0,0,0,0,0,0,2558276,1277576,0,262144,6535356,169705257,0,0,1026,1025,1572078286,0,0,0,0,0,0,0,0,0,0,0,0,1580582571,0,13999,1857070,1437102239,22701,0,0,98995213,0,0,0,0,0,0,0,0,0,0,0,0,0,0,0,0,0,0,0,14582,0,0,0,0,0,0,0,0,0,0,0,0,0,0,0,0,0,0,0,0,0,0,0,0,45708,4050,22696,18646,18646,0,0,3322,0,0,19,0,0,0,0,0,0,0,1,0,1,0,0,0,0,0,0,0,0,0,0,0,0,0,0,0,0,0,0,0,0,714,24,0
1774384160.001301,1301,ubuntu-rog,1,0,0,8481856,0,2877702,3930839,497827,0,20,0,0,0,0,0,1553307380,0,0,4907,1554458016,0,0,2877702,3930839,497827,0,244563,144051,0,0,0,0,0,0,0,0,0,0,2871590,102662,4435036,20,0,0,6367,0,0,0,0,0,0,0,36651087,34036450,0,0,89763,89763,15024,16379,0,0,0,0,0,0,0,0,0,2558276,1277576,0,262144,6535356,169705257,0,0,1026,1025,1572078317,0,0,0,0,0,0,0,0,0,0,0,0,1580582601,0,13999,1857070,1437102239,22701,0,0,98995213,0,0,0,0,0,0,0,0,0,0,0,0,0,0,0,0,0,0,0,14582,0,0,0,0,0,0,0,0,0,0,0,0,0,0,0,0,0,0,0,0,0,0,0,0,45708,4050,22696,18646,18646,0,0,3322,0,0,19,0,0,0,0,0,0,0,1,0,1,0,0,0,0,0,0,0,0,0,0,0,0,0,0,0,0,0,0,0,0,714,24,0
1774384161.001156,1156,ubuntu-rog,1,0,0,8481856,0,2877702,3930839,497827,0,20,0,0,0,0,0,1553307405,0,0,4907,1554458041,0,0,2877702,3930839,497827,0,244563,144051,0,0,0,0,0,0,0,0,0,0,2871590,102662,4435038,20,0,0,6367,0,0,0,0,0,0,0,36651087,34036450,0,0,89763,89763,15024,16379,0,0,0,0,0,0,0,0,0,2558276,1277576,0,262144,6535356,169705273,0,0,1026,1025,1572078342,0,0,0,0,0,0,0,0,0,0,0,0,1580582624,0,13999,1857070,1437102239,22701,0,0,98995213,0,0,0,0,0,0,0,0,0,0,0,0,0,0,0,0,0,0,0,14582,0,0,0,0,0,0,0,0,0,0,0,0,0,0,0,0,0,0,0,0,0,0,0,0,45708,4050,22696,18646,18646,0,0,3322,0,0,19,0,0,0,0,0,0,0,1,0,1,0,0,0,0,0,0,0,0,0,0,0,0,0,0,0,0,0,0,0,0,714,24,0
1774384162.002157,2157,ubuntu-rog,1,0,0,8481856,0,2877702,3930839,497827,0,20,0,0,0,0,0,1553307436,0,0,4907,1554458072,0,0,2877702,3930839,497827,0,244563,144051,0,0,0,0,0,0,0,0,0,0,2871590,102662,4435038,20,0,0,6367,0,0,0,0,0,0,0,36651087,34036450,0,0,89763,89763,15024,16379,0,0,0,0,0,0,0,0,0,2558276,1277576,0,262144,6535356,169705273,0,0,1026,1025,1572078373,0,0,0,0,0,0,0,0,0,0,0,0,1580582655,0,13999,1857070,1437102239,22701,0,0,98995213,0,0,0,0,0,0,0,0,0,0,0,0,0,0,0,0,0,0,0,14582,0,0,0,0,0,0,0,0,0,0,0,0,0,0,0,0,0,0,0,0,0,0,0,0,45708,4050,22696,18646,18646,0,0,3322,0,0,19,0,0,0,0,0,0,0,1,0,1,0,0,0,0,0,0,0,0,0,0,0,0,0,0,0,0,0,0,0,0,714,24,0
1774384163.001263,1263,ubuntu-rog,1,0,0,8481793,0,2877702,3930839,497827,0,5,0,0,0,0,0,1553307469,0,0,4907,1554458105,0,0,2877702,3930839,497827,0,244564,144051,0,0,0,0,0,0,0,0,0,0,2871590,102662,4435039,5,0,0,6367,0,0,0,0,0,0,0,36651089,34036467,0,0,89763,89763,15024,16379,0,0,0,0,0,0,0,0,0,2558264,1277570,0,262144,6535356,169705341,0,0,1026,1025,1572078406,0,0,0,0,0,0,0,0,0,0,0,0,1580582686,0,13999,1857070,1437102239,22701,0,0,98995213,0,0,0,0,0,0,0,0,0,0,0,0,0,0,0,0,0,0,0,14582,0,0,0,0,0,0,0,0,0,0,0,0,0,0,0,0,0,0,0,0,0,0,0,0,45708,4050,22696,18646,18646,0,0,3322,0,0,19,0,0,0,0,0,0,0,1,0,1,0,0,0,0,0,0,0,0,0,0,0,0,0,0,0,0,0,0,0,0,714,24,0
1774384164.001299,1299,ubuntu-rog,1,0,0,8481793,0,2877702,3930839,497827,0,7,0,0,0,0,0,1553307494,0,0,4907,1554458130,0,0,2877702,3930839,497827,0,244564,144051,0,0,0,0,0,0,0,0,0,0,2871590,102662,4435040,7,0,0,6367,0,0,0,0,0,0,0,36651091,34036467,0,0,89763,89763,15024,16379,0,0,0,0,0,0,0,0,0,2558264,1277570,0,262144,6535356,169705341,0,0,1026,1025,1572078431,0,0,0,0,0,0,0,0,0,0,0,0,1580582710,0,13999,1857070,1437102239,22701,0,0,98995213,0,0,0,0,0,0,0,0,0,0,0,0,0,0,0,0,0,0,0,14582,0,0,0,0,0,0,0,0,0,0,0,0,0,0,0,0,0,0,0,0,0,0,0,0,45708,4050,22696,18646,18646,0,0,3322,0,0,19,0,0,0,0,0,0,0,1,0,1,0,0,0,0,0,0,0,0,0,0,0,0,0,0,0,0,0,0,0,0,714,24,0
1774384165.001301,1301,ubuntu-rog,1,0,0,8481793,0,2877702,3930839,497827,0,7,0,0,0,0,0,1553307523,0,0,4907,1554458159,0,0,2877702,3930839,497827,0,244564,144051,0,0,0,0,0,0,0,0,0,0,2871590,102662,4435040,7,0,0,6367,0,0,0,0,0,0,0,36651091,34036467,0,0,89763,89763,15024,16379,0,0,0,0,0,0,0,0,0,2558264,1277570,0,262144,6535356,169705341,0,0,1026,1025,1572078460,0,0,0,0,0,0,0,0,0,0,0,0,1580582739,0,13999,1857070,1437102239,22701,0,0,98995213,0,0,0,0,0,0,0,0,0,0,0,0,0,0,0,0,0,0,0,14582,0,0,0,0,0,0,0,0,0,0,0,0,0,0,0,0,0,0,0,0,0,0,0,0,45708,4050,22696,18646,18646,0,0,3322,0,0,19,0,0,0,0,0,0,0,1,0,1,0,0,0,0,0,0,0,0,0,0,0,0,0,0,0,0,0,0,0,0,714,24,0
1774384166.002154,2154,ubuntu-rog,1,0,0,8481793,0,2877702,3930839,497827,0,13,0,0,0,0,0,1553307552,0,0,4907,1554458188,0,0,2877702,3930839,497827,0,244564,144051,0,0,0,0,0,0,0,0,0,0,2871590,102662,4435041,13,0,0,6367,0,0,0,0,0,0,0,36651097,34036467,0,0,89763,89763,15024,16379,0,0,0,0,0,0,0,0,0,2558264,1277570,0,262144,6535356,169705373,0,0,1026,1025,1572078489,0,0,0,0,0,0,0,0,0,0,0,0,1580582767,0,13999,1857070,1437102239,22701,0,0,98995213,0,0,0,0,0,0,0,0,0,0,0,0,0,0,0,0,0,0,0,14582,0,0,0,0,0,0,0,0,0,0,0,0,0,0,0,0,0,0,0,0,0,0,0,0,45708,4050,22696,18646,18646,0,0,3322,0,0,19,0,0,0,0,0,0,0,1,0,1,0,0,0,0,0,0,0,0,0,0,0,0,0,0,0,0,0,0,0,0,714,24,0
1774384167.001160,1160,ubuntu-rog,1,0,0,8481793,0,2877702,3930839,497827,0,14,0,0,0,0,0,1553307575,0,0,4907,1554458211,0,0,2877702,3930839,497827,0,244564,144051,0,0,0,0,0,0,0,0,0,0,2871590,102662,4435042,14,0,0,6367,0,0,0,0,0,0,0,36651098,34036467,0,0,89763,89763,15024,16379,0,0,0,0,0,0,0,0,0,2558264,1277570,0,262144,6535356,169705373,0,0,1026,1025,1572078512,0,0,0,0,0,0,0,0,0,0,0,0,1580582789,0,13999,1857070,1437102239,22701,0,0,98995213,0,0,0,0,0,0,0,0,0,0,0,0,0,0,0,0,0,0,0,14582,0,0,0,0,0,0,0,0,0,0,0,0,0,0,0,0,0,0,0,0,0,0,0,0,45708,4050,22696,18646,18646,0,0,3322,0,0,19,0,0,0,0,0,0,0,1,0,1,0,0,0,0,0,0,0,0,0,0,0,0,0,0,0,0,0,0,0,0,714,24,0
1774384168.001261,1261,ubuntu-rog,1,0,0,8481793,0,2877702,3930839,497827,0,14,0,0,0,0,0,1553307607,0,0,4907,1554458243,0,0,2877702,3930839,497827,0,244564,144051,0,0,0,0,0,0,0,0,0,0,2871590,102662,4435042,14,0,0,6367,0,0,0,0,0,0,0,36651098,34036467,0,0,89763,89763,15024,16379,0,0,0,0,0,0,0,0,0,2558264,1277570,0,262144,6535356,169705373,0,0,1026,1025,1572078544,0,0,0,0,0,0,0,0,0,0,0,0,1580582821,0,13999,1857070,1437102239,22701,0,0,98995213,0,0,0,0,0,0,0,0,0,0,0,0,0,0,0,0,0,0,0,14582,0,0,0,0,0,0,0,0,0,0,0,0,0,0,0,0,0,0,0,0,0,0,0,0,45708,4050,22696,18646,18646,0,0,3322,0,0,19,0,0,0,0,0,0,0,1,0,1,0,0,0,0,0,0,0,0,0,0,0,0,0,0,0,0,0,0,0,0,714,24,0
1774384169.001300,1300,ubuntu-rog,1,0,0,8481793,0,2877702,3930839,497827,0,14,0,0,0,0,0,1553307639,0,0,4907,1554458275,0,0,2877702,3930839,497827,0,244564,144051,0,0,0,0,0,0,0,0,0,0,2871590,102662,4435042,14,0,0,6367,0,0,0,0,0,0,0,36651098,34036467,0,0,89767,89767,15040,16379,0,0,0,0,0,0,0,0,0,2558264,1277570,0,262144,6535356,169705373,0,0,1026,1025,1572078576,0,0,0,0,0,0,0,0,0,0,0,0,1580582853,0,13999,1857070,1437102239,22701,0,0,98995213,0,0,0,0,0,0,0,0,0,0,0,0,0,0,0,0,0,0,0,14582,0,0,0,0,0,0,0,0,0,0,0,0,0,0,0,0,0,0,0,0,0,0,0,0,45708,4050,22696,18646,18646,0,0,3322,0,0,19,0,0,0,0,0,0,0,1,0,1,0,0,0,0,0,0,0,0,0,0,0,0,0,0,0,0,0,0,0,0,714,24,0
1774384170.002298,2298,ubuntu-rog,1,0,0,8481793,0,2877702,3930839,497827,0,16,0,0,0,0,0,1553307665,0,0,4907,1554458301,0,0,2877702,3930839,497827,0,244564,144051,0,0,0,0,0,0,0,0,0,0,2871590,102662,4435044,16,0,0,6367,0,0,0,0,0,0,0,36651100,34036467,0,0,89767,89767,15040,16379,0,0,0,0,0,0,0,0,0,2558264,1277570,0,262144,6535356,169705373,0,0,1026,1025,1572078602,0,0,0,0,0,0,0,0,0,0,0,0,1580582877,0,13999,1857070,1437102239,22701,0,0,98995213,0,0,0,0,0,0,0,0,0,0,0,0,0,0,0,0,0,0,0,14582,0,0,0,0,0,0,0,0,0,0,0,0,0,0,0,0,0,0,0,0,0,0,0,0,45708,4050,22696,18646,18646,0,0,3322,0,0,19,0,0,0,0,0,0,0,1,0,1,0,0,0,0,0,0,0,0,0,0,0,0,0,0,0,0,0,0,0,0,714,24,0
1774384171.001162,1162,ubuntu-rog,1,0,0,8481793,0,2877702,3930839,497827,0,16,0,0,0,0,0,1553307693,0,0,4907,1554458329,0,0,2877702,3930839,497827,0,244564,144051,0,0,0,0,0,0,0,0,0,0,2871590,102662,4435044,16,0,0,6367,0,0,0,0,0,0,0,36651100,34036467,0,0,89767,89767,15040,16379,0,0,0,0,0,0,0,0,0,2558264,1277570,0,262144,6535356,169705373,0,0,1026,1025,1572078630,0,0,0,0,0,0,0,0,0,0,0,0,1580582905,0,13999,1857070,1437102239,22701,0,0,98995213,0,0,0,0,0,0,0,0,0,0,0,0,0,0,0,0,0,0,0,14582,0,0,0,0,0,0,0,0,0,0,0,0,0,0,0,0,0,0,0,0,0,0,0,0,45708,4050,22696,18646,18646,0,0,3322,0,0,19,0,0,0,0,0,0,0,1,0,1,0,0,0,0,0,0,0,0,0,0,0,0,0,0,0,0,0,0,0,0,714,24,0
1774384172.001166,1166,ubuntu-rog,1,0,0,8481793,0,2877702,3930839,497827,0,16,0,0,0,0,0,1553307725,0,0,4907,1554458361,0,0,2877702,3930839,497827,0,244564,144051,0,0,0,0,0,0,0,0,0,0,2871590,102662,4435046,16,0,0,6367,0,0,0,0,0,0,0,36651100,34036467,0,0,89767,89767,15040,16379,0,0,0,0,0,0,0,0,0,2558264,1277570,0,262144,6535356,169705389,0,0,1026,1025,1572078662,0,0,0,0,0,0,0,0,0,0,0,0,1580582935,0,13999,1857070,1437102239,22701,0,0,98995213,0,0,0,0,0,0,0,0,0,0,0,0,0,0,0,0,0,0,0,14582,0,0,0,0,0,0,0,0,0,0,0,0,0,0,0,0,0,0,0,0,0,0,0,0,45708,4050,22696,18646,18646,0,0,3322,0,0,19,0,0,0,0,0,0,0,1,0,1,0,0,0,0,0,0,0,0,0,0,0,0,0,0,0,0,0,0,0,0,714,24,0
1774384173.001263,1263,ubuntu-rog,1,0,0,8481793,0,2877702,3930839,497827,0,16,0,0,0,0,0,1553307753,0,0,4907,1554458389,0,0,2877702,3930839,497827,0,244564,144051,0,0,0,0,0,0,0,0,0,0,2871590,102662,4435046,16,0,0,6367,0,0,0,0,0,0,0,36651100,34036467,0,0,89767,89767,15040,16379,0,0,0,0,0,0,0,0,0,2558264,1277570,0,262144,6535356,169705389,0,0,1026,1025,1572078690,0,0,0,0,0,0,0,0,0,0,0,0,1580582963,0,13999,1857070,1437102239,22701,0,0,98995213,0,0,0,0,0,0,0,0,0,0,0,0,0,0,0,0,0,0,0,14582,0,0,0,0,0,0,0,0,0,0,0,0,0,0,0,0,0,0,0,0,0,0,0,0,45708,4050,22696,18646,18646,0,0,3322,0,0,19,0,0,0,0,0,0,0,1,0,1,0,0,0,0,0,0,0,0,0,0,0,0,0,0,0,0,0,0,0,0,714,24,0
1774384174.002297,2297,ubuntu-rog,1,0,0,8481793,0,2877702,3930839,497827,0,17,0,0,0,0,0,1553307784,0,0,4907,1554458420,0,0,2877702,3930839,497827,0,244564,144051,0,0,0,0,0,0,0,0,0,0,2871590,102662,4435047,17,0,0,6367,0,0,0,0,0,0,0,36651101,34036467,0,0,89767,89767,15040,16379,0,0,0,0,0,0,0,0,0,2558264,1277570,0,262144,6535356,169705389,0,0,1026,1025,1572078721,0,0,0,0,0,0,0,0,0,0,0,0,1580582993,0,13999,1857070,1437102239,22701,0,0,98995213,0,0,0,0,0,0,0,0,0,0,0,0,0,0,0,0,0,0,0,14582,0,0,0,0,0,0,0,0,0,0,0,0,0,0,0,0,0,0,0,0,0,0,0,0,45708,4050,22696,18646,18646,0,0,3322,0,0,19,0,0,0,0,0,0,0,1,0,1,0,0,0,0,0,0,0,0,0,0,0,0,0,0,0,0,0,0,0,0,714,24,0
1774384175.001302,1302,ubuntu-rog,1,0,0,8481793,0,2877702,3930839,497827,0,17,0,0,0,0,0,1553307808,0,0,4907,1554458444,0,0,2877702,3930839,497827,0,244564,144051,0,0,0,0,0,0,0,0,0,0,2871590,102662,4435047,17,0,0,6367,0,0,0,0,0,0,0,36651101,34036467,0,0,89767,89767,15040,16379,0,0,0,0,0,0,0,0,0,2558264,1277570,0,262144,6535356,169705389,0,0,1026,1025,1572078745,0,0,0,0,0,0,0,0,0,0,0,0,1580583017,0,13999,1857070,1437102239,22701,0,0,98995213,0,0,0,0,0,0,0,0,0,0,0,0,0,0,0,0,0,0,0,14582,0,0,0,0,0,0,0,0,0,0,0,0,0,0,0,0,0,0,0,0,0,0,0,0,45708,4050,22696,18646,18646,0,0,3322,0,0,19,0,0,0,0,0,0,0,1,0,1,0,0,0,0,0,0,0,0,0,0,0,0,0,0,0,0,0,0,0,0,714,24,0
1774384176.001158,1158,ubuntu-rog,1,0,0,8481793,0,2877702,3930839,497827,0,18,0,0,0,0,0,1553307837,0,0,4907,1554458473,0,0,2877702,3930839,497827,0,244564,144051,0,0,0,0,0,0,0,0,0,0,2871590,102662,4435048,18,0,0,6367,0,0,0,0,0,0,0,36651102,34036467,0,0,89767,89767,15040,16379,0,0,0,0,0,0,0,0,0,2558264,1277570,0,262144,6535356,169705389,0,0,1026,1025,1572078774,0,0,0,0,0,0,0,0,0,0,0,0,1580583045,0,13999,1857070,1437102239,22701,0,0,98995213,0,0,0,0,0,0,0,0,0,0,0,0,0,0,0,0,0,0,0,14582,0,0,0,0,0,0,0,0,0,0,0,0,0,0,0,0,0,0,0,0,0,0,0,0,45708,4050,22696,18646,18646,0,0,3322,0,0,19,0,0,0,0,0,0,0,1,0,1,0,0,0,0,0,0,0,0,0,0,0,0,0,0,0,0,0,0,0,0,714,24,0
1774384177.001136,1136,ubuntu-rog,1,0,0,8481793,0,2877702,3930839,497827,0,19,0,0,0,0,0,1553307866,0,0,4907,1554458502,0,0,2877702,3930839,497827,0,244564,144051,0,0,0,0,0,0,0,0,0,0,2871590,102662,4435049,19,0,0,6367,0,0,0,0,0,0,0,36651103,34036467,0,0,89767,89767,15040,16379,0,0,0,0,0,0,0,0,0,2558264,1277570,0,262144,6535356,169705389,0,0,1026,1025,1572078803,0,0,0,0,0,0,0,0,0,0,0,0,1580583073,0,13999,1857070,1437102239,22701,0,0,98995213,0,0,0,0,0,0,0,0,0,0,0,0,0,0,0,0,0,0,0,14582,0,0,0,0,0,0,0,0,0,0,0,0,0,0,0,0,0,0,0,0,0,0,0,0,45708,4050,22696,18646,18646,0,0,3322,0,0,19,0,0,0,0,0,0,0,1,0,1,0,0,0,0,0,0,0,0,0,0,0,0,0,0,0,0,0,0,0,0,714,24,0
1774384178.002259,2259,ubuntu-rog,1,0,0,8481793,0,2877702,3930839,497827,0,20,0,0,0,0,0,1553307896,0,0,4907,1554458532,0,0,2877702,3930839,497827,0,244564,144051,0,0,0,0,0,0,0,0,0,0,2871590,102662,4435051,20,0,0,6367,0,0,0,0,0,0,0,36651104,34036467,0,0,89767,89767,15040,16379,0,0,0,0,0,0,0,0,0,2558264,1277570,0,262144,6535356,169705405,0,0,1026,1025,1572078833,0,0,0,0,0,0,0,0,0,0,0,0,1580583101,0,13999,1857070,1437102239,22701,0,0,98995213,0,0,0,0,0,0,0,0,0,0,0,0,0,0,0,0,0,0,0,14582,0,0,0,0,0,0,0,0,0,0,0,0,0,0,0,0,0,0,0,0,0,0,0,0,45708,4050,22696,18646,18646,0,0,3322,0,0,19,0,0,0,0,0,0,0,1,0,1,0,0,0,0,0,0,0,0,0,0,0,0,0,0,0,0,0,0,0,0,714,24,0
1774384179.001299,1299,ubuntu-rog,1,0,0,8481793,0,2877702,3930839,497827,0,20,0,0,0,0,0,1553307933,0,0,4907,1554458569,0,0,2877702,3930839,497827,0,244564,144051,0,0,0,0,0,0,0,0,0,0,2871590,102662,4435051,20,0,0,6367,0,0,0,0,0,0,0,36651104,34036467,0,0,89767,89767,15040,16379,0,0,0,0,0,0,0,0,0,2558264,1277570,0,262144,6535356,169705405,0,0,1026,1025,1572078870,0,0,0,0,0,0,0,0,0,0,0,0,1580583135,0,13999,1857070,1437102239,22701,0,0,98995213,0,0,0,0,0,0,0,0,0,0,0,0,0,0,0,0,0,0,0,14582,0,0,0,0,0,0,0,0,0,0,0,0,0,0,0,0,0,0,0,0,0,0,0,0,45708,4050,22696,18646,18646,0,0,3322,0,0,19,0,0,0,0,0,0,0,1,0,1,0,0,0,0,0,0,0,0,0,0,0,0,0,0,0,0,0,0,0,0,714,24,0
1774384180.001301,1301,ubuntu-rog,1,0,0,8481731,0,2877758,3930839,497827,0,20,0,0,0,0,0,1553308284,0,0,4907,1554458920,0,0,2877758,3930839,497827,0,244564,144055,0,0,0,0,0,0,0,0,0,0,2871631,102662,4435051,20,0,0,6367,0,0,0,0,0,0,0,36651104,34036467,0,0,89767,89767,15040,16379,0,0,0,0,0,0,0,0,0,2558251,1277564,0,262144,6535356,169705405,0,0,1026,1025,1572079293,0,0,0,0,0,0,0,0,0,0,0,0,1580583496,0,13999,1857070,1437102309,22701,0,0,98995215,0,0,0,0,0,0,0,0,0,0,0,0,0,0,0,0,0,0,0,14582,0,0,0,0,0,0,0,0,0,0,0,0,0,0,0,0,0,0,0,0,0,0,0,0,45708,4050,22696,18646,18646,0,0,3322,0,0,19,0,0,0,0,0,0,0,1,0,1,0,0,0,0,0,0,0,0,0,0,0,0,0,0,0,0,0,0,0,0,714,24,0
1774384181.001156,1156,ubuntu-rog,1,0,0,8481731,0,2877765,3930863,497827,0,21,0,0,0,0,0,1553308312,0,0,4907,1554458948,0,0,2877765,3930863,497827,0,244564,144055,0,0,0,0,0,0,0,0,0,0,2871631,102662,4435052,21,0,0,6367,0,0,0,0,0,0,0,36651105,34036467,0,0,89767,89767,15040,16379,0,0,0,0,0,0,0,0,0,2558256,1277566,0,262144,6535356,169705405,0,0,1026,1025,1572079321,0,0,0,0,0,0,0,0,0,0,0,0,1580583523,0,13999,1857070,1437102309,22701,0,0,98995215,0,0,0,0,0,0,0,0,0,0,0,0,0,0,0,0,0,0,0,14582,0,0,0,0,0,0,0,0,0,0,0,0,0,0,0,0,0,0,0,0,0,0,0,0,45708,4050,22696,18646,18646,0,0,3322,0,0,19,0,0,0,0,0,0,0,1,0,1,0,0,0,0,0,0,0,0,0,0,0,0,0,0,0,0,0,0,0,0,714,24,0
1774384182.002156,2156,ubuntu-rog,1,0,0,8481731,0,2877765,3930863,497827,0,21,0,0,0,0,0,1553308341,0,0,4907,1554458977,0,0,2877765,3930863,497827,0,244564,144055,0,0,0,0,0,0,0,0,0,0,2871631,102662,4435052,21,0,0,6367,0,0,0,0,0,0,0,36651105,34036467,0,0,89767,89767,15040,16379,0,0,0,0,0,0,0,0,0,2558256,1277566,0,262144,6535356,169705405,0,0,1026,1025,1572079350,0,0,0,0,0,0,0,0,0,0,0,0,1580583552,0,13999,1857070,1437102309,22701,0,0,98995215,0,0,0,0,0,0,0,0,0,0,0,0,0,0,0,0,0,0,0,14582,0,0,0,0,0,0,0,0,0,0,0,0,0,0,0,0,0,0,0,0,0,0,0,0,45708,4050,22696,18646,18646,0,0,3322,0,0,19,0,0,0,0,0,0,0,1,0,1,0,0,0,0,0,0,0,0,0,0,0,0,0,0,0,0,0,0,0,0,714,24,0
1774384183.001189,1189,ubuntu-rog,1,0,0,8481731,0,2877765,3930863,497827,0,22,0,0,0,0,0,1553308370,0,0,4907,1554459006,0,0,2877765,3930863,497827,0,244564,144055,0,0,0,0,0,0,0,0,0,0,2871631,102662,4435053,22,0,0,6367,0,0,0,0,0,0,0,36651106,34036467,0,0,89767,89767,15040,16379,0,0,0,0,0,0,0,0,0,2558256,1277566,0,262144,6535356,169705421,0,0,1026,1025,1572079379,0,0,0,0,0,0,0,0,0,0,0,0,1580583580,0,13999,1857070,1437102309,22701,0,0,98995215,0,0,0,0,0,0,0,0,0,0,0,0,0,0,0,0,0,0,0,14582,0,0,0,0,0,0,0,0,0,0,0,0,0,0,0,0,0,0,0,0,0,0,0,0,45708,4050,22696,18646,18646,0,0,3322,0,0,19,0,0,0,0,0,0,0,1,0,1,0,0,0,0,0,0,0,0,0,0,0,0,0,0,0,0,0,0,0,0,714,24,0
1774384184.002295,2295,ubuntu-rog,1,0,0,8481731,0,2877765,3930863,497827,0,23,0,0,0,0,0,1553308397,0,0,4907,1554459033,0,0,2877765,3930863,497827,0,244564,144055,0,0,0,0,0,0,0,0,0,0,2871631,102662,4435054,23,0,0,6367,0,0,0,0,0,0,0,36651107,34036467,0,0,89767,89767,15024,16379,0,0,0,0,0,0,0,0,0,2558256,1277566,0,262144,6535356,169705421,0,0,1026,1025,1572079406,0,0,0,0,0,0,0,0,0,0,0,0,1580583606,0,13999,1857070,1437102309,22701,0,0,98995215,0,0,0,0,0,0,0,0,0,0,0,0,0,0,0,0,0,0,0,14582,0,0,0,0,0,0,0,0,0,0,0,0,0,0,0,0,0,0,0,0,0,0,0,0,45708,4050,22696,18646,18646,0,0,3322,0,0,19,0,0,0,0,0,0,0,1,0,1,0,0,0,0,0,0,0,0,0,0,0,0,0,0,0,0,0,0,0,0,714,24,0
1774384185.001297,1297,ubuntu-rog,1,0,0,8481731,0,2877765,3930863,497827,0,23,0,0,0,0,0,1553308427,0,0,4907,1554459063,0,0,2877765,3930863,497827,0,244564,144055,0,0,0,0,0,0,0,0,0,0,2871631,102662,4435054,23,0,0,6367,0,0,0,0,0,0,0,36651107,34036467,0,0,89767,89767,15024,16379,0,0,0,0,0,0,0,0,0,2558256,1277566,0,262144,6535356,169705421,0,0,1026,1025,1572079436,0,0,0,0,0,0,0,0,0,0,0,0,1580583636,0,13999,1857070,1437102309,22701,0,0,98995215,0,0,0,0,0,0,0,0,0,0,0,0,0,0,0,0,0,0,0,14582,0,0,0,0,0,0,0,0,0,0,0,0,0,0,0,0,0,0,0,0,0,0,0,0,45708,4050,22696,18646,18646,0,0,3322,0,0,19,0,0,0,0,0,0,0,1,0,1,0,0,0,0,0,0,0,0,0,0,0,0,0,0,0,0,0,0,0,0,714,24,0
1774384186.001155,1155,ubuntu-rog,1,0,0,8481731,0,2877765,3930863,497827,0,23,0,0,0,0,0,1553308452,0,0,4907,1554459088,0,0,2877765,3930863,497827,0,244564,144055,0,0,0,0,0,0,0,0,0,0,2871631,102662,4435054,23,0,0,6367,0,0,0,0,0,0,0,36651107,34036467,0,0,89767,89767,15024,16379,0,0,0,0,0,0,0,0,0,2558256,1277566,0,262144,6535356,169705421,0,0,1026,1025,1572079461,0,0,0,0,0,0,0,0,0,0,0,0,1580583661,0,13999,1857070,1437102309,22701,0,0,98995215,0,0,0,0,0,0,0,0,0,0,0,0,0,0,0,0,0,0,0,14582,0,0,0,0,0,0,0,0,0,0,0,0,0,0,0,0,0,0,0,0,0,0,0,0,45708,4050,22696,18646,18646,0,0,3322,0,0,19,0,0,0,0,0,0,0,1,0,1,0,0,0,0,0,0,0,0,0,0,0,0,0,0,0,0,0,0,0,0,714,24,0
1774384187.001157,1157,ubuntu-rog,1,0,0,8481731,0,2877765,3930863,497827,0,23,0,0,0,0,0,1553308482,0,0,4907,1554459118,0,0,2877765,3930863,497827,0,244564,144055,0,0,0,0,0,0,0,0,0,0,2871631,102662,4435054,23,0,0,6367,0,0,0,0,0,0,0,36651107,34036467,0,0,89767,89767,15024,16379,0,0,0,0,0,0,0,0,0,2558256,1277566,0,262144,6535356,169705437,0,0,1026,1025,1572079491,0,0,0,0,0,0,0,0,0,0,0,0,1580583691,0,13999,1857070,1437102309,22701,0,0,98995215,0,0,0,0,0,0,0,0,0,0,0,0,0,0,0,0,0,0,0,14582,0,0,0,0,0,0,0,0,0,0,0,0,0,0,0,0,0,0,0,0,0,0,0,0,45708,4050,22696,18646,18646,0,0,3322,0,0,19,0,0,0,0,0,0,0,1,0,1,0,0,0,0,0,0,0,0,0,0,0,0,0,0,0,0,0,0,0,0,714,24,0
1774384188.002252,2252,ubuntu-rog,1,0,0,8481731,0,2877765,3930863,497827,0,18,0,0,0,0,0,1553308512,0,0,4907,1554459148,0,0,2877765,3930863,497827,0,244564,144055,0,0,0,0,0,0,0,0,0,0,2871631,102662,4435055,18,0,0,6367,0,0,0,0,0,0,0,36651108,34036473,0,0,89767,89767,15024,16379,0,0,0,0,0,0,0,0,0,2558256,1277566,0,262144,6535356,169705453,0,0,1026,1025,1572079521,0,0,0,0,0,0,0,0,0,0,0,0,1580583742,0,13999,1857070,1437102309,22701,0,0,98995215,0,0,0,0,0,0,0,0,0,0,0,0,0,0,0,0,0,0,0,14582,0,0,0,0,0,0,0,0,0,0,0,0,0,0,0,0,0,0,0,0,0,0,0,0,45708,4050,22696,18646,18646,0,0,3322,0,0,19,0,0,0,0,0,0,0,1,0,1,0,0,0,0,0,0,0,0,0,0,0,0,0,0,0,0,0,0,0,0,714,24,0
1774384189.001290,1290,ubuntu-rog,1,0,0,8481731,0,2877765,3930863,497827,0,15,0,0,0,0,0,1553308536,0,0,4907,1554459172,0,0,2877765,3930863,497827,0,244564,144055,0,0,0,0,0,0,0,0,0,0,2871631,102662,4435056,15,0,0,6367,0,0,0,0,0,0,0,36651109,34036477,0,0,89767,89767,15024,16379,0,0,0,0,0,0,0,0,0,2558256,1277566,0,262144,6535356,169705481,0,0,1026,1025,1572079545,0,0,0,0,0,0,0,0,0,0,0,0,1580583764,0,13999,1857070,1437102309,22701,0,0,98995215,0,0,0,0,0,0,0,0,0,0,0,0,0,0,0,0,0,0,0,14582,0,0,0,0,0,0,0,0,0,0,0,0,0,0,0,0,0,0,0,0,0,0,0,0,45708,4050,22696,18646,18646,0,0,3322,0,0,19,0,0,0,0,0,0,0,1,0,1,0,0,0,0,0,0,0,0,0,0,0,0,0,0,0,0,0,0,0,0,714,24,0
1774384190.001300,1300,ubuntu-rog,1,0,0,8481731,0,2877760,3930863,497827,0,20,0,0,0,0,0,1553308570,0,0,4907,1554459206,0,0,2877760,3930863,497827,0,244564,144055,0,0,0,0,0,0,0,0,0,0,2871631,102662,4435056,20,0,0,6367,0,0,0,0,0,0,0,36651114,34036477,0,0,89767,89767,15024,16379,0,0,0,0,0,0,0,0,0,2558256,1277566,0,262144,6535356,169705481,0,0,1026,1025,1572079579,0,0,0,0,0,0,0,0,0,0,0,0,1580583797,0,13999,1857070,1437102315,22701,0,0,98995215,0,0,0,0,0,0,0,0,0,0,0,0,0,0,0,0,0,0,0,14582,0,0,0,0,0,0,0,0,0,0,0,0,0,0,0,0,0,0,0,0,0,0,0,0,45708,4050,22696,18646,18646,0,0,3322,0,0,19,0,0,0,0,0,0,0,1,0,1,0,0,0,0,0,0,0,0,0,0,0,0,0,0,0,0,0,0,0,0,714,24,0
1774384191.001160,1160,ubuntu-rog,1,0,0,8481753,0,2877760,3930863,497827,0,23,0,0,0,0,0,1553308601,0,0,4907,1554459237,0,0,2877760,3930863,497827,0,244564,144055,0,0,0,0,0,0,0,0,0,0,2871631,102662,4435058,23,0,0,6367,0,0,0,0,0,0,0,36651117,34036477,0,0,89767,89767,15024,16379,0,0,0,0,0,0,0,0,0,2558261,1277568,0,262144,6535356,169705481,0,0,1026,1025,1572079610,0,0,0,0,0,0,0,0,0,0,0,0,1580583826,0,13999,1857070,1437102315,22701,0,0,98995215,0,0,0,0,0,0,0,0,0,0,0,0,0,0,0,0,0,0,0,14582,0,0,0,0,0,0,0,0,0,0,0,0,0,0,0,0,0,0,0,0,0,0,0,0,45708,4050,22696,18646,18646,0,0,3322,0,0,19,0,0,0,0,0,0,0,1,0,1,0,0,0,0,0,0,0,0,0,0,0,0,0,0,0,0,0,0,0,0,714,24,0
1774384192.002155,2155,ubuntu-rog,1,0,0,8481753,0,2877760,3930863,497827,0,23,0,0,0,0,0,1553308624,0,0,4907,1554459260,0,0,2877760,3930863,497827,0,244564,144055,0,0,0,0,0,0,0,0,0,0,2871631,102662,4435058,23,0,0,6367,0,0,0,0,0,0,0,36651117,34036477,0,0,89767,89767,15024,16379,0,0,0,0,0,0,0,0,0,2558261,1277568,0,262144,6535356,169705481,0,0,1026,1025,1572079633,0,0,0,0,0,0,0,0,0,0,0,0,1580583849,0,13999,1857070,1437102316,22701,0,0,98995216,0,0,0,0,0,0,0,0,0,0,0,0,0,0,0,0,0,0,0,14582,0,0,0,0,0,0,0,0,0,0,0,0,0,0,0,0,0,0,0,0,0,0,0,0,45708,4050,22696,18646,18646,0,0,3322,0,0,19,0,0,0,0,0,0,0,1,0,1,0,0,0,0,0,0,0,0,0,0,0,0,0,0,0,0,0,0,0,0,714,24,0
1774384193.001258,1258,ubuntu-rog,1,0,0,8481753,0,2877760,3930863,497827,0,23,0,0,0,0,0,1553308655,0,0,4907,1554459291,0,0,2877760,3930863,497827,0,244564,144055,0,0,0,0,0,0,0,0,0,0,2871631,102662,4435058,23,0,0,6367,0,0,0,0,0,0,0,36651117,34036477,0,0,89767,89767,15024,16379,0,0,0,0,0,0,0,0,0,2558261,1277568,0,262144,6535356,169705521,0,0,1026,1025,1572079664,0,0,0,0,0,0,0,0,0,0,0,0,1580583880,0,13999,1857070,1437102317,22701,0,0,98995217,0,0,0,0,0,0,0,0,0,0,0,0,0,0,0,0,0,0,0,14582,0,0,0,0,0,0,0,0,0,0,0,0,0,0,0,0,0,0,0,0,0,0,0,0,45708,4050,22696,18646,18646,0,0,3322,0,0,19,0,0,0,0,0,0,0,1,0,1,0,0,0,0,0,0,0,0,0,0,0,0,0,0,0,0,0,0,0,0,714,24,0
1774384194.001293,1293,ubuntu-rog,1,0,0,8481753,0,2877760,3930863,497827,0,13,0,0,0,0,0,1553308684,0,0,4907,1554459320,0,0,2877760,3930863,497827,0,244564,144055,0,0,0,0,0,0,0,0,0,0,2871631,102662,4435058,13,0,0,6367,0,0,0,0,0,0,0,36651117,34036487,0,0,89767,89767,15024,16379,0,0,0,0,0,0,0,0,0,2558261,1277568,0,262144,6535356,169705521,0,0,1026,1025,1572079693,0,0,0,0,0,0,0,0,0,0,0,0,1580583909,0,13999,1857070,1437102317,22701,0,0,98995217,0