#Time,Time_usec,ProducerName,component_id,job_id,app_id,MemTotal,MemFree,MemAvailable,Buffers,Cached,SwapCached,Active,Inactive,Active(anon),Inactive(anon),Active(file),Inactive(file),Unevictable,Mlocked,SwapTotal,SwapFree,Zswap,Zswapped,Dirty,Writeback,AnonPages,Mapped,Shmem,KReclaimable,Slab,SReclaimable,SUnreclaim,KernelStack,PageTables,SecPageTables,NFS_Unstable,Bounce,WritebackTmp,CommitLimit,Committed_AS,VmallocTotal,VmallocUsed,VmallocChunk,Percpu,HardwareCorrupted,AnonHugePages,ShmemHugePages,ShmemPmdMapped,FileHugePages,FilePmdMapped,Unaccepted,HugePages_Total,HugePages_Free,HugePages_Rsvd,HugePages_Surp,Hugepagesize,Hugetlb,DirectMap4k,DirectMap2M,DirectMap1G
1774389585.002166,2166,ubuntu-rog,1,0,0,65683160,40406328,58384604,564512,17191044,0,7008864,15738724,5017428,0,1991436,15738724,0,0,8388604,8388604,0,0,308,0,4993348,410328,25468,978776,1554840,978776,576064,15280,53148,0,0,0,0,41230184,8365464,34359738367,87036,0,80080,0,0,0,0,0,0,0,0,0,0,0,2048,0,1493776,27707392,38797312
1774389586.001421,1421,ubuntu-rog,1,0,0,65683160,39019172,56997468,564524,17191056,0,8387728,15738740,6396292,0,1991436,15738740,0,0,8388604,8388604,0,0,428,0,6371756,410328,25468,978780,1554844,978780,576064,15280,55508,0,0,0,0,41230184,9743920,34359738367,87036,0,80080,0,0,0,0,0,0,0,0,0,0,0,2048,0,1493776,27707392,38797312
1774389587.001481,1481,ubuntu-rog,1,0,0,65683160,39019148,56997444,564528,17191056,0,8387916,15738740,6396480,0,1991436,15738740,0,0,8388604,8388604,0,0,428,0,6371872,410452,25468,978780,1554792,978780,576012,15280,55848,0,0,0,0,41230184,9743920,34359738367,87036,0,80080,0,0,0,0,0,0,0,0,0,0,0,2048,0,1493776,27707392,38797312
1774389588.001652,1652,ubuntu-rog,1,0,0,65683160,39019148,56997444,564528,17191056,0,8387916,15738740,6396480,0,1991436,15738740,0,0,8388604,8388604,0,0,428,0,6371872,410512,25468,978780,1554792,978780,576012,15280,55848,0,0,0,0,41230184,9743920,34359738367,87036,0,80080,0,0,0,0,0,0,0,0,0,0,0,2048,0,1493776,27707392,38797312
1774389589.001158,1158,ubuntu-rog,1,0,0,65683160,39019148,56997444,564528,17191060,0,8388000,15738740,6396564,0,1991436,15738740,0,0,8388604,8388604,0,0,412,0,6371872,410512,25468,978780,1554788,978780,576008,15280,55848,0,0,0,0,41230184,9743920,34359738367,87036,0,80080,0,0,0,0,0,0,0,0,0,0,0,2048,0,1493776,27707392,38797312
1774389590.001250,1250,ubuntu-rog,1,0,0,65683160,39019148,56997444,564528,17191060,0,8388000,15738740,6396564,0,1991436,15738740,0,0,8388604,8388604,0,0,412,0,6371872,410512,25468,978780,1554788,978780,576008,15280,55848,0,0,0,0,41230184,9743920,34359738367,87036,0,80080,0,0,0,0,0,0,0,0,0,0,0,2048,0,1493776,27707392,38797312
1774389591.001445,1445,ubuntu-rog,1,0,0,65683160,39019148,56997444,564528,17191060,0,8388000,15738740,6396564,0,1991436,15738740,0,0,8388604,8388604,0,0,412,0,6371872,410512,25468,978780,1554788,978780,576008,15280,55848,0,0,0,0,41230184,9743920,34359738367,87036,0,80080,0,0,0,0,0,0,0,0,0,0,0,2048,0,1493776,27707392,38797312
1774389592.002055,2055,ubuntu-rog,1,0,0,65683160,40275992,58254288,564536,17191068,0,6998764,15738740,5007328,0,1991436,15738740,0,0,8388604,8388604,0,0,428,0,4982984,410512,25468,978780,1554788,978780,576008,15280,53020,0,0,0,0,41230184,8725728,34359738367,87036,0,80080,0,0,0,0,0,0,0,0,0,0,0,2048,0,1493776,27707392,38797312
1774389593.001065,1065,ubuntu-rog,1,0,0,65683160,40281288,58259616,564536,17191068,0,6995236,15738772,5003800,0,1991436,15738772,0,0,8388604,8388604,0,0,428,0,4980196,410512,25468,978780,1554788,978780,576008,15280,53424,0,0,0,0,41230184,8381124,34359738367,87036,0,80080,0,0,0,0,0,0,0,0,0,0,0,2048,0,1493776,27707392,38797312
1774389594.001479,1479,ubuntu-rog,1,0,0,65683160,39656932,57635260,564536,17191068,0,7768656,15738772,5777220,0,1991436,15738772,0,0,8388604,8388604,0,0,428,0,5752940,410512,25468,978780,1554788,978780,576008,15280,54464,0,0,0,0,41230184,9510564,34359738367,87036,0,80080,0,0,0,0,0,0,0,0,0,0,0,2048,0,1493776,27707392,38797312
1774389595.002161,2161,ubuntu-rog,1,0,0,65683160,39269624,57247952,564536,17191068,0,8154304,15738772,6162868,0,1991436,15738772,0,0,8388604,8388604,0,0,428,0,6138640,410640,25468,978780,1554788,978780,576008,15280,55400,0,0,0,0,41230184,9510564,34359738367,87036,0,80080,0,0,0,0,0,0,0,0,0,0,0,2048,0,1493776,27707392,38797312
1774389596.002134,2134,ubuntu-rog,1,0,0,65683160,39269624,57247952,564536,17191072,0,8154304,15738772,6162868,0,1991436,15738772,0,0,8388604,8388604,0,0,432,0,6138640,410640,25468,978780,1554788,978780,576008,15280,55400,0,0,0,0,41230184,9510564,34359738367,87036,0,80080,0,0,0,0,0,0,0,0,0,0,0,2048,0,1493776,27707392,38797312
1774389597.002058,2058,ubuntu-rog,1,0,0,65683160,39269624,57247952,564544,17191072,0,8154304,15738772,6162868,0,1991436,15738772,0,0,8388604,8388604,0,0,432,0,6138640,410640,25468,978780,1554788,978780,576008,15280,55400,0,0,0,0,41230184,9510564,34359738367,87036,0,80080,0,0,0,0,0,0,0,0,0,0,0,2048,0,1493776,27707392,38797312
1774389598.001065,1065,ubuntu-rog,1,0,0,65683160,39269624,57247952,564544,17191080,0,8154304,15738772,6162868,0,1991436,15738772,0,0,8388604,8388604,0,0,444,0,6138640,410640,25468,978780,1554788,978780,576008,15280,55400,0,0,0,0,41230184,9510564,34359738367,87036,0,80080,0,0,0,0,0,0,0,0,0,0,0,2048,0,1493776,27707392,38797312
1774389599.001306,1306,ubuntu-rog,1,0,0,65683160,39269624,57247952,564544,17191084,0,8154304,15738772,6162868,0,1991436,15738772,0,0,8388604,8388604,0,0,448,0,6138640,410640,25468,978780,1554788,978780,576008,15280,55400,0,0,0,0,41230184,9510564,34359738367,87036,0,80080,0,0,0,0,0,0,0,0,0,0,0,2048,0,1493776,27707392,38797312
1774389600.001203,1203,ubuntu-rog,1,0,0,65683160,39269624,57247952,564544,17191084,0,8154304,15738772,6162868,0,1991436,15738772,0,0,8388604,8388604,0,0,448,0,6138640,410640,25468,978780,1554788,978780,576008,15280,55400,0,0,0,0,41230184,9510564,34359738367,87036,0,80080,0,0,0,0,0,0,0,0,0,0,0,2048,0,1493776,27707392,38797312
1774389601.002305,2305,ubuntu-rog,1,0,0,65683160,39269624,57247952,564544,17191084,0,8154304,15738772,6162868,0,1991436,15738772,0,0,8388604,8388604,0,0,448,0,6138644,410640,25468,978780,1554788,978780,576008,15280,55400,0,0,0,0,41230184,9510564,34359738367,87036,0,80080,0,0,0,0,0,0,0,0,0,0,0,2048,0,1493776,27707392,38797312
1774389602.001061,1061,ubuntu-rog,1,0,0,65683160,39269624,57247952,564544,17191084,0,8154304,15738772,6162868,0,1991436,15738772,0,0,8388604,8388604,0,0,448,0,6138644,410640,25468,978780,1554788,978780,576008,15280,55400,0,0,0,0,41230184,9510564,34359738367,87036,0,80080,0,0,0,0,0,0,0,0,0,0,0,2048,0,1493776,27707392,38797312
1774389603.001067,1067,ubuntu-rog,1,0,0,65683160,39269624,57247952,564548,17191088,0,8154304,15738772,6162868,0,1991436,15738772,0,0,8388604,8388604,0,0,452,0,6138644,410640,25468,978780,1554788,978780,576008,15280,55400,0,0,0,0,41230184,9510564,34359738367,87036,0,80080,0,0,0,0,0,0,0,0,0,0,0,2048,0,1493776,27707392,38797312
1774389604.001304,1304,ubuntu-rog,1,0,0,65683160,39269624,57247952,564548,17191092,0,8154304,15738772,6162868,0,1991436,15738772,0,0,8388604,8388604,0,0,456,0,6138644,410640,25468,978780,1554788,978780,576008,15280,55400,0,0,0,0,41230184,9510564,34359738367,87036,0,80080,0,0,0,0,0,0,0,0,0,0,0,2048,0,1493776,27707392,38797312
1774389605.002194,2194,ubuntu-rog,1,0,0,65683160,39269624,57247952,564548,17191092,0,8154304,15738772,6162868,0,1991436,15738772,0,0,8388604,8388604,0,0,456,0,6138644,410640,25468,978780,1554788,978780,576008,15280,55400,0,0,0,0,41230184,9510564,34359738367,87036,0,80080,0,0,0,0,0,0,0,0,0,0,0,2048,0,1493776,27707392,38797312
1774389606.001305,1305,ubuntu-rog,1,0,0,65683160,39269624,57247952,564548,17191096,0,8154304,15738772,6162868,0,1991436,15738772,0,0,8388604,8388604,0,0,460,0,6138644,410640,25468,978780,1554788,978780,576008,15280,55400,0,0,0,0,41230184,9510564,34359738367,87036,0,80080,0,0,0,0,0,0,0,0,0,0,0,2048,0,1493776,27707392,38797312
1774389607.001063,1063,ubuntu-rog,1,0,0,65683160,39269624,57247952,564548,17191096,0,8154304,15738772,6162868,0,1991436,15738772,0,0,8388604,8388604,0,0,460,0,6138644,410640,25468,978780,1554788,978780,576008,15280,55400,0,0,0,0,41230184,9510564,34359738367,87036,0,80080,0,0,0,0,0,0,0,0,0,0,0,2048,0,1493776,27707392,38797312
1774389608.001063,1063,ubuntu-rog,1,0,0,65683160,39269624,57247952,564548,17191096,0,8154304,15738772,6162868,0,1991436,15738772,0,0,8388604,8388604,0,0,460,0,6138644,410640,25468,978780,1554788,978780,576008,15280,55400,0,0,0,0,41230184,9510564,34359738367,87036,0,80080,0,0,0,0,0,0,0,0,0,0,0,2048,0,1493776,27707392,38797312
1774389609.002299,2299,ubuntu-rog,1,0,0,65683160,39269624,57247952,564548,17191096,0,8154316,15738772,6162880,0,1991436,15738772,0,0,8388604,8388604,0,0,252,0,6138644,410640,25468,978780,1554788,978780,576008,15280,55400,0,0,0,0,41230184,9510564,34359738367,87036,0,80080,0,0,0,0,0,0,0,0,0,0,0,2048,0,1493776,27707392,38797312
1774389610.001202,1202,ubuntu-rog,1,0,0,65683160,39269624,57247952,564548,17191100,0,8154316,15738772,6162880,0,1991436,15738772,0,0,8388604,8388604,0,0,256,0,6138644,410640,25468,978780,1554788,978780,576008,15280,55400,0,0,0,0,41230184,9510564,34359738367,87036,0,80080,0,0,0,0,0,0,0,0,0,0,0,2048,0,1493776,27707392,38797312
1774389611.001307,1307,ubuntu-rog,1,0,0,65683160,39270432,57248800,564548,17191108,0,8154336,15738812,6162900,0,1991436,15738812,0,0,8388604,8388604,0,0,264,0,6138576,410640,25468,978780,1554788,978780,576008,15280,55400,0,0,0,0,41230184,9510500,34359738367,87036,0,80080,0,0,0,0,0,0,0,0,0,0,0,2048,0,1493776,27707392,38797312
1774389612.001060,1060,ubuntu-rog,1,0,0,65683160,39271496,57249864,564548,17191108,0,8154336,15738812,6162900,0,1991436,15738812,0,0,8388604,8388604,0,0,264,0,6138576,410640,25468,978780,1554788,978780,576008,15280,55400,0,0,0,0,41230184,9510500,34359738367,87036,0,80080,0,0,0,0,0,0,0,0,0,0,0,2048,0,1493776,27707392,38797312
1774389613.002060,2060,ubuntu-rog,1,0,0,65683160,39272620,57250988,564548,17191112,0,8154336,15738812,6162900,0,1991436,15738812,0,0,8388604,8388604,0,0,148,0,6138576,410640,25468,978780,1554788,978780,576008,15280,55400,0,0,0,0,41230184,9510500,34359738367,87036,0,80080,0,0,0,0,0,0,0,0,0,0,0,2048,0,1493776,27707392,38797312
1774389614.001302,1302,ubuntu-rog,1,0,0,65683160,39272948,57251320,564552,17191112,0,8154336,15738812,6162900,0,1991436,15738812,0,0,8388604,8388604,0,0,172,0,6138576,410640,25468,978784,1554792,978784,576008,15280,55400,0,0,0,0,41230184,9510500,34359738367,87036,0,80080,0,0,0,0,0,0,0,0,0,0,0,2048,0,1493776,27707392,38797312
1774389615.001202,1202,ubuntu-rog,1,0,0,65683160,39272952,57251324,564552,17191112,0,8154336,15738812,6162900,0,1991436,15738812,0,0,8388604,8388604,0,0,92,0,6138576,410640,25468,978784,1554792,978784,576008,15280,55400,0,0,0,0,41230184,9510500,34359738367,87036,0,80080,0,0,0,0,0,0,0,0,0,0,0,2048,0,1493776,27707392,38797312
1774389616.001307,1307,ubuntu-rog,1,0,0,65683160,39272952,57251324,564552,17191112,0,8154336,15738812,6162900,0,1991436,15738812,0,0,8388604,8388604,0,0,92,0,6138576,410640,25468,978784,1554792,978784,576008,15280,55400,0,0,0,0,41230184,9510500,34359738367,87036,0,80080,0,0,0,0,0,0,0,0,0,0,0,2048,0,1493776,27707392,38797312
1774389617.002064,2064,ubuntu-rog,1,0,0,65683160,39272952,57251324,564552,17191120,0,8154336,15738812,6162900,0,1991436,15738812,0,0,8388604,8388604,0,0,100,0,6138576,410640,25468,978784,1554792,978784,576008,15280,55400,0,0,0,0,41230184,9510500,34359738367,87036,0,80080,0,0,0,0,0,0,0,0,0,0,0,2048,0,1493776,27707392,38797312
1774389618.001066,1066,ubuntu-rog,1,0,0,65683160,39272952,57251324,564552,17191120,0,8154336,15738812,6162900,0,1991436,15738812,0,0,8388604,8388604,0,0,100,0,6138576,410640,25468,978784,1554792,978784,576008,15280,55400,0,0,0,0,41230184,9510500,34359738367,87036,0,80080,0,0,0,0,0,0,0,0,0,0,0,2048,0,1493776,27707392,38797312
1774389619.001300,1300,ubuntu-rog,1,0,0,65683160,39269720,57248092,564560,17191120,0,8154740,15738812,6163304,0,1991436,15738812,0,0,8388604,8388604,0,0,136,0,6138576,410640,25468,978784,1554792,978784,576008,15280,55400,0,0,0,0,41230184,9510500,34359738367,87052,0,80080,0,0,0,0,0,0,0,0,0,0,0,2048,0,1493776,27707392,38797312
1774389620.001204,1204,ubuntu-rog,1,0,0,65683160,39271044,57249440,564560,17191128,0,8154620,15738836,6163184,0,1991436,15738836,0,0,8388604,8388604,0,0,272,0,6138576,410640,25468,978784,1554792,978784,576008,15312,55400,0,0,0,0,41230184,9510500,34359738367,87052,0,80080,0,0,0,0,0,0,0,0,0,0,0,2048,0,1493776,27707392,38797312
1774389621.002306,2306,ubuntu-rog,1,0,0,65683160,39272136,57250532,564560,17191128,0,8154864,15738836,6163428,0,1991436,15738836,0,0,8388604,8388604,0,0,272,0,6138760,410640,25468,978784,1554792,978784,576008,15312,55400,0,0,0,0,41230184,9510668,34359738367,87052,0,80080,0,0,0,0,0,0,0,0,0,0,0,2048,0,1493776,27707392,38797312
1774389622.001062,1062,ubuntu-rog,1,0,0,65683160,39273356,57251752,564560,17191128,0,8154864,15738836,6163428,0,1991436,15738836,0,0,8388604,8388604,0,0,272,0,6138760,410640,25468,978784,1554792,978784,576008,15312,55400,0,0,0,0,41230184,9510668,34359738367,87052,0,80080,0,0,0,0,0,0,0,0,0,0,0,2048,0,1493776,27707392,38797312
1774389623.001063,1063,ubuntu-rog,1,0,0,65683160,39274716,57253112,564560,17191136,0,8154864,15738836,6163428,0,1991436,15738836,0,0,8388604,8388604,0,0,288,0,6138760,410640,25468,978784,1554792,978784,576008,15312,55400,0,0,0,0,41230184,9510668,34359738367,87052,0,80080,0,0,0,0,0,0,0,0,0,0,0,2048,0,1493776,27707392,38797312
1774389624.001305,1305,ubuntu-rog,1,0,0,65683160,39276040,57254436,564564,17191140,0,8154864,15738836,6163428,0,1991436,15738836,0,0,8388604,8388604,0,0,304,0,6138760,410640,25468,978784,1554792,978784,576008,15312,55400,0,0,0,0,41230184,9510668,34359738367,87052,0,80080,0,0,0,0,0,0,0,0,0,0,0,2048,0,1493776,27707392,38797312
1774389625.002198,2198,ubuntu-rog,1,0,0,65683160,39277080,57255476,564564,17191140,0,8154864,15738836,6163428,0,1991436,15738836,0,0,8388604,8388604,0,0,304,0,6138760,410640,25468,978784,1554792,978784,576008,15312,55400,0,0,0,0,41230184,9510668,34359738367,87052,0,80080,0,0,0,0,0,0,0,0,0,0,0,2048,0,1493776,27707392,38797312
1774389626.001306,1306,ubuntu-rog,1,0,0,65683160,39277076,57255472,564564,17191140,0,8154864,15738836,6163428,0,1991436,15738836,0,0,8388604,8388604,0,0,304,0,6138760,410640,25468,978784,1554792,978784,576008,15312,55400,0,0,0,0,41230184,9510668,34359738367,87052,0,80080,0,0,0,0,0,0,0,0,0,0,0,2048,0,1493776,27707392,38797312
1774389627.001061,1061,ubuntu-rog,1,0,0,65683160,39277076,57255472,564564,17191144,0,8154864,15738836,6163428,0,1991436,15738836,0,0,8388604,8388604,0,0,308,0,6138760,410640,25468,978784,1554792,978784,576008,15312,55400,0,0,0,0,41230184,9510668,34359738367,87052,0,80080,0,0,0,0,0,0,0,0,0,0,0,2048,0,1493776,27707392,38797312
1774389628.001064,1064,ubuntu-rog,1,0,0,65683160,39277076,57255472,564564,17191144,0,8154864,15738836,6163428,0,1991436,15738836,0,0,8388604,8388604,0,0,308,0,6138760,410640,25468,978784,1554792,978784,576008,15312,55400,0,0,0,0,41230184,9510668,34359738367,87052,0,80080,0,0,0,0,0,0,0,0,0,0,0,2048,0,1493776,27707392,38797312
1774389629.002302,2302,ubuntu-rog,1,0,0,65683160,39277076,57255472,564568,17191144,0,8154864,15738836,6163428,0,1991436,15738836,0,0,8388604,8388604,0,0,308,0,6138760,410640,25468,978784,1554792,978784,576008,15312,55400,0,0,0,0,41230184,9510668,34359738367,87052,0,80080,0,0,0,0,0,0,0,0,0,0,0,2048,0,1493776,27707392,38797312
1774389630.001204,1204,ubuntu-rog,1,0,0,65683160,39277076,57255472,564568,17191148,0,8154864,15738836,6163428,0,1991436,15738836,0,0,8388604,8388604,0,0,312,0,6138760,410640,25468,978784,1554792,978784,576008,15312,55400,0,0,0,0,41230184,9510668,34359738367,87052,0,80080,0,0,0,0,0,0,0,0,0,0,0,2048,0,1493776,27707392,38797312
1774389631.001309,1309,ubuntu-rog,1,0,0,65683160,39277076,57255472,564568,17191152,0,8154848,15738836,6163412,0,1991436,15738836,0,0,8388604,8388604,0,0,316,0,6138768,410640,25468,978784,1554792,978784,576008,15312,55400,0,0,0,0,41230184,9510668,34359738367,87052,0,80080,0,0,0,0,0,0,0,0,0,0,0,2048,0,1493776,27707392,38797312
1774389632.001057,1057,ubuntu-rog,1,0,0,65683160,39277076,57255472,564568,17191152,0,8154848,15738836,6163412,0,1991436,15738836,0,0,8388604,8388604,0,0,316,0,6138768,410640,25468,978784,1554792,978784,576008,15312,55400,0,0,0,0,41230184,9510668,34359738367,87052,0,80080,0,0,0,0,0,0,0,0,0,0,0,2048,0,1493776,27707392,38797312
1774389633.002061,2061,ubuntu-rog,1,0,0,65683160,39277076,57255560,564608,17191152,0,8155036,15738924,6163600,0,1991436,15738924,0,0,8388604,8388604,0,0,368,0,6138768,410640,25468,978784,1554792,978784,576008,15312,55400,0,0,0,0,41230184,9510668,34359738367,87052,0,80080,0,0,0,0,0,0,0,0,0,0,0,2048,0,1493776,27707392,38797312
1774389634.001303,1303,ubuntu-rog,1,0,0,65683160,39277076,57255560,564608,17191156,0,8155036,15738924,6163600,0,1991436,15738924,0,0,8388604,8388604,0,0,372,0,6138768,410640,25468,978784,1554792,978784,576008,15312,55400,0,0,0,0,41230184,9510668,34359738367,87052,0,80080,0,0,0,0,0,0,0,0,0,0,0,2048,0,1493776,27707392,38797312
1774389635.001202,1202,ubuntu-rog,1,0,0,65683160,39277076,57255560,564608,17191156,0,8155036,15738924,6163600,0,1991436,15738924,0,0,8388604,8388604,0,0,372,0,6138768,410640,25468,978784,1554792,978784,576008,15312,55400,0,0,0,0,41230184,9510668,34359738367,87052,0,80080,0,0,0,0,0,0,0,0,0,0,0,2048,0,1493776,27707392,38797312
1774389636.001306,1306,ubuntu-rog,1,0,0,65683160,39277076,57255560,564608,17191164,0,8155036,15738924,6163600,0,1991436,15738924,0,0,8388604,8388604,0,0,380,0,6138768,410640,25468,978784,1554792,978784,576008,15312,55400,0,0,0,0,41230184,9510668,34359738367,87052,0,80080,0,0,0,0,0,0,0,0,0,0,0,2048,0,1493776,27707392,38797312
1774389637.002059,2059,ubuntu-rog,1,0,0,65683160,39277076,57255560,564608,17191164,0,8155036,15738924,6163600,0,1991436,15738924,0,0,8388604,8388604,0,0,380,0,6138768,410640,25468,978784,1554792,978784,576008,15312,55400,0,0,0,0,41230184,9510668,34359738367,87052,0,80080,0,0,0,0,0,0,0,0,0,0,0,2048,0,1493776,27707392,38797312
1774389638.001065,1065,ubuntu-rog,1,0,0,65683160,39277076,57255560,564616,17191168,0,8155036,15738924,6163600,0,1991436,15738924,0,0,8388604,8388604,0,0,384,0,6138768,410640,25468,978784,1554792,978784,576008,15312,55400,0,0,0,0,41230184,9510668,34359738367,87052,0,80080,0,0,0,0,0,0,0,0,0,0,0,2048,0,1493776,27707392,38797312
1774389639.001298,1298,ubuntu-rog,1,0,0,65683160,39277076,57255560,564616,17191168,0,8155036,15738924,6163600,0,1991436,15738924,0,0,8388604,8388604,0,0,384,0,6138768,410640,25468,978784,1554792,978784,576008,15312,55400,0,0,0,0,41230184,9510668,34359738367,87052,0,80080,0,0,0,0,0,0,0,0,0,0,0,2048,0,1493776,27707392,38797312
1774389640.001453,1453,ubuntu-rog,1,0,0,65683160,36930976,54909460,564616,17191168,0,10496868,15738924,8505432,0,1991436,15738924,0,0,8388604,8388604,0,0,384,0,8480560,410640,25468,978784,1554792,978784,576008,15312,59888,0,0,0,0,41230184,15920324,34359738367,87052,0,80080,0,0,0,0,0,0,0,0,0,0,0,2048,0,1493776,27707392,38797312
1774389641.001206,1206,ubuntu-rog,1,0,0,65683160,33140652,51119136,564616,17191172,0,14275520,15738924,12284084,0,1991436,15738924,0,0,8388604,8388604,0,0,388,0,12259212,410640,25468,978784,1554792,978784,576008,15312,67048,0,0,0,0,41230184,15920324,34359738367,87052,0,80080,0,0,0,0,0,0,0,0,0,0,0,2048,0,1493776,27707392,38797312
1774389642.002052,2052,ubuntu-rog,1,0,0,65683160,33575692,51554176,564616,17191176,0,13461932,15738924,11470496,0,1991436,15738924,0,0,8388604,8388604,0,0,392,0,11445684,410640,25468,978784,1554792,978784,576008,15312,65788,0,0,0,0,41230184,14817584,34359738367,87052,0,80080,0,0,0,0,0,0,0,0,0,0,0,2048,0,1493776,27707392,38797312
1774389643.001066,1066,ubuntu-rog,1,0,0,65683160,33583756,51562240,564616,17191176,0,13461932,15738924,11470496,0,1991436,15738924,0,0,8388604,8388604,0,0,392,0,11445684,410640,25468,978784,1554792,978784,576008,15312,65788,0,0,0,0,41230184,14817584,34359738367,87052,0,80080,0,0,0,0,0,0,0,0,0,0,0,2048,0,1493776,27707392,38797312
1774389644.001307,1307,ubuntu-rog,1,0,0,65683160,33591820,51570304,564620,17191176,0,13461932,15738924,11470496,0,1991436,15738924,0,0,8388604,8388604,0,0,396,0,11445684,410640,25468,978784,1554792,978784,576008,15312,65788,0,0,0,0,41230184,14817584,34359738367,87052,0,80080,0,0,0,0,0,0,0,0,0,0,0,2048,0,1493776,27707392,38797312
1774389645.001202,1202,ubuntu-rog,1,0,0,65683160,33607964,51586448,564620,17191180,0,13461932,15738924,11470496,0,1991436,15738924,0,0,8388604,8388604,0,0,272,0,11445684,410640,25468,978784,1554792,978784,576008,15312,65788,0,0,0,0,41230184,14817584,34359738367,87052,0,80080,0,0,0,0,0,0,0,0,0,0,0,2048,0,1493776,27707392,38797312
1774389646.002303,2303,ubuntu-rog,1,0,0,65683160,33615760,51594244,564620,17191180,0,13461932,15738924,11470496,0,1991436,15738924,0,0,8388604,8388604,0,0,272,0,11445684,410640,25468,978784,1554792,978784,576008,15312,65788,0,0,0,0,41230184,14817584,34359738367,87052,0,80080,0,0,0,0,0,0,0,0,0,0,0,2048,0,1493776,27707392,38797312
1774389647.001063,1063,ubuntu-rog,1,0,0,65683160,33623824,51602308,564620,17191180,0,13461932,15738924,11470496,0,1991436,15738924,0,0,8388604,8388604,0,0,272,0,11445684,410640,25468,978784,1554792,978784,576008,15312,65788,0,0,0,0,41230184,14817584,34359738367,87052,0,80080,0,0,0,0,0,0,0,0,0,0,0,2048,0,1493776,27707392,38797312
1774389648.001066,1066,ubuntu-rog,1,0,0,65683160,33631888,51610376,564620,17191192,0,13462000,15738928,11470564,0,1991436,15738928,0,0,8388604,8388604,0,0,288,0,11445684,410640,25468,978784,1554792,978784,576008,15312,65788,0,0,0,0,41230184,14817584,34359738367,87052,0,80080,0,0,0,0,0,0,0,0,0,0,0,2048,0,1493776,27707392,38797312
1774389649.001305,1305,ubuntu-rog,1,0,0,65683160,33639952,51618440,564628,17191192,0,13462000,15738928,11470564,0,1991436,15738928,0,0,8388604,8388604,0,0,300,0,11445684,410640,25468,978784,1554792,978784,576008,15312,65788,0,0,0,0,41230184,14817584,34359738367,87052,0,80080,0,0,0,0,0,0,0,0,0,0,0,2048,0,1493776,27707392,38797312
1774389650.002199,2199,ubuntu-rog,1,0,0,65683160,33648016,51626504,564628,17191192,0,13462000,15738928,11470564,0,1991436,15738928,0,0,8388604,8388604,0,0,300,0,11445684,410640,25468,978784,1554792,978784,576008,15312,65788,0,0,0,0,41230184,14817584,34359738367,87052,0,80080,0,0,0,0,0,0,0,0,0,0,0,2048,0,1493776,27707392,38797312
1774389651.001310,1310,ubuntu-rog,1,0,0,65683160,33656080,51634588,564628,17191196,0,13462000,15738948,11470564,0,1991436,15738948,0,0,8388604,8388604,0,0,56,0,11445684,410640,25468,978784,1554792,978784,576008,15312,65788,0,0,0,0,41230184,14817584,34359738367,87052,0,80080,0,0,0,0,0,0,0,0,0,0,0,2048,0,1493776,27707392,38797312
1774389652.001062,1062,ubuntu-rog,1,0,0,65683160,33664144,51642652,564628,17191196,0,13462000,15738948,11470564,0,1991436,15738948,0,0,8388604,8388604,0,0,56,0,11445684,410640,25468,978784,1554788,978784,576004,15312,65788,0,0,0,0,41230184,14817584,34359738367,87052,0,80080,0,0,0,0,0,0,0,0,0,0,0,2048,0,1493776,27707392,38797312
1774389653.001064,1064,ubuntu-rog,1,0,0,65683160,33672208,51650716,564628,17191196,0,13462000,15738948,11470564,0,1991436,15738948,0,0,8388604,8388604,0,0,56,0,11445684,410640,25468,978784,1554788,978784,576004,15312,65788,0,0,0,0,41230184,14817584,34359738367,87052,0,80080,0,0,0,0,0,0,0,0,0,0,0,2048,0,1493776,27707392,38797312
1774389654.002300,2300,ubuntu-rog,1,0,0,65683160,33680272,51658780,564628,17191196,0,13462000,15738948,11470564,0,1991436,15738948,0,0,8388604,8388604,0,0,56,0,11445684,410640,25468,978784,1554788,978784,576004,15312,65788,0,0,0,0,41230184,14817584,34359738367,87052,0,80080,0,0,0,0,0,0,0,0,0,0,0,2048,0,1493776,27707392,38797312
1774389655.001201,1201,ubuntu-rog,1,0,0,65683160,33692376,51670884,564632,17191204,0,13462000,15738948,11470564,0,1991436,15738948,0,0,8388604,8388604,0,0,92,0,11445684,410640,25468,978784,1554788,978784,576004,15312,65788,0,0,0,0,41230184,14817584,34359738367,87052,0,80080,0,0,0,0,0,0,0,0,0,0,0,2048,0,1493776,27707392,38797312
1774389656.001305,1305,ubuntu-rog,1,0,0,65683160,33700184,51678696,564632,17191204,0,13462000,15738952,11470564,0,1991436,15738952,0,0,8388604,8388604,0,0,48,0,11445684,410640,25468,978784,1554788,978784,576004,15312,65788,0,0,0,0,41230184,14817584,34359738367,87052,0,80080,0,0,0,0,0,0,0,0,0,0,0,2048,0,1493776,27707392,38797312
1774389657.001060,1060,ubuntu-rog,1,0,0,65683160,33708248,51686760,564632,17191204,0,13462000,15738952,11470564,0,1991436,15738952,0,0,8388604,8388604,0,0,48,0,11445684,410640,25468,978784,1554788,978784,576004,15312,65788,0,0,0,0,41230184,14817584,34359738367,87052,0,80080,0,0,0,0,0,0,0,0,0,0,0,2048,0,1493776,27707392,38797312
1774389658.002061,2061,ubuntu-rog,1,0,0,65683160,33716312,51694824,564632,17191208,0,13462000,15738952,11470564,0,1991436,15738952,0,0,8388604,8388604,0,0,52,0,11445684,410640,25468,978784,1554788,978784,576004,15312,65788,0,0,0,0,41230184,14817584,34359738367,87052,0,80080,0,0,0,0,0,0,0,0,0,0,0,2048,0,1493776,27707392,38797312
1774389659.001304,1304,ubuntu-rog,1,0,0,65683160,33724376,51702888,564632,17191208,0,13462000,15738952,11470564,0,1991436,15738952,0,0,8388604,8388604,0,0,52,0,11445684,410640,25468,978784,1554788,978784,576004,15312,65788,0,0,0,0,41230184,14817584,34359738367,87052,0,80080,0,0,0,0,0,0,0,0,0,0,0,2048,0,1493776,27707392,38797312
1774389660.001201,1201,ubuntu-rog,1,0,0,65683160,33732440,51710952,564640,17191212,0,13462000,15738952,11470564,0,1991436,15738952,0,0,8388604,8388604,0,0,68,0,11445684,410640,25468,978784,1554788,978784,576004,15312,65788,0,0,0,0,41230184,14817584,34359738367,87052,0,80080,0,0,0,0,0,0,0,0,0,0,0,2048,0,1493776,27707392,38797312
1774389661.001307,1307,ubuntu-rog,1,0,0,65683160,33740504,51719016,564640,17191216,0,13462000,15738952,11470564,0,1991436,15738952,0,0,8388604,8388604,0,0,76,0,11445684,410640,25468,978784,1554788,978784,576004,15312,65788,0,0,0,0,41230184,14817584,34359738367,87052,0,80080,0,0,0,0,0,0,0,0,0,0,0,2048,0,1493776,27707392,38797312
1774389662.002059,2059,ubuntu-rog,1,0,0,65683160,33748568,51727080,564640,17191220,0,13462000,15738952,11470564,0,1991436,15738952,0,0,8388604,8388604,0,0,80,0,11445684,410640,25468,978784,1554788,978784,576004,15312,65788,0,0,0,0,41230184,14817584,34359738367,87052,0,80080,0,0,0,0,0,0,0,0,0,0,0,2048,0,1493776,27707392,38797312
1774389663.001065,1065,ubuntu-rog,1,0,0,65683160,33756632,51735144,564640,17191220,0,13462000,15738952,11470564,0,1991436,15738952,0,0,8388604,8388604,0,0,80,0,11445684,410640,25468,978784,1554788,978784,576004,15312,65788,0,0,0,0,41230184,14817584,34359738367,87052,0,80080,0,0,0,0,0,0,0,0,0,0,0,2048,0,1493776,27707392,38797312
1774389664.001307,1307,ubuntu-rog,1,0,0,65683160,33764696,51743208,564640,17191220,0,13462000,15738952,11470564,0,1991436,15738952,0,0,8388604,8388604,0,0,80,0,11445684,410640,25468,978784,1554788,978784,576004,15312,65788,0,0,0,0,41230184,14817584,34359738367,87052,0,80080,0,0,0,0,0,0,0,0,0,0,0,2048,0,1493776,27707392,38797312
1774389665.001202,1202,ubuntu-rog,1,0,0,65683160,33774780,51753292,564640,17191224,0,13462000,15738952,11470564,0,1991436,15738952,0,0,8388604,8388604,0,0,84,0,11445684,410640,25468,978784,1554788,978784,576004,15312,65788,0,0,0,0,41230184,14817584,34359738367,87052,0,80080,0,0,0,0,0,0,0,0,0,0,0,2048,0,1493776,27707392,38797312
1774389666.002308,2308,ubuntu-rog,1,0,0,65683160,33782592,51761104,564644,17191224,0,13462000,15738952,11470564,0,1991436,15738952,0,0,8388604,8388604,0,0,84,0,11445684,410640,25468,978784,1554788,978784,576004,15312,65788,0,0,0,0,41230184,14817584,34359738367,87052,0,80080,0,0,0,0,0,0,0,0,0,0,0,2048,0,1493776,27707392,38797312
1774389667.001061,1061,ubuntu-rog,1,0,0,65683160,33790656,51769168,564644,17191228,0,13462000,15738952,11470564,0,1991436,15738952,0,0,8388604,8388604,0,0,88,0,11445684,410640,25468,978784,1554788,978784,576004,15312,65788,0,0,0,0,41230184,14817584,34359738367,87052,0,80080,0,0,0,0,0,0,0,0,0,0,0,2048,0,1493776,27707392,38797312
1774389668.001067,1067,ubuntu-rog,1,0,0,65683160,33798720,51777232,564644,17191228,0,13462000,15738952,11470564,0,1991436,15738952,0,0,8388604,8388604,0,0,88,0,11445684,410640,25468,978784,1554788,978784,576004,15312,65788,0,0,0,0,41230184,14817584,34359738367,87052,0,80080,0,0,0,0,0,0,0,0,0,0,0,2048,0,1493776,27707392,38797312
1774389669.001305,1305,ubuntu-rog,1,0,0,65683160,33806784,51785300,564644,17191232,0,13462000,15738952,11470564,0,1991436,15738952,0,0,8388604,8388604,0,0,92,0,11445684,410640,25468,978788,1554792,978788,576004,15312,65788,0,0,0,0,41230184,14817584,34359738367,87052,0,80080,0,0,0,0,0,0,0,0,0,0,0,2048,0,1493776,27707392,38797312
1774389670.002195,2195,ubuntu-rog,1,0,0,65683160,33814848,51793364,564644,17191232,0,13462000,15738952,11470564,0,1991436,15738952,0,0,8388604,8388604,0,0,92,0,11445684,410640,25468,978788,1554792,978788,576004,15312,65788,0,0,0,0,41230184,14817584,34359738367,87052,0,80080,0,0,0,0,0,0,0,0,0,0,0,2048,0,1493776,27707392,38797312
1774389671.001307,1307,ubuntu-rog,1,0,0,65683160,33822912,51801428,564652,17191232,0,13461780,15738952,11470344,0,1991436,15738952,0,0,8388604,8388604,0,0,92,0,11445464,410640,25468,978788,1554792,978788,576004,15312,65788,0,0,0,0,41230184,14817364,34359738367,87052,0,80080,0,0,0,0,0,0,0,0,0,0,0,2048,0,1493776,27707392,38797312
1774389672.001064,1064,ubuntu-rog,1,0,0,65683160,33830976,51809492,564652,17191236,0,13461780,15738952,11470344,0,1991436,15738952,0,0,8388604,8388604,0,0,96,0,11445464,410640,25468,978788,1554792,978788,576004,15312,65788,0,0,0,0,41230184,14817364,34359738367,87052,0,80080,0,0,0,0,0,0,0,0,0,0,0,2048,0,1493776,27707392,38797312
1774389673.001065,1065,ubuntu-rog,1,0,0,65683160,33839040,51817556,564652,17191240,0,13461780,15738952,11470344,0,1991436,15738952,0,0,8388604,8388604,0,0,100,0,11445464,410640,25468,978788,1554792,978788,576004,15312,65788,0,0,0,0,41230184,14817364,34359738367,87052,0,80080,0,0,0,0,0,0,0,0,0,0,0,2048,0,1493776,27707392,38797312
1774389674.002302,2302,ubuntu-rog,1,0,0,65683160,33847104,51825620,564652,17191244,0,13461780,15738952,11470344,0,1991436,15738952,0,0,8388604,8388604,0,0,104,0,11445464,410640,25468,978788,1554792,978788,576004,15312,65788,0,0,0,0,41230184,14817364,34359738367,87052,0,80080,0,0,0,0,0,0,0,0,0,0,0,2048,0,1493776,27707392,38797312
1774389675.001199,1199,ubuntu-rog,1,0,0,65683160,33856380,51834896,564652,17191244,0,13461780,15738952,11470344,0,1991436,15738952,0,0,8388604,8388604,0,0,104,0,11445464,410640,25468,978788,1554792,978788,576004,15312,65788,0,0,0,0,41230184,14817364,34359738367,87052,0,80080,0,0,0,0,0,0,0,0,0,0,0,2048,0,1493776,27707392,38797312
1774389676.001309,1309,ubuntu-rog,1,0,0,65683160,33863992,51842508,564660,17191248,0,13461780,15738952,11470344,0,1991436,15738952,0,0,8388604,8388604,0,0,108,0,11445464,410640,25468,978788,1554792,978788,576004,15312,65788,0,0,0,0,41230184,14817364,34359738367,87052,0,80080,0,0,0,0,0,0,0,0,0,0,0,2048,0,1493776,27707392,38797312
1774389677.001063,1063,ubuntu-rog,1,0,0,65683160,33872056,51850572,564660,17191248,0,13461780,15738952,11470344,0,1991436,15738952,0,0,8388604,8388604,0,0,108,0,11445464,410640,25468,978788,1554792,978788,576004,15312,65788,0,0,0,0,41230184,14817364,34359738367,87052,0,80080,0,0,0,0,0,0,0,0,0,0,0,2048,0,1493776,27707392,38797312
1774389678.002061,2061,ubuntu-rog,1,0,0,65683160,33880120,51858636,564660,17191248,0,13461780,15738952,11470344,0,1991436,15738952,0,0,8388604,8388604,0,0,108,0,11445464,410640,25468,978788,1554792,978788,576004,15312,65788,0,0,0,0,41230184,14817364,34359738367,87052,0,80080,0,0,0,0,0,0,0,0,0,0,0,2048,0,1493776,27707392,38797312
1774389679.001303,1303,ubuntu-rog,1,0,0,65683160,33888184,51866700,564660,17191252,0,13461864,15738952,11470428,0,1991436,15738952,0,0,8388604,8388604,0,0,136,0,11445464,410640,25468,978788,1554792,978788,576004,15312,65788,0,0,0,0,41230184,14817364,34359738367,87052,0,80080,0,0,0,0,0,0,0,0,0,0,0,2048,0,1493776,27707392,38797312
1774389680.001202,1202,ubuntu-rog,1,0,0,65683160,33896248,51874876,564660,17191256,0,13461904,15739064,11470468,0,1991436,15739064,0,0,8388604,8388604,0,0,68,0,11445464,410640,25468,978788,1554792,978788,576004,15312,65788,0,0,0,0,41230184,14817364,34359738367,87052,0,80080,0,0,0,0,0,0,0,0,0,0,0,2048,0,1493776,27707392,38797312
1774389681.001307,1307,ubuntu-rog,1,0,0,65683160,33904312,51882940,564660,17191256,0,13461904,15739064,11470468,0,1991436,15739064,0,0,8388604,8388604,0,0,68,0,11445464,410640,25468,978788,1554792,978788,576004,15312,65788,0,0,0,0,41230184,14817364,34359738367,87052,0,80080,0,0,0,0,0,0,0,0,0,0,0,2048,0,1493776,27707392,38797312
1774389682.002058,2058,ubuntu-rog,1,0,0,65683160,33912376,51891004,564660,17191256,0,13461904,15739064,11470468,0,1991436,15739064,0,0,8388604,8388604,0,0,68,0,11445464,410640,25468,978788,1554792,978788,576004,15312,65788,0,0,0,0,41230184,14817364,34359738367,87052,0,80080,0,0,0,0,0,0,0,0,0,0,0,2048,0,1493776,27707392,38797312
1774389683.001065,1065,ubuntu-rog,1,0,0,65683160,33918864,51897492,564660,17191260,0,13461904,15739064,11470468,0,1991436,15739064,0,0,8388604,8388604,0,0,72,0,11445464,410640,25468,978788,1554792,978788,576004,15312,65788,0,0,0,0,41230184,14817364,34359738367,87052,0,80080,0,0,0,0,0,0,0,0,0,0,0,2048,0,1493776,27707392,38797312
1774389684.001306,1306,ubuntu-rog,1,0,0,65683160,33924792,51903420,564660,17191260,0,13461904,15739064,11470468,0,1991436,15739064,0,0,8388604,8388604,0,0,72,0,11445464,410640,25468,978788,1554792,978788,576004,15312,65788,0,0,0,0,41230184,14817364,34359738367,87052,0,80080,0,0,0,0,0,0,0,0,0,0,0,2048,0,1493776,27707392,38797312
1774389685.001199,1199,ubuntu-rog,1,0,0,65683160,33930688,51909320,564664,17191264,0,13461904,15739064,11470468,0,1991436,15739064,0,0,8388604,8388604,0,0,124,0,11445464,410640,25468,978792,1554796,978792,576004,15312,65788,0,0,0,0,41230184,14817364,34359738367,87052,0,80080,0,0,0,0,0,0,0,0,0,0,0,2048,0,1493776,27707392,38797312
1774389686.002304,2304,ubuntu-rog,1,0,0,65683160,33934084,51912716,564664,17191272,0,13461904,15739064,11470468,0,1991436,15739064,0,0,8388604,8388604,0,0,132,0,11445464,410640,25468,978792,1554796,978792,576004,15312,65788,0,0,0,0,41230184,14817364,34359738367,87052,0,80080,0,0,0,0,0,0,0,0,0,0,0,2048,0,1493776,27707392,38797312
1774389687.001067,1067,ubuntu-rog,1,0,0,65683160,33937868,51916504,564664,17191272,0,13461904,15739068,11470468,0,1991436,15739068,0,0,8388604,8388604,0,0,88,0,11445464,410832,25468,978792,1554796,978792,576004,15312,65788,0,0,0,0,41230184,14817364,34359738367,87052,0,80080,0,0,0,0,0,0,0,0,0,0,0,2048,0,1493776,27707392,38797312
1774389688.001068,1068,ubuntu-rog,1,0,0,65683160,33941000,51919636,564664,17191272,0,13461904,15739068,11470468,0,1991436,15739068,0,0,8388604,8388604,0,0,88,0,11445464,410832,25468,978792,1554796,978792,576004,15312,65788,0,0,0,0,41230184,14817364,34359738367,87052,0,80080,0,0,0,0,0,0,0,0,0,0,0,2048,0,1493776,27707392,38797312
1774389689.001301,1301,ubuntu-rog,1,0,0,65683160,33943688,51922324,564664,17191272,0,13461904,15739068,11470468,0,1991436,15739068,0,0,8388604,8388604,0,0,88,0,11445464,410832,25468,978792,1554796,978792,576004,15312,65788,0,0,0,0,41230184,14817364,34359738367,87052,0,80080,0,0,0,0,0,0,0,0,0,0,0,2048,0,1493776,27707392,38797312
1774389690.002202,2202,ubuntu-rog,1,0,0,65683160,33945992,51924628,564668,17191276,0,13461904,15739068,11470468,0,1991436,15739068,0,0,8388604,8388604,0,0,104,0,11445464,410832,25468,978792,1554796,978792,576004,15312,65788,0,0,0,0,41230184,14817364,34359738367,87052,0,80080,0,0,0,0,0,0,0,0,0,0,0,2048,0,1493776,27707392,38797312
1774389691.001299,1299,ubuntu-rog,1,0,0,65683160,33947956,51926592,564668,17191276,0,13461904,15739068,11470468,0,1991436,15739068,0,0,8388604,8388604,0,0,104,0,11445464,410832,25468,978792,1554796,978792,576004,15312,65788,0,0,0,0,41230184,14817364,34359738367,87052,0,80080,0,0,0,0,0,0,0,0,0,0,0,2048,0,1493776,27707392,38797312
1774389692.001065,1065,ubuntu-rog,1,0,0,65683160,33950028,51928664,564668,17191276,0,13461904,15739068,11470468,0,1991436,15739068,0,0,8388604,8388604,0,0,64,0,11445464,410832,25468,978792,1554796,978792,576004,15312,65788,0,0,0,0,41230184,14817364,34359738367,87052,0,80080,0,0,0,0,0,0,0,0,0,0,0,2048,0,1493776,27707392,38797312
1774389693.001063,1063,ubuntu-rog,1,0,0,65683160,33951436,51930072,564668,17191284,0,13461904,15739068,11470468,0,1991436,15739068,0,0,8388604,8388604,0,0,76,0,11445464,410832,25468,978792,1554796,978792,576004,15312,65788,0,0,0,0,41230184,14817364,34359738367,87052,0,80080,0,0,0,0,0,0,0,0,0,0,0,2048,0,1493776,27707392,38797312
1774389694.002294,2294,ubuntu-rog,1,0,0,65683160,33953024,51931660,564668,17191284,0,13461904,15739068,11470468,0,1991436,15739068,0,0,8388604,8388604,0,0,76,0,11445464,410832,25468,978792,1554796,978792,576004,15312,65788,0,0,0,0,41230184,14817364,34359738367,87052,0,80080,0,0,0,0,0,0,0,0,0,0,0,2048,0,1493776,27707392,38797312
1774389695.001198,1198,ubuntu-rog,1,0,0,65683160,33954008,51932644,564672,17191284,0,13461904,15739068,11470468,0,1991436,15739068,0,0,8388604,8388604,0,0,80,0,11445464,410832,25468,978792,1554796,978792,576004,15312,65788,0,0,0,0,41230184,14817364,34359738367,87052,0,80080,0,0,0,0,0,0,0,0,0,0,0,2048,0,1493776,27707392,38797312
1774389696.001301,1301,ubuntu-rog,1,0,0,65683160,33955224,51933860,564672,17191284,0,13461904,15739068,11470468,0,1991436,15739068,0,0,8388604,8388604,0,0,80,0,11445464,410832,25468,978792,1554796,978792,576004,15312,65788,0,0,0,0,41230184,14817364,34359738367,87052,0,80080,0,0,0,0,0,0,0,0,0,0,0,2048,0,1493776,27707392,38797312
1774389697.001062,1062,ubuntu-rog,1,0,0,65683160,33955884,51934520,564672,17191288,0,13461904,15739068,11470468,0,1991436,15739068,0,0,8388604,8388604,0,0,84,0,11445464,410832,25468,978792,1554796,978792,576004,15312,65788,0,0,0,0,41230184,14817364,34359738367,87052,0,80080,0,0,0,0,0,0,0,0,0,0,0,2048,0,1493776,27707392,38797312
1774389698.002063,2063,ubuntu-rog,1,0,0,65683160,33956816,51935452,564672,17191292,0,13461904,15739068,11470468,0,1991436,15739068,0,0,8388604,8388604,0,0,92,0,11445464,410832,25468,978792,1554796,978792,576004,15312,65788,0,0,0,0,41230184,14817364,34359738367,87052,0,80080,0,0,0,0,0,0,0,0,0,0,0,2048,0,1493776,27707392,38797312
1774389699.001334,1334,ubuntu-rog,1,0,0,65683160,33957784,51936420,564672,17191296,0,13461904,15739068,11470468,0,1991436,15739068,0,0,8388604,8388604,0,0,96,0,11445464,410832,25468,978792,1554796,978792,576004,15312,65788,0,0,0,0,41230184,14817364,34359738367,87052,0,80080,0,0,0,0,0,0,0,0,0,0,0,2048,0,1493776,27707392,38797312
1774389700.001202,1202,ubuntu-rog,1,0,0,65683160,33958592,51937228,564672,17191300,0,13461904,15739068,11470468,0,1991436,15739068,0,0,8388604,8388604,0,0,100,0,11445464,410832,25468,978792,1554796,978792,576004,15312,65788,0,0,0,0,41230184,14817364,34359738367,87052,0,80080,0,0,0,0,0,0,0,0,0,0,0,2048,0,1493776,27707392,38797312
1774389701.001301,1301,ubuntu-rog,1,0,0,65683160,33958812,51937448,564672,17191300,0,13461904,15739068,11470468,0,1991436,15739068,0,0,8388604,8388604,0,0,100,0,11445464,410832,25468,978792,1554796,978792,576004,15312,65788,0,0,0,0,41230184,14817364,34359738367,87052,0,80080,0,0,0,0,0,0,0,0,0,0,0,2048,0,1493776,27707392,38797312
1774389702.002060,2060,ubuntu-rog,1,0,0,65683160,33959356,51937992,564672,17191300,0,13461904,15739068,11470468,0,1991436,15739068,0,0,8388604,8388604,0,0,100,0,11445464,410832,25468,978792,1554796,978792,576004,15312,65788,0,0,0,0,41230184,14817364,34359738367,87052,0,80080,0,0,0,0,0,0,0,0,0,0,0,2048,0,1493776,27707392,38797312
1774389703.001068,1068,ubuntu-rog,1,0,0,65683160,33959832,51938468,564672,17191300,0,13461904,15739068,11470468,0,1991436,15739068,0,0,8388604,8388604,0,0,100,0,11445464,410832,25468,978792,1554796,978792,576004,15312,65788,0,0,0,0,41230184,14817364,34359738367,87052,0,80080,0,0,0,0,0,0,0,0,0,0,0,2048,0,1493776,27707392,38797312
1774389704.001300,1300,ubuntu-rog,1,0,0,65683160,33959820,51938456,564672,17191304,0,13461904,15739068,11470468,0,1991436,15739068,0,0,8388604,8388604,0,0,104,0,11445464,410832,25468,978792,1554796,978792,576004,15312,65788,0,0,0,0,41230184,14817364,34359738367,87052,0,80080,0,0,0,0,0,0,0,0,0,0,0,2048,0,1493776,27707392,38797312
1774389705.001196,1196,ubuntu-rog,1,0,0,65683160,33959820,51938456,564680,17191308,0,13461904,15739068,11470468,0,1991436,15739068,0,0,8388604,8388604,0,0,108,0,11445464,410832,25468,978792,1554796,978792,576004,15312,65788,0,0,0,0,41230184,14817364,34359738367,87052,0,80080,0,0,0,0,0,0,0,0,0,0,0,2048,0,1493776,27707392,38797312
1774389706.002300,2300,ubuntu-rog,1,0,0,65683160,33959820,51938456,564680,17191308,0,13461904,15739068,11470468,0,1991436,15739068,0,0,8388604,8388604,0,0,108,0,11445464,410832,25468,978792,1554796,978792,576004,15312,65788,0,0,0,0,41230184,14817364,34359738367,87052,0,80080,0,0,0,0,0,0,0,0,0,0,0,2048,0,1493776,27707392,38797312
1774389707.001063,1063,ubuntu-rog,1,0,0,65683160,33959820,51938456,564680,17191312,0,13461904,15739068,11470468,0,1991436,15739068,0,0,8388604,8388604,0,0,112,0,11445464,410832,25468,978792,1554796,978792,576004,15312,65788,0,0,0,0,41230184,14817364,34359738367,87052,0,80080,0,0,0,0,0,0,0,0,0,0,0,2048,0,1493776,27707392,38797312
1774389708.001067,1067,ubuntu-rog,1,0,0,65683160,33959820,51938456,564680,17191312,0,13461904,15739068,11470468,0,1991436,15739068,0,0,8388604,8388604,0,0,112,0,11445464,410832,25468,978792,1554796,978792,576004,15312,65788,0,0,0,0,41230184,14817364,34359738367,87052,0,80080,0,0,0,0,0,0,0,0,0,0,0,2048,0,1493776,27707392,38797312
1774389709.001300,1300,ubuntu-rog,1,0,0,65683160,33959820,51938456,564680,17191312,0,13461904,15739068,11470468,0,1991436,15739068,0,0,8388604,8388604,0,0,112,0,11445464,410832,25468,978792,1554796,978792,576004,15312,65788,0,0,0,0,41230184,14817364,34359738367,87052,0,80080,0,0,0,0,0,0,0,0,0,0,0,2048,0,1493776,27707392,38797312
1774389710.002193,2193,ubuntu-rog,1,0,0,65683160,33959820,51938456,564684,17191320,0,13461904,15739068,11470468,0,1991436,15739068,0,0,8388604,8388604,0,0,120,0,11445464,410832,25468,978792,1554796,978792,576004,15312,65788,0,0,0,0,41230184,14817364,34359738367,87052,0,80080,0,0,0,0,0,0,0,0,0,0,0,2048,0,1493776,27707392,38797312
1774389711.001298,1298,ubuntu-rog,1,0,0,65683160,33959820,51938456,564684,17191324,0,13461904,15739068,11470468,0,1991436,15739068,0,0,8388604,8388604,0,0,124,0,11445464,410832,25468,978792,1554796,978792,576004,15312,65788,0,0,0,0,41230184,14817364,34359738367,87052,0,80080,0,0,0,0,0,0,0,0,0,0,0,2048,0,1493776,27707392,38797312
1774389712.001422,1422,ubuntu-rog,1,0,0,65683160,33959820,51938456,564684,17191324,0,13461904,15739068,11470468,0,1991436,15739068,0,0,8388604,8388604,0,0,124,0,11445464,410832,25468,978792,1554796,978792,576004,15312,65788,0,0,0,0,41230184,14817364,34359738367,87052,0,80080,0,0,0,0,0,0,0,0,0,0,0,2048,0,1493776,27707392,38797312
1774389713.002062,2062,ubuntu-rog,1,0,0,65683160,33959820,51938456,564684,17191324,0,13461904,15739068,11470468,0,1991436,15739068,0,0,8388604,8388604,0,0,124,0,11445464,410832,25468,978792,1554796,978792,576004,15312,65788,0,0,0,0,41230184,14817364,34359738367,87052,0,80080,0,0,0,0,0,0,0,0,0,0,0,2048,0,1493776,27707392,38797312
1774389714.001298,1298,ubuntu-rog,1,0,0,65683160,33959820,51938456,564684,17191328,0,13461904,15739068,11470468,0,1991436,15739068,0,0,8388604,8388604,0,0,128,0,11445464,410832,25468,978792,1554796,978792,576004,15312,65788,0,0,0,0,41230184,14817364,34359738367,87052,0,80080,0,0,0,0,0,0,0,0,0,0,0,2048,0,1493776,27707392,38797312
1774389715.001199,1199,ubuntu-rog,1,0,0,65683160,33959820,51938456,564684,17191328,0,13461904,15739068,11470468,0,1991436,15739068,0,0,8388604,8388604,0,0,132,0,11445464,410832,25468,978792,1554796,978792,576004,15312,65788,0,0,0,0,41230184,14817364,34359738367,87052,0,80080,0,0,0,0,0,0,0,0,0,0,0,2048,0,1493776,27707392,38797312
1774389716.001290,1290,ubuntu-rog,1,0,0,65683160,33959820,51938456,564684,17191328,0,13461904,15739068,11470468,0,1991436,15739068,0,0,8388604,8388604,0,0,68,0,11445464,410832,25468,978792,1554796,978792,576004,15312,65788,0,0,0,0,41230184,14817364,34359738367,87052,0,80080,0,0,0,0,0,0,0,0,0,0,0,2048,0,1493776,27707392,38797312
1774389717.002057,2057,ubuntu-rog,1,0,0,65683160,33959820,51938456,564684,17191332,0,13461904,15739068,11470468,0,1991436,15739068,0,0,8388604,8388604,0,0,72,0,11445464,410832,25468,978792,1554796,978792,576004,15312,65788,0,0,0,0,41230184,14817364,34359738367,87052,0,80080,0,0,0,0,0,0,0,0,0,0,0,2048,0,1493776,27707392,38797312
1774389718.001061,1061,ubuntu-rog,1,0,0,65683160,33959820,51938456,564684,17191336,0,13461904,15739068,11470468,0,1991436,15739068,0,0,8388604,8388604,0,0,76,0,11445464,410832,25468,978792,1554796,978792,576004,15312,65788,0,0,0,0,41230184,14817364,34359738367,87052,0,80080,0,0,0,0,0,0,0,0,0,0,0,2048,0,1493776,27707392,38797312
1774389719.001300,1300,ubuntu-rog,1,0,0,65683160,33959820,51938456,564684,17191336,0,13461904,15739068,11470468,0,1991436,15739068,0,0,8388604,8388604,0,0,76,0,11445464,410832,25468,978792,1554796,978792,576004,15312,65788,0,0,0,0,41230184,14817364,34359738367,87052,0,80080,0,0,0,0,0,0,0,0,0,0,0,2048,0,1493776,27707392,38797312
1774389720.001199,1199,ubuntu-rog,1,0,0,65683160,33959820,51938456,564692,17191336,0,13461904,15739068,11470468,0,1991436,15739068,0,0,8388604,8388604,0,0,80,0,11445464,410832,25468,978792,1554796,978792,576004,15312,65788,0,0,0,0,41230184,14817364,34359738367,87052,0,80080,0,0,0,0,0,0,0,0,0,0,0,2048,0,1493776,27707392,38797312
1774389721.002296,2296,ubuntu-rog,1,0,0,65683160,33959820,51938456,564692,17191340,0,13461904,15739068,11470468,0,1991436,15739068,0,0,8388604,8388604,0,0,84,0,11445464,410832,25468,978792,1554796,978792,576004,15312,65788,0,0,0,0,41230184,14817364,34359738367,87052,0,80080,0,0,0,0,0,0,0,0,0,0,0,2048,0,1493776,27707392,38797312
1774389722.001062,1062,ubuntu-rog,1,0,0,65683160,33959820,51938456,564696,17191340,0,13461904,15739068,11470468,0,1991436,15739068,0,0,8388604,8388604,0,0,88,0,11445464,410832,25468,978792,1554796,978792,576004,15312,65788,0,0,0,0,41230184,14817364,34359738367,87052,0,80080,0,0,0,0,0,0,0,0,0,0,0,2048,0,1493776,27707392,38797312
1774389723.001066,1066,ubuntu-rog,1,0,0,65683160,33959820,51938460,564696,17191344,0,13461904,15739072,11470468,0,1991436,15739072,0,0,8388604,8388604,0,0,44,0,11445464,410832,25468,978792,1554796,978792,576004,15312,65788,0,0,0,0,41230184,14817364,34359738367,87052,0,80080,0,0,0,0,0,0,0,0,0,0,0,2048,0,1493776,27707392,38797312
1774389724.001304,1304,ubuntu-rog,1,0,0,65683160,33959820,51938460,564696,17191352,0,13461904,15739072,11470468,0,1991436,15739072,0,0,8388604,8388604,0,0,56,0,11445464,410832,25468,978792,1554796,978792,576004,15312,65788,0,0,0,0,41230184,14817364,34359738367,87052,0,80080,0,0,0,0,0,0,0,0,0,0,0,2048,0,1493776,27707392,38797312
1774389725.002194,2194,ubuntu-rog,1,0,0,65683160,33959820,51938460,564696,17191352,0,13461904,15739072,11470468,0,1991436,15739072,0,0,8388604,8388604,0,0,76,0,11445464,410832,25468,978792,1554796,978792,576004,15312,65788,0,0,0,0,41230184,14817364,34359738367,87052,0,80080,0,0,0,0,0,0,0,0,0,0,0,2048,0,1493776,27707392,38797312
1774389726.001301,1301,ubuntu-rog,1,0,0,65683160,33959820,51938460,564696,17191352,0,13461904,15739072,11470468,0,1991436,15739072,0,0,8388604,8388604,0,0,76,0,11445464,410832,25468,978792,1554796,978792,576004,15312,65788,0,0,0,0,41230184,14817364,34359738367,87052,0,80080,0,0,0,0,0,0,0,0,0,0,0,2048,0,1493776,27707392,38797312
1774389727.001062,1062,ubuntu-rog,1,0,0,65683160,33959820,51938460,564696,17191352,0,13461904,15739072,11470468,0,1991436,15739072,0,0,8388604,8388604,0,0,76,0,11445464,410832,25468,978792,1554796,978792,576004,15312,65788,0,0,0,0,41230184,14817364,34359738367,87052,0,80080,0,0,0,0,0,0,0,0,0,0,0,2048,0,1493776,27707392,38797312
1774389728.001065,1065,ubuntu-rog,1,0,0,65683160,33959820,51938460,564696,17191356,0,13461904,15739072,11470468,0,1991436,15739072,0,0,8388604,8388604,0,0,52,0,11445464,410832,25468,978792,1554796,978792,576004,15312,65788,0,0,0,0,41230184,14817364,34359738367,87052,0,80080,0,0,0,0,0,0,0,0,0,0,0,2048,0,1493776,27707392,38797312
1774389729.002294,2294,ubuntu-rog,1,0,0,65683160,33959820,51938460,564696,17191356,0,13461904,15739072,11470468,0,1991436,15739072,0,0,8388604,8388604,0,0,52,0,11445464,410832,25468,978792,1554796,978792,576004,15312,65788,0,0,0,0,41230184,14817364,34359738367,87052,0,80080,0,0,0,0,0,0,0,0,0,0,0,2048,0,1493776,27707392,38797312
1774389730.001193,1193,ubuntu-rog,1,0,0,65683160,33959820,51938460,564696,17191360,0,13461904,15739072,11470468,0,1991436,15739072,0,0,8388604,8388604,0,0,60,0,11445464,410832,25468,978792,1554796,978792,576004,15312,65788,0,0,0,0,41230184,14817364,34359738367,87052,0,80080,0,0,0,0,0,0,0,0,0,0,0,2048,0,1493776,27707392,38797312
1774389731.001336,1336,ubuntu-rog,1,0,0,65683160,33959820,51938460,564700,17191364,0,13461904,15739072,11470468,0,1991436,15739072,0,0,8388604,8388604,0,0,64,0,11445464,410832,25468,978792,1554796,978792,576004,15312,65788,0,0,0,0,41230184,14817364,34359738367,87052,0,80080,0,0,0,0,0,0,0,0,0,0,0,2048,0,1493776,27707392,38797312
1774389732.001065,1065,ubuntu-rog,1,0,0,65683160,33959820,51938460,564700,17191364,0,13461904,15739072,11470468,0,1991436,15739072,0,0,8388604,8388604,0,0,64,0,11445464,410832,25468,978792,1554796,978792,576004,15312,65788,0,0,0,0,41230184,14817364,34359738367,87052,0,80080,0,0,0,0,0,0,0,0,0,0,0,2048,0,1493776,27707392,38797312
1774389733.002060,2060,ubuntu-rog,1,0,0,65683160,33960224,51938864,564700,17191364,0,13461904,15739072,11470468,0,1991436,15739072,0,0,8388604,8388604,0,0,48,0,11445480,410832,25468,978792,1554796,978792,576004,15312,65788,0,0,0,0,41230184,14817364,34359738367,87052,0,80080,0,0,0,0,0,0,0,0,0,0,0,2048,0,1493776,27707392,38797312
1774389734.001301,1301,ubuntu-rog,1,0,0,65683160,33960056,51938696,564700,17191364,0,13461904,15739072,11470468,0,1991436,15739072,0,0,8388604,8388604,0,0,48,0,11445480,410832,25468,978792,1554796,978792,576004,15312,65788,0,0,0,0,41230184,14817364,34359738367,87052,0,80080,0,0,0,0,0,0,0,0,0,0,0,2048,0,1493776,27707392,38797312
1774389735.001200,1200,ubuntu-rog,1,0,0,65683160,33960056,51938696,564700,17191372,0,13461904,15739072,11470468,0,1991436,15739072,0,0,8388604,8388604,0,0,60,0,11445480,410832,25468,978792,1554796,978792,576004,15312,65788,0,0,0,0,41230184,14817364,34359738367,87052,0,80080,0,0,0,0,0,0,0,0,0,0,0,2048,0,1493776,27707392,38797312
1774389736.001300,1300,ubuntu-rog,1,0,0,65683160,33960056,51938696,564700,17191372,0,13461904,15739072,11470468,0,1991436,15739072,0,0,8388604,8388604,0,0,60,0,11445480,410832,25468,978792,1554796,978792,576004,15312,65788,0,0,0,0,41230184,14817364,34359738367,87052,0,80080,0,0,0,0,0,0,0,0,0,0,0,2048,0,1493776,27707392,38797312
1774389737.002057,2057,ubuntu-rog,1,0,0,65683160,33960056,51938696,564708,17191376,0,13461904,15739072,11470468,0,1991436,15739072,0,0,8388604,8388604,0,0,76,0,11445480,410832,25468,978792,1554796,978792,576004,15312,65788,0,0,0,0,41230184,14817364,34359738367,87052,0,80080,0,0,0,0,0,0,0,0,0,0,0,2048,0,1493776,27707392,38797312
1774389738.001068,1068,ubuntu-rog,1,0,0,65683160,33960056,51938820,564708,17191380,0,13461904,15739196,11470468,0,1991436,15739196,0,0,8388604,8388604,0,0,80,0,11445480,410832,25468,978792,1554796,978792,576004,15312,65788,0,0,0,0,41230184,14817364,34359738367,87052,0,80080,0,0,0,0,0,0,0,0,0,0,0,2048,0,1493776,27707392,38797312
1774389739.001292,1292,ubuntu-rog,1,0,0,65683160,33960056,51938820,564708,17191380,0,13461904,15739196,11470468,0,1991436,15739196,0,0,8388604,8388604,0,0,80,0,11445480,410832,25468,978792,1554796,978792,576004,15312,65788,0,0,0,0,41230184,14817364,34359738367,87052,0,80080,0,0,0,0,0,0,0,0,0,0,0,2048,0,1493776,27707392,38797312
1774389740.001200,1200,ubuntu-rog,1,0,0,65683160,33960056,51938820,564708,17191380,0,13461904,15739196,11470468,0,1991436,15739196,0,0,8388604,8388604,0,0,80,0,11445480,410832,25468,978792,1554796,978792,576004,15312,65788,0,0,0,0,41230184,14817364,34359738367,87052,0,80080,0,0,0,0,0,0,0,0,0,0,0,2048,0,1493776,27707392,38797312
1774389741.002295,2295,ubuntu-rog,1,0,0,65683160,33960056,51938820,564708,17191380,0,13461904,15739196,11470468,0,1991436,15739196,0,0,8388604,8388604,0,0,80,0,11445480,410832,25468,978792,1554796,978792,576004,15312,65788,0,0,0,0,41230184,14817364,34359738367,87052,0,80080,0,0,0,0,0,0,0,0,0,0,0,2048,0,1493776,27707392,38797312
1774389742.001063,1063,ubuntu-rog,1,0,0,65683160,33960056,51938820,564716,17191384,0,13462028,15739196,11470592,0,1991436,15739196,0,0,8388604,8388604,0,0,84,0,11445644,410832,25468,978792,1554796,978792,576004,15312,65788,0,0,0,0,41230184,14817516,34359738367,87052,0,80080,0,0,0,0,0,0,0,0,0,0,0,2048,0,1493776,27707392,38797312
1774389743.001062,1062,ubuntu-rog,1,0,0,65683160,33960056,51938824,564716,17191388,0,13462028,15739196,11470592,0,1991436,15739196,0,0,8388604,8388604,0,0,88,0,11445644,410832,25468,978796,1554800,978796,576004,15312,65788,0,0,0,0,41230184,14817516,34359738367,87084,0,80080,0,0,0,0,0,0,0,0,0,0,0,2048,0,1493776,27707392,38797312
1774389744.001336,1336,ubuntu-rog,1,0,0,65683160,33960056,51938824,564716,17191388,0,13462028,15739196,11470592,0,1991436,15739196,0,0,8388604,8388604,0,0,88,0,11445644,410832,25468,978796,1554800,978796,576004,15312,65788,0,0,0,0,41230184,14817516,34359738367,87084,0,80080,0,0,0,0,0,0,0,0,0,0,0,2048,0,1493776,27707392,38797312
1774389745.002196,2196,ubuntu-rog,1,0,0,65683160,33960056,51938824,564716,17191392,0,13462028,15739196,11470592,0,1991436,15739196,0,0,8388604,8388604,0,0,92,0,11445644,410832,25468,978796,1554800,978796,576004,15312,65788,0,0,0,0,41230184,14817516,34359738367,87084,0,80080,0,0,0,0,0,0,0,0,0,0,0,2048,0,1493776,27707392,38797312
1774389746.001300,1300,ubuntu-rog,1,0,0,65683160,33960056,51938824,564716,17191392,0,13462028,15739196,11470592,0,1991436,15739196,0,0,8388604,8388604,0,0,92,0,11445644,410832,25468,978796,1554800,978796,576004,15312,65788,0,0,0,0,41230184,14817516,34359738367,87084,0,80080,0,0,0,0,0,0,0,0,0,0,0,2048,0,1493776,27707392,38797312
1774389747.001063,1063,ubuntu-rog,1,0,0,65683160,33960056,51938824,564716,17191396,0,13462028,15739196,11470592,0,1991436,15739196,0,0,8388604,8388604,0,0,96,0,11445644,410832,25468,978796,1554800,978796,576004,15312,65788,0,0,0,0,41230184,14817516,34359738367,87084,0,80080,0,0,0,0,0,0,0,0,0,0,0,2048,0,1493776,27707392,38797312
1774389748.001064,1064,ubuntu-rog,1,0,0,65683160,33960056,51938824,564724,17191396,0,13462028,15739196,11470592,0,1991436,15739196,0,0,8388604,8388604,0,0,96,0,11445644,410832,25468,978796,1554800,978796,576004,15312,65788,0,0,0,0,41230184,14817516,34359738367,87084,0,80080,0,0,0,0,0,0,0,0,0,0,0,2048,0,1493776,27707392,38797312
1774389749.002292,2292,ubuntu-rog,1,0,0,65683160,33960056,51938824,564724,17191404,0,13462028,15739196,11470592,0,1991436,15739196,0,0,8388604,8388604,0,0,104,0,11445644,410832,25468,978796,1554800,978796,576004,15312,65788,0,0,0,0,41230184,14817516,34359738367,87084,0,80080,0,0,0,0,0,0,0,0,0,0,0,2048,0,1493776,27707392,38797312
1774389750.001198,1198,ubuntu-rog,1,0,0,65683160,33960056,51938824,564724,17191404,0,13462028,15739196,11470592,0,1991436,15739196,0,0,8388604,8388604,0,0,104,0,11445644,410832,25468,978796,1554800,978796,576004,15312,65788,0,0,0,0,41230184,14817516,34359738367,87084,0,80080,0,0,0,0,0,0,0,0,0,0,0,2048,0,1493776,27707392,38797312
1774389751.001301,1301,ubuntu-rog,1,0,0,65683160,33960056,51938840,564724,17191404,0,13462028,15739212,11470592,0,1991436,15739212,0,0,8388604,8388604,0,0,68,0,11445644,410832,25468,978796,1554800,978796,576004,15312,65788,0,0,0,0,41230184,14817516,34359738367,87084,0,80080,0,0,0,0,0,0,0,0,0,0,0,2048,0,1493776,27707392,38797312
1774389752.001063,1063,ubuntu-rog,1,0,0,65683160,33960056,51938840,564724,17191408,0,13461996,15739212,11470560,0,1991436,15739212,0,0,8388604,8388604,0,0,72,0,11445636,410832,25468,978796,1554800,978796,576004,15312,65788,0,0,0,0,41230184,14817516,34359738367,87084,0,80080,0,0,0,0,0,0,0,0,0,0,0,2048,0,1493776,27707392,38797312
1774389753.002061,2061,ubuntu-rog,1,0,0,65683160,33960056,51938840,564732,17191404,0,13461996,15739212,11470560,0,1991436,15739212,0,0,8388604,8388604,0,0,76,0,11445636,410832,25468,978796,1554800,978796,576004,15312,65788,0,0,0,0,41230184,14817516,34359738367,87084,0,80080,0,0,0,0,0,0,0,0,0,0,0,2048,0,1493776,27707392,38797312
1774389754.001301,1301,ubuntu-rog,1,0,0,65683160,33960056,51938844,564732,17191408,0,13462012,15739216,11470576,0,1991436,15739216,0,0,8388604,8388604,0,0,36,0,11445636,410832,25468,978796,1554800,978796,576004,15312,65788,0,0,0,0,41230184,14817516,34359738367,87084,0,80080,0,0,0,0,0,0,0,0,0,0,0,2048,0,1493776,27707392,38797312
1774389755.001197,1197,ubuntu-rog,1,0,0,65683160,33960316,51939104,564732,17191408,0,13462012,15739216,11470576,0,1991436,15739216,0,0,8388604,8388604,0,0,36,0,11445636,410832,25468,978796,1554800,978796,576004,15312,65788,0,0,0,0,41230184,14817516,34359738367,87084,0,80080,0,0,0,0,0,0,0,0,0,0,0,2048,0,1493776,27707392,38797312
1774389756.001300,1300,ubuntu-rog,1,0,0,65683160,33960316,51939104,564732,17191416,0,13462012,15739216,11470576,0,1991436,15739216,0,0,8388604,8388604,0,0,48,0,11445636,410832,25468,978796,1554800,978796,576004,15312,65788,0,0,0,0,41230184,14817516,34359738367,87084,0,80080,0,0,0,0,0,0,0,0,0,0,0,2048,0,1493776,27707392,38797312
1774389757.001826,1826,ubuntu-rog,1,0,0,65683160,33960316,51939104,564732,17191416,0,13462012,15739216,11470576,0,1991436,15739216,0,0,8388604,8388604,0,0,48,0,11445636,410832,25468,978796,1554800,978796,576004,15312,65788,0,0,0,0,41230184,14817516,34359738367,87084,0,80080,0,0,0,0,0,0,0,0,0,0,0,2048,0,1493776,27707392,38797312
1774389758.002063,2063,ubuntu-rog,1,0,0,65683160,33960316,51939104,564740,17191416,0,13462012,15739216,11470576,0,1991436,15739216,0,0,8388604,8388604,0,0,64,0,11445636,410832,25468,978796,1554800,978796,576004,15312,65788,0,0,0,0,41230184,14817516,34359738367,87084,0,80080,0,0,0,0,0,0,0,0,0,0,0,2048,0,1493776,27707392,38797312
1774389759.001298,1298,ubuntu-rog,1,0,0,65683160,33960316,51939104,564740,17191420,0,13462012,15739216,11470576,0,1991436,15739216,0,0,8388604,8388604,0,0,44,0,11445636,410832,25468,978796,1554800,978796,576004,15312,65788,0,0,0,0,41230184,14817516,34359738367,87084,0,80080,0,0,0,0,0,0,0,0,0,0,0,2048,0,1493776,27707392,38797312
1774389760.001200,1200,ubuntu-rog,1,0,0,65683160,33960316,51939104,564740,17191424,0,13462012,15739216,11470576,0,1991436,15739216,0,0,8388604,8388604,0,0,48,0,11445636,410832,25468,978796,1554800,978796,576004,15312,65788,0,0,0,0,41230184,14817516,34359738367,87084,0,80080,0,0,0,0,0,0,0,0,0,0,0,2048,0,1493776,27707392,38797312
1774389761.001300,1300,ubuntu-rog,1,0,0,65683160,33960316,51939104,564740,17191424,0,13462012,15739216,11470576,0,1991436,15739216,0,0,8388604,8388604,0,0,48,0,11445636,410832,25468,978796,1554800,978796,576004,15312,65788,0,0,0,0,41230184,14817516,34359738367,87084,0,80080,0,0,0,0,0,0,0,0,0,0,0,2048,0,1493776,27707392,38797312
1774389762.002060,2060,ubuntu-rog,1,0,0,65683160,33960316,51939104,564740,17191428,0,13462012,15739216,11470576,0,1991436,15739216,0,0,8388604,8388604,0,0,56,0,11445636,410832,25468,978796,1554800,978796,576004,15312,65788,0,0,0,0,41230184,14817516,34359738367,87084,0,80080,0,0,0,0,0,0,0,0,0,0,0,2048,0,1493776,27707392,38797312
1774389763.001067,1067,ubuntu-rog,1,0,0,65683160,33960316,51939104,564744,17191432,0,13462012,15739216,11470576,0,1991436,15739216,0,0,8388604,8388604,0,0,64,0,11445636,410832,25468,978796,1554800,978796,576004,15312,65788,0,0,0,0,41230184,14817516,34359738367,87084,0,80080,0,0,0,0,0,0,0,0,0,0,0,2048,0,1493776,27707392,38797312
1774389764.001301,1301,ubuntu-rog,1,0,0,65683160,33960316,51939104,564744,17191432,0,13462012,15739216,11470576,0,1991436,15739216,0,0,8388604,8388604,0,0,64,0,11445636,410832,25468,978796,1554800,978796,576004,15312,65788,0,0,0,0,41230184,14817516,34359738367,87084,0,80080,0,0,0,0,0,0,0,0,0,0,0,2048,0,1493776,27707392,38797312
1774389765.001197,1197,ubuntu-rog,1,0,0,65683160,33960316,51939104,564744,17191432,0,13462012,15739216,11470576,0,1991436,15739216,0,0,8388604,8388604,0,0,64,0,11445636,410832,25468,978796,1554800,978796,576004,15312,65788,0,0,0,0,41230184,14817516,34359738367,87084,0,80080,0,0,0,0,0,0,0,0,0,0,0,2048,0,1493776,27707392,38797312
1774389766.002296,2296,ubuntu-rog,1,0,0,65683160,33960316,51939104,564744,17191436,0,13462012,15739216,11470576,0,1991436,15739216,0,0,8388604,8388604,0,0,68,0,11445636,410832,25468,978796,1554800,978796,576004,15312,65788,0,0,0,0,41230184,14817516,34359738367,87084,0,80080,0,0,0,0,0,0,0,0,0,0,0,2048,0,1493776,27707392,38797312
1774389767.001065,1065,ubuntu-rog,1,0,0,65683160,33960316,51939104,564744,17191436,0,13462012,15739216,11470576,0,1991436,15739216,0,0,8388604,8388604,0,0,68,0,11445636,410832,25468,978796,1554800,978796,576004,15312,65788,0,0,0,0,41230184,14817516,34359738367,87084,0,80080,0,0,0,0,0,0,0,0,0,0,0,2048,0,1493776,27707392,38797312
1774389768.001065,1065,ubuntu-rog,1,0,0,65683160,33960316,51939104,564744,17191440,0,13462012,15739216,11470576,0,1991436,15739216,0,0,8388604,8388604,0,0,72,0,11445636,410832,25468,978796,1554800,978796,576004,15312,65788,0,0,0,0,41230184,14817516,34359738367,87084,0,80080,0,0,0,0,0,0,0,0,0,0,0,2048,0,1493776,27707392,38797312
1774389769.001297,1297,ubuntu-rog,1,0,0,65683160,33960316,51939104,564752,17191444,0,13462012,15739216,11470576,0,1991436,15739216,0,0,8388604,8388604,0,0,72,0,11445636,410832,25468,978796,1554800,978796,576004,15312,65788,0,0,0,0,41230184,14817516,34359738367,87084,0,80080,0,0,0,0,0,0,0,0,0,0,0,2048,0,1493776,27707392,38797312
1774389770.002193,2193,ubuntu-rog,1,0,0,65683160,33960316,51939104,564752,17191444,0,13462012,15739216,11470576,0,1991436,15739216,0,0,8388604,8388604,0,0,72,0,11445636,410832,25468,978796,1554800,978796,576004,15312,65788,0,0,0,0,41230184,14817516,34359738367,87084,0,80080,0,0,0,0,0,0,0,0,0,0,0,2048,0,1493776,27707392,38797312
1774389771.001305,1305,ubuntu-rog,1,0,0,65683160,33960316,51939104,564752,17191444,0,13462012,15739216,11470576,0,1991436,15739216,0,0,8388604,8388604,0,0,72,0,11445636,410832,25468,978796,1554800,978796,576004,15312,65788,0,0,0,0,41230184,14817516,34359738367,87084,0,80080,0,0,0,0,0,0,0,0,0,0,0,2048,0,1493776,27707392,38797312
1774389772.001068,1068,ubuntu-rog,1,0,0,65683160,33960316,51939104,564752,17191448,0,13462012,15739216,11470576,0,1991436,15739216,0,0,8388604,8388604,0,0,80,0,11445636,410832,25468,978796,1554800,978796,576004,15312,65788,0,0,0,0,41230184,14817516,34359738367,87084,0,80080,0,0,0,0,0,0,0,0,0,0,0,2048,0,1493776,27707392,38797312
1774389773.001068,1068,ubuntu-rog,1,0,0,65683160,33960316,51939104,564752,17191452,0,13462012,15739216,11470576,0,1991436,15739216,0,0,8388604,8388604,0,0,84,0,11445636,410832,25468,978796,1554800,978796,576004,15312,65788,0,0,0,0,41230184,14817516,34359738367,87084,0,80080,0,0,0,0,0,0,0,0,0,0,0,2048,0,1493776,27707392,38797312
1774389774.002301,2301,ubuntu-rog,1,0,0,65683160,33960316,51939104,564760,17191456,0,13462012,15739216,11470576,0,1991436,15739216,0,0,8388604,8388604,0,0,88,0,11445636,410832,25468,978796,1554800,978796,576004,15312,65788,0,0,0,0,41230184,14817516,34359738367,87084,0,80080,0,0,0,0,0,0,0,0,0,0,0,2048,0,1493776,27707392,38797312
1774389775.001199,1199,ubuntu-rog,1,0,0,65683160,33960316,51939104,564760,17191456,0,13462012,15739216,11470576,0,1991436,15739216,0,0,8388604,8388604,0,0,88,0,11445636,410832,25468,978796,1554800,978796,576004,15312,65788,0,0,0,0,41230184,14817516,34359738367,87084,0,80080,0,0,0,0,0,0,0,0,0,0,0,2048,0,1493776,27707392,38797312
1774389776.001327,1327,ubuntu-rog,1,0,0,65683160,33960316,51939104,564760,17191460,0,13462012,15739216,11470576,0,1991436,15739216,0,0,8388604,8388604,0,0,92,0,11445636,410832,25468,978796,1554800,978796,576004,15312,65788,0,0,0,0,41230184,14817516,34359738367,87084,0,80080,0,0,0,0,0,0,0,0,0,0,0,2048,0,1493776,27707392,38797312
1774389777.001064,1064,ubuntu-rog,1,0,0,65683160,33960316,51939104,564760,17191460,0,13462012,15739216,11470576,0,1991436,15739216,0,0,8388604,8388604,0,0,92,0,11445636,410832,25468,978796,1554800,978796,576004,15312,65788,0,0,0,0,41230184,14817516,34359738367,87084,0,80080,0,0,0,0,0,0,0,0,0,0,0,2048,0,1493776,27707392,38797312
1774389778.002064,2064,ubuntu-rog,1,0,0,65683160,33960316,51939104,564760,17191460,0,13462012,15739216,11470576,0,1991436,15739216,0,0,8388604,8388604,0,0,92,0,11445636,410832,25468,978796,1554800,978796,576004,15312,65788,0,0,0,0,41230184,14817516,34359738367,87084,0,80080,0,0,0,0,0,0,0,0,0,0,0,2048,0,1493776,27707392,38797312
1774389779.001299,1299,ubuntu-rog,1,0,0,65683160,33960316,51939104,564760,17191460,0,13462012,15739216,11470576,0,1991436,15739216,0,0,8388604,8388604,0,0,92,0,11445636,410832,25468,978796,1554800,978796,576004,15312,65788,0,0,0,0,41230184,14817888,34359738367,87084,0,80080,0,0,0,0,0,0,0,0,0,0,0,2048,0,1493776,27707392,38797312
1774389780.001203,1203,ubuntu-rog,1,0,0,65683160,33960316,51939104,564764,17191464,0,13462260,15739216,11470824,0,1991436,15739216,0,0,8388604,8388604,0,0,104,0,11445868,410832,25468,978796,1554800,978796,576004,15312,65796,0,0,0,0,41230184,14817888,34359738367,87084,0,80080,0,0,0,0,0,0,0,0,0,0,0,2048,0,1493776,27707392,38797312
1774389781.001300,1300,ubuntu-rog,1,0,0,65683160,33960316,51939104,564764,17191468,0,13462260,15739216,11470824,0,1991436,15739216,0,0,8388604,8388604,0,0,108,0,11445868,410832,25468,978796,1554800,978796,576004,15312,65796,0,0,0,0,41230184,14817888,34359738367,87084,0,80080,0,0,0,0,0,0,0,0,0,0,0,2048,0,1493776,27707392,38797312
1774389782.002059,2059,ubuntu-rog,1,0,0,65683160,33960316,51939104,564764,17191468,0,13462260,15739216,11470824,0,1991436,15739216,0,0,8388604,8388604,0,0,108,0,11445868,410832,25468,978796,1554800,978796,576004,15312,65796,0,0,0,0,41230184,14817888,34359738367,87084,0,80080,0,0,0,0,0,0,0,0,0,0,0,2048,0,1493776,27707392,38797312
1774389783.001076,1076,ubuntu-rog,1,0,0,65683160,33960316,51939104,564764,17191472,0,13462260,15739216,11470824,0,1991436,15739216,0,0,8388604,8388604,0,0,112,0,11445868,410832,25468,978796,1554800,978796,576004,15312,65796,0,0,0,0,41230184,14817888,34359738367,87084,0,80080,0,0,0,0,0,0,0,0,0,0,0,2048,0,1493776,27707392,38797312
1774389784.001305,1305,ubuntu-rog,1,0,0,65683160,33960316,51939104,564764,17191476,0,13462260,15739216,11470824,0,1991436,15739216,0,0,8388604,8388604,0,0,36,0,11445868,410832,25468,978796,1554800,978796,576004,15312,65796,0,0,0,0,41230184,14817888,34359738367,87084,0,80080,0,0,0,0,0,0,0,0,0,0,0,2048,0,1493776,27707392,38797312
1774389785.001200,1200,ubuntu-rog,1,0,0,65683160,33960316,51939104,564776,17191476,0,13462260,15739216,11470824,0,1991436,15739216,0,0,8388604,8388604,0,0,60,0,11445868,410832,25468,978796,1554800,978796,576004,15312,65796,0,0,0,0,41230184,14817888,34359738367,87084,0,80080,0,0,0,0,0,0,0,0,0,0,0,2048,0,1493776,27707392,38797312
1774389786.002299,2299,ubuntu-rog,1,0,0,65683160,33960316,51939104,564776,17191476,0,13462260,15739216,11470824,0,1991436,15739216,0,0,8388604,8388604,0,0,60,0,11445868,410832,25468,978796,1554788,978796,575992,15312,65796,0,0,0,0,41230184,14817888,34359738367,87084,0,80080,0,0,0,0,0,0,0,0,0,0,0,2048,0,1493776,27707392,38797312
1774389787.001067,1067,ubuntu-rog,1,0,0,65683160,33960316,51939104,564776,17191484,0,13462260,15739216,11470824,0,1991436,15739216,0,0,8388604,8388604,0,0,72,0,11445868,410832,25468,978796,1554788,978796,575992,15312,65796,0,0,0,0,41230184,14817888,34359738367,87084,0,80080,0,0,0,0,0,0,0,0,0,0,0,2048,0,1493776,27707392,38797312
1774389788.001069,1069,ubuntu-rog,1,0,0,65683160,33960316,51939104,564776,17191484,0,13462260,15739216,11470824,0,1991436,15739216,0,0,8388604,8388604,0,0,72,0,11445868,410832,25468,978796,1554788,978796,575992,15312,65796,0,0,0,0,41230184,14817888,34359738367,87084,0,80080,0,0,0,0,0,0,0,0,0,0,0,2048,0,1493776,27707392,38797312
1774389789.001303,1303,ubuntu-rog,1,0,0,65683160,33960316,51939104,564776,17191484,0,13462260,15739216,11470824,0,1991436,15739216,0,0,8388604,8388604,0,0,48,0,11445868,410832,25468,978796,1554788,978796,575992,15312,65796,0,0,0,0,41230184,14817888,34359738367,87084,0,80080,0,0,0,0,0,0,0,0,0,0,0,2048,0,1493776,27707392,38797312
1774389790.001222,1222,ubuntu-rog,1,0,0,65683160,33960316,51939104,564788,17191488,0,13462260,15739216,11470824,0,1991436,15739216,0,0,8388604,8388604,0,0,52,0,11445868,410832,25468,978796,1554788,978796,575992,15312,65796,0,0,0,0,41230184,14817888,34359738367,87084,0,80080,0,0,0,0,0,0,0,0,0,0,0,2048,0,1493776,27707392,38797312
1774389791.002302,2302,ubuntu-rog,1,0,0,65683160,33960316,51939104,564788,17191488,0,13462128,15739216,11470692,0,1991436,15739216,0,0,8388604,8388604,0,0,52,0,11445716,410832,25468,978796,1554788,978796,575992,15312,65796,0,0,0,0,41230184,14817736,34359738367,87084,0,80080,0,0,0,0,0,0,0,0,0,0,0,2048,0,1493776,27707392,38797312
1774389792.001065,1065,ubuntu-rog,1,0,0,65683160,33960316,51939104,564788,17191488,0,13462128,15739216,11470692,0,1991436,15739216,0,0,8388604,8388604,0,0,52,0,11445716,410832,25468,978796,1554788,978796,575992,15312,65796,0,0,0,0,41230184,14817736,34359738367,87084,0,80080,0,0,0,0,0,0,0,0,0,0,0,2048,0,1493776,27707392,38797312
1774389793.001066,1066,ubuntu-rog,1,0,0,65683160,33960316,51939104,564788,17191492,0,13462128,15739216,11470692,0,1991436,15739216,0,0,8388604,8388604,0,0,60,0,11445716,410832,25468,978796,1554788,978796,575992,15312,65796,0,0,0,0,41230184,14817736,34359738367,87084,0,80080,0,0,0,0,0,0,0,0,0,0,0,2048,0,1493776,27707392,38797312
1774389794.001300,1300,ubuntu-rog,1,0,0,65683160,33960316,51939104,564788,17191496,0,13462128,15739216,11470692,0,1991436,15739216,0,0,8388604,8388604,0,0,64,0,11445716,410832,25468,978796,1554788,978796,575992,15312,65796,0,0,0,0,41230184,14817736,34359738367,87084,0,80080,0,0,0,0,0,0,0,0,0,0,0,2048,0,1493776,27707392,38797312
1774389795.002195,2195,ubuntu-rog,1,0,0,65683160,33960316,51939104,564792,17191496,0,13462128,15739216,11470692,0,1991436,15739216,0,0,8388604,8388604,0,0,64,0,11445716,410832,25468,978796,1554788,978796,575992,15312,65796,0,0,0,0,41230184,14817736,34359738367,87084,0,80080,0,0,0,0,0,0,0,0,0,0,0,2048,0,1493776,27707392,38797312
1774389796.001300,1300,ubuntu-rog,1,0,0,65683160,33960316,51939104,564792,17191496,0,13462128,15739216,11470692,0,1991436,15739216,0,0,8388604,8388604,0,0,64,0,11445716,410832,25468,978796,1554788,978796,575992,15312,65796,0,0,0,0,41230184,14817736,34359738367,87084,0,80080,0,0,0,0,0,0,0,0,0,0,0,2048,0,1493776,27707392,38797312
1774389797.002053,2053,ubuntu-rog,1,0,0,65683160,33960316,51939104,564792,17191504,0,13462128,15739216,11470692,0,1991436,15739216,0,0,8388604,8388604,0,0,72,0,11445716,410832,25468,978796,1554788,978796,575992,15312,65796,0,0,0,0,41230184,14817736,34359738367,87084,0,80080,0,0,0,0,0,0,0,0,0,0,0,2048,0,1493776,27707392,38797312
1774389798.001066,1066,ubuntu-rog,1,0,0,65683160,33960316,51939104,564792,17191504,0,13462128,15739216,11470692,0,1991436,15739216,0,0,8388604,8388604,0,0,72,0,11445716,410832,25468,978796,1554788,978796,575992,15312,65796,0,0,0,0,41230184,14817736,34359738367,87084,0,80080,0,0,0,0,0,0,0,0,0,0,0,2048,0,1493776,27707392,38797312
1774389799.001298,1298,ubuntu-rog,1,0,0,65683160,33960316,51939104,564792,17191504,0,13462128,15739216,11470692,0,1991436,15739216,0,0,8388604,8388604,0,0,72,0,11445716,410832,25468,978796,1554788,978796,575992,15312,65796,0,0,0,0,41230184,14817736,34359738367,87084,0,80080,0,0,0,0,0,0,0,0,0,0,0,2048,0,1493776,27707392,38797312
1774389800.001199,1199,ubuntu-rog,1,0,0,65683160,33960316,51939104,564800,17191508,0,13462128,15739216,11470692,0,1991436,15739216,0,0,8388604,8388604,0,0,80,0,11445716,410832,25468,978796,1554788,978796,575992,15312,65796,0,0,0,0,41230184,14817736,34359738367,87084,0,80080,0,0,0,0,0,0,0,0,0,0,0,2048,0,1493776,27707392,38797312
1774389801.002298,2298,ubuntu-rog,1,0,0,65683160,33960316,51939104,564800,17191512,0,13462128,15739216,11470692,0,1991436,15739216,0,0,8388604,8388604,0,0,84,0,11445716,410832,25468,978796,1554788,978796,575992,15312,65796,0,0,0,0,41230184,14817736,34359738367,87084,0,80080,0,0,0,0,0,0,0,0,0,0,0,2048,0,1493776,27707392,38797312
1774389802.001072,1072,ubuntu-rog,1,0,0,65683160,33960316,51939104,564800,17191512,0,13462128,15739216,11470692,0,1991436,15739216,0,0,8388604,8388604,0,0,84,0,11445716,410832,25468,978796,1554788,978796,575992,15312,65796,0,0,0,0,41230184,14817736,34359738367,87084,0,80080,0,0,0,0,0,0,0,0,0,0,0,2048,0,1493776,27707392,38797312
1774389803.001066,1066,ubuntu-rog,1,0,0,65683160,33960316,51939104,564800,17191512,0,13462128,15739216,11470692,0,1991436,15739216,0,0,8388604,8388604,0,0,84,0,11445716,410832,25468,978796,1554788,978796,575992,15312,65796,0,0,0,0,41230184,14817736,34359738367,87084,0,80080,0,0,0,0,0,0,0,0,0,0,0,2048,0,1493776,27707392,38797312
1774389804.001286,1286,ubuntu-rog,1,0,0,65683160,33960316,51939224,564800,17191516,0,13462128,15739336,11470692,0,1991436,15739336,0,0,8388604,8388604,0,0,72,0,11445716,410832,25468,978796,1554788,978796,575992,15312,65796,0,0,0,0,41230184,14817736,34359738367,87084,0,80080,0,0,0,0,0,0,0,0,0,0,0,2048,0,1493776,27707392,38797312
1774389805.002191,2191,ubuntu-rog,1,0,0,65683160,33960316,51939224,564800,17191516,0,13462128,15739336,11470692,0,1991436,15739336,0,0,8388604,8388604,0,0,72,0,11445716,410832,25468,978796,1554788,978796,575992,15312,65796,0,0,0,0,41230184,14817736,34359738367,87084,0,80080,0,0,0,0,0,0,0,0,0,0,0,2048,0,1493776,27707392,38797312
1774389806.001304,1304,ubuntu-rog,1,0,0,65683160,33960316,51939348,564804,17191520,0,13462128,15739460,11470692,0,1991436,15739460,0,0,8388604,8388604,0,0,80,0,11445716,410832,25468,978796,1554788,978796,575992,15312,65796,0,0,0,0,41230184,14817736,34359738367,87084,0,80080,0,0,0,0,0,0,0,0,0,0,0,2048,0,1493776,27707392,38797312
1774389807.001070,1070,ubuntu-rog,1,0,0,65683160,33960316,51939348,564804,17191520,0,13462128,15739460,11470692,0,1991436,15739460,0,0,8388604,8388604,0,0,80,0,11445716,410832,25468,978796,1554788,978796,575992,15312,65796,0,0,0,0,41230184,14817736,34359738367,87084,0,80080,0,0,0,0,0,0,0,0,0,0,0,2048,0,1493776,27707392,38797312
1774389808.001068,1068,ubuntu-rog,1,0,0,65683160,33960316,51939348,564804,17191524,0,13462128,15739460,11470692,0,1991436,15739460,0,0,8388604,8388604,0,0,84,0,11445716,410832,25468,978796,1554788,978796,575992,15312,65796,0,0,0,0,41230184,14817736,34359738367,87084,0,80080,0,0,0,0,0,0,0,0,0,0,0,2048,0,1493776,27707392,38797312
1774389809.002293,2293,ubuntu-rog,1,0,0,65683160,33960316,51939348,564804,17191528,0,13462128,15739460,11470692,0,1991436,15739460,0,0,8388604,8388604,0,0,92,0,11445716,410832,25468,978796,1554788,978796,575992,15312,65796,0,0,0,0,41230184,14817736,34359738367,87084,0,80080,0,0,0,0,0,0,0,0,0,0,0,2048,0,1493776,27707392,38797312
1774389810.001190,1190,ubuntu-rog,1,0,0,65683160,33960316,51939348,564804,17191528,0,13462128,15739460,11470692,0,1991436,15739460,0,0,8388604,8388604,0,0,88,0,11445716,410832,25468,978796,1554788,978796,575992,15312,65796,0,0,0,0,41230184,14817736,34359738367,87084,0,80080,0,0,0,0,0,0,0,0,0,0,0,2048,0,1493776,27707392,38797312
1774389811.001309,1309,ubuntu-rog,1,0,0,65683160,33960316,51939348,564804,17191532,0,13462128,15739460,11470692,0,1991436,15739460,0,0,8388604,8388604,0,0,92,0,11445716,410832,25468,978796,1554788,978796,575992,15312,65796,0,0,0,0,41230184,14817736,34359738367,87084,0,80080,0,0,0,0,0,0,0,0,0,0,0,2048,0,1493776,27707392,38797312
1774389812.002059,2059,ubuntu-rog,1,0,0,65683160,33960316,51939348,564804,17191536,0,13462128,15739460,11470692,0,1991436,15739460,0,0,8388604,8388604,0,0,96,0,11445716,410832,25468,978796,1554788,978796,575992,15312,65796,0,0,0,0,41230184,14817736,34359738367,87084,0,80080,0,0,0,0,0,0,0,0,0,0,0,2048,0,1493776,27707392,38797312
1774389813.003062,3062,ubuntu-rog,1,0,0,65683160,33960316,51939348,564804,17191536,0,13462128,15739460,11470692,0,1991436,15739460,0,0,8388604,8388604,0,0,96,0,11445716,410832,25468,978796,1554788,978796,575992,15312,65796,0,0,0,0,41230184,14817736,34359738367,87084,0,80080,0,0,0,0,0,0,0,0,0,0,0,2048,0,1493776,27707392,38797312
1774389814.001303,1303,ubuntu-rog,1,0,0,65683160,33960316,51939348,564804,17191536,0,13462128,15739460,11470692,0,1991436,15739460,0,0,8388604,8388604,0,0,96,0,11445716,410832,25468,978796,1554788,978796,575992,15312,65796,0,0,0,0,41230184,14817736,34359738367,87084,0,80080,0,0,0,0,0,0,0,0,0,0,0,2048,0,1493776,27707392,38797312
1774389815.001199,1199,ubuntu-rog,1,0,0,65683160,33960316,51939348,564804,17191540,0,13462128,15739460,11470692,0,1991436,15739460,0,0,8388604,8388604,0,0,68,0,11445716,410832,25468,978796,1554788,978796,575992,15312,65796,0,0,0,0,41230184,14817736,34359738367,87084,0,80080,0,0,0,0,0,0,0,0,0,0,0,2048,0,1493776,27707392,38797312
1774389816.001300,1300,ubuntu-rog,1,0,0,65683160,33960316,51939348,564812,17191540,0,13462128,15739460,11470692,0,1991436,15739460,0,0,8388604,8388604,0,0,60,0,11445716,410832,25468,978796,1554788,978796,575992,15312,65796,0,0,0,0,41230184,14817736,34359738367,87084,0,80080,0,0,0,0,0,0,0,0,0,0,0,2048,0,1493776,27707392,38797312
1774389817.001071,1071,ubuntu-rog,1,0,0,65683160,33960316,51939348,564812,17191540,0,13462128,15739460,11470692,0,1991436,15739460,0,0,8388604,8388604,0,0,60,0,11445716,410832,25468,978796,1554788,978796,575992,15312,65796,0,0,0,0,41230184,14817736,34359738367,87084,0,80080,0,0,0,0,0,0,0,0,0,0,0,2048,0,1493776,27707392,38797312
1774389818.002065,2065,ubuntu-rog,1,0,0,65683160,33960316,51939348,564812,17191544,0,13462128,15739460,11470692,0,1991436,15739460,0,0,8388604,8388604,0,0,64,0,11445716,410832,25468,978796,1554788,978796,575992,15312,65796,0,0,0,0,41230184,14817736,34359738367,87084,0,80080,0,0,0,0,0,0,0,0,0,0,0,2048,0,1493776,27707392,38797312
1774389819.003294,3294,ubuntu-rog,1,0,0,65683160,33960316,51939348,564812,17191548,0,13462128,15739460,11470692,0,1991436,15739460,0,0,8388604,8388604,0,0,68,0,11445716,410832,25468,978796,1554788,978796,575992,15312,65796,0,0,0,0,41230184,14817736,34359738367,87084,0,80080,0,0,0,0,0,0,0,0,0,0,0,2048,0,1493776,27707392,38797312
1774389820.001198,1198,ubuntu-rog,1,0,0,65683160,33960316,51939348,564812,17191548,0,13462128,15739460,11470692,0,1991436,15739460,0,0,8388604,8388604,0,0,44,0,11445716,410832,25468,978796,1554788,978796,575992,15312,65796,0,0,0,0,41230184,14817736,34359738367,87084,0,80080,0,0,0,0,0,0,0,0,0,0,0,2048,0,1493776,27707392,38797312
1774389821.001296,1296,ubuntu-rog,1,0,0,65683160,33960316,51939348,564812,17191548,0,13462128,15739460,11470692,0,1991436,15739460,0,0,8388604,8388604,0,0,44,0,11445716,410832,25468,978796,1554788,978796,575992,15312,65796,0,0,0,0,41230184,14817736,34359738367,87084,0,80080,0,0,0,0,0,0,0,0,0,0,0,2048,0,1493776,27707392,38797312
1774389822.001063,1063,ubuntu-rog,1,0,0,65683160,33960316,51939348,564820,17191556,0,13462128,15739460,11470692,0,1991436,15739460,0,0,8388604,8388604,0,0,52,0,11445716,410832,25468,978796,1554788,978796,575992,15312,65796,0,0,0,0,41230184,14817736,34359738367,87084,0,80080,0,0,0,0,0,0,0,0,0,0,0,2048,0,1493776,27707392,38797312
1774389823.001060,1060,ubuntu-rog,1,0,0,65683160,33960316,51939348,564820,17191556,0,13462128,15739460,11470692,0,1991436,15739460,0,0,8388604,8388604,0,0,52,0,11445716,410832,25468,978796,1554788,978796,575992,15312,65796,0,0,0,0,41230184,14817736,34359738367,87084,0,80080,0,0,0,0,0,0,0,0,0,0,0,2048,0,1493776,27707392,38797312
1774389824.001488,1488,ubuntu-rog,1,0,0,65683160,33960316,51939348,564820,17191556,0,13462128,15739460,11470692,0,1991436,15739460,0,0,8388604,8388604,0,0,52,0,11445716,410832,25468,978796,1554788,978796,575992,15312,65796,0,0,0,0,41230184,14817736,34359738367,87084,0,80080,0,0,0,0,0,0,0,0,0,0,0,2048,0,1493776,27707392,38797312
1774389825.002194,2194,ubuntu-rog,1,0,0,65683160,33960064,51939096,564820,17191564,0,13462128,15739460,11470692,0,1991436,15739460,0,0,8388604,8388604,0,0,64,0,11445716,410832,25468,978796,1554788,978796,575992,15312,65796,0,0,0,0,41230184,14817736,34359738367,87084,0,80080,0,0,0,0,0,0,0,0,0,0,0,2048,0,1493776,27707392,38797312
1774389826.002294,2294,ubuntu-rog,1,0,0,65683160,33960064,51939096,564820,17191564,0,13462128,15739460,11470692,0,1991436,15739460,0,0,8388604,8388604,0,0,64,0,11445716,410832,25468,978796,1554788,978796,575992,15312,65796,0,0,0,0,41230184,14817736,34359738367,87084,0,80080,0,0,0,0,0,0,0,0,0,0,0,2048,0,1493776,27707392,38797312
1774389827.001061,1061,ubuntu-rog,1,0,0,65683160,33960064,51939096,564820,17191564,0,13462128,15739460,11470692,0,1991436,15739460,0,0,8388604,8388604,0,0,64,0,11445716,410832,25468,978796,1554788,978796,575992,15312,65796,0,0,0,0,41230184,14817736,34359738367,87084,0,80080,0,0,0,0,0,0,0,0,0,0,0,2048,0,1493776,27707392,38797312
1774389828.001060,1060,ubuntu-rog,1,0,0,65683160,33960064,51939096,564824,17191568,0,13462128,15739460,11470692,0,1991436,15739460,0,0,8388604,8388604,0,0,68,0,11445716,410832,25468,978796,1554788,978796,575992,15312,65796,0,0,0,0,41230184,14817736,34359738367,87084,0,80080,0,0,0,0,0,0,0,0,0,0,0,2048,0,1493776,27707392,38797312
1774389829.001292,1292,ubuntu-rog,1,0,0,65683160,33960064,51939096,564824,17191568,0,13462128,15739460,11470692,0,1991436,15739460,0,0,8388604,8388604,0,0,68,0,11445716,410832,25468,978796,1554788,978796,575992,15312,65796,0,0,0,0,41230184,14817736,34359738367,87084,0,80080,0,0,0,0,0,0,0,0,0,0,0,2048,0,1493776,27707392,38797312
1774389830.001195,1195,ubuntu-rog,1,0,0,65683160,33960064,51939096,564824,17191568,0,13462128,15739460,11470692,0,1991436,15739460,0,0,8388604,8388604,0,0,68,0,11445716,410832,25468,978796,1554788,978796,575992,15312,65796,0,0,0,0,41230184,14817736,34359738367,87084,0,80080,0,0,0,0,0,0,0,0,0,0,0,2048,0,1493776,27707392,38797312
1774389831.002306,2306,ubuntu-rog,1,0,0,65683160,33960064,51939096,564824,17191572,0,13462128,15739460,11470692,0,1991436,15739460,0,0,8388604,8388604,0,0,76,0,11445716,410832,25468,978796,1554788,978796,575992,15312,65796,0,0,0,0,41230184,14817736,34359738367,87084,0,80080,0,0,0,0,0,0,0,0,0,0,0,2048,0,1493776,27707392,38797312
1774389832.001065,1065,ubuntu-rog,1,0,0,65683160,33416040,51395180,564824,17191576,0,13958824,15739568,11967388,0,1991436,15739568,0,0,8388604,8388604,0,0,80,0,11943384,410832,25468,978796,1554788,978796,575992,15312,66672,0,0,0,0,41230184,15315816,34359738367,87084,0,80080,0,0,0,0,0,0,0,0,0,0,0,2048,0,1493776,27707392,38797312
1774389833.001058,1058,ubuntu-rog,1,0,0,65683160,33756928,51736068,564824,17191576,0,13564596,15739568,11573160,0,1991436,15739568,0,0,8388604,8388604,0,0,80,0,11552724,410832,25468,978796,1554788,978796,575992,15312,66368,0,0,0,0,41230184,14971212,34359738367,87084,0,80080,0,0,0,0,0,0,0,0,0,0,0,2048,0,1493776,27707392,38797312
1774389834.001474,1474,ubuntu-rog,1,0,0,65683160,33761660,51740804,564824,17191580,0,13626236,15739572,11634800,0,1991436,15739572,0,0,8388604,8388604,0,0,84,0,11610548,410832,25468,978796,1554788,978796,575992,15312,66116,0,0,0,0,41230184,14983532,34359738367,87084,0,80080,0,0,0,0,0,0,0,0,0,0,0,2048,0,1493776,27707392,38797312
1774389835.002202,2202,ubuntu-rog,1,0,0,65683160,33900112,51879256,564824,17191584,0,13492564,15739572,11501128,0,1991436,15739572,0,0,8388604,8388604,0,0,88,0,11476968,410832,25468,978796,1554788,978796,575992,15312,65864,0,0,0,0,41230184,14848988,34359738367,87084,0,80080,0,0,0,0,0,0,0,0,0,0,0,2048,0,1493776,27707392,38797312
1774389836.001305,1305,ubuntu-rog,1,0,0,65683160,33900184,51879328,564824,17191584,0,13492564,15739572,11501128,0,1991436,15739572,0,0,8388604,8388604,0,0,88,0,11476968,410832,25468,978796,1554788,978796,575992,15312,65864,0,0,0,0,41230184,14848988,34359738367,87084,0,80080,0,0,0,0,0,0,0,0,0,0,0,2048,0,1493776,27707392,38797312
1774389837.001060,1060,ubuntu-rog,1,0,0,65683160,33900184,51879328,564832,17191588,0,13492564,15739572,11501128,0,1991436,15739572,0,0,8388604,8388604,0,0,92,0,11476968,410832,25468,978796,1554788,978796,575992,15312,65864,0,0,0,0,41230184,14848988,34359738367,87084,0,80080,0,0,0,0,0,0,0,0,0,0,0,2048,0,1493776,27707392,38797312
1774389838.001064,1064,ubuntu-rog,1,0,0,65683160,33900184,51879328,564832,17191588,0,13492564,15739572,11501128,0,1991436,15739572,0,0,8388604,8388604,0,0,92,0,11476968,410832,25468,978796,1554788,978796,575992,15312,65864,0,0,0,0,41230184,14848988,34359738367,87084,0,80080,0,0,0,0,0,0,0,0,0,0,0,2048,0,1493776,27707392,38797312
1774389839.002300,2300,ubuntu-rog,1,0,0,65683160,33902568,51881712,564832,17191592,0,13492564,15739572,11501128,0,1991436,15739572,0,0,8388604,8388604,0,0,96,0,11476968,410832,25468,978796,1554788,978796,575992,15312,65864,0,0,0,0,41230184,14848988,34359738367,87084,0,80080,0,0,0,0,0,0,0,0,0,0,0,2048,0,1493776,27707392,38797312
1774389840.001198,1198,ubuntu-rog,1,0,0,65683160,33904300,51883444,564832,17191592,0,13492564,15739572,11501128,0,1991436,15739572,0,0,8388604,8388604,0,0,96,0,11476968,410832,25468,978796,1554788,978796,575992,15312,65864,0,0,0,0,41230184,14848988,34359738367,87084,0,80080,0,0,0,0,0,0,0,0,0,0,0,2048,0,1493776,27707392,38797312
1774389841.001300,1300,ubuntu-rog,1,0,0,65683160,33906168,51885312,564832,17191592,0,13492660,15739572,11501224,0,1991436,15739572,0,0,8388604,8388604,0,0,80,0,11476968,410832,25468,978796,1554788,978796,575992,15312,65864,0,0,0,0,41230184,14848988,34359738367,87084,0,80080,0,0,0,0,0,0,0,0,0,0,0,2048,0,1493776,27707392,38797312
1774389842.001060,1060,ubuntu-rog,1,0,0,65683160,33907400,51886544,564836,17191596,0,13492660,15739572,11501224,0,1991436,15739572,0,0,8388604,8388604,0,0,88,0,11476968,410832,25468,978796,1554788,978796,575992,15312,65864,0,0,0,0,41230184,14848988,34359738367,87084,0,80080,0,0,0,0,0,0,0,0,0,0,0,2048,0,1493776,27707392,38797312
1774389843.002060,2060,ubuntu-rog,1,0,0,65683160,33909668,51888812,564836,17191596,0,13492784,15739572,11501348,0,1991436,15739572,0,0,8388604,8388604,0,0,88,0,11477016,410832,25468,978796,1554788,978796,575992,15312,65880,0,0,0,0,41230184,14853612,34359738367,87116,0,80080,0,0,0,0,0,0,0,0,0,0,0,2048,0,1493776,27707392,38797312
1774389844.001298,1298,ubuntu-rog,1,0,0,65683160,33909668,51888812,564836,17191600,0,13492784,15739572,11501348,0,1991436,15739572,0,0,8388604,8388604,0,0,92,0,11477016,410832,25468,978796,1554788,978796,575992,15312,65880,0,0,0,0,41230184,14853612,34359738367,87116,0,80080,0,0,0,0,0,0,0,0,0,0,0,2048,0,1493776,27707392,38797312
1774389845.001197,1197,ubuntu-rog,1,0,0,65683160,33912796,51891940,564836,17191600,0,13492784,15739572,11501348,0,1991436,15739572,0,0,8388604,8388604,0,0,92,0,11477016,410832,25468,978796,1554788,978796,575992,15312,65880,0,0,0,0,41230184,14853612,34359738367,87116,0,80080,0,0,0,0,0,0,0,0,0,0,0,2048,0,1493776,27707392,38797312
1774389846.001300,1300,ubuntu-rog,1,0,0,65683160,33912728,51891872,564836,17191604,0,13492788,15739572,11501352,0,1991436,15739572,0,0,8388604,8388604,0,0,60,0,11477016,410832,25468,978796,1554788,978796,575992,15312,65880,0,0,0,0,41230184,14853612,34359738367,87116,0,80080,0,0,0,0,0,0,0,0,0,0,0,2048,0,1493776,27707392,38797312
1774389847.002055,2055,ubuntu-rog,1,0,0,65683160,33912728,51891872,564836,17191608,0,13492832,15739572,11501396,0,1991436,15739572,0,0,8388604,8388604,0,0,36,0,11477016,410832,25468,978796,1554788,978796,575992,15312,65880,0,0,0,0,41230184,14853612,34359738367,87116,0,80080,0,0,0,0,0,0,0,0,0,0,0,2048,0,1493776,27707392,38797312
1774389848.001063,1063,ubuntu-rog,1,0,0,65683160,33912728,51891872,564836,17191608,0,13492832,15739572,11501396,0,1991436,15739572,0,0,8388604,8388604,0,0,72,0,11477016,410832,25468,978796,1554788,978796,575992,15312,65880,0,0,0,0,41230184,14853612,34359738367,87116,0,80080,0,0,0,0,0,0,0,0,0,0,0,2048,0,1493776,27707392,38797312
1774389849.001298,1298,ubuntu-rog,1,0,0,65683160,33913132,51892276,564836,17191612,0,13492832,15739572,11501396,0,1991436,15739572,0,0,8388604,8388604,0,0,76,0,11477016,410832,25468,978796,1554788,978796,575992,15312,65880,0,0,0,0,41230184,14853612,34359738367,87116,0,80080,0,0,0,0,0,0,0,0,0,0,0,2048,0,1493776,27707392,38797312
1774389850.001195,1195,ubuntu-rog,1,0,0,65683160,33914512,51893656,564836,17191616,0,13492832,15739572,11501396,0,1991436,15739572,0,0,8388604,8388604,0,0,80,0,11477016,410832,25468,978796,1554788,978796,575992,15312,65880,0,0,0,0,41230184,14853612,34359738367,87116,0,80080,0,0,0,0,0,0,0,0,0,0,0,2048,0,1493776,27707392,38797312
1774389851.002295,2295,ubuntu-rog,1,0,0,65683160,33915412,51894556,564836,17191616,0,13492832,15739572,11501396,0,1991436,15739572,0,0,8388604,8388604,0,0,56,0,11477016,410832,25468,978796,1554788,978796,575992,15312,65880,0,0,0,0,41230184,14853612,34359738367,87116,0,80080,0,0,0,0,0,0,0,0,0,0,0,2048,0,1493776,27707392,38797312
1774389852.001058,1058,ubuntu-rog,1,0,0,65683160,33917688,51896832,564836,17191616,0,13492832,15739572,11501396,0,1991436,15739572,0,0,8388604,8388604,0,0,56,0,11477016,410832,25468,978796,1554788,978796,575992,15312,65880,0,0,0,0,41230184,14853612,34359738367,87116,0,80080,0,0,0,0,0,0,0,0,0,0,0,2048,0,1493776,27707392,38797312
1774389853.001060,1060,ubuntu-rog,1,0,0,65683160,33918452,51897596,564836,17191620,0,13492832,15739572,11501396,0,1991436,15739572,0,0,8388604,8388604,0,0,60,0,11477016,410832,25468,978796,1554788,978796,575992,15312,65880,0,0,0,0,41230184,14853612,34359738367,87116,0,80080,0,0,0,0,0,0,0,0,0,0,0,2048,0,1493776,27707392,38797312
1774389854.001309,1309,ubuntu-rog,1,0,0,65683160,33918900,51898044,564844,17191620,0,13492832,15739572,11501396,0,1991436,15739572,0,0,8388604,8388604,0,0,64,0,11477016,410832,25468,978796,1554788,978796,575992,15312,65880,0,0,0,0,41230184,14853612,34359738367,87116,0,80080,0,0,0,0,0,0,0,0,0,0,0,2048,0,1493776,27707392,38797312
1774389855.002193,2193,ubuntu-rog,1,0,0,65683160,33918900,51898044,564844,17191620,0,13492832,15739572,11501396,0,1991436,15739572,0,0,8388604,8388604,0,0,64,0,11477016,410832,25468,978796,1554788,978796,575992,15312,65880,0,0,0,0,41230184,14853612,34359738367,87116,0,80080,0,0,0,0,0,0,0,0,0,0,0,2048,0,1493776,27707392,38797312
1774389856.001304,1304,ubuntu-rog,1,0,0,65683160,33918900,51898044,564844,17191628,0,13492832,15739572,11501396,0,1991436,15739572,0,0,8388604,8388604,0,0,76,0,11477016,410832,25468,978796,1554788,978796,575992,15312,65880,0,0,0,0,41230184,14853612,34359738367,87116,0,80080,0,0,0,0,0,0,0,0,0,0,0,2048,0,1493776,27707392,38797312
1774389857.002056,2056,ubuntu-rog,1,0,0,65683160,33918900,51898044,564844,17191628,0,13492832,15739572,11501396,0,1991436,15739572,0,0,8388604,8388604,0,0,76,0,11477016,410832,25468,978796,1554788,978796,575992,15312,65880,0,0,0,0,41230184,14853612,34359738367,87116,0,80080,0,0,0,0,0,0,0,0,0,0,0,2048,0,1493776,27707392,38797312
1774389858.001061,1061,ubuntu-rog,1,0,0,65683160,33918900,51898044,564844,17191628,0,13492832,15739572,11501396,0,1991436,15739572,0,0,8388604,8388604,0,0,76,0,11477016,410832,25468,978796,1554788,978796,575992,15312,65880,0,0,0,0,41230184,14853612,34359738367,87116,0,80080,0,0,0,0,0,0,0,0,0,0,0,2048,0,1493776,27707392,38797312
1774389859.001300,1300,ubuntu-rog,1,0,0,65683160,33918900,51898044,564844,17191632,0,13492832,15739572,11501396,0,1991436,15739572,0,0,8388604,8388604,0,0,80,0,11477016,410832,25468,978796,1554788,978796,575992,15312,65880,0,0,0,0,41230184,14853612,34359738367,87116,0,80080,0,0,0,0,0,0,0,0,0,0,0,2048,0,1493776,27707392,38797312
1774389860.001197,1197,ubuntu-rog,1,0,0,65683160,33918900,51898044,564848,17191636,0,13492832,15739572,11501396,0,1991436,15739572,0,0,8388604,8388604,0,0,84,0,11477016,410832,25468,978796,1554788,978796,575992,15312,65880,0,0,0,0,41230184,14853612,34359738367,87116,0,80080,0,0,0,0,0,0,0,0,0,0,0,2048,0,1493776,27707392,38797312
1774389861.002296,2296,ubuntu-rog,1,0,0,65683160,33918900,51898044,564848,17191636,0,13492832,15739572,11501396,0,1991436,15739572,0,0,8388604,8388604,0,0,84,0,11477016,410832,25468,978796,1554788,978796,575992,15312,65880,0,0,0,0,41230184,14853612,34359738367,87116,0,80080,0,0,0,0,0,0,0,0,0,0,0,2048,0,1493776,27707392,38797312
1774389862.001059,1059,ubuntu-rog,1,0,0,65683160,33918900,51898044,564848,17191636,0,13492832,15739572,11501396,0,1991436,15739572,0,0,8388604,8388604,0,0,84,0,11477016,410832,25468,978796,1554788,978796,575992,15312,65880,0,0,0,0,41230184,14853612,34359738367,87116,0,80080,0,0,0,0,0,0,0,0,0,0,0,2048,0,1493776,27707392,38797312
1774389863.001063,1063,ubuntu-rog,1,0,0,65683160,33918676,51897820,564848,17191644,0,13492956,15739572,11501520,0,1991436,15739572,0,0,8388604,8388604,0,0,92,0,11477200,410832,25468,978796,1554788,978796,575992,15312,65880,0,0,0,0,41230184,14853780,34359738367,87116,0,80080,0,0,0,0,0,0,0,0,0,0,0,2048,0,1493776,27707392,38797312
1774389864.001297,1297,ubuntu-rog,1,0,0,65683160,33918676,51897820,564848,17191644,0,13492956,15739572,11501520,0,1991436,15739572,0,0,8388604,8388604,0,0,92,0,11477200,410832,25468,978796,1554788,978796,575992,15312,65880,0,0,0,0,41230184,14853780,34359738367,87116,0,80080,0,0,0,0,0,0,0,0,0,0,0,2048,0,1493776,27707392,38797312
1774389865.002197,2197,ubuntu-rog,1,0,0,65683160,33918676,51897820,564848,17191644,0,13492956,15739572,11501520,0,1991436,15739572,0,0,8388604,8388604,0,0,92,0,11477200,410832,25468,978796,1554788,978796,575992,15312,65880,0,0,0,0,41230184,14853780,34359738367,87116,0,80080,0,0,0,0,0,0,0,0,0,0,0,2048,0,1493776,27707392,38797312
1774389866.001301,1301,ubuntu-rog,1,0,0,65683160,33918676,51897820,564848,17191644,0,13492956,15739572,11501520,0,1991436,15739572,0,0,8388604,8388604,0,0,92,0,11477200,410832,25468,978796,1554788,978796,575992,15312,65880,0,0,0,0,41230184,14853780,34359738367,87116,0,80080,0,0,0,0,0,0,0,0,0,0,0,2048,0,1493776,27707392,38797312
1774389867.001057,1057,ubuntu-rog,1,0,0,65683160,33918676,51897820,564848,17191648,0,13492956,15739572,11501520,0,1991436,15739572,0,0,8388604,8388604,0,0,96,0,11477200,410832,25468,978796,1554788,978796,575992,15312,65880,0,0,0,0,41230184,14853780,34359738367,87116,0,80080,0,0,0,0,0,0,0,0,0,0,0,2048,0,1493776,27707392,38797312
1774389868.001062,1062,ubuntu-rog,1,0,0,65683160,33918676,51897820,564848,17191648,0,13492956,15739572,11501520,0,1991436,15739572,0,0,8388604,8388604,0,0,96,0,11477200,410832,25468,978796,1554788,978796,575992,15312,65880,0,0,0,0,41230184,14853780,34359738367,87116,0,80080,0,0,0,0,0,0,0,0,0,0,0,2048,0,1493776,27707392,38797312
1774389869.002291,2291,ubuntu-rog,1,0,0,65683160,33918676,51897820,564848,17191652,0,13492956,15739572,11501520,0,1991436,15739572,0,0,8388604,8388604,0,0,100,0,11477200,410832,25468,978796,1554788,978796,575992,15312,65880,0,0,0,0,41230184,14853780,34359738367,87116,0,80080,0,0,0,0,0,0,0,0,0,0,0,2048,0,1493776,27707392,38797312
1774389870.001197,1197,ubuntu-rog,1,0,0,65683160,33918676,51897820,564848,17191656,0,13492956,15739572,11501520,0,1991436,15739572,0,0,8388604,8388604,0,0,104,0,11477200,410832,25468,978796,1554788,978796,575992,15312,65880,0,0,0,0,41230184,14853780,34359738367,87116,0,80080,0,0,0,0,0,0,0,0,0,0,0,2048,0,1493776,27707392,38797312
1774389871.001298,1298,ubuntu-rog,1,0,0,65683160,33918676,51897820,564848,17191660,0,13492956,15739572,11501520,0,1991436,15739572,0,0,8388604,8388604,0,0,108,0,11477200,410832,25468,978796,1554788,978796,575992,15312,65880,0,0,0,0,41230184,14853780,34359738367,87116,0,80080,0,0,0,0,0,0,0,0,0,0,0,2048,0,1493776,27707392,38797312
1774389872.001059,1059,ubuntu-rog,1,0,0,65683160,33918676,51897820,564852,17191660,0,13492956,15739572,11501520,0,1991436,15739572,0,0,8388604,8388604,0,0,108,0,11477200,410832,25468,978796,1554788,978796,575992,15312,65880,0,0,0,0,41230184,14853780,34359738367,87116,0,80080,0,0,0,0,0,0,0,0,0,0,0,2048,0,1493776,27707392,38797312
1774389873.002057,2057,ubuntu-rog,1,0,0,65683160,33918676,51897820,564852,17191660,0,13493060,15739572,11501624,0,1991436,15739572,0,0,8388604,8388604,0,0,108,0,11477204,410832,25468,978796,1554788,978796,575992,15312,65880,0,0,0,0,41230184,14853780,34359738367,87116,0,80080,0,0,0,0,0,0,0,0,0,0,0,2048,0,1493776,27707392,38797312
1774389874.001305,1305,ubuntu-rog,1,0,0,65683160,33918676,51897820,564852,17191664,0,13493060,15739572,11501624,0,1991436,15739572,0,0,8388604,8388604,0,0,112,0,11477204,410832,25468,978796,1554788,978796,575992,15312,65880,0,0,0,0,41230184,14853780,34359738367,87116,0,80080,0,0,0,0,0,0,0,0,0,0,0,2048,0,1493776,27707392,38797312
1774389875.001204,1204,ubuntu-rog,1,0,0,65683160,33918676,51897820,564852,17191668,0,13493060,15739572,11501624,0,1991436,15739572,0,0,8388604,8388604,0,0,116,0,11477204,410832,25468,978796,1554788,978796,575992,15312,65880,0,0,0,0,41230184,14853780,34359738367,87116,0,80080,0,0,0,0,0,0,0,0,0,0,0,2048,0,1493776,27707392,38797312
1774389876.002295,2295,ubuntu-rog,1,0,0,65683160,33918676,51897820,564852,17191668,0,13493060,15739572,11501624,0,1991436,15739572,0,0,8388604,8388604,0,0,76,0,11477204,410832,25468,978796,1554788,978796,575992,15312,65880,0,0,0,0,41230184,14853780,34359738367,87116,0,80080,0,0,0,0,0,0,0,0,0,0,0,2048,0,1493776,27707392,38797312
1774389877.001058,1058,ubuntu-rog,1,0,0,65683160,33918676,51897820,564852,17191672,0,13493060,15739572,11501624,0,1991436,15739572,0,0,8388604,8388604,0,0,84,0,11477204,410832,25468,978796,1554788,978796,575992,15312,65880,0,0,0,0,41230184,14853780,34359738367,87116,0,80080,0,0,0,0,0,0,0,0,0,0,0,2048,0,1493776,27707392,38797312
1774389878.001062,1062,ubuntu-rog,1,0,0,65683160,33918676,51897820,564860,17191672,0,13493060,15739572,11501624,0,1991436,15739572,0,0,8388604,8388604,0,0,84,0,11477204,410832,25468,978796,1554788,978796,575992,15312,65880,0,0,0,0,41230184,14853780,34359738367,87116,0,80080,0,0,0,0,0,0,0,0,0,0,0,2048,0,1493776,27707392,38797312
1774389879.001305,1305,ubuntu-rog,1,0,0,65683160,33918676,51897860,564860,17191672,0,13493060,15739612,11501624,0,1991436,15739612,0,0,8388604,8388604,0,0,44,0,11477204,410832,25468,978796,1554788,978796,575992,15312,65880,0,0,0,0,41230184,14853780,34359738367,87116,0,80080,0,0,0,0,0,0,0,0,0,0,0,2048,0,1493776,27707392,38797312
1774389880.002193,2193,ubuntu-rog,1,0,0,65683160,33918676,51897860,564860,17191672,0,13493060,15739612,11501624,0,1991436,15739612,0,0,8388604,8388604,0,0,44,0,11477204,410832,25468,978796,1554788,978796,575992,15312,65880,0,0,0,0,41230184,14853780,34359738367,87116,0,80080,0,0,0,0,0,0,0,0,0,0,0,2048,0,1493776,27707392,38797312
1774389881.001302,1302,ubuntu-rog,1,0,0,65683160,33918676,51897860,564860,17191676,0,13493060,15739612,11501624,0,1991436,15739612,0,0,8388604,8388604,0,0,12,0,11477204,410832,25468,978796,1554788,978796,575992,15312,65880,0,0,0,0,41230184,14853780,34359738367,87116,0,80080,0,0,0,0,0,0,0,0,0,0,0,2048,0,1493776,27707392,38797312
1774389882.001060,1060,ubuntu-rog,1,0,0,65683160,33918676,51897860,564860,17191680,0,13493060,15739612,11501624,0,1991436,15739612,0,0,8388604,8388604,0,0,20,0,11477204,410832,25468,978796,1554788,978796,575992,15312,65880,0,0,0,0,41230184,14853780,34359738367,87116,0,80080,0,0,0,0,0,0,0,0,0,0,0,2048,0,1493776,27707392,38797312
1774389883.001062,1062,ubuntu-rog,1,0,0,65683160,33918676,51897860,564860,17191680,0,13493060,15739612,11501624,0,1991436,15739612,0,0,8388604,8388604,0,0,20,0,11477204,410832,25468,978796,1554788,978796,575992,15264,65880,0,0,0,0,41230184,14853780,34359738367,87068,0,80080,0,0,0,0,0,0,0,0,0,0,0,2048,0,1493776,27707392,38797312
1774389884.002290,2290,ubuntu-rog,1,0,0,65683160,33918676,51897860,564864,17191688,0,13493060,15739612,11501624,0,1991436,15739612,0,0,8388604,8388604,0,0,60,0,11477204,410832,25468,978796,1554788,978796,575992,15264,65880,0,0,0,0,41230184,14853780,34359738367,87068,0,80080,0,0,0,0,0,0,0,0,0,0,0,2048,0,1493776,27707392,38797312
1774389885.001193,1193,ubuntu-rog,1,0,0,65683160,33918676,51897860,564864,17191688,0,13493060,15739612,11501624,0,1991436,15739612,0,0,8388604,8388604,0,0,60,0,11477204,410832,25468,978796,1554788,978796,575992,15264,65880,0,0,0,0,41230184,14853780,34359738367,87068,0,80080,0,0,0,0,0,0,0,0,0,0,0,2048,0,1493776,27707392,38797312
1774389886.001294,1294,ubuntu-rog,1,0,0,65683160,33918676,51897860,564864,17191688,0,13493060,15739612,11501624,0,1991436,15739612,0,0,8388604,8388604,0,0,60,0,11477204,410832,25468,978796,1554788,978796,575992,15264,65880,0,0,0,0,41230184,14853780,34359738367,87068,0,80080,0,0,0,0,0,0,0,0,0,0,0,2048,0,1493776,27707392,38797312
1774389887.001366,1366,ubuntu-rog,1,0,0,65683160,33918676,51897860,564864,17191688,0,13493060,15739612,11501624,0,1991436,15739612,0,0,8388604,8388604,0,0,60,0,11477204,410832,25468,978796,1554788,978796,575992,15264,65880,0,0,0,0,41230184,14853780,34359738367,87068,0,80080,0,0,0,0,0,0,0,0,0,0,0,2048,0,1493776,27707392,38797312
1774389888.002066,2066,ubuntu-rog,1,0,0,65683160,33918676,51897860,564864,17191696,0,13493060,15739612,11501624,0,1991436,15739612,0,0,8388604,8388604,0,0,68,0,11477204,410832,25468,978796,1554788,978796,575992,15264,65880,0,0,0,0,41230184,14853780,34359738367,87068,0,80080,0,0,0,0,0,0,0,0,0,0,0,2048,0,1493776,27707392,38797312
1774389889.001296,1296,ubuntu-rog,1,0,0,65683160,33918676,51897860,564864,17191696,0,13493060,15739612,11501624,0,1991436,15739612,0,0,8388604,8388604,0,0,68,0,11477204,410832,25468,978796,1554788,978796,575992,15264,65880,0,0,0,0,41230184,14853780,34359738367,87068,0,80080,0,0,0,0,0,0,0,0,0,0,0,2048,0,1493776,27707392,38797312
1774389890.001196,1196,ubuntu-rog,1,0,0,65683160,33918676,51897860,564868,17191696,0,13493060,15739612,11501624,0,1991436,15739612,0,0,8388604,8388604,0,0,68,0,11477204,410832,25468,978796,1554788,978796,575992,15264,65880,0,0,0,0,41230184,14853780,34359738367,87068,0,80080,0,0,0,0,0,0,0,0,0,0,0,2048,0,1493776,27707392,38797312
1774389891.001299,1299,ubuntu-rog,1,0,0,65683160,33918676,51897860,564868,17191700,0,13493060,15739612,11501624,0,1991436,15739612,0,0,8388604,8388604,0,0,72,0,11477204,410832,25468,978796,1554788,978796,575992,15264,65880,0,0,0,0,41230184,14853780,34359738367,87068,0,80080,0,0,0,0,0,0,0,0,0,0,0,2048,0,1493776,27707392,38797312
1774389892.004060,4060,ubuntu-rog,1,0,0,65683160,33918676,51897860,564868,17191700,0,13493060,15739612,11501624,0,1991436,15739612,0,0,8388604,8388604,0,0,72,0,11477204,410832,25468,978796,1554788,978796,575992,15264,65880,0,0,0,0,41230184,14853780,34359738367,87068,0,80080,0,0,0,0,0,0,0,0,0,0,0,2048,0,1493776,27707392,38797312
1774389893.001064,1064,ubuntu-rog,1,0,0,65683160,33918676,51897860,564868,17191700,0,13493060,15739612,11501624,0,1991436,15739612,0,0,8388604,8388604,0,0,72,0,11477204,410832,25468,978796,1554788,978796,575992,15264,65880,0,0,0,0,41230184,14853780,34359738367,87068,0,80080,0,0,0,0,0,0,0,0,0,0,0,2048,0,1493776,27707392,38797312
1774389894.001299,1299,ubuntu-rog,1,0,0,65683160,33918676,51897860,564868,17191708,0,13493060,15739612,11501624,0,1991436,15739612,0,0,8388604,8388604,0,0,80,0,11477204,410832,25468,978796,1554788,978796,575992,15264,65880,0,0,0,0,41230184,14853780,34359738367,87068,0,80080,0,0,0,0,0,0,0,0,0,0,0,2048,0,1493776,27707392,38797312
1774389895.001204,1204,ubuntu-rog,1,0,0,65683160,33918676,51897860,564876,17191708,0,13493060,15739612,11501624,0,1991436,15739612,0,0,8388604,8388604,0,0,80,0,11477204,410832,25468,978796,1554788,978796,575992,15248,65880,0,0,0,0,41230184,14853780,34359738367,87068,0,80080,0,0,0,0,0,0,0,0,0,0,0,2048,0,1493776,27707392,38797312
1774389896.001301,1301,ubuntu-rog,1,0,0,65683160,33918676,51897860,564876,17191712,0,13493060,15739612,11501624,0,1991436,15739612,0,0,8388604,8388604,0,0,84,0,11477204,410832,25468,978796,1554788,978796,575992,15248,65880,0,0,0,0,41230184,14853780,34359738367,87068,0,80080,0,0,0,0,0,0,0,0,0,0,0,2048,0,1493776,27707392,38797312
1774389897.001061,1061,ubuntu-rog,1,0,0,65683160,33918676,51897860,564876,17191712,0,13493060,15739612,11501624,0,1991436,15739612,0,0,8388604,8388604,0,0,84,0,11477204,410832,25468,978796,1554788,978796,575992,15248,65880,0,0,0,0,41230184,14853780,34359738367,87068,0,80080,0,0,0,0,0,0,0,0,0,0,0,2048,0,1493776,27707392,38797312
1774389898.001067,1067,ubuntu-rog,1,0,0,65683160,33918676,51897860,564876,17191716,0,13493060,15739612,11501624,0,1991436,15739612,0,0,8388604,8388604,0,0,88,0,11477204,410832,25468,978796,1554788,978796,575992,15248,65880,0,0,0,0,41230184,14853780,34359738367,87068,0,80080,0,0,0,0,0,0,0,0,0,0,0,2048,0,1493776,27707392,38797312
1774389899.002293,2293,ubuntu-rog,1,0,0,65683160,33918676,51897860,564876,17191716,0,13493060,15739612,11501624,0,1991436,15739612,0,0,8388604,8388604,0,0,88,0,11477204,410832,25468,978796,1554788,978796,575992,15248,65880,0,0,0,0,41230184,14853780,34359738367,87068,0,80080,0,0,0,0,0,0,0,0,0,0,0,2048,0,1493776,27707392,38797312
1774389900.001194,1194,ubuntu-rog,1,0,0,65683160,33918676,51897860,564880,17191716,0,13493060,15739612,11501624,0,1991436,15739612,0,0,8388604,8388604,0,0,88,0,11477204,410832,25468,978796,1554788,978796,575992,15248,65880,0,0,0,0,41230184,14853780,34359738367,87068,0,80080,0,0,0,0,0,0,0,0,0,0,0,2048,0,1493776,27707392,38797312
1774389901.001215,1215,ubuntu-rog,1,0,0,65683160,33918676,51897860,564880,17191724,0,13493060,15739612,11501624,0,1991436,15739612,0,0,8388604,8388604,0,0,96,0,11477204,410832,25468,978796,1554788,978796,575992,15248,65880,0,0,0,0,41230184,14853780,34359738367,87068,0,80080,0,0,0,0,0,0,0,0,0,0,0,2048,0,1493776,27707392,38797312
1774389902.001066,1066,ubuntu-rog,1,0,0,65683160,33917920,51897148,564888,17191724,0,13493224,15739656,11501788,0,1991436,15739656,0,0,8388604,8388604,0,0,304,0,11477204,410832,25468,978796,1554788,978796,575992,15248,65880,0,0,0,0,41230184,14853780,34359738367,87068,0,80080,0,0,0,0,0,0,0,0,0,0,0,2048,0,1493776,27707392,38797312
1774389903.002062,2062,ubuntu-rog,1,0,0,65683160,33917920,51897148,564888,17191724,0,13493224,15739656,11501788,0,1991436,15739656,0,0,8388604,8388604,0,0,304,0,11477204,410832,25468,978796,1554788,978796,575992,15248,65880,0,0,0,0,41230184,14853780,34359738367,87068,0,80080,0,0,0,0,0,0,0,0,0,0,0,2048,0,1493776,27707392,38797312
1774389904.001299,1299,ubuntu-rog,1,0,0,65683160,33917920,51897148,564888,17191724,0,13493224,15739656,11501788,0,1991436,15739656,0,0,8388604,8388604,0,0,304,0,11477204,410832,25468,978796,1554788,978796,575992,15248,65880,0,0,0,0,41230184,14853780,34359738367,87068,0,80080,0,0,0,0,0,0,0,0,0,0,0,2048,0,1493776,27707392,38797312
1774389905.001198,1198,ubuntu-rog,1,0,0,65683160,33917920,51897148,564888,17191728,0,13493224,15739656,11501788,0,1991436,15739656,0,0,8388604,8388604,0,0,308,0,11477204,410832,25468,978796,1554788,978796,575992,15248,65880,0,0,0,0,41230184,14853780,34359738367,87068,0,80080,0,0,0,0,0,0,0,0,0,0,0,2048,0,1493776,27707392,38797312
1774389906.001302,1302,ubuntu-rog,1,0,0,65683160,33917920,51897148,564888,17191728,0,13493224,15739656,11501788,0,1991436,15739656,0,0,8388604,8388604,0,0,308,0,11477204,410832,25468,978796,1554788,978796,575992,15248,65880,0,0,0,0,41230184,14853780,34359738367,87068,0,80080,0,0,0,0,0,0,0,0,0,0,0,2048,0,1493776,27707392,38797312
1774389907.001096,1096,ubuntu-rog,1,0,0,65683160,33917920,51897156,564900,17191720,0,13493224,15739664,11501788,0,1991436,15739664,0,0,8388604,8388604,0,0,272,0,11477204,410832,25468,978796,1554788,978796,575992,15248,65880,0,0,0,0,41230184,14853780,34359738367,87068,0,80080,0,0,0,0,0,0,0,0,0,0,0,2048,0,1493776,27707392,38797312
1774389908.003056,3056,ubuntu-rog,1,0,0,65683160,33917920,51897156,564900,17191736,0,13493224,15739664,11501788,0,1991436,15739664,0,0,8388604,8388604,0,0,284,0,11477204,410832,25468,978796,1554788,978796,575992,15248,65880,0,0,0,0,41230184,14853780,34359738367,87068,0,80080,0,0,0,0,0,0,0,0,0,0,0,2048,0,1493776,27707392,38797312
1774389909.001293,1293,ubuntu-rog,1,0,0,65683160,33917920,51897156,564900,17191740,0,13493224,15739664,11501788,0,1991436,15739664,0,0,8388604,8388604,0,0,288,0,11477204,410832,25468,978796,1554788,978796,575992,15248,65880,0,0,0,0,41230184,14853780,34359738367,87068,0,80080,0,0,0,0,0,0,0,0,0,0,0,2048,0,1493776,27707392,38797312
1774389910.001199,1199,ubuntu-rog,1,0,0,65683160,33917920,51897156,564900,17191740,0,13493224,15739664,11501788,0,1991436,15739664,0,0,8388604,8388604,0,0,288,0,11477204,410832,25468,978796,1554788,978796,575992,15248,65880,0,0,0,0,41230184,14853780,34359738367,87068,0,80080,0,0,0,0,0,0,0,0,0,0,0,2048,0,1493776,27707392,38797312
1774389911.001319,1319,ubuntu-rog,1,0,0,65683160,33917920,51897156,564900,17191740,0,13493056,15739664,11501620,0,1991436,15739664,0,0,8388604,8388604,0,0,288,0,11477036,410832,25468,978796,1554788,978796,575992,15248,65880,0,0,0,0,41230184,14853612,34359738367,87068,0,80080,0,0,0,0,0,0,0,0,0,0,0,2048,0,1493776,27707392,38797312
1774389912.001075,1075,ubuntu-rog,1,0,0,65683160,33917920,51897156,564900,17191744,0,13493056,15739664,11501620,0,1991436,15739664,0,0,8388604,8388604,0,0,268,0,11477036,410832,25468,978796,1554788,978796,575992,15248,65880,0,0,0,0,41230184,14853612,34359738367,87068,0,80080,0,0,0,0,0,0,0,0,0,0,0,2048,0,1493776,27707392,38797312
1774389913.001080,1080,ubuntu-rog,1,0,0,65683160,33917920,51897156,564900,17191748,0,13493056,15739664,11501620,0,1991436,15739664,0,0,8388604,8388604,0,0,276,0,11477036,410832,25468,978796,1554788,978796,575992,15248,65880,0,0,0,0,41230184,14853612,34359738367,87068,0,80080,0,0,0,0,0,0,0,0,0,0,0,2048,0,1493776,27707392,38797312
1774389914.001293,1293,ubuntu-rog,1,0,0,65683160,33917920,51897156,564900,17191748,0,13493056,15739664,11501620,0,1991436,15739664,0,0,8388604,8388604,0,0,276,0,11477036,410832,25468,978796,1554788,978796,575992,15248,65880,0,0,0,0,41230184,14853612,34359738367,87068,0,80080,0,0,0,0,0,0,0,0,0,0,0,2048,0,1493776,27707392,38797312
1774389915.002199,2199,ubuntu-rog,1,0,0,65683160,33917920,51897156,564900,17191752,0,13493056,15739664,11501620,0,1991436,15739664,0,0,8388604,8388604,0,0,212,0,11477036,410832,25468,978796,1554788,978796,575992,15248,65880,0,0,0,0,41230184,14853612,34359738367,87068,0,80080,0,0,0,0,0,0,0,0,0,0,0,2048,0,1493776,27707392,38797312
1774389916.001299,1299,ubuntu-rog,1,0,0,65683160,33917920,51897156,564900,17191752,0,13493056,15739664,11501620,0,1991436,15739664,0,0,8388604,8388604,0,0,212,0,11477036,410832,25468,978796,1554788,978796,575992,15248,65880,0,0,0,0,41230184,14853612,34359738367,87068,0,80080,0,0,0,0,0,0,0,0,0,0,0,2048,0,1493776,27707392,38797312
1774389917.001062,1062,ubuntu-rog,1,0,0,65683160,33917920,51897156,564900,17191752,0,13493056,15739664,11501620,0,1991436,15739664,0,0,8388604,8388604,0,0,196,0,11477036,410832,25468,978796,1554788,978796,575992,15248,65880,0,0,0,0,41230184,14853612,34359738367,87068,0,80080,0,0,0,0,0,0,0,0,0,0,0,2048,0,1493776,27707392,38797312
1774389918.001066,1066,ubuntu-rog,1,0,0,65683160,33917920,51897156,564908,17191752,0,13493056,15739664,11501620,0,1991436,15739664,0,0,8388604,8388604,0,0,216,0,11477036,410832,25468,978796,1554788,978796,575992,15248,65880,0,0,0,0,41230184,14853612,34359738367,87068,0,80080,0,0,0,0,0,0,0,0,0,0,0,2048,0,1493776,27707392,38797312
1774389919.002296,2296,ubuntu-rog,1,0,0,65683160,33917920,51897156,564908,17191760,0,13493056,15739664,11501620,0,1991436,15739664,0,0,8388604,8388604,0,0,224,0,11477036,410832,25468,978796,1554788,978796,575992,15248,65880,0,0,0,0,41230184,14853612,34359738367,87068,0,80080,0,0,0,0,0,0,0,0,0,0,0,2048,0,1493776,27707392,38797312
1774389920.001197,1197,ubuntu-rog,1,0,0,65683160,33917920,51897156,564908,17191760,0,13493056,15739664,11501620,0,1991436,15739664,0,0,8388604,8388604,0,0,224,0,11477036,410832,25468,978796,1554788,978796,575992,15248,65880,0,0,0,0,41230184,14853612,34359738367,87068,0,80080,0,0,0,0,0,0,0,0,0,0,0,2048,0,1493776,27707392,38797312
1774389921.001163,1163,ubuntu-rog,1,0,0,65683160,33917920,51897156,564908,17191764,0,13493056,15739664,11501620,0,1991436,15739664,0,0,8388604,8388604,0,0,232,0,11477036,410832,25468,978796,1554788,978796,575992,15248,65880,0,0,0,0,41230184,14853612,34359738367,87068,0,80080,0,0,0,0,0,0,0,0,0,0,0,2048,0,1493776,27707392,38797312
1774389922.002061,2061,ubuntu-rog,1,0,0,65683160,33917920,51897156,564908,17191768,0,13493056,15739664,11501620,0,1991436,15739664,0,0,8388604,8388604,0,0,236,0,11477036,410832,25468,978796,1554788,978796,575992,15248,65880,0,0,0,0,41230184,14853612,34359738367,87068,0,80080,0,0,0,0,0,0,0,0,0,0,0,2048,0,1493776,27707392,38797312
1774389923.001064,1064,ubuntu-rog,1,0,0,65683160,33917920,51897156,564908,17191768,0,13493056,15739664,11501620,0,1991436,15739664,0,0,8388604,8388604,0,0,236,0,11477036,410832,25468,978796,1554788,978796,575992,15248,65880,0,0,0,0,41230184,14853612,34359738367,87068,0,80080,0,0,0,0,0,0,0,0,0,0,0,2048,0,1493776,27707392,38797312
1774389924.001300,1300,ubuntu-rog,1,0,0,65683160,33917920,51897156,564916,17191768,0,13493056,15739664,11501620,0,1991436,15739664,0,0,8388604,8388604,0,0,240,0,11477036,410832,25468,978796,1554776,978796,575980,15248,65880,0,0,0,0,41230184,14853612,34359738367,87068,0,80080,0,0,0,0,0,0,0,0,0,0,0,2048,0,1493776,27707392,38797312
1774389925.001197,1197,ubuntu-rog,1,0,0,65683160,33917920,51897156,564916,17191768,0,13493056,15739664,11501620,0,1991436,15739664,0,0,8388604,8388604,0,0,240,0,11477036,410832,25468,978796,1554776,978796,575980,15248,65880,0,0,0,0,41230184,14853612,34359738367,87068,0,80080,0,0,0,0,0,0,0,0,0,0,0,2048,0,1493776,27707392,38797312
1774389926.002296,2296,ubuntu-rog,1,0,0,65683160,33917920,51897156,564916,17191776,0,13493056,15739664,11501620,0,1991436,15739664,0,0,8388604,8388604,0,0,248,0,11477036,410832,25468,978796,1554776,978796,575980,15248,65880,0,0,0,0,41230184,14853612,34359738367,87068,0,80080,0,0,0,0,0,0,0,0,0,0,0,2048,0,1493776,27707392,38797312
1774389927.001063,1063,ubuntu-rog,1,0,0,65683160,33917920,51897156,564916,17191776,0,13493056,15739664,11501620,0,1991436,15739664,0,0,8388604,8388604,0,0,248,0,11477036,410832,25468,978796,1554776,978796,575980,15248,65880,0,0,0,0,41230184,14853612,34359738367,87068,0,80080,0,0,0,0,0,0,0,0,0,0,0,2048,0,1493776,27707392,38797312
1774389928.001377,1377,ubuntu-rog,1,0,0,65683160,33917920,51897156,564916,17191776,0,13493056,15739664,11501620,0,1991436,15739664,0,0,8388604,8388604,0,0,248,0,11477036,410832,25468,978796,1554776,978796,575980,15248,65880,0,0,0,0,41230184,14853612,34359738367,87068,0,80080,0,0,0,0,0,0,0,0,0,0,0,2048,0,1493776,27707392,38797312
1774389929.002191,2191,ubuntu-rog,1,0,0,65683160,33917920,51897156,564916,17191780,0,13493056,15739664,11501620,0,1991436,15739664,0,0,8388604,8388604,0,0,252,0,11477036,410832,25468,978796,1554776,978796,575980,15248,65880,0,0,0,0,41230184,14853612,34359738367,87068,0,80080,0,0,0,0,0,0,0,0,0,0,0,2048,0,1493776,27707392,38797312
1774389930.001199,1199,ubuntu-rog,1,0,0,65683160,33917920,51897164,564924,17191780,0,13493172,15739672,11501736,0,1991436,15739672,0,0,8388604,8388604,0,0,252,0,11477036,410832,25468,978796,1554776,978796,575980,15248,65880,0,0,0,0,41230184,14853612,34359738367,87068,0,80080,0,0,0,0,0,0,0,0,0,0,0,2048,0,1493776,27707392,38797312
1774389931.001301,1301,ubuntu-rog,1,0,0,65683160,33917920,51897164,564924,17191780,0,13493172,15739672,11501736,0,1991436,15739672,0,0,8388604,8388604,0,0,252,0,11477036,410832,25468,978796,1554776,978796,575980,15248,65880,0,0,0,0,41230184,14853612,34359738367,87068,0,80080,0,0,0,0,0,0,0,0,0,0,0,2048,0,1493776,27707392,38797312
1774389932.005056,5056,ubuntu-rog,1,0,0,65683160,33917920,51897164,564976,17191732,0,13493172,15739672,11501736,0,1991436,15739672,0,0,8388604,8388604,0,0,256,0,11477036,410832,25468,978796,1554776,978796,575980,15248,65880,0,0,0,0,41230184,14853612,34359738367,87068,0,80080,0,0,0,0,0,0,0,0,0,0,0,2048,0,1493776,27707392,38797312
1774389933.001064,1064,ubuntu-rog,1,0,0,65683160,33917920,51897252,564984,17191792,0,13493240,15739756,11501804,0,1991436,15739756,0,0,8388604,8388604,0,0,180,0,11477036,410832,25468,978800,1554780,978800,575980,15248,65880,0,0,0,0,41230184,14853612,34359738367,87068,0,80080,0,0,0,0,0,0,0,0,0,0,0,2048,0,1493776,27707392,38797312
1774389934.001294,1294,ubuntu-rog,1,0,0,65683160,33917920,51897252,564984,17191792,0,13493240,15739756,11501804,0,1991436,15739756,0,0,8388604,8388604,0,0,180,0,11477036,410832,25468,978800,1554780,978800,575980,15248,65880,0,0,0,0,41230184,14853612,34359738367,87068,0,80080,0,0,0,0,0,0,0,0,0,0,0,2048,0,1493776,27707392,38797312
1774389935.001198,1198,ubuntu-rog,1,0,0,65683160,33917920,51897252,564984,17191792,0,13493240,15739756,11501804,0,1991436,15739756,0,0,8388604,8388604,0,0,180,0,11477036,410832,25468,978800,1554780,978800,575980,15248,65880,0,0,0,0,41230184,14853612,34359738367,87068,0,80080,0,0,0,0,0,0,0,0,0,0,0,2048,0,1493776,27707392,38797312
1774389936.001516,1516,ubuntu-rog,1,0,0,65683160,33917920,51897252,564984,17191796,0,13493240,15739756,11501804,0,1991436,15739756,0,0,8388604,8388604,0,0,184,0,11477036,410832,25468,978800,1554780,978800,575980,15216,65880,0,0,0,0,41230184,14853612,34359738367,87068,0,80080,0,0,0,0,0,0,0,0,0,0,0,2048,0,1493776,27707392,38797312
1774389937.002059,2059,ubuntu-rog,1,0,0,65683160,33917920,51897252,564984,17191796,0,13493240,15739756,11501804,0,1991436,15739756,0,0,8388604,8388604,0,0,184,0,11477036,410832,25468,978800,1554780,978800,575980,15216,65880,0,0,0,0,41230184,14853612,34359738367,87068,0,80080,0,0,0,0,0,0,0,0,0,0,0,2048,0,1493776,27707392,38797312
1774389938.001065,1065,ubuntu-rog,1,0,0,65683160,33917920,51897252,564996,17191800,0,13493240,15739756,11501804,0,1991436,15739756,0,0,8388604,8388604,0,0,156,0,11477036,410832,25468,978800,1554780,978800,575980,15216,65880,0,0,0,0,41230184,14853612,34359738367,87068,0,80080,0,0,0,0,0,0,0,0,0,0,0,2048,0,1493776,27707392,38797312
1774389939.001295,1295,ubuntu-rog,1,0,0,65683160,33917920,51897252,564996,17191800,0,13493240,15739756,11501804,0,1991436,15739756,0,0,8388604,8388604,0,0,156,0,11477036,410832,25468,978800,1554780,978800,575980,15216,65880,0,0,0,0,41230184,14853612,34359738367,87068,0,80080,0,0,0,0,0,0,0,0,0,0,0,2048,0,1493776,27707392,38797312
1774389940.001195,1195,ubuntu-rog,1,0,0,65683160,33917920,51897252,564996,17191804,0,13493240,15739756,11501804,0,1991436,15739756,0,0,8388604,8388604,0,0,164,0,11477036,410832,25468,978800,1554780,978800,575980,15216,65880,0,0,0,0,41230184,14853612,34359738367,87068,0,80080,0,0,0,0,0,0,0,0,0,0,0,2048,0,1493776,27707392,38797312
1774389941.002291,2291,ubuntu-rog,1,0,0,65683160,33917920,51897252,564996,17191804,0,13493240,15739756,11501804,0,1991436,15739756,0,0,8388604,8388604,0,0,164,0,11477036,410832,25468,978800,1554780,978800,575980,15216,65880,0,0,0,0,41230184,14853612,34359738367,87068,0,80080,0,0,0,0,0,0,0,0,0,0,0,2048,0,1493776,27707392,38797312
1774389942.001060,1060,ubuntu-rog,1,0,0,65683160,33917920,51897252,564996,17191804,0,13493240,15739756,11501804,0,1991436,15739756,0,0,8388604,8388604,0,0,164,0,11477036,410832,25468,978800,1554780,978800,575980,15216,65880,0,0,0,0,41230184,14853612,34359738367,87068,0,80080,0,0,0,0,0,0,0,0,0,0,0,2048,0,1493776,27707392,38797312
1774389943.001110,1110,ubuntu-rog,1,0,0,65683160,33917920,51897252,565008,17191808,0,13493240,15739756,11501804,0,1991436,15739756,0,0,8388604,8388604,0,0,144,0,11477036,410832,25468,978800,1554780,978800,575980,15216,65880,0,0,0,0,41230184,14853612,34359738367,87068,0,80080,0,0,0,0,0,0,0,0,0,0,0,2048,0,1493776,27707392,38797312
1774389944.002297,2297,ubuntu-rog,1,0,0,65683160,33917920,51897252,565008,17191808,0,13493240,15739756,11501804,0,1991436,15739756,0,0,8388604,8388604,0,0,144,0,11477036,410832,25468,978800,1554780,978800,575980,15216,65880,0,0,0,0,41230184,14853612,34359738367,87068,0,80080,0,0,0,0,0,0,0,0,0,0,0,2048,0,1493776,27707392,38797312
1774389945.001197,1197,ubuntu-rog,1,0,0,65683160,33917920,51897252,565008,17191812,0,13493240,15739756,11501804,0,1991436,15739756,0,0,8388604,8388604,0,0,152,0,11477036,410832,25468,978800,1554780,978800,575980,15216,65880,0,0,0,0,41230184,14853612,34359738367,87068,0,80080,0,0,0,0,0,0,0,0,0,0,0,2048,0,1493776,27707392,38797312
1774389946.001297,1297,ubuntu-rog,1,0,0,65683160,33917920,51897252,565008,17191816,0,13493240,15739756,11501804,0,1991436,15739756,0,0,8388604,8388604,0,0,156,0,11477036,410832,25468,978800,1554780,978800,575980,15216,65880,0,0,0,0,41230184,14853612,34359738367,87068,0,80080,0,0,0,0,0,0,0,0,0,0,0,2048,0,1493776,27707392,38797312
1774389947.001063,1063,ubuntu-rog,1,0,0,65683160,33917920,51897252,565008,17191820,0,13493240,15739756,11501804,0,1991436,15739756,0,0,8388604,8388604,0,0,160,0,11477036,410832,25468,978800,1554780,978800,575980,15216,65880,0,0,0,0,41230184,14853612,34359738367,87068,0,80080,0,0,0,0,0,0,0,0,0,0,0,2048,0,1493776,27707392,38797312
1774389948.002061,2061,ubuntu-rog,1,0,0,65683160,33917920,51897252,565008,17191820,0,13493240,15739756,11501804,0,1991436,15739756,0,0,8388604,8388604,0,0,160,0,11477036,410832,25468,978800,1554780,978800,575980,15216,65880,0,0,0,0,41230184,14853612,34359738367,87068,0,80080,0,0,0,0,0,0,0,0,0,0,0,2048,0,1493776,27707392,38797312
1774389949.001289,1289,ubuntu-rog,1,0,0,65683160,33917920,51897252,565008,17191820,0,13493240,15739756,11501804,0,1991436,15739756,0,0,8388604,8388604,0,0,40,0,11477036,410832,25468,978800,1554780,978800,575980,15216,65880,0,0,0,0,41230184,14853612,34359738367,87068,0,80080,0,0,0,0,0,0,0,0,0,0,0,2048,0,1493776,27707392,38797312
1774389950.002198,2198,ubuntu-rog,1,0,0,65683160,33917920,51897252,565008,17191824,0,13493240,15739756,11501804,0,1991436,15739756,0,0,8388604,8388604,0,0,44,0,11477036,410832,25468,978800,1554780,978800,575980,15216,65880,0,0,0,0,41230184,14853612,34359738367,87068,0,80080,0,0,0,0,0,0,0,0,0,0,0,2048,0,1493776,27707392,38797312
1774389951.001299,1299,ubuntu-rog,1,0,0,65683160,33917920,51897256,565008,17191828,0,13493240,15739756,11501804,0,1991436,15739756,0,0,8388604,8388604,0,0,48,0,11477036,410832,25468,978804,1554784,978804,575980,15216,65880,0,0,0,0,41230184,14853612,34359738367,87068,0,80080,0,0,0,0,0,0,0,0,0,0,0,2048,0,1493776,27707392,38797312
1774389952.001062,1062,ubuntu-rog,1,0,0,65683160,33917920,51897256,565008,17191828,0,13493240,15739756,11501804,0,1991436,15739756,0,0,8388604,8388604,0,0,48,0,11477036,410832,25468,978804,1554784,978804,575980,15216,65880,0,0,0,0,41230184,14853612,34359738367,87068,0,80080,0,0,0,0,0,0,0,0,0,0,0,2048,0,1493776,27707392,38797312
1774389953.001061,1061,ubuntu-rog,1,0,0,65683160,33917920,51897256,565008,17191832,0,13493240,15739756,11501804,0,1991436,15739756,0,0,8388604,8388604,0,0,36,0,11477036,410832,25468,978804,1554784,978804,575980,15216,65880,0,0,0,0,41230184,14853612,34359738367,87068,0,80080,0,0,0,0,0,0,0,0,0,0,0,2048,0,1493776,27707392,38797312
1774389954.002290,2290,ubuntu-rog,1,0,0,65683160,33917920,51897256,565008,17191832,0,13493240,15739756,11501804,0,1991436,15739756,0,0,8388604,8388604,0,0,52,0,11477036,410832,25468,978804,1554784,978804,575980,15216,65880,0,0,0,0,41230184,14853612,34359738367,87068,0,80080,0,0,0,0,0,0,0,0,0,0,0,2048,0,1493776,27707392,38797312
1774389955.001196,1196,ubuntu-rog,1,0,0,65683160,33917920,51897256,565008,17191832,0,13493240,15739756,11501804,0,1991436,15739756,0,0,8388604,8388604,0,0,52,0,11477036,410832,25468,978804,1554784,978804,575980,15216,65880,0,0,0,0,41230184,14853612,34359738367,87068,0,80080,0,0,0,0,0,0,0,0,0,0,0,2048,0,1493776,27707392,38797312
1774389956.001187,1187,ubuntu-rog,1,0,0,65683160,33917920,51897256,565008,17191832,0,13493240,15739756,11501804,0,1991436,15739756,0,0,8388604,8388604,0,0,52,0,11477036,410832,25468,978804,1554784,978804,575980,15216,65880,0,0,0,0,41230184,14853612,34359738367,87068,0,80080,0,0,0,0,0,0,0,0,0,0,0,2048,0,1493776,27707392,38797312
1774389957.001076,1076,ubuntu-rog,1,0,0,65683160,33918172,51897508,565008,17191840,0,13493240,15739756,11501804,0,1991436,15739756,0,0,8388604,8388604,0,0,60,0,11477036,410832,25468,978804,1554784,978804,575980,15216,65880,0,0,0,0,41230184,14853612,34359738367,87068,0,80080,0,0,0,0,0,0,0,0,0,0,0,2048,0,1493776,27707392,38797312
1774389958.001087,1087,ubuntu-rog,1,0,0,65683160,33918172,51897508,565008,17191844,0,13493240,15739756,11501804,0,1991436,15739756,0,0,8388604,8388604,0,0,68,0,11477036,410832,25468,978804,1554784,978804,575980,15216,65880,0,0,0,0,41230184,14853612,34359738367,87068,0,80080,0,0,0,0,0,0,0,0,0,0,0,2048,0,1493776,27707392,38797312
1774389959.001315,1315,ubuntu-rog,1,0,0,65683160,33918172,51897508,565016,17191844,0,13493240,15739756,11501804,0,1991436,15739756,0,0,8388604,8388604,0,0,72,0,11477036,410832,25468,978804,1554784,978804,575980,15216,65880,0,0,0,0,41230184,14853612,34359738367,87068,0,80080,0,0,0,0,0,0,0,0,0,0,0,2048,0,1493776,27707392,38797312
1774389960.001221,1221,ubuntu-rog,1,0,0,65683160,33918172,51897508,565016,17191848,0,13493240,15739756,11501804,0,1991436,15739756,0,0,8388604,8388604,0,0,76,0,11477036,410832,25468,978804,1554784,978804,575980,15216,65880,0,0,0,0,41230184,14853612,34359738367,87068,0,80080,0,0,0,0,0,0,0,0,0,0,0,2048,0,1493776,27707392,38797312
1774389961.001317,1317,ubuntu-rog,1,0,0,65683160,33918172,51897508,565016,17191848,0,13493240,15739756,11501804,0,1991436,15739756,0,0,8388604,8388604,0,0,76,0,11477036,410832,25468,978804,1554784,978804,575980,15216,65880,0,0,0,0,41230184,14853612,34359738367,87068,0,80080,0,0,0,0,0,0,0,0,0,0,0,2048,0,1493776,27707392,38797312
1774389962.001082,1082,ubuntu-rog,1,0,0,65683160,33918172,51897508,565016,17191848,0,13493240,15739756,11501804,0,1991436,15739756,0,0,8388604,8388604,0,0,76,0,11477036,410832,25468,978804,1554784,978804,575980,15216,65880,0,0,0,0,41230184,14853612,34359738367,87068,0,80080,0,0,0,0,0,0,0,0,0,0,0,2048,0,1493776,27707392,38797312
1774389963.001205,1205,ubuntu-rog,1,0,0,65683160,33918172,51897508,565016,17191848,0,13493240,15739756,11501804,0,1991436,15739756,0,0,8388604,8388604,0,0,76,0,11477036,410832,25468,978804,1554784,978804,575980,15216,65880,0,0,0,0,41230184,14853612,34359738367,87068,0,80080,0,0,0,0,0,0,0,0,0,0,0,2048,0,1493776,27707392,38797312
1774389964.002296,2296,ubuntu-rog,1,0,0,65683160,33918172,51897508,565016,17191856,0,13493240,15739756,11501804,0,1991436,15739756,0,0,8388604,8388604,0,0,84,0,11477036,410832,25468,978804,1554784,978804,575980,15216,65880,0,0,0,0,41230184,14853612,34359738367,87068,0,80080,0,0,0,0,0,0,0,0,0,0,0,2048,0,1493776,27707392,38797312
1774389965.001191,1191,ubuntu-rog,1,0,0,65683160,33918172,51897508,565020,17191856,0,13493240,15739756,11501804,0,1991436,15739756,0,0,8388604,8388604,0,0,84,0,11477036,410832,25468,978804,1554784,978804,575980,15216,65880,0,0,0,0,41230184,14853612,34359738367,87068,0,80080,0,0,0,0,0,0,0,0,0,0,0,2048,0,1493776,27707392,38797312
1774389966.001293,1293,ubuntu-rog,1,0,0,65683160,33918172,51897508,565020,17191856,0,13493240,15739756,11501804,0,1991436,15739756,0,0,8388604,8388604,0,0,84,0,11477036,410832,25468,978804,1554784,978804,575980,15216,65880,0,0,0,0,41230184,14853612,34359738367,87068,0,80080,0,0,0,0,0,0,0,0,0,0,0,2048,0,1493776,27707392,38797312
1774389967.001060,1060,ubuntu-rog,1,0,0,65683160,33918172,51897508,565020,17191860,0,13493240,15739756,11501804,0,1991436,15739756,0,0,8388604,8388604,0,0,88,0,11477036,410832,25468,978804,1554784,978804,575980,15216,65880,0,0,0,0,41230184,14853612,34359738367,87068,0,80080,0,0,0,0,0,0,0,0,0,0,0,2048,0,1493776,27707392,38797312
1774389968.002059,2059,ubuntu-rog,1,0,0,65683160,33918172,51897508,565020,17191860,0,13493240,15739756,11501804,0,1991436,15739756,0,0,8388604,8388604,0,0,88,0,11477036,410832,25468,978804,1554784,978804,575980,15216,65880,0,0,0,0,41230184,14853612,34359738367,87068,0,80080,0,0,0,0,0,0,0,0,0,0,0,2048,0,1493776,27707392,38797312
1774389969.001292,1292,ubuntu-rog,1,0,0,65683160,33918172,51897560,565020,17191860,0,13493240,15739808,11501804,0,1991436,15739808,0,0,8388604,8388604,0,0,48,0,11477036,410832,25468,978804,1554784,978804,575980,15216,65880,0,0,0,0,41230184,14853612,34359738367,87068,0,80080,0,0,0,0,0,0,0,0,0,0,0,2048,0,1493776,27707392,38797312
1774389970.001208,1208,ubuntu-rog,1,0,0,65683160,33918172,51897560,565028,17191868,0,13493240,15739808,11501804,0,1991436,15739808,0,0,8388604,8388604,0,0,64,0,11477036,410832,25468,978804,1554784,978804,575980,15216,65880,0,0,0,0,41230184,14853612,34359738367,87068,0,80080,0,0,0,0,0,0,0,0,0,0,0,2048,0,1493776,27707392,38797312
1774389971.001301,1301,ubuntu-rog,1,0,0,65683160,33918172,51897560,565028,17191872,0,13493240,15739808,11501804,0,1991436,15739808,0,0,8388604,8388604,0,0,72,0,11477036,410832,25468,978804,1554784,978804,575980,15216,65880,0,0,0,0,41230184,14853612,34359738367,87068,0,80080,0,0,0,0,0,0,0,0,0,0,0,2048,0,1493776,27707392,38797312
1774389972.003055,3055,ubuntu-rog,1,0,0,65683160,33918172,51897560,565028,17191872,0,13493240,15739808,11501804,0,1991436,15739808,0,0,8388604,8388604,0,0,72,0,11477036,410832,25468,978804,1554784,978804,575980,15216,65880,0,0,0,0,41230184,14853612,34359738367,87068,0,80080,0,0,0,0,0,0,0,0,0,0,0,2048,0,1493776,27707392,38797312
1774389973.001066,1066,ubuntu-rog,1,0,0,65683160,33918172,51897560,565028,17191872,0,13493240,15739808,11501804,0,1991436,15739808,0,0,8388604,8388604,0,0,72,0,11477036,410832,25468,978804,1554784,978804,575980,15216,65880,0,0,0,0,41230184,14853612,34359738367,87068,0,80080,0,0,0,0,0,0,0,0,0,0,0,2048,0,1493776,27707392,38797312
1774389974.001297,1297,ubuntu-rog,1,0,0,65683160,33918172,51897572,565028,17191876,0,13493240,15739820,11501804,0,1991436,15739820,0,0,8388604,8388604,0,0,52,0,11477036,410832,25468,978804,1554784,978804,575980,15216,65880,0,0,0,0,41230184,14853612,34359738367,87068,0,80080,0,0,0,0,0,0,0,0,0,0,0,2048,0,1493776,27707392,38797312
1774389975.001196,1196,ubuntu-rog,1,0,0,65683160,33918172,51897572,565036,17191876,0,13493240,15739820,11501804,0,1991436,15739820,0,0,8388604,8388604,0,0,52,0,11477036,410832,25468,978804,1554784,978804,575980,15216,65880,0,0,0,0,41230184,14853612,34359738367,87068,0,80080,0,0,0,0,0,0,0,0,0,0,0,2048,0,1493776,27707392,38797312
1774389976.001297,1297,ubuntu-rog,1,0,0,65683160,33918172,51897572,565036,17191880,0,13493240,15739820,11501804,0,1991436,15739820,0,0,8388604,8388604,0,0,60,0,11477036,410832,25468,978804,1554784,978804,575980,15216,65880,0,0,0,0,41230184,14853612,34359738367,87068,0,80080,0,0,0,0,0,0,0,0,0,0,0,2048,0,1493776,27707392,38797312
1774389977.001057,1057,ubuntu-rog,1,0,0,65683160,33918424,51897824,565036,17191880,0,13493240,15739820,11501804,0,1991436,15739820,0,0,8388604,8388604,0,0,60,0,11477036,410832,25468,978804,1554784,978804,575980,15216,65880,0,0,0,0,41230184,14853612,34359738367,87068,0,80080,0,0,0,0,0,0,0,0,0,0,0,2048,0,1493776,27707392,38797312
1774389978.001069,1069,ubuntu-rog,1,0,0,65683160,33918424,51897824,565036,17191884,0,13493240,15739820,11501804,0,1991436,15739820,0,0,8388604,8388604,0,0,64,0,11477036,410832,25468,978804,1554784,978804,575980,15216,65880,0,0,0,0,41230184,14853612,34359738367,87068,0,80080,0,0,0,0,0,0,0,0,0,0,0,2048,0,1493776,27707392,38797312
1774389979.002297,2297,ubuntu-rog,1,0,0,65683160,33918424,51897824,565036,17191884,0,13493240,15739820,11501804,0,1991436,15739820,0,0,8388604,8388604,0,0,64,0,11477036,410832,25468,978804,1554784,978804,575980,15216,65880,0,0,0,0,41230184,14853612,34359738367,87068,0,80080,0,0,0,0,0,0,0,0,0,0,0,2048,0,1493776,27707392,38797312
1774389980.001198,1198,ubuntu-rog,1,0,0,65683160,33918424,51897824,565036,17191884,0,13493240,15739820,11501804,0,1991436,15739820,0,0,8388604,8388604,0,0,64,0,11477036,410832,25468,978804,1554784,978804,575980,15216,65880,0,0,0,0,41230184,14853612,34359738367,87068,0,80080,0,0,0,0,0,0,0,0,0,0,0,2048,0,1493776,27707392,38797312
1774389981.001295,1295,ubuntu-rog,1,0,0,65683160,33918424,51897824,565040,17191888,0,13493240,15739820,11501804,0,1991436,15739820,0,0,8388604,8388604,0,0,68,0,11477036,410832,25468,978804,1554784,978804,575980,15216,65880,0,0,0,0,41230184,14853612,34359738367,87068,0,80080,0,0,0,0,0,0,0,0,0,0,0,2048,0,1493776,27707392,38797312
1774389982.001061,1061,ubuntu-rog,1,0,0,65683160,33918424,51897824,565040,17191892,0,13493240,15739820,11501804,0,1991436,15739820,0,0,8388604,8388604,0,0,72,0,11477036,410832,25468,978804,1554784,978804,575980,15216,65880,0,0,0,0,41230184,14853612,34359738367,87068,0,80080,0,0,0,0,0,0,0,0,0,0,0,2048,0,1493776,27707392,38797312
1774389983.001376,1376,ubuntu-rog,1,0,0,65683160,33918424,51897824,565040,17191896,0,13493240,15739820,11501804,0,1991436,15739820,0,0,8388604,8388604,0,0,76,0,11477036,410832,25468,978804,1554784,978804,575980,15216,65880,0,0,0,0,41230184,14853612,34359738367,87068,0,80080,0,0,0,0,0,0,0,0,0,0,0,2048,0,1493776,27707392,38797312
1774389984.002313,2313,ubuntu-rog,1,0,0,65683160,33918424,51897824,565040,17191896,0,13493364,15739820,11501928,0,1991436,15739820,0,0,8388604,8388604,0,0,76,0,11477224,410832,25468,978804,1554792,978804,575988,15216,65880,0,0,0,0,41230184,14853780,34359738367,87068,0,80080,0,0,0,0,0,0,0,0,0,0,0,2048,0,1493776,27707392,38797312
1774389985.001199,1199,ubuntu-rog,1,0,0,65683160,33918424,51897860,565040,17191900,0,13493516,15739856,11502080,0,1991436,15739856,0,0,8388604,8388604,0,0,52,0,11477224,410832,25468,978804,1554792,978804,575988,15216,65880,0,0,0,0,41230184,14853780,34359738367,87068,0,80080,0,0,0,0,0,0,0,0,0,0,0,2048,0,1493776,27707392,38797312
1774389986.001297,1297,ubuntu-rog,1,0,0,65683160,33918424,51897860,565048,17191900,0,13493516,15739856,11502080,0,1991436,15739856,0,0,8388604,8388604,0,0,60,0,11477224,410832,25468,978804,1554792,978804,575988,15216,65880,0,0,0,0,41230184,14853780,34359738367,87068,0,80080,0,0,0,0,0,0,0,0,0,0,0,2048,0,1493776,27707392,38797312
1774389987.001064,1064,ubuntu-rog,1,0,0,65683160,33918424,51897860,565048,17191900,0,13493516,15739856,11502080,0,1991436,15739856,0,0,8388604,8388604,0,0,60,0,11477224,410832,25468,978804,1554792,978804,575988,15216,65880,0,0,0,0,41230184,14853780,34359738367,87068,0,80080,0,0,0,0,0,0,0,0,0,0,0,2048,0,1493776,27707392,38797312
1774389988.002063,2063,ubuntu-rog,1,0,0,65683160,33918424,51897860,565048,17191904,0,13493516,15739856,11502080,0,1991436,15739856,0,0,8388604,8388604,0,0,64,0,11477228,410832,25468,978804,1554792,978804,575988,15216,65880,0,0,0,0,41230184,14853780,34359738367,87068,0,80080,0,0,0,0,0,0,0,0,0,0,0,2048,0,1493776,27707392,38797312
1774389989.001297,1297,ubuntu-rog,1,0,0,65683160,33918424,51897868,565048,17191908,0,13493516,15739860,11502080,0,1991436,15739860,0,0,8388604,8388604,0,0,52,0,11477228,410832,25468,978808,1554796,978808,575988,15216,65880,0,0,0,0,41230184,14853780,34359738367,87068,0,80080,0,0,0,0,0,0,0,0,0,0,0,2048,0,1493776,27707392,38797312
1774389990.001197,1197,ubuntu-rog,1,0,0,65683160,33918424,51897868,565048,17191908,0,13493516,15739860,11502080,0,1991436,15739860,0,0,8388604,8388604,0,0,52,0,11477228,410832,25468,978808,1554796,978808,575988,15216,65880,0,0,0,0,41230184,14853780,34359738367,87068,0,80080,0,0,0,0,0,0,0,0,0,0,0,2048,0,1493776,27707392,38797312
1774389991.001562,1562,ubuntu-rog,1,0,0,65683160,33918424,51897868,565048,17191908,0,13493516,15739860,11502080,0,1991436,15739860,0,0,8388604,8388604,0,0,52,0,11477228,410832,25468,978808,1554796,978808,575988,15216,65880,0,0,0,0,41230184,14853780,34359738367,87068,0,80080,0,0,0,0,0,0,0,0,0,0,0,2048,0,1493776,27707392,38797312
1774389992.002063,2063,ubuntu-rog,1,0,0,65683160,33918424,51897868,565056,17191912,0,13493516,15739860,11502080,0,1991436,15739860,0,0,8388604,8388604,0,0,72,0,11477228,410832,25468,978808,1554796,978808,575988,15216,65880,0,0,0,0,41230184,14853780,34359738367,87068,0,80080,0,0,0,0,0,0,0,0,0,0,0,2048,0,1493776,27707392,38797312
1774389993.001066,1066,ubuntu-rog,1,0,0,65683160,33918424,51897868,565056,17191912,0,13493516,15739860,11502080,0,1991436,15739860,0,0,8388604,8388604,0,0,72,0,11477228,410832,25468,978808,1554796,978808,575988,15216,65880,0,0,0,0,41230184,14853780,34359738367,87068,0,80080,0,0,0,0,0,0,0,0,0,0,0,2048,0,1493776,27707392,38797312
1774389994.001302,1302,ubuntu-rog,1,0,0,65683160,33918424,51897868,565056,17191912,0,13493484,15739860,11502048,0,1991436,15739860,0,0,8388604,8388604,0,0,72,0,11477196,410832,25468,978808,1554796,978808,575988,15216,65880,0,0,0,0,41230184,14853780,34359738367,87068,0,80080,0,0,0,0,0,0,0,0,0,0,0,2048,0,1493776,27707392,38797312
1774389995.001199,1199,ubuntu-rog,1,0,0,65683160,33918424,51897868,565056,17191924,0,13493484,15739860,11502048,0,1991436,15739860,0,0,8388604,8388604,0,0,88,0,11477196,410832,25468,978808,1554796,978808,575988,15216,65880,0,0,0,0,41230184,14853780,34359738367,87068,0,80080,0,0,0,0,0,0,0,0,0,0,0,2048,0,1493776,27707392,38797312
1774389996.002290,2290,ubuntu-rog,1,0,0,65683160,33918424,51897868,565056,17191924,0,13493484,15739860,11502048,0,1991436,15739860,0,0,8388604,8388604,0,0,88,0,11477196,410832,25468,978808,1554796,978808,575988,15216,65880,0,0,0,0,41230184,14853780,34359738367,87068,0,80080,0,0,0,0,0,0,0,0,0,0,0,2048,0,1493776,27707392,38797312
1774389997.001364,1364,ubuntu-rog,1,0,0,65683160,33918424,51897868,565064,17191924,0,13493484,15739860,11502048,0,1991436,15739860,0,0,8388604,8388604,0,0,88,0,11477196,410832,25468,978808,1554796,978808,575988,15216,65880,0,0,0,0,41230184,14853780,34359738367,87068,0,80080,0,0,0,0,0,0,0,0,0,0,0,2048,0,1493776,27707392,38797312
1774389998.001659,1659,ubuntu-rog,1,0,0,65683160,33918424,51897868,565064,17191924,0,13493484,15739860,11502048,0,1991436,15739860,0,0,8388604,8388604,0,0,88,0,11477196,410832,25468,978808,1554796,978808,575988,15216,65880,0,0,0,0,41230184,14853780,34359738367,87068,0,80080,0,0,0,0,0,0,0,0,0,0,0,2048,0,1493776,27707392,38797312
1774389999.002300,2300,ubuntu-rog,1,0,0,65683160,33918424,51897868,565064,17191928,0,13493484,15739860,11502048,0,1991436,15739860,0,0,8388604,8388604,0,0,52,0,11477196,410832,25468,978808,1554796,978808,575988,15216,65880,0,0,0,0,41230184,14853780,34359738367,87068,0,80080,0,0,0,0,0,0,0,0,0,0,0,2048,0,1493776,27707392,38797312
1774390000.001197,1197,ubuntu-rog,1,0,0,65683160,33918424,51897868,565064,17191928,0,13493484,15739860,11502048,0,1991436,15739860,0,0,8388604,8388604,0,0,52,0,11477196,410832,25468,978808,1554796,978808,575988,15216,65880,0,0,0,0,41230184,14853780,34359738367,87068,0,80080,0,0,0,0,0,0,0,0,0,0,0,2048,0,1493776,27707392,38797312
1774390001.001293,1293,ubuntu-rog,1,0,0,65683160,33918424,51897868,565064,17191932,0,13493484,15739860,11502048,0,1991436,15739860,0,0,8388604,8388604,0,0,56,0,11477196,410832,25468,978808,1554796,978808,575988,15216,65880,0,0,0,0,41230184,14853780,34359738367,87068,0,80080,0,0,0,0,0,0,0,0,0,0,0,2048,0,1493776,27707392,38797312
1774390002.001063,1063,ubuntu-rog,1,0,0,65683160,33918424,51897868,565076,17191936,0,13493484,15739860,11502048,0,1991436,15739860,0,0,8388604,8388604,0,0,72,0,11477196,410832,25468,978808,1554796,978808,575988,15216,65880,0,0,0,0,41230184,14853780,34359738367,87068,0,80080,0,0,0,0,0,0,0,0,0,0,0,2048,0,1493776,27707392,38797312
1774390003.002065,2065,ubuntu-rog,1,0,0,65683160,33918424,51897868,565076,17191936,0,13493484,15739860,11502048,0,1991436,15739860,0,0,8388604,8388604,0,0,72,0,11477196,410832,25468,978808,1554796,978808,575988,15216,65880,0,0,0,0,41230184,14853780,34359738367,87068,0,80080,0,0,0,0,0,0,0,0,0,0,0,2048,0,1493776,27707392,38797312
1774390004.001301,1301,ubuntu-rog,1,0,0,65683160,33918424,51897868,565076,17191936,0,13493484,15739860,11502048,0,1991436,15739860,0,0,8388604,8388604,0,0,48,0,11477196,410832,25468,978808,1554796,978808,575988,15216,65880,0,0,0,0,41230184,14853780,34359738367,87068,0,80080,0,0,0,0,0,0,0,0,0,0,0,2048,0,1493776,27707392,38797312
1774390005.001189,1189,ubuntu-rog,1,0,0,65683160,33918424,51897868,565076,17191936,0,13493484,15739860,11502048,0,1991436,15739860,0,0,8388604,8388604,0,0,48,0,11477196,410832,25468,978808,1554796,978808,575988,15216,65880,0,0,0,0,41230184,14853780,34359738367,87068,0,80080,0,0,0,0,0,0,0,0,0,0,0,2048,0,1493776,27707392,38797312
1774390006.001300,1300,ubuntu-rog,1,0,0,65683160,33918424,51897868,565076,17191940,0,13493484,15739860,11502048,0,1991436,15739860,0,0,8388604,8388604,0,0,52,0,11477196,410832,25468,978808,1554796,978808,575988,15216,65880,0,0,0,0,41230184,14853780,34359738367,87068,0,80080,0,0,0,0,0,0,0,0,0,0,0,2048,0,1493776,27707392,38797312
1774390007.002058,2058,ubuntu-rog,1,0,0,65683160,33918424,51897868,565084,17191940,0,13493484,15739860,11502048,0,1991436,15739860,0,0,8388604,8388604,0,0,56,0,11477196,410832,25468,978808,1554796,978808,575988,15216,65880,0,0,0,0,41230184,14853780,34359738367,87068,0,80080,0,0,0,0,0,0,0,0,0,0,0,2048,0,1493776,27707392,38797312
1774390008.001066,1066,ubuntu-rog,1,0,0,65683160,33918424,51897868,565084,17191948,0,13493484,15739860,11502048,0,1991436,15739860,0,0,8388604,8388604,0,0,68,0,11477196,410832,25468,978808,1554796,978808,575988,15216,65880,0,0,0,0,41230184,14853780,34359738367,87068,0,80080,0,0,0,0,0,0,0,0,0,0,0,2048,0,1493776,27707392,38797312
1774390009.001299,1299,ubuntu-rog,1,0,0,65683160,33918424,51897868,565084,17191952,0,13493484,15739860,11502048,0,1991436,15739860,0,0,8388604,8388604,0,0,72,0,11477196,410832,25468,978808,1554796,978808,575988,15216,65880,0,0,0,0,41230184,14853780,34359738367,87068,0,80080,0,0,0,0,0,0,0,0,0,0,0,2048,0,1493776,27707392,38797312
1774390010.001198,1198,ubuntu-rog,1,0,0,65683160,33918424,51897868,565084,17191952,0,13493484,15739860,11502048,0,1991436,15739860,0,0,8388604,8388604,0,0,72,0,11477196,410832,25468,978808,1554796,978808,575988,15216,65880,0,0,0,0,41230184,14853780,34359738367,87068,0,80080,0,0,0,0,0,0,0,0,0,0,0,2048,0,1493776,27707392,38797312
1774390011.001577,1577,ubuntu-rog,1,0,0,65683160,33918424,51897868,565084,17191952,0,13493484,15739860,11502048,0,1991436,15739860,0,0,8388604,8388604,0,0,72,0,11477196,410832,25468,978808,1554796,978808,575988,15216,65880,0,0,0,0,41230184,14853780,34359738367,87068,0,80080,0,0,0,0,0,0,0,0,0,0,0,2048,0,1493776,27707392,38797312
1774390012.002062,2062,ubuntu-rog,1,0,0,65683160,33918424,51897868,565084,17191956,0,13493484,15739860,11502048,0,1991436,15739860,0,0,8388604,8388604,0,0,76,0,11477196,410832,25468,978808,1554796,978808,575988,15216,65880,0,0,0,0,41230184,14853780,34359738367,87068,0,80080,0,0,0,0,0,0,0,0,0,0,0,2048,0,1493776,27707392,38797312
1774390013.001067,1067,ubuntu-rog,1,0,0,65683160,33918424,51897868,565088,17191956,0,13493484,15739860,11502048,0,1991436,15739860,0,0,8388604,8388604,0,0,76,0,11477196,410832,25468,978808,1554796,978808,575988,15216,65880,0,0,0,0,41230184,14853780,34359738367,87068,0,80080,0,0,0,0,0,0,0,0,0,0,0,2048,0,1493776,27707392,38797312
1774390014.001303,1303,ubuntu-rog,1,0,0,65683160,33918424,51897868,565088,17191960,0,13493484,15739860,11502048,0,1991436,15739860,0,0,8388604,8388604,0,0,80,0,11477196,410832,25468,978808,1554796,978808,575988,15216,65880,0,0,0,0,41230184,14853780,34359738367,87068,0,80080,0,0,0,0,0,0,0,0,0,0,0,2048,0,1493776,27707392,38797312
1774390015.001198,1198,ubuntu-rog,1,0,0,65683160,33918424,51897868,565088,17191960,0,13493484,15739860,11502048,0,1991436,15739860,0,0,8388604,8388604,0,0,80,0,11477196,410832,25468,978808,1554796,978808,575988,15216,65880,0,0,0,0,41230184,14853780,34359738367,87068,0,80080,0,0,0,0,0,0,0,0,0,0,0,2048,0,1493776,27707392,38797312
1774390016.002295,2295,ubuntu-rog,1,0,0,65683160,33918424,51897868,565088,17191964,0,13493484,15739860,11502048,0,1991436,15739860,0,0,8388604,8388604,0,0,84,0,11477196,410832,25468,978808,1554796,978808,575988,15216,65880,0,0,0,0,41230184,14853780,34359738367,87068,0,80080,0,0,0,0,0,0,0,0,0,0,0,2048,0,1493776,27707392,38797312
1774390017.001063,1063,ubuntu-rog,1,0,0,65683160,33918424,51897868,565088,17191964,0,13493484,15739860,11502048,0,1991436,15739860,0,0,8388604,8388604,0,0,48,0,11477196,410832,25468,978808,1554796,978808,575988,15216,65880,0,0,0,0,41230184,14853780,34359738367,87068,0,80080,0,0,0,0,0,0,0,0,0,0,0,2048,0,1493776,27707392,38797312
1774390018.001375,1375,ubuntu-rog,1,0,0,65683160,33918424,51897868,565088,17191964,0,13493484,15739860,11502048,0,1991436,15739860,0,0,8388604,8388604,0,0,48,0,11477196,410832,25468,978808,1554796,978808,575988,15216,65880,0,0,0,0,41230184,14853780,34359738367,87068,0,80080,0,0,0,0,0,0,0,0,0,0,0,2048,0,1493776,27707392,38797312
1774390019.002313,2313,ubuntu-rog,1,0,0,65683160,33918424,51897868,565096,17191968,0,13493484,15739860,11502048,0,1991436,15739860,0,0,8388604,8388604,0,0,56,0,11477196,410832,25468,978808,1554796,978808,575988,15216,65880,0,0,0,0,41230184,14853780,34359738367,87068,0,80080,0,0,0,0,0,0,0,0,0,0,0,2048,0,1493776,27707392,38797312
1774390020.001205,1205,ubuntu-rog,1,0,0,65683160,33918424,51897868,565096,17191976,0,13493484,15739860,11502048,0,1991436,15739860,0,0,8388604,8388604,0,0,64,0,11477196,410832,25468,978808,1554796,978808,575988,15216,65880,0,0,0,0,41230184,14853780,34359738367,87068,0,80080,0,0,0,0,0,0,0,0,0,0,0,2048,0,1493776,27707392,38797312
1774390021.001295,1295,ubuntu-rog,1,0,0,65683160,33918424,51897868,565096,17191976,0,13493484,15739860,11502048,0,1991436,15739860,0,0,8388604,8388604,0,0,64,0,11477196,410832,25468,978808,1554796,978808,575988,15216,65880,0,0,0,0,41230184,14853780,34359738367,87068,0,80080,0,0,0,0,0,0,0,0,0,0,0,2048,0,1493776,27707392,38797312
1774390022.001063,1063,ubuntu-rog,1,0,0,65683160,33918424,51897868,565096,17191976,0,13493484,15739860,11502048,0,1991436,15739860,0,0,8388604,8388604,0,0,64,0,11477196,410832,25468,978808,1554796,978808,575988,15216,65880,0,0,0,0,41230184,14853780,34359738367,87068,0,80080,0,0,0,0,0,0,0,0,0,0,0,2048,0,1493776,27707392,38797312
1774390023.002063,2063,ubuntu-rog,1,0,0,65683160,33918424,51897868,565096,17191980,0,13493484,15739860,11502048,0,1991436,15739860,0,0,8388604,8388604,0,0,68,0,11477196,410832,25468,978808,1554796,978808,575988,15216,65880,0,0,0,0,41230184,14853780,34359738367,87068,0,80080,0,0,0,0,0,0,0,0,0,0,0,2048,0,1493776,27707392,38797312
1774390024.001299,1299,ubuntu-rog,1,0,0,65683160,33918424,51897868,565100,17191980,0,13493484,15739860,11502048,0,1991436,15739860,0,0,8388604,8388604,0,0,72,0,11477196,410832,25468,978808,1554796,978808,575988,15216,65880,0,0,0,0,41230184,14853780,34359738367,87068,0,80080,0,0,0,0,0,0,0,0,0,0,0,2048,0,1493776,27707392,38797312
1774390025.001107,1107,ubuntu-rog,1,0,0,65683160,33918424,51897868,565100,17191980,0,13493484,15739860,11502048,0,1991436,15739860,0,0,8388604,8388604,0,0,72,0,11477196,410832,25468,978808,1554796,978808,575988,15216,65880,0,0,0,0,41230184,14853780,34359738367,87068,0,80080,0,0,0,0,0,0,0,0,0,0,0,2048,0,1493776,27707392,38797312
1774390026.005298,5298,ubuntu-rog,1,0,0,65683160,33918424,51897868,565100,17191984,0,13493484,15739860,11502048,0,1991436,15739860,0,0,8388604,8388604,0,0,76,0,11477196,410832,25468,978808,1554784,978808,575976,15216,65880,0,0,0,0,41230184,14853780,34359738367,87068,0,80080,0,0,0,0,0,0,0,0,0,0,0,2048,0,1493776,27707392,38797312
1774390027.001064,1064,ubuntu-rog,1,0,0,65683160,33918424,51897868,565100,17191988,0,13493484,15739860,11502048,0,1991436,15739860,0,0,8388604,8388604,0,0,80,0,11477196,410832,25468,978808,1554784,978808,575976,15216,65880,0,0,0,0,41230184,14853780,34359738367,87068,0,80080,0,0,0,0,0,0,0,0,0,0,0,2048,0,1493776,27707392,38797312
1774390028.001067,1067,ubuntu-rog,1,0,0,65683160,33918424,51897868,565100,17191988,0,13493484,15739860,11502048,0,1991436,15739860,0,0,8388604,8388604,0,0,80,0,11477196,410832,25468,978808,1554784,978808,575976,15216,65880,0,0,0,0,41230184,14853780,34359738367,87068,0,80080,0,0,0,0,0,0,0,0,0,0,0,2048,0,1493776,27707392,38797312
1774390029.001302,1302,ubuntu-rog,1,0,0,65683160,33918424,51897868,565100,17191988,0,13493484,15739860,11502048,0,1991436,15739860,0,0,8388604,8388604,0,0,80,0,11477196,410832,25468,978808,1554784,978808,575976,15216,65880,0,0,0,0,41230184,14853780,34359738367,87068,0,80080,0,0,0,0,0,0,0,0,0,0,0,2048,0,1493776,27707392,38797312
1774390030.001200,1200,ubuntu-rog,1,0,0,65683160,33918424,51897872,565116,17191992,0,13493484,15739864,11502048,0,1991436,15739864,0,0,8388604,8388604,0,0,56,0,11477196,410832,25468,978808,1554784,978808,575976,15216,65880,0,0,0,0,41230184,14853780,34359738367,87068,0,80080,0,0,0,0,0,0,0,0,0,0,0,2048,0,1493776,27707392,38797312
1774390031.001300,1300,ubuntu-rog,1,0,0,65683160,33918424,51897872,565116,17191992,0,13493316,15739864,11501880,0,1991436,15739864,0,0,8388604,8388604,0,0,56,0,11477028,410832,25468,978808,1554784,978808,575976,15216,65880,0,0,0,0,41230184,14853612,34359738367,87068,0,80080,0,0,0,0,0,0,0,0,0,0,0,2048,0,1493776,27707392,38797312
1774390032.001062,1062,ubuntu-rog,1,0,0,65683160,33918424,51897872,565116,17191992,0,13493316,15739864,11501880,0,1991436,15739864,0,0,8388604,8388604,0,0,56,0,11477028,410832,25468,978808,1554784,978808,575976,15216,65880,0,0,0,0,41230184,14853612,34359738367,87068,0,80080,0,0,0,0,0,0,0,0,0,0,0,2048,0,1493776,27707392,38797312
1774390033.001070,1070,ubuntu-rog,1,0,0,65683160,33381564,51361436,565116,17192004,0,13986332,15740288,11994896,0,1991436,15740288,0,0,8388604,8388604,0,0,72,0,11970516,410832,25468,978808,1554784,978808,575976,15216,66748,0,0,0,0,41230184,15347784,34359738367,87068,0,80080,0,0,0,0,0,0,0,0,0,0,0,2048,0,1493776,27707392,38797312
1774390034.004247,4247,ubuntu-rog,1,0,0,65683160,33743780,51723652,565116,17192004,0,13574764,15740288,11583328,0,1991436,15740288,0,0,8388604,8388604,0,0,72,0,11557740,410832,25468,978808,1554784,978808,575976,15216,67200,0,0,0,0,41230184,15003180,34359738367,87068,0,80080,0,0,0,0,0,0,0,0,0,0,0,2048,0,1493776,27707392,38797312
1774390035.001445,1445,ubuntu-rog,1,0,0,65683160,33742200,51722076,565120,17192004,0,13650348,15740292,11658912,0,1991436,15740292,0,0,8388604,8388604,0,0,72,0,11634700,410832,25468,978808,1554784,978808,575976,15216,66176,0,0,0,0,41230184,15011596,34359738367,87068,0,80080,0,0,0,0,0,0,0,0,0,0,0,2048,0,1493776,27707392,38797312
1774390036.004313,4313,ubuntu-rog,1,0,0,65683160,33885476,51865352,565120,17192004,0,13508304,15740292,11516868,0,1991436,15740292,0,0,8388604,8388604,0,0,72,0,11492656,410832,25468,978808,1554784,978808,575976,15216,65908,0,0,0,0,41230184,14869240,34359738367,87068,0,80080,0,0,0,0,0,0,0,0,0,0,0,2048,0,1493776,27707392,38797312
1774390037.001063,1063,ubuntu-rog,1,0,0,65683160,33887092,51866968,565120,17192008,0,13508304,15740292,11516868,0,1991436,15740292,0,0,8388604,8388604,0,0,76,0,11492656,410832,25468,978808,1554784,978808,575976,15216,65908,0,0,0,0,41230184,14869240,34359738367,87068,0,80080,0,0,0,0,0,0,0,0,0,0,0,2048,0,1493776,27707392,38797312
1774390038.001066,1066,ubuntu-rog,1,0,0,65683160,33889716,51869592,565120,17192008,0,13508304,15740292,11516868,0,1991436,15740292,0,0,8388604,8388604,0,0,76,0,11492656,410832,25468,978808,1554784,978808,575976,15216,65908,0,0,0,0,41230184,14869240,34359738367,87068,0,80080,0,0,0,0,0,0,0,0,0,0,0,2048,0,1493776,27707392,38797312
1774390039.001298,1298,ubuntu-rog,1,0,0,65683160,33892056,51871940,565120,17192012,0,13508420,15740300,11516984,0,1991436,15740300,0,0,8388604,8388604,0,0,80,0,11492656,410832,25468,978808,1554784,978808,575976,15216,65908,0,0,0,0,41230184,14869240,34359738367,87068,0,80080,0,0,0,0,0,0,0,0,0,0,0,2048,0,1493776,27707392,38797312
1774390040.001202,1202,ubuntu-rog,1,0,0,65683160,33894460,51874348,565124,17192016,0,13508440,15740300,11517004,0,1991436,15740300,0,0,8388604,8388604,0,0,60,0,11492656,410832,25468,978812,1554788,978812,575976,15216,65908,0,0,0,0,41230184,14869240,34359738367,87068,0,80080,0,0,0,0,0,0,0,0,0,0,0,2048,0,1493776,27707392,38797312
1774390041.001299,1299,ubuntu-rog,1,0,0,65683160,33896160,51876048,565124,17192016,0,13508440,15740300,11517004,0,1991436,15740300,0,0,8388604,8388604,0,0,60,0,11492656,410832,25468,978812,1554788,978812,575976,15216,65908,0,0,0,0,41230184,14869240,34359738367,87068,0,80080,0,0,0,0,0,0,0,0,0,0,0,2048,0,1493776,27707392,38797312
1774390042.001063,1063,ubuntu-rog,1,0,0,65683160,33897596,51877484,565124,17192016,0,13508440,15740300,11517004,0,1991436,15740300,0,0,8388604,8388604,0,0,60,0,11492656,410832,25468,978812,1554788,978812,575976,15216,65908,0,0,0,0,41230184,14869240,34359738367,87068,0,80080,0,0,0,0,0,0,0,0,0,0,0,2048,0,1493776,27707392,38797312
1774390043.002061,2061,ubuntu-rog,1,0,0,65683160,33899204,51879092,565124,17192016,0,13508440,15740300,11517004,0,1991436,15740300,0,0,8388604,8388604,0,0,60,0,11492656,410832,25468,978812,1554788,978812,575976,15216,65908,0,0,0,0,41230184,14869240,34359738367,87036,0,80080,0,0,0,0,0,0,0,0,0,0,0,2048,0,1493776,27707392,38797312
1774390044.001303,1303,ubuntu-rog,1,0,0,65683160,33900612,51880500,565124,17192020,0,13508440,15740300,11517004,0,1991436,15740300,0,0,8388604,8388604,0,0,64,0,11492656,410832,25468,978812,1554788,978812,575976,15216,65908,0,0,0,0,41230184,14869240,34359738367,87036,0,80080,0,0,0,0,0,0,0,0,0,0,0,2048,0,1493776,27707392,38797312
1774390045.001197,1197,ubuntu-rog,1,0,0,65683160,33901440,51881328,565124,17192028,0,13508440,15740300,11517004,0,1991436,15740300,0,0,8388604,8388604,0,0,76,0,11492656,410832,25468,978812,1554788,978812,575976,15216,65908,0,0,0,0,41230184,14869240,34359738367,87036,0,80080,0,0,0,0,0,0,0,0,0,0,0,2048,0,1493776,27707392,38797312
1774390046.001302,1302,ubuntu-rog,1,0,0,65683160,33902520,51882408,565132,17192028,0,13508440,15740300,11517004,0,1991436,15740300,0,0,8388604,8388604,0,0,76,0,11492656,410832,25468,978812,1554788,978812,575976,15216,65908,0,0,0,0,41230184,14869240,34359738367,87036,0,80080,0,0,0,0,0,0,0,0,0,0,0,2048,0,1493776,27707392,38797312
1774390047.002056,2056,ubuntu-rog,1,0,0,65683160,33902656,51882544,565132,17192032,0,13508440,15740300,11517004,0,1991436,15740300,0,0,8388604,8388604,0,0,80,0,11492656,410832,25468,978812,1554788,978812,575976,15216,65908,0,0,0,0,41230184,14869240,34359738367,87036,0,80080,0,0,0,0,0,0,0,0,0,0,0,2048,0,1493776,27707392,38797312
1774390048.001064,1064,ubuntu-rog,1,0,0,65683160,33902780,51882668,565132,17192032,0,13508440,15740300,11517004,0,1991436,15740300,0,0,8388604,8388604,0,0,80,0,11492656,410832,25468,978812,1554788,978812,575976,15216,65908,0,0,0,0,41230184,14869240,34359738367,87036,0,80080,0,0,0,0,0,0,0,0,0,0,0,2048,0,1493776,27707392,38797312
1774390049.001301,1301,ubuntu-rog,1,0,0,65683160,33902780,51882668,565132,17192032,0,13508440,15740300,11517004,0,1991436,15740300,0,0,8388604,8388604,0,0,80,0,11492656,410832,25468,978812,1554788,978812,575976,15216,65908,0,0,0,0,41230184,14869240,34359738367,87036,0,80080,0,0,0,0,0,0,0,0,0,0,0,2048,0,1493776,27707392,38797312
1774390050.001199,1199,ubuntu-rog,1,0,0,65683160,33902780,51882680,565132,17192032,0,13508440,15740312,11517004,0,1991436,15740312,0,0,8388604,8388604,0,0,48,0,11492656,410832,25468,978812,1554788,978812,575976,15216,65908,0,0,0,0,41230184,14869240,34359738367,87036,0,80080,0,0,0,0,0,0,0,0,0,0,0,2048,0,1493776,27707392,38797312
1774390051.002298,2298,ubuntu-rog,1,0,0,65683160,33902780,51882680,565140,17192036,0,13508440,15740312,11517004,0,1991436,15740312,0,0,8388604,8388604,0,0,56,0,11492656,410832,25468,978812,1554788,978812,575976,15216,65908,0,0,0,0,41230184,14869240,34359738367,87036,0,80080,0,0,0,0,0,0,0,0,0,0,0,2048,0,1493776,27707392,38797312
1774390052.001061,1061,ubuntu-rog,1,0,0,65683160,33903184,51883084,565140,17192040,0,13508440,15740312,11517004,0,1991436,15740312,0,0,8388604,8388604,0,0,60,0,11492656,410832,25468,978812,1554788,978812,575976,15216,65908,0,0,0,0,41230184,14869240,34359738367,87036,0,80080,0,0,0,0,0,0,0,0,0,0,0,2048,0,1493776,27707392,38797312
1774390053.001063,1063,ubuntu-rog,1,0,0,65683160,33904176,51884076,565140,17192040,0,13508440,15740312,11517004,0,1991436,15740312,0,0,8388604,8388604,0,0,60,0,11492656,410832,25468,978812,1554788,978812,575976,15216,65908,0,0,0,0,41230184,14869240,34359738367,87036,0,80080,0,0,0,0,0,0,0,0,0,0,0,2048,0,1493776,27707392,38797312
1774390054.001302,1302,ubuntu-rog,1,0,0,65683160,33904772,51884672,565140,17192044,0,13508440,15740312,11517004,0,1991436,15740312,0,0,8388604,8388604,0,0,64,0,11492656,410832,25468,978812,1554788,978812,575976,15216,65908,0,0,0,0,41230184,14869240,34359738367,87036,0,80080,0,0,0,0,0,0,0,0,0,0,0,2048,0,1493776,27707392,38797312
1774390055.002197,2197,ubuntu-rog,1,0,0,65683160,33904876,51884776,565140,17192044,0,13508440,15740312,11517004,0,1991436,15740312,0,0,8388604,8388604,0,0,64,0,11492672,410832,25468,978812,1554788,978812,575976,15216,65908,0,0,0,0,41230184,14869240,34359738367,87036,0,80080,0,0,0,0,0,0,0,0,0,0,0,2048,0,1493776,27707392,38797312
1774390056.001303,1303,ubuntu-rog,1,0,0,65683160,33904876,51884776,565144,17192044,0,13508440,15740312,11517004,0,1991436,15740312,0,0,8388604,8388604,0,0,64,0,11492672,410832,25468,978812,1554788,978812,575976,15216,65908,0,0,0,0,41230184,14869240,34359738367,87036,0,80080,0,0,0,0,0,0,0,0,0,0,0,2048,0,1493776,27707392,38797312
1774390057.001059,1059,ubuntu-rog,1,0,0,65683160,33904876,51884776,565144,17192048,0,13508440,15740312,11517004,0,1991436,15740312,0,0,8388604,8388604,0,0,68,0,11492672,410832,25468,978812,1554788,978812,575976,15216,65908,0,0,0,0,41230184,14869240,34359738367,87036,0,80080,0,0,0,0,0,0,0,0,0,0,0,2048,0,1493776,27707392,38797312
1774390058.001063,1063,ubuntu-rog,1,0,0,65683160,33904876,51884776,565144,17192056,0,13508440,15740312,11517004,0,1991436,15740312,0,0,8388604,8388604,0,0,76,0,11492672,410832,25468,978812,1554788,978812,575976,15216,65908,0,0,0,0,41230184,14869240,34359738367,87036,0,80080,0,0,0,0,0,0,0,0,0,0,0,2048,0,1493776,27707392,38797312
1774390059.002299,2299,ubuntu-rog,1,0,0,65683160,33904876,51884776,565144,17192056,0,13508440,15740312,11517004,0,1991436,15740312,0,0,8388604,8388604,0,0,76,0,11492672,410832,25468,978812,1554788,978812,575976,15216,65908,0,0,0,0,41230184,14869240,34359738367,87036,0,80080,0,0,0,0,0,0,0,0,0,0,0,2048,0,1493776,27707392,38797312
1774390060.001197,1197,ubuntu-rog,1,0,0,65683160,33904876,51884776,565144,17192056,0,13508440,15740312,11517004,0,1991436,15740312,0,0,8388604,8388604,0,0,76,0,11492672,410832,25468,978812,1554788,978812,575976,15216,65908,0,0,0,0,41230184,14869240,34359738367,87036,0,80080,0,0,0,0,0,0,0,0,0,0,0,2048,0,1493776,27707392,38797312
1774390061.001300,1300,ubuntu-rog,1,0,0,65683160,33904876,51884788,565148,17192060,0,13508456,15740324,11517020,0,1991436,15740324,0,0,8388604,8388604,0,0,64,0,11492672,410832,25468,978812,1554788,978812,575976,15216,65908,0,0,0,0,41230184,14869240,34359738367,87036,0,80080,0,0,0,0,0,0,0,0,0,0,0,2048,0,1493776,27707392,38797312
1774390062.001059,1059,ubuntu-rog,1,0,0,65683160,33904876,51884788,565148,17192060,0,13508456,15740324,11517020,0,1991436,15740324,0,0,8388604,8388604,0,0,64,0,11492672,410832,25468,978812,1554788,978812,575976,15216,65908,0,0,0,0,41230184,14869240,34359738367,87036,0,80080,0,0,0,0,0,0,0,0,0,0,0,2048,0,1493776,27707392,38797312
1774390063.002059,2059,ubuntu-rog,1,0,0,65683160,33904876,51884788,565148,17192060,0,13508456,15740324,11517020,0,1991436,15740324,0,0,8388604,8388604,0,0,64,0,11492672,410832,25468,978812,1554788,978812,575976,15216,65908,0,0,0,0,41230184,14869240,34359738367,87036,0,80080,0,0,0,0,0,0,0,0,0,0,0,2048,0,1493776,27707392,38797312
1774390064.001298,1298,ubuntu-rog,1,0,0,65683160,33904876,51884788,565148,17192064,0,13508456,15740324,11517020,0,1991436,15740324,0,0,8388604,8388604,0,0,68,0,11492672,410832,25468,978812,1554788,978812,575976,15216,65908,0,0,0,0,41230184,14869240,34359738367,87036,0,80080,0,0,0,0,0,0,0,0,0,0,0,2048,0,1493776,27707392,38797312
1774390065.004194,4194,ubuntu-rog,1,0,0,65683160,33904876,51884788,565148,17192068,0,13508456,15740324,11517020,0,1991436,15740324,0,0,8388604,8388604,0,0,72,0,11492672,410832,25468,978812,1554788,978812,575976,15216,65908,0,0,0,0,41230184,14869240,34359738367,87036,0,80080,0,0,0,0,0,0,0,0,0,0,0,2048,0,1493776,27707392,38797312
1774390066.001307,1307,ubuntu-rog,1,0,0,65683160,33904876,51884792,565156,17192068,0,13508456,15740328,11517020,0,1991436,15740328,0,0,8388604,8388604,0,0,64,0,11492672,410832,25468,978812,1554788,978812,575976,15216,65908,0,0,0,0,41230184,14869240,34359738367,87036,0,80080,0,0,0,0,0,0,0,0,0,0,0,2048,0,1493776,27707392,38797312
1774390067.001061,1061,ubuntu-rog,1,0,0,65683160,33904876,51884792,565156,17192068,0,13508456,15740328,11517020,0,1991436,15740328,0,0,8388604,8388604,0,0,64,0,11492672,410832,25468,978812,1554788,978812,575976,15216,65908,0,0,0,0,41230184,14869240,34359738367,87036,0,80080,0,0,0,0,0,0,0,0,0,0,0,2048,0,1493776,27707392,38797312
1774390068.001063,1063,ubuntu-rog,1,0,0,65683160,33904876,51884792,565156,17192072,0,13508456,15740328,11517020,0,1991436,15740328,0,0,8388604,8388604,0,0,68,0,11492672,410832,25468,978812,1554788,978812,575976,15216,65908,0,0,0,0,41230184,14869240,34359738367,87036,0,80080,0,0,0,0,0,0,0,0,0,0,0,2048,0,1493776,27707392,38797312
1774390069.001298,1298,ubuntu-rog,1,0,0,65683160,33904876,51884792,565156,17192072,0,13508456,15740328,11517020,0,1991436,15740328,0,0,8388604,8388604,0,0,68,0,11492672,410832,25468,978812,1554788,978812,575976,15216,65908,0,0,0,0,41230184,14869240,34359738367,87036,0,80080,0,0,0,0,0,0,0,0,0,0,0,2048,0,1493776,27707392,38797312
1774390070.001202,1202,ubuntu-rog,1,0,0,65683160,33904876,51884792,565156,17192076,0,13508456,15740328,11517020,0,1991436,15740328,0,0,8388604,8388604,0,0,76,0,11492672,410832,25468,978812,1554788,978812,575976,15216,65908,0,0,0,0,41230184,14869240,34359738367,87036,0,80080,0,0,0,0,0,0,0,0,0,0,0,2048,0,1493776,27707392,38797312
1774390071.001301,1301,ubuntu-rog,1,0,0,65683160,33904876,51884792,565160,17192084,0,13508456,15740328,11517020,0,1991436,15740328,0,0,8388604,8388604,0,0,84,0,11492672,410832,25468,978812,1554788,978812,575976,15216,65908,0,0,0,0,41230184,14869240,34359738367,87036,0,80080,0,0,0,0,0,0,0,0,0,0,0,2048,0,1493776,27707392,38797312
1774390072.001061,1061,ubuntu-rog,1,0,0,65683160,33904876,51884792,565160,17192084,0,13508456,15740328,11517020,0,1991436,15740328,0,0,8388604,8388604,0,0,84,0,11492672,410832,25468,978812,1554788,978812,575976,15216,65908,0,0,0,0,41230184,14869240,34359738367,87036,0,80080,0,0,0,0,0,0,0,0,0,0,0,2048,0,1493776,27707392,38797312
1774390073.002060,2060,ubuntu-rog,1,0,0,65683160,33904876,51884792,565160,17192084,0,13508456,15740328,11517020,0,1991436,15740328,0,0,8388604,8388604,0,0,84,0,11492672,410832,25468,978812,1554788,978812,575976,15216,65908,0,0,0,0,41230184,14869240,34359738367,87036,0,80080,0,0,0,0,0,0,0,0,0,0,0,2048,0,1493776,27707392,38797312
1774390074.001300,1300,ubuntu-rog,1,0,0,65683160,33904876,51884792,565160,17192084,0,13508456,15740328,11517020,0,1991436,15740328,0,0,8388604,8388604,0,0,84,0,11492672,410832,25468,978812,1554788,978812,575976,15216,65908,0,0,0,0,41230184,14869240,34359738367,87036,0,80080,0,0,0,0,0,0,0,0,0,0,0,2048,0,1493776,27707392,38797312
1774390075.001196,1196,ubuntu-rog,1,0,0,65683160,33904876,51884792,565160,17192088,0,13508456,15740328,11517020,0,1991436,15740328,0,0,8388604,8388604,0,0,88,0,11492672,410832,25468,978812,1554788,978812,575976,15216,65908,0,0,0,0,41230184,14869240,34359738367,87036,0,80080,0,0,0,0,0,0,0,0,0,0,0,2048,0,1493776,27707392,38797312
1774390076.001311,1311,ubuntu-rog,1,0,0,65683160,33904876,51884804,565164,17192088,0,13508456,15740340,11517020,0,1991436,15740340,0,0,8388604,8388604,0,0,68,0,11492672,410832,25468,978812,1554788,978812,575976,15216,65908,0,0,0,0,41230184,14869240,34359738367,87036,0,80080,0,0,0,0,0,0,0,0,0,0,0,2048,0,1493776,27707392,38797312
1774390077.002058,2058,ubuntu-rog,1,0,0,65683160,33904876,51884804,565164,17192092,0,13508456,15740340,11517020,0,1991436,15740340,0,0,8388604,8388604,0,0,76,0,11492672,410832,25468,978812,1554788,978812,575976,15216,65908,0,0,0,0,41230184,14869240,34359738367,87036,0,80080,0,0,0,0,0,0,0,0,0,0,0,2048,0,1493776,27707392,38797312
1774390078.001061,1061,ubuntu-rog,1,0,0,65683160,33904876,51884804,565164,17192096,0,13508456,15740340,11517020,0,1991436,15740340,0,0,8388604,8388604,0,0,80,0,11492672,410832,25468,978812,1554788,978812,575976,15216,65908,0,0,0,0,41230184,14869240,34359738367,87036,0,80080,0,0,0,0,0,0,0,0,0,0,0,2048,0,1493776,27707392,38797312
1774390079.001299,1299,ubuntu-rog,1,0,0,65683160,33904876,51884804,565164,17192096,0,13508456,15740340,11517020,0,1991436,15740340,0,0,8388604,8388604,0,0,80,0,11492672,410832,25468,978812,1554788,978812,575976,15216,65908,0,0,0,0,41230184,14869240,34359738367,87036,0,80080,0,0,0,0,0,0,0,0,0,0,0,2048,0,1493776,27707392,38797312
1774390080.001197,1197,ubuntu-rog,1,0,0,65683160,33904876,51884804,565164,17192096,0,13508456,15740340,11517020,0,1991436,15740340,0,0,8388604,8388604,0,0,80,0,11492672,410832,25468,978812,1554788,978812,575976,15216,65908,0,0,0,0,41230184,14869240,34359738367,87036,0,80080,0,0,0,0,0,0,0,0,0,0,0,2048,0,1493776,27707392,38797312
1774390081.002298,2298,ubuntu-rog,1,0,0,65683160,33904876,51884804,565172,17192096,0,13508456,15740340,11517020,0,1991436,15740340,0,0,8388604,8388604,0,0,80,0,11492672,410832,25468,978812,1554788,978812,575976,15216,65908,0,0,0,0,41230184,14869240,34359738367,87036,0,80080,0,0,0,0,0,0,0,0,0,0,0,2048,0,1493776,27707392,38797312
1774390082.001064,1064,ubuntu-rog,1,0,0,65683160,33904876,51884816,565172,17192104,0,13508456,15740352,11517020,0,1991436,15740352,0,0,8388604,8388604,0,0,52,0,11492672,410832,25468,978812,1554788,978812,575976,15216,65908,0,0,0,0,41230184,14869240,34359738367,87036,0,80080,0,0,0,0,0,0,0,0,0,0,0,2048,0,1493776,27707392,38797312
1774390083.001065,1065,ubuntu-rog,1,0,0,65683160,33904876,51884820,565172,17192108,0,13508456,15740352,11517020,0,1991436,15740352,0,0,8388604,8388604,0,0,56,0,11492672,410832,25468,978816,1554792,978816,575976,15216,65908,0,0,0,0,41230184,14869240,34359738367,87036,0,80080,0,0,0,0,0,0,0,0,0,0,0,2048,0,1493776,27707392,38797312
1774390084.001317,1317,ubuntu-rog,1,0,0,65683160,33904876,51884820,565172,17192108,0,13508456,15740352,11517020,0,1991436,15740352,0,0,8388604,8388604,0,0,56,0,11492672,410832,25468,978816,1554792,978816,575976,15216,65908,0,0,0,0,41230184,14869240,34359738367,87036,0,80080,0,0,0,0,0,0,0,0,0,0,0,2048,0,1493776,27707392,38797312
1774390085.002193,2193,ubuntu-rog,1,0,0,65683160,33904876,51884820,565172,17192112,0,13508456,15740352,11517020,0,1991436,15740352,0,0,8388604,8388604,0,0,60,0,11492672,410832,25468,978816,1554792,978816,575976,15216,65908,0,0,0,0,41230184,14869240,34359738367,87036,0,80080,0,0,0,0,0,0,0,0,0,0,0,2048,0,1493776,27707392,38797312
1774390086.001300,1300,ubuntu-rog,1,0,0,65683160,33904876,51884820,565176,17192112,0,13508456,15740352,11517020,0,1991436,15740352,0,0,8388604,8388604,0,0,68,0,11492672,410832,25468,978816,1554792,978816,575976,15216,65908,0,0,0,0,41230184,14869240,34359738367,87036,0,80080,0,0,0,0,0,0,0,0,0,0,0,2048,0,1493776,27707392,38797312
1774390087.001063,1063,ubuntu-rog,1,0,0,65683160,33904876,51884820,565176,17192112,0,13508456,15740352,11517020,0,1991436,15740352,0,0,8388604,8388604,0,0,68,0,11492672,410832,25468,978816,1554792,978816,575976,15216,65908,0,0,0,0,41230184,14869240,34359738367,87036,0,80080,0,0,0,0,0,0,0,0,0,0,0,2048,0,1493776,27707392,38797312
1774390088.001377,1377,ubuntu-rog,1,0,0,65683160,33904876,51884820,565176,17192112,0,13508456,15740352,11517020,0,1991436,15740352,0,0,8388604,8388604,0,0,68,0,11492672,410832,25468,978816,1554792,978816,575976,15216,65908,0,0,0,0,41230184,14869240,34359738367,87036,0,80080,0,0,0,0,0,0,0,0,0,0,0,2048,0,1493776,27707392,38797312
1774390089.002296,2296,ubuntu-rog,1,0,0,65683160,33904876,51884820,565176,17192116,0,13508456,15740352,11517020,0,1991436,15740352,0,0,8388604,8388604,0,0,72,0,11492672,410832,25468,978816,1554792,978816,575976,15216,65908,0,0,0,0,41230184,14869240,34359738367,87036,0,80080,0,0,0,0,0,0,0,0,0,0,0,2048,0,1493776,27707392,38797312
1774390090.001197,1197,ubuntu-rog,1,0,0,65683160,33904876,51884820,565176,17192120,0,13508456,15740352,11517020,0,1991436,15740352,0,0,8388604,8388604,0,0,76,0,11492672,410832,25468,978816,1554792,978816,575976,15216,65908,0,0,0,0,41230184,14869240,34359738367,87036,0,80080,0,0,0,0,0,0,0,0,0,0,0,2048,0,1493776,27707392,38797312
1774390091.001302,1302,ubuntu-rog,1,0,0,65683160,33904876,51884820,565176,17192120,0,13508456,15740352,11517020,0,1991436,15740352,0,0,8388604,8388604,0,0,36,0,11492672,410832,25468,978816,1554792,978816,575976,15216,65908,0,0,0,0,41230184,14869240,34359738367,87036,0,80080,0,0,0,0,0,0,0,0,0,0,0,2048,0,1493776,27707392,38797312
1774390092.001061,1061,ubuntu-rog,1,0,0,65683160,33904876,51884820,565184,17192124,0,13508456,15740352,11517020,0,1991436,15740352,0,0,8388604,8388604,0,0,56,0,11492672,410832,25468,978816,1554792,978816,575976,15216,65908,0,0,0,0,41230184,14869240,34359738367,87036,0,80080,0,0,0,0,0,0,0,0,0,0,0,2048,0,1493776,27707392,38797312
1774390093.002058,2058,ubuntu-rog,1,0,0,65683160,33904876,51884820,565184,17192124,0,13508456,15740352,11517020,0,1991436,15740352,0,0,8388604,8388604,0,0,56,0,11492672,410832,25468,978816,1554792,978816,575976,15216,65908,0,0,0,0,41230184,14869240,34359738367,87036,0,80080,0,0,0,0,0,0,0,0,0,0,0,2048,0,1493776,27707392,38797312
1774390094.001297,1297,ubuntu-rog,1,0,0,65683160,33904876,51884820,565184,17192124,0,13508456,15740352,11517020,0,1991436,15740352,0,0,8388604,8388604,0,0,56,0,11492672,410832,25468,978816,1554792,978816,575976,15216,65908,0,0,0,0,41230184,14869240,34359738367,87036,0,80080,0,0,0,0,0,0,0,0,0,0,0,2048,0,1493776,27707392,38797312
1774390095.001182,1182,ubuntu-rog,1,0,0,65683160,33910864,51890808,565184,17192128,0,13508456,15740352,11517020,0,1991436,15740352,0,0,8388604,8388604,0,0,60,0,11492672,410832,25468,978816,1554792,978816,575976,15216,65908,0,0,0,0,41230184,14869240,34359738367,87036,0,80080,0,0,0,0,0,0,0,0,0,0,0,2048,0,1493776,27707392,38797312
1774390096.001299,1299,ubuntu-rog,1,0,0,65683160,33910864,51890808,565184,17192136,0,13508456,15740352,11517020,0,1991436,15740352,0,0,8388604,8388604,0,0,68,0,11492672,410832,25468,978816,1554792,978816,575976,15216,65908,0,0,0,0,41230184,14869240,34359738367,87036,0,80080,0,0,0,0,0,0,0,0,0,0,0,2048,0,1493776,27707392,38797312
1774390097.002060,2060,ubuntu-rog,1,0,0,65683160,33910864,51890808,565192,17192136,0,13508456,15740352,11517020,0,1991436,15740352,0,0,8388604,8388604,0,0,68,0,11492672,410832,25468,978816,1554792,978816,575976,15216,65908,0,0,0,0,41230184,14869240,34359738367,87036,0,80080,0,0,0,0,0,0,0,0,0,0,0,2048,0,1493776,27707392,38797312
1774390098.001064,1064,ubuntu-rog,1,0,0,65683160,33910864,51890808,565192,17192136,0,13508456,15740352,11517020,0,1991436,15740352,0,0,8388604,8388604,0,0,68,0,11492672,410832,25468,978816,1554792,978816,575976,15216,65908,0,0,0,0,41230184,14869240,34359738367,87036,0,80080,0,0,0,0,0,0,0,0,0,0,0,2048,0,1493776,27707392,38797312
1774390099.001298,1298,ubuntu-rog,1,0,0,65683160,33910864,51890808,565192,17192140,0,13508456,15740352,11517020,0,1991436,15740352,0,0,8388604,8388604,0,0,72,0,11492672,410832,25468,978816,1554792,978816,575976,15216,65908,0,0,0,0,41230184,14869240,34359738367,87036,0,80080,0,0,0,0,0,0,0,0,0,0,0,2048,0,1493776,27707392,38797312
1774390100.001194,1194,ubuntu-rog,1,0,0,65683160,33910864,51890808,565192,17192140,0,13508456,15740352,11517020,0,1991436,15740352,0,0,8388604,8388604,0,0,72,0,11492672,410832,25468,978816,1554792,978816,575976,15216,65908,0,0,0,0,41230184,14869240,34359738367,87036,0,80080,0,0,0,0,0,0,0,0,0,0,0,2048,0,1493776,27707392,38797312
1774390101.001204,1204,ubuntu-rog,1,0,0,65683160,33910864,51890808,565192,17192140,0,13508456,15740352,11517020,0,1991436,15740352,0,0,8388604,8388604,0,0,72,0,11492672,410832,25468,978816,1554792,978816,575976,15216,65908,0,0,0,0,41230184,14869240,34359738367,87036,0,80080,0,0,0,0,0,0,0,0,0,0,0,2048,0,1493776,27707392,38797312
1774390102.006063,6063,ubuntu-rog,1,0,0,65683160,33910864,51890808,565192,17192144,0,13508524,15740352,11517088,0,1991436,15740352,0,0,8388604,8388604,0,0,60,0,11492672,410832,25468,978816,1554792,978816,575976,15216,65908,0,0,0,0,41230184,14869240,34359738367,87036,0,80080,0,0,0,0,0,0,0,0,0,0,0,2048,0,1493776,27707392,38797312
1774390103.001066,1066,ubuntu-rog,1,0,0,65683160,33910864,51890808,565196,17192148,0,13508524,15740352,11517088,0,1991436,15740352,0,0,8388604,8388604,0,0,68,0,11492672,410832,25468,978816,1554792,978816,575976,15216,65908,0,0,0,0,41230184,14869240,34359738367,87036,0,80080,0,0,0,0,0,0,0,0,0,0,0,2048,0,1493776,27707392,38797312
1774390104.001299,1299,ubuntu-rog,1,0,0,65683160,33910864,51890808,565196,17192148,0,13508524,15740352,11517088,0,1991436,15740352,0,0,8388604,8388604,0,0,68,0,11492672,410832,25468,978816,1554792,978816,575976,15216,65908,0,0,0,0,41230184,14869240,34359738367,87036,0,80080,0,0,0,0,0,0,0,0,0,0,0,2048,0,1493776,27707392,38797312
1774390105.001199,1199,ubuntu-rog,1,0,0,65683160,33910864,51890808,565196,17192148,0,13508772,15740352,11517336,0,1991436,15740352,0,0,8388604,8388604,0,0,68,0,11492828,410832,25468,978816,1554792,978816,575976,15216,65908,0,0,0,0,41230184,14869384,34359738367,87036,0,80080,0,0,0,0,0,0,0,0,0,0,0,2048,0,1493776,27707392,38797312
1774390106.001302,1302,ubuntu-rog,1,0,0,65683160,33910864,51890808,565196,17192152,0,13508772,15740352,11517336,0,1991436,15740352,0,0,8388604,8388604,0,0,72,0,11492828,410832,25468,978816,1554792,978816,575976,15216,65908,0,0,0,0,41230184,14869384,34359738367,87036,0,80080,0,0,0,0,0,0,0,0,0,0,0,2048,0,1493776,27707392,38797312
1774390107.001065,1065,ubuntu-rog,1,0,0,65683160,33910864,51890808,565196,17192156,0,13508772,15740352,11517336,0,1991436,15740352,0,0,8388604,8388604,0,0,80,0,11492828,410832,25468,978816,1554792,978816,575976,15216,65908,0,0,0,0,41230184,14869384,34359738367,87036,0,80080,0,0,0,0,0,0,0,0,0,0,0,2048,0,1493776,27707392,38797312
1774390108.001051,1051,ubuntu-rog,1,0,0,65683160,33910864,51890808,565200,17192160,0,13508772,15740352,11517336,0,1991436,15740352,0,0,8388604,8388604,0,0,84,0,11492828,410832,25468,978816,1554792,978816,575976,15216,65908,0,0,0,0,41230184,14869384,34359738367,87036,0,80080,0,0,0,0,0,0,0,0,0,0,0,2048,0,1493776,27707392,38797312
1774390109.002298,2298,ubuntu-rog,1,0,0,65683160,33910864,51890808,565200,17192160,0,13508772,15740352,11517336,0,1991436,15740352,0,0,8388604,8388604,0,0,84,0,11492828,410832,25468,978816,1554784,978816,575968,15216,65908,0,0,0,0,41230184,14869384,34359738367,87036,0,80080,0,0,0,0,0,0,0,0,0,0,0,2048,0,1493776,27707392,38797312
1774390110.001194,1194,ubuntu-rog,1,0,0,65683160,33910864,51890808,565200,17192164,0,13508772,15740352,11517336,0,1991436,15740352,0,0,8388604,8388604,0,0,88,0,11492828,410832,25468,978816,1554784,978816,575968,15216,65908,0,0,0,0,41230184,14869384,34359738367,87036,0,80080,0,0,0,0,0,0,0,0,0,0,0,2048,0,1493776,27707392,38797312
1774390111.001292,1292,ubuntu-rog,1,0,0,65683160,33910864,51890808,565200,17192164,0,13508772,15740352,11517336,0,1991436,15740352,0,0,8388604,8388604,0,0,88,0,11492828,410832,25468,978816,1554784,978816,575968,15216,65908,0,0,0,0,41230184,14869384,34359738367,87036,0,80080,0,0,0,0,0,0,0,0,0,0,0,2048,0,1493776,27707392,38797312
1774390112.001061,1061,ubuntu-rog,1,0,0,65683160,33910864,51890808,565200,17192164,0,13508772,15740352,11517336,0,1991436,15740352,0,0,8388604,8388604,0,0,60,0,11492828,410832,25468,978816,1554784,978816,575968,15216,65908,0,0,0,0,41230184,14869384,34359738367,87036,0,80080,0,0,0,0,0,0,0,0,0,0,0,2048,0,1493776,27707392,38797312
1774390113.002058,2058,ubuntu-rog,1,0,0,65683160,33910612,51890560,565200,17192168,0,13508772,15740352,11517336,0,1991436,15740352,0,0,8388604,8388604,0,0,64,0,11492828,410832,25468,978820,1554788,978820,575968,15216,65908,0,0,0,0,41230184,14869384,34359738367,87036,0,80080,0,0,0,0,0,0,0,0,0,0,0,2048,0,1493776,27707392,38797312
1774390114.001295,1295,ubuntu-rog,1,0,0,65683160,33910612,51890560,565208,17192168,0,13508772,15740352,11517336,0,1991436,15740352,0,0,8388604,8388604,0,0,68,0,11492828,410832,25468,978820,1554788,978820,575968,15216,65908,0,0,0,0,41230184,14869384,34359738367,87036,0,80080,0,0,0,0,0,0,0,0,0,0,0,2048,0,1493776,27707392,38797312
1774390115.001207,1207,ubuntu-rog,1,0,0,65683160,33910612,51890616,565208,17192172,0,13508796,15740408,11517360,0,1991436,15740408,0,0,8388604,8388604,0,0,76,0,11492808,410832,25468,978820,1554788,978820,575968,15216,65908,0,0,0,0,41230184,14869384,34359738367,87036,0,80080,0,0,0,0,0,0,0,0,0,0,0,2048,0,1493776,27707392,38797312
1774390116.001304,1304,ubuntu-rog,1,0,0,65683160,33910612,51890616,565208,17192172,0,13508796,15740408,11517360,0,1991436,15740408,0,0,8388604,8388604,0,0,76,0,11492808,410832,25468,978820,1554788,978820,575968,15216,65908,0,0,0,0,41230184,14869384,34359738367,87036,0,80080,0,0,0,0,0,0,0,0,0,0,0,2048,0,1493776,27707392,38797312
1774390117.002060,2060,ubuntu-rog,1,0,0,65683160,33910612,51890616,565208,17192176,0,13508796,15740408,11517360,0,1991436,15740408,0,0,8388604,8388604,0,0,52,0,11492808,410832,25468,978820,1554788,978820,575968,15216,65908,0,0,0,0,41230184,14869384,34359738367,87036,0,80080,0,0,0,0,0,0,0,0,0,0,0,2048,0,1493776,27707392,38797312
1774390118.001064,1064,ubuntu-rog,1,0,0,65683160,33910612,51890616,565208,17192176,0,13508796,15740408,11517360,0,1991436,15740408,0,0,8388604,8388604,0,0,52,0,11492808,410832,25468,978820,1554788,978820,575968,15216,65908,0,0,0,0,41230184,14869384,34359738367,87036,0,80080,0,0,0,0,0,0,0,0,0,0,0,2048,0,1493776,27707392,38797312
1774390119.001298,1298,ubuntu-rog,1,0,0,65683160,33910612,51890616,565208,17192180,0,13508796,15740408,11517360,0,1991436,15740408,0,0,8388604,8388604,0,0,64,0,11492808,410832,25468,978820,1554788,978820,575968,15216,65908,0,0,0,0,41230184,14869384,34359738367,87036,0,80080,0,0,0,0,0,0,0,0,0,0,0,2048,0,1493776,27707392,38797312
1774390120.001192,1192,ubuntu-rog,1,0,0,65683160,33910612,51890616,565208,17192184,0,13508796,15740408,11517360,0,1991436,15740408,0,0,8388604,8388604,0,0,68,0,11492808,410832,25468,978820,1554788,978820,575968,15216,65908,0,0,0,0,41230184,14869384,34359738367,87036,0,80080,0,0,0,0,0,0,0,0,0,0,0,2048,0,1493776,27707392,38797312
1774390121.002294,2294,ubuntu-rog,1,0,0,65683160,33910612,51890616,565208,17192188,0,13508796,15740408,11517360,0,1991436,15740408,0,0,8388604,8388604,0,0,72,0,11492808,410832,25468,978820,1554788,978820,575968,15216,65908,0,0,0,0,41230184,14869384,34359738367,87036,0,80080,0,0,0,0,0,0,0,0,0,0,0,2048,0,1493776,27707392,38797312
1774390122.001062,1062,ubuntu-rog,1,0,0,65683160,33910612,51890616,565208,17192188,0,13508844,15740408,11517408,0,1991436,15740408,0,0,8388604,8388604,0,0,32,0,11492808,410832,25468,978820,1554788,978820,575968,15216,65908,0,0,0,0,41230184,14869384,34359738367,87036,0,80080,0,0,0,0,0,0,0,0,0,0,0,2048,0,1493776,27707392,38797312
1774390123.001064,1064,ubuntu-rog,1,0,0,65683160,33910612,51890616,565208,17192188,0,13508844,15740408,11517408,0,1991436,15740408,0,0,8388604,8388604,0,0,32,0,11492808,410832,25468,978820,1554788,978820,575968,15216,65908,0,0,0,0,41230184,14869384,34359738367,87036,0,80080,0,0,0,0,0,0,0,0,0,0,0,2048,0,1493776,27707392,38797312
1774390124.001297,1297,ubuntu-rog,1,0,0,65683160,33910612,51890616,565208,17192192,0,13508844,15740408,11517408,0,1991436,15740408,0,0,8388604,8388604,0,0,40,0,11492808,410832,25468,978820,1554788,978820,575968,15216,65908,0,0,0,0,41230184,14869384,34359738367,87036,0,80080,0,0,0,0,0,0,0,0,0,0,0,2048,0,1493776,27707392,38797312
1774390125.002194,2194,ubuntu-rog,1,0,0,65683160,33910612,51890616,565216,17192192,0,13508844,15740408,11517408,0,1991436,15740408,0,0,8388604,8388604,0,0,52,0,11492808,410832,25468,978820,1554788,978820,575968,15216,65908,0,0,0,0,41230184,14869384,34359738367,87036,0,80080,0,0,0,0,0,0,0,0,0,0,0,2048,0,1493776,27707392,38797312
1774390126.001299,1299,ubuntu-rog,1,0,0,65683160,33910612,51890616,565216,17192192,0,13508844,15740408,11517408,0,1991436,15740408,0,0,8388604,8388604,0,0,52,0,11492808,410832,25468,978820,1554788,978820,575968,15216,65908,0,0,0,0,41230184,14869384,34359738367,87036,0,80080,0,0,0,0,0,0,0,0,0,0,0,2048,0,1493776,27707392,38797312
1774390127.001064,1064,ubuntu-rog,1,0,0,65683160,33910612,51890616,565216,17192200,0,13508844,15740408,11517408,0,1991436,15740408,0,0,8388604,8388604,0,0,60,0,11492808,410832,25468,978820,1554788,978820,575968,15216,65908,0,0,0,0,41230184,14869384,34359738367,87036,0,80080,0,0,0,0,0,0,0,0,0,0,0,2048,0,1493776,27707392,38797312
1774390128.001376,1376,ubuntu-rog,1,0,0,65683160,33910612,51890616,565216,17192200,0,13508844,15740408,11517408,0,1991436,15740408,0,0,8388604,8388604,0,0,60,0,11492808,410832,25468,978820,1554788,978820,575968,15216,65908,0,0,0,0,41230184,14869384,34359738367,87036,0,80080,0,0,0,0,0,0,0,0,0,0,0,2048,0,1493776,27707392,38797312
1774390129.002300,2300,ubuntu-rog,1,0,0,65683160,33910612,51890616,565216,17192200,0,13508844,15740408,11517408,0,1991436,15740408,0,0,8388604,8388604,0,0,60,0,11492808,410832,25468,978820,1554788,978820,575968,15216,65908,0,0,0,0,41230184,14869384,34359738367,87036,0,80080,0,0,0,0,0,0,0,0,0,0,0,2048,0,1493776,27707392,38797312
1774390130.001196,1196,ubuntu-rog,1,0,0,65683160,33910612,51890616,565216,17192200,0,13508844,15740408,11517408,0,1991436,15740408,0,0,8388604,8388604,0,0,60,0,11492808,410832,25468,978820,1554788,978820,575968,15216,65908,0,0,0,0,41230184,14869384,34359738367,87036,0,80080,0,0,0,0,0,0,0,0,0,0,0,2048,0,1493776,27707392,38797312
1774390131.001298,1298,ubuntu-rog,1,0,0,65683160,33910612,51890668,565224,17192204,0,13508916,15740460,11517480,0,1991436,15740460,0,0,8388604,8388604,0,0,64,0,11492808,410832,25468,978820,1554788,978820,575968,15216,65908,0,0,0,0,41230184,14869384,34359738367,87036,0,80080,0,0,0,0,0,0,0,0,0,0,0,2048,0,1493776,27707392,38797312
1774390132.001064,1064,ubuntu-rog,1,0,0,65683160,33912796,51892856,565224,17192212,0,13509864,15740464,11518428,0,1991436,15740464,0,0,8388604,8388604,0,0,372,0,11493828,410964,25472,978820,1554788,978820,575968,15296,66016,0,0,0,0,41230184,14903788,34359738367,87068,0,80080,0,0,0,0,0,0,0,0,0,0,0,2048,0,1493776,27707392,38797312
1774390133.002061,2061,ubuntu-rog,1,0,0,65683160,33912796,51892856,565224,17192212,0,13509864,15740464,11518428,0,1991436,15740464,0,0,8388604,8388604,0,0,372,0,11493828,410964,25472,978820,1554788,978820,575968,15296,66016,0,0,0,0,41230184,14903788,34359738367,87068,0,80080,0,0,0,0,0,0,0,0,0,0,0,2048,0,1493776,27707392,38797312
1774390134.001293,1293,ubuntu-rog,1,0,0,65683160,33912796,51892856,565224,17192220,0,13509864,15740464,11518428,0,1991436,15740464,0,0,8388604,8388604,0,0,380,0,11493828,410964,25472,978820,1554788,978820,575968,15296,66016,0,0,0,0,41230184,14903788,34359738367,87068,0,80080,0,0,0,0,0,0,0,0,0,0,0,2048,0,1493776,27707392,38797312
1774390135.001207,1207,ubuntu-rog,1,0,0,65683160,33912796,51892856,565224,17192220,0,13509864,15740464,11518428,0,1991436,15740464,0,0,8388604,8388604,0,0,380,0,11493828,410964,25472,978820,1554788,978820,575968,15296,66016,0,0,0,0,41230184,14903788,34359738367,87068,0,80080,0,0,0,0,0,0,0,0,0,0,0,2048,0,1493776,27707392,38797312
1774390136.002300,2300,ubuntu-rog,1,0,0,65683160,33912796,51892856,565228,17192220,0,13509864,15740464,11518428,0,1991436,15740464,0,0,8388604,8388604,0,0,412,0,11493828,410964,25472,978820,1554788,978820,575968,15296,66016,0,0,0,0,41230184,14903788,34359738367,87068,0,80080,0,0,0,0,0,0,0,0,0,0,0,2048,0,1493776,27707392,38797312
1774390137.001061,1061,ubuntu-rog,1,0,0,65683160,33912796,51892856,565228,17192224,0,13509864,15740464,11518428,0,1991436,15740464,0,0,8388604,8388604,0,0,400,16,11493828,410964,25472,978820,1554788,978820,575968,15296,66016,0,0,0,0,41230184,14903788,34359738367,87068,0,80080,0,0,0,0,0,0,0,0,0,0,0,2048,0,1493776,27707392,38797312
1774390138.001061,1061,ubuntu-rog,1,0,0,65683160,33912796,51892856,565228,17192224,0,13509864,15740464,11518428,0,1991436,15740464,0,0,8388604,8388604,0,0,400,0,11493828,410964,25472,978820,1554788,978820,575968,15296,66016,0,0,0,0,41230184,14903788,34359738367,87068,0,80080,0,0,0,0,0,0,0,0,0,0,0,2048,0,1493776,27707392,38797312
1774390139.001297,1297,ubuntu-rog,1,0,0,65683160,33912796,51892856,565228,17192224,0,13509864,15740464,11518428,0,1991436,15740464,0,0,8388604,8388604,0,0,400,0,11493828,410964,25472,978820,1554788,978820,575968,15296,66016,0,0,0,0,41230184,14903788,34359738367,87068,0,80080,0,0,0,0,0,0,0,0,0,0,0,2048,0,1493776,27707392,38797312
1774390140.002188,2188,ubuntu-rog,1,0,0,65683160,33912796,51892856,565228,17192228,0,13509864,15740464,11518428,0,1991436,15740464,0,0,8388604,8388604,0,0,404,0,11493828,410964,25472,978820,1554788,978820,575968,15296,66016,0,0,0,0,41230184,14903788,34359738367,87068,0,80080,0,0,0,0,0,0,0,0,0,0,0,2048,0,1493776,27707392,38797312
1774390141.001285,1285,ubuntu-rog,1,0,0,65683160,33912544,51892608,565228,17192232,0,13509864,15740464,11518428,0,1991436,15740464,0,0,8388604,8388604,0,0,412,0,11493828,410964,25472,978824,1554792,978824,575968,15280,66016,0,0,0,0,41230184,14903788,34359738367,87052,0,80080,0,0,0,0,0,0,0,0,0,0,0,2048,0,1493776,27707392,38797312
1774390142.001062,1062,ubuntu-rog,1,0,0,65683160,33913252,51893316,565228,17192232,0,13509056,15740464,11517620,0,1991436,15740464,0,0,8388604,8388604,0,0,436,0,11492820,410836,25468,978824,1554792,978824,575968,15216,65908,0,0,0,0,41230184,14869396,34359738367,87036,0,80080,0,0,0,0,0,0,0,0,0,0,0,2048,0,1493776,27707392,38797312
1774390143.001064,1064,ubuntu-rog,1,0,0,65683160,33913252,51893316,565228,17192232,0,13509056,15740464,11517620,0,1991436,15740464,0,0,8388604,8388604,0,0,436,0,11492820,410836,25468,978824,1554792,978824,575968,15216,65908,0,0,0,0,41230184,14869396,34359738367,87036,0,80080,0,0,0,0,0,0,0,0,0,0,0,2048,0,1493776,27707392,38797312
1774390144.002288,2288,ubuntu-rog,1,0,0,65683160,33913252,51893316,565228,17192240,0,13509056,15740464,11517620,0,1991436,15740464,0,0,8388604,8388604,0,0,448,0,11492820,410836,25468,978824,1554792,978824,575968,15216,65908,0,0,0,0,41230184,14869396,34359738367,87036,0,80080,0,0,0,0,0,0,0,0,0,0,0,2048,0,1493776,27707392,38797312
1774390145.001196,1196,ubuntu-rog,1,0,0,65683160,33913252,51893316,565228,17192240,0,13509056,15740464,11517620,0,1991436,15740464,0,0,8388604,8388604,0,0,448,0,11492820,410836,25468,978824,1554792,978824,575968,15216,65908,0,0,0,0,41230184,14869396,34359738367,87036,0,80080,0,0,0,0,0,0,0,0,0,0,0,2048,0,1493776,27707392,38797312
1774390146.001293,1293,ubuntu-rog,1,0,0,65683160,33913252,51893316,565228,17192244,0,13509056,15740464,11517620,0,1991436,15740464,0,0,8388604,8388604,0,0,452,0,11492820,410836,25468,978824,1554792,978824,575968,15216,65908,0,0,0,0,41230184,14869396,34359738367,87036,0,80080,0,0,0,0,0,0,0,0,0,0,0,2048,0,1493776,27707392,38797312
1774390147.001057,1057,ubuntu-rog,1,0,0,65683160,33913252,51893316,565236,17192244,0,13509056,15740464,11517620,0,1991436,15740464,0,0,8388604,8388604,0,0,452,0,11492820,410836,25468,978824,1554792,978824,575968,15216,65908,0,0,0,0,41230184,14869396,34359738367,87036,0,80080,0,0,0,0,0,0,0,0,0,0,0,2048,0,1493776,27707392,38797312
1774390148.001368,1368,ubuntu-rog,1,0,0,65683160,33913252,51893316,565236,17192248,0,13509056,15740464,11517620,0,1991436,15740464,0,0,8388604,8388604,0,0,428,0,11492820,410836,25468,978824,1554792,978824,575968,15216,65908,0,0,0,0,41230184,14869396,34359738367,87036,0,80080,0,0,0,0,0,0,0,0,0,0,0,2048,0,1493776,27707392,38797312
1774390149.002298,2298,ubuntu-rog,1,0,0,65683160,33913252,51893316,565236,17192248,0,13509056,15740464,11517620,0,1991436,15740464,0,0,8388604,8388604,0,0,428,0,11492820,410836,25468,978824,1554792,978824,575968,15216,65908,0,0,0,0,41230184,14869396,34359738367,87036,0,80080,0,0,0,0,0,0,0,0,0,0,0,2048,0,1493776,27707392,38797312
1774390150.001193,1193,ubuntu-rog,1,0,0,65683160,33913252,51893316,565236,17192248,0,13509136,15740464,11517700,0,1991436,15740464,0,0,8388604,8388604,0,0,388,0,11492820,410836,25468,978824,1554792,978824,575968,15216,65908,0,0,0,0,41230184,14869396,34359738367,87036,0,80080,0,0,0,0,0,0,0,0,0,0,0,2048,0,1493776,27707392,38797312
1774390151.001294,1294,ubuntu-rog,1,0,0,65683160,33913252,51893316,565236,17192252,0,13509136,15740464,11517700,0,1991436,15740464,0,0,8388604,8388604,0,0,392,0,11492820,410836,25468,978824,1554792,978824,575968,15216,65908,0,0,0,0,41230184,14869396,34359738367,87036,0,80080,0,0,0,0,0,0,0,0,0,0,0,2048,0,1493776,27707392,38797312
1774390152.001059,1059,ubuntu-rog,1,0,0,65683160,33913252,51893316,565244,17192252,0,13509136,15740464,11517700,0,1991436,15740464,0,0,8388604,8388604,0,0,408,0,11492820,410836,25468,978824,1554792,978824,575968,15216,65908,0,0,0,0,41230184,14869396,34359738367,87036,0,80080,0,0,0,0,0,0,0,0,0,0,0,2048,0,1493776,27707392,38797312
1774390153.002057,2057,ubuntu-rog,1,0,0,65683160,33913252,51893316,565244,17192256,0,13509136,15740464,11517700,0,1991436,15740464,0,0,8388604,8388604,0,0,416,0,11492820,410836,25468,978824,1554792,978824,575968,15216,65908,0,0,0,0,41230184,14869396,34359738367,87036,0,80080,0,0,0,0,0,0,0,0,0,0,0,2048,0,1493776,27707392,38797312
1774390154.001291,1291,ubuntu-rog,1,0,0,65683160,33913252,51893316,565244,17192256,0,13509136,15740464,11517700,0,1991436,15740464,0,0,8388604,8388604,0,0,416,0,11492820,410836,25468,978824,1554792,978824,575968,15216,65908,0,0,0,0,41230184,14869396,34359738367,87036,0,80080,0,0,0,0,0,0,0,0,0,0,0,2048,0,1493776,27707392,38797312
1774390155.001211,1211,ubuntu-rog,1,0,0,65683160,33913252,51893316,565244,17192260,0,13509136,15740464,11517700,0,1991436,15740464,0,0,8388604,8388604,0,0,420,0,11492820,410836,25468,978824,1554792,978824,575968,15216,65908,0,0,0,0,41230184,14869396,34359738367,87036,0,80080,0,0,0,0,0,0,0,0,0,0,0,2048,0,1493776,27707392,38797312
1774390156.001295,1295,ubuntu-rog,1,0,0,65683160,33913252,51893316,565244,17192260,0,13509136,15740464,11517700,0,1991436,15740464,0,0,8388604,8388604,0,0,420,0,11492820,410836,25468,978824,1554792,978824,575968,15216,65908,0,0,0,0,41230184,14869396,34359738367,87036,0,80080,0,0,0,0,0,0,0,0,0,0,0,2048,0,1493776,27707392,38797312
1774390157.003053,3053,ubuntu-rog,1,0,0,65683160,33913252,51893316,565248,17192264,0,13509136,15740464,11517700,0,1991436,15740464,0,0,8388604,8388604,0,0,428,0,11492820,410836,25468,978824,1554792,978824,575968,15216,65908,0,0,0,0,41230184,14869396,34359738367,87036,0,80080,0,0,0,0,0,0,0,0,0,0,0,2048,0,1493776,27707392,38797312
1774390158.001061,1061,ubuntu-rog,1,0,0,65683160,33913252,51893316,565248,17192268,0,13509136,15740464,11517700,0,1991436,15740464,0,0,8388604,8388604,0,0,392,0,11492820,410836,25468,978824,1554792,978824,575968,15216,65908,0,0,0,0,41230184,14869396,34359738367,87036,0,80080,0,0,0,0,0,0,0,0,0,0,0,2048,0,1493776,27707392,38797312
1774390159.001289,1289,ubuntu-rog,1,0,0,65683160,33913252,51893384,565248,17192272,0,13509184,15740532,11517748,0,1991436,15740532,0,0,8388604,8388604,0,0,396,0,11492820,410836,25468,978824,1554792,978824,575968,15216,65908,0,0,0,0,41230184,14869396,34359738367,87036,0,80080,0,0,0,0,0,0,0,0,0,0,0,2048,0,1493776,27707392,38797312
1774390160.001197,1197,ubuntu-rog,1,0,0,65683160,33913252,51893384,565248,17192272,0,13509184,15740532,11517748,0,1991436,15740532,0,0,8388604,8388604,0,0,396,0,11492820,410836,25468,978824,1554792,978824,575968,15216,65908,0,0,0,0,41230184,14869396,34359738367,87036,0,80080,0,0,0,0,0,0,0,0,0,0,0,2048,0,1493776,27707392,38797312
1774390161.001289,1289,ubuntu-rog,1,0,0,65683160,33913252,51893384,565248,17192272,0,13509184,15740532,11517748,0,1991436,15740532,0,0,8388604,8388604,0,0,396,0,11492820,410836,25468,978824,1554792,978824,575968,15216,65908,0,0,0,0,41230184,14869396,34359738367,87036,0,80080,0,0,0,0,0,0,0,0,0,0,0,2048,0,1493776,27707392,38797312
1774390162.002059,2059,ubuntu-rog,1,0,0,65683160,33913252,51893384,565248,17192276,0,13509184,15740532,11517748,0,1991436,15740532,0,0,8388604,8388604,0,0,400,0,11492820,410836,25468,978824,1554792,978824,575968,15216,65908,0,0,0,0,41230184,14869396,34359738367,87036,0,80080,0,0,0,0,0,0,0,0,0,0,0,2048,0,1493776,27707392,38797312
1774390163.001061,1061,ubuntu-rog,1,0,0,65683160,33913252,51893404,565256,17192276,0,13509184,15740552,11517748,0,1991436,15740552,0,0,8388604,8388604,0,0,68,0,11492820,410836,25468,978824,1554792,978824,575968,15216,65908,0,0,0,0,41230184,14869396,34359738367,87036,0,80080,0,0,0,0,0,0,0,0,0,0,0,2048,0,1493776,27707392,38797312
1774390164.001288,1288,ubuntu-rog,1,0,0,65683160,33913252,51893404,565256,17192276,0,13509184,15740552,11517748,0,1991436,15740552,0,0,8388604,8388604,0,0,68,0,11492820,410836,25468,978824,1554792,978824,575968,15216,65908,0,0,0,0,41230184,14869396,34359738367,87036,0,80080,0,0,0,0,0,0,0,0,0,0,0,2048,0,1493776,27707392,38797312
1774390165.001202,1202,ubuntu-rog,1,0,0,65683160,33913252,51893404,565256,17192284,0,13509184,15740552,11517748,0,1991436,15740552,0,0,8388604,8388604,0,0,76,0,11492820,410836,25468,978824,1554792,978824,575968,15216,65908,0,0,0,0,41230184,14869396,34359738367,87036,0,80080,0,0,0,0,0,0,0,0,0,0,0,2048,0,1493776,27707392,38797312
1774390166.002286,2286,ubuntu-rog,1,0,0,65683160,33913252,51893404,565256,17192284,0,13509184,15740552,11517748,0,1991436,15740552,0,0,8388604,8388604,0,0,76,0,11492820,410836,25468,978824,1554792,978824,575968,15216,65908,0,0,0,0,41230184,14869396,34359738367,87036,0,80080,0,0,0,0,0,0,0,0,0,0,0,2048,0,1493776,27707392,38797312
1774390167.001057,1057,ubuntu-rog,1,0,0,65683160,33913252,51893404,565256,17192284,0,13509184,15740552,11517748,0,1991436,15740552,0,0,8388604,8388604,0,0,76,0,11492820,410836,25468,978824,1554792,978824,575968,15216,65908,0,0,0,0,41230184,14869396,34359738367,87036,0,80080,0,0,0,0,0,0,0,0,0,0,0,2048,0,1493776,27707392,38797312
1774390168.001346,1346,ubuntu-rog,1,0,0,65683160,33913252,51893404,565264,17192284,0,13509184,15740552,11517748,0,1991436,15740552,0,0,8388604,8388604,0,0,92,0,11492820,410836,25468,978824,1554792,978824,575968,15216,65908,0,0,0,0,41230184,14869396,34359738367,87036,0,80080,0,0,0,0,0,0,0,0,0,0,0,2048,0,1493776,27707392,38797312
1774390169.002296,2296,ubuntu-rog,1,0,0,65683160,33913252,51893404,565264,17192292,0,13509184,15740552,11517748,0,1991436,15740552,0,0,8388604,8388604,0,0,100,0,11492820,410836,25468,978824,1554792,978824,575968,15232,65908,0,0,0,0,41230184,14869396,34359738367,87036,0,80080,0,0,0,0,0,0,0,0,0,0,0,2048,0,1493776,27707392,38797312
1774390170.001192,1192,ubuntu-rog,1,0,0,65683160,33913252,51893404,565264,17192292,0,13509184,15740552,11517748,0,1991436,15740552,0,0,8388604,8388604,0,0,100,0,11492820,410836,25468,978824,1554792,978824,575968,15232,65908,0,0,0,0,41230184,14869396,34359738367,87036,0,80080,0,0,0,0,0,0,0,0,0,0,0,2048,0,1493776,27707392,38797312
1774390171.001291,1291,ubuntu-rog,1,0,0,65683160,33913252,51893404,565264,17192296,0,13509184,15740552,11517748,0,1991436,15740552,0,0,8388604,8388604,0,0,104,0,11492820,410836,25468,978824,1554792,978824,575968,15232,65908,0,0,0,0,41230184,14869396,34359738367,87036,0,80080,0,0,0,0,0,0,0,0,0,0,0,2048,0,1493776,27707392,38797312
1774390172.003051,3051,ubuntu-rog,1,0,0,65683160,33913252,51893404,565264,17192300,0,13509184,15740552,11517748,0,1991436,15740552,0,0,8388604,8388604,0,0,108,0,11492820,410836,25468,978824,1554792,978824,575968,15232,65908,0,0,0,0,41230184,14869396,34359738367,87036,0,80080,0,0,0,0,0,0,0,0,0,0,0,2048,0,1493776,27707392,38797312
1774390173.001062,1062,ubuntu-rog,1,0,0,65683160,33913252,51893404,565272,17192300,0,13509184,15740552,11517748,0,1991436,15740552,0,0,8388604,8388604,0,0,108,0,11492820,410836,25468,978824,1554792,978824,575968,15232,65908,0,0,0,0,41230184,14869396,34359738367,87036,0,80080,0,0,0,0,0,0,0,0,0,0,0,2048,0,1493776,27707392,38797312
1774390174.001288,1288,ubuntu-rog,1,0,0,65683160,33913252,51893404,565272,17192300,0,13509184,15740552,11517748,0,1991436,15740552,0,0,8388604,8388604,0,0,108,0,11492820,410836,25468,978824,1554792,978824,575968,15232,65908,0,0,0,0,41230184,14869396,34359738367,87036,0,80080,0,0,0,0,0,0,0,0,0,0,0,2048,0,1493776,27707392,38797312
1774390175.001202,1202,ubuntu-rog,1,0,0,65683160,33913252,51893404,565272,17192300,0,13509184,15740552,11517748,0,1991436,15740552,0,0,8388604,8388604,0,0,108,0,11492820,410836,25468,978824,1554792,978824,575968,15232,65908,0,0,0,0,41230184,14869396,34359738367,87036,0,80080,0,0,0,0,0,0,0,0,0,0,0,2048,0,1493776,27707392,38797312
1774390176.001304,1304,ubuntu-rog,1,0,0,65683160,33913252,51893404,565272,17192304,0,13509184,15740552,11517748,0,1991436,15740552,0,0,8388604,8388604,0,0,112,0,11492820,410836,25468,978824,1554792,978824,575968,15232,65908,0,0,0,0,41230184,14869396,34359738367,87036,0,80080,0,0,0,0,0,0,0,0,0,0,0,2048,0,1493776,27707392,38797312
1774390177.002054,2054,ubuntu-rog,1,0,0,65683160,33913252,51893404,565272,17192304,0,13509184,15740552,11517748,0,1991436,15740552,0,0,8388604,8388604,0,0,112,0,11492820,410836,25468,978824,1554792,978824,575968,15232,65908,0,0,0,0,41230184,14869396,34359738367,87036,0,80080,0,0,0,0,0,0,0,0,0,0,0,2048,0,1493776,27707392,38797312
1774390178.001061,1061,ubuntu-rog,1,0,0,65683160,33913252,51893404,565280,17192308,0,13509184,15740552,11517748,0,1991436,15740552,0,0,8388604,8388604,0,0,100,0,11492820,410836,25468,978824,1554792,978824,575968,15232,65908,0,0,0,0,41230184,14869396,34359738367,87036,0,80080,0,0,0,0,0,0,0,0,0,0,0,2048,0,1493776,27707392,38797312
1774390179.001289,1289,ubuntu-rog,1,0,0,65683160,33913252,51893404,565280,17192312,0,13509184,15740552,11517748,0,1991436,15740552,0,0,8388604,8388604,0,0,104,0,11492820,410836,25468,978824,1554792,978824,575968,15232,65908,0,0,0,0,41230184,14869396,34359738367,87036,0,80080,0,0,0,0,0,0,0,0,0,0,0,2048,0,1493776,27707392,38797312
1774390180.001191,1191,ubuntu-rog,1,0,0,65683160,33913252,51893404,565280,17192312,0,13509184,15740552,11517748,0,1991436,15740552,0,0,8388604,8388604,0,0,104,0,11492820,410836,25468,978824,1554792,978824,575968,15232,65908,0,0,0,0,41230184,14869396,34359738367,87036,0,80080,0,0,0,0,0,0,0,0,0,0,0,2048,0,1493776,27707392,38797312
1774390181.002300,2300,ubuntu-rog,1,0,0,65683160,33913252,51893404,565280,17192316,0,13509184,15740552,11517748,0,1991436,15740552,0,0,8388604,8388604,0,0,112,0,11492820,410836,25468,978824,1554792,978824,575968,15232,65908,0,0,0,0,41230184,14869396,34359738367,87036,0,80080,0,0,0,0,0,0,0,0,0,0,0,2048,0,1493776,27707392,38797312
1774390182.001383,1383,ubuntu-rog,1,0,0,65683160,33913252,51893404,565280,17192316,0,13509184,15740552,11517748,0,1991436,15740552,0,0,8388604,8388604,0,0,112,0,11492820,410836,25468,978824,1554792,978824,575968,15232,65908,0,0,0,0,41230184,14869396,34359738367,87036,0,80080,0,0,0,0,0,0,0,0,0,0,0,2048,0,1493776,27707392,38797312
1774390183.002064,2064,ubuntu-rog,1,0,0,65683160,33913252,51893404,565284,17192320,0,13509184,15740552,11517748,0,1991436,15740552,0,0,8388604,8388604,0,0,84,0,11492820,410836,25468,978824,1554792,978824,575968,15232,65908,0,0,0,0,41230184,14869396,34359738367,87036,0,80080,0,0,0,0,0,0,0,0,0,0,0,2048,0,1493776,27707392,38797312
1774390184.001299,1299,ubuntu-rog,1,0,0,65683160,33913252,51893404,565284,17192324,0,13509184,15740552,11517748,0,1991436,15740552,0,0,8388604,8388604,0,0,68,0,11492820,410836,25468,978824,1554792,978824,575968,15216,65908,0,0,0,0,41230184,14869396,34359738367,87036,0,80080,0,0,0,0,0,0,0,0,0,0,0,2048,0,1493776,27707392,38797312
1774390185.001195,1195,ubuntu-rog,1,0,0,65683160,33913252,51893404,565284,17192324,0,13509184,15740552,11517748,0,1991436,15740552,0,0,8388604,8388604,0,0,68,0,11492820,410836,25468,978824,1554792,978824,575968,15216,65908,0,0,0,0,41230184,14869396,34359738367,87036,0,80080,0,0,0,0,0,0,0,0,0,0,0,2048,0,1493776,27707392,38797312
1774390186.001289,1289,ubuntu-rog,1,0,0,65683160,33913252,51893404,565284,17192328,0,13509184,15740552,11517748,0,1991436,15740552,0,0,8388604,8388604,0,0,72,0,11492820,410836,25468,978824,1554792,978824,575968,15216,65908,0,0,0,0,41230184,14869396,34359738367,87036,0,80080,0,0,0,0,0,0,0,0,0,0,0,2048,0,1493776,27707392,38797312
1774390187.002055,2055,ubuntu-rog,1,0,0,65683160,33913252,51893404,565284,17192328,0,13509184,15740552,11517748,0,1991436,15740552,0,0,8388604,8388604,0,0,72,0,11492820,410836,25468,978824,1554792,978824,575968,15216,65908,0,0,0,0,41230184,14869396,34359738367,87036,0,80080,0,0,0,0,0,0,0,0,0,0,0,2048,0,1493776,27707392,38797312
1774390188.001360,1360,ubuntu-rog,1,0,0,65683160,33913252,51893408,565284,17192328,0,13509204,15740556,11517768,0,1991436,15740556,0,0,8388604,8388604,0,0,36,0,11492820,410836,25468,978824,1554792,978824,575968,15216,65908,0,0,0,0,41230184,14869396,34359738367,87036,0,80080,0,0,0,0,0,0,0,0,0,0,0,2048,0,1493776,27707392,38797312
1774390189.002309,2309,ubuntu-rog,1,0,0,65683160,33913252,51893408,565284,17192328,0,13509204,15740556,11517768,0,1991436,15740556,0,0,8388604,8388604,0,0,36,0,11492820,410836,25468,978824,1554792,978824,575968,15216,65908,0,0,0,0,41230184,14869396,34359738367,87036,0,80080,0,0,0,0,0,0,0,0,0,0,0,2048,0,1493776,27707392,38797312
1774390190.001198,1198,ubuntu-rog,1,0,0,65683160,33913252,51893408,565284,17192336,0,13509204,15740556,11517768,0,1991436,15740556,0,0,8388604,8388604,0,0,48,0,11492820,410836,25468,978824,1554792,978824,575968,15216,65908,0,0,0,0,41230184,14869396,34359738367,87036,0,80080,0,0,0,0,0,0,0,0,0,0,0,2048,0,1493776,27707392,38797312
1774390191.001298,1298,ubuntu-rog,1,0,0,65683160,33913252,51893408,565284,17192336,0,13509204,15740556,11517768,0,1991436,15740556,0,0,8388604,8388604,0,0,48,0,11492820,410836,25468,978824,1554792,978824,575968,15216,65908,0,0,0,0,41230184,14869396,34359738367,87036,0,80080,0,0,0,0,0,0,0,0,0,0,0,2048,0,1493776,27707392,38797312
1774390192.001062,1062,ubuntu-rog,1,0,0,65683160,33913252,51893408,565284,17192336,0,13509204,15740556,11517768,0,1991436,15740556,0,0,8388604,8388604,0,0,48,0,11492820,410836,25468,978824,1554792,978824,575968,15216,65908,0,0,0,0,41230184,14869396,34359738367,87036,0,80080,0,0,0,0,0,0,0,0,0,0,0,2048,0,1493776,27707392,38797312
1774390193.002060,2060,ubuntu-rog,1,0,0,65683160,33913252,51893408,565288,17192340,0,13509204,15740556,11517768,0,1991436,15740556,0,0,8388604,8388604,0,0,56,0,11492820,410836,25468,978824,1554792,978824,575968,15216,65908,0,0,0,0,41230184,14869396,34359738367,87036,0,80080,0,0,0,0,0,0,0,0,0,0,0,2048,0,1493776,27707392,38797312
1774390194.001298,1298,ubuntu-rog,1,0,0,65683160,33913252,51893408,565288,17192344,0,13509204,15740556,11517768,0,1991436,15740556,0,0,8388604,8388604,0,0,60,0,11492820,410836,25468,978824,1554792,978824,575968,15216,65908,0,0,0,0,41230184,14869396,34359738367,87036,0,80080,0,0,0,0,0,0,0,0,0,0,0,2048,0,1493776,27707392,38797312
1774390195.001173,1173,ubuntu-rog,1,0,0,65683160,33913252,51893408,565288,17192344,0,13509204,15740556,11517768,0,1991436,15740556,0,0,8388604,8388604,0,0,60,0,11492820,410836,25468,978824,1554792,978824,575968,15216,65908,0,0,0,0,41230184,14869396,34359738367,87036,0,80080,0,0,0,0,0,0,0,0,0,0,0,2048,0,1493776,27707392,38797312
1774390196.001299,1299,ubuntu-rog,1,0,0,65683160,33913252,51893408,565288,17192348,0,13509204,15740556,11517768,0,1991436,15740556,0,0,8388604,8388604,0,0,64,0,11492820,410836,25468,978824,1554792,978824,575968,15216,65908,0,0,0,0,41230184,14869396,34359738367,87036,0,80080,0,0,0,0,0,0,0,0,0,0,0,2048,0,1493776,27707392,38797312
1774390197.002062,2062,ubuntu-rog,1,0,0,65683160,33913252,51893408,565288,17192352,0,13509204,15740556,11517768,0,1991436,15740556,0,0,8388604,8388604,0,0,68,0,11492820,410836,25468,978824,1554792,978824,575968,15216,65908,0,0,0,0,41230184,14869396,34359738367,87036,0,80080,0,0,0,0,0,0,0,0,0,0,0,2048,0,1493776,27707392,38797312
1774390198.001066,1066,ubuntu-rog,1,0,0,65683160,33914868,51895024,565292,17192348,0,13503952,15740556,11512516,0,1991436,15740556,0,0,8388604,8388604,0,0,68,0,11487568,411240,25468,978824,1554792,978824,575968,15216,65908,0,0,0,0,41230184,14832208,34359738367,86972,0,80080,0,0,0,0,0,0,0,0,0,0,0,2048,0,1493776,27707392,38797312
1774390199.001303,1303,ubuntu-rog,1,0,0,65683160,33914720,51894860,565292,17192336,0,13503204,15740540,11511768,0,1991436,15740540,0,0,8388604,8388604,0,0,144,0,11486720,410808,25468,978824,1554792,978824,575968,15008,65560,0,0,0,0,41230184,14832208,34359738367,86972,0,80080,0,0,0,0,0,0,0,0,0,0,0,2048,0,1493776,27707392,38797312
1774390200.001195,1195,ubuntu-rog,1,0,0,65683160,33914720,51894860,565292,17192340,0,13503204,15740540,11511768,0,1991436,15740540,0,0,8388604,8388604,0,0,148,0,11486720,410808,25468,978824,1554792,978824,575968,15008,65560,0,0,0,0,41230184,14832208,34359738367,86972,0,80080,0,0,0,0,0,0,0,0,0,0,0,2048,0,1493776,27707392,38797312
1774390201.002295,2295,ubuntu-rog,1,0,0,65683160,33914720,51894860,565292,17192340,0,13503204,15740540,11511768,0,1991436,15740540,0,0,8388604,8388604,0,0,148,0,11486724,410808,25468,978824,1554792,978824,575968,15008,65560,0,0,0,0,41230184,14832208,34359738367,86972,0,80080,0,0,0,0,0,0,0,0,0,0,0,2048,0,1493776,27707392,38797312
1774390202.001064,1064,ubuntu-rog,1,0,0,65683160,33913964,51894104,565304,17192332,0,13503204,15740540,11511768,0,1991436,15740540,0,0,8388604,8388604,0,0,360,0,11486724,410812,25468,978824,1554792,978824,575968,15040,65560,0,0,0,0,41230184,14832208,34359738367,86956,0,80080,0,0,0,0,0,0,0,0,0,0,0,2048,0,1493776,27707392,38797312
1774390203.001066,1066,ubuntu-rog,1,0,0,65683160,33913964,51894104,565304,17192352,0,13504048,15740540,11512612,0,1991436,15740540,0,0,8388604,8388604,0,0,196,0,11487532,410812,25468,978824,1554792,978824,575968,15024,65560,0,0,0,0,41230184,14833264,34359738367,86956,0,80080,0,0,0,0,0,0,0,0,0,0,0,2048,0,1493776,27707392,38797312
1774390204.001299,1299,ubuntu-rog,1,0,0,65683160,33913964,51894244,565304,17192352,0,13504088,15740680,11512652,0,1991436,15740680,0,0,8388604,8388604,0,0,196,0,11487740,410812,25468,978824,1554792,978824,575968,15024,65564,0,0,0,0,41230184,14833264,34359738367,86956,0,80080,0,0,0,0,0,0,0,0,0,0,0,2048,0,1493776,27707392,38797312
1774390205.002193,2193,ubuntu-rog,1,0,0,65683160,33913964,51894244,565304,17192352,0,13504088,15740680,11512652,0,1991436,15740680,0,0,8388604,8388604,0,0,196,0,11487740,410812,25468,978824,1554792,978824,575968,15024,65564,0,0,0,0,41230184,14833264,34359738367,86956,0,80080,0,0,0,0,0,0,0,0,0,0,0,2048,0,1493776,27707392,38797312
1774390206.001294,1294,ubuntu-rog,1,0,0,65683160,33913964,51894244,565304,17192356,0,13504088,15740680,11512652,0,1991436,15740680,0,0,8388604,8388604,0,0,200,0,11487740,410812,25468,978824,1554792,978824,575968,15024,65564,0,0,0,0,41230184,14833264,34359738367,86956,0,80080,0,0,0,0,0,0,0,0,0,0,0,2048,0,1493776,27707392,38797312
1774390207.001058,1058,ubuntu-rog,1,0,0,65683160,33913964,51894244,565304,17192360,0,13504088,15740680,11512652,0,1991436,15740680,0,0,8388604,8388604,0,0,204,0,11487740,410812,25468,978824,1554792,978824,575968,15024,65564,0,0,0,0,41230184,14833264,34359738367,86956,0,80080,0,0,0,0,0,0,0,0,0,0,0,2048,0,1493776,27707392,38797312
1774390208.001071,1071,ubuntu-rog,1,0,0,65683160,33913964,51894244,565308,17192356,0,13504088,15740680,11512652,0,1991436,15740680,0,0,8388604,8388604,0,0,204,0,11487740,410812,25468,978824,1554792,978824,575968,15024,65564,0,0,0,0,41230184,14833264,34359738367,86956,0,80080,0,0,0,0,0,0,0,0,0,0,0,2048,0,1493776,27707392,38797312
1774390209.002300,2300,ubuntu-rog,1,0,0,65683160,33913964,51894244,565308,17192364,0,13504088,15740680,11512652,0,1991436,15740680,0,0,8388604,8388604,0,0,208,0,11487740,410812,25468,978824,1554792,978824,575968,15024,65564,0,0,0,0,41230184,14833264,34359738367,86956,0,80080,0,0,0,0,0,0,0,0,0,0,0,2048,0,1493776,27707392,38797312
1774390210.001195,1195,ubuntu-rog,1,0,0,65683160,33913964,51894244,565308,17192368,0,13504088,15740680,11512652,0,1991436,15740680,0,0,8388604,8388604,0,0,212,0,11487740,410812,25468,978824,1554792,978824,575968,15024,65564,0,0,0,0,41230184,14833264,34359738367,86956,0,80080,0,0,0,0,0,0,0,0,0,0,0,2048,0,1493776,27707392,38797312
1774390211.001296,1296,ubuntu-rog,1,0,0,65683160,33913964,51894244,565308,17192368,0,13503964,15740680,11512528,0,1991436,15740680,0,0,8388604,8388604,0,0,212,0,11487608,410812,25468,978824,1554792,978824,575968,15024,65564,0,0,0,0,41230184,14833136,34359738367,86956,0,80080,0,0,0,0,0,0,0,0,0,0,0,2048,0,1493776,27707392,38797312
1774390212.001061,1061,ubuntu-rog,1,0,0,65683160,33913964,51894244,565308,17192368,0,13503964,15740680,11512528,0,1991436,15740680,0,0,8388604,8388604,0,0,212,0,11487608,410812,25468,978824,1554792,978824,575968,15024,65564,0,0,0,0,41230184,14833136,34359738367,86956,0,80080,0,0,0,0,0,0,0,0,0,0,0,2048,0,1493776,27707392,38797312
1774390213.002060,2060,ubuntu-rog,1,0,0,65683160,33913964,51894244,565316,17192360,0,13503964,15740680,11512528,0,1991436,15740680,0,0,8388604,8388604,0,0,212,0,11487608,410812,25468,978824,1554792,978824,575968,15024,65564,0,0,0,0,41230184,14833136,34359738367,86956,0,80080,0,0,0,0,0,0,0,0,0,0,0,2048,0,1493776,27707392,38797312
1774390214.001292,1292,ubuntu-rog,1,0,0,65683160,33913964,51894244,565316,17192372,0,13504036,15740680,11512600,0,1991436,15740680,0,0,8388604,8388604,0,0,56,0,11487608,410812,25468,978824,1554792,978824,575968,15024,65564,0,0,0,0,41230184,14833136,34359738367,86956,0,80080,0,0,0,0,0,0,0,0,0,0,0,2048,0,1493776,27707392,38797312
1774390215.001202,1202,ubuntu-rog,1,0,0,65683160,33913964,51894244,565316,17192372,0,13504036,15740680,11512600,0,1991436,15740680,0,0,8388604,8388604,0,0,56,0,11487608,410812,25468,978824,1554792,978824,575968,15024,65564,0,0,0,0,41230184,14833136,34359738367,86956,0,80080,0,0,0,0,0,0,0,0,0,0,0,2048,0,1493776,27707392,38797312
1774390216.001296,1296,ubuntu-rog,1,0,0,65683160,33913964,51894244,565316,17192376,0,13504036,15740680,11512600,0,1991436,15740680,0,0,8388604,8388604,0,0,64,0,11487608,410812,25468,978824,1554792,978824,575968,15024,65564,0,0,0,0,41230184,14833136,34359738367,86956,0,80080,0,0,0,0,0,0,0,0,0,0,0,2048,0,1493776,27707392,38797312
1774390217.002059,2059,ubuntu-rog,1,0,0,65683160,33913964,51894244,565316,17192380,0,13504036,15740680,11512600,0,1991436,15740680,0,0,8388604,8388604,0,0,68,0,11487608,410812,25468,978824,1554792,978824,575968,15024,65564,0,0,0,0,41230184,14833136,34359738367,86956,0,80080,0,0,0,0,0,0,0,0,0,0,0,2048,0,1493776,27707392,38797312
1774390218.001061,1061,ubuntu-rog,1,0,0,65683160,33913964,51894244,565316,17192380,0,13504036,15740680,11512600,0,1991436,15740680,0,0,8388604,8388604,0,0,68,0,11487608,410812,25468,978824,1554792,978824,575968,15024,65564,0,0,0,0,41230184,14833136,34359738367,86956,0,80080,0,0,0,0,0,0,0,0,0,0,0,2048,0,1493776,27707392,38797312
1774390219.001291,1291,ubuntu-rog,1,0,0,65683160,33913964,51894368,565320,17192384,0,13504036,15740804,11512600,0,1991436,15740804,0,0,8388604,8388604,0,0,100,0,11487608,410812,25468,978824,1554792,978824,575968,15024,65564,0,0,0,0,41230184,14833136,34359738367,86956,0,80080,0,0,0,0,0,0,0,0,0,0,0,2048,0,1493776,27707392,38797312
1774390220.001196,1196,ubuntu-rog,1,0,0,65683160,33913964,51894368,565320,17192384,0,13504036,15740804,11512600,0,1991436,15740804,0,0,8388604,8388604,0,0,100,0,11487608,410812,25468,978824,1554792,978824,575968,15024,65564,0,0,0,0,41230184,14833136,34359738367,86956,0,80080,0,0,0,0,0,0,0,0,0,0,0,2048,0,1493776,27707392,38797312
1774390221.002299,2299,ubuntu-rog,1,0,0,65683160,33913964,51894368,565320,17192388,0,13504036,15740804,11512600,0,1991436,15740804,0,0,8388604,8388604,0,0,104,0,11487608,410812,25468,978824,1554792,978824,575968,15024,65564,0,0,0,0,41230184,14833136,34359738367,86956,0,80080,0,0,0,0,0,0,0,0,0,0,0,2048,0,1493776,27707392,38797312
1774390222.001062,1062,ubuntu-rog,1,0,0,65683160,33913964,51894368,565320,17192392,0,13504036,15740804,11512600,0,1991436,15740804,0,0,8388604,8388604,0,0,108,0,11487608,410812,25468,978824,1554792,978824,575968,15024,65564,0,0,0,0,41230184,14833136,34359738367,86956,0,80080,0,0,0,0,0,0,0,0,0,0,0,2048,0,1493776,27707392,38797312
1774390223.001062,1062,ubuntu-rog,1,0,0,65683160,33913964,51894368,565320,17192392,0,13504036,15740804,11512600,0,1991436,15740804,0,0,8388604,8388604,0,0,108,0,11487612,410812,25468,978824,1554792,978824,575968,15024,65564,0,0,0,0,41230184,14833136,34359738367,86956,0,80080,0,0,0,0,0,0,0,0,0,0,0,2048,0,1493776,27707392,38797312
1774390224.001294,1294,ubuntu-rog,1,0,0,65683160,33913964,51894368,565324,17192392,0,13504036,15740804,11512600,0,1991436,15740804,0,0,8388604,8388604,0,0,112,0,11487612,410812,25468,978824,1554792,978824,575968,15024,65564,0,0,0,0,41230184,14833136,34359738367,86956,0,80080,0,0,0,0,0,0,0,0,0,0,0,2048,0,1493776,27707392,38797312
1774390225.002190,2190,ubuntu-rog,1,0,0,65683160,33913964,51894368,565324,17192396,0,13504036,15740804,11512600,0,1991436,15740804,0,0,8388604,8388604,0,0,64,0,11487616,410812,25468,978824,1554792,978824,575968,15024,65564,0,0,0,0,41230184,14833136,34359738367,86956,0,80080,0,0,0,0,0,0,0,0,0,0,0,2048,0,1493776,27707392,38797312
1774390226.001296,1296,ubuntu-rog,1,0,0,65683160,33913964,51894392,565324,17192396,0,13504276,15740828,11512840,0,1991436,15740828,0,0,8388604,8388604,0,0,64,0,11487800,410812,25468,978824,1554792,978824,575968,15024,65564,0,0,0,0,41230184,14833300,34359738367,86956,0,80080,0,0,0,0,0,0,0,0,0,0,0,2048,0,1493776,27707392,38797312
1774390227.001064,1064,ubuntu-rog,1,0,0,65683160,33913964,51894392,565324,17192396,0,13504276,15740828,11512840,0,1991436,15740828,0,0,8388604,8388604,0,0,64,0,11487800,410812,25468,978824,1554792,978824,575968,15024,65564,0,0,0,0,41230184,14833300,34359738367,86956,0,80080,0,0,0,0,0,0,0,0,0,0,0,2048,0,1493776,27707392,38797312
1774390228.001072,1072,ubuntu-rog,1,0,0,65683160,33630764,51611260,565324,17192404,0,13744252,15740896,11752816,0,1991436,15740896,0,0,8388604,8388604,0,0,76,0,11727448,410812,25468,978824,1554792,978824,575968,15024,66068,0,0,0,0,41230184,15315752,34359738367,86956,0,80080,0,0,0,0,0,0,0,0,0,0,0,2048,0,1493776,27707392,38797312
1774390229.002309,2309,ubuntu-rog,1,0,0,65683160,33768260,51748756,565324,17192404,0,13636584,15740896,11645148,0,1991436,15740896,0,0,8388604,8388604,0,0,76,0,11620160,410812,25468,978824,1554792,978824,575968,15024,65696,0,0,0,0,41230184,14975636,34359738367,86956,0,80080,0,0,0,0,0,0,0,0,0,0,0,2048,0,1493776,27707392,38797312
1774390230.001200,1200,ubuntu-rog,1,0,0,65683160,33893260,51873756,565332,17192396,0,13507424,15740896,11515988,0,1991436,15740896,0,0,8388604,8388604,0,0,68,0,11491692,410812,25468,978824,1554744,978824,575920,15024,65572,0,0,0,0,41230184,14837184,34359738367,86956,0,80080,0,0,0,0,0,0,0,0,0,0,0,2048,0,1493776,27707392,38797312
1774390231.001298,1298,ubuntu-rog,1,0,0,65683160,33895644,51876140,565332,17192412,0,13507424,15740896,11515988,0,1991436,15740896,0,0,8388604,8388604,0,0,80,0,11491696,410812,25468,978824,1554744,978824,575920,15024,65572,0,0,0,0,41230184,14837184,34359738367,86956,0,80080,0,0,0,0,0,0,0,0,0,0,0,2048,0,1493776,27707392,38797312
1774390232.001060,1060,ubuntu-rog,1,0,0,65683160,33897664,51878160,565332,17192412,0,13507424,15740896,11515988,0,1991436,15740896,0,0,8388604,8388604,0,0,80,0,11491696,410812,25468,978824,1554744,978824,575920,15024,65572,0,0,0,0,41230184,14837184,34359738367,86956,0,80080,0,0,0,0,0,0,0,0,0,0,0,2048,0,1493776,27707392,38797312
1774390233.002058,2058,ubuntu-rog,1,0,0,65683160,33899536,51880116,565396,17192412,0,13507688,15740976,11516252,0,1991436,15740976,0,0,8388604,8388604,0,0,148,0,11491768,410812,25468,978828,1554748,978828,575920,15024,65572,0,0,0,0,41230184,14837184,34359738367,86956,0,80080,0,0,0,0,0,0,0,0,0,0,0,2048,0,1493776,27707392,38797312
1774390234.001298,1298,ubuntu-rog,1,0,0,65683160,33900968,51881548,565396,17192416,0,13507688,15740976,11516252,0,1991436,15740976,0,0,8388604,8388604,0,0,152,0,11491768,410812,25468,978828,1554748,978828,575920,15024,65572,0,0,0,0,41230184,14837184,34359738367,86956,0,80080,0,0,0,0,0,0,0,0,0,0,0,2048,0,1493776,27707392,38797312
1774390235.001193,1193,ubuntu-rog,1,0,0,65683160,33902624,51883204,565396,17192420,0,13507688,15740976,11516252,0,1991436,15740976,0,0,8388604,8388604,0,0,156,0,11491768,410812,25468,978828,1554748,978828,575920,15024,65572,0,0,0,0,41230184,14837184,34359738367,86956,0,80080,0,0,0,0,0,0,0,0,0,0,0,2048,0,1493776,27707392,38797312
1774390236.001299,1299,ubuntu-rog,1,0,0,65683160,33903668,51884248,565396,17192420,0,13507640,15740976,11516204,0,1991436,15740976,0,0,8388604,8388604,0,0,156,0,11491744,410812,25468,978828,1554748,978828,575920,15024,65572,0,0,0,0,41230184,14837184,34359738367,86956,0,80080,0,0,0,0,0,0,0,0,0,0,0,2048,0,1493776,27707392,38797312
1774390237.002055,2055,ubuntu-rog,1,0,0,65683160,33904936,51885516,565396,17192420,0,13507640,15740976,11516204,0,1991436,15740976,0,0,8388604,8388604,0,0,156,0,11491744,410812,25468,978828,1554748,978828,575920,15024,65572,0,0,0,0,41230184,14837184,34359738367,86956,0,80080,0,0,0,0,0,0,0,0,0,0,0,2048,0,1493776,27707392,38797312
1774390238.001061,1061,ubuntu-rog,1,0,0,65683160,33906044,51886624,565400,17192424,0,13507640,15740976,11516204,0,1991436,15740976,0,0,8388604,8388604,0,0,176,0,11491744,410812,25468,978828,1554748,978828,575920,15024,65572,0,0,0,0,41230184,14837184,34359738367,86956,0,80080,0,0,0,0,0,0,0,0,0,0,0,2048,0,1493776,27707392,38797312
1774390239.001300,1300,ubuntu-rog,1,0,0,65683160,33906608,51887188,565400,17192424,0,13507640,15740976,11516204,0,1991436,15740976,0,0,8388604,8388604,0,0,176,0,11491744,410812,25468,978828,1554748,978828,575920,15024,65572,0,0,0,0,41230184,14837184,34359738367,86956,0,80080,0,0,0,0,0,0,0,0,0,0,0,2048,0,1493776,27707392,38797312
1774390240.001198,1198,ubuntu-rog,1,0,0,65683160,33907456,51888036,565400,17192424,0,13507640,15740976,11516204,0,1991436,15740976,0,0,8388604,8388604,0,0,176,0,11491744,410812,25468,978828,1554748,978828,575920,15024,65572,0,0,0,0,41230184,14837184,34359738367,86956,0,80080,0,0,0,0,0,0,0,0,0,0,0,2048,0,1493776,27707392,38797312
1774390241.002297,2297,ubuntu-rog,1,0,0,65683160,33908200,51888780,565400,17192428,0,13507640,15740976,11516204,0,1991436,15740976,0,0,8388604,8388604,0,0,180,0,11491744,410812,25468,978828,1554748,978828,575920,15024,65572,0,0,0,0,41230184,14837184,34359738367,86956,0,80080,0,0,0,0,0,0,0,0,0,0,0,2048,0,1493776,27707392,38797312
1774390242.001060,1060,ubuntu-rog,1,0,0,65683160,33908848,51889428,565400,17192432,0,13507640,15740976,11516204,0,1991436,15740976,0,0,8388604,8388604,0,0,184,0,11491744,410812,25468,978828,1554748,978828,575920,15024,65572,0,0,0,0,41230184,14837184,34359738367,86956,0,80080,0,0,0,0,0,0,0,0,0,0,0,2048,0,1493776,27707392,38797312
1774390243.001062,1062,ubuntu-rog,1,0,0,65683160,33909012,51889592,565404,17192432,0,13507640,15740976,11516204,0,1991436,15740976,0,0,8388604,8388604,0,0,188,0,11491744,410812,25468,978828,1554748,978828,575920,15024,65572,0,0,0,0,41230184,14837184,34359738367,86972,0,80080,0,0,0,0,0,0,0,0,0,0,0,2048,0,1493776,27707392,38797312
1774390244.001297,1297,ubuntu-rog,1,0,0,65683160,33910720,51891300,565404,17192436,0,13507640,15740976,11516204,0,1991436,15740976,0,0,8388604,8388604,0,0,188,0,11491744,410812,25468,978828,1554748,978828,575920,15024,65572,0,0,0,0,41230184,14837184,34359738367,86940,0,80080,0,0,0,0,0,0,0,0,0,0,0,2048,0,1493776,27707392,38797312
1774390245.002194,2194,ubuntu-rog,1,0,0,65683160,33911972,51892552,565404,17192440,0,13507640,15740976,11516204,0,1991436,15740976,0,0,8388604,8388604,0,0,192,0,11491744,410812,25468,978828,1554748,978828,575920,15024,65572,0,0,0,0,41230184,14837184,34359738367,86940,0,80080,0,0,0,0,0,0,0,0,0,0,0,2048,0,1493776,27707392,38797312
1774390246.001299,1299,ubuntu-rog,1,0,0,65683160,33913024,51893604,565404,17192440,0,13507640,15740976,11516204,0,1991436,15740976,0,0,8388604,8388604,0,0,192,0,11491744,410812,25468,978828,1554748,978828,575920,15024,65572,0,0,0,0,41230184,14837184,34359738367,86940,0,80080,0,0,0,0,0,0,0,0,0,0,0,2048,0,1493776,27707392,38797312
1774390247.001058,1058,ubuntu-rog,1,0,0,65683160,33914212,51894792,565404,17192444,0,13507640,15740976,11516204,0,1991436,15740976,0,0,8388604,8388604,0,0,196,0,11491744,410812,25468,978828,1554748,978828,575920,15024,65572,0,0,0,0,41230184,14837184,34359738367,86940,0,80080,0,0,0,0,0,0,0,0,0,0,0,2048,0,1493776,27707392,38797312
1774390248.001060,1060,ubuntu-rog,1,0,0,65683160,33914848,51895428,565404,17192444,0,13507640,15740976,11516204,0,1991436,15740976,0,0,8388604,8388604,0,0,196,0,11491744,410812,25468,978828,1554748,978828,575920,15040,65572,0,0,0,0,41230184,14837184,34359738367,86940,0,80080,0,0,0,0,0,0,0,0,0,0,0,2048,0,1493776,27707392,38797312
1774390249.002298,2298,ubuntu-rog,1,0,0,65683160,33915900,51896480,565412,17192440,0,13507640,15740976,11516204,0,1991436,15740976,0,0,8388604,8388604,0,0,200,0,11491744,410812,25468,978828,1554748,978828,575920,15040,65572,0,0,0,0,41230184,14837184,34359738367,86940,0,80080,0,0,0,0,0,0,0,0,0,0,0,2048,0,1493776,27707392,38797312
1774390250.001199,1199,ubuntu-rog,1,0,0,65683160,33915920,51896500,565412,17192448,0,13507656,15740976,11516220,0,1991436,15740976,0,0,8388604,8388604,0,0,32,0,11491744,410812,25468,978828,1554748,978828,575920,15040,65572,0,0,0,0,41230184,14837184,34359738367,86940,0,80080,0,0,0,0,0,0,0,0,0,0,0,2048,0,1493776,27707392,38797312
1774390251.001300,1300,ubuntu-rog,1,0,0,65683160,33915920,51896500,565412,17192448,0,13507656,15740976,11516220,0,1991436,15740976,0,0,8388604,8388604,0,0,32,0,11491744,410812,25468,978828,1554748,978828,575920,15040,65572,0,0,0,0,41230184,14837184,34359738367,86940,0,80080,0,0,0,0,0,0,0,0,0,0,0,2048,0,1493776,27707392,38797312
1774390252.001059,1059,ubuntu-rog,1,0,0,65683160,33915920,51896500,565412,17192452,0,13507656,15740976,11516220,0,1991436,15740976,0,0,8388604,8388604,0,0,36,0,11491744,410812,25468,978828,1554752,978828,575924,15040,65572,0,0,0,0,41230184,14837184,34359738367,86940,0,80080,0,0,0,0,0,0,0,0,0,0,0,2048,0,1493776,27707392,38797312
1774390253.002059,2059,ubuntu-rog,1,0,0,65683160,33915920,51896500,565412,17192456,0,13507656,15740976,11516220,0,1991436,15740976,0,0,8388604,8388604,0,0,44,0,11491768,410812,25468,978828,1554752,978828,575924,15040,65572,0,0,0,0,41230184,14837184,34359738367,86940,0,80080,0,0,0,0,0,0,0,0,0,0,0,2048,0,1493776,27707392,38797312
1774390254.001300,1300,ubuntu-rog,1,0,0,65683160,33915920,51896500,565416,17192452,0,13507656,15740976,11516220,0,1991436,15740976,0,0,8388604,8388604,0,0,44,0,11491768,410812,25468,978828,1554752,978828,575924,15040,65572,0,0,0,0,41230184,14837184,34359738367,86940,0,80080,0,0,0,0,0,0,0,0,0,0,0,2048,0,1493776,27707392,38797312
1774390255.001194,1194,ubuntu-rog,1,0,0,65683160,33915920,51896500,565416,17192460,0,13507656,15740976,11516220,0,1991436,15740976,0,0,8388604,8388604,0,0,68,0,11491768,410812,25468,978828,1554752,978828,575924,15040,65572,0,0,0,0,41230184,14837184,34359738367,86940,0,80080,0,0,0,0,0,0,0,0,0,0,0,2048,0,1493776,27707392,38797312
1774390256.001293,1293,ubuntu-rog,1,0,0,65683160,33915920,51896500,565416,17192464,0,13507656,15740976,11516220,0,1991436,15740976,0,0,8388604,8388604,0,0,76,0,11491768,410812,25468,978828,1554752,978828,575924,15040,65572,0,0,0,0,41230184,14837184,34359738367,86940,0,80080,0,0,0,0,0,0,0,0,0,0,0,2048,0,1493776,27707392,38797312
1774390257.002056,2056,ubuntu-rog,1,0,0,65683160,33915920,51896500,565416,17192464,0,13507656,15740976,11516220,0,1991436,15740976,0,0,8388604,8388604,0,0,76,0,11491768,410812,25468,978828,1554752,978828,575924,15040,65572,0,0,0,0,41230184,14837184,34359738367,86940,0,80080,0,0,0,0,0,0,0,0,0,0,0,2048,0,1493776,27707392,38797312
1774390258.001060,1060,ubuntu-rog,1,0,0,65683160,33915920,51896500,565416,17192464,0,13507656,15740976,11516220,0,1991436,15740976,0,0,8388604,8388604,0,0,76,0,11491768,410812,25468,978828,1554752,978828,575924,15040,65572,0,0,0,0,41230184,14837184,34359738367,86940,0,80080,0,0,0,0,0,0,0,0,0,0,0,2048,0,1493776,27707392,38797312
1774390259.001299,1299,ubuntu-rog,1,0,0,65683160,33915920,51896500,565424,17192460,0,13507656,15740976,11516220,0,1991436,15740976,0,0,8388604,8388604,0,0,80,0,11491768,410812,25468,978828,1554752,978828,575924,15040,65572,0,0,0,0,41230184,14837184,34359738367,86940,0,80080,0,0,0,0,0,0,0,0,0,0,0,2048,0,1493776,27707392,38797312
1774390260.001194,1194,ubuntu-rog,1,0,0,65683160,33915920,51896524,565424,17192472,0,13507680,15741000,11516244,0,1991436,15741000,0,0,8388604,8388604,0,0,40,0,11491768,410812,25468,978828,1554752,978828,575924,15040,65572,0,0,0,0,41230184,14837184,34359738367,86940,0,80080,0,0,0,0,0,0,0,0,0,0,0,2048,0,1493776,27707392,38797312
1774390261.002294,2294,ubuntu-rog,1,0,0,65683160,33915920,51896524,565424,17192472,0,13507680,15741000,11516244,0,1991436,15741000,0,0,8388604,8388604,0,0,40,0,11491768,410812,25468,978828,1554752,978828,575924,15040,65572,0,0,0,0,41230184,14837184,34359738367,86940,0,80080,0,0,0,0,0,0,0,0,0,0,0,2048,0,1493776,27707392,38797312
1774390262.001059,1059,ubuntu-rog,1,0,0,65683160,33915920,51896524,565424,17192476,0,13507680,15741000,11516244,0,1991436,15741000,0,0,8388604,8388604,0,0,48,0,11491768,410812,25468,978828,1554752,978828,575924,15040,65572,0,0,0,0,41230184,14837184,34359738367,86940,0,80080,0,0,0,0,0,0,0,0,0,0,0,2048,0,1493776,27707392,38797312
1774390263.001062,1062,ubuntu-rog,1,0,0,65683160,33915920,51896524,565424,17192476,0,13507680,15741000,11516244,0,1991436,15741000,0,0,8388604,8388604,0,0,48,0,11491768,410812,25468,978828,1554752,978828,575924,15040,65572,0,0,0,0,41230184,14837184,34359738367,86940,0,80080,0,0,0,0,0,0,0,0,0,0,0,2048,0,1493776,27707392,38797312
1774390264.001299,1299,ubuntu-rog,1,0,0,65683160,33915920,51896524,565428,17192472,0,13507680,15741000,11516244,0,1991436,15741000,0,0,8388604,8388604,0,0,48,0,11491768,410812,25468,978828,1554752,978828,575924,15040,65572,0,0,0,0,41230184,14837184,34359738367,86940,0,80080,0,0,0,0,0,0,0,0,0,0,0,2048,0,1493776,27707392,38797312
1774390265.002194,2194,ubuntu-rog,1,0,0,65683160,33915920,51896524,565428,17192476,0,13507680,15741000,11516244,0,1991436,15741000,0,0,8388604,8388604,0,0,52,0,11491768,410812,25468,978828,1554752,978828,575924,15040,65572,0,0,0,0,41230184,14837184,34359738367,86940,0,80080,0,0,0,0,0,0,0,0,0,0,0,2048,0,1493776,27707392,38797312
1774390266.001298,1298,ubuntu-rog,1,0,0,65683160,33915416,51896020,565428,17192484,0,13507680,15741000,11516244,0,1991436,15741000,0,0,8388604,8388604,0,0,60,0,11491768,410812,25468,978828,1554752,978828,575924,15040,65572,0,0,0,0,41230184,14837184,34359738367,86940,0,80080,0,0,0,0,0,0,0,0,0,0,0,2048,0,1493776,27707392,38797312
1774390267.001060,1060,ubuntu-rog,1,0,0,65683160,33915416,51896020,565428,17192484,0,13507680,15741000,11516244,0,1991436,15741000,0,0,8388604,8388604,0,0,60,0,11491768,410812,25468,978828,1554752,978828,575924,15040,65572,0,0,0,0,41230184,14837184,34359738367,86940,0,80080,0,0,0,0,0,0,0,0,0,0,0,2048,0,1493776,27707392,38797312
1774390268.001061,1061,ubuntu-rog,1,0,0,65683160,33915416,51896020,565428,17192488,0,13507680,15741000,11516244,0,1991436,15741000,0,0,8388604,8388604,0,0,64,0,11491768,410812,25468,978828,1554752,978828,575924,15040,65572,0,0,0,0,41230184,14837184,34359738367,86940,0,80080,0,0,0,0,0,0,0,0,0,0,0,2048,0,1493776,27707392,38797312
1774390269.002298,2298,ubuntu-rog,1,0,0,65683160,33915416,51896020,565432,17192488,0,13507680,15741000,11516244,0,1991436,15741000,0,0,8388604,8388604,0,0,68,0,11491768,410812,25468,978828,1554752,978828,575924,15040,65572,0,0,0,0,41230184,14837184,34359738367,86940,0,80080,0,0,0,0,0,0,0,0,0,0,0,2048,0,1493776,27707392,38797312
1774390270.001198,1198,ubuntu-rog,1,0,0,65683160,33915416,51896020,565432,17192492,0,13507680,15741000,11516244,0,1991436,15741000,0,0,8388604,8388604,0,0,68,0,11491768,410812,25468,978828,1554752,978828,575924,15040,65572,0,0,0,0,41230184,14837184,34359738367,86940,0,80080,0,0,0,0,0,0,0,0,0,0,0,2048,0,1493776,27707392,38797312
1774390271.001301,1301,ubuntu-rog,1,0,0,65683160,33915416,51896020,565432,17192492,0,13507488,15741000,11516052,0,1991436,15741000,0,0,8388604,8388604,0,0,68,0,11491576,410812,25468,978828,1554752,978828,575924,15040,65572,0,0,0,0,41230184,14836992,34359738367,86940,0,80080,0,0,0,0,0,0,0,0,0,0,0,2048,0,1493776,27707392,38797312
1774390272.001059,1059,ubuntu-rog,1,0,0,65683160,33915416,51896020,565432,17192496,0,13507488,15741000,11516052,0,1991436,15741000,0,0,8388604,8388604,0,0,72,0,11491576,410812,25468,978828,1554752,978828,575924,15040,65572,0,0,0,0,41230184,14836992,34359738367,86940,0,80080,0,0,0,0,0,0,0,0,0,0,0,2048,0,1493776,27707392,38797312
1774390273.002061,2061,ubuntu-rog,1,0,0,65683160,33915416,51896020,565432,17192500,0,13507488,15741000,11516052,0,1991436,15741000,0,0,8388604,8388604,0,0,76,0,11491576,410812,25468,978828,1554752,978828,575924,15040,65572,0,0,0,0,41230184,14836992,34359738367,86940,0,80080,0,0,0,0,0,0,0,0,0,0,0,2048,0,1493776,27707392,38797312
1774390274.001294,1294,ubuntu-rog,1,0,0,65683160,33915416,51896020,565432,17192500,0,13507488,15741000,11516052,0,1991436,15741000,0,0,8388604,8388604,0,0,76,0,11491576,410812,25468,978828,1554752,978828,575924,15040,65572,0,0,0,0,41230184,14836992,34359738367,86940,0,80080,0,0,0,0,0,0,0,0,0,0,0,2048,0,1493776,27707392,38797312
1774390275.001203,1203,ubuntu-rog,1,0,0,65683160,33915416,51896020,565432,17192500,0,13507488,15741000,11516052,0,1991436,15741000,0,0,8388604,8388604,0,0,80,0,11491576,410812,25468,978828,1554752,978828,575924,15040,65572,0,0,0,0,41230184,14836992,34359738367,86940,0,80080,0,0,0,0,0,0,0,0,0,0,0,2048,0,1493776,27707392,38797312
1774390276.001297,1297,ubuntu-rog,1,0,0,65683160,33915668,51896276,565432,17192504,0,13507488,15741000,11516052,0,1991436,15741000,0,0,8388604,8388604,0,0,84,0,11491576,410812,25468,978832,1554756,978832,575924,15040,65572,0,0,0,0,41230184,14836992,34359738367,86940,0,80080,0,0,0,0,0,0,0,0,0,0,0,2048,0,1493776,27707392,38797312
1774390277.002058,2058,ubuntu-rog,1,0,0,65683160,33915668,51896276,565432,17192504,0,13507488,15741000,11516052,0,1991436,15741000,0,0,8388604,8388604,0,0,84,0,11491576,410812,25468,978832,1554756,978832,575924,15040,65572,0,0,0,0,41230184,14836992,34359738367,86940,0,80080,0,0,0,0,0,0,0,0,0,0,0,2048,0,1493776,27707392,38797312
1774390278.001060,1060,ubuntu-rog,1,0,0,65683160,33915668,51896276,565432,17192504,0,13507488,15741000,11516052,0,1991436,15741000,0,0,8388604,8388604,0,0,84,0,11491576,410812,25468,978832,1554756,978832,575924,15040,65572,0,0,0,0,41230184,14836992,34359738367,86940,0,80080,0,0,0,0,0,0,0,0,0,0,0,2048,0,1493776,27707392,38797312
1774390279.001291,1291,ubuntu-rog,1,0,0,65683160,33915668,51896276,565440,17192500,0,13507488,15741000,11516052,0,1991436,15741000,0,0,8388604,8388604,0,0,88,0,11491576,410812,25468,978832,1554756,978832,575924,15040,65572,0,0,0,0,41230184,14836992,34359738367,86940,0,80080,0,0,0,0,0,0,0,0,0,0,0,2048,0,1493776,27707392,38797312
1774390280.001193,1193,ubuntu-rog,1,0,0,65683160,33915668,51896276,565440,17192512,0,13507488,15741000,11516052,0,1991436,15741000,0,0,8388604,8388604,0,0,92,0,11491576,410812,25468,978832,1554756,978832,575924,15040,65572,0,0,0,0,41230184,14836992,34359738367,86940,0,80080,0,0,0,0,0,0,0,0,0,0,0,2048,0,1493776,27707392,38797312
1774390281.002289,2289,ubuntu-rog,1,0,0,65683160,33915668,51896276,565440,17192516,0,13507488,15741000,11516052,0,1991436,15741000,0,0,8388604,8388604,0,0,96,0,11491576,410812,25468,978832,1554756,978832,575924,15040,65572,0,0,0,0,41230184,14836992,34359738367,86940,0,80080,0,0,0,0,0,0,0,0,0,0,0,2048,0,1493776,27707392,38797312
1774390282.001058,1058,ubuntu-rog,1,0,0,65683160,33915668,51896276,565440,17192516,0,13507488,15741000,11516052,0,1991436,15741000,0,0,8388604,8388604,0,0,96,0,11491576,410812,25468,978832,1554756,978832,575924,15040,65572,0,0,0,0,41230184,14836992,34359738367,86940,0,80080,0,0,0,0,0,0,0,0,0,0,0,2048,0,1493776,27707392,38797312
1774390283.001061,1061,ubuntu-rog,1,0,0,65683160,33915668,51896276,565440,17192520,0,13507488,15741000,11516052,0,1991436,15741000,0,0,8388604,8388604,0,0,100,0,11491576,410812,25468,978832,1554760,978832,575928,15040,65572,0,0,0,0,41230184,14836992,34359738367,86940,0,80080,0,0,0,0,0,0,0,0,0,0,0,2048,0,1493776,27707392,38797312
1774390284.001280,1280,ubuntu-rog,1,0,0,65683160,33915668,51896276,565440,17192520,0,13507488,15741000,11516052,0,1991436,15741000,0,0,8388604,8388604,0,0,100,0,11491576,410812,25468,978832,1554760,978832,575928,15040,65572,0,0,0,0,41230184,14836992,34359738367,86940,0,80080,0,0,0,0,0,0,0,0,0,0,0,2048,0,1493776,27707392,38797312
1774390285.002188,2188,ubuntu-rog,1,0,0,65683160,33915668,51896276,565440,17192524,0,13507600,15741000,11516164,0,1991436,15741000,0,0,8388604,8388604,0,0,76,24,11491596,410812,25468,978832,1554760,978832,575928,15040,65572,0,0,0,0,41230184,14836992,34359738367,86940,0,80080,0,0,0,0,0,0,0,0,0,0,0,2048,0,1493776,27707392,38797312
1774390286.001290,1290,ubuntu-rog,1,0,0,65683160,33915668,51896276,565440,17192524,0,13507600,15741000,11516164,0,1991436,15741000,0,0,8388604,8388604,0,0,32,0,11491596,410812,25468,978832,1554760,978832,575928,15040,65572,0,0,0,0,41230184,14836992,34359738367,86940,0,80080,0,0,0,0,0,0,0,0,0,0,0,2048,0,1493776,27707392,38797312
1774390287.001399,1399,ubuntu-rog,1,0,0,65683160,33915920,51896528,565440,17192528,0,13507600,15741000,11516164,0,1991436,15741000,0,0,8388604,8388604,0,0,36,0,11491596,410812,25468,978832,1554760,978832,575928,15040,65572,0,0,0,0,41230184,14836992,34359738367,86940,0,80080,0,0,0,0,0,0,0,0,0,0,0,2048,0,1493776,27707392,38797312
1774390288.002064,2064,ubuntu-rog,1,0,0,65683160,33915920,51896528,565440,17192528,0,13507600,15741000,11516164,0,1991436,15741000,0,0,8388604,8388604,0,0,36,0,11491596,410812,25468,978832,1554760,978832,575928,15040,65572,0,0,0,0,41230184,14836992,34359738367,86940,0,80080,0,0,0,0,0,0,0,0,0,0,0,2048,0,1493776,27707392,38797312
1774390289.001289,1289,ubuntu-rog,1,0,0,65683160,33915920,51896528,565440,17192528,0,13507600,15741000,11516164,0,1991436,15741000,0,0,8388604,8388604,0,0,36,0,11491596,410812,25468,978832,1554760,978832,575928,15040,65572,0,0,0,0,41230184,14836992,34359738367,86940,0,80080,0,0,0,0,0,0,0,0,0,0,0,2048,0,1493776,27707392,38797312
1774390290.001191,1191,ubuntu-rog,1,0,0,65683160,33915920,51896528,565440,17192532,0,13507600,15741000,11516164,0,1991436,15741000,0,0,8388604,8388604,0,0,64,0,11491596,410812,25468,978832,1554760,978832,575928,15040,65572,0,0,0,0,41230184,14836992,34359738367,86940,0,80080,0,0,0,0,0,0,0,0,0,0,0,2048,0,1493776,27707392,38797312
1774390291.001294,1294,ubuntu-rog,1,0,0,65683160,33915920,51896652,565440,17192536,0,13507600,15741124,11516164,0,1991436,15741124,0,0,8388604,8388604,0,0,72,0,11491596,410812,25468,978832,1554760,978832,575928,15040,65572,0,0,0,0,41230184,14836992,34359738367,86940,0,80080,0,0,0,0,0,0,0,0,0,0,0,2048,0,1493776,27707392,38797312
1774390292.002056,2056,ubuntu-rog,1,0,0,65683160,33915920,51896652,565440,17192536,0,13507600,15741124,11516164,0,1991436,15741124,0,0,8388604,8388604,0,0,72,0,11491596,410812,25468,978832,1554760,978832,575928,15040,65572,0,0,0,0,41230184,14836992,34359738367,86940,0,80080,0,0,0,0,0,0,0,0,0,0,0,2048,0,1493776,27707392,38797312
1774390293.001070,1070,ubuntu-rog,1,0,0,65683160,33915920,51896652,565440,17192540,0,13507600,15741124,11516164,0,1991436,15741124,0,0,8388604,8388604,0,0,80,0,11491596,410812,25468,978832,1554760,978832,575928,15040,65572,0,0,0,0,41230184,14836992,34359738367,86940,0,80080,0,0,0,0,0,0,0,0,0,0,0,2048,0,1493776,27707392,38797312
1774390294.001298,1298,ubuntu-rog,1,0,0,65683160,33915920,51896652,565440,17192544,0,13507600,15741124,11516164,0,1991436,15741124,0,0,8388604,8388604,0,0,84,0,11491596,410812,25468,978832,1554760,978832,575928,15040,65572,0,0,0,0,41230184,14836992,34359738367,86940,0,80080,0,0,0,0,0,0,0,0,0,0,0,2048,0,1493776,27707392,38797312
1774390295.001196,1196,ubuntu-rog,1,0,0,65683160,33915920,51896652,565448,17192536,0,13507600,15741124,11516164,0,1991436,15741124,0,0,8388604,8388604,0,0,84,0,11491596,410812,25468,978832,1554760,978832,575928,15040,65572,0,0,0,0,41230184,14836992,34359738367,86940,0,80080,0,0,0,0,0,0,0,0,0,0,0,2048,0,1493776,27707392,38797312
1774390296.002293,2293,ubuntu-rog,1,0,0,65683160,33915920,51896652,565448,17192544,0,13507648,15741124,11516212,0,1991436,15741124,0,0,8388604,8388604,0,0,40,0,11491596,410812,25468,978832,1554760,978832,575928,15040,65572,0,0,0,0,41230184,14836992,34359738367,86940,0,80080,0,0,0,0,0,0,0,0,0,0,0,2048,0,1493776,27707392,38797312
1774390297.001059,1059,ubuntu-rog,1,0,0,65683160,33915920,51896652,565448,17192552,0,13507648,15741124,11516212,0,1991436,15741124,0,0,8388604,8388604,0,0,52,0,11491596,410812,25468,978832,1554760,978832,575928,15040,65572,0,0,0,0,41230184,14836992,34359738367,86940,0,80080,0,0,0,0,0,0,0,0,0,0,0,2048,0,1493776,27707392,38797312
1774390298.001059,1059,ubuntu-rog,1,0,0,65683160,33915920,51896652,565448,17192552,0,13507648,15741124,11516212,0,1991436,15741124,0,0,8388604,8388604,0,0,52,0,11491596,410812,25468,978832,1554760,978832,575928,15040,65572,0,0,0,0,41230184,14836992,34359738367,86940,0,80080,0,0,0,0,0,0,0,0,0,0,0,2048,0,1493776,27707392,38797312
1774390299.001282,1282,ubuntu-rog,1,0,0,65683160,33915920,51896652,565448,17192552,0,13507648,15741124,11516212,0,1991436,15741124,0,0,8388604,8388604,0,0,52,0,11491596,410812,25468,978832,1554760,978832,575928,15040,65572,0,0,0,0,41230184,14836992,34359738367,86940,0,80080,0,0,0,0,0,0,0,0,0,0,0,2048,0,1493776,27707392,38797312
1774390300.002199,2199,ubuntu-rog,1,0,0,65683160,33915920,51896652,565452,17192548,0,13507648,15741124,11516212,0,1991436,15741124,0,0,8388604,8388604,0,0,52,0,11491596,410812,25468,978832,1554760,978832,575928,15040,65572,0,0,0,0,41230184,14836992,34359738367,86940,0,80080,0,0,0,0,0,0,0,0,0,0,0,2048,0,1493776,27707392,38797312
1774390301.001299,1299,ubuntu-rog,1,0,0,65683160,33915920,51896652,565452,17192556,0,13507648,15741124,11516212,0,1991436,15741124,0,0,8388604,8388604,0,0,60,0,11491596,410812,25468,978832,1554760,978832,575928,15040,65572,0,0,0,0,41230184,14836992,34359738367,86940,0,80080,0,0,0,0,0,0,0,0,0,0,0,2048,0,1493776,27707392,38797312
1774390302.001063,1063,ubuntu-rog,1,0,0,65683160,33915920,51896652,565452,17192556,0,13507648,15741124,11516212,0,1991436,15741124,0,0,8388604,8388604,0,0,60,0,11491596,410812,25468,978832,1554760,978832,575928,15040,65572,0,0,0,0,41230184,14836992,34359738367,86940,0,80080,0,0,0,0,0,0,0,0,0,0,0,2048,0,1493776,27707392,38797312
1774390303.001062,1062,ubuntu-rog,1,0,0,65683160,33915920,51896652,565452,17192556,0,13507648,15741124,11516212,0,1991436,15741124,0,0,8388604,8388604,0,0,60,0,11491596,410812,25468,978832,1554760,978832,575928,15040,65572,0,0,0,0,41230184,14836992,34359738367,86940,0,80080,0,0,0,0,0,0,0,0,0,0,0,2048,0,1493776,27707392,38797312
1774390304.002292,2292,ubuntu-rog,1,0,0,65683160,33915920,51896652,565452,17192564,0,13507648,15741124,11516212,0,1991436,15741124,0,0,8388604,8388604,0,0,68,0,11491596,410812,25468,978832,1554760,978832,575928,15040,65572,0,0,0,0,41230184,14836992,34359738367,86940,0,80080,0,0,0,0,0,0,0,0,0,0,0,2048,0,1493776,27707392,38797312
1774390305.001193,1193,ubuntu-rog,1,0,0,65683160,33915920,51896652,565456,17192564,0,13507648,15741124,11516212,0,1991436,15741124,0,0,8388604,8388604,0,0,72,0,11491596,410812,25468,978832,1554760,978832,575928,15040,65572,0,0,0,0,41230184,14836992,34359738367,86940,0,80080,0,0,0,0,0,0,0,0,0,0,0,2048,0,1493776,27707392,38797312
1774390306.001304,1304,ubuntu-rog,1,0,0,65683160,33915920,51896652,565456,17192568,0,13507648,15741124,11516212,0,1991436,15741124,0,0,8388604,8388604,0,0,72,0,11491596,410812,25468,978832,1554760,978832,575928,15040,65572,0,0,0,0,41230184,14836992,34359738367,86940,0,80080,0,0,0,0,0,0,0,0,0,0,0,2048,0,1493776,27707392,38797312
1774390307.001059,1059,ubuntu-rog,1,0,0,65683160,33915920,51896652,565456,17192568,0,13507648,15741124,11516212,0,1991436,15741124,0,0,8388604,8388604,0,0,72,0,11491596,410812,25468,978832,1554760,978832,575928,15040,65572,0,0,0,0,41230184,14836992,34359738367,86940,0,80080,0,0,0,0,0,0,0,0,0,0,0,2048,0,1493776,27707392,38797312
1774390308.002057,2057,ubuntu-rog,1,0,0,65683160,33915920,51896652,565456,17192572,0,13507648,15741124,11516212,0,1991436,15741124,0,0,8388604,8388604,0,0,76,0,11491596,410812,25468,978832,1554760,978832,575928,15040,65572,0,0,0,0,41230184,14836992,34359738367,86940,0,80080,0,0,0,0,0,0,0,0,0,0,0,2048,0,1493776,27707392,38797312
1774390309.001292,1292,ubuntu-rog,1,0,0,65683160,33915920,51896652,565456,17192572,0,13507648,15741124,11516212,0,1991436,15741124,0,0,8388604,8388604,0,0,76,0,11491596,410812,25468,978832,1554760,978832,575928,15040,65572,0,0,0,0,41230184,14836992,34359738367,86940,0,80080,0,0,0,0,0,0,0,0,0,0,0,2048,0,1493776,27707392,38797312
1774390310.001191,1191,ubuntu-rog,1,0,0,65683160,33915920,51896652,565464,17192568,0,13507648,15741124,11516212,0,1991436,15741124,0,0,8388604,8388604,0,0,80,0,11491596,410812,25468,978832,1554760,978832,575928,15040,65572,0,0,0,0,41230184,14836992,34359738367,86940,0,80080,0,0,0,0,0,0,0,0,0,0,0,2048,0,1493776,27707392,38797312
1774390311.001294,1294,ubuntu-rog,1,0,0,65683160,33915920,51896652,565464,17192580,0,13507648,15741124,11516212,0,1991436,15741124,0,0,8388604,8388604,0,0,84,0,11491596,410812,25468,978832,1554760,978832,575928,15040,65572,0,0,0,0,41230184,14836992,34359738367,86940,0,80080,0,0,0,0,0,0,0,0,0,0,0,2048,0,1493776,27707392,38797312
1774390312.002060,2060,ubuntu-rog,1,0,0,65683160,33915920,51896652,565464,17192580,0,13507648,15741124,11516212,0,1991436,15741124,0,0,8388604,8388604,0,0,84,0,11491596,410812,25468,978832,1554760,978832,575928,15040,65572,0,0,0,0,41230184,14836992,34359738367,86940,0,80080,0,0,0,0,0,0,0,0,0,0,0,2048,0,1493776,27707392,38797312
1774390313.001063,1063,ubuntu-rog,1,0,0,65683160,33915920,51896652,565464,17192580,0,13507648,15741124,11516212,0,1991436,15741124,0,0,8388604,8388604,0,0,84,0,11491596,410812,25468,978832,1554760,978832,575928,15040,65572,0,0,0,0,41230184,14836992,34359738367,86940,0,80080,0,0,0,0,0,0,0,0,0,0,0,2048,0,1493776,27707392,38797312
1774390314.001293,1293,ubuntu-rog,1,0,0,65683160,33915920,51896652,565464,17192584,0,13507648,15741124,11516212,0,1991436,15741124,0,0,8388604,8388604,0,0,88,0,11491596,410812,25468,978832,1554760,978832,575928,15040,65572,0,0,0,0,41230184,14836992,34359738367,86940,0,80080,0,0,0,0,0,0,0,0,0,0,0,2048,0,1493776,27707392,38797312
1774390315.001190,1190,ubuntu-rog,1,0,0,65683160,33915920,51896652,565468,17192580,0,13507648,15741124,11516212,0,1991436,15741124,0,0,8388604,8388604,0,0,88,0,11491596,410812,25468,978832,1554760,978832,575928,15040,65572,0,0,0,0,41230184,14836992,34359738367,86940,0,80080,0,0,0,0,0,0,0,0,0,0,0,2048,0,1493776,27707392,38797312
1774390316.002289,2289,ubuntu-rog,1,0,0,65683160,33915920,51896652,565468,17192588,0,13507648,15741124,11516212,0,1991436,15741124,0,0,8388604,8388604,0,0,92,0,11491596,410812,25468,978832,1554760,978832,575928,15040,65572,0,0,0,0,41230184,14836992,34359738367,86940,0,80080,0,0,0,0,0,0,0,0,0,0,0,2048,0,1493776,27707392,38797312
1774390317.001059,1059,ubuntu-rog,1,0,0,65683160,33915920,51896652,565468,17192588,0,13507648,15741124,11516212,0,1991436,15741124,0,0,8388604,8388604,0,0,92,0,11491596,410812,25468,978832,1554760,978832,575928,15040,65572,0,0,0,0,41230184,14836992,34359738367,86940,0,80080,0,0,0,0,0,0,0,0,0,0,0,2048,0,1493776,27707392,38797312
1774390318.001068,1068,ubuntu-rog,1,0,0,65683160,33915920,51896652,565468,17192596,0,13507648,15741124,11516212,0,1991436,15741124,0,0,8388604,8388604,0,0,100,0,11491596,410812,25468,978832,1554760,978832,575928,15040,65572,0,0,0,0,41230184,14836992,34359738367,86940,0,80080,0,0,0,0,0,0,0,0,0,0,0,2048,0,1493776,27707392,38797312
1774390319.001304,1304,ubuntu-rog,1,0,0,65683160,33915920,51896652,565468,17192596,0,13507648,15741124,11516212,0,1991436,15741124,0,0,8388604,8388604,0,0,100,0,11491596,410812,25468,978832,1554760,978832,575928,15040,65572,0,0,0,0,41230184,14836992,34359738367,86940,0,80080,0,0,0,0,0,0,0,0,0,0,0,2048,0,1493776,27707392,38797312
1774390320.002185,2185,ubuntu-rog,1,0,0,65683160,33915920,51896696,565476,17192588,0,13507668,15741168,11516232,0,1991436,15741168,0,0,8388604,8388604,0,0,72,0,11491596,410812,25468,978832,1554760,978832,575928,15040,65572,0,0,0,0,41230184,14836992,34359738367,86940,0,80080,0,0,0,0,0,0,0,0,0,0,0,2048,0,1493776,27707392,38797312
1774390321.001294,1294,ubuntu-rog,1,0,0,65683160,33915920,51896696,565476,17192600,0,13507668,15741168,11516232,0,1991436,15741168,0,0,8388604,8388604,0,0,80,0,11491596,410812,25468,978832,1554760,978832,575928,15040,65572,0,0,0,0,41230184,14836992,34359738367,86940,0,80080,0,0,0,0,0,0,0,0,0,0,0,2048,0,1493776,27707392,38797312
1774390322.001060,1060,ubuntu-rog,1,0,0,65683160,33915920,51896696,565476,17192600,0,13507668,15741168,11516232,0,1991436,15741168,0,0,8388604,8388604,0,0,56,0,11491596,410812,25468,978832,1554760,978832,575928,15040,65572,0,0,0,0,41230184,14836992,34359738367,86940,0,80080,0,0,0,0,0,0,0,0,0,0,0,2048,0,1493776,27707392,38797312
1774390323.001061,1061,ubuntu-rog,1,0,0,65683160,33915920,51896696,565476,17192604,0,13507668,15741168,11516232,0,1991436,15741168,0,0,8388604,8388604,0,0,64,0,11491596,410812,25468,978832,1554760,978832,575928,15040,65572,0,0,0,0,41230184,14836992,34359738367,86940,0,80080,0,0,0,0,0,0,0,0,0,0,0,2048,0,1493776,27707392,38797312
1774390324.001272,1272,ubuntu-rog,1,0,0,65683160,33915920,51896696,565476,17192604,0,13507668,15741168,11516232,0,1991436,15741168,0,0,8388604,8388604,0,0,64,0,11491596,410812,25468,978832,1554760,978832,575928,15040,65572,0,0,0,0,41230184,14836992,34359738367,86940,0,80080,0,0,0,0,0,0,0,0,0,0,0,2048,0,1493776,27707392,38797312
1774390325.001246,1246,ubuntu-rog,1,0,0,65683160,33915920,51896696,565484,17192600,0,13507668,15741168,11516232,0,1991436,15741168,0,0,8388604,8388604,0,0,68,0,11491596,410812,25468,978832,1554760,978832,575928,15040,65572,0,0,0,0,41230184,14836992,34359738367,86940,0,80080,0,0,0,0,0,0,0,0,0,0,0,2048,0,1493776,27707392,38797312
1774390326.001323,1323,ubuntu-rog,1,0,0,65683160,33915920,51896696,565484,17192608,0,13507668,15741168,11516232,0,1991436,15741168,0,0,8388604,8388604,0,0,80,0,11491596,410812,25468,978832,1554760,978832,575928,15040,65572,0,0,0,0,41230184,14836992,34359738367,86940,0,80080,0,0,0,0,0,0,0,0,0,0,0,2048,0,1493776,27707392,38797312
1774390327.001097,1097,ubuntu-rog,1,0,0,65683160,33915920,51896696,565484,17192608,0,13507668,15741168,11516232,0,1991436,15741168,0,0,8388604,8388604,0,0,64,0,11491596,410812,25468,978832,1554760,978832,575928,15040,65572,0,0,0,0,41230184,14836992,34359738367,86940,0,80080,0,0,0,0,0,0,0,0,0,0,0,2048,0,1493776,27707392,38797312
1774390328.001100,1100,ubuntu-rog,1,0,0,65683160,33915920,51896696,565484,17192612,0,13507668,15741168,11516232,0,1991436,15741168,0,0,8388604,8388604,0,0,68,0,11491596,410812,25468,978832,1554760,978832,575928,15040,65572,0,0,0,0,41230184,14836992,34359738367,86940,0,80080,0,0,0,0,0,0,0,0,0,0,0,2048,0,1493776,27707392,38797312
1774390329.001327,1327,ubuntu-rog,1,0,0,65683160,33915920,51896696,565484,17192616,0,13507668,15741168,11516232,0,1991436,15741168,0,0,8388604,8388604,0,0,72,0,11491596,410812,25468,978832,1554760,978832,575928,15040,65572,0,0,0,0,41230184,14836992,34359738367,86940,0,80080,0,0,0,0,0,0,0,0,0,0,0,2048,0,1493776,27707392,38797312
1774390330.001227,1227,ubuntu-rog,1,0,0,65683160,33915920,51896696,565488,17192616,0,13507668,15741168,11516232,0,1991436,15741168,0,0,8388604,8388604,0,0,80,0,11491596,410812,25468,978832,1554760,978832,575928,15040,65572,0,0,0,0,41230184,14836992,34359738367,86940,0,80080,0,0,0,0,0,0,0,0,0,0,0,2048,0,1493776,27707392,38797312
1774390331.004313,4313,ubuntu-rog,1,0,0,65683160,33915920,51896700,565488,17192620,0,13507668,15741168,11516232,0,1991436,15741168,0,0,8388604,8388604,0,0,84,0,11491596,410812,25468,978836,1554764,978836,575928,15040,65572,0,0,0,0,41230184,14836992,34359738367,86940,0,80080,0,0,0,0,0,0,0,0,0,0,0,2048,0,1493776,27707392,38797312
1774390332.001083,1083,ubuntu-rog,1,0,0,65683160,33915920,51896700,565488,17192624,0,13507668,15741168,11516232,0,1991436,15741168,0,0,8388604,8388604,0,0,40,0,11491596,410812,25468,978836,1554764,978836,575928,15040,65572,0,0,0,0,41230184,14836992,34359738367,86940,0,80080,0,0,0,0,0,0,0,0,0,0,0,2048,0,1493776,27707392,38797312
1774390333.001089,1089,ubuntu-rog,1,0,0,65683160,33915920,51896700,565488,17192624,0,13507668,15741168,11516232,0,1991436,15741168,0,0,8388604,8388604,0,0,40,0,11491596,410812,25468,978836,1554764,978836,575928,15040,65572,0,0,0,0,41230184,14836992,34359738367,86940,0,80080,0,0,0,0,0,0,0,0,0,0,0,2048,0,1493776,27707392,38797312
1774390334.001307,1307,ubuntu-rog,1,0,0,65683160,33915920,51896700,565488,17192624,0,13507668,15741168,11516232,0,1991436,15741168,0,0,8388604,8388604,0,0,40,0,11491596,410812,25468,978836,1554764,978836,575928,15040,65572,0,0,0,0,41230184,14836992,34359738367,86940,0,80080,0,0,0,0,0,0,0,0,0,0,0,2048,0,1493776,27707392,38797312
1774390335.001231,1231,ubuntu-rog,1,0,0,65683160,33915920,51896700,565496,17192624,0,13507668,15741168,11516232,0,1991436,15741168,0,0,8388604,8388604,0,0,52,0,11491596,410812,25468,978836,1554764,978836,575928,15040,65572,0,0,0,0,41230184,14836992,34359738367,86940,0,80080,0,0,0,0,0,0,0,0,0,0,0,2048,0,1493776,27707392,38797312
1774390336.001318,1318,ubuntu-rog,1,0,0,65683160,33915920,51896700,565496,17192632,0,13507668,15741168,11516232,0,1991436,15741168,0,0,8388604,8388604,0,0,56,0,11491612,410812,25468,978836,1554764,978836,575928,15040,65572,0,0,0,0,41230184,14836992,34359738367,86940,0,80080,0,0,0,0,0,0,0,0,0,0,0,2048,0,1493776,27707392,38797312
1774390337.004059,4059,ubuntu-rog,1,0,0,65683160,33915920,51896700,565496,17192632,0,13507668,15741168,11516232,0,1991436,15741168,0,0,8388604,8388604,0,0,56,0,11491612,410812,25468,978836,1554764,978836,575928,15040,65572,0,0,0,0,41230184,14836992,34359738367,86940,0,80080,0,0,0,0,0,0,0,0,0,0,0,2048,0,1493776,27707392,38797312
1774390338.001076,1076,ubuntu-rog,1,0,0,65683160,33915920,51896700,565496,17192632,0,13507668,15741168,11516232,0,1991436,15741168,0,0,8388604,8388604,0,0,56,0,11491612,410812,25468,978836,1554764,978836,575928,15040,65572,0,0,0,0,41230184,14836992,34359738367,86940,0,80080,0,0,0,0,0,0,0,0,0,0,0,2048,0,1493776,27707392,38797312
1774390339.001312,1312,ubuntu-rog,1,0,0,65683160,33915920,51896700,565496,17192636,0,13507668,15741168,11516232,0,1991436,15741168,0,0,8388604,8388604,0,0,60,0,11491612,410812,25468,978836,1554764,978836,575928,15040,65572,0,0,0,0,41230184,14836992,34359738367,86940,0,80080,0,0,0,0,0,0,0,0,0,0,0,2048,0,1493776,27707392,38797312
1774390340.001210,1210,ubuntu-rog,1,0,0,65683160,33915920,51896700,565500,17192632,0,13507668,15741168,11516232,0,1991436,15741168,0,0,8388604,8388604,0,0,60,0,11491612,410812,25468,978836,1554768,978836,575932,15040,65572,0,0,0,0,41230184,14836992,34359738367,86940,0,80080,0,0,0,0,0,0,0,0,0,0,0,2048,0,1493776,27707392,38797312
1774390341.001318,1318,ubuntu-rog,1,0,0,65683160,33915920,51896700,565500,17192636,0,13507668,15741168,11516232,0,1991436,15741168,0,0,8388604,8388604,0,0,60,0,11491612,410812,25468,978836,1554768,978836,575932,15040,65572,0,0,0,0,41230184,14836992,34359738367,86940,0,80080,0,0,0,0,0,0,0,0,0,0,0,2048,0,1493776,27707392,38797312
1774390342.001092,1092,ubuntu-rog,1,0,0,65683160,33915920,51896700,565500,17192644,0,13507668,15741168,11516232,0,1991436,15741168,0,0,8388604,8388604,0,0,68,0,11491612,410812,25468,978836,1554768,978836,575932,15040,65572,0,0,0,0,41230184,14836992,34359738367,86940,0,80080,0,0,0,0,0,0,0,0,0,0,0,2048,0,1493776,27707392,38797312
1774390343.001108,1108,ubuntu-rog,1,0,0,65683160,33915920,51896700,565500,17192648,0,13507668,15741168,11516232,0,1991436,15741168,0,0,8388604,8388604,0,0,72,0,11491612,410812,25468,978836,1554768,978836,575932,15040,65572,0,0,0,0,41230184,14836992,34359738367,86940,0,80080,0,0,0,0,0,0,0,0,0,0,0,2048,0,1493776,27707392,38797312
1774390344.001331,1331,ubuntu-rog,1,0,0,65683160,33915920,51896700,565500,17192648,0,13507668,15741168,11516232,0,1991436,15741168,0,0,8388604,8388604,0,0,72,0,11491612,410812,25468,978836,1554768,978836,575932,15040,65572,0,0,0,0,41230184,14836992,34359738367,86940,0,80080,0,0,0,0,0,0,0,0,0,0,0,2048,0,1493776,27707392,38797312
1774390345.001211,1211,ubuntu-rog,1,0,0,65683160,33915920,51896700,565508,17192640,0,13507668,15741168,11516232,0,1991436,15741168,0,0,8388604,8388604,0,0,72,0,11491612,410812,25468,978836,1554768,978836,575932,15040,65572,0,0,0,0,41230184,14836992,34359738367,86940,0,80080,0,0,0,0,0,0,0,0,0,0,0,2048,0,1493776,27707392,38797312
1774390346.002297,2297,ubuntu-rog,1,0,0,65683160,33915920,51896700,565508,17192652,0,13507668,15741168,11516232,0,1991436,15741168,0,0,8388604,8388604,0,0,80,0,11491612,410812,25468,978836,1554768,978836,575932,15040,65572,0,0,0,0,41230184,14836992,34359738367,86940,0,80080,0,0,0,0,0,0,0,0,0,0,0,2048,0,1493776,27707392,38797312
1774390347.001075,1075,ubuntu-rog,1,0,0,65683160,33915672,51896452,565508,17192652,0,13507868,15741168,11516432,0,1991436,15741168,0,0,8388604,8388604,0,0,80,0,11491808,410812,25468,978836,1554800,978836,575964,15040,65580,0,0,0,0,41230184,14837136,34359738367,86940,0,80080,0,0,0,0,0,0,0,0,0,0,0,2048,0,1493776,27707392,38797312
1774390348.001087,1087,ubuntu-rog,1,0,0,65683160,33915828,51896608,565508,17192656,0,13507868,15741168,11516432,0,1991436,15741168,0,0,8388604,8388604,0,0,84,0,11491808,410812,25468,978836,1554800,978836,575964,15040,65580,0,0,0,0,41230184,14837136,34359738367,86940,0,80080,0,0,0,0,0,0,0,0,0,0,0,2048,0,1493776,27707392,38797312
1774390349.001295,1295,ubuntu-rog,1,0,0,65683160,33915828,51896608,565508,17192660,0,13507868,15741168,11516432,0,1991436,15741168,0,0,8388604,8388604,0,0,88,0,11491808,410812,25468,978836,1554800,978836,575964,15040,65580,0,0,0,0,41230184,14837136,34359738367,86940,0,80080,0,0,0,0,0,0,0,0,0,0,0,2048,0,1493776,27707392,38797312
1774390350.002202,2202,ubuntu-rog,1,0,0,65683160,33916080,51896860,565512,17192656,0,13507868,15741168,11516432,0,1991436,15741168,0,0,8388604,8388604,0,0,88,0,11491808,410812,25468,978836,1554800,978836,575964,15040,65580,0,0,0,0,41230184,14837136,34359738367,86940,0,80080,0,0,0,0,0,0,0,0,0,0,0,2048,0,1493776,27707392,38797312
1774390351.001295,1295,ubuntu-rog,1,0,0,65683160,33916080,51896860,565512,17192660,0,13507868,15741168,11516432,0,1991436,15741168,0,0,8388604,8388604,0,0,88,0,11491808,410812,25468,978836,1554800,978836,575964,15040,65580,0,0,0,0,41230184,14837136,34359738367,86940,0,80080,0,0,0,0,0,0,0,0,0,0,0,2048,0,1493776,27707392,38797312
1774390352.001080,1080,ubuntu-rog,1,0,0,65683160,33916080,51896860,565512,17192660,0,13507900,15741168,11516464,0,1991436,15741168,0,0,8388604,8388604,0,0,60,0,11491808,410812,25468,978836,1554804,978836,575968,15040,65580,0,0,0,0,41230184,14837136,34359738367,86940,0,80080,0,0,0,0,0,0,0,0,0,0,0,2048,0,1493776,27707392,38797312
1774390353.001083,1083,ubuntu-rog,1,0,0,65683160,33916080,51896860,565512,17192664,0,13507900,15741168,11516464,0,1991436,15741168,0,0,8388604,8388604,0,0,64,0,11491808,410812,25468,978836,1554804,978836,575968,15040,65580,0,0,0,0,41230184,14837136,34359738367,86940,0,80080,0,0,0,0,0,0,0,0,0,0,0,2048,0,1493776,27707392,38797312
1774390354.001312,1312,ubuntu-rog,1,0,0,65683160,33916080,51896860,565512,17192668,0,13507900,15741168,11516464,0,1991436,15741168,0,0,8388604,8388604,0,0,68,0,11491808,410812,25468,978836,1554804,978836,575968,15040,65580,0,0,0,0,41230184,14837136,34359738367,86940,0,80080,0,0,0,0,0,0,0,0,0,0,0,2048,0,1493776,27707392,38797312
1774390355.001214,1214,ubuntu-rog,1,0,0,65683160,33916080,51896860,565516,17192668,0,13507900,15741168,11516464,0,1991436,15741168,0,0,8388604,8388604,0,0,72,0,11491808,410812,25468,978836,1554804,978836,575968,15040,65580,0,0,0,0,41230184,14837136,34359738367,86940,0,80080,0,0,0,0,0,0,0,0,0,0,0,2048,0,1493776,27707392,38797312
1774390356.002307,2307,ubuntu-rog,1,0,0,65683160,33916080,51896860,565516,17192676,0,13507900,15741168,11516464,0,1991436,15741168,0,0,8388604,8388604,0,0,80,0,11491808,410812,25468,978836,1554804,978836,575968,15040,65580,0,0,0,0,41230184,14837136,34359738367,86940,0,80080,0,0,0,0,0,0,0,0,0,0,0,2048,0,1493776,27707392,38797312
1774390357.001073,1073,ubuntu-rog,1,0,0,65683160,33916080,51896860,565516,17192676,0,13507888,15741168,11516452,0,1991436,15741168,0,0,8388604,8388604,0,0,80,0,11491820,410812,25468,978836,1554804,978836,575968,15040,65580,0,0,0,0,41230184,14837136,34359738367,86940,0,80080,0,0,0,0,0,0,0,0,0,0,0,2048,0,1493776,27707392,38797312
1774390358.001069,1069,ubuntu-rog,1,0,0,65683160,33916080,51896920,565516,17192676,0,13507888,15741228,11516452,0,1991436,15741228,0,0,8388604,8388604,0,0,52,0,11491820,410812,25468,978836,1554804,978836,575968,15040,65580,0,0,0,0,41230184,14837136,34359738367,86940,0,80080,0,0,0,0,0,0,0,0,0,0,0,2048,0,1493776,27707392,38797312
1774390359.001314,1314,ubuntu-rog,1,0,0,65683160,33916080,51896920,565516,17192676,0,13507888,15741228,11516452,0,1991436,15741228,0,0,8388604,8388604,0,0,52,0,11491820,410812,25468,978836,1554804,978836,575968,15040,65580,0,0,0,0,41230184,14837136,34359738367,86940,0,80080,0,0,0,0,0,0,0,0,0,0,0,2048,0,1493776,27707392,38797312
1774390360.001217,1217,ubuntu-rog,1,0,0,65683160,33916080,51896920,565524,17192672,0,13507888,15741228,11516452,0,1991436,15741228,0,0,8388604,8388604,0,0,56,0,11491820,410812,25468,978836,1554804,978836,575968,15040,65580,0,0,0,0,41230184,14837136,34359738367,86940,0,80080,0,0,0,0,0,0,0,0,0,0,0,2048,0,1493776,27707392,38797312
1774390361.001318,1318,ubuntu-rog,1,0,0,65683160,33916080,51896920,565524,17192684,0,13507888,15741228,11516452,0,1991436,15741228,0,0,8388604,8388604,0,0,76,0,11491820,410812,25468,978836,1554804,978836,575968,15040,65580,0,0,0,0,41230184,14837136,34359738367,86940,0,80080,0,0,0,0,0,0,0,0,0,0,0,2048,0,1493776,27707392,38797312
1774390362.003061,3061,ubuntu-rog,1,0,0,65683160,33916080,51896920,565524,17192684,0,13507888,15741228,11516452,0,1991436,15741228,0,0,8388604,8388604,0,0,76,0,11491820,410812,25468,978836,1554804,978836,575968,15040,65580,0,0,0,0,41230184,14837136,34359738367,86940,0,80080,0,0,0,0,0,0,0,0,0,0,0,2048,0,1493776,27707392,38797312
1774390363.001063,1063,ubuntu-rog,1,0,0,65683160,33916080,51896920,565524,17192688,0,13507888,15741228,11516452,0,1991436,15741228,0,0,8388604,8388604,0,0,64,0,11491820,410812,25468,978836,1554804,978836,575968,15040,65580,0,0,0,0,41230184,14837136,34359738367,86940,0,80080,0,0,0,0,0,0,0,0,0,0,0,2048,0,1493776,27707392,38797312
1774390364.001300,1300,ubuntu-rog,1,0,0,65683160,33916080,51896920,565524,17192688,0,13507888,15741228,11516452,0,1991436,15741228,0,0,8388604,8388604,0,0,64,0,11491820,410812,25468,978836,1554804,978836,575968,15040,65580,0,0,0,0,41230184,14837136,34359738367,86940,0,80080,0,0,0,0,0,0,0,0,0,0,0,2048,0,1493776,27707392,38797312
1774390365.001213,1213,ubuntu-rog,1,0,0,65683160,33916080,51896920,565532,17192680,0,13507888,15741228,11516452,0,1991436,15741228,0,0,8388604,8388604,0,0,64,0,11491820,410812,25468,978836,1554804,978836,575968,15040,65580,0,0,0,0,41230184,14837136,34359738367,86940,0,80080,0,0,0,0,0,0,0,0,0,0,0,2048,0,1493776,27707392,38797312
1774390366.001315,1315,ubuntu-rog,1,0,0,65683160,33916080,51896920,565532,17192688,0,13507888,15741228,11516452,0,1991436,15741228,0,0,8388604,8388604,0,0,68,0,11491820,410812,25468,978836,1554804,978836,575968,15040,65580,0,0,0,0,41230184,14837136,34359738367,86940,0,80080,0,0,0,0,0,0,0,0,0,0,0,2048,0,1493776,27707392,38797312
1774390367.001083,1083,ubuntu-rog,1,0,0,65683160,33916080,51896920,565532,17192700,0,13507888,15741228,11516452,0,1991436,15741228,0,0,8388604,8388604,0,0,84,0,11491820,410812,25468,978836,1554804,978836,575968,15040,65580,0,0,0,0,41230184,14837136,34359738367,86940,0,80080,0,0,0,0,0,0,0,0,0,0,0,2048,0,1493776,27707392,38797312
1774390368.001077,1077,ubuntu-rog,1,0,0,65683160,33916080,51896920,565532,17192700,0,13507888,15741228,11516452,0,1991436,15741228,0,0,8388604,8388604,0,0,40,0,11491820,410812,25468,978836,1554804,978836,575968,15040,65580,0,0,0,0,41230184,14837136,34359738367,86940,0,80080,0,0,0,0,0,0,0,0,0,0,0,2048,0,1493776,27707392,38797312
1774390369.001301,1301,ubuntu-rog,1,0,0,65683160,33916080,51896920,565532,17192700,0,13507888,15741228,11516452,0,1991436,15741228,0,0,8388604,8388604,0,0,40,0,11491820,410812,25468,978836,1554804,978836,575968,15040,65580,0,0,0,0,41230184,14837136,34359738367,86940,0,80080,0,0,0,0,0,0,0,0,0,0,0,2048,0,1493776,27707392,38797312
1774390370.001214,1214,ubuntu-rog,1,0,0,65683160,33916080,51896920,565536,17192700,0,13507888,15741228,11516452,0,1991436,15741228,0,0,8388604,8388604,0,0,48,0,11491820,410812,25468,978836,1554804,978836,575968,15040,65580,0,0,0,0,41230184,14837136,34359738367,86940,0,80080,0,0,0,0,0,0,0,0,0,0,0,2048,0,1493776,27707392,38797312
1774390371.001317,1317,ubuntu-rog,1,0,0,65683160,33916080,51896988,565536,17192704,0,13507944,15741296,11516508,0,1991436,15741296,0,0,8388604,8388604,0,0,52,0,11491820,410812,25468,978836,1554804,978836,575968,15040,65580,0,0,0,0,41230184,14837136,34359738367,86940,0,80080,0,0,0,0,0,0,0,0,0,0,0,2048,0,1493776,27707392,38797312
1774390372.001064,1064,ubuntu-rog,1,0,0,65683160,33916080,51896988,565536,17192704,0,13507944,15741296,11516508,0,1991436,15741296,0,0,8388604,8388604,0,0,52,0,11491820,410812,25468,978836,1554804,978836,575968,15040,65580,0,0,0,0,41230184,14837136,34359738367,86940,0,80080,0,0,0,0,0,0,0,0,0,0,0,2048,0,1493776,27707392,38797312
1774390373.001066,1066,ubuntu-rog,1,0,0,65683160,33916080,51896988,565536,17192712,0,13507944,15741296,11516508,0,1991436,15741296,0,0,8388604,8388604,0,0,60,0,11491820,410812,25468,978836,1554804,978836,575968,15040,65580,0,0,0,0,41230184,14837136,34359738367,86940,0,80080,0,0,0,0,0,0,0,0,0,0,0,2048,0,1493776,27707392,38797312
1774390374.001320,1320,ubuntu-rog,1,0,0,65683160,33916080,51896988,565536,17192712,0,13507944,15741296,11516508,0,1991436,15741296,0,0,8388604,8388604,0,0,60,0,11491820,410812,25468,978836,1554804,978836,575968,15040,65580,0,0,0,0,41230184,14837136,34359738367,86940,0,80080,0,0,0,0,0,0,0,0,0,0,0,2048,0,1493776,27707392,38797312
1774390375.001214,1214,ubuntu-rog,1,0,0,65683160,33916080,51896988,565540,17192708,0,13507944,15741296,11516508,0,1991436,15741296,0,0,8388604,8388604,0,0,60,0,11491820,410812,25468,978836,1554804,978836,575968,15040,65580,0,0,0,0,41230184,14837136,34359738367,86940,0,80080,0,0,0,0,0,0,0,0,0,0,0,2048,0,1493776,27707392,38797312
1774390376.001319,1319,ubuntu-rog,1,0,0,65683160,33916080,51896988,565540,17192712,0,13507944,15741296,11516508,0,1991436,15741296,0,0,8388604,8388604,0,0,60,0,11491820,410812,25468,978836,1554804,978836,575968,15040,65580,0,0,0,0,41230184,14837136,34359738367,86940,0,80080,0,0,0,0,0,0,0,0,0,0,0,2048,0,1493776,27707392,38797312
1774390377.002058,2058,ubuntu-rog,1,0,0,65683160,33916080,51896988,565540,17192716,0,13507944,15741296,11516508,0,1991436,15741296,0,0,8388604,8388604,0,0,64,0,11491820,410812,25468,978836,1554804,978836,575968,15040,65580,0,0,0,0,41230184,14837136,34359738367,86940,0,80080,0,0,0,0,0,0,0,0,0,0,0,2048,0,1493776,27707392,38797312
1774390378.001061,1061,ubuntu-rog,1,0,0,65683160,33916080,51896988,565540,17192716,0,13507944,15741296,11516508,0,1991436,15741296,0,0,8388604,8388604,0,0,64,0,11491820,410812,25468,978836,1554804,978836,575968,15040,65580,0,0,0,0,41230184,14837136,34359738367,86940,0,80080,0,0,0,0,0,0,0,0,0,0,0,2048,0,1493776,27707392,38797312
1774390379.001293,1293,ubuntu-rog,1,0,0,65683160,33916080,51896988,565540,17192720,0,13507944,15741296,11516508,0,1991436,15741296,0,0,8388604,8388604,0,0,68,0,11491820,410812,25468,978836,1554804,978836,575968,15040,65580,0,0,0,0,41230184,14837136,34359738367,86940,0,80080,0,0,0,0,0,0,0,0,0,0,0,2048,0,1493776,27707392,38797312
1774390380.001201,1201,ubuntu-rog,1,0,0,65683160,33916080,51897016,565548,17192720,0,13508040,15741324,11516604,0,1991436,15741324,0,0,8388604,8388604,0,0,76,0,11491820,410812,25468,978836,1554804,978836,575968,15040,65580,0,0,0,0,41230184,14837136,34359738367,86940,0,80080,0,0,0,0,0,0,0,0,0,0,0,2048,0,1493776,27707392,38797312
1774390381.001304,1304,ubuntu-rog,1,0,0,65683160,33915828,51896764,565548,17192728,0,13508040,15741324,11516604,0,1991436,15741324,0,0,8388604,8388604,0,0,80,0,11491820,410812,25468,978836,1554804,978836,575968,15040,65580,0,0,0,0,41230184,14837136,34359738367,86940,0,80080,0,0,0,0,0,0,0,0,0,0,0,2048,0,1493776,27707392,38797312
1774390382.001083,1083,ubuntu-rog,1,0,0,65683160,33915828,51896764,565548,17192728,0,13508040,15741324,11516604,0,1991436,15741324,0,0,8388604,8388604,0,0,80,0,11491820,410812,25468,978836,1554804,978836,575968,15040,65580,0,0,0,0,41230184,14837136,34359738367,86940,0,80080,0,0,0,0,0,0,0,0,0,0,0,2048,0,1493776,27707392,38797312
1774390383.001084,1084,ubuntu-rog,1,0,0,65683160,33915828,51896764,565548,17192728,0,13508040,15741324,11516604,0,1991436,15741324,0,0,8388604,8388604,0,0,80,0,11491820,410812,25468,978836,1554804,978836,575968,15040,65580,0,0,0,0,41230184,14837136,34359738367,86940,0,80080,0,0,0,0,0,0,0,0,0,0,0,2048,0,1493776,27707392,38797312
1774390384.001304,1304,ubuntu-rog,1,0,0,65683160,33915828,51896764,565548,17192732,0,13508040,15741324,11516604,0,1991436,15741324,0,0,8388604,8388604,0,0,84,0,11491820,410812,25468,978836,1554804,978836,575968,15040,65580,0,0,0,0,41230184,14837136,34359738367,86940,0,80080,0,0,0,0,0,0,0,0,0,0,0,2048,0,1493776,27707392,38797312
1774390385.001194,1194,ubuntu-rog,1,0,0,65683160,33915828,51896764,565548,17192732,0,13508040,15741324,11516604,0,1991436,15741324,0,0,8388604,8388604,0,0,84,0,11491820,410812,25468,978836,1554804,978836,575968,15040,65580,0,0,0,0,41230184,14837136,34359738367,86940,0,80080,0,0,0,0,0,0,0,0,0,0,0,2048,0,1493776,27707392,38797312
1774390386.003298,3298,ubuntu-rog,1,0,0,65683160,33915828,51896788,565556,17192728,0,13508040,15741348,11516604,0,1991436,15741348,0,0,8388604,8388604,0,0,60,0,11491820,410812,25468,978836,1554804,978836,575968,15040,65580,0,0,0,0,41230184,14837136,34359738367,86940,0,80080,0,0,0,0,0,0,0,0,0,0,0,2048,0,1493776,27707392,38797312
1774390387.001077,1077,ubuntu-rog,1,0,0,65683160,33915828,51896788,565556,17192740,0,13508040,15741348,11516604,0,1991436,15741348,0,0,8388604,8388604,0,0,68,0,11491820,410812,25468,978836,1554804,978836,575968,15040,65580,0,0,0,0,41230184,14837136,34359738367,86940,0,80080,0,0,0,0,0,0,0,0,0,0,0,2048,0,1493776,27707392,38797312
1774390388.001067,1067,ubuntu-rog,1,0,0,65683160,33915828,51896788,565556,17192740,0,13508040,15741348,11516604,0,1991436,15741348,0,0,8388604,8388604,0,0,68,0,11491820,410812,25468,978836,1554804,978836,575968,15040,65580,0,0,0,0,41230184,14837136,34359738367,86940,0,80080,0,0,0,0,0,0,0,0,0,0,0,2048,0,1493776,27707392,38797312
1774390389.001300,1300,ubuntu-rog,1,0,0,65683160,33915576,51896536,565556,17192740,0,13508040,15741348,11516604,0,1991436,15741348,0,0,8388604,8388604,0,0,68,0,11491852,410812,25468,978836,1554804,978836,575968,15040,65580,0,0,0,0,41230184,14837136,34359738367,86940,0,80080,0,0,0,0,0,0,0,0,0,0,0,2048,0,1493776,27707392,38797312
1774390390.001199,1199,ubuntu-rog,1,0,0,65683160,33915576,51896536,565556,17192740,0,13508040,15741348,11516604,0,1991436,15741348,0,0,8388604,8388604,0,0,68,0,11491852,410812,25468,978836,1554804,978836,575968,15040,65580,0,0,0,0,41230184,14837136,34359738367,86940,0,80080,0,0,0,0,0,0,0,0,0,0,0,2048,0,1493776,27707392,38797312
1774390391.001314,1314,ubuntu-rog,1,0,0,65683160,33915828,51896788,565556,17192744,0,13507896,15741348,11516460,0,1991436,15741348,0,0,8388604,8388604,0,0,72,0,11491708,410812,25468,978836,1554804,978836,575968,15040,65580,0,0,0,0,41230184,14836992,34359738367,86940,0,80080,0,0,0,0,0,0,0,0,0,0,0,2048,0,1493776,27707392,38797312
1774390392.001079,1079,ubuntu-rog,1,0,0,65683160,33915828,51896788,565556,17192752,0,13507896,15741348,11516460,0,1991436,15741348,0,0,8388604,8388604,0,0,80,0,11491708,410812,25468,978836,1554804,978836,575968,15040,65580,0,0,0,0,41230184,14836992,34359738367,86940,0,80080,0,0,0,0,0,0,0,0,0,0,0,2048,0,1493776,27707392,38797312
1774390393.001096,1096,ubuntu-rog,1,0,0,65683160,33915828,51896788,565556,17192752,0,13507896,15741348,11516460,0,1991436,15741348,0,0,8388604,8388604,0,0,76,0,11491708,410812,25468,978836,1554804,978836,575968,15040,65580,0,0,0,0,41230184,14836992,34359738367,86940,0,80080,0,0,0,0,0,0,0,0,0,0,0,2048,0,1493776,27707392,38797312
1774390394.002298,2298,ubuntu-rog,1,0,0,65683160,33915828,51896788,565556,17192756,0,13507896,15741348,11516460,0,1991436,15741348,0,0,8388604,8388604,0,0,56,0,11491708,410812,25468,978836,1554804,978836,575968,15040,65580,0,0,0,0,41230184,14836992,34359738367,86940,0,80080,0,0,0,0,0,0,0,0,0,0,0,2048,0,1493776,27707392,38797312
1774390395.001194,1194,ubuntu-rog,1,0,0,65683160,33915828,51896788,565556,17192756,0,13507896,15741348,11516460,0,1991436,15741348,0,0,8388604,8388604,0,0,56,0,11491708,410812,25468,978836,1554804,978836,575968,15040,65580,0,0,0,0,41230184,14836992,34359738367,86940,0,80080,0,0,0,0,0,0,0,0,0,0,0,2048,0,1493776,27707392,38797312
1774390396.001307,1307,ubuntu-rog,1,0,0,65683160,33915828,51896788,565560,17192752,0,13507896,15741348,11516460,0,1991436,15741348,0,0,8388604,8388604,0,0,56,0,11491708,410812,25468,978836,1554804,978836,575968,15040,65580,0,0,0,0,41230184,14836992,34359738367,86940,0,80080,0,0,0,0,0,0,0,0,0,0,0,2048,0,1493776,27707392,38797312
1774390397.003057,3057,ubuntu-rog,1,0,0,65683160,33915828,51896788,565560,17192756,0,13507896,15741348,11516460,0,1991436,15741348,0,0,8388604,8388604,0,0,68,0,11491708,410812,25468,978836,1554804,978836,575968,15040,65580,0,0,0,0,41230184,14836992,34359738367,86940,0,80080,0,0,0,0,0,0,0,0,0,0,0,2048,0,1493776,27707392,38797312
1774390398.001074,1074,ubuntu-rog,1,0,0,65683160,33915828,51896788,565560,17192764,0,13507896,15741348,11516460,0,1991436,15741348,0,0,8388604,8388604,0,0,80,0,11491708,410812,25468,978836,1554804,978836,575968,15040,65580,0,0,0,0,41230184,14836992,34359738367,86940,0,80080,0,0,0,0,0,0,0,0,0,0,0,2048,0,1493776,27707392,38797312
1774390399.001335,1335,ubuntu-rog,1,0,0,65683160,33915828,51896788,565560,17192764,0,13507896,15741348,11516460,0,1991436,15741348,0,0,8388604,8388604,0,0,64,0,11491708,410812,25468,978836,1554804,978836,575968,15040,65580,0,0,0,0,41230184,14836992,34359738367,86940,0,80080,0,0,0,0,0,0,0,0,0,0,0,2048,0,1493776,27707392,38797312
1774390400.001223,1223,ubuntu-rog,1,0,0,65683160,33915828,51896788,565560,17192764,0,13507896,15741348,11516460,0,1991436,15741348,0,0,8388604,8388604,0,0,64,0,11491708,410812,25468,978836,1554804,978836,575968,15040,65580,0,0,0,0,41230184,14836992,34359738367,86940,0,80080,0,0,0,0,0,0,0,0,0,0,0,2048,0,1493776,27707392,38797312
1774390401.001307,1307,ubuntu-rog,1,0,0,65683160,33915828,51896788,565568,17192760,0,13507896,15741348,11516460,0,1991436,15741348,0,0,8388604,8388604,0,0,68,0,11491708,410812,25468,978836,1554804,978836,575968,15040,65580,0,0,0,0,41230184,14836992,34359738367,86940,0,80080,0,0,0,0,0,0,0,0,0,0,0,2048,0,1493776,27707392,38797312
1774390402.001090,1090,ubuntu-rog,1,0,0,65683160,33915828,51896788,565568,17192768,0,13507896,15741348,11516460,0,1991436,15741348,0,0,8388604,8388604,0,0,72,0,11491708,410812,25468,978836,1554808,978836,575972,15040,65580,0,0,0,0,41230184,14836992,34359738367,86940,0,80080,0,0,0,0,0,0,0,0,0,0,0,2048,0,1493776,27707392,38797312
1774390403.004063,4063,ubuntu-rog,1,0,0,65683160,33915828,51896788,565568,17192768,0,13507896,15741348,11516460,0,1991436,15741348,0,0,8388604,8388604,0,0,72,0,11491708,410812,25468,978836,1554808,978836,575972,15040,65580,0,0,0,0,41230184,14836992,34359738367,86940,0,80080,0,0,0,0,0,0,0,0,0,0,0,2048,0,1493776,27707392,38797312
1774390404.001307,1307,ubuntu-rog,1,0,0,65683160,33915828,51896788,565568,17192768,0,13507896,15741348,11516460,0,1991436,15741348,0,0,8388604,8388604,0,0,28,0,11491708,410812,25468,978836,1554808,978836,575972,15040,65580,0,0,0,0,41230184,14836992,34359738367,86940,0,80080,0,0,0,0,0,0,0,0,0,0,0,2048,0,1493776,27707392,38797312
1774390405.001162,1162,ubuntu-rog,1,0,0,65683160,33915828,51896788,565568,17192780,0,13507896,15741348,11516460,0,1991436,15741348,0,0,8388604,8388604,0,0,48,0,11491708,410812,25468,978836,1554808,978836,575972,15040,65580,0,0,0,0,41230184,14836992,34359738367,86940,0,80080,0,0,0,0,0,0,0,0,0,0,0,2048,0,1493776,27707392,38797312
1774390406.001314,1314,ubuntu-rog,1,0,0,65683160,33915828,51896788,565572,17192776,0,13507896,15741348,11516460,0,1991436,15741348,0,0,8388604,8388604,0,0,48,0,11491708,410812,25468,978836,1554808,978836,575972,15040,65580,0,0,0,0,41230184,14836992,34359738367,86940,0,80080,0,0,0,0,0,0,0,0,0,0,0,2048,0,1493776,27707392,38797312
1774390407.001093,1093,ubuntu-rog,1,0,0,65683160,33914064,51895060,565572,17192780,0,13508976,15741384,11517540,0,1991436,15741384,0,0,8388604,8388604,0,0,52,0,11492812,410812,25468,978836,1554808,978836,575972,15040,65584,0,0,0,0,41230184,14838192,34359738367,86940,0,80080,0,0,0,0,0,0,0,0,0,0,0,2048,0,1493776,27707392,38797312
1774390408.001087,1087,ubuntu-rog,1,0,0,65683160,33914064,51895060,565572,17192784,0,13508976,15741384,11517540,0,1991436,15741384,0,0,8388604,8388604,0,0,56,0,11492852,410812,25468,978836,1554808,978836,575972,15040,65584,0,0,0,0,41230184,14838192,34359738367,86940,0,80080,0,0,0,0,0,0,0,0,0,0,0,2048,0,1493776,27707392,38797312
1774390409.001309,1309,ubuntu-rog,1,0,0,65683160,33914064,51895060,565572,17192784,0,13508976,15741384,11517540,0,1991436,15741384,0,0,8388604,8388604,0,0,56,0,11492852,410812,25468,978836,1554808,978836,575972,15040,65584,0,0,0,0,41230184,14838192,34359738367,86940,0,80080,0,0,0,0,0,0,0,0,0,0,0,2048,0,1493776,27707392,38797312
1774390410.001212,1212,ubuntu-rog,1,0,0,65683160,33914064,51895060,565572,17192784,0,13508976,15741384,11517540,0,1991436,15741384,0,0,8388604,8388604,0,0,56,0,11492852,410812,25468,978836,1554808,978836,575972,15040,65584,0,0,0,0,41230184,14838192,34359738367,86940,0,80080,0,0,0,0,0,0,0,0,0,0,0,2048,0,1493776,27707392,38797312
1774390411.001321,1321,ubuntu-rog,1,0,0,65683160,33914064,51895060,565576,17192784,0,13508976,15741384,11517540,0,1991436,15741384,0,0,8388604,8388604,0,0,60,0,11492852,410812,25468,978836,1554808,978836,575972,15040,65584,0,0,0,0,41230184,14838192,34359738367,86940,0,80080,0,0,0,0,0,0,0,0,0,0,0,2048,0,1493776,27707392,38797312
1774390412.004061,4061,ubuntu-rog,1,0,0,65683160,33841496,51822492,565576,17192792,0,13571192,15741384,11579756,0,1991436,15741384,0,0,8388604,8388604,0,0,68,0,11555472,410812,25468,978836,1554808,978836,575972,15040,65584,0,0,0,0,41230184,14907116,34359738367,86940,0,80080,0,0,0,0,0,0,0,0,0,0,0,2048,0,1493776,27707392,38797312
1774390413.001081,1081,ubuntu-rog,1,0,0,65683160,33339024,51320172,565576,17192792,0,13986732,15741536,11995296,0,1991436,15741536,0,0,8388604,8388604,0,0,68,0,11973688,410812,25468,978836,1554808,978836,575972,15040,66120,0,0,0,0,41230184,15320644,34359738367,86940,0,80080,0,0,0,0,0,0,0,0,0,0,0,2048,0,1493776,27707392,38797312
1774390414.001327,1327,ubuntu-rog,1,0,0,65683160,33869952,51851100,565576,17192792,0,13507908,15741536,11516472,0,1991436,15741536,0,0,8388604,8388604,0,0,68,0,11492296,410812,25468,978836,1554808,978836,575972,15040,65724,0,0,0,0,41230184,14842084,34359738367,86940,0,80080,0,0,0,0,0,0,0,0,0,0,0,2048,0,1493776,27707392,38797312
1774390415.001221,1221,ubuntu-rog,1,0,0,65683160,33867144,51848292,565576,17192796,0,13512040,15741536,11520604,0,1991436,15741536,0,0,8388604,8388604,0,0,72,0,11496744,410812,25468,978836,1554808,978836,575972,15040,65592,0,0,0,0,41230184,14842084,34359738367,86940,0,80080,0,0,0,0,0,0,0,0,0,0,0,2048,0,1493776,27707392,38797312
1774390416.001325,1325,ubuntu-rog,1,0,0,65683160,33875480,51856628,565576,17192796,0,13512040,15741536,11520604,0,1991436,15741536,0,0,8388604,8388604,0,0,72,0,11496744,410812,25468,978836,1554808,978836,575972,15040,65592,0,0,0,0,41230184,14842084,34359738367,86940,0,80080,0,0,0,0,0,0,0,0,0,0,0,2048,0,1493776,27707392,38797312
1774390417.001100,1100,ubuntu-rog,1,0,0,65683160,33875480,51856636,565580,17192804,0,13512156,15741544,11520720,0,1991436,15741544,0,0,8388604,8388604,0,0,84,0,11496744,410812,25468,978836,1554808,978836,575972,15040,65592,0,0,0,0,41230184,14842084,34359738367,86940,0,80080,0,0,0,0,0,0,0,0,0,0,0,2048,0,1493776,27707392,38797312
1774390418.001105,1105,ubuntu-rog,1,0,0,65683160,33875884,51857040,565580,17192804,0,13512212,15741544,11520776,0,1991436,15741544,0,0,8388604,8388604,0,0,52,0,11496744,410812,25468,978836,1554808,978836,575972,15040,65592,0,0,0,0,41230184,14842084,34359738367,86940,0,80080,0,0,0,0,0,0,0,0,0,0,0,2048,0,1493776,27707392,38797312
1774390419.001336,1336,ubuntu-rog,1,0,0,65683160,33877948,51859104,565580,17192808,0,13512212,15741544,11520776,0,1991436,15741544,0,0,8388604,8388604,0,0,56,0,11496744,410812,25468,978836,1554808,978836,575972,15040,65592,0,0,0,0,41230184,14842084,34359738367,86940,0,80080,0,0,0,0,0,0,0,0,0,0,0,2048,0,1493776,27707392,38797312
1774390420.004221,4221,ubuntu-rog,1,0,0,65683160,33879704,51860860,565580,17192808,0,13512212,15741544,11520776,0,1991436,15741544,0,0,8388604,8388604,0,0,56,0,11496744,410812,25468,978836,1554808,978836,575972,15040,65592,0,0,0,0,41230184,14842084,34359738367,86940,0,80080,0,0,0,0,0,0,0,0,0,0,0,2048,0,1493776,27707392,38797312
1774390421.001324,1324,ubuntu-rog,1,0,0,65683160,33881592,51862748,565580,17192808,0,13512212,15741544,11520776,0,1991436,15741544,0,0,8388604,8388604,0,0,56,0,11496744,410812,25468,978836,1554808,978836,575972,15040,65592,0,0,0,0,41230184,14842084,34359738367,86940,0,80080,0,0,0,0,0,0,0,0,0,0,0,2048,0,1493776,27707392,38797312
1774390422.001086,1086,ubuntu-rog,1,0,0,65683160,33882840,51863996,565580,17192812,0,13512212,15741544,11520776,0,1991436,15741544,0,0,8388604,8388604,0,0,68,0,11496744,410812,25468,978836,1554808,978836,575972,15040,65592,0,0,0,0,41230184,14842084,34359738367,86940,0,80080,0,0,0,0,0,0,0,0,0,0,0,2048,0,1493776,27707392,38797312
1774390423.001104,1104,ubuntu-rog,1,0,0,65683160,33884284,51865440,565580,17192812,0,13512212,15741544,11520776,0,1991436,15741544,0,0,8388604,8388604,0,0,68,0,11496744,410812,25468,978836,1554808,978836,575972,15040,65592,0,0,0,0,41230184,14842084,34359738367,86940,0,80080,0,0,0,0,0,0,0,0,0,0,0,2048,0,1493776,27707392,38797312
1774390424.001327,1327,ubuntu-rog,1,0,0,65683160,33885144,51866300,565580,17192816,0,13512212,15741544,11520776,0,1991436,15741544,0,0,8388604,8388604,0,0,72,0,11496744,410812,25468,978836,1554808,978836,575972,15040,65592,0,0,0,0,41230184,14842084,34359738367,86940,0,80080,0,0,0,0,0,0,0,0,0,0,0,2048,0,1493776,27707392,38797312
1774390425.001234,1234,ubuntu-rog,1,0,0,65683160,33886252,51867408,565580,17192816,0,13512212,15741544,11520776,0,1991436,15741544,0,0,8388604,8388604,0,0,72,0,11496744,410812,25468,978836,1554808,978836,575972,15040,65592,0,0,0,0,41230184,14842084,34359738367,86940,0,80080,0,0,0,0,0,0,0,0,0,0,0,2048,0,1493776,27707392,38797312
1774390426.001324,1324,ubuntu-rog,1,0,0,65683160,33890196,51871352,565580,17192820,0,13512212,15741544,11520776,0,1991436,15741544,0,0,8388604,8388604,0,0,76,0,11496744,410812,25468,978836,1554808,978836,575972,15040,65592,0,0,0,0,41230184,14842084,34359738367,86940,0,80080,0,0,0,0,0,0,0,0,0,0,0,2048,0,1493776,27707392,38797312
1774390427.003059,3059,ubuntu-rog,1,0,0,65683160,33890196,51871352,565580,17192820,0,13512212,15741544,11520776,0,1991436,15741544,0,0,8388604,8388604,0,0,76,0,11496744,410812,25468,978836,1554808,978836,575972,15040,65592,0,0,0,0,41230184,14842084,34359738367,86940,0,80080,0,0,0,0,0,0,0,0,0,0,0,2048,0,1493776,27707392,38797312
1774390428.001082,1082,ubuntu-rog,1,0,0,65683160,33890196,51871352,565580,17192820,0,13512212,15741544,11520776,0,1991436,15741544,0,0,8388604,8388604,0,0,76,0,11496744,410812,25468,978836,1554808,978836,575972,15040,65592,0,0,0,0,41230184,14842084,34359738367,86940,0,80080,0,0,0,0,0,0,0,0,0,0,0,2048,0,1493776,27707392,38797312
1774390429.001323,1323,ubuntu-rog,1,0,0,65683160,33891740,51872896,565580,17192828,0,13512212,15741544,11520776,0,1991436,15741544,0,0,8388604,8388604,0,0,60,0,11496744,410812,25468,978836,1554808,978836,575972,15040,65592,0,0,0,0,41230184,14842084,34359738367,86940,0,80080,0,0,0,0,0,0,0,0,0,0,0,2048,0,1493776,27707392,38797312
1774390430.001215,1215,ubuntu-rog,1,0,0,65683160,33893288,51874444,565580,17192832,0,13512212,15741544,11520776,0,1991436,15741544,0,0,8388604,8388604,0,0,68,0,11496744,410812,25468,978836,1554808,978836,575972,15040,65592,0,0,0,0,41230184,14842084,34359738367,86940,0,80080,0,0,0,0,0,0,0,0,0,0,0,2048,0,1493776,27707392,38797312
1774390431.001339,1339,ubuntu-rog,1,0,0,65683160,33894236,51875392,565580,17192832,0,13512212,15741544,11520776,0,1991436,15741544,0,0,8388604,8388604,0,0,68,0,11496744,410812,25468,978836,1554808,978836,575972,15040,65592,0,0,0,0,41230184,14842084,34359738367,86940,0,80080,0,0,0,0,0,0,0,0,0,0,0,2048,0,1493776,27707392,38797312
1774390432.001102,1102,ubuntu-rog,1,0,0,65683160,33897180,51878336,565580,17192832,0,13512212,15741544,11520776,0,1991436,15741544,0,0,8388604,8388604,0,0,68,0,11496744,410812,25468,978836,1554808,978836,575972,15040,65592,0,0,0,0,41230184,14842084,34359738367,86940,0,80080,0,0,0,0,0,0,0,0,0,0,0,2048,0,1493776,27707392,38797312
1774390433.001101,1101,ubuntu-rog,1,0,0,65683160,33899032,51880188,565580,17192836,0,13512212,15741544,11520776,0,1991436,15741544,0,0,8388604,8388604,0,0,84,0,11496744,410812,25468,978836,1554808,978836,575972,15040,65592,0,0,0,0,41230184,14842084,34359738367,86940,0,80080,0,0,0,0,0,0,0,0,0,0,0,2048,0,1493776,27707392,38797312
1774390434.001338,1338,ubuntu-rog,1,0,0,65683160,33900048,51881204,565580,17192836,0,13512212,15741544,11520776,0,1991436,15741544,0,0,8388604,8388604,0,0,84,0,11496748,410812,25468,978836,1554808,978836,575972,15040,65592,0,0,0,0,41230184,14842084,34359738367,86940,0,80080,0,0,0,0,0,0,0,0,0,0,0,2048,0,1493776,27707392,38797312
1774390435.004201,4201,ubuntu-rog,1,0,0,65683160,33900048,51881204,565580,17192836,0,13512212,15741544,11520776,0,1991436,15741544,0,0,8388604,8388604,0,0,84,0,11496752,410812,25468,978836,1554808,978836,575972,15040,65592,0,0,0,0,41230184,14842084,34359738367,86940,0,80080,0,0,0,0,0,0,0,0,0,0,0,2048,0,1493776,27707392,38797312
1774390436.001333,1333,ubuntu-rog,1,0,0,65683160,33891932,51873136,565580,17192848,0,13513412,15741592,11521976,0,1991436,15741592,0,0,8388604,8388604,0,0,420,0,11497780,410924,25472,978836,1554808,978836,575972,15120,65696,0,0,0,0,41230184,14876492,34359738367,86956,0,80080,0,0,0,0,0,0,0,0,0,0,0,2048,0,1493776,27707392,38797312
1774390437.001079,1079,ubuntu-rog,1,0,0,65683160,33893488,51874692,565580,17192848,0,13513412,15741592,11521976,0,1991436,15741592,0,0,8388604,8388604,0,0,420,0,11497784,410924,25472,978836,1554808,978836,575972,15120,65696,0,0,0,0,41230184,14876492,34359738367,86956,0,80080,0,0,0,0,0,0,0,0,0,0,0,2048,0,1493776,27707392,38797312
1774390438.001092,1092,ubuntu-rog,1,0,0,65683160,33895080,51876284,565580,17192848,0,13513412,15741592,11521976,0,1991436,15741592,0,0,8388604,8388604,0,0,420,0,11497784,410924,25472,978836,1554808,978836,575972,15120,65696,0,0,0,0,41230184,14876492,34359738367,86956,0,80080,0,0,0,0,0,0,0,0,0,0,0,2048,0,1493776,27707392,38797312
1774390439.001330,1330,ubuntu-rog,1,0,0,65683160,33896472,51877676,565580,17192852,0,13513412,15741592,11521976,0,1991436,15741592,0,0,8388604,8388604,0,0,440,0,11497788,410928,25472,978836,1554808,978836,575972,15120,65696,0,0,0,0,41230184,14876492,34359738367,86956,0,80080,0,0,0,0,0,0,0,0,0,0,0,2048,0,1493776,27707392,38797312
1774390440.001238,1238,ubuntu-rog,1,0,0,65683160,33897284,51878488,565580,17192852,0,13513412,15741592,11521976,0,1991436,15741592,0,0,8388604,8388604,0,0,376,0,11497792,410928,25472,978836,1554808,978836,575972,15120,65696,0,0,0,0,41230184,14876492,34359738367,86956,0,80080,0,0,0,0,0,0,0,0,0,0,0,2048,0,1493776,27707392,38797312
1774390441.001335,1335,ubuntu-rog,1,0,0,65683160,33898600,51879804,565584,17192848,0,13513412,15741592,11521976,0,1991436,15741592,0,0,8388604,8388604,0,0,376,0,11497792,410928,25472,978836,1554808,978836,575972,15120,65696,0,0,0,0,41230184,14876492,34359738367,86956,0,80080,0,0,0,0,0,0,0,0,0,0,0,2048,0,1493776,27707392,38797312
1774390442.001161,1161,ubuntu-rog,1,0,0,65683160,33898724,51879932,565584,17192860,0,13513412,15741592,11521976,0,1991436,15741592,0,0,8388604,8388604,0,0,400,0,11497796,410928,25472,978840,1554812,978840,575972,15120,65696,0,0,0,0,41230184,14876492,34359738367,86956,0,80080,0,0,0,0,0,0,0,0,0,0,0,2048,0,1493776,27707392,38797312
1774390443.003061,3061,ubuntu-rog,1,0,0,65683160,33898776,51879984,565584,17192864,0,13513412,15741592,11521976,0,1991436,15741592,0,0,8388604,8388604,0,0,408,0,11497800,410928,25472,978840,1554812,978840,575972,15120,65696,0,0,0,0,41230184,14876492,34359738367,86956,0,80080,0,0,0,0,0,0,0,0,0,0,0,2048,0,1493776,27707392,38797312
1774390444.001303,1303,ubuntu-rog,1,0,0,65683160,33898776,51879984,565584,17192864,0,13513412,15741592,11521976,0,1991436,15741592,0,0,8388604,8388604,0,0,408,0,11497800,410928,25472,978840,1554812,978840,575972,15120,65696,0,0,0,0,41230184,14876492,34359738367,86956,0,80080,0,0,0,0,0,0,0,0,0,0,0,2048,0,1493776,27707392,38797312
1774390445.001204,1204,ubuntu-rog,1,0,0,65683160,33898776,51879984,565584,17192864,0,13513412,15741592,11521976,0,1991436,15741592,0,0,8388604,8388604,0,0,408,0,11497804,410928,25472,978840,1554812,978840,575972,15120,65696,0,0,0,0,41230184,14876492,34359738367,86956,0,80080,0,0,0,0,0,0,0,0,0,0,0,2048,0,1493776,27707392,38797312
1774390446.001312,1312,ubuntu-rog,1,0,0,65683160,33898776,51880004,565592,17192856,0,13512780,15741612,11521344,0,1991436,15741612,0,0,8388604,8388604,0,0,436,0,11496792,410836,25468,978840,1554812,978840,575972,15056,65592,0,0,0,0,41230184,14842100,34359738367,86972,0,80080,0,0,0,0,0,0,0,0,0,0,0,2048,0,1493776,27707392,38797312
1774390447.001064,1064,ubuntu-rog,1,0,0,65683160,33898776,51880004,565592,17192864,0,13512780,15741612,11521344,0,1991436,15741612,0,0,8388604,8388604,0,0,436,0,11496792,410836,25468,978840,1554812,978840,575972,15056,65592,0,0,0,0,41230184,14842100,34359738367,86972,0,80080,0,0,0,0,0,0,0,0,0,0,0,2048,0,1493776,27707392,38797312
1774390448.001065,1065,ubuntu-rog,1,0,0,65683160,33898776,51880004,565592,17192864,0,13512780,15741612,11521344,0,1991436,15741612,0,0,8388604,8388604,0,0,436,0,11496796,410836,25468,978840,1554812,978840,575972,15056,65592,0,0,0,0,41230184,14842100,34359738367,86972,0,80080,0,0,0,0,0,0,0,0,0,0,0,2048,0,1493776,27707392,38797312
1774390449.001307,1307,ubuntu-rog,1,0,0,65683160,33898776,51880004,565592,17192868,0,13512780,15741612,11521344,0,1991436,15741612,0,0,8388604,8388604,0,0,440,0,11496796,410836,25468,978840,1554812,978840,575972,15056,65592,0,0,0,0,41230184,14842100,34359738367,86972,0,80080,0,0,0,0,0,0,0,0,0,0,0,2048,0,1493776,27707392,38797312
1774390450.002197,2197,ubuntu-rog,1,0,0,65683160,33898776,51880004,565592,17192872,0,13512780,15741612,11521344,0,1991436,15741612,0,0,8388604,8388604,0,0,444,0,11496848,410836,25468,978840,1554812,978840,575972,15056,65592,0,0,0,0,41230184,14842100,34359738367,86972,0,80080,0,0,0,0,0,0,0,0,0,0,0,2048,0,1493776,27707392,38797312
1774390451.001308,1308,ubuntu-rog,1,0,0,65683160,33898776,51880004,565600,17192864,0,13512780,15741612,11521344,0,1991436,15741612,0,0,8388604,8388604,0,0,444,0,11496848,410836,25468,978840,1554812,978840,575972,15056,65592,0,0,0,0,41230184,14842100,34359738367,86972,0,80080,0,0,0,0,0,0,0,0,0,0,0,2048,0,1493776,27707392,38797312
1774390452.001062,1062,ubuntu-rog,1,0,0,65683160,33898776,51880004,565600,17192872,0,13512780,15741612,11521344,0,1991436,15741612,0,0,8388604,8388604,0,0,444,0,11496848,410836,25468,978840,1554812,978840,575972,15056,65592,0,0,0,0,41230184,14842100,34359738367,86972,0,80080,0,0,0,0,0,0,0,0,0,0,0,2048,0,1493776,27707392,38797312
1774390453.001065,1065,ubuntu-rog,1,0,0,65683160,33898776,51880028,565600,17192876,0,13512836,15741636,11521400,0,1991436,15741636,0,0,8388604,8388604,0,0,408,0,11496848,410836,25468,978840,1554812,978840,575972,15056,65592,0,0,0,0,41230184,14842100,34359738367,86972,0,80080,0,0,0,0,0,0,0,0,0,0,0,2048,0,1493776,27707392,38797312
1774390454.002306,2306,ubuntu-rog,1,0,0,65683160,33898776,51880028,565600,17192880,0,13512836,15741636,11521400,0,1991436,15741636,0,0,8388604,8388604,0,0,412,0,11496848,410836,25468,978840,1554812,978840,575972,15056,65592,0,0,0,0,41230184,14842100,34359738367,86972,0,80080,0,0,0,0,0,0,0,0,0,0,0,2048,0,1493776,27707392,38797312
1774390455.001203,1203,ubuntu-rog,1,0,0,65683160,33898776,51880028,565600,17192884,0,13512836,15741636,11521400,0,1991436,15741636,0,0,8388604,8388604,0,0,416,0,11496848,410836,25468,978840,1554812,978840,575972,15056,65592,0,0,0,0,41230184,14842100,34359738367,86972,0,80080,0,0,0,0,0,0,0,0,0,0,0,2048,0,1493776,27707392,38797312
1774390456.001309,1309,ubuntu-rog,1,0,0,65683160,33898776,51880028,565608,17192876,0,13512836,15741636,11521400,0,1991436,15741636,0,0,8388604,8388604,0,0,416,0,11496848,410836,25468,978840,1554812,978840,575972,15056,65592,0,0,0,0,41230184,14842100,34359738367,86972,0,80080,0,0,0,0,0,0,0,0,0,0,0,2048,0,1493776,27707392,38797312
1774390457.001064,1064,ubuntu-rog,1,0,0,65683160,33898776,51880028,565608,17192888,0,13512836,15741636,11521400,0,1991436,15741636,0,0,8388604,8388604,0,0,424,0,11496848,410836,25468,978840,1554812,978840,575972,15056,65592,0,0,0,0,41230184,14842100,34359738367,86972,0,80080,0,0,0,0,0,0,0,0,0,0,0,2048,0,1493776,27707392,38797312
1774390458.002062,2062,ubuntu-rog,1,0,0,65683160,33898776,51880028,565608,17192888,0,13512836,15741636,11521400,0,1991436,15741636,0,0,8388604,8388604,0,0,424,0,11496848,410836,25468,978840,1554816,978840,575976,15056,65592,0,0,0,0,41230184,14842100,34359738367,86972,0,80080,0,0,0,0,0,0,0,0,0,0,0,2048,0,1493776,27707392,38797312
1774390459.001308,1308,ubuntu-rog,1,0,0,65683160,33898776,51880028,565608,17192888,0,13512836,15741636,11521400,0,1991436,15741636,0,0,8388604,8388604,0,0,424,0,11496848,410836,25468,978840,1554816,978840,575976,15056,65592,0,0,0,0,41230184,14842100,34359738367,86972,0,80080,0,0,0,0,0,0,0,0,0,0,0,2048,0,1493776,27707392,38797312
1774390460.001194,1194,ubuntu-rog,1,0,0,65683160,33898776,51880032,565608,17192892,0,13512836,15741640,11521400,0,1991436,15741640,0,0,8388604,8388604,0,0,404,0,11496848,410836,25468,978840,1554816,978840,575976,15056,65592,0,0,0,0,41230184,14842100,34359738367,86972,0,80080,0,0,0,0,0,0,0,0,0,0,0,2048,0,1493776,27707392,38797312
1774390461.001301,1301,ubuntu-rog,1,0,0,65683160,33898776,51880032,565612,17192892,0,13512836,15741640,11521400,0,1991436,15741640,0,0,8388604,8388604,0,0,412,0,11496848,410836,25468,978840,1554816,978840,575976,15056,65592,0,0,0,0,41230184,14842100,34359738367,86972,0,80080,0,0,0,0,0,0,0,0,0,0,0,2048,0,1493776,27707392,38797312
1774390462.002062,2062,ubuntu-rog,1,0,0,65683160,33898776,51880032,565612,17192896,0,13512836,15741640,11521400,0,1991436,15741640,0,0,8388604,8388604,0,0,428,0,11496848,410836,25468,978840,1554816,978840,575976,15056,65592,0,0,0,0,41230184,14842100,34359738367,86972,0,80080,0,0,0,0,0,0,0,0,0,0,0,2048,0,1493776,27707392,38797312
1774390463.001066,1066,ubuntu-rog,1,0,0,65683160,33898776,51880032,565612,17192896,0,13512836,15741640,11521400,0,1991436,15741640,0,0,8388604,8388604,0,0,428,0,11496848,410836,25468,978840,1554816,978840,575976,15056,65592,0,0,0,0,41230184,14842100,34359738367,86972,0,80080,0,0,0,0,0,0,0,0,0,0,0,2048,0,1493776,27707392,38797312
1774390464.001299,1299,ubuntu-rog,1,0,0,65683160,33898776,51880032,565612,17192900,0,13512836,15741640,11521400,0,1991436,15741640,0,0,8388604,8388604,0,0,432,0,11496848,410836,25468,978840,1554816,978840,575976,15056,65592,0,0,0,0,41230184,14842100,34359738367,86972,0,80080,0,0,0,0,0,0,0,0,0,0,0,2048,0,1493776,27707392,38797312
1774390465.001159,1159,ubuntu-rog,1,0,0,65683160,33898776,51880032,565612,17192900,0,13512836,15741640,11521400,0,1991436,15741640,0,0,8388604,8388604,0,0,432,0,11496848,410836,25468,978840,1554820,978840,575980,15056,65592,0,0,0,0,41230184,14842100,34359738367,86972,0,80080,0,0,0,0,0,0,0,0,0,0,0,2048,0,1493776,27707392,38797312
1774390466.002298,2298,ubuntu-rog,1,0,0,65683160,33898776,51880032,565612,17192900,0,13512836,15741640,11521400,0,1991436,15741640,0,0,8388604,8388604,0,0,432,0,11496848,410836,25468,978840,1554820,978840,575980,15056,65592,0,0,0,0,41230184,14842100,34359738367,86972,0,80080,0,0,0,0,0,0,0,0,0,0,0,2048,0,1493776,27707392,38797312
1774390467.001062,1062,ubuntu-rog,1,0,0,65683160,33898776,51880044,565620,17192900,0,13512836,15741652,11521400,0,1991436,15741652,0,0,8388604,8388604,0,0,80,0,11496848,410836,25468,978840,1554820,978840,575980,15056,65592,0,0,0,0,41230184,14842100,34359738367,86972,0,80080,0,0,0,0,0,0,0,0,0,0,0,2048,0,1493776,27707392,38797312
1774390468.001067,1067,ubuntu-rog,1,0,0,65683160,33898776,51880044,565620,17192912,0,13512836,15741652,11521400,0,1991436,15741652,0,0,8388604,8388604,0,0,92,0,11496848,410836,25468,978840,1554820,978840,575980,15056,65592,0,0,0,0,41230184,14842100,34359738367,86972,0,80080,0,0,0,0,0,0,0,0,0,0,0,2048,0,1493776,27707392,38797312
1774390469.001301,1301,ubuntu-rog,1,0,0,65683160,33898776,51880044,565620,17192912,0,13512836,15741652,11521400,0,1991436,15741652,0,0,8388604,8388604,0,0,92,0,11496848,410836,25468,978840,1554820,978840,575980,15056,65592,0,0,0,0,41230184,14842244,34359738367,86972,0,80080,0,0,0,0,0,0,0,0,0,0,0,2048,0,1493776,27707392,38797312
1774390470.002193,2193,ubuntu-rog,1,0,0,65683160,33898524,51879792,565620,17192912,0,13513008,15741652,11521572,0,1991436,15741652,0,0,8388604,8388604,0,0,92,0,11497004,410836,25468,978840,1554820,978840,575980,15056,65592,0,0,0,0,41230184,14842244,34359738367,86972,0,80080,0,0,0,0,0,0,0,0,0,0,0,2048,0,1493776,27707392,38797312
1774390471.001297,1297,ubuntu-rog,1,0,0,65683160,33898524,51879792,565620,17192916,0,13513008,15741652,11521572,0,1991436,15741652,0,0,8388604,8388604,0,0,96,0,11497004,410836,25468,978840,1554820,978840,575980,15056,65592,0,0,0,0,41230184,14842244,34359738367,86972,0,80080,0,0,0,0,0,0,0,0,0,0,0,2048,0,1493776,27707392,38797312
1774390472.001065,1065,ubuntu-rog,1,0,0,65683160,33898524,51879792,565624,17192912,0,13513008,15741652,11521572,0,1991436,15741652,0,0,8388604,8388604,0,0,96,0,11497004,410836,25468,978840,1554816,978840,575976,15056,65592,0,0,0,0,41230184,14842244,34359738367,86972,0,80080,0,0,0,0,0,0,0,0,0,0,0,2048,0,1493776,27707392,38797312
1774390473.001065,1065,ubuntu-rog,1,0,0,65683160,33898524,51879792,565624,17192916,0,13513008,15741652,11521572,0,1991436,15741652,0,0,8388604,8388604,0,0,96,0,11497004,410836,25468,978840,1554816,978840,575976,15056,65592,0,0,0,0,41230184,14842244,34359738367,86972,0,80080,0,0,0,0,0,0,0,0,0,0,0,2048,0,1493776,27707392,38797312
1774390474.002294,2294,ubuntu-rog,1,0,0,65683160,33898524,51879792,565624,17192924,0,13513008,15741652,11521572,0,1991436,15741652,0,0,8388604,8388604,0,0,104,0,11497004,410836,25468,978840,1554816,978840,575976,15056,65592,0,0,0,0,41230184,14842244,34359738367,86972,0,80080,0,0,0,0,0,0,0,0,0,0,0,2048,0,1493776,27707392,38797312
1774390475.001197,1197,ubuntu-rog,1,0,0,65683160,33898524,51879792,565624,17192924,0,13513008,15741652,11521572,0,1991436,15741652,0,0,8388604,8388604,0,0,44,0,11497004,410836,25468,978840,1554816,978840,575976,15056,65592,0,0,0,0,41230184,14842244,34359738367,86972,0,80080,0,0,0,0,0,0,0,0,0,0,0,2048,0,1493776,27707392,38797312
1774390476.001300,1300,ubuntu-rog,1,0,0,65683160,33898524,51879792,565624,17192924,0,13513008,15741652,11521572,0,1991436,15741652,0,0,8388604,8388604,0,0,44,0,11497004,410836,25468,978840,1554816,978840,575976,15056,65592,0,0,0,0,41230184,14842244,34359738367,86972,0,80080,0,0,0,0,0,0,0,0,0,0,0,2048,0,1493776,27707392,38797312
1774390477.001061,1061,ubuntu-rog,1,0,0,65683160,33898524,51879792,565624,17192924,0,13513008,15741652,11521572,0,1991436,15741652,0,0,8388604,8388604,0,0,44,0,11497004,410836,25468,978840,1554816,978840,575976,15056,65592,0,0,0,0,41230184,14842244,34359738367,86972,0,80080,0,0,0,0,0,0,0,0,0,0,0,2048,0,1493776,27707392,38797312
1774390478.001392,1392,ubuntu-rog,1,0,0,65683160,33898524,51879792,565624,17192928,0,13513008,15741652,11521572,0,1991436,15741652,0,0,8388604,8388604,0,0,60,0,11497004,410836,25468,978840,1554816,978840,575976,15056,65592,0,0,0,0,41230184,14842244,34359738367,86972,0,80080,0,0,0,0,0,0,0,0,0,0,0,2048,0,1493776,27707392,38797312
1774390479.002297,2297,ubuntu-rog,1,0,0,65683160,33898524,51879792,565624,17192932,0,13513008,15741652,11521572,0,1991436,15741652,0,0,8388604,8388604,0,0,68,0,11497004,410836,25468,978840,1554816,978840,575976,15056,65592,0,0,0,0,41230184,14842244,34359738367,86972,0,80080,0,0,0,0,0,0,0,0,0,0,0,2048,0,1493776,27707392,38797312
1774390480.001198,1198,ubuntu-rog,1,0,0,65683160,33898524,51879792,565624,17192936,0,13512996,15741652,11521560,0,1991436,15741652,0,0,8388604,8388604,0,0,72,0,11497008,410836,25468,978840,1554816,978840,575976,15056,65592,0,0,0,0,41230184,14842244,34359738367,86972,0,80080,0,0,0,0,0,0,0,0,0,0,0,2048,0,1493776,27707392,38797312
1774390481.001300,1300,ubuntu-rog,1,0,0,65683160,33898524,51879792,565624,17192940,0,13512996,15741652,11521560,0,1991436,15741652,0,0,8388604,8388604,0,0,76,0,11497008,410836,25468,978840,1554816,978840,575976,15056,65592,0,0,0,0,41230184,14842244,34359738367,86972,0,80080,0,0,0,0,0,0,0,0,0,0,0,2048,0,1493776,27707392,38797312
1774390482.001065,1065,ubuntu-rog,1,0,0,65683160,33898524,51879792,565624,17192940,0,13512996,15741652,11521560,0,1991436,15741652,0,0,8388604,8388604,0,0,76,0,11497008,410836,25468,978840,1554816,978840,575976,15056,65592,0,0,0,0,41230184,14842244,34359738367,86972,0,80080,0,0,0,0,0,0,0,0,0,0,0,2048,0,1493776,27707392,38797312
1774390483.002064,2064,ubuntu-rog,1,0,0,65683160,33898524,51879792,565624,17192940,0,13512996,15741652,11521560,0,1991436,15741652,0,0,8388604,8388604,0,0,80,0,11497008,410836,25468,978840,1554816,978840,575976,15056,65592,0,0,0,0,41230184,14842244,34359738367,86972,0,80080,0,0,0,0,0,0,0,0,0,0,0,2048,0,1493776,27707392,38797312
1774390484.001317,1317,ubuntu-rog,1,0,0,65683160,33898524,51879792,565624,17192940,0,13512996,15741652,11521560,0,1991436,15741652,0,0,8388604,8388604,0,0,80,0,11497008,410836,25468,978840,1554816,978840,575976,15056,65592,0,0,0,0,41230184,14842244,34359738367,86972,0,80080,0,0,0,0,0,0,0,0,0,0,0,2048,0,1493776,27707392,38797312
1774390485.001200,1200,ubuntu-rog,1,0,0,65683160,33898524,51879792,565624,17192944,0,13512996,15741652,11521560,0,1991436,15741652,0,0,8388604,8388604,0,0,84,0,11497008,410836,25468,978840,1554816,978840,575976,15056,65592,0,0,0,0,41230184,14842244,34359738367,86972,0,80080,0,0,0,0,0,0,0,0,0,0,0,2048,0,1493776,27707392,38797312
1774390486.001304,1304,ubuntu-rog,1,0,0,65683160,33898524,51879792,565624,17192948,0,13512996,15741652,11521560,0,1991436,15741652,0,0,8388604,8388604,0,0,88,0,11497008,410836,25468,978840,1554816,978840,575976,15056,65592,0,0,0,0,41230184,14842244,34359738367,86972,0,80080,0,0,0,0,0,0,0,0,0,0,0,2048,0,1493776,27707392,38797312
1774390487.002062,2062,ubuntu-rog,1,0,0,65683160,33898524,51879792,565624,17192948,0,13512996,15741652,11521560,0,1991436,15741652,0,0,8388604,8388604,0,0,88,0,11497008,410836,25468,978840,1554816,978840,575976,15056,65592,0,0,0,0,41230184,14842244,34359738367,86972,0,80080,0,0,0,0,0,0,0,0,0,0,0,2048,0,1493776,27707392,38797312
1774390488.001065,1065,ubuntu-rog,1,0,0,65683160,33898524,51879792,565624,17192952,0,13512996,15741652,11521560,0,1991436,15741652,0,0,8388604,8388604,0,0,56,0,11497008,410836,25468,978840,1554816,978840,575976,15056,65592,0,0,0,0,41230184,14842244,34359738367,86972,0,80080,0,0,0,0,0,0,0,0,0,0,0,2048,0,1493776,27707392,38797312
1774390489.001296,1296,ubuntu-rog,1,0,0,65683160,33898524,51879792,565624,17192952,0,13512996,15741652,11521560,0,1991436,15741652,0,0,8388604,8388604,0,0,56,0,11497008,410836,25468,978840,1554816,978840,575976,15056,65592,0,0,0,0,41230184,14842244,34359738367,86972,0,80080,0,0,0,0,0,0,0,0,0,0,0,2048,0,1493776,27707392,38797312
1774390490.001439,1439,ubuntu-rog,1,0,0,65683160,33898524,51879792,565624,17192952,0,13512996,15741652,11521560,0,1991436,15741652,0,0,8388604,8388604,0,0,56,0,11497008,410836,25468,978840,1554816,978840,575976,15056,65592,0,0,0,0,41230184,14842244,34359738367,86972,0,80080,0,0,0,0,0,0,0,0,0,0,0,2048,0,1493776,27707392,38797312
1774390491.002346,2346,ubuntu-rog,1,0,0,65683160,33898524,51879792,565624,17192956,0,13512996,15741652,11521560,0,1991436,15741652,0,0,8388604,8388604,0,0,60,0,11497008,410836,25468,978840,1554816,978840,575976,15056,65592,0,0,0,0,41230184,14842244,34359738367,86972,0,80080,0,0,0,0,0,0,0,0,0,0,0,2048,0,1493776,27707392,38797312
1774390492.001082,1082,ubuntu-rog,1,0,0,65683160,33898524,51879792,565628,17192956,0,13512996,15741652,11521560,0,1991436,15741652,0,0,8388604,8388604,0,0,64,0,11497008,410836,25468,978840,1554816,978840,575976,15056,65592,0,0,0,0,41230184,14842244,34359738367,86972,0,80080,0,0,0,0,0,0,0,0,0,0,0,2048,0,1493776,27707392,38797312
1774390493.001077,1077,ubuntu-rog,1,0,0,65683160,33898524,51879792,565628,17192964,0,13512996,15741652,11521560,0,1991436,15741652,0,0,8388604,8388604,0,0,68,0,11497008,410836,25468,978840,1554816,978840,575976,15056,65592,0,0,0,0,41230184,14842244,34359738367,86972,0,80080,0,0,0,0,0,0,0,0,0,0,0,2048,0,1493776,27707392,38797312
1774390494.001314,1314,ubuntu-rog,1,0,0,65683160,33898524,51879792,565628,17192964,0,13512996,15741652,11521560,0,1991436,15741652,0,0,8388604,8388604,0,0,68,0,11497008,410836,25468,978840,1554816,978840,575976,15056,65592,0,0,0,0,41230184,14842244,34359738367,86972,0,80080,0,0,0,0,0,0,0,0,0,0,0,2048,0,1493776,27707392,38797312
1774390495.004198,4198,ubuntu-rog,1,0,0,65683160,33898524,51879792,565628,17192968,0,13512996,15741652,11521560,0,1991436,15741652,0,0,8388604,8388604,0,0,72,0,11497008,410836,25468,978840,1554816,978840,575976,15056,65592,0,0,0,0,41230184,14842244,34359738367,86972,0,80080,0,0,0,0,0,0,0,0,0,0,0,2048,0,1493776,27707392,38797312
1774390496.001315,1315,ubuntu-rog,1,0,0,65683160,33898524,51879836,565628,17192968,0,13512996,15741696,11521560,0,1991436,15741696,0,0,8388604,8388604,0,0,44,0,11497008,410836,25468,978840,1554816,978840,575976,15056,65592,0,0,0,0,41230184,14842244,34359738367,86972,0,80080,0,0,0,0,0,0,0,0,0,0,0,2048,0,1493776,27707392,38797312
1774390497.001078,1078,ubuntu-rog,1,0,0,65683160,33898524,51879836,565636,17192960,0,13512996,15741696,11521560,0,1991436,15741696,0,0,8388604,8388604,0,0,44,0,11497008,410836,25468,978840,1554816,978840,575976,15056,65592,0,0,0,0,41230184,14842244,34359738367,86972,0,80080,0,0,0,0,0,0,0,0,0,0,0,2048,0,1493776,27707392,38797312
1774390498.001078,1078,ubuntu-rog,1,0,0,65683160,33898524,51879836,565636,17192972,0,13512996,15741696,11521560,0,1991436,15741696,0,0,8388604,8388604,0,0,60,0,11497008,410836,25468,978840,1554816,978840,575976,15056,65592,0,0,0,0,41230184,14842244,34359738367,86972,0,80080,0,0,0,0,0,0,0,0,0,0,0,2048,0,1493776,27707392,38797312
1774390499.001313,1313,ubuntu-rog,1,0,0,65683160,33898524,51879836,565636,17192976,0,13512996,15741696,11521560,0,1991436,15741696,0,0,8388604,8388604,0,0,68,0,11497008,410836,25468,978840,1554816,978840,575976,15056,65592,0,0,0,0,41230184,14842244,34359738367,86972,0,80080,0,0,0,0,0,0,0,0,0,0,0,2048,0,1493776,27707392,38797312
1774390500.001215,1215,ubuntu-rog,1,0,0,65683160,33898524,51879836,565636,17192976,0,13512996,15741696,11521560,0,1991436,15741696,0,0,8388604,8388604,0,0,68,0,11497008,410836,25468,978840,1554816,978840,575976,15056,65592,0,0,0,0,41230184,14842244,34359738367,86972,0,80080,0,0,0,0,0,0,0,0,0,0,0,2048,0,1493776,27707392,38797312
1774390501.001309,1309,ubuntu-rog,1,0,0,65683160,33898524,51879836,565636,17192976,0,13512996,15741696,11521560,0,1991436,15741696,0,0,8388604,8388604,0,0,68,0,11497028,410836,25468,978840,1554816,978840,575976,15056,65592,0,0,0,0,41230184,14842244,34359738367,86972,0,80080,0,0,0,0,0,0,0,0,0,0,0,2048,0,1493776,27707392,38797312
1774390502.001073,1073,ubuntu-rog,1,0,0,65683160,33891412,51872804,565640,17192976,0,13513084,15741776,11521648,0,1991436,15741776,0,0,8388604,8388604,0,0,240,0,11497028,410836,25468,978840,1554816,978840,575976,15056,65592,0,0,0,0,41230184,14842244,34359738367,86972,0,80080,0,0,0,0,0,0,0,0,0,0,0,2048,0,1493776,27707392,38797312
1774390503.001066,1066,ubuntu-rog,1,0,0,65683160,33893344,51874736,565640,17192980,0,13513084,15741776,11521648,0,1991436,15741776,0,0,8388604,8388604,0,0,268,0,11497028,410836,25468,978840,1554816,978840,575976,15056,65592,0,0,0,0,41230184,14842244,34359738367,86972,0,80080,0,0,0,0,0,0,0,0,0,0,0,2048,0,1493776,27707392,38797312
1774390504.001306,1306,ubuntu-rog,1,0,0,65683160,33894556,51875948,565640,17192984,0,13513084,15741776,11521648,0,1991436,15741776,0,0,8388604,8388604,0,0,272,0,11497028,410836,25468,978840,1554812,978840,575972,15056,65592,0,0,0,0,41230184,14842244,34359738367,86972,0,80080,0,0,0,0,0,0,0,0,0,0,0,2048,0,1493776,27707392,38797312
1774390505.001206,1206,ubuntu-rog,1,0,0,65683160,33895948,51877340,565640,17192992,0,13513084,15741776,11521648,0,1991436,15741776,0,0,8388604,8388604,0,0,280,0,11497028,410836,25468,978840,1554812,978840,575972,15056,65592,0,0,0,0,41230184,14842244,34359738367,86940,0,80080,0,0,0,0,0,0,0,0,0,0,0,2048,0,1493776,27707392,38797312
1774390506.001308,1308,ubuntu-rog,1,0,0,65683160,33896760,51878152,565640,17192992,0,13513084,15741776,11521648,0,1991436,15741776,0,0,8388604,8388604,0,0,280,0,11497036,410836,25468,978840,1554812,978840,575972,15024,65592,0,0,0,0,41230184,14842244,34359738367,86940,0,80080,0,0,0,0,0,0,0,0,0,0,0,2048,0,1493776,27707392,38797312
1774390507.002059,2059,ubuntu-rog,1,0,0,65683160,33897948,51879340,565640,17192992,0,13513084,15741776,11521648,0,1991436,15741776,0,0,8388604,8388604,0,0,280,0,11497036,410836,25468,978840,1554812,978840,575972,15024,65592,0,0,0,0,41230184,14842244,34359738367,86940,0,80080,0,0,0,0,0,0,0,0,0,0,0,2048,0,1493776,27707392,38797312
1774390508.001072,1072,ubuntu-rog,1,0,0,65683160,33898000,51879392,565640,17192992,0,13513084,15741776,11521648,0,1991436,15741776,0,0,8388604,8388604,0,0,280,0,11497036,410836,25468,978840,1554812,978840,575972,15024,65592,0,0,0,0,41230184,14842244,34359738367,86940,0,80080,0,0,0,0,0,0,0,0,0,0,0,2048,0,1493776,27707392,38797312
1774390509.001339,1339,ubuntu-rog,1,0,0,65683160,33898000,51879396,565640,17192996,0,13513084,15741776,11521648,0,1991436,15741776,0,0,8388604,8388604,0,0,284,0,11497036,410836,25468,978844,1554816,978844,575972,15024,65592,0,0,0,0,41230184,14842244,34359738367,86940,0,80080,0,0,0,0,0,0,0,0,0,0,0,2048,0,1493776,27707392,38797312
1774390510.001202,1202,ubuntu-rog,1,0,0,65683160,33898000,51879396,565640,17192996,0,13513084,15741776,11521648,0,1991436,15741776,0,0,8388604,8388604,0,0,284,0,11497036,410836,25468,978844,1554816,978844,575972,15024,65592,0,0,0,0,41230184,14842244,34359738367,86940,0,80080,0,0,0,0,0,0,0,0,0,0,0,2048,0,1493776,27707392,38797312
1774390511.004300,4300,ubuntu-rog,1,0,0,65683160,33898000,51879408,565640,17192996,0,13512984,15741788,11521548,0,1991436,15741788,0,0,8388604,8388604,0,0,224,0,11496904,410836,25468,978844,1554816,978844,575972,15024,65592,0,0,0,0,41230184,14842116,34359738367,86940,0,80080,0,0,0,0,0,0,0,0,0,0,0,2048,0,1493776,27707392,38797312
1774390512.001067,1067,ubuntu-rog,1,0,0,65683160,33898000,51879408,565640,17193004,0,13512984,15741788,11521548,0,1991436,15741788,0,0,8388604,8388604,0,0,236,0,11496904,410836,25468,978844,1554816,978844,575972,15024,65592,0,0,0,0,41230184,14842116,34359738367,86940,0,80080,0,0,0,0,0,0,0,0,0,0,0,2048,0,1493776,27707392,38797312
1774390513.001071,1071,ubuntu-rog,1,0,0,65683160,33898000,51879408,565640,17193004,0,13512984,15741788,11521548,0,1991436,15741788,0,0,8388604,8388604,0,0,248,0,11496904,410836,25468,978844,1554816,978844,575972,15024,65592,0,0,0,0,41230184,14842116,34359738367,86940,0,80080,0,0,0,0,0,0,0,0,0,0,0,2048,0,1493776,27707392,38797312
1774390514.001303,1303,ubuntu-rog,1,0,0,65683160,33898000,51879408,565640,17193004,0,13512984,15741788,11521548,0,1991436,15741788,0,0,8388604,8388604,0,0,248,0,11496904,410836,25468,978844,1554816,978844,575972,15024,65592,0,0,0,0,41230184,14842116,34359738367,86940,0,80080,0,0,0,0,0,0,0,0,0,0,0,2048,0,1493776,27707392,38797312
1774390515.001133,1133,ubuntu-rog,1,0,0,65683160,33898000,51879408,565640,17193004,0,13512984,15741788,11521548,0,1991436,15741788,0,0,8388604,8388604,0,0,248,0,11496904,410836,25468,978844,1554816,978844,575972,15024,65592,0,0,0,0,41230184,14842116,34359738367,86940,0,80080,0,0,0,0,0,0,0,0,0,0,0,2048,0,1493776,27707392,38797312
1774390516.002301,2301,ubuntu-rog,1,0,0,65683160,33898000,51879408,565640,17193012,0,13512984,15741788,11521548,0,1991436,15741788,0,0,8388604,8388604,0,0,260,0,11496904,410836,25468,978844,1554816,978844,575972,15024,65592,0,0,0,0,41230184,14842116,34359738367,86940,0,80080,0,0,0,0,0,0,0,0,0,0,0,2048,0,1493776,27707392,38797312
1774390517.001061,1061,ubuntu-rog,1,0,0,65683160,33898000,51879408,565640,17193012,0,13512984,15741788,11521548,0,1991436,15741788,0,0,8388604,8388604,0,0,260,0,11496904,410836,25468,978844,1554816,978844,575972,15024,65592,0,0,0,0,41230184,14842116,34359738367,86940,0,80080,0,0,0,0,0,0,0,0,0,0,0,2048,0,1493776,27707392,38797312
1774390518.001065,1065,ubuntu-rog,1,0,0,65683160,33898000,51879408,565648,17193008,0,13512984,15741788,11521548,0,1991436,15741788,0,0,8388604,8388604,0,0,208,0,11496904,410836,25468,978844,1554816,978844,575972,15024,65592,0,0,0,0,41230184,14842116,34359738367,86940,0,80080,0,0,0,0,0,0,0,0,0,0,0,2048,0,1493776,27707392,38797312
1774390519.001299,1299,ubuntu-rog,1,0,0,65683160,33898000,51879408,565648,17193020,0,13512984,15741788,11521548,0,1991436,15741788,0,0,8388604,8388604,0,0,216,0,11496904,410836,25468,978844,1554816,978844,575972,15024,65592,0,0,0,0,41230184,14842116,34359738367,86940,0,80080,0,0,0,0,0,0,0,0,0,0,0,2048,0,1493776,27707392,38797312
1774390520.002189,2189,ubuntu-rog,1,0,0,65683160,33898000,51879408,565648,17193020,0,13512984,15741788,11521548,0,1991436,15741788,0,0,8388604,8388604,0,0,216,0,11496904,410836,25468,978844,1554816,978844,575972,15024,65592,0,0,0,0,41230184,14842116,34359738367,86940,0,80080,0,0,0,0,0,0,0,0,0,0,0,2048,0,1493776,27707392,38797312
1774390521.001300,1300,ubuntu-rog,1,0,0,65683160,33898000,51879408,565648,17193020,0,13512984,15741788,11521548,0,1991436,15741788,0,0,8388604,8388604,0,0,216,0,11496904,410836,25468,978844,1554816,978844,575972,15024,65592,0,0,0,0,41230184,14842116,34359738367,86940,0,80080,0,0,0,0,0,0,0,0,0,0,0,2048,0,1493776,27707392,38797312
1774390522.001064,1064,ubuntu-rog,1,0,0,65683160,33898000,51879408,565648,17193020,0,13512984,15741788,11521548,0,1991436,15741788,0,0,8388604,8388604,0,0,216,0,11496904,410836,25468,978844,1554816,978844,575972,15024,65592,0,0,0,0,41230184,14842116,34359738367,86940,0,80080,0,0,0,0,0,0,0,0,0,0,0,2048,0,1493776,27707392,38797312
1774390523.001065,1065,ubuntu-rog,1,0,0,65683160,33898000,51879408,565652,17193020,0,13512984,15741788,11521548,0,1991436,15741788,0,0,8388604,8388604,0,0,220,0,11496904,410836,25468,978844,1554816,978844,575972,15024,65592,0,0,0,0,41230184,14842116,34359738367,86940,0,80080,0,0,0,0,0,0,0,0,0,0,0,2048,0,1493776,27707392,38797312
1774390524.002296,2296,ubuntu-rog,1,0,0,65683160,33898000,51879408,565652,17193028,0,13512984,15741788,11521548,0,1991436,15741788,0,0,8388604,8388604,0,0,228,0,11496904,410836,25468,978844,1554816,978844,575972,15024,65592,0,0,0,0,41230184,14842116,34359738367,86940,0,80080,0,0,0,0,0,0,0,0,0,0,0,2048,0,1493776,27707392,38797312
1774390525.001196,1196,ubuntu-rog,1,0,0,65683160,33898000,51879408,565652,17193028,0,13512984,15741788,11521548,0,1991436,15741788,0,0,8388604,8388604,0,0,228,0,11496904,410836,25468,978844,1554816,978844,575972,15024,65592,0,0,0,0,41230184,14842116,34359738367,86940,0,80080,0,0,0,0,0,0,0,0,0,0,0,2048,0,1493776,27707392,38797312
1774390526.001303,1303,ubuntu-rog,1,0,0,65683160,33898000,51879408,565652,17193032,0,13512984,15741788,11521548,0,1991436,15741788,0,0,8388604,8388604,0,0,232,0,11496904,410836,25468,978844,1554816,978844,575972,15024,65592,0,0,0,0,41230184,14842116,34359738367,86940,0,80080,0,0,0,0,0,0,0,0,0,0,0,2048,0,1493776,27707392,38797312
1774390527.001062,1062,ubuntu-rog,1,0,0,65683160,33898000,51879408,565652,17193032,0,13512984,15741788,11521548,0,1991436,15741788,0,0,8388604,8388604,0,0,232,0,11496904,410836,25468,978844,1554816,978844,575972,15024,65592,0,0,0,0,41230184,14842116,34359738367,86940,0,80080,0,0,0,0,0,0,0,0,0,0,0,2048,0,1493776,27707392,38797312
1774390528.002065,2065,ubuntu-rog,1,0,0,65683160,33898000,51879408,565652,17193032,0,13512984,15741788,11521548,0,1991436,15741788,0,0,8388604,8388604,0,0,232,0,11496904,410836,25468,978844,1554816,978844,575972,15024,65592,0,0,0,0,41230184,14842116,34359738367,86940,0,80080,0,0,0,0,0,0,0,0,0,0,0,2048,0,1493776,27707392,38797312
1774390529.001299,1299,ubuntu-rog,1,0,0,65683160,33898000,51879408,565656,17193032,0,13512984,15741788,11521548,0,1991436,15741788,0,0,8388604,8388604,0,0,236,0,11496904,410836,25468,978844,1554816,978844,575972,15024,65592,0,0,0,0,41230184,14842116,34359738367,86940,0,80080,0,0,0,0,0,0,0,0,0,0,0,2048,0,1493776,27707392,38797312
1774390530.001198,1198,ubuntu-rog,1,0,0,65683160,33898000,51879408,565656,17193040,0,13512984,15741788,11521548,0,1991436,15741788,0,0,8388604,8388604,0,0,240,0,11496904,410836,25468,978844,1554816,978844,575972,15024,65592,0,0,0,0,41230184,14842116,34359738367,86940,0,80080,0,0,0,0,0,0,0,0,0,0,0,2048,0,1493776,27707392,38797312
1774390531.001302,1302,ubuntu-rog,1,0,0,65683160,33898000,51879408,565656,17193044,0,13512984,15741788,11521548,0,1991436,15741788,0,0,8388604,8388604,0,0,244,0,11496904,410836,25468,978844,1554816,978844,575972,15024,65592,0,0,0,0,41230184,14842116,34359738367,86940,0,80080,0,0,0,0,0,0,0,0,0,0,0,2048,0,1493776,27707392,38797312
1774390532.002059,2059,ubuntu-rog,1,0,0,65683160,33898000,51879408,565656,17193044,0,13512984,15741788,11521548,0,1991436,15741788,0,0,8388604,8388604,0,0,216,0,11496904,410836,25468,978844,1554816,978844,575972,15024,65592,0,0,0,0,41230184,14842116,34359738367,86940,0,80080,0,0,0,0,0,0,0,0,0,0,0,2048,0,1493776,27707392,38797312
1774390533.001075,1075,ubuntu-rog,1,0,0,65683160,33898000,51879480,565656,17193048,0,13512984,15741860,11521548,0,1991436,15741860,0,0,8388604,8388604,0,0,52,0,11496904,410836,25468,978844,1554816,978844,575972,15024,65592,0,0,0,0,41230184,14842116,34359738367,86940,0,80080,0,0,0,0,0,0,0,0,0,0,0,2048,0,1493776,27707392,38797312
1774390534.001295,1295,ubuntu-rog,1,0,0,65683160,33898000,51879528,565688,17193048,0,13513084,15741904,11521648,0,1991436,15741904,0,0,8388604,8388604,0,0,144,0,11496904,410836,25468,978848,1554820,978848,575972,15024,65592,0,0,0,0,41230184,14842116,34359738367,86940,0,80080,0,0,0,0,0,0,0,0,0,0,0,2048,0,1493776,27707392,38797312
1774390535.001197,1197,ubuntu-rog,1,0,0,65683160,33898000,51879528,565688,17193048,0,13513084,15741904,11521648,0,1991436,15741904,0,0,8388604,8388604,0,0,144,0,11496904,410836,25468,978848,1554820,978848,575972,15024,65592,0,0,0,0,41230184,14842116,34359738367,86940,0,80080,0,0,0,0,0,0,0,0,0,0,0,2048,0,1493776,27707392,38797312
1774390536.002295,2295,ubuntu-rog,1,0,0,65683160,33898000,51879528,565688,17193048,0,13513084,15741904,11521648,0,1991436,15741904,0,0,8388604,8388604,0,0,144,0,11496904,410836,25468,978848,1554820,978848,575972,15024,65592,0,0,0,0,41230184,14842116,34359738367,86940,0,80080,0,0,0,0,0,0,0,0,0,0,0,2048,0,1493776,27707392,38797312
1774390537.001060,1060,ubuntu-rog,1,0,0,65683160,33898000,51879528,565688,17193056,0,13513084,15741904,11521648,0,1991436,15741904,0,0,8388604,8388604,0,0,156,0,11496904,410836,25468,978848,1554820,978848,575972,15024,65592,0,0,0,0,41230184,14842116,34359738367,86940,0,80080,0,0,0,0,0,0,0,0,0,0,0,2048,0,1493776,27707392,38797312
1774390538.001064,1064,ubuntu-rog,1,0,0,65683160,33898000,51879528,565688,17193056,0,13513084,15741904,11521648,0,1991436,15741904,0,0,8388604,8388604,0,0,156,0,11496904,410836,25468,978848,1554820,978848,575972,15024,65592,0,0,0,0,41230184,14842116,34359738367,86940,0,80080,0,0,0,0,0,0,0,0,0,0,0,2048,0,1493776,27707392,38797312
1774390539.001298,1298,ubuntu-rog,1,0,0,65683160,33898000,51879528,565696,17193048,0,13513084,15741904,11521648,0,1991436,15741904,0,0,8388604,8388604,0,0,156,0,11496904,410836,25468,978848,1554820,978848,575972,15024,65592,0,0,0,0,41230184,14842116,34359738367,86940,0,80080,0,0,0,0,0,0,0,0,0,0,0,2048,0,1493776,27707392,38797312
1774390540.002175,2175,ubuntu-rog,1,0,0,65683160,33898000,51879528,565696,17193060,0,13513084,15741904,11521648,0,1991436,15741904,0,0,8388604,8388604,0,0,160,0,11496904,410836,25468,978848,1554820,978848,575972,15024,65592,0,0,0,0,41230184,14842116,34359738367,86940,0,80080,0,0,0,0,0,0,0,0,0,0,0,2048,0,1493776,27707392,38797312
1774390541.001302,1302,ubuntu-rog,1,0,0,65683160,33898000,51879528,565696,17193064,0,13513084,15741904,11521648,0,1991436,15741904,0,0,8388604,8388604,0,0,164,0,11496904,410836,25468,978848,1554820,978848,575972,15024,65592,0,0,0,0,41230184,14842116,34359738367,86940,0,80080,0,0,0,0,0,0,0,0,0,0,0,2048,0,1493776,27707392,38797312
1774390542.001065,1065,ubuntu-rog,1,0,0,65683160,33898000,51879528,565696,17193064,0,13513084,15741904,11521648,0,1991436,15741904,0,0,8388604,8388604,0,0,164,0,11496904,410836,25468,978848,1554820,978848,575972,15024,65592,0,0,0,0,41230184,14842116,34359738367,86940,0,80080,0,0,0,0,0,0,0,0,0,0,0,2048,0,1493776,27707392,38797312
1774390543.001066,1066,ubuntu-rog,1,0,0,65683160,33898000,51879528,565696,17193068,0,13513084,15741904,11521648,0,1991436,15741904,0,0,8388604,8388604,0,0,168,0,11496956,410836,25468,978848,1554820,978848,575972,15024,65592,0,0,0,0,41230184,14842116,34359738367,86940,0,80080,0,0,0,0,0,0,0,0,0,0,0,2048,0,1493776,27707392,38797312
1774390544.002299,2299,ubuntu-rog,1,0,0,65683160,33898000,51879528,565704,17193064,0,13513084,15741904,11521648,0,1991436,15741904,0,0,8388604,8388604,0,0,172,0,11496956,410836,25468,978848,1554820,978848,575972,15024,65592,0,0,0,0,41230184,14842116,34359738367,86940,0,80080,0,0,0,0,0,0,0,0,0,0,0,2048,0,1493776,27707392,38797312
1774390545.001198,1198,ubuntu-rog,1,0,0,65683160,33898000,51879528,565704,17193072,0,13513084,15741904,11521648,0,1991436,15741904,0,0,8388604,8388604,0,0,172,0,11496956,410836,25468,978848,1554824,978848,575976,15024,65592,0,0,0,0,41230184,14842116,34359738367,86940,0,80080,0,0,0,0,0,0,0,0,0,0,0,2048,0,1493776,27707392,38797312
1774390546.001299,1299,ubuntu-rog,1,0,0,65683160,33898000,51879528,565704,17193072,0,13513084,15741904,11521648,0,1991436,15741904,0,0,8388604,8388604,0,0,172,0,11496956,410836,25468,978848,1554824,978848,575976,15024,65592,0,0,0,0,41230184,14842116,34359738367,86940,0,80080,0,0,0,0,0,0,0,0,0,0,0,2048,0,1493776,27707392,38797312
1774390547.001066,1066,ubuntu-rog,1,0,0,65683160,33898000,51879528,565704,17193076,0,13513084,15741904,11521648,0,1991436,15741904,0,0,8388604,8388604,0,0,112,0,11496956,410836,25468,978848,1554824,978848,575976,15024,65592,0,0,0,0,41230184,14842116,34359738367,86940,0,80080,0,0,0,0,0,0,0,0,0,0,0,2048,0,1493776,27707392,38797312
1774390548.002064,2064,ubuntu-rog,1,0,0,65683160,33898000,51879528,565704,17193076,0,13513084,15741904,11521648,0,1991436,15741904,0,0,8388604,8388604,0,0,112,0,11496956,410836,25468,978848,1554824,978848,575976,15024,65592,0,0,0,0,41230184,14842116,34359738367,86940,0,80080,0,0,0,0,0,0,0,0,0,0,0,2048,0,1493776,27707392,38797312
1774390549.001289,1289,ubuntu-rog,1,0,0,65683160,33898000,51879528,565704,17193080,0,13513084,15741904,11521648,0,1991436,15741904,0,0,8388604,8388604,0,0,116,0,11496956,410836,25468,978848,1554824,978848,575976,15024,65592,0,0,0,0,41230184,14842116,34359738367,86940,0,80080,0,0,0,0,0,0,0,0,0,0,0,2048,0,1493776,27707392,38797312
1774390550.001199,1199,ubuntu-rog,1,0,0,65683160,33898000,51879528,565712,17193072,0,13513084,15741904,11521648,0,1991436,15741904,0,0,8388604,8388604,0,0,16,0,11496956,410836,25468,978848,1554824,978848,575976,15024,65592,0,0,0,0,41230184,14842116,34359738367,86940,0,80080,0,0,0,0,0,0,0,0,0,0,0,2048,0,1493776,27707392,38797312
1774390551.001297,1297,ubuntu-rog,1,0,0,65683160,33898000,51879528,565712,17193084,0,13513084,15741904,11521648,0,1991436,15741904,0,0,8388604,8388604,0,0,48,0,11496956,410836,25468,978848,1554824,978848,575976,15008,65592,0,0,0,0,41230184,14842116,34359738367,86940,0,80080,0,0,0,0,0,0,0,0,0,0,0,2048,0,1493776,27707392,38797312
1774390552.002062,2062,ubuntu-rog,1,0,0,65683160,33898000,51879528,565712,17193084,0,13513084,15741904,11521648,0,1991436,15741904,0,0,8388604,8388604,0,0,48,0,11496956,410836,25468,978848,1554824,978848,575976,15008,65592,0,0,0,0,41230184,14842116,34359738367,86940,0,80080,0,0,0,0,0,0,0,0,0,0,0,2048,0,1493776,27707392,38797312
1774390553.001067,1067,ubuntu-rog,1,0,0,65683160,33898000,51879528,565712,17193088,0,13513084,15741904,11521648,0,1991436,15741904,0,0,8388604,8388604,0,0,56,0,11496956,410836,25468,978848,1554824,978848,575976,15008,65592,0,0,0,0,41230184,14842116,34359738367,86940,0,80080,0,0,0,0,0,0,0,0,0,0,0,2048,0,1493776,27707392,38797312
1774390554.001300,1300,ubuntu-rog,1,0,0,65683160,33898000,51879528,565712,17193092,0,13513084,15741904,11521648,0,1991436,15741904,0,0,8388604,8388604,0,0,60,0,11496956,410836,25468,978848,1554824,978848,575976,15008,65592,0,0,0,0,41230184,14842116,34359738367,86940,0,80080,0,0,0,0,0,0,0,0,0,0,0,2048,0,1493776,27707392,38797312
1774390555.001196,1196,ubuntu-rog,1,0,0,65683160,33898000,51879528,565712,17193092,0,13513084,15741904,11521648,0,1991436,15741904,0,0,8388604,8388604,0,0,60,0,11496956,410836,25468,978848,1554824,978848,575976,15008,65592,0,0,0,0,41230184,14842116,34359738367,86940,0,80080,0,0,0,0,0,0,0,0,0,0,0,2048,0,1493776,27707392,38797312
1774390556.002297,2297,ubuntu-rog,1,0,0,65683160,33898000,51879528,565716,17193092,0,13513084,15741904,11521648,0,1991436,15741904,0,0,8388604,8388604,0,0,64,0,11496956,410836,25468,978848,1554824,978848,575976,15008,65592,0,0,0,0,41230184,14842116,34359738367,86940,0,80080,0,0,0,0,0,0,0,0,0,0,0,2048,0,1493776,27707392,38797312
1774390557.001061,1061,ubuntu-rog,1,0,0,65683160,33898000,51879528,565716,17193100,0,13513084,15741904,11521648,0,1991436,15741904,0,0,8388604,8388604,0,0,72,0,11496956,410836,25468,978848,1554824,978848,575976,15008,65592,0,0,0,0,41230184,14842116,34359738367,86940,0,80080,0,0,0,0,0,0,0,0,0,0,0,2048,0,1493776,27707392,38797312
1774390558.001063,1063,ubuntu-rog,1,0,0,65683160,33898000,51879528,565716,17193100,0,13513084,15741904,11521648,0,1991436,15741904,0,0,8388604,8388604,0,0,72,0,11496960,410836,25468,978848,1554824,978848,575976,15008,65592,0,0,0,0,41230184,14842116,34359738367,86940,0,80080,0,0,0,0,0,0,0,0,0,0,0,2048,0,1493776,27707392,38797312
1774390559.001254,1254,ubuntu-rog,1,0,0,65683160,33898000,51879528,565716,17193100,0,13513084,15741904,11521648,0,1991436,15741904,0,0,8388604,8388604,0,0,72,0,11496960,410836,25468,978848,1554824,978848,575976,15008,65592,0,0,0,0,41230184,14842116,34359738367,86940,0,80080,0,0,0,0,0,0,0,0,0,0,0,2048,0,1493776,27707392,38797312
1774390560.002194,2194,ubuntu-rog,1,0,0,65683160,33898000,51879528,565716,17193100,0,13513084,15741904,11521648,0,1991436,15741904,0,0,8388604,8388604,0,0,72,0,11496960,410836,25468,978848,1554824,978848,575976,15008,65592,0,0,0,0,41230184,14842116,34359738367,86940,0,80080,0,0,0,0,0,0,0,0,0,0,0,2048,0,1493776,27707392,38797312
1774390561.001303,1303,ubuntu-rog,1,0,0,65683160,33898000,51879528,565716,17193104,0,13513084,15741904,11521648,0,1991436,15741904,0,0,8388604,8388604,0,0,76,0,11496960,410836,25468,978848,1554824,978848,575976,15008,65592,0,0,0,0,41230184,14842116,34359738367,86940,0,80080,0,0,0,0,0,0,0,0,0,0,0,2048,0,1493776,27707392,38797312
1774390562.001078,1078,ubuntu-rog,1,0,0,65683160,33898000,51879528,565716,17193108,0,13513084,15741904,11521648,0,1991436,15741904,0,0,8388604,8388604,0,0,80,0,11496960,410836,25468,978848,1554824,978848,575976,15008,65592,0,0,0,0,41230184,14842116,34359738367,86940,0,80080,0,0,0,0,0,0,0,0,0,0,0,2048,0,1493776,27707392,38797312
1774390563.001065,1065,ubuntu-rog,1,0,0,65683160,33898000,51879528,565716,17193108,0,13513084,15741904,11521648,0,1991436,15741904,0,0,8388604,8388604,0,0,80,0,11496972,410836,25468,978848,1554828,978848,575980,15008,65592,0,0,0,0,41230184,14842116,34359738367,86940,0,80080,0,0,0,0,0,0,0,0,0,0,0,2048,0,1493776,27707392,38797312
1774390564.002298,2298,ubuntu-rog,1,0,0,65683160,33898000,51879528,565716,17193112,0,13513084,15741904,11521648,0,1991436,15741904,0,0,8388604,8388604,0,0,84,0,11496976,410836,25468,978848,1554828,978848,575980,15008,65592,0,0,0,0,41230184,14842116,34359738367,86940,0,80080,0,0,0,0,0,0,0,0,0,0,0,2048,0,1493776,27707392,38797312
1774390565.001215,1215,ubuntu-rog,1,0,0,65683160,33898000,51879528,565716,17193112,0,13513084,15741904,11521648,0,1991436,15741904,0,0,8388604,8388604,0,0,84,0,11496976,410836,25468,978848,1554828,978848,575980,15008,65592,0,0,0,0,41230184,14842116,34359738367,86940,0,80080,0,0,0,0,0,0,0,0,0,0,0,2048,0,1493776,27707392,38797312
1774390566.001305,1305,ubuntu-rog,1,0,0,65683160,33898000,51879528,565716,17193116,0,13513084,15741904,11521648,0,1991436,15741904,0,0,8388604,8388604,0,0,88,0,11496976,410836,25468,978848,1554828,978848,575980,15008,65592,0,0,0,0,41230184,14842116,34359738367,86940,0,80080,0,0,0,0,0,0,0,0,0,0,0,2048,0,1493776,27707392,38797312
1774390567.001063,1063,ubuntu-rog,1,0,0,65683160,33898000,51879528,565716,17193116,0,13513084,15741904,11521648,0,1991436,15741904,0,0,8388604,8388604,0,0,88,0,11496976,410836,25468,978848,1554828,978848,575980,15008,65592,0,0,0,0,41230184,14842116,34359738367,86940,0,80080,0,0,0,0,0,0,0,0,0,0,0,2048,0,1493776,27707392,38797312
1774390568.002063,2063,ubuntu-rog,1,0,0,65683160,33898000,51879556,565716,17193124,0,13513084,15741932,11521648,0,1991436,15741932,0,0,8388604,8388604,0,0,76,0,11496976,410836,25468,978848,1554828,978848,575980,15008,65592,0,0,0,0,41230184,14842116,34359738367,86940,0,80080,0,0,0,0,0,0,0,0,0,0,0,2048,0,1493776,27707392,38797312
1774390569.001300,1300,ubuntu-rog,1,0,0,65683160,33898000,51879556,565716,17193124,0,13513084,15741932,11521648,0,1991436,15741932,0,0,8388604,8388604,0,0,76,0,11496976,410836,25468,978848,1554828,978848,575980,15008,65592,0,0,0,0,41230184,14842116,34359738367,86940,0,80080,0,0,0,0,0,0,0,0,0,0,0,2048,0,1493776,27707392,38797312
1774390570.001199,1199,ubuntu-rog,1,0,0,65683160,33898000,51879556,565716,17193124,0,13513084,15741932,11521648,0,1991436,15741932,0,0,8388604,8388604,0,0,76,0,11496976,410836,25468,978848,1554828,978848,575980,15008,65592,0,0,0,0,41230184,14842116,34359738367,86940,0,80080,0,0,0,0,0,0,0,0,0,0,0,2048,0,1493776,27707392,38797312
1774390571.001206,1206,ubuntu-rog,1,0,0,65683160,33898000,51879556,565716,17193128,0,13513084,15741932,11521648,0,1991436,15741932,0,0,8388604,8388604,0,0,80,0,11496944,410836,25468,978848,1554828,978848,575980,15008,65592,0,0,0,0,41230184,14842084,34359738367,86940,0,80080,0,0,0,0,0,0,0,0,0,0,0,2048,0,1493776,27707392,38797312
1774390572.002063,2063,ubuntu-rog,1,0,0,65683160,33898000,51879556,565720,17193124,0,13513084,15741932,11521648,0,1991436,15741932,0,0,8388604,8388604,0,0,80,0,11496944,410836,25468,978848,1554828,978848,575980,15008,65592,0,0,0,0,41230184,14842084,34359738367,86940,0,80080,0,0,0,0,0,0,0,0,0,0,0,2048,0,1493776,27707392,38797312
1774390573.001064,1064,ubuntu-rog,1,0,0,65683160,33898000,51879556,565720,17193128,0,13513084,15741932,11521648,0,1991436,15741932,0,0,8388604,8388604,0,0,84,0,11496944,410836,25468,978848,1554828,978848,575980,15008,65592,0,0,0,0,41230184,14842084,34359738367,86940,0,80080,0,0,0,0,0,0,0,0,0,0,0,2048,0,1493776,27707392,38797312
1774390574.001301,1301,ubuntu-rog,1,0,0,65683160,33898000,51879556,565720,17193128,0,13513084,15741932,11521648,0,1991436,15741932,0,0,8388604,8388604,0,0,84,0,11496944,410836,25468,978848,1554828,978848,575980,15008,65592,0,0,0,0,41230184,14842084,34359738367,86940,0,80080,0,0,0,0,0,0,0,0,0,0,0,2048,0,1493776,27707392,38797312
1774390575.001195,1195,ubuntu-rog,1,0,0,65683160,33898000,51879556,565720,17193136,0,13513084,15741932,11521648,0,1991436,15741932,0,0,8388604,8388604,0,0,92,0,11496944,410836,25468,978848,1554828,978848,575980,15008,65592,0,0,0,0,41230184,14842084,34359738367,86940,0,80080,0,0,0,0,0,0,0,0,0,0,0,2048,0,1493776,27707392,38797312
1774390576.002295,2295,ubuntu-rog,1,0,0,65683160,33898000,51879556,565720,17193136,0,13513084,15741932,11521648,0,1991436,15741932,0,0,8388604,8388604,0,0,92,0,11496944,410836,25468,978848,1554828,978848,575980,15008,65592,0,0,0,0,41230184,14842084,34359738367,86940,0,80080,0,0,0,0,0,0,0,0,0,0,0,2048,0,1493776,27707392,38797312
1774390577.001061,1061,ubuntu-rog,1,0,0,65683160,33898000,51879556,565720,17193136,0,13513084,15741932,11521648,0,1991436,15741932,0,0,8388604,8388604,0,0,92,0,11496944,410836,25468,978848,1554828,978848,575980,15008,65592,0,0,0,0,41230184,14842084,34359738367,86940,0,80080,0,0,0,0,0,0,0,0,0,0,0,2048,0,1493776,27707392,38797312
1774390578.001069,1069,ubuntu-rog,1,0,0,65683160,33898000,51879560,565720,17193144,0,13513084,15741932,11521648,0,1991436,15741932,0,0,8388604,8388604,0,0,100,0,11496944,410836,25468,978852,1554832,978852,575980,15008,65592,0,0,0,0,41230184,14842084,34359738367,86940,0,80080,0,0,0,0,0,0,0,0,0,0,0,2048,0,1493776,27707392,38797312
1774390579.001301,1301,ubuntu-rog,1,0,0,65683160,33898000,51879560,565720,17193144,0,13513084,15741932,11521648,0,1991436,15741932,0,0,8388604,8388604,0,0,100,0,11496944,410836,25468,978852,1554832,978852,575980,15008,65592,0,0,0,0,41230184,14842084,34359738367,86940,0,80080,0,0,0,0,0,0,0,0,0,0,0,2048,0,1493776,27707392,38797312
1774390580.002194,2194,ubuntu-rog,1,0,0,65683160,33898000,51879560,565720,17193144,0,13513084,15741932,11521648,0,1991436,15741932,0,0,8388604,8388604,0,0,100,0,11496944,410836,25468,978852,1554832,978852,575980,15008,65592,0,0,0,0,41230184,14842084,34359738367,86940,0,80080,0,0,0,0,0,0,0,0,0,0,0,2048,0,1493776,27707392,38797312
1774390581.001296,1296,ubuntu-rog,1,0,0,65683160,33898000,51879560,565720,17193148,0,13513088,15741932,11521652,0,1991436,15741932,0,0,8388604,8388604,0,0,72,0,11496944,410836,25468,978852,1554832,978852,575980,15008,65592,0,0,0,0,41230184,14842084,34359738367,86940,0,80080,0,0,0,0,0,0,0,0,0,0,0,2048,0,1493776,27707392,38797312
1774390582.001061,1061,ubuntu-rog,1,0,0,65683160,33898000,51879560,565720,17193152,0,13513088,15741932,11521652,0,1991436,15741932,0,0,8388604,8388604,0,0,76,0,11496944,410836,25468,978852,1554832,978852,575980,15008,65592,0,0,0,0,41230184,14842084,34359738367,86940,0,80080,0,0,0,0,0,0,0,0,0,0,0,2048,0,1493776,27707392,38797312
1774390583.001064,1064,ubuntu-rog,1,0,0,65683160,33898000,51879560,565724,17193152,0,13513088,15741932,11521652,0,1991436,15741932,0,0,8388604,8388604,0,0,52,0,11496944,410836,25468,978852,1554832,978852,575980,15008,65592,0,0,0,0,41230184,14842084,34359738367,86940,0,80080,0,0,0,0,0,0,0,0,0,0,0,2048,0,1493776,27707392,38797312
1774390584.002276,2276,ubuntu-rog,1,0,0,65683160,33898000,51879560,565724,17193152,0,13513088,15741932,11521652,0,1991436,15741932,0,0,8388604,8388604,0,0,52,0,11496944,410836,25468,978852,1554832,978852,575980,15008,65592,0,0,0,0,41230184,14842084,34359738367,86940,0,80080,0,0,0,0,0,0,0,0,0,0,0,2048,0,1493776,27707392,38797312
1774390585.001198,1198,ubuntu-rog,1,0,0,65683160,33898000,51879560,565724,17193156,0,13513088,15741932,11521652,0,1991436,15741932,0,0,8388604,8388604,0,0,60,0,11496944,410836,25468,978852,1554832,978852,575980,15008,65592,0,0,0,0,41230184,14842084,34359738367,86940,0,80080,0,0,0,0,0,0,0,0,0,0,0,2048,0,1493776,27707392,38797312
1774390586.001295,1295,ubuntu-rog,1,0,0,65683160,33898000,51879560,565724,17193156,0,13513088,15741932,11521652,0,1991436,15741932,0,0,8388604,8388604,0,0,60,0,11496944,410836,25468,978852,1554832,978852,575980,15008,65592,0,0,0,0,41230184,14842084,34359738367,86940,0,80080,0,0,0,0,0,0,0,0,0,0,0,2048,0,1493776,27707392,38797312
1774390587.001063,1063,ubuntu-rog,1,0,0,65683160,33898000,51879560,565724,17193160,0,13513088,15741932,11521652,0,1991436,15741932,0,0,8388604,8388604,0,0,64,0,11496944,410836,25468,978852,1554832,978852,575980,15008,65592,0,0,0,0,41230184,14842084,34359738367,86940,0,80080,0,0,0,0,0,0,0,0,0,0,0,2048,0,1493776,27707392,38797312
1774390588.002062,2062,ubuntu-rog,1,0,0,65683160,33898000,51879560,565724,17193160,0,13513164,15741932,11521728,0,1991436,15741932,0,0,8388604,8388604,0,0,48,0,11497132,410836,25468,978852,1554860,978852,576008,15008,65592,0,0,0,0,41230184,14842252,34359738367,86940,0,80080,0,0,0,0,0,0,0,0,0,0,0,2048,0,1493776,27707392,38797312
1774390589.001292,1292,ubuntu-rog,1,0,0,65683160,33898000,51879560,565724,17193164,0,13513164,15741932,11521728,0,1991436,15741932,0,0,8388604,8388604,0,0,56,0,11497132,410836,25468,978852,1554860,978852,576008,15008,65592,0,0,0,0,41230184,14842252,34359738367,86940,0,80080,0,0,0,0,0,0,0,0,0,0,0,2048,0,1493776,27707392,38797312
1774390590.001220,1220,ubuntu-rog,1,0,0,65683160,33898000,51879560,565724,17193164,0,13513164,15741932,11521728,0,1991436,15741932,0,0,8388604,8388604,0,0,56,0,11497132,410836,25468,978852,1554856,978852,576004,15008,65592,0,0,0,0,41230184,14842252,34359738367,86940,0,80080,0,0,0,0,0,0,0,0,0,0,0,2048,0,1493776,27707392,38797312
1774390591.001302,1302,ubuntu-rog,1,0,0,65683160,33898000,51879560,565724,17193168,0,13513164,15741932,11521728,0,1991436,15741932,0,0,8388604,8388604,0,0,64,0,11497132,410836,25468,978852,1554856,978852,576004,15008,65592,0,0,0,0,41230184,14842252,34359738367,86940,0,80080,0,0,0,0,0,0,0,0,0,0,0,2048,0,1493776,27707392,38797312
1774390592.002060,2060,ubuntu-rog,1,0,0,65683160,33898000,51879684,565724,17193172,0,13513164,15742056,11521728,0,1991436,15742056,0,0,8388604,8388604,0,0,68,0,11497132,410836,25468,978852,1554856,978852,576004,15008,65592,0,0,0,0,41230184,14842252,34359738367,86940,0,80080,0,0,0,0,0,0,0,0,0,0,0,2048,0,1493776,27707392,38797312
1774390593.001065,1065,ubuntu-rog,1,0,0,65683160,33898000,51879684,565732,17193164,0,13513164,15742056,11521728,0,1991436,15742056,0,0,8388604,8388604,0,0,68,0,11497132,410836,25468,978852,1554856,978852,576004,15008,65592,0,0,0,0,41230184,14842252,34359738367,86940,0,80080,0,0,0,0,0,0,0,0,0,0,0,2048,0,1493776,27707392,38797312
1774390594.001297,1297,ubuntu-rog,1,0,0,65683160,33898000,51879684,565732,17193176,0,13513164,15742056,11521728,0,1991436,15742056,0,0,8388604,8388604,0,0,72,0,11497132,410836,25468,978852,1554856,978852,576004,15008,65592,0,0,0,0,41230184,14842252,34359738367,86940,0,80080,0,0,0,0,0,0,0,0,0,0,0,2048,0,1493776,27707392,38797312
1774390595.001194,1194,ubuntu-rog,1,0,0,65683160,33898000,51879684,565732,17193176,0,13513164,15742056,11521728,0,1991436,15742056,0,0,8388604,8388604,0,0,72,0,11497132,410836,25468,978852,1554856,978852,576004,15008,65592,0,0,0,0,41230184,14842252,34359738367,86940,0,80080,0,0,0,0,0,0,0,0,0,0,0,2048,0,1493776,27707392,38797312
1774390596.001204,1204,ubuntu-rog,1,0,0,65683160,33898000,51879684,565732,17193180,0,13513164,15742056,11521728,0,1991436,15742056,0,0,8388604,8388604,0,0,76,0,11497132,410836,25468,978852,1554856,978852,576004,15008,65592,0,0,0,0,41230184,14842252,34359738367,86940,0,80080,0,0,0,0,0,0,0,0,0,0,0,2048,0,1493776,27707392,38797312
1774390597.001085,1085,ubuntu-rog,1,0,0,65683160,33387344,51369028,565732,17193180,0,13990692,15742056,11999256,0,1991436,15742056,0,0,8388604,8388604,0,0,76,0,11975068,410836,25468,978852,1554856,978852,576004,15008,65592,0,0,0,0,41230184,15324704,34359738367,86940,0,80080,0,0,0,0,0,0,0,0,0,0,0,2048,0,1493776,27707392,38797312
1774390598.001078,1078,ubuntu-rog,1,0,0,65683160,33674616,51656324,565736,17193176,0,13714456,15742080,11723020,0,1991436,15742080,0,0,8388604,8388604,0,0,52,0,11702828,410836,25468,978852,1554856,978852,576004,15008,65724,0,0,0,0,41230184,15049020,34359738367,86940,0,80080,0,0,0,0,0,0,0,0,0,0,0,2048,0,1493776,27707392,38797312
1774390599.003304,3304,ubuntu-rog,1,0,0,65683160,33888592,51870308,565736,17193184,0,13512840,15742088,11521404,0,1991436,15742088,0,0,8388604,8388604,0,0,60,0,11497108,410836,25468,978852,1554856,978852,576004,15008,65588,0,0,0,0,41230184,14842244,34359738367,86940,0,80080,0,0,0,0,0,0,0,0,0,0,0,2048,0,1493776,27707392,38797312
1774390600.001211,1211,ubuntu-rog,1,0,0,65683160,33888996,51870712,565736,17193188,0,13512840,15742088,11521404,0,1991436,15742088,0,0,8388604,8388604,0,0,68,0,11497108,410836,25468,978852,1554856,978852,576004,15008,65588,0,0,0,0,41230184,14842244,34359738367,86940,0,80080,0,0,0,0,0,0,0,0,0,0,0,2048,0,1493776,27707392,38797312
1774390601.001316,1316,ubuntu-rog,1,0,0,65683160,33891468,51873184,565736,17193188,0,13512840,15742088,11521404,0,1991436,15742088,0,0,8388604,8388604,0,0,68,0,11497108,410836,25468,978852,1554856,978852,576004,15008,65588,0,0,0,0,41230184,14842244,34359738367,86940,0,80080,0,0,0,0,0,0,0,0,0,0,0,2048,0,1493776,27707392,38797312
1774390602.001074,1074,ubuntu-rog,1,0,0,65683160,33893612,51875328,565736,17193188,0,13512840,15742088,11521404,0,1991436,15742088,0,0,8388604,8388604,0,0,220,0,11497108,410836,25468,978852,1554856,978852,576004,15008,65588,0,0,0,0,41230184,14842244,34359738367,86940,0,80080,0,0,0,0,0,0,0,0,0,0,0,2048,0,1493776,27707392,38797312
1774390603.001085,1085,ubuntu-rog,1,0,0,65683160,33895436,51877152,565744,17193188,0,13512840,15742088,11521404,0,1991436,15742088,0,0,8388604,8388604,0,0,228,0,11497108,410836,25468,978852,1554856,978852,576004,15008,65588,0,0,0,0,41230184,14842244,34359738367,86940,0,80080,0,0,0,0,0,0,0,0,0,0,0,2048,0,1493776,27707392,38797312
1774390604.001345,1345,ubuntu-rog,1,0,0,65683160,33897384,51879100,565744,17193196,0,13512840,15742088,11521404,0,1991436,15742088,0,0,8388604,8388604,0,0,240,0,11497108,410836,25468,978852,1554856,978852,576004,15008,65588,0,0,0,0,41230184,14842244,34359738367,86940,0,80080,0,0,0,0,0,0,0,0,0,0,0,2048,0,1493776,27707392,38797312
1774390605.001213,1213,ubuntu-rog,1,0,0,65683160,33898688,51880404,565744,17193196,0,13512840,15742088,11521404,0,1991436,15742088,0,0,8388604,8388604,0,0,240,0,11497108,410836,25468,978852,1554856,978852,576004,15008,65588,0,0,0,0,41230184,14842244,34359738367,86940,0,80080,0,0,0,0,0,0,0,0,0,0,0,2048,0,1493776,27707392,38797312
1774390606.003306,3306,ubuntu-rog,1,0,0,65683160,33906780,51888496,565744,17193204,0,13512840,15742088,11521404,0,1991436,15742088,0,0,8388604,8388604,0,0,248,0,11497108,410836,25468,978852,1554856,978852,576004,15024,65588,0,0,0,0,41230184,14842244,34359738367,86940,0,80080,0,0,0,0,0,0,0,0,0,0,0,2048,0,1493776,27707392,38797312
1774390607.001073,1073,ubuntu-rog,1,0,0,65683160,33906780,51888496,565744,17193204,0,13512840,15742088,11521404,0,1991436,15742088,0,0,8388604,8388604,0,0,248,0,11497108,410836,25468,978852,1554856,978852,576004,15024,65588,0,0,0,0,41230184,14842244,34359738367,86940,0,80080,0,0,0,0,0,0,0,0,0,0,0,2048,0,1493776,27707392,38797312
1774390608.001080,1080,ubuntu-rog,1,0,0,65683160,33906780,51888496,565748,17193200,0,13512840,15742088,11521404,0,1991436,15742088,0,0,8388604,8388604,0,0,248,0,11497108,410836,25468,978852,1554856,978852,576004,15024,65588,0,0,0,0,41230184,14842244,34359738367,86940,0,80080,0,0,0,0,0,0,0,0,0,0,0,2048,0,1493776,27707392,38797312
1774390609.001320,1320,ubuntu-rog,1,0,0,65683160,33906780,51888496,565748,17193204,0,13512840,15742088,11521404,0,1991436,15742088,0,0,8388604,8388604,0,0,248,0,11497108,410836,25468,978852,1554856,978852,576004,15024,65588,0,0,0,0,41230184,14842244,34359738367,86940,0,80080,0,0,0,0,0,0,0,0,0,0,0,2048,0,1493776,27707392,38797312
1774390610.001214,1214,ubuntu-rog,1,0,0,65683160,33906780,51888496,565748,17193208,0,13512840,15742088,11521404,0,1991436,15742088,0,0,8388604,8388604,0,0,252,0,11497108,410836,25468,978852,1554856,978852,576004,15024,65588,0,0,0,0,41230184,14842244,34359738367,86940,0,80080,0,0,0,0,0,0,0,0,0,0,0,2048,0,1493776,27707392,38797312
1774390611.001318,1318,ubuntu-rog,1,0,0,65683160,33906780,51888496,565748,17193208,0,13512840,15742088,11521404,0,1991436,15742088,0,0,8388604,8388604,0,0,252,0,11497108,410836,25468,978852,1554856,978852,576004,15024,65588,0,0,0,0,41230184,14842244,34359738367,86940,0,80080,0,0,0,0,0,0,0,0,0,0,0,2048,0,1493776,27707392,38797312
1774390612.001076,1076,ubuntu-rog,1,0,0,65683160,33906780,51888496,565748,17193212,0,13512840,15742088,11521404,0,1991436,15742088,0,0,8388604,8388604,0,0,256,0,11497108,410836,25468,978852,1554856,978852,576004,15024,65588,0,0,0,0,41230184,14842244,34359738367,86940,0,80080,0,0,0,0,0,0,0,0,0,0,0,2048,0,1493776,27707392,38797312
1774390613.002060,2060,ubuntu-rog,1,0,0,65683160,33906780,51888496,565752,17193212,0,13512840,15742088,11521404,0,1991436,15742088,0,0,8388604,8388604,0,0,260,0,11497108,410836,25468,978852,1554856,978852,576004,15024,65588,0,0,0,0,41230184,14842244,34359738367,86940,0,80080,0,0,0,0,0,0,0,0,0,0,0,2048,0,1493776,27707392,38797312
1774390614.001317,1317,ubuntu-rog,1,0,0,65683160,33906780,51888496,565752,17193216,0,13512956,15742088,11521520,0,1991436,15742088,0,0,8388604,8388604,0,0,220,0,11497108,410836,25468,978852,1554856,978852,576004,15024,65588,0,0,0,0,41230184,14842244,34359738367,86940,0,80080,0,0,0,0,0,0,0,0,0,0,0,2048,0,1493776,27707392,38797312
1774390615.001210,1210,ubuntu-rog,1,0,0,65683160,33906780,51888496,565752,17193220,0,13512956,15742088,11521520,0,1991436,15742088,0,0,8388604,8388604,0,0,224,0,11497108,410836,25468,978852,1554856,978852,576004,15024,65588,0,0,0,0,41230184,14842244,34359738367,86940,0,80080,0,0,0,0,0,0,0,0,0,0,0,2048,0,1493776,27707392,38797312
1774390616.001320,1320,ubuntu-rog,1,0,0,65683160,33908396,51890112,565752,17193224,0,13512956,15742088,11521520,0,1991436,15742088,0,0,8388604,8388604,0,0,228,0,11497108,410836,25468,978852,1554856,978852,576004,15024,65588,0,0,0,0,41230184,14842244,34359738367,86940,0,80080,0,0,0,0,0,0,0,0,0,0,0,2048,0,1493776,27707392,38797312
1774390617.004058,4058,ubuntu-rog,1,0,0,65683160,33910488,51892204,565752,17193224,0,13512956,15742088,11521520,0,1991436,15742088,0,0,8388604,8388604,0,0,228,0,11497108,410836,25468,978852,1554856,978852,576004,15024,65588,0,0,0,0,41230184,14842244,34359738367,86940,0,80080,0,0,0,0,0,0,0,0,0,0,0,2048,0,1493776,27707392,38797312
1774390618.001075,1075,ubuntu-rog,1,0,0,65683160,33911688,51893404,565756,17193220,0,13512956,15742088,11521520,0,1991436,15742088,0,0,8388604,8388604,0,0,228,0,11497108,410836,25468,978852,1554856,978852,576004,15024,65588,0,0,0,0,41230184,14842244,34359738367,86940,0,80080,0,0,0,0,0,0,0,0,0,0,0,2048,0,1493776,27707392,38797312
1774390619.001320,1320,ubuntu-rog,1,0,0,65683160,33911988,51893704,565756,17193228,0,13512960,15742088,11521524,0,1991436,15742088,0,0,8388604,8388604,0,0,204,0,11497108,410836,25468,978852,1554856,978852,576004,15024,65588,0,0,0,0,41230184,14842244,34359738367,86940,0,80080,0,0,0,0,0,0,0,0,0,0,0,2048,0,1493776,27707392,38797312
1774390620.001216,1216,ubuntu-rog,1,0,0,65683160,33911988,51893704,565756,17193232,0,13512960,15742088,11521524,0,1991436,15742088,0,0,8388604,8388604,0,0,212,0,11497108,410836,25468,978852,1554856,978852,576004,15024,65588,0,0,0,0,41230184,14842244,34359738367,86940,0,80080,0,0,0,0,0,0,0,0,0,0,0,2048,0,1493776,27707392,38797312
1774390621.001320,1320,ubuntu-rog,1,0,0,65683160,33911988,51893704,565756,17193232,0,13512960,15742088,11521524,0,1991436,15742088,0,0,8388604,8388604,0,0,212,0,11497108,410836,25468,978852,1554856,978852,576004,15024,65588,0,0,0,0,41230184,14842244,34359738367,86940,0,80080,0,0,0,0,0,0,0,0,0,0,0,2048,0,1493776,27707392,38797312
1774390622.001075,1075,ubuntu-rog,1,0,0,65683160,33905652,51887416,565756,17193232,0,13513184,15742136,11521748,0,1991436,15742136,0,0,8388604,8388604,0,0,336,0,11497108,410840,25468,978852,1554840,978852,575988,15024,65588,0,0,0,0,41230184,14842244,34359738367,86956,0,80080,0,0,0,0,0,0,0,0,0,0,0,2048,0,1493776,27707392,38797312
1774390623.001074,1074,ubuntu-rog,1,0,0,65683160,33907252,51889016,565756,17193236,0,13513184,15742136,11521748,0,1991436,15742136,0,0,8388604,8388604,0,0,340,0,11497108,410840,25468,978852,1554840,978852,575988,15024,65588,0,0,0,0,41230184,14842244,34359738367,86956,0,80080,0,0,0,0,0,0,0,0,0,0,0,2048,0,1493776,27707392,38797312
1774390624.001319,1319,ubuntu-rog,1,0,0,65683160,33908844,51890608,565756,17193236,0,13513184,15742136,11521748,0,1991436,15742136,0,0,8388604,8388604,0,0,356,0,11497108,410840,25468,978852,1554840,978852,575988,15024,65588,0,0,0,0,41230184,14842244,34359738367,86956,0,80080,0,0,0,0,0,0,0,0,0,0,0,2048,0,1493776,27707392,38797312
1774390625.001208,1208,ubuntu-rog,1,0,0,65683160,33910236,51892000,565756,17193240,0,13513184,15742136,11521748,0,1991436,15742136,0,0,8388604,8388604,0,0,360,0,11497108,410840,25468,978852,1554840,978852,575988,15024,65588,0,0,0,0,41230184,14842244,34359738367,86956,0,80080,0,0,0,0,0,0,0,0,0,0,0,2048,0,1493776,27707392,38797312
1774390626.001321,1321,ubuntu-rog,1,0,0,65683160,33911048,51892812,565756,17193240,0,13513184,15742136,11521748,0,1991436,15742136,0,0,8388604,8388604,0,0,360,0,11497108,410840,25468,978852,1554840,978852,575988,15024,65588,0,0,0,0,41230184,14842244,34359738367,86956,0,80080,0,0,0,0,0,0,0,0,0,0,0,2048,0,1493776,27707392,38797312
1774390627.004057,4057,ubuntu-rog,1,0,0,65683160,33912236,51894000,565756,17193244,0,13513184,15742136,11521748,0,1991436,15742136,0,0,8388604,8388604,0,0,364,0,11497108,410840,25468,978852,1554840,978852,575988,15024,65588,0,0,0,0,41230184,14842244,34359738367,86956,0,80080,0,0,0,0,0,0,0,0,0,0,0,2048,0,1493776,27707392,38797312
1774390628.001073,1073,ubuntu-rog,1,0,0,65683160,33912288,51894052,565760,17193244,0,13513184,15742136,11521748,0,1991436,15742136,0,0,8388604,8388604,0,0,372,0,11497108,410840,25468,978852,1554840,978852,575988,15024,65588,0,0,0,0,41230184,14842244,34359738367,86956,0,80080,0,0,0,0,0,0,0,0,0,0,0,2048,0,1493776,27707392,38797312
1774390629.001324,1324,ubuntu-rog,1,0,0,65683160,33912288,51894052,565760,17193248,0,13513184,15742136,11521748,0,1991436,15742136,0,0,8388604,8388604,0,0,376,0,11497108,410840,25468,978852,1554840,978852,575988,15024,65588,0,0,0,0,41230184,14842244,34359738367,86956,0,80080,0,0,0,0,0,0,0,0,0,0,0,2048,0,1493776,27707392,38797312
1774390630.001216,1216,ubuntu-rog,1,0,0,65683160,33912288,51894052,565760,17193252,0,13513184,15742136,11521748,0,1991436,15742136,0,0,8388604,8388604,0,0,380,0,11497108,410840,25468,978852,1554840,978852,575988,15024,65588,0,0,0,0,41230184,14842244,34359738367,86956,0,80080,0,0,0,0,0,0,0,0,0,0,0,2048,0,1493776,27707392,38797312
1774390631.001316,1316,ubuntu-rog,1,0,0,65683160,33912288,51894052,565760,17193256,0,13513016,15742136,11521580,0,1991436,15742136,0,0,8388604,8388604,0,0,384,0,11496940,410840,25468,978852,1554840,978852,575988,15024,65588,0,0,0,0,41230184,14842076,34359738367,86956,0,80080,0,0,0,0,0,0,0,0,0,0,0,2048,0,1493776,27707392,38797312
1774390632.001073,1073,ubuntu-rog,1,0,0,65683160,33912288,51894052,565760,17193256,0,13513016,15742136,11521580,0,1991436,15742136,0,0,8388604,8388604,0,0,384,0,11496940,410840,25468,978852,1554840,978852,575988,15024,65588,0,0,0,0,41230184,14842076,34359738367,86956,0,80080,0,0,0,0,0,0,0,0,0,0,0,2048,0,1493776,27707392,38797312
1774390633.001077,1077,ubuntu-rog,1,0,0,65683160,33912288,51894052,565764,17193252,0,13513088,15742136,11521652,0,1991436,15742136,0,0,8388604,8388604,0,0,112,0,11496940,410840,25468,978852,1554840,978852,575988,15024,65588,0,0,0,0,41230184,14842076,34359738367,86956,0,80080,0,0,0,0,0,0,0,0,0,0,0,2048,0,1493776,27707392,38797312
1774390634.001317,1317,ubuntu-rog,1,0,0,65683160,33912288,51894052,565764,17193260,0,13513088,15742136,11521652,0,1991436,15742136,0,0,8388604,8388604,0,0,92,0,11496940,410840,25468,978852,1554840,978852,575988,15024,65588,0,0,0,0,41230184,14842076,34359738367,86956,0,80080,0,0,0,0,0,0,0,0,0,0,0,2048,0,1493776,27707392,38797312
1774390635.001217,1217,ubuntu-rog,1,0,0,65683160,33912288,51894052,565764,17193260,0,13513088,15742136,11521652,0,1991436,15742136,0,0,8388604,8388604,0,0,92,0,11496940,410840,25468,978852,1554840,978852,575988,15024,65588,0,0,0,0,41230184,14842076,34359738367,86956,0,80080,0,0,0,0,0,0,0,0,0,0,0,2048,0,1493776,27707392,38797312
1774390636.001317,1317,ubuntu-rog,1,0,0,65683160,33912288,51894052,565764,17193260,0,13513088,15742136,11521652,0,1991436,15742136,0,0,8388604,8388604,0,0,92,0,11496940,410840,25468,978852,1554840,978852,575988,15024,65588,0,0,0,0,41230184,14842076,34359738367,86956,0,80080,0,0,0,0,0,0,0,0,0,0,0,2048,0,1493776,27707392,38797312
1774390637.002060,2060,ubuntu-rog,1,0,0,65683160,33912288,51894052,565764,17193264,0,13513088,15742136,11521652,0,1991436,15742136,0,0,8388604,8388604,0,0,96,0,11496940,410840,25468,978852,1554840,978852,575988,15024,65588,0,0,0,0,41230184,14842076,34359738367,86956,0,80080,0,0,0,0,0,0,0,0,0,0,0,2048,0,1493776,27707392,38797312
1774390638.001076,1076,ubuntu-rog,1,0,0,65683160,33912288,51894052,565764,17193268,0,13513088,15742136,11521652,0,1991436,15742136,0,0,8388604,8388604,0,0,104,0,11496940,410840,25468,978852,1554840,978852,575988,15024,65588,0,0,0,0,41230184,14842076,34359738367,86956,0,80080,0,0,0,0,0,0,0,0,0,0,0,2048,0,1493776,27707392,38797312
1774390639.001319,1319,ubuntu-rog,1,0,0,65683160,33912288,51894052,565764,17193268,0,13513088,15742136,11521652,0,1991436,15742136,0,0,8388604,8388604,0,0,108,0,11496940,410840,25468,978852,1554840,978852,575988,15024,65588,0,0,0,0,41230184,14842076,34359738367,86956,0,80080,0,0,0,0,0,0,0,0,0,0,0,2048,0,1493776,27707392,38797312
1774390640.001197,1197,ubuntu-rog,1,0,0,65683160,33912288,51894052,565764,17193272,0,13513088,15742136,11521652,0,1991436,15742136,0,0,8388604,8388604,0,0,112,0,11496940,410840,25468,978852,1554840,978852,575988,15024,65588,0,0,0,0,41230184,14842076,34359738367,86956,0,80080,0,0,0,0,0,0,0,0,0,0,0,2048,0,1493776,27707392,38797312
1774390641.003300,3300,ubuntu-rog,1,0,0,65683160,33912288,51894052,565764,17193276,0,13513088,15742136,11521652,0,1991436,15742136,0,0,8388604,8388604,0,0,116,0,11496940,410840,25468,978852,1554840,978852,575988,15024,65588,0,0,0,0,41230184,14842076,34359738367,86956,0,80080,0,0,0,0,0,0,0,0,0,0,0,2048,0,1493776,27707392,38797312
1774390642.001153,1153,ubuntu-rog,1,0,0,65683160,33912288,51894052,565764,17193276,0,13513088,15742136,11521652,0,1991436,15742136,0,0,8388604,8388604,0,0,116,0,11496940,410840,25468,978852,1554840,978852,575988,15024,65588,0,0,0,0,41230184,14842076,34359738367,86972,0,80080,0,0,0,0,0,0,0,0,0,0,0,2048,0,1493776,27707392,38797312
1774390643.001065,1065,ubuntu-rog,1,0,0,65683160,33912288,51894052,565768,17193272,0,13513088,15742136,11521652,0,1991436,15742136,0,0,8388604,8388604,0,0,116,0,11496940,410840,25468,978852,1554840,978852,575988,15024,65588,0,0,0,0,41230184,14842076,34359738367,86988,0,80080,0,0,0,0,0,0,0,0,0,0,0,2048,0,1493776,27707392,38797312
1774390644.001188,1188,ubuntu-rog,1,0,0,65683160,33912288,51894052,565768,17193284,0,13513088,15742136,11521652,0,1991436,15742136,0,0,8388604,8388604,0,0,124,0,11496940,410840,25468,978852,1554840,978852,575988,15024,65588,0,0,0,0,41230184,14842076,34359738367,86988,0,80080,0,0,0,0,0,0,0,0,0,0,0,2048,0,1493776,27707392,38797312
1774390645.002195,2195,ubuntu-rog,1,0,0,65683160,33912288,51894052,565768,17193284,0,13513088,15742136,11521652,0,1991436,15742136,0,0,8388604,8388604,0,0,124,0,11496940,410840,25468,978852,1554840,978852,575988,15024,65588,0,0,0,0,41230184,14842076,34359738367,86988,0,80080,0,0,0,0,0,0,0,0,0,0,0,2048,0,1493776,27707392,38797312
1774390646.001297,1297,ubuntu-rog,1,0,0,65683160,33912288,51894052,565768,17193284,0,13513088,15742136,11521652,0,1991436,15742136,0,0,8388604,8388604,0,0,124,0,11496940,410840,25468,978852,1554840,978852,575988,15024,65588,0,0,0,0,41230184,14842076,34359738367,86988,0,80080,0,0,0,0,0,0,0,0,0,0,0,2048,0,1493776,27707392,38797312
1774390647.001058,1058,ubuntu-rog,1,0,0,65683160,33912288,51894052,565768,17193284,0,13513088,15742136,11521652,0,1991436,15742136,0,0,8388604,8388604,0,0,124,0,11496940,410840,25468,978852,1554840,978852,575988,15024,65588,0,0,0,0,41230184,14842076,34359738367,86988,0,80080,0,0,0,0,0,0,0,0,0,0,0,2048,0,1493776,27707392,38797312
1774390648.001060,1060,ubuntu-rog,1,0,0,65683160,33912288,51894052,565776,17193280,0,13513088,15742136,11521652,0,1991436,15742136,0,0,8388604,8388604,0,0,128,0,11496940,410840,25468,978852,1554840,978852,575988,15024,65588,0,0,0,0,41230184,14842076,34359738367,86988,0,80080,0,0,0,0,0,0,0,0,0,0,0,2048,0,1493776,27707392,38797312
1774390649.002292,2292,ubuntu-rog,1,0,0,65683160,33912288,51894052,565776,17193288,0,13513088,15742136,11521652,0,1991436,15742136,0,0,8388604,8388604,0,0,132,0,11496940,410840,25468,978852,1554840,978852,575988,15024,65588,0,0,0,0,41230184,14842076,34359738367,86988,0,80080,0,0,0,0,0,0,0,0,0,0,0,2048,0,1493776,27707392,38797312
1774390650.001206,1206,ubuntu-rog,1,0,0,65683160,33912288,51894052,565776,17193292,0,13513088,15742136,11521652,0,1991436,15742136,0,0,8388604,8388604,0,0,72,0,11496940,410840,25468,978852,1554840,978852,575988,15024,65588,0,0,0,0,41230184,14842076,34359738367,86988,0,80080,0,0,0,0,0,0,0,0,0,0,0,2048,0,1493776,27707392,38797312
1774390651.001292,1292,ubuntu-rog,1,0,0,65683160,33912288,51894056,565776,17193296,0,13513088,15742136,11521652,0,1991436,15742136,0,0,8388604,8388604,0,0,76,0,11496940,410840,25468,978856,1554844,978856,575988,15024,65588,0,0,0,0,41230184,14842076,34359738367,86988,0,80080,0,0,0,0,0,0,0,0,0,0,0,2048,0,1493776,27707392,38797312
17