#Time,Time_usec,ProducerName,component_id,job_id,app_id,MemTotal,MemFree,MemAvailable,Buffers,Cached,SwapCached,Active,Inactive,Active(anon),Inactive(anon),Active(file),Inactive(file),Unevictable,Mlocked,SwapTotal,SwapFree,Zswap,Zswapped,Dirty,Writeback,AnonPages,Mapped,Shmem,KReclaimable,Slab,SReclaimable,SUnreclaim,KernelStack,PageTables,SecPageTables,NFS_Unstable,Bounce,WritebackTmp,CommitLimit,Committed_AS,VmallocTotal,VmallocUsed,VmallocChunk,Percpu,HardwareCorrupted,AnonHugePages,ShmemHugePages,ShmemPmdMapped,FileHugePages,FilePmdMapped,Unaccepted,HugePages_Total,HugePages_Free,HugePages_Rsvd,HugePages_Surp,Hugepagesize,Hugetlb,DirectMap4k,DirectMap2M,DirectMap1G
1767050770.002062,2062,ubuntu-rog,1,0,0,65683160,43513888,56814880,736236,12525916,0,8625708,11231624,6613424,0,2012284,11231624,0,0,8388604,8388604,0,0,304,0,6596624,400952,18368,787744,1234604,787744,446860,14096,43932,0,0,0,0,41230184,10105592,34359738367,83972,0,78160,0,0,0,0,0,0,0,0,0,0,0,2048,0,1485584,27715584,38797312
1767050771.001191,1191,ubuntu-rog,1,0,0,65683160,43513248,56814256,736244,12525928,0,8626104,11231640,6613820,0,2012284,11231640,0,0,8388604,8388604,0,0,412,0,6596660,401020,18368,787744,1234604,787744,446860,14096,44044,0,0,0,0,41230184,10105460,34359738367,83972,0,78160,0,0,0,0,0,0,0,0,0,0,0,2048,0,1485584,27715584,38797312
1767050772.001278,1278,ubuntu-rog,1,0,0,65683160,43513248,56814268,736248,12525928,0,8626316,11231652,6614032,0,2012284,11231652,0,0,8388604,8388604,0,0,412,0,6596660,401020,18368,787744,1234604,787744,446860,14096,44044,0,0,0,0,41230184,10105460,34359738367,83972,0,78160,0,0,0,0,0,0,0,0,0,0,0,2048,0,1485584,27715584,38797312
1767050773.001070,1070,ubuntu-rog,1,0,0,65683160,43513248,56814268,736248,12525928,0,8626316,11231652,6614032,0,2012284,11231652,0,0,8388604,8388604,0,0,412,0,6596660,401020,18368,787744,1234548,787744,446804,14096,44044,0,0,0,0,41230184,10105460,34359738367,83972,0,78160,0,0,0,0,0,0,0,0,0,0,0,2048,0,1485584,27715584,38797312
1767050774.002190,2190,ubuntu-rog,1,0,0,65683160,43480992,56782012,736248,12525932,0,8653472,11231652,6641188,0,2012284,11231652,0,0,8388604,8388604,0,0,420,0,6623732,401148,18368,787744,1234548,787744,446804,14096,44072,0,0,0,0,41230184,10105460,34359738367,83972,0,78160,0,0,0,0,0,0,0,0,0,0,0,2048,0,1485584,27715584,38797312
1767050775.001282,1282,ubuntu-rog,1,0,0,65683160,43480992,56782012,736248,12525932,0,8653472,11231652,6641188,0,2012284,11231652,0,0,8388604,8388604,0,0,420,0,6623732,401148,18368,787744,1234548,787744,446804,14096,44072,0,0,0,0,41230184,10105460,34359738367,83972,0,78160,0,0,0,0,0,0,0,0,0,0,0,2048,0,1485584,27715584,38797312
1767050776.001057,1057,ubuntu-rog,1,0,0,65683160,43480992,56782012,736248,12525932,0,8653472,11231652,6641188,0,2012284,11231652,0,0,8388604,8388604,0,0,420,0,6623732,401148,18368,787744,1234548,787744,446804,14096,44072,0,0,0,0,41230184,10105460,34359738367,83972,0,78160,0,0,0,0,0,0,0,0,0,0,0,2048,0,1485584,27715584,38797312
1767050777.001389,1389,ubuntu-rog,1,0,0,65683160,43480992,56782012,736256,12525936,0,8653472,11231652,6641188,0,2012284,11231652,0,0,8388604,8388604,0,0,428,0,6623732,401148,18368,787744,1234548,787744,446804,14096,44072,0,0,0,0,41230184,10105460,34359738367,83972,0,78160,0,0,0,0,0,0,0,0,0,0,0,2048,0,1485584,27715584,38797312
1767050778.002264,2264,ubuntu-rog,1,0,0,65683160,43480992,56782012,736256,12525936,0,8653472,11231652,6641188,0,2012284,11231652,0,0,8388604,8388604,0,0,428,0,6623732,401148,18368,787744,1234548,787744,446804,14096,44072,0,0,0,0,41230184,10105460,34359738367,83972,0,78160,0,0,0,0,0,0,0,0,0,0,0,2048,0,1485584,27715584,38797312
1767050779.001054,1054,ubuntu-rog,1,0,0,65683160,43480992,56782012,736256,12525940,0,8653472,11231652,6641188,0,2012284,11231652,0,0,8388604,8388604,0,0,432,0,6623732,401148,18368,787744,1234548,787744,446804,14096,44072,0,0,0,0,41230184,10105460,34359738367,83972,0,78160,0,0,0,0,0,0,0,0,0,0,0,2048,0,1485584,27715584,38797312
1767050780.001194,1194,ubuntu-rog,1,0,0,65683160,43480992,56782024,736256,12525940,0,8653472,11231664,6641188,0,2012284,11231664,0,0,8388604,8388604,0,0,408,0,6623732,401148,18368,787744,1234548,787744,446804,14096,44072,0,0,0,0,41230184,10105460,34359738367,83972,0,78160,0,0,0,0,0,0,0,0,0,0,0,2048,0,1485584,27715584,38797312
1767050781.001282,1282,ubuntu-rog,1,0,0,65683160,43480992,56782024,736256,12525940,0,8653544,11231664,6641260,0,2012284,11231664,0,0,8388604,8388604,0,0,408,0,6623732,401148,18368,787744,1234548,787744,446804,14096,44072,0,0,0,0,41230184,10105460,34359738367,83972,0,78160,0,0,0,0,0,0,0,0,0,0,0,2048,0,1485584,27715584,38797312
1767050782.001075,1075,ubuntu-rog,1,0,0,65683160,43480992,56782024,736264,12525944,0,8653544,11231664,6641260,0,2012284,11231664,0,0,8388604,8388604,0,0,416,0,6623732,401148,18368,787744,1234548,787744,446804,14096,44072,0,0,0,0,41230184,10105460,34359738367,83972,0,78160,0,0,0,0,0,0,0,0,0,0,0,2048,0,1485584,27715584,38797312
1767050783.002185,2185,ubuntu-rog,1,0,0,65683160,43480992,56782024,736264,12525952,0,8653544,11231664,6641260,0,2012284,11231664,0,0,8388604,8388604,0,0,428,0,6623732,401148,18368,787744,1234548,787744,446804,14096,44072,0,0,0,0,41230184,10105460,34359738367,83972,0,78160,0,0,0,0,0,0,0,0,0,0,0,2048,0,1485584,27715584,38797312
1767050784.001291,1291,ubuntu-rog,1,0,0,65683160,43480992,56782024,736264,12525952,0,8653544,11231664,6641260,0,2012284,11231664,0,0,8388604,8388604,0,0,428,0,6623732,401148,18368,787744,1234548,787744,446804,14096,44072,0,0,0,0,41230184,10105460,34359738367,83972,0,78160,0,0,0,0,0,0,0,0,0,0,0,2048,0,1485584,27715584,38797312
1767050785.001060,1060,ubuntu-rog,1,0,0,65683160,43480992,56782024,736264,12525956,0,8653544,11231664,6641260,0,2012284,11231664,0,0,8388604,8388604,0,0,432,0,6623732,401148,18368,787744,1234548,787744,446804,14096,44072,0,0,0,0,41230184,10105460,34359738367,83972,0,78160,0,0,0,0,0,0,0,0,0,0,0,2048,0,1485584,27715584,38797312
1767050786.001436,1436,ubuntu-rog,1,0,0,65683160,43480992,56782024,736264,12525956,0,8653544,11231664,6641260,0,2012284,11231664,0,0,8388604,8388604,0,0,432,0,6623732,401148,18368,787744,1234548,787744,446804,14096,44072,0,0,0,0,41230184,10105460,34359738367,83972,0,78160,0,0,0,0,0,0,0,0,0,0,0,2048,0,1485584,27715584,38797312
1767050787.002276,2276,ubuntu-rog,1,0,0,65683160,43480992,56782024,736268,12525952,0,8653544,11231664,6641260,0,2012284,11231664,0,0,8388604,8388604,0,0,432,0,6623732,401148,18368,787744,1234548,787744,446804,14096,44072,0,0,0,0,41230184,10105460,34359738367,83972,0,78160,0,0,0,0,0,0,0,0,0,0,0,2048,0,1485584,27715584,38797312
1767050788.001059,1059,ubuntu-rog,1,0,0,65683160,43480992,56782024,736268,12525956,0,8653544,11231664,6641260,0,2012284,11231664,0,0,8388604,8388604,0,0,432,0,6623732,401148,18368,787744,1234548,787744,446804,14096,44072,0,0,0,0,41230184,10105460,34359738367,83972,0,78160,0,0,0,0,0,0,0,0,0,0,0,2048,0,1485584,27715584,38797312
1767050789.001194,1194,ubuntu-rog,1,0,0,65683160,43480992,56782024,736268,12525960,0,8653544,11231664,6641260,0,2012284,11231664,0,0,8388604,8388604,0,0,436,0,6623732,401148,18368,787744,1234548,787744,446804,14096,44072,0,0,0,0,41230184,10105460,34359738367,83972,0,78160,0,0,0,0,0,0,0,0,0,0,0,2048,0,1485584,27715584,38797312
1767050790.001292,1292,ubuntu-rog,1,0,0,65683160,43480992,56782036,736268,12525964,0,8653544,11231676,6641260,0,2012284,11231676,0,0,8388604,8388604,0,0,232,0,6623732,401148,18368,787744,1234548,787744,446804,14096,44072,0,0,0,0,41230184,10105460,34359738367,83972,0,78160,0,0,0,0,0,0,0,0,0,0,0,2048,0,1485584,27715584,38797312
1767050791.002055,2055,ubuntu-rog,1,0,0,65683160,43480992,56782036,736268,12525964,0,8653544,11231676,6641260,0,2012284,11231676,0,0,8388604,8388604,0,0,232,0,6623732,401148,18368,787744,1234548,787744,446804,14096,44072,0,0,0,0,41230184,10105460,34359738367,83972,0,78160,0,0,0,0,0,0,0,0,0,0,0,2048,0,1485584,27715584,38797312
1767050792.001444,1444,ubuntu-rog,1,0,0,65683160,43483012,56784056,736268,12525964,0,8653544,11231676,6641260,0,2012284,11231676,0,0,8388604,8388604,0,0,236,0,6623732,401148,18368,787744,1234548,787744,446804,14096,44072,0,0,0,0,41230184,10105460,34359738367,83972,0,78160,0,0,0,0,0,0,0,0,0,0,0,2048,0,1485584,27715584,38797312
1767050793.002288,2288,ubuntu-rog,1,0,0,65683160,43483428,56784472,736268,12525964,0,8653544,11231676,6641260,0,2012284,11231676,0,0,8388604,8388604,0,0,236,0,6623732,401148,18368,787744,1234548,787744,446804,14096,44072,0,0,0,0,41230184,10105460,34359738367,83972,0,78160,0,0,0,0,0,0,0,0,0,0,0,2048,0,1485584,27715584,38797312
1767050794.001063,1063,ubuntu-rog,1,0,0,65683160,43489492,56790536,736268,12525968,0,8653544,11231676,6641260,0,2012284,11231676,0,0,8388604,8388604,0,0,240,0,6623732,401148,18368,787744,1234548,787744,446804,14096,44072,0,0,0,0,41230184,10105460,34359738367,83972,0,78160,0,0,0,0,0,0,0,0,0,0,0,2048,0,1485584,27715584,38797312
1767050795.001453,1453,ubuntu-rog,1,0,0,65683160,43499568,56800612,736268,12525972,0,8653544,11231676,6641260,0,2012284,11231676,0,0,8388604,8388604,0,0,244,0,6623732,401148,18368,787744,1234548,787744,446804,14096,44072,0,0,0,0,41230184,10105460,34359738367,83972,0,78160,0,0,0,0,0,0,0,0,0,0,0,2048,0,1485584,27715584,38797312
1767050796.002276,2276,ubuntu-rog,1,0,0,65683160,43515428,56816472,736268,12525980,0,8653544,11231676,6641260,0,2012284,11231676,0,0,8388604,8388604,0,0,252,0,6623732,401148,18368,787744,1234548,787744,446804,14096,44072,0,0,0,0,41230184,10105460,34359738367,83972,0,78160,0,0,0,0,0,0,0,0,0,0,0,2048,0,1485584,27715584,38797312
1767050797.001060,1060,ubuntu-rog,1,0,0,65683160,43532948,56833992,736276,12525972,0,8653544,11231676,6641260,0,2012284,11231676,0,0,8388604,8388604,0,0,252,0,6623732,401148,18368,787744,1234548,787744,446804,14096,44072,0,0,0,0,41230184,10105460,34359738367,83972,0,78160,0,0,0,0,0,0,0,0,0,0,0,2048,0,1485584,27715584,38797312
1767050798.001193,1193,ubuntu-rog,1,0,0,65683160,43554876,56855920,736276,12525980,0,8653544,11231676,6641260,0,2012284,11231676,0,0,8388604,8388604,0,0,252,0,6623732,401148,18368,787744,1234548,787744,446804,14096,44072,0,0,0,0,41230184,10105460,34359738367,83972,0,78160,0,0,0,0,0,0,0,0,0,0,0,2048,0,1485584,27715584,38797312
1767050799.001287,1287,ubuntu-rog,1,0,0,65683160,43564860,56865912,736276,12525980,0,8653572,11231684,6641288,0,2012284,11231684,0,0,8388604,8388604,0,0,132,0,6623732,401148,18368,787744,1234548,787744,446804,14096,44072,0,0,0,0,41230184,10105460,34359738367,83972,0,78160,0,0,0,0,0,0,0,0,0,0,0,2048,0,1485584,27715584,38797312
1767050800.002059,2059,ubuntu-rog,1,0,0,65683160,43574700,56875752,736276,12525984,0,8653572,11231684,6641288,0,2012284,11231684,0,0,8388604,8388604,0,0,136,0,6623732,401148,18368,787744,1234548,787744,446804,14096,44072,0,0,0,0,41230184,10105460,34359738367,83972,0,78160,0,0,0,0,0,0,0,0,0,0,0,2048,0,1485584,27715584,38797312
1767050801.001396,1396,ubuntu-rog,1,0,0,65683160,43579768,56880828,736276,12525984,0,8653572,11231692,6641288,0,2012284,11231692,0,0,8388604,8388604,0,0,72,0,6623732,401148,18368,787744,1234548,787744,446804,14096,44072,0,0,0,0,41230184,10105460,34359738367,83972,0,78160,0,0,0,0,0,0,0,0,0,0,0,2048,0,1485584,27715584,38797312
1767050802.002287,2287,ubuntu-rog,1,0,0,65683160,43579768,56880828,736280,12525988,0,8653572,11231692,6641288,0,2012284,11231692,0,0,8388604,8388604,0,0,128,0,6623736,401148,18368,787744,1234548,787744,446804,14096,44072,0,0,0,0,41230184,10105460,34359738367,83972,0,78160,0,0,0,0,0,0,0,0,0,0,0,2048,0,1485584,27715584,38797312
1767050803.001057,1057,ubuntu-rog,1,0,0,65683160,43579768,56880832,736280,12525988,0,8653576,11231696,6641292,0,2012284,11231696,0,0,8388604,8388604,0,0,128,0,6623736,401148,18368,787744,1234548,787744,446804,14096,44072,0,0,0,0,41230184,10105460,34359738367,83972,0,78160,0,0,0,0,0,0,0,0,0,0,0,2048,0,1485584,27715584,38797312
1767050804.001188,1188,ubuntu-rog,1,0,0,65683160,43579768,56880832,736280,12525992,0,8653576,11231696,6641292,0,2012284,11231696,0,0,8388604,8388604,0,0,132,0,6623736,401148,18368,787744,1234548,787744,446804,14096,44072,0,0,0,0,41230184,10105460,34359738367,83972,0,78160,0,0,0,0,0,0,0,0,0,0,0,2048,0,1485584,27715584,38797312
1767050805.001482,1482,ubuntu-rog,1,0,0,65683160,43579768,56880836,736280,12525992,0,8653576,11231700,6641292,0,2012284,11231700,0,0,8388604,8388604,0,0,132,0,6623736,401148,18368,787744,1234548,787744,446804,14096,44072,0,0,0,0,41230184,10105460,34359738367,83972,0,78160,0,0,0,0,0,0,0,0,0,0,0,2048,0,1485584,27715584,38797312
1767050806.002059,2059,ubuntu-rog,1,0,0,65683160,43579768,56880836,736280,12525992,0,8653576,11231700,6641292,0,2012284,11231700,0,0,8388604,8388604,0,0,56,0,6623736,401148,18368,787744,1234548,787744,446804,14096,44072,0,0,0,0,41230184,10105460,34359738367,83972,0,78160,0,0,0,0,0,0,0,0,0,0,0,2048,0,1485584,27715584,38797312
1767050807.001185,1185,ubuntu-rog,1,0,0,65683160,43580020,56881100,736280,12525996,0,8653664,11231712,6641380,0,2012284,11231712,0,0,8388604,8388604,0,0,64,0,6623732,401148,18368,787744,1234548,787744,446804,14096,44072,0,0,0,0,41230184,10105460,34359738367,83972,0,78160,0,0,0,0,0,0,0,0,0,0,0,2048,0,1485584,27715584,38797312
1767050808.001296,1296,ubuntu-rog,1,0,0,65683160,43580020,56881100,736284,12526000,0,8653664,11231712,6641380,0,2012284,11231712,0,0,8388604,8388604,0,0,72,0,6623732,401148,18368,787744,1234548,787744,446804,14096,44072,0,0,0,0,41230184,10105460,34359738367,83972,0,78160,0,0,0,0,0,0,0,0,0,0,0,2048,0,1485584,27715584,38797312
1767050809.001063,1063,ubuntu-rog,1,0,0,65683160,43580020,56881104,736284,12526004,0,8653664,11231716,6641380,0,2012284,11231716,0,0,8388604,8388604,0,0,80,0,6623732,401148,18368,787744,1234548,787744,446804,14096,44072,0,0,0,0,41230184,10105460,34359738367,83972,0,78160,0,0,0,0,0,0,0,0,0,0,0,2048,0,1485584,27715584,38797312
1767050810.001453,1453,ubuntu-rog,1,0,0,65683160,43580020,56881104,736284,12526004,0,8653664,11231716,6641380,0,2012284,11231716,0,0,8388604,8388604,0,0,80,0,6623732,401148,18368,787744,1234548,787744,446804,14096,44072,0,0,0,0,41230184,10105460,34359738367,83972,0,78160,0,0,0,0,0,0,0,0,0,0,0,2048,0,1485584,27715584,38797312
1767050811.002732,2732,ubuntu-rog,1,0,0,65683160,43580020,56881104,736284,12526008,0,8653664,11231716,6641380,0,2012284,11231716,0,0,8388604,8388604,0,0,84,0,6623732,401148,18368,787744,1234548,787744,446804,14096,44072,0,0,0,0,41230184,10105460,34359738367,83972,0,78160,0,0,0,0,0,0,0,0,0,0,0,2048,0,1485584,27715584,38797312
1767050812.001057,1057,ubuntu-rog,1,0,0,65683160,43580020,56881104,736284,12526008,0,8653664,11231716,6641380,0,2012284,11231716,0,0,8388604,8388604,0,0,84,0,6623732,401148,18368,787744,1234548,787744,446804,14096,44072,0,0,0,0,41230184,10105460,34359738367,83972,0,78160,0,0,0,0,0,0,0,0,0,0,0,2048,0,1485584,27715584,38797312
1767050813.002189,2189,ubuntu-rog,1,0,0,65683160,43580020,56881104,736284,12526008,0,8653664,11231716,6641380,0,2012284,11231716,0,0,8388604,8388604,0,0,84,0,6623732,401148,18368,787744,1234548,787744,446804,14096,44072,0,0,0,0,41230184,10105460,34359738367,83972,0,78160,0,0,0,0,0,0,0,0,0,0,0,2048,0,1485584,27715584,38797312
1767050814.001453,1453,ubuntu-rog,1,0,0,65683160,43580020,56881104,736284,12526008,0,8653664,11231716,6641380,0,2012284,11231716,0,0,8388604,8388604,0,0,84,0,6623732,401148,18368,787744,1234548,787744,446804,14096,44072,0,0,0,0,41230184,10105460,34359738367,83972,0,78160,0,0,0,0,0,0,0,0,0,0,0,2048,0,1485584,27715584,38797312
1767050815.002054,2054,ubuntu-rog,1,0,0,65683160,43580020,56881104,736284,12526016,0,8653664,11231716,6641380,0,2012284,11231716,0,0,8388604,8388604,0,0,92,0,6623732,401148,18368,787744,1234548,787744,446804,14096,44072,0,0,0,0,41230184,10105460,34359738367,83972,0,78160,0,0,0,0,0,0,0,0,0,0,0,2048,0,1485584,27715584,38797312
1767050816.001182,1182,ubuntu-rog,1,0,0,65683160,43580020,56881104,736284,12526016,0,8653664,11231716,6641380,0,2012284,11231716,0,0,8388604,8388604,0,0,92,0,6623732,401148,18368,787744,1234548,787744,446804,14096,44072,0,0,0,0,41230184,10105460,34359738367,83972,0,78160,0,0,0,0,0,0,0,0,0,0,0,2048,0,1485584,27715584,38797312
1767050817.001289,1289,ubuntu-rog,1,0,0,65683160,43580020,56881104,736284,12526016,0,8653712,11231716,6641428,0,2012284,11231716,0,0,8388604,8388604,0,0,92,0,6623732,401148,18368,787744,1234548,787744,446804,14096,44072,0,0,0,0,41230184,10105460,34359738367,83972,0,78160,0,0,0,0,0,0,0,0,0,0,0,2048,0,1485584,27715584,38797312
1767050818.001063,1063,ubuntu-rog,1,0,0,65683160,43580020,56881104,736284,12526016,0,8653712,11231716,6641428,0,2012284,11231716,0,0,8388604,8388604,0,0,92,0,6623732,401148,18368,787744,1234548,787744,446804,14096,44072,0,0,0,0,41230184,10105460,34359738367,83972,0,78160,0,0,0,0,0,0,0,0,0,0,0,2048,0,1485584,27715584,38797312
1767050819.002188,2188,ubuntu-rog,1,0,0,65683160,43580020,56881108,736288,12526020,0,8653712,11231720,6641428,0,2012284,11231720,0,0,8388604,8388604,0,0,96,0,6623732,401148,18368,787744,1234548,787744,446804,14096,44072,0,0,0,0,41230184,10105460,34359738367,83972,0,78160,0,0,0,0,0,0,0,0,0,0,0,2048,0,1485584,27715584,38797312
1767050820.001696,1696,ubuntu-rog,1,0,0,65683160,43580020,56881108,736288,12526024,0,8653712,11231720,6641428,0,2012284,11231720,0,0,8388604,8388604,0,0,100,0,6623732,401148,18368,787744,1234548,787744,446804,14096,44072,0,0,0,0,41230184,10105460,34359738367,83972,0,78160,0,0,0,0,0,0,0,0,0,0,0,2048,0,1485584,27715584,38797312
1767050821.002060,2060,ubuntu-rog,1,0,0,65683160,43580020,56881108,736288,12526028,0,8653712,11231720,6641428,0,2012284,11231720,0,0,8388604,8388604,0,0,104,0,6623732,401148,18368,787744,1234548,787744,446804,14096,44072,0,0,0,0,41230184,10105460,34359738367,83972,0,78160,0,0,0,0,0,0,0,0,0,0,0,2048,0,1485584,27715584,38797312
1767050822.001192,1192,ubuntu-rog,1,0,0,65683160,43580020,56881108,736288,12526032,0,8653712,11231720,6641428,0,2012284,11231720,0,0,8388604,8388604,0,0,108,0,6623732,401148,18368,787744,1234548,787744,446804,14096,44072,0,0,0,0,41230184,10105460,34359738367,83972,0,78160,0,0,0,0,0,0,0,0,0,0,0,2048,0,1485584,27715584,38797312
1767050823.001287,1287,ubuntu-rog,1,0,0,65683160,43580020,56881108,736288,12526032,0,8653712,11231720,6641428,0,2012284,11231720,0,0,8388604,8388604,0,0,52,0,6623732,401148,18368,787744,1234548,787744,446804,14096,44072,0,0,0,0,41230184,10105460,34359738367,83972,0,78160,0,0,0,0,0,0,0,0,0,0,0,2048,0,1485584,27715584,38797312
1767050824.001066,1066,ubuntu-rog,1,0,0,65683160,43580020,56881108,736288,12526032,0,8653712,11231720,6641428,0,2012284,11231720,0,0,8388604,8388604,0,0,52,0,6623732,401148,18368,787744,1234548,787744,446804,14096,44072,0,0,0,0,41230184,10105460,34359738367,83972,0,78160,0,0,0,0,0,0,0,0,0,0,0,2048,0,1485584,27715584,38797312
1767050825.002179,2179,ubuntu-rog,1,0,0,65683160,43580020,56881116,736296,12526032,0,8653772,11231728,6641488,0,2012284,11231728,0,0,8388604,8388604,0,0,60,0,6623732,401148,18368,787744,1234548,787744,446804,14096,44072,0,0,0,0,41230184,10105460,34359738367,83972,0,78160,0,0,0,0,0,0,0,0,0,0,0,2048,0,1485584,27715584,38797312
1767050826.001295,1295,ubuntu-rog,1,0,0,65683160,43580020,56881116,736296,12526036,0,8653772,11231728,6641488,0,2012284,11231728,0,0,8388604,8388604,0,0,64,0,6623732,401148,18368,787744,1234548,787744,446804,14096,44072,0,0,0,0,41230184,10105460,34359738367,83972,0,78160,0,0,0,0,0,0,0,0,0,0,0,2048,0,1485584,27715584,38797312
1767050827.001061,1061,ubuntu-rog,1,0,0,65683160,43580020,56881120,736296,12526036,0,8653772,11231732,6641488,0,2012284,11231732,0,0,8388604,8388604,0,0,64,0,6623732,401148,18368,787744,1234548,787744,446804,14096,44072,0,0,0,0,41230184,10105460,34359738367,83972,0,78160,0,0,0,0,0,0,0,0,0,0,0,2048,0,1485584,27715584,38797312
1767050828.001191,1191,ubuntu-rog,1,0,0,65683160,43580020,56881120,736296,12526040,0,8653772,11231732,6641488,0,2012284,11231732,0,0,8388604,8388604,0,0,68,0,6623732,401148,18368,787744,1234548,787744,446804,14096,44072,0,0,0,0,41230184,10105460,34359738367,83972,0,78160,0,0,0,0,0,0,0,0,0,0,0,2048,0,1485584,27715584,38797312
1767050829.001458,1458,ubuntu-rog,1,0,0,65683160,43580020,56881124,736296,12526040,0,8653772,11231736,6641488,0,2012284,11231736,0,0,8388604,8388604,0,0,68,0,6623732,401148,18368,787744,1234548,787744,446804,14096,44072,0,0,0,0,41230184,10105460,34359738367,83972,0,78160,0,0,0,0,0,0,0,0,0,0,0,2048,0,1485584,27715584,38797312
1767050830.002061,2061,ubuntu-rog,1,0,0,65683160,43580020,56881124,736304,12526044,0,8653772,11231736,6641488,0,2012284,11231736,0,0,8388604,8388604,0,0,72,0,6623732,401148,18368,787744,1234548,787744,446804,14096,44072,0,0,0,0,41230184,10105460,34359738367,83972,0,78160,0,0,0,0,0,0,0,0,0,0,0,2048,0,1485584,27715584,38797312
1767050831.001189,1189,ubuntu-rog,1,0,0,65683160,43580020,56881132,736304,12526044,0,8653772,11231744,6641488,0,2012284,11231744,0,0,8388604,8388604,0,0,72,0,6623732,401148,18368,787744,1234548,787744,446804,14096,44072,0,0,0,0,41230184,10105460,34359738367,83972,0,78160,0,0,0,0,0,0,0,0,0,0,0,2048,0,1485584,27715584,38797312
1767050832.001291,1291,ubuntu-rog,1,0,0,65683160,43579616,56880728,736304,12526044,0,8653772,11231744,6641488,0,2012284,11231744,0,0,8388604,8388604,0,0,72,0,6623732,401148,18368,787744,1234548,787744,446804,14096,44072,0,0,0,0,41230184,10105460,34359738367,83972,0,78160,0,0,0,0,0,0,0,0,0,0,0,2048,0,1485584,27715584,38797312
1767050833.001362,1362,ubuntu-rog,1,0,0,65683160,43580324,56881440,736304,12526052,0,8653772,11231748,6641488,0,2012284,11231748,0,0,8388604,8388604,0,0,80,0,6623732,401148,18368,787744,1234548,787744,446804,14096,44072,0,0,0,0,41230184,10105460,34359738367,83972,0,78160,0,0,0,0,0,0,0,0,0,0,0,2048,0,1485584,27715584,38797312
1767050834.002180,2180,ubuntu-rog,1,0,0,65683160,43580708,56881824,736304,12526056,0,8653772,11231748,6641488,0,2012284,11231748,0,0,8388604,8388604,0,0,84,0,6623732,401148,18368,787744,1234548,787744,446804,14112,44072,0,0,0,0,41230184,10105632,34359738367,83972,0,78160,0,0,0,0,0,0,0,0,0,0,0,2048,0,1485584,27715584,38797312
1767050835.001277,1277,ubuntu-rog,1,0,0,65683160,43581212,56882340,736304,12526056,0,8653896,11231760,6641612,0,2012284,11231760,0,0,8388604,8388604,0,0,84,0,6623920,401148,18368,787744,1234516,787744,446772,14112,44072,0,0,0,0,41230184,10105632,34359738367,83972,0,78160,0,0,0,0,0,0,0,0,0,0,0,2048,0,1485584,27715584,38797312
1767050836.001064,1064,ubuntu-rog,1,0,0,65683160,43581212,56882340,736308,12526056,0,8653896,11231760,6641612,0,2012284,11231760,0,0,8388604,8388604,0,0,88,0,6623920,401148,18368,787744,1234516,787744,446772,14112,44072,0,0,0,0,41230184,10105632,34359738367,83972,0,78160,0,0,0,0,0,0,0,0,0,0,0,2048,0,1485584,27715584,38797312
1767050837.001193,1193,ubuntu-rog,1,0,0,65683160,43581212,56882340,736308,12526060,0,8653896,11231760,6641612,0,2012284,11231760,0,0,8388604,8388604,0,0,92,0,6623920,401148,18368,787744,1234516,787744,446772,14112,44072,0,0,0,0,41230184,10105632,34359738367,83972,0,78160,0,0,0,0,0,0,0,0,0,0,0,2048,0,1485584,27715584,38797312
1767050838.001524,1524,ubuntu-rog,1,0,0,65683160,43581212,56882344,736308,12526060,0,8653960,11231764,6641676,0,2012284,11231764,0,0,8388604,8388604,0,0,52,0,6623920,401148,18368,787744,1234516,787744,446772,14112,44072,0,0,0,0,41230184,10105632,34359738367,83972,0,78160,0,0,0,0,0,0,0,0,0,0,0,2048,0,1485584,27715584,38797312
1767050839.002173,2173,ubuntu-rog,1,0,0,65683160,43581212,56882344,736308,12526060,0,8653960,11231764,6641676,0,2012284,11231764,0,0,8388604,8388604,0,0,52,0,6623920,401148,18368,787744,1234516,787744,446772,14112,44072,0,0,0,0,41230184,10105632,34359738367,83972,0,78160,0,0,0,0,0,0,0,0,0,0,0,2048,0,1485584,27715584,38797312
1767050840.001192,1192,ubuntu-rog,1,0,0,65683160,43581212,56882344,736308,12526060,0,8653960,11231764,6641676,0,2012284,11231764,0,0,8388604,8388604,0,0,52,0,6623920,401148,18368,787744,1234516,787744,446772,14112,44072,0,0,0,0,41230184,10105632,34359738367,83972,0,78160,0,0,0,0,0,0,0,0,0,0,0,2048,0,1485584,27715584,38797312
1767050841.002285,2285,ubuntu-rog,1,0,0,65683160,43581212,56882352,736316,12526068,0,8653960,11231772,6641676,0,2012284,11231772,0,0,8388604,8388604,0,0,72,0,6623920,401148,18368,787744,1234516,787744,446772,14112,44072,0,0,0,0,41230184,10105632,34359738367,83972,0,78160,0,0,0,0,0,0,0,0,0,0,0,2048,0,1485584,27715584,38797312
1767050842.001368,1368,ubuntu-rog,1,0,0,65683160,43581212,56882352,736316,12526068,0,8653960,11231772,6641676,0,2012284,11231772,0,0,8388604,8388604,0,0,72,0,6623920,401148,18368,787744,1234516,787744,446772,14112,44072,0,0,0,0,41230184,10105632,34359738367,83972,0,78160,0,0,0,0,0,0,0,0,0,0,0,2048,0,1485584,27715584,38797312
1767050843.002186,2186,ubuntu-rog,1,0,0,65683160,43581212,56882352,736316,12526068,0,8653960,11231772,6641676,0,2012284,11231772,0,0,8388604,8388604,0,0,28,0,6623920,401148,18368,787744,1234516,787744,446772,14112,44072,0,0,0,0,41230184,10105632,34359738367,83972,0,78160,0,0,0,0,0,0,0,0,0,0,0,2048,0,1485584,27715584,38797312
1767050844.001293,1293,ubuntu-rog,1,0,0,65683160,43581212,56882352,736316,12526072,0,8653960,11231772,6641676,0,2012284,11231772,0,0,8388604,8388604,0,0,32,0,6623920,401148,18368,787744,1234516,787744,446772,14112,44072,0,0,0,0,41230184,10105632,34359738367,83972,0,78160,0,0,0,0,0,0,0,0,0,0,0,2048,0,1485584,27715584,38797312
1767050845.001061,1061,ubuntu-rog,1,0,0,65683160,43581212,56882356,736316,12526072,0,8653920,11231776,6641636,0,2012284,11231776,0,0,8388604,8388604,0,0,32,0,6623908,401148,18368,787744,1234516,787744,446772,14112,44072,0,0,0,0,41230184,10105632,34359738367,83972,0,78160,0,0,0,0,0,0,0,0,0,0,0,2048,0,1485584,27715584,38797312
1767050846.001193,1193,ubuntu-rog,1,0,0,65683160,43581212,56882356,736316,12526076,0,8653920,11231776,6641636,0,2012284,11231776,0,0,8388604,8388604,0,0,40,0,6623908,401148,18368,787744,1234516,787744,446772,14112,44072,0,0,0,0,41230184,10105632,34359738367,83972,0,78160,0,0,0,0,0,0,0,0,0,0,0,2048,0,1485584,27715584,38797312
1767050847.002278,2278,ubuntu-rog,1,0,0,65683160,43581212,56882356,736320,12526080,0,8653920,11231776,6641636,0,2012284,11231776,0,0,8388604,8388604,0,0,56,0,6623908,401148,18368,787744,1234516,787744,446772,14112,44072,0,0,0,0,41230184,10105632,34359738367,83972,0,78160,0,0,0,0,0,0,0,0,0,0,0,2048,0,1485584,27715584,38797312
1767050848.001147,1147,ubuntu-rog,1,0,0,65683160,43581212,56882364,736320,12526084,0,8653920,11231784,6641636,0,2012284,11231784,0,0,8388604,8388604,0,0,60,0,6623908,401148,18368,787744,1234516,787744,446772,14112,44072,0,0,0,0,41230184,10105632,34359738367,83972,0,78160,0,0,0,0,0,0,0,0,0,0,0,2048,0,1485584,27715584,38797312
1767050849.001191,1191,ubuntu-rog,1,0,0,65683160,43581212,56882368,736320,12526084,0,8653920,11231788,6641636,0,2012284,11231788,0,0,8388604,8388604,0,0,60,0,6623908,401148,18368,787744,1234516,787744,446772,14112,44072,0,0,0,0,41230184,10105632,34359738367,83972,0,78160,0,0,0,0,0,0,0,0,0,0,0,2048,0,1485584,27715584,38797312
1767050850.002286,2286,ubuntu-rog,1,0,0,65683160,43581212,56882368,736320,12526084,0,8653920,11231788,6641636,0,2012284,11231788,0,0,8388604,8388604,0,0,60,0,6623908,401148,18368,787744,1234516,787744,446772,14112,44072,0,0,0,0,41230184,10105632,34359738367,83972,0,78160,0,0,0,0,0,0,0,0,0,0,0,2048,0,1485584,27715584,38797312
1767050851.001062,1062,ubuntu-rog,1,0,0,65683160,43581212,56882380,736320,12526084,0,8653920,11231800,6641636,0,2012284,11231800,0,0,8388604,8388604,0,0,60,0,6623908,401148,18368,787744,1234516,787744,446772,14112,44072,0,0,0,0,41230184,10105632,34359738367,83972,0,78160,0,0,0,0,0,0,0,0,0,0,0,2048,0,1485584,27715584,38797312
1767050852.001187,1187,ubuntu-rog,1,0,0,65683160,43581212,56882380,736328,12526088,0,8653920,11231800,6641636,0,2012284,11231800,0,0,8388604,8388604,0,0,64,0,6623908,401148,18368,787744,1234516,787744,446772,14112,44072,0,0,0,0,41230184,10105632,34359738367,83972,0,78160,0,0,0,0,0,0,0,0,0,0,0,2048,0,1485584,27715584,38797312
1767050853.001274,1274,ubuntu-rog,1,0,0,65683160,43581212,56882380,736328,12526092,0,8653920,11231800,6641636,0,2012284,11231800,0,0,8388604,8388604,0,0,68,0,6623908,401148,18368,787744,1234516,787744,446772,14112,44072,0,0,0,0,41230184,10105632,34359738367,83972,0,78160,0,0,0,0,0,0,0,0,0,0,0,2048,0,1485584,27715584,38797312
1767050854.002135,2135,ubuntu-rog,1,0,0,65683160,43581212,56882392,736328,12526092,0,8653920,11231812,6641636,0,2012284,11231812,0,0,8388604,8388604,0,0,68,0,6623908,401148,18368,787744,1234516,787744,446772,14112,44072,0,0,0,0,41230184,10105632,34359738367,83972,0,78160,0,0,0,0,0,0,0,0,0,0,0,2048,0,1485584,27715584,38797312
1767050855.001191,1191,ubuntu-rog,1,0,0,65683160,43581212,56882392,736328,12526096,0,8653920,11231812,6641636,0,2012284,11231812,0,0,8388604,8388604,0,0,72,0,6623908,401148,18368,787744,1234516,787744,446772,14112,44072,0,0,0,0,41230184,10105632,34359738367,83972,0,78160,0,0,0,0,0,0,0,0,0,0,0,2048,0,1485584,27715584,38797312
1767050856.001290,1290,ubuntu-rog,1,0,0,65683160,43581212,56882396,736328,12526096,0,8653944,11231816,6641660,0,2012284,11231816,0,0,8388604,8388604,0,0,44,0,6623908,401148,18368,787744,1234516,787744,446772,14112,44072,0,0,0,0,41230184,10105632,34359738367,83972,0,78160,0,0,0,0,0,0,0,0,0,0,0,2048,0,1485584,27715584,38797312
1767050857.001361,1361,ubuntu-rog,1,0,0,65683160,43581212,56882400,736332,12526096,0,8653944,11231820,6641660,0,2012284,11231820,0,0,8388604,8388604,0,0,52,0,6623908,401148,18368,787744,1234516,787744,446772,14112,44072,0,0,0,0,41230184,10105632,34359738367,83972,0,78160,0,0,0,0,0,0,0,0,0,0,0,2048,0,1485584,27715584,38797312
1767050858.002188,2188,ubuntu-rog,1,0,0,65683160,43581212,56882400,736332,12526100,0,8653944,11231820,6641660,0,2012284,11231820,0,0,8388604,8388604,0,0,56,0,6623908,401148,18368,787744,1234516,787744,446772,14112,44072,0,0,0,0,41230184,10105632,34359738367,83972,0,78160,0,0,0,0,0,0,0,0,0,0,0,2048,0,1485584,27715584,38797312
1767050859.001289,1289,ubuntu-rog,1,0,0,65683160,43581212,56882400,736332,12526104,0,8653944,11231820,6641660,0,2012284,11231820,0,0,8388604,8388604,0,0,60,0,6623908,401148,18368,787744,1234516,787744,446772,14112,44072,0,0,0,0,41230184,10105632,34359738367,83972,0,78160,0,0,0,0,0,0,0,0,0,0,0,2048,0,1485584,27715584,38797312
1767050860.001065,1065,ubuntu-rog,1,0,0,65683160,43581212,56882404,736332,12526108,0,8653944,11231824,6641660,0,2012284,11231824,0,0,8388604,8388604,0,0,64,0,6623908,401148,18368,787744,1234516,787744,446772,14112,44072,0,0,0,0,41230184,10105632,34359738367,83972,0,78160,0,0,0,0,0,0,0,0,0,0,0,2048,0,1485584,27715584,38797312
1767050861.001103,1103,ubuntu-rog,1,0,0,65683160,43581212,56882404,736332,12526108,0,8653944,11231824,6641660,0,2012284,11231824,0,0,8388604,8388604,0,0,64,0,6623908,401148,18368,787744,1234516,787744,446772,14112,44072,0,0,0,0,41230184,10105632,34359738367,83972,0,78160,0,0,0,0,0,0,0,0,0,0,0,2048,0,1485584,27715584,38797312
1767050862.002274,2274,ubuntu-rog,1,0,0,65683160,43581212,56882408,736332,12526108,0,8653944,11231828,6641660,0,2012284,11231828,0,0,8388604,8388604,0,0,64,0,6623908,401148,18368,787744,1234516,787744,446772,14112,44072,0,0,0,0,41230184,10105632,34359738367,83972,0,78160,0,0,0,0,0,0,0,0,0,0,0,2048,0,1485584,27715584,38797312
1767050863.001063,1063,ubuntu-rog,1,0,0,65683160,43581212,56882408,736340,12526112,0,8653944,11231828,6641660,0,2012284,11231828,0,0,8388604,8388604,0,0,68,0,6623908,401148,18368,787744,1234516,787744,446772,14112,44072,0,0,0,0,41230184,10105632,34359738367,83972,0,78160,0,0,0,0,0,0,0,0,0,0,0,2048,0,1485584,27715584,38797312
1767050864.001196,1196,ubuntu-rog,1,0,0,65683160,43581212,56882420,736340,12526112,0,8653944,11231840,6641660,0,2012284,11231840,0,0,8388604,8388604,0,0,68,0,6623908,401148,18368,787744,1234516,787744,446772,14112,44072,0,0,0,0,41230184,10105632,34359738367,83972,0,78160,0,0,0,0,0,0,0,0,0,0,0,2048,0,1485584,27715584,38797312
1767050865.001292,1292,ubuntu-rog,1,0,0,65683160,43581212,56882420,736340,12526112,0,8653944,11231840,6641660,0,2012284,11231840,0,0,8388604,8388604,0,0,68,0,6623908,401148,18368,787744,1234516,787744,446772,14112,44072,0,0,0,0,41230184,10105632,34359738367,83972,0,78160,0,0,0,0,0,0,0,0,0,0,0,2048,0,1485584,27715584,38797312
1767050866.001062,1062,ubuntu-rog,1,0,0,65683160,43581212,56882420,736340,12526116,0,8653944,11231840,6641660,0,2012284,11231840,0,0,8388604,8388604,0,0,72,0,6623908,401148,18368,787744,1234516,787744,446772,14112,44072,0,0,0,0,41230184,10105632,34359738367,83972,0,78160,0,0,0,0,0,0,0,0,0,0,0,2048,0,1485584,27715584,38797312
1767050867.002321,2321,ubuntu-rog,1,0,0,65683160,43581212,56882420,736340,12526120,0,8653944,11231840,6641660,0,2012284,11231840,0,0,8388604,8388604,0,0,76,0,6623908,401148,18368,787744,1234516,787744,446772,14112,44072,0,0,0,0,41230184,10105632,34359738367,83972,0,78160,0,0,0,0,0,0,0,0,0,0,0,2048,0,1485584,27715584,38797312
1767050868.001297,1297,ubuntu-rog,1,0,0,65683160,43581212,56882424,736344,12526120,0,8653944,11231844,6641660,0,2012284,11231844,0,0,8388604,8388604,0,0,76,0,6623908,401148,18368,787744,1234516,787744,446772,14112,44072,0,0,0,0,41230184,10105632,34359738367,83972,0,78160,0,0,0,0,0,0,0,0,0,0,0,2048,0,1485584,27715584,38797312
1767050869.001070,1070,ubuntu-rog,1,0,0,65683160,43581212,56882424,736344,12526120,0,8653944,11231844,6641660,0,2012284,11231844,0,0,8388604,8388604,0,0,76,0,6623908,401148,18368,787744,1234516,787744,446772,14112,44072,0,0,0,0,41230184,10105632,34359738367,83972,0,78160,0,0,0,0,0,0,0,0,0,0,0,2048,0,1485584,27715584,38797312
1767050870.001128,1128,ubuntu-rog,1,0,0,65683160,43581212,56882424,736344,12526124,0,8653944,11231844,6641660,0,2012284,11231844,0,0,8388604,8388604,0,0,80,0,6623908,401148,18368,787744,1234516,787744,446772,14112,44072,0,0,0,0,41230184,10105632,34359738367,83972,0,78160,0,0,0,0,0,0,0,0,0,0,0,2048,0,1485584,27715584,38797312
1767050871.002276,2276,ubuntu-rog,1,0,0,65683160,43541280,56842500,736344,12526128,0,8694672,11231848,6682388,0,2012284,11231848,0,0,8388604,8388604,0,0,88,0,6664756,401148,18368,787748,1234520,787748,446772,14112,44144,0,0,0,0,41230184,10146740,34359738367,83972,0,78160,0,0,0,0,0,0,0,0,0,0,0,2048,0,1485584,27715584,38797312
1767050872.001063,1063,ubuntu-rog,1,0,0,65683160,43484800,56786020,736344,12526132,0,8745816,11231848,6733532,0,2012284,11231848,0,0,8388604,8388604,0,0,92,0,6715832,401148,18368,787748,1234520,787748,446772,14112,44224,0,0,0,0,41230184,10197960,34359738367,83972,0,78160,0,0,0,0,0,0,0,0,0,0,0,2048,0,1485584,27715584,38797312
1767050873.001191,1191,ubuntu-rog,1,0,0,65683160,43436416,56737652,736344,12526132,0,8797028,11231864,6784744,0,2012284,11231864,0,0,8388604,8388604,0,0,64,0,6767052,401148,18368,787748,1234520,787748,446772,14112,44324,0,0,0,0,41230184,10249180,34359738367,83972,0,78160,0,0,0,0,0,0,0,0,0,0,0,2048,0,1485584,27715584,38797312
1767050874.001287,1287,ubuntu-rog,1,0,0,65683160,43388048,56689284,736344,12526136,0,8848240,11231864,6835956,0,2012284,11231864,0,0,8388604,8388604,0,0,72,0,6818272,401148,18368,787748,1234520,787748,446772,14112,44424,0,0,0,0,41230184,10300400,34359738367,83972,0,78160,0,0,0,0,0,0,0,0,0,0,0,2048,0,1485584,27715584,38797312
1767050875.002057,2057,ubuntu-rog,1,0,0,65683160,43347996,56649232,736344,12526136,0,8889352,11231864,6877068,0,2012284,11231864,0,0,8388604,8388604,0,0,72,0,6859392,401148,18368,787748,1234520,787748,446772,14112,44524,0,0,0,0,41230184,10341376,34359738367,83972,0,78160,0,0,0,0,0,0,0,0,0,0,0,2048,0,1485584,27715584,38797312
1767050876.001430,1430,ubuntu-rog,1,0,0,65683160,43291412,56592716,736344,12526136,0,8940692,11231932,6928408,0,2012284,11231932,0,0,8388604,8388604,0,0,72,0,6910756,401148,18368,787748,1234520,787748,446772,14112,44644,0,0,0,0,41230184,10392596,34359738367,83972,0,78160,0,0,0,0,0,0,0,0,0,0,0,2048,0,1485584,27715584,38797312
1767050877.002287,2287,ubuntu-rog,1,0,0,65683160,43243400,56544704,736344,12526136,0,8991644,11231932,6979360,0,2012284,11231932,0,0,8388604,8388604,0,0,72,0,6961688,401148,18368,787748,1234520,787748,446772,14112,44704,0,0,0,0,41230184,10443816,34359738367,83972,0,78160,0,0,0,0,0,0,0,0,0,0,0,2048,0,1485584,27715584,38797312
1767050878.001062,1062,ubuntu-rog,1,0,0,65683160,43195016,56496320,736344,12526140,0,9042856,11231932,7030572,0,2012284,11231932,0,0,8388604,8388604,0,0,76,0,7012908,401148,18368,787748,1234520,787748,446772,14112,44804,0,0,0,0,41230184,10495036,34359738367,83972,0,78160,0,0,0,0,0,0,0,0,0,0,0,2048,0,1485584,27715584,38797312
1767050879.001195,1195,ubuntu-rog,1,0,0,65683160,43138552,56439860,736344,12526144,0,9094068,11231936,7081784,0,2012284,11231936,0,0,8388604,8388604,0,0,52,0,7064128,401148,18368,787748,1234520,787748,446772,14112,44904,0,0,0,0,41230184,10546256,34359738367,83972,0,78160,0,0,0,0,0,0,0,0,0,0,0,2048,0,1485584,27715584,38797312
1767050880.001282,1282,ubuntu-rog,1,0,0,65683160,43090200,56391512,736344,12526144,0,9145472,11231940,7133188,0,2012284,11231940,0,0,8388604,8388604,0,0,52,0,7115492,401148,18368,787748,1234520,787748,446772,14112,45024,0,0,0,0,41230184,10597476,34359738367,83972,0,78160,0,0,0,0,0,0,0,0,0,0,0,2048,0,1485584,27715584,38797312
1767050881.002056,2056,ubuntu-rog,1,0,0,65683160,43049864,56351176,736344,12526148,0,9186324,11231940,7174040,0,2012284,11231940,0,0,8388604,8388604,0,0,56,0,7156324,401148,18368,787748,1234520,787748,446772,14112,45084,0,0,0,0,41230184,10638452,34359738367,83972,0,78160,0,0,0,0,0,0,0,0,0,0,0,2048,0,1485584,27715584,38797312
1767050882.001417,1417,ubuntu-rog,1,0,0,65683160,42993044,56294356,736344,12526148,0,9237796,11231940,7225512,0,2012284,11231940,0,0,8388604,8388604,0,0,56,0,7207832,401148,18368,787748,1234520,787748,446772,14112,45224,0,0,0,0,41230184,10689672,34359738367,83972,0,78160,0,0,0,0,0,0,0,0,0,0,0,2048,0,1485584,27715584,38797312
1767050883.002288,2288,ubuntu-rog,1,0,0,65683160,42945016,56246328,736344,12526152,0,9288748,11231940,7276464,0,2012284,11231940,0,0,8388604,8388604,0,0,64,0,7258764,401148,18368,787748,1234520,787748,446772,14112,45284,0,0,0,0,41230184,10740892,34359738367,83972,0,78160,0,0,0,0,0,0,0,0,0,0,0,2048,0,1485584,27715584,38797312
1767050884.001061,1061,ubuntu-rog,1,0,0,65683160,42896648,56197960,736348,12526152,0,9339960,11231940,7327676,0,2012284,11231940,0,0,8388604,8388604,0,0,64,0,7309984,401148,18368,787748,1234520,787748,446772,14112,45384,0,0,0,0,41230184,10792112,34359738367,83972,0,78160,0,0,0,0,0,0,0,0,0,0,0,2048,0,1485584,27715584,38797312
1767050885.001106,1106,ubuntu-rog,1,0,0,65683160,42839828,56141140,736348,12526160,0,9391432,11231940,7379148,0,2012284,11231940,0,0,8388604,8388604,0,0,72,0,7361492,401148,18368,787748,1234520,787748,446772,14112,45528,0,0,0,0,41230184,10843332,34359738367,83972,0,78160,0,0,0,0,0,0,0,0,0,0,0,2048,0,1485584,27715584,38797312
1767050886.002308,2308,ubuntu-rog,1,0,0,65683160,42799880,56101196,736348,12526160,0,9432312,11231944,7420028,0,2012284,11231944,0,0,8388604,8388604,0,0,72,0,7402324,401148,18368,787748,1234520,787748,446772,14112,45588,0,0,0,0,41230184,10884308,34359738367,83972,0,78160,0,0,0,0,0,0,0,0,0,0,0,2048,0,1485584,27715584,38797312
1767050887.001069,1069,ubuntu-rog,1,0,0,65683160,42751496,56052828,736348,12526160,0,9483456,11231960,7471172,0,2012284,11231960,0,0,8388604,8388604,0,0,72,0,7453400,401148,18368,787748,1234520,787748,446772,14112,45668,0,0,0,0,41230184,10935528,34359738367,83972,0,78160,0,0,0,0,0,0,0,0,0,0,0,2048,0,1485584,27715584,38797312
1767050888.001193,1193,ubuntu-rog,1,0,0,65683160,42703112,56004444,736348,12526160,0,9534668,11231960,7522384,0,2012284,11231960,0,0,8388604,8388604,0,0,44,0,7504620,401148,18368,787748,1234520,787748,446772,14112,45768,0,0,0,0,41230184,10986748,34359738367,83972,0,78160,0,0,0,0,0,0,0,0,0,0,0,2048,0,1485584,27715584,38797312
1767050889.001165,1165,ubuntu-rog,1,0,0,65683160,42646292,55947628,736352,12526164,0,9586140,11231964,7573856,0,2012284,11231964,0,0,8388604,8388604,0,0,52,0,7556128,401148,18368,787748,1234520,787748,446772,14112,45908,0,0,0,0,41230184,11037968,34359738367,83972,0,78160,0,0,0,0,0,0,0,0,0,0,0,2048,0,1485584,27715584,38797312
1767050890.003057,3057,ubuntu-rog,1,0,0,65683160,42590216,55891552,736352,12526164,0,9637092,11231964,7624808,0,2012284,11231964,0,0,8388604,8388604,0,0,52,0,7607060,401148,18368,787748,1234520,787748,446772,14112,45968,0,0,0,0,41230184,11089188,34359738367,83972,0,78160,0,0,0,0,0,0,0,0,0,0,0,2048,0,1485584,27715584,38797312
1767050891.001194,1194,ubuntu-rog,1,0,0,65683160,42550164,55851500,736352,12526168,0,9678032,11231964,7665748,0,2012284,11231964,0,0,8388604,8388604,0,0,56,0,7648008,401148,18368,787748,1234520,787748,446772,14112,46068,0,0,0,0,41230184,11129992,34359738367,83972,0,78160,0,0,0,0,0,0,0,0,0,0,0,2048,0,1485584,27715584,38797312
1767050892.001294,1294,ubuntu-rog,1,0,0,65683160,42493684,55795024,736352,12526172,0,9729052,11231968,7716768,0,2012284,11231968,0,0,8388604,8388604,0,0,60,0,7699084,401148,18368,787748,1234520,787748,446772,14112,46148,0,0,0,0,41230184,11181212,34359738367,83972,0,78160,0,0,0,0,0,0,0,0,0,0,0,2048,0,1485584,27715584,38797312
1767050893.001064,1064,ubuntu-rog,1,0,0,65683160,42445300,55746640,736352,12526172,0,9780264,11231968,7767980,0,2012284,11231968,0,0,8388604,8388604,0,0,60,0,7750304,401148,18368,787748,1234520,787748,446772,14112,46248,0,0,0,0,41230184,11232432,34359738367,83972,0,78160,0,0,0,0,0,0,0,0,0,0,0,2048,0,1485584,27715584,38797312
1767050894.001206,1206,ubuntu-rog,1,0,0,65683160,42396932,55698276,736352,12526172,0,9831476,11231972,7819192,0,2012284,11231972,0,0,8388604,8388604,0,0,64,0,7801524,401148,18368,787748,1234520,787748,446772,14112,46348,0,0,0,0,41230184,11283652,34359738367,83972,0,78160,0,0,0,0,0,0,0,0,0,0,0,2048,0,1485584,27715584,38797312
1767050895.001559,1559,ubuntu-rog,1,0,0,65683160,42340112,55641468,736352,12526172,0,9883072,11231984,7870788,0,2012284,11231984,0,0,8388604,8388604,0,0,64,0,7853032,401148,18368,787748,1234520,787748,446772,14112,46488,0,0,0,0,41230184,11334872,34359738367,83972,0,78160,0,0,0,0,0,0,0,0,0,0,0,2048,0,1485584,27715584,38797312
1767050896.001074,1074,ubuntu-rog,1,0,0,65683160,42300164,55601520,736352,12526180,0,9923800,11231984,7911516,0,2012284,11231984,0,0,8388604,8388604,0,0,72,0,7893864,401148,18368,787748,1234520,787748,446772,14112,46548,0,0,0,0,41230184,11375848,34359738367,83972,0,78160,0,0,0,0,0,0,0,0,0,0,0,2048,0,1485584,27715584,38797312
1767050897.001201,1201,ubuntu-rog,1,0,0,65683160,42251780,55553136,736352,12526180,0,9974944,11231984,7962660,0,2012284,11231984,0,0,8388604,8388604,0,0,72,0,7944940,401148,18368,787748,1234520,787748,446772,14112,46628,0,0,0,0,41230184,11427068,34359738367,83972,0,78160,0,0,0,0,0,0,0,0,0,0,0,2048,0,1485584,27715584,38797312
1767050898.001217,1217,ubuntu-rog,1,0,0,65683160,42203024,55504380,736352,12526184,0,10026416,11231984,8014132,0,2012284,11231984,0,0,8388604,8388604,0,0,76,0,7996448,401148,18368,787748,1234520,787748,446772,14112,46768,0,0,0,0,41230184,11478288,34359738367,83972,0,78160,0,0,0,0,0,0,0,0,0,0,0,2048,0,1485584,27715584,38797312
1767050899.002056,2056,ubuntu-rog,1,0,0,65683160,42146932,55448288,736352,12526184,0,10077368,11231984,8065084,0,2012284,11231984,0,0,8388604,8388604,0,0,76,0,8047380,401148,18368,787748,1234520,787748,446772,14112,46828,0,0,0,0,41230184,11529508,34359738367,83972,0,78160,0,0,0,0,0,0,0,0,0,0,0,2048,0,1485584,27715584,38797312
1767050900.001179,1179,ubuntu-rog,1,0,0,65683160,42098564,55399932,736356,12526188,0,10128580,11231996,8116296,0,2012284,11231996,0,0,8388604,8388604,0,0,80,0,8098600,401148,18368,787748,1234520,787748,446772,14112,46928,0,0,0,0,41230184,11580728,34359738367,83972,0,78160,0,0,0,0,0,0,0,0,0,0,0,2048,0,1485584,27715584,38797312
1767050901.001287,1287,ubuntu-rog,1,0,0,65683160,42050180,55351548,736356,12526188,0,10179792,11231996,8167508,0,2012284,11231996,0,0,8388604,8388604,0,0,80,0,8149820,401148,18368,787748,1234520,787748,446772,14112,47028,0,0,0,0,41230184,11631948,34359738367,83972,0,78160,0,0,0,0,0,0,0,0,0,0,0,2048,0,1485584,27715584,38797312
1767050902.001064,1064,ubuntu-rog,1,0,0,65683160,42001796,55303168,736356,12526188,0,10221068,11232000,8208784,0,2012284,11232000,0,0,8388604,8388604,0,0,80,0,8191016,401148,18368,787748,1234520,787748,446772,14112,47124,0,0,0,0,41230184,11672924,34359738367,83972,0,78160,0,0,0,0,0,0,0,0,0,0,0,2048,0,1485584,27715584,38797312
1767050903.002181,2181,ubuntu-rog,1,0,0,65683160,41953396,55254776,736356,12526192,0,10272048,11232008,8259764,0,2012284,11232008,0,0,8388604,8388604,0,0,84,0,8242016,401148,18368,787748,1234520,787748,446772,14112,47208,0,0,0,0,41230184,11724144,34359738367,83972,0,78160,0,0,0,0,0,0,0,0,0,0,0,2048,0,1485584,27715584,38797312
1767050904.001475,1475,ubuntu-rog,1,0,0,65683160,41904656,55206040,736360,12526196,0,10323520,11232012,8311236,0,2012284,11232012,0,0,8388604,8388604,0,0,44,0,8293524,401148,18368,787748,1234520,787748,446772,14112,47348,0,0,0,0,41230184,11775364,34359738367,83972,0,78160,0,0,0,0,0,0,0,0,0,0,0,2048,0,1485584,27715584,38797312
1767050905.002059,2059,ubuntu-rog,1,0,0,65683160,41848564,55149948,736372,12526196,0,10374472,11232012,8362188,0,2012284,11232012,0,0,8388604,8388604,0,0,64,0,8344456,401148,18368,787748,1234520,787748,446772,14112,47408,0,0,0,0,41230184,11826584,34359738367,83972,0,78160,0,0,0,0,0,0,0,0,0,0,0,2048,0,1485584,27715584,38797312
1767050906.001192,1192,ubuntu-rog,1,0,0,65683160,41800180,55101564,736372,12526196,0,10425684,11232012,8413400,0,2012284,11232012,0,0,8388604,8388604,0,0,64,0,8395676,401148,18368,787748,1234520,787748,446772,14112,47512,0,0,0,0,41230184,11877804,34359738367,83972,0,78160,0,0,0,0,0,0,0,0,0,0,0,2048,0,1485584,27715584,38797312
1767050907.001284,1284,ubuntu-rog,1,0,0,65683160,41760884,55062268,736372,12526200,0,10466604,11232012,8454320,0,2012284,11232012,0,0,8388604,8388604,0,0,72,0,8436652,401148,18368,787748,1234520,787748,446772,14112,47592,0,0,0,0,41230184,11918780,34359738367,83972,0,78160,0,0,0,0,0,0,0,0,0,0,0,2048,0,1485584,27715584,38797312
1767050908.001083,1083,ubuntu-rog,1,0,0,65683160,41700788,55002176,736372,12526204,0,10518076,11232016,8505792,0,2012284,11232016,0,0,8388604,8388604,0,0,76,0,8488160,401148,18368,787748,1234520,787748,446772,14112,47732,0,0,0,0,41230184,11970000,34359738367,83972,0,78160,0,0,0,0,0,0,0,0,0,0,0,2048,0,1485584,27715584,38797312
1767050909.002178,2178,ubuntu-rog,1,0,0,65683160,41654736,54956124,736372,12526204,0,10568904,11232016,8556620,0,2012284,11232016,0,0,8388604,8388604,0,0,52,0,8539092,401148,18368,787748,1234520,787748,446772,14112,47792,0,0,0,0,41230184,12021220,34359738367,83972,0,78160,0,0,0,0,0,0,0,0,0,0,0,2048,0,1485584,27715584,38797312
1767050910.001485,1485,ubuntu-rog,1,0,0,65683160,41603516,54904916,736380,12526204,0,10620500,11232028,8608216,0,2012284,11232028,0,0,8388604,8388604,0,0,52,0,8590600,401148,18368,787748,1234520,787748,446772,14112,47932,0,0,0,0,41230184,12072440,34359738367,83972,0,78160,0,0,0,0,0,0,0,0,0,0,0,2048,0,1485584,27715584,38797312
1767050911.002060,2060,ubuntu-rog,1,0,0,65683160,41552632,54854032,736380,12526212,0,10671452,11232028,8659168,0,2012284,11232028,0,0,8388604,8388604,0,0,64,0,8641532,401148,18368,787748,1234520,787748,446772,14112,47992,0,0,0,0,41230184,12123660,34359738367,83972,0,78160,0,0,0,0,0,0,0,0,0,0,0,2048,0,1485584,27715584,38797312
1767050912.001191,1191,ubuntu-rog,1,0,0,65683160,41510080,54811492,736380,12526212,0,10712372,11232040,8700088,0,2012284,11232040,0,0,8388604,8388604,0,0,64,0,8682508,401148,18368,787748,1234520,787748,446772,14112,48072,0,0,0,0,41230184,12164636,34359738367,83972,0,78160,0,0,0,0,0,0,0,0,0,0,0,2048,0,1485584,27715584,38797312
1767050913.001216,1216,ubuntu-rog,1,0,0,65683160,41454332,54755744,736380,12526212,0,10763844,11232040,8751560,0,2012284,11232040,0,0,8388604,8388604,0,0,64,0,8734016,401148,18368,787748,1234520,787748,446772,14112,48212,0,0,0,0,41230184,12215856,34359738367,83972,0,78160,0,0,0,0,0,0,0,0,0,0,0,2048,0,1485584,27715584,38797312
1767050914.002059,2059,ubuntu-rog,1,0,0,65683160,41407144,54708556,736380,12526212,0,10814988,11232040,8802704,0,2012284,11232040,0,0,8388604,8388604,0,0,64,0,8785092,401148,18368,787748,1234520,787748,446772,14112,48292,0,0,0,0,41230184,12267076,34359738367,83972,0,78160,0,0,0,0,0,0,0,0,0,0,0,2048,0,1485584,27715584,38797312
1767050915.001190,1190,ubuntu-rog,1,0,0,65683160,41355908,54657320,736380,12526216,0,10866008,11232040,8853724,0,2012284,11232040,0,0,8388604,8388604,0,0,52,0,8836168,401148,18368,787748,1234520,787748,446772,14112,48372,0,0,0,0,41230184,12318296,34359738367,83972,0,78160,0,0,0,0,0,0,0,0,0,0,0,2048,0,1485584,27715584,38797312
1767050916.001287,1287,ubuntu-rog,1,0,0,65683160,41307732,54609148,736384,12526216,0,10917220,11232044,8904936,0,2012284,11232044,0,0,8388604,8388604,0,0,64,0,8887388,401148,18368,787748,1234520,787748,446772,14112,48472,0,0,0,0,41230184,12369516,34359738367,83972,0,78160,0,0,0,0,0,0,0,0,0,0,0,2048,0,1485584,27715584,38797312
1767050917.001365,1365,ubuntu-rog,1,0,0,65683160,41263316,54564732,736384,12526220,0,10958524,11232044,8946240,0,2012284,11232044,0,0,8388604,8388604,0,0,68,0,8928652,401148,18368,787748,1234520,787748,446772,14128,48592,0,0,0,0,41230184,12410492,34359738367,84004,0,78160,0,0,0,0,0,0,0,0,0,0,0,2048,0,1485584,27715584,38797312
1767050918.002182,2182,ubuntu-rog,1,0,0,65683160,41212044,54513460,736384,12526224,0,11009476,11232044,8997192,0,2012284,11232044,0,0,8388604,8388604,0,0,72,0,8979584,401148,18368,787748,1234520,787748,446772,14112,48652,0,0,0,0,41230184,12461712,34359738367,83988,0,78160,0,0,0,0,0,0,0,0,0,0,0,2048,0,1485584,27715584,38797312
1767050919.001275,1275,ubuntu-rog,1,0,0,65683160,41164676,54466092,736384,12526224,0,11060688,11232044,9048404,0,2012284,11232044,0,0,8388604,8388604,0,0,72,0,9030804,401148,18368,787748,1234520,787748,446772,14112,48752,0,0,0,0,41230184,12512932,34359738367,83988,0,78160,0,0,0,0,0,0,0,0,0,0,0,2048,0,1485584,27715584,38797312
1767050920.001065,1065,ubuntu-rog,1,0,0,65683160,41113276,54414700,736384,12526224,0,11111900,11232052,9099616,0,2012284,11232052,0,0,8388604,8388604,0,0,32,0,9082024,401148,18368,787748,1234520,787748,446772,14112,48852,0,0,0,0,41230184,12564152,34359738367,83988,0,78160,0,0,0,0,0,0,0,0,0,0,0,2048,0,1485584,27715584,38797312
1767050921.001191,1191,ubuntu-rog,1,0,0,65683160,41061868,54363292,736384,12526228,0,11163112,11232052,9150828,0,2012284,11232052,0,0,8388604,8388604,0,0,44,0,9133244,401148,18368,787748,1234520,787748,446772,14112,48952,0,0,0,0,41230184,12615372,34359738367,83988,0,78160,0,0,0,0,0,0,0,0,0,0,0,2048,0,1485584,27715584,38797312
1767050922.002284,2284,ubuntu-rog,1,0,0,65683160,41005612,54307036,736384,12526232,0,11214324,11232052,9202040,0,2012284,11232052,0,0,8388604,8388604,0,0,48,0,9184464,401148,18368,787748,1234520,787748,446772,14112,49052,0,0,0,0,41230184,12666592,34359738367,83988,0,78160,0,0,0,0,0,0,0,0,0,0,0,2048,0,1485584,27715584,38797312
1767050923.001048,1048,ubuntu-rog,1,0,0,65683160,40969852,54271276,736384,12526236,0,11255504,11232052,9243220,0,2012284,11232052,0,0,8388604,8388604,0,0,52,0,9225584,401148,18368,787748,1234520,787748,446772,14112,49152,0,0,0,0,41230184,12707568,34359738367,83988,0,78160,0,0,0,0,0,0,0,0,0,0,0,2048,0,1485584,27715584,38797312
1767050924.001191,1191,ubuntu-rog,1,0,0,65683160,40919904,54221328,736384,12526236,0,11306524,11232052,9294240,0,2012284,11232052,0,0,8388604,8388604,0,0,52,0,9276660,401148,18368,787748,1234520,787748,446772,14112,49232,0,0,0,0,41230184,12758788,34359738367,83988,0,78160,0,0,0,0,0,0,0,0,0,0,0,2048,0,1485584,27715584,38797312
1767050925.001288,1288,ubuntu-rog,1,0,0,65683160,40868556,54169980,736384,12526236,0,11357736,11232052,9345452,0,2012284,11232052,0,0,8388604,8388604,0,0,52,0,9327880,401148,18368,787748,1234520,787748,446772,14112,49332,0,0,0,0,41230184,12810008,34359738367,83988,0,78160,0,0,0,0,0,0,0,0,0,0,0,2048,0,1485584,27715584,38797312
1767050926.001044,1044,ubuntu-rog,1,0,0,65683160,40813928,54115356,736384,12526240,0,11409208,11232056,9396924,0,2012284,11232056,0,0,8388604,8388604,0,0,60,0,9379388,401148,18368,787748,1234520,787748,446772,14112,49472,0,0,0,0,41230184,12861228,34359738367,83988,0,78160,0,0,0,0,0,0,0,0,0,0,0,2048,0,1485584,27715584,38797312
1767050927.003184,3184,ubuntu-rog,1,0,0,65683160,40762884,54064312,736384,12526240,0,11460160,11232056,9447876,0,2012284,11232056,0,0,8388604,8388604,0,0,60,0,9430320,401148,18368,787748,1234520,787748,446772,14112,49532,0,0,0,0,41230184,12912448,34359738367,83988,0,78160,0,0,0,0,0,0,0,0,0,0,0,2048,0,1485584,27715584,38797312
1767050928.001268,1268,ubuntu-rog,1,0,0,65683160,40722068,54023496,736384,12526240,0,11501204,11232056,9488920,0,2012284,11232056,0,0,8388604,8388604,0,0,60,0,9471296,401148,18368,787748,1234520,787748,446772,14112,49616,0,0,0,0,41230184,12953424,34359738367,83988,0,78160,0,0,0,0,0,0,0,0,0,0,0,2048,0,1485584,27715584,38797312
1767050929.001063,1063,ubuntu-rog,1,0,0,65683160,40670464,53971896,736384,12526244,0,11552484,11232060,9540200,0,2012284,11232060,0,0,8388604,8388604,0,0,64,0,9522660,401148,18368,787748,1234520,787748,446772,14112,49736,0,0,0,0,41230184,13004644,34359738367,83988,0,78160,0,0,0,0,0,0,0,0,0,0,0,2048,0,1485584,27715584,38797312
1767050930.001208,1208,ubuntu-rog,1,0,0,65683160,40619244,53920676,736384,12526248,0,11603628,11232060,9591344,0,2012284,11232060,0,0,8388604,8388604,0,0,68,0,9573736,401148,18368,787748,1234520,787748,446772,14112,49816,0,0,0,0,41230184,13055864,34359738367,83988,0,78160,0,0,0,0,0,0,0,0,0,0,0,2048,0,1485584,27715584,38797312
1767050931.001300,1300,ubuntu-rog,1,0,0,65683160,40567836,53869268,736384,12526248,0,11654840,11232060,9642556,0,2012284,11232060,0,0,8388604,8388604,0,0,68,0,9624956,401148,18368,787748,1234520,787748,446772,14112,49916,0,0,0,0,41230184,13107084,34359738367,83988,0,78160,0,0,0,0,0,0,0,0,0,0,0,2048,0,1485584,27715584,38797312
1767050932.001151,1151,ubuntu-rog,1,0,0,65683160,40520100,53821532,736384,12526248,0,11706312,11232060,9694028,0,2012284,11232060,0,0,8388604,8388604,0,0,68,0,9676464,401148,18368,787748,1234520,787748,446772,14112,50056,0,0,0,0,41230184,13158304,34359738367,83988,0,78160,0,0,0,0,0,0,0,0,0,0,0,2048,0,1485584,27715584,38797312
1767050933.002187,2187,ubuntu-rog,1,0,0,65683160,40475300,53776732,736392,12526256,0,11746972,11232060,9734688,0,2012284,11232060,0,0,8388604,8388604,0,0,76,0,9717152,401148,18368,787748,1234520,787748,446772,14112,50096,0,0,0,0,41230184,13199280,34359738367,83988,0,78160,0,0,0,0,0,0,0,0,0,0,0,2048,0,1485584,27715584,38797312
1767050934.001290,1290,ubuntu-rog,1,0,0,65683160,40429448,53730880,736392,12526256,0,11798184,11232060,9785900,0,2012284,11232060,0,0,8388604,8388604,0,0,76,0,9768372,401148,18368,787748,1234520,787748,446772,14112,50196,0,0,0,0,41230184,13250500,34359738367,83988,0,78160,0,0,0,0,0,0,0,0,0,0,0,2048,0,1485584,27715584,38797312
1767050935.001061,1061,ubuntu-rog,1,0,0,65683160,40375304,53676740,736396,12526256,0,11849396,11232064,9837112,0,2012284,11232064,0,0,8388604,8388604,0,0,40,0,9819592,401148,18368,787748,1234520,787748,446772,14112,50296,0,0,0,0,41230184,13301720,34359738367,83988,0,78160,0,0,0,0,0,0,0,0,0,0,0,2048,0,1485584,27715584,38797312
1767050936.001411,1411,ubuntu-rog,1,0,0,65683160,40324356,53625804,736396,12526260,0,11900992,11232076,9888708,0,2012284,11232076,0,0,8388604,8388604,0,0,44,0,9871100,401148,18368,787748,1234520,787748,446772,14112,50436,0,0,0,0,41230184,13352940,34359738367,83988,0,78160,0,0,0,0,0,0,0,0,0,0,0,2048,0,1485584,27715584,38797312
1767050937.002276,2276,ubuntu-rog,1,0,0,65683160,40273308,53574756,736396,12526264,0,11951944,11232076,9939660,0,2012284,11232076,0,0,8388604,8388604,0,0,52,0,9922032,401148,18368,787748,1234520,787748,446772,14112,50496,0,0,0,0,41230184,13404160,34359738367,83988,0,78160,0,0,0,0,0,0,0,0,0,0,0,2048,0,1485584,27715584,38797312
1767050938.001061,1061,ubuntu-rog,1,0,0,65683160,40238116,53539564,736400,12526260,0,11993008,11232076,9980724,0,2012284,11232076,0,0,8388604,8388604,0,0,52,0,9963144,401148,18368,787748,1234520,787748,446772,14112,50588,0,0,0,0,41230184,13445136,34359738367,83988,0,78160,0,0,0,0,0,0,0,0,0,0,0,2048,0,1485584,27715584,38797312
1767050939.001196,1196,ubuntu-rog,1,0,0,65683160,40182300,53483748,736400,12526264,0,12044076,11232076,10031792,0,2012284,11232076,0,0,8388604,8388604,0,0,68,0,10014228,401148,18368,787748,1234520,787748,446772,14112,50676,0,0,0,0,41230184,13496356,34359738367,83988,0,78160,0,0,0,0,0,0,0,0,0,0,0,2048,0,1485584,27715584,38797312
1767050940.001274,1274,ubuntu-rog,1,0,0,65683160,40130884,53432336,736400,12526268,0,12095340,11232080,10083056,0,2012284,11232080,0,0,8388604,8388604,0,0,48,0,10065448,401148,18368,787748,1234520,787748,446772,14112,50776,0,0,0,0,41230184,13547576,34359738367,83988,0,78160,0,0,0,0,0,0,0,0,0,0,0,2048,0,1485584,27715584,38797312
1767050941.001053,1053,ubuntu-rog,1,0,0,65683160,40083148,53384600,736400,12526268,0,12146812,11232080,10134528,0,2012284,11232080,0,0,8388604,8388604,0,0,48,0,10116956,401148,18368,787748,1234520,787748,446772,14112,50916,0,0,0,0,41230184,13598796,34359738367,83988,0,78160,0,0,0,0,0,0,0,0,0,0,0,2048,0,1485584,27715584,38797312
1767050942.002190,2190,ubuntu-rog,1,0,0,65683160,40031928,53333392,736400,12526272,0,12197956,11232092,10185672,0,2012284,11232092,0,0,8388604,8388604,0,0,56,0,10168032,401148,18368,787748,1234520,787748,446772,14112,50996,0,0,0,0,41230184,13650016,34359738367,83988,0,78160,0,0,0,0,0,0,0,0,0,0,0,2048,0,1485584,27715584,38797312
1767050943.001287,1287,ubuntu-rog,1,0,0,65683160,39987748,53289212,736400,12526272,0,12238808,11232092,10226524,0,2012284,11232092,0,0,8388604,8388604,0,0,56,0,10208864,401148,18368,787748,1234520,787748,446772,14112,51056,0,0,0,0,41230184,13690992,34359738367,83988,0,78160,0,0,0,0,0,0,0,0,0,0,0,2048,0,1485584,27715584,38797312
1767050944.001068,1068,ubuntu-rog,1,0,0,65683160,39937348,53238824,736404,12526272,0,12290020,11232104,10277736,0,2012284,11232104,0,0,8388604,8388604,0,0,60,0,10260084,401148,18368,787748,1234520,787748,446772,14112,51156,0,0,0,0,41230184,13742212,34359738367,83988,0,78160,0,0,0,0,0,0,0,0,0,0,0,2048,0,1485584,27715584,38797312
1767050945.001104,1104,ubuntu-rog,1,0,0,65683160,39885580,53187056,736404,12526276,0,12341492,11232104,10329208,0,2012284,11232104,0,0,8388604,8388604,0,0,60,0,10311592,401148,18368,787748,1234520,787748,446772,14112,51296,0,0,0,0,41230184,13793432,34359738367,83988,0,78160,0,0,0,0,0,0,0,0,0,0,0,2048,0,1485584,27715584,38797312
1767050946.002277,2277,ubuntu-rog,1,0,0,65683160,39834532,53136012,736404,12526280,0,12392444,11232108,10380160,0,2012284,11232108,0,0,8388604,8388604,0,0,64,0,10362524,401148,18368,787748,1234520,787748,446772,14112,51356,0,0,0,0,41230184,13844652,34359738367,83988,0,78160,0,0,0,0,0,0,0,0,0,0,0,2048,0,1485584,27715584,38797312
1767050947.001060,1060,ubuntu-rog,1,0,0,65683160,39787164,53088644,736404,12526280,0,12443656,11232108,10431372,0,2012284,11232108,0,0,8388604,8388604,0,0,64,0,10413744,401148,18368,787748,1234520,787748,446772,14112,51456,0,0,0,0,41230184,13895872,34359738367,83988,0,78160,0,0,0,0,0,0,0,0,0,0,0,2048,0,1485584,27715584,38797312
1767050948.001194,1194,ubuntu-rog,1,0,0,65683160,39735748,53037232,736404,12526284,0,12494752,11232112,10482468,0,2012284,11232112,0,0,8388604,8388604,0,0,68,0,10465184,401148,18368,787748,1234520,787748,446772,14112,51552,0,0,0,0,41230184,13947092,34359738367,83988,0,78160,0,0,0,0,0,0,0,0,0,0,0,2048,0,1485584,27715584,38797312
1767050949.001289,1289,ubuntu-rog,1,0,0,65683160,39688164,52989660,736408,12526284,0,12536024,11232124,10523740,0,2012284,11232124,0,0,8388604,8388604,0,0,72,0,10505940,401148,18368,787748,1234520,787748,446772,14112,51640,0,0,0,0,41230184,13988068,34359738367,83988,0,78160,0,0,0,0,0,0,0,0,0,0,0,2048,0,1485584,27715584,38797312
1767050950.002060,2060,ubuntu-rog,1,0,0,65683160,39636964,52938464,736408,12526288,0,12587236,11232128,10574952,0,2012284,11232128,0,0,8388604,8388604,0,0,72,0,10557160,401148,18368,787748,1234520,787748,446772,14112,51740,0,0,0,0,41230184,14039288,34359738367,83988,0,78160,0,0,0,0,0,0,0,0,0,0,0,2048,0,1485584,27715584,38797312
1767050951.001459,1459,ubuntu-rog,1,0,0,65683160,39585368,52886868,736408,12526292,0,12638532,11232128,10626248,0,2012284,11232128,0,0,8388604,8388604,0,0,76,0,10608524,401148,18368,787748,1234520,787748,446772,14112,51860,0,0,0,0,41230184,14090508,34359738367,83988,0,78160,0,0,0,0,0,0,0,0,0,0,0,2048,0,1485584,27715584,38797312
1767050952.002287,2287,ubuntu-rog,1,0,0,65683160,39534148,52835648,736408,12526292,0,12689676,11232128,10677392,0,2012284,11232128,0,0,8388604,8388604,0,0,52,0,10659600,401148,18368,787748,1234520,787748,446772,14112,51940,0,0,0,0,41230184,14141728,34359738367,83988,0,78160,0,0,0,0,0,0,0,0,0,0,0,2048,0,1485584,27715584,38797312
1767050953.001062,1062,ubuntu-rog,1,0,0,65683160,39482508,52784008,736408,12526292,0,12741100,11232128,10728816,0,2012284,11232128,0,0,8388604,8388604,0,0,52,0,10711080,401148,18368,787748,1234520,787748,446772,14112,52020,0,0,0,0,41230184,14192948,34359738367,83988,0,78160,0,0,0,0,0,0,0,0,0,0,0,2048,0,1485584,27715584,38797312
1767050954.001467,1467,ubuntu-rog,1,0,0,65683160,39439188,52740688,736408,12526292,0,12781808,11232128,10769524,0,2012284,11232128,0,0,8388604,8388604,0,0,52,0,10751796,401148,18368,787748,1234520,787748,446772,14112,52120,0,0,0,0,41230184,14233924,34359738367,83988,0,78160,0,0,0,0,0,0,0,0,0,0,0,2048,0,1485584,27715584,38797312
1767050955.002282,2282,ubuntu-rog,1,0,0,65683160,39390240,52691740,736412,12526300,0,12833460,11232128,10821176,0,2012284,11232128,0,0,8388604,8388604,0,0,60,0,10803324,401148,18368,787748,1234520,787748,446772,14112,52240,0,0,0,0,41230184,14285296,34359738367,83988,0,78160,0,0,0,0,0,0,0,0,0,0,0,2048,0,1485584,27715584,38797312
1767050956.001061,1061,ubuntu-rog,1,0,0,65683160,39339204,52640708,736412,12526300,0,12884480,11232132,10872196,0,2012284,11232132,0,0,8388604,8388604,0,0,60,0,10854400,401148,18368,787748,1234520,787748,446772,14112,52320,0,0,0,0,41230184,14336516,34359738367,83988,0,78160,0,0,0,0,0,0,0,0,0,0,0,2048,0,1485584,27715584,38797312
1767050957.001190,1190,ubuntu-rog,1,0,0,65683160,39284888,52586392,736412,12526300,0,12935884,11232132,10923600,0,2012284,11232132,0,0,8388604,8388604,0,0,60,0,10905764,401148,18368,787748,1234520,787748,446772,14112,52440,0,0,0,0,41230184,14387736,34359738367,83988,0,78160,0,0,0,0,0,0,0,0,0,0,0,2048,0,1485584,27715584,38797312
1767050958.001293,1293,ubuntu-rog,1,0,0,65683160,39233860,52535364,736412,12526304,0,12987068,11232132,10974784,0,2012284,11232132,0,0,8388604,8388604,0,0,68,0,10956956,401148,18368,787748,1234520,787748,446772,14112,52516,0,0,0,0,41230184,14438956,34359738367,83988,0,78160,0,0,0,0,0,0,0,0,0,0,0,2048,0,1485584,27715584,38797312
1767050959.002061,2061,ubuntu-rog,1,0,0,65683160,39198596,52500100,736412,12526308,0,13027948,11232132,11015664,0,2012284,11232132,0,0,8388604,8388604,0,0,72,0,10997816,401148,18368,787748,1234520,787748,446772,14112,52600,0,0,0,0,41230184,14479932,34359738367,83988,0,78160,0,0,0,0,0,0,0,0,0,0,0,2048,0,1485584,27715584,38797312
1767050960.001399,1399,ubuntu-rog,1,0,0,65683160,39144152,52445656,736416,12526304,0,13079420,11232132,11067136,0,2012284,11232132,0,0,8388604,8388604,0,0,72,0,11049324,401148,18368,787748,1234520,787748,446772,14112,52740,0,0,0,0,41230184,14531152,34359738367,83988,0,78160,0,0,0,0,0,0,0,0,0,0,0,2048,0,1485584,27715584,38797312
1767050961.002288,2288,ubuntu-rog,1,0,0,65683160,39093252,52394756,736416,12526308,0,13130372,11232132,11118088,0,2012284,11232132,0,0,8388604,8388604,0,0,72,0,11100256,401148,18368,787748,1234520,787748,446772,14112,52800,0,0,0,0,41230184,14582372,34359738367,83988,0,78160,0,0,0,0,0,0,0,0,0,0,0,2048,0,1485584,27715584,38797312
1767050962.001064,1064,ubuntu-rog,1,0,0,65683160,39041844,52343352,736416,12526312,0,13181584,11232136,11169300,0,2012284,11232136,0,0,8388604,8388604,0,0,76,0,11151476,401148,18368,787748,1234520,787748,446772,14112,52900,0,0,0,0,41230184,14633592,34359738367,83988,0,78160,0,0,0,0,0,0,0,0,0,0,0,2048,0,1485584,27715584,38797312
1767050963.001190,1190,ubuntu-rog,1,0,0,65683160,38990832,52292340,736416,12526316,0,13232728,11232136,11220444,0,2012284,11232136,0,0,8388604,8388604,0,0,80,0,11202956,401148,18368,787748,1234520,787748,446772,14112,52980,0,0,0,0,41230184,14684812,34359738367,83988,0,78160,0,0,0,0,0,0,0,0,0,0,0,2048,0,1485584,27715584,38797312
1767050964.001491,1491,ubuntu-rog,1,0,0,65683160,38939276,52240792,736416,12526316,0,13284392,11232144,11272108,0,2012284,11232144,0,0,8388604,8388604,0,0,80,0,11254204,401148,18368,787748,1234520,787748,446772,14112,53140,0,0,0,0,41230184,14736032,34359738367,83988,0,78160,0,0,0,0,0,0,0,0,0,0,0,2048,0,1485584,27715584,38797312
1767050965.002056,2056,ubuntu-rog,1,0,0,65683160,38901044,52202560,736424,12526308,0,13325036,11232144,11312752,0,2012284,11232144,0,0,8388604,8388604,0,0,80,0,11294896,401148,18368,787748,1234520,787748,446772,14112,53180,0,0,0,0,41230184,14777008,34359738367,83988,0,78160,0,0,0,0,0,0,0,0,0,0,0,2048,0,1485584,27715584,38797312
1767050966.001184,1184,ubuntu-rog,1,0,0,65683160,38850080,52151644,736424,12526320,0,13376324,11232192,11364040,0,2012284,11232192,0,0,8388604,8388604,0,0,56,0,11346116,401148,18368,787748,1234520,787748,446772,14112,53280,0,0,0,0,41230184,14828228,34359738367,83988,0,78160,0,0,0,0,0,0,0,0,0,0,0,2048,0,1485584,27715584,38797312
1767050967.001291,1291,ubuntu-rog,1,0,0,65683160,38798924,52100488,736424,12526320,0,13427536,11232192,11415252,0,2012284,11232192,0,0,8388604,8388604,0,0,56,0,11397336,401148,18368,787748,1234520,787748,446772,14112,53380,0,0,0,0,41230184,14879448,34359738367,83988,0,78160,0,0,0,0,0,0,0,0,0,0,0,2048,0,1485584,27715584,38797312
1767050968.001065,1065,ubuntu-rog,1,0,0,65683160,38747760,52049328,736424,12526324,0,13478912,11232196,11466628,0,2012284,11232196,0,0,8388604,8388604,0,0,60,0,11448744,401148,18368,787748,1234520,787748,446772,14112,53476,0,0,0,0,41230184,14930668,34359738367,83988,0,78160,0,0,0,0,0,0,0,0,0,0,0,2048,0,1485584,27715584,38797312
1767050969.001132,1132,ubuntu-rog,1,0,0,65683160,38696492,51998060,736424,12526324,0,13530152,11232196,11517868,0,2012284,11232196,0,0,8388604,8388604,0,0,60,0,11499920,401148,18368,787748,1234520,787748,446772,14128,53600,0,0,0,0,41230184,14981888,34359738367,83988,0,78160,0,0,0,0,0,0,0,0,0,0,0,2048,0,1485584,27715584,38797312
1767050970.002734,2734,ubuntu-rog,1,0,0,65683160,38648972,51950548,736428,12526328,0,13571256,11232204,11558972,0,2012284,11232204,0,0,8388604,8388604,0,0,68,0,11541040,401148,18368,787748,1234520,787748,446772,14128,53704,0,0,0,0,41230184,15022864,34359738367,83988,0,78160,0,0,0,0,0,0,0,0,0,0,0,2048,0,1485584,27715584,38797312
1767050971.001060,1060,ubuntu-rog,1,0,0,65683160,38598072,51899652,736428,12526332,0,13622208,11232208,11609924,0,2012284,11232208,0,0,8388604,8388604,0,0,52,0,11591972,401148,18368,787748,1234520,787748,446772,14128,53764,0,0,0,0,41230184,15074084,34359738367,83988,0,78160,0,0,0,0,0,0,0,0,0,0,0,2048,0,1485584,27715584,38797312
1767050972.002185,2185,ubuntu-rog,1,0,0,65683160,38547724,51849304,736428,12526332,0,13673420,11232208,11661136,0,2012284,11232208,0,0,8388604,8388604,0,0,52,0,11643192,401148,18368,787748,1234520,787748,446772,14128,53864,0,0,0,0,41230184,15125304,34359738367,83988,0,78160,0,0,0,0,0,0,0,0,0,0,0,2048,0,1485584,27715584,38797312
1767050973.001181,1181,ubuntu-rog,1,0,0,65683160,38499536,51801116,736428,12526332,0,13724892,11232208,11712608,0,2012284,11232208,0,0,8388604,8388604,0,0,52,0,11694700,401148,18368,787748,1234520,787748,446772,14128,54004,0,0,0,0,41230184,15176524,34359738367,83988,0,78160,0,0,0,0,0,0,0,0,0,0,0,2048,0,1485584,27715584,38797312
1767050974.002058,2058,ubuntu-rog,1,0,0,65683160,38443624,51745208,736428,12526340,0,13775740,11232212,11763456,0,2012284,11232212,0,0,8388604,8388604,0,0,64,0,11745584,401148,18368,787748,1234520,787748,446772,14128,54052,0,0,0,0,41230184,15227744,34359738367,83988,0,78160,0,0,0,0,0,0,0,0,0,0,0,2048,0,1485584,27715584,38797312
1767050975.001208,1208,ubuntu-rog,1,0,0,65683160,38403128,51704712,736428,12526340,0,13816764,11232212,11804480,0,2012284,11232212,0,0,8388604,8388604,0,0,64,0,11786612,401148,18368,787748,1234520,787748,446772,14128,54144,0,0,0,0,41230184,15268720,34359738367,83988,0,78160,0,0,0,0,0,0,0,0,0,0,0,2048,0,1485584,27715584,38797312
1767050976.001293,1293,ubuntu-rog,1,0,0,65683160,38352520,51654104,736436,12526332,0,13867976,11232212,11855692,0,2012284,11232212,0,0,8388604,8388604,0,0,64,0,11837832,401148,18368,787748,1234520,787748,446772,14128,54244,0,0,0,0,41230184,15319940,34359738367,83988,0,78160,0,0,0,0,0,0,0,0,0,0,0,2048,0,1485584,27715584,38797312
1767050977.001063,1063,ubuntu-rog,1,0,0,65683160,38301320,51602904,736436,12526344,0,13919312,11232212,11907028,0,2012284,11232212,0,0,8388604,8388604,0,0,80,0,11889052,401148,18368,787748,1234520,787748,446772,14128,54344,0,0,0,0,41230184,15371160,34359738367,83988,0,78160,0,0,0,0,0,0,0,0,0,0,0,2048,0,1485584,27715584,38797312
1767050978.002186,2186,ubuntu-rog,1,0,0,65683160,38256176,51557764,736436,12526344,0,13970524,11232216,11958240,0,2012284,11232216,0,0,8388604,8388604,0,0,80,0,11940272,401148,18368,787748,1234520,787748,446772,14128,54448,0,0,0,0,41230184,15422380,34359738367,83988,0,78160,0,0,0,0,0,0,0,0,0,0,0,2048,0,1485584,27715584,38797312
1767050979.001759,1759,ubuntu-rog,1,0,0,65683160,38200080,51501724,736480,12526344,0,14021804,11232268,12009520,0,2012284,11232268,0,0,8388604,8388604,0,0,140,0,11991636,401148,18368,787752,1234524,787752,446772,14128,54568,0,0,0,0,41230184,15473600,34359738367,83988,0,78160,0,0,0,0,0,0,0,0,0,0,0,2048,0,1485584,27715584,38797312
1767050980.002059,2059,ubuntu-rog,1,0,0,65683160,38163996,51465640,736480,12526344,0,14062656,11232268,12050372,0,2012284,11232268,0,0,8388604,8388604,0,0,140,0,12032468,401148,18368,787752,1234524,787752,446772,14128,54628,0,0,0,0,41230184,15514576,34359738367,83988,0,78160,0,0,0,0,0,0,0,0,0,0,0,2048,0,1485584,27715584,38797312
1767050981.001189,1189,ubuntu-rog,1,0,0,65683160,38106732,51408376,736480,12526352,0,14113868,11232268,12101584,0,2012284,11232268,0,0,8388604,8388604,0,0,148,0,12083688,401148,18368,787752,1234524,787752,446772,14128,54728,0,0,0,0,41230184,15565796,34359738367,83988,0,78160,0,0,0,0,0,0,0,0,0,0,0,2048,0,1485584,27715584,38797312
1767050982.001290,1290,ubuntu-rog,1,0,0,65683160,38059652,51361304,736480,12526352,0,14165080,11232276,12152796,0,2012284,11232276,0,0,8388604,8388604,0,0,148,0,12134908,401148,18368,787752,1234524,787752,446772,14128,54828,0,0,0,0,41230184,15617016,34359738367,83988,0,78160,0,0,0,0,0,0,0,0,0,0,0,2048,0,1485584,27715584,38797312
1767050983.001061,1061,ubuntu-rog,1,0,0,65683160,38012556,51314212,736480,12526356,0,14216420,11232280,12204136,0,2012284,11232280,0,0,8388604,8388604,0,0,152,0,12186272,401148,18368,787752,1234524,787752,446772,14128,54948,0,0,0,0,41230184,15668236,34359738367,83988,0,78160,0,0,0,0,0,0,0,0,0,0,0,2048,0,1485584,27715584,38797312
1767050984.002183,2183,ubuntu-rog,1,0,0,65683160,37956076,51257732,736484,12526352,0,14267564,11232280,12255280,0,2012284,11232280,0,0,8388604,8388604,0,0,152,0,12237348,401148,18368,787752,1234524,787752,446772,14112,55028,0,0,0,0,41230184,15719456,34359738367,83972,0,78160,0,0,0,0,0,0,0,0,0,0,0,2048,0,1485584,27715584,38797312
1767050985.001253,1253,ubuntu-rog,1,0,0,65683160,37915652,51217316,736484,12526360,0,14308744,11232284,12296460,0,2012284,11232284,0,0,8388604,8388604,0,0,168,0,12278624,401148,18368,787756,1234528,787756,446772,14112,55148,0,0,0,0,41230184,15770676,34359738367,83972,0,78160,0,0,0,0,0,0,0,0,0,0,0,2048,0,1485584,27715584,38797312
1767050986.001061,1061,ubuntu-rog,1,0,0,65683160,37859560,51161228,736484,12526360,0,14359696,11232288,12347412,0,2012284,11232288,0,0,8388604,8388604,0,0,56,0,12329556,401148,18368,787756,1234528,787756,446772,14112,55208,0,0,0,0,41230184,15811652,34359738367,83972,0,78160,0,0,0,0,0,0,0,0,0,0,0,2048,0,1485584,27715584,38797312
1767050987.001192,1192,ubuntu-rog,1,0,0,65683160,37811176,51112844,736484,12526364,0,14410908,11232288,12398624,0,2012284,11232288,0,0,8388604,8388604,0,0,60,0,12380776,401148,18368,787756,1234528,787756,446772,14112,55308,0,0,0,0,41230184,15862872,34359738367,83972,0,78160,0,0,0,0,0,0,0,0,0,0,0,2048,0,1485584,27715584,38797312
1767050988.001461,1461,ubuntu-rog,1,0,0,65683160,37762436,51064108,736484,12526368,0,14462564,11232292,12450280,0,2012284,11232292,0,0,8388604,8388604,0,0,64,0,12432288,401148,18368,787756,1234528,787756,446772,14112,55448,0,0,0,0,41230184,15914092,34359738367,83972,0,78160,0,0,0,0,0,0,0,0,0,0,0,2048,0,1485584,27715584,38797312
1767050989.002059,2059,ubuntu-rog,1,0,0,65683160,37706344,51008016,736488,12526364,0,14513392,11232292,12501108,0,2012284,11232292,0,0,8388604,8388604,0,0,64,0,12483220,401148,18368,787756,1234528,787756,446772,14112,55508,0,0,0,0,41230184,15965312,34359738367,83972,0,78160,0,0,0,0,0,0,0,0,0,0,0,2048,0,1485584,27715584,38797312
1767050990.001190,1190,ubuntu-rog,1,0,0,65683160,37666024,50967700,736488,12526368,0,14554436,11232296,12542152,0,2012284,11232296,0,0,8388604,8388604,0,0,68,0,12524196,401148,18368,787756,1234528,787756,446772,14112,55588,0,0,0,0,41230184,16016532,34359738367,83972,0,78160,0,0,0,0,0,0,0,0,0,0,0,2048,0,1485584,27715584,38797312
1767050991.001290,1290,ubuntu-rog,1,0,0,65683160,37617640,50919316,736488,12526368,0,14605620,11232296,12593336,0,2012284,11232296,0,0,8388604,8388604,0,0,52,0,12575416,401148,18368,787756,1234528,787756,446772,14112,55688,0,0,0,0,41230184,16057508,34359738367,83972,0,78160,0,0,0,0,0,0,0,0,0,0,0,2048,0,1485584,27715584,38797312
1767050992.001344,1344,ubuntu-rog,1,0,0,65683160,37568900,50870576,736488,12526372,0,14657092,11232296,12644808,0,2012284,11232296,0,0,8388604,8388604,0,0,56,0,12626924,401148,18368,787756,1234528,787756,446772,14112,55832,0,0,0,0,41230184,16108728,34359738367,83972,0,78160,0,0,0,0,0,0,0,0,0,0,0,2048,0,1485584,27715584,38797312
1767050993.002185,2185,ubuntu-rog,1,0,0,65683160,37512808,50814484,736488,12526376,0,14708044,11232296,12695760,0,2012284,11232296,0,0,8388604,8388604,0,0,60,0,12677856,401148,18368,787756,1234528,787756,446772,14112,55892,0,0,0,0,41230184,16159948,34359738367,83972,0,78160,0,0,0,0,0,0,0,0,0,0,0,2048,0,1485584,27715584,38797312
1767050994.001278,1278,ubuntu-rog,1,0,0,65683160,37464408,50766092,736488,12526376,0,14759592,11232304,12747308,0,2012284,11232304,0,0,8388604,8388604,0,0,60,0,12729336,401148,18368,787756,1234528,787756,446772,14112,55972,0,0,0,0,41230184,16211168,34359738367,83972,0,78160,0,0,0,0,0,0,0,0,0,0,0,2048,0,1485584,27715584,38797312
1767050995.001063,1063,ubuntu-rog,1,0,0,65683160,37416040,50717724,736492,12526380,0,14810804,11232304,12798520,0,2012284,11232304,0,0,8388604,8388604,0,0,84,0,12780556,401148,18368,787756,1234528,787756,446772,14112,56072,0,0,0,0,41230184,16262388,34359738367,83972,0,78160,0,0,0,0,0,0,0,0,0,0,0,2048,0,1485584,27715584,38797312
1767050996.001190,1190,ubuntu-rog,1,0,0,65683160,37367656,50669344,736492,12526384,0,14851552,11232308,12839268,0,2012284,11232308,0,0,8388604,8388604,0,0,48,0,12821272,401148,18368,787756,1234532,787756,446776,14112,56172,0,0,0,0,41230184,16303364,34359738367,83972,0,78160,0,0,0,0,0,0,0,0,0,0,0,2048,0,1485584,27715584,38797312
1767050997.001232,1232,ubuntu-rog,1,0,0,65683160,37319272,50620964,736492,12526384,0,14902764,11232312,12890480,0,2012284,11232312,0,0,8388604,8388604,0,0,48,0,12872492,401148,18368,787756,1234532,787756,446776,14112,56272,0,0,0,0,41230184,16354584,34359738367,83972,0,78160,0,0,0,0,0,0,0,0,0,0,0,2048,0,1485584,27715584,38797312
1767050998.002178,2178,ubuntu-rog,1,0,0,65683160,37270532,50572224,736492,12526384,0,14954236,11232312,12941952,0,2012284,11232312,0,0,8388604,8388604,0,0,48,0,12924000,401148,18368,787756,1234532,787756,446776,14112,56412,0,0,0,0,41230184,16405804,34359738367,83972,0,78160,0,0,0,0,0,0,0,0,0,0,0,2048,0,1485584,27715584,38797312
1767050999.001191,1191,ubuntu-rog,1,0,0,65683160,37214440,50516132,736492,12526384,0,15005188,11232312,12992904,0,2012284,11232312,0,0,8388604,8388604,0,0,48,0,12974932,401148,18368,787756,1234532,787756,446776,14112,56472,0,0,0,0,41230184,16457024,34359738367,83972,0,78160,0,0,0,0,0,0,0,0,0,0,0,2048,0,1485584,27715584,38797312
1767051000.002287,2287,ubuntu-rog,1,0,0,65683160,37166040,50467732,736500,12526392,0,15056612,11232312,13044328,0,2012284,11232312,0,0,8388604,8388604,0,0,68,0,13026412,401148,18368,787756,1234532,787756,446776,14112,56552,0,0,0,0,41230184,16508244,34359738367,83972,0,78160,0,0,0,0,0,0,0,0,0,0,0,2048,0,1485584,27715584,38797312
1767051001.001048,1048,ubuntu-rog,1,0,0,65683160,37126388,50428080,736500,12526392,0,15097580,11232312,13085296,0,2012284,11232312,0,0,8388604,8388604,0,0,68,0,13067416,401148,18368,787756,1234532,787756,446776,14112,56692,0,0,0,0,41230184,16549220,34359738367,83972,0,78160,0,0,0,0,0,0,0,0,0,0,0,2048,0,1485584,27715584,38797312
1767051002.002184,2184,ubuntu-rog,1,0,0,65683160,37070632,50372356,736500,12526396,0,15148524,11232344,13136240,0,2012284,11232344,0,0,8388604,8388604,0,0,260,0,13118348,401148,18368,787756,1234536,787756,446780,14144,56752,0,0,0,0,41230184,16600440,34359738367,83972,0,78160,0,0,0,0,0,0,0,0,0,0,0,2048,0,1485584,27715584,38797312
1767051003.001275,1275,ubuntu-rog,1,0,0,65683160,37022688,50324432,736500,12526400,0,15199636,11232364,13187352,0,2012284,11232364,0,0,8388604,8388604,0,0,272,0,13169568,401148,18368,787756,1234568,787756,446812,14144,56852,0,0,0,0,41230184,16651660,34359738367,83972,0,78160,0,0,0,0,0,0,0,0,0,0,0,2048,0,1485584,27715584,38797312
1767051004.001065,1065,ubuntu-rog,1,0,0,65683160,36974520,50276268,736500,12526400,0,15250848,11232368,13238564,0,2012284,11232368,0,0,8388604,8388604,0,0,272,0,13220788,401148,18368,787756,1234568,787756,446812,14144,56952,0,0,0,0,41230184,16702880,34359738367,83972,0,78160,0,0,0,0,0,0,0,0,0,0,0,2048,0,1485584,27715584,38797312
1767051005.001192,1192,ubuntu-rog,1,0,0,65683160,36918040,50219788,736500,12526400,0,15302396,11232368,13290112,0,2012284,11232368,0,0,8388604,8388604,0,0,272,0,13272268,401148,18368,787756,1234568,787756,446812,14144,57032,0,0,0,0,41230184,16754100,34359738367,83972,0,78160,0,0,0,0,0,0,0,0,0,0,0,2048,0,1485584,27715584,38797312
1767051006.002287,2287,ubuntu-rog,1,0,0,65683160,36877736,50179492,736500,12526404,0,15345932,11232376,13333648,0,2012284,11232376,0,0,8388604,8388604,0,0,280,0,13315812,401148,18368,787756,1234568,787756,446812,14144,57132,0,0,0,0,41230184,16805320,34359738367,83972,0,78160,0,0,0,0,0,0,0,0,0,0,0,2048,0,1485584,27715584,38797312
1767051007.001328,1328,ubuntu-rog,1,0,0,65683160,36828996,50130752,736500,12526408,0,15394576,11232376,13382292,0,2012284,11232376,0,0,8388604,8388604,0,0,284,0,13364492,401148,18368,787756,1234568,787756,446812,14144,57272,0,0,0,0,41230184,16846296,34359738367,83972,0,78160,0,0,0,0,0,0,0,0,0,0,0,2048,0,1485584,27715584,38797312
1767051008.002190,2190,ubuntu-rog,1,0,0,65683160,36780984,50082748,736508,12526412,0,15445528,11232384,13433244,0,2012284,11232384,0,0,8388604,8388604,0,0,288,0,13415424,401148,18368,787756,1234568,787756,446812,14144,57332,0,0,0,0,41230184,16897516,34359738367,83972,0,78160,0,0,0,0,0,0,0,0,0,0,0,2048,0,1485584,27715584,38797312
1767051009.001290,1290,ubuntu-rog,1,0,0,65683160,36724520,50026284,736508,12526412,0,15496740,11232384,13484456,0,2012284,11232384,0,0,8388604,8388604,0,0,288,0,13466644,401148,18368,787756,1234568,787756,446812,14144,57432,0,0,0,0,41230184,16948736,34359738367,83972,0,78160,0,0,0,0,0,0,0,0,0,0,0,2048,0,1485584,27715584,38797312
1767051010.001064,1064,ubuntu-rog,1,0,0,65683160,36676120,49977888,736508,12526412,0,15547884,11232388,13535600,0,2012284,11232388,0,0,8388604,8388604,0,0,288,0,13518124,401148,18368,787756,1234568,787756,446812,14144,57512,0,0,0,0,41230184,16999956,34359738367,83972,0,78160,0,0,0,0,0,0,0,0,0,0,0,2048,0,1485584,27715584,38797312
1767051011.001185,1185,ubuntu-rog,1,0,0,65683160,36627784,49929552,736508,12526416,0,15599216,11232388,13586932,0,2012284,11232388,0,0,8388604,8388604,0,0,292,0,13569076,401148,18368,787756,1234568,787756,446812,14144,57652,0,0,0,0,41230184,17051024,34359738367,83972,0,78160,0,0,0,0,0,0,0,0,0,0,0,2048,0,1485584,27715584,38797312
1767051012.002275,2275,ubuntu-rog,1,0,0,65683160,36587448,49889216,736508,12526416,0,15640068,11232388,13627784,0,2012284,11232388,0,0,8388604,8388604,0,0,292,0,13609908,401148,18368,787756,1234568,787756,446812,14144,57712,0,0,0,0,41230184,17092000,34359738367,83972,0,78160,0,0,0,0,0,0,0,0,0,0,0,2048,0,1485584,27715584,38797312
1767051013.001050,1050,ubuntu-rog,1,0,0,65683160,36530628,49832404,736508,12526420,0,15691540,11232396,13679256,0,2012284,11232396,0,0,8388604,8388604,0,0,296,0,13661416,401148,18368,787756,1234568,787756,446812,14144,57856,0,0,0,0,41230184,17143220,34359738367,83972,0,78160,0,0,0,0,0,0,0,0,0,0,0,2048,0,1485584,27715584,38797312
1767051014.002191,2191,ubuntu-rog,1,0,0,65683160,36482616,49784392,736508,12526424,0,15742492,11232396,13730208,0,2012284,11232396,0,0,8388604,8388604,0,0,300,0,13712348,401148,18368,787756,1234568,787756,446812,14144,57916,0,0,0,0,41230184,17194440,34359738367,83972,0,78160,0,0,0,0,0,0,0,0,0,0,0,2048,0,1485584,27715584,38797312
1767051015.001291,1291,ubuntu-rog,1,0,0,65683160,36426152,49727928,736508,12526424,0,15793704,11232396,13781420,0,2012284,11232396,0,0,8388604,8388604,0,0,300,0,13763568,401148,18368,787756,1234568,787756,446812,14144,58016,0,0,0,0,41230184,17245660,34359738367,83972,0,78160,0,0,0,0,0,0,0,0,0,0,0,2048,0,1485584,27715584,38797312
1767051016.001336,1336,ubuntu-rog,1,0,0,65683160,36377412,49679192,736508,12526424,0,15845176,11232400,13832892,0,2012284,11232400,0,0,8388604,8388604,0,0,300,0,13815076,401148,18368,787756,1234568,787756,446812,14144,58156,0,0,0,0,41230184,17296880,34359738367,83972,0,78160,0,0,0,0,0,0,0,0,0,0,0,2048,0,1485584,27715584,38797312
1767051017.002191,2191,ubuntu-rog,1,0,0,65683160,36337480,49639260,736508,12526424,0,15886028,11232400,13873744,0,2012284,11232400,0,0,8388604,8388604,0,0,300,0,13855908,401148,18368,787756,1234568,787756,446812,14144,58216,0,0,0,0,41230184,17337856,34359738367,83972,0,78160,0,0,0,0,0,0,0,0,0,0,0,2048,0,1485584,27715584,38797312
1767051018.001292,1292,ubuntu-rog,1,0,0,65683160,36289080,49590860,736508,12526428,0,15937172,11232400,13924888,0,2012284,11232400,0,0,8388604,8388604,0,0,304,0,13906984,401148,18368,787756,1234568,787756,446812,14144,58296,0,0,0,0,41230184,17389076,34359738367,83972,0,78160,0,0,0,0,0,0,0,0,0,0,0,2048,0,1485584,27715584,38797312
1767051019.001063,1063,ubuntu-rog,1,0,0,65683160,36232616,49534396,736512,12526428,0,15988384,11232400,13976100,0,2012284,11232400,0,0,8388604,8388604,0,0,308,0,13958204,401148,18368,787756,1234568,787756,446812,14144,58396,0,0,0,0,41230184,17440296,34359738367,83972,0,78160,0,0,0,0,0,0,0,0,0,0,0,2048,0,1485584,27715584,38797312
1767051020.001149,1149,ubuntu-rog,1,0,0,65683160,36183876,49485668,736512,12526436,0,16039876,11232412,14027592,0,2012284,11232412,0,0,8388604,8388604,0,0,248,0,14009712,401148,18368,787756,1234568,787756,446812,14144,58536,0,0,0,0,41230184,17491516,34359738367,83972,0,78160,0,0,0,0,0,0,0,0,0,0,0,2048,0,1485584,27715584,38797312
1767051021.002277,2277,ubuntu-rog,1,0,0,65683160,36135848,49437640,736512,12526436,0,16091040,11232412,14078756,0,2012284,11232412,0,0,8388604,8388604,0,0,248,0,14060904,401148,18368,787756,1234572,787756,446816,14144,58576,0,0,0,0,41230184,17542736,34359738367,83972,0,78160,0,0,0,0,0,0,0,0,0,0,0,2048,0,1485584,27715584,38797312
1767051022.001062,1062,ubuntu-rog,1,0,0,65683160,36095544,49397340,736512,12526440,0,16131748,11232416,14119464,0,2012284,11232416,0,0,8388604,8388604,0,0,252,0,14101620,401148,18368,787756,1234572,787756,446816,14144,58676,0,0,0,0,41230184,17583712,34359738367,83972,0,78160,0,0,0,0,0,0,0,0,0,0,0,2048,0,1485584,27715584,38797312
1767051023.001195,1195,ubuntu-rog,1,0,0,65683160,36039080,49340876,736512,12526440,0,16182960,11232416,14170676,0,2012284,11232416,0,0,8388604,8388604,0,0,252,0,14152840,401148,18368,787756,1234572,787756,446816,14144,58776,0,0,0,0,41230184,17634932,34359738367,83972,0,78160,0,0,0,0,0,0,0,0,0,0,0,2048,0,1485584,27715584,38797312
1767051024.001291,1291,ubuntu-rog,1,0,0,65683160,35990712,49292512,736512,12526440,0,16234172,11232420,14221888,0,2012284,11232420,0,0,8388604,8388604,0,0,252,0,14204060,401148,18368,787756,1234572,787756,446816,14144,58876,0,0,0,0,41230184,17686152,34359738367,83972,0,78160,0,0,0,0,0,0,0,0,0,0,0,2048,0,1485584,27715584,38797312
1767051025.002058,2058,ubuntu-rog,1,0,0,65683160,35934248,49236048,736520,12526448,0,16285384,11232420,14273100,0,2012284,11232420,0,0,8388604,8388604,0,0,264,0,14255280,401148,18368,787756,1234572,787756,446816,14144,58976,0,0,0,0,41230184,17737372,34359738367,83972,0,78160,0,0,0,0,0,0,0,0,0,0,0,2048,0,1485584,27715584,38797312
1767051026.001382,1382,ubuntu-rog,1,0,0,65683160,35885508,49187324,736520,12526448,0,16336980,11232436,14324696,0,2012284,11232436,0,0,8388604,8388604,0,0,264,0,14306788,401148,18368,787756,1234572,787756,446816,14144,59116,0,0,0,0,41230184,17788592,34359738367,83972,0,78160,0,0,0,0,0,0,0,0,0,0,0,2048,0,1485584,27715584,38797312
1767051027.001292,1292,ubuntu-rog,1,0,0,65683160,35837480,49139296,736520,12526448,0,16377640,11232436,14365356,0,2012284,11232436,0,0,8388604,8388604,0,0,212,0,14347476,401148,18368,787756,1234572,787756,446816,14144,59156,0,0,0,0,41230184,17829568,34359738367,83972,0,78160,0,0,0,0,0,0,0,0,0,0,0,2048,0,1485584,27715584,38797312
1767051028.002057,2057,ubuntu-rog,1,0,0,65683160,35789112,49090928,736520,12526448,0,16428852,11232436,14416568,0,2012284,11232436,0,0,8388604,8388604,0,0,212,0,14398696,401148,18368,787756,1234572,787756,446816,14144,59256,0,0,0,0,41230184,17880788,34359738367,83972,0,78160,0,0,0,0,0,0,0,0,0,0,0,2048,0,1485584,27715584,38797312
1767051029.001179,1179,ubuntu-rog,1,0,0,65683160,35732292,49034112,736520,12526452,0,16480324,11232440,14468040,0,2012284,11232440,0,0,8388604,8388604,0,0,220,0,14450204,401148,18368,787756,1234572,787756,446816,14144,59396,0,0,0,0,41230184,17932008,34359738367,83972,0,78160,0,0,0,0,0,0,0,0,0,0,0,2048,0,1485584,27715584,38797312
1767051030.002276,2276,ubuntu-rog,1,0,0,65683160,35684264,48986084,736528,12526444,0,16531276,11232440,14518992,0,2012284,11232440,0,0,8388604,8388604,0,0,220,0,14501136,401148,18368,787756,1234572,787756,446816,14144,59456,0,0,0,0,41230184,17983228,34359738367,83972,0,78160,0,0,0,0,0,0,0,0,0,0,0,2048,0,1485584,27715584,38797312
1767051031.001057,1057,ubuntu-rog,1,0,0,65683160,35635896,48937716,736528,12526452,0,16582488,11232440,14570204,0,2012284,11232440,0,0,8388604,8388604,0,0,248,0,14552356,401148,18368,787756,1234572,787756,446816,14144,59556,0,0,0,0,41230184,18034448,34359738367,83972,0,78160,0,0,0,0,0,0,0,0,0,0,0,2048,0,1485584,27715584,38797312
1767051032.001188,1188,ubuntu-rog,1,0,0,65683160,35579432,48881260,736528,12526460,0,16633700,11232448,14621416,0,2012284,11232448,0,0,8388604,8388604,0,0,260,0,14603576,401148,18368,787756,1234572,787756,446816,14144,59656,0,0,0,0,41230184,18085668,34359738367,83972,0,78160,0,0,0,0,0,0,0,0,0,0,0,2048,0,1485584,27715584,38797312
1767051033.001285,1285,ubuntu-rog,1,0,0,65683160,35539112,48840940,736528,12526464,0,16674744,11232448,14662460,0,2012284,11232448,0,0,8388604,8388604,0,0,76,0,14644552,401148,18368,787756,1234572,787756,446816,14144,59736,0,0,0,0,41230184,18126644,34359738367,83972,0,78160,0,0,0,0,0,0,0,0,0,0,0,2048,0,1485584,27715584,38797312
1767051034.003054,3054,ubuntu-rog,1,0,0,65683160,35490744,48792584,736528,12526464,0,16725956,11232460,14713672,0,2012284,11232460,0,0,8388604,8388604,0,0,76,0,14695772,401148,18368,787756,1234572,787756,446816,14144,59840,0,0,0,0,41230184,18177864,34359738367,83972,0,78160,0,0,0,0,0,0,0,0,0,0,0,2048,0,1485584,27715584,38797312
1767051035.001103,1103,ubuntu-rog,1,0,0,65683160,35441988,48743828,736528,12526464,0,16777428,11232460,14765144,0,2012284,11232460,0,0,8388604,8388604,0,0,76,0,14747280,401148,18368,787756,1234572,787756,446816,14144,59980,0,0,0,0,41230184,18229084,34359738367,83972,0,78160,0,0,0,0,0,0,0,0,0,0,0,2048,0,1485584,27715584,38797312
1767051036.002285,2285,ubuntu-rog,1,0,0,65683160,35385896,48687736,736536,12526460,0,16828380,11232460,14816096,0,2012284,11232460,0,0,8388604,8388604,0,0,80,0,14798212,401148,18368,787756,1234572,787756,446816,14144,60040,0,0,0,0,41230184,18280304,34359738367,83972,0,78160,0,0,0,0,0,0,0,0,0,0,0,2048,0,1485584,27715584,38797312
1767051037.001059,1059,ubuntu-rog,1,0,0,65683160,35337496,48639336,736536,12526468,0,16879804,11232460,14867520,0,2012284,11232460,0,0,8388604,8388604,0,0,72,0,14849692,401148,18368,787756,1234572,787756,446816,14144,60120,0,0,0,0,41230184,18331524,34359738367,83972,0,78160,0,0,0,0,0,0,0,0,0,0,0,2048,0,1485584,27715584,38797312
1767051038.001187,1187,ubuntu-rog,1,0,0,65683160,35297208,48599060,736536,12526472,0,16920512,11232472,14908228,0,2012284,11232472,0,0,8388604,8388604,0,0,80,0,14890408,401148,18368,787756,1234572,787756,446816,14144,60220,0,0,0,0,41230184,18372500,34359738367,83972,0,78160,0,0,0,0,0,0,0,0,0,0,0,2048,0,1485584,27715584,38797312
1767051039.001704,1704,ubuntu-rog,1,0,0,65683160,35240388,48542240,736536,12526472,0,16972108,11232472,14959824,0,2012284,11232472,0,0,8388604,8388604,0,0,80,0,14941916,401148,18368,787756,1234572,787756,446816,14144,60360,0,0,0,0,41230184,18423720,34359738367,83972,0,78160,0,0,0,0,0,0,0,0,0,0,0,2048,0,1485584,27715584,38797312
1767051040.002054,2054,ubuntu-rog,1,0,0,65683160,35192360,48494216,736536,12526476,0,17023060,11232476,15010776,0,2012284,11232476,0,0,8388604,8388604,0,0,84,0,14992848,401148,18368,787756,1234572,787756,446816,14144,60420,0,0,0,0,41230184,18474940,34359738367,83972,0,78160,0,0,0,0,0,0,0,0,0,0,0,2048,0,1485584,27715584,38797312
1767051041.001123,1123,ubuntu-rog,1,0,0,65683160,35143620,48445476,736536,12526476,0,17074532,11232476,15062248,0,2012284,11232476,0,0,8388604,8388604,0,0,84,0,15044356,401148,18368,787756,1234572,787756,446816,14144,60560,0,0,0,0,41230184,18526160,34359738367,83972,0,78160,0,0,0,0,0,0,0,0,0,0,0,2048,0,1485584,27715584,38797312
1767051042.002287,2287,ubuntu-rog,1,0,0,65683160,35087512,48389368,736544,12526468,0,17125800,11232476,15113516,0,2012284,11232476,0,0,8388604,8388604,0,0,84,0,15095548,401148,18368,787756,1234572,787756,446816,14144,60600,0,0,0,0,41230184,18577380,34359738367,83972,0,78160,0,0,0,0,0,0,0,0,0,0,0,2048,0,1485584,27715584,38797312
1767051043.001061,1061,ubuntu-rog,1,0,0,65683160,35047208,48349064,736544,12526476,0,17166508,11232476,15154224,0,2012284,11232476,0,0,8388604,8388604,0,0,92,0,15136264,401148,18368,787756,1234572,787756,446816,14144,60700,0,0,0,0,41230184,18618356,34359738367,83972,0,78160,0,0,0,0,0,0,0,0,0,0,0,2048,0,1485584,27715584,38797312
1767051044.001124,1124,ubuntu-rog,1,0,0,65683160,34998468,48300324,736544,12526480,0,17217980,11232476,15205696,0,2012284,11232476,0,0,8388604,8388604,0,0,96,0,15187772,401148,18368,787756,1234572,787756,446816,14144,60840,0,0,0,0,41230184,18669576,34359738367,83972,0,78160,0,0,0,0,0,0,0,0,0,0,0,2048,0,1485584,27715584,38797312
1767051045.003283,3283,ubuntu-rog,1,0,0,65683160,34950472,48252328,736544,12526488,0,17269124,11232476,15256840,0,2012284,11232476,0,0,8388604,8388604,0,0,104,0,15238848,401148,18368,787756,1234572,787756,446816,14144,60920,0,0,0,0,41230184,18720796,34359738367,83972,0,78160,0,0,0,0,0,0,0,0,0,0,0,2048,0,1485584,27715584,38797312
1767051046.001062,1062,ubuntu-rog,1,0,0,65683160,34893992,48195848,736544,12526488,0,17320144,11232476,15307860,0,2012284,11232476,0,0,8388604,8388604,0,0,104,0,15289924,401148,18368,787756,1234572,787756,446816,14144,61000,0,0,0,0,41230184,18772016,34359738367,83972,0,78160,0,0,0,0,0,0,0,0,0,0,0,2048,0,1485584,27715584,38797312
1767051047.001189,1189,ubuntu-rog,1,0,0,65683160,34845624,48147480,736548,12526484,0,17371356,11232476,15359072,0,2012284,11232476,0,0,8388604,8388604,0,0,104,0,15341144,401148,18368,787756,1234572,787756,446816,14144,61100,0,0,0,0,41230184,18823236,34359738367,83972,0,78160,0,0,0,0,0,0,0,0,0,0,0,2048,0,1485584,27715584,38797312
1767051048.001161,1161,ubuntu-rog,1,0,0,65683160,34797256,48099112,736548,12526492,0,17420396,11232476,15408112,0,2012284,11232476,0,0,8388604,8388604,0,0,108,0,15390084,401148,18368,787756,1234572,787756,446816,14144,61220,0,0,0,0,41230184,18874456,34359738367,83972,0,78160,0,0,0,0,0,0,0,0,0,0,0,2048,0,1485584,27715584,38797312
1767051049.002059,2059,ubuntu-rog,1,0,0,65683160,34748840,48050696,736548,12526492,0,17463672,11232476,15451388,0,2012284,11232476,0,0,8388604,8388604,0,0,108,0,15433340,401148,18368,787756,1234572,787756,446816,14144,61280,0,0,0,0,41230184,18915432,34359738367,83972,0,78160,0,0,0,0,0,0,0,0,0,0,0,2048,0,1485584,27715584,38797312
1767051050.001181,1181,ubuntu-rog,1,0,0,65683160,34700456,48002324,736548,12526492,0,17514884,11232488,15502600,0,2012284,11232488,0,0,8388604,8388604,0,0,108,0,15484560,401148,18368,787756,1234572,787756,446816,14144,61380,0,0,0,0,41230184,18966652,34359738367,83972,0,78160,0,0,0,0,0,0,0,0,0,0,0,2048,0,1485584,27715584,38797312
1767051051.001291,1291,ubuntu-rog,1,0,0,65683160,34652088,47953956,736548,12526500,0,17566096,11232488,15553812,0,2012284,11232488,0,0,8388604,8388604,0,0,116,0,15535780,401148,18368,787756,1234572,787756,446816,14144,61480,0,0,0,0,41230184,19017872,34359738367,83972,0,78160,0,0,0,0,0,0,0,0,0,0,0,2048,0,1485584,27715584,38797312
1767051052.001059,1059,ubuntu-rog,1,0,0,65683160,34595624,47897492,736552,12526496,0,17617308,11232488,15605024,0,2012284,11232488,0,0,8388604,8388604,0,0,116,0,15587000,401148,18368,787756,1234572,787756,446816,14144,61580,0,0,0,0,41230184,19069092,34359738367,83972,0,78160,0,0,0,0,0,0,0,0,0,0,0,2048,0,1485584,27715584,38797312
1767051053.003185,3185,ubuntu-rog,1,0,0,65683160,34547224,47849096,736552,12526500,0,17668452,11232488,15656168,0,2012284,11232488,0,0,8388604,8388604,0,0,116,0,15638480,401148,18368,787760,1234576,787760,446816,14144,61660,0,0,0,0,41230184,19120312,34359738367,83972,0,78160,0,0,0,0,0,0,0,0,0,0,0,2048,0,1485584,27715584,38797312
1767051054.001241,1241,ubuntu-rog,1,0,0,65683160,34506952,47808836,736552,12526500,0,17709632,11232500,15697348,0,2012284,11232500,0,0,8388604,8388604,0,0,116,0,15679340,401148,18368,787760,1234576,787760,446816,14144,61780,0,0,0,0,41230184,19161288,34359738367,83972,0,78160,0,0,0,0,0,0,0,0,0,0,0,2048,0,1485584,27715584,38797312
1767051055.001061,1061,ubuntu-rog,1,0,0,65683160,34458552,47760436,736552,12526504,0,17760776,11232500,15748492,0,2012284,11232500,0,0,8388604,8388604,0,0,120,0,15730416,401148,18368,787760,1234576,787760,446816,14144,61864,0,0,0,0,41230184,19212508,34359738367,83972,0,78160,0,0,0,0,0,0,0,0,0,0,0,2048,0,1485584,27715584,38797312
1767051056.001188,1188,ubuntu-rog,1,0,0,65683160,34402088,47703976,736552,12526504,0,17811988,11232504,15799704,0,2012284,11232504,0,0,8388604,8388604,0,0,64,0,15781636,401148,18368,787760,1234576,787760,446816,14144,61964,0,0,0,0,41230184,19263728,34359738367,83972,0,78160,0,0,0,0,0,0,0,0,0,0,0,2048,0,1485584,27715584,38797312
1767051057.001288,1288,ubuntu-rog,1,0,0,65683160,34353348,47655244,736552,12526512,0,17863460,11232512,15851176,0,2012284,11232512,0,0,8388604,8388604,0,0,80,0,15833144,401148,18368,787760,1234576,787760,446816,14144,62104,0,0,0,0,41230184,19314948,34359738367,83972,0,78160,0,0,0,0,0,0,0,0,0,0,0,2048,0,1485584,27715584,38797312
1767051058.002061,2061,ubuntu-rog,1,0,0,65683160,34305336,47607232,736552,12526512,0,17914412,11232512,15902128,0,2012284,11232512,0,0,8388604,8388604,0,0,80,0,15884076,401148,18368,787760,1234576,787760,446816,14144,62164,0,0,0,0,41230184,19366168,34359738367,83972,0,78160,0,0,0,0,0,0,0,0,0,0,0,2048,0,1485584,27715584,38797312
1767051059.001185,1185,ubuntu-rog,1,0,0,65683160,34256936,47558832,736552,12526516,0,17955332,11232512,15943048,0,2012284,11232512,0,0,8388604,8388604,0,0,84,0,15925052,401148,18368,787760,1234576,787760,446816,14144,62244,0,0,0,0,41230184,19407144,34359738367,83972,0,78160,0,0,0,0,0,0,0,0,0,0,0,2048,0,1485584,27715584,38797312
1767051060.001289,1289,ubuntu-rog,1,0,0,65683160,34208584,47510480,736552,12526516,0,18006736,11232512,15994452,0,2012284,11232512,0,0,8388604,8388604,0,0,84,0,15976416,401148,18368,787760,1234576,787760,446816,14144,62364,0,0,0,0,41230184,19458364,34359738367,83972,0,78160,0,0,0,0,0,0,0,0,0,0,0,2048,0,1485584,27715584,38797312
1767051061.001061,1061,ubuntu-rog,1,0,0,65683160,34158456,47460352,736552,12526516,0,18057756,11232512,16045472,0,2012284,11232512,0,0,8388604,8388604,0,0,84,0,16027492,401148,18368,787760,1234576,787760,446816,14144,62444,0,0,0,0,41230184,19509584,34359738367,83972,0,78160,0,0,0,0,0,0,0,0,0,0,0,2048,0,1485584,27715584,38797312
1767051062.003189,3189,ubuntu-rog,1,0,0,65683160,34109584,47411484,736552,12526520,0,18108988,11232516,16096704,0,2012284,11232516,0,0,8388604,8388604,0,0,88,0,16078712,401148,18368,787760,1234576,787760,446816,14144,62544,0,0,0,0,41230184,19560804,34359738367,83972,0,78160,0,0,0,0,0,0,0,0,0,0,0,2048,0,1485584,27715584,38797312
1767051063.001194,1194,ubuntu-rog,1,0,0,65683160,34055484,47357384,736556,12526516,0,18160584,11232516,16148300,0,2012284,11232516,0,0,8388604,8388604,0,0,28,0,16130220,401148,18368,787760,1234576,787760,446816,14144,62684,0,0,0,0,41230184,19612024,34359738367,83972,0,78160,0,0,0,0,0,0,0,0,0,0,0,2048,0,1485584,27715584,38797312
1767051064.002058,2058,ubuntu-rog,1,0,0,65683160,34017352,47319256,736556,12526524,0,18201244,11232520,16188960,0,2012284,11232520,0,0,8388604,8388604,0,0,48,0,16170908,401148,18368,787760,1234576,787760,446816,14144,62724,0,0,0,0,41230184,19653000,34359738367,83972,0,78160,0,0,0,0,0,0,0,0,0,0,0,2048,0,1485584,27715584,38797312
1767051065.001191,1191,ubuntu-rog,1,0,0,65683160,33963156,47265060,736556,12526524,0,18252456,11232520,16240172,0,2012284,11232520,0,0,8388604,8388604,0,0,48,0,16222128,401148,18368,787760,1234576,787760,446816,14144,62824,0,0,0,0,41230184,19704220,34359738367,83972,0,78160,0,0,0,0,0,0,0,0,0,0,0,2048,0,1485584,27715584,38797312
1767051066.001287,1287,ubuntu-rog,1,0,0,65683160,33909228,47211136,736556,12526528,0,18303668,11232524,16291384,0,2012284,11232524,0,0,8388604,8388604,0,0,56,0,16273348,401148,18368,787760,1234576,787760,446816,14144,62924,0,0,0,0,41230184,19755440,34359738367,83972,0,78160,0,0,0,0,0,0,0,0,0,0,0,2048,0,1485584,27715584,38797312
1767051067.001093,1093,ubuntu-rog,1,0,0,65683160,33863208,47165116,736556,12526528,0,18355140,11232524,16342856,0,2012284,11232524,0,0,8388604,8388604,0,0,56,0,16324856,401148,18368,787760,1234576,787760,446816,14144,63064,0,0,0,0,41230184,19806660,34359738367,83972,0,78160,0,0,0,0,0,0,0,0,0,0,0,2048,0,1485584,27715584,38797312
1767051068.002180,2180,ubuntu-rog,1,0,0,65683160,33810444,47112352,736564,12526520,0,18406092,11232524,16393808,0,2012284,11232524,0,0,8388604,8388604,0,0,32,0,16375788,401148,18368,787760,1234576,787760,446816,14144,63124,0,0,0,0,41230184,19857880,34359738367,83972,0,78160,0,0,0,0,0,0,0,0,0,0,0,2048,0,1485584,27715584,38797312
1767051069.001277,1277,ubuntu-rog,1,0,0,65683160,33764480,47066388,736564,12526528,0,18453600,11232524,16441316,0,2012284,11232524,0,0,8388604,8388604,0,0,36,0,16423228,401148,18368,787760,1234576,787760,446816,14144,63204,0,0,0,0,41230184,19909100,34359738367,83972,0,78160,0,0,0,0,0,0,0,0,0,0,0,2048,0,1485584,27715584,38797312
1767051070.001061,1061,ubuntu-rog,1,0,0,65683160,33715384,47017304,736564,12526540,0,18498348,11232536,16486064,0,2012284,11232536,0,0,8388604,8388604,0,0,56,0,16467984,401148,18368,787760,1234576,787760,446816,14144,63304,0,0,0,0,41230184,19950076,34359738367,83972,0,78160,0,0,0,0,0,0,0,0,0,0,0,2048,0,1485584,27715584,38797312
1767051071.001193,1193,ubuntu-rog,1,0,0,65683160,33669088,46971008,736564,12526540,0,18549560,11232536,16537276,0,2012284,11232536,0,0,8388604,8388604,0,0,56,0,16519204,401148,18368,787760,1234576,787760,446816,14144,63404,0,0,0,0,41230184,20001296,34359738367,83956,0,78160,0,0,0,0,0,0,0,0,0,0,0,2048,0,1485584,27715584,38797312
1767051072.001249,1249,ubuntu-rog,1,0,0,65683160,33614988,46916908,736564,12526540,0,18601032,11232536,16588748,0,2012284,11232536,0,0,8388604,8388604,0,0,56,0,16570712,401148,18368,787760,1234576,787760,446816,14096,63544,0,0,0,0,41230184,20052516,34359738367,83956,0,78160,0,0,0,0,0,0,0,0,0,0,0,2048,0,1485584,27715584,38797312
1767051073.002058,2058,ubuntu-rog,1,0,0,65683160,33561080,46863000,736564,12526544,0,18652176,11232536,16639892,0,2012284,11232536,0,0,8388604,8388604,0,0,60,0,16621788,401148,18368,787760,1234576,787760,446816,14096,63624,0,0,0,0,41230184,20103736,34359738367,83956,0,78160,0,0,0,0,0,0,0,0,0,0,0,2048,0,1485584,27715584,38797312
1767051074.001187,1187,ubuntu-rog,1,0,0,65683160,33521044,46822972,736568,12526540,0,18697752,11232544,16685468,0,2012284,11232544,0,0,8388604,8388604,0,0,60,0,16667468,401148,18368,787760,1234576,787760,446816,14096,63684,0,0,0,0,41230184,20154956,34359738367,83956,0,78160,0,0,0,0,0,0,0,0,0,0,0,2048,0,1485584,27715584,38797312
1767051075.001288,1288,ubuntu-rog,1,0,0,65683160,33473984,46775912,736568,12526544,0,18744116,11232544,16731832,0,2012284,11232544,0,0,8388604,8388604,0,0,60,0,16713840,401148,18368,787760,1234576,787760,446816,14096,63784,0,0,0,0,41230184,20195932,34359738367,83956,0,78160,0,0,0,0,0,0,0,0,0,0,0,2048,0,1485584,27715584,38797312
1767051076.001361,1361,ubuntu-rog,1,0,0,65683160,33423468,46725400,736568,12526548,0,18795712,11232548,16783428,0,2012284,11232548,0,0,8388604,8388604,0,0,64,0,16765348,401148,18368,787760,1234560,787760,446800,14096,63928,0,0,0,0,41230184,20247328,34359738367,83956,0,78160,0,0,0,0,0,0,0,0,0,0,0,2048,0,1485584,27715584,38797312
1767051077.002180,2180,ubuntu-rog,1,0,0,65683160,33367376,46669324,736568,12526552,0,18846772,11232564,16834488,0,2012284,11232564,0,0,8388604,8388604,0,0,68,0,16816472,401148,18368,787760,1234560,787760,446800,14096,63988,0,0,0,0,41230184,20298548,34359738367,83956,0,78160,0,0,0,0,0,0,0,0,0,0,0,2048,0,1485584,27715584,38797312
1767051078.001274,1274,ubuntu-rog,1,0,0,65683160,33319008,46620956,736568,12526552,0,18897984,11232564,16885700,0,2012284,11232564,0,0,8388604,8388604,0,0,68,0,16867692,401148,18368,787760,1234560,787760,446800,14096,64088,0,0,0,0,41230184,20349768,34359738367,83956,0,78160,0,0,0,0,0,0,0,0,0,0,0,2048,0,1485584,27715584,38797312
1767051079.001060,1060,ubuntu-rog,1,0,0,65683160,33270624,46572572,736568,12526552,0,18949196,11232564,16936912,0,2012284,11232564,0,0,8388604,8388604,0,0,68,0,16918912,401148,18368,787760,1234560,787760,446800,14096,64188,0,0,0,0,41230184,20400988,34359738367,83956,0,78160,0,0,0,0,0,0,0,0,0,0,0,2048,0,1485584,27715584,38797312
1767051080.001190,1190,ubuntu-rog,1,0,0,65683160,33222224,46524172,736576,12526544,0,18990116,11232564,16977832,0,2012284,11232564,0,0,8388604,8388604,0,0,68,0,16959888,401148,18368,787760,1234560,787760,446800,14096,64268,0,0,0,0,41230184,20441964,34359738367,83956,0,78160,0,0,0,0,0,0,0,0,0,0,0,2048,0,1485584,27715584,38797312
1767051081.002284,2284,ubuntu-rog,1,0,0,65683160,33173840,46475788,736576,12526556,0,19041328,11232564,17029044,0,2012284,11232564,0,0,8388604,8388604,0,0,72,0,17011108,401148,18368,787760,1234560,787760,446800,14096,64368,0,0,0,0,41230184,20493184,34359738367,83956,0,78160,0,0,0,0,0,0,0,0,0,0,0,2048,0,1485584,27715584,38797312
1767051082.001147,1147,ubuntu-rog,1,0,0,65683160,33109224,46411180,736576,12526560,0,19092800,11232572,17080516,0,2012284,11232572,0,0,8388604,8388604,0,0,76,0,17062616,401148,18368,787760,1234560,787760,446800,14096,64508,0,0,0,0,41230184,20544404,34359738367,83956,0,78160,0,0,0,0,0,0,0,0,0,0,0,2048,0,1485584,27715584,38797312
1767051083.002186,2186,ubuntu-rog,1,0,0,65683160,33061196,46363152,736576,12526564,0,19143752,11232572,17131468,0,2012284,11232572,0,0,8388604,8388604,0,0,80,0,17113548,401148,18368,787760,1234560,787760,446800,14096,64568,0,0,0,0,41230184,20595624,34359738367,83956,0,78160,0,0,0,0,0,0,0,0,0,0,0,2048,0,1485584,27715584,38797312
1767051084.001288,1288,ubuntu-rog,1,0,0,65683160,33012828,46314784,736576,12526568,0,19194964,11232572,17182680,0,2012284,11232572,0,0,8388604,8388604,0,0,84,0,17164768,401148,18368,787760,1234560,787760,446800,14096,64672,0,0,0,0,41230184,20646844,34359738367,83956,0,78160,0,0,0,0,0,0,0,0,0,0,0,2048,0,1485584,27715584,38797312
1767051085.001050,1050,ubuntu-rog,1,0,0,65683160,32972508,46274464,736584,12526560,0,19236008,11232572,17223724,0,2012284,11232572,0,0,8388604,8388604,0,0,84,0,17205744,401148,18368,787760,1234560,787760,446800,14096,64752,0,0,0,0,41230184,20687820,34359738367,83956,0,78160,0,0,0,0,0,0,0,0,0,0,0,2048,0,1485584,27715584,38797312
1767051086.001186,1186,ubuntu-rog,1,0,0,65683160,32916328,46218292,736584,12526568,0,19287324,11232580,17275040,0,2012284,11232580,0,0,8388604,8388604,0,0,84,0,17257108,401148,18368,787760,1234560,787760,446800,14096,64872,0,0,0,0,41230184,20739040,34359738367,83956,0,78160,0,0,0,0,0,0,0,0,0,0,0,2048,0,1485584,27715584,38797312
1767051087.002277,2277,ubuntu-rog,1,0,0,65683160,32867928,46169908,736584,12526568,0,19338416,11232596,17326132,0,2012284,11232596,0,0,8388604,8388604,0,0,84,0,17308172,401148,18368,787760,1234560,787760,446800,14096,64952,0,0,0,0,41230184,20790260,34359738367,83956,0,78160,0,0,0,0,0,0,0,0,0,0,0,2048,0,1485584,27715584,38797312
1767051088.001066,1066,ubuntu-rog,1,0,0,65683160,32811496,46113476,736584,12526572,0,19389820,11232596,17377536,0,2012284,11232596,0,0,8388604,8388604,0,0,88,0,17359536,401148,18368,787760,1234560,787760,446800,14096,65072,0,0,0,0,41230184,20841480,34359738367,83956,0,78160,0,0,0,0,0,0,0,0,0,0,0,2048,0,1485584,27715584,38797312
1767051089.001191,1191,ubuntu-rog,1,0,0,65683160,32755032,46057012,736584,12526576,0,19440840,11232596,17428556,0,2012284,11232596,0,0,8388604,8388604,0,0,64,0,17410612,401148,18368,787760,1234560,787760,446800,14096,65152,0,0,0,0,41230184,20892700,34359738367,83956,0,78160,0,0,0,0,0,0,0,0,0,0,0,2048,0,1485584,27715584,38797312
1767051090.001294,1294,ubuntu-rog,1,0,0,65683160,32706648,46008628,736588,12526572,0,19488552,11232596,17476268,0,2012284,11232596,0,0,8388604,8388604,0,0,64,0,17458284,401148,18368,787760,1234560,787760,446800,14096,65252,0,0,0,0,41230184,20943920,34359738367,83956,0,78160,0,0,0,0,0,0,0,0,0,0,0,2048,0,1485584,27715584,38797312
1767051091.001048,1048,ubuntu-rog,1,0,0,65683160,32666732,45968716,736588,12526576,0,19533068,11232600,17520784,0,2012284,11232600,0,0,8388604,8388604,0,0,72,0,17502808,401148,18368,787760,1234560,787760,446800,14096,65332,0,0,0,0,41230184,20984896,34359738367,83956,0,78160,0,0,0,0,0,0,0,0,0,0,0,2048,0,1485584,27715584,38797312
1767051092.004187,4187,ubuntu-rog,1,0,0,65683160,32619808,45921792,736588,12526580,0,19584224,11232600,17571940,0,2012284,11232600,0,0,8388604,8388604,0,0,76,0,17553624,401148,18368,787760,1234560,787760,446800,14096,65432,0,0,0,0,41230184,21036116,34359738367,83956,0,78160,0,0,0,0,0,0,0,0,0,0,0,2048,0,1485584,27715584,38797312
1767051093.001287,1287,ubuntu-rog,1,0,0,65683160,32563496,45865492,736588,12526580,0,19635424,11232612,17623140,0,2012284,11232612,0,0,8388604,8388604,0,0,76,0,17605248,401148,18368,787760,1234560,787760,446800,14096,65532,0,0,0,0,41230184,21087336,34359738367,83956,0,78160,0,0,0,0,0,0,0,0,0,0,0,2048,0,1485584,27715584,38797312
1767051094.001068,1068,ubuntu-rog,1,0,0,65683160,32515128,45817124,736588,12526584,0,19686636,11232612,17674352,0,2012284,11232612,0,0,8388604,8388604,0,0,80,0,17656468,401148,18368,787760,1234560,787760,446800,14096,65632,0,0,0,0,41230184,21138556,34359738367,83956,0,78160,0,0,0,0,0,0,0,0,0,0,0,2048,0,1485584,27715584,38797312
1767051095.001441,1441,ubuntu-rog,1,0,0,65683160,32466376,45768372,736588,12526584,0,19738108,11232612,17725824,0,2012284,11232612,0,0,8388604,8388604,0,0,80,0,17707976,401148,18368,787760,1234560,787760,446800,14096,65772,0,0,0,0,41230184,21189776,34359738367,83956,0,78160,0,0,0,0,0,0,0,0,0,0,0,2048,0,1485584,27715584,38797312
1767051096.002270,2270,ubuntu-rog,1,0,0,65683160,32418348,45720352,736588,12526592,0,19778892,11232620,17766608,0,2012284,11232620,0,0,8388604,8388604,0,0,88,0,17748664,401148,18368,787760,1234560,787760,446800,14096,65812,0,0,0,0,41230184,21230752,34359738367,83956,0,78160,0,0,0,0,0,0,0,0,0,0,0,2048,0,1485584,27715584,38797312
1767051097.001062,1062,ubuntu-rog,1,0,0,65683160,32369964,45671968,736588,12526592,0,19830104,11232620,17817820,0,2012284,11232620,0,0,8388604,8388604,0,0,88,0,17799884,401148,18368,787760,1234560,787760,446800,14096,65912,0,0,0,0,41230184,21281972,34359738367,83956,0,78160,0,0,0,0,0,0,0,0,0,0,0,2048,0,1485584,27715584,38797312
1767051098.001191,1191,ubuntu-rog,1,0,0,65683160,32314524,45616528,736588,12526592,0,19881192,11232620,17868908,0,2012284,11232620,0,0,8388604,8388604,0,0,88,0,17851104,401148,18368,787760,1234560,787760,446800,14096,66016,0,0,0,0,41230184,21333192,34359738367,83956,0,78160,0,0,0,0,0,0,0,0,0,0,0,2048,0,1485584,27715584,38797312
1767051099.001292,1292,ubuntu-rog,1,0,0,65683160,32266140,45568156,736588,12526596,0,19932404,11232632,17920120,0,2012284,11232632,0,0,8388604,8388604,0,0,56,0,17902324,401148,18368,787760,1234560,787760,446800,14096,66116,0,0,0,0,41230184,21384412,34359738367,83956,0,78160,0,0,0,0,0,0,0,0,0,0,0,2048,0,1485584,27715584,38797312
1767051100.001050,1050,ubuntu-rog,1,0,0,65683160,32225852,45527868,736588,12526596,0,19973516,11232632,17961232,0,2012284,11232632,0,0,8388604,8388604,0,0,56,0,17943444,401148,18368,787760,1234560,787760,446800,14096,66216,0,0,0,0,41230184,21425388,34359738367,83956,0,78160,0,0,0,0,0,0,0,0,0,0,0,2048,0,1485584,27715584,38797312
1767051101.001490,1490,ubuntu-rog,1,0,0,65683160,32170780,45472796,736592,12526592,0,20025044,11232632,18012760,0,2012284,11232632,0,0,8388604,8388604,0,0,56,0,17994808,401148,18368,787760,1234560,787760,446800,14096,66336,0,0,0,0,41230184,21476608,34359738367,83956,0,78160,0,0,0,0,0,0,0,0,0,0,0,2048,0,1485584,27715584,38797312
1767051102.002285,2285,ubuntu-rog,1,0,0,65683160,32124836,45426860,736592,12526600,0,20075868,11232636,18063584,0,2012284,11232636,0,0,8388604,8388604,0,0,72,0,18045740,401148,18368,787764,1234568,787764,446804,14096,66396,0,0,0,0,41230184,21527828,34359738367,83956,0,78160,0,0,0,0,0,0,0,0,0,0,0,2048,0,1485584,27715584,38797312
1767051103.001063,1063,ubuntu-rog,1,0,0,65683160,32068052,45370076,736592,12526604,0,20127080,11232636,18114796,0,2012284,11232636,0,0,8388604,8388604,0,0,76,0,18096960,401148,18368,787764,1234568,787764,446804,14096,66496,0,0,0,0,41230184,21579048,34359738367,83956,0,78160,0,0,0,0,0,0,0,0,0,0,0,2048,0,1485584,27715584,38797312
1767051104.001422,1422,ubuntu-rog,1,0,0,65683160,32022536,45324560,736592,12526604,0,20178676,11232636,18166392,0,2012284,11232636,0,0,8388604,8388604,0,0,32,0,18148468,401148,18368,787764,1234568,787764,446804,14096,66636,0,0,0,0,41230184,21630268,34359738367,83956,0,78160,0,0,0,0,0,0,0,0,0,0,0,2048,0,1485584,27715584,38797312
1767051105.002275,2275,ubuntu-rog,1,0,0,65683160,31966680,45268704,736592,12526604,0,20228224,11232636,18215940,0,2012284,11232636,0,0,8388604,8388604,0,0,32,0,18198044,401148,18368,787764,1234568,787764,446804,14096,66676,0,0,0,0,41230184,21681488,34359738367,83956,0,78160,0,0,0,0,0,0,0,0,0,0,0,2048,0,1485584,27715584,38797312
1767051106.001064,1064,ubuntu-rog,1,0,0,65683160,31926376,45228420,736592,12526604,0,20270548,11232656,18258264,0,2012284,11232656,0,0,8388604,8388604,0,0,32,0,18240376,401148,18368,787764,1234568,787764,446804,14096,66776,0,0,0,0,41230184,21722464,34359738367,83956,0,78160,0,0,0,0,0,0,0,0,0,0,0,2048,0,1485584,27715584,38797312
1767051107.001195,1195,ubuntu-rog,1,0,0,65683160,31869944,45171988,736592,12526612,0,20321760,11232656,18309476,0,2012284,11232656,0,0,8388604,8388604,0,0,52,0,18291192,401148,18368,787764,1234568,787764,446804,14096,66876,0,0,0,0,41230184,21773684,34359738367,83956,0,78160,0,0,0,0,0,0,0,0,0,0,0,2048,0,1485584,27715584,38797312
1767051108.001293,1293,ubuntu-rog,1,0,0,65683160,31813884,45115932,736592,12526616,0,20372972,11232660,18360688,0,2012284,11232660,0,0,8388604,8388604,0,0,60,0,18342816,401148,18368,787764,1234568,787764,446804,14096,66976,0,0,0,0,41230184,21824904,34359738367,83956,0,78160,0,0,0,0,0,0,0,0,0,0,0,2048,0,1485584,27715584,38797312
1767051109.002058,2058,ubuntu-rog,1,0,0,65683160,31759560,45061608,736592,12526616,0,20424184,11232660,18411900,0,2012284,11232660,0,0,8388604,8388604,0,0,60,0,18394036,401148,18368,787764,1234568,787764,446804,14096,67076,0,0,0,0,41230184,21876124,34359738367,83956,0,78160,0,0,0,0,0,0,0,0,0,0,0,2048,0,1485584,27715584,38797312
1767051110.001397,1397,ubuntu-rog,1,0,0,65683160,31714308,45016356,736592,12526620,0,20475656,11232660,18463372,0,2012284,11232660,0,0,8388604,8388604,0,0,64,0,18445544,401148,18368,787764,1234568,787764,446804,14096,67216,0,0,0,0,41230184,21927344,34359738367,83956,0,78160,0,0,0,0,0,0,0,0,0,0,0,2048,0,1485584,27715584,38797312
1767051111.002290,2290,ubuntu-rog,1,0,0,65683160,31676768,44978816,736592,12526620,0,20516316,11232660,18504032,0,2012284,11232660,0,0,8388604,8388604,0,0,64,0,18486232,401148,18368,787764,1234568,787764,446804,14096,67256,0,0,0,0,41230184,21968320,34359738367,83956,0,78160,0,0,0,0,0,0,0,0,0,0,0,2048,0,1485584,27715584,38797312
1767051112.001065,1065,ubuntu-rog,1,0,0,65683160,31630880,44932928,736596,12526616,0,20567528,11232660,18555244,0,2012284,11232660,0,0,8388604,8388604,0,0,64,0,18537452,401148,18368,787764,1234568,787764,446804,14096,67356,0,0,0,0,41230184,22019540,34359738367,83956,0,78160,0,0,0,0,0,0,0,0,0,0,0,2048,0,1485584,27715584,38797312
1767051113.001191,1191,ubuntu-rog,1,0,0,65683160,31583992,44886040,736596,12526620,0,20618740,11232660,18606456,0,2012284,11232660,0,0,8388604,8388604,0,0,68,0,18588672,401148,18368,787764,1234568,787764,446804,14096,67456,0,0,0,0,41230184,22070760,34359738367,83956,0,78160,0,0,0,0,0,0,0,0,0,0,0,2048,0,1485584,27715584,38797312
1767051114.001290,1290,ubuntu-rog,1,0,0,65683160,31528900,44830952,736596,12526624,0,20670144,11232664,18657860,0,2012284,11232664,0,0,8388604,8388604,0,0,72,0,18640036,401148,18368,787764,1234568,787764,446804,14096,67576,0,0,0,0,41230184,22121980,34359738367,83956,0,78160,0,0,0,0,0,0,0,0,0,0,0,2048,0,1485584,27715584,38797312
1767051115.002058,2058,ubuntu-rog,1,0,0,65683160,31480484,44782536,736596,12526628,0,20721096,11232664,18708812,0,2012284,11232664,0,0,8388604,8388604,0,0,76,0,18691372,401148,18368,787764,1234568,787764,446804,14096,67636,0,0,0,0,41230184,22173200,34359738367,83956,0,78160,0,0,0,0,0,0,0,0,0,0,0,2048,0,1485584,27715584,38797312
1767051116.001112,1112,ubuntu-rog,1,0,0,65683160,31440164,44742228,736596,12526628,0,20762468,11232676,18750184,0,2012284,11232676,0,0,8388604,8388604,0,0,76,0,18732376,401148,18368,787764,1234568,787764,446804,14096,67776,0,0,0,0,41230184,22214176,34359738367,83956,0,78160,0,0,0,0,0,0,0,0,0,0,0,2048,0,1485584,27715584,38797312
1767051117.002286,2286,ubuntu-rog,1,0,0,65683160,31392152,44694216,736600,12526624,0,20813420,11232676,18801136,0,2012284,11232676,0,0,8388604,8388604,0,0,76,0,18783308,401148,18368,787764,1234568,787764,446804,14096,67836,0,0,0,0,41230184,22265396,34359738367,83908,0,78160,0,0,0,0,0,0,0,0,0,0,0,2048,0,1485584,27715584,38797312
1767051118.001062,1062,ubuntu-rog,1,0,0,65683160,31335688,44637756,736600,12526632,0,20864632,11232680,18852348,0,2012284,11232680,0,0,8388604,8388604,0,0,80,0,18834528,401148,18368,787764,1234568,787764,446804,14096,67936,0,0,0,0,41230184,22316616,34359738367,83908,0,78160,0,0,0,0,0,0,0,0,0,0,0,2048,0,1485584,27715584,38797312
1767051119.001142,1142,ubuntu-rog,1,0,0,65683160,31286948,44589016,736600,12526636,0,20916104,11232680,18903820,0,2012284,11232680,0,0,8388604,8388604,0,0,84,0,18886036,401148,18368,787764,1234568,787764,446804,14096,68080,0,0,0,0,41230184,22367836,34359738367,83908,0,78160,0,0,0,0,0,0,0,0,0,0,0,2048,0,1485584,27715584,38797312
1767051120.002292,2292,ubuntu-rog,1,0,0,65683160,31239456,44541524,736600,12526636,0,20964632,11232680,18952348,0,2012284,11232680,0,0,8388604,8388604,0,0,84,0,18934544,401148,18368,787764,1234568,787764,446804,14096,68140,0,0,0,0,41230184,22419056,34359738367,83908,0,78160,0,0,0,0,0,0,0,0,0,0,0,2048,0,1485584,27715584,38797312
1767051121.001064,1064,ubuntu-rog,1,0,0,65683160,31184052,44486120,736600,12526644,0,21008084,11232680,18995800,0,2012284,11232680,0,0,8388604,8388604,0,0,60,0,18977944,401148,18368,787764,1234568,787764,446804,14096,68220,0,0,0,0,41230184,22460032,34359738367,83908,0,78160,0,0,0,0,0,0,0,0,0,0,0,2048,0,1485584,27715584,38797312
1767051122.001190,1190,ubuntu-rog,1,0,0,65683160,31136872,44438940,736600,12526644,0,21059296,11232680,19047012,0,2012284,11232680,0,0,8388604,8388604,0,0,60,0,19029164,401148,18368,787764,1234568,787764,446804,14096,68320,0,0,0,0,41230184,22511252,34359738367,83908,0,78160,0,0,0,0,0,0,0,0,0,0,0,2048,0,1485584,27715584,38797312
1767051123.001454,1454,ubuntu-rog,1,0,0,65683160,31090288,44392356,736604,12526640,0,21110644,11232680,19098360,0,2012284,11232680,0,0,8388604,8388604,0,0,60,0,19080672,401148,18368,787764,1234568,787764,446804,14096,68460,0,0,0,0,41230184,22562472,34359738367,83908,0,78160,0,0,0,0,0,0,0,0,0,0,0,2048,0,1485584,27715584,38797312
1767051124.002056,2056,ubuntu-rog,1,0,0,65683160,31042276,44344348,736604,12526644,0,21161596,11232684,19149312,0,2012284,11232684,0,0,8388604,8388604,0,0,64,0,19131604,401148,18368,787764,1234568,787764,446804,14096,68520,0,0,0,0,41230184,22613692,34359738367,83908,0,78160,0,0,0,0,0,0,0,0,0,0,0,2048,0,1485584,27715584,38797312
1767051125.001184,1184,ubuntu-rog,1,0,0,65683160,30985796,44287868,736604,12526648,0,21212740,11232684,19200456,0,2012284,11232684,0,0,8388604,8388604,0,0,68,0,19183084,401148,18368,787764,1234568,787764,446804,14096,68600,0,0,0,0,41230184,22664912,34359738367,83908,0,78160,0,0,0,0,0,0,0,0,0,0,0,2048,0,1485584,27715584,38797312
1767051126.001292,1292,ubuntu-rog,1,0,0,65683160,30945492,44247564,736604,12526648,0,21253852,11232684,19241568,0,2012284,11232684,0,0,8388604,8388604,0,0,68,0,19223800,401148,18368,787764,1234568,787764,446804,14096,68700,0,0,0,0,41230184,22705888,34359738367,83908,0,78160,0,0,0,0,0,0,0,0,0,0,0,2048,0,1485584,27715584,38797312
1767051127.001060,1060,ubuntu-rog,1,0,0,65683160,30897108,44199180,736604,12526652,0,21305064,11232684,19292780,0,2012284,11232684,0,0,8388604,8388604,0,0,72,0,19275020,401148,18368,787764,1234568,787764,446804,14096,68800,0,0,0,0,41230184,22757108,34359738367,83908,0,78160,0,0,0,0,0,0,0,0,0,0,0,2048,0,1485584,27715584,38797312
1767051128.002183,2183,ubuntu-rog,1,0,0,65683160,30848740,44150812,736608,12526648,0,21356340,11232684,19344056,0,2012284,11232684,0,0,8388604,8388604,0,0,72,0,19326240,401148,18368,787764,1234568,787764,446804,14096,68900,0,0,0,0,41230184,22808328,34359738367,83908,0,78160,0,0,0,0,0,0,0,0,0,0,0,2048,0,1485584,27715584,38797312
1767051129.001555,1555,ubuntu-rog,1,0,0,65683160,30792460,44094584,736608,12526656,0,21407808,11232736,19395524,0,2012284,11232736,0,0,8388604,8388604,0,0,40,0,19377748,401148,18368,787764,1234568,787764,446804,14096,69040,0,0,0,0,41230184,22859548,34359738367,83908,0,78160,0,0,0,0,0,0,0,0,0,0,0,2048,0,1485584,27715584,38797312
1767051130.001059,1059,ubuntu-rog,1,0,0,65683160,30745224,44047348,736608,12526656,0,21458972,11232736,19446688,0,2012284,11232736,0,0,8388604,8388604,0,0,40,0,19428940,401148,18368,787764,1234568,787764,446804,14096,69080,0,0,0,0,41230184,22910768,34359738367,83908,0,78160,0,0,0,0,0,0,0,0,0,0,0,2048,0,1485584,27715584,38797312
1767051131.002183,2183,ubuntu-rog,1,0,0,65683160,30705564,44007688,736608,12526656,0,21499504,11232736,19487220,0,2012284,11232736,0,0,8388604,8388604,0,0,40,0,19469480,401148,18368,787764,1234568,787764,446804,14096,69180,0,0,0,0,41230184,22951568,34359738367,83908,0,78160,0,0,0,0,0,0,0,0,0,0,0,2048,0,1485584,27715584,38797312
1767051132.001481,1481,ubuntu-rog,1,0,0,65683160,30657160,43959292,736608,12526664,0,21550940,11232744,19538656,0,2012284,11232744,0,0,8388604,8388604,0,0,52,0,19520804,401148,18368,787764,1234568,787764,446804,14096,69320,0,0,0,0,41230184,23002788,34359738367,83908,0,78160,0,0,0,0,0,0,0,0,0,0,0,2048,0,1485584,27715584,38797312
1767051133.002058,2058,ubuntu-rog,1,0,0,65683160,30609400,43911532,736608,12526664,0,21602044,11232744,19589760,0,2012284,11232744,0,0,8388604,8388604,0,0,52,0,19571920,401148,18368,787764,1234568,787764,446804,14096,69380,0,0,0,0,41230184,23054008,34359738367,83908,0,78160,0,0,0,0,0,0,0,0,0,0,0,2048,0,1485584,27715584,38797312
1767051134.001186,1186,ubuntu-rog,1,0,0,65683160,30553340,43855472,736616,12526668,0,21653220,11232744,19640936,0,2012284,11232744,0,0,8388604,8388604,0,0,68,0,19623140,401148,18368,787764,1234568,787764,446804,14096,69480,0,0,0,0,41230184,23105228,34359738367,83908,0,78160,0,0,0,0,0,0,0,0,0,0,0,2048,0,1485584,27715584,38797312
1767051135.001294,1294,ubuntu-rog,1,0,0,65683160,30496472,43798604,736616,12526668,0,21704432,11232744,19692148,0,2012284,11232744,0,0,8388604,8388604,0,0,68,0,19674360,401148,18368,787764,1234568,787764,446804,14096,69580,0,0,0,0,41230184,23156448,34359738367,83908,0,78160,0,0,0,0,0,0,0,0,0,0,0,2048,0,1485584,27715584,38797312
1767051136.001062,1062,ubuntu-rog,1,0,0,65683160,30456168,43758304,736616,12526672,0,21745448,11232748,19733164,0,2012284,11232748,0,0,8388604,8388604,0,0,72,0,19715336,401148,18368,787764,1234568,787764,446804,14096,69660,0,0,0,0,41230184,23197424,34359738367,83908,0,78160,0,0,0,0,0,0,0,0,0,0,0,2048,0,1485584,27715584,38797312
1767051137.002191,2191,ubuntu-rog,1,0,0,65683160,30407800,43709936,736616,12526672,0,21796784,11232748,19784500,0,2012284,11232748,0,0,8388604,8388604,0,0,72,0,19766556,401148,18368,787764,1234568,787764,446804,14080,69760,0,0,0,0,41230184,23248644,34359738367,83908,0,78160,0,0,0,0,0,0,0,0,0,0,0,2048,0,1485584,27715584,38797312
1767051138.001455,1455,ubuntu-rog,1,0,0,65683160,30350980,43653116,736616,12526672,0,21848264,11232748,19835980,0,2012284,11232748,0,0,8388604,8388604,0,0,72,0,19818064,401148,18368,787764,1234568,787764,446804,14080,69900,0,0,0,0,41230184,23299864,34359738367,83908,0,78160,0,0,0,0,0,0,0,0,0,0,0,2048,0,1485584,27715584,38797312
1767051139.002061,2061,ubuntu-rog,1,0,0,65683160,30302968,43605104,736624,12526664,0,21899216,11232748,19886932,0,2012284,11232748,0,0,8388604,8388604,0,0,72,0,19868996,401148,18368,787764,1234568,787764,446804,14080,69960,0,0,0,0,41230184,23351084,34359738367,83908,0,78160,0,0,0,0,0,0,0,0,0,0,0,2048,0,1485584,27715584,38797312
1767051140.001191,1191,ubuntu-rog,1,0,0,65683160,30255644,43557780,736624,12526680,0,21950428,11232748,19938144,0,2012284,11232748,0,0,8388604,8388604,0,0,44,0,19920216,401148,18368,787764,1234568,787764,446804,14080,70060,0,0,0,0,41230184,23402304,34359738367,83908,0,78160,0,0,0,0,0,0,0,0,0,0,0,2048,0,1485584,27715584,38797312
1767051141.001290,1290,ubuntu-rog,1,0,0,65683160,30208288,43510424,736624,12526680,0,21991348,11232748,19979064,0,2012284,11232748,0,0,8388604,8388604,0,0,44,0,19961192,401148,18368,787764,1234568,787764,446804,14080,70144,0,0,0,0,41230184,23443280,34359738367,83908,0,78160,0,0,0,0,0,0,0,0,0,0,0,2048,0,1485584,27715584,38797312
1767051142.001086,1086,ubuntu-rog,1,0,0,65683160,30159876,43462012,736624,12526680,0,22042820,11232748,20030536,0,2012284,11232748,0,0,8388604,8388604,0,0,44,0,20012700,401148,18368,787764,1234568,787764,446804,14080,70284,0,0,0,0,41230184,23494500,34359738367,83908,0,78160,0,0,0,0,0,0,0,0,0,0,0,2048,0,1485584,27715584,38797312
1767051143.002183,2183,ubuntu-rog,1,0,0,65683160,30095720,43397856,736624,12526680,0,22093772,11232748,20081488,0,2012284,11232748,0,0,8388604,8388604,0,0,44,0,20063632,401148,18368,787764,1234568,787764,446804,14080,70344,0,0,0,0,41230184,23545720,34359738367,83908,0,78160,0,0,0,0,0,0,0,0,0,0,0,2048,0,1485584,27715584,38797312
1767051144.001220,1220,ubuntu-rog,1,0,0,65683160,36738064,50040200,736624,12526688,0,15122984,11232748,13110700,0,2012284,11232748,0,0,8388604,8388604,0,0,60,0,13068172,401120,18368,787764,1234568,787764,446804,14080,70404,0,0,0,0,41230184,23555964,34359738367,83908,0,78160,0,0,0,0,0,0,0,0,0,0,0,2048,0,1485584,27715584,38797312
1767051145.002057,2057,ubuntu-rog,1,0,0,65683160,43252296,56554432,736636,12526676,0,8650268,11232748,6637984,0,2012284,11232748,0,0,8388604,8388604,0,0,60,0,6619540,401120,18368,787764,1234568,787764,446804,14000,44084,0,0,0,0,41230184,10091832,34359738367,83828,0,78160,0,0,0,0,0,0,0,0,0,0,0,2048,0,1485584,27715584,38797312
1767051146.001191,1191,ubuntu-rog,1,0,0,65683160,43268368,56570520,736636,12526672,0,8649532,11232764,6637248,0,2012284,11232764,0,0,8388604,8388604,0,0,100,0,6619068,401120,18368,787764,1234568,787764,446804,13920,43788,0,0,0,0,41230184,10091832,34359738367,83828,0,78160,0,0,0,0,0,0,0,0,0,0,0,2048,0,1485584,27715584,38797312
1767051147.001195,1195,ubuntu-rog,1,0,0,65683160,43295752,56597904,736636,12526680,0,8649532,11232764,6637248,0,2012284,11232764,0,0,8388604,8388604,0,0,108,0,6619068,401120,18368,787764,1234568,787764,446804,13920,43788,0,0,0,0,41230184,10091832,34359738367,83828,0,78160,0,0,0,0,0,0,0,0,0,0,0,2048,0,1485584,27715584,38797312
1767051148.002185,2185,ubuntu-rog,1,0,0,65683160,43312536,56614688,736636,12526680,0,8649532,11232764,6637248,0,2012284,11232764,0,0,8388604,8388604,0,0,108,0,6619068,401120,18368,787764,1234568,787764,446804,13920,43788,0,0,0,0,41230184,10091832,34359738367,83828,0,78160,0,0,0,0,0,0,0,0,0,0,0,2048,0,1485584,27715584,38797312
1767051149.001191,1191,ubuntu-rog,1,0,0,65683160,43334424,56636576,736636,12526680,0,8649532,11232764,6637248,0,2012284,11232764,0,0,8388604,8388604,0,0,108,0,6619068,401120,18368,787764,1234568,787764,446804,13920,43788,0,0,0,0,41230184,10091832,34359738367,83828,0,78160,0,0,0,0,0,0,0,0,0,0,0,2048,0,1485584,27715584,38797312
1767051150.002288,2288,ubuntu-rog,1,0,0,65683160,43348952,56651104,736640,12526676,0,8649532,11232764,6637248,0,2012284,11232764,0,0,8388604,8388604,0,0,108,0,6619068,401120,18368,787764,1234568,787764,446804,13920,43788,0,0,0,0,41230184,10091832,34359738367,83828,0,78160,0,0,0,0,0,0,0,0,0,0,0,2048,0,1485584,27715584,38797312
1767051151.001066,1066,ubuntu-rog,1,0,0,65683160,43363924,56666080,736640,12526684,0,8649532,11232768,6637248,0,2012284,11232768,0,0,8388604,8388604,0,0,156,0,6619068,401120,18368,787764,1234568,787764,446804,13920,43788,0,0,0,0,41230184,10091832,34359738367,83828,0,78160,0,0,0,0,0,0,0,0,0,0,0,2048,0,1485584,27715584,38797312
1767051152.002180,2180,ubuntu-rog,1,0,0,65683160,43375640,56677796,736640,12526684,0,8649532,11232768,6637248,0,2012284,11232768,0,0,8388604,8388604,0,0,156,0,6619068,401120,18368,787764,1234568,787764,446804,13920,43788,0,0,0,0,41230184,10091832,34359738367,83828,0,78160,0,0,0,0,0,0,0,0,0,0,0,2048,0,1485584,27715584,38797312
1767051153.001271,1271,ubuntu-rog,1,0,0,65683160,43387684,56689840,736640,12526688,0,8649532,11232768,6637248,0,2012284,11232768,0,0,8388604,8388604,0,0,160,0,6619068,401120,18368,787764,1234568,787764,446804,13920,43788,0,0,0,0,41230184,10091832,34359738367,83828,0,78160,0,0,0,0,0,0,0,0,0,0,0,2048,0,1485584,27715584,38797312
1767051154.001064,1064,ubuntu-rog,1,0,0,65683160,43399516,56701672,736640,12526688,0,8649532,11232768,6637248,0,2012284,11232768,0,0,8388604,8388604,0,0,160,0,6619068,401120,18368,787764,1234568,787764,446804,13920,43788,0,0,0,0,41230184,10091832,34359738367,83828,0,78160,0,0,0,0,0,0,0,0,0,0,0,2048,0,1485584,27715584,38797312
1767051155.001188,1188,ubuntu-rog,1,0,0,65683160,43409692,56711876,736640,12526692,0,8649532,11232796,6637248,0,2012284,11232796,0,0,8388604,8388604,0,0,64,0,6619068,401120,18368,787764,1234568,787764,446804,13920,43788,0,0,0,0,41230184,10091832,34359738367,83828,0,78160,0,0,0,0,0,0,0,0,0,0,0,2048,0,1485584,27715584,38797312
1767051156.002276,2276,ubuntu-rog,1,0,0,65683160,43420432,56722616,736644,12526692,0,8649532,11232796,6637248,0,2012284,11232796,0,0,8388604,8388604,0,0,68,0,6619068,401120,18368,787764,1234568,787764,446804,13920,43788,0,0,0,0,41230184,10091832,34359738367,83828,0,78160,0,0,0,0,0,0,0,0,0,0,0,2048,0,1485584,27715584,38797312
1767051157.001153,1153,ubuntu-rog,1,0,0,65683160,43431036,56733224,736644,12526696,0,8649532,11232800,6637248,0,2012284,11232800,0,0,8388604,8388604,0,0,76,0,6619068,401120,18368,787764,1234568,787764,446804,13920,43788,0,0,0,0,41230184,10091832,34359738367,83828,0,78160,0,0,0,0,0,0,0,0,0,0,0,2048,0,1485584,27715584,38797312
1767051158.002188,2188,ubuntu-rog,1,0,0,65683160,43440328,56742516,736644,12526700,0,8649532,11232800,6637248,0,2012284,11232800,0,0,8388604,8388604,0,0,80,0,6619068,401120,18368,787764,1234568,787764,446804,13920,43788,0,0,0,0,41230184,10091832,34359738367,83828,0,78160,0,0,0,0,0,0,0,0,0,0,0,2048,0,1485584,27715584,38797312
1767051159.001283,1283,ubuntu-rog,1,0,0,65683160,43449976,56752164,736644,12526704,0,8649532,11232800,6637248,0,2012284,11232800,0,0,8388604,8388604,0,0,84,0,6619068,401120,18368,787764,1234568,787764,446804,13920,43788,0,0,0,0,41230184,10091832,34359738367,83828,0,78160,0,0,0,0,0,0,0,0,0,0,0,2048,0,1485584,27715584,38797312
1767051160.001059,1059,ubuntu-rog,1,0,0,65683160,43459560,56761748,736644,12526704,0,8649532,11232800,6637248,0,2012284,11232800,0,0,8388604,8388604,0,0,84,0,6619068,401120,18368,787764,1234568,787764,446804,13920,43788,0,0,0,0,41230184,10091832,34359738367,83828,0,78160,0,0,0,0,0,0,0,0,0,0,0,2048,0,1485584,27715584,38797312
1767051161.001183,1183,ubuntu-rog,1,0,0,65683160,43469128,56771316,736644,12526704,0,8649532,11232800,6637248,0,2012284,11232800,0,0,8388604,8388604,0,0,84,0,6619068,401120,18368,787764,1234568,787764,446804,13920,43788,0,0,0,0,41230184,10091832,34359738367,83828,0,78160,0,0,0,0,0,0,0,0,0,0,0,2048,0,1485584,27715584,38797312
1767051162.002271,2271,ubuntu-rog,1,0,0,65683160,43478000,56780188,736652,12526700,0,8649532,11232800,6637248,0,2012284,11232800,0,0,8388604,8388604,0,0,88,0,6619068,401120,18368,787764,1234568,787764,446804,13920,43788,0,0,0,0,41230184,10091832,34359738367,83828,0,78160,0,0,0,0,0,0,0,0,0,0,0,2048,0,1485584,27715584,38797312
1767051163.001064,1064,ubuntu-rog,1,0,0,65683160,43487976,56790172,736652,12526708,0,8649532,11232808,6637248,0,2012284,11232808,0,0,8388604,8388604,0,0,88,0,6619068,401120,18368,787764,1234568,787764,446804,13920,43788,0,0,0,0,41230184,10091832,34359738367,83828,0,78160,0,0,0,0,0,0,0,0,0,0,0,2048,0,1485584,27715584,38797312
1767051164.001186,1186,ubuntu-rog,1,0,0,65683160,43496460,56798656,736652,12526708,0,8649532,11232808,6637248,0,2012284,11232808,0,0,8388604,8388604,0,0,88,0,6619068,401120,18368,787764,1234568,787764,446804,13920,43788,0,0,0,0,41230184,10091832,34359738367,83828,0,78160,0,0,0,0,0,0,0,0,0,0,0,2048,0,1485584,27715584,38797312
1767051165.001279,1279,ubuntu-rog,1,0,0,65683160,43504668,56806864,736652,12526708,0,8649532,11232808,6637248,0,2012284,11232808,0,0,8388604,8388604,0,0,48,0,6619068,401120,18368,787764,1234568,787764,446804,13920,43788,0,0,0,0,41230184,10091832,34359738367,83828,0,78160,0,0,0,0,0,0,0,0,0,0,0,2048,0,1485584,27715584,38797312
1767051166.001062,1062,ubuntu-rog,1,0,0,65683160,43513300,56815496,736652,12526716,0,8649532,11232808,6637248,0,2012284,11232808,0,0,8388604,8388604,0,0,60,0,6619068,401120,18368,787764,1234568,787764,446804,13920,43788,0,0,0,0,41230184,10091832,34359738367,83828,0,78160,0,0,0,0,0,0,0,0,0,0,0,2048,0,1485584,27715584,38797312
1767051167.002190,2190,ubuntu-rog,1,0,0,65683160,43521396,56823592,736656,12526712,0,8649420,11232808,6637136,0,2012284,11232808,0,0,8388604,8388604,0,0,60,0,6619064,401120,18368,787764,1234568,787764,446804,13920,43788,0,0,0,0,41230184,10091832,34359738367,83828,0,78160,0,0,0,0,0,0,0,0,0,0,0,2048,0,1485584,27715584,38797312
1767051168.001291,1291,ubuntu-rog,1,0,0,65683160,43529460,56831656,736656,12526716,0,8649420,11232808,6637136,0,2012284,11232808,0,0,8388604,8388604,0,0,72,0,6619064,401120,18368,787764,1234568,787764,446804,13920,43788,0,0,0,0,41230184,10091832,34359738367,83828,0,78160,0,0,0,0,0,0,0,0,0,0,0,2048,0,1485584,27715584,38797312
1767051169.001063,1063,ubuntu-rog,1,0,0,65683160,43537524,56839720,736656,12526724,0,8649420,11232808,6637136,0,2012284,11232808,0,0,8388604,8388604,0,0,80,0,6619064,401120,18368,787764,1234568,787764,446804,13920,43788,0,0,0,0,41230184,10091832,34359738367,83828,0,78160,0,0,0,0,0,0,0,0,0,0,0,2048,0,1485584,27715584,38797312
1767051170.001128,1128,ubuntu-rog,1,0,0,65683160,43544392,56846592,736656,12526724,0,8649420,11232812,6637136,0,2012284,11232812,0,0,8388604,8388604,0,0,56,0,6619064,401120,18368,787764,1234568,787764,446804,13920,43788,0,0,0,0,41230184,10091832,34359738367,83828,0,78160,0,0,0,0,0,0,0,0,0,0,0,2048,0,1485584,27715584,38797312
1767051171.002274,2274,ubuntu-rog,1,0,0,65683160,43550048,56852248,736656,12526724,0,8649420,11232812,6637136,0,2012284,11232812,0,0,8388604,8388604,0,0,56,0,6619064,401120,18368,787764,1234568,787764,446804,13920,43788,0,0,0,0,41230184,10091832,34359738367,83828,0,78160,0,0,0,0,0,0,0,0,0,0,0,2048,0,1485584,27715584,38797312
1767051172.001056,1056,ubuntu-rog,1,0,0,65683160,43555176,56857376,736660,12526724,0,8649420,11232812,6637136,0,2012284,11232812,0,0,8388604,8388604,0,0,64,0,6619064,401120,18368,787764,1234568,787764,446804,13920,43788,0,0,0,0,41230184,10091832,34359738367,83828,0,78160,0,0,0,0,0,0,0,0,0,0,0,2048,0,1485584,27715584,38797312
1767051173.001192,1192,ubuntu-rog,1,0,0,65683160,43559968,56862168,736660,12526732,0,8649420,11232812,6637136,0,2012284,11232812,0,0,8388604,8388604,0,0,72,0,6619064,401120,18368,787764,1234568,787764,446804,13920,43788,0,0,0,0,41230184,10091832,34359738367,83828,0,78160,0,0,0,0,0,0,0,0,0,0,0,2048,0,1485584,27715584,38797312
1767051174.001282,1282,ubuntu-rog,1,0,0,65683160,43563708,56865908,736660,12526732,0,8649420,11232812,6637136,0,2012284,11232812,0,0,8388604,8388604,0,0,72,0,6619064,401120,18368,787764,1234568,787764,446804,13920,43788,0,0,0,0,41230184,10091832,34359738367,83828,0,78160,0,0,0,0,0,0,0,0,0,0,0,2048,0,1485584,27715584,38797312
1767051175.001060,1060,ubuntu-rog,1,0,0,65683160,43567528,56869728,736660,12526732,0,8649420,11232812,6637136,0,2012284,11232812,0,0,8388604,8388604,0,0,72,0,6619064,401120,18368,787764,1234568,787764,446804,13920,43788,0,0,0,0,41230184,10091832,34359738367,83828,0,78160,0,0,0,0,0,0,0,0,0,0,0,2048,0,1485584,27715584,38797312
1767051176.004465,4465,ubuntu-rog,1,0,0,65683160,43570572,56872776,736660,12526732,0,8649420,11232816,6637136,0,2012284,11232816,0,0,8388604,8388604,0,0,48,0,6619064,401120,18368,787764,1234568,787764,446804,13920,43788,0,0,0,0,41230184,10091832,34359738367,83828,0,78160,0,0,0,0,0,0,0,0,0,0,0,2048,0,1485584,27715584,38797312
1767051177.001299,1299,ubuntu-rog,1,0,0,65683160,43572996,56875200,736664,12526732,0,8649420,11232816,6637136,0,2012284,11232816,0,0,8388604,8388604,0,0,52,0,6619064,401120,18368,787764,1234568,787764,446804,13920,43788,0,0,0,0,41230184,10091832,34359738367,83828,0,78160,0,0,0,0,0,0,0,0,0,0,0,2048,0,1485584,27715584,38797312
1767051178.001072,1072,ubuntu-rog,1,0,0,65683160,43575256,56877464,736664,12526740,0,8649420,11232820,6637136,0,2012284,11232820,0,0,8388604,8388604,0,0,60,0,6619064,401120,18368,787764,1234568,787764,446804,13920,43788,0,0,0,0,41230184,10091832,34359738367,83828,0,78160,0,0,0,0,0,0,0,0,0,0,0,2048,0,1485584,27715584,38797312
1767051179.001128,1128,ubuntu-rog,1,0,0,65683160,43577608,56879816,736664,12526740,0,8649420,11232820,6637136,0,2012284,11232820,0,0,8388604,8388604,0,0,60,0,6619064,401120,18368,787764,1234568,787764,446804,13920,43788,0,0,0,0,41230184,10091832,34359738367,83828,0,78160,0,0,0,0,0,0,0,0,0,0,0,2048,0,1485584,27715584,38797312
1767051180.002266,2266,ubuntu-rog,1,0,0,65683160,43583264,56885472,736664,12526740,0,8649420,11232820,6637136,0,2012284,11232820,0,0,8388604,8388604,0,0,60,0,6619064,401120,18368,787764,1234568,787764,446804,13920,43788,0,0,0,0,41230184,10091832,34359738367,83828,0,78160,0,0,0,0,0,0,0,0,0,0,0,2048,0,1485584,27715584,38797312
1767051181.001059,1059,ubuntu-rog,1,0,0,65683160,43583444,56885652,736664,12526744,0,8649420,11232820,6637136,0,2012284,11232820,0,0,8388604,8388604,0,0,64,0,6619064,401120,18368,787764,1234564,787764,446800,13920,43788,0,0,0,0,41230184,10091832,34359738367,83828,0,78160,0,0,0,0,0,0,0,0,0,0,0,2048,0,1485584,27715584,38797312
1767051182.001194,1194,ubuntu-rog,1,0,0,65683160,43583444,56885652,736664,12526748,0,8649420,11232820,6637136,0,2012284,11232820,0,0,8388604,8388604,0,0,72,0,6619064,401120,18368,787764,1234564,787764,446800,13920,43788,0,0,0,0,41230184,10091832,34359738367,83828,0,78160,0,0,0,0,0,0,0,0,0,0,0,2048,0,1485584,27715584,38797312
1767051183.001286,1286,ubuntu-rog,1,0,0,65683160,43583444,56885652,736664,12526748,0,8649420,11232820,6637136,0,2012284,11232820,0,0,8388604,8388604,0,0,76,0,6619064,401120,18368,787764,1234564,787764,446800,13920,43788,0,0,0,0,41230184,10091832,34359738367,83828,0,78160,0,0,0,0,0,0,0,0,0,0,0,2048,0,1485584,27715584,38797312
1767051184.002058,2058,ubuntu-rog,1,0,0,65683160,43584332,56886540,736664,12526752,0,8649420,11232820,6637136,0,2012284,11232820,0,0,8388604,8388604,0,0,80,0,6619064,401120,18368,787764,1234564,787764,446800,13920,43788,0,0,0,0,41230184,10091832,34359738367,83828,0,78160,0,0,0,0,0,0,0,0,0,0,0,2048,0,1485584,27715584,38797312
1767051185.001412,1412,ubuntu-rog,1,0,0,65683160,43585420,56887628,736664,12526756,0,8649420,11232820,6637136,0,2012284,11232820,0,0,8388604,8388604,0,0,84,0,6619064,401120,18368,787764,1234564,787764,446800,13920,43788,0,0,0,0,41230184,10091832,34359738367,83828,0,78160,0,0,0,0,0,0,0,0,0,0,0,2048,0,1485584,27715584,38797312
1767051186.002286,2286,ubuntu-rog,1,0,0,65683160,43585420,56887628,736664,12526756,0,8649420,11232820,6637136,0,2012284,11232820,0,0,8388604,8388604,0,0,84,0,6619064,401120,18368,787764,1234564,787764,446800,13920,43788,0,0,0,0,41230184,10091832,34359738367,83828,0,78160,0,0,0,0,0,0,0,0,0,0,0,2048,0,1485584,27715584,38797312
1767051187.001062,1062,ubuntu-rog,1,0,0,65683160,43585420,56887628,736672,12526748,0,8649420,11232820,6637136,0,2012284,11232820,0,0,8388604,8388604,0,0,52,0,6619064,401120,18368,787764,1234564,787764,446800,13920,43788,0,0,0,0,41230184,10091832,34359738367,83828,0,78160,0,0,0,0,0,0,0,0,0,0,0,2048,0,1485584,27715584,38797312
1767051188.001190,1190,ubuntu-rog,1,0,0,65683160,43585420,56887632,736672,12526760,0,8649420,11232820,6637136,0,2012284,11232820,0,0,8388604,8388604,0,0,60,0,6619064,401120,18368,787768,1234568,787768,446800,13920,43788,0,0,0,0,41230184,10091832,34359738367,83828,0,78160,0,0,0,0,0,0,0,0,0,0,0,2048,0,1485584,27715584,38797312
1767051189.001277,1277,ubuntu-rog,1,0,0,65683160,43585420,56887632,736672,12526760,0,8649420,11232820,6637136,0,2012284,11232820,0,0,8388604,8388604,0,0,60,0,6619064,401120,18368,787768,1234568,787768,446800,13920,43788,0,0,0,0,41230184,10091832,34359738367,83828,0,78160,0,0,0,0,0,0,0,0,0,0,0,2048,0,1485584,27715584,38797312
1767051190.002054,2054,ubuntu-rog,1,0,0,65683160,43585420,56887632,736672,12526760,0,8649420,11232820,6637136,0,2012284,11232820,0,0,8388604,8388604,0,0,60,0,6619064,401120,18368,787768,1234568,787768,446800,13920,43788,0,0,0,0,41230184,10091832,34359738367,83828,0,78160,0,0,0,0,0,0,0,0,0,0,0,2048,0,1485584,27715584,38797312
1767051191.001404,1404,ubuntu-rog,1,0,0,65683160,43585420,56887632,736672,12526764,0,8649420,11232820,6637136,0,2012284,11232820,0,0,8388604,8388604,0,0,64,0,6619064,401120,18368,787768,1234568,787768,446800,13920,43788,0,0,0,0,41230184,10879924,34359738367,83828,0,78160,0,0,0,0,0,0,0,0,0,0,0,2048,0,1485584,27715584,38797312
1767051192.001592,1592,ubuntu-rog,1,0,0,65683160,43585420,56887632,736676,12526764,0,8652988,11232820,6640704,0,2012284,11232820,0,0,8388604,8388604,0,0,72,0,6622708,401120,18368,787768,1234568,787768,446800,13920,43800,0,0,0,0,41230184,10879924,34359738367,83828,0,78160,0,0,0,0,0,0,0,0,0,0,0,2048,0,1485584,27715584,38797312
1767051193.001022,1022,ubuntu-rog,1,0,0,65683160,43584068,56886280,736676,12526768,0,8657080,11232820,6644796,0,2012284,11232820,0,0,8388604,8388604,0,0,92,0,6626792,401120,18368,787768,1234560,787768,446792,13920,43808,0,0,0,0,41230184,10879924,34359738367,83828,0,78160,0,0,0,0,0,0,0,0,0,0,0,2048,0,1485584,27715584,38797312
1767051194.001229,1229,ubuntu-rog,1,0,0,65683160,43579636,56881848,736676,12526772,0,8660924,11232820,6648640,0,2012284,11232820,0,0,8388604,8388604,0,0,96,0,6631020,401120,18368,787768,1234560,787768,446792,13920,43816,0,0,0,0,41230184,10879924,34359738367,83828,0,78160,0,0,0,0,0,0,0,0,0,0,0,2048,0,1485584,27715584,38797312
1767051195.001391,1391,ubuntu-rog,1,0,0,65683160,43571572,56873784,736676,12526776,0,8665016,11232820,6652732,0,2012284,11232820,0,0,8388604,8388604,0,0,100,0,6634700,401120,18368,787768,1234560,787768,446792,13920,43824,0,0,0,0,41230184,10879924,34359738367,83828,0,78160,0,0,0,0,0,0,0,0,0,0,0,2048,0,1485584,27715584,38797312
1767051196.001427,1427,ubuntu-rog,1,0,0,65683160,43573340,56875564,736676,12526776,0,8669232,11232832,6656948,0,2012284,11232832,0,0,8388604,8388604,0,0,60,0,6639012,401120,18368,787768,1234568,787768,446800,13936,43832,0,0,0,0,41230184,10880092,34359738367,83844,0,78160,0,0,0,0,0,0,0,0,0,0,0,2048,0,1485584,27715584,38797312
1767051197.001623,1623,ubuntu-rog,1,0,0,65683160,43569960,56872184,736684,12526776,0,8673076,11232832,6660792,0,2012284,11232832,0,0,8388604,8388604,0,0,72,0,6643248,401120,18368,787768,1234568,787768,446800,13936,43840,0,0,0,0,41230184,10880092,34359738367,83844,0,78160,0,0,0,0,0,0,0,0,0,0,0,2048,0,1485584,27715584,38797312
1767051198.001782,1782,ubuntu-rog,1,0,0,65683160,43565528,56867752,736684,12526780,0,8677168,11232832,6664884,0,2012284,11232832,0,0,8388604,8388604,0,0,76,0,6646932,401120,18368,787768,1234568,787768,446800,13936,43848,0,0,0,0,41230184,10880092,34359738367,83844,0,78160,0,0,0,0,0,0,0,0,0,0,0,2048,0,1485584,27715584,38797312
1767051199.001809,1809,ubuntu-rog,1,0,0,65683160,43557464,56859688,736684,12526784,0,8681260,11232832,6668976,0,2012284,11232832,0,0,8388604,8388604,0,0,84,0,6651016,401120,18368,787768,1234552,787768,446784,13936,43856,0,0,0,0,41230184,10880092,34359738367,83844,0,78160,0,0,0,0,0,0,0,0,0,0,0,2048,0,1485584,27715584,38797312
1767051200.001997,1997,ubuntu-rog,1,0,0,65683160,43557464,56859696,736684,12526784,0,8685104,11232840,6672820,0,2012284,11232840,0,0,8388604,8388604,0,0,84,0,6654848,401120,18368,787768,1234552,787768,446784,13936,43864,0,0,0,0,41230184,10880092,34359738367,83844,0,78160,0,0,0,0,0,0,0,0,0,0,0,2048,0,1485584,27715584,38797312
1767051201.001119,1119,ubuntu-rog,1,0,0,65683160,43549400,56851632,736684,12526784,0,8689196,11232840,6676912,0,2012284,11232840,0,0,8388604,8388604,0,0,84,0,6658960,401120,18368,787768,1234552,787768,446784,13936,43872,0,0,0,0,41230184,10880092,34359738367,83844,0,78160,0,0,0,0,0,0,0,0,0,0,0,2048,0,1485584,27715584,38797312
1767051202.001149,1149,ubuntu-rog,1,0,0,65683160,43549400,56851632,736688,12526784,0,8693040,11232840,6680756,0,2012284,11232840,0,0,8388604,8388604,0,0,84,0,6663216,401120,18368,787768,1234552,787768,446784,13936,43880,0,0,0,0,41230184,10880092,34359738367,83844,0,78160,0,0,0,0,0,0,0,0,0,0,0,2048,0,1485584,27715584,38797312
1767051203.001352,1352,ubuntu-rog,1,0,0,65683160,43541336,56843572,736688,12526788,0,8697132,11232844,6684848,0,2012284,11232844,0,0,8388604,8388604,0,0,88,0,6666892,401120,18368,787768,1234552,787768,446784,13936,43888,0,0,0,0,41230184,10880092,34359738367,83844,0,78160,0,0,0,0,0,0,0,0,0,0,0,2048,0,1485584,27715584,38797312
1767051204.001511,1511,ubuntu-rog,1,0,0,65683160,43541336,56843572,736688,12526792,0,8701224,11232844,6688940,0,2012284,11232844,0,0,8388604,8388604,0,0,92,0,6671004,401120,18368,787768,1234552,787768,446784,13936,43896,0,0,0,0,41230184,10880092,34359738367,83844,0,78160,0,0,0,0,0,0,0,0,0,0,0,2048,0,1485584,27715584,38797312
1767051205.001565,1565,ubuntu-rog,1,0,0,65683160,43533272,56835508,736688,12526792,0,8705068,11232844,6692784,0,2012284,11232844,0,0,8388604,8388604,0,0,92,0,6675280,401120,18368,787768,1234552,787768,446784,13936,43904,0,0,0,0,41230184,10880092,34359738367,83844,0,78160,0,0,0,0,0,0,0,0,0,0,0,2048,0,1485584,27715584,38797312
1767051206.001805,1805,ubuntu-rog,1,0,0,65683160,43533272,56835516,736688,12526796,0,8709100,11232852,6696816,0,2012284,11232852,0,0,8388604,8388604,0,0,68,0,6678920,401120,18368,787768,1234552,787768,446784,13936,43912,0,0,0,0,41230184,10880092,34359738367,83844,0,78160,0,0,0,0,0,0,0,0,0,0,0,2048,0,1485584,27715584,38797312
1767051207.001979,1979,ubuntu-rog,1,0,0,65683160,43525208,56827452,736692,12526796,0,8713192,11232852,6700908,0,2012284,11232852,0,0,8388604,8388604,0,0,72,0,6683004,401120,18368,787768,1234552,787768,446784,13936,43920,0,0,0,0,41230184,10880092,34359738367,83844,0,78160,0,0,0,0,0,0,0,0,0,0,0,2048,0,1485584,27715584,38797312
1767051208.002010,2010,ubuntu-rog,1,0,0,65683160,43525208,56827456,736692,12526800,0,8717036,11232856,6704752,0,2012284,11232856,0,0,8388604,8388604,0,0,76,0,6686864,401120,18368,787768,1234552,787768,446784,13936,43928,0,0,0,0,41230184,10880092,34359738367,83844,0,78160,0,0,0,0,0,0,0,0,0,0,0,2048,0,1485584,27715584,38797312
1767051209.001093,1093,ubuntu-rog,1,0,0,65683160,43509080,56811328,736692,12526800,0,8721252,11232856,6708968,0,2012284,11232856,0,0,8388604,8388604,0,0,76,0,6690980,401120,18368,787768,1234552,787768,446784,13936,43936,0,0,0,0,41230184,10880092,34359738367,83844,0,78160,0,0,0,0,0,0,0,0,0,0,0,2048,0,1485584,27715584,38797312
1767051210.001283,1283,ubuntu-rog,1,0,0,65683160,43509080,56811328,736692,12526808,0,8725096,11232856,6712812,0,2012284,11232856,0,0,8388604,8388604,0,0,88,0,6695224,401120,18368,787768,1234552,787768,446784,13936,43944,0,0,0,0,41230184,10880092,34359738367,83844,0,78160,0,0,0,0,0,0,0,0,0,0,0,2048,0,1485584,27715584,38797312
1767051211.001309,1309,ubuntu-rog,1,0,0,65683160,43501016,56803264,736692,12526808,0,8729188,11232856,6716904,0,2012284,11232856,0,0,8388604,8388604,0,0,88,0,6698912,401120,18368,787768,1234552,787768,446784,13936,43952,0,0,0,0,41230184,10880092,34359738367,83844,0,78160,0,0,0,0,0,0,0,0,0,0,0,2048,0,1485584,27715584,38797312
1767051212.001493,1493,ubuntu-rog,1,0,0,65683160,43501016,56803272,736696,12526808,0,8733156,11232864,6720872,0,2012284,11232864,0,0,8388604,8388604,0,0,88,0,6703000,401120,18368,787768,1234552,787768,446784,13936,43960,0,0,0,0,41230184,10880092,34359738367,83844,0,78160,0,0,0,0,0,0,0,0,0,0,0,2048,0,1485584,27715584,38797312
1767051213.001140,1140,ubuntu-rog,1,0,0,65683160,43492952,56795208,736696,12526808,0,8737000,11232864,6724716,0,2012284,11232864,0,0,8388604,8388604,0,0,88,0,6706824,401120,18368,787768,1234552,787768,446784,13936,43964,0,0,0,0,41230184,10880092,34359738367,83844,0,78160,0,0,0,0,0,0,0,0,0,0,0,2048,0,1485584,27715584,38797312
1767051214.001167,1167,ubuntu-rog,1,0,0,65683160,43492952,56795208,736696,12526812,0,8741092,11232864,6728808,0,2012284,11232864,0,0,8388604,8388604,0,0,92,0,6710940,401120,18368,787768,1234552,787768,446784,13936,43972,0,0,0,0,41230184,10880092,34359738367,83844,0,78160,0,0,0,0,0,0,0,0,0,0,0,2048,0,1485584,27715584,38797312
1767051215.001352,1352,ubuntu-rog,1,0,0,65683160,43484888,56787144,736696,12526812,0,8745184,11232864,6732900,0,2012284,11232864,0,0,8388604,8388604,0,0,92,0,6715020,401120,18368,787768,1234552,787768,446784,13936,43980,0,0,0,0,41230184,10880092,34359738367,83844,0,78160,0,0,0,0,0,0,0,0,0,0,0,2048,0,1485584,27715584,38797312
1767051216.001510,1510,ubuntu-rog,1,0,0,65683160,43484888,56787148,736696,12526812,0,8749028,11232868,6736744,0,2012284,11232868,0,0,8388604,8388604,0,0,76,0,6718844,401120,18368,787768,1234552,787768,446784,13936,43988,0,0,0,0,41230184,10880092,34359738367,83844,0,78160,0,0,0,0,0,0,0,0,0,0,0,2048,0,1485584,27715584,38797312
1767051217.001020,1020,ubuntu-rog,1,0,0,65683160,43476824,56779092,736700,12526816,0,8753120,11232876,6740836,0,2012284,11232876,0,0,8388604,8388604,0,0,84,0,6722928,401120,18368,787768,1234552,787768,446784,13936,43996,0,0,0,0,41230184,10880092,34359738367,83844,0,78160,0,0,0,0,0,0,0,0,0,0,0,2048,0,1485584,27715584,38797312
1767051218.001117,1117,ubuntu-rog,1,0,0,65683160,43476824,56779092,736700,12526820,0,8757368,11232876,6745084,0,2012284,11232876,0,0,8388604,8388604,0,0,88,0,6727188,401120,18368,787768,1234552,787768,446784,13936,44004,0,0,0,0,41230184,10880092,34359738367,83844,0,78160,0,0,0,0,0,0,0,0,0,0,0,2048,0,1485584,27715584,38797312
1767051219.001311,1311,ubuntu-rog,1,0,0,65683160,43468760,56771032,736700,12526824,0,8761136,11232880,6748852,0,2012284,11232880,0,0,8388604,8388604,0,0,52,0,6730896,401120,18368,787768,1234552,787768,446784,13936,44012,0,0,0,0,41230184,10880092,34359738367,83844,0,78160,0,0,0,0,0,0,0,0,0,0,0,2048,0,1485584,27715584,38797312
1767051220.001338,1338,ubuntu-rog,1,0,0,65683160,43468760,56771032,736700,12526824,0,8765228,11232880,6752944,0,2012284,11232880,0,0,8388604,8388604,0,0,52,0,6734996,401120,18368,787768,1234552,787768,446784,13936,44020,0,0,0,0,41230184,10880092,34359738367,83844,0,78160,0,0,0,0,0,0,0,0,0,0,0,2048,0,1485584,27715584,38797312
1767051221.001093,1093,ubuntu-rog,1,0,0,65683160,43460696,56762972,736700,12526828,0,8769196,11232884,6756912,0,2012284,11232884,0,0,8388604,8388604,0,0,56,0,6738860,401120,18368,787768,1234552,787768,446784,13936,44028,0,0,0,0,41230184,10880092,34359738367,83844,0,78160,0,0,0,0,0,0,0,0,0,0,0,2048,0,1485584,27715584,38797312
1767051222.001282,1282,ubuntu-rog,1,0,0,65683160,43460696,56762972,736704,12526828,0,8773288,11232884,6761004,0,2012284,11232884,0,0,8388604,8388604,0,0,60,0,6742944,401120,18368,787768,1234552,787768,446784,13936,44036,0,0,0,0,41230184,10880092,34359738367,83844,0,78160,0,0,0,0,0,0,0,0,0,0,0,2048,0,1485584,27715584,38797312
1767051223.001314,1314,ubuntu-rog,1,0,0,65683160,43452632,56754908,736704,12526832,0,8777380,11232884,6765096,0,2012284,11232884,0,0,8388604,8388604,0,0,64,0,6747028,401120,18368,787768,1234552,787768,446784,13936,44044,0,0,0,0,41230184,10880092,34359738367,83844,0,78160,0,0,0,0,0,0,0,0,0,0,0,2048,0,1485584,27715584,38797312
1767051224.001090,1090,ubuntu-rog,1,0,0,65683160,43452632,56754912,736704,12526832,0,8781100,11232888,6768816,0,2012284,11232888,0,0,8388604,8388604,0,0,64,0,6750856,401120,18368,787768,1234552,787768,446784,13936,44052,0,0,0,0,41230184,10880092,34359738367,83844,0,78160,0,0,0,0,0,0,0,0,0,0,0,2048,0,1485584,27715584,38797312
1767051225.001138,1138,ubuntu-rog,1,0,0,65683160,43444568,56746848,736704,12526836,0,8785192,11232888,6772908,0,2012284,11232888,0,0,8388604,8388604,0,0,68,0,6754936,401120,18368,787768,1234552,787768,446784,13936,44060,0,0,0,0,41230184,10880092,34359738367,83844,0,78160,0,0,0,0,0,0,0,0,0,0,0,2048,0,1485584,27715584,38797312
1767051226.001165,1165,ubuntu-rog,1,0,0,65683160,43444568,56746852,736704,12526836,0,8789440,11232892,6777156,0,2012284,11232892,0,0,8388604,8388604,0,0,64,0,6759204,401120,18368,787768,1234552,787768,446784,13936,44068,0,0,0,0,41230184,10880092,34359738367,83844,0,78160,0,0,0,0,0,0,0,0,0,0,0,2048,0,1485584,27715584,38797312
1767051227.001348,1348,ubuntu-rog,1,0,0,65683160,43436504,56738788,736712,12526836,0,8793252,11232892,6780968,0,2012284,11232892,0,0,8388604,8388604,0,0,64,0,6762916,401120,18368,787768,1234552,787768,446784,13936,44076,0,0,0,0,41230184,10880092,34359738367,83844,0,78160,0,0,0,0,0,0,0,0,0,0,0,2048,0,1485584,27715584,38797312
1767051228.001508,1508,ubuntu-rog,1,0,0,65683160,43436504,56738788,736712,12526836,0,8797344,11232892,6785060,0,2012284,11232892,0,0,8388604,8388604,0,0,64,0,6767028,401120,18368,787768,1234552,787768,446784,13936,44084,0,0,0,0,41230184,10880092,34359738367,83844,0,78160,0,0,0,0,0,0,0,0,0,0,0,2048,0,1485584,27715584,38797312
1767051229.001023,1023,ubuntu-rog,1,0,0,65683160,43428440,56730732,736712,12526844,0,8801188,11232900,6788904,0,2012284,11232900,0,0,8388604,8388604,0,0,72,0,6770844,401120,18368,787768,1234552,787768,446784,13936,44092,0,0,0,0,41230184,10880092,34359738367,83844,0,78160,0,0,0,0,0,0,0,0,0,0,0,2048,0,1485584,27715584,38797312
1767051230.001227,1227,ubuntu-rog,1,0,0,65683160,43428440,56730732,736712,12526844,0,8805280,11232900,6792996,0,2012284,11232900,0,0,8388604,8388604,0,0,72,0,6774952,401120,18368,787768,1234552,787768,446784,13936,44100,0,0,0,0,41230184,10880092,34359738367,83844,0,78160,0,0,0,0,0,0,0,0,0,0,0,2048,0,1485584,27715584,38797312
1767051231.001407,1407,ubuntu-rog,1,0,0,65683160,43420376,56722668,736712,12526844,0,8809372,11232900,6797088,0,2012284,11232900,0,0,8388604,8388604,0,0,72,0,6779024,401120,18368,787768,1234552,787768,446784,13936,44108,0,0,0,0,41230184,10880092,34359738367,83844,0,78160,0,0,0,0,0,0,0,0,0,0,0,2048,0,1485584,27715584,38797312
1767051232.001461,1461,ubuntu-rog,1,0,0,65683160,43420376,56722672,736716,12526852,0,8813092,11232900,6800808,0,2012284,11232900,0,0,8388604,8388604,0,0,56,0,6782848,401120,18368,787772,1234556,787772,446784,13936,44116,0,0,0,0,41230184,10880092,34359738367,83844,0,78160,0,0,0,0,0,0,0,0,0,0,0,2048,0,1485584,27715584,38797312
1767051233.001092,1092,ubuntu-rog,1,0,0,65683160,43412312,56714608,736716,12526852,0,8817184,11232900,6804900,0,2012284,11232900,0,0,8388604,8388604,0,0,56,0,6786928,401120,18368,787772,1234556,787772,446784,13936,44124,0,0,0,0,41230184,10880092,34359738367,83844,0,78160,0,0,0,0,0,0,0,0,0,0,0,2048,0,1485584,27715584,38797312
1767051234.001260,1260,ubuntu-rog,1,0,0,65683160,43412312,56714616,736716,12526852,0,8821028,11232908,6808744,0,2012284,11232908,0,0,8388604,8388604,0,0,56,0,6791160,401120,18368,787772,1234556,787772,446784,13936,44128,0,0,0,0,41230184,10880092,34359738367,83844,0,78160,0,0,0,0,0,0,0,0,0,0,0,2048,0,1485584,27715584,38797312
1767051235.001291,1291,ubuntu-rog,1,0,0,65683160,43404248,56706552,736716,12526852,0,8825120,11232908,6812836,0,2012284,11232908,0,0,8388604,8388604,0,0,56,0,6794864,401120,18368,787772,1234556,787772,446784,13936,44136,0,0,0,0,41230184,10880092,34359738367,83844,0,78160,0,0,0,0,0,0,0,0,0,0,0,2048,0,1485584,27715584,38797312
1767051236.001491,1491,ubuntu-rog,1,0,0,65683160,43404248,56706552,736716,12526860,0,8829212,11232908,6816928,0,2012284,11232908,0,0,8388604,8388604,0,0,64,0,6798976,401120,18368,787772,1234556,787772,446784,13936,44144,0,0,0,0,41230184,10880092,34359738367,83844,0,78160,0,0,0,0,0,0,0,0,0,0,0,2048,0,1485584,27715584,38797312
1767051237.001126,1126,ubuntu-rog,1,0,0,65683160,43396184,56698496,736724,12526860,0,8833056,11232916,6820772,0,2012284,11232916,0,0,8388604,8388604,0,0,64,0,6802800,401120,18368,787772,1234556,787772,446784,13936,44152,0,0,0,0,41230184,10880092,34359738367,83844,0,78160,0,0,0,0,0,0,0,0,0,0,0,2048,0,1485584,27715584,38797312
1767051238.001156,1156,ubuntu-rog,1,0,0,65683160,43396184,56698496,736724,12526860,0,8837148,11232916,6824864,0,2012284,11232916,0,0,8388604,8388604,0,0,64,0,6806880,401120,18368,787772,1234556,787772,446784,13936,44160,0,0,0,0,41230184,10880092,34359738367,83844,0,78160,0,0,0,0,0,0,0,0,0,0,0,2048,0,1485584,27715584,38797312
1767051239.001357,1357,ubuntu-rog,1,0,0,65683160,43388120,56690432,736724,12526860,0,8841240,11232916,6828956,0,2012284,11232916,0,0,8388604,8388604,0,0,64,0,6810952,401120,18368,787772,1234556,787772,446784,13936,44168,0,0,0,0,41230184,10880092,34359738367,83844,0,78160,0,0,0,0,0,0,0,0,0,0,0,2048,0,1485584,27715584,38797312
1767051240.001144,1144,ubuntu-rog,1,0,0,65683160,43388120,56690432,736724,12526864,0,8845084,11232916,6832800,0,2012284,11232916,0,0,8388604,8388604,0,0,68,0,6814772,401120,18368,787772,1234556,787772,446784,13936,44176,0,0,0,0,41230184,10880092,34359738367,83844,0,78160,0,0,0,0,0,0,0,0,0,0,0,2048,0,1485584,27715584,38797312
1767051241.001024,1024,ubuntu-rog,1,0,0,65683160,43380056,56682368,736724,12526864,0,8849176,11232916,6836892,0,2012284,11232916,0,0,8388604,8388604,0,0,68,0,6818880,401120,18368,787772,1234556,787772,446784,13936,44184,0,0,0,0,41230184,10880092,34359738367,83844,0,78160,0,0,0,0,0,0,0,0,0,0,0,2048,0,1485584,27715584,38797312
1767051242.001094,1094,ubuntu-rog,1,0,0,65683160,43380056,56682376,736724,12526868,0,8853020,11232924,6840736,0,2012284,11232924,0,0,8388604,8388604,0,0,48,0,6823140,401120,18368,787772,1234556,787772,446784,13936,44192,0,0,0,0,41230184,10880092,34359738367,83844,0,78160,0,0,0,0,0,0,0,0,0,0,0,2048,0,1485584,27715584,38797312
1767051243.001128,1128,ubuntu-rog,1,0,0,65683160,43372380,56674700,736724,12526872,0,8857112,11232924,6844828,0,2012284,11232924,0,0,8388604,8388604,0,0,52,0,6826800,401120,18368,787772,1234556,787772,446784,13936,44200,0,0,0,0,41230184,10880092,34359738367,83844,0,78160,0,0,0,0,0,0,0,0,0,0,0,2048,0,1485584,27715584,38797312
1767051244.001029,1029,ubuntu-rog,1,0,0,65683160,43372800,56675124,736724,12526876,0,8861204,11232928,6848920,0,2012284,11232928,0,0,8388604,8388604,0,0,56,0,6830908,401120,18368,787772,1234556,787772,446784,13936,44208,0,0,0,0,41230184,10880092,34359738367,83828,0,78160,0,0,0,0,0,0,0,0,0,0,0,2048,0,1485584,27715584,38797312
1767051245.001095,1095,ubuntu-rog,1,0,0,65683160,43365428,56667820,736724,12526940,0,8865060,11232932,6852712,0,2012348,11232932,0,0,8388604,8388604,0,0,320,0,6834728,401124,18368,787772,1234540,787772,446768,13952,44220,0,0,0,0,41230184,10880092,34359738367,83828,0,78160,0,0,0,0,0,0,0,0,0,0,0,2048,0,1485584,27715584,38797312
1767051246.001137,1137,ubuntu-rog,1,0,0,65683160,43365040,56667432,736724,12526940,0,8869152,11232932,6856804,0,2012348,11232932,0,0,8388604,8388604,0,0,320,0,6838796,401124,18368,787772,1234540,787772,446768,13952,44228,0,0,0,0,41230184,10880092,34359738367,83828,0,78160,0,0,0,0,0,0,0,0,0,0,0,2048,0,1485584,27715584,38797312
1767051247.001024,1024,ubuntu-rog,1,0,0,65683160,43357364,56659760,736728,12526940,0,8873120,11232936,6860772,0,2012348,11232936,0,0,8388604,8388604,0,0,324,0,6842868,401124,18368,787772,1234540,787772,446768,13952,44236,0,0,0,0,41230184,10880092,34359738367,83828,0,78160,0,0,0,0,0,0,0,0,0,0,0,2048,0,1485584,27715584,38797312
1767051248.001092,1092,ubuntu-rog,1,0,0,65683160,43356976,56659372,736728,12526944,0,8877088,11232936,6864740,0,2012348,11232936,0,0,8388604,8388604,0,0,352,0,6846724,401124,18368,787772,1234540,787772,446768,13952,44244,0,0,0,0,41230184,10880092,34359738367,83828,0,78160,0,0,0,0,0,0,0,0,0,0,0,2048,0,1485584,27715584,38797312
1767051249.001127,1127,ubuntu-rog,1,0,0,65683160,43349300,56651700,736728,12526948,0,8881056,11232940,6868708,0,2012348,11232940,0,0,8388604,8388604,0,0,360,0,6850796,401124,18368,787772,1234540,787772,446768,13952,44248,0,0,0,0,41230184,10880092,34359738367,83828,0,78160,0,0,0,0,0,0,0,0,0,0,0,2048,0,1485584,27715584,38797312
1767051250.001024,1024,ubuntu-rog,1,0,0,65683160,43348912,56651312,736728,12526948,0,8884900,11232940,6872552,0,2012348,11232940,0,0,8388604,8388604,0,0,360,0,6855020,401124,18368,787772,1234536,787772,446764,13952,44256,0,0,0,0,41230184,10880092,34359738367,83828,0,78160,0,0,0,0,0,0,0,0,0,0,0,2048,0,1485584,27715584,38797312
1767051251.001091,1091,ubuntu-rog,1,0,0,65683160,43341236,56643640,736728,12526952,0,8888824,11232944,6876476,0,2012348,11232944,0,0,8388604,8388604,0,0,364,0,6858552,401124,18368,787772,1234536,787772,446764,13952,44264,0,0,0,0,41230184,10879924,34359738367,83828,0,78160,0,0,0,0,0,0,0,0,0,0,0,2048,0,1485584,27715584,38797312
1767051252.001143,1143,ubuntu-rog,1,0,0,65683160,43340848,56643252,736732,12526948,0,8892916,11232944,6880568,0,2012348,11232944,0,0,8388604,8388604,0,0,348,0,6862628,401124,18368,787772,1234536,787772,446764,13952,44272,0,0,0,0,41230184,10879924,34359738367,83828,0,78160,0,0,0,0,0,0,0,0,0,0,0,2048,0,1485584,27715584,38797312
1767051253.001023,1023,ubuntu-rog,1,0,0,65683160,43333172,56635576,736732,12526952,0,8896760,11232944,6884412,0,2012348,11232944,0,0,8388604,8388604,0,0,300,0,6866892,401124,18368,787772,1234536,787772,446764,13952,44276,0,0,0,0,41230184,10879924,34359738367,83828,0,78160,0,0,0,0,0,0,0,0,0,0,0,2048,0,1485584,27715584,38797312
1767051254.001094,1094,ubuntu-rog,1,0,0,65683160,43332784,56635188,736732,12526956,0,8900852,11232944,6888504,0,2012348,11232944,0,0,8388604,8388604,0,0,304,0,6870568,401124,18368,787772,1234536,787772,446764,13952,44284,0,0,0,0,41230184,10879924,34359738367,83828,0,78160,0,0,0,0,0,0,0,0,0,0,0,2048,0,1485584,27715584,38797312
1767051255.001138,1138,ubuntu-rog,1,0,0,65683160,43325108,56627512,736732,12526960,0,8904944,11232944,6892596,0,2012348,11232944,0,0,8388604,8388604,0,0,308,0,6874676,401124,18368,787772,1234536,787772,446764,13952,44292,0,0,0,0,41230184,10879924,34359738367,83828,0,78160,0,0,0,0,0,0,0,0,0,0,0,2048,0,1485584,27715584,38797312
1767051256.001024,1024,ubuntu-rog,1,0,0,65683160,43324720,56627132,736732,12526960,0,8908788,11232952,6896440,0,2012348,11232952,0,0,8388604,8388604,0,0,308,0,6878532,401124,18368,787772,1234536,787772,446764,13952,44300,0,0,0,0,41230184,10879924,34359738367,83828,0,78160,0,0,0,0,0,0,0,0,0,0,0,2048,0,1485584,27715584,38797312
1767051257.001094,1094,ubuntu-rog,1,0,0,65683160,43317044,56619456,736736,12526964,0,8912880,11232952,6900532,0,2012348,11232952,0,0,8388604,8388604,0,0,320,0,6882608,401124,18368,787772,1234536,787772,446764,13952,44308,0,0,0,0,41230184,10879924,34359738367,83828,0,78160,0,0,0,0,0,0,0,0,0,0,0,2048,0,1485584,27715584,38797312
1767051258.001139,1139,ubuntu-rog,1,0,0,65683160,43316656,56619072,736736,12526968,0,8916724,11232956,6904376,0,2012348,11232956,0,0,8388604,8388604,0,0,324,0,6886836,401124,18368,787772,1234536,787772,446764,13952,44316,0,0,0,0,41230184,10879924,34359738367,83828,0,78160,0,0,0,0,0,0,0,0,0,0,0,2048,0,1485584,27715584,38797312
1767051259.001023,1023,ubuntu-rog,1,0,0,65683160,43308980,56611396,736736,12526968,0,8920816,11232956,6908468,0,2012348,11232956,0,0,8388604,8388604,0,0,324,0,6890508,401124,18368,787772,1234536,787772,446764,13952,44324,0,0,0,0,41230184,10879924,34359738367,83828,0,78160,0,0,0,0,0,0,0,0,0,0,0,2048,0,1485584,27715584,38797312
1767051260.001081,1081,ubuntu-rog,1,0,0,65683160,43308592,56611012,736736,12526968,0,8924908,11232960,6912560,0,2012348,11232960,0,0,8388604,8388604,0,0,324,0,6894580,401124,18368,787772,1234536,787772,446764,13952,44332,0,0,0,0,41230184,10879924,34359738367,83828,0,78160,0,0,0,0,0,0,0,0,0,0,0,2048,0,1485584,27715584,38797312
1767051261.001139,1139,ubuntu-rog,1,0,0,65683160,43300916,56603340,736736,12526972,0,8928752,11232964,6916404,0,2012348,11232964,0,0,8388604,8388604,0,0,328,0,6898400,401124,18368,787772,1234536,787772,446764,13952,44340,0,0,0,0,41230184,10879924,34359738367,83828,0,78160,0,0,0,0,0,0,0,0,0,0,0,2048,0,1485584,27715584,38797312
1767051262.001024,1024,ubuntu-rog,1,0,0,65683160,43300528,56602952,736740,12526972,0,8932720,11232964,6920372,0,2012348,11232964,0,0,8388604,8388604,0,0,292,0,6902476,401124,18368,787772,1234536,787772,446764,13952,44348,0,0,0,0,41230184,10879924,34359738367,83828,0,78160,0,0,0,0,0,0,0,0,0,0,0,2048,0,1485584,27715584,38797312
1767051263.001093,1093,ubuntu-rog,1,0,0,65683160,43292852,56595276,736740,12526976,0,8936812,11232964,6924464,0,2012348,11232964,0,0,8388604,8388604,0,0,292,0,6906552,401124,18368,787772,1234536,787772,446764,13952,44356,0,0,0,0,41230184,10879924,34359738367,83828,0,78160,0,0,0,0,0,0,0,0,0,0,0,2048,0,1485584,27715584,38797312
1767051264.001138,1138,ubuntu-rog,1,0,0,65683160,43292464,56594892,736740,12526976,0,8940656,11232968,6928308,0,2012348,11232968,0,0,8388604,8388604,0,0,292,0,6910408,401124,18368,787772,1234536,787772,446764,13952,44364,0,0,0,0,41230184,10879924,34359738367,83828,0,78160,0,0,0,0,0,0,0,0,0,0,0,2048,0,1485584,27715584,38797312
1767051265.001017,1017,ubuntu-rog,1,0,0,65683160,43284788,56587216,736740,12526976,0,8944748,11232968,6932400,0,2012348,11232968,0,0,8388604,8388604,0,0,292,0,6914484,401124,18368,787772,1234536,787772,446764,13952,44372,0,0,0,0,41230184,10879924,34359738367,83828,0,78160,0,0,0,0,0,0,0,0,0,0,0,2048,0,1485584,27715584,38797312
1767051266.001095,1095,ubuntu-rog,1,0,0,65683160,43284400,56586828,736740,12526980,0,8948592,11232968,6936244,0,2012348,11232968,0,0,8388604,8388604,0,0,300,0,6918708,401124,18368,787772,1234536,787772,446764,13952,44380,0,0,0,0,41230184,10879924,34359738367,83828,0,78160,0,0,0,0,0,0,0,0,0,0,0,2048,0,1485584,27715584,38797312
1767051267.001136,1136,ubuntu-rog,1,0,0,65683160,43276724,56579156,736748,12526980,0,8952684,11232972,6940336,0,2012348,11232972,0,0,8388604,8388604,0,0,312,0,6922372,401124,18368,787772,1234536,787772,446764,13952,44388,0,0,0,0,41230184,10879924,34359738367,83828,0,78160,0,0,0,0,0,0,0,0,0,0,0,2048,0,1485584,27715584,38797312
1767051268.001023,1023,ubuntu-rog,1,0,0,65683160,43276336,56578768,736748,12526984,0,8956776,11232972,6944428,0,2012348,11232972,0,0,8388604,8388604,0,0,316,0,6926440,401124,18368,787772,1234536,787772,446764,13952,44396,0,0,0,0,41230184,10879924,34359738367,83828,0,78160,0,0,0,0,0,0,0,0,0,0,0,2048,0,1485584,27715584,38797312
1767051269.001082,1082,ubuntu-rog,1,0,0,65683160,43268660,56571104,736748,12526992,0,8960620,11232984,6948272,0,2012348,11232984,0,0,8388604,8388604,0,0,324,0,6930688,401124,18368,787772,1234536,787772,446764,13952,44404,0,0,0,0,41230184,10879924,34359738367,83828,0,78160,0,0,0,0,0,0,0,0,0,0,0,2048,0,1485584,27715584,38797312
1767051270.001140,1140,ubuntu-rog,1,0,0,65683160,43268272,56570716,736748,12526992,0,8964712,11232984,6952364,0,2012348,11232984,0,0,8388604,8388604,0,0,324,0,6934396,401124,18368,787772,1234536,787772,446764,13952,44412,0,0,0,0,41230184,10879924,34359738367,83828,0,78160,0,0,0,0,0,0,0,0,0,0,0,2048,0,1485584,27715584,38797312
1767051271.001022,1022,ubuntu-rog,1,0,0,65683160,43260596,56563040,736748,12526992,0,8968804,11232984,6956456,0,2012348,11232984,0,0,8388604,8388604,0,0,324,0,6938472,401124,18368,787772,1234536,787772,446764,13952,44420,0,0,0,0,41230184,10879924,34359738367,83828,0,78160,0,0,0,0,0,0,0,0,0,0,0,2048,0,1485584,27715584,38797312
1767051272.001093,1093,ubuntu-rog,1,0,0,65683160,43260208,56562652,736752,12526988,0,8972648,11232984,6960300,0,2012348,11232984,0,0,8388604,8388604,0,0,324,0,6942288,401124,18368,787772,1234536,787772,446764,13952,44424,0,0,0,0,41230184,10879924,34359738367,83828,0,78160,0,0,0,0,0,0,0,0,0,0,0,2048,0,1485584,27715584,38797312
1767051273.001127,1127,ubuntu-rog,1,0,0,65683160,43252532,56554980,736752,12526996,0,8976616,11232988,6964268,0,2012348,11232988,0,0,8388604,8388604,0,0,328,0,6946356,401124,18368,787772,1234536,787772,446764,13952,44432,0,0,0,0,41230184,10879924,34359738367,83828,0,78160,0,0,0,0,0,0,0,0,0,0,0,2048,0,1485584,27715584,38797312
1767051274.001024,1024,ubuntu-rog,1,0,0,65683160,43252144,56554592,736752,12527000,0,8980864,11232988,6968516,0,2012348,11232988,0,0,8388604,8388604,0,0,332,0,6950616,401124,18368,787772,1234536,787772,446764,13952,44440,0,0,0,0,41230184,10879924,34359738367,83828,0,78160,0,0,0,0,0,0,0,0,0,0,0,2048,0,1485584,27715584,38797312
1767051275.001094,1094,ubuntu-rog,1,0,0,65683160,43244468,56546920,736752,12527000,0,8984552,11232992,6972204,0,2012348,11232992,0,0,8388604,8388604,0,0,68,0,6954284,401124,18368,787772,1234536,787772,446764,13952,44448,0,0,0,0,41230184,10879924,34359738367,83828,0,78160,0,0,0,0,0,0,0,0,0,0,0,2048,0,1485584,27715584,38797312
1767051276.001138,1138,ubuntu-rog,1,0,0,65683160,43244080,56546532,736752,12527000,0,8988644,11232992,6976296,0,2012348,11232992,0,0,8388604,8388604,0,0,68,0,6958356,401124,18368,787772,1234536,787772,446764,13952,44456,0,0,0,0,41230184,10879924,34359738367,83828,0,78160,0,0,0,0,0,0,0,0,0,0,0,2048,0,1485584,27715584,38797312
1767051277.001023,1023,ubuntu-rog,1,0,0,65683160,43244080,56546536,736756,12527004,0,8992488,11232996,6980140,0,2012348,11232996,0,0,8388604,8388604,0,0,80,0,6962212,401124,18368,787772,1234536,787772,446764,13952,44464,0,0,0,0,41230184,10879924,34359738367,83828,0,78160,0,0,0,0,0,0,0,0,0,0,0,2048,0,1485584,27715584,38797312
1767051278.001094,1094,ubuntu-rog,1,0,0,65683160,43236016,56538472,736756,12527004,0,8996580,11232996,6984232,0,2012348,11232996,0,0,8388604,8388604,0,0,80,0,6966284,401124,18368,787772,1234536,787772,446764,13952,44472,0,0,0,0,41230184,10879924,34359738367,83828,0,78160,0,0,0,0,0,0,0,0,0,0,0,2048,0,1485584,27715584,38797312
1767051279.001128,1128,ubuntu-rog,1,0,0,65683160,43236016,56538684,736800,12527004,0,9000672,11233204,6988324,0,2012348,11233204,0,0,8388604,8388604,0,0,152,0,6970360,401124,18368,787776,1234540,787776,446764,13952,44480,0,0,0,0,41230184,10879924,34359738367,83828,0,78160,0,0,0,0,0,0,0,0,0,0,0,2048,0,1485584,27715584,38797312
1767051280.001023,1023,ubuntu-rog,1,0,0,65683160,43227952,56530620,736800,12527012,0,9004516,11233204,6992168,0,2012348,11233204,0,0,8388604,8388604,0,0,160,0,6974188,401124,18368,787776,1234540,787776,446764,13952,44488,0,0,0,0,41230184,10879924,34359738367,83828,0,78160,0,0,0,0,0,0,0,0,0,0,0,2048,0,1485584,27715584,38797312
1767051281.001093,1093,ubuntu-rog,1,0,0,65683160,43227952,56530620,736800,12527012,0,9008608,11233204,6996260,0,2012348,11233204,0,0,8388604,8388604,0,0,160,0,6978264,401124,18368,787776,1234540,787776,446764,13952,44496,0,0,0,0,41230184,10879924,34359738367,83828,0,78160,0,0,0,0,0,0,0,0,0,0,0,2048,0,1485584,27715584,38797312
1767051282.001141,1141,ubuntu-rog,1,0,0,65683160,43219888,56522564,736800,12527016,0,9012452,11233212,7000104,0,2012348,11233212,0,0,8388604,8388604,0,0,164,0,6982528,401124,18368,787776,1234540,787776,446764,13952,44504,0,0,0,0,41230184,10879924,34359738367,83828,0,78160,0,0,0,0,0,0,0,0,0,0,0,2048,0,1485584,27715584,38797312
1767051283.001023,1023,ubuntu-rog,1,0,0,65683160,43219888,56522564,736800,12527016,0,9016600,11233212,7004252,0,2012348,11233212,0,0,8388604,8388604,0,0,136,0,6986200,401124,18368,787776,1234540,787776,446764,13952,44512,0,0,0,0,41230184,10879924,34359738367,83828,0,78160,0,0,0,0,0,0,0,0,0,0,0,2048,0,1485584,27715584,38797312
1767051284.001096,1096,ubuntu-rog,1,0,0,65683160,43211824,56514504,736808,12527020,0,9020692,11233216,7008344,0,2012348,11233216,0,0,8388604,8388604,0,0,148,0,6990280,401124,18368,787776,1234540,787776,446764,13952,44520,0,0,0,0,41230184,10879924,34359738367,83828,0,78160,0,0,0,0,0,0,0,0,0,0,0,2048,0,1485584,27715584,38797312
1767051285.001137,1137,ubuntu-rog,1,0,0,65683160,43211824,56514504,736808,12527020,0,9024536,11233216,7012188,0,2012348,11233216,0,0,8388604,8388604,0,0,148,0,6994144,401124,18368,787776,1234540,787776,446764,13952,44528,0,0,0,0,41230184,10879924,34359738367,83828,0,78160,0,0,0,0,0,0,0,0,0,0,0,2048,0,1485584,27715584,38797312
1767051286.001022,1022,ubuntu-rog,1,0,0,65683160,43203760,56506440,736808,12527020,0,9028628,11233216,7016280,0,2012348,11233216,0,0,8388604,8388604,0,0,148,0,6998228,401124,18368,787776,1234540,787776,446764,13952,44536,0,0,0,0,41230184,10879924,34359738367,83828,0,78160,0,0,0,0,0,0,0,0,0,0,0,2048,0,1485584,27715584,38797312
1767051287.001093,1093,ubuntu-rog,1,0,0,65683160,43203760,56506440,736808,12527024,0,9032720,11233216,7020372,0,2012348,11233216,0,0,8388604,8388604,0,0,156,0,7002312,401124,18368,787776,1234540,787776,446764,13952,44544,0,0,0,0,41230184,10879924,34359738367,83828,0,78160,0,0,0,0,0,0,0,0,0,0,0,2048,0,1485584,27715584,38797312
1767051288.001138,1138,ubuntu-rog,1,0,0,65683160,43195696,56498396,736808,12527028,0,9036564,11233236,7024216,0,2012348,11233236,0,0,8388604,8388604,0,0,40,0,7006176,401124,18368,787776,1234540,787776,446764,13952,44552,0,0,0,0,41230184,10879924,34359738367,83828,0,78160,0,0,0,0,0,0,0,0,0,0,0,2048,0,1485584,27715584,38797312
1767051289.001023,1023,ubuntu-rog,1,0,0,65683160,43195696,56498396,736808,12527028,0,9040656,11233236,7028308,0,2012348,11233236,0,0,8388604,8388604,0,0,56,0,7010284,401124,18368,787776,1234540,787776,446764,13952,44560,0,0,0,0,41230184,10879924,34359738367,83828,0,78160,0,0,0,0,0,0,0,0,0,0,0,2048,0,1485584,27715584,38797312
1767051290.001093,1093,ubuntu-rog,1,0,0,65683160,43187632,56490332,736808,12527028,0,9044500,11233236,7032152,0,2012348,11233236,0,0,8388604,8388604,0,0,56,0,7014552,401124,18368,787776,1234540,787776,446764,13952,44568,0,0,0,0,41230184,10879924,34359738367,83828,0,78160,0,0,0,0,0,0,0,0,0,0,0,2048,0,1485584,27715584,38797312
1767051291.001138,1138,ubuntu-rog,1,0,0,65683160,43187632,56490332,736808,12527032,0,9048592,11233236,7036244,0,2012348,11233236,0,0,8388604,8388604,0,0,60,0,7018224,401124,18368,787776,1234540,787776,446764,13952,44576,0,0,0,0,41230184,10879924,34359738367,83828,0,78160,0,0,0,0,0,0,0,0,0,0,0,2048,0,1485584,27715584,38797312
1767051292.001023,1023,ubuntu-rog,1,0,0,65683160,43179568,56482268,736808,12527032,0,9052684,11233236,7040336,0,2012348,11233236,0,0,8388604,8388604,0,0,60,0,7022304,401124,18368,787776,1234540,787776,446764,13952,44584,0,0,0,0,41230184,10879924,34359738367,83828,0,78160,0,0,0,0,0,0,0,0,0,0,0,2048,0,1485584,27715584,38797312
1767051293.001092,1092,ubuntu-rog,1,0,0,65683160,43179568,56482268,736808,12527036,0,9056528,11233236,7044180,0,2012348,11233236,0,0,8388604,8388604,0,0,64,0,7026528,401124,18368,787776,1234540,787776,446764,13952,44588,0,0,0,0,41230184,10879924,34359738367,83828,0,78160,0,0,0,0,0,0,0,0,0,0,0,2048,0,1485584,27715584,38797312
1767051294.001139,1139,ubuntu-rog,1,0,0,65683160,43171504,56474204,736808,12527040,0,9060620,11233236,7048272,0,2012348,11233236,0,0,8388604,8388604,0,0,72,0,7030204,401124,18368,787776,1234540,787776,446764,13952,44596,0,0,0,0,41230184,10879924,34359738367,83828,0,78160,0,0,0,0,0,0,0,0,0,0,0,2048,0,1485584,27715584,38797312
1767051295.001023,1023,ubuntu-rog,1,0,0,65683160,43171504,56474204,736808,12527044,0,9064588,11233236,7052240,0,2012348,11233236,0,0,8388604,8388604,0,0,76,0,7034280,401124,18368,787776,1234540,787776,446764,13952,44604,0,0,0,0,41230184,10879924,34359738367,83828,0,78160,0,0,0,0,0,0,0,0,0,0,0,2048,0,1485584,27715584,38797312
1767051296.001093,1093,ubuntu-rog,1,0,0,65683160,43163440,56466140,736808,12527044,0,9068432,11233236,7056084,0,2012348,11233236,0,0,8388604,8388604,0,0,76,0,7038100,401124,18368,787776,1234540,787776,446764,13952,44612,0,0,0,0,41230184,10879924,34359738367,83828,0,78160,0,0,0,0,0,0,0,0,0,0,0,2048,0,1485584,27715584,38797312
1767051297.001128,1128,ubuntu-rog,1,0,0,65683160,43163440,56466140,736808,12527044,0,9072524,11233236,7060176,0,2012348,11233236,0,0,8388604,8388604,0,0,76,0,7042176,401124,18368,787776,1234540,787776,446764,13952,44620,0,0,0,0,41230184,10879924,34359738367,83828,0,78160,0,0,0,0,0,0,0,0,0,0,0,2048,0,1485584,27715584,38797312
1767051298.001022,1022,ubuntu-rog,1,0,0,65683160,43155376,56458076,736808,12527044,0,9076772,11233236,7064424,0,2012348,11233236,0,0,8388604,8388604,0,0,36,0,7046444,401124,18368,787776,1234540,787776,446764,13952,44628,0,0,0,0,41230184,10879924,34359738367,83828,0,78160,0,0,0,0,0,0,0,0,0,0,0,2048,0,1485584,27715584,38797312
1767051299.001081,1081,ubuntu-rog,1,0,0,65683160,43155376,56458076,736816,12527040,0,9080460,11233236,7068112,0,2012348,11233236,0,0,8388604,8388604,0,0,44,0,7050128,401124,18368,787776,1234540,787776,446764,13952,44636,0,0,0,0,41230184,10879924,34359738367,83828,0,78160,0,0,0,0,0,0,0,0,0,0,0,2048,0,1485584,27715584,38797312
1767051300.001121,1121,ubuntu-rog,1,0,0,65683160,43147312,56450020,736816,12527052,0,9084552,11233244,7072204,0,2012348,11233244,0,0,8388604,8388604,0,0,52,0,7054208,401124,18368,787776,1234540,787776,446764,13952,44644,0,0,0,0,41230184,10879924,34359738367,83828,0,78160,0,0,0,0,0,0,0,0,0,0,0,2048,0,1485584,27715584,38797312
1767051301.001024,1024,ubuntu-rog,1,0,0,65683160,43147312,56450020,736816,12527052,0,9088396,11233244,7076048,0,2012348,11233244,0,0,8388604,8388604,0,0,52,0,7058440,401124,18368,787776,1234540,787776,446764,13952,44652,0,0,0,0,41230184,10879924,34359738367,83828,0,78160,0,0,0,0,0,0,0,0,0,0,0,2048,0,1485584,27715584,38797312
1767051302.001097,1097,ubuntu-rog,1,0,0,65683160,43139248,56441996,736828,12527044,0,9092468,11233284,7080120,0,2012348,11233284,0,0,8388604,8388604,0,0,56,0,7062104,401124,18368,787776,1234540,787776,446764,13936,44604,0,0,0,0,41230184,10879924,34359738367,83812,0,78160,0,0,0,0,0,0,0,0,0,0,0,2048,0,1485584,27715584,38797312
1767051303.001138,1138,ubuntu-rog,1,0,0,65683160,43139248,56442008,736828,12527056,0,9096560,11233296,7084212,0,2012348,11233296,0,0,8388604,8388604,0,0,244,0,7066244,401124,18368,787776,1234540,787776,446764,13952,44668,0,0,0,0,41230184,10879924,34359738367,83812,0,78160,0,0,0,0,0,0,0,0,0,0,0,2048,0,1485584,27715584,38797312
1767051304.001023,1023,ubuntu-rog,1,0,0,65683160,43131184,56433944,736828,12527056,0,9100404,11233296,7088056,0,2012348,11233296,0,0,8388604,8388604,0,0,244,0,7070076,401124,18368,787776,1234540,787776,446764,13952,44676,0,0,0,0,41230184,10879924,34359738367,83812,0,78160,0,0,0,0,0,0,0,0,0,0,0,2048,0,1485584,27715584,38797312
1767051305.001092,1092,ubuntu-rog,1,0,0,65683160,43131184,56433944,736828,12527056,0,9104496,11233296,7092148,0,2012348,11233296,0,0,8388604,8388604,0,0,244,0,7074160,401124,18368,787776,1234540,787776,446764,13952,44684,0,0,0,0,41230184,10879924,34359738367,83812,0,78160,0,0,0,0,0,0,0,0,0,0,0,2048,0,1485584,27715584,38797312
1767051306.001139,1139,ubuntu-rog,1,0,0,65683160,43123120,56425880,736828,12527064,0,9108340,11233296,7095992,0,2012348,11233296,0,0,8388604,8388604,0,0,252,0,7078396,401124,18368,787776,1234532,787776,446756,13952,44692,0,0,0,0,41230184,10879924,34359738367,83812,0,78160,0,0,0,0,0,0,0,0,0,0,0,2048,0,1485584,27715584,38797312
1767051307.001023,1023,ubuntu-rog,1,0,0,65683160,43123120,56425884,736832,12527064,0,9112432,11233296,7100084,0,2012348,11233296,0,0,8388604,8388604,0,0,256,0,7082084,401124,18368,787780,1234536,787780,446756,13952,44700,0,0,0,0,41230184,10879924,34359738367,83812,0,78160,0,0,0,0,0,0,0,0,0,0,0,2048,0,1485584,27715584,38797312
1767051308.001080,1080,ubuntu-rog,1,0,0,65683160,43115056,56417824,736832,12527068,0,9116524,11233300,7104176,0,2012348,11233300,0,0,8388604,8388604,0,0,260,0,7086172,401124,18368,787780,1234536,787780,446756,13952,44708,0,0,0,0,41230184,10879924,34359738367,83812,0,78160,0,0,0,0,0,0,0,0,0,0,0,2048,0,1485584,27715584,38797312
1767051309.001107,1107,ubuntu-rog,1,0,0,65683160,43114832,56417600,736832,12527068,0,9120368,11233300,7108020,0,2012348,11233300,0,0,8388604,8388604,0,0,260,0,7090404,401124,18368,787780,1234536,787780,446756,13952,44716,0,0,0,0,41230184,10879924,34359738367,83812,0,78160,0,0,0,0,0,0,0,0,0,0,0,2048,0,1485584,27715584,38797312
1767051310.001023,1023,ubuntu-rog,1,0,0,65683160,43106768,56409536,736832,12527072,0,9124460,11233300,7112112,0,2012348,11233300,0,0,8388604,8388604,0,0,264,0,7094084,401124,18368,787780,1234544,787780,446764,13952,44724,0,0,0,0,41230184,10879924,34359738367,83812,0,78160,0,0,0,0,0,0,0,0,0,0,0,2048,0,1485584,27715584,38797312
1767051311.001087,1087,ubuntu-rog,1,0,0,65683160,43106768,56409536,736832,12527072,0,9128552,11233300,7116204,0,2012348,11233300,0,0,8388604,8388604,0,0,264,0,7098164,401124,18368,787780,1234544,787780,446764,13952,44732,0,0,0,0,41230184,10879924,34359738367,83812,0,78160,0,0,0,0,0,0,0,0,0,0,0,2048,0,1485584,27715584,38797312
1767051312.001143,1143,ubuntu-rog,1,0,0,65683160,43098716,56401484,736836,12527072,0,9132272,11233300,7119924,0,2012348,11233300,0,0,8388604,8388604,0,0,268,0,7101992,401124,18368,787780,1234544,787780,446764,13952,44736,0,0,0,0,41230184,10879924,34359738367,83812,0,78160,0,0,0,0,0,0,0,0,0,0,0,2048,0,1485584,27715584,38797312
1767051313.001022,1022,ubuntu-rog,1,0,0,65683160,43098716,56401488,736836,12527076,0,9136364,11233304,7124016,0,2012348,11233304,0,0,8388604,8388604,0,0,268,0,7106076,401124,18368,787780,1234544,787780,446764,13952,44744,0,0,0,0,41230184,10879924,34359738367,83812,0,78160,0,0,0,0,0,0,0,0,0,0,0,2048,0,1485584,27715584,38797312
1767051314.001095,1095,ubuntu-rog,1,0,0,65683160,43090652,56393424,736836,12527080,0,9140612,11233304,7128264,0,2012348,11233304,0,0,8388604,8388604,0,0,272,0,7110308,401124,18368,787780,1234544,787780,446764,13952,44752,0,0,0,0,41230184,10879924,34359738367,83812,0,78160,0,0,0,0,0,0,0,0,0,0,0,2048,0,1485584,27715584,38797312
1767051315.001127,1127,ubuntu-rog,1,0,0,65683160,43090652,56393424,736836,12527080,0,9144300,11233304,7131952,0,2012348,11233304,0,0,8388604,8388604,0,0,272,0,7113988,401124,18368,787780,1234544,787780,446764,13952,44760,0,0,0,0,41230184,10879924,34359738367,83812,0,78160,0,0,0,0,0,0,0,0,0,0,0,2048,0,1485584,27715584,38797312
1767051316.001025,1025,ubuntu-rog,1,0,0,65683160,43082588,56385360,736836,12527080,0,9148392,11233304,7136044,0,2012348,11233304,0,0,8388604,8388604,0,0,272,0,7118072,401124,18368,787780,1234544,787780,446764,13952,44768,0,0,0,0,41230184,10879924,34359738367,83812,0,78160,0,0,0,0,0,0,0,0,0,0,0,2048,0,1485584,27715584,38797312
1767051317.001094,1094,ubuntu-rog,1,0,0,65683160,43082588,56385360,736844,12527076,0,9152484,11233304,7140136,0,2012348,11233304,0,0,8388604,8388604,0,0,276,0,7122568,401124,18368,787780,1234528,787780,446748,13920,44776,0,0,0,0,41230184,10880096,34359738367,83796,0,78160,0,0,0,0,0,0,0,0,0,0,0,2048,0,1485584,27715584,38797312
1767051318.001122,1122,ubuntu-rog,1,0,0,65683160,43079208,56381980,736844,12527084,0,9156576,11233304,7144228,0,2012348,11233304,0,0,8388604,8388604,0,0,276,0,7126288,401124,18368,787780,1234528,787780,446748,13920,44784,0,0,0,0,41230184,10880096,34359738367,83796,0,78160,0,0,0,0,0,0,0,0,0,0,0,2048,0,1485584,27715584,38797312
1767051319.001049,1049,ubuntu-rog,1,0,0,65683160,43075028,56377800,736844,12527092,0,9160668,11233304,7148320,0,2012348,11233304,0,0,8388604,8388604,0,0,264,0,7130380,401124,18368,787780,1234528,787780,446748,13920,44792,0,0,0,0,41230184,10880096,34359738367,83796,0,78160,0,0,0,0,0,0,0,0,0,0,0,2048,0,1485584,27715584,38797312
1767051320.001107,1107,ubuntu-rog,1,0,0,65683160,43066964,56369744,736844,12527092,0,9164512,11233312,7152164,0,2012348,11233312,0,0,8388604,8388604,0,0,212,0,7134220,401124,18368,787780,1234528,787780,446748,13920,44800,0,0,0,0,41230184,10880096,34359738367,83796,0,78160,0,0,0,0,0,0,0,0,0,0,0,2048,0,1485584,27715584,38797312
1767051321.001152,1152,ubuntu-rog,1,0,0,65683160,43066964,56369744,736844,12527096,0,9168604,11233312,7156256,0,2012348,11233312,0,0,8388604,8388604,0,0,216,0,7138308,401124,18368,787780,1234528,787780,446748,13920,44808,0,0,0,0,41230184,10880096,34359738367,83796,0,78160,0,0,0,0,0,0,0,0,0,0,0,2048,0,1485584,27715584,38797312
1767051322.001046,1046,ubuntu-rog,1,0,0,65683160,43058900,56361680,736848,12527096,0,9172448,11233312,7160100,0,2012348,11233312,0,0,8388604,8388604,0,0,216,0,7142540,401124,18368,787780,1234528,787780,446748,13920,44816,0,0,0,0,41230184,10880096,34359738367,83796,0,78160,0,0,0,0,0,0,0,0,0,0,0,2048,0,1485584,27715584,38797312
1767051323.001110,1110,ubuntu-rog,1,0,0,65683160,43058900,56361684,736848,12527096,0,9176540,11233316,7164192,0,2012348,11233316,0,0,8388604,8388604,0,0,236,0,7146232,401124,18368,787780,1234528,787780,446748,13920,44824,0,0,0,0,41230184,10880096,34359738367,83796,0,78160,0,0,0,0,0,0,0,0,0,0,0,2048,0,1485584,27715584,38797312
1767051324.001145,1145,ubuntu-rog,1,0,0,65683160,43050836,56353620,736848,12527096,0,9180632,11233316,7168284,0,2012348,11233316,0,0,8388604,8388604,0,0,220,0,7150324,401124,18368,787780,1234528,787780,446748,13920,44832,0,0,0,0,41230184,10880096,34359738367,83796,0,78160,0,0,0,0,0,0,0,0,0,0,0,2048,0,1485584,27715584,38797312
1767051325.001050,1050,ubuntu-rog,1,0,0,65683160,43050836,56353620,736848,12527104,0,9184476,11233316,7172128,0,2012348,11233316,0,0,8388604,8388604,0,0,228,0,7154568,401124,18368,787780,1234528,787780,446748,13920,44840,0,0,0,0,41230184,10880096,34359738367,83796,0,78160,0,0,0,0,0,0,0,0,0,0,0,2048,0,1485584,27715584,38797312
1767051326.001122,1122,ubuntu-rog,1,0,0,65683160,43042772,56345556,736848,12527104,0,9188568,11233316,7176220,0,2012348,11233316,0,0,8388604,8388604,0,0,228,0,7158252,401124,18368,787780,1234528,787780,446748,13920,44848,0,0,0,0,41230184,10880096,34359738367,83796,0,78160,0,0,0,0,0,0,0,0,0,0,0,2048,0,1485584,27715584,38797312
1767051327.001161,1161,ubuntu-rog,1,0,0,65683160,43042772,56345556,736848,12527104,0,9192588,11233316,7180240,0,2012348,11233316,0,0,8388604,8388604,0,0,228,0,7162288,401124,18368,787780,1234528,787780,446748,13920,44856,0,0,0,0,41230184,10880096,34359738367,83796,0,78160,0,0,0,0,0,0,0,0,0,0,0,2048,0,1485584,27715584,38797312
1767051328.001061,1061,ubuntu-rog,1,0,0,65683160,43034708,56337492,736848,12527108,0,9196432,11233316,7184084,0,2012348,11233316,0,0,8388604,8388604,0,0,236,0,7166124,401124,18368,787780,1234528,787780,446748,13920,44864,0,0,0,0,41230184,10880096,34359738367,83796,0,78160,0,0,0,0,0,0,0,0,0,0,0,2048,0,1485584,27715584,38797312
1767051329.001114,1114,ubuntu-rog,1,0,0,65683160,43034708,56337492,736848,12527108,0,9200524,11233316,7188176,0,2012348,11233316,0,0,8388604,8388604,0,0,196,0,7170208,401124,18368,787780,1234528,787780,446748,13920,44872,0,0,0,0,41230184,10880096,34359738367,83796,0,78160,0,0,0,0,0,0,0,0,0,0,0,2048,0,1485584,27715584,38797312
1767051330.001163,1163,ubuntu-rog,1,0,0,65683160,43026644,56329428,736848,12527108,0,9204648,11233316,7192300,0,2012348,11233316,0,0,8388604,8388604,0,0,196,0,7174444,401124,18368,787780,1234528,787780,446748,13920,44880,0,0,0,0,41230184,10880096,34359738367,83796,0,78160,0,0,0,0,0,0,0,0,0,0,0,2048,0,1485584,27715584,38797312
1767051331.001024,1024,ubuntu-rog,1,0,0,65683160,43026644,56329428,736848,12527112,0,9208336,11233316,7195988,0,2012348,11233316,0,0,8388604,8388604,0,0,200,0,7178128,401124,18368,787780,1234528,787780,446748,13920,44888,0,0,0,0,41230184,10880096,34359738367,83796,0,78160,0,0,0,0,0,0,0,0,0,0,0,2048,0,1485584,27715584,38797312
1767051332.001093,1093,ubuntu-rog,1,0,0,65683160,43018580,56321364,736852,12527116,0,9212428,11233316,7200080,0,2012348,11233316,0,0,8388604,8388604,0,0,216,0,7182220,401124,18368,787780,1234528,787780,446748,13920,44896,0,0,0,0,41230184,10880096,34359738367,83796,0,78160,0,0,0,0,0,0,0,0,0,0,0,2048,0,1485584,27715584,38797312
1767051333.001136,1136,ubuntu-rog,1,0,0,65683160,43018580,56321432,736852,12527120,0,9216272,11233384,7203924,0,2012348,11233384,0,0,8388604,8388604,0,0,60,0,7186456,401124,18368,787780,1234528,787780,446748,13920,44900,0,0,0,0,41230184,10880096,34359738367,83796,0,78160,0,0,0,0,0,0,0,0,0,0,0,2048,0,1485584,27715584,38797312
1767051334.001024,1024,ubuntu-rog,1,0,0,65683160,43010516,56313368,736852,12527120,0,9220364,11233384,7208016,0,2012348,11233384,0,0,8388604,8388604,0,0,60,0,7190144,401124,18368,787780,1234528,787780,446748,13920,44908,0,0,0,0,41230184,10880096,34359738367,83796,0,78160,0,0,0,0,0,0,0,0,0,0,0,2048,0,1485584,27715584,38797312
1767051335.001094,1094,ubuntu-rog,1,0,0,65683160,43010516,56313368,736852,12527120,0,9224456,11233384,7212108,0,2012348,11233384,0,0,8388604,8388604,0,0,60,0,7194232,401124,18368,787780,1234528,787780,446748,13920,44916,0,0,0,0,41230184,10880096,34359738367,83796,0,78160,0,0,0,0,0,0,0,0,0,0,0,2048,0,1485584,27715584,38797312
1767051336.001140,1140,ubuntu-rog,1,0,0,65683160,43002452,56305304,736852,12527124,0,9228300,11233384,7215952,0,2012348,11233384,0,0,8388604,8388604,0,0,64,0,7198064,401124,18368,787780,1234528,787780,446748,13920,44924,0,0,0,0,41230184,10880096,34359738367,83796,0,78160,0,0,0,0,0,0,0,0,0,0,0,2048,0,1485584,27715584,38797312
1767051337.001023,1023,ubuntu-rog,1,0,0,65683160,43002452,56305304,736856,12527120,0,9232392,11233384,7220044,0,2012348,11233384,0,0,8388604,8388604,0,0,64,0,7202164,401124,18368,787780,1234528,787780,446748,13920,44932,0,0,0,0,41230184,10880096,34359738367,83796,0,78160,0,0,0,0,0,0,0,0,0,0,0,2048,0,1485584,27715584,38797312
1767051338.001095,1095,ubuntu-rog,1,0,0,65683160,42994388,56297244,736856,12527128,0,9236360,11233388,7224012,0,2012348,11233388,0,0,8388604,8388604,0,0,68,0,7206456,401124,18368,787780,1234528,787780,446748,13920,44940,0,0,0,0,41230184,10880096,34359738367,83796,0,78160,0,0,0,0,0,0,0,0,0,0,0,2048,0,1485584,27715584,38797312
1767051339.001137,1137,ubuntu-rog,1,0,0,65683160,42994388,56297244,736856,12527132,0,9240452,11233388,7228104,0,2012348,11233388,0,0,8388604,8388604,0,0,72,0,7210140,401124,18368,787780,1234528,787780,446748,13920,44948,0,0,0,0,41230184,10880096,34359738367,83796,0,78160,0,0,0,0,0,0,0,0,0,0,0,2048,0,1485584,27715584,38797312
1767051340.001024,1024,ubuntu-rog,1,0,0,65683160,42986324,56289180,736856,12527132,0,9244420,11233388,7232072,0,2012348,11233388,0,0,8388604,8388604,0,0,72,0,7214220,401124,18368,787780,1234528,787780,446748,13920,44956,0,0,0,0,41230184,10880096,34359738367,83796,0,78160,0,0,0,0,0,0,0,0,0,0,0,2048,0,1485584,27715584,38797312
1767051341.001093,1093,ubuntu-rog,1,0,0,65683160,42986324,56289180,736856,12527132,0,9248264,11233388,7235916,0,2012348,11233388,0,0,8388604,8388604,0,0,72,0,7218452,401124,18368,787780,1234528,787780,446748,13920,44964,0,0,0,0,41230184,10880096,34359738367,83796,0,78160,0,0,0,0,0,0,0,0,0,0,0,2048,0,1485584,27715584,38797312
1767051342.001137,1137,ubuntu-rog,1,0,0,65683160,42978260,56281116,736864,12527124,0,9252356,11233388,7240008,0,2012348,11233388,0,0,8388604,8388604,0,0,72,0,7222132,401124,18368,787780,1234520,787780,446740,13920,44972,0,0,0,0,41230184,10880096,34359738367,83796,0,78160,0,0,0,0,0,0,0,0,0,0,0,2048,0,1485584,27715584,38797312
1767051343.001028,1028,ubuntu-rog,1,0,0,65683160,42978260,56281124,736864,12527136,0,9256448,11233396,7244100,0,2012348,11233396,0,0,8388604,8388604,0,0,76,0,7226216,401124,18368,787780,1234520,787780,446740,13920,44980,0,0,0,0,41230184,10880096,34359738367,83796,0,78160,0,0,0,0,0,0,0,0,0,0,0,2048,0,1485584,27715584,38797312
1767051344.001088,1088,ubuntu-rog,1,0,0,65683160,42970196,56273060,736864,12527144,0,9260292,11233396,7247944,0,2012348,11233396,0,0,8388604,8388604,0,0,84,0,7230048,401124,18368,787780,1234520,787780,446740,13920,44988,0,0,0,0,41230184,10880096,34359738367,83796,0,78160,0,0,0,0,0,0,0,0,0,0,0,2048,0,1485584,27715584,38797312
1767051345.001137,1137,ubuntu-rog,1,0,0,65683160,42970196,56273060,736864,12527144,0,9264384,11233396,7252036,0,2012348,11233396,0,0,8388604,8388604,0,0,84,0,7234136,401124,18368,787780,1234520,787780,446740,13920,44996,0,0,0,0,41230184,10880096,34359738367,83796,0,78160,0,0,0,0,0,0,0,0,0,0,0,2048,0,1485584,27715584,38797312
1767051346.001023,1023,ubuntu-rog,1,0,0,65683160,42962132,56264996,736864,12527144,0,9268228,11233396,7255880,0,2012348,11233396,0,0,8388604,8388604,0,0,84,0,7238368,401124,18368,787780,1234520,787780,446740,13920,45004,0,0,0,0,41230184,10880096,34359738367,83796,0,78160,0,0,0,0,0,0,0,0,0,0,0,2048,0,1485584,27715584,38797312
1767051347.001094,1094,ubuntu-rog,1,0,0,65683160,42962132,56264996,736872,12527140,0,9272320,11233396,7259972,0,2012348,11233396,0,0,8388604,8388604,0,0,88,0,7242048,401124,18368,787780,1234520,787780,446740,13920,45012,0,0,0,0,41230184,10880096,34359738367,83780,0,78160,0,0,0,0,0,0,0,0,0,0,0,2048,0,1485584,27715584,38797312
1767051348.001136,1136,ubuntu-rog,1,0,0,65683160,42954068,56256940,736872,12527148,0,9276528,11233404,7264180,0,2012348,11233404,0,0,8388604,8388604,0,0,88,0,7246136,401124,18368,787780,1234520,787780,446740,13920,45020,0,0,0,0,41230184,10880096,34359738367,83780,0,78160,0,0,0,0,0,0,0,0,0,0,0,2048,0,1485584,27715584,38797312
1767051349.001019,1019,ubuntu-rog,1,0,0,65683160,42954068,56256940,736872,12527148,0,9280372,11233404,7268024,0,2012348,11233404,0,0,8388604,8388604,0,0,88,0,7249972,401124,18368,787780,1234520,787780,446740,13920,45028,0,0,0,0,41230184,10880096,34359738367,83780,0,78160,0,0,0,0,0,0,0,0,0,0,0,2048,0,1485584,27715584,38797312
1767051350.001080,1080,ubuntu-rog,1,0,0,65683160,42946004,56248904,736872,12527152,0,9284464,11233432,7272116,0,2012348,11233432,0,0,8388604,8388604,0,0,72,0,7254052,401124,18368,787780,1234520,787780,446740,13920,45036,0,0,0,0,41230184,10880096,34359738367,83780,0,78160,0,0,0,0,0,0,0,0,0,0,0,2048,0,1485584,27715584,38797312
1767051351.001139,1139,ubuntu-rog,1,0,0,65683160,42946004,56248904,736872,12527156,0,9288556,11233432,7276208,0,2012348,11233432,0,0,8388604,8388604,0,0,76,0,7258136,401124,18368,787780,1234520,787780,446740,13920,45044,0,0,0,0,41230184,10880096,34359738367,83780,0,78160,0,0,0,0,0,0,0,0,0,0,0,2048,0,1485584,27715584,38797312
1767051352.001023,1023,ubuntu-rog,1,0,0,65683160,42938328,56241228,736876,12527152,0,9292276,11233432,7279928,0,2012348,11233432,0,0,8388604,8388604,0,0,76,0,7261968,401124,18368,787780,1234520,787780,446740,13920,45048,0,0,0,0,41230184,10880096,34359738367,83780,0,78160,0,0,0,0,0,0,0,0,0,0,0,2048,0,1485584,27715584,38797312
1767051353.001092,1092,ubuntu-rog,1,0,0,65683160,42937940,56240844,736876,12527156,0,9296492,11233436,7284144,0,2012348,11233436,0,0,8388604,8388604,0,0,48,0,7266084,401124,18368,787780,1234520,787780,446740,13920,45056,0,0,0,0,41230184,10880096,34359738367,83780,0,78160,0,0,0,0,0,0,0,0,0,0,0,2048,0,1485584,27715584,38797312
1767051354.001139,1139,ubuntu-rog,1,0,0,65683160,42930264,56233168,736876,12527160,0,9300336,11233436,7287988,0,2012348,11233436,0,0,8388604,8388604,0,0,52,0,7270316,401124,18368,787780,1234520,787780,446740,13920,45064,0,0,0,0,41230184,10880096,34359738367,83780,0,78160,0,0,0,0,0,0,0,0,0,0,0,2048,0,1485584,27715584,38797312
1767051355.001023,1023,ubuntu-rog,1,0,0,65683160,42929876,56232780,736876,12527160,0,9304428,11233436,7292080,0,2012348,11233436,0,0,8388604,8388604,0,0,52,0,7274000,401124,18368,787780,1234520,787780,446740,13920,45072,0,0,0,0,41230184,10880096,34359738367,83780,0,78160,0,0,0,0,0,0,0,0,0,0,0,2048,0,1485584,27715584,38797312
1767051356.001092,1092,ubuntu-rog,1,0,0,65683160,42922200,56225104,736876,12527160,0,9308520,11233436,7296172,0,2012348,11233436,0,0,8388604,8388604,0,0,52,0,7278100,401124,18368,787780,1234520,787780,446740,13920,45080,0,0,0,0,41230184,10880096,34359738367,83780,0,78160,0,0,0,0,0,0,0,0,0,0,0,2048,0,1485584,27715584,38797312
1767051357.001137,1137,ubuntu-rog,1,0,0,65683160,42921812,56224716,736884,12527160,0,9312240,11233436,7299892,0,2012348,11233436,0,0,8388604,8388604,0,0,60,0,7282332,401124,18368,787780,1234520,787780,446740,13920,45088,0,0,0,0,41230184,10880096,34359738367,83780,0,78160,0,0,0,0,0,0,0,0,0,0,0,2048,0,1485584,27715584,38797312
1767051358.001023,1023,ubuntu-rog,1,0,0,65683160,42914136,56217048,736884,12527172,0,9316332,11233444,7303984,0,2012348,11233444,0,0,8388604,8388604,0,0,68,0,7286016,401124,18368,787780,1234520,787780,446740,13920,45096,0,0,0,0,41230184,10880096,34359738367,83780,0,78160,0,0,0,0,0,0,0,0,0,0,0,2048,0,1485584,27715584,38797312
1767051359.001093,1093,ubuntu-rog,1,0,0,65683160,42913748,56216660,736884,12527172,0,9320424,11233444,7308076,0,2012348,11233444,0,0,8388604,8388604,0,0,68,0,7290100,401124,18368,787780,1234520,787780,446740,13920,45104,0,0,0,0,41230184,10880096,34359738367,83780,0,78160,0,0,0,0,0,0,0,0,0,0,0,2048,0,1485584,27715584,38797312
1767051360.001119,1119,ubuntu-rog,1,0,0,65683160,42906072,56208984,736884,12527172,0,9324268,11233444,7311920,0,2012348,11233444,0,0,8388604,8388604,0,0,68,0,7293928,401124,18368,787780,1234520,787780,446740,13920,45112,0,0,0,0,41230184,10880096,34359738367,83780,0,78160,0,0,0,0,0,0,0,0,0,0,0,2048,0,1485584,27715584,38797312
1767051361.001022,1022,ubuntu-rog,1,0,0,65683160,42905684,56208596,736884,12527172,0,9328360,11233444,7316012,0,2012348,11233444,0,0,8388604,8388604,0,0,68,0,7298040,401124,18368,787780,1234520,787780,446740,13920,45120,0,0,0,0,41230184,10880096,34359738367,83780,0,78160,0,0,0,0,0,0,0,0,0,0,0,2048,0,1485584,27715584,38797312
1767051362.001092,1092,ubuntu-rog,1,0,0,65683160,42898008,56200920,736892,12527168,0,9332608,11233444,7320260,0,2012348,11233444,0,0,8388604,8388604,0,0,72,0,7302276,401124,18368,787780,1234520,787780,446740,13920,45128,0,0,0,0,41230184,10880096,34359738367,83780,0,78160,0,0,0,0,0,0,0,0,0,0,0,2048,0,1485584,27715584,38797312
1767051363.001137,1137,ubuntu-rog,1,0,0,65683160,42897620,56200540,736892,12527180,0,9336296,11233452,7323948,0,2012348,11233452,0,0,8388604,8388604,0,0,76,0,7305964,401124,18368,787780,1234520,787780,446740,13920,45136,0,0,0,0,41230184,10880096,34359738367,83780,0,78160,0,0,0,0,0,0,0,0,0,0,0,2048,0,1485584,27715584,38797312
1767051364.001024,1024,ubuntu-rog,1,0,0,65683160,42889944,56192864,736892,12527180,0,9340388,11233452,7328040,0,2012348,11233452,0,0,8388604,8388604,0,0,76,0,7310048,401124,18368,787780,1234520,787780,446740,13920,45144,0,0,0,0,41230184,10880096,34359738367,83780,0,78160,0,0,0,0,0,0,0,0,0,0,0,2048,0,1485584,27715584,38797312
1767051365.001093,1093,ubuntu-rog,1,0,0,65683160,42889556,56192512,736892,12527184,0,9344232,11233488,7331884,0,2012348,11233488,0,0,8388604,8388604,0,0,20,0,7313896,401124,18368,787780,1234520,787780,446740,13920,45152,0,0,0,0,41230184,10880096,34359738367,83780,0,78160,0,0,0,0,0,0,0,0,0,0,0,2048,0,1485584,27715584,38797312
1767051366.001138,1138,ubuntu-rog,1,0,0,65683160,42881880,56184836,736892,12527184,0,9348324,11233488,7335976,0,2012348,11233488,0,0,8388604,8388604,0,0,20,0,7317976,401124,18368,787780,1234520,787780,446740,13920,45160,0,0,0,0,41230184,10880096,34359738367,83780,0,78160,0,0,0,0,0,0,0,0,0,0,0,2048,0,1485584,27715584,38797312
1767051367.001022,1022,ubuntu-rog,1,0,0,65683160,42881492,56184448,736900,12527176,0,9352416,11233488,7340068,0,2012348,11233488,0,0,8388604,8388604,0,0,20,0,7322056,401124,18368,787780,1234520,787780,446740,13920,45168,0,0,0,0,41230184,10880096,34359738367,83780,0,78160,0,0,0,0,0,0,0,0,0,0,0,2048,0,1485584,27715584,38797312
1767051368.001093,1093,ubuntu-rog,1,0,0,65683160,42873816,56176780,736900,12527184,0,9356260,11233496,7343912,0,2012348,11233496,0,0,8388604,8388604,0,0,36,0,7326284,401124,18368,787780,1234520,787780,446740,13920,45176,0,0,0,0,41230184,10880096,34359738367,83780,0,78160,0,0,0,0,0,0,0,0,0,0,0,2048,0,1485584,27715584,38797312
1767051369.001138,1138,ubuntu-rog,1,0,0,65683160,42873428,56176392,736900,12527192,0,9360352,11233496,7348004,0,2012348,11233496,0,0,8388604,8388604,0,0,52,0,7330000,401124,18368,787780,1234520,787780,446740,13920,45184,0,0,0,0,41230184,10880096,34359738367,83780,0,78160,0,0,0,0,0,0,0,0,0,0,0,2048,0,1485584,27715584,38797312
1767051370.001023,1023,ubuntu-rog,1,0,0,65683160,42865752,56168716,736900,12527196,0,9364196,11233496,7351848,0,2012348,11233496,0,0,8388604,8388604,0,0,56,0,7334228,401124,18368,787780,1234520,787780,446740,13920,45192,0,0,0,0,41230184,10880096,34359738367,83780,0,78160,0,0,0,0,0,0,0,0,0,0,0,2048,0,1485584,27715584,38797312
1767051371.001104,1104,ubuntu-rog,1,0,0,65683160,42865364,56168328,736900,12527196,0,9368116,11233496,7355768,0,2012348,11233496,0,0,8388604,8388604,0,0,56,0,7337732,401124,18368,787780,1234520,787780,446740,13920,45200,0,0,0,0,41230184,10879924,34359738367,83780,0,78160,0,0,0,0,0,0,0,0,0,0,0,2048,0,1485584,27715584,38797312
1767051372.001118,1118,ubuntu-rog,1,0,0,65683160,42857688,56160652,736904,12527192,0,9372208,11233496,7359860,0,2012348,11233496,0,0,8388604,8388604,0,0,56,0,7341816,401124,18368,787780,1234520,787780,446740,13920,45208,0,0,0,0,41230184,10879924,34359738367,83780,0,78160,0,0,0,0,0,0,0,0,0,0,0,2048,0,1485584,27715584,38797312
1767051373.001023,1023,ubuntu-rog,1,0,0,65683160,42857300,56160268,736904,12527200,0,9376052,11233500,7363704,0,2012348,11233500,0,0,8388604,8388604,0,0,60,0,7346044,401124,18368,787780,1234520,787780,446740,13920,45212,0,0,0,0,41230184,10879924,34359738367,83780,0,78160,0,0,0,0,0,0,0,0,0,0,0,2048,0,1485584,27715584,38797312
1767051374.001093,1093,ubuntu-rog,1,0,0,65683160,42849624,56152592,736904,12527200,0,9380144,11233500,7367796,0,2012348,11233500,0,0,8388604,8388604,0,0,60,0,7349724,401124,18368,787780,1234520,787780,446740,13920,45220,0,0,0,0,41230184,10879924,34359738367,83780,0,78160,0,0,0,0,0,0,0,0,0,0,0,2048,0,1485584,27715584,38797312
1767051375.001137,1137,ubuntu-rog,1,0,0,65683160,42849236,56152204,736904,12527200,0,9384236,11233500,7371888,0,2012348,11233500,0,0,8388604,8388604,0,0,60,0,7353808,401124,18368,787780,1234520,787780,446740,13920,45228,0,0,0,0,41230184,10879924,34359738367,83780,0,78160,0,0,0,0,0,0,0,0,0,0,0,2048,0,1485584,27715584,38797312
1767051376.001020,1020,ubuntu-rog,1,0,0,65683160,42841560,56144528,736904,12527208,0,9387956,11233500,7375608,0,2012348,11233500,0,0,8388604,8388604,0,0,68,0,7357636,401124,18368,787780,1234520,787780,446740,13920,45236,0,0,0,0,41230184,10879924,34359738367,83780,0,78160,0,0,0,0,0,0,0,0,0,0,0,2048,0,1485584,27715584,38797312
1767051377.001093,1093,ubuntu-rog,1,0,0,65683160,42841172,56144140,736908,12527204,0,9392048,11233500,7379700,0,2012348,11233500,0,0,8388604,8388604,0,0,68,0,7361720,401124,18368,787780,1234520,787780,446740,13920,45244,0,0,0,0,41230184,10879924,34359738367,83780,0,78160,0,0,0,0,0,0,0,0,0,0,0,2048,0,1485584,27715584,38797312
1767051378.001117,1117,ubuntu-rog,1,0,0,65683160,42833496,56136468,736908,12527208,0,9396296,11233504,7383948,0,2012348,11233504,0,0,8388604,8388604,0,0,68,0,7365952,401124,18368,787780,1234520,787780,446740,13920,45252,0,0,0,0,41230184,10879924,34359738367,83780,0,78160,0,0,0,0,0,0,0,0,0,0,0,2048,0,1485584,27715584,38797312
1767051379.001023,1023,ubuntu-rog,1,0,0,65683160,42833108,56136080,736908,12527208,0,9399984,11233504,7387636,0,2012348,11233504,0,0,8388604,8388604,0,0,68,0,7369676,401124,18368,787780,1234520,787780,446740,13920,45260,0,0,0,0,41230184,10879924,34359738367,83780,0,78160,0,0,0,0,0,0,0,0,0,0,0,2048,0,1485584,27715584,38797312
1767051380.001082,1082,ubuntu-rog,1,0,0,65683160,42825432,56128404,736908,12527212,0,9404076,11233504,7391728,0,2012348,11233504,0,0,8388604,8388604,0,0,48,0,7373764,401124,18368,787780,1234520,787780,446740,13920,45268,0,0,0,0,41230184,10879924,34359738367,83780,0,78160,0,0,0,0,0,0,0,0,0,0,0,2048,0,1485584,27715584,38797312
1767051381.001137,1137,ubuntu-rog,1,0,0,65683160,42825044,56128016,736908,12527212,0,9408044,11233504,7395696,0,2012348,11233504,0,0,8388604,8388604,0,0,48,0,7378024,401124,18368,787780,1234516,787780,446736,13920,45276,0,0,0,0,41230184,10879924,34359738367,83780,0,78160,0,0,0,0,0,0,0,0,0,0,0,2048,0,1485584,27715584,38797312
1767051382.001020,1020,ubuntu-rog,1,0,0,65683160,42817368,56120340,736916,12527212,0,9412012,11233504,7399664,0,2012348,11233504,0,0,8388604,8388604,0,0,60,0,7381700,401124,18368,787780,1234516,787780,446736,13920,45284,0,0,0,0,41230184,10879924,34359738367,83780,0,78160,0,0,0,0,0,0,0,0,0,0,0,2048,0,1485584,27715584,38797312
1767051383.001090,1090,ubuntu-rog,1,0,0,65683160,42816980,56119960,736916,12527220,0,9416228,11233512,7403880,0,2012348,11233512,0,0,8388604,8388604,0,0,64,0,7385824,401124,18368,787780,1234516,787780,446736,13920,45292,0,0,0,0,41230184,10879924,34359738367,83780,0,78160,0,0,0,0,0,0,0,0,0,0,0,2048,0,1485584,27715584,38797312
1767051384.001118,1118,ubuntu-rog,1,0,0,65683160,42809304,56112288,736916,12527224,0,9420072,11233512,7407724,0,2012348,11233512,0,0,8388604,8388604,0,0,68,0,7389656,401124,18368,787784,1234520,787784,446736,13920,45300,0,0,0,0,41230184,10879924,34359738367,83780,0,78160,0,0,0,0,0,0,0,0,0,0,0,2048,0,1485584,27715584,38797312
1767051385.001054,1054,ubuntu-rog,1,0,0,65683160,42808916,56111900,736916,12527224,0,9424164,11233512,7411816,0,2012348,11233512,0,0,8388604,8388604,0,0,68,0,7393740,401124,18368,787784,1234520,787784,446736,13920,45308,0,0,0,0,41230184,10879924,34359738367,83780,0,78160,0,0,0,0,0,0,0,0,0,0,0,2048,0,1485584,27715584,38797312
1767051386.001109,1109,ubuntu-rog,1,0,0,65683160,42801240,56104224,736916,12527224,0,9428288,11233512,7415940,0,2012348,11233512,0,0,8388604,8388604,0,0,68,0,7397972,401124,18368,787784,1234520,787784,446736,13920,45316,0,0,0,0,41230184,10879924,34359738367,83780,0,78160,0,0,0,0,0,0,0,0,0,0,0,2048,0,1485584,27715584,38797312
1767051387.001144,1144,ubuntu-rog,1,0,0,65683160,42800852,56103836,736920,12527220,0,9431976,11233512,7419628,0,2012348,11233512,0,0,8388604,8388604,0,0,68,0,7401652,401124,18368,787784,1234520,787784,446736,13920,45324,0,0,0,0,41230184,10879924,34359738367,83780,0,78160,0,0,0,0,0,0,0,0,0,0,0,2048,0,1485584,27715584,38797312
1767051388.001057,1057,ubuntu-rog,1,0,0,65683160,42793176,56096164,736920,12527228,0,9436068,11233516,7423720,0,2012348,11233516,0,0,8388604,8388604,0,0,72,0,7405736,401124,18368,787784,1234520,787784,446736,13920,45332,0,0,0,0,41230184,10879924,34359738367,83780,0,78160,0,0,0,0,0,0,0,0,0,0,0,2048,0,1485584,27715584,38797312
1767051389.001145,1145,ubuntu-rog,1,0,0,65683160,44033436,57336424,736920,12527232,0,8185244,11233516,6172896,0,2012348,11233516,0,0,8388604,8388604,0,0,52,0,6118460,401124,18368,787784,1234520,787784,446736,13920,43788,0,0,0,0,41230184,10091832,34359738367,83780,0,78160,0,0,0,0,0,0,0,0,0,0,0,2048,0,1485584,27715584,38797312
