#Time,Time_usec,ProducerName,component_id,job_id,app_id,nr_free_pages,nr_zone_inactive_anon,nr_zone_active_anon,nr_zone_inactive_file,nr_zone_active_file,nr_zone_unevictable,nr_zone_write_pending,nr_mlock,nr_bounce,nr_zspages,nr_free_cma,nr_unaccepted,numa_hit,numa_miss,numa_foreign,numa_interleave,numa_local,numa_other,nr_inactive_anon,nr_active_anon,nr_inactive_file,nr_active_file,nr_unevictable,nr_slab_reclaimable,nr_slab_unreclaimable,nr_isolated_anon,nr_isolated_file,workingset_nodes,workingset_refault_anon,workingset_refault_file,workingset_activate_anon,workingset_activate_file,workingset_restore_anon,workingset_restore_file,workingset_nodereclaim,nr_anon_pages,nr_mapped,nr_file_pages,nr_dirty,nr_writeback,nr_writeback_temp,nr_shmem,nr_shmem_hugepages,nr_shmem_pmdmapped,nr_file_hugepages,nr_file_pmdmapped,nr_anon_transparent_hugepages,nr_vmscan_write,nr_vmscan_immediate_reclaim,nr_dirtied,nr_written,nr_throttled_written,nr_kernel_misc_reclaimable,nr_foll_pin_acquired,nr_foll_pin_released,nr_kernel_stack,nr_page_table_pages,nr_sec_page_table_pages,nr_iommu_pages,nr_swapcached,pgpromote_success,pgpromote_candidate,pgdemote_kswapd,pgdemote_direct,pgdemote_khugepaged,nr_hugetlb,nr_dirty_threshold,nr_dirty_background_threshold,nr_memmap_pages,nr_memmap_boot_pages,pgpgin,pgpgout,pswpin,pswpout,pgalloc_dma,pgalloc_dma32,pgalloc_normal,pgalloc_movable,pgalloc_device,allocstall_dma,allocstall_dma32,allocstall_normal,allocstall_movable,allocstall_device,pgskip_dma,pgskip_dma32,pgskip_normal,pgskip_movable,pgskip_device,pgfree,pgactivate,pgdeactivate,pglazyfree,pgfault,pgmajfault,pglazyfreed,pgrefill,pgreuse,pgsteal_kswapd,pgsteal_direct,pgsteal_khugepaged,pgscan_kswapd,pgscan_direct,pgscan_khugepaged,pgscan_direct_throttle,pgscan_anon,pgscan_file,pgsteal_anon,pgsteal_file,zone_reclaim_success,zone_reclaim_failed,pginodesteal,slabs_scanned,kswapd_inodesteal,kswapd_low_wmark_hit_quickly,kswapd_high_wmark_hit_quickly,pageoutrun,pgrotated,drop_pagecache,drop_slab,oom_kill,numa_pte_updates,numa_huge_pte_updates,numa_hint_faults,numa_hint_faults_local,numa_pages_migrated,pgmigrate_success,pgmigrate_fail,thp_migration_success,thp_migration_fail,thp_migration_split,compact_migrate_scanned,compact_free_scanned,compact_isolated,compact_stall,compact_fail,compact_success,compact_daemon_wake,compact_daemon_migrate_scanned,compact_daemon_free_scanned,htlb_buddy_alloc_success,htlb_buddy_alloc_fail,unevictable_pgs_culled,unevictable_pgs_scanned,unevictable_pgs_rescued,unevictable_pgs_mlocked,unevictable_pgs_munlocked,unevictable_pgs_cleared,unevictable_pgs_stranded,thp_fault_alloc,thp_fault_fallback,thp_fault_fallback_charge,thp_collapse_alloc,thp_collapse_alloc_failed,thp_file_alloc,thp_file_fallback,thp_file_fallback_charge,thp_file_mapped,thp_split_page,thp_split_page_failed,thp_deferred_split_page,thp_underused_split_page,thp_split_pmd,thp_scan_exceed_none_pte,thp_scan_exceed_swap_pte,thp_scan_exceed_share_pte,thp_split_pud,thp_zero_page_alloc,thp_zero_page_alloc_failed,thp_swpout,thp_swpout_fallback,balloon_inflate,balloon_deflate,balloon_migrate,swap_ra,swap_ra_hit,swpin_zero,swpout_zero,ksm_swpin_copy,cow_ksm,zswpin,zswpout,zswpwb,direct_map_level2_splits,direct_map_level3_splits,nr_unstable
1767050770.002288,2288,ubuntu-rog,1,0,0,10878472,0,1653356,2807906,503071,0,76,0,0,0,0,0,844483257,0,0,4907,844111417,0,0,1653356,2807906,503071,0,196936,111715,0,0,0,0,0,0,0,0,0,0,1649156,100238,3315538,76,0,0,4592,0,0,0,0,0,0,0,18109930,17079565,0,0,40635,40635,14096,10983,0,0,0,0,0,0,0,0,0,2813999,1405281,0,262144,5258950,85646249,0,0,1026,1025,856981826,0,0,0,0,0,0,0,0,0,0,0,0,867915082,0,7654,1850632,787108574,19968,0,0,35342916,0,0,0,0,0,0,0,0,0,0,0,0,0,0,0,0,0,0,0,7886,0,0,0,0,0,0,0,0,0,0,0,0,0,0,0,0,0,0,0,0,0,0,0,0,43596,4050,20584,16534,16534,0,0,3299,0,0,19,0,0,0,0,0,0,0,0,0,0,0,0,0,0,0,0,0,0,0,0,0,0,0,0,0,0,0,0,0,0,710,24,0
1767050771.001151,1151,ubuntu-rog,1,0,0,10878312,0,1653455,2807910,503071,0,103,0,0,0,0,0,844483286,0,0,4907,844111446,0,0,1653455,2807910,503071,0,196936,111715,0,0,0,0,0,0,0,0,0,0,1649165,100255,3315543,103,0,0,4592,0,0,0,0,0,0,0,18109960,17079568,0,0,40635,40635,14096,11011,0,0,0,0,0,0,0,0,0,2813968,1405266,0,262144,5258950,85646485,0,0,1026,1025,856981862,0,0,0,0,0,0,0,0,0,0,0,0,867915146,0,7654,1850632,787108581,19968,0,0,35342918,0,0,0,0,0,0,0,0,0,0,0,0,0,0,0,0,0,0,0,7886,0,0,0,0,0,0,0,0,0,0,0,0,0,0,0,0,0,0,0,0,0,0,0,0,43596,4050,20584,16534,16534,0,0,3299,0,0,19,0,0,0,0,0,0,0,0,0,0,0,0,0,0,0,0,0,0,0,0,0,0,0,0,0,0,0,0,0,0,710,24,0
1767050772.001241,1241,ubuntu-rog,1,0,0,10878312,0,1653508,2807913,503071,0,103,0,0,0,0,0,844483303,0,0,4907,844111463,0,0,1653508,2807913,503071,0,196936,111715,0,0,0,0,0,0,0,0,0,0,1649165,100255,3315544,103,0,0,4592,0,0,0,0,0,0,0,18109961,17079569,0,0,40635,40635,14096,11011,0,0,0,0,0,0,0,0,0,2813969,1405266,0,262144,5258950,85646533,0,0,1026,1025,856981879,0,0,0,0,0,0,0,0,0,0,0,0,867915162,0,7654,1850632,787108582,19968,0,0,35342918,0,0,0,0,0,0,0,0,0,0,0,0,0,0,0,0,0,0,0,7886,0,0,0,0,0,0,0,0,0,0,0,0,0,0,0,0,0,0,0,0,0,0,0,0,43596,4050,20584,16534,16534,0,0,3299,0,0,19,0,0,0,0,0,0,0,0,0,0,0,0,0,0,0,0,0,0,0,0,0,0,0,0,0,0,0,0,0,0,710,24,0
1767050773.001192,1192,ubuntu-rog,1,0,0,10878312,0,1653508,2807913,503071,0,103,0,0,0,0,0,844483318,0,0,4907,844111478,0,0,1653508,2807913,503071,0,196936,111701,0,0,0,0,0,0,0,0,0,0,1649165,100255,3315544,103,0,0,4592,0,0,0,0,0,0,0,18109961,17079569,0,0,40635,40635,14096,11011,0,0,0,0,0,0,0,0,0,2813969,1405266,0,262144,5258950,85646533,0,0,1026,1025,856981894,0,0,0,0,0,0,0,0,0,0,0,0,867915191,0,7654,1850632,787108582,19968,0,0,35342918,0,0,0,0,0,0,0,0,0,0,0,0,0,0,0,0,0,0,0,7886,0,0,0,0,0,0,0,0,0,0,0,0,0,0,0,0,0,0,0,0,0,0,0,0,43596,4050,20584,16534,16534,0,0,3299,0,0,19,0,0,0,0,0,0,0,0,0,0,0,0,0,0,0,0,0,0,0,0,0,0,0,0,0,0,0,0,0,0,710,24,0
1767050774.002148,2148,ubuntu-rog,1,0,0,10870248,0,1660297,2807913,503071,0,105,0,0,0,0,0,844490112,0,0,4907,844118272,0,0,1660297,2807913,503071,0,196936,111701,0,0,0,0,0,0,0,0,0,0,1655933,100287,3315545,105,0,0,4592,0,0,0,0,0,0,0,18109963,17079569,0,0,40635,40635,14096,11018,0,0,0,0,0,0,0,0,0,2812356,1404461,0,262144,5258950,85646533,0,0,1026,1025,856988688,0,0,0,0,0,0,0,0,0,0,0,0,867915209,0,7654,1850632,787115352,19968,0,0,35342918,0,0,0,0,0,0,0,0,0,0,0,0,0,0,0,0,0,0,0,7886,0,0,0,0,0,0,0,0,0,0,0,0,0,0,0,0,0,0,0,0,0,0,0,0,43596,4050,20584,16534,16534,0,0,3299,0,0,19,0,0,0,0,0,0,0,0,0,0,0,0,0,0,0,0,0,0,0,0,0,0,0,0,0,0,0,0,0,0,710,24,0
1767050775.001242,1242,ubuntu-rog,1,0,0,10870248,0,1660297,2807913,503071,0,105,0,0,0,0,0,844490128,0,0,4907,844118288,0,0,1660297,2807913,503071,0,196936,111701,0,0,0,0,0,0,0,0,0,0,1655933,100287,3315545,105,0,0,4592,0,0,0,0,0,0,0,18109963,17079569,0,0,40635,40635,14096,11018,0,0,0,0,0,0,0,0,0,2812356,1404461,0,262144,5258950,85646533,0,0,1026,1025,856988704,0,0,0,0,0,0,0,0,0,0,0,0,867915225,0,7654,1850632,787115352,19968,0,0,35342918,0,0,0,0,0,0,0,0,0,0,0,0,0,0,0,0,0,0,0,7886,0,0,0,0,0,0,0,0,0,0,0,0,0,0,0,0,0,0,0,0,0,0,0,0,43596,4050,20584,16534,16534,0,0,3299,0,0,19,0,0,0,0,0,0,0,0,0,0,0,0,0,0,0,0,0,0,0,0,0,0,0,0,0,0,0,0,0,0,710,24,0
1767050776.001281,1281,ubuntu-rog,1,0,0,10870248,0,1660297,2807913,503071,0,105,0,0,0,0,0,844490144,0,0,4907,844118304,0,0,1660297,2807913,503071,0,196936,111701,0,0,0,0,0,0,0,0,0,0,1655933,100287,3315545,105,0,0,4592,0,0,0,0,0,0,0,18109963,17079569,0,0,40635,40635,14096,11018,0,0,0,0,0,0,0,0,0,2812356,1404461,0,262144,5258950,85646533,0,0,1026,1025,856988720,0,0,0,0,0,0,0,0,0,0,0,0,867915241,0,7654,1850632,787115352,19968,0,0,35342918,0,0,0,0,0,0,0,0,0,0,0,0,0,0,0,0,0,0,0,7886,0,0,0,0,0,0,0,0,0,0,0,0,0,0,0,0,0,0,0,0,0,0,0,0,43596,4050,20584,16534,16534,0,0,3299,0,0,19,0,0,0,0,0,0,0,0,0,0,0,0,0,0,0,0,0,0,0,0,0,0,0,0,0,0,0,0,0,0,710,24,0
1767050777.001279,1279,ubuntu-rog,1,0,0,10870248,0,1660297,2807913,503071,0,107,0,0,0,0,0,844490162,0,0,4907,844118322,0,0,1660297,2807913,503071,0,196936,111701,0,0,0,0,0,0,0,0,0,0,1655933,100287,3315548,107,0,0,4592,0,0,0,0,0,0,0,18109965,17079569,0,0,40635,40635,14096,11018,0,0,0,0,0,0,0,0,0,2812356,1404461,0,262144,5258950,85646585,0,0,1026,1025,856988738,0,0,0,0,0,0,0,0,0,0,0,0,867915256,0,7654,1850632,787115352,19968,0,0,35342918,0,0,0,0,0,0,0,0,0,0,0,0,0,0,0,0,0,0,0,7886,0,0,0,0,0,0,0,0,0,0,0,0,0,0,0,0,0,0,0,0,0,0,0,0,43596,4050,20584,16534,16534,0,0,3299,0,0,19,0,0,0,0,0,0,0,0,0,0,0,0,0,0,0,0,0,0,0,0,0,0,0,0,0,0,0,0,0,0,710,24,0
1767050778.002225,2225,ubuntu-rog,1,0,0,10870248,0,1660297,2807913,503071,0,107,0,0,0,0,0,844490178,0,0,4907,844118338,0,0,1660297,2807913,503071,0,196936,111701,0,0,0,0,0,0,0,0,0,0,1655933,100287,3315548,107,0,0,4592,0,0,0,0,0,0,0,18109965,17079569,0,0,40635,40635,14096,11018,0,0,0,0,0,0,0,0,0,2812356,1404461,0,262144,5258950,85646585,0,0,1026,1025,856988754,0,0,0,0,0,0,0,0,0,0,0,0,867915271,0,7654,1850632,787115352,19968,0,0,35342918,0,0,0,0,0,0,0,0,0,0,0,0,0,0,0,0,0,0,0,7886,0,0,0,0,0,0,0,0,0,0,0,0,0,0,0,0,0,0,0,0,0,0,0,0,43596,4050,20584,16534,16534,0,0,3299,0,0,19,0,0,0,0,0,0,0,0,0,0,0,0,0,0,0,0,0,0,0,0,0,0,0,0,0,0,0,0,0,0,710,24,0
1767050779.001269,1269,ubuntu-rog,1,0,0,10870248,0,1660297,2807913,503071,0,108,0,0,0,0,0,844490195,0,0,4907,844118355,0,0,1660297,2807913,503071,0,196936,111701,0,0,0,0,0,0,0,0,0,0,1655933,100287,3315549,108,0,0,4592,0,0,0,0,0,0,0,18109966,17079569,0,0,40635,40635,14096,11018,0,0,0,0,0,0,0,0,0,2812356,1404461,0,262144,5258950,85646585,0,0,1026,1025,856988771,0,0,0,0,0,0,0,0,0,0,0,0,867915288,0,7654,1850632,787115352,19968,0,0,35342918,0,0,0,0,0,0,0,0,0,0,0,0,0,0,0,0,0,0,0,7886,0,0,0,0,0,0,0,0,0,0,0,0,0,0,0,0,0,0,0,0,0,0,0,0,43596,4050,20584,16534,16534,0,0,3299,0,0,19,0,0,0,0,0,0,0,0,0,0,0,0,0,0,0,0,0,0,0,0,0,0,0,0,0,0,0,0,0,0,710,24,0
1767050780.001153,1153,ubuntu-rog,1,0,0,10870248,0,1660297,2807916,503071,0,102,0,0,0,0,0,844490214,0,0,4907,844118374,0,0,1660297,2807916,503071,0,196936,111701,0,0,0,0,0,0,0,0,0,0,1655933,100287,3315549,102,0,0,4592,0,0,0,0,0,0,0,18109966,17079575,0,0,40635,40635,14096,11018,0,0,0,0,0,0,0,0,0,2812357,1404461,0,262144,5258950,85646609,0,0,1026,1025,856988790,0,0,0,0,0,0,0,0,0,0,0,0,867915307,0,7654,1850632,787115372,19968,0,0,35342918,0,0,0,0,0,0,0,0,0,0,0,0,0,0,0,0,0,0,0,7886,0,0,0,0,0,0,0,0,0,0,0,0,0,0,0,0,0,0,0,0,0,0,0,0,43596,4050,20584,16534,16534,0,0,3299,0,0,19,0,0,0,0,0,0,0,0,0,0,0,0,0,0,0,0,0,0,0,0,0,0,0,0,0,0,0,0,0,0,710,24,0
1767050781.001243,1243,ubuntu-rog,1,0,0,10870248,0,1660315,2807916,503071,0,102,0,0,0,0,0,844490229,0,0,4907,844118389,0,0,1660315,2807916,503071,0,196936,111701,0,0,0,0,0,0,0,0,0,0,1655933,100287,3315549,102,0,0,4592,0,0,0,0,0,0,0,18109966,17079575,0,0,40635,40635,14096,11018,0,0,0,0,0,0,0,0,0,2812357,1404461,0,262144,5258950,85646609,0,0,1026,1025,856988805,0,0,0,0,0,0,0,0,0,0,0,0,867915322,0,7654,1850632,787115372,19968,0,0,35342918,0,0,0,0,0,0,0,0,0,0,0,0,0,0,0,0,0,0,0,7886,0,0,0,0,0,0,0,0,0,0,0,0,0,0,0,0,0,0,0,0,0,0,0,0,43596,4050,20584,16534,16534,0,0,3299,0,0,19,0,0,0,0,0,0,0,0,0,0,0,0,0,0,0,0,0,0,0,0,0,0,0,0,0,0,0,0,0,0,710,24,0
1767050782.001222,1222,ubuntu-rog,1,0,0,10870248,0,1660315,2807916,503071,0,104,0,0,0,0,0,844490249,0,0,4907,844118409,0,0,1660315,2807916,503071,0,196936,111701,0,0,0,0,0,0,0,0,0,0,1655933,100287,3315552,104,0,0,4592,0,0,0,0,0,0,0,18109968,17079575,0,0,40635,40635,14096,11018,0,0,0,0,0,0,0,0,0,2812357,1404461,0,262144,5258950,85646641,0,0,1026,1025,856988825,0,0,0,0,0,0,0,0,0,0,0,0,867915339,0,7654,1850632,787115372,19968,0,0,35342918,0,0,0,0,0,0,0,0,0,0,0,0,0,0,0,0,0,0,0,7886,0,0,0,0,0,0,0,0,0,0,0,0,0,0,0,0,0,0,0,0,0,0,0,0,43596,4050,20584,16534,16534,0,0,3299,0,0,19,0,0,0,0,0,0,0,0,0,0,0,0,0,0,0,0,0,0,0,0,0,0,0,0,0,0,0,0,0,0,710,24,0
1767050783.002145,2145,ubuntu-rog,1,0,0,10870248,0,1660315,2807916,503071,0,107,0,0,0,0,0,844490266,0,0,4907,844118426,0,0,1660315,2807916,503071,0,196936,111701,0,0,0,0,0,0,0,0,0,0,1655933,100287,3315554,107,0,0,4592,0,0,0,0,0,0,0,18109971,17079575,0,0,40635,40635,14096,11018,0,0,0,0,0,0,0,0,0,2812357,1404461,0,262144,5258950,85646641,0,0,1026,1025,856988842,0,0,0,0,0,0,0,0,0,0,0,0,867915354,0,7654,1850632,787115372,19968,0,0,35342918,0,0,0,0,0,0,0,0,0,0,0,0,0,0,0,0,0,0,0,7886,0,0,0,0,0,0,0,0,0,0,0,0,0,0,0,0,0,0,0,0,0,0,0,0,43596,4050,20584,16534,16534,0,0,3299,0,0,19,0,0,0,0,0,0,0,0,0,0,0,0,0,0,0,0,0,0,0,0,0,0,0,0,0,0,0,0,0,0,710,24,0
1767050784.001252,1252,ubuntu-rog,1,0,0,10870248,0,1660315,2807916,503071,0,107,0,0,0,0,0,844490282,0,0,4907,844118442,0,0,1660315,2807916,503071,0,196936,111701,0,0,0,0,0,0,0,0,0,0,1655933,100287,3315554,107,0,0,4592,0,0,0,0,0,0,0,18109971,17079575,0,0,40635,40635,14096,11018,0,0,0,0,0,0,0,0,0,2812357,1404461,0,262144,5258950,85646641,0,0,1026,1025,856988858,0,0,0,0,0,0,0,0,0,0,0,0,867915370,0,7654,1850632,787115372,19968,0,0,35342918,0,0,0,0,0,0,0,0,0,0,0,0,0,0,0,0,0,0,0,7886,0,0,0,0,0,0,0,0,0,0,0,0,0,0,0,0,0,0,0,0,0,0,0,0,43596,4050,20584,16534,16534,0,0,3299,0,0,19,0,0,0,0,0,0,0,0,0,0,0,0,0,0,0,0,0,0,0,0,0,0,0,0,0,0,0,0,0,0,710,24,0
1767050785.001288,1288,ubuntu-rog,1,0,0,10870248,0,1660315,2807916,503071,0,108,0,0,0,0,0,844490298,0,0,4907,844118458,0,0,1660315,2807916,503071,0,196936,111701,0,0,0,0,0,0,0,0,0,0,1655933,100287,3315555,108,0,0,4592,0,0,0,0,0,0,0,18109972,17079575,0,0,40635,40635,14096,11018,0,0,0,0,0,0,0,0,0,2812357,1404461,0,262144,5258950,85646641,0,0,1026,1025,856988874,0,0,0,0,0,0,0,0,0,0,0,0,867915385,0,7654,1850632,787115372,19968,0,0,35342918,0,0,0,0,0,0,0,0,0,0,0,0,0,0,0,0,0,0,0,7886,0,0,0,0,0,0,0,0,0,0,0,0,0,0,0,0,0,0,0,0,0,0,0,0,43596,4050,20584,16534,16534,0,0,3299,0,0,19,0,0,0,0,0,0,0,0,0,0,0,0,0,0,0,0,0,0,0,0,0,0,0,0,0,0,0,0,0,0,710,24,0
1767050786.001414,1414,ubuntu-rog,1,0,0,10870248,0,1660315,2807916,503071,0,108,0,0,0,0,0,844490313,0,0,4907,844118473,0,0,1660315,2807916,503071,0,196936,111701,0,0,0,0,0,0,0,0,0,0,1655933,100287,3315555,108,0,0,4592,0,0,0,0,0,0,0,18109972,17079575,0,0,40635,40635,14096,11018,0,0,0,0,0,0,0,0,0,2812357,1404461,0,262144,5258950,85646641,0,0,1026,1025,856988889,0,0,0,0,0,0,0,0,0,0,0,0,867915400,0,7654,1850632,787115372,19968,0,0,35342918,0,0,0,0,0,0,0,0,0,0,0,0,0,0,0,0,0,0,0,7886,0,0,0,0,0,0,0,0,0,0,0,0,0,0,0,0,0,0,0,0,0,0,0,0,43596,4050,20584,16534,16534,0,0,3299,0,0,19,0,0,0,0,0,0,0,0,0,0,0,0,0,0,0,0,0,0,0,0,0,0,0,0,0,0,0,0,0,0,710,24,0
1767050787.002239,2239,ubuntu-rog,1,0,0,10870248,0,1660315,2807916,503071,0,108,0,0,0,0,0,844490329,0,0,4907,844118489,0,0,1660315,2807916,503071,0,196936,111701,0,0,0,0,0,0,0,0,0,0,1655933,100287,3315555,108,0,0,4592,0,0,0,0,0,0,0,18109972,17079575,0,0,40635,40635,14096,11018,0,0,0,0,0,0,0,0,0,2812357,1404461,0,262144,5258950,85646657,0,0,1026,1025,856988905,0,0,0,0,0,0,0,0,0,0,0,0,867915415,0,7654,1850632,787115372,19968,0,0,35342918,0,0,0,0,0,0,0,0,0,0,0,0,0,0,0,0,0,0,0,7886,0,0,0,0,0,0,0,0,0,0,0,0,0,0,0,0,0,0,0,0,0,0,0,0,43596,4050,20584,16534,16534,0,0,3299,0,0,19,0,0,0,0,0,0,0,0,0,0,0,0,0,0,0,0,0,0,0,0,0,0,0,0,0,0,0,0,0,0,710,24,0
1767050788.001275,1275,ubuntu-rog,1,0,0,10870248,0,1660315,2807916,503071,0,108,0,0,0,0,0,844490347,0,0,4907,844118507,0,0,1660315,2807916,503071,0,196936,111701,0,0,0,0,0,0,0,0,0,0,1655933,100287,3315556,108,0,0,4592,0,0,0,0,0,0,0,18109972,17079575,0,0,40635,40635,14096,11018,0,0,0,0,0,0,0,0,0,2812357,1404461,0,262144,5258950,85646657,0,0,1026,1025,856988923,0,0,0,0,0,0,0,0,0,0,0,0,867915433,0,7654,1850632,787115372,19968,0,0,35342918,0,0,0,0,0,0,0,0,0,0,0,0,0,0,0,0,0,0,0,7886,0,0,0,0,0,0,0,0,0,0,0,0,0,0,0,0,0,0,0,0,0,0,0,0,43596,4050,20584,16534,16534,0,0,3299,0,0,19,0,0,0,0,0,0,0,0,0,0,0,0,0,0,0,0,0,0,0,0,0,0,0,0,0,0,0,0,0,0,710,24,0
1767050789.001151,1151,ubuntu-rog,1,0,0,10870248,0,1660315,2807916,503071,0,109,0,0,0,0,0,844490363,0,0,4907,844118523,0,0,1660315,2807916,503071,0,196936,111701,0,0,0,0,0,0,0,0,0,0,1655933,100287,3315557,109,0,0,4592,0,0,0,0,0,0,0,18109973,17079575,0,0,40635,40635,14096,11018,0,0,0,0,0,0,0,0,0,2812357,1404461,0,262144,5258950,85646857,0,0,1026,1025,856988939,0,0,0,0,0,0,0,0,0,0,0,0,867915448,0,7654,1850632,787115372,19968,0,0,35342918,0,0,0,0,0,0,0,0,0,0,0,0,0,0,0,0,0,0,0,7886,0,0,0,0,0,0,0,0,0,0,0,0,0,0,0,0,0,0,0,0,0,0,0,0,43596,4050,20584,16534,16534,0,0,3299,0,0,19,0,0,0,0,0,0,0,0,0,0,0,0,0,0,0,0,0,0,0,0,0,0,0,0,0,0,0,0,0,0,710,24,0
1767050790.001252,1252,ubuntu-rog,1,0,0,10870248,0,1660315,2807919,503071,0,58,0,0,0,0,0,844490379,0,0,4907,844118539,0,0,1660315,2807919,503071,0,196936,111701,0,0,0,0,0,0,0,0,0,0,1655933,100287,3315558,58,0,0,4592,0,0,0,0,0,0,0,18109974,17079627,0,0,40635,40635,14096,11018,0,0,0,0,0,0,0,0,0,2812358,1404462,0,262144,5258950,85646857,0,0,1026,1025,856988955,0,0,0,0,0,0,0,0,0,0,0,0,867915463,0,7654,1850632,787115372,19968,0,0,35342918,0,0,0,0,0,0,0,0,0,0,0,0,0,0,0,0,0,0,0,7886,0,0,0,0,0,0,0,0,0,0,0,0,0,0,0,0,0,0,0,0,0,0,0,0,43596,4050,20584,16534,16534,0,0,3299,0,0,19,0,0,0,0,0,0,0,0,0,0,0,0,0,0,0,0,0,0,0,0,0,0,0,0,0,0,0,0,0,0,710,24,0
1767050791.002280,2280,ubuntu-rog,1,0,0,10870248,0,1660315,2807919,503071,0,58,0,0,0,0,0,844490396,0,0,4907,844118556,0,0,1660315,2807919,503071,0,196936,111701,0,0,0,0,0,0,0,0,0,0,1655933,100287,3315558,58,0,0,4592,0,0,0,0,0,0,0,18109974,17079627,0,0,40635,40635,14096,11018,0,0,0,0,0,0,0,0,0,2812358,1404462,0,262144,5258950,85646857,0,0,1026,1025,856988972,0,0,0,0,0,0,0,0,0,0,0,0,867915480,0,7654,1850632,787115372,19968,0,0,35342918,0,0,0,0,0,0,0,0,0,0,0,0,0,0,0,0,0,0,0,7886,0,0,0,0,0,0,0,0,0,0,0,0,0,0,0,0,0,0,0,0,0,0,0,0,43596,4050,20584,16534,16534,0,0,3299,0,0,19,0,0,0,0,0,0,0,0,0,0,0,0,0,0,0,0,0,0,0,0,0,0,0,0,0,0,0,0,0,0,710,24,0
1767050792.001346,1346,ubuntu-rog,1,0,0,10870753,0,1660315,2807919,503071,0,59,0,0,0,0,0,844490411,0,0,4907,844118571,0,0,1660315,2807919,503071,0,196936,111701,0,0,0,0,0,0,0,0,0,0,1655933,100287,3315558,59,0,0,4592,0,0,0,0,0,0,0,18109975,17079627,0,0,40635,40635,14096,11018,0,0,0,0,0,0,0,0,0,2812458,1404512,0,262144,5258950,85646873,0,0,1026,1025,856988987,0,0,0,0,0,0,0,0,0,0,0,0,867915495,0,7654,1850632,787115372,19968,0,0,35342918,0,0,0,0,0,0,0,0,0,0,0,0,0,0,0,0,0,0,0,7886,0,0,0,0,0,0,0,0,0,0,0,0,0,0,0,0,0,0,0,0,0,0,0,0,43596,4050,20584,16534,16534,0,0,3299,0,0,19,0,0,0,0,0,0,0,0,0,0,0,0,0,0,0,0,0,0,0,0,0,0,0,0,0,0,0,0,0,0,710,24,0
1767050793.002248,2248,ubuntu-rog,1,0,0,10870857,0,1660315,2807919,503071,0,59,0,0,0,0,0,844490429,0,0,4907,844118589,0,0,1660315,2807919,503071,0,196936,111701,0,0,0,0,0,0,0,0,0,0,1655933,100287,3315558,59,0,0,4592,0,0,0,0,0,0,0,18109975,17079627,0,0,40635,40635,14096,11018,0,0,0,0,0,0,0,0,0,2812479,1404522,0,262144,5258950,85646873,0,0,1026,1025,856989005,0,0,0,0,0,0,0,0,0,0,0,0,867915512,0,7654,1850632,787115372,19968,0,0,35342918,0,0,0,0,0,0,0,0,0,0,0,0,0,0,0,0,0,0,0,7886,0,0,0,0,0,0,0,0,0,0,0,0,0,0,0,0,0,0,0,0,0,0,0,0,43596,4050,20584,16534,16534,0,0,3299,0,0,19,0,0,0,0,0,0,0,0,0,0,0,0,0,0,0,0,0,0,0,0,0,0,0,0,0,0,0,0,0,0,710,24,0
1767050794.001289,1289,ubuntu-rog,1,0,0,10872373,0,1660315,2807919,503071,0,60,0,0,0,0,0,844490445,0,0,4907,844118605,0,0,1660315,2807919,503071,0,196936,111701,0,0,0,0,0,0,0,0,0,0,1655933,100287,3315559,60,0,0,4592,0,0,0,0,0,0,0,18109976,17079627,0,0,40635,40635,14096,11018,0,0,0,0,0,0,0,0,0,2812782,1404674,0,262144,5258950,85646873,0,0,1026,1025,856989021,0,0,0,0,0,0,0,0,0,0,0,0,867915528,0,7654,1850632,787115372,19968,0,0,35342918,0,0,0,0,0,0,0,0,0,0,0,0,0,0,0,0,0,0,0,7886,0,0,0,0,0,0,0,0,0,0,0,0,0,0,0,0,0,0,0,0,0,0,0,0,43596,4050,20584,16534,16534,0,0,3299,0,0,19,0,0,0,0,0,0,0,0,0,0,0,0,0,0,0,0,0,0,0,0,0,0,0,0,0,0,0,0,0,0,710,24,0
1767050795.001426,1426,ubuntu-rog,1,0,0,10874892,0,1660315,2807919,503071,0,61,0,0,0,0,0,844490461,0,0,4907,844118621,0,0,1660315,2807919,503071,0,196936,111701,0,0,0,0,0,0,0,0,0,0,1655933,100287,3315560,61,0,0,4592,0,0,0,0,0,0,0,18109977,17079627,0,0,40635,40635,14096,11018,0,0,0,0,0,0,0,0,0,2813286,1404925,0,262144,5258950,85646873,0,0,1026,1025,856989037,0,0,0,0,0,0,0,0,0,0,0,0,867915543,0,7654,1850632,787115372,19968,0,0,35342918,0,0,0,0,0,0,0,0,0,0,0,0,0,0,0,0,0,0,0,7886,0,0,0,0,0,0,0,0,0,0,0,0,0,0,0,0,0,0,0,0,0,0,0,0,43596,4050,20584,16534,16534,0,0,3299,0,0,19,0,0,0,0,0,0,0,0,0,0,0,0,0,0,0,0,0,0,0,0,0,0,0,0,0,0,0,0,0,0,710,24,0
1767050796.002239,2239,ubuntu-rog,1,0,0,10878857,0,1660315,2807919,503071,0,63,0,0,0,0,0,844490478,0,0,4907,844118638,0,0,1660315,2807919,503071,0,196936,111701,0,0,0,0,0,0,0,0,0,0,1655933,100287,3315562,63,0,0,4592,0,0,0,0,0,0,0,18109979,17079627,0,0,40635,40635,14096,11018,0,0,0,0,0,0,0,0,0,2814079,1405321,0,262144,5258950,85646873,0,0,1026,1025,856989054,0,0,0,0,0,0,0,0,0,0,0,0,867915558,0,7654,1850632,787115372,19968,0,0,35342918,0,0,0,0,0,0,0,0,0,0,0,0,0,0,0,0,0,0,0,7886,0,0,0,0,0,0,0,0,0,0,0,0,0,0,0,0,0,0,0,0,0,0,0,0,43596,4050,20584,16534,16534,0,0,3299,0,0,19,0,0,0,0,0,0,0,0,0,0,0,0,0,0,0,0,0,0,0,0,0,0,0,0,0,0,0,0,0,0,710,24,0
1767050797.001278,1278,ubuntu-rog,1,0,0,10883237,0,1660315,2807919,503071,0,63,0,0,0,0,0,844490496,0,0,4907,844118656,0,0,1660315,2807919,503071,0,196936,111701,0,0,0,0,0,0,0,0,0,0,1655933,100287,3315562,63,0,0,4592,0,0,0,0,0,0,0,18109979,17079627,0,0,40635,40635,14096,11018,0,0,0,0,0,0,0,0,0,2814955,1405759,0,262144,5258950,85646889,0,0,1026,1025,856989072,0,0,0,0,0,0,0,0,0,0,0,0,867915574,0,7654,1850632,787115372,19968,0,0,35342918,0,0,0,0,0,0,0,0,0,0,0,0,0,0,0,0,0,0,0,7886,0,0,0,0,0,0,0,0,0,0,0,0,0,0,0,0,0,0,0,0,0,0,0,0,43596,4050,20584,16534,16534,0,0,3299,0,0,19,0,0,0,0,0,0,0,0,0,0,0,0,0,0,0,0,0,0,0,0,0,0,0,0,0,0,0,0,0,0,710,24,0
1767050798.001151,1151,ubuntu-rog,1,0,0,10888719,0,1660315,2807919,503071,0,63,0,0,0,0,0,844490519,0,0,4907,844118679,0,0,1660315,2807919,503071,0,196936,111701,0,0,0,0,0,0,0,0,0,0,1655933,100287,3315564,63,0,0,4592,0,0,0,0,0,0,0,18109979,17079627,0,0,40635,40635,14096,11018,0,0,0,0,0,0,0,0,0,2816051,1406306,0,262144,5258950,85647009,0,0,1026,1025,856989095,0,0,0,0,0,0,0,0,0,0,0,0,867915597,0,7654,1850632,787115372,19968,0,0,35342918,0,0,0,0,0,0,0,0,0,0,0,0,0,0,0,0,0,0,0,7886,0,0,0,0,0,0,0,0,0,0,0,0,0,0,0,0,0,0,0,0,0,0,0,0,43596,4050,20584,16534,16534,0,0,3299,0,0,19,0,0,0,0,0,0,0,0,0,0,0,0,0,0,0,0,0,0,0,0,0,0,0,0,0,0,0,0,0,0,710,24,0
1767050799.001249,1249,ubuntu-rog,1,0,0,10891215,0,1660322,2807921,503071,0,33,0,0,0,0,0,844490544,0,0,4907,844118704,0,0,1660322,2807921,503071,0,196936,111701,0,0,0,0,0,0,0,0,0,0,1655933,100287,3315564,33,0,0,4592,0,0,0,0,0,0,0,18109979,17079657,0,0,40635,40635,14096,11018,0,0,0,0,0,0,0,0,0,2816550,1406555,0,262144,5258950,85647009,0,0,1026,1025,856989120,0,0,0,0,0,0,0,0,0,0,0,0,867915622,0,7654,1850632,787115372,19968,0,0,35342918,0,0,0,0,0,0,0,0,0,0,0,0,0,0,0,0,0,0,0,7886,0,0,0,0,0,0,0,0,0,0,0,0,0,0,0,0,0,0,0,0,0,0,0,0,43596,4050,20584,16534,16534,0,0,3299,0,0,19,0,0,0,0,0,0,0,0,0,0,0,0,0,0,0,0,0,0,0,0,0,0,0,0,0,0,0,0,0,0,710,24,0
1767050800.002285,2285,ubuntu-rog,1,0,0,10893675,0,1660322,2807921,503071,0,34,0,0,0,0,0,844490563,0,0,4907,844118723,0,0,1660322,2807921,503071,0,196936,111701,0,0,0,0,0,0,0,0,0,0,1655933,100287,3315565,34,0,0,4592,0,0,0,0,0,0,0,18109980,17079657,0,0,40635,40635,14096,11018,0,0,0,0,0,0,0,0,0,2817042,1406801,0,262144,5258950,85647073,0,0,1026,1025,856989139,0,0,0,0,0,0,0,0,0,0,0,0,867915640,0,7654,1850632,787115372,19968,0,0,35342918,0,0,0,0,0,0,0,0,0,0,0,0,0,0,0,0,0,0,0,7886,0,0,0,0,0,0,0,0,0,0,0,0,0,0,0,0,0,0,0,0,0,0,0,0,43596,4050,20584,16534,16534,0,0,3299,0,0,19,0,0,0,0,0,0,0,0,0,0,0,0,0,0,0,0,0,0,0,0,0,0,0,0,0,0,0,0,0,0,710,24,0
1767050801.001373,1373,ubuntu-rog,1,0,0,10894942,0,1660322,2807923,503071,0,18,0,0,0,0,0,844490595,0,0,4907,844118755,0,0,1660322,2807923,503071,0,196936,111701,0,0,0,0,0,0,0,0,0,0,1655933,100287,3315565,18,0,0,4592,0,0,0,0,0,0,0,18109980,17079673,0,0,40635,40635,14096,11018,0,0,0,0,0,0,0,0,0,2817296,1406928,0,262144,5258950,85647073,0,0,1026,1025,856989171,0,0,0,0,0,0,0,0,0,0,0,0,867915672,0,7654,1850632,787115373,19968,0,0,35342919,0,0,0,0,0,0,0,0,0,0,0,0,0,0,0,0,0,0,0,7886,0,0,0,0,0,0,0,0,0,0,0,0,0,0,0,0,0,0,0,0,0,0,0,0,43596,4050,20584,16534,16534,0,0,3299,0,0,19,0,0,0,0,0,0,0,0,0,0,0,0,0,0,0,0,0,0,0,0,0,0,0,0,0,0,0,0,0,0,710,24,0
1767050802.002247,2247,ubuntu-rog,1,0,0,10894942,0,1660322,2807923,503071,0,32,0,0,0,0,0,844490615,0,0,4907,844118775,0,0,1660322,2807923,503071,0,196936,111701,0,0,0,0,0,0,0,0,0,0,1655934,100287,3315567,32,0,0,4592,0,0,0,0,0,0,0,18109994,17079673,0,0,40635,40635,14096,11018,0,0,0,0,0,0,0,0,0,2817296,1406928,0,262144,5258950,85647137,0,0,1026,1025,856989191,0,0,0,0,0,0,0,0,0,0,0,0,867915689,0,7654,1850632,787115374,19968,0,0,35342919,0,0,0,0,0,0,0,0,0,0,0,0,0,0,0,0,0,0,0,7886,0,0,0,0,0,0,0,0,0,0,0,0,0,0,0,0,0,0,0,0,0,0,0,0,43596,4050,20584,16534,16534,0,0,3299,0,0,19,0,0,0,0,0,0,0,0,0,0,0,0,0,0,0,0,0,0,0,0,0,0,0,0,0,0,0,0,0,0,710,24,0
1767050803.001282,1282,ubuntu-rog,1,0,0,10894942,0,1660323,2807924,503071,0,32,0,0,0,0,0,844490632,0,0,4907,844118792,0,0,1660323,2807924,503071,0,196936,111701,0,0,0,0,0,0,0,0,0,0,1655934,100287,3315567,32,0,0,4592,0,0,0,0,0,0,0,18109994,17079673,0,0,40635,40635,14096,11018,0,0,0,0,0,0,0,0,0,2817296,1406928,0,262144,5258950,85647137,0,0,1026,1025,856989208,0,0,0,0,0,0,0,0,0,0,0,0,867915706,0,7654,1850632,787115374,19968,0,0,35342919,0,0,0,0,0,0,0,0,0,0,0,0,0,0,0,0,0,0,0,7886,0,0,0,0,0,0,0,0,0,0,0,0,0,0,0,0,0,0,0,0,0,0,0,0,43596,4050,20584,16534,16534,0,0,3299,0,0,19,0,0,0,0,0,0,0,0,0,0,0,0,0,0,0,0,0,0,0,0,0,0,0,0,0,0,0,0,0,0,710,24,0
1767050804.001148,1148,ubuntu-rog,1,0,0,10894942,0,1660323,2807924,503071,0,33,0,0,0,0,0,844490649,0,0,4907,844118809,0,0,1660323,2807924,503071,0,196936,111701,0,0,0,0,0,0,0,0,0,0,1655934,100287,3315568,33,0,0,4592,0,0,0,0,0,0,0,18109995,17079673,0,0,40635,40635,14096,11018,0,0,0,0,0,0,0,0,0,2817296,1406928,0,262144,5258950,85647137,0,0,1026,1025,856989225,0,0,0,0,0,0,0,0,0,0,0,0,867915722,0,7654,1850632,787115374,19968,0,0,35342919,0,0,0,0,0,0,0,0,0,0,0,0,0,0,0,0,0,0,0,7886,0,0,0,0,0,0,0,0,0,0,0,0,0,0,0,0,0,0,0,0,0,0,0,0,43596,4050,20584,16534,16534,0,0,3299,0,0,19,0,0,0,0,0,0,0,0,0,0,0,0,0,0,0,0,0,0,0,0,0,0,0,0,0,0,0,0,0,0,710,24,0
1767050805.001460,1460,ubuntu-rog,1,0,0,10894942,0,1660323,2807925,503071,0,33,0,0,0,0,0,844490666,0,0,4907,844118826,0,0,1660323,2807925,503071,0,196936,111701,0,0,0,0,0,0,0,0,0,0,1655934,100287,3315568,33,0,0,4592,0,0,0,0,0,0,0,18109995,17079673,0,0,40635,40635,14096,11018,0,0,0,0,0,0,0,0,0,2817296,1406928,0,262144,5258950,85647137,0,0,1026,1025,856989242,0,0,0,0,0,0,0,0,0,0,0,0,867915739,0,7654,1850632,787115374,19968,0,0,35342919,0,0,0,0,0,0,0,0,0,0,0,0,0,0,0,0,0,0,0,7886,0,0,0,0,0,0,0,0,0,0,0,0,0,0,0,0,0,0,0,0,0,0,0,0,43596,4050,20584,16534,16534,0,0,3299,0,0,19,0,0,0,0,0,0,0,0,0,0,0,0,0,0,0,0,0,0,0,0,0,0,0,0,0,0,0,0,0,0,710,24,0
1767050806.002276,2276,ubuntu-rog,1,0,0,10894942,0,1660323,2807925,503071,0,14,0,0,0,0,0,844490682,0,0,4907,844118842,0,0,1660323,2807925,503071,0,196936,111701,0,0,0,0,0,0,0,0,0,0,1655934,100287,3315568,14,0,0,4592,0,0,0,0,0,0,0,18109995,17079692,0,0,40635,40635,14096,11018,0,0,0,0,0,0,0,0,0,2817296,1406928,0,262144,5258950,85647213,0,0,1026,1025,856989258,0,0,0,0,0,0,0,0,0,0,0,0,867915755,0,7654,1850632,787115374,19968,0,0,35342919,0,0,0,0,0,0,0,0,0,0,0,0,0,0,0,0,0,0,0,7886,0,0,0,0,0,0,0,0,0,0,0,0,0,0,0,0,0,0,0,0,0,0,0,0,43596,4050,20584,16534,16534,0,0,3299,0,0,19,0,0,0,0,0,0,0,0,0,0,0,0,0,0,0,0,0,0,0,0,0,0,0,0,0,0,0,0,0,0,710,24,0
1767050807.001145,1145,ubuntu-rog,1,0,0,10895005,0,1660345,2807928,503071,0,16,0,0,0,0,0,844490749,0,0,4907,844118909,0,0,1660345,2807928,503071,0,196936,111701,0,0,0,0,0,0,0,0,0,0,1655933,100287,3315569,16,0,0,4592,0,0,0,0,0,0,0,18109997,17079692,0,0,40635,40635,14096,11018,0,0,0,0,0,0,0,0,0,2817310,1406935,0,262144,5258950,85647213,0,0,1026,1025,856989325,0,0,0,0,0,0,0,0,0,0,0,0,867915822,0,7654,1850632,787115447,19968,0,0,35342919,0,0,0,0,0,0,0,0,0,0,0,0,0,0,0,0,0,0,0,7886,0,0,0,0,0,0,0,0,0,0,0,0,0,0,0,0,0,0,0,0,0,0,0,0,43596,4050,20584,16534,16534,0,0,3299,0,0,19,0,0,0,0,0,0,0,0,0,0,0,0,0,0,0,0,0,0,0,0,0,0,0,0,0,0,0,0,0,0,710,24,0
1767050808.001256,1256,ubuntu-rog,1,0,0,10895005,0,1660345,2807928,503071,0,18,0,0,0,0,0,844490766,0,0,4907,844118926,0,0,1660345,2807928,503071,0,196936,111701,0,0,0,0,0,0,0,0,0,0,1655933,100287,3315571,18,0,0,4592,0,0,0,0,0,0,0,18109999,17079692,0,0,40635,40635,14096,11018,0,0,0,0,0,0,0,0,0,2817310,1406935,0,262144,5258950,85647237,0,0,1026,1025,856989342,0,0,0,0,0,0,0,0,0,0,0,0,867915837,0,7654,1850632,787115447,19968,0,0,35342919,0,0,0,0,0,0,0,0,0,0,0,0,0,0,0,0,0,0,0,7886,0,0,0,0,0,0,0,0,0,0,0,0,0,0,0,0,0,0,0,0,0,0,0,0,43596,4050,20584,16534,16534,0,0,3299,0,0,19,0,0,0,0,0,0,0,0,0,0,0,0,0,0,0,0,0,0,0,0,0,0,0,0,0,0,0,0,0,0,710,24,0
1767050809.001291,1291,ubuntu-rog,1,0,0,10895005,0,1660345,2807929,503071,0,20,0,0,0,0,0,844490786,0,0,4907,844118946,0,0,1660345,2807929,503071,0,196936,111701,0,0,0,0,0,0,0,0,0,0,1655933,100287,3315572,20,0,0,4592,0,0,0,0,0,0,0,18110001,17079692,0,0,40635,40635,14096,11018,0,0,0,0,0,0,0,0,0,2817310,1406935,0,262144,5258950,85647237,0,0,1026,1025,856989362,0,0,0,0,0,0,0,0,0,0,0,0,867915856,0,7654,1850632,787115447,19968,0,0,35342919,0,0,0,0,0,0,0,0,0,0,0,0,0,0,0,0,0,0,0,7886,0,0,0,0,0,0,0,0,0,0,0,0,0,0,0,0,0,0,0,0,0,0,0,0,43596,4050,20584,16534,16534,0,0,3299,0,0,19,0,0,0,0,0,0,0,0,0,0,0,0,0,0,0,0,0,0,0,0,0,0,0,0,0,0,0,0,0,0,710,24,0
1767050810.001421,1421,ubuntu-rog,1,0,0,10895005,0,1660345,2807929,503071,0,20,0,0,0,0,0,844490802,0,0,4907,844118962,0,0,1660345,2807929,503071,0,196936,111701,0,0,0,0,0,0,0,0,0,0,1655933,100287,3315572,20,0,0,4592,0,0,0,0,0,0,0,18110001,17079692,0,0,40635,40635,14096,11018,0,0,0,0,0,0,0,0,0,2817310,1406935,0,262144,5258950,85647237,0,0,1026,1025,856989378,0,0,0,0,0,0,0,0,0,0,0,0,867915872,0,7654,1850632,787115447,19968,0,0,35342919,0,0,0,0,0,0,0,0,0,0,0,0,0,0,0,0,0,0,0,7886,0,0,0,0,0,0,0,0,0,0,0,0,0,0,0,0,0,0,0,0,0,0,0,0,43596,4050,20584,16534,16534,0,0,3299,0,0,19,0,0,0,0,0,0,0,0,0,0,0,0,0,0,0,0,0,0,0,0,0,0,0,0,0,0,0,0,0,0,710,24,0
1767050811.002642,2642,ubuntu-rog,1,0,0,10895005,0,1660345,2807929,503071,0,21,0,0,0,0,0,844490818,0,0,4907,844118978,0,0,1660345,2807929,503071,0,196936,111701,0,0,0,0,0,0,0,0,0,0,1655933,100287,3315573,21,0,0,4592,0,0,0,0,0,0,0,18110002,17079692,0,0,40635,40635,14096,11018,0,0,0,0,0,0,0,0,0,2817310,1406935,0,262144,5258950,85647237,0,0,1026,1025,856989394,0,0,0,0,0,0,0,0,0,0,0,0,867915887,0,7654,1850632,787115447,19968,0,0,35342919,0,0,0,0,0,0,0,0,0,0,0,0,0,0,0,0,0,0,0,7886,0,0,0,0,0,0,0,0,0,0,0,0,0,0,0,0,0,0,0,0,0,0,0,0,43596,4050,20584,16534,16534,0,0,3299,0,0,19,0,0,0,0,0,0,0,0,0,0,0,0,0,0,0,0,0,0,0,0,0,0,0,0,0,0,0,0,0,0,710,24,0
1767050812.001285,1285,ubuntu-rog,1,0,0,10895005,0,1660345,2807929,503071,0,21,0,0,0,0,0,844490835,0,0,4907,844118995,0,0,1660345,2807929,503071,0,196936,111701,0,0,0,0,0,0,0,0,0,0,1655933,100287,3315573,21,0,0,4592,0,0,0,0,0,0,0,18110002,17079692,0,0,40635,40635,14096,11018,0,0,0,0,0,0,0,0,0,2817310,1406935,0,262144,5258950,85647237,0,0,1026,1025,856989411,0,0,0,0,0,0,0,0,0,0,0,0,867915904,0,7654,1850632,787115447,19968,0,0,35342919,0,0,0,0,0,0,0,0,0,0,0,0,0,0,0,0,0,0,0,7886,0,0,0,0,0,0,0,0,0,0,0,0,0,0,0,0,0,0,0,0,0,0,0,0,43596,4050,20584,16534,16534,0,0,3299,0,0,19,0,0,0,0,0,0,0,0,0,0,0,0,0,0,0,0,0,0,0,0,0,0,0,0,0,0,0,0,0,0,710,24,0
1767050813.002147,2147,ubuntu-rog,1,0,0,10895005,0,1660345,2807929,503071,0,21,0,0,0,0,0,844490851,0,0,4907,844119011,0,0,1660345,2807929,503071,0,196936,111701,0,0,0,0,0,0,0,0,0,0,1655933,100287,3315573,21,0,0,4592,0,0,0,0,0,0,0,18110002,17079692,0,0,40635,40635,14096,11018,0,0,0,0,0,0,0,0,0,2817310,1406935,0,262144,5258950,85647237,0,0,1026,1025,856989427,0,0,0,0,0,0,0,0,0,0,0,0,867915920,0,7654,1850632,787115447,19968,0,0,35342919,0,0,0,0,0,0,0,0,0,0,0,0,0,0,0,0,0,0,0,7886,0,0,0,0,0,0,0,0,0,0,0,0,0,0,0,0,0,0,0,0,0,0,0,0,43596,4050,20584,16534,16534,0,0,3299,0,0,19,0,0,0,0,0,0,0,0,0,0,0,0,0,0,0,0,0,0,0,0,0,0,0,0,0,0,0,0,0,0,710,24,0
1767050814.001431,1431,ubuntu-rog,1,0,0,10895005,0,1660345,2807929,503071,0,21,0,0,0,0,0,844490867,0,0,4907,844119027,0,0,1660345,2807929,503071,0,196936,111701,0,0,0,0,0,0,0,0,0,0,1655933,100287,3315573,21,0,0,4592,0,0,0,0,0,0,0,18110002,17079692,0,0,40635,40635,14096,11018,0,0,0,0,0,0,0,0,0,2817310,1406935,0,262144,5258950,85647253,0,0,1026,1025,856989443,0,0,0,0,0,0,0,0,0,0,0,0,867915936,0,7654,1850632,787115447,19968,0,0,35342919,0,0,0,0,0,0,0,0,0,0,0,0,0,0,0,0,0,0,0,7886,0,0,0,0,0,0,0,0,0,0,0,0,0,0,0,0,0,0,0,0,0,0,0,0,43596,4050,20584,16534,16534,0,0,3299,0,0,19,0,0,0,0,0,0,0,0,0,0,0,0,0,0,0,0,0,0,0,0,0,0,0,0,0,0,0,0,0,0,710,24,0
1767050815.002271,2271,ubuntu-rog,1,0,0,10895005,0,1660345,2807929,503071,0,23,0,0,0,0,0,844490886,0,0,4907,844119046,0,0,1660345,2807929,503071,0,196936,111701,0,0,0,0,0,0,0,0,0,0,1655933,100287,3315575,23,0,0,4592,0,0,0,0,0,0,0,18110004,17079692,0,0,40635,40635,14096,11018,0,0,0,0,0,0,0,0,0,2817310,1406935,0,262144,5258950,85647253,0,0,1026,1025,856989462,0,0,0,0,0,0,0,0,0,0,0,0,867915953,0,7654,1850632,787115447,19968,0,0,35342919,0,0,0,0,0,0,0,0,0,0,0,0,0,0,0,0,0,0,0,7886,0,0,0,0,0,0,0,0,0,0,0,0,0,0,0,0,0,0,0,0,0,0,0,0,43596,4050,20584,16534,16534,0,0,3299,0,0,19,0,0,0,0,0,0,0,0,0,0,0,0,0,0,0,0,0,0,0,0,0,0,0,0,0,0,0,0,0,0,710,24,0
1767050816.001144,1144,ubuntu-rog,1,0,0,10895005,0,1660345,2807929,503071,0,23,0,0,0,0,0,844490900,0,0,4907,844119060,0,0,1660345,2807929,503071,0,196936,111701,0,0,0,0,0,0,0,0,0,0,1655933,100287,3315575,23,0,0,4592,0,0,0,0,0,0,0,18110004,17079692,0,0,40635,40635,14096,11018,0,0,0,0,0,0,0,0,0,2817310,1406935,0,262144,5258950,85647253,0,0,1026,1025,856989476,0,0,0,0,0,0,0,0,0,0,0,0,867915967,0,7654,1850632,787115447,19968,0,0,35342919,0,0,0,0,0,0,0,0,0,0,0,0,0,0,0,0,0,0,0,7886,0,0,0,0,0,0,0,0,0,0,0,0,0,0,0,0,0,0,0,0,0,0,0,0,43596,4050,20584,16534,16534,0,0,3299,0,0,19,0,0,0,0,0,0,0,0,0,0,0,0,0,0,0,0,0,0,0,0,0,0,0,0,0,0,0,0,0,0,710,24,0
1767050817.001250,1250,ubuntu-rog,1,0,0,10895005,0,1660357,2807929,503071,0,23,0,0,0,0,0,844490915,0,0,4907,844119075,0,0,1660357,2807929,503071,0,196936,111701,0,0,0,0,0,0,0,0,0,0,1655933,100287,3315575,23,0,0,4592,0,0,0,0,0,0,0,18110004,17079692,0,0,40635,40635,14096,11018,0,0,0,0,0,0,0,0,0,2817310,1406935,0,262144,5258950,85647253,0,0,1026,1025,856989491,0,0,0,0,0,0,0,0,0,0,0,0,867915982,0,7654,1850632,787115447,19968,0,0,35342919,0,0,0,0,0,0,0,0,0,0,0,0,0,0,0,0,0,0,0,7886,0,0,0,0,0,0,0,0,0,0,0,0,0,0,0,0,0,0,0,0,0,0,0,0,43596,4050,20584,16534,16534,0,0,3299,0,0,19,0,0,0,0,0,0,0,0,0,0,0,0,0,0,0,0,0,0,0,0,0,0,0,0,0,0,0,0,0,0,710,24,0
1767050818.001291,1291,ubuntu-rog,1,0,0,10895005,0,1660357,2807929,503071,0,23,0,0,0,0,0,844490931,0,0,4907,844119091,0,0,1660357,2807929,503071,0,196936,111701,0,0,0,0,0,0,0,0,0,0,1655933,100287,3315575,23,0,0,4592,0,0,0,0,0,0,0,18110004,17079692,0,0,40635,40635,14096,11018,0,0,0,0,0,0,0,0,0,2817310,1406935,0,262144,5258950,85647253,0,0,1026,1025,856989507,0,0,0,0,0,0,0,0,0,0,0,0,867915998,0,7654,1850632,787115447,19968,0,0,35342919,0,0,0,0,0,0,0,0,0,0,0,0,0,0,0,0,0,0,0,7886,0,0,0,0,0,0,0,0,0,0,0,0,0,0,0,0,0,0,0,0,0,0,0,0,43596,4050,20584,16534,16534,0,0,3299,0,0,19,0,0,0,0,0,0,0,0,0,0,0,0,0,0,0,0,0,0,0,0,0,0,0,0,0,0,0,0,0,0,710,24,0
1767050819.002147,2147,ubuntu-rog,1,0,0,10895005,0,1660357,2807930,503071,0,24,0,0,0,0,0,844490949,0,0,4907,844119109,0,0,1660357,2807930,503071,0,196936,111701,0,0,0,0,0,0,0,0,0,0,1655933,100287,3315577,24,0,0,4592,0,0,0,0,0,0,0,18110005,17079692,0,0,40635,40635,14096,11018,0,0,0,0,0,0,0,0,0,2817310,1406935,0,262144,5258950,85647269,0,0,1026,1025,856989525,0,0,0,0,0,0,0,0,0,0,0,0,867916014,0,7654,1850632,787115447,19968,0,0,35342919,0,0,0,0,0,0,0,0,0,0,0,0,0,0,0,0,0,0,0,7886,0,0,0,0,0,0,0,0,0,0,0,0,0,0,0,0,0,0,0,0,0,0,0,0,43596,4050,20584,16534,16534,0,0,3299,0,0,19,0,0,0,0,0,0,0,0,0,0,0,0,0,0,0,0,0,0,0,0,0,0,0,0,0,0,0,0,0,0,710,24,0
1767050820.001603,1603,ubuntu-rog,1,0,0,10895005,0,1660357,2807930,503071,0,25,0,0,0,0,0,844490965,0,0,4907,844119125,0,0,1660357,2807930,503071,0,196936,111701,0,0,0,0,0,0,0,0,0,0,1655933,100287,3315578,25,0,0,4592,0,0,0,0,0,0,0,18110006,17079692,0,0,40635,40635,14096,11018,0,0,0,0,0,0,0,0,0,2817310,1406935,0,262144,5258950,85647269,0,0,1026,1025,856989541,0,0,0,0,0,0,0,0,0,0,0,0,867916030,0,7654,1850632,787115447,19968,0,0,35342919,0,0,0,0,0,0,0,0,0,0,0,0,0,0,0,0,0,0,0,7886,0,0,0,0,0,0,0,0,0,0,0,0,0,0,0,0,0,0,0,0,0,0,0,0,43596,4050,20584,16534,16534,0,0,3299,0,0,19,0,0,0,0,0,0,0,0,0,0,0,0,0,0,0,0,0,0,0,0,0,0,0,0,0,0,0,0,0,0,710,24,0
1767050821.002290,2290,ubuntu-rog,1,0,0,10895005,0,1660357,2807930,503071,0,26,0,0,0,0,0,844490982,0,0,4907,844119142,0,0,1660357,2807930,503071,0,196936,111701,0,0,0,0,0,0,0,0,0,0,1655933,100287,3315579,26,0,0,4592,0,0,0,0,0,0,0,18110007,17079692,0,0,40635,40635,14096,11018,0,0,0,0,0,0,0,0,0,2817310,1406935,0,262144,5258950,85647269,0,0,1026,1025,856989558,0,0,0,0,0,0,0,0,0,0,0,0,867916045,0,7654,1850632,787115447,19968,0,0,35342919,0,0,0,0,0,0,0,0,0,0,0,0,0,0,0,0,0,0,0,7886,0,0,0,0,0,0,0,0,0,0,0,0,0,0,0,0,0,0,0,0,0,0,0,0,43596,4050,20584,16534,16534,0,0,3299,0,0,19,0,0,0,0,0,0,0,0,0,0,0,0,0,0,0,0,0,0,0,0,0,0,0,0,0,0,0,0,0,0,710,24,0
1767050822.001149,1149,ubuntu-rog,1,0,0,10895005,0,1660357,2807930,503071,0,27,0,0,0,0,0,844490998,0,0,4907,844119158,0,0,1660357,2807930,503071,0,196936,111701,0,0,0,0,0,0,0,0,0,0,1655933,100287,3315580,27,0,0,4592,0,0,0,0,0,0,0,18110008,17079692,0,0,40635,40635,14096,11018,0,0,0,0,0,0,0,0,0,2817310,1406935,0,262144,5258950,85647269,0,0,1026,1025,856989574,0,0,0,0,0,0,0,0,0,0,0,0,867916060,0,7654,1850632,787115447,19968,0,0,35342919,0,0,0,0,0,0,0,0,0,0,0,0,0,0,0,0,0,0,0,7886,0,0,0,0,0,0,0,0,0,0,0,0,0,0,0,0,0,0,0,0,0,0,0,0,43596,4050,20584,16534,16534,0,0,3299,0,0,19,0,0,0,0,0,0,0,0,0,0,0,0,0,0,0,0,0,0,0,0,0,0,0,0,0,0,0,0,0,0,710,24,0
1767050823.001248,1248,ubuntu-rog,1,0,0,10895005,0,1660357,2807930,503071,0,13,0,0,0,0,0,844491013,0,0,4907,844119173,0,0,1660357,2807930,503071,0,196936,111701,0,0,0,0,0,0,0,0,0,0,1655933,100287,3315580,13,0,0,4592,0,0,0,0,0,0,0,18110008,17079706,0,0,40635,40635,14096,11018,0,0,0,0,0,0,0,0,0,2817310,1406935,0,262144,5258950,85647317,0,0,1026,1025,856989589,0,0,0,0,0,0,0,0,0,0,0,0,867916075,0,7654,1850632,787115447,19968,0,0,35342919,0,0,0,0,0,0,0,0,0,0,0,0,0,0,0,0,0,0,0,7886,0,0,0,0,0,0,0,0,0,0,0,0,0,0,0,0,0,0,0,0,0,0,0,0,43596,4050,20584,16534,16534,0,0,3299,0,0,19,0,0,0,0,0,0,0,0,0,0,0,0,0,0,0,0,0,0,0,0,0,0,0,0,0,0,0,0,0,0,710,24,0
1767050824.001289,1289,ubuntu-rog,1,0,0,10895005,0,1660357,2807930,503071,0,13,0,0,0,0,0,844491029,0,0,4907,844119189,0,0,1660357,2807930,503071,0,196936,111701,0,0,0,0,0,0,0,0,0,0,1655933,100287,3315580,13,0,0,4592,0,0,0,0,0,0,0,18110008,17079706,0,0,40635,40635,14096,11018,0,0,0,0,0,0,0,0,0,2817310,1406935,0,262144,5258950,85647317,0,0,1026,1025,856989605,0,0,0,0,0,0,0,0,0,0,0,0,867916091,0,7654,1850632,787115447,19968,0,0,35342919,0,0,0,0,0,0,0,0,0,0,0,0,0,0,0,0,0,0,0,7886,0,0,0,0,0,0,0,0,0,0,0,0,0,0,0,0,0,0,0,0,0,0,0,0,43596,4050,20584,16534,16534,0,0,3299,0,0,19,0,0,0,0,0,0,0,0,0,0,0,0,0,0,0,0,0,0,0,0,0,0,0,0,0,0,0,0,0,0,710,24,0
1767050825.002140,2140,ubuntu-rog,1,0,0,10895005,0,1660372,2807932,503071,0,15,0,0,0,0,0,844491046,0,0,4907,844119206,0,0,1660372,2807932,503071,0,196936,111701,0,0,0,0,0,0,0,0,0,0,1655933,100287,3315582,15,0,0,4592,0,0,0,0,0,0,0,18110010,17079706,0,0,40635,40635,14096,11018,0,0,0,0,0,0,0,0,0,2817310,1406935,0,262144,5258950,85647333,0,0,1026,1025,856989622,0,0,0,0,0,0,0,0,0,0,0,0,867916106,0,7654,1850632,787115447,19968,0,0,35342919,0,0,0,0,0,0,0,0,0,0,0,0,0,0,0,0,0,0,0,7886,0,0,0,0,0,0,0,0,0,0,0,0,0,0,0,0,0,0,0,0,0,0,0,0,43596,4050,20584,16534,16534,0,0,3299,0,0,19,0,0,0,0,0,0,0,0,0,0,0,0,0,0,0,0,0,0,0,0,0,0,0,0,0,0,0,0,0,0,710,24,0
1767050826.001255,1255,ubuntu-rog,1,0,0,10895005,0,1660372,2807932,503071,0,16,0,0,0,0,0,844491062,0,0,4907,844119222,0,0,1660372,2807932,503071,0,196936,111701,0,0,0,0,0,0,0,0,0,0,1655933,100287,3315583,16,0,0,4592,0,0,0,0,0,0,0,18110011,17079706,0,0,40635,40635,14096,11018,0,0,0,0,0,0,0,0,0,2817310,1406935,0,262144,5258950,85647333,0,0,1026,1025,856989638,0,0,0,0,0,0,0,0,0,0,0,0,867916121,0,7654,1850632,787115447,19968,0,0,35342919,0,0,0,0,0,0,0,0,0,0,0,0,0,0,0,0,0,0,0,7886,0,0,0,0,0,0,0,0,0,0,0,0,0,0,0,0,0,0,0,0,0,0,0,0,43596,4050,20584,16534,16534,0,0,3299,0,0,19,0,0,0,0,0,0,0,0,0,0,0,0,0,0,0,0,0,0,0,0,0,0,0,0,0,0,0,0,0,0,710,24,0
1767050827.001286,1286,ubuntu-rog,1,0,0,10895005,0,1660372,2807933,503071,0,16,0,0,0,0,0,844491077,0,0,4907,844119237,0,0,1660372,2807933,503071,0,196936,111701,0,0,0,0,0,0,0,0,0,0,1655933,100287,3315583,16,0,0,4592,0,0,0,0,0,0,0,18110011,17079706,0,0,40635,40635,14096,11018,0,0,0,0,0,0,0,0,0,2817311,1406935,0,262144,5258950,85647333,0,0,1026,1025,856989653,0,0,0,0,0,0,0,0,0,0,0,0,867916136,0,7654,1850632,787115447,19968,0,0,35342919,0,0,0,0,0,0,0,0,0,0,0,0,0,0,0,0,0,0,0,7886,0,0,0,0,0,0,0,0,0,0,0,0,0,0,0,0,0,0,0,0,0,0,0,0,43596,4050,20584,16534,16534,0,0,3299,0,0,19,0,0,0,0,0,0,0,0,0,0,0,0,0,0,0,0,0,0,0,0,0,0,0,0,0,0,0,0,0,0,710,24,0
1767050828.001151,1151,ubuntu-rog,1,0,0,10895005,0,1660372,2807933,503071,0,17,0,0,0,0,0,844491093,0,0,4907,844119253,0,0,1660372,2807933,503071,0,196936,111701,0,0,0,0,0,0,0,0,0,0,1655933,100287,3315584,17,0,0,4592,0,0,0,0,0,0,0,18110012,17079706,0,0,40635,40635,14096,11018,0,0,0,0,0,0,0,0,0,2817311,1406935,0,262144,5258950,85647333,0,0,1026,1025,856989669,0,0,0,0,0,0,0,0,0,0,0,0,867916151,0,7654,1850632,787115447,19968,0,0,35342919,0,0,0,0,0,0,0,0,0,0,0,0,0,0,0,0,0,0,0,7886,0,0,0,0,0,0,0,0,0,0,0,0,0,0,0,0,0,0,0,0,0,0,0,0,43596,4050,20584,16534,16534,0,0,3299,0,0,19,0,0,0,0,0,0,0,0,0,0,0,0,0,0,0,0,0,0,0,0,0,0,0,0,0,0,0,0,0,0,710,24,0
1767050829.001437,1437,ubuntu-rog,1,0,0,10895005,0,1660372,2807934,503071,0,17,0,0,0,0,0,844491108,0,0,4907,844119268,0,0,1660372,2807934,503071,0,196936,111701,0,0,0,0,0,0,0,0,0,0,1655933,100287,3315584,17,0,0,4592,0,0,0,0,0,0,0,18110012,17079706,0,0,40635,40635,14096,11018,0,0,0,0,0,0,0,0,0,2817311,1406935,0,262144,5258950,85647333,0,0,1026,1025,856989684,0,0,0,0,0,0,0,0,0,0,0,0,867916166,0,7654,1850632,787115447,19968,0,0,35342919,0,0,0,0,0,0,0,0,0,0,0,0,0,0,0,0,0,0,0,7886,0,0,0,0,0,0,0,0,0,0,0,0,0,0,0,0,0,0,0,0,0,0,0,0,43596,4050,20584,16534,16534,0,0,3299,0,0,19,0,0,0,0,0,0,0,0,0,0,0,0,0,0,0,0,0,0,0,0,0,0,0,0,0,0,0,0,0,0,710,24,0
1767050830.002291,2291,ubuntu-rog,1,0,0,10895005,0,1660372,2807934,503071,0,18,0,0,0,0,0,844491127,0,0,4907,844119287,0,0,1660372,2807934,503071,0,196936,111701,0,0,0,0,0,0,0,0,0,0,1655933,100287,3315587,18,0,0,4592,0,0,0,0,0,0,0,18110013,17079706,0,0,40635,40635,14096,11018,0,0,0,0,0,0,0,0,0,2817311,1406935,0,262144,5258950,85647349,0,0,1026,1025,856989703,0,0,0,0,0,0,0,0,0,0,0,0,867916182,0,7654,1850632,787115447,19968,0,0,35342919,0,0,0,0,0,0,0,0,0,0,0,0,0,0,0,0,0,0,0,7886,0,0,0,0,0,0,0,0,0,0,0,0,0,0,0,0,0,0,0,0,0,0,0,0,43596,4050,20584,16534,16534,0,0,3299,0,0,19,0,0,0,0,0,0,0,0,0,0,0,0,0,0,0,0,0,0,0,0,0,0,0,0,0,0,0,0,0,0,710,24,0
1767050831.001148,1148,ubuntu-rog,1,0,0,10895005,0,1660372,2807936,503071,0,18,0,0,0,0,0,844491143,0,0,4907,844119303,0,0,1660372,2807936,503071,0,196936,111701,0,0,0,0,0,0,0,0,0,0,1655933,100287,3315587,18,0,0,4592,0,0,0,0,0,0,0,18110013,17079706,0,0,40635,40635,14096,11018,0,0,0,0,0,0,0,0,0,2817311,1406935,0,262144,5258950,85647349,0,0,1026,1025,856989719,0,0,0,0,0,0,0,0,0,0,0,0,867916198,0,7654,1850632,787115447,19968,0,0,35342919,0,0,0,0,0,0,0,0,0,0,0,0,0,0,0,0,0,0,0,7886,0,0,0,0,0,0,0,0,0,0,0,0,0,0,0,0,0,0,0,0,0,0,0,0,43596,4050,20584,16534,16534,0,0,3299,0,0,19,0,0,0,0,0,0,0,0,0,0,0,0,0,0,0,0,0,0,0,0,0,0,0,0,0,0,0,0,0,0,710,24,0
1767050832.001252,1252,ubuntu-rog,1,0,0,10894904,0,1660372,2807936,503071,0,18,0,0,0,0,0,844491163,0,0,4907,844119323,0,0,1660372,2807936,503071,0,196936,111701,0,0,0,0,0,0,0,0,0,0,1655933,100287,3315587,18,0,0,4592,0,0,0,0,0,0,0,18110013,17079706,0,0,40635,40635,14096,11018,0,0,0,0,0,0,0,0,0,2817291,1406925,0,262144,5258950,85647349,0,0,1026,1025,856989739,0,0,0,0,0,0,0,0,0,0,0,0,867916218,0,7654,1850632,787115447,19968,0,0,35342919,0,0,0,0,0,0,0,0,0,0,0,0,0,0,0,0,0,0,0,7886,0,0,0,0,0,0,0,0,0,0,0,0,0,0,0,0,0,0,0,0,0,0,0,0,43596,4050,20584,16534,16534,0,0,3299,0,0,19,0,0,0,0,0,0,0,0,0,0,0,0,0,0,0,0,0,0,0,0,0,0,0,0,0,0,0,0,0,0,710,24,0
1767050833.001487,1487,ubuntu-rog,1,0,0,10895081,0,1660372,2807937,503071,0,20,0,0,0,0,0,844491181,0,0,4907,844119341,0,0,1660372,2807937,503071,0,196936,111701,0,0,0,0,0,0,0,0,0,0,1655933,100287,3315589,20,0,0,4592,0,0,0,0,0,0,0,18110015,17079706,0,0,40635,40635,14096,11018,0,0,0,0,0,0,0,0,0,2817327,1406943,0,262144,5258950,85647349,0,0,1026,1025,856989757,0,0,0,0,0,0,0,0,0,0,0,0,867916239,0,7654,1850632,787115447,19968,0,0,35342919,0,0,0,0,0,0,0,0,0,0,0,0,0,0,0,0,0,0,0,7886,0,0,0,0,0,0,0,0,0,0,0,0,0,0,0,0,0,0,0,0,0,0,0,0,43596,4050,20584,16534,16534,0,0,3299,0,0,19,0,0,0,0,0,0,0,0,0,0,0,0,0,0,0,0,0,0,0,0,0,0,0,0,0,0,0,0,0,0,710,24,0
1767050834.002140,2140,ubuntu-rog,1,0,0,10895177,0,1660372,2807937,503071,0,21,0,0,0,0,0,844491345,0,0,4907,844119505,0,0,1660372,2807937,503071,0,196936,111701,0,0,0,0,0,0,0,0,0,0,1655933,100287,3315590,21,0,0,4592,0,0,0,0,0,0,0,18110016,17079706,0,0,40635,40635,14112,11018,0,0,0,0,0,0,0,0,0,2817346,1406953,0,262144,5258950,85647349,0,0,1026,1025,856990005,0,0,0,0,0,0,0,0,0,0,0,0,867916430,0,7654,1850632,787115509,19968,0,0,35342919,0,0,0,0,0,0,0,0,0,0,0,0,0,0,0,0,0,0,0,7886,0,0,0,0,0,0,0,0,0,0,0,0,0,0,0,0,0,0,0,0,0,0,0,0,43596,4050,20584,16534,16534,0,0,3299,0,0,19,0,0,0,0,0,0,0,0,0,0,0,0,0,0,0,0,0,0,0,0,0,0,0,0,0,0,0,0,0,0,710,24,0
1767050835.001239,1239,ubuntu-rog,1,0,0,10895303,0,1660403,2807940,503071,0,21,0,0,0,0,0,844491361,0,0,4907,844119521,0,0,1660403,2807940,503071,0,196936,111693,0,0,0,0,0,0,0,0,0,0,1655980,100287,3315590,21,0,0,4592,0,0,0,0,0,0,0,18110016,17079706,0,0,40635,40635,14112,11018,0,0,0,0,0,0,0,0,0,2817371,1406965,0,262144,5258950,85647349,0,0,1026,1025,856990021,0,0,0,0,0,0,0,0,0,0,0,0,867916446,0,7654,1850632,787115509,19968,0,0,35342919,0,0,0,0,0,0,0,0,0,0,0,0,0,0,0,0,0,0,0,7886,0,0,0,0,0,0,0,0,0,0,0,0,0,0,0,0,0,0,0,0,0,0,0,0,43596,4050,20584,16534,16534,0,0,3299,0,0,19,0,0,0,0,0,0,0,0,0,0,0,0,0,0,0,0,0,0,0,0,0,0,0,0,0,0,0,0,0,0,710,24,0
1767050836.001295,1295,ubuntu-rog,1,0,0,10895303,0,1660403,2807940,503071,0,22,0,0,0,0,0,844491377,0,0,4907,844119537,0,0,1660403,2807940,503071,0,196936,111693,0,0,0,0,0,0,0,0,0,0,1655980,100287,3315591,22,0,0,4592,0,0,0,0,0,0,0,18110017,17079706,0,0,40635,40635,14112,11018,0,0,0,0,0,0,0,0,0,2817371,1406965,0,262144,5258950,85647369,0,0,1026,1025,856990037,0,0,0,0,0,0,0,0,0,0,0,0,867916461,0,7654,1850632,787115509,19968,0,0,35342919,0,0,0,0,0,0,0,0,0,0,0,0,0,0,0,0,0,0,0,7886,0,0,0,0,0,0,0,0,0,0,0,0,0,0,0,0,0,0,0,0,0,0,0,0,43596,4050,20584,16534,16534,0,0,3299,0,0,19,0,0,0,0,0,0,0,0,0,0,0,0,0,0,0,0,0,0,0,0,0,0,0,0,0,0,0,0,0,0,710,24,0
1767050837.001151,1151,ubuntu-rog,1,0,0,10895303,0,1660403,2807940,503071,0,23,0,0,0,0,0,844491399,0,0,4907,844119559,0,0,1660403,2807940,503071,0,196936,111693,0,0,0,0,0,0,0,0,0,0,1655980,100287,3315592,23,0,0,4592,0,0,0,0,0,0,0,18110018,17079706,0,0,40635,40635,14112,11018,0,0,0,0,0,0,0,0,0,2817371,1406965,0,262144,5258950,85647409,0,0,1026,1025,856990059,0,0,0,0,0,0,0,0,0,0,0,0,867916482,0,7654,1850632,787115509,19968,0,0,35342919,0,0,0,0,0,0,0,0,0,0,0,0,0,0,0,0,0,0,0,7886,0,0,0,0,0,0,0,0,0,0,0,0,0,0,0,0,0,0,0,0,0,0,0,0,43596,4050,20584,16534,16534,0,0,3299,0,0,19,0,0,0,0,0,0,0,0,0,0,0,0,0,0,0,0,0,0,0,0,0,0,0,0,0,0,0,0,0,0,710,24,0
1767050838.001498,1498,ubuntu-rog,1,0,0,10895303,0,1660419,2807941,503071,0,13,0,0,0,0,0,844491414,0,0,4907,844119574,0,0,1660419,2807941,503071,0,196936,111693,0,0,0,0,0,0,0,0,0,0,1655980,100287,3315592,13,0,0,4592,0,0,0,0,0,0,0,18110018,17079716,0,0,40635,40635,14112,11018,0,0,0,0,0,0,0,0,0,2817372,1406966,0,262144,5258950,85647409,0,0,1026,1025,856990074,0,0,0,0,0,0,0,0,0,0,0,0,867916497,0,7654,1850632,787115509,19968,0,0,35342919,0,0,0,0,0,0,0,0,0,0,0,0,0,0,0,0,0,0,0,7886,0,0,0,0,0,0,0,0,0,0,0,0,0,0,0,0,0,0,0,0,0,0,0,0,43596,4050,20584,16534,16534,0,0,3299,0,0,19,0,0,0,0,0,0,0,0,0,0,0,0,0,0,0,0,0,0,0,0,0,0,0,0,0,0,0,0,0,0,710,24,0
1767050839.002708,2708,ubuntu-rog,1,0,0,10895303,0,1660419,2807941,503071,0,13,0,0,0,0,0,844491429,0,0,4907,844119589,0,0,1660419,2807941,503071,0,196936,111693,0,0,0,0,0,0,0,0,0,0,1655980,100287,3315592,13,0,0,4592,0,0,0,0,0,0,0,18110018,17079716,0,0,40635,40635,14112,11018,0,0,0,0,0,0,0,0,0,2817372,1406966,0,262144,5258950,85647409,0,0,1026,1025,856990089,0,0,0,0,0,0,0,0,0,0,0,0,867916512,0,7654,1850632,787115509,19968,0,0,35342919,0,0,0,0,0,0,0,0,0,0,0,0,0,0,0,0,0,0,0,7886,0,0,0,0,0,0,0,0,0,0,0,0,0,0,0,0,0,0,0,0,0,0,0,0,43596,4050,20584,16534,16534,0,0,3299,0,0,19,0,0,0,0,0,0,0,0,0,0,0,0,0,0,0,0,0,0,0,0,0,0,0,0,0,0,0,0,0,0,710,24,0
1767050840.001150,1150,ubuntu-rog,1,0,0,10895303,0,1660419,2807941,503071,0,13,0,0,0,0,0,844491444,0,0,4907,844119604,0,0,1660419,2807941,503071,0,196936,111693,0,0,0,0,0,0,0,0,0,0,1655980,100287,3315592,13,0,0,4592,0,0,0,0,0,0,0,18110018,17079716,0,0,40635,40635,14112,11018,0,0,0,0,0,0,0,0,0,2817372,1406966,0,262144,5258950,85647409,0,0,1026,1025,856990104,0,0,0,0,0,0,0,0,0,0,0,0,867916527,0,7654,1850632,787115509,19968,0,0,35342919,0,0,0,0,0,0,0,0,0,0,0,0,0,0,0,0,0,0,0,7886,0,0,0,0,0,0,0,0,0,0,0,0,0,0,0,0,0,0,0,0,0,0,0,0,43596,4050,20584,16534,16534,0,0,3299,0,0,19,0,0,0,0,0,0,0,0,0,0,0,0,0,0,0,0,0,0,0,0,0,0,0,0,0,0,0,0,0,0,710,24,0
1767050841.002245,2245,ubuntu-rog,1,0,0,10895303,0,1660419,2807943,503071,0,18,0,0,0,0,0,844491464,0,0,4907,844119624,0,0,1660419,2807943,503071,0,196936,111693,0,0,0,0,0,0,0,0,0,0,1655980,100287,3315596,18,0,0,4592,0,0,0,0,0,0,0,18110023,17079716,0,0,40635,40635,14112,11018,0,0,0,0,0,0,0,0,0,2817372,1406966,0,262144,5258950,85647433,0,0,1026,1025,856990124,0,0,0,0,0,0,0,0,0,0,0,0,867916543,0,7654,1850632,787115509,19968,0,0,35342919,0,0,0,0,0,0,0,0,0,0,0,0,0,0,0,0,0,0,0,7886,0,0,0,0,0,0,0,0,0,0,0,0,0,0,0,0,0,0,0,0,0,0,0,0,43596,4050,20584,16534,16534,0,0,3299,0,0,19,0,0,0,0,0,0,0,0,0,0,0,0,0,0,0,0,0,0,0,0,0,0,0,0,0,0,0,0,0,0,710,24,0
1767050842.001516,1516,ubuntu-rog,1,0,0,10895303,0,1660419,2807943,503071,0,18,0,0,0,0,0,844491482,0,0,4907,844119642,0,0,1660419,2807943,503071,0,196936,111693,0,0,0,0,0,0,0,0,0,0,1655980,100287,3315596,18,0,0,4592,0,0,0,0,0,0,0,18110023,17079716,0,0,40635,40635,14112,11018,0,0,0,0,0,0,0,0,0,2817372,1406966,0,262144,5258950,85647477,0,0,1026,1025,856990142,0,0,0,0,0,0,0,0,0,0,0,0,867916561,0,7654,1850632,787115509,19968,0,0,35342919,0,0,0,0,0,0,0,0,0,0,0,0,0,0,0,0,0,0,0,7886,0,0,0,0,0,0,0,0,0,0,0,0,0,0,0,0,0,0,0,0,0,0,0,0,43596,4050,20584,16534,16534,0,0,3299,0,0,19,0,0,0,0,0,0,0,0,0,0,0,0,0,0,0,0,0,0,0,0,0,0,0,0,0,0,0,0,0,0,710,24,0
1767050843.002145,2145,ubuntu-rog,1,0,0,10895303,0,1660419,2807943,503071,0,7,0,0,0,0,0,844491500,0,0,4907,844119660,0,0,1660419,2807943,503071,0,196936,111693,0,0,0,0,0,0,0,0,0,0,1655980,100287,3315596,7,0,0,4592,0,0,0,0,0,0,0,18110023,17079727,0,0,40635,40635,14112,11018,0,0,0,0,0,0,0,0,0,2817372,1406966,0,262144,5258950,85647477,0,0,1026,1025,856990160,0,0,0,0,0,0,0,0,0,0,0,0,867916579,0,7654,1850632,787115509,19968,0,0,35342919,0,0,0,0,0,0,0,0,0,0,0,0,0,0,0,0,0,0,0,7886,0,0,0,0,0,0,0,0,0,0,0,0,0,0,0,0,0,0,0,0,0,0,0,0,43596,4050,20584,16534,16534,0,0,3299,0,0,19,0,0,0,0,0,0,0,0,0,0,0,0,0,0,0,0,0,0,0,0,0,0,0,0,0,0,0,0,0,0,710,24,0
1767050844.001254,1254,ubuntu-rog,1,0,0,10895303,0,1660419,2807943,503071,0,8,0,0,0,0,0,844491517,0,0,4907,844119677,0,0,1660419,2807943,503071,0,196936,111693,0,0,0,0,0,0,0,0,0,0,1655980,100287,3315597,8,0,0,4592,0,0,0,0,0,0,0,18110024,17079727,0,0,40635,40635,14112,11018,0,0,0,0,0,0,0,0,0,2817372,1406966,0,262144,5258950,85647477,0,0,1026,1025,856990177,0,0,0,0,0,0,0,0,0,0,0,0,867916595,0,7654,1850632,787115509,19968,0,0,35342919,0,0,0,0,0,0,0,0,0,0,0,0,0,0,0,0,0,0,0,7886,0,0,0,0,0,0,0,0,0,0,0,0,0,0,0,0,0,0,0,0,0,0,0,0,43596,4050,20584,16534,16534,0,0,3299,0,0,19,0,0,0,0,0,0,0,0,0,0,0,0,0,0,0,0,0,0,0,0,0,0,0,0,0,0,0,0,0,0,710,24,0
1767050845.001289,1289,ubuntu-rog,1,0,0,10895303,0,1660409,2807944,503071,0,8,0,0,0,0,0,844491540,0,0,4907,844119700,0,0,1660409,2807944,503071,0,196936,111693,0,0,0,0,0,0,0,0,0,0,1655977,100287,3315597,8,0,0,4592,0,0,0,0,0,0,0,18110024,17079727,0,0,40635,40635,14112,11018,0,0,0,0,0,0,0,0,0,2817372,1406966,0,262144,5258950,85647477,0,0,1026,1025,856990200,0,0,0,0,0,0,0,0,0,0,0,0,867916621,0,7654,1850632,787115516,19968,0,0,35342919,0,0,0,0,0,0,0,0,0,0,0,0,0,0,0,0,0,0,0,7886,0,0,0,0,0,0,0,0,0,0,0,0,0,0,0,0,0,0,0,0,0,0,0,0,43596,4050,20584,16534,16534,0,0,3299,0,0,19,0,0,0,0,0,0,0,0,0,0,0,0,0,0,0,0,0,0,0,0,0,0,0,0,0,0,0,0,0,0,710,24,0
1767050846.001152,1152,ubuntu-rog,1,0,0,10895303,0,1660409,2807944,503071,0,10,0,0,0,0,0,844491557,0,0,4907,844119717,0,0,1660409,2807944,503071,0,196936,111693,0,0,0,0,0,0,0,0,0,0,1655977,100287,3315598,10,0,0,4592,0,0,0,0,0,0,0,18110026,17079727,0,0,40635,40635,14112,11018,0,0,0,0,0,0,0,0,0,2817372,1406966,0,262144,5258950,85647477,0,0,1026,1025,856990217,0,0,0,0,0,0,0,0,0,0,0,0,867916637,0,7654,1850632,787115516,19968,0,0,35342919,0,0,0,0,0,0,0,0,0,0,0,0,0,0,0,0,0,0,0,7886,0,0,0,0,0,0,0,0,0,0,0,0,0,0,0,0,0,0,0,0,0,0,0,0,43596,4050,20584,16534,16534,0,0,3299,0,0,19,0,0,0,0,0,0,0,0,0,0,0,0,0,0,0,0,0,0,0,0,0,0,0,0,0,0,0,0,0,0,710,24,0
1767050847.002238,2238,ubuntu-rog,1,0,0,10895303,0,1660409,2807944,503071,0,14,0,0,0,0,0,844491574,0,0,4907,844119734,0,0,1660409,2807944,503071,0,196936,111693,0,0,0,0,0,0,0,0,0,0,1655977,100287,3315600,14,0,0,4592,0,0,0,0,0,0,0,18110030,17079727,0,0,40635,40635,14112,11018,0,0,0,0,0,0,0,0,0,2817372,1406966,0,262144,5258950,85647501,0,0,1026,1025,856990234,0,0,0,0,0,0,0,0,0,0,0,0,867916652,0,7654,1850632,787115516,19968,0,0,35342919,0,0,0,0,0,0,0,0,0,0,0,0,0,0,0,0,0,0,0,7886,0,0,0,0,0,0,0,0,0,0,0,0,0,0,0,0,0,0,0,0,0,0,0,0,43596,4050,20584,16534,16534,0,0,3299,0,0,19,0,0,0,0,0,0,0,0,0,0,0,0,0,0,0,0,0,0,0,0,0,0,0,0,0,0,0,0,0,0,710,24,0
1767050848.001698,1698,ubuntu-rog,1,0,0,10895303,0,1660409,2807946,503071,0,15,0,0,0,0,0,844491598,0,0,4907,844119758,0,0,1660409,2807946,503071,0,196936,111693,0,0,0,0,0,0,0,0,0,0,1655977,100287,3315601,15,0,0,4592,0,0,0,0,0,0,0,18110031,17079727,0,0,40635,40635,14112,11018,0,0,0,0,0,0,0,0,0,2817373,1406966,0,262144,5258950,85647501,0,0,1026,1025,856990258,0,0,0,0,0,0,0,0,0,0,0,0,867916675,0,7654,1850632,787115516,19968,0,0,35342919,0,0,0,0,0,0,0,0,0,0,0,0,0,0,0,0,0,0,0,7886,0,0,0,0,0,0,0,0,0,0,0,0,0,0,0,0,0,0,0,0,0,0,0,0,43596,4050,20584,16534,16534,0,0,3299,0,0,19,0,0,0,0,0,0,0,0,0,0,0,0,0,0,0,0,0,0,0,0,0,0,0,0,0,0,0,0,0,0,710,24,0
1767050849.001149,1149,ubuntu-rog,1,0,0,10895303,0,1660409,2807947,503071,0,15,0,0,0,0,0,844491616,0,0,4907,844119776,0,0,1660409,2807947,503071,0,196936,111693,0,0,0,0,0,0,0,0,0,0,1655977,100287,3315601,15,0,0,4592,0,0,0,0,0,0,0,18110031,17079727,0,0,40635,40635,14112,11018,0,0,0,0,0,0,0,0,0,2817373,1406966,0,262144,5258950,85647501,0,0,1026,1025,856990276,0,0,0,0,0,0,0,0,0,0,0,0,867916693,0,7654,1850632,787115516,19968,0,0,35342919,0,0,0,0,0,0,0,0,0,0,0,0,0,0,0,0,0,0,0,7886,0,0,0,0,0,0,0,0,0,0,0,0,0,0,0,0,0,0,0,0,0,0,0,0,43596,4050,20584,16534,16534,0,0,3299,0,0,19,0,0,0,0,0,0,0,0,0,0,0,0,0,0,0,0,0,0,0,0,0,0,0,0,0,0,0,0,0,0,710,24,0
1767050850.002246,2246,ubuntu-rog,1,0,0,10895303,0,1660409,2807947,503071,0,15,0,0,0,0,0,844491633,0,0,4907,844119793,0,0,1660409,2807947,503071,0,196936,111693,0,0,0,0,0,0,0,0,0,0,1655977,100287,3315601,15,0,0,4592,0,0,0,0,0,0,0,18110031,17079727,0,0,40635,40635,14112,11018,0,0,0,0,0,0,0,0,0,2817373,1406966,0,262144,5258950,85647501,0,0,1026,1025,856990293,0,0,0,0,0,0,0,0,0,0,0,0,867916710,0,7654,1850632,787115516,19968,0,0,35342919,0,0,0,0,0,0,0,0,0,0,0,0,0,0,0,0,0,0,0,7886,0,0,0,0,0,0,0,0,0,0,0,0,0,0,0,0,0,0,0,0,0,0,0,0,43596,4050,20584,16534,16534,0,0,3299,0,0,19,0,0,0,0,0,0,0,0,0,0,0,0,0,0,0,0,0,0,0,0,0,0,0,0,0,0,0,0,0,0,710,24,0
1767050851.001289,1289,ubuntu-rog,1,0,0,10895303,0,1660409,2807950,503071,0,15,0,0,0,0,0,844491650,0,0,4907,844119810,0,0,1660409,2807950,503071,0,196936,111693,0,0,0,0,0,0,0,0,0,0,1655977,100287,3315601,15,0,0,4592,0,0,0,0,0,0,0,18110031,17079727,0,0,40635,40635,14112,11018,0,0,0,0,0,0,0,0,0,2817373,1406966,0,262144,5258950,85647501,0,0,1026,1025,856990310,0,0,0,0,0,0,0,0,0,0,0,0,867916727,0,7654,1850632,787115516,19968,0,0,35342919,0,0,0,0,0,0,0,0,0,0,0,0,0,0,0,0,0,0,0,7886,0,0,0,0,0,0,0,0,0,0,0,0,0,0,0,0,0,0,0,0,0,0,0,0,43596,4050,20584,16534,16534,0,0,3299,0,0,19,0,0,0,0,0,0,0,0,0,0,0,0,0,0,0,0,0,0,0,0,0,0,0,0,0,0,0,0,0,0,710,24,0
1767050852.001147,1147,ubuntu-rog,1,0,0,10895303,0,1660409,2807950,503071,0,16,0,0,0,0,0,844491669,0,0,4907,844119829,0,0,1660409,2807950,503071,0,196936,111693,0,0,0,0,0,0,0,0,0,0,1655977,100287,3315604,16,0,0,4592,0,0,0,0,0,0,0,18110032,17079727,0,0,40635,40635,14112,11018,0,0,0,0,0,0,0,0,0,2817373,1406966,0,262144,5258950,85647517,0,0,1026,1025,856990329,0,0,0,0,0,0,0,0,0,0,0,0,867916743,0,7654,1850632,787115516,19968,0,0,35342919,0,0,0,0,0,0,0,0,0,0,0,0,0,0,0,0,0,0,0,7886,0,0,0,0,0,0,0,0,0,0,0,0,0,0,0,0,0,0,0,0,0,0,0,0,43596,4050,20584,16534,16534,0,0,3299,0,0,19,0,0,0,0,0,0,0,0,0,0,0,0,0,0,0,0,0,0,0,0,0,0,0,0,0,0,0,0,0,0,710,24,0
1767050853.001236,1236,ubuntu-rog,1,0,0,10895303,0,1660409,2807950,503071,0,17,0,0,0,0,0,844491690,0,0,4907,844119850,0,0,1660409,2807950,503071,0,196936,111693,0,0,0,0,0,0,0,0,0,0,1655977,100287,3315605,17,0,0,4592,0,0,0,0,0,0,0,18110033,17079727,0,0,40635,40635,14112,11018,0,0,0,0,0,0,0,0,0,2817373,1406966,0,262144,5258950,85647517,0,0,1026,1025,856990350,0,0,0,0,0,0,0,0,0,0,0,0,867916763,0,7654,1850632,787115516,19968,0,0,35342919,0,0,0,0,0,0,0,0,0,0,0,0,0,0,0,0,0,0,0,7886,0,0,0,0,0,0,0,0,0,0,0,0,0,0,0,0,0,0,0,0,0,0,0,0,43596,4050,20584,16534,16534,0,0,3299,0,0,19,0,0,0,0,0,0,0,0,0,0,0,0,0,0,0,0,0,0,0,0,0,0,0,0,0,0,0,0,0,0,710,24,0
1767050854.002515,2515,ubuntu-rog,1,0,0,10895303,0,1660409,2807953,503071,0,17,0,0,0,0,0,844491707,0,0,4907,844119867,0,0,1660409,2807953,503071,0,196936,111693,0,0,0,0,0,0,0,0,0,0,1655977,100287,3315605,17,0,0,4592,0,0,0,0,0,0,0,18110033,17079727,0,0,40635,40635,14112,11018,0,0,0,0,0,0,0,0,0,2817374,1406967,0,262144,5258950,85647517,0,0,1026,1025,856990367,0,0,0,0,0,0,0,0,0,0,0,0,867916780,0,7654,1850632,787115516,19968,0,0,35342919,0,0,0,0,0,0,0,0,0,0,0,0,0,0,0,0,0,0,0,7886,0,0,0,0,0,0,0,0,0,0,0,0,0,0,0,0,0,0,0,0,0,0,0,0,43596,4050,20584,16534,16534,0,0,3299,0,0,19,0,0,0,0,0,0,0,0,0,0,0,0,0,0,0,0,0,0,0,0,0,0,0,0,0,0,0,0,0,0,710,24,0
1767050855.001150,1150,ubuntu-rog,1,0,0,10895303,0,1660409,2807953,503071,0,18,0,0,0,0,0,844491727,0,0,4907,844119887,0,0,1660409,2807953,503071,0,196936,111693,0,0,0,0,0,0,0,0,0,0,1655977,100287,3315606,18,0,0,4592,0,0,0,0,0,0,0,18110034,17079727,0,0,40635,40635,14112,11018,0,0,0,0,0,0,0,0,0,2817374,1406967,0,262144,5258950,85647517,0,0,1026,1025,856990387,0,0,0,0,0,0,0,0,0,0,0,0,867916799,0,7654,1850632,787115516,19968,0,0,35342919,0,0,0,0,0,0,0,0,0,0,0,0,0,0,0,0,0,0,0,7886,0,0,0,0,0,0,0,0,0,0,0,0,0,0,0,0,0,0,0,0,0,0,0,0,43596,4050,20584,16534,16534,0,0,3299,0,0,19,0,0,0,0,0,0,0,0,0,0,0,0,0,0,0,0,0,0,0,0,0,0,0,0,0,0,0,0,0,0,710,24,0
1767050856.001250,1250,ubuntu-rog,1,0,0,10895303,0,1660415,2807954,503071,0,11,0,0,0,0,0,844491744,0,0,4907,844119904,0,0,1660415,2807954,503071,0,196936,111693,0,0,0,0,0,0,0,0,0,0,1655977,100287,3315606,11,0,0,4592,0,0,0,0,0,0,0,18110034,17079734,0,0,40635,40635,14112,11018,0,0,0,0,0,0,0,0,0,2817374,1406967,0,262144,5258950,85647537,0,0,1026,1025,856990404,0,0,0,0,0,0,0,0,0,0,0,0,867916816,0,7654,1850632,787115516,19968,0,0,35342919,0,0,0,0,0,0,0,0,0,0,0,0,0,0,0,0,0,0,0,7886,0,0,0,0,0,0,0,0,0,0,0,0,0,0,0,0,0,0,0,0,0,0,0,0,43596,4050,20584,16534,16534,0,0,3299,0,0,19,0,0,0,0,0,0,0,0,0,0,0,0,0,0,0,0,0,0,0,0,0,0,0,0,0,0,0,0,0,0,710,24,0
1767050857.001485,1485,ubuntu-rog,1,0,0,10895303,0,1660415,2807955,503071,0,13,0,0,0,0,0,844491761,0,0,4907,844119921,0,0,1660415,2807955,503071,0,196936,111693,0,0,0,0,0,0,0,0,0,0,1655977,100287,3315607,13,0,0,4592,0,0,0,0,0,0,0,18110036,17079734,0,0,40635,40635,14112,11018,0,0,0,0,0,0,0,0,0,2817374,1406967,0,262144,5258950,85647553,0,0,1026,1025,856990421,0,0,0,0,0,0,0,0,0,0,0,0,867916832,0,7654,1850632,787115516,19968,0,0,35342919,0,0,0,0,0,0,0,0,0,0,0,0,0,0,0,0,0,0,0,7886,0,0,0,0,0,0,0,0,0,0,0,0,0,0,0,0,0,0,0,0,0,0,0,0,43596,4050,20584,16534,16534,0,0,3299,0,0,19,0,0,0,0,0,0,0,0,0,0,0,0,0,0,0,0,0,0,0,0,0,0,0,0,0,0,0,0,0,0,710,24,0
1767050858.002148,2148,ubuntu-rog,1,0,0,10895303,0,1660415,2807955,503071,0,14,0,0,0,0,0,844491778,0,0,4907,844119938,0,0,1660415,2807955,503071,0,196936,111693,0,0,0,0,0,0,0,0,0,0,1655977,100287,3315608,14,0,0,4592,0,0,0,0,0,0,0,18110037,17079734,0,0,40635,40635,14112,11018,0,0,0,0,0,0,0,0,0,2817374,1406967,0,262144,5258950,85647553,0,0,1026,1025,856990438,0,0,0,0,0,0,0,0,0,0,0,0,867916848,0,7654,1850632,787115516,19968,0,0,35342919,0,0,0,0,0,0,0,0,0,0,0,0,0,0,0,0,0,0,0,7886,0,0,0,0,0,0,0,0,0,0,0,0,0,0,0,0,0,0,0,0,0,0,0,0,43596,4050,20584,16534,16534,0,0,3299,0,0,19,0,0,0,0,0,0,0,0,0,0,0,0,0,0,0,0,0,0,0,0,0,0,0,0,0,0,0,0,0,0,710,24,0
1767050859.001250,1250,ubuntu-rog,1,0,0,10895303,0,1660415,2807955,503071,0,15,0,0,0,0,0,844491800,0,0,4907,844119960,0,0,1660415,2807955,503071,0,196936,111693,0,0,0,0,0,0,0,0,0,0,1655977,100287,3315609,15,0,0,4592,0,0,0,0,0,0,0,18110038,17079734,0,0,40635,40635,14112,11018,0,0,0,0,0,0,0,0,0,2817374,1406967,0,262144,5258950,85647553,0,0,1026,1025,856990460,0,0,0,0,0,0,0,0,0,0,0,0,867916869,0,7654,1850632,787115516,19968,0,0,35342919,0,0,0,0,0,0,0,0,0,0,0,0,0,0,0,0,0,0,0,7886,0,0,0,0,0,0,0,0,0,0,0,0,0,0,0,0,0,0,0,0,0,0,0,0,43596,4050,20584,16534,16534,0,0,3299,0,0,19,0,0,0,0,0,0,0,0,0,0,0,0,0,0,0,0,0,0,0,0,0,0,0,0,0,0,0,0,0,0,710,24,0
1767050860.001293,1293,ubuntu-rog,1,0,0,10895303,0,1660415,2807956,503071,0,16,0,0,0,0,0,844491818,0,0,4907,844119978,0,0,1660415,2807956,503071,0,196936,111693,0,0,0,0,0,0,0,0,0,0,1655977,100287,3315610,16,0,0,4592,0,0,0,0,0,0,0,18110039,17079734,0,0,40635,40635,14112,11018,0,0,0,0,0,0,0,0,0,2817375,1406967,0,262144,5258950,85647553,0,0,1026,1025,856990478,0,0,0,0,0,0,0,0,0,0,0,0,867916886,0,7654,1850632,787115516,19968,0,0,35342919,0,0,0,0,0,0,0,0,0,0,0,0,0,0,0,0,0,0,0,7886,0,0,0,0,0,0,0,0,0,0,0,0,0,0,0,0,0,0,0,0,0,0,0,0,43596,4050,20584,16534,16534,0,0,3299,0,0,19,0,0,0,0,0,0,0,0,0,0,0,0,0,0,0,0,0,0,0,0,0,0,0,0,0,0,0,0,0,0,710,24,0
1767050861.001080,1080,ubuntu-rog,1,0,0,10895303,0,1660415,2807956,503071,0,16,0,0,0,0,0,844491837,0,0,4907,844119997,0,0,1660415,2807956,503071,0,196936,111693,0,0,0,0,0,0,0,0,0,0,1655977,100287,3315610,16,0,0,4592,0,0,0,0,0,0,0,18110039,17079734,0,0,40635,40635,14112,11018,0,0,0,0,0,0,0,0,0,2817375,1406967,0,262144,5258950,85647553,0,0,1026,1025,856990497,0,0,0,0,0,0,0,0,0,0,0,0,867916905,0,7654,1850632,787115516,19968,0,0,35342919,0,0,0,0,0,0,0,0,0,0,0,0,0,0,0,0,0,0,0,7886,0,0,0,0,0,0,0,0,0,0,0,0,0,0,0,0,0,0,0,0,0,0,0,0,43596,4050,20584,16534,16534,0,0,3299,0,0,19,0,0,0,0,0,0,0,0,0,0,0,0,0,0,0,0,0,0,0,0,0,0,0,0,0,0,0,0,0,0,710,24,0
1767050862.002237,2237,ubuntu-rog,1,0,0,10895303,0,1660415,2807957,503071,0,16,0,0,0,0,0,844491854,0,0,4907,844120014,0,0,1660415,2807957,503071,0,196936,111693,0,0,0,0,0,0,0,0,0,0,1655977,100287,3315610,16,0,0,4592,0,0,0,0,0,0,0,18110039,17079734,0,0,40635,40635,14112,11018,0,0,0,0,0,0,0,0,0,2817375,1406967,0,262144,5258950,85647553,0,0,1026,1025,856990514,0,0,0,0,0,0,0,0,0,0,0,0,867916922,0,7654,1850632,787115516,19968,0,0,35342919,0,0,0,0,0,0,0,0,0,0,0,0,0,0,0,0,0,0,0,7886,0,0,0,0,0,0,0,0,0,0,0,0,0,0,0,0,0,0,0,0,0,0,0,0,43596,4050,20584,16534,16534,0,0,3299,0,0,19,0,0,0,0,0,0,0,0,0,0,0,0,0,0,0,0,0,0,0,0,0,0,0,0,0,0,0,0,0,0,710,24,0
1767050863.001280,1280,ubuntu-rog,1,0,0,10895303,0,1660415,2807957,503071,0,17,0,0,0,0,0,844491873,0,0,4907,844120033,0,0,1660415,2807957,503071,0,196936,111693,0,0,0,0,0,0,0,0,0,0,1655977,100287,3315613,17,0,0,4592,0,0,0,0,0,0,0,18110040,17079734,0,0,40635,40635,14112,11018,0,0,0,0,0,0,0,0,0,2817375,1406967,0,262144,5258950,85647569,0,0,1026,1025,856990533,0,0,0,0,0,0,0,0,0,0,0,0,867916938,0,7654,1850632,787115516,19968,0,0,35342919,0,0,0,0,0,0,0,0,0,0,0,0,0,0,0,0,0,0,0,7886,0,0,0,0,0,0,0,0,0,0,0,0,0,0,0,0,0,0,0,0,0,0,0,0,43596,4050,20584,16534,16534,0,0,3299,0,0,19,0,0,0,0,0,0,0,0,0,0,0,0,0,0,0,0,0,0,0,0,0,0,0,0,0,0,0,0,0,0,710,24,0
1767050864.001154,1154,ubuntu-rog,1,0,0,10895303,0,1660415,2807960,503071,0,17,0,0,0,0,0,844491889,0,0,4907,844120049,0,0,1660415,2807960,503071,0,196936,111693,0,0,0,0,0,0,0,0,0,0,1655977,100287,3315613,17,0,0,4592,0,0,0,0,0,0,0,18110040,17079734,0,0,40635,40635,14112,11018,0,0,0,0,0,0,0,0,0,2817375,1406967,0,262144,5258950,85647569,0,0,1026,1025,856990549,0,0,0,0,0,0,0,0,0,0,0,0,867916954,0,7654,1850632,787115516,19968,0,0,35342919,0,0,0,0,0,0,0,0,0,0,0,0,0,0,0,0,0,0,0,7886,0,0,0,0,0,0,0,0,0,0,0,0,0,0,0,0,0,0,0,0,0,0,0,0,43596,4050,20584,16534,16534,0,0,3299,0,0,19,0,0,0,0,0,0,0,0,0,0,0,0,0,0,0,0,0,0,0,0,0,0,0,0,0,0,0,0,0,0,710,24,0
1767050865.001253,1253,ubuntu-rog,1,0,0,10895303,0,1660415,2807960,503071,0,17,0,0,0,0,0,844491904,0,0,4907,844120064,0,0,1660415,2807960,503071,0,196936,111693,0,0,0,0,0,0,0,0,0,0,1655977,100287,3315613,17,0,0,4592,0,0,0,0,0,0,0,18110040,17079734,0,0,40635,40635,14112,11018,0,0,0,0,0,0,0,0,0,2817375,1406967,0,262144,5258950,85647569,0,0,1026,1025,856990564,0,0,0,0,0,0,0,0,0,0,0,0,867916969,0,7654,1850632,787115516,19968,0,0,35342919,0,0,0,0,0,0,0,0,0,0,0,0,0,0,0,0,0,0,0,7886,0,0,0,0,0,0,0,0,0,0,0,0,0,0,0,0,0,0,0,0,0,0,0,0,43596,4050,20584,16534,16534,0,0,3299,0,0,19,0,0,0,0,0,0,0,0,0,0,0,0,0,0,0,0,0,0,0,0,0,0,0,0,0,0,0,0,0,0,710,24,0
1767050866.001207,1207,ubuntu-rog,1,0,0,10895303,0,1660415,2807960,503071,0,18,0,0,0,0,0,844491921,0,0,4907,844120081,0,0,1660415,2807960,503071,0,196936,111693,0,0,0,0,0,0,0,0,0,0,1655977,100287,3315614,18,0,0,4592,0,0,0,0,0,0,0,18110041,17079734,0,0,40635,40635,14112,11018,0,0,0,0,0,0,0,0,0,2817375,1406967,0,262144,5258950,85647569,0,0,1026,1025,856990581,0,0,0,0,0,0,0,0,0,0,0,0,867916985,0,7654,1850632,787115516,19968,0,0,35342919,0,0,0,0,0,0,0,0,0,0,0,0,0,0,0,0,0,0,0,7886,0,0,0,0,0,0,0,0,0,0,0,0,0,0,0,0,0,0,0,0,0,0,0,0,43596,4050,20584,16534,16534,0,0,3299,0,0,19,0,0,0,0,0,0,0,0,0,0,0,0,0,0,0,0,0,0,0,0,0,0,0,0,0,0,0,0,0,0,710,24,0
1767050867.002249,2249,ubuntu-rog,1,0,0,10895303,0,1660415,2807960,503071,0,19,0,0,0,0,0,844491939,0,0,4907,844120099,0,0,1660415,2807960,503071,0,196936,111693,0,0,0,0,0,0,0,0,0,0,1655977,100287,3315615,19,0,0,4592,0,0,0,0,0,0,0,18110042,17079734,0,0,40635,40635,14112,11018,0,0,0,0,0,0,0,0,0,2817375,1406967,0,262144,5258950,85647569,0,0,1026,1025,856990599,0,0,0,0,0,0,0,0,0,0,0,0,867917002,0,7654,1850632,787115516,19968,0,0,35342919,0,0,0,0,0,0,0,0,0,0,0,0,0,0,0,0,0,0,0,7886,0,0,0,0,0,0,0,0,0,0,0,0,0,0,0,0,0,0,0,0,0,0,0,0,43596,4050,20584,16534,16534,0,0,3299,0,0,19,0,0,0,0,0,0,0,0,0,0,0,0,0,0,0,0,0,0,0,0,0,0,0,0,0,0,0,0,0,0,710,24,0
1767050868.001257,1257,ubuntu-rog,1,0,0,10895303,0,1660415,2807961,503071,0,19,0,0,0,0,0,844491956,0,0,4907,844120116,0,0,1660415,2807961,503071,0,196936,111693,0,0,0,0,0,0,0,0,0,0,1655977,100287,3315616,19,0,0,4592,0,0,0,0,0,0,0,18110042,17079734,0,0,40635,40635,14112,11018,0,0,0,0,0,0,0,0,0,2817376,1406968,0,262144,5258950,85647585,0,0,1026,1025,856990616,0,0,0,0,0,0,0,0,0,0,0,0,867917018,0,7654,1850632,787115516,19968,0,0,35342919,0,0,0,0,0,0,0,0,0,0,0,0,0,0,0,0,0,0,0,7886,0,0,0,0,0,0,0,0,0,0,0,0,0,0,0,0,0,0,0,0,0,0,0,0,43596,4050,20584,16534,16534,0,0,3299,0,0,19,0,0,0,0,0,0,0,0,0,0,0,0,0,0,0,0,0,0,0,0,0,0,0,0,0,0,0,0,0,0,710,24,0
1767050869.001298,1298,ubuntu-rog,1,0,0,10895303,0,1660415,2807961,503071,0,19,0,0,0,0,0,844491976,0,0,4907,844120136,0,0,1660415,2807961,503071,0,196936,111693,0,0,0,0,0,0,0,0,0,0,1655977,100287,3315616,19,0,0,4592,0,0,0,0,0,0,0,18110042,17079734,0,0,40635,40635,14112,11018,0,0,0,0,0,0,0,0,0,2817376,1406968,0,262144,5258950,85647585,0,0,1026,1025,856990636,0,0,0,0,0,0,0,0,0,0,0,0,867917038,0,7654,1850632,787115516,19968,0,0,35342919,0,0,0,0,0,0,0,0,0,0,0,0,0,0,0,0,0,0,0,7886,0,0,0,0,0,0,0,0,0,0,0,0,0,0,0,0,0,0,0,0,0,0,0,0,43596,4050,20584,16534,16534,0,0,3299,0,0,19,0,0,0,0,0,0,0,0,0,0,0,0,0,0,0,0,0,0,0,0,0,0,0,0,0,0,0,0,0,0,710,24,0
1767050870.001101,1101,ubuntu-rog,1,0,0,10895303,0,1660415,2807961,503071,0,20,0,0,0,0,0,844491993,0,0,4907,844120153,0,0,1660415,2807961,503071,0,196936,111693,0,0,0,0,0,0,0,0,0,0,1655977,100287,3315617,20,0,0,4592,0,0,0,0,0,0,0,18110043,17079734,0,0,40635,40635,14112,11018,0,0,0,0,0,0,0,0,0,2817376,1406968,0,262144,5258950,85647585,0,0,1026,1025,856990653,0,0,0,0,0,0,0,0,0,0,0,0,867917054,0,7654,1850632,787115516,19968,0,0,35342919,0,0,0,0,0,0,0,0,0,0,0,0,0,0,0,0,0,0,0,7886,0,0,0,0,0,0,0,0,0,0,0,0,0,0,0,0,0,0,0,0,0,0,0,0,43596,4050,20584,16534,16534,0,0,3299,0,0,19,0,0,0,0,0,0,0,0,0,0,0,0,0,0,0,0,0,0,0,0,0,0,0,0,0,0,0,0,0,0,710,24,0
1767050871.002239,2239,ubuntu-rog,1,0,0,10885320,0,1670597,2807962,503071,0,22,0,0,0,0,0,844502285,0,0,4907,844130445,0,0,1670597,2807962,503071,0,196937,111693,0,0,0,0,0,0,0,0,0,0,1666189,100287,3315618,22,0,0,4592,0,0,0,0,0,0,0,18110045,17079734,0,0,40635,40635,14112,11036,0,0,0,0,0,0,0,0,0,2815380,1405971,0,262144,5258950,85647585,0,0,1026,1025,857000952,0,0,0,0,0,0,0,0,0,0,0,0,867917071,0,7654,1850632,787125773,19968,0,0,35342922,0,0,0,0,0,0,0,0,0,0,0,0,0,0,0,0,0,0,0,7886,0,0,0,0,0,0,0,0,0,0,0,0,0,0,0,0,0,0,0,0,0,0,0,0,43596,4050,20584,16534,16534,0,0,3299,0,0,19,0,0,0,0,0,0,0,0,0,0,0,0,0,0,0,0,0,0,0,0,0,0,0,0,0,0,0,0,0,0,710,24,0
1767050872.001280,1280,ubuntu-rog,1,0,0,10871200,0,1683383,2807962,503071,0,23,0,0,0,0,0,844515135,0,0,4907,844143295,0,0,1683383,2807962,503071,0,196937,111693,0,0,0,0,0,0,0,0,0,0,1678958,100287,3315619,23,0,0,4592,0,0,0,0,0,0,0,18110046,17079734,0,0,40635,40635,14112,11056,0,0,0,0,0,0,0,0,0,2812556,1404561,0,262144,5258950,85647585,0,0,1026,1025,857013802,0,0,0,0,0,0,0,0,0,0,0,0,867917090,0,7654,1850632,787138578,19968,0,0,35342922,0,0,0,0,0,0,0,0,0,0,0,0,0,0,0,0,0,0,0,7886,0,0,0,0,0,0,0,0,0,0,0,0,0,0,0,0,0,0,0,0,0,0,0,0,43596,4050,20584,16534,16534,0,0,3299,0,0,19,0,0,0,0,0,0,0,0,0,0,0,0,0,0,0,0,0,0,0,0,0,0,0,0,0,0,0,0,0,0,710,24,0
1767050873.001151,1151,ubuntu-rog,1,0,0,10859104,0,1696186,2807966,503071,0,16,0,0,0,0,0,844528002,0,0,4907,844156162,0,0,1696186,2807966,503071,0,196937,111693,0,0,0,0,0,0,0,0,0,0,1691763,100287,3315619,16,0,0,4592,0,0,0,0,0,0,0,18110049,17079744,0,0,40635,40635,14112,11081,0,0,0,0,0,0,0,0,0,2810139,1403353,0,262144,5258950,85647653,0,0,1026,1025,857026669,0,0,0,0,0,0,0,0,0,0,0,0,867917127,0,7654,1850632,787151383,19968,0,0,35342922,0,0,0,0,0,0,0,0,0,0,0,0,0,0,0,0,0,0,0,7886,0,0,0,0,0,0,0,0,0,0,0,0,0,0,0,0,0,0,0,0,0,0,0,0,43596,4050,20584,16534,16534,0,0,3299,0,0,19,0,0,0,0,0,0,0,0,0,0,0,0,0,0,0,0,0,0,0,0,0,0,0,0,0,0,0,0,0,0,710,24,0
1767050874.001249,1249,ubuntu-rog,1,0,0,10847012,0,1708989,2807966,503071,0,18,0,0,0,0,0,844540879,0,0,4907,844169039,0,0,1708989,2807966,503071,0,196937,111693,0,0,0,0,0,0,0,0,0,0,1704568,100287,3315620,18,0,0,4592,0,0,0,0,0,0,0,18110051,17079744,0,0,40635,40635,14112,11106,0,0,0,0,0,0,0,0,0,2807721,1402146,0,262144,5258950,85647653,0,0,1026,1025,857039546,0,0,0,0,0,0,0,0,0,0,0,0,867917173,0,7654,1850632,787164188,19968,0,0,35342922,0,0,0,0,0,0,0,0,0,0,0,0,0,0,0,0,0,0,0,7886,0,0,0,0,0,0,0,0,0,0,0,0,0,0,0,0,0,0,0,0,0,0,0,0,43596,4050,20584,16534,16534,0,0,3299,0,0,19,0,0,0,0,0,0,0,0,0,0,0,0,0,0,0,0,0,0,0,0,0,0,0,0,0,0,0,0,0,0,710,24,0
1767050875.002285,2285,ubuntu-rog,1,0,0,10836999,0,1719267,2807966,503071,0,18,0,0,0,0,0,844551181,0,0,4907,844179341,0,0,1719267,2807966,503071,0,196937,111693,0,0,0,0,0,0,0,0,0,0,1714848,100287,3315620,18,0,0,4592,0,0,0,0,0,0,0,18110051,17079744,0,0,40635,40635,14112,11131,0,0,0,0,0,0,0,0,0,2805719,1401146,0,262144,5258950,85647653,0,0,1026,1025,857049848,0,0,0,0,0,0,0,0,0,0,0,0,867917211,0,7654,1850632,787174432,19968,0,0,35342922,0,0,0,0,0,0,0,0,0,0,0,0,0,0,0,0,0,0,0,7886,0,0,0,0,0,0,0,0,0,0,0,0,0,0,0,0,0,0,0,0,0,0,0,0,43596,4050,20584,16534,16534,0,0,3299,0,0,19,0,0,0,0,0,0,0,0,0,0,0,0,0,0,0,0,0,0,0,0,0,0,0,0,0,0,0,0,0,0,710,24,0
1767050876.001407,1407,ubuntu-rog,1,0,0,10822853,0,1732102,2807983,503071,0,18,0,0,0,0,0,844564035,0,0,4907,844192195,0,0,1732102,2807983,503071,0,196937,111693,0,0,0,0,0,0,0,0,0,0,1727689,100287,3315620,18,0,0,4592,0,0,0,0,0,0,0,18110051,17079744,0,0,40635,40635,14112,11161,0,0,0,0,0,0,0,0,0,2802894,1399735,0,262144,5258950,85647653,0,0,1026,1025,857062702,0,0,0,0,0,0,0,0,0,0,0,0,867917235,0,7654,1850632,787187237,19968,0,0,35342922,0,0,0,0,0,0,0,0,0,0,0,0,0,0,0,0,0,0,0,7886,0,0,0,0,0,0,0,0,0,0,0,0,0,0,0,0,0,0,0,0,0,0,0,0,43596,4050,20584,16534,16534,0,0,3299,0,0,19,0,0,0,0,0,0,0,0,0,0,0,0,0,0,0,0,0,0,0,0,0,0,0,0,0,0,0,0,0,0,710,24,0
1767050877.002248,2248,ubuntu-rog,1,0,0,10810850,0,1744840,2807983,503071,0,18,0,0,0,0,0,844576892,0,0,4907,844205052,0,0,1744840,2807983,503071,0,196937,111693,0,0,0,0,0,0,0,0,0,0,1740422,100287,3315620,18,0,0,4592,0,0,0,0,0,0,0,18110051,17079744,0,0,40635,40635,14112,11176,0,0,0,0,0,0,0,0,0,2800494,1398537,0,262144,5258950,85647653,0,0,1026,1025,857075559,0,0,0,0,0,0,0,0,0,0,0,0,867917262,0,7654,1850632,787200042,19968,0,0,35342922,0,0,0,0,0,0,0,0,0,0,0,0,0,0,0,0,0,0,0,7886,0,0,0,0,0,0,0,0,0,0,0,0,0,0,0,0,0,0,0,0,0,0,0,0,43596,4050,20584,16534,16534,0,0,3299,0,0,19,0,0,0,0,0,0,0,0,0,0,0,0,0,0,0,0,0,0,0,0,0,0,0,0,0,0,0,0,0,0,710,24,0
1767050878.001293,1293,ubuntu-rog,1,0,0,10798754,0,1757643,2807983,503071,0,19,0,0,0,0,0,844589748,0,0,4907,844217908,0,0,1757643,2807983,503071,0,196937,111693,0,0,0,0,0,0,0,0,0,0,1753227,100287,3315621,19,0,0,4592,0,0,0,0,0,0,0,18110052,17079744,0,0,40635,40635,14112,11201,0,0,0,0,0,0,0,0,0,2798075,1397329,0,262144,5258950,85647717,0,0,1026,1025,857088415,0,0,0,0,0,0,0,0,0,0,0,0,867917287,0,7654,1850632,787212847,19968,0,0,35342922,0,0,0,0,0,0,0,0,0,0,0,0,0,0,0,0,0,0,0,7886,0,0,0,0,0,0,0,0,0,0,0,0,0,0,0,0,0,0,0,0,0,0,0,0,43596,4050,20584,16534,16534,0,0,3299,0,0,19,0,0,0,0,0,0,0,0,0,0,0,0,0,0,0,0,0,0,0,0,0,0,0,0,0,0,0,0,0,0,710,24,0
1767050879.001154,1154,ubuntu-rog,1,0,0,10784638,0,1770446,2807984,503071,0,13,0,0,0,0,0,844602599,0,0,4907,844230759,0,0,1770446,2807984,503071,0,196937,111693,0,0,0,0,0,0,0,0,0,0,1766032,100287,3315622,13,0,0,4592,0,0,0,0,0,0,0,18110056,17079754,0,0,40635,40635,14112,11226,0,0,0,0,0,0,0,0,0,2795253,1395920,0,262144,5258950,85647717,0,0,1026,1025,857101266,0,0,0,0,0,0,0,0,0,0,0,0,867917307,0,7654,1850632,787225652,19968,0,0,35342922,0,0,0,0,0,0,0,0,0,0,0,0,0,0,0,0,0,0,0,7886,0,0,0,0,0,0,0,0,0,0,0,0,0,0,0,0,0,0,0,0,0,0,0,0,43596,4050,20584,16534,16534,0,0,3299,0,0,19,0,0,0,0,0,0,0,0,0,0,0,0,0,0,0,0,0,0,0,0,0,0,0,0,0,0,0,0,0,0,710,24,0
1767050880.001245,1245,ubuntu-rog,1,0,0,10772550,0,1783297,2807985,503071,0,13,0,0,0,0,0,844615446,0,0,4907,844243606,0,0,1783297,2807985,503071,0,196937,111693,0,0,0,0,0,0,0,0,0,0,1778873,100287,3315622,13,0,0,4592,0,0,0,0,0,0,0,18110056,17079754,0,0,40635,40635,14112,11256,0,0,0,0,0,0,0,0,0,2792836,1394713,0,262144,5258950,85647717,0,0,1026,1025,857114113,0,0,0,0,0,0,0,0,0,0,0,0,867917325,0,7654,1850632,787238457,19968,0,0,35342922,0,0,0,0,0,0,0,0,0,0,0,0,0,0,0,0,0,0,0,7886,0,0,0,0,0,0,0,0,0,0,0,0,0,0,0,0,0,0,0,0,0,0,0,0,43596,4050,20584,16534,16534,0,0,3299,0,0,19,0,0,0,0,0,0,0,0,0,0,0,0,0,0,0,0,0,0,0,0,0,0,0,0,0,0,0,0,0,0,710,24,0
1767050881.002272,2272,ubuntu-rog,1,0,0,10762466,0,1793510,2807985,503071,0,14,0,0,0,0,0,844625732,0,0,4907,844253892,0,0,1793510,2807985,503071,0,196937,111693,0,0,0,0,0,0,0,0,0,0,1789081,100287,3315623,14,0,0,4592,0,0,0,0,0,0,0,18110057,17079754,0,0,40635,40635,14112,11271,0,0,0,0,0,0,0,0,0,2790820,1393706,0,262144,5258950,85647717,0,0,1026,1025,857124399,0,0,0,0,0,0,0,0,0,0,0,0,867917345,0,7654,1850632,787248701,19968,0,0,35342922,0,0,0,0,0,0,0,0,0,0,0,0,0,0,0,0,0,0,0,7886,0,0,0,0,0,0,0,0,0,0,0,0,0,0,0,0,0,0,0,0,0,0,0,0,43596,4050,20584,16534,16534,0,0,3299,0,0,19,0,0,0,0,0,0,0,0,0,0,0,0,0,0,0,0,0,0,0,0,0,0,0,0,0,0,0,0,0,0,710,24,0
1767050882.001393,1393,ubuntu-rog,1,0,0,10748261,0,1806378,2807985,503071,0,14,0,0,0,0,0,844638580,0,0,4907,844266740,0,0,1806378,2807985,503071,0,196937,111693,0,0,0,0,0,0,0,0,0,0,1801958,100287,3315623,14,0,0,4592,0,0,0,0,0,0,0,18110057,17079754,0,0,40635,40635,14112,11306,0,0,0,0,0,0,0,0,0,2787979,1392287,0,262144,5258950,85647717,0,0,1026,1025,857137247,0,0,0,0,0,0,0,0,0,0,0,0,867917363,0,7654,1850632,787261506,19968,0,0,35342922,0,0,0,0,0,0,0,0,0,0,0,0,0,0,0,0,0,0,0,7886,0,0,0,0,0,0,0,0,0,0,0,0,0,0,0,0,0,0,0,0,0,0,0,0,43596,4050,20584,16534,16534,0,0,3299,0,0,19,0,0,0,0,0,0,0,0,0,0,0,0,0,0,0,0,0,0,0,0,0,0,0,0,0,0,0,0,0,0,710,24,0
1767050883.002248,2248,ubuntu-rog,1,0,0,10736254,0,1819116,2807985,503071,0,16,0,0,0,0,0,844651426,0,0,4907,844279586,0,0,1819116,2807985,503071,0,196937,111693,0,0,0,0,0,0,0,0,0,0,1814691,100287,3315624,16,0,0,4592,0,0,0,0,0,0,0,18110059,17079754,0,0,40635,40635,14112,11321,0,0,0,0,0,0,0,0,0,2785578,1391088,0,262144,5258950,85647717,0,0,1026,1025,857150093,0,0,0,0,0,0,0,0,0,0,0,0,867917378,0,7654,1850632,787274311,19968,0,0,35342922,0,0,0,0,0,0,0,0,0,0,0,0,0,0,0,0,0,0,0,7886,0,0,0,0,0,0,0,0,0,0,0,0,0,0,0,0,0,0,0,0,0,0,0,0,43596,4050,20584,16534,16534,0,0,3299,0,0,19,0,0,0,0,0,0,0,0,0,0,0,0,0,0,0,0,0,0,0,0,0,0,0,0,0,0,0,0,0,0,710,24,0
1767050884.001288,1288,ubuntu-rog,1,0,0,10724162,0,1831919,2807985,503071,0,16,0,0,0,0,0,844664273,0,0,4907,844292433,0,0,1831919,2807985,503071,0,196937,111693,0,0,0,0,0,0,0,0,0,0,1827496,100287,3315625,16,0,0,4592,0,0,0,0,0,0,0,18110059,17079754,0,0,40635,40635,14112,11346,0,0,0,0,0,0,0,0,0,2783161,1389881,0,262144,5258950,85647741,0,0,1026,1025,857162940,0,0,0,0,0,0,0,0,0,0,0,0,867917394,0,7654,1850632,787287116,19968,0,0,35342922,0,0,0,0,0,0,0,0,0,0,0,0,0,0,0,0,0,0,0,7886,0,0,0,0,0,0,0,0,0,0,0,0,0,0,0,0,0,0,0,0,0,0,0,0,43596,4050,20584,16534,16534,0,0,3299,0,0,19,0,0,0,0,0,0,0,0,0,0,0,0,0,0,0,0,0,0,0,0,0,0,0,0,0,0,0,0,0,0,710,24,0
1767050885.001082,1082,ubuntu-rog,1,0,0,10709957,0,1844787,2807985,503071,0,18,0,0,0,0,0,844677121,0,0,4907,844305281,0,0,1844787,2807985,503071,0,196937,111693,0,0,0,0,0,0,0,0,0,0,1840373,100287,3315627,18,0,0,4592,0,0,0,0,0,0,0,18110061,17079754,0,0,40635,40635,14112,11382,0,0,0,0,0,0,0,0,0,2780320,1388463,0,262144,5258950,85647741,0,0,1026,1025,857175788,0,0,0,0,0,0,0,0,0,0,0,0,867917409,0,7654,1850632,787299921,19968,0,0,35342922,0,0,0,0,0,0,0,0,0,0,0,0,0,0,0,0,0,0,0,7886,0,0,0,0,0,0,0,0,0,0,0,0,0,0,0,0,0,0,0,0,0,0,0,0,43596,4050,20584,16534,16534,0,0,3299,0,0,19,0,0,0,0,0,0,0,0,0,0,0,0,0,0,0,0,0,0,0,0,0,0,0,0,0,0,0,0,0,0,710,24,0
1767050886.002269,2269,ubuntu-rog,1,0,0,10699970,0,1855007,2807986,503071,0,18,0,0,0,0,0,844687401,0,0,4907,844315561,0,0,1855007,2807986,503071,0,196937,111693,0,0,0,0,0,0,0,0,0,0,1850581,100287,3315627,18,0,0,4592,0,0,0,0,0,0,0,18110061,17079754,0,0,40635,40635,14112,11397,0,0,0,0,0,0,0,0,0,2778324,1387465,0,262144,5258950,85647741,0,0,1026,1025,857186068,0,0,0,0,0,0,0,0,0,0,0,0,867917425,0,7654,1850632,787310165,19968,0,0,35342922,0,0,0,0,0,0,0,0,0,0,0,0,0,0,0,0,0,0,0,7886,0,0,0,0,0,0,0,0,0,0,0,0,0,0,0,0,0,0,0,0,0,0,0,0,43596,4050,20584,16534,16534,0,0,3299,0,0,19,0,0,0,0,0,0,0,0,0,0,0,0,0,0,0,0,0,0,0,0,0,0,0,0,0,0,0,0,0,0,710,24,0
1767050887.001296,1296,ubuntu-rog,1,0,0,10687874,0,1867793,2807990,503071,0,18,0,0,0,0,0,844700247,0,0,4907,844328407,0,0,1867793,2807990,503071,0,196937,111693,0,0,0,0,0,0,0,0,0,0,1863350,100287,3315627,18,0,0,4592,0,0,0,0,0,0,0,18110061,17079754,0,0,40635,40635,14112,11417,0,0,0,0,0,0,0,0,0,2775906,1386258,0,262144,5258950,85647741,0,0,1026,1025,857198914,0,0,0,0,0,0,0,0,0,0,0,0,867917441,0,7654,1850632,787322970,19968,0,0,35342922,0,0,0,0,0,0,0,0,0,0,0,0,0,0,0,0,0,0,0,7886,0,0,0,0,0,0,0,0,0,0,0,0,0,0,0,0,0,0,0,0,0,0,0,0,43596,4050,20584,16534,16534,0,0,3299,0,0,19,0,0,0,0,0,0,0,0,0,0,0,0,0,0,0,0,0,0,0,0,0,0,0,0,0,0,0,0,0,0,710,24,0
1767050888.001153,1153,ubuntu-rog,1,0,0,10675778,0,1880596,2807990,503071,0,11,0,0,0,0,0,844713092,0,0,4907,844341252,0,0,1880596,2807990,503071,0,196937,111693,0,0,0,0,0,0,0,0,0,0,1876155,100287,3315627,11,0,0,4592,0,0,0,0,0,0,0,18110061,17079761,0,0,40635,40635,14112,11442,0,0,0,0,0,0,0,0,0,2773487,1385050,0,262144,5258950,85647761,0,0,1026,1025,857211759,0,0,0,0,0,0,0,0,0,0,0,0,867917456,0,7654,1850632,787335775,19968,0,0,35342922,0,0,0,0,0,0,0,0,0,0,0,0,0,0,0,0,0,0,0,7886,0,0,0,0,0,0,0,0,0,0,0,0,0,0,0,0,0,0,0,0,0,0,0,0,43596,4050,20584,16534,16534,0,0,3299,0,0,19,0,0,0,0,0,0,0,0,0,0,0,0,0,0,0,0,0,0,0,0,0,0,0,0,0,0,0,0,0,0,710,24,0
1767050889.001143,1143,ubuntu-rog,1,0,0,10661573,0,1893464,2807991,503071,0,13,0,0,0,0,0,844725943,0,0,4907,844354103,0,0,1893464,2807991,503071,0,196937,111693,0,0,0,0,0,0,0,0,0,0,1889032,100287,3315629,13,0,0,4592,0,0,0,0,0,0,0,18110063,17079761,0,0,40635,40635,14112,11477,0,0,0,0,0,0,0,0,0,2770647,1383632,0,262144,5258950,85647777,0,0,1026,1025,857224610,0,0,0,0,0,0,0,0,0,0,0,0,867917475,0,7654,1850632,787348580,19968,0,0,35342922,0,0,0,0,0,0,0,0,0,0,0,0,0,0,0,0,0,0,0,7886,0,0,0,0,0,0,0,0,0,0,0,0,0,0,0,0,0,0,0,0,0,0,0,0,43596,4050,20584,16534,16534,0,0,3299,0,0,19,0,0,0,0,0,0,0,0,0,0,0,0,0,0,0,0,0,0,0,0,0,0,0,0,0,0,0,0,0,0,710,24,0
1767050890.003270,3270,ubuntu-rog,1,0,0,10647554,0,1906202,2807991,503071,0,13,0,0,0,0,0,844738791,0,0,4907,844366951,0,0,1906202,2807991,503071,0,196937,111693,0,0,0,0,0,0,0,0,0,0,1901765,100287,3315629,13,0,0,4592,0,0,0,0,0,0,0,18110063,17079761,0,0,40635,40635,14112,11492,0,0,0,0,0,0,0,0,0,2767844,1382232,0,262144,5258950,85647777,0,0,1026,1025,857237458,0,0,0,0,0,0,0,0,0,0,0,0,867917493,0,7654,1850632,787361385,19968,0,0,35342922,0,0,0,0,0,0,0,0,0,0,0,0,0,0,0,0,0,0,0,7886,0,0,0,0,0,0,0,0,0,0,0,0,0,0,0,0,0,0,0,0,0,0,0,0,43596,4050,20584,16534,16534,0,0,3299,0,0,19,0,0,0,0,0,0,0,0,0,0,0,0,0,0,0,0,0,0,0,0,0,0,0,0,0,0,0,0,0,0,710,24,0
1767050891.001154,1154,ubuntu-rog,1,0,0,10637541,0,1916437,2807991,503071,0,14,0,0,0,0,0,844749075,0,0,4907,844377235,0,0,1916437,2807991,503071,0,196937,111693,0,0,0,0,0,0,0,0,0,0,1912002,100287,3315630,14,0,0,4592,0,0,0,0,0,0,0,18110064,17079761,0,0,40635,40635,14112,11517,0,0,0,0,0,0,0,0,0,2765842,1381232,0,262144,5258950,85647777,0,0,1026,1025,857247742,0,0,0,0,0,0,0,0,0,0,0,0,867917555,0,7654,1850632,787371629,19968,0,0,35342922,0,0,0,0,0,0,0,0,0,0,0,0,0,0,0,0,0,0,0,7886,0,0,0,0,0,0,0,0,0,0,0,0,0,0,0,0,0,0,0,0,0,0,0,0,43596,4050,20584,16534,16534,0,0,3299,0,0,19,0,0,0,0,0,0,0,0,0,0,0,0,0,0,0,0,0,0,0,0,0,0,0,0,0,0,0,0,0,0,710,24,0
1767050892.001254,1254,ubuntu-rog,1,0,0,10623421,0,1929192,2807992,503071,0,15,0,0,0,0,0,844761921,0,0,4907,844390081,0,0,1929192,2807992,503071,0,196937,111693,0,0,0,0,0,0,0,0,0,0,1924771,100287,3315631,15,0,0,4592,0,0,0,0,0,0,0,18110065,17079761,0,0,40635,40635,14112,11537,0,0,0,0,0,0,0,0,0,2763019,1379822,0,262144,5258950,85647777,0,0,1026,1025,857260588,0,0,0,0,0,0,0,0,0,0,0,0,867917570,0,7654,1850632,787384436,19968,0,0,35342924,0,0,0,0,0,0,0,0,0,0,0,0,0,0,0,0,0,0,0,7886,0,0,0,0,0,0,0,0,0,0,0,0,0,0,0,0,0,0,0,0,0,0,0,0,43596,4050,20584,16534,16534,0,0,3299,0,0,19,0,0,0,0,0,0,0,0,0,0,0,0,0,0,0,0,0,0,0,0,0,0,0,0,0,0,0,0,0,0,710,24,0
1767050893.001289,1289,ubuntu-rog,1,0,0,10611325,0,1941995,2807992,503071,0,15,0,0,0,0,0,844774766,0,0,4907,844402926,0,0,1941995,2807992,503071,0,196937,111693,0,0,0,0,0,0,0,0,0,0,1937576,100287,3315631,15,0,0,4592,0,0,0,0,0,0,0,18110065,17079761,0,0,40635,40635,14112,11562,0,0,0,0,0,0,0,0,0,2760600,1378614,0,262144,5258950,85647777,0,0,1026,1025,857273433,0,0,0,0,0,0,0,0,0,0,0,0,867917585,0,7654,1850632,787397241,19968,0,0,35342924,0,0,0,0,0,0,0,0,0,0,0,0,0,0,0,0,0,0,0,7886,0,0,0,0,0,0,0,0,0,0,0,0,0,0,0,0,0,0,0,0,0,0,0,0,43596,4050,20584,16534,16534,0,0,3299,0,0,19,0,0,0,0,0,0,0,0,0,0,0,0,0,0,0,0,0,0,0,0,0,0,0,0,0,0,0,0,0,0,710,24,0
1767050894.001165,1165,ubuntu-rog,1,0,0,10599233,0,1954798,2807993,503071,0,16,0,0,0,0,0,844787613,0,0,4907,844415773,0,0,1954798,2807993,503071,0,196937,111693,0,0,0,0,0,0,0,0,0,0,1950381,100287,3315631,16,0,0,4592,0,0,0,0,0,0,0,18110066,17079761,0,0,40635,40635,14112,11587,0,0,0,0,0,0,0,0,0,2758183,1377407,0,262144,5258950,85647793,0,0,1026,1025,857286280,0,0,0,0,0,0,0,0,0,0,0,0,867917602,0,7654,1850632,787410046,19968,0,0,35342924,0,0,0,0,0,0,0,0,0,0,0,0,0,0,0,0,0,0,0,7886,0,0,0,0,0,0,0,0,0,0,0,0,0,0,0,0,0,0,0,0,0,0,0,0,43596,4050,20584,16534,16534,0,0,3299,0,0,19,0,0,0,0,0,0,0,0,0,0,0,0,0,0,0,0,0,0,0,0,0,0,0,0,0,0,0,0,0,0,710,24,0
1767050895.001493,1493,ubuntu-rog,1,0,0,10585028,0,1967697,2807996,503071,0,16,0,0,0,0,0,844800459,0,0,4907,844428619,0,0,1967697,2807996,503071,0,196937,111693,0,0,0,0,0,0,0,0,0,0,1963258,100287,3315631,16,0,0,4592,0,0,0,0,0,0,0,18110066,17079761,0,0,40635,40635,14112,11622,0,0,0,0,0,0,0,0,0,2755343,1375989,0,262144,5258950,85647793,0,0,1026,1025,857299126,0,0,0,0,0,0,0,0,0,0,0,0,867917618,0,7654,1850632,787422851,19968,0,0,35342924,0,0,0,0,0,0,0,0,0,0,0,0,0,0,0,0,0,0,0,7886,0,0,0,0,0,0,0,0,0,0,0,0,0,0,0,0,0,0,0,0,0,0,0,0,43596,4050,20584,16534,16534,0,0,3299,0,0,19,0,0,0,0,0,0,0,0,0,0,0,0,0,0,0,0,0,0,0,0,0,0,0,0,0,0,0,0,0,0,710,24,0
1767050896.001304,1304,ubuntu-rog,1,0,0,10575041,0,1977879,2807996,503071,0,18,0,0,0,0,0,844810740,0,0,4907,844438900,0,0,1977879,2807996,503071,0,196937,111693,0,0,0,0,0,0,0,0,0,0,1973466,100287,3315633,18,0,0,4592,0,0,0,0,0,0,0,18110068,17079761,0,0,40635,40635,14112,11637,0,0,0,0,0,0,0,0,0,2753346,1374992,0,262144,5258950,85647793,0,0,1026,1025,857309407,0,0,0,0,0,0,0,0,0,0,0,0,867917633,0,7654,1850632,787433095,19968,0,0,35342924,0,0,0,0,0,0,0,0,0,0,0,0,0,0,0,0,0,0,0,7886,0,0,0,0,0,0,0,0,0,0,0,0,0,0,0,0,0,0,0,0,0,0,0,0,43596,4050,20584,16534,16534,0,0,3299,0,0,19,0,0,0,0,0,0,0,0,0,0,0,0,0,0,0,0,0,0,0,0,0,0,0,0,0,0,0,0,0,0,710,24,0
1767050897.001160,1160,ubuntu-rog,1,0,0,10562945,0,1990665,2807996,503071,0,18,0,0,0,0,0,844823588,0,0,4907,844451748,0,0,1990665,2807996,503071,0,196937,111693,0,0,0,0,0,0,0,0,0,0,1986235,100287,3315633,18,0,0,4592,0,0,0,0,0,0,0,18110068,17079761,0,0,40635,40635,14112,11657,0,0,0,0,0,0,0,0,0,2750927,1373784,0,262144,5258950,85647793,0,0,1026,1025,857322255,0,0,0,0,0,0,0,0,0,0,0,0,867917651,0,7654,1850632,787445900,19968,0,0,35342924,0,0,0,0,0,0,0,0,0,0,0,0,0,0,0,0,0,0,0,7886,0,0,0,0,0,0,0,0,0,0,0,0,0,0,0,0,0,0,0,0,0,0,0,0,43596,4050,20584,16534,16534,0,0,3299,0,0,19,0,0,0,0,0,0,0,0,0,0,0,0,0,0,0,0,0,0,0,0,0,0,0,0,0,0,0,0,0,0,710,24,0
1767050898.001192,1192,ubuntu-rog,1,0,0,10550756,0,2003533,2807996,503071,0,19,0,0,0,0,0,844836434,0,0,4907,844464594,0,0,2003533,2807996,503071,0,196937,111693,0,0,0,0,0,0,0,0,0,0,1999112,100287,3315634,19,0,0,4592,0,0,0,0,0,0,0,18110069,17079761,0,0,40635,40635,14112,11692,0,0,0,0,0,0,0,0,0,2748490,1372567,0,262144,5258950,85647793,0,0,1026,1025,857335101,0,0,0,0,0,0,0,0,0,0,0,0,867917666,0,7654,1850632,787458705,19968,0,0,35342924,0,0,0,0,0,0,0,0,0,0,0,0,0,0,0,0,0,0,0,7886,0,0,0,0,0,0,0,0,0,0,0,0,0,0,0,0,0,0,0,0,0,0,0,0,43596,4050,20584,16534,16534,0,0,3299,0,0,19,0,0,0,0,0,0,0,0,0,0,0,0,0,0,0,0,0,0,0,0,0,0,0,0,0,0,0,0,0,0,710,24,0
1767050899.002271,2271,ubuntu-rog,1,0,0,10536733,0,2016271,2807996,503071,0,19,0,0,0,0,0,844849282,0,0,4907,844477442,0,0,2016271,2807996,503071,0,196937,111693,0,0,0,0,0,0,0,0,0,0,2011845,100287,3315634,19,0,0,4592,0,0,0,0,0,0,0,18110069,17079761,0,0,40635,40635,14112,11707,0,0,0,0,0,0,0,0,0,2745686,1371167,0,262144,5258950,85647793,0,0,1026,1025,857347949,0,0,0,0,0,0,0,0,0,0,0,0,867917684,0,7654,1850632,787471510,19968,0,0,35342924,0,0,0,0,0,0,0,0,0,0,0,0,0,0,0,0,0,0,0,7886,0,0,0,0,0,0,0,0,0,0,0,0,0,0,0,0,0,0,0,0,0,0,0,0,43596,4050,20584,16534,16534,0,0,3299,0,0,19,0,0,0,0,0,0,0,0,0,0,0,0,0,0,0,0,0,0,0,0,0,0,0,0,0,0,0,0,0,0,710,24,0
1767050900.001139,1139,ubuntu-rog,1,0,0,10524641,0,2029074,2807999,503071,0,20,0,0,0,0,0,844862131,0,0,4907,844490291,0,0,2029074,2807999,503071,0,196937,111693,0,0,0,0,0,0,0,0,0,0,2024650,100287,3315636,20,0,0,4592,0,0,0,0,0,0,0,18110070,17079761,0,0,40635,40635,14112,11732,0,0,0,0,0,0,0,0,0,2743269,1369959,0,262144,5258950,85647809,0,0,1026,1025,857360798,0,0,0,0,0,0,0,0,0,0,0,0,867917701,0,7654,1850632,787484315,19968,0,0,35342924,0,0,0,0,0,0,0,0,0,0,0,0,0,0,0,0,0,0,0,7886,0,0,0,0,0,0,0,0,0,0,0,0,0,0,0,0,0,0,0,0,0,0,0,0,43596,4050,20584,16534,16534,0,0,3299,0,0,19,0,0,0,0,0,0,0,0,0,0,0,0,0,0,0,0,0,0,0,0,0,0,0,0,0,0,0,0,0,0,710,24,0
1767050901.001247,1247,ubuntu-rog,1,0,0,10512545,0,2041877,2807999,503071,0,20,0,0,0,0,0,844875003,0,0,4907,844503163,0,0,2041877,2807999,503071,0,196937,111693,0,0,0,0,0,0,0,0,0,0,2037455,100287,3315636,20,0,0,4592,0,0,0,0,0,0,0,18110070,17079761,0,0,40635,40635,14112,11757,0,0,0,0,0,0,0,0,0,2740850,1368752,0,262144,5258950,85647809,0,0,1026,1025,857373670,0,0,0,0,0,0,0,0,0,0,0,0,867917743,0,7654,1850632,787497120,19968,0,0,35342924,0,0,0,0,0,0,0,0,0,0,0,0,0,0,0,0,0,0,0,7886,0,0,0,0,0,0,0,0,0,0,0,0,0,0,0,0,0,0,0,0,0,0,0,0,43596,4050,20584,16534,16534,0,0,3299,0,0,19,0,0,0,0,0,0,0,0,0,0,0,0,0,0,0,0,0,0,0,0,0,0,0,0,0,0,0,0,0,0,710,24,0
1767050902.001290,1290,ubuntu-rog,1,0,0,10500449,0,2052196,2808000,503071,0,20,0,0,0,0,0,844885295,0,0,4907,844513455,0,0,2052196,2808000,503071,0,196937,111693,0,0,0,0,0,0,0,0,0,0,2047754,100287,3315636,20,0,0,4592,0,0,0,0,0,0,0,18110070,17079761,0,0,40635,40635,14112,11781,0,0,0,0,0,0,0,0,0,2738432,1367544,0,262144,5258950,85647809,0,0,1026,1025,857383962,0,0,0,0,0,0,0,0,0,0,0,0,867917771,0,7654,1850632,787507364,19968,0,0,35342924,0,0,0,0,0,0,0,0,0,0,0,0,0,0,0,0,0,0,0,7886,0,0,0,0,0,0,0,0,0,0,0,0,0,0,0,0,0,0,0,0,0,0,0,0,43596,4050,20584,16534,16534,0,0,3299,0,0,19,0,0,0,0,0,0,0,0,0,0,0,0,0,0,0,0,0,0,0,0,0,0,0,0,0,0,0,0,0,0,710,24,0
1767050903.002141,2141,ubuntu-rog,1,0,0,10488349,0,2064941,2808002,503071,0,21,0,0,0,0,0,844898144,0,0,4907,844526304,0,0,2064941,2808002,503071,0,196937,111693,0,0,0,0,0,0,0,0,0,0,2060504,100287,3315637,21,0,0,4592,0,0,0,0,0,0,0,18110071,17079761,0,0,40635,40635,14112,11802,0,0,0,0,0,0,0,0,0,2736013,1366336,0,262144,5258950,85647809,0,0,1026,1025,857396811,0,0,0,0,0,0,0,0,0,0,0,0,867917789,0,7654,1850632,787520170,19968,0,0,35342925,0,0,0,0,0,0,0,0,0,0,0,0,0,0,0,0,0,0,0,7886,0,0,0,0,0,0,0,0,0,0,0,0,0,0,0,0,0,0,0,0,0,0,0,0,43596,4050,20584,16534,16534,0,0,3299,0,0,19,0,0,0,0,0,0,0,0,0,0,0,0,0,0,0,0,0,0,0,0,0,0,0,0,0,0,0,0,0,0,710,24,0
1767050904.001453,1453,ubuntu-rog,1,0,0,10476164,0,2077809,2808003,503071,0,11,0,0,0,0,0,844910995,0,0,4907,844539155,0,0,2077809,2808003,503071,0,196937,111693,0,0,0,0,0,0,0,0,0,0,2073381,100287,3315639,11,0,0,4592,0,0,0,0,0,0,0,18110072,17079772,0,0,40635,40635,14112,11837,0,0,0,0,0,0,0,0,0,2733577,1365119,0,262144,5258950,85647853,0,0,1026,1025,857409662,0,0,0,0,0,0,0,0,0,0,0,0,867917808,0,7654,1850632,787532975,19968,0,0,35342925,0,0,0,0,0,0,0,0,0,0,0,0,0,0,0,0,0,0,0,7886,0,0,0,0,0,0,0,0,0,0,0,0,0,0,0,0,0,0,0,0,0,0,0,0,43596,4050,20584,16534,16534,0,0,3299,0,0,19,0,0,0,0,0,0,0,0,0,0,0,0,0,0,0,0,0,0,0,0,0,0,0,0,0,0,0,0,0,0,710,24,0
1767050905.002284,2284,ubuntu-rog,1,0,0,10462141,0,2090547,2808003,503071,0,16,0,0,0,0,0,844923854,0,0,4907,844552014,0,0,2090547,2808003,503071,0,196937,111693,0,0,0,0,0,0,0,0,0,0,2086114,100287,3315642,16,0,0,4592,0,0,0,0,0,0,0,18110077,17079772,0,0,40635,40635,14112,11852,0,0,0,0,0,0,0,0,0,2730773,1363719,0,262144,5258950,85647893,0,0,1026,1025,857422521,0,0,0,0,0,0,0,0,0,0,0,0,867917834,0,7654,1850632,787545780,19968,0,0,35342925,0,0,0,0,0,0,0,0,0,0,0,0,0,0,0,0,0,0,0,7886,0,0,0,0,0,0,0,0,0,0,0,0,0,0,0,0,0,0,0,0,0,0,0,0,43596,4050,20584,16534,16534,0,0,3299,0,0,19,0,0,0,0,0,0,0,0,0,0,0,0,0,0,0,0,0,0,0,0,0,0,0,0,0,0,0,0,0,0,710,24,0
1767050906.001150,1150,ubuntu-rog,1,0,0,10450045,0,2103350,2808003,503071,0,16,0,0,0,0,0,844936704,0,0,4907,844564864,0,0,2103350,2808003,503071,0,196937,111693,0,0,0,0,0,0,0,0,0,0,2098919,100287,3315642,16,0,0,4592,0,0,0,0,0,0,0,18110077,17079772,0,0,40635,40635,14112,11878,0,0,0,0,0,0,0,0,0,2728354,1362511,0,262144,5258950,85647893,0,0,1026,1025,857435371,0,0,0,0,0,0,0,0,0,0,0,0,867917853,0,7654,1850632,787558585,19968,0,0,35342925,0,0,0,0,0,0,0,0,0,0,0,0,0,0,0,0,0,0,0,7886,0,0,0,0,0,0,0,0,0,0,0,0,0,0,0,0,0,0,0,0,0,0,0,0,43596,4050,20584,16534,16534,0,0,3299,0,0,19,0,0,0,0,0,0,0,0,0,0,0,0,0,0,0,0,0,0,0,0,0,0,0,0,0,0,0,0,0,0,710,24,0
1767050907.001246,1246,ubuntu-rog,1,0,0,10440221,0,2113580,2808003,503071,0,18,0,0,0,0,0,844946985,0,0,4907,844575145,0,0,2113580,2808003,503071,0,196937,111693,0,0,0,0,0,0,0,0,0,0,2109163,100287,3315643,18,0,0,4592,0,0,0,0,0,0,0,18110079,17079772,0,0,40635,40635,14112,11898,0,0,0,0,0,0,0,0,0,2726390,1361530,0,262144,5258950,85647893,0,0,1026,1025,857445652,0,0,0,0,0,0,0,0,0,0,0,0,867917869,0,7654,1850632,787568829,19968,0,0,35342925,0,0,0,0,0,0,0,0,0,0,0,0,0,0,0,0,0,0,0,7886,0,0,0,0,0,0,0,0,0,0,0,0,0,0,0,0,0,0,0,0,0,0,0,0,43596,4050,20584,16534,16534,0,0,3299,0,0,19,0,0,0,0,0,0,0,0,0,0,0,0,0,0,0,0,0,0,0,0,0,0,0,0,0,0,0,0,0,0,710,24,0
1767050908.001691,1691,ubuntu-rog,1,0,0,10425197,0,2126448,2808004,503071,0,19,0,0,0,0,0,844959831,0,0,4907,844587991,0,0,2126448,2808004,503071,0,196937,111693,0,0,0,0,0,0,0,0,0,0,2122040,100287,3315644,19,0,0,4592,0,0,0,0,0,0,0,18110080,17079772,0,0,40635,40635,14112,11933,0,0,0,0,0,0,0,0,0,2723386,1360030,0,262144,5258950,85647893,0,0,1026,1025,857458498,0,0,0,0,0,0,0,0,0,0,0,0,867917884,0,7654,1850632,787581634,19968,0,0,35342925,0,0,0,0,0,0,0,0,0,0,0,0,0,0,0,0,0,0,0,7886,0,0,0,0,0,0,0,0,0,0,0,0,0,0,0,0,0,0,0,0,0,0,0,0,43596,4050,20584,16534,16534,0,0,3299,0,0,19,0,0,0,0,0,0,0,0,0,0,0,0,0,0,0,0,0,0,0,0,0,0,0,0,0,0,0,0,0,0,710,24,0
1767050909.002139,2139,ubuntu-rog,1,0,0,10413684,0,2139155,2808004,503071,0,13,0,0,0,0,0,844972678,0,0,4907,844600838,0,0,2139155,2808004,503071,0,196937,111693,0,0,0,0,0,0,0,0,0,0,2134773,100287,3315644,13,0,0,4592,0,0,0,0,0,0,0,18110080,17079778,0,0,40635,40635,14112,11948,0,0,0,0,0,0,0,0,0,2721084,1358881,0,262144,5258950,85647917,0,0,1026,1025,857471345,0,0,0,0,0,0,0,0,0,0,0,0,867917901,0,7654,1850632,787594439,19968,0,0,35342925,0,0,0,0,0,0,0,0,0,0,0,0,0,0,0,0,0,0,0,7886,0,0,0,0,0,0,0,0,0,0,0,0,0,0,0,0,0,0,0,0,0,0,0,0,43596,4050,20584,16534,16534,0,0,3299,0,0,19,0,0,0,0,0,0,0,0,0,0,0,0,0,0,0,0,0,0,0,0,0,0,0,0,0,0,0,0,0,0,710,24,0
1767050910.001461,1461,ubuntu-rog,1,0,0,10400879,0,2152054,2808007,503071,0,13,0,0,0,0,0,844985525,0,0,4907,844613685,0,0,2152054,2808007,503071,0,196937,111693,0,0,0,0,0,0,0,0,0,0,2147650,100287,3315646,13,0,0,4592,0,0,0,0,0,0,0,18110080,17079778,0,0,40635,40635,14112,11983,0,0,0,0,0,0,0,0,0,2718524,1357602,0,262144,5258950,85647953,0,0,1026,1025,857484192,0,0,0,0,0,0,0,0,0,0,0,0,867917916,0,7654,1850632,787607244,19968,0,0,35342925,0,0,0,0,0,0,0,0,0,0,0,0,0,0,0,0,0,0,0,7886,0,0,0,0,0,0,0,0,0,0,0,0,0,0,0,0,0,0,0,0,0,0,0,0,43596,4050,20584,16534,16534,0,0,3299,0,0,19,0,0,0,0,0,0,0,0,0,0,0,0,0,0,0,0,0,0,0,0,0,0,0,0,0,0,0,0,0,0,710,24,0
1767050911.002284,2284,ubuntu-rog,1,0,0,10388158,0,2164792,2808007,503071,0,16,0,0,0,0,0,844998401,0,0,4907,844626561,0,0,2164792,2808007,503071,0,196937,111693,0,0,0,0,0,0,0,0,0,0,2160383,100287,3315648,16,0,0,4592,0,0,0,0,0,0,0,18110083,17079778,0,0,40635,40635,14112,11998,0,0,0,0,0,0,0,0,0,2715981,1356332,0,262144,5258950,85647953,0,0,1026,1025,857497068,0,0,0,0,0,0,0,0,0,0,0,0,867917960,0,7654,1850632,787620049,19968,0,0,35342925,0,0,0,0,0,0,0,0,0,0,0,0,0,0,0,0,0,0,0,7886,0,0,0,0,0,0,0,0,0,0,0,0,0,0,0,0,0,0,0,0,0,0,0,0,43596,4050,20584,16534,16534,0,0,3299,0,0,19,0,0,0,0,0,0,0,0,0,0,0,0,0,0,0,0,0,0,0,0,0,0,0,0,0,0,0,0,0,0,710,24,0
1767050912.001148,1148,ubuntu-rog,1,0,0,10377520,0,2175022,2808010,503071,0,16,0,0,0,0,0,845008681,0,0,4907,844636841,0,0,2175022,2808010,503071,0,196937,111693,0,0,0,0,0,0,0,0,0,0,2170627,100287,3315648,16,0,0,4592,0,0,0,0,0,0,0,18110083,17079778,0,0,40635,40635,14112,12018,0,0,0,0,0,0,0,0,0,2713854,1355270,0,262144,5258950,85647953,0,0,1026,1025,857507348,0,0,0,0,0,0,0,0,0,0,0,0,867917976,0,7654,1850632,787630293,19968,0,0,35342925,0,0,0,0,0,0,0,0,0,0,0,0,0,0,0,0,0,0,0,7886,0,0,0,0,0,0,0,0,0,0,0,0,0,0,0,0,0,0,0,0,0,0,0,0,43596,4050,20584,16534,16534,0,0,3299,0,0,19,0,0,0,0,0,0,0,0,0,0,0,0,0,0,0,0,0,0,0,0,0,0,0,0,0,0,0,0,0,0,710,24,0
1767050913.001190,1190,ubuntu-rog,1,0,0,10363583,0,2187890,2808010,503071,0,16,0,0,0,0,0,845021526,0,0,4907,844649686,0,0,2187890,2808010,503071,0,196937,111693,0,0,0,0,0,0,0,0,0,0,2183504,100287,3315648,16,0,0,4592,0,0,0,0,0,0,0,18110083,17079778,0,0,40635,40635,14112,12053,0,0,0,0,0,0,0,0,0,2711067,1353878,0,262144,5258950,85647953,0,0,1026,1025,857520193,0,0,0,0,0,0,0,0,0,0,0,0,867917991,0,7654,1850632,787643098,19968,0,0,35342925,0,0,0,0,0,0,0,0,0,0,0,0,0,0,0,0,0,0,0,7886,0,0,0,0,0,0,0,0,0,0,0,0,0,0,0,0,0,0,0,0,0,0,0,0,43596,4050,20584,16534,16534,0,0,3299,0,0,19,0,0,0,0,0,0,0,0,0,0,0,0,0,0,0,0,0,0,0,0,0,0,0,0,0,0,0,0,0,0,710,24,0
1767050914.002288,2288,ubuntu-rog,1,0,0,10351786,0,2200676,2808010,503071,0,16,0,0,0,0,0,845034375,0,0,4907,844662535,0,0,2200676,2808010,503071,0,196937,111693,0,0,0,0,0,0,0,0,0,0,2196273,100287,3315648,16,0,0,4592,0,0,0,0,0,0,0,18110083,17079778,0,0,40635,40635,14112,12073,0,0,0,0,0,0,0,0,0,2708709,1352700,0,262144,5258950,85647969,0,0,1026,1025,857533042,0,0,0,0,0,0,0,0,0,0,0,0,867918010,0,7654,1850632,787655903,19968,0,0,35342925,0,0,0,0,0,0,0,0,0,0,0,0,0,0,0,0,0,0,0,7886,0,0,0,0,0,0,0,0,0,0,0,0,0,0,0,0,0,0,0,0,0,0,0,0,43596,4050,20584,16534,16534,0,0,3299,0,0,19,0,0,0,0,0,0,0,0,0,0,0,0,0,0,0,0,0,0,0,0,0,0,0,0,0,0,0,0,0,0,710,24,0
1767050915.001148,1148,ubuntu-rog,1,0,0,10338977,0,2213431,2808010,503071,0,13,0,0,0,0,0,845047223,0,0,4907,844675383,0,0,2213431,2808010,503071,0,196937,111693,0,0,0,0,0,0,0,0,0,0,2209042,100287,3315649,13,0,0,4592,0,0,0,0,0,0,0,18110084,17079782,0,0,40635,40635,14112,12093,0,0,0,0,0,0,0,0,0,2706147,1351421,0,262144,5258950,85647969,0,0,1026,1025,857545890,0,0,0,0,0,0,0,0,0,0,0,0,867918027,0,7654,1850632,787668708,19968,0,0,35342925,0,0,0,0,0,0,0,0,0,0,0,0,0,0,0,0,0,0,0,7886,0,0,0,0,0,0,0,0,0,0,0,0,0,0,0,0,0,0,0,0,0,0,0,0,43596,4050,20584,16534,16534,0,0,3299,0,0,19,0,0,0,0,0,0,0,0,0,0,0,0,0,0,0,0,0,0,0,0,0,0,0,0,0,0,0,0,0,0,710,24,0
1767050916.001248,1248,ubuntu-rog,1,0,0,10326933,0,2226234,2808011,503071,0,16,0,0,0,0,0,845060070,0,0,4907,844688230,0,0,2226234,2808011,503071,0,196937,111693,0,0,0,0,0,0,0,0,0,0,2221847,100287,3315650,16,0,0,4592,0,0,0,0,0,0,0,18110087,17079782,0,0,40635,40635,14112,12118,0,0,0,0,0,0,0,0,0,2703739,1350219,0,262144,5258950,85648005,0,0,1026,1025,857558737,0,0,0,0,0,0,0,0,0,0,0,0,867918043,0,7654,1850632,787681513,19968,0,0,35342925,0,0,0,0,0,0,0,0,0,0,0,0,0,0,0,0,0,0,0,7886,0,0,0,0,0,0,0,0,0,0,0,0,0,0,0,0,0,0,0,0,0,0,0,0,43596,4050,20584,16534,16534,0,0,3299,0,0,19,0,0,0,0,0,0,0,0,0,0,0,0,0,0,0,0,0,0,0,0,0,0,0,0,0,0,0,0,0,0,710,24,0
1767050917.001487,1487,ubuntu-rog,1,0,0,10315829,0,2236560,2808011,503071,0,17,0,0,0,0,0,845070361,0,0,4907,844698521,0,0,2236560,2808011,503071,0,196937,111693,0,0,0,0,0,0,0,0,0,0,2232163,100287,3315651,17,0,0,4592,0,0,0,0,0,0,0,18110088,17079782,0,0,40635,40635,14128,12148,0,0,0,0,0,0,0,0,0,2701519,1349110,0,262144,5258950,85648005,0,0,1026,1025,857569042,0,0,0,0,0,0,0,0,0,0,0,0,867918083,0,7654,1850632,787691768,19968,0,0,35342936,0,0,0,0,0,0,0,0,0,0,0,0,0,0,0,0,0,0,0,7886,0,0,0,0,0,0,0,0,0,0,0,0,0,0,0,0,0,0,0,0,0,0,0,0,43596,4050,20584,16534,16534,0,0,3299,0,0,19,0,0,0,0,0,0,0,0,0,0,0,0,0,0,0,0,0,0,0,0,0,0,0,0,0,0,0,0,0,0,710,24,0
1767050918.002143,2143,ubuntu-rog,1,0,0,10303011,0,2249298,2808011,503071,0,18,0,0,0,0,0,845083207,0,0,4907,844711367,0,0,2249298,2808011,503071,0,196937,111693,0,0,0,0,0,0,0,0,0,0,2244896,100287,3315652,18,0,0,4592,0,0,0,0,0,0,0,18110089,17079782,0,0,40635,40635,14112,12163,0,0,0,0,0,0,0,0,0,2698956,1347830,0,262144,5258950,85648005,0,0,1026,1025,857581888,0,0,0,0,0,0,0,0,0,0,0,0,867918102,0,7654,1850632,787704573,19968,0,0,35342936,0,0,0,0,0,0,0,0,0,0,0,0,0,0,0,0,0,0,0,7886,0,0,0,0,0,0,0,0,0,0,0,0,0,0,0,0,0,0,0,0,0,0,0,0,43596,4050,20584,16534,16534,0,0,3299,0,0,19,0,0,0,0,0,0,0,0,0,0,0,0,0,0,0,0,0,0,0,0,0,0,0,0,0,0,0,0,0,0,710,24,0
1767050919.001238,1238,ubuntu-rog,1,0,0,10291169,0,2262101,2808011,503071,0,18,0,0,0,0,0,845096061,0,0,4907,844724221,0,0,2262101,2808011,503071,0,196937,111693,0,0,0,0,0,0,0,0,0,0,2257701,100287,3315652,18,0,0,4592,0,0,0,0,0,0,0,18110089,17079782,0,0,40635,40635,14112,12188,0,0,0,0,0,0,0,0,0,2696588,1346648,0,262144,5258950,85648005,0,0,1026,1025,857594742,0,0,0,0,0,0,0,0,0,0,0,0,867918126,0,7654,1850632,787717378,19968,0,0,35342936,0,0,0,0,0,0,0,0,0,0,0,0,0,0,0,0,0,0,0,7886,0,0,0,0,0,0,0,0,0,0,0,0,0,0,0,0,0,0,0,0,0,0,0,0,43596,4050,20584,16534,16534,0,0,3299,0,0,19,0,0,0,0,0,0,0,0,0,0,0,0,0,0,0,0,0,0,0,0,0,0,0,0,0,0,0,0,0,0,710,24,0
1767050920.001293,1293,ubuntu-rog,1,0,0,10278319,0,2274904,2808013,503071,0,8,0,0,0,0,0,845108916,0,0,4907,844737076,0,0,2274904,2808013,503071,0,196937,111693,0,0,0,0,0,0,0,0,0,0,2270506,100287,3315652,8,0,0,4592,0,0,0,0,0,0,0,18110089,17079792,0,0,40635,40635,14112,12213,0,0,0,0,0,0,0,0,0,2694019,1345365,0,262144,5258950,85648037,0,0,1026,1025,857607597,0,0,0,0,0,0,0,0,0,0,0,0,867918151,0,7654,1850632,787730183,19968,0,0,35342936,0,0,0,0,0,0,0,0,0,0,0,0,0,0,0,0,0,0,0,7886,0,0,0,0,0,0,0,0,0,0,0,0,0,0,0,0,0,0,0,0,0,0,0,0,43596,4050,20584,16534,16534,0,0,3299,0,0,19,0,0,0,0,0,0,0,0,0,0,0,0,0,0,0,0,0,0,0,0,0,0,0,0,0,0,0,0,0,0,710,24,0
1767050921.001149,1149,ubuntu-rog,1,0,0,10265467,0,2287707,2808013,503071,0,11,0,0,0,0,0,845121763,0,0,4907,844749923,0,0,2287707,2808013,503071,0,196937,111693,0,0,0,0,0,0,0,0,0,0,2283311,100287,3315653,11,0,0,4592,0,0,0,0,0,0,0,18110092,17079792,0,0,40635,40635,14112,12238,0,0,0,0,0,0,0,0,0,2691450,1344081,0,262144,5258950,85648053,0,0,1026,1025,857620444,0,0,0,0,0,0,0,0,0,0,0,0,867918167,0,7654,1850632,787742988,19968,0,0,35342936,0,0,0,0,0,0,0,0,0,0,0,0,0,0,0,0,0,0,0,7886,0,0,0,0,0,0,0,0,0,0,0,0,0,0,0,0,0,0,0,0,0,0,0,0,43596,4050,20584,16534,16534,0,0,3299,0,0,19,0,0,0,0,0,0,0,0,0,0,0,0,0,0,0,0,0,0,0,0,0,0,0,0,0,0,0,0,0,0,710,24,0
1767050922.002246,2246,ubuntu-rog,1,0,0,10251403,0,2300510,2808013,503071,0,12,0,0,0,0,0,845134610,0,0,4907,844762770,0,0,2300510,2808013,503071,0,196937,111693,0,0,0,0,0,0,0,0,0,0,2296116,100287,3315654,12,0,0,4592,0,0,0,0,0,0,0,18110093,17079792,0,0,40635,40635,14112,12263,0,0,0,0,0,0,0,0,0,2688638,1342677,0,262144,5258950,85648053,0,0,1026,1025,857633291,0,0,0,0,0,0,0,0,0,0,0,0,867918183,0,7654,1850632,787755793,19968,0,0,35342936,0,0,0,0,0,0,0,0,0,0,0,0,0,0,0,0,0,0,0,7886,0,0,0,0,0,0,0,0,0,0,0,0,0,0,0,0,0,0,0,0,0,0,0,0,43596,4050,20584,16534,16534,0,0,3299,0,0,19,0,0,0,0,0,0,0,0,0,0,0,0,0,0,0,0,0,0,0,0,0,0,0,0,0,0,0,0,0,0,710,24,0
1767050923.001221,1221,ubuntu-rog,1,0,0,10242463,0,2310805,2808013,503071,0,13,0,0,0,0,0,845144895,0,0,4907,844773055,0,0,2310805,2808013,503071,0,196937,111693,0,0,0,0,0,0,0,0,0,0,2306396,100287,3315655,13,0,0,4592,0,0,0,0,0,0,0,18110094,17079792,0,0,40635,40635,14112,12288,0,0,0,0,0,0,0,0,0,2686850,1341784,0,262144,5258950,85648053,0,0,1026,1025,857643576,0,0,0,0,0,0,0,0,0,0,0,0,867918203,0,7654,1850632,787766037,19968,0,0,35342936,0,0,0,0,0,0,0,0,0,0,0,0,0,0,0,0,0,0,0,7886,0,0,0,0,0,0,0,0,0,0,0,0,0,0,0,0,0,0,0,0,0,0,0,0,43596,4050,20584,16534,16534,0,0,3299,0,0,19,0,0,0,0,0,0,0,0,0,0,0,0,0,0,0,0,0,0,0,0,0,0,0,0,0,0,0,0,0,0,710,24,0
1767050924.001149,1149,ubuntu-rog,1,0,0,10229976,0,2323560,2808013,503071,0,13,0,0,0,0,0,845157745,0,0,4907,844785905,0,0,2323560,2808013,503071,0,196937,111693,0,0,0,0,0,0,0,0,0,0,2319165,100287,3315655,13,0,0,4592,0,0,0,0,0,0,0,18110094,17079792,0,0,40635,40635,14112,12308,0,0,0,0,0,0,0,0,0,2684353,1340538,0,262144,5258950,85648053,0,0,1026,1025,857656426,0,0,0,0,0,0,0,0,0,0,0,0,867918223,0,7654,1850632,787778842,19968,0,0,35342936,0,0,0,0,0,0,0,0,0,0,0,0,0,0,0,0,0,0,0,7886,0,0,0,0,0,0,0,0,0,0,0,0,0,0,0,0,0,0,0,0,0,0,0,0,43596,4050,20584,16534,16534,0,0,3299,0,0,19,0,0,0,0,0,0,0,0,0,0,0,0,0,0,0,0,0,0,0,0,0,0,0,0,0,0,0,0,0,0,710,24,0
1767050925.001247,1247,ubuntu-rog,1,0,0,10217139,0,2336363,2808013,503071,0,13,0,0,0,0,0,845170592,0,0,4907,844798752,0,0,2336363,2808013,503071,0,196937,111693,0,0,0,0,0,0,0,0,0,0,2331970,100287,3315655,13,0,0,4592,0,0,0,0,0,0,0,18110094,17079792,0,0,40635,40635,14112,12333,0,0,0,0,0,0,0,0,0,2681786,1339256,0,262144,5258950,85648053,0,0,1026,1025,857669273,0,0,0,0,0,0,0,0,0,0,0,0,867918240,0,7654,1850632,787791647,19968,0,0,35342936,0,0,0,0,0,0,0,0,0,0,0,0,0,0,0,0,0,0,0,7886,0,0,0,0,0,0,0,0,0,0,0,0,0,0,0,0,0,0,0,0,0,0,0,0,43596,4050,20584,16534,16534,0,0,3299,0,0,19,0,0,0,0,0,0,0,0,0,0,0,0,0,0,0,0,0,0,0,0,0,0,0,0,0,0,0,0,0,0,710,24,0
1767050926.001189,1189,ubuntu-rog,1,0,0,10203482,0,2349231,2808014,503071,0,15,0,0,0,0,0,845183440,0,0,4907,844811600,0,0,2349231,2808014,503071,0,196937,111693,0,0,0,0,0,0,0,0,0,0,2344847,100287,3315656,15,0,0,4592,0,0,0,0,0,0,0,18110096,17079792,0,0,40635,40635,14112,12368,0,0,0,0,0,0,0,0,0,2679056,1337892,0,262144,5258950,85648069,0,0,1026,1025,857682121,0,0,0,0,0,0,0,0,0,0,0,0,867918257,0,7654,1850632,787804452,19968,0,0,35342936,0,0,0,0,0,0,0,0,0,0,0,0,0,0,0,0,0,0,0,7886,0,0,0,0,0,0,0,0,0,0,0,0,0,0,0,0,0,0,0,0,0,0,0,0,43596,4050,20584,16534,16534,0,0,3299,0,0,19,0,0,0,0,0,0,0,0,0,0,0,0,0,0,0,0,0,0,0,0,0,0,0,0,0,0,0,0,0,0,710,24,0
1767050927.003144,3144,ubuntu-rog,1,0,0,10190721,0,2361969,2808014,503071,0,15,0,0,0,0,0,845196288,0,0,4907,844824448,0,0,2361969,2808014,503071,0,196937,111693,0,0,0,0,0,0,0,0,0,0,2357580,100287,3315656,15,0,0,4592,0,0,0,0,0,0,0,18110096,17079792,0,0,40635,40635,14112,12383,0,0,0,0,0,0,0,0,0,2676504,1336618,0,262144,5258950,85648069,0,0,1026,1025,857694969,0,0,0,0,0,0,0,0,0,0,0,0,867918274,0,7654,1850632,787817257,19968,0,0,35342936,0,0,0,0,0,0,0,0,0,0,0,0,0,0,0,0,0,0,0,7886,0,0,0,0,0,0,0,0,0,0,0,0,0,0,0,0,0,0,0,0,0,0,0,0,43596,4050,20584,16534,16534,0,0,3299,0,0,19,0,0,0,0,0,0,0,0,0,0,0,0,0,0,0,0,0,0,0,0,0,0,0,0,0,0,0,0,0,0,710,24,0
1767050928.001230,1230,ubuntu-rog,1,0,0,10180517,0,2372230,2808014,503071,0,15,0,0,0,0,0,845206570,0,0,4907,844834730,0,0,2372230,2808014,503071,0,196937,111693,0,0,0,0,0,0,0,0,0,0,2367824,100287,3315656,15,0,0,4592,0,0,0,0,0,0,0,18110096,17079792,0,0,40635,40635,14112,12404,0,0,0,0,0,0,0,0,0,2674464,1335599,0,262144,5258950,85648069,0,0,1026,1025,857705251,0,0,0,0,0,0,0,0,0,0,0,0,867918292,0,7654,1850632,787827501,19968,0,0,35342936,0,0,0,0,0,0,0,0,0,0,0,0,0,0,0,0,0,0,0,7886,0,0,0,0,0,0,0,0,0,0,0,0,0,0,0,0,0,0,0,0,0,0,0,0,43596,4050,20584,16534,16534,0,0,3299,0,0,19,0,0,0,0,0,0,0,0,0,0,0,0,0,0,0,0,0,0,0,0,0,0,0,0,0,0,0,0,0,0,710,24,0
1767050929.001292,1292,ubuntu-rog,1,0,0,10167616,0,2385050,2808015,503071,0,16,0,0,0,0,0,845219418,0,0,4907,844847578,0,0,2385050,2808015,503071,0,196937,111693,0,0,0,0,0,0,0,0,0,0,2380665,100287,3315657,16,0,0,4592,0,0,0,0,0,0,0,18110097,17079792,0,0,40635,40635,14112,12434,0,0,0,0,0,0,0,0,0,2671885,1334311,0,262144,5258950,85648069,0,0,1026,1025,857718099,0,0,0,0,0,0,0,0,0,0,0,0,867918309,0,7654,1850632,787840306,19968,0,0,35342936,0,0,0,0,0,0,0,0,0,0,0,0,0,0,0,0,0,0,0,7886,0,0,0,0,0,0,0,0,0,0,0,0,0,0,0,0,0,0,0,0,0,0,0,0,43596,4050,20584,16534,16534,0,0,3299,0,0,19,0,0,0,0,0,0,0,0,0,0,0,0,0,0,0,0,0,0,0,0,0,0,0,0,0,0,0,0,0,0,710,24,0
1767050930.001165,1165,ubuntu-rog,1,0,0,10154811,0,2397836,2808015,503071,0,17,0,0,0,0,0,845232267,0,0,4907,844860427,0,0,2397836,2808015,503071,0,196937,111693,0,0,0,0,0,0,0,0,0,0,2393434,100287,3315658,17,0,0,4592,0,0,0,0,0,0,0,18110098,17079792,0,0,40635,40635,14112,12454,0,0,0,0,0,0,0,0,0,2669324,1333032,0,262144,5258950,85648069,0,0,1026,1025,857730955,0,0,0,0,0,0,0,0,0,0,0,0,867918326,0,7654,1850632,787853111,19968,0,0,35342936,0,0,0,0,0,0,0,0,0,0,0,0,0,0,0,0,0,0,0,7886,0,0,0,0,0,0,0,0,0,0,0,0,0,0,0,0,0,0,0,0,0,0,0,0,43596,4050,20584,16534,16534,0,0,3299,0,0,19,0,0,0,0,0,0,0,0,0,0,0,0,0,0,0,0,0,0,0,0,0,0,0,0,0,0,0,0,0,0,710,24,0
1767050931.001261,1261,ubuntu-rog,1,0,0,10141959,0,2410639,2808015,503071,0,17,0,0,0,0,0,845245113,0,0,4907,844873273,0,0,2410639,2808015,503071,0,196937,111693,0,0,0,0,0,0,0,0,0,0,2406239,100287,3315658,17,0,0,4592,0,0,0,0,0,0,0,18110098,17079792,0,0,40635,40635,14112,12479,0,0,0,0,0,0,0,0,0,2666754,1331749,0,262144,5258950,85648069,0,0,1026,1025,857743801,0,0,0,0,0,0,0,0,0,0,0,0,867918342,0,7654,1850632,787865916,19968,0,0,35342936,0,0,0,0,0,0,0,0,0,0,0,0,0,0,0,0,0,0,0,7886,0,0,0,0,0,0,0,0,0,0,0,0,0,0,0,0,0,0,0,0,0,0,0,0,43596,4050,20584,16534,16534,0,0,3299,0,0,19,0,0,0,0,0,0,0,0,0,0,0,0,0,0,0,0,0,0,0,0,0,0,0,0,0,0,0,0,0,0,710,24,0
1767050932.001300,1300,ubuntu-rog,1,0,0,10130025,0,2423507,2808015,503071,0,17,0,0,0,0,0,845257959,0,0,4907,844886119,0,0,2423507,2808015,503071,0,196937,111693,0,0,0,0,0,0,0,0,0,0,2419116,100287,3315658,17,0,0,4592,0,0,0,0,0,0,0,18110098,17079792,0,0,40635,40635,14112,12514,0,0,0,0,0,0,0,0,0,2664368,1330557,0,262144,5258950,85648069,0,0,1026,1025,857756647,0,0,0,0,0,0,0,0,0,0,0,0,867918358,0,7654,1850632,787878721,19968,0,0,35342936,0,0,0,0,0,0,0,0,0,0,0,0,0,0,0,0,0,0,0,7886,0,0,0,0,0,0,0,0,0,0,0,0,0,0,0,0,0,0,0,0,0,0,0,0,43596,4050,20584,16534,16534,0,0,3299,0,0,19,0,0,0,0,0,0,0,0,0,0,0,0,0,0,0,0,0,0,0,0,0,0,0,0,0,0,0,0,0,0,710,24,0
1767050933.002146,2146,ubuntu-rog,1,0,0,10118825,0,2433672,2808015,503071,0,19,0,0,0,0,0,845268243,0,0,4907,844896403,0,0,2433672,2808015,503071,0,196937,111693,0,0,0,0,0,0,0,0,0,0,2429288,100287,3315662,19,0,0,4592,0,0,0,0,0,0,0,18110100,17079792,0,0,40635,40635,14112,12524,0,0,0,0,0,0,0,0,0,2662129,1329439,0,262144,5258950,85648085,0,0,1026,1025,857766931,0,0,0,0,0,0,0,0,0,0,0,0,867918374,0,7654,1850632,787888965,19968,0,0,35342936,0,0,0,0,0,0,0,0,0,0,0,0,0,0,0,0,0,0,0,7886,0,0,0,0,0,0,0,0,0,0,0,0,0,0,0,0,0,0,0,0,0,0,0,0,43596,4050,20584,16534,16534,0,0,3299,0,0,19,0,0,0,0,0,0,0,0,0,0,0,0,0,0,0,0,0,0,0,0,0,0,0,0,0,0,0,0,0,0,710,24,0
1767050934.001251,1251,ubuntu-rog,1,0,0,10107362,0,2446475,2808015,503071,0,19,0,0,0,0,0,845281090,0,0,4907,844909250,0,0,2446475,2808015,503071,0,196937,111693,0,0,0,0,0,0,0,0,0,0,2442093,100287,3315662,19,0,0,4592,0,0,0,0,0,0,0,18110100,17079792,0,0,40635,40635,14112,12549,0,0,0,0,0,0,0,0,0,2659837,1328294,0,262144,5258950,85648085,0,0,1026,1025,857779778,0,0,0,0,0,0,0,0,0,0,0,0,867918391,0,7654,1850632,787901770,19968,0,0,35342936,0,0,0,0,0,0,0,0,0,0,0,0,0,0,0,0,0,0,0,7886,0,0,0,0,0,0,0,0,0,0,0,0,0,0,0,0,0,0,0,0,0,0,0,0,43596,4050,20584,16534,16534,0,0,3299,0,0,19,0,0,0,0,0,0,0,0,0,0,0,0,0,0,0,0,0,0,0,0,0,0,0,0,0,0,0,0,0,0,710,24,0
1767050935.001288,1288,ubuntu-rog,1,0,0,10093826,0,2459278,2808016,503071,0,10,0,0,0,0,0,845293937,0,0,4907,844922097,0,0,2459278,2808016,503071,0,196937,111693,0,0,0,0,0,0,0,0,0,0,2454898,100287,3315663,10,0,0,4592,0,0,0,0,0,0,0,18110100,17079801,0,0,40635,40635,14112,12574,0,0,0,0,0,0,0,0,0,2657130,1326943,0,262144,5258950,85648121,0,0,1026,1025,857792625,0,0,0,0,0,0,0,0,0,0,0,0,867918407,0,7654,1850632,787914575,19968,0,0,35342936,0,0,0,0,0,0,0,0,0,0,0,0,0,0,0,0,0,0,0,7886,0,0,0,0,0,0,0,0,0,0,0,0,0,0,0,0,0,0,0,0,0,0,0,0,43596,4050,20584,16534,16534,0,0,3299,0,0,19,0,0,0,0,0,0,0,0,0,0,0,0,0,0,0,0,0,0,0,0,0,0,0,0,0,0,0,0,0,0,710,24,0
1767050936.001301,1301,ubuntu-rog,1,0,0,10081089,0,2472177,2808019,503071,0,11,0,0,0,0,0,845306784,0,0,4907,844934944,0,0,2472177,2808019,503071,0,196937,111693,0,0,0,0,0,0,0,0,0,0,2467775,100287,3315664,11,0,0,4592,0,0,0,0,0,0,0,18110101,17079801,0,0,40635,40635,14112,12609,0,0,0,0,0,0,0,0,0,2654584,1325671,0,262144,5258950,85648121,0,0,1026,1025,857805472,0,0,0,0,0,0,0,0,0,0,0,0,867918423,0,7654,1850632,787927380,19968,0,0,35342936,0,0,0,0,0,0,0,0,0,0,0,0,0,0,0,0,0,0,0,7886,0,0,0,0,0,0,0,0,0,0,0,0,0,0,0,0,0,0,0,0,0,0,0,0,43596,4050,20584,16534,16534,0,0,3299,0,0,19,0,0,0,0,0,0,0,0,0,0,0,0,0,0,0,0,0,0,0,0,0,0,0,0,0,0,0,0,0,0,710,24,0
1767050937.002238,2238,ubuntu-rog,1,0,0,10068327,0,2484915,2808019,503071,0,13,0,0,0,0,0,845319631,0,0,4907,844947791,0,0,2484915,2808019,503071,0,196937,111693,0,0,0,0,0,0,0,0,0,0,2480508,100287,3315665,13,0,0,4592,0,0,0,0,0,0,0,18110103,17079801,0,0,40635,40635,14112,12624,0,0,0,0,0,0,0,0,0,2652032,1324397,0,262144,5258950,85648121,0,0,1026,1025,857818319,0,0,0,0,0,0,0,0,0,0,0,0,867918439,0,7654,1850632,787940185,19968,0,0,35342936,0,0,0,0,0,0,0,0,0,0,0,0,0,0,0,0,0,0,0,7886,0,0,0,0,0,0,0,0,0,0,0,0,0,0,0,0,0,0,0,0,0,0,0,0,43596,4050,20584,16534,16534,0,0,3299,0,0,19,0,0,0,0,0,0,0,0,0,0,0,0,0,0,0,0,0,0,0,0,0,0,0,0,0,0,0,0,0,0,710,24,0
1767050938.001281,1281,ubuntu-rog,1,0,0,10059529,0,2495181,2808019,503071,0,13,0,0,0,0,0,845329913,0,0,4907,844958073,0,0,2495181,2808019,503071,0,196937,111693,0,0,0,0,0,0,0,0,0,0,2490786,100287,3315665,13,0,0,4592,0,0,0,0,0,0,0,18110103,17079801,0,0,40635,40635,14112,12647,0,0,0,0,0,0,0,0,0,2650273,1323518,0,262144,5258950,85648157,0,0,1026,1025,857828601,0,0,0,0,0,0,0,0,0,0,0,0,867918456,0,7654,1850632,787950429,19968,0,0,35342936,0,0,0,0,0,0,0,0,0,0,0,0,0,0,0,0,0,0,0,7886,0,0,0,0,0,0,0,0,0,0,0,0,0,0,0,0,0,0,0,0,0,0,0,0,43596,4050,20584,16534,16534,0,0,3299,0,0,19,0,0,0,0,0,0,0,0,0,0,0,0,0,0,0,0,0,0,0,0,0,0,0,0,0,0,0,0,0,0,710,24,0
1767050939.001153,1153,ubuntu-rog,1,0,0,10045575,0,2507948,2808019,503071,0,17,0,0,0,0,0,845342760,0,0,4907,844970920,0,0,2507948,2808019,503071,0,196937,111693,0,0,0,0,0,0,0,0,0,0,2503557,100287,3315666,17,0,0,4592,0,0,0,0,0,0,0,18110107,17079801,0,0,40635,40635,14112,12669,0,0,0,0,0,0,0,0,0,2647483,1322125,0,262144,5258950,85648157,0,0,1026,1025,857841448,0,0,0,0,0,0,0,0,0,0,0,0,867918473,0,7654,1850632,787963234,19968,0,0,35342936,0,0,0,0,0,0,0,0,0,0,0,0,0,0,0,0,0,0,0,7886,0,0,0,0,0,0,0,0,0,0,0,0,0,0,0,0,0,0,0,0,0,0,0,0,43596,4050,20584,16534,16534,0,0,3299,0,0,19,0,0,0,0,0,0,0,0,0,0,0,0,0,0,0,0,0,0,0,0,0,0,0,0,0,0,0,0,0,0,710,24,0
1767050940.001234,1234,ubuntu-rog,1,0,0,10032721,0,2520764,2808020,503071,0,12,0,0,0,0,0,845355606,0,0,4907,844983766,0,0,2520764,2808020,503071,0,196937,111693,0,0,0,0,0,0,0,0,0,0,2516362,100287,3315667,12,0,0,4592,0,0,0,0,0,0,0,18110108,17079807,0,0,40635,40635,14112,12694,0,0,0,0,0,0,0,0,0,2644913,1320842,0,262144,5258950,85648181,0,0,1026,1025,857854294,0,0,0,0,0,0,0,0,0,0,0,0,867918489,0,7654,1850632,787976039,19968,0,0,35342936,0,0,0,0,0,0,0,0,0,0,0,0,0,0,0,0,0,0,0,7886,0,0,0,0,0,0,0,0,0,0,0,0,0,0,0,0,0,0,0,0,0,0,0,0,43596,4050,20584,16534,16534,0,0,3299,0,0,19,0,0,0,0,0,0,0,0,0,0,0,0,0,0,0,0,0,0,0,0,0,0,0,0,0,0,0,0,0,0,710,24,0
1767050941.001217,1217,ubuntu-rog,1,0,0,10020787,0,2533632,2808020,503071,0,12,0,0,0,0,0,845368452,0,0,4907,844996612,0,0,2533632,2808020,503071,0,196937,111693,0,0,0,0,0,0,0,0,0,0,2529239,100287,3315667,12,0,0,4592,0,0,0,0,0,0,0,18110108,17079807,0,0,40635,40635,14112,12729,0,0,0,0,0,0,0,0,0,2642527,1319650,0,262144,5258950,85648181,0,0,1026,1025,857867140,0,0,0,0,0,0,0,0,0,0,0,0,867918504,0,7654,1850632,787988844,19968,0,0,35342936,0,0,0,0,0,0,0,0,0,0,0,0,0,0,0,0,0,0,0,7886,0,0,0,0,0,0,0,0,0,0,0,0,0,0,0,0,0,0,0,0,0,0,0,0,43596,4050,20584,16534,16534,0,0,3299,0,0,19,0,0,0,0,0,0,0,0,0,0,0,0,0,0,0,0,0,0,0,0,0,0,0,0,0,0,0,0,0,0,710,24,0
1767050942.002148,2148,ubuntu-rog,1,0,0,10007982,0,2546418,2808023,503071,0,14,0,0,0,0,0,845381298,0,0,4907,845009458,0,0,2546418,2808023,503071,0,196937,111693,0,0,0,0,0,0,0,0,0,0,2542008,100287,3315668,14,0,0,4592,0,0,0,0,0,0,0,18110110,17079807,0,0,40635,40635,14112,12749,0,0,0,0,0,0,0,0,0,2639967,1318372,0,262144,5258950,85648181,0,0,1026,1025,857879986,0,0,0,0,0,0,0,0,0,0,0,0,867918519,0,7654,1850632,788001649,19968,0,0,35342936,0,0,0,0,0,0,0,0,0,0,0,0,0,0,0,0,0,0,0,7886,0,0,0,0,0,0,0,0,0,0,0,0,0,0,0,0,0,0,0,0,0,0,0,0,43596,4050,20584,16534,16534,0,0,3299,0,0,19,0,0,0,0,0,0,0,0,0,0,0,0,0,0,0,0,0,0,0,0,0,0,0,0,0,0,0,0,0,0,710,24,0
1767050943.001247,1247,ubuntu-rog,1,0,0,9996937,0,2556631,2808023,503071,0,14,0,0,0,0,0,845391577,0,0,4907,845019737,0,0,2556631,2808023,503071,0,196937,111693,0,0,0,0,0,0,0,0,0,0,2552216,100287,3315668,14,0,0,4592,0,0,0,0,0,0,0,18110110,17079807,0,0,40635,40635,14112,12764,0,0,0,0,0,0,0,0,0,2637759,1317269,0,262144,5258950,85648181,0,0,1026,1025,857890265,0,0,0,0,0,0,0,0,0,0,0,0,867918534,0,7654,1850632,788011893,19968,0,0,35342936,0,0,0,0,0,0,0,0,0,0,0,0,0,0,0,0,0,0,0,7886,0,0,0,0,0,0,0,0,0,0,0,0,0,0,0,0,0,0,0,0,0,0,0,0,43596,4050,20584,16534,16534,0,0,3299,0,0,19,0,0,0,0,0,0,0,0,0,0,0,0,0,0,0,0,0,0,0,0,0,0,0,0,0,0,0,0,0,0,710,24,0
1767050944.001298,1298,ubuntu-rog,1,0,0,9984337,0,2569434,2808026,503071,0,15,0,0,0,0,0,845404429,0,0,4907,845032589,0,0,2569434,2808026,503071,0,196937,111693,0,0,0,0,0,0,0,0,0,0,2565021,100287,3315669,15,0,0,4592,0,0,0,0,0,0,0,18110111,17079807,0,0,40635,40635,14112,12789,0,0,0,0,0,0,0,0,0,2635240,1316011,0,262144,5258950,85648217,0,0,1026,1025,857903117,0,0,0,0,0,0,0,0,0,0,0,0,867918554,0,7654,1850632,788024698,19968,0,0,35342936,0,0,0,0,0,0,0,0,0,0,0,0,0,0,0,0,0,0,0,7886,0,0,0,0,0,0,0,0,0,0,0,0,0,0,0,0,0,0,0,0,0,0,0,0,43596,4050,20584,16534,16534,0,0,3299,0,0,19,0,0,0,0,0,0,0,0,0,0,0,0,0,0,0,0,0,0,0,0,0,0,0,0,0,0,0,0,0,0,710,24,0
1767050945.001082,1082,ubuntu-rog,1,0,0,9971395,0,2582302,2808026,503071,0,15,0,0,0,0,0,845417274,0,0,4907,845045434,0,0,2582302,2808026,503071,0,196937,111693,0,0,0,0,0,0,0,0,0,0,2577898,100287,3315670,15,0,0,4592,0,0,0,0,0,0,0,18110111,17079807,0,0,40635,40635,14112,12824,0,0,0,0,0,0,0,0,0,2632652,1314719,0,262144,5258950,85648217,0,0,1026,1025,857915962,0,0,0,0,0,0,0,0,0,0,0,0,867918569,0,7654,1850632,788037503,19968,0,0,35342936,0,0,0,0,0,0,0,0,0,0,0,0,0,0,0,0,0,0,0,7886,0,0,0,0,0,0,0,0,0,0,0,0,0,0,0,0,0,0,0,0,0,0,0,0,43596,4050,20584,16534,16534,0,0,3299,0,0,19,0,0,0,0,0,0,0,0,0,0,0,0,0,0,0,0,0,0,0,0,0,0,0,0,0,0,0,0,0,0,710,24,0
1767050946.002239,2239,ubuntu-rog,1,0,0,9958633,0,2595040,2808027,503071,0,16,0,0,0,0,0,845430120,0,0,4907,845058280,0,0,2595040,2808027,503071,0,196937,111693,0,0,0,0,0,0,0,0,0,0,2590631,100287,3315671,16,0,0,4592,0,0,0,0,0,0,0,18110112,17079807,0,0,40635,40635,14112,12839,0,0,0,0,0,0,0,0,0,2630101,1313444,0,262144,5258950,85648217,0,0,1026,1025,857928808,0,0,0,0,0,0,0,0,0,0,0,0,867918584,0,7654,1850632,788050308,19968,0,0,35342936,0,0,0,0,0,0,0,0,0,0,0,0,0,0,0,0,0,0,0,7886,0,0,0,0,0,0,0,0,0,0,0,0,0,0,0,0,0,0,0,0,0,0,0,0,43596,4050,20584,16534,16534,0,0,3299,0,0,19,0,0,0,0,0,0,0,0,0,0,0,0,0,0,0,0,0,0,0,0,0,0,0,0,0,0,0,0,0,0,710,24,0
1767050947.001275,1275,ubuntu-rog,1,0,0,9946791,0,2607843,2808027,503071,0,16,0,0,0,0,0,845442965,0,0,4907,845071125,0,0,2607843,2808027,503071,0,196937,111693,0,0,0,0,0,0,0,0,0,0,2603436,100287,3315671,16,0,0,4592,0,0,0,0,0,0,0,18110112,17079807,0,0,40635,40635,14112,12864,0,0,0,0,0,0,0,0,0,2627733,1312262,0,262144,5258950,85648217,0,0,1026,1025,857941653,0,0,0,0,0,0,0,0,0,0,0,0,867918599,0,7654,1850632,788063113,19968,0,0,35342936,0,0,0,0,0,0,0,0,0,0,0,0,0,0,0,0,0,0,0,7886,0,0,0,0,0,0,0,0,0,0,0,0,0,0,0,0,0,0,0,0,0,0,0,0,43596,4050,20584,16534,16534,0,0,3299,0,0,19,0,0,0,0,0,0,0,0,0,0,0,0,0,0,0,0,0,0,0,0,0,0,0,0,0,0,0,0,0,0,710,24,0
1767050948.001153,1153,ubuntu-rog,1,0,0,9933937,0,2620617,2808028,503071,0,17,0,0,0,0,0,845455812,0,0,4907,845083972,0,0,2620617,2808028,503071,0,196937,111693,0,0,0,0,0,0,0,0,0,0,2616296,100287,3315672,17,0,0,4592,0,0,0,0,0,0,0,18110113,17079807,0,0,40635,40635,14112,12888,0,0,0,0,0,0,0,0,0,2625163,1310979,0,262144,5258950,85648217,0,0,1026,1025,857954500,0,0,0,0,0,0,0,0,0,0,0,0,867918615,0,7654,1850632,788075918,19968,0,0,35342936,0,0,0,0,0,0,0,0,0,0,0,0,0,0,0,0,0,0,0,7886,0,0,0,0,0,0,0,0,0,0,0,0,0,0,0,0,0,0,0,0,0,0,0,0,43596,4050,20584,16534,16534,0,0,3299,0,0,19,0,0,0,0,0,0,0,0,0,0,0,0,0,0,0,0,0,0,0,0,0,0,0,0,0,0,0,0,0,0,710,24,0
1767050949.001250,1250,ubuntu-rog,1,0,0,9922041,0,2630935,2808031,503071,0,18,0,0,0,0,0,845466095,0,0,4907,845094255,0,0,2630935,2808031,503071,0,196937,111693,0,0,0,0,0,0,0,0,0,0,2626485,100287,3315673,18,0,0,4592,0,0,0,0,0,0,0,18110114,17079807,0,0,40635,40635,14112,12910,0,0,0,0,0,0,0,0,0,2622785,1309791,0,262144,5258950,85648233,0,0,1026,1025,857964783,0,0,0,0,0,0,0,0,0,0,0,0,867918631,0,7654,1850632,788086162,19968,0,0,35342936,0,0,0,0,0,0,0,0,0,0,0,0,0,0,0,0,0,0,0,7886,0,0,0,0,0,0,0,0,0,0,0,0,0,0,0,0,0,0,0,0,0,0,0,0,43596,4050,20584,16534,16534,0,0,3299,0,0,19,0,0,0,0,0,0,0,0,0,0,0,0,0,0,0,0,0,0,0,0,0,0,0,0,0,0,0,0,0,0,710,24,0
1767050950.002289,2289,ubuntu-rog,1,0,0,9909241,0,2643738,2808032,503071,0,18,0,0,0,0,0,845478940,0,0,4907,845107100,0,0,2643738,2808032,503071,0,196937,111693,0,0,0,0,0,0,0,0,0,0,2639290,100287,3315674,18,0,0,4592,0,0,0,0,0,0,0,18110114,17079807,0,0,40635,40635,14112,12935,0,0,0,0,0,0,0,0,0,2620226,1308513,0,262144,5258950,85648233,0,0,1026,1025,857977628,0,0,0,0,0,0,0,0,0,0,0,0,867918646,0,7654,1850632,788098967,19968,0,0,35342936,0,0,0,0,0,0,0,0,0,0,0,0,0,0,0,0,0,0,0,7886,0,0,0,0,0,0,0,0,0,0,0,0,0,0,0,0,0,0,0,0,0,0,0,0,43596,4050,20584,16534,16534,0,0,3299,0,0,19,0,0,0,0,0,0,0,0,0,0,0,0,0,0,0,0,0,0,0,0,0,0,0,0,0,0,0,0,0,0,710,24,0
1767050951.001353,1353,ubuntu-rog,1,0,0,9896342,0,2656562,2808032,503071,0,19,0,0,0,0,0,845491786,0,0,4907,845119946,0,0,2656562,2808032,503071,0,196937,111693,0,0,0,0,0,0,0,0,0,0,2652131,100287,3315675,19,0,0,4592,0,0,0,0,0,0,0,18110115,17079807,0,0,40635,40635,14112,12965,0,0,0,0,0,0,0,0,0,2617646,1307225,0,262144,5258950,85648233,0,0,1026,1025,857990474,0,0,0,0,0,0,0,0,0,0,0,0,867918661,0,7654,1850632,788111772,19968,0,0,35342936,0,0,0,0,0,0,0,0,0,0,0,0,0,0,0,0,0,0,0,7886,0,0,0,0,0,0,0,0,0,0,0,0,0,0,0,0,0,0,0,0,0,0,0,0,43596,4050,20584,16534,16534,0,0,3299,0,0,19,0,0,0,0,0,0,0,0,0,0,0,0,0,0,0,0,0,0,0,0,0,0,0,0,0,0,0,0,0,0,710,24,0
1767050952.002248,2248,ubuntu-rog,1,0,0,9883537,0,2669348,2808032,503071,0,13,0,0,0,0,0,845504632,0,0,4907,845132792,0,0,2669348,2808032,503071,0,196937,111693,0,0,0,0,0,0,0,0,0,0,2664900,100287,3315675,13,0,0,4592,0,0,0,0,0,0,0,18110115,17079813,0,0,40635,40635,14112,12985,0,0,0,0,0,0,0,0,0,2615086,1305946,0,262144,5258950,85648249,0,0,1026,1025,858003320,0,0,0,0,0,0,0,0,0,0,0,0,867918677,0,7654,1850632,788124577,19968,0,0,35342936,0,0,0,0,0,0,0,0,0,0,0,0,0,0,0,0,0,0,0,7886,0,0,0,0,0,0,0,0,0,0,0,0,0,0,0,0,0,0,0,0,0,0,0,0,43596,4050,20584,16534,16534,0,0,3299,0,0,19,0,0,0,0,0,0,0,0,0,0,0,0,0,0,0,0,0,0,0,0,0,0,0,0,0,0,0,0,0,0,710,24,0
1767050953.001293,1293,ubuntu-rog,1,0,0,9870627,0,2682204,2808032,503071,0,13,0,0,0,0,0,845517482,0,0,4907,845145642,0,0,2682204,2808032,503071,0,196937,111693,0,0,0,0,0,0,0,0,0,0,2677770,100287,3315675,13,0,0,4592,0,0,0,0,0,0,0,18110115,17079813,0,0,40635,40635,14112,13005,0,0,0,0,0,0,0,0,0,2612505,1304657,0,262144,5258950,85648249,0,0,1026,1025,858016170,0,0,0,0,0,0,0,0,0,0,0,0,867918697,0,7654,1850632,788137382,19968,0,0,35342936,0,0,0,0,0,0,0,0,0,0,0,0,0,0,0,0,0,0,0,7886,0,0,0,0,0,0,0,0,0,0,0,0,0,0,0,0,0,0,0,0,0,0,0,0,43596,4050,20584,16534,16534,0,0,3299,0,0,19,0,0,0,0,0,0,0,0,0,0,0,0,0,0,0,0,0,0,0,0,0,0,0,0,0,0,0,0,0,0,710,24,0
1767050954.001440,1440,ubuntu-rog,1,0,0,9859797,0,2692381,2808032,503071,0,13,0,0,0,0,0,845527765,0,0,4907,845155925,0,0,2692381,2808032,503071,0,196937,111693,0,0,0,0,0,0,0,0,0,0,2687949,100287,3315675,13,0,0,4592,0,0,0,0,0,0,0,18110115,17079813,0,0,40635,40635,14112,13030,0,0,0,0,0,0,0,0,0,2610339,1303576,0,262144,5258950,85648249,0,0,1026,1025,858026455,0,0,0,0,0,0,0,0,0,0,0,0,867918715,0,7654,1850632,788147626,19968,0,0,35342936,0,0,0,0,0,0,0,0,0,0,0,0,0,0,0,0,0,0,0,7886,0,0,0,0,0,0,0,0,0,0,0,0,0,0,0,0,0,0,0,0,0,0,0,0,43596,4050,20584,16534,16534,0,0,3299,0,0,19,0,0,0,0,0,0,0,0,0,0,0,0,0,0,0,0,0,0,0,0,0,0,0,0,0,0,0,0,0,0,710,24,0
1767050955.002245,2245,ubuntu-rog,1,0,0,9847560,0,2705294,2808032,503071,0,15,0,0,0,0,0,845540721,0,0,4907,845168881,0,0,2705294,2808032,503071,0,196937,111693,0,0,0,0,0,0,0,0,0,0,2700831,100287,3315678,15,0,0,4592,0,0,0,0,0,0,0,18110121,17079817,0,0,40635,40635,14112,13060,0,0,0,0,0,0,0,0,0,2607892,1302354,0,262144,5258950,85648293,0,0,1026,1025,858039489,0,0,0,0,0,0,0,0,0,0,0,0,867918871,0,7654,1850632,788160480,19968,0,0,35342936,0,0,0,0,0,0,0,0,0,0,0,0,0,0,0,0,0,0,0,7886,0,0,0,0,0,0,0,0,0,0,0,0,0,0,0,0,0,0,0,0,0,0,0,0,43596,4050,20584,16534,16534,0,0,3299,0,0,19,0,0,0,0,0,0,0,0,0,0,0,0,0,0,0,0,0,0,0,0,0,0,0,0,0,0,0,0,0,0,710,24,0
1767050956.001273,1273,ubuntu-rog,1,0,0,9834801,0,2718049,2808033,503071,0,15,0,0,0,0,0,845553567,0,0,4907,845181727,0,0,2718049,2808033,503071,0,196937,111693,0,0,0,0,0,0,0,0,0,0,2713600,100287,3315678,15,0,0,4592,0,0,0,0,0,0,0,18110121,17079817,0,0,40635,40635,14112,13080,0,0,0,0,0,0,0,0,0,2605341,1301080,0,262144,5258950,85648293,0,0,1026,1025,858052335,0,0,0,0,0,0,0,0,0,0,0,0,867918887,0,7654,1850632,788173285,19968,0,0,35342936,0,0,0,0,0,0,0,0,0,0,0,0,0,0,0,0,0,0,0,7886,0,0,0,0,0,0,0,0,0,0,0,0,0,0,0,0,0,0,0,0,0,0,0,0,43596,4050,20584,16534,16534,0,0,3299,0,0,19,0,0,0,0,0,0,0,0,0,0,0,0,0,0,0,0,0,0,0,0,0,0,0,0,0,0,0,0,0,0,710,24,0
1767050957.001150,1150,ubuntu-rog,1,0,0,9821222,0,2730900,2808033,503071,0,15,0,0,0,0,0,845566412,0,0,4907,845194572,0,0,2730900,2808033,503071,0,196937,111693,0,0,0,0,0,0,0,0,0,0,2726441,100287,3315678,15,0,0,4592,0,0,0,0,0,0,0,18110121,17079817,0,0,40635,40635,14112,13110,0,0,0,0,0,0,0,0,0,2602626,1299724,0,262144,5258950,85648293,0,0,1026,1025,858065180,0,0,0,0,0,0,0,0,0,0,0,0,867918902,0,7654,1850632,788186090,19968,0,0,35342936,0,0,0,0,0,0,0,0,0,0,0,0,0,0,0,0,0,0,0,7886,0,0,0,0,0,0,0,0,0,0,0,0,0,0,0,0,0,0,0,0,0,0,0,0,43596,4050,20584,16534,16534,0,0,3299,0,0,19,0,0,0,0,0,0,0,0,0,0,0,0,0,0,0,0,0,0,0,0,0,0,0,0,0,0,0,0,0,0,710,24,0
1767050958.001254,1254,ubuntu-rog,1,0,0,9808465,0,2743696,2808033,503071,0,17,0,0,0,0,0,845579259,0,0,4907,845207419,0,0,2743696,2808033,503071,0,196937,111693,0,0,0,0,0,0,0,0,0,0,2739239,100287,3315679,17,0,0,4592,0,0,0,0,0,0,0,18110123,17079817,0,0,40635,40635,14112,13129,0,0,0,0,0,0,0,0,0,2600076,1298450,0,262144,5258950,85648293,0,0,1026,1025,858078027,0,0,0,0,0,0,0,0,0,0,0,0,867918918,0,7654,1850632,788198895,19968,0,0,35342936,0,0,0,0,0,0,0,0,0,0,0,0,0,0,0,0,0,0,0,7886,0,0,0,0,0,0,0,0,0,0,0,0,0,0,0,0,0,0,0,0,0,0,0,0,43596,4050,20584,16534,16534,0,0,3299,0,0,19,0,0,0,0,0,0,0,0,0,0,0,0,0,0,0,0,0,0,0,0,0,0,0,0,0,0,0,0,0,0,710,24,0
1767050959.002291,2291,ubuntu-rog,1,0,0,9799649,0,2753916,2808033,503071,0,18,0,0,0,0,0,845589539,0,0,4907,845217699,0,0,2753916,2808033,503071,0,196937,111693,0,0,0,0,0,0,0,0,0,0,2749454,100287,3315680,18,0,0,4592,0,0,0,0,0,0,0,18110124,17079817,0,0,40635,40635,14112,13150,0,0,0,0,0,0,0,0,0,2598313,1297570,0,262144,5258950,85648293,0,0,1026,1025,858088307,0,0,0,0,0,0,0,0,0,0,0,0,867918933,0,7654,1850632,788209139,19968,0,0,35342936,0,0,0,0,0,0,0,0,0,0,0,0,0,0,0,0,0,0,0,7886,0,0,0,0,0,0,0,0,0,0,0,0,0,0,0,0,0,0,0,0,0,0,0,0,43596,4050,20584,16534,16534,0,0,3299,0,0,19,0,0,0,0,0,0,0,0,0,0,0,0,0,0,0,0,0,0,0,0,0,0,0,0,0,0,0,0,0,0,710,24,0
1767050960.001375,1375,ubuntu-rog,1,0,0,9786038,0,2766784,2808033,503071,0,18,0,0,0,0,0,845602386,0,0,4907,845230546,0,0,2766784,2808033,503071,0,196937,111693,0,0,0,0,0,0,0,0,0,0,2762331,100287,3315680,18,0,0,4592,0,0,0,0,0,0,0,18110124,17079817,0,0,40635,40635,14112,13185,0,0,0,0,0,0,0,0,0,2595591,1296211,0,262144,5258950,85648309,0,0,1026,1025,858101154,0,0,0,0,0,0,0,0,0,0,0,0,867918949,0,7654,1850632,788221944,19968,0,0,35342936,0,0,0,0,0,0,0,0,0,0,0,0,0,0,0,0,0,0,0,7886,0,0,0,0,0,0,0,0,0,0,0,0,0,0,0,0,0,0,0,0,0,0,0,0,43596,4050,20584,16534,16534,0,0,3299,0,0,19,0,0,0,0,0,0,0,0,0,0,0,0,0,0,0,0,0,0,0,0,0,0,0,0,0,0,0,0,0,0,710,24,0
1767050961.002248,2248,ubuntu-rog,1,0,0,9773313,0,2779522,2808033,503071,0,18,0,0,0,0,0,845615231,0,0,4907,845243391,0,0,2779522,2808033,503071,0,196937,111693,0,0,0,0,0,0,0,0,0,0,2775064,100287,3315681,18,0,0,4592,0,0,0,0,0,0,0,18110124,17079817,0,0,40635,40635,14112,13200,0,0,0,0,0,0,0,0,0,2593047,1294940,0,262144,5258950,85648309,0,0,1026,1025,858113999,0,0,0,0,0,0,0,0,0,0,0,0,867918964,0,7654,1850632,788234749,19968,0,0,35342936,0,0,0,0,0,0,0,0,0,0,0,0,0,0,0,0,0,0,0,7886,0,0,0,0,0,0,0,0,0,0,0,0,0,0,0,0,0,0,0,0,0,0,0,0,43596,4050,20584,16534,16534,0,0,3299,0,0,19,0,0,0,0,0,0,0,0,0,0,0,0,0,0,0,0,0,0,0,0,0,0,0,0,0,0,0,0,0,0,710,24,0
1767050962.001292,1292,ubuntu-rog,1,0,0,9760461,0,2792325,2808034,503071,0,19,0,0,0,0,0,845628077,0,0,4907,845256237,0,0,2792325,2808034,503071,0,196937,111693,0,0,0,0,0,0,0,0,0,0,2787869,100287,3315682,19,0,0,4592,0,0,0,0,0,0,0,18110125,17079817,0,0,40635,40635,14112,13225,0,0,0,0,0,0,0,0,0,2590477,1293657,0,262144,5258950,85648309,0,0,1026,1025,858126845,0,0,0,0,0,0,0,0,0,0,0,0,867918979,0,7654,1850632,788247554,19968,0,0,35342936,0,0,0,0,0,0,0,0,0,0,0,0,0,0,0,0,0,0,0,7886,0,0,0,0,0,0,0,0,0,0,0,0,0,0,0,0,0,0,0,0,0,0,0,0,43596,4050,20584,16534,16534,0,0,3299,0,0,19,0,0,0,0,0,0,0,0,0,0,0,0,0,0,0,0,0,0,0,0,0,0,0,0,0,0,0,0,0,0,710,24,0
1767050963.001149,1149,ubuntu-rog,1,0,0,9747708,0,2805111,2808034,503071,0,20,0,0,0,0,0,845640923,0,0,4907,845269083,0,0,2805111,2808034,503071,0,196937,111693,0,0,0,0,0,0,0,0,0,0,2800739,100287,3315683,20,0,0,4592,0,0,0,0,0,0,0,18110126,17079817,0,0,40635,40635,14112,13245,0,0,0,0,0,0,0,0,0,2587927,1292383,0,262144,5258950,85648309,0,0,1026,1025,858139691,0,0,0,0,0,0,0,0,0,0,0,0,867918994,0,7654,1850632,788260359,19968,0,0,35342936,0,0,0,0,0,0,0,0,0,0,0,0,0,0,0,0,0,0,0,7886,0,0,0,0,0,0,0,0,0,0,0,0,0,0,0,0,0,0,0,0,0,0,0,0,43596,4050,20584,16534,16534,0,0,3299,0,0,19,0,0,0,0,0,0,0,0,0,0,0,0,0,0,0,0,0,0,0,0,0,0,0,0,0,0,0,0,0,0,710,24,0
1767050964.001470,1470,ubuntu-rog,1,0,0,9734819,0,2818027,2808036,503071,0,20,0,0,0,0,0,845653769,0,0,4907,845281929,0,0,2818027,2808036,503071,0,196937,111693,0,0,0,0,0,0,0,0,0,0,2813551,100287,3315683,20,0,0,4592,0,0,0,0,0,0,0,18110126,17079817,0,0,40635,40635,14112,13285,0,0,0,0,0,0,0,0,0,2585351,1291097,0,262144,5258950,85648309,0,0,1026,1025,858152537,0,0,0,0,0,0,0,0,0,0,0,0,867919010,0,7654,1850632,788273164,19968,0,0,35342936,0,0,0,0,0,0,0,0,0,0,0,0,0,0,0,0,0,0,0,7886,0,0,0,0,0,0,0,0,0,0,0,0,0,0,0,0,0,0,0,0,0,0,0,0,43596,4050,20584,16534,16534,0,0,3299,0,0,19,0,0,0,0,0,0,0,0,0,0,0,0,0,0,0,0,0,0,0,0,0,0,0,0,0,0,0,0,0,0,710,24,0
1767050965.002275,2275,ubuntu-rog,1,0,0,9725261,0,2828188,2808036,503071,0,20,0,0,0,0,0,845664056,0,0,4907,845292216,0,0,2828188,2808036,503071,0,196937,111693,0,0,0,0,0,0,0,0,0,0,2823724,100287,3315683,20,0,0,4592,0,0,0,0,0,0,0,18110126,17079817,0,0,40635,40635,14112,13295,0,0,0,0,0,0,0,0,0,2583439,1290142,0,262144,5258950,85648361,0,0,1026,1025,858162824,0,0,0,0,0,0,0,0,0,0,0,0,867919030,0,7654,1850632,788283413,19968,0,0,35342936,0,0,0,0,0,0,0,0,0,0,0,0,0,0,0,0,0,0,0,7886,0,0,0,0,0,0,0,0,0,0,0,0,0,0,0,0,0,0,0,0,0,0,0,0,43596,4050,20584,16534,16534,0,0,3299,0,0,19,0,0,0,0,0,0,0,0,0,0,0,0,0,0,0,0,0,0,0,0,0,0,0,0,0,0,0,0,0,0,710,24,0
1767050966.001145,1145,ubuntu-rog,1,0,0,9712520,0,2841010,2808048,503071,0,14,0,0,0,0,0,845676902,0,0,4907,845305062,0,0,2841010,2808048,503071,0,196937,111693,0,0,0,0,0,0,0,0,0,0,2836529,100287,3315686,14,0,0,4592,0,0,0,0,0,0,0,18110129,17079826,0,0,40635,40635,14112,13320,0,0,0,0,0,0,0,0,0,2580894,1288871,0,262144,5258950,85648361,0,0,1026,1025,858175670,0,0,0,0,0,0,0,0,0,0,0,0,867919045,0,7654,1850632,788296218,19968,0,0,35342936,0,0,0,0,0,0,0,0,0,0,0,0,0,0,0,0,0,0,0,7886,0,0,0,0,0,0,0,0,0,0,0,0,0,0,0,0,0,0,0,0,0,0,0,0,43596,4050,20584,16534,16534,0,0,3299,0,0,19,0,0,0,0,0,0,0,0,0,0,0,0,0,0,0,0,0,0,0,0,0,0,0,0,0,0,0,0,0,0,710,24,0
1767050967.001252,1252,ubuntu-rog,1,0,0,9699731,0,2853813,2808048,503071,0,14,0,0,0,0,0,845689747,0,0,4907,845317907,0,0,2853813,2808048,503071,0,196937,111693,0,0,0,0,0,0,0,0,0,0,2849334,100287,3315686,14,0,0,4592,0,0,0,0,0,0,0,18110129,17079826,0,0,40635,40635,14112,13345,0,0,0,0,0,0,0,0,0,2578337,1287594,0,262144,5258950,85648361,0,0,1026,1025,858188515,0,0,0,0,0,0,0,0,0,0,0,0,867919060,0,7654,1850632,788309023,19968,0,0,35342936,0,0,0,0,0,0,0,0,0,0,0,0,0,0,0,0,0,0,0,7886,0,0,0,0,0,0,0,0,0,0,0,0,0,0,0,0,0,0,0,0,0,0,0,0,43596,4050,20584,16534,16534,0,0,3299,0,0,19,0,0,0,0,0,0,0,0,0,0,0,0,0,0,0,0,0,0,0,0,0,0,0,0,0,0,0,0,0,0,710,24,0
1767050968.001295,1295,ubuntu-rog,1,0,0,9686940,0,2866657,2808049,503071,0,15,0,0,0,0,0,845702594,0,0,4907,845330754,0,0,2866657,2808049,503071,0,196937,111693,0,0,0,0,0,0,0,0,0,0,2862186,100287,3315687,15,0,0,4592,0,0,0,0,0,0,0,18110130,17079826,0,0,40635,40635,14112,13369,0,0,0,0,0,0,0,0,0,2575780,1286317,0,262144,5258950,85648361,0,0,1026,1025,858201362,0,0,0,0,0,0,0,0,0,0,0,0,867919076,0,7654,1850632,788321828,19968,0,0,35342936,0,0,0,0,0,0,0,0,0,0,0,0,0,0,0,0,0,0,0,7886,0,0,0,0,0,0,0,0,0,0,0,0,0,0,0,0,0,0,0,0,0,0,0,0,43596,4050,20584,16534,16534,0,0,3299,0,0,19,0,0,0,0,0,0,0,0,0,0,0,0,0,0,0,0,0,0,0,0,0,0,0,0,0,0,0,0,0,0,710,24,0
1767050969.001105,1105,ubuntu-rog,1,0,0,9674123,0,2879467,2808049,503071,0,15,0,0,0,0,0,845715440,0,0,4907,845343600,0,0,2879467,2808049,503071,0,196937,111693,0,0,0,0,0,0,0,0,0,0,2874980,100287,3315687,15,0,0,4592,0,0,0,0,0,0,0,18110130,17079826,0,0,40639,40639,14128,13400,0,0,0,0,0,0,0,0,0,2573217,1285037,0,262144,5258950,85648361,0,0,1026,1025,858214208,0,0,0,0,0,0,0,0,0,0,0,0,867919092,0,7654,1850632,788334633,19968,0,0,35342936,0,0,0,0,0,0,0,0,0,0,0,0,0,0,0,0,0,0,0,7886,0,0,0,0,0,0,0,0,0,0,0,0,0,0,0,0,0,0,0,0,0,0,0,0,43596,4050,20584,16534,16534,0,0,3299,0,0,19,0,0,0,0,0,0,0,0,0,0,0,0,0,0,0,0,0,0,0,0,0,0,0,0,0,0,0,0,0,0,710,24,0
1767050970.002643,2643,ubuntu-rog,1,0,0,9662243,0,2889743,2808051,503071,0,17,0,0,0,0,0,845725723,0,0,4907,845353883,0,0,2889743,2808051,503071,0,196937,111693,0,0,0,0,0,0,0,0,0,0,2885260,100287,3315689,17,0,0,4592,0,0,0,0,0,0,0,18110132,17079826,0,0,40639,40639,14128,13426,0,0,0,0,0,0,0,0,0,2570842,1283851,0,262144,5258950,85648425,0,0,1026,1025,858224491,0,0,0,0,0,0,0,0,0,0,0,0,867919107,0,7654,1850632,788344877,19968,0,0,35342936,0,0,0,0,0,0,0,0,0,0,0,0,0,0,0,0,0,0,0,7886,0,0,0,0,0,0,0,0,0,0,0,0,0,0,0,0,0,0,0,0,0,0,0,0,43596,4050,20584,16534,16534,0,0,3299,0,0,19,0,0,0,0,0,0,0,0,0,0,0,0,0,0,0,0,0,0,0,0,0,0,0,0,0,0,0,0,0,0,710,24,0
1767050971.001286,1286,ubuntu-rog,1,0,0,9649518,0,2902481,2808052,503071,0,13,0,0,0,0,0,845738570,0,0,4907,845366730,0,0,2902481,2808052,503071,0,196937,111693,0,0,0,0,0,0,0,0,0,0,2897993,100287,3315690,13,0,0,4592,0,0,0,0,0,0,0,18110134,17079832,0,0,40639,40639,14128,13441,0,0,0,0,0,0,0,0,0,2568298,1282581,0,262144,5258950,85648425,0,0,1026,1025,858237338,0,0,0,0,0,0,0,0,0,0,0,0,867919124,0,7654,1850632,788357682,19968,0,0,35342936,0,0,0,0,0,0,0,0,0,0,0,0,0,0,0,0,0,0,0,7886,0,0,0,0,0,0,0,0,0,0,0,0,0,0,0,0,0,0,0,0,0,0,0,0,43596,4050,20584,16534,16534,0,0,3299,0,0,19,0,0,0,0,0,0,0,0,0,0,0,0,0,0,0,0,0,0,0,0,0,0,0,0,0,0,0,0,0,0,710,24,0
1767050972.002144,2144,ubuntu-rog,1,0,0,9636931,0,2915284,2808052,503071,0,13,0,0,0,0,0,845751416,0,0,4907,845379576,0,0,2915284,2808052,503071,0,196937,111693,0,0,0,0,0,0,0,0,0,0,2910798,100287,3315690,13,0,0,4592,0,0,0,0,0,0,0,18110134,17079832,0,0,40639,40639,14128,13466,0,0,0,0,0,0,0,0,0,2565781,1281324,0,262144,5258950,85648425,0,0,1026,1025,858250184,0,0,0,0,0,0,0,0,0,0,0,0,867919140,0,7654,1850632,788370487,19968,0,0,35342936,0,0,0,0,0,0,0,0,0,0,0,0,0,0,0,0,0,0,0,7886,0,0,0,0,0,0,0,0,0,0,0,0,0,0,0,0,0,0,0,0,0,0,0,0,43596,4050,20584,16534,16534,0,0,3299,0,0,19,0,0,0,0,0,0,0,0,0,0,0,0,0,0,0,0,0,0,0,0,0,0,0,0,0,0,0,0,0,0,710,24,0
1767050973.001157,1157,ubuntu-rog,1,0,0,9624884,0,2928152,2808052,503071,0,13,0,0,0,0,0,845764262,0,0,4907,845392422,0,0,2928152,2808052,503071,0,196937,111693,0,0,0,0,0,0,0,0,0,0,2923675,100287,3315690,13,0,0,4592,0,0,0,0,0,0,0,18110134,17079832,0,0,40639,40639,14128,13501,0,0,0,0,0,0,0,0,0,2563372,1280121,0,262144,5258950,85648425,0,0,1026,1025,858263030,0,0,0,0,0,0,0,0,0,0,0,0,867919156,0,7654,1850632,788383292,19968,0,0,35342936,0,0,0,0,0,0,0,0,0,0,0,0,0,0,0,0,0,0,0,7886,0,0,0,0,0,0,0,0,0,0,0,0,0,0,0,0,0,0,0,0,0,0,0,0,43596,4050,20584,16534,16534,0,0,3299,0,0,19,0,0,0,0,0,0,0,0,0,0,0,0,0,0,0,0,0,0,0,0,0,0,0,0,0,0,0,0,0,0,710,24,0
1767050974.002275,2275,ubuntu-rog,1,0,0,9610906,0,2940864,2808053,503071,0,16,0,0,0,0,0,845777112,0,0,4907,845405272,0,0,2940864,2808053,503071,0,196937,111693,0,0,0,0,0,0,0,0,0,0,2936396,100287,3315692,16,0,0,4592,0,0,0,0,0,0,0,18110137,17079832,0,0,40639,40639,14128,13513,0,0,0,0,0,0,0,0,0,2560577,1278725,0,262144,5258950,85648425,0,0,1026,1025,858275880,0,0,0,0,0,0,0,0,0,0,0,0,867919173,0,7654,1850632,788396159,19968,0,0,35342997,0,0,0,0,0,0,0,0,0,0,0,0,0,0,0,0,0,0,0,7886,0,0,0,0,0,0,0,0,0,0,0,0,0,0,0,0,0,0,0,0,0,0,0,0,43596,4050,20584,16534,16534,0,0,3299,0,0,19,0,0,0,0,0,0,0,0,0,0,0,0,0,0,0,0,0,0,0,0,0,0,0,0,0,0,0,0,0,0,710,24,0
1767050975.001168,1168,ubuntu-rog,1,0,0,9600782,0,2951120,2808053,503071,0,16,0,0,0,0,0,845787392,0,0,4907,845415552,0,0,2951120,2808053,503071,0,196937,111693,0,0,0,0,0,0,0,0,0,0,2946653,100287,3315692,16,0,0,4592,0,0,0,0,0,0,0,18110137,17079832,0,0,40639,40639,14128,13536,0,0,0,0,0,0,0,0,0,2558553,1277714,0,262144,5258950,85648425,0,0,1026,1025,858286160,0,0,0,0,0,0,0,0,0,0,0,0,867919189,0,7654,1850632,788406403,19968,0,0,35342997,0,0,0,0,0,0,0,0,0,0,0,0,0,0,0,0,0,0,0,7886,0,0,0,0,0,0,0,0,0,0,0,0,0,0,0,0,0,0,0,0,0,0,0,0,43596,4050,20584,16534,16534,0,0,3299,0,0,19,0,0,0,0,0,0,0,0,0,0,0,0,0,0,0,0,0,0,0,0,0,0,0,0,0,0,0,0,0,0,710,24,0
1767050976.001253,1253,ubuntu-rog,1,0,0,9588130,0,2963923,2808053,503071,0,16,0,0,0,0,0,845800239,0,0,4907,845428399,0,0,2963923,2808053,503071,0,196937,111693,0,0,0,0,0,0,0,0,0,0,2959458,100287,3315692,16,0,0,4592,0,0,0,0,0,0,0,18110137,17079832,0,0,40639,40639,14128,13561,0,0,0,0,0,0,0,0,0,2556023,1276451,0,262144,5258950,85648457,0,0,1026,1025,858299007,0,0,0,0,0,0,0,0,0,0,0,0,867919204,0,7654,1850632,788419208,19968,0,0,35342997,0,0,0,0,0,0,0,0,0,0,0,0,0,0,0,0,0,0,0,7886,0,0,0,0,0,0,0,0,0,0,0,0,0,0,0,0,0,0,0,0,0,0,0,0,43596,4050,20584,16534,16534,0,0,3299,0,0,19,0,0,0,0,0,0,0,0,0,0,0,0,0,0,0,0,0,0,0,0,0,0,0,0,0,0,0,0,0,0,710,24,0
1767050977.001292,1292,ubuntu-rog,1,0,0,9575330,0,2976757,2808053,503071,0,20,0,0,0,0,0,845813087,0,0,4907,845441247,0,0,2976757,2808053,503071,0,196937,111693,0,0,0,0,0,0,0,0,0,0,2972263,100287,3315695,20,0,0,4592,0,0,0,0,0,0,0,18110141,17079832,0,0,40639,40639,14128,13586,0,0,0,0,0,0,0,0,0,2553464,1275173,0,262144,5258950,85648457,0,0,1026,1025,858311855,0,0,0,0,0,0,0,0,0,0,0,0,867919220,0,7654,1850632,788432013,19968,0,0,35342997,0,0,0,0,0,0,0,0,0,0,0,0,0,0,0,0,0,0,0,7886,0,0,0,0,0,0,0,0,0,0,0,0,0,0,0,0,0,0,0,0,0,0,0,0,43596,4050,20584,16534,16534,0,0,3299,0,0,19,0,0,0,0,0,0,0,0,0,0,0,0,0,0,0,0,0,0,0,0,0,0,0,0,0,0,0,0,0,0,710,24,0
1767050978.002145,2145,ubuntu-rog,1,0,0,9564044,0,2989560,2808054,503071,0,20,0,0,0,0,0,845825938,0,0,4907,845454098,0,0,2989560,2808054,503071,0,196937,111693,0,0,0,0,0,0,0,0,0,0,2985068,100287,3315695,20,0,0,4592,0,0,0,0,0,0,0,18110141,17079832,0,0,40639,40639,14128,13612,0,0,0,0,0,0,0,0,0,2551207,1274046,0,262144,5258950,85648465,0,0,1026,1025,858324706,0,0,0,0,0,0,0,0,0,0,0,0,867919238,0,7654,1850632,788444819,19968,0,0,35342997,0,0,0,0,0,0,0,0,0,0,0,0,0,0,0,0,0,0,0,7886,0,0,0,0,0,0,0,0,0,0,0,0,0,0,0,0,0,0,0,0,0,0,0,0,43596,4050,20584,16534,16534,0,0,3299,0,0,19,0,0,0,0,0,0,0,0,0,0,0,0,0,0,0,0,0,0,0,0,0,0,0,0,0,0,0,0,0,0,710,24,0
1767050979.001662,1662,ubuntu-rog,1,0,0,9550020,0,3002380,2808067,503071,0,35,0,0,0,0,0,845838804,0,0,4907,845466964,0,0,3002380,2808067,503071,0,196938,111693,0,0,0,0,0,0,0,0,0,0,2997909,100287,3315706,35,0,0,4592,0,0,0,0,0,0,0,18110166,17079842,0,0,40639,40639,14128,13642,0,0,0,0,0,0,0,0,0,2548406,1272647,0,262144,5258950,85648973,0,0,1026,1025,858337572,0,0,0,0,0,0,0,0,0,0,0,0,867919265,0,7654,1850632,788457624,19968,0,0,35342997,0,0,0,0,0,0,0,0,0,0,0,0,0,0,0,0,0,0,0,7886,0,0,0,0,0,0,0,0,0,0,0,0,0,0,0,0,0,0,0,0,0,0,0,0,43596,4050,20584,16534,16534,0,0,3299,0,0,19,0,0,0,0,0,0,0,0,0,0,0,0,0,0,0,0,0,0,0,0,0,0,0,0,0,0,0,0,0,0,710,24,0
1767050980.002287,2287,ubuntu-rog,1,0,0,9540999,0,3012593,2808067,503071,0,35,0,0,0,0,0,845849084,0,0,4907,845477244,0,0,3012593,2808067,503071,0,196938,111693,0,0,0,0,0,0,0,0,0,0,3008117,100287,3315706,35,0,0,4592,0,0,0,0,0,0,0,18110166,17079842,0,0,40639,40639,14128,13657,0,0,0,0,0,0,0,0,0,2546602,1271746,0,262144,5258950,85648973,0,0,1026,1025,858347852,0,0,0,0,0,0,0,0,0,0,0,0,867919281,0,7654,1850632,788467868,19968,0,0,35342997,0,0,0,0,0,0,0,0,0,0,0,0,0,0,0,0,0,0,0,7886,0,0,0,0,0,0,0,0,0,0,0,0,0,0,0,0,0,0,0,0,0,0,0,0,43596,4050,20584,16534,16534,0,0,3299,0,0,19,0,0,0,0,0,0,0,0,0,0,0,0,0,0,0,0,0,0,0,0,0,0,0,0,0,0,0,0,0,0,710,24,0
1767050981.001147,1147,ubuntu-rog,1,0,0,9526683,0,3025396,2808067,503071,0,37,0,0,0,0,0,845861932,0,0,4907,845490092,0,0,3025396,2808067,503071,0,196938,111693,0,0,0,0,0,0,0,0,0,0,3020922,100287,3315708,37,0,0,4592,0,0,0,0,0,0,0,18110168,17079842,0,0,40639,40639,14128,13682,0,0,0,0,0,0,0,0,0,2543740,1270317,0,262144,5258950,85648973,0,0,1026,1025,858360700,0,0,0,0,0,0,0,0,0,0,0,0,867919297,0,7654,1850632,788480673,19968,0,0,35342997,0,0,0,0,0,0,0,0,0,0,0,0,0,0,0,0,0,0,0,7886,0,0,0,0,0,0,0,0,0,0,0,0,0,0,0,0,0,0,0,0,0,0,0,0,43596,4050,20584,16534,16534,0,0,3299,0,0,19,0,0,0,0,0,0,0,0,0,0,0,0,0,0,0,0,0,0,0,0,0,0,0,0,0,0,0,0,0,0,710,24,0
1767050982.001252,1252,ubuntu-rog,1,0,0,9514913,0,3038199,2808069,503071,0,37,0,0,0,0,0,845874777,0,0,4907,845502937,0,0,3038199,2808069,503071,0,196938,111693,0,0,0,0,0,0,0,0,0,0,3033727,100287,3315708,37,0,0,4592,0,0,0,0,0,0,0,18110168,17079842,0,0,40639,40639,14128,13707,0,0,0,0,0,0,0,0,0,2541387,1269142,0,262144,5258950,85648973,0,0,1026,1025,858373545,0,0,0,0,0,0,0,0,0,0,0,0,867919312,0,7654,1850632,788493478,19968,0,0,35342997,0,0,0,0,0,0,0,0,0,0,0,0,0,0,0,0,0,0,0,7886,0,0,0,0,0,0,0,0,0,0,0,0,0,0,0,0,0,0,0,0,0,0,0,0,43596,4050,20584,16534,16534,0,0,3299,0,0,19,0,0,0,0,0,0,0,0,0,0,0,0,0,0,0,0,0,0,0,0,0,0,0,0,0,0,0,0,0,0,710,24,0
1767050983.001279,1279,ubuntu-rog,1,0,0,9503139,0,3051034,2808070,503071,0,38,0,0,0,0,0,845887623,0,0,4907,845515783,0,0,3051034,2808070,503071,0,196938,111693,0,0,0,0,0,0,0,0,0,0,3046568,100287,3315709,38,0,0,4592,0,0,0,0,0,0,0,18110169,17079842,0,0,40639,40639,14128,13737,0,0,0,0,0,0,0,0,0,2539033,1267966,0,262144,5258950,85648973,0,0,1026,1025,858386391,0,0,0,0,0,0,0,0,0,0,0,0,867919327,0,7654,1850632,788506283,19968,0,0,35342997,0,0,0,0,0,0,0,0,0,0,0,0,0,0,0,0,0,0,0,7886,0,0,0,0,0,0,0,0,0,0,0,0,0,0,0,0,0,0,0,0,0,0,0,0,43596,4050,20584,16534,16534,0,0,3299,0,0,19,0,0,0,0,0,0,0,0,0,0,0,0,0,0,0,0,0,0,0,0,0,0,0,0,0,0,0,0,0,0,710,24,0
1767050984.002143,2143,ubuntu-rog,1,0,0,9489019,0,3063820,2808070,503071,0,38,0,0,0,0,0,845900471,0,0,4907,845528631,0,0,3063820,2808070,503071,0,196938,111693,0,0,0,0,0,0,0,0,0,0,3059337,100287,3315709,38,0,0,4592,0,0,0,0,0,0,0,18110169,17079842,0,0,40639,40639,14112,13757,0,0,0,0,0,0,0,0,0,2536209,1266556,0,262144,5258950,85649033,0,0,1026,1025,858399239,0,0,0,0,0,0,0,0,0,0,0,0,867919348,0,7654,1850632,788519088,19968,0,0,35342997,0,0,0,0,0,0,0,0,0,0,0,0,0,0,0,0,0,0,0,7886,0,0,0,0,0,0,0,0,0,0,0,0,0,0,0,0,0,0,0,0,0,0,0,0,43596,4050,20584,16534,16534,0,0,3299,0,0,19,0,0,0,0,0,0,0,0,0,0,0,0,0,0,0,0,0,0,0,0,0,0,0,0,0,0,0,0,0,0,710,24,0
1767050985.001219,1219,ubuntu-rog,1,0,0,9478913,0,3074115,2808071,503071,0,42,0,0,0,0,0,845910770,0,0,4907,845538930,0,0,3074115,2808071,503071,0,196939,111693,0,0,0,0,0,0,0,0,0,0,3069656,100287,3315711,42,0,0,4592,0,0,0,0,0,0,0,18110173,17079842,0,0,40639,40639,14112,13787,0,0,0,0,0,0,0,0,0,2534189,1265547,0,262144,5258950,85649033,0,0,1026,1025,858409538,0,0,0,0,0,0,0,0,0,0,0,0,867919364,0,7654,1850632,788530141,19968,0,0,35343790,0,0,0,0,0,0,0,0,0,0,0,0,0,0,0,0,0,0,0,7886,0,0,0,0,0,0,0,0,0,0,0,0,0,0,0,0,0,0,0,0,0,0,0,0,43596,4050,20584,16534,16534,0,0,3299,0,0,19,0,0,0,0,0,0,0,0,0,0,0,0,0,0,0,0,0,0,0,0,0,0,0,0,0,0,0,0,0,0,710,24,0
1767050986.001289,1289,ubuntu-rog,1,0,0,9464890,0,3086853,2808072,503071,0,14,0,0,0,0,0,845923602,0,0,4907,845551762,0,0,3086853,2808072,503071,0,196939,111693,0,0,0,0,0,0,0,0,0,0,3082389,100287,3315711,14,0,0,4592,0,0,0,0,0,0,0,18110173,17079870,0,0,40639,40639,14112,13802,0,0,0,0,0,0,0,0,0,2531385,1264147,0,262144,5258950,85649137,0,0,1026,1025,858422370,0,0,0,0,0,0,0,0,0,0,0,0,867919380,0,7654,1850632,788542933,19968,0,0,35343790,0,0,0,0,0,0,0,0,0,0,0,0,0,0,0,0,0,0,0,7886,0,0,0,0,0,0,0,0,0,0,0,0,0,0,0,0,0,0,0,0,0,0,0,0,43596,4050,20584,16534,16534,0,0,3299,0,0,19,0,0,0,0,0,0,0,0,0,0,0,0,0,0,0,0,0,0,0,0,0,0,0,0,0,0,0,0,0,0,710,24,0
1767050987.001150,1150,ubuntu-rog,1,0,0,9452794,0,3099656,2808072,503071,0,15,0,0,0,0,0,845936499,0,0,4907,845564659,0,0,3099656,2808072,503071,0,196939,111693,0,0,0,0,0,0,0,0,0,0,3095194,100287,3315712,15,0,0,4592,0,0,0,0,0,0,0,18110174,17079870,0,0,40639,40639,14112,13827,0,0,0,0,0,0,0,0,0,2528967,1262939,0,262144,5258950,85649137,0,0,1026,1025,858435267,0,0,0,0,0,0,0,0,0,0,0,0,867919434,0,7654,1850632,788555812,19968,0,0,35343790,0,0,0,0,0,0,0,0,0,0,0,0,0,0,0,0,0,0,0,7886,0,0,0,0,0,0,0,0,0,0,0,0,0,0,0,0,0,0,0,0,0,0,0,0,43596,4050,20584,16534,16534,0,0,3299,0,0,19,0,0,0,0,0,0,0,0,0,0,0,0,0,0,0,0,0,0,0,0,0,0,0,0,0,0,0,0,0,0,710,24,0
1767050988.001440,1440,ubuntu-rog,1,0,0,9440609,0,3112570,2808073,503071,0,16,0,0,0,0,0,845949346,0,0,4907,845577506,0,0,3112570,2808073,503071,0,196939,111693,0,0,0,0,0,0,0,0,0,0,3108072,100287,3315713,16,0,0,4592,0,0,0,0,0,0,0,18110175,17079870,0,0,40639,40639,14112,13862,0,0,0,0,0,0,0,0,0,2526530,1261722,0,262144,5258950,85649137,0,0,1026,1025,858448114,0,0,0,0,0,0,0,0,0,0,0,0,867919450,0,7654,1850632,788568617,19968,0,0,35343790,0,0,0,0,0,0,0,0,0,0,0,0,0,0,0,0,0,0,0,7886,0,0,0,0,0,0,0,0,0,0,0,0,0,0,0,0,0,0,0,0,0,0,0,0,43596,4050,20584,16534,16534,0,0,3299,0,0,19,0,0,0,0,0,0,0,0,0,0,0,0,0,0,0,0,0,0,0,0,0,0,0,0,0,0,0,0,0,0,710,24,0
1767050989.002288,2288,ubuntu-rog,1,0,0,9426586,0,3125277,2808073,503071,0,16,0,0,0,0,0,845962193,0,0,4907,845590353,0,0,3125277,2808073,503071,0,196939,111693,0,0,0,0,0,0,0,0,0,0,3120805,100287,3315713,16,0,0,4592,0,0,0,0,0,0,0,18110175,17079870,0,0,40639,40639,14112,13877,0,0,0,0,0,0,0,0,0,2523726,1260322,0,262144,5258950,85649153,0,0,1026,1025,858460961,0,0,0,0,0,0,0,0,0,0,0,0,867919466,0,7654,1850632,788581422,19968,0,0,35343790,0,0,0,0,0,0,0,0,0,0,0,0,0,0,0,0,0,0,0,7886,0,0,0,0,0,0,0,0,0,0,0,0,0,0,0,0,0,0,0,0,0,0,0,0,43596,4050,20584,16534,16534,0,0,3299,0,0,19,0,0,0,0,0,0,0,0,0,0,0,0,0,0,0,0,0,0,0,0,0,0,0,0,0,0,0,0,0,0,710,24,0
1767050990.001149,1149,ubuntu-rog,1,0,0,9416506,0,3135538,2808074,503071,0,17,0,0,0,0,0,845972476,0,0,4907,845600636,0,0,3135538,2808074,503071,0,196939,111693,0,0,0,0,0,0,0,0,0,0,3131049,100287,3315714,17,0,0,4592,0,0,0,0,0,0,0,18110176,17079870,0,0,40639,40639,14112,13897,0,0,0,0,0,0,0,0,0,2521711,1259316,0,262144,5258950,85649153,0,0,1026,1025,858471244,0,0,0,0,0,0,0,0,0,0,0,0,867919482,0,7654,1850632,788591668,19968,0,0,35343790,0,0,0,0,0,0,0,0,0,0,0,0,0,0,0,0,0,0,0,7886,0,0,0,0,0,0,0,0,0,0,0,0,0,0,0,0,0,0,0,0,0,0,0,0,43596,4050,20584,16534,16534,0,0,3299,0,0,19,0,0,0,0,0,0,0,0,0,0,0,0,0,0,0,0,0,0,0,0,0,0,0,0,0,0,0,0,0,0,710,24,0
1767050991.001251,1251,ubuntu-rog,1,0,0,9404410,0,3148334,2808074,503071,0,13,0,0,0,0,0,845985322,0,0,4907,845613482,0,0,3148334,2808074,503071,0,196939,111693,0,0,0,0,0,0,0,0,0,0,3143854,100287,3315714,13,0,0,4592,0,0,0,0,0,0,0,18110176,17079874,0,0,40639,40639,14112,13922,0,0,0,0,0,0,0,0,0,2519292,1258108,0,262144,5258950,85649169,0,0,1026,1025,858484090,0,0,0,0,0,0,0,0,0,0,0,0,867919500,0,7654,1850632,788604471,19968,0,0,35343790,0,0,0,0,0,0,0,0,0,0,0,0,0,0,0,0,0,0,0,7886,0,0,0,0,0,0,0,0,0,0,0,0,0,0,0,0,0,0,0,0,0,0,0,0,43596,4050,20584,16534,16534,0,0,3299,0,0,19,0,0,0,0,0,0,0,0,0,0,0,0,0,0,0,0,0,0,0,0,0,0,0,0,0,0,0,0,0,0,710,24,0
1767050992.001491,1491,ubuntu-rog,1,0,0,9392225,0,3161202,2808074,503071,0,14,0,0,0,0,0,845998168,0,0,4907,845626328,0,0,3161202,2808074,503071,0,196939,111693,0,0,0,0,0,0,0,0,0,0,3156731,100287,3315715,14,0,0,4592,0,0,0,0,0,0,0,18110177,17079874,0,0,40639,40639,14112,13958,0,0,0,0,0,0,0,0,0,2516856,1256891,0,262144,5258950,85649169,0,0,1026,1025,858496936,0,0,0,0,0,0,0,0,0,0,0,0,867919515,0,7654,1850632,788617276,19968,0,0,35343790,0,0,0,0,0,0,0,0,0,0,0,0,0,0,0,0,0,0,0,7886,0,0,0,0,0,0,0,0,0,0,0,0,0,0,0,0,0,0,0,0,0,0,0,0,43596,4050,20584,16534,16534,0,0,3299,0,0,19,0,0,0,0,0,0,0,0,0,0,0,0,0,0,0,0,0,0,0,0,0,0,0,0,0,0,0,0,0,0,710,24,0
1767050993.002145,2145,ubuntu-rog,1,0,0,9378202,0,3173940,2808074,503071,0,15,0,0,0,0,0,846011017,0,0,4907,845639177,0,0,3173940,2808074,503071,0,196939,111693,0,0,0,0,0,0,0,0,0,0,3169464,100287,3315716,15,0,0,4592,0,0,0,0,0,0,0,18110178,17079874,0,0,40639,40639,14112,13973,0,0,0,0,0,0,0,0,0,2514052,1255491,0,262144,5258950,85649169,0,0,1026,1025,858509785,0,0,0,0,0,0,0,0,0,0,0,0,867919533,0,7654,1850632,788630081,19968,0,0,35343790,0,0,0,0,0,0,0,0,0,0,0,0,0,0,0,0,0,0,0,7886,0,0,0,0,0,0,0,0,0,0,0,0,0,0,0,0,0,0,0,0,0,0,0,0,43596,4050,20584,16534,16534,0,0,3299,0,0,19,0,0,0,0,0,0,0,0,0,0,0,0,0,0,0,0,0,0,0,0,0,0,0,0,0,0,0,0,0,0,710,24,0
1767050994.001242,1242,ubuntu-rog,1,0,0,9366102,0,3186827,2808076,503071,0,15,0,0,0,0,0,846023863,0,0,4907,845652023,0,0,3186827,2808076,503071,0,196939,111693,0,0,0,0,0,0,0,0,0,0,3182334,100287,3315716,15,0,0,4592,0,0,0,0,0,0,0,18110178,17079874,0,0,40639,40639,14112,13993,0,0,0,0,0,0,0,0,0,2511633,1254283,0,262144,5258950,85649169,0,0,1026,1025,858522631,0,0,0,0,0,0,0,0,0,0,0,0,867919549,0,7654,1850632,788642886,19968,0,0,35343790,0,0,0,0,0,0,0,0,0,0,0,0,0,0,0,0,0,0,0,7886,0,0,0,0,0,0,0,0,0,0,0,0,0,0,0,0,0,0,0,0,0,0,0,0,43596,4050,20584,16534,16534,0,0,3299,0,0,19,0,0,0,0,0,0,0,0,0,0,0,0,0,0,0,0,0,0,0,0,0,0,0,0,0,0,0,0,0,0,710,24,0
1767050995.001291,1291,ubuntu-rog,1,0,0,9354010,0,3199630,2808076,503071,0,21,0,0,0,0,0,846036720,0,0,4907,845664880,0,0,3199630,2808076,503071,0,196939,111693,0,0,0,0,0,0,0,0,0,0,3195139,100287,3315718,21,0,0,4592,0,0,0,0,0,0,0,18110184,17079874,0,0,40639,40639,14112,14018,0,0,0,0,0,0,0,0,0,2509215,1253076,0,262144,5258950,85649197,0,0,1026,1025,858535488,0,0,0,0,0,0,0,0,0,0,0,0,867919573,0,7654,1850632,788655691,19968,0,0,35343790,0,0,0,0,0,0,0,0,0,0,0,0,0,0,0,0,0,0,0,7886,0,0,0,0,0,0,0,0,0,0,0,0,0,0,0,0,0,0,0,0,0,0,0,0,43596,4050,20584,16534,16534,0,0,3299,0,0,19,0,0,0,0,0,0,0,0,0,0,0,0,0,0,0,0,0,0,0,0,0,0,0,0,0,0,0,0,0,0,710,24,0
1767050996.001151,1151,ubuntu-rog,1,0,0,9341914,0,3209817,2808077,503071,0,12,0,0,0,0,0,846047011,0,0,4907,845675171,0,0,3209817,2808077,503071,0,196939,111694,0,0,0,0,0,0,0,0,0,0,3205318,100287,3315719,12,0,0,4592,0,0,0,0,0,0,0,18110185,17079884,0,0,40639,40639,14112,14043,0,0,0,0,0,0,0,0,0,2506797,1251868,0,262144,5258950,85649237,0,0,1026,1025,858545779,0,0,0,0,0,0,0,0,0,0,0,0,867919599,0,7654,1850632,788665935,19968,0,0,35343790,0,0,0,0,0,0,0,0,0,0,0,0,0,0,0,0,0,0,0,7886,0,0,0,0,0,0,0,0,0,0,0,0,0,0,0,0,0,0,0,0,0,0,0,0,43596,4050,20584,16534,16534,0,0,3299,0,0,19,0,0,0,0,0,0,0,0,0,0,0,0,0,0,0,0,0,0,0,0,0,0,0,0,0,0,0,0,0,0,710,24,0
1767050997.001201,1201,ubuntu-rog,1,0,0,9329818,0,3222620,2808078,503071,0,12,0,0,0,0,0,846059858,0,0,4907,845688018,0,0,3222620,2808078,503071,0,196939,111694,0,0,0,0,0,0,0,0,0,0,3218123,100287,3315719,12,0,0,4592,0,0,0,0,0,0,0,18110185,17079884,0,0,40639,40639,14112,14068,0,0,0,0,0,0,0,0,0,2504379,1250660,0,262144,5258950,85649237,0,0,1026,1025,858558626,0,0,0,0,0,0,0,0,0,0,0,0,867919616,0,7654,1850632,788678740,19968,0,0,35343790,0,0,0,0,0,0,0,0,0,0,0,0,0,0,0,0,0,0,0,7886,0,0,0,0,0,0,0,0,0,0,0,0,0,0,0,0,0,0,0,0,0,0,0,0,43596,4050,20584,16534,16534,0,0,3299,0,0,19,0,0,0,0,0,0,0,0,0,0,0,0,0,0,0,0,0,0,0,0,0,0,0,0,0,0,0,0,0,0,710,24,0
1767050998.002705,2705,ubuntu-rog,1,0,0,9317633,0,3235488,2808078,503071,0,12,0,0,0,0,0,846072703,0,0,4907,845700863,0,0,3235488,2808078,503071,0,196939,111694,0,0,0,0,0,0,0,0,0,0,3231000,100287,3315719,12,0,0,4592,0,0,0,0,0,0,0,18110185,17079884,0,0,40639,40639,14112,14103,0,0,0,0,0,0,0,0,0,2501942,1249443,0,262144,5258950,85649237,0,0,1026,1025,858571471,0,0,0,0,0,0,0,0,0,0,0,0,867919631,0,7654,1850632,788691545,19968,0,0,35343790,0,0,0,0,0,0,0,0,0,0,0,0,0,0,0,0,0,0,0,7886,0,0,0,0,0,0,0,0,0,0,0,0,0,0,0,0,0,0,0,0,0,0,0,0,43596,4050,20584,16534,16534,0,0,3299,0,0,19,0,0,0,0,0,0,0,0,0,0,0,0,0,0,0,0,0,0,0,0,0,0,0,0,0,0,0,0,0,0,710,24,0
1767050999.001150,1150,ubuntu-rog,1,0,0,9303610,0,3248226,2808078,503071,0,12,0,0,0,0,0,846085548,0,0,4907,845713708,0,0,3248226,2808078,503071,0,196939,111694,0,0,0,0,0,0,0,0,0,0,3243733,100287,3315719,12,0,0,4592,0,0,0,0,0,0,0,18110185,17079884,0,0,40639,40639,14112,14118,0,0,0,0,0,0,0,0,0,2499138,1248043,0,262144,5258950,85649237,0,0,1026,1025,858584316,0,0,0,0,0,0,0,0,0,0,0,0,867919646,0,7654,1850632,788704350,19968,0,0,35343790,0,0,0,0,0,0,0,0,0,0,0,0,0,0,0,0,0,0,0,7886,0,0,0,0,0,0,0,0,0,0,0,0,0,0,0,0,0,0,0,0,0,0,0,0,43596,4050,20584,16534,16534,0,0,3299,0,0,19,0,0,0,0,0,0,0,0,0,0,0,0,0,0,0,0,0,0,0,0,0,0,0,0,0,0,0,0,0,0,710,24,0
1767051000.002247,2247,ubuntu-rog,1,0,0,9291510,0,3261082,2808078,503071,0,17,0,0,0,0,0,846098419,0,0,4907,845726579,0,0,3261082,2808078,503071,0,196939,111694,0,0,0,0,0,0,0,0,0,0,3256603,100287,3315723,17,0,0,4592,0,0,0,0,0,0,0,18110190,17079884,0,0,40639,40639,14112,14138,0,0,0,0,0,0,0,0,0,2496719,1246835,0,262144,5258950,85649273,0,0,1026,1025,858597187,0,0,0,0,0,0,0,0,0,0,0,0,867919683,0,7654,1850632,788717155,19968,0,0,35343790,0,0,0,0,0,0,0,0,0,0,0,0,0,0,0,0,0,0,0,7886,0,0,0,0,0,0,0,0,0,0,0,0,0,0,0,0,0,0,0,0,0,0,0,0,43596,4050,20584,16534,16534,0,0,3299,0,0,19,0,0,0,0,0,0,0,0,0,0,0,0,0,0,0,0,0,0,0,0,0,0,0,0,0,0,0,0,0,0,710,24,0
1767051001.001192,1192,ubuntu-rog,1,0,0,9281597,0,3271324,2808078,503071,0,17,0,0,0,0,0,846108711,0,0,4907,845736871,0,0,3271324,2808078,503071,0,196939,111694,0,0,0,0,0,0,0,0,0,0,3266854,100287,3315723,17,0,0,4592,0,0,0,0,0,0,0,18110190,17079884,0,0,40639,40639,14112,14173,0,0,0,0,0,0,0,0,0,2494737,1245845,0,262144,5258950,85649297,0,0,1026,1025,858607479,0,0,0,0,0,0,0,0,0,0,0,0,867919711,0,7654,1850632,788727399,19968,0,0,35343790,0,0,0,0,0,0,0,0,0,0,0,0,0,0,0,0,0,0,0,7886,0,0,0,0,0,0,0,0,0,0,0,0,0,0,0,0,0,0,0,0,0,0,0,0,43596,4050,20584,16534,16534,0,0,3299,0,0,19,0,0,0,0,0,0,0,0,0,0,0,0,0,0,0,0,0,0,0,0,0,0,0,0,0,0,0,0,0,0,710,24,0
1767051002.002145,2145,ubuntu-rog,1,0,0,9267658,0,3284060,2808086,503071,0,65,0,0,0,0,0,846122507,0,0,4907,845750667,0,0,3284060,2808086,503071,0,196939,111695,0,0,0,0,0,0,0,0,0,0,3279587,100287,3315724,65,0,0,4592,0,0,0,0,0,0,0,18110244,17079890,0,0,40639,40639,14144,14188,0,0,0,0,0,0,0,0,0,2491951,1244454,0,262144,5258950,85649569,0,0,1026,1025,858621282,0,0,0,0,0,0,0,0,0,0,0,0,867920666,0,7654,1850632,788742132,19968,0,0,35344453,0,0,0,0,0,0,0,0,0,0,0,0,0,0,0,0,0,0,0,7886,0,0,0,0,0,0,0,0,0,0,0,0,0,0,0,0,0,0,0,0,0,0,0,0,43596,4050,20584,16534,16534,0,0,3299,0,0,19,0,0,0,0,0,0,0,0,0,0,0,0,0,0,0,0,0,0,0,0,0,0,0,0,0,0,0,0,0,0,710,24,0
1767051003.001238,1238,ubuntu-rog,1,0,0,9255672,0,3296838,2808091,503071,0,68,0,0,0,0,0,846135368,0,0,4907,845763528,0,0,3296838,2808091,503071,0,196939,111703,0,0,0,0,0,0,0,0,0,0,3292392,100287,3315725,68,0,0,4592,0,0,0,0,0,0,0,18110298,17079941,0,0,40639,40639,14144,14213,0,0,0,0,0,0,0,0,0,2489556,1243258,0,262144,5258950,85649569,0,0,1026,1025,858634143,0,0,0,0,0,0,0,0,0,0,0,0,867920696,0,7654,1850632,788754937,19968,0,0,35344453,0,0,0,0,0,0,0,0,0,0,0,0,0,0,0,0,0,0,0,7886,0,0,0,0,0,0,0,0,0,0,0,0,0,0,0,0,0,0,0,0,0,0,0,0,43596,4050,20584,16534,16534,0,0,3299,0,0,19,0,0,0,0,0,0,0,0,0,0,0,0,0,0,0,0,0,0,0,0,0,0,0,0,0,0,0,0,0,0,710,24,0
1767051004.001292,1292,ubuntu-rog,1,0,0,9243630,0,3309641,2808092,503071,0,68,0,0,0,0,0,846148214,0,0,4907,845776374,0,0,3309641,2808092,503071,0,196939,111703,0,0,0,0,0,0,0,0,0,0,3305197,100287,3315725,68,0,0,4592,0,0,0,0,0,0,0,18110298,17079941,0,0,40639,40639,14144,14238,0,0,0,0,0,0,0,0,0,2487148,1242055,0,262144,5258950,85649569,0,0,1026,1025,858646989,0,0,0,0,0,0,0,0,0,0,0,0,867920712,0,7654,1850632,788767742,19968,0,0,35344453,0,0,0,0,0,0,0,0,0,0,0,0,0,0,0,0,0,0,0,7886,0,0,0,0,0,0,0,0,0,0,0,0,0,0,0,0,0,0,0,0,0,0,0,0,43596,4050,20584,16534,16534,0,0,3299,0,0,19,0,0,0,0,0,0,0,0,0,0,0,0,0,0,0,0,0,0,0,0,0,0,0,0,0,0,0,0,0,0,710,24,0
1767051005.001152,1152,ubuntu-rog,1,0,0,9229510,0,3322528,2808092,503071,0,68,0,0,0,0,0,846161058,0,0,4907,845789218,0,0,3322528,2808092,503071,0,196939,111703,0,0,0,0,0,0,0,0,0,0,3318067,100287,3315725,68,0,0,4592,0,0,0,0,0,0,0,18110298,17079941,0,0,40639,40639,14144,14258,0,0,0,0,0,0,0,0,0,2484325,1240645,0,262144,5258950,85649569,0,0,1026,1025,858659833,0,0,0,0,0,0,0,0,0,0,0,0,867920726,0,7654,1850632,788780547,19968,0,0,35344453,0,0,0,0,0,0,0,0,0,0,0,0,0,0,0,0,0,0,0,7886,0,0,0,0,0,0,0,0,0,0,0,0,0,0,0,0,0,0,0,0,0,0,0,0,43596,4050,20584,16534,16534,0,0,3299,0,0,19,0,0,0,0,0,0,0,0,0,0,0,0,0,0,0,0,0,0,0,0,0,0,0,0,0,0,0,0,0,0,710,24,0
1767051006.002248,2248,ubuntu-rog,1,0,0,9219434,0,3333412,2808094,503071,0,70,0,0,0,0,0,846172043,0,0,4907,845800203,0,0,3333412,2808094,503071,0,196939,111703,0,0,0,0,0,0,0,0,0,0,3328953,100287,3315726,70,0,0,4592,0,0,0,0,0,0,0,18110300,17079941,0,0,40639,40639,14144,14283,0,0,0,0,0,0,0,0,0,2482310,1239639,0,262144,5258950,85649569,0,0,1026,1025,858670818,0,0,0,0,0,0,0,0,0,0,0,0,867920741,0,7654,1850632,788791493,19968,0,0,35344453,0,0,0,0,0,0,0,0,0,0,0,0,0,0,0,0,0,0,0,7886,0,0,0,0,0,0,0,0,0,0,0,0,0,0,0,0,0,0,0,0,0,0,0,0,43596,4050,20584,16534,16534,0,0,3299,0,0,19,0,0,0,0,0,0,0,0,0,0,0,0,0,0,0,0,0,0,0,0,0,0,0,0,0,0,0,0,0,0,710,24,0
1767051007.001452,1452,ubuntu-rog,1,0,0,9207249,0,3345573,2808094,503071,0,71,0,0,0,0,0,846184185,0,0,4907,845812345,0,0,3345573,2808094,503071,0,196939,111703,0,0,0,0,0,0,0,0,0,0,3341123,100287,3315727,71,0,0,4592,0,0,0,0,0,0,0,18110301,17079941,0,0,40639,40639,14144,14318,0,0,0,0,0,0,0,0,0,2479874,1238423,0,262144,5258950,85649569,0,0,1026,1025,858682960,0,0,0,0,0,0,0,0,0,0,0,0,867920757,0,7654,1850632,788803596,19968,0,0,35344453,0,0,0,0,0,0,0,0,0,0,0,0,0,0,0,0,0,0,0,7886,0,0,0,0,0,0,0,0,0,0,0,0,0,0,0,0,0,0,0,0,0,0,0,0,43596,4050,20584,16534,16534,0,0,3299,0,0,19,0,0,0,0,0,0,0,0,0,0,0,0,0,0,0,0,0,0,0,0,0,0,0,0,0,0,0,0,0,0,710,24,0
1767051008.002148,2148,ubuntu-rog,1,0,0,9195246,0,3358311,2808096,503071,0,72,0,0,0,0,0,846197036,0,0,4907,845825196,0,0,3358311,2808096,503071,0,196939,111703,0,0,0,0,0,0,0,0,0,0,3353856,100287,3315730,72,0,0,4592,0,0,0,0,0,0,0,18110302,17079941,0,0,40639,40639,14144,14333,0,0,0,0,0,0,0,0,0,2477474,1237224,0,262144,5258950,85649613,0,0,1026,1025,858695811,0,0,0,0,0,0,0,0,0,0,0,0,867920775,0,7654,1850632,788816401,19968,0,0,35344453,0,0,0,0,0,0,0,0,0,0,0,0,0,0,0,0,0,0,0,7886,0,0,0,0,0,0,0,0,0,0,0,0,0,0,0,0,0,0,0,0,0,0,0,0,43596,4050,20584,16534,16534,0,0,3299,0,0,19,0,0,0,0,0,0,0,0,0,0,0,0,0,0,0,0,0,0,0,0,0,0,0,0,0,0,0,0,0,0,710,24,0
1767051009.001250,1250,ubuntu-rog,1,0,0,9181130,0,3371114,2808096,503071,0,72,0,0,0,0,0,846209884,0,0,4907,845838044,0,0,3371114,2808096,503071,0,196939,111703,0,0,0,0,0,0,0,0,0,0,3366661,100287,3315730,72,0,0,4592,0,0,0,0,0,0,0,18110302,17079941,0,0,40639,40639,14144,14358,0,0,0,0,0,0,0,0,0,2474652,1235815,0,262144,5258950,85649613,0,0,1026,1025,858708659,0,0,0,0,0,0,0,0,0,0,0,0,867920793,0,7654,1850632,788829206,19968,0,0,35344453,0,0,0,0,0,0,0,0,0,0,0,0,0,0,0,0,0,0,0,7886,0,0,0,0,0,0,0,0,0,0,0,0,0,0,0,0,0,0,0,0,0,0,0,0,43596,4050,20584,16534,16534,0,0,3299,0,0,19,0,0,0,0,0,0,0,0,0,0,0,0,0,0,0,0,0,0,0,0,0,0,0,0,0,0,0,0,0,0,710,24,0
1767051010.001292,1292,ubuntu-rog,1,0,0,9169030,0,3383900,2808097,503071,0,72,0,0,0,0,0,846222729,0,0,4907,845850889,0,0,3383900,2808097,503071,0,196939,111703,0,0,0,0,0,0,0,0,0,0,3379531,100287,3315730,72,0,0,4592,0,0,0,0,0,0,0,18110302,17079941,0,0,40639,40639,14144,14378,0,0,0,0,0,0,0,0,0,2472233,1234607,0,262144,5258950,85649613,0,0,1026,1025,858721504,0,0,0,0,0,0,0,0,0,0,0,0,867920808,0,7654,1850632,788842011,19968,0,0,35344453,0,0,0,0,0,0,0,0,0,0,0,0,0,0,0,0,0,0,0,7886,0,0,0,0,0,0,0,0,0,0,0,0,0,0,0,0,0,0,0,0,0,0,0,0,43596,4050,20584,16534,16534,0,0,3299,0,0,19,0,0,0,0,0,0,0,0,0,0,0,0,0,0,0,0,0,0,0,0,0,0,0,0,0,0,0,0,0,0,710,24,0
1767051011.001146,1146,ubuntu-rog,1,0,0,9156946,0,3396733,2808097,503071,0,73,0,0,0,0,0,846235578,0,0,4907,845863738,0,0,3396733,2808097,503071,0,196939,111703,0,0,0,0,0,0,0,0,0,0,3392269,100287,3315731,73,0,0,4592,0,0,0,0,0,0,0,18110303,17079941,0,0,40639,40639,14144,14413,0,0,0,0,0,0,0,0,0,2469816,1233400,0,262144,5258950,85649613,0,0,1026,1025,858734353,0,0,0,0,0,0,0,0,0,0,0,0,867920861,0,7654,1850632,788854816,19968,0,0,35344453,0,0,0,0,0,0,0,0,0,0,0,0,0,0,0,0,0,0,0,7886,0,0,0,0,0,0,0,0,0,0,0,0,0,0,0,0,0,0,0,0,0,0,0,0,43596,4050,20584,16534,16534,0,0,3299,0,0,19,0,0,0,0,0,0,0,0,0,0,0,0,0,0,0,0,0,0,0,0,0,0,0,0,0,0,0,0,0,0,710,24,0
1767051012.002237,2237,ubuntu-rog,1,0,0,9146862,0,3406946,2808097,503071,0,73,0,0,0,0,0,846245858,0,0,4907,845874018,0,0,3406946,2808097,503071,0,196939,111703,0,0,0,0,0,0,0,0,0,0,3402477,100287,3315731,73,0,0,4592,0,0,0,0,0,0,0,18110303,17079941,0,0,40639,40639,14144,14428,0,0,0,0,0,0,0,0,0,2467800,1232393,0,262144,5258950,85649613,0,0,1026,1025,858744633,0,0,0,0,0,0,0,0,0,0,0,0,867920877,0,7654,1850632,788865060,19968,0,0,35344453,0,0,0,0,0,0,0,0,0,0,0,0,0,0,0,0,0,0,0,7886,0,0,0,0,0,0,0,0,0,0,0,0,0,0,0,0,0,0,0,0,0,0,0,0,43596,4050,20584,16534,16534,0,0,3299,0,0,19,0,0,0,0,0,0,0,0,0,0,0,0,0,0,0,0,0,0,0,0,0,0,0,0,0,0,0,0,0,0,710,24,0
1767051013.001203,1203,ubuntu-rog,1,0,0,9132657,0,3419814,2808099,503071,0,74,0,0,0,0,0,846258708,0,0,4907,845886868,0,0,3419814,2808099,503071,0,196939,111703,0,0,0,0,0,0,0,0,0,0,3415354,100287,3315732,74,0,0,4592,0,0,0,0,0,0,0,18110304,17079941,0,0,40639,40639,14144,14464,0,0,0,0,0,0,0,0,0,2464960,1230975,0,262144,5258950,85649613,0,0,1026,1025,858757483,0,0,0,0,0,0,0,0,0,0,0,0,867920895,0,7654,1850632,788877865,19968,0,0,35344453,0,0,0,0,0,0,0,0,0,0,0,0,0,0,0,0,0,0,0,7886,0,0,0,0,0,0,0,0,0,0,0,0,0,0,0,0,0,0,0,0,0,0,0,0,43596,4050,20584,16534,16534,0,0,3299,0,0,19,0,0,0,0,0,0,0,0,0,0,0,0,0,0,0,0,0,0,0,0,0,0,0,0,0,0,0,0,0,0,710,24,0
1767051014.002148,2148,ubuntu-rog,1,0,0,9120654,0,3432552,2808099,503071,0,75,0,0,0,0,0,846271556,0,0,4907,845899716,0,0,3432552,2808099,503071,0,196939,111703,0,0,0,0,0,0,0,0,0,0,3428087,100287,3315733,75,0,0,4592,0,0,0,0,0,0,0,18110305,17079941,0,0,40639,40639,14144,14479,0,0,0,0,0,0,0,0,0,2462560,1229776,0,262144,5258950,85649629,0,0,1026,1025,858770331,0,0,0,0,0,0,0,0,0,0,0,0,867920912,0,7654,1850632,788890670,19968,0,0,35344453,0,0,0,0,0,0,0,0,0,0,0,0,0,0,0,0,0,0,0,7886,0,0,0,0,0,0,0,0,0,0,0,0,0,0,0,0,0,0,0,0,0,0,0,0,43596,4050,20584,16534,16534,0,0,3299,0,0,19,0,0,0,0,0,0,0,0,0,0,0,0,0,0,0,0,0,0,0,0,0,0,0,0,0,0,0,0,0,0,710,24,0
1767051015.001252,1252,ubuntu-rog,1,0,0,9106538,0,3445355,2808099,503071,0,75,0,0,0,0,0,846284405,0,0,4907,845912565,0,0,3445355,2808099,503071,0,196939,111703,0,0,0,0,0,0,0,0,0,0,3440892,100287,3315733,75,0,0,4592,0,0,0,0,0,0,0,18110305,17079941,0,0,40639,40639,14144,14504,0,0,0,0,0,0,0,0,0,2459738,1228367,0,262144,5258950,85649629,0,0,1026,1025,858783180,0,0,0,0,0,0,0,0,0,0,0,0,867920931,0,7654,1850632,788903476,19968,0,0,35344454,0,0,0,0,0,0,0,0,0,0,0,0,0,0,0,0,0,0,0,7886,0,0,0,0,0,0,0,0,0,0,0,0,0,0,0,0,0,0,0,0,0,0,0,0,43596,4050,20584,16534,16534,0,0,3299,0,0,19,0,0,0,0,0,0,0,0,0,0,0,0,0,0,0,0,0,0,0,0,0,0,0,0,0,0,0,0,0,0,710,24,0
1767051016.001460,1460,ubuntu-rog,1,0,0,9094353,0,3458223,2808100,503071,0,75,0,0,0,0,0,846297251,0,0,4907,845925411,0,0,3458223,2808100,503071,0,196939,111703,0,0,0,0,0,0,0,0,0,0,3453769,100287,3315733,75,0,0,4592,0,0,0,0,0,0,0,18110305,17079941,0,0,40639,40639,14144,14539,0,0,0,0,0,0,0,0,0,2457301,1227150,0,262144,5258950,85649629,0,0,1026,1025,858796026,0,0,0,0,0,0,0,0,0,0,0,0,867920947,0,7654,1850632,788916281,19968,0,0,35344454,0,0,0,0,0,0,0,0,0,0,0,0,0,0,0,0,0,0,0,7886,0,0,0,0,0,0,0,0,0,0,0,0,0,0,0,0,0,0,0,0,0,0,0,0,43596,4050,20584,16534,16534,0,0,3299,0,0,19,0,0,0,0,0,0,0,0,0,0,0,0,0,0,0,0,0,0,0,0,0,0,0,0,0,0,0,0,0,0,710,24,0
1767051017.002150,2150,ubuntu-rog,1,0,0,9084370,0,3468436,2808100,503071,0,75,0,0,0,0,0,846307531,0,0,4907,845935691,0,0,3468436,2808100,503071,0,196939,111703,0,0,0,0,0,0,0,0,0,0,3463977,100287,3315733,75,0,0,4592,0,0,0,0,0,0,0,18110305,17079941,0,0,40639,40639,14144,14554,0,0,0,0,0,0,0,0,0,2455305,1226153,0,262144,5258950,85649629,0,0,1026,1025,858806306,0,0,0,0,0,0,0,0,0,0,0,0,867920963,0,7654,1850632,788926525,19968,0,0,35344454,0,0,0,0,0,0,0,0,0,0,0,0,0,0,0,0,0,0,0,7886,0,0,0,0,0,0,0,0,0,0,0,0,0,0,0,0,0,0,0,0,0,0,0,0,43596,4050,20584,16534,16534,0,0,3299,0,0,19,0,0,0,0,0,0,0,0,0,0,0,0,0,0,0,0,0,0,0,0,0,0,0,0,0,0,0,0,0,0,710,24,0
1767051018.001254,1254,ubuntu-rog,1,0,0,9072270,0,3481222,2808100,503071,0,76,0,0,0,0,0,846320378,0,0,4907,845948538,0,0,3481222,2808100,503071,0,196939,111703,0,0,0,0,0,0,0,0,0,0,3476746,100287,3315734,76,0,0,4592,0,0,0,0,0,0,0,18110306,17079941,0,0,40639,40639,14144,14574,0,0,0,0,0,0,0,0,0,2452886,1224945,0,262144,5258950,85649629,0,0,1026,1025,858819153,0,0,0,0,0,0,0,0,0,0,0,0,867920979,0,7654,1850632,788939330,19968,0,0,35344454,0,0,0,0,0,0,0,0,0,0,0,0,0,0,0,0,0,0,0,7886,0,0,0,0,0,0,0,0,0,0,0,0,0,0,0,0,0,0,0,0,0,0,0,0,43596,4050,20584,16534,16534,0,0,3299,0,0,19,0,0,0,0,0,0,0,0,0,0,0,0,0,0,0,0,0,0,0,0,0,0,0,0,0,0,0,0,0,0,710,24,0
1767051019.001292,1292,ubuntu-rog,1,0,0,9058154,0,3494025,2808100,503071,0,77,0,0,0,0,0,846333228,0,0,4907,845961388,0,0,3494025,2808100,503071,0,196939,111703,0,0,0,0,0,0,0,0,0,0,3489551,100287,3315735,77,0,0,4592,0,0,0,0,0,0,0,18110307,17079941,0,0,40639,40639,14144,14599,0,0,0,0,0,0,0,0,0,2450063,1223536,0,262144,5258950,85649645,0,0,1026,1025,858832003,0,0,0,0,0,0,0,0,0,0,0,0,867920997,0,7654,1850632,788952135,19968,0,0,35344454,0,0,0,0,0,0,0,0,0,0,0,0,0,0,0,0,0,0,0,7886,0,0,0,0,0,0,0,0,0,0,0,0,0,0,0,0,0,0,0,0,0,0,0,0,43596,4050,20584,16534,16534,0,0,3299,0,0,19,0,0,0,0,0,0,0,0,0,0,0,0,0,0,0,0,0,0,0,0,0,0,0,0,0,0,0,0,0,0,710,24,0
1767051020.001126,1126,ubuntu-rog,1,0,0,9045969,0,3506898,2808103,503071,0,62,0,0,0,0,0,846346076,0,0,4907,845974236,0,0,3506898,2808103,503071,0,196939,111703,0,0,0,0,0,0,0,0,0,0,3502428,100287,3315737,62,0,0,4592,0,0,0,0,0,0,0,18110308,17079957,0,0,40639,40639,14144,14634,0,0,0,0,0,0,0,0,0,2447628,1222319,0,262144,5258950,85649705,0,0,1026,1025,858844851,0,0,0,0,0,0,0,0,0,0,0,0,867921015,0,7654,1850632,788964940,19968,0,0,35344454,0,0,0,0,0,0,0,0,0,0,0,0,0,0,0,0,0,0,0,7886,0,0,0,0,0,0,0,0,0,0,0,0,0,0,0,0,0,0,0,0,0,0,0,0,43596,4050,20584,16534,16534,0,0,3299,0,0,19,0,0,0,0,0,0,0,0,0,0,0,0,0,0,0,0,0,0,0,0,0,0,0,0,0,0,0,0,0,0,710,24,0
1767051021.002239,2239,ubuntu-rog,1,0,0,9033962,0,3519689,2808103,503071,0,62,0,0,0,0,0,846358925,0,0,4907,845987085,0,0,3519689,2808103,503071,0,196939,111704,0,0,0,0,0,0,0,0,0,0,3515226,100287,3315737,62,0,0,4592,0,0,0,0,0,0,0,18110308,17079957,0,0,40639,40639,14144,14644,0,0,0,0,0,0,0,0,0,2445227,1221120,0,262144,5258950,85649705,0,0,1026,1025,858857700,0,0,0,0,0,0,0,0,0,0,0,0,867921034,0,7654,1850632,788977745,19968,0,0,35344454,0,0,0,0,0,0,0,0,0,0,0,0,0,0,0,0,0,0,0,7886,0,0,0,0,0,0,0,0,0,0,0,0,0,0,0,0,0,0,0,0,0,0,0,0,43596,4050,20584,16534,16534,0,0,3299,0,0,19,0,0,0,0,0,0,0,0,0,0,0,0,0,0,0,0,0,0,0,0,0,0,0,0,0,0,0,0,0,0,710,24,0
1767051022.001279,1279,ubuntu-rog,1,0,0,9023886,0,3529866,2808104,503071,0,63,0,0,0,0,0,846369206,0,0,4907,845997366,0,0,3529866,2808104,503071,0,196939,111704,0,0,0,0,0,0,0,0,0,0,3525405,100287,3315738,63,0,0,4592,0,0,0,0,0,0,0,18110309,17079957,0,0,40639,40639,14144,14669,0,0,0,0,0,0,0,0,0,2443212,1220114,0,262144,5258950,85649705,0,0,1026,1025,858867981,0,0,0,0,0,0,0,0,0,0,0,0,867921050,0,7654,1850632,788987989,19968,0,0,35344454,0,0,0,0,0,0,0,0,0,0,0,0,0,0,0,0,0,0,0,7886,0,0,0,0,0,0,0,0,0,0,0,0,0,0,0,0,0,0,0,0,0,0,0,0,43596,4050,20584,16534,16534,0,0,3299,0,0,19,0,0,0,0,0,0,0,0,0,0,0,0,0,0,0,0,0,0,0,0,0,0,0,0,0,0,0,0,0,0,710,24,0
1767051023.001153,1153,ubuntu-rog,1,0,0,9009770,0,3542669,2808104,503071,0,63,0,0,0,0,0,846382051,0,0,4907,846010211,0,0,3542669,2808104,503071,0,196939,111704,0,0,0,0,0,0,0,0,0,0,3538210,100287,3315738,63,0,0,4592,0,0,0,0,0,0,0,18110309,17079957,0,0,40639,40639,14144,14694,0,0,0,0,0,0,0,0,0,2440390,1218705,0,262144,5258950,85649705,0,0,1026,1025,858880826,0,0,0,0,0,0,0,0,0,0,0,0,867921065,0,7654,1850632,789000794,19968,0,0,35344454,0,0,0,0,0,0,0,0,0,0,0,0,0,0,0,0,0,0,0,7886,0,0,0,0,0,0,0,0,0,0,0,0,0,0,0,0,0,0,0,0,0,0,0,0,43596,4050,20584,16534,16534,0,0,3299,0,0,19,0,0,0,0,0,0,0,0,0,0,0,0,0,0,0,0,0,0,0,0,0,0,0,0,0,0,0,0,0,0,710,24,0
1767051024.001252,1252,ubuntu-rog,1,0,0,8997678,0,3555472,2808105,503071,0,63,0,0,0,0,0,846394901,0,0,4907,846023061,0,0,3555472,2808105,503071,0,196939,111704,0,0,0,0,0,0,0,0,0,0,3551015,100287,3315738,63,0,0,4592,0,0,0,0,0,0,0,18110309,17079957,0,0,40639,40639,14144,14719,0,0,0,0,0,0,0,0,0,2437972,1217497,0,262144,5258950,85649705,0,0,1026,1025,858893676,0,0,0,0,0,0,0,0,0,0,0,0,867921085,0,7654,1850632,789013599,19968,0,0,35344454,0,0,0,0,0,0,0,0,0,0,0,0,0,0,0,0,0,0,0,7886,0,0,0,0,0,0,0,0,0,0,0,0,0,0,0,0,0,0,0,0,0,0,0,0,43596,4050,20584,16534,16534,0,0,3299,0,0,19,0,0,0,0,0,0,0,0,0,0,0,0,0,0,0,0,0,0,0,0,0,0,0,0,0,0,0,0,0,0,710,24,0
1767051025.002286,2286,ubuntu-rog,1,0,0,8983562,0,3568275,2808105,503071,0,66,0,0,0,0,0,846407750,0,0,4907,846035910,0,0,3568275,2808105,503071,0,196939,111704,0,0,0,0,0,0,0,0,0,0,3563820,100287,3315742,66,0,0,4592,0,0,0,0,0,0,0,18110312,17079957,0,0,40639,40639,14144,14744,0,0,0,0,0,0,0,0,0,2435150,1216088,0,262144,5258950,85649721,0,0,1026,1025,858906525,0,0,0,0,0,0,0,0,0,0,0,0,867921100,0,7654,1850632,789026404,19968,0,0,35344454,0,0,0,0,0,0,0,0,0,0,0,0,0,0,0,0,0,0,0,7886,0,0,0,0,0,0,0,0,0,0,0,0,0,0,0,0,0,0,0,0,0,0,0,0,43596,4050,20584,16534,16534,0,0,3299,0,0,19,0,0,0,0,0,0,0,0,0,0,0,0,0,0,0,0,0,0,0,0,0,0,0,0,0,0,0,0,0,0,710,24,0
1767051026.001307,1307,ubuntu-rog,1,0,0,8971377,0,3581174,2808109,503071,0,66,0,0,0,0,0,846420598,0,0,4907,846048758,0,0,3581174,2808109,503071,0,196939,111704,0,0,0,0,0,0,0,0,0,0,3576697,100287,3315742,66,0,0,4592,0,0,0,0,0,0,0,18110312,17079957,0,0,40639,40639,14144,14779,0,0,0,0,0,0,0,0,0,2432714,1214872,0,262144,5258950,85649721,0,0,1026,1025,858919373,0,0,0,0,0,0,0,0,0,0,0,0,867921118,0,7654,1850632,789039209,19968,0,0,35344454,0,0,0,0,0,0,0,0,0,0,0,0,0,0,0,0,0,0,0,7886,0,0,0,0,0,0,0,0,0,0,0,0,0,0,0,0,0,0,0,0,0,0,0,0,43596,4050,20584,16534,16534,0,0,3299,0,0,19,0,0,0,0,0,0,0,0,0,0,0,0,0,0,0,0,0,0,0,0,0,0,0,0,0,0,0,0,0,0,710,24,0
1767051027.001253,1253,ubuntu-rog,1,0,0,8959370,0,3591339,2808109,503071,0,53,0,0,0,0,0,846430882,0,0,4907,846059042,0,0,3591339,2808109,503071,0,196939,111704,0,0,0,0,0,0,0,0,0,0,3586869,100287,3315742,53,0,0,4592,0,0,0,0,0,0,0,18110312,17079970,0,0,40639,40639,14144,14789,0,0,0,0,0,0,0,0,0,2430313,1213673,0,262144,5258950,85649773,0,0,1026,1025,858929657,0,0,0,0,0,0,0,0,0,0,0,0,867921138,0,7654,1850632,789049454,19968,0,0,35344455,0,0,0,0,0,0,0,0,0,0,0,0,0,0,0,0,0,0,0,7886,0,0,0,0,0,0,0,0,0,0,0,0,0,0,0,0,0,0,0,0,0,0,0,0,43596,4050,20584,16534,16534,0,0,3299,0,0,19,0,0,0,0,0,0,0,0,0,0,0,0,0,0,0,0,0,0,0,0,0,0,0,0,0,0,0,0,0,0,710,24,0
1767051028.002282,2282,ubuntu-rog,1,0,0,8947278,0,3604142,2808109,503071,0,53,0,0,0,0,0,846443727,0,0,4907,846071887,0,0,3604142,2808109,503071,0,196939,111704,0,0,0,0,0,0,0,0,0,0,3599674,100287,3315742,53,0,0,4592,0,0,0,0,0,0,0,18110312,17079970,0,0,40639,40639,14144,14814,0,0,0,0,0,0,0,0,0,2427895,1212465,0,262144,5258950,85649773,0,0,1026,1025,858942502,0,0,0,0,0,0,0,0,0,0,0,0,867921153,0,7654,1850632,789062259,19968,0,0,35344455,0,0,0,0,0,0,0,0,0,0,0,0,0,0,0,0,0,0,0,7886,0,0,0,0,0,0,0,0,0,0,0,0,0,0,0,0,0,0,0,0,0,0,0,0,43596,4050,20584,16534,16534,0,0,3299,0,0,19,0,0,0,0,0,0,0,0,0,0,0,0,0,0,0,0,0,0,0,0,0,0,0,0,0,0,0,0,0,0,710,24,0
1767051029.001153,1153,ubuntu-rog,1,0,0,8933073,0,3617010,2808110,503071,0,55,0,0,0,0,0,846456574,0,0,4907,846084734,0,0,3617010,2808110,503071,0,196939,111704,0,0,0,0,0,0,0,0,0,0,3612551,100287,3315743,55,0,0,4592,0,0,0,0,0,0,0,18110314,17079970,0,0,40639,40639,14144,14849,0,0,0,0,0,0,0,0,0,2425055,1211047,0,262144,5258950,85649773,0,0,1026,1025,858955349,0,0,0,0,0,0,0,0,0,0,0,0,867921169,0,7654,1850632,789075064,19968,0,0,35344455,0,0,0,0,0,0,0,0,0,0,0,0,0,0,0,0,0,0,0,7886,0,0,0,0,0,0,0,0,0,0,0,0,0,0,0,0,0,0,0,0,0,0,0,0,43596,4050,20584,16534,16534,0,0,3299,0,0,19,0,0,0,0,0,0,0,0,0,0,0,0,0,0,0,0,0,0,0,0,0,0,0,0,0,0,0,0,0,0,710,24,0
1767051030.002238,2238,ubuntu-rog,1,0,0,8921066,0,3629748,2808110,503071,0,55,0,0,0,0,0,846469422,0,0,4907,846097582,0,0,3629748,2808110,503071,0,196939,111704,0,0,0,0,0,0,0,0,0,0,3625284,100287,3315743,55,0,0,4592,0,0,0,0,0,0,0,18110314,17079970,0,0,40639,40639,14144,14864,0,0,0,0,0,0,0,0,0,2422654,1209848,0,262144,5258950,85649813,0,0,1026,1025,858968197,0,0,0,0,0,0,0,0,0,0,0,0,867921185,0,7654,1850632,789087869,19968,0,0,35344455,0,0,0,0,0,0,0,0,0,0,0,0,0,0,0,0,0,0,0,7886,0,0,0,0,0,0,0,0,0,0,0,0,0,0,0,0,0,0,0,0,0,0,0,0,43596,4050,20584,16534,16534,0,0,3299,0,0,19,0,0,0,0,0,0,0,0,0,0,0,0,0,0,0,0,0,0,0,0,0,0,0,0,0,0,0,0,0,0,710,24,0
1767051031.001274,1274,ubuntu-rog,1,0,0,8908974,0,3642551,2808110,503071,0,62,0,0,0,0,0,846482268,0,0,4907,846110428,0,0,3642551,2808110,503071,0,196939,111704,0,0,0,0,0,0,0,0,0,0,3638089,100287,3315745,62,0,0,4592,0,0,0,0,0,0,0,18110321,17079970,0,0,40639,40639,14144,14889,0,0,0,0,0,0,0,0,0,2420237,1208641,0,262144,5258950,85649813,0,0,1026,1025,858981043,0,0,0,0,0,0,0,0,0,0,0,0,867921201,0,7654,1850632,789100674,19968,0,0,35344455,0,0,0,0,0,0,0,0,0,0,0,0,0,0,0,0,0,0,0,7886,0,0,0,0,0,0,0,0,0,0,0,0,0,0,0,0,0,0,0,0,0,0,0,0,43596,4050,20584,16534,16534,0,0,3299,0,0,19,0,0,0,0,0,0,0,0,0,0,0,0,0,0,0,0,0,0,0,0,0,0,0,0,0,0,0,0,0,0,710,24,0
1767051032.001147,1147,ubuntu-rog,1,0,0,8894858,0,3655354,2808112,503071,0,65,0,0,0,0,0,846495118,0,0,4907,846123278,0,0,3655354,2808112,503071,0,196939,111704,0,0,0,0,0,0,0,0,0,0,3650894,100287,3315747,65,0,0,4592,0,0,0,0,0,0,0,18110324,17079970,0,0,40639,40639,14144,14914,0,0,0,0,0,0,0,0,0,2417415,1207231,0,262144,5258950,85649813,0,0,1026,1025,858993893,0,0,0,0,0,0,0,0,0,0,0,0,867921219,0,7654,1850632,789113479,19968,0,0,35344455,0,0,0,0,0,0,0,0,0,0,0,0,0,0,0,0,0,0,0,7886,0,0,0,0,0,0,0,0,0,0,0,0,0,0,0,0,0,0,0,0,0,0,0,0,43596,4050,20584,16534,16534,0,0,3299,0,0,19,0,0,0,0,0,0,0,0,0,0,0,0,0,0,0,0,0,0,0,0,0,0,0,0,0,0,0,0,0,0,710,24,0
1767051033.001245,1245,ubuntu-rog,1,0,0,8884778,0,3665615,2808112,503071,0,19,0,0,0,0,0,846505401,0,0,4907,846133561,0,0,3665615,2808112,503071,0,196939,111704,0,0,0,0,0,0,0,0,0,0,3661138,100287,3315748,19,0,0,4592,0,0,0,0,0,0,0,18110325,17080017,0,0,40639,40639,14144,14934,0,0,0,0,0,0,0,0,0,2415399,1206225,0,262144,5258950,85650001,0,0,1026,1025,859004176,0,0,0,0,0,0,0,0,0,0,0,0,867921237,0,7654,1850632,789123723,19968,0,0,35344455,0,0,0,0,0,0,0,0,0,0,0,0,0,0,0,0,0,0,0,7886,0,0,0,0,0,0,0,0,0,0,0,0,0,0,0,0,0,0,0,0,0,0,0,0,43596,4050,20584,16534,16534,0,0,3299,0,0,19,0,0,0,0,0,0,0,0,0,0,0,0,0,0,0,0,0,0,0,0,0,0,0,0,0,0,0,0,0,0,710,24,0
1767051034.003280,3280,ubuntu-rog,1,0,0,8872686,0,3678418,2808115,503071,0,19,0,0,0,0,0,846518248,0,0,4907,846146408,0,0,3678418,2808115,503071,0,196939,111704,0,0,0,0,0,0,0,0,0,0,3673943,100287,3315748,19,0,0,4592,0,0,0,0,0,0,0,18110325,17080017,0,0,40639,40639,14144,14960,0,0,0,0,0,0,0,0,0,2412982,1205018,0,262144,5258950,85650001,0,0,1026,1025,859017023,0,0,0,0,0,0,0,0,0,0,0,0,867921253,0,7654,1850632,789136528,19968,0,0,35344455,0,0,0,0,0,0,0,0,0,0,0,0,0,0,0,0,0,0,0,7886,0,0,0,0,0,0,0,0,0,0,0,0,0,0,0,0,0,0,0,0,0,0,0,0,43596,4050,20584,16534,16534,0,0,3299,0,0,19,0,0,0,0,0,0,0,0,0,0,0,0,0,0,0,0,0,0,0,0,0,0,0,0,0,0,0,0,0,0,710,24,0
1767051035.001081,1081,ubuntu-rog,1,0,0,8860497,0,3691286,2808115,503071,0,19,0,0,0,0,0,846531096,0,0,4907,846159256,0,0,3691286,2808115,503071,0,196939,111704,0,0,0,0,0,0,0,0,0,0,3686820,100287,3315748,19,0,0,4592,0,0,0,0,0,0,0,18110325,17080017,0,0,40639,40639,14144,14995,0,0,0,0,0,0,0,0,0,2410545,1203800,0,262144,5258950,85650001,0,0,1026,1025,859029871,0,0,0,0,0,0,0,0,0,0,0,0,867921271,0,7654,1850632,789149333,19968,0,0,35344455,0,0,0,0,0,0,0,0,0,0,0,0,0,0,0,0,0,0,0,7886,0,0,0,0,0,0,0,0,0,0,0,0,0,0,0,0,0,0,0,0,0,0,0,0,43596,4050,20584,16534,16534,0,0,3299,0,0,19,0,0,0,0,0,0,0,0,0,0,0,0,0,0,0,0,0,0,0,0,0,0,0,0,0,0,0,0,0,0,710,24,0
1767051036.002245,2245,ubuntu-rog,1,0,0,8846474,0,3704024,2808115,503071,0,20,0,0,0,0,0,846543944,0,0,4907,846172104,0,0,3704024,2808115,503071,0,196939,111704,0,0,0,0,0,0,0,0,0,0,3699553,100287,3315749,20,0,0,4592,0,0,0,0,0,0,0,18110326,17080017,0,0,40639,40639,14144,15010,0,0,0,0,0,0,0,0,0,2407741,1202400,0,262144,5258950,85650033,0,0,1026,1025,859042719,0,0,0,0,0,0,0,0,0,0,0,0,867921286,0,7654,1850632,789162138,19968,0,0,35344455,0,0,0,0,0,0,0,0,0,0,0,0,0,0,0,0,0,0,0,7886,0,0,0,0,0,0,0,0,0,0,0,0,0,0,0,0,0,0,0,0,0,0,0,0,43596,4050,20584,16534,16534,0,0,3299,0,0,19,0,0,0,0,0,0,0,0,0,0,0,0,0,0,0,0,0,0,0,0,0,0,0,0,0,0,0,0,0,0,710,24,0
1767051037.001287,1287,ubuntu-rog,1,0,0,8834374,0,3716880,2808115,503071,0,18,0,0,0,0,0,846556789,0,0,4907,846184949,0,0,3716880,2808115,503071,0,196939,111704,0,0,0,0,0,0,0,0,0,0,3712423,100287,3315751,18,0,0,4592,0,0,0,0,0,0,0,18110330,17080023,0,0,40639,40639,14144,15030,0,0,0,0,0,0,0,0,0,2405321,1201192,0,262144,5258950,85650057,0,0,1026,1025,859055564,0,0,0,0,0,0,0,0,0,0,0,0,867921301,0,7654,1850632,789174943,19968,0,0,35344455,0,0,0,0,0,0,0,0,0,0,0,0,0,0,0,0,0,0,0,7886,0,0,0,0,0,0,0,0,0,0,0,0,0,0,0,0,0,0,0,0,0,0,0,0,43596,4050,20584,16534,16534,0,0,3299,0,0,19,0,0,0,0,0,0,0,0,0,0,0,0,0,0,0,0,0,0,0,0,0,0,0,0,0,0,0,0,0,0,710,24,0
1767051038.001145,1145,ubuntu-rog,1,0,0,8824302,0,3727057,2808118,503071,0,20,0,0,0,0,0,846567070,0,0,4907,846195230,0,0,3727057,2808118,503071,0,196939,111704,0,0,0,0,0,0,0,0,0,0,3722602,100287,3315752,20,0,0,4592,0,0,0,0,0,0,0,18110332,17080023,0,0,40639,40639,14144,15055,0,0,0,0,0,0,0,0,0,2403308,1200187,0,262144,5258950,85650057,0,0,1026,1025,859065845,0,0,0,0,0,0,0,0,0,0,0,0,867921317,0,7654,1850632,789185187,19968,0,0,35344455,0,0,0,0,0,0,0,0,0,0,0,0,0,0,0,0,0,0,0,7886,0,0,0,0,0,0,0,0,0,0,0,0,0,0,0,0,0,0,0,0,0,0,0,0,43596,4050,20584,16534,16534,0,0,3299,0,0,19,0,0,0,0,0,0,0,0,0,0,0,0,0,0,0,0,0,0,0,0,0,0,0,0,0,0,0,0,0,0,710,24,0
1767051039.001612,1612,ubuntu-rog,1,0,0,8810097,0,3739956,2808118,503071,0,20,0,0,0,0,0,846579916,0,0,4907,846208076,0,0,3739956,2808118,503071,0,196939,111704,0,0,0,0,0,0,0,0,0,0,3735479,100287,3315752,20,0,0,4592,0,0,0,0,0,0,0,18110332,17080023,0,0,40639,40639,14144,15090,0,0,0,0,0,0,0,0,0,2400468,1198768,0,262144,5258950,85650057,0,0,1026,1025,859078691,0,0,0,0,0,0,0,0,0,0,0,0,867921333,0,7654,1850632,789197992,19968,0,0,35344455,0,0,0,0,0,0,0,0,0,0,0,0,0,0,0,0,0,0,0,7886,0,0,0,0,0,0,0,0,0,0,0,0,0,0,0,0,0,0,0,0,0,0,0,0,43596,4050,20584,16534,16534,0,0,3299,0,0,19,0,0,0,0,0,0,0,0,0,0,0,0,0,0,0,0,0,0,0,0,0,0,0,0,0,0,0,0,0,0,710,24,0
1767051040.002273,2273,ubuntu-rog,1,0,0,8798090,0,3752694,2808119,503071,0,21,0,0,0,0,0,846592774,0,0,4907,846220934,0,0,3752694,2808119,503071,0,196939,111704,0,0,0,0,0,0,0,0,0,0,3748212,100287,3315753,21,0,0,4592,0,0,0,0,0,0,0,18110333,17080023,0,0,40639,40639,14144,15105,0,0,0,0,0,0,0,0,0,2398067,1197569,0,262144,5258950,85650057,0,0,1026,1025,859091549,0,0,0,0,0,0,0,0,0,0,0,0,867921360,0,7654,1850632,789210797,19968,0,0,35344455,0,0,0,0,0,0,0,0,0,0,0,0,0,0,0,0,0,0,0,7886,0,0,0,0,0,0,0,0,0,0,0,0,0,0,0,0,0,0,0,0,0,0,0,0,43596,4050,20584,16534,16534,0,0,3299,0,0,19,0,0,0,0,0,0,0,0,0,0,0,0,0,0,0,0,0,0,0,0,0,0,0,0,0,0,0,0,0,0,710,24,0
1767051041.001096,1096,ubuntu-rog,1,0,0,8785905,0,3765562,2808119,503071,0,21,0,0,0,0,0,846605668,0,0,4907,846233828,0,0,3765562,2808119,503071,0,196939,111704,0,0,0,0,0,0,0,0,0,0,3761089,100287,3315753,21,0,0,4592,0,0,0,0,0,0,0,18110333,17080023,0,0,40639,40639,14144,15140,0,0,0,0,0,0,0,0,0,2395631,1196353,0,262144,5258950,85650057,0,0,1026,1025,859104443,0,0,0,0,0,0,0,0,0,0,0,0,867921424,0,7654,1850632,789223602,19968,0,0,35344455,0,0,0,0,0,0,0,0,0,0,0,0,0,0,0,0,0,0,0,7886,0,0,0,0,0,0,0,0,0,0,0,0,0,0,0,0,0,0,0,0,0,0,0,0,43596,4050,20584,16534,16534,0,0,3299,0,0,19,0,0,0,0,0,0,0,0,0,0,0,0,0,0,0,0,0,0,0,0,0,0,0,0,0,0,0,0,0,0,710,24,0
1767051042.002247,2247,ubuntu-rog,1,0,0,8771878,0,3778379,2808119,503071,0,21,0,0,0,0,0,846618541,0,0,4907,846246701,0,0,3778379,2808119,503071,0,196939,111704,0,0,0,0,0,0,0,0,0,0,3773887,100287,3315753,21,0,0,4592,0,0,0,0,0,0,0,18110333,17080023,0,0,40639,40639,14144,15150,0,0,0,0,0,0,0,0,0,2392826,1194952,0,262144,5258950,85650089,0,0,1026,1025,859117316,0,0,0,0,0,0,0,0,0,0,0,0,867921465,0,7654,1850632,789236409,19968,0,0,35344457,0,0,0,0,0,0,0,0,0,0,0,0,0,0,0,0,0,0,0,7886,0,0,0,0,0,0,0,0,0,0,0,0,0,0,0,0,0,0,0,0,0,0,0,0,43596,4050,20584,16534,16534,0,0,3299,0,0,19,0,0,0,0,0,0,0,0,0,0,0,0,0,0,0,0,0,0,0,0,0,0,0,0,0,0,0,0,0,0,710,24,0
1767051043.001289,1289,ubuntu-rog,1,0,0,8761802,0,3788556,2808119,503071,0,23,0,0,0,0,0,846628821,0,0,4907,846256981,0,0,3788556,2808119,503071,0,196939,111704,0,0,0,0,0,0,0,0,0,0,3784066,100287,3315755,23,0,0,4592,0,0,0,0,0,0,0,18110335,17080023,0,0,40639,40639,14144,15175,0,0,0,0,0,0,0,0,0,2390811,1193946,0,262144,5258950,85650089,0,0,1026,1025,859127596,0,0,0,0,0,0,0,0,0,0,0,0,867921481,0,7654,1850632,789246653,19968,0,0,35344457,0,0,0,0,0,0,0,0,0,0,0,0,0,0,0,0,0,0,0,7886,0,0,0,0,0,0,0,0,0,0,0,0,0,0,0,0,0,0,0,0,0,0,0,0,43596,4050,20584,16534,16534,0,0,3299,0,0,19,0,0,0,0,0,0,0,0,0,0,0,0,0,0,0,0,0,0,0,0,0,0,0,0,0,0,0,0,0,0,710,24,0
1767051044.001098,1098,ubuntu-rog,1,0,0,8749617,0,3801424,2808119,503071,0,24,0,0,0,0,0,846641683,0,0,4907,846269843,0,0,3801424,2808119,503071,0,196939,111704,0,0,0,0,0,0,0,0,0,0,3796943,100287,3315756,24,0,0,4592,0,0,0,0,0,0,0,18110336,17080023,0,0,40639,40639,14144,15210,0,0,0,0,0,0,0,0,0,2388375,1192729,0,262144,5258950,85650089,0,0,1026,1025,859140458,0,0,0,0,0,0,0,0,0,0,0,0,867921512,0,7654,1850632,789259458,19968,0,0,35344457,0,0,0,0,0,0,0,0,0,0,0,0,0,0,0,0,0,0,0,7886,0,0,0,0,0,0,0,0,0,0,0,0,0,0,0,0,0,0,0,0,0,0,0,0,43596,4050,20584,16534,16534,0,0,3299,0,0,19,0,0,0,0,0,0,0,0,0,0,0,0,0,0,0,0,0,0,0,0,0,0,0,0,0,0,0,0,0,0,710,24,0
1767051045.003244,3244,ubuntu-rog,1,0,0,8737618,0,3814210,2808119,503071,0,26,0,0,0,0,0,846654532,0,0,4907,846282692,0,0,3814210,2808119,503071,0,196939,111704,0,0,0,0,0,0,0,0,0,0,3809712,100287,3315758,26,0,0,4592,0,0,0,0,0,0,0,18110338,17080023,0,0,40639,40639,14144,15230,0,0,0,0,0,0,0,0,0,2385976,1191531,0,262144,5258950,85650089,0,0,1026,1025,859153307,0,0,0,0,0,0,0,0,0,0,0,0,867921529,0,7654,1850632,789272263,19968,0,0,35344457,0,0,0,0,0,0,0,0,0,0,0,0,0,0,0,0,0,0,0,7886,0,0,0,0,0,0,0,0,0,0,0,0,0,0,0,0,0,0,0,0,0,0,0,0,43596,4050,20584,16534,16534,0,0,3299,0,0,19,0,0,0,0,0,0,0,0,0,0,0,0,0,0,0,0,0,0,0,0,0,0,0,0,0,0,0,0,0,0,710,24,0
1767051046.001289,1289,ubuntu-rog,1,0,0,8723498,0,3826965,2808119,503071,0,26,0,0,0,0,0,846667378,0,0,4907,846295538,0,0,3826965,2808119,503071,0,196939,111704,0,0,0,0,0,0,0,0,0,0,3822481,100287,3315758,26,0,0,4592,0,0,0,0,0,0,0,18110338,17080023,0,0,40639,40639,14144,15250,0,0,0,0,0,0,0,0,0,2383152,1190121,0,262144,5258950,85650089,0,0,1026,1025,859166153,0,0,0,0,0,0,0,0,0,0,0,0,867921545,0,7654,1850632,789285068,19968,0,0,35344457,0,0,0,0,0,0,0,0,0,0,0,0,0,0,0,0,0,0,0,7886,0,0,0,0,0,0,0,0,0,0,0,0,0,0,0,0,0,0,0,0,0,0,0,0,43596,4050,20584,16534,16534,0,0,3299,0,0,19,0,0,0,0,0,0,0,0,0,0,0,0,0,0,0,0,0,0,0,0,0,0,0,0,0,0,0,0,0,0,710,24,0
1767051047.001148,1148,ubuntu-rog,1,0,0,8711406,0,3839768,2808119,503071,0,26,0,0,0,0,0,846680238,0,0,4907,846308398,0,0,3839768,2808119,503071,0,196939,111704,0,0,0,0,0,0,0,0,0,0,3835286,100287,3315758,26,0,0,4592,0,0,0,0,0,0,0,18110338,17080023,0,0,40639,40639,14144,15275,0,0,0,0,0,0,0,0,0,2380735,1188914,0,262144,5258950,85650105,0,0,1026,1025,859179013,0,0,0,0,0,0,0,0,0,0,0,0,867921574,0,7654,1850632,789297873,19968,0,0,35344457,0,0,0,0,0,0,0,0,0,0,0,0,0,0,0,0,0,0,0,7886,0,0,0,0,0,0,0,0,0,0,0,0,0,0,0,0,0,0,0,0,0,0,0,0,43596,4050,20584,16534,16534,0,0,3299,0,0,19,0,0,0,0,0,0,0,0,0,0,0,0,0,0,0,0,0,0,0,0,0,0,0,0,0,0,0,0,0,0,710,24,0
1767051048.001139,1139,ubuntu-rog,1,0,0,8699314,0,3852028,2808119,503071,0,27,0,0,0,0,0,846692473,0,0,4907,846320633,0,0,3852028,2808119,503071,0,196939,111704,0,0,0,0,0,0,0,0,0,0,3847521,100287,3315760,27,0,0,4592,0,0,0,0,0,0,0,18110339,17080023,0,0,40639,40639,14144,15305,0,0,0,0,0,0,0,0,0,2378317,1187706,0,262144,5258950,85650105,0,0,1026,1025,859191273,0,0,0,0,0,0,0,0,0,0,0,0,867921602,0,7654,1850632,789310079,19968,0,0,35344457,0,0,0,0,0,0,0,0,0,0,0,0,0,0,0,0,0,0,0,7886,0,0,0,0,0,0,0,0,0,0,0,0,0,0,0,0,0,0,0,0,0,0,0,0,43596,4050,20584,16534,16534,0,0,3299,0,0,19,0,0,0,0,0,0,0,0,0,0,0,0,0,0,0,0,0,0,0,0,0,0,0,0,0,0,0,0,0,0,710,24,0
1767051049.002274,2274,ubuntu-rog,1,0,0,8687210,0,3862847,2808119,503071,0,27,0,0,0,0,0,846703376,0,0,4907,846331536,0,0,3862847,2808119,503071,0,196939,111704,0,0,0,0,0,0,0,0,0,0,3858335,100287,3315760,27,0,0,4592,0,0,0,0,0,0,0,18110339,17080023,0,0,40639,40639,14144,15320,0,0,0,0,0,0,0,0,0,2375897,1186498,0,262144,5258950,85650105,0,0,1026,1025,859202151,0,0,0,0,0,0,0,0,0,0,0,0,867921617,0,7654,1850632,789320922,19968,0,0,35344457,0,0,0,0,0,0,0,0,0,0,0,0,0,0,0,0,0,0,0,7886,0,0,0,0,0,0,0,0,0,0,0,0,0,0,0,0,0,0,0,0,0,0,0,0,43596,4050,20584,16534,16534,0,0,3299,0,0,19,0,0,0,0,0,0,0,0,0,0,0,0,0,0,0,0,0,0,0,0,0,0,0,0,0,0,0,0,0,0,710,24,0
1767051050.001144,1144,ubuntu-rog,1,0,0,8675114,0,3875650,2808122,503071,0,27,0,0,0,0,0,846716222,0,0,4907,846344382,0,0,3875650,2808122,503071,0,196939,111704,0,0,0,0,0,0,0,0,0,0,3871140,100287,3315760,27,0,0,4592,0,0,0,0,0,0,0,18110339,17080023,0,0,40639,40639,14144,15345,0,0,0,0,0,0,0,0,0,2373478,1185290,0,262144,5258950,85650105,0,0,1026,1025,859214997,0,0,0,0,0,0,0,0,0,0,0,0,867921633,0,7654,1850632,789333727,19968,0,0,35344457,0,0,0,0,0,0,0,0,0,0,0,0,0,0,0,0,0,0,0,7886,0,0,0,0,0,0,0,0,0,0,0,0,0,0,0,0,0,0,0,0,0,0,0,0,43596,4050,20584,16534,16534,0,0,3299,0,0,19,0,0,0,0,0,0,0,0,0,0,0,0,0,0,0,0,0,0,0,0,0,0,0,0,0,0,0,0,0,0,710,24,0
1767051051.001250,1250,ubuntu-rog,1,0,0,8663022,0,3888453,2808122,503071,0,29,0,0,0,0,0,846729072,0,0,4907,846357232,0,0,3888453,2808122,503071,0,196939,111704,0,0,0,0,0,0,0,0,0,0,3883945,100287,3315762,29,0,0,4592,0,0,0,0,0,0,0,18110341,17080023,0,0,40639,40639,14144,15370,0,0,0,0,0,0,0,0,0,2371061,1184083,0,262144,5258950,85650105,0,0,1026,1025,859227847,0,0,0,0,0,0,0,0,0,0,0,0,867921666,0,7654,1850632,789346532,19968,0,0,35344457,0,0,0,0,0,0,0,0,0,0,0,0,0,0,0,0,0,0,0,7886,0,0,0,0,0,0,0,0,0,0,0,0,0,0,0,0,0,0,0,0,0,0,0,0,43596,4050,20584,16534,16534,0,0,3299,0,0,19,0,0,0,0,0,0,0,0,0,0,0,0,0,0,0,0,0,0,0,0,0,0,0,0,0,0,0,0,0,0,710,24,0
1767051052.001284,1284,ubuntu-rog,1,0,0,8648906,0,3901256,2808122,503071,0,29,0,0,0,0,0,846741919,0,0,4907,846370079,0,0,3901256,2808122,503071,0,196939,111704,0,0,0,0,0,0,0,0,0,0,3896750,100287,3315762,29,0,0,4592,0,0,0,0,0,0,0,18110341,17080023,0,0,40639,40639,14144,15395,0,0,0,0,0,0,0,0,0,2368238,1182673,0,262144,5258950,85650121,0,0,1026,1025,859240694,0,0,0,0,0,0,0,0,0,0,0,0,867921681,0,7654,1850632,789359337,19968,0,0,35344457,0,0,0,0,0,0,0,0,0,0,0,0,0,0,0,0,0,0,0,7886,0,0,0,0,0,0,0,0,0,0,0,0,0,0,0,0,0,0,0,0,0,0,0,0,43596,4050,20584,16534,16534,0,0,3299,0,0,19,0,0,0,0,0,0,0,0,0,0,0,0,0,0,0,0,0,0,0,0,0,0,0,0,0,0,0,0,0,0,710,24,0
1767051053.003143,3143,ubuntu-rog,1,0,0,8636806,0,3914042,2808122,503071,0,29,0,0,0,0,0,846754765,0,0,4907,846382925,0,0,3914042,2808122,503071,0,196940,111704,0,0,0,0,0,0,0,0,0,0,3909620,100287,3315763,29,0,0,4592,0,0,0,0,0,0,0,18110341,17080023,0,0,40639,40639,14144,15415,0,0,0,0,0,0,0,0,0,2365819,1181465,0,262144,5258950,85650121,0,0,1026,1025,859253540,0,0,0,0,0,0,0,0,0,0,0,0,867921697,0,7654,1850632,789372142,19968,0,0,35344457,0,0,0,0,0,0,0,0,0,0,0,0,0,0,0,0,0,0,0,7886,0,0,0,0,0,0,0,0,0,0,0,0,0,0,0,0,0,0,0,0,0,0,0,0,43596,4050,20584,16534,16534,0,0,3299,0,0,19,0,0,0,0,0,0,0,0,0,0,0,0,0,0,0,0,0,0,0,0,0,0,0,0,0,0,0,0,0,0,710,24,0
1767051054.001209,1209,ubuntu-rog,1,0,0,8626738,0,3924337,2808125,503071,0,29,0,0,0,0,0,846765046,0,0,4907,846393206,0,0,3924337,2808125,503071,0,196940,111704,0,0,0,0,0,0,0,0,0,0,3919835,100287,3315763,29,0,0,4592,0,0,0,0,0,0,0,18110341,17080023,0,0,40639,40639,14144,15445,0,0,0,0,0,0,0,0,0,2363806,1180460,0,262144,5258950,85650121,0,0,1026,1025,859263821,0,0,0,0,0,0,0,0,0,0,0,0,867921714,0,7654,1850632,789382386,19968,0,0,35344457,0,0,0,0,0,0,0,0,0,0,0,0,0,0,0,0,0,0,0,7886,0,0,0,0,0,0,0,0,0,0,0,0,0,0,0,0,0,0,0,0,0,0,0,0,43596,4050,20584,16534,16534,0,0,3299,0,0,19,0,0,0,0,0,0,0,0,0,0,0,0,0,0,0,0,0,0,0,0,0,0,0,0,0,0,0,0,0,0,710,24,0
1767051055.001289,1289,ubuntu-rog,1,0,0,8614638,0,3937123,2808125,503071,0,30,0,0,0,0,0,846777894,0,0,4907,846406054,0,0,3937123,2808125,503071,0,196940,111704,0,0,0,0,0,0,0,0,0,0,3932604,100287,3315764,30,0,0,4592,0,0,0,0,0,0,0,18110342,17080023,0,0,40639,40639,14144,15466,0,0,0,0,0,0,0,0,0,2361387,1179252,0,262144,5258950,85650169,0,0,1026,1025,859276669,0,0,0,0,0,0,0,0,0,0,0,0,867921730,0,7654,1850632,789395191,19968,0,0,35344457,0,0,0,0,0,0,0,0,0,0,0,0,0,0,0,0,0,0,0,7886,0,0,0,0,0,0,0,0,0,0,0,0,0,0,0,0,0,0,0,0,0,0,0,0,43596,4050,20584,16534,16534,0,0,3299,0,0,19,0,0,0,0,0,0,0,0,0,0,0,0,0,0,0,0,0,0,0,0,0,0,0,0,0,0,0,0,0,0,710,24,0
1767051056.001147,1147,ubuntu-rog,1,0,0,8600522,0,3949926,2808126,503071,0,16,0,0,0,0,0,846790741,0,0,4907,846418901,0,0,3949926,2808126,503071,0,196940,111704,0,0,0,0,0,0,0,0,0,0,3945409,100287,3315764,16,0,0,4592,0,0,0,0,0,0,0,18110342,17080037,0,0,40639,40639,14144,15491,0,0,0,0,0,0,0,0,0,2358565,1177842,0,262144,5258950,85650169,0,0,1026,1025,859289516,0,0,0,0,0,0,0,0,0,0,0,0,867921747,0,7654,1850632,789407996,19968,0,0,35344457,0,0,0,0,0,0,0,0,0,0,0,0,0,0,0,0,0,0,0,7886,0,0,0,0,0,0,0,0,0,0,0,0,0,0,0,0,0,0,0,0,0,0,0,0,43596,4050,20584,16534,16534,0,0,3299,0,0,19,0,0,0,0,0,0,0,0,0,0,0,0,0,0,0,0,0,0,0,0,0,0,0,0,0,0,0,0,0,0,710,24,0
1767051057.001250,1250,ubuntu-rog,1,0,0,8588337,0,3962794,2808128,503071,0,20,0,0,0,0,0,846803591,0,0,4907,846431751,0,0,3962794,2808128,503071,0,196940,111704,0,0,0,0,0,0,0,0,0,0,3958286,100287,3315766,20,0,0,4592,0,0,0,0,0,0,0,18110346,17080037,0,0,40639,40639,14144,15526,0,0,0,0,0,0,0,0,0,2356129,1176626,0,262144,5258950,85650185,0,0,1026,1025,859302366,0,0,0,0,0,0,0,0,0,0,0,0,867921765,0,7654,1850632,789420801,19968,0,0,35344457,0,0,0,0,0,0,0,0,0,0,0,0,0,0,0,0,0,0,0,7886,0,0,0,0,0,0,0,0,0,0,0,0,0,0,0,0,0,0,0,0,0,0,0,0,43596,4050,20584,16534,16534,0,0,3299,0,0,19,0,0,0,0,0,0,0,0,0,0,0,0,0,0,0,0,0,0,0,0,0,0,0,0,0,0,0,0,0,0,710,24,0
1767051058.002281,2281,ubuntu-rog,1,0,0,8576334,0,3975532,2808128,503071,0,20,0,0,0,0,0,846816435,0,0,4907,846444595,0,0,3975532,2808128,503071,0,196940,111704,0,0,0,0,0,0,0,0,0,0,3971019,100287,3315766,20,0,0,4592,0,0,0,0,0,0,0,18110346,17080037,0,0,40639,40639,14144,15541,0,0,0,0,0,0,0,0,0,2353729,1175427,0,262144,5258950,85650185,0,0,1026,1025,859315210,0,0,0,0,0,0,0,0,0,0,0,0,867921779,0,7654,1850632,789433606,19968,0,0,35344457,0,0,0,0,0,0,0,0,0,0,0,0,0,0,0,0,0,0,0,7886,0,0,0,0,0,0,0,0,0,0,0,0,0,0,0,0,0,0,0,0,0,0,0,0,43596,4050,20584,16534,16534,0,0,3299,0,0,19,0,0,0,0,0,0,0,0,0,0,0,0,0,0,0,0,0,0,0,0,0,0,0,0,0,0,0,0,0,0,710,24,0
1767051059.001145,1145,ubuntu-rog,1,0,0,8564234,0,3985762,2808128,503071,0,21,0,0,0,0,0,846826716,0,0,4907,846454876,0,0,3985762,2808128,503071,0,196940,111704,0,0,0,0,0,0,0,0,0,0,3981263,100287,3315767,21,0,0,4592,0,0,0,0,0,0,0,18110347,17080037,0,0,40639,40639,14144,15561,0,0,0,0,0,0,0,0,0,2351309,1174219,0,262144,5258950,85650185,0,0,1026,1025,859325491,0,0,0,0,0,0,0,0,0,0,0,0,867921795,0,7654,1850632,789443850,19968,0,0,35344457,0,0,0,0,0,0,0,0,0,0,0,0,0,0,0,0,0,0,0,7886,0,0,0,0,0,0,0,0,0,0,0,0,0,0,0,0,0,0,0,0,0,0,0,0,43596,4050,20584,16534,16534,0,0,3299,0,0,19,0,0,0,0,0,0,0,0,0,0,0,0,0,0,0,0,0,0,0,0,0,0,0,0,0,0,0,0,0,0,710,24,0
1767051060.001250,1250,ubuntu-rog,1,0,0,8552146,0,3998613,2808128,503071,0,21,0,0,0,0,0,846839561,0,0,4907,846467721,0,0,3998613,2808128,503071,0,196940,111704,0,0,0,0,0,0,0,0,0,0,3994104,100287,3315767,21,0,0,4592,0,0,0,0,0,0,0,18110347,17080037,0,0,40639,40639,14144,15591,0,0,0,0,0,0,0,0,0,2348892,1173012,0,262144,5258950,85650185,0,0,1026,1025,859338336,0,0,0,0,0,0,0,0,0,0,0,0,867921811,0,7654,1850632,789456655,19968,0,0,35344457,0,0,0,0,0,0,0,0,0,0,0,0,0,0,0,0,0,0,0,7886,0,0,0,0,0,0,0,0,0,0,0,0,0,0,0,0,0,0,0,0,0,0,0,0,43596,4050,20584,16534,16534,0,0,3299,0,0,19,0,0,0,0,0,0,0,0,0,0,0,0,0,0,0,0,0,0,0,0,0,0,0,0,0,0,0,0,0,0,710,24,0
1767051061.001286,1286,ubuntu-rog,1,0,0,8539614,0,4011368,2808128,503071,0,21,0,0,0,0,0,846852407,0,0,4907,846480567,0,0,4011368,2808128,503071,0,196940,111704,0,0,0,0,0,0,0,0,0,0,4006873,100287,3315767,21,0,0,4592,0,0,0,0,0,0,0,18110347,17080037,0,0,40639,40639,14144,15611,0,0,0,0,0,0,0,0,0,2346386,1171760,0,262144,5258950,85650185,0,0,1026,1025,859351182,0,0,0,0,0,0,0,0,0,0,0,0,867921826,0,7654,1850632,789469460,19968,0,0,35344457,0,0,0,0,0,0,0,0,0,0,0,0,0,0,0,0,0,0,0,7886,0,0,0,0,0,0,0,0,0,0,0,0,0,0,0,0,0,0,0,0,0,0,0,0,43596,4050,20584,16534,16534,0,0,3299,0,0,19,0,0,0,0,0,0,0,0,0,0,0,0,0,0,0,0,0,0,0,0,0,0,0,0,0,0,0,0,0,0,710,24,0
1767051062.003146,3146,ubuntu-rog,1,0,0,8527396,0,4024176,2808129,503071,0,22,0,0,0,0,0,846865253,0,0,4907,846493413,0,0,4024176,2808129,503071,0,196940,111704,0,0,0,0,0,0,0,0,0,0,4019678,100287,3315768,22,0,0,4592,0,0,0,0,0,0,0,18110348,17080037,0,0,40639,40639,14144,15636,0,0,0,0,0,0,0,0,0,2343944,1170541,0,262144,5258950,85650185,0,0,1026,1025,859364028,0,0,0,0,0,0,0,0,0,0,0,0,867921841,0,7654,1850632,789482267,19968,0,0,35344459,0,0,0,0,0,0,0,0,0,0,0,0,0,0,0,0,0,0,0,7886,0,0,0,0,0,0,0,0,0,0,0,0,0,0,0,0,0,0,0,0,0,0,0,0,43596,4050,20584,16534,16534,0,0,3299,0,0,19,0,0,0,0,0,0,0,0,0,0,0,0,0,0,0,0,0,0,0,0,0,0,0,0,0,0,0,0,0,0,710,24,0
1767051063.001173,1173,ubuntu-rog,1,0,0,8513871,0,4037075,2808129,503071,0,7,0,0,0,0,0,846878099,0,0,4907,846506259,0,0,4037075,2808129,503071,0,196940,111704,0,0,0,0,0,0,0,0,0,0,4032555,100287,3315768,7,0,0,4592,0,0,0,0,0,0,0,18110348,17080052,0,0,40639,40639,14144,15671,0,0,0,0,0,0,0,0,0,2341239,1169190,0,262144,5258950,85650277,0,0,1026,1025,859376874,0,0,0,0,0,0,0,0,0,0,0,0,867921856,0,7654,1850632,789495072,19968,0,0,35344459,0,0,0,0,0,0,0,0,0,0,0,0,0,0,0,0,0,0,0,7886,0,0,0,0,0,0,0,0,0,0,0,0,0,0,0,0,0,0,0,0,0,0,0,0,43596,4050,20584,16534,16534,0,0,3299,0,0,19,0,0,0,0,0,0,0,0,0,0,0,0,0,0,0,0,0,0,0,0,0,0,0,0,0,0,0,0,0,0,710,24,0
1767051064.002284,2284,ubuntu-rog,1,0,0,8504338,0,4047240,2808130,503071,0,12,0,0,0,0,0,846888380,0,0,4907,846516540,0,0,4047240,2808130,503071,0,196940,111704,0,0,0,0,0,0,0,0,0,0,4042727,100287,3315770,12,0,0,4592,0,0,0,0,0,0,0,18110353,17080052,0,0,40639,40639,14144,15681,0,0,0,0,0,0,0,0,0,2339333,1168238,0,262144,5258950,85650277,0,0,1026,1025,859387155,0,0,0,0,0,0,0,0,0,0,0,0,867921872,0,7654,1850632,789505316,19968,0,0,35344459,0,0,0,0,0,0,0,0,0,0,0,0,0,0,0,0,0,0,0,7886,0,0,0,0,0,0,0,0,0,0,0,0,0,0,0,0,0,0,0,0,0,0,0,0,43596,4050,20584,16534,16534,0,0,3299,0,0,19,0,0,0,0,0,0,0,0,0,0,0,0,0,0,0,0,0,0,0,0,0,0,0,0,0,0,0,0,0,0,710,24,0
1767051065.001149,1149,ubuntu-rog,1,0,0,8490789,0,4060043,2808130,503071,0,12,0,0,0,0,0,846901226,0,0,4907,846529386,0,0,4060043,2808130,503071,0,196940,111704,0,0,0,0,0,0,0,0,0,0,4055532,100287,3315770,12,0,0,4592,0,0,0,0,0,0,0,18110353,17080052,0,0,40639,40639,14144,15706,0,0,0,0,0,0,0,0,0,2336624,1166885,0,262144,5258950,85650277,0,0,1026,1025,859400001,0,0,0,0,0,0,0,0,0,0,0,0,867921888,0,7654,1850632,789518121,19968,0,0,35344459,0,0,0,0,0,0,0,0,0,0,0,0,0,0,0,0,0,0,0,7886,0,0,0,0,0,0,0,0,0,0,0,0,0,0,0,0,0,0,0,0,0,0,0,0,43596,4050,20584,16534,16534,0,0,3299,0,0,19,0,0,0,0,0,0,0,0,0,0,0,0,0,0,0,0,0,0,0,0,0,0,0,0,0,0,0,0,0,0,710,24,0
1767051066.001249,1249,ubuntu-rog,1,0,0,8477307,0,4072846,2808131,503071,0,14,0,0,0,0,0,846914072,0,0,4907,846542232,0,0,4072846,2808131,503071,0,196940,111704,0,0,0,0,0,0,0,0,0,0,4068337,100287,3315771,14,0,0,4592,0,0,0,0,0,0,0,18110355,17080052,0,0,40639,40639,14144,15731,0,0,0,0,0,0,0,0,0,2333929,1165539,0,262144,5258950,85650277,0,0,1026,1025,859412847,0,0,0,0,0,0,0,0,0,0,0,0,867921903,0,7654,1850632,789530926,19968,0,0,35344459,0,0,0,0,0,0,0,0,0,0,0,0,0,0,0,0,0,0,0,7886,0,0,0,0,0,0,0,0,0,0,0,0,0,0,0,0,0,0,0,0,0,0,0,0,43596,4050,20584,16534,16534,0,0,3299,0,0,19,0,0,0,0,0,0,0,0,0,0,0,0,0,0,0,0,0,0,0,0,0,0,0,0,0,0,0,0,0,0,710,24,0
1767051067.001706,1706,ubuntu-rog,1,0,0,8465802,0,4085714,2808131,503071,0,14,0,0,0,0,0,846926917,0,0,4907,846555077,0,0,4085714,2808131,503071,0,196940,111704,0,0,0,0,0,0,0,0,0,0,4081214,100287,3315771,14,0,0,4592,0,0,0,0,0,0,0,18110355,17080052,0,0,40639,40639,14144,15766,0,0,0,0,0,0,0,0,0,2331628,1164390,0,262144,5258950,85650277,0,0,1026,1025,859425692,0,0,0,0,0,0,0,0,0,0,0,0,867921918,0,7654,1850632,789543731,19968,0,0,35344459,0,0,0,0,0,0,0,0,0,0,0,0,0,0,0,0,0,0,0,7886,0,0,0,0,0,0,0,0,0,0,0,0,0,0,0,0,0,0,0,0,0,0,0,0,43596,4050,20584,16534,16534,0,0,3299,0,0,19,0,0,0,0,0,0,0,0,0,0,0,0,0,0,0,0,0,0,0,0,0,0,0,0,0,0,0,0,0,0,710,24,0
1767051068.002141,2141,ubuntu-rog,1,0,0,8452611,0,4098452,2808131,503071,0,8,0,0,0,0,0,846939764,0,0,4907,846567924,0,0,4098452,2808131,503071,0,196940,111704,0,0,0,0,0,0,0,0,0,0,4093947,100287,3315771,8,0,0,4592,0,0,0,0,0,0,0,18110355,17080058,0,0,40639,40639,14144,15781,0,0,0,0,0,0,0,0,0,2328991,1163073,0,262144,5258950,85650329,0,0,1026,1025,859438539,0,0,0,0,0,0,0,0,0,0,0,0,867921933,0,7654,1850632,789556536,19968,0,0,35344459,0,0,0,0,0,0,0,0,0,0,0,0,0,0,0,0,0,0,0,7886,0,0,0,0,0,0,0,0,0,0,0,0,0,0,0,0,0,0,0,0,0,0,0,0,43596,4050,20584,16534,16534,0,0,3299,0,0,19,0,0,0,0,0,0,0,0,0,0,0,0,0,0,0,0,0,0,0,0,0,0,0,0,0,0,0,0,0,0,710,24,0
1767051069.001239,1239,ubuntu-rog,1,0,0,8441120,0,4110329,2808131,503071,0,9,0,0,0,0,0,846951672,0,0,4907,846579832,0,0,4110329,2808131,503071,0,196940,111704,0,0,0,0,0,0,0,0,0,0,4105807,100287,3315773,9,0,0,4592,0,0,0,0,0,0,0,18110356,17080058,0,0,40639,40639,14144,15801,0,0,0,0,0,0,0,0,0,2326693,1161926,0,262144,5258950,85650329,0,0,1026,1025,859450447,0,0,0,0,0,0,0,0,0,0,0,0,867921949,0,7654,1850632,789568404,19968,0,0,35344459,0,0,0,0,0,0,0,0,0,0,0,0,0,0,0,0,0,0,0,7886,0,0,0,0,0,0,0,0,0,0,0,0,0,0,0,0,0,0,0,0,0,0,0,0,43596,4050,20584,16534,16534,0,0,3299,0,0,19,0,0,0,0,0,0,0,0,0,0,0,0,0,0,0,0,0,0,0,0,0,0,0,0,0,0,0,0,0,0,710,24,0
1767051070.001287,1287,ubuntu-rog,1,0,0,8428846,0,4121516,2808134,503071,0,14,0,0,0,0,0,846962892,0,0,4907,846591052,0,0,4121516,2808134,503071,0,196940,111704,0,0,0,0,0,0,0,0,0,0,4116996,100287,3315776,14,0,0,4592,0,0,0,0,0,0,0,18110361,17080058,0,0,40639,40639,14144,15826,0,0,0,0,0,0,0,0,0,2324239,1160700,0,262144,5258950,85650329,0,0,1026,1025,859461667,0,0,0,0,0,0,0,0,0,0,0,0,867921964,0,7654,1850632,789579585,19968,0,0,35344459,0,0,0,0,0,0,0,0,0,0,0,0,0,0,0,0,0,0,0,7886,0,0,0,0,0,0,0,0,0,0,0,0,0,0,0,0,0,0,0,0,0,0,0,0,43596,4050,20584,16534,16534,0,0,3299,0,0,19,0,0,0,0,0,0,0,0,0,0,0,0,0,0,0,0,0,0,0,0,0,0,0,0,0,0,0,0,0,0,710,24,0
1767051071.001150,1150,ubuntu-rog,1,0,0,8417272,0,4134319,2808134,503071,0,14,0,0,0,0,0,846975738,0,0,4907,846603898,0,0,4134319,2808134,503071,0,196940,111704,0,0,0,0,0,0,0,0,0,0,4129801,100287,3315776,14,0,0,4592,0,0,0,0,0,0,0,18110361,17080058,0,0,40639,40639,14144,15851,0,0,0,0,0,0,0,0,0,2321925,1159545,0,262144,5258950,85650329,0,0,1026,1025,859474513,0,0,0,0,0,0,0,0,0,0,0,0,867921984,0,7654,1850632,789592390,19968,0,0,35344459,0,0,0,0,0,0,0,0,0,0,0,0,0,0,0,0,0,0,0,7886,0,0,0,0,0,0,0,0,0,0,0,0,0,0,0,0,0,0,0,0,0,0,0,0,43596,4050,20584,16534,16534,0,0,3299,0,0,19,0,0,0,0,0,0,0,0,0,0,0,0,0,0,0,0,0,0,0,0,0,0,0,0,0,0,0,0,0,0,710,24,0
1767051072.001224,1224,ubuntu-rog,1,0,0,8403747,0,4147187,2808134,503071,0,14,0,0,0,0,0,846988607,0,0,4907,846616767,0,0,4147187,2808134,503071,0,196940,111704,0,0,0,0,0,0,0,0,0,0,4142678,100287,3315776,14,0,0,4592,0,0,0,0,0,0,0,18110361,17080058,0,0,40639,40639,14096,15886,0,0,0,0,0,0,0,0,0,2319221,1158194,0,262144,5258950,85650329,0,0,1026,1025,859487382,0,0,0,0,0,0,0,0,0,0,0,0,867922023,0,7654,1850632,789605195,19968,0,0,35344459,0,0,0,0,0,0,0,0,0,0,0,0,0,0,0,0,0,0,0,7886,0,0,0,0,0,0,0,0,0,0,0,0,0,0,0,0,0,0,0,0,0,0,0,0,43596,4050,20584,16534,16534,0,0,3299,0,0,19,0,0,0,0,0,0,0,0,0,0,0,0,0,0,0,0,0,0,0,0,0,0,0,0,0,0,0,0,0,0,710,24,0
1767051073.002285,2285,ubuntu-rog,1,0,0,8390270,0,4159973,2808134,503071,0,15,0,0,0,0,0,847001480,0,0,4907,846629640,0,0,4159973,2808134,503071,0,196940,111704,0,0,0,0,0,0,0,0,0,0,4155447,100287,3315777,15,0,0,4592,0,0,0,0,0,0,0,18110362,17080058,0,0,40639,40639,14096,15906,0,0,0,0,0,0,0,0,0,2316526,1156849,0,262144,5258950,85650329,0,0,1026,1025,859500255,0,0,0,0,0,0,0,0,0,0,0,0,867922065,0,7654,1850632,789618000,19968,0,0,35344459,0,0,0,0,0,0,0,0,0,0,0,0,0,0,0,0,0,0,0,7886,0,0,0,0,0,0,0,0,0,0,0,0,0,0,0,0,0,0,0,0,0,0,0,0,43596,4050,20584,16534,16534,0,0,3299,0,0,19,0,0,0,0,0,0,0,0,0,0,0,0,0,0,0,0,0,0,0,0,0,0,0,0,0,0,0,0,0,0,710,24,0
1767051074.001146,1146,ubuntu-rog,1,0,0,8380261,0,4171367,2808136,503071,0,15,0,0,0,0,0,847012935,0,0,4907,846641095,0,0,4171367,2808136,503071,0,196940,111704,0,0,0,0,0,0,0,0,0,0,4166867,100287,3315777,15,0,0,4592,0,0,0,0,0,0,0,18110362,17080058,0,0,40639,40639,14096,15921,0,0,0,0,0,0,0,0,0,2314525,1155849,0,262144,5258950,85650345,0,0,1026,1025,859511737,0,0,0,0,0,0,0,0,0,0,0,0,867922111,0,7654,1850632,789629412,19968,0,0,35344459,0,0,0,0,0,0,0,0,0,0,0,0,0,0,0,0,0,0,0,7886,0,0,0,0,0,0,0,0,0,0,0,0,0,0,0,0,0,0,0,0,0,0,0,0,43596,4050,20584,16534,16534,0,0,3299,0,0,19,0,0,0,0,0,0,0,0,0,0,0,0,0,0,0,0,0,0,0,0,0,0,0,0,0,0,0,0,0,0,710,24,0
1767051075.001249,1249,ubuntu-rog,1,0,0,8368496,0,4182958,2808136,503071,0,15,0,0,0,0,0,847024658,0,0,4907,846652818,0,0,4182958,2808136,503071,0,196940,111704,0,0,0,0,0,0,0,0,0,0,4178460,100287,3315778,15,0,0,4592,0,0,0,0,0,0,0,18110362,17080058,0,0,40639,40639,14096,15946,0,0,0,0,0,0,0,0,0,2312173,1154675,0,262144,5258950,85650345,0,0,1026,1025,859523433,0,0,0,0,0,0,0,0,0,0,0,0,867922143,0,7654,1850632,789641049,19968,0,0,35344459,0,0,0,0,0,0,0,0,0,0,0,0,0,0,0,0,0,0,0,7886,0,0,0,0,0,0,0,0,0,0,0,0,0,0,0,0,0,0,0,0,0,0,0,0,43596,4050,20584,16534,16534,0,0,3299,0,0,19,0,0,0,0,0,0,0,0,0,0,0,0,0,0,0,0,0,0,0,0,0,0,0,0,0,0,0,0,0,0,710,24,0
1767051076.001487,1487,ubuntu-rog,1,0,0,8355867,0,4195857,2808137,503071,0,16,0,0,0,0,0,847037624,0,0,4907,846665784,0,0,4195857,2808137,503071,0,196940,111700,0,0,0,0,0,0,0,0,0,0,4191337,100287,3315779,16,0,0,4592,0,0,0,0,0,0,0,18110363,17080058,0,0,40639,40639,14096,15982,0,0,0,0,0,0,0,0,0,2309648,1153414,0,262144,5258950,85650345,0,0,1026,1025,859536483,0,0,0,0,0,0,0,0,0,0,0,0,867922312,0,7654,1850632,789653913,19968,0,0,35344459,0,0,0,0,0,0,0,0,0,0,0,0,0,0,0,0,0,0,0,7886,0,0,0,0,0,0,0,0,0,0,0,0,0,0,0,0,0,0,0,0,0,0,0,0,43596,4050,20584,16534,16534,0,0,3299,0,0,19,0,0,0,0,0,0,0,0,0,0,0,0,0,0,0,0,0,0,0,0,0,0,0,0,0,0,0,0,0,0,710,24,0
1767051077.002141,2141,ubuntu-rog,1,0,0,8341844,0,4208622,2808141,503071,0,17,0,0,0,0,0,847050472,0,0,4907,846678632,0,0,4208622,2808141,503071,0,196940,111700,0,0,0,0,0,0,0,0,0,0,4204118,100287,3315780,17,0,0,4592,0,0,0,0,0,0,0,18110364,17080058,0,0,40639,40639,14096,15997,0,0,0,0,0,0,0,0,0,2306845,1152014,0,262144,5258950,85650345,0,0,1026,1025,859549331,0,0,0,0,0,0,0,0,0,0,0,0,867922329,0,7654,1850632,789666718,19968,0,0,35344459,0,0,0,0,0,0,0,0,0,0,0,0,0,0,0,0,0,0,0,7886,0,0,0,0,0,0,0,0,0,0,0,0,0,0,0,0,0,0,0,0,0,0,0,0,43596,4050,20584,16534,16534,0,0,3299,0,0,19,0,0,0,0,0,0,0,0,0,0,0,0,0,0,0,0,0,0,0,0,0,0,0,0,0,0,0,0,0,0,710,24,0
1767051078.001237,1237,ubuntu-rog,1,0,0,8329752,0,4221425,2808141,503071,0,17,0,0,0,0,0,847063319,0,0,4907,846691479,0,0,4221425,2808141,503071,0,196940,111700,0,0,0,0,0,0,0,0,0,0,4216923,100287,3315780,17,0,0,4592,0,0,0,0,0,0,0,18110364,17080058,0,0,40639,40639,14096,16022,0,0,0,0,0,0,0,0,0,2304427,1150806,0,262144,5258950,85650345,0,0,1026,1025,859562178,0,0,0,0,0,0,0,0,0,0,0,0,867922346,0,7654,1850632,789679523,19968,0,0,35344459,0,0,0,0,0,0,0,0,0,0,0,0,0,0,0,0,0,0,0,7886,0,0,0,0,0,0,0,0,0,0,0,0,0,0,0,0,0,0,0,0,0,0,0,0,43596,4050,20584,16534,16534,0,0,3299,0,0,19,0,0,0,0,0,0,0,0,0,0,0,0,0,0,0,0,0,0,0,0,0,0,0,0,0,0,0,0,0,0,710,24,0
1767051079.001288,1288,ubuntu-rog,1,0,0,8317656,0,4234228,2808141,503071,0,17,0,0,0,0,0,847076166,0,0,4907,846704326,0,0,4234228,2808141,503071,0,196940,111700,0,0,0,0,0,0,0,0,0,0,4229728,100287,3315780,17,0,0,4592,0,0,0,0,0,0,0,18110364,17080058,0,0,40639,40639,14096,16047,0,0,0,0,0,0,0,0,0,2302008,1149598,0,262144,5258950,85650345,0,0,1026,1025,859575025,0,0,0,0,0,0,0,0,0,0,0,0,867922363,0,7654,1850632,789692328,19968,0,0,35344459,0,0,0,0,0,0,0,0,0,0,0,0,0,0,0,0,0,0,0,7886,0,0,0,0,0,0,0,0,0,0,0,0,0,0,0,0,0,0,0,0,0,0,0,0,43596,4050,20584,16534,16534,0,0,3299,0,0,19,0,0,0,0,0,0,0,0,0,0,0,0,0,0,0,0,0,0,0,0,0,0,0,0,0,0,0,0,0,0,710,24,0
1767051080.001148,1148,ubuntu-rog,1,0,0,8305556,0,4244458,2808141,503071,0,17,0,0,0,0,0,847086447,0,0,4907,846714607,0,0,4244458,2808141,503071,0,196940,111700,0,0,0,0,0,0,0,0,0,0,4239972,100287,3315780,17,0,0,4592,0,0,0,0,0,0,0,18110364,17080058,0,0,40639,40639,14096,16067,0,0,0,0,0,0,0,0,0,2299589,1148390,0,262144,5258950,85650361,0,0,1026,1025,859585306,0,0,0,0,0,0,0,0,0,0,0,0,867922378,0,7654,1850632,789702572,19968,0,0,35344459,0,0,0,0,0,0,0,0,0,0,0,0,0,0,0,0,0,0,0,7886,0,0,0,0,0,0,0,0,0,0,0,0,0,0,0,0,0,0,0,0,0,0,0,0,43596,4050,20584,16534,16534,0,0,3299,0,0,19,0,0,0,0,0,0,0,0,0,0,0,0,0,0,0,0,0,0,0,0,0,0,0,0,0,0,0,0,0,0,710,24,0
1767051081.002244,2244,ubuntu-rog,1,0,0,8293460,0,4257261,2808141,503071,0,18,0,0,0,0,0,847099293,0,0,4907,846727453,0,0,4257261,2808141,503071,0,196940,111700,0,0,0,0,0,0,0,0,0,0,4252777,100287,3315783,18,0,0,4592,0,0,0,0,0,0,0,18110365,17080058,0,0,40639,40639,14096,16092,0,0,0,0,0,0,0,0,0,2297170,1147182,0,262144,5258950,85650361,0,0,1026,1025,859598152,0,0,0,0,0,0,0,0,0,0,0,0,867922393,0,7654,1850632,789715377,19968,0,0,35344459,0,0,0,0,0,0,0,0,0,0,0,0,0,0,0,0,0,0,0,7886,0,0,0,0,0,0,0,0,0,0,0,0,0,0,0,0,0,0,0,0,0,0,0,0,43596,4050,20584,16534,16534,0,0,3299,0,0,19,0,0,0,0,0,0,0,0,0,0,0,0,0,0,0,0,0,0,0,0,0,0,0,0,0,0,0,0,0,0,710,24,0
1767051082.001711,1711,ubuntu-rog,1,0,0,8277306,0,4270129,2808143,503071,0,19,0,0,0,0,0,847112140,0,0,4907,846740300,0,0,4270129,2808143,503071,0,196940,111700,0,0,0,0,0,0,0,0,0,0,4265654,100287,3315784,19,0,0,4592,0,0,0,0,0,0,0,18110366,17080058,0,0,40639,40639,14096,16127,0,0,0,0,0,0,0,0,0,2293941,1145570,0,262144,5258950,85650361,0,0,1026,1025,859610999,0,0,0,0,0,0,0,0,0,0,0,0,867922409,0,7654,1850632,789728182,19968,0,0,35344459,0,0,0,0,0,0,0,0,0,0,0,0,0,0,0,0,0,0,0,7886,0,0,0,0,0,0,0,0,0,0,0,0,0,0,0,0,0,0,0,0,0,0,0,0,43596,4050,20584,16534,16534,0,0,3299,0,0,19,0,0,0,0,0,0,0,0,0,0,0,0,0,0,0,0,0,0,0,0,0,0,0,0,0,0,0,0,0,0,710,24,0
1767051083.002143,2143,ubuntu-rog,1,0,0,8265299,0,4282867,2808143,503071,0,20,0,0,0,0,0,847124986,0,0,4907,846753146,0,0,4282867,2808143,503071,0,196940,111700,0,0,0,0,0,0,0,0,0,0,4278387,100287,3315785,20,0,0,4592,0,0,0,0,0,0,0,18110367,17080058,0,0,40639,40639,14096,16142,0,0,0,0,0,0,0,0,0,2291540,1144371,0,262144,5258950,85650361,0,0,1026,1025,859623845,0,0,0,0,0,0,0,0,0,0,0,0,867922424,0,7654,1850632,789740987,19968,0,0,35344459,0,0,0,0,0,0,0,0,0,0,0,0,0,0,0,0,0,0,0,7886,0,0,0,0,0,0,0,0,0,0,0,0,0,0,0,0,0,0,0,0,0,0,0,0,43596,4050,20584,16534,16534,0,0,3299,0,0,19,0,0,0,0,0,0,0,0,0,0,0,0,0,0,0,0,0,0,0,0,0,0,0,0,0,0,0,0,0,0,710,24,0
1767051084.001247,1247,ubuntu-rog,1,0,0,8253207,0,4295670,2808143,503071,0,21,0,0,0,0,0,847137834,0,0,4907,846765994,0,0,4295670,2808143,503071,0,196940,111700,0,0,0,0,0,0,0,0,0,0,4291192,100287,3315786,21,0,0,4592,0,0,0,0,0,0,0,18110368,17080058,0,0,40639,40639,14096,16168,0,0,0,0,0,0,0,0,0,2289122,1143163,0,262144,5258950,85650361,0,0,1026,1025,859636693,0,0,0,0,0,0,0,0,0,0,0,0,867922440,0,7654,1850632,789753792,19968,0,0,35344459,0,0,0,0,0,0,0,0,0,0,0,0,0,0,0,0,0,0,0,7886,0,0,0,0,0,0,0,0,0,0,0,0,0,0,0,0,0,0,0,0,0,0,0,0,43596,4050,20584,16534,16534,0,0,3299,0,0,19,0,0,0,0,0,0,0,0,0,0,0,0,0,0,0,0,0,0,0,0,0,0,0,0,0,0,0,0,0,0,710,24,0
1767051085.001225,1225,ubuntu-rog,1,0,0,8243127,0,4305931,2808143,503071,0,21,0,0,0,0,0,847148115,0,0,4907,846776275,0,0,4305931,2808143,503071,0,196940,111700,0,0,0,0,0,0,0,0,0,0,4301436,100287,3315786,21,0,0,4592,0,0,0,0,0,0,0,18110368,17080058,0,0,40639,40639,14096,16188,0,0,0,0,0,0,0,0,0,2287106,1142157,0,262144,5258950,85650377,0,0,1026,1025,859646974,0,0,0,0,0,0,0,0,0,0,0,0,867922455,0,7654,1850632,789764036,19968,0,0,35344459,0,0,0,0,0,0,0,0,0,0,0,0,0,0,0,0,0,0,0,7886,0,0,0,0,0,0,0,0,0,0,0,0,0,0,0,0,0,0,0,0,0,0,0,0,43596,4050,20584,16534,16534,0,0,3299,0,0,19,0,0,0,0,0,0,0,0,0,0,0,0,0,0,0,0,0,0,0,0,0,0,0,0,0,0,0,0,0,0,710,24,0
1767051086.001147,1147,ubuntu-rog,1,0,0,8229082,0,4318760,2808145,503071,0,21,0,0,0,0,0,847160960,0,0,4907,846789120,0,0,4318760,2808145,503071,0,196940,111700,0,0,0,0,0,0,0,0,0,0,4314277,100287,3315788,21,0,0,4592,0,0,0,0,0,0,0,18110368,17080058,0,0,40639,40639,14096,16218,0,0,0,0,0,0,0,0,0,2284298,1140754,0,262144,5258950,85650377,0,0,1026,1025,859659819,0,0,0,0,0,0,0,0,0,0,0,0,867922470,0,7654,1850632,789776841,19968,0,0,35344459,0,0,0,0,0,0,0,0,0,0,0,0,0,0,0,0,0,0,0,7886,0,0,0,0,0,0,0,0,0,0,0,0,0,0,0,0,0,0,0,0,0,0,0,0,43596,4050,20584,16534,16534,0,0,3299,0,0,19,0,0,0,0,0,0,0,0,0,0,0,0,0,0,0,0,0,0,0,0,0,0,0,0,0,0,0,0,0,0,710,24,0
1767051087.002239,2239,ubuntu-rog,1,0,0,8216982,0,4331533,2808149,503071,0,21,0,0,0,0,0,847173813,0,0,4907,846801973,0,0,4331533,2808149,503071,0,196940,111700,0,0,0,0,0,0,0,0,0,0,4327043,100287,3315788,21,0,0,4592,0,0,0,0,0,0,0,18110368,17080058,0,0,40639,40639,14096,16238,0,0,0,0,0,0,0,0,0,2281880,1139547,0,262144,5258950,85650377,0,0,1026,1025,859672672,0,0,0,0,0,0,0,0,0,0,0,0,867922496,0,7654,1850632,789789652,19968,0,0,35344459,0,0,0,0,0,0,0,0,0,0,0,0,0,0,0,0,0,0,0,7886,0,0,0,0,0,0,0,0,0,0,0,0,0,0,0,0,0,0,0,0,0,0,0,0,43596,4050,20584,16534,16534,0,0,3299,0,0,19,0,0,0,0,0,0,0,0,0,0,0,0,0,0,0,0,0,0,0,0,0,0,0,0,0,0,0,0,0,0,710,24,0
1767051088.001296,1296,ubuntu-rog,1,0,0,8202874,0,4344384,2808149,503071,0,22,0,0,0,0,0,847186659,0,0,4907,846814819,0,0,4344384,2808149,503071,0,196940,111700,0,0,0,0,0,0,0,0,0,0,4339884,100287,3315789,22,0,0,4592,0,0,0,0,0,0,0,18110369,17080058,0,0,40639,40639,14096,16268,0,0,0,0,0,0,0,0,0,2279059,1138138,0,262144,5258950,85650397,0,0,1026,1025,859685518,0,0,0,0,0,0,0,0,0,0,0,0,867922511,0,7654,1850632,789802457,19968,0,0,35344459,0,0,0,0,0,0,0,0,0,0,0,0,0,0,0,0,0,0,0,7886,0,0,0,0,0,0,0,0,0,0,0,0,0,0,0,0,0,0,0,0,0,0,0,0,43596,4050,20584,16534,16534,0,0,3299,0,0,19,0,0,0,0,0,0,0,0,0,0,0,0,0,0,0,0,0,0,0,0,0,0,0,0,0,0,0,0,0,0,710,24,0
1767051089.001149,1149,ubuntu-rog,1,0,0,8188758,0,4357139,2808149,503071,0,16,0,0,0,0,0,847199506,0,0,4907,846827666,0,0,4357139,2808149,503071,0,196940,111700,0,0,0,0,0,0,0,0,0,0,4352653,100287,3315790,16,0,0,4592,0,0,0,0,0,0,0,18110370,17080065,0,0,40639,40639,14096,16288,0,0,0,0,0,0,0,0,0,2276236,1136728,0,262144,5258950,85650397,0,0,1026,1025,859698365,0,0,0,0,0,0,0,0,0,0,0,0,867922527,0,7654,1850632,789815263,19968,0,0,35344460,0,0,0,0,0,0,0,0,0,0,0,0,0,0,0,0,0,0,0,7886,0,0,0,0,0,0,0,0,0,0,0,0,0,0,0,0,0,0,0,0,0,0,0,0,43596,4050,20584,16534,16534,0,0,3299,0,0,19,0,0,0,0,0,0,0,0,0,0,0,0,0,0,0,0,0,0,0,0,0,0,0,0,0,0,0,0,0,0,710,24,0
1767051090.001254,1254,ubuntu-rog,1,0,0,8176662,0,4369067,2808149,503071,0,16,0,0,0,0,0,847211468,0,0,4907,846839628,0,0,4369067,2808149,503071,0,196940,111700,0,0,0,0,0,0,0,0,0,0,4364571,100287,3315790,16,0,0,4592,0,0,0,0,0,0,0,18110370,17080065,0,0,40639,40639,14096,16313,0,0,0,0,0,0,0,0,0,2273818,1135520,0,262144,5258950,85650413,0,0,1026,1025,859710327,0,0,0,0,0,0,0,0,0,0,0,0,867922544,0,7654,1850632,789827182,19968,0,0,35344460,0,0,0,0,0,0,0,0,0,0,0,0,0,0,0,0,0,0,0,7886,0,0,0,0,0,0,0,0,0,0,0,0,0,0,0,0,0,0,0,0,0,0,0,0,43596,4050,20584,16534,16534,0,0,3299,0,0,19,0,0,0,0,0,0,0,0,0,0,0,0,0,0,0,0,0,0,0,0,0,0,0,0,0,0,0,0,0,0,710,24,0
1767051091.001172,1172,ubuntu-rog,1,0,0,8166683,0,4380196,2808150,503071,0,18,0,0,0,0,0,847222634,0,0,4907,846850794,0,0,4380196,2808150,503071,0,196940,111700,0,0,0,0,0,0,0,0,0,0,4375702,100287,3315791,18,0,0,4592,0,0,0,0,0,0,0,18110372,17080065,0,0,40639,40639,14096,16333,0,0,0,0,0,0,0,0,0,2271823,1134524,0,262144,5258950,85650413,0,0,1026,1025,859721493,0,0,0,0,0,0,0,0,0,0,0,0,867922574,0,7654,1850632,789838312,19968,0,0,35344460,0,0,0,0,0,0,0,0,0,0,0,0,0,0,0,0,0,0,0,7886,0,0,0,0,0,0,0,0,0,0,0,0,0,0,0,0,0,0,0,0,0,0,0,0,43596,4050,20584,16534,16534,0,0,3299,0,0,19,0,0,0,0,0,0,0,0,0,0,0,0,0,0,0,0,0,0,0,0,0,0,0,0,0,0,0,0,0,0,710,24,0
1767051092.004146,4146,ubuntu-rog,1,0,0,8154952,0,4392985,2808150,503071,0,19,0,0,0,0,0,847235482,0,0,4907,846863642,0,0,4392985,2808150,503071,0,196940,111700,0,0,0,0,0,0,0,0,0,0,4388406,100287,3315792,19,0,0,4592,0,0,0,0,0,0,0,18110373,17080065,0,0,40639,40639,14096,16358,0,0,0,0,0,0,0,0,0,2269477,1133353,0,262144,5258950,85650413,0,0,1026,1025,859734341,0,0,0,0,0,0,0,0,0,0,0,0,867922599,0,7654,1850632,789851117,19968,0,0,35344460,0,0,0,0,0,0,0,0,0,0,0,0,0,0,0,0,0,0,0,7886,0,0,0,0,0,0,0,0,0,0,0,0,0,0,0,0,0,0,0,0,0,0,0,0,43596,4050,20584,16534,16534,0,0,3299,0,0,19,0,0,0,0,0,0,0,0,0,0,0,0,0,0,0,0,0,0,0,0,0,0,0,0,0,0,0,0,0,0,710,24,0
1767051093.001248,1248,ubuntu-rog,1,0,0,8140874,0,4405785,2808153,503071,0,19,0,0,0,0,0,847248328,0,0,4907,846876488,0,0,4405785,2808153,503071,0,196940,111700,0,0,0,0,0,0,0,0,0,0,4401312,100287,3315792,19,0,0,4592,0,0,0,0,0,0,0,18110373,17080065,0,0,40639,40639,14096,16383,0,0,0,0,0,0,0,0,0,2266663,1131947,0,262144,5258950,85650413,0,0,1026,1025,859747187,0,0,0,0,0,0,0,0,0,0,0,0,867922615,0,7654,1850632,789863922,19968,0,0,35344460,0,0,0,0,0,0,0,0,0,0,0,0,0,0,0,0,0,0,0,7886,0,0,0,0,0,0,0,0,0,0,0,0,0,0,0,0,0,0,0,0,0,0,0,0,43596,4050,20584,16534,16534,0,0,3299,0,0,19,0,0,0,0,0,0,0,0,0,0,0,0,0,0,0,0,0,0,0,0,0,0,0,0,0,0,0,0,0,0,710,24,0
1767051094.001295,1295,ubuntu-rog,1,0,0,8128782,0,4418588,2808153,503071,0,20,0,0,0,0,0,847261177,0,0,4907,846889337,0,0,4418588,2808153,503071,0,196940,111700,0,0,0,0,0,0,0,0,0,0,4414117,100287,3315793,20,0,0,4592,0,0,0,0,0,0,0,18110374,17080065,0,0,40639,40639,14096,16408,0,0,0,0,0,0,0,0,0,2264245,1130740,0,262144,5258950,85650413,0,0,1026,1025,859760036,0,0,0,0,0,0,0,0,0,0,0,0,867922633,0,7654,1850632,789876727,19968,0,0,35344460,0,0,0,0,0,0,0,0,0,0,0,0,0,0,0,0,0,0,0,7886,0,0,0,0,0,0,0,0,0,0,0,0,0,0,0,0,0,0,0,0,0,0,0,0,43596,4050,20584,16534,16534,0,0,3299,0,0,19,0,0,0,0,0,0,0,0,0,0,0,0,0,0,0,0,0,0,0,0,0,0,0,0,0,0,0,0,0,0,710,24,0
1767051095.001419,1419,ubuntu-rog,1,0,0,8116594,0,4431456,2808153,503071,0,20,0,0,0,0,0,847274025,0,0,4907,846902185,0,0,4431456,2808153,503071,0,196940,111700,0,0,0,0,0,0,0,0,0,0,4426994,100287,3315793,20,0,0,4592,0,0,0,0,0,0,0,18110374,17080065,0,0,40639,40639,14096,16443,0,0,0,0,0,0,0,0,0,2261808,1129523,0,262144,5258950,85650413,0,0,1026,1025,859772884,0,0,0,0,0,0,0,0,0,0,0,0,867922651,0,7654,1850632,789889532,19968,0,0,35344460,0,0,0,0,0,0,0,0,0,0,0,0,0,0,0,0,0,0,0,7886,0,0,0,0,0,0,0,0,0,0,0,0,0,0,0,0,0,0,0,0,0,0,0,0,43596,4050,20584,16534,16534,0,0,3299,0,0,19,0,0,0,0,0,0,0,0,0,0,0,0,0,0,0,0,0,0,0,0,0,0,0,0,0,0,0,0,0,0,710,24,0
1767051096.002234,2234,ubuntu-rog,1,0,0,8104587,0,4441652,2808155,503071,0,22,0,0,0,0,0,847284306,0,0,4907,846912466,0,0,4441652,2808155,503071,0,196940,111700,0,0,0,0,0,0,0,0,0,0,4437166,100287,3315795,22,0,0,4592,0,0,0,0,0,0,0,18110376,17080065,0,0,40639,40639,14096,16453,0,0,0,0,0,0,0,0,0,2259408,1128324,0,262144,5258950,85650429,0,0,1026,1025,859783165,0,0,0,0,0,0,0,0,0,0,0,0,867922666,0,7654,1850632,789899776,19968,0,0,35344460,0,0,0,0,0,0,0,0,0,0,0,0,0,0,0,0,0,0,0,7886,0,0,0,0,0,0,0,0,0,0,0,0,0,0,0,0,0,0,0,0,0,0,0,0,43596,4050,20584,16534,16534,0,0,3299,0,0,19,0,0,0,0,0,0,0,0,0,0,0,0,0,0,0,0,0,0,0,0,0,0,0,0,0,0,0,0,0,0,710,24,0
1767051097.001276,1276,ubuntu-rog,1,0,0,8092491,0,4454455,2808155,503071,0,22,0,0,0,0,0,847297151,0,0,4907,846925311,0,0,4454455,2808155,503071,0,196940,111700,0,0,0,0,0,0,0,0,0,0,4449971,100287,3315795,22,0,0,4592,0,0,0,0,0,0,0,18110376,17080065,0,0,40639,40639,14096,16478,0,0,0,0,0,0,0,0,0,2256989,1127116,0,262144,5258950,85650429,0,0,1026,1025,859796010,0,0,0,0,0,0,0,0,0,0,0,0,867922681,0,7654,1850632,789912581,19968,0,0,35344460,0,0,0,0,0,0,0,0,0,0,0,0,0,0,0,0,0,0,0,7886,0,0,0,0,0,0,0,0,0,0,0,0,0,0,0,0,0,0,0,0,0,0,0,0,43596,4050,20584,16534,16534,0,0,3299,0,0,19,0,0,0,0,0,0,0,0,0,0,0,0,0,0,0,0,0,0,0,0,0,0,0,0,0,0,0,0,0,0,710,24,0
1767051098.001151,1151,ubuntu-rog,1,0,0,8078631,0,4467227,2808155,503071,0,22,0,0,0,0,0,847310000,0,0,4907,846938160,0,0,4467227,2808155,503071,0,196940,111700,0,0,0,0,0,0,0,0,0,0,4462776,100287,3315795,22,0,0,4592,0,0,0,0,0,0,0,18110376,17080065,0,0,40639,40639,14096,16504,0,0,0,0,0,0,0,0,0,2254218,1125732,0,262144,5258950,85650469,0,0,1026,1025,859808859,0,0,0,0,0,0,0,0,0,0,0,0,867922699,0,7654,1850632,789925386,19968,0,0,35344460,0,0,0,0,0,0,0,0,0,0,0,0,0,0,0,0,0,0,0,7886,0,0,0,0,0,0,0,0,0,0,0,0,0,0,0,0,0,0,0,0,0,0,0,0,43596,4050,20584,16534,16534,0,0,3299,0,0,19,0,0,0,0,0,0,0,0,0,0,0,0,0,0,0,0,0,0,0,0,0,0,0,0,0,0,0,0,0,0,710,24,0
1767051099.001254,1254,ubuntu-rog,1,0,0,8066535,0,4480030,2808158,503071,0,14,0,0,0,0,0,847322848,0,0,4907,846951008,0,0,4480030,2808158,503071,0,196940,111700,0,0,0,0,0,0,0,0,0,0,4475581,100287,3315796,14,0,0,4592,0,0,0,0,0,0,0,18110378,17080075,0,0,40639,40639,14096,16529,0,0,0,0,0,0,0,0,0,2251800,1124525,0,262144,5258950,85650469,0,0,1026,1025,859821707,0,0,0,0,0,0,0,0,0,0,0,0,867922716,0,7654,1850632,789938191,19968,0,0,35344460,0,0,0,0,0,0,0,0,0,0,0,0,0,0,0,0,0,0,0,7886,0,0,0,0,0,0,0,0,0,0,0,0,0,0,0,0,0,0,0,0,0,0,0,0,43596,4050,20584,16534,16534,0,0,3299,0,0,19,0,0,0,0,0,0,0,0,0,0,0,0,0,0,0,0,0,0,0,0,0,0,0,0,0,0,0,0,0,0,710,24,0
1767051100.001195,1195,ubuntu-rog,1,0,0,8056463,0,4490308,2808158,503071,0,14,0,0,0,0,0,847333128,0,0,4907,846961288,0,0,4490308,2808158,503071,0,196940,111700,0,0,0,0,0,0,0,0,0,0,4485861,100287,3315796,14,0,0,4592,0,0,0,0,0,0,0,18110378,17080075,0,0,40639,40639,14096,16554,0,0,0,0,0,0,0,0,0,2249786,1123519,0,262144,5258950,85650469,0,0,1026,1025,859831987,0,0,0,0,0,0,0,0,0,0,0,0,867922732,0,7654,1850632,789948435,19968,0,0,35344460,0,0,0,0,0,0,0,0,0,0,0,0,0,0,0,0,0,0,0,7886,0,0,0,0,0,0,0,0,0,0,0,0,0,0,0,0,0,0,0,0,0,0,0,0,43596,4050,20584,16534,16534,0,0,3299,0,0,19,0,0,0,0,0,0,0,0,0,0,0,0,0,0,0,0,0,0,0,0,0,0,0,0,0,0,0,0,0,0,710,24,0
1767051101.001397,1397,ubuntu-rog,1,0,0,8042695,0,4503190,2808158,503071,0,14,0,0,0,0,0,847345977,0,0,4907,846974137,0,0,4503190,2808158,503071,0,196940,111700,0,0,0,0,0,0,0,0,0,0,4498702,100287,3315796,14,0,0,4592,0,0,0,0,0,0,0,18110378,17080075,0,0,40639,40639,14096,16584,0,0,0,0,0,0,0,0,0,2247033,1122144,0,262144,5258950,85650497,0,0,1026,1025,859844836,0,0,0,0,0,0,0,0,0,0,0,0,867922749,0,7654,1850632,789961240,19968,0,0,35344460,0,0,0,0,0,0,0,0,0,0,0,0,0,0,0,0,0,0,0,7886,0,0,0,0,0,0,0,0,0,0,0,0,0,0,0,0,0,0,0,0,0,0,0,0,43596,4050,20584,16534,16534,0,0,3299,0,0,19,0,0,0,0,0,0,0,0,0,0,0,0,0,0,0,0,0,0,0,0,0,0,0,0,0,0,0,0,0,0,710,24,0
1767051102.002246,2246,ubuntu-rog,1,0,0,8031209,0,4515896,2808159,503071,0,18,0,0,0,0,0,847358824,0,0,4907,846986984,0,0,4515896,2808159,503071,0,196941,111701,0,0,0,0,0,0,0,0,0,0,4511435,100287,3315798,18,0,0,4592,0,0,0,0,0,0,0,18110382,17080075,0,0,40639,40639,14096,16599,0,0,0,0,0,0,0,0,0,2244736,1120998,0,262144,5258950,85650497,0,0,1026,1025,859857683,0,0,0,0,0,0,0,0,0,0,0,0,867922764,0,7654,1850632,789974048,19968,0,0,35344463,0,0,0,0,0,0,0,0,0,0,0,0,0,0,0,0,0,0,0,7886,0,0,0,0,0,0,0,0,0,0,0,0,0,0,0,0,0,0,0,0,0,0,0,0,43596,4050,20584,16534,16534,0,0,3299,0,0,19,0,0,0,0,0,0,0,0,0,0,0,0,0,0,0,0,0,0,0,0,0,0,0,0,0,0,0,0,0,0,710,24,0
1767051103.001290,1290,ubuntu-rog,1,0,0,8017013,0,4528699,2808159,503071,0,19,0,0,0,0,0,847371669,0,0,4907,846999829,0,0,4528699,2808159,503071,0,196941,111701,0,0,0,0,0,0,0,0,0,0,4524240,100287,3315799,19,0,0,4592,0,0,0,0,0,0,0,18110383,17080075,0,0,40639,40639,14096,16624,0,0,0,0,0,0,0,0,0,2241898,1119580,0,262144,5258950,85650497,0,0,1026,1025,859870528,0,0,0,0,0,0,0,0,0,0,0,0,867922778,0,7654,1850632,789986853,19968,0,0,35344463,0,0,0,0,0,0,0,0,0,0,0,0,0,0,0,0,0,0,0,7886,0,0,0,0,0,0,0,0,0,0,0,0,0,0,0,0,0,0,0,0,0,0,0,0,43596,4050,20584,16534,16534,0,0,3299,0,0,19,0,0,0,0,0,0,0,0,0,0,0,0,0,0,0,0,0,0,0,0,0,0,0,0,0,0,0,0,0,0,710,24,0
1767051104.001396,1396,ubuntu-rog,1,0,0,8005634,0,4541598,2808159,503071,0,8,0,0,0,0,0,847384515,0,0,4907,847012675,0,0,4541598,2808159,503071,0,196941,111701,0,0,0,0,0,0,0,0,0,0,4537117,100287,3315799,8,0,0,4592,0,0,0,0,0,0,0,18110383,17080086,0,0,40639,40639,14096,16659,0,0,0,0,0,0,0,0,0,2239623,1118444,0,262144,5258950,85650541,0,0,1026,1025,859883374,0,0,0,0,0,0,0,0,0,0,0,0,867922794,0,7654,1850632,789999658,19968,0,0,35344463,0,0,0,0,0,0,0,0,0,0,0,0,0,0,0,0,0,0,0,7886,0,0,0,0,0,0,0,0,0,0,0,0,0,0,0,0,0,0,0,0,0,0,0,0,43596,4050,20584,16534,16534,0,0,3299,0,0,19,0,0,0,0,0,0,0,0,0,0,0,0,0,0,0,0,0,0,0,0,0,0,0,0,0,0,0,0,0,0,710,24,0
1767051105.002238,2238,ubuntu-rog,1,0,0,7991670,0,4553985,2808159,503071,0,8,0,0,0,0,0,847397012,0,0,4907,847025172,0,0,4553985,2808159,503071,0,196941,111701,0,0,0,0,0,0,0,0,0,0,4549511,100287,3315799,8,0,0,4592,0,0,0,0,0,0,0,18110383,17080086,0,0,40639,40639,14096,16669,0,0,0,0,0,0,0,0,0,2236830,1117049,0,262144,5258950,85650541,0,0,1026,1025,859895871,0,0,0,0,0,0,0,0,0,0,0,0,867922811,0,7654,1850632,790012113,19968,0,0,35344463,0,0,0,0,0,0,0,0,0,0,0,0,0,0,0,0,0,0,0,7886,0,0,0,0,0,0,0,0,0,0,0,0,0,0,0,0,0,0,0,0,0,0,0,0,43596,4050,20584,16534,16534,0,0,3299,0,0,19,0,0,0,0,0,0,0,0,0,0,0,0,0,0,0,0,0,0,0,0,0,0,0,0,0,0,0,0,0,0,710,24,0
1767051106.001278,1278,ubuntu-rog,1,0,0,7981594,0,4564566,2808164,503071,0,8,0,0,0,0,0,847407641,0,0,4907,847035801,0,0,4564566,2808164,503071,0,196941,111701,0,0,0,0,0,0,0,0,0,0,4560094,100287,3315799,8,0,0,4592,0,0,0,0,0,0,0,18110383,17080086,0,0,40639,40639,14096,16694,0,0,0,0,0,0,0,0,0,2234817,1116044,0,262144,5258950,85650541,0,0,1026,1025,859906500,0,0,0,0,0,0,0,0,0,0,0,0,867922826,0,7654,1850632,790022707,19968,0,0,35344463,0,0,0,0,0,0,0,0,0,0,0,0,0,0,0,0,0,0,0,7886,0,0,0,0,0,0,0,0,0,0,0,0,0,0,0,0,0,0,0,0,0,0,0,0,43596,4050,20584,16534,16534,0,0,3299,0,0,19,0,0,0,0,0,0,0,0,0,0,0,0,0,0,0,0,0,0,0,0,0,0,0,0,0,0,0,0,0,0,710,24,0
1767051107.001152,1152,ubuntu-rog,1,0,0,7967486,0,4577369,2808164,503071,0,13,0,0,0,0,0,847420488,0,0,4907,847048648,0,0,4577369,2808164,503071,0,196941,111701,0,0,0,0,0,0,0,0,0,0,4572798,100287,3315801,13,0,0,4592,0,0,0,0,0,0,0,18110388,17080086,0,0,40639,40639,14096,16719,0,0,0,0,0,0,0,0,0,2231996,1114635,0,262144,5258950,85650573,0,0,1026,1025,859919347,0,0,0,0,0,0,0,0,0,0,0,0,867922841,0,7654,1850632,790035512,19968,0,0,35344463,0,0,0,0,0,0,0,0,0,0,0,0,0,0,0,0,0,0,0,7886,0,0,0,0,0,0,0,0,0,0,0,0,0,0,0,0,0,0,0,0,0,0,0,0,43596,4050,20584,16534,16534,0,0,3299,0,0,19,0,0,0,0,0,0,0,0,0,0,0,0,0,0,0,0,0,0,0,0,0,0,0,0,0,0,0,0,0,0,710,24,0
1767051108.001253,1253,ubuntu-rog,1,0,0,7953471,0,4590172,2808165,503071,0,15,0,0,0,0,0,847433335,0,0,4907,847061495,0,0,4590172,2808165,503071,0,196941,111701,0,0,0,0,0,0,0,0,0,0,4585704,100287,3315802,15,0,0,4592,0,0,0,0,0,0,0,18110390,17080086,0,0,40639,40639,14096,16744,0,0,0,0,0,0,0,0,0,2229194,1113236,0,262144,5258950,85650573,0,0,1026,1025,859932194,0,0,0,0,0,0,0,0,0,0,0,0,867922857,0,7654,1850632,790048317,19968,0,0,35344463,0,0,0,0,0,0,0,0,0,0,0,0,0,0,0,0,0,0,0,7886,0,0,0,0,0,0,0,0,0,0,0,0,0,0,0,0,0,0,0,0,0,0,0,0,43596,4050,20584,16534,16534,0,0,3299,0,0,19,0,0,0,0,0,0,0,0,0,0,0,0,0,0,0,0,0,0,0,0,0,0,0,0,0,0,0,0,0,0,710,24,0
1767051109.002288,2288,ubuntu-rog,1,0,0,7939890,0,4602975,2808165,503071,0,15,0,0,0,0,0,847446180,0,0,4907,847074340,0,0,4602975,2808165,503071,0,196941,111701,0,0,0,0,0,0,0,0,0,0,4598509,100287,3315802,15,0,0,4592,0,0,0,0,0,0,0,18110390,17080086,0,0,40639,40639,14096,16769,0,0,0,0,0,0,0,0,0,2226478,1111880,0,262144,5258950,85650573,0,0,1026,1025,859945039,0,0,0,0,0,0,0,0,0,0,0,0,867922872,0,7654,1850632,790061122,19968,0,0,35344463,0,0,0,0,0,0,0,0,0,0,0,0,0,0,0,0,0,0,0,7886,0,0,0,0,0,0,0,0,0,0,0,0,0,0,0,0,0,0,0,0,0,0,0,0,43596,4050,20584,16534,16534,0,0,3299,0,0,19,0,0,0,0,0,0,0,0,0,0,0,0,0,0,0,0,0,0,0,0,0,0,0,0,0,0,0,0,0,0,710,24,0
1767051110.001375,1375,ubuntu-rog,1,0,0,7928577,0,4615843,2808165,503071,0,16,0,0,0,0,0,847459026,0,0,4907,847087186,0,0,4615843,2808165,503071,0,196941,111701,0,0,0,0,0,0,0,0,0,0,4611386,100287,3315803,16,0,0,4592,0,0,0,0,0,0,0,18110391,17080086,0,0,40639,40639,14096,16804,0,0,0,0,0,0,0,0,0,2224216,1110750,0,262144,5258950,85650573,0,0,1026,1025,859957885,0,0,0,0,0,0,0,0,0,0,0,0,867922887,0,7654,1850632,790073927,19968,0,0,35344463,0,0,0,0,0,0,0,0,0,0,0,0,0,0,0,0,0,0,0,7886,0,0,0,0,0,0,0,0,0,0,0,0,0,0,0,0,0,0,0,0,0,0,0,0,43596,4050,20584,16534,16534,0,0,3299,0,0,19,0,0,0,0,0,0,0,0,0,0,0,0,0,0,0,0,0,0,0,0,0,0,0,0,0,0,0,0,0,0,710,24,0
1767051111.002248,2248,ubuntu-rog,1,0,0,7919192,0,4626008,2808165,503071,0,16,0,0,0,0,0,847469306,0,0,4907,847097466,0,0,4626008,2808165,503071,0,196941,111701,0,0,0,0,0,0,0,0,0,0,4621558,100287,3315803,16,0,0,4592,0,0,0,0,0,0,0,18110391,17080086,0,0,40639,40639,14096,16814,0,0,0,0,0,0,0,0,0,2222340,1109813,0,262144,5258950,85650573,0,0,1026,1025,859968165,0,0,0,0,0,0,0,0,0,0,0,0,867922903,0,7654,1850632,790084171,19968,0,0,35344463,0,0,0,0,0,0,0,0,0,0,0,0,0,0,0,0,0,0,0,7886,0,0,0,0,0,0,0,0,0,0,0,0,0,0,0,0,0,0,0,0,0,0,0,0,43596,4050,20584,16534,16534,0,0,3299,0,0,19,0,0,0,0,0,0,0,0,0,0,0,0,0,0,0,0,0,0,0,0,0,0,0,0,0,0,0,0,0,0,710,24,0
1767051112.001293,1293,ubuntu-rog,1,0,0,7907720,0,4638811,2808165,503071,0,16,0,0,0,0,0,847482153,0,0,4907,847110313,0,0,4638811,2808165,503071,0,196941,111701,0,0,0,0,0,0,0,0,0,0,4634363,100287,3315803,16,0,0,4592,0,0,0,0,0,0,0,18110391,17080086,0,0,40639,40639,14096,16839,0,0,0,0,0,0,0,0,0,2220046,1108667,0,262144,5258950,85650593,0,0,1026,1025,859981012,0,0,0,0,0,0,0,0,0,0,0,0,867922919,0,7654,1850632,790096976,19968,0,0,35344463,0,0,0,0,0,0,0,0,0,0,0,0,0,0,0,0,0,0,0,7886,0,0,0,0,0,0,0,0,0,0,0,0,0,0,0,0,0,0,0,0,0,0,0,0,43596,4050,20584,16534,16534,0,0,3299,0,0,19,0,0,0,0,0,0,0,0,0,0,0,0,0,0,0,0,0,0,0,0,0,0,0,0,0,0,0,0,0,0,710,24,0
1767051113.001149,1149,ubuntu-rog,1,0,0,7895998,0,4651614,2808165,503071,0,17,0,0,0,0,0,847494998,0,0,4907,847123158,0,0,4651614,2808165,503071,0,196941,111701,0,0,0,0,0,0,0,0,0,0,4647168,100287,3315804,17,0,0,4592,0,0,0,0,0,0,0,18110392,17080086,0,0,40639,40639,14096,16864,0,0,0,0,0,0,0,0,0,2217702,1107497,0,262144,5258950,85650593,0,0,1026,1025,859993857,0,0,0,0,0,0,0,0,0,0,0,0,867922934,0,7654,1850632,790109781,19968,0,0,35344463,0,0,0,0,0,0,0,0,0,0,0,0,0,0,0,0,0,0,0,7886,0,0,0,0,0,0,0,0,0,0,0,0,0,0,0,0,0,0,0,0,0,0,0,0,43596,4050,20584,16534,16534,0,0,3299,0,0,19,0,0,0,0,0,0,0,0,0,0,0,0,0,0,0,0,0,0,0,0,0,0,0,0,0,0,0,0,0,0,710,24,0
1767051114.001253,1253,ubuntu-rog,1,0,0,7882225,0,4664465,2808166,503071,0,18,0,0,0,0,0,847507845,0,0,4907,847136005,0,0,4664465,2808166,503071,0,196941,111701,0,0,0,0,0,0,0,0,0,0,4660009,100287,3315805,18,0,0,4592,0,0,0,0,0,0,0,18110393,17080086,0,0,40639,40639,14096,16894,0,0,0,0,0,0,0,0,0,2214948,1106122,0,262144,5258950,85650593,0,0,1026,1025,860006704,0,0,0,0,0,0,0,0,0,0,0,0,867922950,0,7654,1850632,790122586,19968,0,0,35344463,0,0,0,0,0,0,0,0,0,0,0,0,0,0,0,0,0,0,0,7886,0,0,0,0,0,0,0,0,0,0,0,0,0,0,0,0,0,0,0,0,0,0,0,0,43596,4050,20584,16534,16534,0,0,3299,0,0,19,0,0,0,0,0,0,0,0,0,0,0,0,0,0,0,0,0,0,0,0,0,0,0,0,0,0,0,0,0,0,710,24,0
1767051115.002275,2275,ubuntu-rog,1,0,0,7870121,0,4677203,2808166,503071,0,19,0,0,0,0,0,847520691,0,0,4907,847148851,0,0,4677203,2808166,503071,0,196941,111701,0,0,0,0,0,0,0,0,0,0,4672843,100287,3315806,19,0,0,4592,0,0,0,0,0,0,0,18110394,17080086,0,0,40639,40639,14096,16909,0,0,0,0,0,0,0,0,0,2212528,1104913,0,262144,5258950,85650593,0,0,1026,1025,860019550,0,0,0,0,0,0,0,0,0,0,0,0,867922965,0,7654,1850632,790135391,19968,0,0,35344463,0,0,0,0,0,0,0,0,0,0,0,0,0,0,0,0,0,0,0,7886,0,0,0,0,0,0,0,0,0,0,0,0,0,0,0,0,0,0,0,0,0,0,0,0,43596,4050,20584,16534,16534,0,0,3299,0,0,19,0,0,0,0,0,0,0,0,0,0,0,0,0,0,0,0,0,0,0,0,0,0,0,0,0,0,0,0,0,0,710,24,0
1767051116.001088,1088,ubuntu-rog,1,0,0,7860041,0,4687546,2808169,503071,0,19,0,0,0,0,0,847530982,0,0,4907,847159142,0,0,4687546,2808169,503071,0,196941,111701,0,0,0,0,0,0,0,0,0,0,4683094,100287,3315806,19,0,0,4592,0,0,0,0,0,0,0,18110394,17080086,0,0,40639,40639,14096,16944,0,0,0,0,0,0,0,0,0,2210513,1103907,0,262144,5258950,85650593,0,0,1026,1025,860029841,0,0,0,0,0,0,0,0,0,0,0,0,867922992,0,7654,1850632,790145635,19968,0,0,35344463,0,0,0,0,0,0,0,0,0,0,0,0,0,0,0,0,0,0,0,7886,0,0,0,0,0,0,0,0,0,0,0,0,0,0,0,0,0,0,0,0,0,0,0,0,43596,4050,20584,16534,16534,0,0,3299,0,0,19,0,0,0,0,0,0,0,0,0,0,0,0,0,0,0,0,0,0,0,0,0,0,0,0,0,0,0,0,0,0,710,24,0
1767051117.002246,2246,ubuntu-rog,1,0,0,7848038,0,4700284,2808169,503071,0,19,0,0,0,0,0,847543837,0,0,4907,847171997,0,0,4700284,2808169,503071,0,196941,111701,0,0,0,0,0,0,0,0,0,0,4695827,100287,3315806,19,0,0,4592,0,0,0,0,0,0,0,18110394,17080086,0,0,40639,40639,14096,16959,0,0,0,0,0,0,0,0,0,2208113,1102708,0,262144,5258950,85650609,0,0,1026,1025,860042710,0,0,0,0,0,0,0,0,0,0,0,0,867923042,0,7654,1850632,790158440,19968,0,0,35344463,0,0,0,0,0,0,0,0,0,0,0,0,0,0,0,0,0,0,0,7886,0,0,0,0,0,0,0,0,0,0,0,0,0,0,0,0,0,0,0,0,0,0,0,0,43596,4050,20584,16534,16534,0,0,3299,0,0,19,0,0,0,0,0,0,0,0,0,0,0,0,0,0,0,0,0,0,0,0,0,0,0,0,0,0,0,0,0,0,710,24,0
1767051118.001289,1289,ubuntu-rog,1,0,0,7833922,0,4713087,2808170,503071,0,20,0,0,0,0,0,847556684,0,0,4907,847184844,0,0,4713087,2808170,503071,0,196941,111701,0,0,0,0,0,0,0,0,0,0,4708632,100287,3315808,20,0,0,4592,0,0,0,0,0,0,0,18110395,17080086,0,0,40639,40639,14096,16984,0,0,0,0,0,0,0,0,0,2205291,1101299,0,262144,5258950,85650609,0,0,1026,1025,860055557,0,0,0,0,0,0,0,0,0,0,0,0,867923058,0,7654,1850632,790171245,19968,0,0,35344463,0,0,0,0,0,0,0,0,0,0,0,0,0,0,0,0,0,0,0,7886,0,0,0,0,0,0,0,0,0,0,0,0,0,0,0,0,0,0,0,0,0,0,0,0,43596,4050,20584,16534,16534,0,0,3299,0,0,19,0,0,0,0,0,0,0,0,0,0,0,0,0,0,0,0,0,0,0,0,0,0,0,0,0,0,0,0,0,0,710,24,0
1767051119.001116,1116,ubuntu-rog,1,0,0,7821737,0,4725955,2808170,503071,0,21,0,0,0,0,0,847569531,0,0,4907,847197691,0,0,4725955,2808170,503071,0,196941,111701,0,0,0,0,0,0,0,0,0,0,4721509,100287,3315809,21,0,0,4592,0,0,0,0,0,0,0,18110396,17080086,0,0,40639,40639,14096,17020,0,0,0,0,0,0,0,0,0,2202854,1100082,0,262144,5258950,85650609,0,0,1026,1025,860068404,0,0,0,0,0,0,0,0,0,0,0,0,867923073,0,7654,1850632,790184050,19968,0,0,35344463,0,0,0,0,0,0,0,0,0,0,0,0,0,0,0,0,0,0,0,7886,0,0,0,0,0,0,0,0,0,0,0,0,0,0,0,0,0,0,0,0,0,0,0,0,43596,4050,20584,16534,16534,0,0,3299,0,0,19,0,0,0,0,0,0,0,0,0,0,0,0,0,0,0,0,0,0,0,0,0,0,0,0,0,0,0,0,0,0,710,24,0
1767051120.002251,2251,ubuntu-rog,1,0,0,7809864,0,4737986,2808170,503071,0,21,0,0,0,0,0,847581671,0,0,4907,847209831,0,0,4737986,2808170,503071,0,196941,111701,0,0,0,0,0,0,0,0,0,0,4733535,100287,3315809,21,0,0,4592,0,0,0,0,0,0,0,18110396,17080086,0,0,40639,40639,14096,17035,0,0,0,0,0,0,0,0,0,2200480,1098897,0,262144,5258950,85650609,0,0,1026,1025,860080570,0,0,0,0,0,0,0,0,0,0,0,0,867923105,0,7654,1850632,790196160,19968,0,0,35344463,0,0,0,0,0,0,0,0,0,0,0,0,0,0,0,0,0,0,0,7886,0,0,0,0,0,0,0,0,0,0,0,0,0,0,0,0,0,0,0,0,0,0,0,0,43596,4050,20584,16534,16534,0,0,3299,0,0,19,0,0,0,0,0,0,0,0,0,0,0,0,0,0,0,0,0,0,0,0,0,0,0,0,0,0,0,0,0,0,710,24,0
1767051121.001291,1291,ubuntu-rog,1,0,0,7796013,0,4748950,2808170,503071,0,15,0,0,0,0,0,847592688,0,0,4907,847220848,0,0,4748950,2808170,503071,0,196941,111701,0,0,0,0,0,0,0,0,0,0,4744486,100287,3315811,15,0,0,4592,0,0,0,0,0,0,0,18110398,17080094,0,0,40639,40639,14096,17055,0,0,0,0,0,0,0,0,0,2197711,1097513,0,262144,5258950,85650633,0,0,1026,1025,860091561,0,0,0,0,0,0,0,0,0,0,0,0,867923134,0,7654,1850632,790207099,19968,0,0,35344463,0,0,0,0,0,0,0,0,0,0,0,0,0,0,0,0,0,0,0,7886,0,0,0,0,0,0,0,0,0,0,0,0,0,0,0,0,0,0,0,0,0,0,0,0,43596,4050,20584,16534,16534,0,0,3299,0,0,19,0,0,0,0,0,0,0,0,0,0,0,0,0,0,0,0,0,0,0,0,0,0,0,0,0,0,0,0,0,0,710,24,0
1767051122.001149,1149,ubuntu-rog,1,0,0,7784218,0,4761753,2808170,503071,0,15,0,0,0,0,0,847605547,0,0,4907,847233707,0,0,4761753,2808170,503071,0,196941,111701,0,0,0,0,0,0,0,0,0,0,4757291,100287,3315811,15,0,0,4592,0,0,0,0,0,0,0,18110398,17080094,0,0,40639,40639,14096,17080,0,0,0,0,0,0,0,0,0,2195352,1096336,0,262144,5258950,85650633,0,0,1026,1025,860104420,0,0,0,0,0,0,0,0,0,0,0,0,867923163,0,7654,1850632,790219904,19968,0,0,35344463,0,0,0,0,0,0,0,0,0,0,0,0,0,0,0,0,0,0,0,7886,0,0,0,0,0,0,0,0,0,0,0,0,0,0,0,0,0,0,0,0,0,0,0,0,43596,4050,20584,16534,16534,0,0,3299,0,0,19,0,0,0,0,0,0,0,0,0,0,0,0,0,0,0,0,0,0,0,0,0,0,0,0,0,0,0,0,0,0,710,24,0
1767051123.001433,1433,ubuntu-rog,1,0,0,7772572,0,4774590,2808170,503071,0,15,0,0,0,0,0,847618411,0,0,4907,847246571,0,0,4774590,2808170,503071,0,196941,111701,0,0,0,0,0,0,0,0,0,0,4770168,100287,3315811,15,0,0,4592,0,0,0,0,0,0,0,18110398,17080094,0,0,40639,40639,14096,17115,0,0,0,0,0,0,0,0,0,2193024,1095173,0,262144,5258950,85650649,0,0,1026,1025,860117291,0,0,0,0,0,0,0,0,0,0,0,0,867923195,0,7654,1850632,790232709,19968,0,0,35344463,0,0,0,0,0,0,0,0,0,0,0,0,0,0,0,0,0,0,0,7886,0,0,0,0,0,0,0,0,0,0,0,0,0,0,0,0,0,0,0,0,0,0,0,0,43596,4050,20584,16534,16534,0,0,3299,0,0,19,0,0,0,0,0,0,0,0,0,0,0,0,0,0,0,0,0,0,0,0,0,0,0,0,0,0,0,0,0,0,710,24,0
1767051124.002272,2272,ubuntu-rog,1,0,0,7760569,0,4787328,2808171,503071,0,16,0,0,0,0,0,847631264,0,0,4907,847259424,0,0,4787328,2808171,503071,0,196941,111701,0,0,0,0,0,0,0,0,0,0,4782901,100287,3315812,16,0,0,4592,0,0,0,0,0,0,0,18110399,17080094,0,0,40639,40639,14096,17130,0,0,0,0,0,0,0,0,0,2190624,1093974,0,262144,5258950,85650649,0,0,1026,1025,860130144,0,0,0,0,0,0,0,0,0,0,0,0,867923218,0,7654,1850632,790245514,19968,0,0,35344463,0,0,0,0,0,0,0,0,0,0,0,0,0,0,0,0,0,0,0,7886,0,0,0,0,0,0,0,0,0,0,0,0,0,0,0,0,0,0,0,0,0,0,0,0,43596,4050,20584,16534,16534,0,0,3299,0,0,19,0,0,0,0,0,0,0,0,0,0,0,0,0,0,0,0,0,0,0,0,0,0,0,0,0,0,0,0,0,0,710,24,0
1767051125.001146,1146,ubuntu-rog,1,0,0,7746449,0,4800114,2808171,503071,0,17,0,0,0,0,0,847644110,0,0,4907,847272270,0,0,4800114,2808171,503071,0,196941,111701,0,0,0,0,0,0,0,0,0,0,4795771,100287,3315813,17,0,0,4592,0,0,0,0,0,0,0,18110400,17080094,0,0,40639,40639,14096,17150,0,0,0,0,0,0,0,0,0,2187801,1092564,0,262144,5258950,85650649,0,0,1026,1025,860142990,0,0,0,0,0,0,0,0,0,0,0,0,867923233,0,7654,1850632,790258319,19968,0,0,35344463,0,0,0,0,0,0,0,0,0,0,0,0,0,0,0,0,0,0,0,7886,0,0,0,0,0,0,0,0,0,0,0,0,0,0,0,0,0,0,0,0,0,0,0,0,43596,4050,20584,16534,16534,0,0,3299,0,0,19,0,0,0,0,0,0,0,0,0,0,0,0,0,0,0,0,0,0,0,0,0,0,0,0,0,0,0,0,0,0,710,24,0
1767051126.001253,1253,ubuntu-rog,1,0,0,7736373,0,4810392,2808171,503071,0,17,0,0,0,0,0,847654389,0,0,4907,847282549,0,0,4810392,2808171,503071,0,196941,111701,0,0,0,0,0,0,0,0,0,0,4805950,100287,3315813,17,0,0,4592,0,0,0,0,0,0,0,18110400,17080094,0,0,40639,40639,14096,17175,0,0,0,0,0,0,0,0,0,2185786,1091558,0,262144,5258950,85650649,0,0,1026,1025,860153269,0,0,0,0,0,0,0,0,0,0,0,0,867923248,0,7654,1850632,790268563,19968,0,0,35344463,0,0,0,0,0,0,0,0,0,0,0,0,0,0,0,0,0,0,0,7886,0,0,0,0,0,0,0,0,0,0,0,0,0,0,0,0,0,0,0,0,0,0,0,0,43596,4050,20584,16534,16534,0,0,3299,0,0,19,0,0,0,0,0,0,0,0,0,0,0,0,0,0,0,0,0,0,0,0,0,0,0,0,0,0,0,0,0,0,710,24,0
1767051127.001285,1285,ubuntu-rog,1,0,0,7724277,0,4823195,2808171,503071,0,18,0,0,0,0,0,847667248,0,0,4907,847295408,0,0,4823195,2808171,503071,0,196941,111701,0,0,0,0,0,0,0,0,0,0,4818755,100287,3315814,18,0,0,4592,0,0,0,0,0,0,0,18110401,17080094,0,0,40639,40639,14096,17200,0,0,0,0,0,0,0,0,0,2183367,1090350,0,262144,5258950,85650649,0,0,1026,1025,860166128,0,0,0,0,0,0,0,0,0,0,0,0,867923284,0,7654,1850632,790281368,19968,0,0,35344463,0,0,0,0,0,0,0,0,0,0,0,0,0,0,0,0,0,0,0,7886,0,0,0,0,0,0,0,0,0,0,0,0,0,0,0,0,0,0,0,0,0,0,0,0,43596,4050,20584,16534,16534,0,0,3299,0,0,19,0,0,0,0,0,0,0,0,0,0,0,0,0,0,0,0,0,0,0,0,0,0,0,0,0,0,0,0,0,0,710,24,0
1767051128.002142,2142,ubuntu-rog,1,0,0,7712185,0,4836014,2808171,503071,0,18,0,0,0,0,0,847680110,0,0,4907,847308270,0,0,4836014,2808171,503071,0,196941,111701,0,0,0,0,0,0,0,0,0,0,4831560,100287,3315814,18,0,0,4592,0,0,0,0,0,0,0,18110401,17080094,0,0,40639,40639,14096,17225,0,0,0,0,0,0,0,0,0,2180950,1089143,0,262144,5258950,85650665,0,0,1026,1025,860178990,0,0,0,0,0,0,0,0,0,0,0,0,867923315,0,7654,1850632,790294173,19968,0,0,35344463,0,0,0,0,0,0,0,0,0,0,0,0,0,0,0,0,0,0,0,7886,0,0,0,0,0,0,0,0,0,0,0,0,0,0,0,0,0,0,0,0,0,0,0,0,43596,4050,20584,16534,16534,0,0,3299,0,0,19,0,0,0,0,0,0,0,0,0,0,0,0,0,0,0,0,0,0,0,0,0,0,0,0,0,0,0,0,0,0,710,24,0
1767051129.001492,1492,ubuntu-rog,1,0,0,7698115,0,4848881,2808184,503071,0,10,0,0,0,0,0,847692972,0,0,4907,847321132,0,0,4848881,2808184,503071,0,196941,111701,0,0,0,0,0,0,0,0,0,0,4844437,100287,3315816,10,0,0,4592,0,0,0,0,0,0,0,18110403,17080104,0,0,40639,40639,14096,17260,0,0,0,0,0,0,0,0,0,2178139,1087739,0,262144,5258950,85650705,0,0,1026,1025,860191852,0,0,0,0,0,0,0,0,0,0,0,0,867923346,0,7654,1850632,790306978,19968,0,0,35344463,0,0,0,0,0,0,0,0,0,0,0,0,0,0,0,0,0,0,0,7886,0,0,0,0,0,0,0,0,0,0,0,0,0,0,0,0,0,0,0,0,0,0,0,0,43596,4050,20584,16534,16534,0,0,3299,0,0,19,0,0,0,0,0,0,0,0,0,0,0,0,0,0,0,0,0,0,0,0,0,0,0,0,0,0,0,0,0,0,710,24,0
1767051130.001287,1287,ubuntu-rog,1,0,0,7686306,0,4861672,2808184,503071,0,10,0,0,0,0,0,847705832,0,0,4907,847333992,0,0,4861672,2808184,503071,0,196941,111701,0,0,0,0,0,0,0,0,0,0,4857235,100287,3315816,10,0,0,4592,0,0,0,0,0,0,0,18110403,17080104,0,0,40639,40639,14096,17270,0,0,0,0,0,0,0,0,0,2175778,1086560,0,262144,5258950,85650705,0,0,1026,1025,860204712,0,0,0,0,0,0,0,0,0,0,0,0,867923376,0,7654,1850632,790319783,19968,0,0,35344463,0,0,0,0,0,0,0,0,0,0,0,0,0,0,0,0,0,0,0,7886,0,0,0,0,0,0,0,0,0,0,0,0,0,0,0,0,0,0,0,0,0,0,0,0,43596,4050,20584,16534,16534,0,0,3299,0,0,19,0,0,0,0,0,0,0,0,0,0,0,0,0,0,0,0,0,0,0,0,0,0,0,0,0,0,0,0,0,0,710,24,0
1767051131.002143,2143,ubuntu-rog,1,0,0,7676391,0,4871805,2808184,503071,0,10,0,0,0,0,0,847716117,0,0,4907,847344277,0,0,4871805,2808184,503071,0,196941,111701,0,0,0,0,0,0,0,0,0,0,4867370,100287,3315816,10,0,0,4592,0,0,0,0,0,0,0,18110403,17080104,0,0,40639,40639,14096,17295,0,0,0,0,0,0,0,0,0,2173795,1085570,0,262144,5258950,85650705,0,0,1026,1025,860214997,0,0,0,0,0,0,0,0,0,0,0,0,867923441,0,7654,1850632,790330027,19968,0,0,35344463,0,0,0,0,0,0,0,0,0,0,0,0,0,0,0,0,0,0,0,7886,0,0,0,0,0,0,0,0,0,0,0,0,0,0,0,0,0,0,0,0,0,0,0,0,43596,4050,20584,16534,16534,0,0,3299,0,0,19,0,0,0,0,0,0,0,0,0,0,0,0,0,0,0,0,0,0,0,0,0,0,0,0,0,0,0,0,0,0,710,24,0
1767051132.001455,1455,ubuntu-rog,1,0,0,7664290,0,4884664,2808186,503071,0,13,0,0,0,0,0,847728965,0,0,4907,847357125,0,0,4884664,2808186,503071,0,196941,111701,0,0,0,0,0,0,0,0,0,0,4880201,100287,3315818,13,0,0,4592,0,0,0,0,0,0,0,18110406,17080104,0,0,40639,40639,14096,17330,0,0,0,0,0,0,0,0,0,2171376,1084362,0,262144,5258950,85650705,0,0,1026,1025,860227845,0,0,0,0,0,0,0,0,0,0,0,0,867923457,0,7654,1850632,790342833,19968,0,0,35344464,0,0,0,0,0,0,0,0,0,0,0,0,0,0,0,0,0,0,0,7886,0,0,0,0,0,0,0,0,0,0,0,0,0,0,0,0,0,0,0,0,0,0,0,0,43596,4050,20584,16534,16534,0,0,3299,0,0,19,0,0,0,0,0,0,0,0,0,0,0,0,0,0,0,0,0,0,0,0,0,0,0,0,0,0,0,0,0,0,710,24,0
1767051133.002274,2274,ubuntu-rog,1,0,0,7652350,0,4897440,2808186,503071,0,13,0,0,0,0,0,847741810,0,0,4907,847369970,0,0,4897440,2808186,503071,0,196941,111701,0,0,0,0,0,0,0,0,0,0,4892980,100287,3315818,13,0,0,4592,0,0,0,0,0,0,0,18110406,17080104,0,0,40639,40639,14096,17345,0,0,0,0,0,0,0,0,0,2168988,1083170,0,262144,5258950,85650705,0,0,1026,1025,860240690,0,0,0,0,0,0,0,0,0,0,0,0,867923472,0,7654,1850632,790355638,19968,0,0,35344464,0,0,0,0,0,0,0,0,0,0,0,0,0,0,0,0,0,0,0,7886,0,0,0,0,0,0,0,0,0,0,0,0,0,0,0,0,0,0,0,0,0,0,0,0,43596,4050,20584,16534,16534,0,0,3299,0,0,19,0,0,0,0,0,0,0,0,0,0,0,0,0,0,0,0,0,0,0,0,0,0,0,0,0,0,0,0,0,0,710,24,0
1767051134.001147,1147,ubuntu-rog,1,0,0,7638335,0,4910234,2808186,503071,0,17,0,0,0,0,0,847754659,0,0,4907,847382819,0,0,4910234,2808186,503071,0,196941,111701,0,0,0,0,0,0,0,0,0,0,4905785,100287,3315821,17,0,0,4592,0,0,0,0,0,0,0,18110410,17080104,0,0,40639,40639,14096,17370,0,0,0,0,0,0,0,0,0,2166186,1081770,0,262144,5258950,85650733,0,0,1026,1025,860253539,0,0,0,0,0,0,0,0,0,0,0,0,867923488,0,7654,1850632,790368443,19968,0,0,35344464,0,0,0,0,0,0,0,0,0,0,0,0,0,0,0,0,0,0,0,7886,0,0,0,0,0,0,0,0,0,0,0,0,0,0,0,0,0,0,0,0,0,0,0,0,43596,4050,20584,16534,16534,0,0,3299,0,0,19,0,0,0,0,0,0,0,0,0,0,0,0,0,0,0,0,0,0,0,0,0,0,0,0,0,0,0,0,0,0,710,24,0
1767051135.001255,1255,ubuntu-rog,1,0,0,7624118,0,4923037,2808186,503071,0,17,0,0,0,0,0,847767505,0,0,4907,847395665,0,0,4923037,2808186,503071,0,196941,111701,0,0,0,0,0,0,0,0,0,0,4918590,100287,3315821,17,0,0,4592,0,0,0,0,0,0,0,18110410,17080104,0,0,40639,40639,14096,17395,0,0,0,0,0,0,0,0,0,2163343,1080351,0,262144,5258950,85650733,0,0,1026,1025,860266385,0,0,0,0,0,0,0,0,0,0,0,0,867923504,0,7654,1850632,790381248,19968,0,0,35344464,0,0,0,0,0,0,0,0,0,0,0,0,0,0,0,0,0,0,0,7886,0,0,0,0,0,0,0,0,0,0,0,0,0,0,0,0,0,0,0,0,0,0,0,0,43596,4050,20584,16534,16534,0,0,3299,0,0,19,0,0,0,0,0,0,0,0,0,0,0,0,0,0,0,0,0,0,0,0,0,0,0,0,0,0,0,0,0,0,710,24,0
1767051136.001295,1295,ubuntu-rog,1,0,0,7614042,0,4933291,2808187,503071,0,18,0,0,0,0,0,847777787,0,0,4907,847405947,0,0,4933291,2808187,503071,0,196941,111701,0,0,0,0,0,0,0,0,0,0,4928834,100287,3315822,18,0,0,4592,0,0,0,0,0,0,0,18110411,17080104,0,0,40639,40639,14096,17415,0,0,0,0,0,0,0,0,0,2161329,1079345,0,262144,5258950,85650733,0,0,1026,1025,860276667,0,0,0,0,0,0,0,0,0,0,0,0,867923521,0,7654,1850632,790391492,19968,0,0,35344464,0,0,0,0,0,0,0,0,0,0,0,0,0,0,0,0,0,0,0,7886,0,0,0,0,0,0,0,0,0,0,0,0,0,0,0,0,0,0,0,0,0,0,0,0,43596,4050,20584,16534,16534,0,0,3299,0,0,19,0,0,0,0,0,0,0,0,0,0,0,0,0,0,0,0,0,0,0,0,0,0,0,0,0,0,0,0,0,0,710,24,0
1767051137.002150,2150,ubuntu-rog,1,0,0,7601950,0,4946125,2808187,503071,0,18,0,0,0,0,0,847790635,0,0,4907,847418795,0,0,4946125,2808187,503071,0,196941,111701,0,0,0,0,0,0,0,0,0,0,4941639,100287,3315822,18,0,0,4592,0,0,0,0,0,0,0,18110411,17080104,0,0,40639,40639,14080,17440,0,0,0,0,0,0,0,0,0,2158911,1078137,0,262144,5258950,85650733,0,0,1026,1025,860289515,0,0,0,0,0,0,0,0,0,0,0,0,867923539,0,7654,1850632,790404297,19968,0,0,35344464,0,0,0,0,0,0,0,0,0,0,0,0,0,0,0,0,0,0,0,7886,0,0,0,0,0,0,0,0,0,0,0,0,0,0,0,0,0,0,0,0,0,0,0,0,43596,4050,20584,16534,16534,0,0,3299,0,0,19,0,0,0,0,0,0,0,0,0,0,0,0,0,0,0,0,0,0,0,0,0,0,0,0,0,0,0,0,0,0,710,24,0
1767051138.001434,1434,ubuntu-rog,1,0,0,7587745,0,4958995,2808187,503071,0,18,0,0,0,0,0,847803480,0,0,4907,847431640,0,0,4958995,2808187,503071,0,196941,111701,0,0,0,0,0,0,0,0,0,0,4954516,100287,3315822,18,0,0,4592,0,0,0,0,0,0,0,18110411,17080104,0,0,40639,40639,14080,17475,0,0,0,0,0,0,0,0,0,2156071,1076719,0,262144,5258950,85650733,0,0,1026,1025,860302360,0,0,0,0,0,0,0,0,0,0,0,0,867923554,0,7654,1850632,790417102,19968,0,0,35344464,0,0,0,0,0,0,0,0,0,0,0,0,0,0,0,0,0,0,0,7886,0,0,0,0,0,0,0,0,0,0,0,0,0,0,0,0,0,0,0,0,0,0,0,0,43596,4050,20584,16534,16534,0,0,3299,0,0,19,0,0,0,0,0,0,0,0,0,0,0,0,0,0,0,0,0,0,0,0,0,0,0,0,0,0,0,0,0,0,710,24,0
1767051139.002288,2288,ubuntu-rog,1,0,0,7575742,0,4971733,2808187,503071,0,18,0,0,0,0,0,847816329,0,0,4907,847444489,0,0,4971733,2808187,503071,0,196941,111701,0,0,0,0,0,0,0,0,0,0,4967249,100287,3315822,18,0,0,4592,0,0,0,0,0,0,0,18110411,17080104,0,0,40639,40639,14080,17490,0,0,0,0,0,0,0,0,0,2153671,1075520,0,262144,5258950,85650789,0,0,1026,1025,860315209,0,0,0,0,0,0,0,0,0,0,0,0,867923571,0,7654,1850632,790429907,19968,0,0,35344464,0,0,0,0,0,0,0,0,0,0,0,0,0,0,0,0,0,0,0,7886,0,0,0,0,0,0,0,0,0,0,0,0,0,0,0,0,0,0,0,0,0,0,0,0,43596,4050,20584,16534,16534,0,0,3299,0,0,19,0,0,0,0,0,0,0,0,0,0,0,0,0,0,0,0,0,0,0,0,0,0,0,0,0,0,0,0,0,0,710,24,0
1767051140.001150,1150,ubuntu-rog,1,0,0,7563911,0,4984536,2808187,503071,0,11,0,0,0,0,0,847829183,0,0,4907,847457343,0,0,4984536,2808187,503071,0,196941,111701,0,0,0,0,0,0,0,0,0,0,4980054,100287,3315826,11,0,0,4592,0,0,0,0,0,0,0,18110414,17080114,0,0,40639,40639,14080,17515,0,0,0,0,0,0,0,0,0,2151305,1074339,0,262144,5258950,85650789,0,0,1026,1025,860328063,0,0,0,0,0,0,0,0,0,0,0,0,867923592,0,7654,1850632,790442712,19968,0,0,35344464,0,0,0,0,0,0,0,0,0,0,0,0,0,0,0,0,0,0,0,7886,0,0,0,0,0,0,0,0,0,0,0,0,0,0,0,0,0,0,0,0,0,0,0,0,43596,4050,20584,16534,16534,0,0,3299,0,0,19,0,0,0,0,0,0,0,0,0,0,0,0,0,0,0,0,0,0,0,0,0,0,0,0,0,0,0,0,0,0,710,24,0
1767051141.001250,1250,ubuntu-rog,1,0,0,7552072,0,4994766,2808187,503071,0,11,0,0,0,0,0,847839462,0,0,4907,847467622,0,0,4994766,2808187,503071,0,196941,111701,0,0,0,0,0,0,0,0,0,0,4990298,100287,3315826,11,0,0,4592,0,0,0,0,0,0,0,18110414,17080114,0,0,40639,40639,14080,17536,0,0,0,0,0,0,0,0,0,2148938,1073157,0,262144,5258950,85650789,0,0,1026,1025,860338342,0,0,0,0,0,0,0,0,0,0,0,0,867923607,0,7654,1850632,790452956,19968,0,0,35344464,0,0,0,0,0,0,0,0,0,0,0,0,0,0,0,0,0,0,0,7886,0,0,0,0,0,0,0,0,0,0,0,0,0,0,0,0,0,0,0,0,0,0,0,0,43596,4050,20584,16534,16534,0,0,3299,0,0,19,0,0,0,0,0,0,0,0,0,0,0,0,0,0,0,0,0,0,0,0,0,0,0,0,0,0,0,0,0,0,710,24,0
1767051142.001711,1711,ubuntu-rog,1,0,0,7539969,0,5007634,2808187,503071,0,11,0,0,0,0,0,847852308,0,0,4907,847480468,0,0,5007634,2808187,503071,0,196941,111701,0,0,0,0,0,0,0,0,0,0,5003175,100287,3315826,11,0,0,4592,0,0,0,0,0,0,0,18110414,17080114,0,0,40639,40639,14080,17571,0,0,0,0,0,0,0,0,0,2146518,1071948,0,262144,5258950,85650789,0,0,1026,1025,860351188,0,0,0,0,0,0,0,0,0,0,0,0,867923623,0,7654,1850632,790465761,19968,0,0,35344464,0,0,0,0,0,0,0,0,0,0,0,0,0,0,0,0,0,0,0,7886,0,0,0,0,0,0,0,0,0,0,0,0,0,0,0,0,0,0,0,0,0,0,0,0,43596,4050,20584,16534,16534,0,0,3299,0,0,19,0,0,0,0,0,0,0,0,0,0,0,0,0,0,0,0,0,0,0,0,0,0,0,0,0,0,0,0,0,0,710,24,0
1767051143.002142,2142,ubuntu-rog,1,0,0,7523930,0,5020372,2808187,503071,0,11,0,0,0,0,0,847865156,0,0,4907,847493316,0,0,5020372,2808187,503071,0,196941,111701,0,0,0,0,0,0,0,0,0,0,5015908,100287,3315826,11,0,0,4592,0,0,0,0,0,0,0,18110414,17080114,0,0,40639,40639,14080,17586,0,0,0,0,0,0,0,0,0,2143311,1070347,0,262144,5258950,85650789,0,0,1026,1025,860364036,0,0,0,0,0,0,0,0,0,0,0,0,867923641,0,7654,1850632,790478566,19968,0,0,35344464,0,0,0,0,0,0,0,0,0,0,0,0,0,0,0,0,0,0,0,7886,0,0,0,0,0,0,0,0,0,0,0,0,0,0,0,0,0,0,0,0,0,0,0,0,43596,4050,20584,16534,16534,0,0,3299,0,0,19,0,0,0,0,0,0,0,0,0,0,0,0,0,0,0,0,0,0,0,0,0,0,0,0,0,0,0,0,0,0,710,24,0
1767051144.001195,1195,ubuntu-rog,1,0,0,9184516,0,3278180,2808187,503071,0,15,0,0,0,0,0,847867761,0,0,4907,847495921,0,0,3278180,2808187,503071,0,196941,111701,0,0,0,0,0,0,0,0,0,0,3267043,100280,3315828,15,0,0,4592,0,0,0,0,0,0,0,18110418,17080114,0,0,40639,40639,14080,17601,0,0,0,0,0,0,0,0,0,2475347,1236162,0,262144,5258950,85650789,0,0,1026,1025,860366641,0,0,0,0,0,0,0,0,0,0,0,0,869668819,0,7654,1850632,790481129,19968,0,0,35344464,0,0,0,0,0,0,0,0,0,0,0,0,0,0,0,0,0,0,0,7886,0,0,0,0,0,0,0,0,0,0,0,0,0,0,0,0,0,0,0,0,0,0,0,0,43596,4050,20584,16534,16534,0,0,3299,0,0,19,0,0,0,0,0,0,0,0,0,0,0,0,0,0,0,0,0,0,0,0,0,0,0,0,0,0,0,0,0,0,710,24,0
1767051145.002281,2281,ubuntu-rog,1,0,0,10813074,0,1659496,2808187,503071,0,15,0,0,0,0,0,847867887,0,0,4907,847496047,0,0,1659496,2808187,503071,0,196941,111701,0,0,0,0,0,0,0,0,0,0,1654885,100280,3315828,15,0,0,4592,0,0,0,0,0,0,0,18110418,17080114,0,0,40639,40639,14000,11021,0,0,0,0,0,0,0,0,0,2800979,1398779,0,262144,5258950,85650869,0,0,1026,1025,860366774,0,0,0,0,0,0,0,0,0,0,0,0,871294233,0,7654,1850632,790481292,19968,0,0,35344529,0,0,0,0,0,0,0,0,0,0,0,0,0,0,0,0,0,0,0,7886,0,0,0,0,0,0,0,0,0,0,0,0,0,0,0,0,0,0,0,0,0,0,0,0,43596,4050,20584,16534,16534,0,0,3299,0,0,19,0,0,0,0,0,0,0,0,0,0,0,0,0,0,0,0,0,0,0,0,0,0,0,0,0,0,0,0,0,0,710,24,0
1767051146.001149,1149,ubuntu-rog,1,0,0,10817092,0,1659312,2808191,503071,0,25,0,0,0,0,0,847867905,0,0,4907,847496065,0,0,1659312,2808191,503071,0,196941,111701,0,0,0,0,0,0,0,0,0,0,1654767,100280,3315827,25,0,0,4592,0,0,0,0,0,0,0,18110429,17080115,0,0,40639,40639,13920,10947,0,0,0,0,0,0,0,0,0,2801783,1399181,0,262144,5258950,85650869,0,0,1026,1025,860366792,0,0,0,0,0,0,0,0,0,0,0,0,871294251,0,7654,1850632,790481292,19968,0,0,35344529,0,0,0,0,0,0,0,0,0,0,0,0,0,0,0,0,0,0,0,7886,0,0,0,0,0,0,0,0,0,0,0,0,0,0,0,0,0,0,0,0,0,0,0,0,43596,4050,20584,16534,16534,0,0,3299,0,0,19,0,0,0,0,0,0,0,0,0,0,0,0,0,0,0,0,0,0,0,0,0,0,0,0,0,0,0,0,0,0,710,24,0
1767051147.001171,1171,ubuntu-rog,1,0,0,10823938,0,1659312,2808191,503071,0,27,0,0,0,0,0,847867924,0,0,4907,847496084,0,0,1659312,2808191,503071,0,196941,111701,0,0,0,0,0,0,0,0,0,0,1654767,100280,3315829,27,0,0,4592,0,0,0,0,0,0,0,18110431,17080115,0,0,40639,40639,13920,10947,0,0,0,0,0,0,0,0,0,2803152,1399865,0,262144,5258950,85650869,0,0,1026,1025,860366811,0,0,0,0,0,0,0,0,0,0,0,0,871294268,0,7654,1850632,790481294,19968,0,0,35344531,0,0,0,0,0,0,0,0,0,0,0,0,0,0,0,0,0,0,0,7886,0,0,0,0,0,0,0,0,0,0,0,0,0,0,0,0,0,0,0,0,0,0,0,0,43596,4050,20584,16534,16534,0,0,3299,0,0,19,0,0,0,0,0,0,0,0,0,0,0,0,0,0,0,0,0,0,0,0,0,0,0,0,0,0,0,0,0,0,710,24,0
1767051148.002757,2757,ubuntu-rog,1,0,0,10828134,0,1659312,2808191,503071,0,27,0,0,0,0,0,847867940,0,0,4907,847496100,0,0,1659312,2808191,503071,0,196941,111701,0,0,0,0,0,0,0,0,0,0,1654767,100280,3315829,27,0,0,4592,0,0,0,0,0,0,0,18110431,17080115,0,0,40639,40639,13920,10947,0,0,0,0,0,0,0,0,0,2803991,1400283,0,262144,5258950,85650869,0,0,1026,1025,860366827,0,0,0,0,0,0,0,0,0,0,0,0,871294284,0,7654,1850632,790481294,19968,0,0,35344531,0,0,0,0,0,0,0,0,0,0,0,0,0,0,0,0,0,0,0,7886,0,0,0,0,0,0,0,0,0,0,0,0,0,0,0,0,0,0,0,0,0,0,0,0,43596,4050,20584,16534,16534,0,0,3299,0,0,19,0,0,0,0,0,0,0,0,0,0,0,0,0,0,0,0,0,0,0,0,0,0,0,0,0,0,0,0,0,0,710,24,0
1767051149.001150,1150,ubuntu-rog,1,0,0,10833606,0,1659312,2808191,503071,0,27,0,0,0,0,0,847867957,0,0,4907,847496117,0,0,1659312,2808191,503071,0,196941,111701,0,0,0,0,0,0,0,0,0,0,1654767,100280,3315829,27,0,0,4592,0,0,0,0,0,0,0,18110431,17080115,0,0,40639,40639,13920,10947,0,0,0,0,0,0,0,0,0,2805085,1400830,0,262144,5258950,85650869,0,0,1026,1025,860366844,0,0,0,0,0,0,0,0,0,0,0,0,871294301,0,7654,1850632,790481294,19968,0,0,35344531,0,0,0,0,0,0,0,0,0,0,0,0,0,0,0,0,0,0,0,7886,0,0,0,0,0,0,0,0,0,0,0,0,0,0,0,0,0,0,0,0,0,0,0,0,43596,4050,20584,16534,16534,0,0,3299,0,0,19,0,0,0,0,0,0,0,0,0,0,0,0,0,0,0,0,0,0,0,0,0,0,0,0,0,0,0,0,0,0,710,24,0
1767051150.002248,2248,ubuntu-rog,1,0,0,10837238,0,1659312,2808191,503071,0,27,0,0,0,0,0,847867975,0,0,4907,847496135,0,0,1659312,2808191,503071,0,196941,111701,0,0,0,0,0,0,0,0,0,0,1654767,100280,3315829,27,0,0,4592,0,0,0,0,0,0,0,18110431,17080115,0,0,40639,40639,13920,10947,0,0,0,0,0,0,0,0,0,2805812,1401193,0,262144,5258950,85650949,0,0,1026,1025,860366862,0,0,0,0,0,0,0,0,0,0,0,0,871294318,0,7654,1850632,790481294,19968,0,0,35344531,0,0,0,0,0,0,0,0,0,0,0,0,0,0,0,0,0,0,0,7886,0,0,0,0,0,0,0,0,0,0,0,0,0,0,0,0,0,0,0,0,0,0,0,0,43596,4050,20584,16534,16534,0,0,3299,0,0,19,0,0,0,0,0,0,0,0,0,0,0,0,0,0,0,0,0,0,0,0,0,0,0,0,0,0,0,0,0,0,710,24,0
1767051151.001202,1202,ubuntu-rog,1,0,0,10840981,0,1659312,2808192,503071,0,39,0,0,0,0,0,847867992,0,0,4907,847496152,0,0,1659312,2808192,503071,0,196941,111701,0,0,0,0,0,0,0,0,0,0,1654767,100280,3315831,39,0,0,4592,0,0,0,0,0,0,0,18110443,17080115,0,0,40639,40639,13920,10947,0,0,0,0,0,0,0,0,0,2806560,1401566,0,262144,5258950,85650949,0,0,1026,1025,860366879,0,0,0,0,0,0,0,0,0,0,0,0,871294334,0,7654,1850632,790481294,19968,0,0,35344531,0,0,0,0,0,0,0,0,0,0,0,0,0,0,0,0,0,0,0,7886,0,0,0,0,0,0,0,0,0,0,0,0,0,0,0,0,0,0,0,0,0,0,0,0,43596,4050,20584,16534,16534,0,0,3299,0,0,19,0,0,0,0,0,0,0,0,0,0,0,0,0,0,0,0,0,0,0,0,0,0,0,0,0,0,0,0,0,0,710,24,0
1767051152.002141,2141,ubuntu-rog,1,0,0,10843910,0,1659312,2808192,503071,0,39,0,0,0,0,0,847868008,0,0,4907,847496168,0,0,1659312,2808192,503071,0,196941,111701,0,0,0,0,0,0,0,0,0,0,1654767,100280,3315831,39,0,0,4592,0,0,0,0,0,0,0,18110443,17080115,0,0,40639,40639,13920,10947,0,0,0,0,0,0,0,0,0,2807146,1401859,0,262144,5258950,85650949,0,0,1026,1025,860366895,0,0,0,0,0,0,0,0,0,0,0,0,871294350,0,7654,1850632,790481294,19968,0,0,35344531,0,0,0,0,0,0,0,0,0,0,0,0,0,0,0,0,0,0,0,7886,0,0,0,0,0,0,0,0,0,0,0,0,0,0,0,0,0,0,0,0,0,0,0,0,43596,4050,20584,16534,16534,0,0,3299,0,0,19,0,0,0,0,0,0,0,0,0,0,0,0,0,0,0,0,0,0,0,0,0,0,0,0,0,0,0,0,0,0,710,24,0
1767051153.001234,1234,ubuntu-rog,1,0,0,10846921,0,1659312,2808192,503071,0,40,0,0,0,0,0,847868024,0,0,4907,847496184,0,0,1659312,2808192,503071,0,196941,111701,0,0,0,0,0,0,0,0,0,0,1654767,100280,3315832,40,0,0,4592,0,0,0,0,0,0,0,18110444,17080115,0,0,40639,40639,13920,10947,0,0,0,0,0,0,0,0,0,2807748,1402160,0,262144,5258950,85650949,0,0,1026,1025,860366911,0,0,0,0,0,0,0,0,0,0,0,0,871294365,0,7654,1850632,790481294,19968,0,0,35344531,0,0,0,0,0,0,0,0,0,0,0,0,0,0,0,0,0,0,0,7886,0,0,0,0,0,0,0,0,0,0,0,0,0,0,0,0,0,0,0,0,0,0,0,0,43596,4050,20584,16534,16534,0,0,3299,0,0,19,0,0,0,0,0,0,0,0,0,0,0,0,0,0,0,0,0,0,0,0,0,0,0,0,0,0,0,0,0,0,710,24,0
1767051154.001291,1291,ubuntu-rog,1,0,0,10849879,0,1659312,2808192,503071,0,40,0,0,0,0,0,847868042,0,0,4907,847496202,0,0,1659312,2808192,503071,0,196941,111701,0,0,0,0,0,0,0,0,0,0,1654767,100280,3315832,40,0,0,4592,0,0,0,0,0,0,0,18110444,17080115,0,0,40639,40639,13920,10947,0,0,0,0,0,0,0,0,0,2808339,1402455,0,262144,5258950,85651041,0,0,1026,1025,860366929,0,0,0,0,0,0,0,0,0,0,0,0,871294383,0,7654,1850632,790481294,19968,0,0,35344531,0,0,0,0,0,0,0,0,0,0,0,0,0,0,0,0,0,0,0,7886,0,0,0,0,0,0,0,0,0,0,0,0,0,0,0,0,0,0,0,0,0,0,0,0,43596,4050,20584,16534,16534,0,0,3299,0,0,19,0,0,0,0,0,0,0,0,0,0,0,0,0,0,0,0,0,0,0,0,0,0,0,0,0,0,0,0,0,0,710,24,0
1767051155.001147,1147,ubuntu-rog,1,0,0,10852423,0,1659312,2808199,503071,0,16,0,0,0,0,0,847868061,0,0,4907,847496221,0,0,1659312,2808199,503071,0,196941,111701,0,0,0,0,0,0,0,0,0,0,1654767,100280,3315833,16,0,0,4592,0,0,0,0,0,0,0,18110445,17080140,0,0,40639,40639,13920,10947,0,0,0,0,0,0,0,0,0,2808849,1402710,0,262144,5258950,85651041,0,0,1026,1025,860366948,0,0,0,0,0,0,0,0,0,0,0,0,871294401,0,7654,1850632,790481294,19968,0,0,35344531,0,0,0,0,0,0,0,0,0,0,0,0,0,0,0,0,0,0,0,7886,0,0,0,0,0,0,0,0,0,0,0,0,0,0,0,0,0,0,0,0,0,0,0,0,43596,4050,20584,16534,16534,0,0,3299,0,0,19,0,0,0,0,0,0,0,0,0,0,0,0,0,0,0,0,0,0,0,0,0,0,0,0,0,0,0,0,0,0,710,24,0
1767051156.002238,2238,ubuntu-rog,1,0,0,10855108,0,1659312,2808199,503071,0,17,0,0,0,0,0,847868084,0,0,4907,847496244,0,0,1659312,2808199,503071,0,196941,111701,0,0,0,0,0,0,0,0,0,0,1654767,100280,3315834,17,0,0,4592,0,0,0,0,0,0,0,18110446,17080140,0,0,40639,40639,13920,10947,0,0,0,0,0,0,0,0,0,2809386,1402978,0,262144,5258950,85651057,0,0,1026,1025,860366971,0,0,0,0,0,0,0,0,0,0,0,0,871294422,0,7654,1850632,790481294,19968,0,0,35344531,0,0,0,0,0,0,0,0,0,0,0,0,0,0,0,0,0,0,0,7886,0,0,0,0,0,0,0,0,0,0,0,0,0,0,0,0,0,0,0,0,0,0,0,0,43596,4050,20584,16534,16534,0,0,3299,0,0,19,0,0,0,0,0,0,0,0,0,0,0,0,0,0,0,0,0,0,0,0,0,0,0,0,0,0,0,0,0,0,710,24,0
1767051157.001736,1736,ubuntu-rog,1,0,0,10857759,0,1659312,2808200,503071,0,19,0,0,0,0,0,847868102,0,0,4907,847496262,0,0,1659312,2808200,503071,0,196941,111701,0,0,0,0,0,0,0,0,0,0,1654767,100280,3315835,19,0,0,4592,0,0,0,0,0,0,0,18110448,17080140,0,0,40639,40639,13920,10947,0,0,0,0,0,0,0,0,0,2809917,1403243,0,262144,5258950,85651057,0,0,1026,1025,860366989,0,0,0,0,0,0,0,0,0,0,0,0,871294440,0,7654,1850632,790481294,19968,0,0,35344531,0,0,0,0,0,0,0,0,0,0,0,0,0,0,0,0,0,0,0,7886,0,0,0,0,0,0,0,0,0,0,0,0,0,0,0,0,0,0,0,0,0,0,0,0,43596,4050,20584,16534,16534,0,0,3299,0,0,19,0,0,0,0,0,0,0,0,0,0,0,0,0,0,0,0,0,0,0,0,0,0,0,0,0,0,0,0,0,0,710,24,0
1767051158.002147,2147,ubuntu-rog,1,0,0,10860082,0,1659312,2808200,503071,0,20,0,0,0,0,0,847868123,0,0,4907,847496283,0,0,1659312,2808200,503071,0,196941,111701,0,0,0,0,0,0,0,0,0,0,1654767,100280,3315836,20,0,0,4592,0,0,0,0,0,0,0,18110449,17080140,0,0,40639,40639,13920,10947,0,0,0,0,0,0,0,0,0,2810381,1403475,0,262144,5258950,85651057,0,0,1026,1025,860367010,0,0,0,0,0,0,0,0,0,0,0,0,871294460,0,7654,1850632,790481294,19968,0,0,35344531,0,0,0,0,0,0,0,0,0,0,0,0,0,0,0,0,0,0,0,7886,0,0,0,0,0,0,0,0,0,0,0,0,0,0,0,0,0,0,0,0,0,0,0,0,43596,4050,20584,16534,16534,0,0,3299,0,0,19,0,0,0,0,0,0,0,0,0,0,0,0,0,0,0,0,0,0,0,0,0,0,0,0,0,0,0,0,0,0,710,24,0
1767051159.001244,1244,ubuntu-rog,1,0,0,10862494,0,1659312,2808200,503071,0,21,0,0,0,0,0,847868140,0,0,4907,847496300,0,0,1659312,2808200,503071,0,196941,111701,0,0,0,0,0,0,0,0,0,0,1654767,100280,3315837,21,0,0,4592,0,0,0,0,0,0,0,18110450,17080140,0,0,40639,40639,13920,10947,0,0,0,0,0,0,0,0,0,2810863,1403715,0,262144,5258950,85651057,0,0,1026,1025,860367027,0,0,0,0,0,0,0,0,0,0,0,0,871294476,0,7654,1850632,790481294,19968,0,0,35344531,0,0,0,0,0,0,0,0,0,0,0,0,0,0,0,0,0,0,0,7886,0,0,0,0,0,0,0,0,0,0,0,0,0,0,0,0,0,0,0,0,0,0,0,0,43596,4050,20584,16534,16534,0,0,3299,0,0,19,0,0,0,0,0,0,0,0,0,0,0,0,0,0,0,0,0,0,0,0,0,0,0,0,0,0,0,0,0,0,710,24,0
1767051160.001284,1284,ubuntu-rog,1,0,0,10864890,0,1659312,2808200,503071,0,21,0,0,0,0,0,847868156,0,0,4907,847496316,0,0,1659312,2808200,503071,0,196941,111701,0,0,0,0,0,0,0,0,0,0,1654767,100280,3315837,21,0,0,4592,0,0,0,0,0,0,0,18110450,17080140,0,0,40639,40639,13920,10947,0,0,0,0,0,0,0,0,0,2811342,1403955,0,262144,5258950,85651057,0,0,1026,1025,860367043,0,0,0,0,0,0,0,0,0,0,0,0,871294492,0,7654,1850632,790481294,19968,0,0,35344531,0,0,0,0,0,0,0,0,0,0,0,0,0,0,0,0,0,0,0,7886,0,0,0,0,0,0,0,0,0,0,0,0,0,0,0,0,0,0,0,0,0,0,0,0,43596,4050,20584,16534,16534,0,0,3299,0,0,19,0,0,0,0,0,0,0,0,0,0,0,0,0,0,0,0,0,0,0,0,0,0,0,0,0,0,0,0,0,0,710,24,0
1767051161.001145,1145,ubuntu-rog,1,0,0,10867282,0,1659312,2808200,503071,0,21,0,0,0,0,0,847868190,0,0,4907,847496350,0,0,1659312,2808200,503071,0,196941,111701,0,0,0,0,0,0,0,0,0,0,1654767,100280,3315837,21,0,0,4592,0,0,0,0,0,0,0,18110450,17080140,0,0,40639,40639,13920,10947,0,0,0,0,0,0,0,0,0,2811821,1404193,0,262144,5258950,85651057,0,0,1026,1025,860367077,0,0,0,0,0,0,0,0,0,0,0,0,871294526,0,7654,1850632,790481294,19968,0,0,35344531,0,0,0,0,0,0,0,0,0,0,0,0,0,0,0,0,0,0,0,7886,0,0,0,0,0,0,0,0,0,0,0,0,0,0,0,0,0,0,0,0,0,0,0,0,43596,4050,20584,16534,16534,0,0,3299,0,0,19,0,0,0,0,0,0,0,0,0,0,0,0,0,0,0,0,0,0,0,0,0,0,0,0,0,0,0,0,0,0,710,24,0
1767051162.002233,2233,ubuntu-rog,1,0,0,10869500,0,1659312,2808200,503071,0,22,0,0,0,0,0,847868214,0,0,4907,847496374,0,0,1659312,2808200,503071,0,196941,111701,0,0,0,0,0,0,0,0,0,0,1654767,100280,3315838,22,0,0,4592,0,0,0,0,0,0,0,18110451,17080140,0,0,40639,40639,13920,10947,0,0,0,0,0,0,0,0,0,2812264,1404415,0,262144,5258950,85651073,0,0,1026,1025,860367101,0,0,0,0,0,0,0,0,0,0,0,0,871294547,0,7654,1850632,790481294,19968,0,0,35344531,0,0,0,0,0,0,0,0,0,0,0,0,0,0,0,0,0,0,0,7886,0,0,0,0,0,0,0,0,0,0,0,0,0,0,0,0,0,0,0,0,0,0,0,0,43596,4050,20584,16534,16534,0,0,3299,0,0,19,0,0,0,0,0,0,0,0,0,0,0,0,0,0,0,0,0,0,0,0,0,0,0,0,0,0,0,0,0,0,710,24,0
1767051163.001280,1280,ubuntu-rog,1,0,0,10871994,0,1659312,2808202,503071,0,22,0,0,0,0,0,847868230,0,0,4907,847496390,0,0,1659312,2808202,503071,0,196941,111701,0,0,0,0,0,0,0,0,0,0,1654767,100280,3315840,22,0,0,4592,0,0,0,0,0,0,0,18110451,17080140,0,0,40639,40639,13920,10947,0,0,0,0,0,0,0,0,0,2812763,1404664,0,262144,5258950,85651073,0,0,1026,1025,860367117,0,0,0,0,0,0,0,0,0,0,0,0,871294591,0,7654,1850632,790481294,19968,0,0,35344531,0,0,0,0,0,0,0,0,0,0,0,0,0,0,0,0,0,0,0,7886,0,0,0,0,0,0,0,0,0,0,0,0,0,0,0,0,0,0,0,0,0,0,0,0,43596,4050,20584,16534,16534,0,0,3299,0,0,19,0,0,0,0,0,0,0,0,0,0,0,0,0,0,0,0,0,0,0,0,0,0,0,0,0,0,0,0,0,0,710,24,0
1767051164.001145,1145,ubuntu-rog,1,0,0,10874115,0,1659312,2808202,503071,0,22,0,0,0,0,0,847868250,0,0,4907,847496410,0,0,1659312,2808202,503071,0,196941,111701,0,0,0,0,0,0,0,0,0,0,1654767,100280,3315840,22,0,0,4592,0,0,0,0,0,0,0,18110451,17080140,0,0,40639,40639,13920,10947,0,0,0,0,0,0,0,0,0,2813187,1404876,0,262144,5258950,85651073,0,0,1026,1025,860367137,0,0,0,0,0,0,0,0,0,0,0,0,871294611,0,7654,1850632,790481294,19968,0,0,35344531,0,0,0,0,0,0,0,0,0,0,0,0,0,0,0,0,0,0,0,7886,0,0,0,0,0,0,0,0,0,0,0,0,0,0,0,0,0,0,0,0,0,0,0,0,43596,4050,20584,16534,16534,0,0,3299,0,0,19,0,0,0,0,0,0,0,0,0,0,0,0,0,0,0,0,0,0,0,0,0,0,0,0,0,0,0,0,0,0,710,24,0
1767051165.001240,1240,ubuntu-rog,1,0,0,10876167,0,1659312,2808202,503071,0,12,0,0,0,0,0,847868267,0,0,4907,847496427,0,0,1659312,2808202,503071,0,196941,111701,0,0,0,0,0,0,0,0,0,0,1654767,100280,3315840,12,0,0,4592,0,0,0,0,0,0,0,18110451,17080150,0,0,40639,40639,13920,10947,0,0,0,0,0,0,0,0,0,2813598,1405081,0,262144,5258950,85651113,0,0,1026,1025,860367154,0,0,0,0,0,0,0,0,0,0,0,0,871294628,0,7654,1850632,790481294,19968,0,0,35344531,0,0,0,0,0,0,0,0,0,0,0,0,0,0,0,0,0,0,0,7886,0,0,0,0,0,0,0,0,0,0,0,0,0,0,0,0,0,0,0,0,0,0,0,0,43596,4050,20584,16534,16534,0,0,3299,0,0,19,0,0,0,0,0,0,0,0,0,0,0,0,0,0,0,0,0,0,0,0,0,0,0,0,0,0,0,0,0,0,710,24,0
1767051166.001187,1187,ubuntu-rog,1,0,0,10878325,0,1659312,2808202,503071,0,15,0,0,0,0,0,847868286,0,0,4907,847496446,0,0,1659312,2808202,503071,0,196941,111701,0,0,0,0,0,0,0,0,0,0,1654767,100280,3315842,15,0,0,4592,0,0,0,0,0,0,0,18110454,17080150,0,0,40639,40639,13920,10947,0,0,0,0,0,0,0,0,0,2814029,1405296,0,262144,5258950,85651113,0,0,1026,1025,860367173,0,0,0,0,0,0,0,0,0,0,0,0,871294645,0,7654,1850632,790481294,19968,0,0,35344531,0,0,0,0,0,0,0,0,0,0,0,0,0,0,0,0,0,0,0,7886,0,0,0,0,0,0,0,0,0,0,0,0,0,0,0,0,0,0,0,0,0,0,0,0,43596,4050,20584,16534,16534,0,0,3299,0,0,19,0,0,0,0,0,0,0,0,0,0,0,0,0,0,0,0,0,0,0,0,0,0,0,0,0,0,0,0,0,0,710,24,0
1767051167.002149,2149,ubuntu-rog,1,0,0,10880349,0,1659284,2808202,503071,0,15,0,0,0,0,0,847868352,0,0,4907,847496512,0,0,1659284,2808202,503071,0,196941,111701,0,0,0,0,0,0,0,0,0,0,1654766,100280,3315842,15,0,0,4592,0,0,0,0,0,0,0,18110454,17080150,0,0,40639,40639,13920,10947,0,0,0,0,0,0,0,0,0,2814434,1405498,0,262144,5258950,85651141,0,0,1026,1025,860367239,0,0,0,0,0,0,0,0,0,0,0,0,871294711,0,7654,1850632,790481366,19968,0,0,35344531,0,0,0,0,0,0,0,0,0,0,0,0,0,0,0,0,0,0,0,7886,0,0,0,0,0,0,0,0,0,0,0,0,0,0,0,0,0,0,0,0,0,0,0,0,43596,4050,20584,16534,16534,0,0,3299,0,0,19,0,0,0,0,0,0,0,0,0,0,0,0,0,0,0,0,0,0,0,0,0,0,0,0,0,0,0,0,0,0,710,24,0
1767051168.001251,1251,ubuntu-rog,1,0,0,10882365,0,1659284,2808202,503071,0,18,0,0,0,0,0,847868369,0,0,4907,847496529,0,0,1659284,2808202,503071,0,196941,111701,0,0,0,0,0,0,0,0,0,0,1654766,100280,3315843,18,0,0,4592,0,0,0,0,0,0,0,18110457,17080150,0,0,40639,40639,13920,10947,0,0,0,0,0,0,0,0,0,2814837,1405700,0,262144,5258950,85651141,0,0,1026,1025,860367256,0,0,0,0,0,0,0,0,0,0,0,0,871294728,0,7654,1850632,790481366,19968,0,0,35344531,0,0,0,0,0,0,0,0,0,0,0,0,0,0,0,0,0,0,0,7886,0,0,0,0,0,0,0,0,0,0,0,0,0,0,0,0,0,0,0,0,0,0,0,0,43596,4050,20584,16534,16534,0,0,3299,0,0,19,0,0,0,0,0,0,0,0,0,0,0,0,0,0,0,0,0,0,0,0,0,0,0,0,0,0,0,0,0,0,710,24,0
1767051169.001286,1286,ubuntu-rog,1,0,0,10884381,0,1659284,2808202,503071,0,20,0,0,0,0,0,847868387,0,0,4907,847496547,0,0,1659284,2808202,503071,0,196941,111701,0,0,0,0,0,0,0,0,0,0,1654766,100280,3315845,20,0,0,4592,0,0,0,0,0,0,0,18110459,17080150,0,0,40639,40639,13920,10947,0,0,0,0,0,0,0,0,0,2815240,1405901,0,262144,5258950,85651141,0,0,1026,1025,860367274,0,0,0,0,0,0,0,0,0,0,0,0,871294744,0,7654,1850632,790481366,19968,0,0,35344531,0,0,0,0,0,0,0,0,0,0,0,0,0,0,0,0,0,0,0,7886,0,0,0,0,0,0,0,0,0,0,0,0,0,0,0,0,0,0,0,0,0,0,0,0,43596,4050,20584,16534,16534,0,0,3299,0,0,19,0,0,0,0,0,0,0,0,0,0,0,0,0,0,0,0,0,0,0,0,0,0,0,0,0,0,0,0,0,0,710,24,0
1767051170.001105,1105,ubuntu-rog,1,0,0,10886098,0,1659284,2808203,503071,0,14,0,0,0,0,0,847868403,0,0,4907,847496563,0,0,1659284,2808203,503071,0,196941,111701,0,0,0,0,0,0,0,0,0,0,1654766,100280,3315845,14,0,0,4592,0,0,0,0,0,0,0,18110459,17080156,0,0,40639,40639,13920,10947,0,0,0,0,0,0,0,0,0,2815584,1406073,0,262144,5258950,85651165,0,0,1026,1025,860367290,0,0,0,0,0,0,0,0,0,0,0,0,871294760,0,7654,1850632,790481366,19968,0,0,35344531,0,0,0,0,0,0,0,0,0,0,0,0,0,0,0,0,0,0,0,7886,0,0,0,0,0,0,0,0,0,0,0,0,0,0,0,0,0,0,0,0,0,0,0,0,43596,4050,20584,16534,16534,0,0,3299,0,0,19,0,0,0,0,0,0,0,0,0,0,0,0,0,0,0,0,0,0,0,0,0,0,0,0,0,0,0,0,0,0,710,24,0
1767051171.002237,2237,ubuntu-rog,1,0,0,10887512,0,1659284,2808203,503071,0,14,0,0,0,0,0,847868420,0,0,4907,847496580,0,0,1659284,2808203,503071,0,196941,111701,0,0,0,0,0,0,0,0,0,0,1654766,100280,3315845,14,0,0,4592,0,0,0,0,0,0,0,18110459,17080156,0,0,40639,40639,13920,10947,0,0,0,0,0,0,0,0,0,2815866,1406214,0,262144,5258950,85651165,0,0,1026,1025,860367307,0,0,0,0,0,0,0,0,0,0,0,0,871294777,0,7654,1850632,790481366,19968,0,0,35344531,0,0,0,0,0,0,0,0,0,0,0,0,0,0,0,0,0,0,0,7886,0,0,0,0,0,0,0,0,0,0,0,0,0,0,0,0,0,0,0,0,0,0,0,0,43596,4050,20584,16534,16534,0,0,3299,0,0,19,0,0,0,0,0,0,0,0,0,0,0,0,0,0,0,0,0,0,0,0,0,0,0,0,0,0,0,0,0,0,710,24,0
1767051172.001269,1269,ubuntu-rog,1,0,0,10888794,0,1659284,2808203,503071,0,16,0,0,0,0,0,847868439,0,0,4907,847496599,0,0,1659284,2808203,503071,0,196941,111701,0,0,0,0,0,0,0,0,0,0,1654766,100280,3315846,16,0,0,4592,0,0,0,0,0,0,0,18110461,17080156,0,0,40639,40639,13920,10947,0,0,0,0,0,0,0,0,0,2816123,1406342,0,262144,5258950,85651193,0,0,1026,1025,860367326,0,0,0,0,0,0,0,0,0,0,0,0,871294794,0,7654,1850632,790481366,19968,0,0,35344531,0,0,0,0,0,0,0,0,0,0,0,0,0,0,0,0,0,0,0,7886,0,0,0,0,0,0,0,0,0,0,0,0,0,0,0,0,0,0,0,0,0,0,0,0,43596,4050,20584,16534,16534,0,0,3299,0,0,19,0,0,0,0,0,0,0,0,0,0,0,0,0,0,0,0,0,0,0,0,0,0,0,0,0,0,0,0,0,0,710,24,0
1767051173.001151,1151,ubuntu-rog,1,0,0,10889992,0,1659284,2808203,503071,0,18,0,0,0,0,0,847868457,0,0,4907,847496617,0,0,1659284,2808203,503071,0,196941,111701,0,0,0,0,0,0,0,0,0,0,1654766,100280,3315848,18,0,0,4592,0,0,0,0,0,0,0,18110463,17080156,0,0,40639,40639,13920,10947,0,0,0,0,0,0,0,0,0,2816362,1406461,0,262144,5258950,85651193,0,0,1026,1025,860367344,0,0,0,0,0,0,0,0,0,0,0,0,871294811,0,7654,1850632,790481366,19968,0,0,35344531,0,0,0,0,0,0,0,0,0,0,0,0,0,0,0,0,0,0,0,7886,0,0,0,0,0,0,0,0,0,0,0,0,0,0,0,0,0,0,0,0,0,0,0,0,43596,4050,20584,16534,16534,0,0,3299,0,0,19,0,0,0,0,0,0,0,0,0,0,0,0,0,0,0,0,0,0,0,0,0,0,0,0,0,0,0,0,0,0,710,24,0
1767051174.001243,1243,ubuntu-rog,1,0,0,10890927,0,1659284,2808203,503071,0,18,0,0,0,0,0,847868474,0,0,4907,847496634,0,0,1659284,2808203,503071,0,196941,111701,0,0,0,0,0,0,0,0,0,0,1654766,100280,3315848,18,0,0,4592,0,0,0,0,0,0,0,18110463,17080156,0,0,40639,40639,13920,10947,0,0,0,0,0,0,0,0,0,2816549,1406555,0,262144,5258950,85651193,0,0,1026,1025,860367361,0,0,0,0,0,0,0,0,0,0,0,0,871294828,0,7654,1850632,790481366,19968,0,0,35344531,0,0,0,0,0,0,0,0,0,0,0,0,0,0,0,0,0,0,0,7886,0,0,0,0,0,0,0,0,0,0,0,0,0,0,0,0,0,0,0,0,0,0,0,0,43596,4050,20584,16534,16534,0,0,3299,0,0,19,0,0,0,0,0,0,0,0,0,0,0,0,0,0,0,0,0,0,0,0,0,0,0,0,0,0,0,0,0,0,710,24,0
1767051175.001208,1208,ubuntu-rog,1,0,0,10891882,0,1659284,2808203,503071,0,18,0,0,0,0,0,847868490,0,0,4907,847496650,0,0,1659284,2808203,503071,0,196941,111701,0,0,0,0,0,0,0,0,0,0,1654766,100280,3315848,18,0,0,4592,0,0,0,0,0,0,0,18110463,17080156,0,0,40639,40639,13920,10947,0,0,0,0,0,0,0,0,0,2816740,1406650,0,262144,5258950,85651217,0,0,1026,1025,860367377,0,0,0,0,0,0,0,0,0,0,0,0,871294844,0,7654,1850632,790481366,19968,0,0,35344531,0,0,0,0,0,0,0,0,0,0,0,0,0,0,0,0,0,0,0,7886,0,0,0,0,0,0,0,0,0,0,0,0,0,0,0,0,0,0,0,0,0,0,0,0,43596,4050,20584,16534,16534,0,0,3299,0,0,19,0,0,0,0,0,0,0,0,0,0,0,0,0,0,0,0,0,0,0,0,0,0,0,0,0,0,0,0,0,0,710,24,0
1767051176.004366,4366,ubuntu-rog,1,0,0,10892643,0,1659284,2808204,503071,0,12,0,0,0,0,0,847868506,0,0,4907,847496666,0,0,1659284,2808204,503071,0,196941,111701,0,0,0,0,0,0,0,0,0,0,1654766,100280,3315848,12,0,0,4592,0,0,0,0,0,0,0,18110463,17080162,0,0,40639,40639,13920,10947,0,0,0,0,0,0,0,0,0,2816892,1406726,0,262144,5258950,85651217,0,0,1026,1025,860367393,0,0,0,0,0,0,0,0,0,0,0,0,871294860,0,7654,1850632,790481366,19968,0,0,35344531,0,0,0,0,0,0,0,0,0,0,0,0,0,0,0,0,0,0,0,7886,0,0,0,0,0,0,0,0,0,0,0,0,0,0,0,0,0,0,0,0,0,0,0,0,43596,4050,20584,16534,16534,0,0,3299,0,0,19,0,0,0,0,0,0,0,0,0,0,0,0,0,0,0,0,0,0,0,0,0,0,0,0,0,0,0,0,0,0,710,24,0
1767051177.001259,1259,ubuntu-rog,1,0,0,10893249,0,1659284,2808204,503071,0,13,0,0,0,0,0,847868524,0,0,4907,847496684,0,0,1659284,2808204,503071,0,196941,111701,0,0,0,0,0,0,0,0,0,0,1654766,100280,3315849,13,0,0,4592,0,0,0,0,0,0,0,18110464,17080162,0,0,40639,40639,13920,10947,0,0,0,0,0,0,0,0,0,2817014,1406787,0,262144,5258950,85651245,0,0,1026,1025,860367411,0,0,0,0,0,0,0,0,0,0,0,0,871294876,0,7654,1850632,790481366,19968,0,0,35344531,0,0,0,0,0,0,0,0,0,0,0,0,0,0,0,0,0,0,0,7886,0,0,0,0,0,0,0,0,0,0,0,0,0,0,0,0,0,0,0,0,0,0,0,0,43596,4050,20584,16534,16534,0,0,3299,0,0,19,0,0,0,0,0,0,0,0,0,0,0,0,0,0,0,0,0,0,0,0,0,0,0,0,0,0,0,0,0,0,710,24,0
1767051178.001300,1300,ubuntu-rog,1,0,0,10893814,0,1659284,2808205,503071,0,15,0,0,0,0,0,847868542,0,0,4907,847496702,0,0,1659284,2808205,503071,0,196941,111701,0,0,0,0,0,0,0,0,0,0,1654766,100280,3315851,15,0,0,4592,0,0,0,0,0,0,0,18110466,17080162,0,0,40639,40639,13920,10947,0,0,0,0,0,0,0,0,0,2817127,1406843,0,262144,5258950,85651245,0,0,1026,1025,860367429,0,0,0,0,0,0,0,0,0,0,0,0,871294893,0,7654,1850632,790481366,19968,0,0,35344531,0,0,0,0,0,0,0,0,0,0,0,0,0,0,0,0,0,0,0,7886,0,0,0,0,0,0,0,0,0,0,0,0,0,0,0,0,0,0,0,0,0,0,0,0,43596,4050,20584,16534,16534,0,0,3299,0,0,19,0,0,0,0,0,0,0,0,0,0,0,0,0,0,0,0,0,0,0,0,0,0,0,0,0,0,0,0,0,0,710,24,0
1767051179.001101,1101,ubuntu-rog,1,0,0,10894402,0,1659284,2808205,503071,0,15,0,0,0,0,0,847868558,0,0,4907,847496718,0,0,1659284,2808205,503071,0,196941,111701,0,0,0,0,0,0,0,0,0,0,1654766,100280,3315851,15,0,0,4592,0,0,0,0,0,0,0,18110466,17080162,0,0,40639,40639,13920,10947,0,0,0,0,0,0,0,0,0,2817244,1406902,0,262144,5258950,85651245,0,0,1026,1025,860367445,0,0,0,0,0,0,0,0,0,0,0,0,871294909,0,7654,1850632,790481366,19968,0,0,35344531,0,0,0,0,0,0,0,0,0,0,0,0,0,0,0,0,0,0,0,7886,0,0,0,0,0,0,0,0,0,0,0,0,0,0,0,0,0,0,0,0,0,0,0,0,43596,4050,20584,16534,16534,0,0,3299,0,0,19,0,0,0,0,0,0,0,0,0,0,0,0,0,0,0,0,0,0,0,0,0,0,0,0,0,0,0,0,0,0,710,24,0
1767051180.002228,2228,ubuntu-rog,1,0,0,10895816,0,1659284,2808205,503071,0,15,0,0,0,0,0,847868577,0,0,4907,847496737,0,0,1659284,2808205,503071,0,196941,111701,0,0,0,0,0,0,0,0,0,0,1654766,100280,3315851,15,0,0,4592,0,0,0,0,0,0,0,18110466,17080162,0,0,40639,40639,13920,10947,0,0,0,0,0,0,0,0,0,2817527,1407043,0,262144,5258950,85651245,0,0,1026,1025,860367464,0,0,0,0,0,0,0,0,0,0,0,0,871294928,0,7654,1850632,790481366,19968,0,0,35344531,0,0,0,0,0,0,0,0,0,0,0,0,0,0,0,0,0,0,0,7886,0,0,0,0,0,0,0,0,0,0,0,0,0,0,0,0,0,0,0,0,0,0,0,0,43596,4050,20584,16534,16534,0,0,3299,0,0,19,0,0,0,0,0,0,0,0,0,0,0,0,0,0,0,0,0,0,0,0,0,0,0,0,0,0,0,0,0,0,710,24,0
1767051181.001276,1276,ubuntu-rog,1,0,0,10895861,0,1659284,2808205,503071,0,16,0,0,0,0,0,847868593,0,0,4907,847496753,0,0,1659284,2808205,503071,0,196941,111700,0,0,0,0,0,0,0,0,0,0,1654766,100280,3315852,16,0,0,4592,0,0,0,0,0,0,0,18110467,17080162,0,0,40639,40639,13920,10947,0,0,0,0,0,0,0,0,0,2817536,1407048,0,262144,5258950,85651245,0,0,1026,1025,860367480,0,0,0,0,0,0,0,0,0,0,0,0,871294944,0,7654,1850632,790481366,19968,0,0,35344531,0,0,0,0,0,0,0,0,0,0,0,0,0,0,0,0,0,0,0,7886,0,0,0,0,0,0,0,0,0,0,0,0,0,0,0,0,0,0,0,0,0,0,0,0,43596,4050,20584,16534,16534,0,0,3299,0,0,19,0,0,0,0,0,0,0,0,0,0,0,0,0,0,0,0,0,0,0,0,0,0,0,0,0,0,0,0,0,0,710,24,0
1767051182.001151,1151,ubuntu-rog,1,0,0,10895861,0,1659284,2808205,503071,0,18,0,0,0,0,0,847868609,0,0,4907,847496769,0,0,1659284,2808205,503071,0,196941,111700,0,0,0,0,0,0,0,0,0,0,1654766,100280,3315853,18,0,0,4592,0,0,0,0,0,0,0,18110469,17080162,0,0,40639,40639,13920,10947,0,0,0,0,0,0,0,0,0,2817536,1407048,0,262144,5258950,85651265,0,0,1026,1025,860367496,0,0,0,0,0,0,0,0,0,0,0,0,871294959,0,7654,1850632,790481366,19968,0,0,35344531,0,0,0,0,0,0,0,0,0,0,0,0,0,0,0,0,0,0,0,7886,0,0,0,0,0,0,0,0,0,0,0,0,0,0,0,0,0,0,0,0,0,0,0,0,43596,4050,20584,16534,16534,0,0,3299,0,0,19,0,0,0,0,0,0,0,0,0,0,0,0,0,0,0,0,0,0,0,0,0,0,0,0,0,0,0,0,0,0,710,24,0
1767051183.001247,1247,ubuntu-rog,1,0,0,10895861,0,1659284,2808205,503071,0,19,0,0,0,0,0,847868624,0,0,4907,847496784,0,0,1659284,2808205,503071,0,196941,111700,0,0,0,0,0,0,0,0,0,0,1654766,100280,3315853,19,0,0,4592,0,0,0,0,0,0,0,18110470,17080162,0,0,40639,40639,13920,10947,0,0,0,0,0,0,0,0,0,2817536,1407048,0,262144,5258950,85651265,0,0,1026,1025,860367511,0,0,0,0,0,0,0,0,0,0,0,0,871294974,0,7654,1850632,790481366,19968,0,0,35344531,0,0,0,0,0,0,0,0,0,0,0,0,0,0,0,0,0,0,0,7886,0,0,0,0,0,0,0,0,0,0,0,0,0,0,0,0,0,0,0,0,0,0,0,0,43596,4050,20584,16534,16534,0,0,3299,0,0,19,0,0,0,0,0,0,0,0,0,0,0,0,0,0,0,0,0,0,0,0,0,0,0,0,0,0,0,0,0,0,710,24,0
1767051184.002285,2285,ubuntu-rog,1,0,0,10896083,0,1659284,2808205,503071,0,20,0,0,0,0,0,847868643,0,0,4907,847496803,0,0,1659284,2808205,503071,0,196941,111700,0,0,0,0,0,0,0,0,0,0,1654766,100280,3315854,20,0,0,4592,0,0,0,0,0,0,0,18110471,17080162,0,0,40639,40639,13920,10947,0,0,0,0,0,0,0,0,0,2817580,1407070,0,262144,5258950,85651265,0,0,1026,1025,860367530,0,0,0,0,0,0,0,0,0,0,0,0,871294992,0,7654,1850632,790481366,19968,0,0,35344531,0,0,0,0,0,0,0,0,0,0,0,0,0,0,0,0,0,0,0,7886,0,0,0,0,0,0,0,0,0,0,0,0,0,0,0,0,0,0,0,0,0,0,0,0,43596,4050,20584,16534,16534,0,0,3299,0,0,19,0,0,0,0,0,0,0,0,0,0,0,0,0,0,0,0,0,0,0,0,0,0,0,0,0,0,0,0,0,0,710,24,0
1767051185.001386,1386,ubuntu-rog,1,0,0,10896355,0,1659284,2808205,503071,0,21,0,0,0,0,0,847868660,0,0,4907,847496820,0,0,1659284,2808205,503071,0,196941,111700,0,0,0,0,0,0,0,0,0,0,1654766,100280,3315855,21,0,0,4592,0,0,0,0,0,0,0,18110472,17080162,0,0,40639,40639,13920,10947,0,0,0,0,0,0,0,0,0,2817635,1407097,0,262144,5258950,85651265,0,0,1026,1025,860367547,0,0,0,0,0,0,0,0,0,0,0,0,871295008,0,7654,1850632,790481366,19968,0,0,35344531,0,0,0,0,0,0,0,0,0,0,0,0,0,0,0,0,0,0,0,7886,0,0,0,0,0,0,0,0,0,0,0,0,0,0,0,0,0,0,0,0,0,0,0,0,43596,4050,20584,16534,16534,0,0,3299,0,0,19,0,0,0,0,0,0,0,0,0,0,0,0,0,0,0,0,0,0,0,0,0,0,0,0,0,0,0,0,0,0,710,24,0
1767051186.002246,2246,ubuntu-rog,1,0,0,10896355,0,1659284,2808205,503071,0,21,0,0,0,0,0,847868675,0,0,4907,847496835,0,0,1659284,2808205,503071,0,196941,111700,0,0,0,0,0,0,0,0,0,0,1654766,100280,3315855,21,0,0,4592,0,0,0,0,0,0,0,18110472,17080162,0,0,40639,40639,13920,10947,0,0,0,0,0,0,0,0,0,2817635,1407097,0,262144,5258950,85651265,0,0,1026,1025,860367562,0,0,0,0,0,0,0,0,0,0,0,0,871295023,0,7654,1850632,790481366,19968,0,0,35344531,0,0,0,0,0,0,0,0,0,0,0,0,0,0,0,0,0,0,0,7886,0,0,0,0,0,0,0,0,0,0,0,0,0,0,0,0,0,0,0,0,0,0,0,0,43596,4050,20584,16534,16534,0,0,3299,0,0,19,0,0,0,0,0,0,0,0,0,0,0,0,0,0,0,0,0,0,0,0,0,0,0,0,0,0,0,0,0,0,710,24,0
1767051187.001288,1288,ubuntu-rog,1,0,0,10896355,0,1659284,2808205,503071,0,13,0,0,0,0,0,847868692,0,0,4907,847496852,0,0,1659284,2808205,503071,0,196941,111700,0,0,0,0,0,0,0,0,0,0,1654766,100280,3315855,13,0,0,4592,0,0,0,0,0,0,0,18110472,17080170,0,0,40639,40639,13920,10947,0,0,0,0,0,0,0,0,0,2817635,1407097,0,262144,5258950,85651305,0,0,1026,1025,860367579,0,0,0,0,0,0,0,0,0,0,0,0,871295038,0,7654,1850632,790481366,19968,0,0,35344531,0,0,0,0,0,0,0,0,0,0,0,0,0,0,0,0,0,0,0,7886,0,0,0,0,0,0,0,0,0,0,0,0,0,0,0,0,0,0,0,0,0,0,0,0,43596,4050,20584,16534,16534,0,0,3299,0,0,19,0,0,0,0,0,0,0,0,0,0,0,0,0,0,0,0,0,0,0,0,0,0,0,0,0,0,0,0,0,0,710,24,0
1767051188.001149,1149,ubuntu-rog,1,0,0,10896355,0,1659284,2808205,503071,0,15,0,0,0,0,0,847868710,0,0,4907,847496870,0,0,1659284,2808205,503071,0,196942,111700,0,0,0,0,0,0,0,0,0,0,1654766,100280,3315858,15,0,0,4592,0,0,0,0,0,0,0,18110474,17080170,0,0,40639,40639,13920,10947,0,0,0,0,0,0,0,0,0,2817635,1407097,0,262144,5258950,85651305,0,0,1026,1025,860367597,0,0,0,0,0,0,0,0,0,0,0,0,871295054,0,7654,1850632,790481366,19968,0,0,35344531,0,0,0,0,0,0,0,0,0,0,0,0,0,0,0,0,0,0,0,7886,0,0,0,0,0,0,0,0,0,0,0,0,0,0,0,0,0,0,0,0,0,0,0,0,43596,4050,20584,16534,16534,0,0,3299,0,0,19,0,0,0,0,0,0,0,0,0,0,0,0,0,0,0,0,0,0,0,0,0,0,0,0,0,0,0,0,0,0,710,24,0
1767051189.001240,1240,ubuntu-rog,1,0,0,10896355,0,1659284,2808205,503071,0,15,0,0,0,0,0,847868726,0,0,4907,847496886,0,0,1659284,2808205,503071,0,196942,111700,0,0,0,0,0,0,0,0,0,0,1654766,100280,3315858,15,0,0,4592,0,0,0,0,0,0,0,18110474,17080170,0,0,40639,40639,13920,10947,0,0,0,0,0,0,0,0,0,2817635,1407097,0,262144,5258950,85651305,0,0,1026,1025,860367613,0,0,0,0,0,0,0,0,0,0,0,0,871295070,0,7654,1850632,790481366,19968,0,0,35344531,0,0,0,0,0,0,0,0,0,0,0,0,0,0,0,0,0,0,0,7886,0,0,0,0,0,0,0,0,0,0,0,0,0,0,0,0,0,0,0,0,0,0,0,0,43596,4050,20584,16534,16534,0,0,3299,0,0,19,0,0,0,0,0,0,0,0,0,0,0,0,0,0,0,0,0,0,0,0,0,0,0,0,0,0,0,0,0,0,710,24,0
1767051190.002269,2269,ubuntu-rog,1,0,0,10896355,0,1659284,2808205,503071,0,15,0,0,0,0,0,847868742,0,0,4907,847496902,0,0,1659284,2808205,503071,0,196942,111700,0,0,0,0,0,0,0,0,0,0,1654766,100280,3315858,15,0,0,4592,0,0,0,0,0,0,0,18110474,17080170,0,0,40639,40639,13920,10947,0,0,0,0,0,0,0,0,0,2817635,1407097,0,262144,5258950,85651305,0,0,1026,1025,860367629,0,0,0,0,0,0,0,0,0,0,0,0,871295086,0,7654,1850632,790481366,19968,0,0,35344531,0,0,0,0,0,0,0,0,0,0,0,0,0,0,0,0,0,0,0,7886,0,0,0,0,0,0,0,0,0,0,0,0,0,0,0,0,0,0,0,0,0,0,0,0,43596,4050,20584,16534,16534,0,0,3299,0,0,19,0,0,0,0,0,0,0,0,0,0,0,0,0,0,0,0,0,0,0,0,0,0,0,0,0,0,0,0,0,0,710,24,0
1767051191.001376,1376,ubuntu-rog,1,0,0,10896355,0,1659284,2808205,503071,0,16,0,0,0,0,0,847868771,0,0,4907,847496931,0,0,1659284,2808205,503071,0,196942,111700,0,0,0,0,0,0,0,0,0,0,1654766,100280,3315859,16,0,0,4592,0,0,0,0,0,0,0,18110475,17080170,0,0,40639,40639,13920,10947,0,0,0,0,0,0,0,0,0,2817635,1407097,0,262144,5258950,85651309,0,0,1026,1025,860367658,0,0,0,0,0,0,0,0,0,0,0,0,871295104,0,7654,1850632,790481375,19968,0,0,35344531,0,0,0,0,0,0,0,0,0,0,0,0,0,0,0,0,0,0,0,7886,0,0,0,0,0,0,0,0,0,0,0,0,0,0,0,0,0,0,0,0,0,0,0,0,43596,4050,20584,16534,16534,0,0,3299,0,0,19,0,0,0,0,0,0,0,0,0,0,0,0,0,0,0,0,0,0,0,0,0,0,0,0,0,0,0,0,0,0,710,24,0
1767051192.001575,1575,ubuntu-rog,1,0,0,10896355,0,1660176,2808205,503071,0,18,0,0,0,0,0,847869787,0,0,4907,847497947,0,0,1660176,2808205,503071,0,196942,111700,0,0,0,0,0,0,0,0,0,0,1655677,100280,3315860,18,0,0,4592,0,0,0,0,0,0,0,18110478,17080171,0,0,40639,40639,13920,10950,0,0,0,0,0,0,0,0,0,2817635,1407097,0,262144,5258950,85651345,0,0,1026,1025,860368674,0,0,0,0,0,0,0,0,0,0,0,0,871295120,0,7654,1850632,790482371,19968,0,0,35344531,0,0,0,0,0,0,0,0,0,0,0,0,0,0,0,0,0,0,0,7886,0,0,0,0,0,0,0,0,0,0,0,0,0,0,0,0,0,0,0,0,0,0,0,0,43596,4050,20584,16534,16534,0,0,3299,0,0,19,0,0,0,0,0,0,0,0,0,0,0,0,0,0,0,0,0,0,0,0,0,0,0,0,0,0,0,0,0,0,710,24,0
1767051193.001140,1140,ubuntu-rog,1,0,0,10896017,0,1661199,2808205,503071,0,23,0,0,0,0,0,847870800,0,0,4907,847498960,0,0,1661199,2808205,503071,0,196942,111698,0,0,0,0,0,0,0,0,0,0,1656698,100280,3315861,23,0,0,4592,0,0,0,0,0,0,0,18110483,17080171,0,0,40639,40639,13920,10952,0,0,0,0,0,0,0,0,0,2817567,1407063,0,262144,5258950,85651345,0,0,1026,1025,860369687,0,0,0,0,0,0,0,0,0,0,0,0,871295140,0,7654,1850632,790483367,19968,0,0,35344531,0,0,0,0,0,0,0,0,0,0,0,0,0,0,0,0,0,0,0,7886,0,0,0,0,0,0,0,0,0,0,0,0,0,0,0,0,0,0,0,0,0,0,0,0,43596,4050,20584,16534,16534,0,0,3299,0,0,19,0,0,0,0,0,0,0,0,0,0,0,0,0,0,0,0,0,0,0,0,0,0,0,0,0,0,0,0,0,0,710,24,0
1767051194.001212,1212,ubuntu-rog,1,0,0,10894909,0,1662160,2808205,503071,0,24,0,0,0,0,0,847871821,0,0,4907,847499981,0,0,1662160,2808205,503071,0,196942,111698,0,0,0,0,0,0,0,0,0,0,1657755,100280,3315862,24,0,0,4592,0,0,0,0,0,0,0,18110484,17080171,0,0,40639,40639,13920,10954,0,0,0,0,0,0,0,0,0,2817346,1406953,0,262144,5258950,85651345,0,0,1026,1025,860370708,0,0,0,0,0,0,0,0,0,0,0,0,871295161,0,7654,1850632,790484364,19968,0,0,35344531,0,0,0,0,0,0,0,0,0,0,0,0,0,0,0,0,0,0,0,7886,0,0,0,0,0,0,0,0,0,0,0,0,0,0,0,0,0,0,0,0,0,0,0,0,43596,4050,20584,16534,16534,0,0,3299,0,0,19,0,0,0,0,0,0,0,0,0,0,0,0,0,0,0,0,0,0,0,0,0,0,0,0,0,0,0,0,0,0,710,24,0
1767051195.001375,1375,ubuntu-rog,1,0,0,10892893,0,1663183,2808205,503071,0,25,0,0,0,0,0,847872848,0,0,4907,847501008,0,0,1663183,2808205,503071,0,196942,111698,0,0,0,0,0,0,0,0,0,0,1658675,100280,3315863,25,0,0,4592,0,0,0,0,0,0,0,18110485,17080171,0,0,40639,40639,13920,10956,0,0,0,0,0,0,0,0,0,2816943,1406751,0,262144,5258950,85651345,0,0,1026,1025,860371736,0,0,0,0,0,0,0,0,0,0,0,0,871295180,0,7654,1850632,790485362,19968,0,0,35344531,0,0,0,0,0,0,0,0,0,0,0,0,0,0,0,0,0,0,0,7886,0,0,0,0,0,0,0,0,0,0,0,0,0,0,0,0,0,0,0,0,0,0,0,0,43596,4050,20584,16534,16534,0,0,3299,0,0,19,0,0,0,0,0,0,0,0,0,0,0,0,0,0,0,0,0,0,0,0,0,0,0,0,0,0,0,0,0,0,710,24,0
1767051196.001540,1540,ubuntu-rog,1,0,0,10893335,0,1664237,2808208,503071,0,15,0,0,0,0,0,847874029,0,0,4907,847502189,0,0,1664237,2808208,503071,0,196942,111700,0,0,0,0,0,0,0,0,0,0,1659753,100280,3315863,15,0,0,4592,0,0,0,0,0,0,0,18110485,17080181,0,0,40639,40639,13936,10958,0,0,0,0,0,0,0,0,0,2817032,1406796,0,262144,5258950,85651385,0,0,1026,1025,860372990,0,0,0,0,0,0,0,0,0,0,0,0,871295362,0,7654,1850632,790486428,19968,0,0,35344531,0,0,0,0,0,0,0,0,0,0,0,0,0,0,0,0,0,0,0,7886,0,0,0,0,0,0,0,0,0,0,0,0,0,0,0,0,0,0,0,0,0,0,0,0,43596,4050,20584,16534,16534,0,0,3299,0,0,19,0,0,0,0,0,0,0,0,0,0,0,0,0,0,0,0,0,0,0,0,0,0,0,0,0,0,0,0,0,0,710,24,0
1767051197.001606,1606,ubuntu-rog,1,0,0,10892490,0,1665198,2808208,503071,0,18,0,0,0,0,0,847875048,0,0,4907,847503208,0,0,1665198,2808208,503071,0,196942,111700,0,0,0,0,0,0,0,0,0,0,1660812,100280,3315865,18,0,0,4592,0,0,0,0,0,0,0,18110488,17080181,0,0,40639,40639,13936,10960,0,0,0,0,0,0,0,0,0,2816863,1406711,0,262144,5258950,85651413,0,0,1026,1025,860374008,0,0,0,0,0,0,0,0,0,0,0,0,871295378,0,7654,1850632,790487426,19968,0,0,35344531,0,0,0,0,0,0,0,0,0,0,0,0,0,0,0,0,0,0,0,7886,0,0,0,0,0,0,0,0,0,0,0,0,0,0,0,0,0,0,0,0,0,0,0,0,43596,4050,20584,16534,16534,0,0,3299,0,0,19,0,0,0,0,0,0,0,0,0,0,0,0,0,0,0,0,0,0,0,0,0,0,0,0,0,0,0,0,0,0,710,24,0
1767051198.001766,1766,ubuntu-rog,1,0,0,10891382,0,1666221,2808208,503071,0,19,0,0,0,0,0,847876066,0,0,4907,847504226,0,0,1666221,2808208,503071,0,196942,111700,0,0,0,0,0,0,0,0,0,0,1661733,100280,3315866,19,0,0,4592,0,0,0,0,0,0,0,18110489,17080181,0,0,40639,40639,13936,10962,0,0,0,0,0,0,0,0,0,2816641,1406601,0,262144,5258950,85651413,0,0,1026,1025,860375026,0,0,0,0,0,0,0,0,0,0,0,0,871295395,0,7654,1850632,790488424,19968,0,0,35344531,0,0,0,0,0,0,0,0,0,0,0,0,0,0,0,0,0,0,0,7886,0,0,0,0,0,0,0,0,0,0,0,0,0,0,0,0,0,0,0,0,0,0,0,0,43596,4050,20584,16534,16534,0,0,3299,0,0,19,0,0,0,0,0,0,0,0,0,0,0,0,0,0,0,0,0,0,0,0,0,0,0,0,0,0,0,0,0,0,710,24,0
1767051199.001905,1905,ubuntu-rog,1,0,0,10889366,0,1667244,2808208,503071,0,21,0,0,0,0,0,847877083,0,0,4907,847505243,0,0,1667244,2808208,503071,0,196942,111696,0,0,0,0,0,0,0,0,0,0,1662754,100280,3315867,21,0,0,4592,0,0,0,0,0,0,0,18110491,17080181,0,0,40639,40639,13936,10964,0,0,0,0,0,0,0,0,0,2816238,1406399,0,262144,5258950,85651413,0,0,1026,1025,860376050,0,0,0,0,0,0,0,0,0,0,0,0,871295415,0,7654,1850632,790489421,19968,0,0,35344531,0,0,0,0,0,0,0,0,0,0,0,0,0,0,0,0,0,0,0,7886,0,0,0,0,0,0,0,0,0,0,0,0,0,0,0,0,0,0,0,0,0,0,0,0,43596,4050,20584,16534,16534,0,0,3299,0,0,19,0,0,0,0,0,0,0,0,0,0,0,0,0,0,0,0,0,0,0,0,0,0,0,0,0,0,0,0,0,0,710,24,0
1767051200.001975,1975,ubuntu-rog,1,0,0,10889366,0,1668205,2808210,503071,0,21,0,0,0,0,0,847878098,0,0,4907,847506258,0,0,1668205,2808210,503071,0,196942,111696,0,0,0,0,0,0,0,0,0,0,1663712,100280,3315867,21,0,0,4592,0,0,0,0,0,0,0,18110491,17080181,0,0,40639,40639,13936,10966,0,0,0,0,0,0,0,0,0,2816238,1406400,0,262144,5258950,85651413,0,0,1026,1025,860377065,0,0,0,0,0,0,0,0,0,0,0,0,871295438,0,7654,1850632,790490419,19968,0,0,35344531,0,0,0,0,0,0,0,0,0,0,0,0,0,0,0,0,0,0,0,7886,0,0,0,0,0,0,0,0,0,0,0,0,0,0,0,0,0,0,0,0,0,0,0,0,43596,4050,20584,16534,16534,0,0,3299,0,0,19,0,0,0,0,0,0,0,0,0,0,0,0,0,0,0,0,0,0,0,0,0,0,0,0,0,0,0,0,0,0,710,24,0
1767051201.001104,1104,ubuntu-rog,1,0,0,10887350,0,1669228,2808210,503071,0,21,0,0,0,0,0,847879117,0,0,4907,847507277,0,0,1669228,2808210,503071,0,196942,111696,0,0,0,0,0,0,0,0,0,0,1664740,100280,3315867,21,0,0,4592,0,0,0,0,0,0,0,18110491,17080181,0,0,40639,40639,13936,10968,0,0,0,0,0,0,0,0,0,2815835,1406198,0,262144,5258950,85651413,0,0,1026,1025,860378084,0,0,0,0,0,0,0,0,0,0,0,0,871295453,0,7654,1850632,790491421,19968,0,0,35344531,0,0,0,0,0,0,0,0,0,0,0,0,0,0,0,0,0,0,0,7886,0,0,0,0,0,0,0,0,0,0,0,0,0,0,0,0,0,0,0,0,0,0,0,0,43596,4050,20584,16534,16534,0,0,3299,0,0,19,0,0,0,0,0,0,0,0,0,0,0,0,0,0,0,0,0,0,0,0,0,0,0,0,0,0,0,0,0,0,710,24,0
1767051202.001264,1264,ubuntu-rog,1,0,0,10887350,0,1670189,2808210,503071,0,21,0,0,0,0,0,847880138,0,0,4907,847508298,0,0,1670189,2808210,503071,0,196942,111696,0,0,0,0,0,0,0,0,0,0,1665804,100280,3315868,21,0,0,4592,0,0,0,0,0,0,0,18110491,17080181,0,0,40639,40639,13936,10970,0,0,0,0,0,0,0,0,0,2815835,1406198,0,262144,5258950,85651429,0,0,1026,1025,860379105,0,0,0,0,0,0,0,0,0,0,0,0,871295468,0,7654,1850632,790492424,19968,0,0,35344531,0,0,0,0,0,0,0,0,0,0,0,0,0,0,0,0,0,0,0,7886,0,0,0,0,0,0,0,0,0,0,0,0,0,0,0,0,0,0,0,0,0,0,0,0,43596,4050,20584,16534,16534,0,0,3299,0,0,19,0,0,0,0,0,0,0,0,0,0,0,0,0,0,0,0,0,0,0,0,0,0,0,0,0,0,0,0,0,0,710,24,0
1767051203.001335,1335,ubuntu-rog,1,0,0,10885334,0,1671212,2808211,503071,0,22,0,0,0,0,0,847881154,0,0,4907,847509314,0,0,1671212,2808211,503071,0,196942,111696,0,0,0,0,0,0,0,0,0,0,1666723,100280,3315869,22,0,0,4592,0,0,0,0,0,0,0,18110492,17080181,0,0,40639,40639,13936,10972,0,0,0,0,0,0,0,0,0,2815432,1405997,0,262144,5258950,85651429,0,0,1026,1025,860380121,0,0,0,0,0,0,0,0,0,0,0,0,871295484,0,7654,1850632,790493421,19968,0,0,35344531,0,0,0,0,0,0,0,0,0,0,0,0,0,0,0,0,0,0,0,7886,0,0,0,0,0,0,0,0,0,0,0,0,0,0,0,0,0,0,0,0,0,0,0,0,43596,4050,20584,16534,16534,0,0,3299,0,0,19,0,0,0,0,0,0,0,0,0,0,0,0,0,0,0,0,0,0,0,0,0,0,0,0,0,0,0,0,0,0,710,24,0
1767051204.001495,1495,ubuntu-rog,1,0,0,10885334,0,1672235,2808211,503071,0,23,0,0,0,0,0,847882179,0,0,4907,847510339,0,0,1672235,2808211,503071,0,196942,111696,0,0,0,0,0,0,0,0,0,0,1667751,100280,3315870,23,0,0,4592,0,0,0,0,0,0,0,18110493,17080181,0,0,40639,40639,13936,10974,0,0,0,0,0,0,0,0,0,2815432,1405997,0,262144,5258950,85651429,0,0,1026,1025,860381146,0,0,0,0,0,0,0,0,0,0,0,0,871295501,0,7654,1850632,790494426,19968,0,0,35344531,0,0,0,0,0,0,0,0,0,0,0,0,0,0,0,0,0,0,0,7886,0,0,0,0,0,0,0,0,0,0,0,0,0,0,0,0,0,0,0,0,0,0,0,0,43596,4050,20584,16534,16534,0,0,3299,0,0,19,0,0,0,0,0,0,0,0,0,0,0,0,0,0,0,0,0,0,0,0,0,0,0,0,0,0,0,0,0,0,710,24,0
1767051205.001663,1663,ubuntu-rog,1,0,0,10883318,0,1673196,2808211,503071,0,23,0,0,0,0,0,847883203,0,0,4907,847511363,0,0,1673196,2808211,503071,0,196942,111696,0,0,0,0,0,0,0,0,0,0,1668820,100280,3315870,23,0,0,4592,0,0,0,0,0,0,0,18110493,17080181,0,0,40639,40639,13936,10976,0,0,0,0,0,0,0,0,0,2815029,1405796,0,262144,5258950,85651429,0,0,1026,1025,860382170,0,0,0,0,0,0,0,0,0,0,0,0,871295516,0,7654,1850632,790495433,19968,0,0,35344531,0,0,0,0,0,0,0,0,0,0,0,0,0,0,0,0,0,0,0,7886,0,0,0,0,0,0,0,0,0,0,0,0,0,0,0,0,0,0,0,0,0,0,0,0,43596,4050,20584,16534,16534,0,0,3299,0,0,19,0,0,0,0,0,0,0,0,0,0,0,0,0,0,0,0,0,0,0,0,0,0,0,0,0,0,0,0,0,0,710,24,0
1767051206.001785,1785,ubuntu-rog,1,0,0,10883318,0,1674204,2808213,503071,0,17,0,0,0,0,0,847884226,0,0,4907,847512386,0,0,1674204,2808213,503071,0,196942,111696,0,0,0,0,0,0,0,0,0,0,1669730,100280,3315871,17,0,0,4592,0,0,0,0,0,0,0,18110494,17080188,0,0,40639,40639,13936,10978,0,0,0,0,0,0,0,0,0,2815030,1405796,0,262144,5258950,85651457,0,0,1026,1025,860383193,0,0,0,0,0,0,0,0,0,0,0,0,871295547,0,7654,1850632,790496437,19968,0,0,35344531,0,0,0,0,0,0,0,0,0,0,0,0,0,0,0,0,0,0,0,7886,0,0,0,0,0,0,0,0,0,0,0,0,0,0,0,0,0,0,0,0,0,0,0,0,43596,4050,20584,16534,16534,0,0,3299,0,0,19,0,0,0,0,0,0,0,0,0,0,0,0,0,0,0,0,0,0,0,0,0,0,0,0,0,0,0,0,0,0,710,24,0
1767051207.001962,1962,ubuntu-rog,1,0,0,10881302,0,1675227,2808213,503071,0,18,0,0,0,0,0,847885242,0,0,4907,847513402,0,0,1675227,2808213,503071,0,196942,111696,0,0,0,0,0,0,0,0,0,0,1670751,100280,3315872,18,0,0,4592,0,0,0,0,0,0,0,18110495,17080188,0,0,40639,40639,13936,10980,0,0,0,0,0,0,0,0,0,2814627,1405595,0,262144,5258950,85651485,0,0,1026,1025,860384216,0,0,0,0,0,0,0,0,0,0,0,0,871295562,0,7654,1850632,790497434,19968,0,0,35344531,0,0,0,0,0,0,0,0,0,0,0,0,0,0,0,0,0,0,0,7886,0,0,0,0,0,0,0,0,0,0,0,0,0,0,0,0,0,0,0,0,0,0,0,0,43596,4050,20584,16534,16534,0,0,3299,0,0,19,0,0,0,0,0,0,0,0,0,0,0,0,0,0,0,0,0,0,0,0,0,0,0,0,0,0,0,0,0,0,710,24,0
1767051208.002106,2106,ubuntu-rog,1,0,0,10881302,0,1676188,2808214,503071,0,19,0,0,0,0,0,847886263,0,0,4907,847514423,0,0,1676188,2808214,503071,0,196942,111696,0,0,0,0,0,0,0,0,0,0,1671716,100280,3315873,19,0,0,4592,0,0,0,0,0,0,0,18110496,17080188,0,0,40639,40639,13936,10982,0,0,0,0,0,0,0,0,0,2814627,1405595,0,262144,5258950,85651485,0,0,1026,1025,860385237,0,0,0,0,0,0,0,0,0,0,0,0,871295584,0,7654,1850632,790498439,19968,0,0,35344531,0,0,0,0,0,0,0,0,0,0,0,0,0,0,0,0,0,0,0,7886,0,0,0,0,0,0,0,0,0,0,0,0,0,0,0,0,0,0,0,0,0,0,0,0,43596,4050,20584,16534,16534,0,0,3299,0,0,19,0,0,0,0,0,0,0,0,0,0,0,0,0,0,0,0,0,0,0,0,0,0,0,0,0,0,0,0,0,0,710,24,0
1767051209.001074,1074,ubuntu-rog,1,0,0,10877270,0,1677242,2808214,503071,0,19,0,0,0,0,0,847887284,0,0,4907,847515444,0,0,1677242,2808214,503071,0,196942,111696,0,0,0,0,0,0,0,0,0,0,1672745,100280,3315873,19,0,0,4592,0,0,0,0,0,0,0,18110496,17080188,0,0,40639,40639,13936,10984,0,0,0,0,0,0,0,0,0,2813821,1405192,0,262144,5258950,85651485,0,0,1026,1025,860386258,0,0,0,0,0,0,0,0,0,0,0,0,871295599,0,7654,1850632,790499443,19968,0,0,35344531,0,0,0,0,0,0,0,0,0,0,0,0,0,0,0,0,0,0,0,7886,0,0,0,0,0,0,0,0,0,0,0,0,0,0,0,0,0,0,0,0,0,0,0,0,43596,4050,20584,16534,16534,0,0,3299,0,0,19,0,0,0,0,0,0,0,0,0,0,0,0,0,0,0,0,0,0,0,0,0,0,0,0,0,0,0,0,0,0,710,24,0
1767051210.001264,1264,ubuntu-rog,1,0,0,10877270,0,1678203,2808214,503071,0,22,0,0,0,0,0,847888306,0,0,4907,847516466,0,0,1678203,2808214,503071,0,196942,111696,0,0,0,0,0,0,0,0,0,0,1673806,100280,3315875,22,0,0,4592,0,0,0,0,0,0,0,18110499,17080188,0,0,40639,40639,13936,10986,0,0,0,0,0,0,0,0,0,2813821,1405192,0,262144,5258950,85651485,0,0,1026,1025,860387280,0,0,0,0,0,0,0,0,0,0,0,0,871295616,0,7654,1850632,790500444,19968,0,0,35344531,0,0,0,0,0,0,0,0,0,0,0,0,0,0,0,0,0,0,0,7886,0,0,0,0,0,0,0,0,0,0,0,0,0,0,0,0,0,0,0,0,0,0,0,0,43596,4050,20584,16534,16534,0,0,3299,0,0,19,0,0,0,0,0,0,0,0,0,0,0,0,0,0,0,0,0,0,0,0,0,0,0,0,0,0,0,0,0,0,710,24,0
1767051211.001406,1406,ubuntu-rog,1,0,0,10875254,0,1679226,2808214,503071,0,22,0,0,0,0,0,847889322,0,0,4907,847517482,0,0,1679226,2808214,503071,0,196942,111696,0,0,0,0,0,0,0,0,0,0,1674728,100280,3315875,22,0,0,4592,0,0,0,0,0,0,0,18110499,17080188,0,0,40639,40639,13936,10988,0,0,0,0,0,0,0,0,0,2813417,1404991,0,262144,5258950,85651485,0,0,1026,1025,860388296,0,0,0,0,0,0,0,0,0,0,0,0,871295632,0,7654,1850632,790501442,19968,0,0,35344531,0,0,0,0,0,0,0,0,0,0,0,0,0,0,0,0,0,0,0,7886,0,0,0,0,0,0,0,0,0,0,0,0,0,0,0,0,0,0,0,0,0,0,0,0,43596,4050,20584,16534,16534,0,0,3299,0,0,19,0,0,0,0,0,0,0,0,0,0,0,0,0,0,0,0,0,0,0,0,0,0,0,0,0,0,0,0,0,0,710,24,0
1767051212.001476,1476,ubuntu-rog,1,0,0,10875254,0,1680218,2808216,503071,0,22,0,0,0,0,0,847890337,0,0,4907,847518497,0,0,1680218,2808216,503071,0,196942,111696,0,0,0,0,0,0,0,0,0,0,1675750,100280,3315876,22,0,0,4592,0,0,0,0,0,0,0,18110499,17080188,0,0,40639,40639,13936,10990,0,0,0,0,0,0,0,0,0,2813418,1404991,0,262144,5258950,85651501,0,0,1026,1025,860389311,0,0,0,0,0,0,0,0,0,0,0,0,871295647,0,7654,1850632,790502439,19968,0,0,35344531,0,0,0,0,0,0,0,0,0,0,0,0,0,0,0,0,0,0,0,7886,0,0,0,0,0,0,0,0,0,0,0,0,0,0,0,0,0,0,0,0,0,0,0,0,43596,4050,20584,16534,16534,0,0,3299,0,0,19,0,0,0,0,0,0,0,0,0,0,0,0,0,0,0,0,0,0,0,0,0,0,0,0,0,0,0,0,0,0,710,24,0
1767051213.001120,1120,ubuntu-rog,1,0,0,10873238,0,1681179,2808216,503071,0,22,0,0,0,0,0,847891352,0,0,4907,847519512,0,0,1681179,2808216,503071,0,196942,111696,0,0,0,0,0,0,0,0,0,0,1676706,100280,3315876,22,0,0,4592,0,0,0,0,0,0,0,18110499,17080188,0,0,40639,40639,13936,10991,0,0,0,0,0,0,0,0,0,2813015,1404790,0,262144,5258950,85651501,0,0,1026,1025,860390326,0,0,0,0,0,0,0,0,0,0,0,0,871295664,0,7654,1850632,790503441,19968,0,0,35344537,0,0,0,0,0,0,0,0,0,0,0,0,0,0,0,0,0,0,0,7886,0,0,0,0,0,0,0,0,0,0,0,0,0,0,0,0,0,0,0,0,0,0,0,0,43596,4050,20584,16534,16534,0,0,3299,0,0,19,0,0,0,0,0,0,0,0,0,0,0,0,0,0,0,0,0,0,0,0,0,0,0,0,0,0,0,0,0,0,710,24,0
1767051214.001265,1265,ubuntu-rog,1,0,0,10873238,0,1682202,2808216,503071,0,23,0,0,0,0,0,847892379,0,0,4907,847520539,0,0,1682202,2808216,503071,0,196942,111696,0,0,0,0,0,0,0,0,0,0,1677735,100280,3315877,23,0,0,4592,0,0,0,0,0,0,0,18110500,17080188,0,0,40639,40639,13936,10993,0,0,0,0,0,0,0,0,0,2813015,1404790,0,262144,5258950,85651501,0,0,1026,1025,860391360,0,0,0,0,0,0,0,0,0,0,0,0,871295682,0,7654,1850632,790504446,19968,0,0,35344537,0,0,0,0,0,0,0,0,0,0,0,0,0,0,0,0,0,0,0,7886,0,0,0,0,0,0,0,0,0,0,0,0,0,0,0,0,0,0,0,0,0,0,0,0,43596,4050,20584,16534,16534,0,0,3299,0,0,19,0,0,0,0,0,0,0,0,0,0,0,0,0,0,0,0,0,0,0,0,0,0,0,0,0,0,0,0,0,0,710,24,0
1767051215.001335,1335,ubuntu-rog,1,0,0,10871222,0,1683225,2808216,503071,0,23,0,0,0,0,0,847893392,0,0,4907,847521552,0,0,1683225,2808216,503071,0,196942,111696,0,0,0,0,0,0,0,0,0,0,1678755,100280,3315877,23,0,0,4592,0,0,0,0,0,0,0,18110500,17080188,0,0,40639,40639,13936,10995,0,0,0,0,0,0,0,0,0,2812612,1404588,0,262144,5258950,85651501,0,0,1026,1025,860392373,0,0,0,0,0,0,0,0,0,0,0,0,871295705,0,7654,1850632,790505442,19968,0,0,35344537,0,0,0,0,0,0,0,0,0,0,0,0,0,0,0,0,0,0,0,7886,0,0,0,0,0,0,0,0,0,0,0,0,0,0,0,0,0,0,0,0,0,0,0,0,43596,4050,20584,16534,16534,0,0,3299,0,0,19,0,0,0,0,0,0,0,0,0,0,0,0,0,0,0,0,0,0,0,0,0,0,0,0,0,0,0,0,0,0,710,24,0
1767051216.001495,1495,ubuntu-rog,1,0,0,10871222,0,1684186,2808217,503071,0,19,0,0,0,0,0,847894408,0,0,4907,847522568,0,0,1684186,2808217,503071,0,196942,111696,0,0,0,0,0,0,0,0,0,0,1679711,100280,3315877,19,0,0,4592,0,0,0,0,0,0,0,18110500,17080192,0,0,40639,40639,13936,10997,0,0,0,0,0,0,0,0,0,2812612,1404589,0,262144,5258950,85651517,0,0,1026,1025,860393389,0,0,0,0,0,0,0,0,0,0,0,0,871295722,0,7654,1850632,790506439,19968,0,0,35344537,0,0,0,0,0,0,0,0,0,0,0,0,0,0,0,0,0,0,0,7886,0,0,0,0,0,0,0,0,0,0,0,0,0,0,0,0,0,0,0,0,0,0,0,0,43596,4050,20584,16534,16534,0,0,3299,0,0,19,0,0,0,0,0,0,0,0,0,0,0,0,0,0,0,0,0,0,0,0,0,0,0,0,0,0,0,0,0,0,710,24,0
1767051217.001119,1119,ubuntu-rog,1,0,0,10869206,0,1685209,2808219,503071,0,21,0,0,0,0,0,847895424,0,0,4907,847523584,0,0,1685209,2808219,503071,0,196942,111696,0,0,0,0,0,0,0,0,0,0,1680732,100280,3315879,21,0,0,4592,0,0,0,0,0,0,0,18110502,17080192,0,0,40639,40639,13936,10999,0,0,0,0,0,0,0,0,0,2812209,1404387,0,262144,5258950,85651545,0,0,1026,1025,860394405,0,0,0,0,0,0,0,0,0,0,0,0,871295737,0,7654,1850632,790507435,19968,0,0,35344537,0,0,0,0,0,0,0,0,0,0,0,0,0,0,0,0,0,0,0,7886,0,0,0,0,0,0,0,0,0,0,0,0,0,0,0,0,0,0,0,0,0,0,0,0,43596,4050,20584,16534,16534,0,0,3299,0,0,19,0,0,0,0,0,0,0,0,0,0,0,0,0,0,0,0,0,0,0,0,0,0,0,0,0,0,0,0,0,0,710,24,0
1767051218.001097,1097,ubuntu-rog,1,0,0,10869206,0,1686271,2808219,503071,0,22,0,0,0,0,0,847896446,0,0,4907,847524606,0,0,1686271,2808219,503071,0,196942,111696,0,0,0,0,0,0,0,0,0,0,1681797,100280,3315880,22,0,0,4592,0,0,0,0,0,0,0,18110503,17080192,0,0,40639,40639,13936,11001,0,0,0,0,0,0,0,0,0,2812209,1404387,0,262144,5258950,85651589,0,0,1026,1025,860395427,0,0,0,0,0,0,0,0,0,0,0,0,871295754,0,7654,1850632,790508439,19968,0,0,35344537,0,0,0,0,0,0,0,0,0,0,0,0,0,0,0,0,0,0,0,7886,0,0,0,0,0,0,0,0,0,0,0,0,0,0,0,0,0,0,0,0,0,0,0,0,43596,4050,20584,16534,16534,0,0,3299,0,0,19,0,0,0,0,0,0,0,0,0,0,0,0,0,0,0,0,0,0,0,0,0,0,0,0,0,0,0,0,0,0,710,24,0
1767051219.001292,1292,ubuntu-rog,1,0,0,10867190,0,1687213,2808220,503071,0,13,0,0,0,0,0,847897473,0,0,4907,847525633,0,0,1687213,2808220,503071,0,196942,111696,0,0,0,0,0,0,0,0,0,0,1682724,100280,3315881,13,0,0,4592,0,0,0,0,0,0,0,18110505,17080203,0,0,40639,40639,13936,11003,0,0,0,0,0,0,0,0,0,2811806,1404186,0,262144,5258950,85651589,0,0,1026,1025,860396454,0,0,0,0,0,0,0,0,0,0,0,0,871295772,0,7654,1850632,790509445,19968,0,0,35344537,0,0,0,0,0,0,0,0,0,0,0,0,0,0,0,0,0,0,0,7886,0,0,0,0,0,0,0,0,0,0,0,0,0,0,0,0,0,0,0,0,0,0,0,0,43596,4050,20584,16534,16534,0,0,3299,0,0,19,0,0,0,0,0,0,0,0,0,0,0,0,0,0,0,0,0,0,0,0,0,0,0,0,0,0,0,0,0,0,710,24,0
1767051220.001434,1434,ubuntu-rog,1,0,0,10867190,0,1688236,2808220,503071,0,13,0,0,0,0,0,847898493,0,0,4907,847526653,0,0,1688236,2808220,503071,0,196942,111696,0,0,0,0,0,0,0,0,0,0,1683749,100280,3315881,13,0,0,4592,0,0,0,0,0,0,0,18110505,17080203,0,0,40639,40639,13936,11005,0,0,0,0,0,0,0,0,0,2811806,1404186,0,262144,5258950,85651589,0,0,1026,1025,860397474,0,0,0,0,0,0,0,0,0,0,0,0,871295790,0,7654,1850632,790510445,19968,0,0,35344537,0,0,0,0,0,0,0,0,0,0,0,0,0,0,0,0,0,0,0,7886,0,0,0,0,0,0,0,0,0,0,0,0,0,0,0,0,0,0,0,0,0,0,0,0,43596,4050,20584,16534,16534,0,0,3299,0,0,19,0,0,0,0,0,0,0,0,0,0,0,0,0,0,0,0,0,0,0,0,0,0,0,0,0,0,0,0,0,0,710,24,0
1767051221.001073,1073,ubuntu-rog,1,0,0,10865174,0,1689228,2808221,503071,0,14,0,0,0,0,0,847899516,0,0,4907,847527676,0,0,1689228,2808221,503071,0,196942,111696,0,0,0,0,0,0,0,0,0,0,1684715,100280,3315882,14,0,0,4592,0,0,0,0,0,0,0,18110506,17080203,0,0,40639,40639,13936,11007,0,0,0,0,0,0,0,0,0,2811403,1403985,0,262144,5258950,85651589,0,0,1026,1025,860398497,0,0,0,0,0,0,0,0,0,0,0,0,871295805,0,7654,1850632,790511450,19968,0,0,35344537,0,0,0,0,0,0,0,0,0,0,0,0,0,0,0,0,0,0,0,7886,0,0,0,0,0,0,0,0,0,0,0,0,0,0,0,0,0,0,0,0,0,0,0,0,43596,4050,20584,16534,16534,0,0,3299,0,0,19,0,0,0,0,0,0,0,0,0,0,0,0,0,0,0,0,0,0,0,0,0,0,0,0,0,0,0,0,0,0,710,24,0
1767051222.001264,1264,ubuntu-rog,1,0,0,10865174,0,1690251,2808221,503071,0,15,0,0,0,0,0,847900535,0,0,4907,847528695,0,0,1690251,2808221,503071,0,196942,111696,0,0,0,0,0,0,0,0,0,0,1685736,100280,3315883,15,0,0,4592,0,0,0,0,0,0,0,18110507,17080203,0,0,40639,40639,13936,11009,0,0,0,0,0,0,0,0,0,2811403,1403985,0,262144,5258950,85651605,0,0,1026,1025,860399523,0,0,0,0,0,0,0,0,0,0,0,0,871295822,0,7654,1850632,790512448,19968,0,0,35344537,0,0,0,0,0,0,0,0,0,0,0,0,0,0,0,0,0,0,0,7886,0,0,0,0,0,0,0,0,0,0,0,0,0,0,0,0,0,0,0,0,0,0,0,0,43596,4050,20584,16534,16534,0,0,3299,0,0,19,0,0,0,0,0,0,0,0,0,0,0,0,0,0,0,0,0,0,0,0,0,0,0,0,0,0,0,0,0,0,710,24,0
1767051223.001422,1422,ubuntu-rog,1,0,0,10863158,0,1691274,2808221,503071,0,16,0,0,0,0,0,847901551,0,0,4907,847529711,0,0,1691274,2808221,503071,0,196942,111696,0,0,0,0,0,0,0,0,0,0,1686757,100280,3315884,16,0,0,4592,0,0,0,0,0,0,0,18110508,17080203,0,0,40639,40639,13936,11011,0,0,0,0,0,0,0,0,0,2811000,1403784,0,262144,5258950,85651605,0,0,1026,1025,860400539,0,0,0,0,0,0,0,0,0,0,0,0,871295845,0,7654,1850632,790513446,19968,0,0,35344537,0,0,0,0,0,0,0,0,0,0,0,0,0,0,0,0,0,0,0,7886,0,0,0,0,0,0,0,0,0,0,0,0,0,0,0,0,0,0,0,0,0,0,0,0,43596,4050,20584,16534,16534,0,0,3299,0,0,19,0,0,0,0,0,0,0,0,0,0,0,0,0,0,0,0,0,0,0,0,0,0,0,0,0,0,0,0,0,0,710,24,0
1767051224.001074,1074,ubuntu-rog,1,0,0,10863158,0,1692204,2808222,503071,0,16,0,0,0,0,0,847902567,0,0,4907,847530727,0,0,1692204,2808222,503071,0,196942,111696,0,0,0,0,0,0,0,0,0,0,1687714,100280,3315884,16,0,0,4592,0,0,0,0,0,0,0,18110508,17080203,0,0,40639,40639,13936,11013,0,0,0,0,0,0,0,0,0,2811000,1403784,0,262144,5258950,85651605,0,0,1026,1025,860401555,0,0,0,0,0,0,0,0,0,0,0,0,871295863,0,7654,1850632,790514442,19968,0,0,35344537,0,0,0,0,0,0,0,0,0,0,0,0,0,0,0,0,0,0,0,7886,0,0,0,0,0,0,0,0,0,0,0,0,0,0,0,0,0,0,0,0,0,0,0,0,43596,4050,20584,16534,16534,0,0,3299,0,0,19,0,0,0,0,0,0,0,0,0,0,0,0,0,0,0,0,0,0,0,0,0,0,0,0,0,0,0,0,0,0,710,24,0
1767051225.001119,1119,ubuntu-rog,1,0,0,10861142,0,1693227,2808222,503071,0,17,0,0,0,0,0,847903585,0,0,4907,847531745,0,0,1693227,2808222,503071,0,196942,111696,0,0,0,0,0,0,0,0,0,0,1688734,100280,3315885,17,0,0,4592,0,0,0,0,0,0,0,18110509,17080203,0,0,40639,40639,13936,11015,0,0,0,0,0,0,0,0,0,2810597,1403583,0,262144,5258950,85651605,0,0,1026,1025,860402573,0,0,0,0,0,0,0,0,0,0,0,0,871295882,0,7654,1850632,790515438,19968,0,0,35344537,0,0,0,0,0,0,0,0,0,0,0,0,0,0,0,0,0,0,0,7886,0,0,0,0,0,0,0,0,0,0,0,0,0,0,0,0,0,0,0,0,0,0,0,0,43596,4050,20584,16534,16534,0,0,3299,0,0,19,0,0,0,0,0,0,0,0,0,0,0,0,0,0,0,0,0,0,0,0,0,0,0,0,0,0,0,0,0,0,710,24,0
1767051226.001261,1261,ubuntu-rog,1,0,0,10861142,0,1694289,2808223,503071,0,16,0,0,0,0,0,847904609,0,0,4907,847532769,0,0,1694289,2808223,503071,0,196942,111696,0,0,0,0,0,0,0,0,0,0,1689801,100280,3315885,16,0,0,4592,0,0,0,0,0,0,0,18110509,17080204,0,0,40639,40639,13936,11017,0,0,0,0,0,0,0,0,0,2810598,1403583,0,262144,5258950,85651609,0,0,1026,1025,860403597,0,0,0,0,0,0,0,0,0,0,0,0,871295898,0,7654,1850632,790516444,19968,0,0,35344537,0,0,0,0,0,0,0,0,0,0,0,0,0,0,0,0,0,0,0,7886,0,0,0,0,0,0,0,0,0,0,0,0,0,0,0,0,0,0,0,0,0,0,0,0,43596,4050,20584,16534,16534,0,0,3299,0,0,19,0,0,0,0,0,0,0,0,0,0,0,0,0,0,0,0,0,0,0,0,0,0,0,0,0,0,0,0,0,0,710,24,0
1767051227.001332,1332,ubuntu-rog,1,0,0,10859126,0,1695242,2808223,503071,0,16,0,0,0,0,0,847905634,0,0,4907,847533794,0,0,1695242,2808223,503071,0,196942,111696,0,0,0,0,0,0,0,0,0,0,1690729,100280,3315887,16,0,0,4592,0,0,0,0,0,0,0,18110509,17080204,0,0,40639,40639,13936,11019,0,0,0,0,0,0,0,0,0,2810194,1403381,0,262144,5258950,85651625,0,0,1026,1025,860404622,0,0,0,0,0,0,0,0,0,0,0,0,871295914,0,7654,1850632,790517449,19968,0,0,35344537,0,0,0,0,0,0,0,0,0,0,0,0,0,0,0,0,0,0,0,7886,0,0,0,0,0,0,0,0,0,0,0,0,0,0,0,0,0,0,0,0,0,0,0,0,43596,4050,20584,16534,16534,0,0,3299,0,0,19,0,0,0,0,0,0,0,0,0,0,0,0,0,0,0,0,0,0,0,0,0,0,0,0,0,0,0,0,0,0,710,24,0
1767051228.001492,1492,ubuntu-rog,1,0,0,10859126,0,1696265,2808223,503071,0,16,0,0,0,0,0,847906654,0,0,4907,847534814,0,0,1696265,2808223,503071,0,196942,111696,0,0,0,0,0,0,0,0,0,0,1691757,100280,3315887,16,0,0,4592,0,0,0,0,0,0,0,18110509,17080204,0,0,40639,40639,13936,11021,0,0,0,0,0,0,0,0,0,2810194,1403381,0,262144,5258950,85651625,0,0,1026,1025,860405642,0,0,0,0,0,0,0,0,0,0,0,0,871295929,0,7654,1850632,790518452,19968,0,0,35344537,0,0,0,0,0,0,0,0,0,0,0,0,0,0,0,0,0,0,0,7886,0,0,0,0,0,0,0,0,0,0,0,0,0,0,0,0,0,0,0,0,0,0,0,0,43596,4050,20584,16534,16534,0,0,3299,0,0,19,0,0,0,0,0,0,0,0,0,0,0,0,0,0,0,0,0,0,0,0,0,0,0,0,0,0,0,0,0,0,710,24,0
1767051229.001140,1140,ubuntu-rog,1,0,0,10857110,0,1697226,2808225,503071,0,18,0,0,0,0,0,847907666,0,0,4907,847535826,0,0,1697226,2808225,503071,0,196942,111696,0,0,0,0,0,0,0,0,0,0,1692711,100280,3315889,18,0,0,4592,0,0,0,0,0,0,0,18110511,17080204,0,0,40639,40639,13936,11023,0,0,0,0,0,0,0,0,0,2809792,1403180,0,262144,5258950,85651625,0,0,1026,1025,860406654,0,0,0,0,0,0,0,0,0,0,0,0,871295944,0,7654,1850632,790519447,19968,0,0,35344538,0,0,0,0,0,0,0,0,0,0,0,0,0,0,0,0,0,0,0,7886,0,0,0,0,0,0,0,0,0,0,0,0,0,0,0,0,0,0,0,0,0,0,0,0,43596,4050,20584,16534,16534,0,0,3299,0,0,19,0,0,0,0,0,0,0,0,0,0,0,0,0,0,0,0,0,0,0,0,0,0,0,0,0,0,0,0,0,0,710,24,0
1767051230.001210,1210,ubuntu-rog,1,0,0,10857110,0,1698249,2808225,503071,0,18,0,0,0,0,0,847908687,0,0,4907,847536847,0,0,1698249,2808225,503071,0,196942,111696,0,0,0,0,0,0,0,0,0,0,1693738,100280,3315889,18,0,0,4592,0,0,0,0,0,0,0,18110511,17080204,0,0,40639,40639,13936,11025,0,0,0,0,0,0,0,0,0,2809792,1403180,0,262144,5258950,85651625,0,0,1026,1025,860407682,0,0,0,0,0,0,0,0,0,0,0,0,871295960,0,7654,1850632,790520449,19968,0,0,35344538,0,0,0,0,0,0,0,0,0,0,0,0,0,0,0,0,0,0,0,7886,0,0,0,0,0,0,0,0,0,0,0,0,0,0,0,0,0,0,0,0,0,0,0,0,43596,4050,20584,16534,16534,0,0,3299,0,0,19,0,0,0,0,0,0,0,0,0,0,0,0,0,0,0,0,0,0,0,0,0,0,0,0,0,0,0,0,0,0,710,24,0
1767051231.001388,1388,ubuntu-rog,1,0,0,10855094,0,1699272,2808225,503071,0,18,0,0,0,0,0,847909700,0,0,4907,847537860,0,0,1699272,2808225,503071,0,196942,111696,0,0,0,0,0,0,0,0,0,0,1694756,100280,3315889,18,0,0,4592,0,0,0,0,0,0,0,18110511,17080204,0,0,40639,40639,13936,11027,0,0,0,0,0,0,0,0,0,2809389,1402979,0,262144,5258950,85651625,0,0,1026,1025,860408695,0,0,0,0,0,0,0,0,0,0,0,0,871295984,0,7654,1850632,790521444,19968,0,0,35344538,0,0,0,0,0,0,0,0,0,0,0,0,0,0,0,0,0,0,0,7886,0,0,0,0,0,0,0,0,0,0,0,0,0,0,0,0,0,0,0,0,0,0,0,0,43596,4050,20584,16534,16534,0,0,3299,0,0,19,0,0,0,0,0,0,0,0,0,0,0,0,0,0,0,0,0,0,0,0,0,0,0,0,0,0,0,0,0,0,710,24,0
1767051232.001558,1558,ubuntu-rog,1,0,0,10855094,0,1700202,2808225,503071,0,14,0,0,0,0,0,847910718,0,0,4907,847538878,0,0,1700202,2808225,503071,0,196943,111696,0,0,0,0,0,0,0,0,0,0,1695712,100280,3315892,14,0,0,4592,0,0,0,0,0,0,0,18110517,17080214,0,0,40639,40639,13936,11029,0,0,0,0,0,0,0,0,0,2809389,1402979,0,262144,5258950,85651693,0,0,1026,1025,860409713,0,0,0,0,0,0,0,0,0,0,0,0,871296000,0,7654,1850632,790522440,19968,0,0,35344538,0,0,0,0,0,0,0,0,0,0,0,0,0,0,0,0,0,0,0,7886,0,0,0,0,0,0,0,0,0,0,0,0,0,0,0,0,0,0,0,0,0,0,0,0,43596,4050,20584,16534,16534,0,0,3299,0,0,19,0,0,0,0,0,0,0,0,0,0,0,0,0,0,0,0,0,0,0,0,0,0,0,0,0,0,0,0,0,0,710,24,0
1767051233.001073,1073,ubuntu-rog,1,0,0,10853078,0,1701225,2808225,503071,0,14,0,0,0,0,0,847911732,0,0,4907,847539892,0,0,1701225,2808225,503071,0,196943,111696,0,0,0,0,0,0,0,0,0,0,1696732,100280,3315892,14,0,0,4592,0,0,0,0,0,0,0,18110517,17080214,0,0,40639,40639,13936,11031,0,0,0,0,0,0,0,0,0,2808986,1402778,0,262144,5258950,85651693,0,0,1026,1025,860410727,0,0,0,0,0,0,0,0,0,0,0,0,871296016,0,7654,1850632,790523436,19968,0,0,35344538,0,0,0,0,0,0,0,0,0,0,0,0,0,0,0,0,0,0,0,7886,0,0,0,0,0,0,0,0,0,0,0,0,0,0,0,0,0,0,0,0,0,0,0,0,43596,4050,20584,16534,16534,0,0,3299,0,0,19,0,0,0,0,0,0,0,0,0,0,0,0,0,0,0,0,0,0,0,0,0,0,0,0,0,0,0,0,0,0,710,24,0
1767051234.001244,1244,ubuntu-rog,1,0,0,10853078,0,1702186,2808227,503071,0,14,0,0,0,0,0,847912747,0,0,4907,847540907,0,0,1702186,2808227,503071,0,196943,111696,0,0,0,0,0,0,0,0,0,0,1697790,100280,3315892,14,0,0,4592,0,0,0,0,0,0,0,18110517,17080214,0,0,40639,40639,13936,11032,0,0,0,0,0,0,0,0,0,2808986,1402778,0,262144,5258950,85651693,0,0,1026,1025,860411742,0,0,0,0,0,0,0,0,0,0,0,0,871296032,0,7654,1850632,790524433,19968,0,0,35344538,0,0,0,0,0,0,0,0,0,0,0,0,0,0,0,0,0,0,0,7886,0,0,0,0,0,0,0,0,0,0,0,0,0,0,0,0,0,0,0,0,0,0,0,0,43596,4050,20584,16534,16534,0,0,3299,0,0,19,0,0,0,0,0,0,0,0,0,0,0,0,0,0,0,0,0,0,0,0,0,0,0,0,0,0,0,0,0,0,710,24,0
1767051235.001403,1403,ubuntu-rog,1,0,0,10851062,0,1703209,2808227,503071,0,14,0,0,0,0,0,847913768,0,0,4907,847541928,0,0,1703209,2808227,503071,0,196943,111696,0,0,0,0,0,0,0,0,0,0,1698716,100280,3315892,14,0,0,4592,0,0,0,0,0,0,0,18110517,17080214,0,0,40639,40639,13936,11034,0,0,0,0,0,0,0,0,0,2808583,1402577,0,262144,5258950,85651693,0,0,1026,1025,860412763,0,0,0,0,0,0,0,0,0,0,0,0,871296048,0,7654,1850632,790525436,19968,0,0,35344538,0,0,0,0,0,0,0,0,0,0,0,0,0,0,0,0,0,0,0,7886,0,0,0,0,0,0,0,0,0,0,0,0,0,0,0,0,0,0,0,0,0,0,0,0,43596,4050,20584,16534,16534,0,0,3299,0,0,19,0,0,0,0,0,0,0,0,0,0,0,0,0,0,0,0,0,0,0,0,0,0,0,0,0,0,0,0,0,0,710,24,0
1767051236.001475,1475,ubuntu-rog,1,0,0,10851062,0,1704232,2808227,503071,0,16,0,0,0,0,0,847914791,0,0,4907,847542951,0,0,1704232,2808227,503071,0,196943,111696,0,0,0,0,0,0,0,0,0,0,1699744,100280,3315894,16,0,0,4592,0,0,0,0,0,0,0,18110519,17080214,0,0,40639,40639,13936,11036,0,0,0,0,0,0,0,0,0,2808583,1402577,0,262144,5258950,85651693,0,0,1026,1025,860413786,0,0,0,0,0,0,0,0,0,0,0,0,871296063,0,7654,1850632,790526440,19968,0,0,35344538,0,0,0,0,0,0,0,0,0,0,0,0,0,0,0,0,0,0,0,7886,0,0,0,0,0,0,0,0,0,0,0,0,0,0,0,0,0,0,0,0,0,0,0,0,43596,4050,20584,16534,16534,0,0,3299,0,0,19,0,0,0,0,0,0,0,0,0,0,0,0,0,0,0,0,0,0,0,0,0,0,0,0,0,0,0,0,0,0,710,24,0
1767051237.001109,1109,ubuntu-rog,1,0,0,10849046,0,1705193,2808229,503071,0,16,0,0,0,0,0,847915819,0,0,4907,847543979,0,0,1705193,2808229,503071,0,196943,111696,0,0,0,0,0,0,0,0,0,0,1700700,100280,3315896,16,0,0,4592,0,0,0,0,0,0,0,18110519,17080214,0,0,40639,40639,13936,11038,0,0,0,0,0,0,0,0,0,2808180,1402375,0,262144,5258950,85651709,0,0,1026,1025,860414821,0,0,0,0,0,0,0,0,0,0,0,0,871296090,0,7654,1850632,790527436,19968,0,0,35344538,0,0,0,0,0,0,0,0,0,0,0,0,0,0,0,0,0,0,0,7886,0,0,0,0,0,0,0,0,0,0,0,0,0,0,0,0,0,0,0,0,0,0,0,0,43596,4050,20584,16534,16534,0,0,3299,0,0,19,0,0,0,0,0,0,0,0,0,0,0,0,0,0,0,0,0,0,0,0,0,0,0,0,0,0,0,0,0,0,710,24,0
1767051238.001270,1270,ubuntu-rog,1,0,0,10849046,0,1706216,2808229,503071,0,16,0,0,0,0,0,847916838,0,0,4907,847544998,0,0,1706216,2808229,503071,0,196943,111696,0,0,0,0,0,0,0,0,0,0,1701720,100280,3315896,16,0,0,4592,0,0,0,0,0,0,0,18110519,17080214,0,0,40639,40639,13936,11040,0,0,0,0,0,0,0,0,0,2808180,1402375,0,262144,5258950,85651709,0,0,1026,1025,860415840,0,0,0,0,0,0,0,0,0,0,0,0,871296119,0,7654,1850632,790528432,19968,0,0,35344538,0,0,0,0,0,0,0,0,0,0,0,0,0,0,0,0,0,0,0,7886,0,0,0,0,0,0,0,0,0,0,0,0,0,0,0,0,0,0,0,0,0,0,0,0,43596,4050,20584,16534,16534,0,0,3299,0,0,19,0,0,0,0,0,0,0,0,0,0,0,0,0,0,0,0,0,0,0,0,0,0,0,0,0,0,0,0,0,0,710,24,0
1767051239.001341,1341,ubuntu-rog,1,0,0,10847030,0,1707239,2808229,503071,0,16,0,0,0,0,0,847917850,0,0,4907,847546010,0,0,1707239,2808229,503071,0,196943,111696,0,0,0,0,0,0,0,0,0,0,1702738,100280,3315896,16,0,0,4592,0,0,0,0,0,0,0,18110519,17080214,0,0,40639,40639,13936,11042,0,0,0,0,0,0,0,0,0,2807777,1402174,0,262144,5258950,85651709,0,0,1026,1025,860416853,0,0,0,0,0,0,0,0,0,0,0,0,871296135,0,7654,1850632,790529427,19968,0,0,35344538,0,0,0,0,0,0,0,0,0,0,0,0,0,0,0,0,0,0,0,7886,0,0,0,0,0,0,0,0,0,0,0,0,0,0,0,0,0,0,0,0,0,0,0,0,43596,4050,20584,16534,16534,0,0,3299,0,0,19,0,0,0,0,0,0,0,0,0,0,0,0,0,0,0,0,0,0,0,0,0,0,0,0,0,0,0,0,0,0,710,24,0
1767051240.001125,1125,ubuntu-rog,1,0,0,10847030,0,1708200,2808229,503071,0,17,0,0,0,0,0,847918864,0,0,4907,847547024,0,0,1708200,2808229,503071,0,196943,111696,0,0,0,0,0,0,0,0,0,0,1703693,100280,3315897,17,0,0,4592,0,0,0,0,0,0,0,18110520,17080214,0,0,40639,40639,13936,11044,0,0,0,0,0,0,0,0,0,2807777,1402174,0,262144,5258950,85651709,0,0,1026,1025,860417866,0,0,0,0,0,0,0,0,0,0,0,0,871296151,0,7654,1850632,790530422,19968,0,0,35344538,0,0,0,0,0,0,0,0,0,0,0,0,0,0,0,0,0,0,0,7886,0,0,0,0,0,0,0,0,0,0,0,0,0,0,0,0,0,0,0,0,0,0,0,0,43596,4050,20584,16534,16534,0,0,3299,0,0,19,0,0,0,0,0,0,0,0,0,0,0,0,0,0,0,0,0,0,0,0,0,0,0,0,0,0,0,0,0,0,710,24,0
1767051241.001140,1140,ubuntu-rog,1,0,0,10845014,0,1709223,2808229,503071,0,17,0,0,0,0,0,847919885,0,0,4907,847548045,0,0,1709223,2808229,503071,0,196943,111696,0,0,0,0,0,0,0,0,0,0,1704720,100280,3315897,17,0,0,4592,0,0,0,0,0,0,0,18110520,17080214,0,0,40639,40639,13936,11046,0,0,0,0,0,0,0,0,0,2807374,1401973,0,262144,5258950,85651709,0,0,1026,1025,860418887,0,0,0,0,0,0,0,0,0,0,0,0,871296166,0,7654,1850632,790531425,19968,0,0,35344538,0,0,0,0,0,0,0,0,0,0,0,0,0,0,0,0,0,0,0,7886,0,0,0,0,0,0,0,0,0,0,0,0,0,0,0,0,0,0,0,0,0,0,0,0,43596,4050,20584,16534,16534,0,0,3299,0,0,19,0,0,0,0,0,0,0,0,0,0,0,0,0,0,0,0,0,0,0,0,0,0,0,0,0,0,0,0,0,0,710,24,0
1767051242.001074,1074,ubuntu-rog,1,0,0,10845014,0,1710184,2808231,503071,0,12,0,0,0,0,0,847920905,0,0,4907,847549065,0,0,1710184,2808231,503071,0,196943,111696,0,0,0,0,0,0,0,0,0,0,1705785,100280,3315898,12,0,0,4592,0,0,0,0,0,0,0,18110522,17080221,0,0,40639,40639,13936,11048,0,0,0,0,0,0,0,0,0,2807374,1401973,0,262144,5258950,85651765,0,0,1026,1025,860419907,0,0,0,0,0,0,0,0,0,0,0,0,871296181,0,7654,1850632,790532427,19968,0,0,35344538,0,0,0,0,0,0,0,0,0,0,0,0,0,0,0,0,0,0,0,7886,0,0,0,0,0,0,0,0,0,0,0,0,0,0,0,0,0,0,0,0,0,0,0,0,43596,4050,20584,16534,16534,0,0,3299,0,0,19,0,0,0,0,0,0,0,0,0,0,0,0,0,0,0,0,0,0,0,0,0,0,0,0,0,0,0,0,0,0,710,24,0
1767051243.001112,1112,ubuntu-rog,1,0,0,10843095,0,1711207,2808231,503071,0,13,0,0,0,0,0,847921918,0,0,4907,847550078,0,0,1711207,2808231,503071,0,196943,111696,0,0,0,0,0,0,0,0,0,0,1706700,100280,3315899,13,0,0,4592,0,0,0,0,0,0,0,18110523,17080221,0,0,40639,40639,13936,11050,0,0,0,0,0,0,0,0,0,2806991,1401781,0,262144,5258950,85651765,0,0,1026,1025,860420920,0,0,0,0,0,0,0,0,0,0,0,0,871296197,0,7654,1850632,790533421,19968,0,0,35344538,0,0,0,0,0,0,0,0,0,0,0,0,0,0,0,0,0,0,0,7886,0,0,0,0,0,0,0,0,0,0,0,0,0,0,0,0,0,0,0,0,0,0,0,0,43596,4050,20584,16534,16534,0,0,3299,0,0,19,0,0,0,0,0,0,0,0,0,0,0,0,0,0,0,0,0,0,0,0,0,0,0,0,0,0,0,0,0,0,710,24,0
1767051244.001157,1157,ubuntu-rog,1,0,0,10843200,0,1712230,2808232,503071,0,14,0,0,0,0,0,847923452,0,0,4907,847551612,0,0,1712230,2808232,503071,0,196943,111696,0,0,0,0,0,0,0,0,0,0,1707727,100280,3315900,14,0,0,4592,0,0,0,0,0,0,0,18110524,17080221,0,0,40639,40639,13936,11052,0,0,0,0,0,0,0,0,0,2807012,1401792,0,262144,5258950,85651765,0,0,1026,1025,860422454,0,0,0,0,0,0,0,0,0,0,0,0,871296667,0,7654,1850632,790535523,19969,0,0,35345008,0,0,0,0,0,0,0,0,0,0,0,0,0,0,0,0,0,0,0,7886,0,0,0,0,0,0,0,0,0,0,0,0,0,0,0,0,0,0,0,0,0,0,0,0,43596,4050,20584,16534,16534,0,0,3299,0,0,19,0,0,0,0,0,0,0,0,0,0,0,0,0,0,0,0,0,0,0,0,0,0,0,0,0,0,0,0,0,0,710,24,0
1767051245.001074,1074,ubuntu-rog,1,0,0,10841357,0,1713178,2808233,503087,0,80,0,0,0,0,0,847924462,0,0,4907,847552622,0,0,1713178,2808233,503087,0,196943,111692,0,0,0,0,0,0,0,0,0,0,1708682,100281,3315916,80,0,0,4592,0,0,0,0,0,0,0,18110590,17080221,0,0,40639,40639,13952,11055,0,0,0,0,0,0,0,0,0,2806647,1401610,0,262144,5258950,85651765,0,0,1026,1025,860423471,0,0,0,0,0,0,0,0,0,0,0,0,871296682,0,7654,1850632,790536515,19969,0,0,35345008,0,0,0,0,0,0,0,0,0,0,0,0,0,0,0,0,0,0,0,7886,0,0,0,0,0,0,0,0,0,0,0,0,0,0,0,0,0,0,0,0,0,0,0,0,43596,4050,20584,16534,16534,0,0,3299,0,0,19,0,0,0,0,0,0,0,0,0,0,0,0,0,0,0,0,0,0,0,0,0,0,0,0,0,0,0,0,0,0,710,24,0
1767051246.001118,1118,ubuntu-rog,1,0,0,10841260,0,1714201,2808233,503087,0,80,0,0,0,0,0,847925473,0,0,4907,847553633,0,0,1714201,2808233,503087,0,196943,111692,0,0,0,0,0,0,0,0,0,0,1709699,100281,3315916,80,0,0,4592,0,0,0,0,0,0,0,18110590,17080221,0,0,40639,40639,13952,11057,0,0,0,0,0,0,0,0,0,2806627,1401600,0,262144,5258950,85651765,0,0,1026,1025,860424482,0,0,0,0,0,0,0,0,0,0,0,0,871296705,0,7654,1850632,790537509,19969,0,0,35345008,0,0,0,0,0,0,0,0,0,0,0,0,0,0,0,0,0,0,0,7886,0,0,0,0,0,0,0,0,0,0,0,0,0,0,0,0,0,0,0,0,0,0,0,0,43596,4050,20584,16534,16534,0,0,3299,0,0,19,0,0,0,0,0,0,0,0,0,0,0,0,0,0,0,0,0,0,0,0,0,0,0,0,0,0,0,0,0,0,710,24,0
1767051247.001139,1139,ubuntu-rog,1,0,0,10839341,0,1715193,2808234,503087,0,81,0,0,0,0,0,847926487,0,0,4907,847554647,0,0,1715193,2808234,503087,0,196943,111692,0,0,0,0,0,0,0,0,0,0,1710717,100281,3315917,81,0,0,4592,0,0,0,0,0,0,0,18110591,17080221,0,0,40639,40639,13952,11059,0,0,0,0,0,0,0,0,0,2806244,1401408,0,262144,5258950,85651809,0,0,1026,1025,860425496,0,0,0,0,0,0,0,0,0,0,0,0,871296720,0,7654,1850632,790538504,19969,0,0,35345008,0,0,0,0,0,0,0,0,0,0,0,0,0,0,0,0,0,0,0,7886,0,0,0,0,0,0,0,0,0,0,0,0,0,0,0,0,0,0,0,0,0,0,0,0,43596,4050,20584,16534,16534,0,0,3299,0,0,19,0,0,0,0,0,0,0,0,0,0,0,0,0,0,0,0,0,0,0,0,0,0,0,0,0,0,0,0,0,0,710,24,0
1767051248.001073,1073,ubuntu-rog,1,0,0,10839244,0,1716185,2808234,503087,0,88,0,0,0,0,0,847927506,0,0,4907,847555666,0,0,1716185,2808234,503087,0,196943,111692,0,0,0,0,0,0,0,0,0,0,1711681,100281,3315918,88,0,0,4592,0,0,0,0,0,0,0,18110598,17080221,0,0,40639,40639,13952,11061,0,0,0,0,0,0,0,0,0,2806224,1401399,0,262144,5258950,85651809,0,0,1026,1025,860426515,0,0,0,0,0,0,0,0,0,0,0,0,871296735,0,7654,1850632,790539507,19969,0,0,35345008,0,0,0,0,0,0,0,0,0,0,0,0,0,0,0,0,0,0,0,7886,0,0,0,0,0,0,0,0,0,0,0,0,0,0,0,0,0,0,0,0,0,0,0,0,43596,4050,20584,16534,16534,0,0,3299,0,0,19,0,0,0,0,0,0,0,0,0,0,0,0,0,0,0,0,0,0,0,0,0,0,0,0,0,0,0,0,0,0,710,24,0
1767051249.001109,1109,ubuntu-rog,1,0,0,10837325,0,1717177,2808235,503087,0,90,0,0,0,0,0,847928520,0,0,4907,847556680,0,0,1717177,2808235,503087,0,196943,111692,0,0,0,0,0,0,0,0,0,0,1712699,100281,3315919,90,0,0,4592,0,0,0,0,0,0,0,18110600,17080221,0,0,40639,40639,13952,11062,0,0,0,0,0,0,0,0,0,2805841,1401207,0,262144,5258950,85651809,0,0,1026,1025,860427529,0,0,0,0,0,0,0,0,0,0,0,0,871296753,0,7654,1850632,790540502,19969,0,0,35345008,0,0,0,0,0,0,0,0,0,0,0,0,0,0,0,0,0,0,0,7886,0,0,0,0,0,0,0,0,0,0,0,0,0,0,0,0,0,0,0,0,0,0,0,0,43596,4050,20584,16534,16534,0,0,3299,0,0,19,0,0,0,0,0,0,0,0,0,0,0,0,0,0,0,0,0,0,0,0,0,0,0,0,0,0,0,0,0,0,710,24,0
1767051250.001138,1138,ubuntu-rog,1,0,0,10837228,0,1718138,2808235,503087,0,90,0,0,0,0,0,847929533,0,0,4907,847557693,0,0,1718138,2808235,503087,0,196943,111691,0,0,0,0,0,0,0,0,0,0,1713755,100281,3315919,90,0,0,4592,0,0,0,0,0,0,0,18110600,17080221,0,0,40639,40639,13952,11064,0,0,0,0,0,0,0,0,0,2805822,1401198,0,262144,5258950,85651809,0,0,1026,1025,860428542,0,0,0,0,0,0,0,0,0,0,0,0,871296769,0,7654,1850632,790541497,19969,0,0,35345008,0,0,0,0,0,0,0,0,0,0,0,0,0,0,0,0,0,0,0,7886,0,0,0,0,0,0,0,0,0,0,0,0,0,0,0,0,0,0,0,0,0,0,0,0,43596,4050,20584,16534,16534,0,0,3299,0,0,19,0,0,0,0,0,0,0,0,0,0,0,0,0,0,0,0,0,0,0,0,0,0,0,0,0,0,0,0,0,0,710,24,0
1767051251.001073,1073,ubuntu-rog,1,0,0,10835309,0,1719119,2808236,503087,0,91,0,0,0,0,0,847930556,0,0,4907,847558716,0,0,1719119,2808236,503087,0,196943,111691,0,0,0,0,0,0,0,0,0,0,1714638,100281,3315920,91,0,0,4592,0,0,0,0,0,0,0,18110601,17080221,0,0,40639,40639,13952,11066,0,0,0,0,0,0,0,0,0,2805438,1401006,0,262144,5258950,85651809,0,0,1026,1025,860429565,0,0,0,0,0,0,0,0,0,0,0,0,871296830,0,7654,1850632,790542498,19969,0,0,35345008,0,0,0,0,0,0,0,0,0,0,0,0,0,0,0,0,0,0,0,7886,0,0,0,0,0,0,0,0,0,0,0,0,0,0,0,0,0,0,0,0,0,0,0,0,43596,4050,20584,16534,16534,0,0,3299,0,0,19,0,0,0,0,0,0,0,0,0,0,0,0,0,0,0,0,0,0,0,0,0,0,0,0,0,0,0,0,0,0,710,24,0
1767051252.001123,1123,ubuntu-rog,1,0,0,10835212,0,1720142,2808236,503087,0,87,0,0,0,0,0,847931572,0,0,4907,847559732,0,0,1720142,2808236,503087,0,196943,111691,0,0,0,0,0,0,0,0,0,0,1715657,100281,3315920,87,0,0,4592,0,0,0,0,0,0,0,18110601,17080225,0,0,40639,40639,13952,11068,0,0,0,0,0,0,0,0,0,2805419,1400996,0,262144,5258950,85651857,0,0,1026,1025,860430581,0,0,0,0,0,0,0,0,0,0,0,0,871296847,0,7654,1850632,790543499,19969,0,0,35345013,0,0,0,0,0,0,0,0,0,0,0,0,0,0,0,0,0,0,0,7886,0,0,0,0,0,0,0,0,0,0,0,0,0,0,0,0,0,0,0,0,0,0,0,0,43596,4050,20584,16534,16534,0,0,3299,0,0,19,0,0,0,0,0,0,0,0,0,0,0,0,0,0,0,0,0,0,0,0,0,0,0,0,0,0,0,0,0,0,710,24,0
1767051253.001138,1138,ubuntu-rog,1,0,0,10833293,0,1721103,2808236,503087,0,75,0,0,0,0,0,847932595,0,0,4907,847560755,0,0,1721103,2808236,503087,0,196943,111691,0,0,0,0,0,0,0,0,0,0,1716723,100281,3315921,75,0,0,4592,0,0,0,0,0,0,0,18110603,17080239,0,0,40639,40639,13952,11069,0,0,0,0,0,0,0,0,0,2805035,1400805,0,262144,5258950,85651913,0,0,1026,1025,860431611,0,0,0,0,0,0,0,0,0,0,0,0,871296862,0,7654,1850632,790544504,19969,0,0,35345013,0,0,0,0,0,0,0,0,0,0,0,0,0,0,0,0,0,0,0,7886,0,0,0,0,0,0,0,0,0,0,0,0,0,0,0,0,0,0,0,0,0,0,0,0,43596,4050,20584,16534,16534,0,0,3299,0,0,19,0,0,0,0,0,0,0,0,0,0,0,0,0,0,0,0,0,0,0,0,0,0,0,0,0,0,0,0,0,0,710,24,0
1767051254.001075,1075,ubuntu-rog,1,0,0,10833196,0,1722126,2808236,503087,0,76,0,0,0,0,0,847933610,0,0,4907,847561770,0,0,1722126,2808236,503087,0,196943,111691,0,0,0,0,0,0,0,0,0,0,1717642,100281,3315922,76,0,0,4592,0,0,0,0,0,0,0,18110604,17080239,0,0,40639,40639,13952,11071,0,0,0,0,0,0,0,0,0,2805016,1400795,0,262144,5258950,85651913,0,0,1026,1025,860432626,0,0,0,0,0,0,0,0,0,0,0,0,871296887,0,7654,1850632,790545499,19969,0,0,35345013,0,0,0,0,0,0,0,0,0,0,0,0,0,0,0,0,0,0,0,7886,0,0,0,0,0,0,0,0,0,0,0,0,0,0,0,0,0,0,0,0,0,0,0,0,43596,4050,20584,16534,16534,0,0,3299,0,0,19,0,0,0,0,0,0,0,0,0,0,0,0,0,0,0,0,0,0,0,0,0,0,0,0,0,0,0,0,0,0,710,24,0
1767051255.001118,1118,ubuntu-rog,1,0,0,10831277,0,1723149,2808236,503087,0,77,0,0,0,0,0,847934630,0,0,4907,847562790,0,0,1723149,2808236,503087,0,196943,111691,0,0,0,0,0,0,0,0,0,0,1718669,100281,3315923,77,0,0,4592,0,0,0,0,0,0,0,18110605,17080239,0,0,40639,40639,13952,11073,0,0,0,0,0,0,0,0,0,2804632,1400603,0,262144,5258950,85651913,0,0,1026,1025,860433646,0,0,0,0,0,0,0,0,0,0,0,0,871296902,0,7654,1850632,790546501,19969,0,0,35345013,0,0,0,0,0,0,0,0,0,0,0,0,0,0,0,0,0,0,0,7886,0,0,0,0,0,0,0,0,0,0,0,0,0,0,0,0,0,0,0,0,0,0,0,0,43596,4050,20584,16534,16534,0,0,3299,0,0,19,0,0,0,0,0,0,0,0,0,0,0,0,0,0,0,0,0,0,0,0,0,0,0,0,0,0,0,0,0,0,710,24,0
1767051256.001139,1139,ubuntu-rog,1,0,0,10831180,0,1724110,2808238,503087,0,77,0,0,0,0,0,847935651,0,0,4907,847563811,0,0,1724110,2808238,503087,0,196943,111691,0,0,0,0,0,0,0,0,0,0,1719633,100281,3315923,77,0,0,4592,0,0,0,0,0,0,0,18110605,17080239,0,0,40639,40639,13952,11075,0,0,0,0,0,0,0,0,0,2804613,1400594,0,262144,5258950,85651913,0,0,1026,1025,860434667,0,0,0,0,0,0,0,0,0,0,0,0,871296917,0,7654,1850632,790547505,19969,0,0,35345013,0,0,0,0,0,0,0,0,0,0,0,0,0,0,0,0,0,0,0,7886,0,0,0,0,0,0,0,0,0,0,0,0,0,0,0,0,0,0,0,0,0,0,0,0,43596,4050,20584,16534,16534,0,0,3299,0,0,19,0,0,0,0,0,0,0,0,0,0,0,0,0,0,0,0,0,0,0,0,0,0,0,0,0,0,0,0,0,0,710,24,0
1767051257.001074,1074,ubuntu-rog,1,0,0,10829261,0,1725133,2808238,503087,0,80,0,0,0,0,0,847936667,0,0,4907,847564827,0,0,1725133,2808238,503087,0,196943,111691,0,0,0,0,0,0,0,0,0,0,1720652,100281,3315925,80,0,0,4592,0,0,0,0,0,0,0,18110608,17080239,0,0,40639,40639,13952,11077,0,0,0,0,0,0,0,0,0,2804229,1400402,0,262144,5258950,85651929,0,0,1026,1025,860435683,0,0,0,0,0,0,0,0,0,0,0,0,871296933,0,7654,1850632,790548501,19969,0,0,35345013,0,0,0,0,0,0,0,0,0,0,0,0,0,0,0,0,0,0,0,7886,0,0,0,0,0,0,0,0,0,0,0,0,0,0,0,0,0,0,0,0,0,0,0,0,43596,4050,20584,16534,16534,0,0,3299,0,0,19,0,0,0,0,0,0,0,0,0,0,0,0,0,0,0,0,0,0,0,0,0,0,0,0,0,0,0,0,0,0,710,24,0
1767051258.001120,1120,ubuntu-rog,1,0,0,10829164,0,1726094,2808239,503087,0,81,0,0,0,0,0,847937683,0,0,4907,847565843,0,0,1726094,2808239,503087,0,196943,111691,0,0,0,0,0,0,0,0,0,0,1721709,100281,3315926,81,0,0,4592,0,0,0,0,0,0,0,18110609,17080239,0,0,40639,40639,13952,11079,0,0,0,0,0,0,0,0,0,2804210,1400393,0,262144,5258950,85651929,0,0,1026,1025,860436699,0,0,0,0,0,0,0,0,0,0,0,0,871296950,0,7654,1850632,790549497,19969,0,0,35345013,0,0,0,0,0,0,0,0,0,0,0,0,0,0,0,0,0,0,0,7886,0,0,0,0,0,0,0,0,0,0,0,0,0,0,0,0,0,0,0,0,0,0,0,0,43596,4050,20584,16534,16534,0,0,3299,0,0,19,0,0,0,0,0,0,0,0,0,0,0,0,0,0,0,0,0,0,0,0,0,0,0,0,0,0,0,0,0,0,710,24,0
1767051259.001137,1137,ubuntu-rog,1,0,0,10827245,0,1727117,2808239,503087,0,81,0,0,0,0,0,847938695,0,0,4907,847566855,0,0,1727117,2808239,503087,0,196943,111691,0,0,0,0,0,0,0,0,0,0,1722627,100281,3315926,81,0,0,4592,0,0,0,0,0,0,0,18110609,17080239,0,0,40639,40639,13952,11081,0,0,0,0,0,0,0,0,0,2803826,1400201,0,262144,5258950,85651929,0,0,1026,1025,860437711,0,0,0,0,0,0,0,0,0,0,0,0,871296966,0,7654,1850632,790550491,19969,0,0,35345013,0,0,0,0,0,0,0,0,0,0,0,0,0,0,0,0,0,0,0,7886,0,0,0,0,0,0,0,0,0,0,0,0,0,0,0,0,0,0,0,0,0,0,0,0,43596,4050,20584,16534,16534,0,0,3299,0,0,19,0,0,0,0,0,0,0,0,0,0,0,0,0,0,0,0,0,0,0,0,0,0,0,0,0,0,0,0,0,0,710,24,0
1767051260.001065,1065,ubuntu-rog,1,0,0,10827148,0,1728140,2808240,503087,0,81,0,0,0,0,0,847939707,0,0,4907,847567867,0,0,1728140,2808240,503087,0,196943,111691,0,0,0,0,0,0,0,0,0,0,1723645,100281,3315926,81,0,0,4592,0,0,0,0,0,0,0,18110609,17080239,0,0,40639,40639,13952,11083,0,0,0,0,0,0,0,0,0,2803807,1400192,0,262144,5258950,85651929,0,0,1026,1025,860438730,0,0,0,0,0,0,0,0,0,0,0,0,871296981,0,7654,1850632,790551485,19969,0,0,35345013,0,0,0,0,0,0,0,0,0,0,0,0,0,0,0,0,0,0,0,7886,0,0,0,0,0,0,0,0,0,0,0,0,0,0,0,0,0,0,0,0,0,0,0,0,43596,4050,20584,16534,16534,0,0,3299,0,0,19,0,0,0,0,0,0,0,0,0,0,0,0,0,0,0,0,0,0,0,0,0,0,0,0,0,0,0,0,0,0,710,24,0
1767051261.001119,1119,ubuntu-rog,1,0,0,10825229,0,1729101,2808241,503087,0,82,0,0,0,0,0,847940721,0,0,4907,847568881,0,0,1729101,2808241,503087,0,196943,111691,0,0,0,0,0,0,0,0,0,0,1724600,100281,3315927,82,0,0,4592,0,0,0,0,0,0,0,18110610,17080239,0,0,40639,40639,13952,11085,0,0,0,0,0,0,0,0,0,2803424,1400000,0,262144,5258950,85651929,0,0,1026,1025,860439744,0,0,0,0,0,0,0,0,0,0,0,0,871297005,0,7654,1850632,790552480,19969,0,0,35345013,0,0,0,0,0,0,0,0,0,0,0,0,0,0,0,0,0,0,0,7886,0,0,0,0,0,0,0,0,0,0,0,0,0,0,0,0,0,0,0,0,0,0,0,0,43596,4050,20584,16534,16534,0,0,3299,0,0,19,0,0,0,0,0,0,0,0,0,0,0,0,0,0,0,0,0,0,0,0,0,0,0,0,0,0,0,0,0,0,710,24,0
1767051262.001139,1139,ubuntu-rog,1,0,0,10825132,0,1730093,2808241,503087,0,73,0,0,0,0,0,847941736,0,0,4907,847569896,0,0,1730093,2808241,503087,0,196943,111691,0,0,0,0,0,0,0,0,0,0,1725619,100281,3315928,73,0,0,4592,0,0,0,0,0,0,0,18110611,17080249,0,0,40639,40639,13952,11087,0,0,0,0,0,0,0,0,0,2803404,1399990,0,262144,5258950,85651985,0,0,1026,1025,860440760,0,0,0,0,0,0,0,0,0,0,0,0,871297021,0,7654,1850632,790553476,19969,0,0,35345013,0,0,0,0,0,0,0,0,0,0,0,0,0,0,0,0,0,0,0,7886,0,0,0,0,0,0,0,0,0,0,0,0,0,0,0,0,0,0,0,0,0,0,0,0,43596,4050,20584,16534,16534,0,0,3299,0,0,19,0,0,0,0,0,0,0,0,0,0,0,0,0,0,0,0,0,0,0,0,0,0,0,0,0,0,0,0,0,0,710,24,0
1767051263.001074,1074,ubuntu-rog,1,0,0,10823213,0,1731116,2808241,503087,0,73,0,0,0,0,0,847942750,0,0,4907,847570910,0,0,1731116,2808241,503087,0,196943,111691,0,0,0,0,0,0,0,0,0,0,1726638,100281,3315929,73,0,0,4592,0,0,0,0,0,0,0,18110611,17080249,0,0,40639,40639,13952,11089,0,0,0,0,0,0,0,0,0,2803020,1399799,0,262144,5258950,85651985,0,0,1026,1025,860441773,0,0,0,0,0,0,0,0,0,0,0,0,871297037,0,7654,1850632,790554471,19969,0,0,35345013,0,0,0,0,0,0,0,0,0,0,0,0,0,0,0,0,0,0,0,7886,0,0,0,0,0,0,0,0,0,0,0,0,0,0,0,0,0,0,0,0,0,0,0,0,43596,4050,20584,16534,16534,0,0,3299,0,0,19,0,0,0,0,0,0,0,0,0,0,0,0,0,0,0,0,0,0,0,0,0,0,0,0,0,0,0,0,0,0,710,24,0
1767051264.001119,1119,ubuntu-rog,1,0,0,10823116,0,1732077,2808242,503087,0,73,0,0,0,0,0,847943774,0,0,4907,847571934,0,0,1732077,2808242,503087,0,196943,111691,0,0,0,0,0,0,0,0,0,0,1727602,100281,3315929,73,0,0,4592,0,0,0,0,0,0,0,18110611,17080249,0,0,40639,40639,13952,11091,0,0,0,0,0,0,0,0,0,2803001,1399789,0,262144,5258950,85651985,0,0,1026,1025,860442797,0,0,0,0,0,0,0,0,0,0,0,0,871297055,0,7654,1850632,790555475,19969,0,0,35345013,0,0,0,0,0,0,0,0,0,0,0,0,0,0,0,0,0,0,0,7886,0,0,0,0,0,0,0,0,0,0,0,0,0,0,0,0,0,0,0,0,0,0,0,0,43596,4050,20584,16534,16534,0,0,3299,0,0,19,0,0,0,0,0,0,0,0,0,0,0,0,0,0,0,0,0,0,0,0,0,0,0,0,0,0,0,0,0,0,710,24,0
1767051265.001108,1108,ubuntu-rog,1,0,0,10821197,0,1733100,2808242,503087,0,73,0,0,0,0,0,847944787,0,0,4907,847572947,0,0,1733100,2808242,503087,0,196943,111691,0,0,0,0,0,0,0,0,0,0,1728621,100281,3315929,73,0,0,4592,0,0,0,0,0,0,0,18110611,17080249,0,0,40639,40639,13952,11093,0,0,0,0,0,0,0,0,0,2802618,1399598,0,262144,5258950,85651985,0,0,1026,1025,860443810,0,0,0,0,0,0,0,0,0,0,0,0,871297071,0,7654,1850632,790556470,19969,0,0,35345013,0,0,0,0,0,0,0,0,0,0,0,0,0,0,0,0,0,0,0,7886,0,0,0,0,0,0,0,0,0,0,0,0,0,0,0,0,0,0,0,0,0,0,0,0,43596,4050,20584,16534,16534,0,0,3299,0,0,19,0,0,0,0,0,0,0,0,0,0,0,0,0,0,0,0,0,0,0,0,0,0,0,0,0,0,0,0,0,0,710,24,0
1767051266.001075,1075,ubuntu-rog,1,0,0,10821100,0,1734061,2808242,503087,0,75,0,0,0,0,0,847945800,0,0,4907,847573960,0,0,1734061,2808242,503087,0,196943,111691,0,0,0,0,0,0,0,0,0,0,1729677,100281,3315930,75,0,0,4592,0,0,0,0,0,0,0,18110613,17080249,0,0,40639,40639,13952,11095,0,0,0,0,0,0,0,0,0,2802598,1399588,0,262144,5258950,85651985,0,0,1026,1025,860444823,0,0,0,0,0,0,0,0,0,0,0,0,871297087,0,7654,1850632,790557464,19969,0,0,35345013,0,0,0,0,0,0,0,0,0,0,0,0,0,0,0,0,0,0,0,7886,0,0,0,0,0,0,0,0,0,0,0,0,0,0,0,0,0,0,0,0,0,0,0,0,43596,4050,20584,16534,16534,0,0,3299,0,0,19,0,0,0,0,0,0,0,0,0,0,0,0,0,0,0,0,0,0,0,0,0,0,0,0,0,0,0,0,0,0,710,24,0
1767051267.001117,1117,ubuntu-rog,1,0,0,10819181,0,1735084,2808243,503087,0,78,0,0,0,0,0,847946812,0,0,4907,847574972,0,0,1735084,2808243,503087,0,196943,111691,0,0,0,0,0,0,0,0,0,0,1730593,100281,3315932,78,0,0,4592,0,0,0,0,0,0,0,18110616,17080249,0,0,40639,40639,13952,11097,0,0,0,0,0,0,0,0,0,2802215,1399396,0,262144,5258950,85652013,0,0,1026,1025,860445835,0,0,0,0,0,0,0,0,0,0,0,0,871297102,0,7654,1850632,790558458,19969,0,0,35345013,0,0,0,0,0,0,0,0,0,0,0,0,0,0,0,0,0,0,0,7886,0,0,0,0,0,0,0,0,0,0,0,0,0,0,0,0,0,0,0,0,0,0,0,0,43596,4050,20584,16534,16534,0,0,3299,0,0,19,0,0,0,0,0,0,0,0,0,0,0,0,0,0,0,0,0,0,0,0,0,0,0,0,0,0,0,0,0,0,710,24,0
1767051268.001129,1129,ubuntu-rog,1,0,0,10819084,0,1736107,2808243,503087,0,79,0,0,0,0,0,847947825,0,0,4907,847575985,0,0,1736107,2808243,503087,0,196943,111691,0,0,0,0,0,0,0,0,0,0,1731610,100281,3315933,79,0,0,4592,0,0,0,0,0,0,0,18110617,17080249,0,0,40639,40639,13952,11099,0,0,0,0,0,0,0,0,0,2802195,1399387,0,262144,5258950,85652013,0,0,1026,1025,860446855,0,0,0,0,0,0,0,0,0,0,0,0,871297117,0,7654,1850632,790559452,19969,0,0,35345013,0,0,0,0,0,0,0,0,0,0,0,0,0,0,0,0,0,0,0,7886,0,0,0,0,0,0,0,0,0,0,0,0,0,0,0,0,0,0,0,0,0,0,0,0,43596,4050,20584,16534,16534,0,0,3299,0,0,19,0,0,0,0,0,0,0,0,0,0,0,0,0,0,0,0,0,0,0,0,0,0,0,0,0,0,0,0,0,0,710,24,0
1767051269.001065,1065,ubuntu-rog,1,0,0,10817165,0,1737068,2808246,503087,0,81,0,0,0,0,0,847948845,0,0,4907,847577005,0,0,1737068,2808246,503087,0,196943,111691,0,0,0,0,0,0,0,0,0,0,1732672,100281,3315935,81,0,0,4592,0,0,0,0,0,0,0,18110619,17080249,0,0,40639,40639,13952,11101,0,0,0,0,0,0,0,0,0,2801812,1399195,0,262144,5258950,85652013,0,0,1026,1025,860447875,0,0,0,0,0,0,0,0,0,0,0,0,871297140,0,7654,1850632,790560455,19969,0,0,35345015,0,0,0,0,0,0,0,0,0,0,0,0,0,0,0,0,0,0,0,7886,0,0,0,0,0,0,0,0,0,0,0,0,0,0,0,0,0,0,0,0,0,0,0,0,43596,4050,20584,16534,16534,0,0,3299,0,0,19,0,0,0,0,0,0,0,0,0,0,0,0,0,0,0,0,0,0,0,0,0,0,0,0,0,0,0,0,0,0,710,24,0
1767051270.001121,1121,ubuntu-rog,1,0,0,10817068,0,1738091,2808246,503087,0,81,0,0,0,0,0,847949869,0,0,4907,847578029,0,0,1738091,2808246,503087,0,196943,111691,0,0,0,0,0,0,0,0,0,0,1733599,100281,3315935,81,0,0,4592,0,0,0,0,0,0,0,18110619,17080249,0,0,40639,40639,13952,11103,0,0,0,0,0,0,0,0,0,2801793,1399186,0,262144,5258950,85652013,0,0,1026,1025,860448899,0,0,0,0,0,0,0,0,0,0,0,0,871297158,0,7654,1850632,790561459,19969,0,0,35345015,0,0,0,0,0,0,0,0,0,0,0,0,0,0,0,0,0,0,0,7886,0,0,0,0,0,0,0,0,0,0,0,0,0,0,0,0,0,0,0,0,0,0,0,0,43596,4050,20584,16534,16534,0,0,3299,0,0,19,0,0,0,0,0,0,0,0,0,0,0,0,0,0,0,0,0,0,0,0,0,0,0,0,0,0,0,0,0,0,710,24,0
1767051271.001137,1137,ubuntu-rog,1,0,0,10815149,0,1739114,2808246,503087,0,81,0,0,0,0,0,847950880,0,0,4907,847579040,0,0,1739114,2808246,503087,0,196943,111691,0,0,0,0,0,0,0,0,0,0,1734618,100281,3315935,81,0,0,4592,0,0,0,0,0,0,0,18110619,17080249,0,0,40639,40639,13952,11105,0,0,0,0,0,0,0,0,0,2801409,1398994,0,262144,5258950,85652013,0,0,1026,1025,860449910,0,0,0,0,0,0,0,0,0,0,0,0,871297173,0,7654,1850632,790562453,19969,0,0,35345015,0,0,0,0,0,0,0,0,0,0,0,0,0,0,0,0,0,0,0,7886,0,0,0,0,0,0,0,0,0,0,0,0,0,0,0,0,0,0,0,0,0,0,0,0,43596,4050,20584,16534,16534,0,0,3299,0,0,19,0,0,0,0,0,0,0,0,0,0,0,0,0,0,0,0,0,0,0,0,0,0,0,0,0,0,0,0,0,0,710,24,0
1767051272.001073,1073,ubuntu-rog,1,0,0,10815052,0,1740075,2808246,503087,0,81,0,0,0,0,0,847951892,0,0,4907,847580052,0,0,1740075,2808246,503087,0,196943,111691,0,0,0,0,0,0,0,0,0,0,1735572,100281,3315935,81,0,0,4592,0,0,0,0,0,0,0,18110619,17080249,0,0,40639,40639,13952,11106,0,0,0,0,0,0,0,0,0,2801390,1398984,0,262144,5258950,85652029,0,0,1026,1025,860450922,0,0,0,0,0,0,0,0,0,0,0,0,871297188,0,7654,1850632,790563447,19969,0,0,35345015,0,0,0,0,0,0,0,0,0,0,0,0,0,0,0,0,0,0,0,7886,0,0,0,0,0,0,0,0,0,0,0,0,0,0,0,0,0,0,0,0,0,0,0,0,43596,4050,20584,16534,16534,0,0,3299,0,0,19,0,0,0,0,0,0,0,0,0,0,0,0,0,0,0,0,0,0,0,0,0,0,0,0,0,0,0,0,0,0,710,24,0
1767051273.001111,1111,ubuntu-rog,1,0,0,10813133,0,1741067,2808247,503087,0,82,0,0,0,0,0,847952906,0,0,4907,847581066,0,0,1741067,2808247,503087,0,196943,111691,0,0,0,0,0,0,0,0,0,0,1736589,100281,3315937,82,0,0,4592,0,0,0,0,0,0,0,18110620,17080249,0,0,40639,40639,13952,11108,0,0,0,0,0,0,0,0,0,2801006,1398793,0,262144,5258950,85652029,0,0,1026,1025,860451936,0,0,0,0,0,0,0,0,0,0,0,0,871297205,0,7654,1850632,790564441,19969,0,0,35345015,0,0,0,0,0,0,0,0,0,0,0,0,0,0,0,0,0,0,0,7886,0,0,0,0,0,0,0,0,0,0,0,0,0,0,0,0,0,0,0,0,0,0,0,0,43596,4050,20584,16534,16534,0,0,3299,0,0,19,0,0,0,0,0,0,0,0,0,0,0,0,0,0,0,0,0,0,0,0,0,0,0,0,0,0,0,0,0,0,710,24,0
1767051274.001139,1139,ubuntu-rog,1,0,0,10813036,0,1742129,2808247,503087,0,83,0,0,0,0,0,847953927,0,0,4907,847582087,0,0,1742129,2808247,503087,0,196943,111691,0,0,0,0,0,0,0,0,0,0,1737654,100281,3315938,83,0,0,4592,0,0,0,0,0,0,0,18110621,17080249,0,0,40639,40639,13952,11110,0,0,0,0,0,0,0,0,0,2800987,1398783,0,262144,5258950,85652029,0,0,1026,1025,860452957,0,0,0,0,0,0,0,0,0,0,0,0,871297220,0,7654,1850632,790565444,19969,0,0,35345015,0,0,0,0,0,0,0,0,0,0,0,0,0,0,0,0,0,0,0,7886,0,0,0,0,0,0,0,0,0,0,0,0,0,0,0,0,0,0,0,0,0,0,0,0,43596,4050,20584,16534,16534,0,0,3299,0,0,19,0,0,0,0,0,0,0,0,0,0,0,0,0,0,0,0,0,0,0,0,0,0,0,0,0,0,0,0,0,0,710,24,0
1767051275.001075,1075,ubuntu-rog,1,0,0,10811117,0,1743051,2808248,503087,0,17,0,0,0,0,0,847954939,0,0,4907,847583099,0,0,1743051,2808248,503087,0,196943,111691,0,0,0,0,0,0,0,0,0,0,1738571,100281,3315938,17,0,0,4592,0,0,0,0,0,0,0,18110621,17080315,0,0,40639,40639,13952,11112,0,0,0,0,0,0,0,0,0,2800603,1398592,0,262144,5258950,85652293,0,0,1026,1025,860453969,0,0,0,0,0,0,0,0,0,0,0,0,871297265,0,7654,1850632,790566439,19969,0,0,35345015,0,0,0,0,0,0,0,0,0,0,0,0,0,0,0,0,0,0,0,7886,0,0,0,0,0,0,0,0,0,0,0,0,0,0,0,0,0,0,0,0,0,0,0,0,43596,4050,20584,16534,16534,0,0,3299,0,0,19,0,0,0,0,0,0,0,0,0,0,0,0,0,0,0,0,0,0,0,0,0,0,0,0,0,0,0,0,0,0,710,24,0
1767051276.001119,1119,ubuntu-rog,1,0,0,10811020,0,1744074,2808248,503087,0,17,0,0,0,0,0,847955953,0,0,4907,847584113,0,0,1744074,2808248,503087,0,196943,111691,0,0,0,0,0,0,0,0,0,0,1739589,100281,3315938,17,0,0,4592,0,0,0,0,0,0,0,18110621,17080315,0,0,40639,40639,13952,11114,0,0,0,0,0,0,0,0,0,2800584,1398582,0,262144,5258950,85652293,0,0,1026,1025,860454990,0,0,0,0,0,0,0,0,0,0,0,0,871297282,0,7654,1850632,790567433,19969,0,0,35345015,0,0,0,0,0,0,0,0,0,0,0,0,0,0,0,0,0,0,0,7886,0,0,0,0,0,0,0,0,0,0,0,0,0,0,0,0,0,0,0,0,0,0,0,0,43596,4050,20584,16534,16534,0,0,3299,0,0,19,0,0,0,0,0,0,0,0,0,0,0,0,0,0,0,0,0,0,0,0,0,0,0,0,0,0,0,0,0,0,710,24,0
1767051277.001138,1138,ubuntu-rog,1,0,0,10811020,0,1745035,2808249,503087,0,20,0,0,0,0,0,847956977,0,0,4907,847585137,0,0,1745035,2808249,503087,0,196943,111691,0,0,0,0,0,0,0,0,0,0,1740553,100281,3315940,20,0,0,4592,0,0,0,0,0,0,0,18110624,17080315,0,0,40639,40639,13952,11116,0,0,0,0,0,0,0,0,0,2800584,1398582,0,262144,5258950,85652317,0,0,1026,1025,860456014,0,0,0,0,0,0,0,0,0,0,0,0,871297307,0,7654,1850632,790568436,19969,0,0,35345015,0,0,0,0,0,0,0,0,0,0,0,0,0,0,0,0,0,0,0,7886,0,0,0,0,0,0,0,0,0,0,0,0,0,0,0,0,0,0,0,0,0,0,0,0,43596,4050,20584,16534,16534,0,0,3299,0,0,19,0,0,0,0,0,0,0,0,0,0,0,0,0,0,0,0,0,0,0,0,0,0,0,0,0,0,0,0,0,0,710,24,0
1767051278.001074,1074,ubuntu-rog,1,0,0,10809004,0,1746058,2808249,503087,0,20,0,0,0,0,0,847957988,0,0,4907,847586148,0,0,1746058,2808249,503087,0,196943,111691,0,0,0,0,0,0,0,0,0,0,1741571,100281,3315940,20,0,0,4592,0,0,0,0,0,0,0,18110624,17080315,0,0,40639,40639,13952,11118,0,0,0,0,0,0,0,0,0,2800181,1398381,0,262144,5258950,85652317,0,0,1026,1025,860457025,0,0,0,0,0,0,0,0,0,0,0,0,871297322,0,7654,1850632,790569430,19969,0,0,35345015,0,0,0,0,0,0,0,0,0,0,0,0,0,0,0,0,0,0,0,7886,0,0,0,0,0,0,0,0,0,0,0,0,0,0,0,0,0,0,0,0,0,0,0,0,43596,4050,20584,16534,16534,0,0,3299,0,0,19,0,0,0,0,0,0,0,0,0,0,0,0,0,0,0,0,0,0,0,0,0,0,0,0,0,0,0,0,0,0,710,24,0
1767051279.001112,1112,ubuntu-rog,1,0,0,10809004,0,1747081,2808301,503087,0,38,0,0,0,0,0,847959022,0,0,4907,847587182,0,0,1747081,2808301,503087,0,196944,111691,0,0,0,0,0,0,0,0,0,0,1742590,100281,3315951,38,0,0,4592,0,0,0,0,0,0,0,18110652,17080325,0,0,40639,40639,13952,11120,0,0,0,0,0,0,0,0,0,2800191,1398386,0,262144,5258950,85652821,0,0,1026,1025,860458059,0,0,0,0,0,0,0,0,0,0,0,0,871297359,0,7654,1850632,790570426,19969,0,0,35345015,0,0,0,0,0,0,0,0,0,0,0,0,0,0,0,0,0,0,0,7886,0,0,0,0,0,0,0,0,0,0,0,0,0,0,0,0,0,0,0,0,0,0,0,0,43596,4050,20584,16534,16534,0,0,3299,0,0,19,0,0,0,0,0,0,0,0,0,0,0,0,0,0,0,0,0,0,0,0,0,0,0,0,0,0,0,0,0,0,710,24,0
1767051280.001138,1138,ubuntu-rog,1,0,0,10806988,0,1748042,2808301,503087,0,40,0,0,0,0,0,847960039,0,0,4907,847588199,0,0,1748042,2808301,503087,0,196944,111691,0,0,0,0,0,0,0,0,0,0,1743547,100281,3315953,40,0,0,4592,0,0,0,0,0,0,0,18110654,17080325,0,0,40639,40639,13952,11122,0,0,0,0,0,0,0,0,0,2799788,1398185,0,262144,5258950,85652821,0,0,1026,1025,860459076,0,0,0,0,0,0,0,0,0,0,0,0,871297375,0,7654,1850632,790571423,19969,0,0,35345015,0,0,0,0,0,0,0,0,0,0,0,0,0,0,0,0,0,0,0,7886,0,0,0,0,0,0,0,0,0,0,0,0,0,0,0,0,0,0,0,0,0,0,0,0,43596,4050,20584,16534,16534,0,0,3299,0,0,19,0,0,0,0,0,0,0,0,0,0,0,0,0,0,0,0,0,0,0,0,0,0,0,0,0,0,0,0,0,0,710,24,0
1767051281.001074,1074,ubuntu-rog,1,0,0,10806988,0,1749065,2808301,503087,0,40,0,0,0,0,0,847961068,0,0,4907,847589228,0,0,1749065,2808301,503087,0,196944,111691,0,0,0,0,0,0,0,0,0,0,1744566,100281,3315953,40,0,0,4592,0,0,0,0,0,0,0,18110654,17080325,0,0,40639,40639,13952,11124,0,0,0,0,0,0,0,0,0,2799788,1398185,0,262144,5258950,85652821,0,0,1026,1025,860460105,0,0,0,0,0,0,0,0,0,0,0,0,871297407,0,7654,1850632,790572418,19969,0,0,35345015,0,0,0,0,0,0,0,0,0,0,0,0,0,0,0,0,0,0,0,7886,0,0,0,0,0,0,0,0,0,0,0,0,0,0,0,0,0,0,0,0,0,0,0,0,43596,4050,20584,16534,16534,0,0,3299,0,0,19,0,0,0,0,0,0,0,0,0,0,0,0,0,0,0,0,0,0,0,0,0,0,0,0,0,0,0,0,0,0,710,24,0
1767051282.001121,1121,ubuntu-rog,1,0,0,10804972,0,1750026,2808303,503087,0,41,0,0,0,0,0,847962104,0,0,4907,847590264,0,0,1750026,2808303,503087,0,196944,111691,0,0,0,0,0,0,0,0,0,0,1745632,100281,3315954,41,0,0,4592,0,0,0,0,0,0,0,18110655,17080325,0,0,40639,40639,13952,11126,0,0,0,0,0,0,0,0,0,2799385,1397983,0,262144,5258950,85652821,0,0,1026,1025,860461141,0,0,0,0,0,0,0,0,0,0,0,0,871297436,0,7654,1850632,790573427,19969,0,0,35345020,0,0,0,0,0,0,0,0,0,0,0,0,0,0,0,0,0,0,0,7886,0,0,0,0,0,0,0,0,0,0,0,0,0,0,0,0,0,0,0,0,0,0,0,0,43596,4050,20584,16534,16534,0,0,3299,0,0,19,0,0,0,0,0,0,0,0,0,0,0,0,0,0,0,0,0,0,0,0,0,0,0,0,0,0,0,0,0,0,710,24,0
1767051283.001137,1137,ubuntu-rog,1,0,0,10804972,0,1751063,2808303,503087,0,34,0,0,0,0,0,847963121,0,0,4907,847591281,0,0,1751063,2808303,503087,0,196944,111691,0,0,0,0,0,0,0,0,0,0,1746550,100281,3315954,34,0,0,4592,0,0,0,0,0,0,0,18110655,17080332,0,0,40639,40639,13952,11128,0,0,0,0,0,0,0,0,0,2799385,1397983,0,262144,5258950,85652849,0,0,1026,1025,860462165,0,0,0,0,0,0,0,0,0,0,0,0,871297454,0,7654,1850632,790574423,19969,0,0,35345020,0,0,0,0,0,0,0,0,0,0,0,0,0,0,0,0,0,0,0,7886,0,0,0,0,0,0,0,0,0,0,0,0,0,0,0,0,0,0,0,0,0,0,0,0,43596,4050,20584,16534,16534,0,0,3299,0,0,19,0,0,0,0,0,0,0,0,0,0,0,0,0,0,0,0,0,0,0,0,0,0,0,0,0,0,0,0,0,0,710,24,0
1767051284.001077,1077,ubuntu-rog,1,0,0,10802956,0,1752086,2808304,503087,0,37,0,0,0,0,0,847964137,0,0,4907,847592297,0,0,1752086,2808304,503087,0,196944,111691,0,0,0,0,0,0,0,0,0,0,1747570,100281,3315957,37,0,0,4592,0,0,0,0,0,0,0,18110658,17080332,0,0,40639,40639,13952,11130,0,0,0,0,0,0,0,0,0,2798983,1397782,0,262144,5258950,85652933,0,0,1026,1025,860463181,0,0,0,0,0,0,0,0,0,0,0,0,871297477,0,7654,1850632,790575419,19969,0,0,35345020,0,0,0,0,0,0,0,0,0,0,0,0,0,0,0,0,0,0,0,7886,0,0,0,0,0,0,0,0,0,0,0,0,0,0,0,0,0,0,0,0,0,0,0,0,43596,4050,20584,16534,16534,0,0,3299,0,0,19,0,0,0,0,0,0,0,0,0,0,0,0,0,0,0,0,0,0,0,0,0,0,0,0,0,0,0,0,0,0,710,24,0
1767051285.001118,1118,ubuntu-rog,1,0,0,10802956,0,1753047,2808304,503087,0,37,0,0,0,0,0,847965161,0,0,4907,847593321,0,0,1753047,2808304,503087,0,196944,111691,0,0,0,0,0,0,0,0,0,0,1748536,100281,3315957,37,0,0,4592,0,0,0,0,0,0,0,18110658,17080332,0,0,40639,40639,13952,11132,0,0,0,0,0,0,0,0,0,2798983,1397782,0,262144,5258950,85652933,0,0,1026,1025,860464205,0,0,0,0,0,0,0,0,0,0,0,0,871297493,0,7654,1850632,790576425,19969,0,0,35345020,0,0,0,0,0,0,0,0,0,0,0,0,0,0,0,0,0,0,0,7886,0,0,0,0,0,0,0,0,0,0,0,0,0,0,0,0,0,0,0,0,0,0,0,0,43596,4050,20584,16534,16534,0,0,3299,0,0,19,0,0,0,0,0,0,0,0,0,0,0,0,0,0,0,0,0,0,0,0,0,0,0,0,0,0,0,0,0,0,710,24,0
1767051286.001138,1138,ubuntu-rog,1,0,0,10800940,0,1754070,2808304,503087,0,37,0,0,0,0,0,847966178,0,0,4907,847594338,0,0,1754070,2808304,503087,0,196944,111691,0,0,0,0,0,0,0,0,0,0,1749557,100281,3315957,37,0,0,4592,0,0,0,0,0,0,0,18110658,17080332,0,0,40639,40639,13952,11134,0,0,0,0,0,0,0,0,0,2798579,1397581,0,262144,5258950,85652933,0,0,1026,1025,860465222,0,0,0,0,0,0,0,0,0,0,0,0,871297511,0,7654,1850632,790577422,19969,0,0,35345020,0,0,0,0,0,0,0,0,0,0,0,0,0,0,0,0,0,0,0,7886,0,0,0,0,0,0,0,0,0,0,0,0,0,0,0,0,0,0,0,0,0,0,0,0,43596,4050,20584,16534,16534,0,0,3299,0,0,19,0,0,0,0,0,0,0,0,0,0,0,0,0,0,0,0,0,0,0,0,0,0,0,0,0,0,0,0,0,0,710,24,0
1767051287.001074,1074,ubuntu-rog,1,0,0,10800940,0,1755093,2808304,503087,0,39,0,0,0,0,0,847967193,0,0,4907,847595353,0,0,1755093,2808304,503087,0,196944,111691,0,0,0,0,0,0,0,0,0,0,1750578,100281,3315958,39,0,0,4592,0,0,0,0,0,0,0,18110660,17080332,0,0,40639,40639,13952,11136,0,0,0,0,0,0,0,0,0,2798579,1397581,0,262144,5258950,85652933,0,0,1026,1025,860466237,0,0,0,0,0,0,0,0,0,0,0,0,871297527,0,7654,1850632,790578419,19969,0,0,35345020,0,0,0,0,0,0,0,0,0,0,0,0,0,0,0,0,0,0,0,7886,0,0,0,0,0,0,0,0,0,0,0,0,0,0,0,0,0,0,0,0,0,0,0,0,43596,4050,20584,16534,16534,0,0,3299,0,0,19,0,0,0,0,0,0,0,0,0,0,0,0,0,0,0,0,0,0,0,0,0,0,0,0,0,0,0,0,0,0,710,24,0
1767051288.001119,1119,ubuntu-rog,1,0,0,10798924,0,1756054,2808309,503087,0,10,0,0,0,0,0,847968217,0,0,4907,847596377,0,0,1756054,2808309,503087,0,196944,111691,0,0,0,0,0,0,0,0,0,0,1751544,100281,3315959,10,0,0,4592,0,0,0,0,0,0,0,18110661,17080362,0,0,40639,40639,13952,11138,0,0,0,0,0,0,0,0,0,2798177,1397380,0,262144,5258950,85653045,0,0,1026,1025,860467261,0,0,0,0,0,0,0,0,0,0,0,0,871297542,0,7654,1850632,790579425,19969,0,0,35345020,0,0,0,0,0,0,0,0,0,0,0,0,0,0,0,0,0,0,0,7886,0,0,0,0,0,0,0,0,0,0,0,0,0,0,0,0,0,0,0,0,0,0,0,0,43596,4050,20584,16534,16534,0,0,3299,0,0,19,0,0,0,0,0,0,0,0,0,0,0,0,0,0,0,0,0,0,0,0,0,0,0,0,0,0,0,0,0,0,710,24,0
1767051289.001129,1129,ubuntu-rog,1,0,0,10798924,0,1757077,2808309,503087,0,14,0,0,0,0,0,847969240,0,0,4907,847597400,0,0,1757077,2808309,503087,0,196944,111691,0,0,0,0,0,0,0,0,0,0,1752571,100281,3315959,14,0,0,4592,0,0,0,0,0,0,0,18110665,17080362,0,0,40639,40639,13952,11140,0,0,0,0,0,0,0,0,0,2798177,1397380,0,262144,5258950,85653073,0,0,1026,1025,860468284,0,0,0,0,0,0,0,0,0,0,0,0,871297559,0,7654,1850632,790580429,19969,0,0,35345020,0,0,0,0,0,0,0,0,0,0,0,0,0,0,0,0,0,0,0,7886,0,0,0,0,0,0,0,0,0,0,0,0,0,0,0,0,0,0,0,0,0,0,0,0,43596,4050,20584,16534,16534,0,0,3299,0,0,19,0,0,0,0,0,0,0,0,0,0,0,0,0,0,0,0,0,0,0,0,0,0,0,0,0,0,0,0,0,0,710,24,0
1767051290.001073,1073,ubuntu-rog,1,0,0,10796908,0,1758038,2808309,503087,0,14,0,0,0,0,0,847970262,0,0,4907,847598422,0,0,1758038,2808309,503087,0,196944,111691,0,0,0,0,0,0,0,0,0,0,1753638,100281,3315959,14,0,0,4592,0,0,0,0,0,0,0,18110665,17080362,0,0,40639,40639,13952,11142,0,0,0,0,0,0,0,0,0,2797774,1397179,0,262144,5258950,85653073,0,0,1026,1025,860469306,0,0,0,0,0,0,0,0,0,0,0,0,871297575,0,7654,1850632,790581434,19969,0,0,35345021,0,0,0,0,0,0,0,0,0,0,0,0,0,0,0,0,0,0,0,7886,0,0,0,0,0,0,0,0,0,0,0,0,0,0,0,0,0,0,0,0,0,0,0,0,43596,4050,20584,16534,16534,0,0,3299,0,0,19,0,0,0,0,0,0,0,0,0,0,0,0,0,0,0,0,0,0,0,0,0,0,0,0,0,0,0,0,0,0,710,24,0
1767051291.001119,1119,ubuntu-rog,1,0,0,10796908,0,1759061,2808309,503087,0,15,0,0,0,0,0,847971279,0,0,4907,847599439,0,0,1759061,2808309,503087,0,196944,111691,0,0,0,0,0,0,0,0,0,0,1754556,100281,3315960,15,0,0,4592,0,0,0,0,0,0,0,18110666,17080362,0,0,40639,40639,13952,11144,0,0,0,0,0,0,0,0,0,2797774,1397179,0,262144,5258950,85653073,0,0,1026,1025,860470330,0,0,0,0,0,0,0,0,0,0,0,0,871297591,0,7654,1850632,790582431,19969,0,0,35345021,0,0,0,0,0,0,0,0,0,0,0,0,0,0,0,0,0,0,0,7886,0,0,0,0,0,0,0,0,0,0,0,0,0,0,0,0,0,0,0,0,0,0,0,0,43596,4050,20584,16534,16534,0,0,3299,0,0,19,0,0,0,0,0,0,0,0,0,0,0,0,0,0,0,0,0,0,0,0,0,0,0,0,0,0,0,0,0,0,710,24,0
1767051292.001138,1138,ubuntu-rog,1,0,0,10794892,0,1760084,2808309,503087,0,15,0,0,0,0,0,847972293,0,0,4907,847600453,0,0,1760084,2808309,503087,0,196944,111691,0,0,0,0,0,0,0,0,0,0,1755576,100281,3315960,15,0,0,4592,0,0,0,0,0,0,0,18110666,17080362,0,0,40639,40639,13952,11146,0,0,0,0,0,0,0,0,0,2797371,1396978,0,262144,5258950,85653073,0,0,1026,1025,860471344,0,0,0,0,0,0,0,0,0,0,0,0,871297615,0,7654,1850632,790583427,19969,0,0,35345021,0,0,0,0,0,0,0,0,0,0,0,0,0,0,0,0,0,0,0,7886,0,0,0,0,0,0,0,0,0,0,0,0,0,0,0,0,0,0,0,0,0,0,0,0,43596,4050,20584,16534,16534,0,0,3299,0,0,19,0,0,0,0,0,0,0,0,0,0,0,0,0,0,0,0,0,0,0,0,0,0,0,0,0,0,0,0,0,0,710,24,0
1767051293.001073,1073,ubuntu-rog,1,0,0,10794892,0,1761045,2808309,503087,0,16,0,0,0,0,0,847973308,0,0,4907,847601468,0,0,1761045,2808309,503087,0,196944,111691,0,0,0,0,0,0,0,0,0,0,1756632,100281,3315961,16,0,0,4592,0,0,0,0,0,0,0,18110667,17080362,0,0,40639,40639,13952,11147,0,0,0,0,0,0,0,0,0,2797371,1396978,0,262144,5258950,85653073,0,0,1026,1025,860472359,0,0,0,0,0,0,0,0,0,0,0,0,871297632,0,7654,1850632,790584422,19969,0,0,35345021,0,0,0,0,0,0,0,0,0,0,0,0,0,0,0,0,0,0,0,7886,0,0,0,0,0,0,0,0,0,0,0,0,0,0,0,0,0,0,0,0,0,0,0,0,43596,4050,20584,16534,16534,0,0,3299,0,0,19,0,0,0,0,0,0,0,0,0,0,0,0,0,0,0,0,0,0,0,0,0,0,0,0,0,0,0,0,0,0,710,24,0
1767051294.001119,1119,ubuntu-rog,1,0,0,10792876,0,1762068,2808309,503087,0,18,0,0,0,0,0,847974322,0,0,4907,847602482,0,0,1762068,2808309,503087,0,196944,111691,0,0,0,0,0,0,0,0,0,0,1757551,100281,3315962,18,0,0,4592,0,0,0,0,0,0,0,18110669,17080362,0,0,40639,40639,13952,11149,0,0,0,0,0,0,0,0,0,2796968,1396776,0,262144,5258950,85653089,0,0,1026,1025,860473373,0,0,0,0,0,0,0,0,0,0,0,0,871297648,0,7654,1850632,790585417,19969,0,0,35345021,0,0,0,0,0,0,0,0,0,0,0,0,0,0,0,0,0,0,0,7886,0,0,0,0,0,0,0,0,0,0,0,0,0,0,0,0,0,0,0,0,0,0,0,0,43596,4050,20584,16534,16534,0,0,3299,0,0,19,0,0,0,0,0,0,0,0,0,0,0,0,0,0,0,0,0,0,0,0,0,0,0,0,0,0,0,0,0,0,710,24,0
1767051295.001138,1138,ubuntu-rog,1,0,0,10792876,0,1763060,2808309,503087,0,19,0,0,0,0,0,847975339,0,0,4907,847603499,0,0,1763060,2808309,503087,0,196944,111691,0,0,0,0,0,0,0,0,0,0,1758570,100281,3315963,19,0,0,4592,0,0,0,0,0,0,0,18110670,17080362,0,0,40639,40639,13952,11151,0,0,0,0,0,0,0,0,0,2796968,1396776,0,262144,5258950,85653089,0,0,1026,1025,860474390,0,0,0,0,0,0,0,0,0,0,0,0,871297667,0,7654,1850632,790586412,19969,0,0,35345021,0,0,0,0,0,0,0,0,0,0,0,0,0,0,0,0,0,0,0,7886,0,0,0,0,0,0,0,0,0,0,0,0,0,0,0,0,0,0,0,0,0,0,0,0,43596,4050,20584,16534,16534,0,0,3299,0,0,19,0,0,0,0,0,0,0,0,0,0,0,0,0,0,0,0,0,0,0,0,0,0,0,0,0,0,0,0,0,0,710,24,0
1767051296.001074,1074,ubuntu-rog,1,0,0,10790860,0,1764021,2808309,503087,0,19,0,0,0,0,0,847976352,0,0,4907,847604512,0,0,1764021,2808309,503087,0,196944,111691,0,0,0,0,0,0,0,0,0,0,1759525,100281,3315963,19,0,0,4592,0,0,0,0,0,0,0,18110670,17080362,0,0,40639,40639,13952,11153,0,0,0,0,0,0,0,0,0,2796565,1396575,0,262144,5258950,85653089,0,0,1026,1025,860475403,0,0,0,0,0,0,0,0,0,0,0,0,871297683,0,7654,1850632,790587407,19969,0,0,35345021,0,0,0,0,0,0,0,0,0,0,0,0,0,0,0,0,0,0,0,7886,0,0,0,0,0,0,0,0,0,0,0,0,0,0,0,0,0,0,0,0,0,0,0,0,43596,4050,20584,16534,16534,0,0,3299,0,0,19,0,0,0,0,0,0,0,0,0,0,0,0,0,0,0,0,0,0,0,0,0,0,0,0,0,0,0,0,0,0,710,24,0
1767051297.001112,1112,ubuntu-rog,1,0,0,10790860,0,1765044,2808309,503087,0,19,0,0,0,0,0,847977365,0,0,4907,847605525,0,0,1765044,2808309,503087,0,196944,111691,0,0,0,0,0,0,0,0,0,0,1760544,100281,3315963,19,0,0,4592,0,0,0,0,0,0,0,18110670,17080362,0,0,40639,40639,13952,11155,0,0,0,0,0,0,0,0,0,2796565,1396575,0,262144,5258950,85653089,0,0,1026,1025,860476416,0,0,0,0,0,0,0,0,0,0,0,0,871297698,0,7654,1850632,790588403,19969,0,0,35345021,0,0,0,0,0,0,0,0,0,0,0,0,0,0,0,0,0,0,0,7886,0,0,0,0,0,0,0,0,0,0,0,0,0,0,0,0,0,0,0,0,0,0,0,0,43596,4050,20584,16534,16534,0,0,3299,0,0,19,0,0,0,0,0,0,0,0,0,0,0,0,0,0,0,0,0,0,0,0,0,0,0,0,0,0,0,0,0,0,710,24,0
1767051298.001128,1128,ubuntu-rog,1,0,0,10788844,0,1766106,2808309,503087,0,9,0,0,0,0,0,847978390,0,0,4907,847606550,0,0,1766106,2808309,503087,0,196944,111691,0,0,0,0,0,0,0,0,0,0,1761611,100281,3315963,9,0,0,4592,0,0,0,0,0,0,0,18110670,17080372,0,0,40639,40639,13952,11157,0,0,0,0,0,0,0,0,0,2796162,1396374,0,262144,5258950,85653129,0,0,1026,1025,860477441,0,0,0,0,0,0,0,0,0,0,0,0,871297715,0,7654,1850632,790589409,19969,0,0,35345021,0,0,0,0,0,0,0,0,0,0,0,0,0,0,0,0,0,0,0,7886,0,0,0,0,0,0,0,0,0,0,0,0,0,0,0,0,0,0,0,0,0,0,0,0,43596,4050,20584,16534,16534,0,0,3299,0,0,19,0,0,0,0,0,0,0,0,0,0,0,0,0,0,0,0,0,0,0,0,0,0,0,0,0,0,0,0,0,0,710,24,0
1767051299.001064,1064,ubuntu-rog,1,0,0,10788844,0,1767028,2808309,503087,0,11,0,0,0,0,0,847979410,0,0,4907,847607570,0,0,1767028,2808309,503087,0,196944,111691,0,0,0,0,0,0,0,0,0,0,1762532,100281,3315964,11,0,0,4592,0,0,0,0,0,0,0,18110672,17080372,0,0,40639,40639,13952,11159,0,0,0,0,0,0,0,0,0,2796162,1396374,0,262144,5258950,85653157,0,0,1026,1025,860478468,0,0,0,0,0,0,0,0,0,0,0,0,871297731,0,7654,1850632,790590407,19969,0,0,35345021,0,0,0,0,0,0,0,0,0,0,0,0,0,0,0,0,0,0,0,7886,0,0,0,0,0,0,0,0,0,0,0,0,0,0,0,0,0,0,0,0,0,0,0,0,43596,4050,20584,16534,16534,0,0,3299,0,0,19,0,0,0,0,0,0,0,0,0,0,0,0,0,0,0,0,0,0,0,0,0,0,0,0,0,0,0,0,0,0,710,24,0
1767051300.001104,1104,ubuntu-rog,1,0,0,10786828,0,1768051,2808311,503087,0,13,0,0,0,0,0,847980423,0,0,4907,847608583,0,0,1768051,2808311,503087,0,196944,111691,0,0,0,0,0,0,0,0,0,0,1763552,100281,3315967,13,0,0,4592,0,0,0,0,0,0,0,18110674,17080372,0,0,40639,40639,13952,11161,0,0,0,0,0,0,0,0,0,2795759,1396173,0,262144,5258950,85653157,0,0,1026,1025,860479481,0,0,0,0,0,0,0,0,0,0,0,0,871297755,0,7654,1850632,790591402,19969,0,0,35345021,0,0,0,0,0,0,0,0,0,0,0,0,0,0,0,0,0,0,0,7886,0,0,0,0,0,0,0,0,0,0,0,0,0,0,0,0,0,0,0,0,0,0,0,0,43596,4050,20584,16534,16534,0,0,3299,0,0,19,0,0,0,0,0,0,0,0,0,0,0,0,0,0,0,0,0,0,0,0,0,0,0,0,0,0,0,0,0,0,710,24,0
1767051301.001139,1139,ubuntu-rog,1,0,0,10786828,0,1769012,2808311,503087,0,13,0,0,0,0,0,847981441,0,0,4907,847609601,0,0,1769012,2808311,503087,0,196944,111691,0,0,0,0,0,0,0,0,0,0,1764610,100281,3315967,13,0,0,4592,0,0,0,0,0,0,0,18110674,17080372,0,0,40639,40639,13952,11163,0,0,0,0,0,0,0,0,0,2795759,1396173,0,262144,5258950,85653157,0,0,1026,1025,860480499,0,0,0,0,0,0,0,0,0,0,0,0,871297771,0,7654,1850632,790592401,19969,0,0,35345021,0,0,0,0,0,0,0,0,0,0,0,0,0,0,0,0,0,0,0,7886,0,0,0,0,0,0,0,0,0,0,0,0,0,0,0,0,0,0,0,0,0,0,0,0,43596,4050,20584,16534,16534,0,0,3299,0,0,19,0,0,0,0,0,0,0,0,0,0,0,0,0,0,0,0,0,0,0,0,0,0,0,0,0,0,0,0,0,0,710,24,0
1767051302.001077,1077,ubuntu-rog,1,0,0,10784812,0,1770030,2808321,503087,0,14,0,0,0,0,0,847982881,0,0,4907,847611041,0,0,1770030,2808321,503087,0,196944,111691,0,0,0,0,0,0,0,0,0,0,1765526,100281,3315968,14,0,0,4592,0,0,0,0,0,0,0,18110675,17080372,0,0,40639,40639,13936,11151,0,0,0,0,0,0,0,0,0,2795358,1395972,0,262144,5258950,85653217,0,0,1026,1025,860481939,0,0,0,0,0,0,0,0,0,0,0,0,871298191,0,7654,1850632,790594111,19969,0,0,35345136,0,0,0,0,0,0,0,0,0,0,0,0,0,0,0,0,0,0,0,7886,0,0,0,0,0,0,0,0,0,0,0,0,0,0,0,0,0,0,0,0,0,0,0,0,43596,4050,20584,16534,16534,0,0,3299,0,0,19,0,0,0,0,0,0,0,0,0,0,0,0,0,0,0,0,0,0,0,0,0,0,0,0,0,0,0,0,0,0,710,24,0
1767051303.001118,1118,ubuntu-rog,1,0,0,10784812,0,1771053,2808324,503087,0,61,0,0,0,0,0,847983894,0,0,4907,847612054,0,0,1771053,2808324,503087,0,196944,111691,0,0,0,0,0,0,0,0,0,0,1766561,100281,3315971,61,0,0,4592,0,0,0,0,0,0,0,18110724,17080374,0,0,40639,40639,13952,11167,0,0,0,0,0,0,0,0,0,2795359,1395973,0,262144,5258950,85653217,0,0,1026,1025,860482952,0,0,0,0,0,0,0,0,0,0,0,0,871298205,0,7654,1850632,790595108,19969,0,0,35345136,0,0,0,0,0,0,0,0,0,0,0,0,0,0,0,0,0,0,0,7886,0,0,0,0,0,0,0,0,0,0,0,0,0,0,0,0,0,0,0,0,0,0,0,0,43596,4050,20584,16534,16534,0,0,3299,0,0,19,0,0,0,0,0,0,0,0,0,0,0,0,0,0,0,0,0,0,0,0,0,0,0,0,0,0,0,0,0,0,710,24,0
1767051304.001138,1138,ubuntu-rog,1,0,0,10782796,0,1772014,2808324,503087,0,61,0,0,0,0,0,847984910,0,0,4907,847613070,0,0,1772014,2808324,503087,0,196944,111691,0,0,0,0,0,0,0,0,0,0,1767519,100281,3315971,61,0,0,4592,0,0,0,0,0,0,0,18110724,17080374,0,0,40639,40639,13952,11169,0,0,0,0,0,0,0,0,0,2794956,1395771,0,262144,5258950,85653217,0,0,1026,1025,860483968,0,0,0,0,0,0,0,0,0,0,0,0,871298221,0,7654,1850632,790596106,19969,0,0,35345136,0,0,0,0,0,0,0,0,0,0,0,0,0,0,0,0,0,0,0,7886,0,0,0,0,0,0,0,0,0,0,0,0,0,0,0,0,0,0,0,0,0,0,0,0,43596,4050,20584,16534,16534,0,0,3299,0,0,19,0,0,0,0,0,0,0,0,0,0,0,0,0,0,0,0,0,0,0,0,0,0,0,0,0,0,0,0,0,0,710,24,0
1767051305.001073,1073,ubuntu-rog,1,0,0,10782796,0,1773037,2808324,503087,0,61,0,0,0,0,0,847985926,0,0,4907,847614086,0,0,1773037,2808324,503087,0,196944,111691,0,0,0,0,0,0,0,0,0,0,1768540,100281,3315971,61,0,0,4592,0,0,0,0,0,0,0,18110724,17080374,0,0,40639,40639,13952,11171,0,0,0,0,0,0,0,0,0,2794956,1395771,0,262144,5258950,85653217,0,0,1026,1025,860484984,0,0,0,0,0,0,0,0,0,0,0,0,871298238,0,7654,1850632,790597103,19969,0,0,35345136,0,0,0,0,0,0,0,0,0,0,0,0,0,0,0,0,0,0,0,7886,0,0,0,0,0,0,0,0,0,0,0,0,0,0,0,0,0,0,0,0,0,0,0,0,43596,4050,20584,16534,16534,0,0,3299,0,0,19,0,0,0,0,0,0,0,0,0,0,0,0,0,0,0,0,0,0,0,0,0,0,0,0,0,0,0,0,0,0,710,24,0
1767051306.001120,1120,ubuntu-rog,1,0,0,10780780,0,1773998,2808324,503087,0,63,0,0,0,0,0,847986945,0,0,4907,847615105,0,0,1773998,2808324,503087,0,196944,111689,0,0,0,0,0,0,0,0,0,0,1769599,100281,3315973,63,0,0,4592,0,0,0,0,0,0,0,18110726,17080374,0,0,40639,40639,13952,11173,0,0,0,0,0,0,0,0,0,2794552,1395570,0,262144,5258950,85653217,0,0,1026,1025,860486010,0,0,0,0,0,0,0,0,0,0,0,0,871298255,0,7654,1850632,790598102,19969,0,0,35345136,0,0,0,0,0,0,0,0,0,0,0,0,0,0,0,0,0,0,0,7886,0,0,0,0,0,0,0,0,0,0,0,0,0,0,0,0,0,0,0,0,0,0,0,0,43596,4050,20584,16534,16534,0,0,3299,0,0,19,0,0,0,0,0,0,0,0,0,0,0,0,0,0,0,0,0,0,0,0,0,0,0,0,0,0,0,0,0,0,710,24,0
1767051307.001138,1138,ubuntu-rog,1,0,0,10780780,0,1775021,2808324,503087,0,64,0,0,0,0,0,847987963,0,0,4907,847616123,0,0,1775021,2808324,503087,0,196945,111689,0,0,0,0,0,0,0,0,0,0,1770521,100281,3315974,64,0,0,4592,0,0,0,0,0,0,0,18110727,17080374,0,0,40639,40639,13952,11175,0,0,0,0,0,0,0,0,0,2794552,1395570,0,262144,5258950,85653261,0,0,1026,1025,860487028,0,0,0,0,0,0,0,0,0,0,0,0,871298278,0,7654,1850632,790599101,19969,0,0,35345136,0,0,0,0,0,0,0,0,0,0,0,0,0,0,0,0,0,0,0,7886,0,0,0,0,0,0,0,0,0,0,0,0,0,0,0,0,0,0,0,0,0,0,0,0,43596,4050,20584,16534,16534,0,0,3299,0,0,19,0,0,0,0,0,0,0,0,0,0,0,0,0,0,0,0,0,0,0,0,0,0,0,0,0,0,0,0,0,0,710,24,0
1767051308.001064,1064,ubuntu-rog,1,0,0,10778764,0,1776044,2808325,503087,0,65,0,0,0,0,0,847988977,0,0,4907,847617137,0,0,1776044,2808325,503087,0,196945,111689,0,0,0,0,0,0,0,0,0,0,1771543,100281,3315975,65,0,0,4592,0,0,0,0,0,0,0,18110728,17080374,0,0,40639,40639,13952,11177,0,0,0,0,0,0,0,0,0,2794150,1395369,0,262144,5258950,85653261,0,0,1026,1025,860488042,0,0,0,0,0,0,0,0,0,0,0,0,871298293,0,7654,1850632,790600098,19969,0,0,35345136,0,0,0,0,0,0,0,0,0,0,0,0,0,0,0,0,0,0,0,7886,0,0,0,0,0,0,0,0,0,0,0,0,0,0,0,0,0,0,0,0,0,0,0,0,43596,4050,20584,16534,16534,0,0,3299,0,0,19,0,0,0,0,0,0,0,0,0,0,0,0,0,0,0,0,0,0,0,0,0,0,0,0,0,0,0,0,0,0,710,24,0
1767051309.001092,1092,ubuntu-rog,1,0,0,10778708,0,1777005,2808325,503087,0,65,0,0,0,0,0,847989992,0,0,4907,847618152,0,0,1777005,2808325,503087,0,196945,111689,0,0,0,0,0,0,0,0,0,0,1772601,100281,3315975,65,0,0,4592,0,0,0,0,0,0,0,18110728,17080374,0,0,40639,40639,13952,11179,0,0,0,0,0,0,0,0,0,2794138,1395363,0,262144,5258950,85653261,0,0,1026,1025,860489064,0,0,0,0,0,0,0,0,0,0,0,0,871298308,0,7654,1850632,790601095,19969,0,0,35345136,0,0,0,0,0,0,0,0,0,0,0,0,0,0,0,0,0,0,0,7886,0,0,0,0,0,0,0,0,0,0,0,0,0,0,0,0,0,0,0,0,0,0,0,0,43596,4050,20584,16534,16534,0,0,3299,0,0,19,0,0,0,0,0,0,0,0,0,0,0,0,0,0,0,0,0,0,0,0,0,0,0,0,0,0,0,0,0,0,710,24,0
1767051310.001139,1139,ubuntu-rog,1,0,0,10776692,0,1778028,2808325,503087,0,66,0,0,0,0,0,847991008,0,0,4907,847619168,0,0,1778028,2808325,503087,0,196945,111691,0,0,0,0,0,0,0,0,0,0,1773521,100281,3315976,66,0,0,4592,0,0,0,0,0,0,0,18110729,17080374,0,0,40639,40639,13952,11181,0,0,0,0,0,0,0,0,0,2793735,1395162,0,262144,5258950,85653261,0,0,1026,1025,860490081,0,0,0,0,0,0,0,0,0,0,0,0,871298323,0,7654,1850632,790602092,19969,0,0,35345136,0,0,0,0,0,0,0,0,0,0,0,0,0,0,0,0,0,0,0,7886,0,0,0,0,0,0,0,0,0,0,0,0,0,0,0,0,0,0,0,0,0,0,0,0,43596,4050,20584,16534,16534,0,0,3299,0,0,19,0,0,0,0,0,0,0,0,0,0,0,0,0,0,0,0,0,0,0,0,0,0,0,0,0,0,0,0,0,0,710,24,0
1767051311.001069,1069,ubuntu-rog,1,0,0,10776692,0,1779051,2808325,503087,0,66,0,0,0,0,0,847992022,0,0,4907,847620182,0,0,1779051,2808325,503087,0,196945,111691,0,0,0,0,0,0,0,0,0,0,1774541,100281,3315976,66,0,0,4592,0,0,0,0,0,0,0,18110729,17080374,0,0,40639,40639,13952,11183,0,0,0,0,0,0,0,0,0,2793735,1395162,0,262144,5258950,85653261,0,0,1026,1025,860491095,0,0,0,0,0,0,0,0,0,0,0,0,871298339,0,7654,1850632,790603088,19969,0,0,35345136,0,0,0,0,0,0,0,0,0,0,0,0,0,0,0,0,0,0,0,7886,0,0,0,0,0,0,0,0,0,0,0,0,0,0,0,0,0,0,0,0,0,0,0,0,43596,4050,20584,16534,16534,0,0,3299,0,0,19,0,0,0,0,0,0,0,0,0,0,0,0,0,0,0,0,0,0,0,0,0,0,0,0,0,0,0,0,0,0,710,24,0
1767051312.001123,1123,ubuntu-rog,1,0,0,10774679,0,1779981,2808325,503087,0,67,0,0,0,0,0,847993038,0,0,4907,847621198,0,0,1779981,2808325,503087,0,196945,111691,0,0,0,0,0,0,0,0,0,0,1775498,100281,3315977,67,0,0,4592,0,0,0,0,0,0,0,18110730,17080374,0,0,40639,40639,13952,11184,0,0,0,0,0,0,0,0,0,2793333,1394961,0,262144,5258950,85653277,0,0,1026,1025,860492111,0,0,0,0,0,0,0,0,0,0,0,0,871298354,0,7654,1850632,790604085,19969,0,0,35345136,0,0,0,0,0,0,0,0,0,0,0,0,0,0,0,0,0,0,0,7886,0,0,0,0,0,0,0,0,0,0,0,0,0,0,0,0,0,0,0,0,0,0,0,0,43596,4050,20584,16534,16534,0,0,3299,0,0,19,0,0,0,0,0,0,0,0,0,0,0,0,0,0,0,0,0,0,0,0,0,0,0,0,0,0,0,0,0,0,710,24,0
1767051313.001137,1137,ubuntu-rog,1,0,0,10774679,0,1781004,2808326,503087,0,67,0,0,0,0,0,847994053,0,0,4907,847622213,0,0,1781004,2808326,503087,0,196945,111691,0,0,0,0,0,0,0,0,0,0,1776519,100281,3315978,67,0,0,4592,0,0,0,0,0,0,0,18110730,17080374,0,0,40639,40639,13952,11186,0,0,0,0,0,0,0,0,0,2793333,1394961,0,262144,5258950,85653277,0,0,1026,1025,860493126,0,0,0,0,0,0,0,0,0,0,0,0,871298370,0,7654,1850632,790605082,19969,0,0,35345136,0,0,0,0,0,0,0,0,0,0,0,0,0,0,0,0,0,0,0,7886,0,0,0,0,0,0,0,0,0,0,0,0,0,0,0,0,0,0,0,0,0,0,0,0,43596,4050,20584,16534,16534,0,0,3299,0,0,19,0,0,0,0,0,0,0,0,0,0,0,0,0,0,0,0,0,0,0,0,0,0,0,0,0,0,0,0,0,0,710,24,0
1767051314.001075,1075,ubuntu-rog,1,0,0,10772663,0,1782066,2808326,503087,0,68,0,0,0,0,0,847995070,0,0,4907,847623230,0,0,1782066,2808326,503087,0,196945,111691,0,0,0,0,0,0,0,0,0,0,1777577,100281,3315979,68,0,0,4592,0,0,0,0,0,0,0,18110731,17080374,0,0,40639,40639,13952,11188,0,0,0,0,0,0,0,0,0,2792930,1394760,0,262144,5258950,85653277,0,0,1026,1025,860494150,0,0,0,0,0,0,0,0,0,0,0,0,871298386,0,7654,1850632,790606079,19969,0,0,35345136,0,0,0,0,0,0,0,0,0,0,0,0,0,0,0,0,0,0,0,7886,0,0,0,0,0,0,0,0,0,0,0,0,0,0,0,0,0,0,0,0,0,0,0,0,43596,4050,20584,16534,16534,0,0,3299,0,0,19,0,0,0,0,0,0,0,0,0,0,0,0,0,0,0,0,0,0,0,0,0,0,0,0,0,0,0,0,0,0,710,24,0
1767051315.001111,1111,ubuntu-rog,1,0,0,10772663,0,1782988,2808326,503087,0,68,0,0,0,0,0,847996090,0,0,4907,847624250,0,0,1782988,2808326,503087,0,196945,111691,0,0,0,0,0,0,0,0,0,0,1778497,100281,3315979,68,0,0,4592,0,0,0,0,0,0,0,18110731,17080374,0,0,40639,40639,13952,11190,0,0,0,0,0,0,0,0,0,2792930,1394760,0,262144,5258950,85653277,0,0,1026,1025,860495170,0,0,0,0,0,0,0,0,0,0,0,0,871298415,0,7654,1850632,790607076,19969,0,0,35345136,0,0,0,0,0,0,0,0,0,0,0,0,0,0,0,0,0,0,0,7886,0,0,0,0,0,0,0,0,0,0,0,0,0,0,0,0,0,0,0,0,0,0,0,0,43596,4050,20584,16534,16534,0,0,3299,0,0,19,0,0,0,0,0,0,0,0,0,0,0,0,0,0,0,0,0,0,0,0,0,0,0,0,0,0,0,0,0,0,710,24,0
1767051316.001144,1144,ubuntu-rog,1,0,0,10770647,0,1784011,2808326,503087,0,68,0,0,0,0,0,847997106,0,0,4907,847625266,0,0,1784011,2808326,503087,0,196945,111691,0,0,0,0,0,0,0,0,0,0,1779518,100281,3315979,68,0,0,4592,0,0,0,0,0,0,0,18110731,17080374,0,0,40639,40639,13952,11192,0,0,0,0,0,0,0,0,0,2792527,1394558,0,262144,5258950,85653277,0,0,1026,1025,860496186,0,0,0,0,0,0,0,0,0,0,0,0,871298434,0,7654,1850632,790608073,19969,0,0,35345136,0,0,0,0,0,0,0,0,0,0,0,0,0,0,0,0,0,0,0,7886,0,0,0,0,0,0,0,0,0,0,0,0,0,0,0,0,0,0,0,0,0,0,0,0,43596,4050,20584,16534,16534,0,0,3299,0,0,19,0,0,0,0,0,0,0,0,0,0,0,0,0,0,0,0,0,0,0,0,0,0,0,0,0,0,0,0,0,0,710,24,0
1767051317.001074,1074,ubuntu-rog,1,0,0,10770647,0,1785034,2808326,503087,0,69,0,0,0,0,0,847998347,0,0,4907,847626507,0,0,1785034,2808326,503087,0,196945,111687,0,0,0,0,0,0,0,0,0,0,1780642,100281,3315980,69,0,0,4592,0,0,0,0,0,0,0,18110732,17080374,0,0,40639,40639,13920,11194,0,0,0,0,0,0,0,0,0,2792527,1394558,0,262144,5258950,85653293,0,0,1026,1025,860497525,0,0,0,0,0,0,0,0,0,0,0,0,871298681,0,7654,1850632,790609167,19969,0,0,35345137,0,0,0,0,0,0,0,0,0,0,0,0,0,0,0,0,0,0,0,7886,0,0,0,0,0,0,0,0,0,0,0,0,0,0,0,0,0,0,0,0,0,0,0,0,43596,4050,20584,16534,16534,0,0,3299,0,0,19,0,0,0,0,0,0,0,0,0,0,0,0,0,0,0,0,0,0,0,0,0,0,0,0,0,0,0,0,0,0,710,24,0
1767051318.001105,1105,ubuntu-rog,1,0,0,10769802,0,1786057,2808326,503087,0,69,0,0,0,0,0,847999365,0,0,4907,847627525,0,0,1786057,2808326,503087,0,196945,111687,0,0,0,0,0,0,0,0,0,0,1781572,100281,3315982,69,0,0,4592,0,0,0,0,0,0,0,18110732,17080374,0,0,40639,40639,13920,11196,0,0,0,0,0,0,0,0,0,2792358,1394474,0,262144,5258950,85653293,0,0,1026,1025,860498543,0,0,0,0,0,0,0,0,0,0,0,0,871298697,0,7654,1850632,790610167,19969,0,0,35345137,0,0,0,0,0,0,0,0,0,0,0,0,0,0,0,0,0,0,0,7886,0,0,0,0,0,0,0,0,0,0,0,0,0,0,0,0,0,0,0,0,0,0,0,0,43596,4050,20584,16534,16534,0,0,3299,0,0,19,0,0,0,0,0,0,0,0,0,0,0,0,0,0,0,0,0,0,0,0,0,0,0,0,0,0,0,0,0,0,710,24,0
1767051319.001148,1148,ubuntu-rog,1,0,0,10768757,0,1787080,2808326,503087,0,66,0,0,0,0,0,848000383,0,0,4907,847628543,0,0,1787080,2808326,503087,0,196945,111687,0,0,0,0,0,0,0,0,0,0,1782595,100281,3315984,66,0,0,4592,0,0,0,0,0,0,0,18110735,17080380,0,0,40639,40639,13920,11198,0,0,0,0,0,0,0,0,0,2792149,1394370,0,262144,5258950,85653317,0,0,1026,1025,860499561,0,0,0,0,0,0,0,0,0,0,0,0,871298738,0,7654,1850632,790611166,19969,0,0,35345137,0,0,0,0,0,0,0,0,0,0,0,0,0,0,0,0,0,0,0,7886,0,0,0,0,0,0,0,0,0,0,0,0,0,0,0,0,0,0,0,0,0,0,0,0,43596,4050,20584,16534,16534,0,0,3299,0,0,19,0,0,0,0,0,0,0,0,0,0,0,0,0,0,0,0,0,0,0,0,0,0,0,0,0,0,0,0,0,0,710,24,0
1767051320.001090,1090,ubuntu-rog,1,0,0,10766741,0,1788041,2808328,503087,0,53,0,0,0,0,0,848001399,0,0,4907,847629559,0,0,1788041,2808328,503087,0,196945,111687,0,0,0,0,0,0,0,0,0,0,1783555,100281,3315984,53,0,0,4592,0,0,0,0,0,0,0,18110735,17080393,0,0,40639,40639,13920,11200,0,0,0,0,0,0,0,0,0,2791746,1394168,0,262144,5258950,85653353,0,0,1026,1025,860500577,0,0,0,0,0,0,0,0,0,0,0,0,871298753,0,7654,1850632,790612165,19969,0,0,35345137,0,0,0,0,0,0,0,0,0,0,0,0,0,0,0,0,0,0,0,7886,0,0,0,0,0,0,0,0,0,0,0,0,0,0,0,0,0,0,0,0,0,0,0,0,43596,4050,20584,16534,16534,0,0,3299,0,0,19,0,0,0,0,0,0,0,0,0,0,0,0,0,0,0,0,0,0,0,0,0,0,0,0,0,0,0,0,0,0,710,24,0
1767051321.001136,1136,ubuntu-rog,1,0,0,10766741,0,1789064,2808328,503087,0,54,0,0,0,0,0,848002415,0,0,4907,847630575,0,0,1789064,2808328,503087,0,196945,111687,0,0,0,0,0,0,0,0,0,0,1784577,100281,3315985,54,0,0,4592,0,0,0,0,0,0,0,18110736,17080393,0,0,40639,40639,13920,11202,0,0,0,0,0,0,0,0,0,2791746,1394168,0,262144,5258950,85653353,0,0,1026,1025,860501593,0,0,0,0,0,0,0,0,0,0,0,0,871298768,0,7654,1850632,790613163,19969,0,0,35345137,0,0,0,0,0,0,0,0,0,0,0,0,0,0,0,0,0,0,0,7886,0,0,0,0,0,0,0,0,0,0,0,0,0,0,0,0,0,0,0,0,0,0,0,0,43596,4050,20584,16534,16534,0,0,3299,0,0,19,0,0,0,0,0,0,0,0,0,0,0,0,0,0,0,0,0,0,0,0,0,0,0,0,0,0,0,0,0,0,710,24,0
1767051322.001144,1144,ubuntu-rog,1,0,0,10764725,0,1790025,2808328,503087,0,54,0,0,0,0,0,848003434,0,0,4907,847631594,0,0,1790025,2808328,503087,0,196945,111687,0,0,0,0,0,0,0,0,0,0,1785635,100281,3315986,54,0,0,4592,0,0,0,0,0,0,0,18110736,17080393,0,0,40639,40639,13920,11204,0,0,0,0,0,0,0,0,0,2791343,1393967,0,262144,5258950,85653385,0,0,1026,1025,860502619,0,0,0,0,0,0,0,0,0,0,0,0,871298785,0,7654,1850632,790614161,19969,0,0,35345137,0,0,0,0,0,0,0,0,0,0,0,0,0,0,0,0,0,0,0,7886,0,0,0,0,0,0,0,0,0,0,0,0,0,0,0,0,0,0,0,0,0,0,0,0,43596,4050,20584,16534,16534,0,0,3299,0,0,19,0,0,0,0,0,0,0,0,0,0,0,0,0,0,0,0,0,0,0,0,0,0,0,0,0,0,0,0,0,0,710,24,0
1767051323.001093,1093,ubuntu-rog,1,0,0,10764725,0,1791048,2808329,503087,0,59,0,0,0,0,0,848004452,0,0,4907,847632612,0,0,1791048,2808329,503087,0,196945,111687,0,0,0,0,0,0,0,0,0,0,1786558,100281,3315986,59,0,0,4592,0,0,0,0,0,0,0,18110741,17080393,0,0,40639,40639,13920,11206,0,0,0,0,0,0,0,0,0,2791343,1393967,0,262144,5258950,85653385,0,0,1026,1025,860503637,0,0,0,0,0,0,0,0,0,0,0,0,871298809,0,7654,1850632,790615161,19969,0,0,35345137,0,0,0,0,0,0,0,0,0,0,0,0,0,0,0,0,0,0,0,7886,0,0,0,0,0,0,0,0,0,0,0,0,0,0,0,0,0,0,0,0,0,0,0,0,43596,4050,20584,16534,16534,0,0,3299,0,0,19,0,0,0,0,0,0,0,0,0,0,0,0,0,0,0,0,0,0,0,0,0,0,0,0,0,0,0,0,0,0,710,24,0
1767051324.001129,1129,ubuntu-rog,1,0,0,10762709,0,1792071,2808329,503087,0,55,0,0,0,0,0,848005469,0,0,4907,847633629,0,0,1792071,2808329,503087,0,196945,111687,0,0,0,0,0,0,0,0,0,0,1787581,100281,3315986,55,0,0,4592,0,0,0,0,0,0,0,18110741,17080397,0,0,40639,40639,13920,11208,0,0,0,0,0,0,0,0,0,2790940,1393766,0,262144,5258950,85653401,0,0,1026,1025,860504654,0,0,0,0,0,0,0,0,0,0,0,0,871298825,0,7654,1850632,790616160,19969,0,0,35345137,0,0,0,0,0,0,0,0,0,0,0,0,0,0,0,0,0,0,0,7886,0,0,0,0,0,0,0,0,0,0,0,0,0,0,0,0,0,0,0,0,0,0,0,0,43596,4050,20584,16534,16534,0,0,3299,0,0,19,0,0,0,0,0,0,0,0,0,0,0,0,0,0,0,0,0,0,0,0,0,0,0,0,0,0,0,0,0,0,710,24,0
1767051325.001148,1148,ubuntu-rog,1,0,0,10762709,0,1793032,2808329,503087,0,57,0,0,0,0,0,848006489,0,0,4907,847634649,0,0,1793032,2808329,503087,0,196945,111687,0,0,0,0,0,0,0,0,0,0,1788642,100281,3315988,57,0,0,4592,0,0,0,0,0,0,0,18110743,17080397,0,0,40639,40639,13920,11210,0,0,0,0,0,0,0,0,0,2790940,1393766,0,262144,5258950,85653401,0,0,1026,1025,860505674,0,0,0,0,0,0,0,0,0,0,0,0,871298842,0,7654,1850632,790617159,19969,0,0,35345137,0,0,0,0,0,0,0,0,0,0,0,0,0,0,0,0,0,0,0,7886,0,0,0,0,0,0,0,0,0,0,0,0,0,0,0,0,0,0,0,0,0,0,0,0,43596,4050,20584,16534,16534,0,0,3299,0,0,19,0,0,0,0,0,0,0,0,0,0,0,0,0,0,0,0,0,0,0,0,0,0,0,0,0,0,0,0,0,0,710,24,0
1767051326.001106,1106,ubuntu-rog,1,0,0,10760693,0,1794055,2808329,503087,0,57,0,0,0,0,0,848007506,0,0,4907,847635666,0,0,1794055,2808329,503087,0,196945,111687,0,0,0,0,0,0,0,0,0,0,1789563,100281,3315988,57,0,0,4592,0,0,0,0,0,0,0,18110743,17080397,0,0,40639,40639,13920,11212,0,0,0,0,0,0,0,0,0,2790537,1393565,0,262144,5258950,85653401,0,0,1026,1025,860506691,0,0,0,0,0,0,0,0,0,0,0,0,871298859,0,7654,1850632,790618157,19969,0,0,35345137,0,0,0,0,0,0,0,0,0,0,0,0,0,0,0,0,0,0,0,7886,0,0,0,0,0,0,0,0,0,0,0,0,0,0,0,0,0,0,0,0,0,0,0,0,43596,4050,20584,16534,16534,0,0,3299,0,0,19,0,0,0,0,0,0,0,0,0,0,0,0,0,0,0,0,0,0,0,0,0,0,0,0,0,0,0,0,0,0,710,24,0
1767051327.001142,1142,ubuntu-rog,1,0,0,10760693,0,1795060,2808329,503087,0,57,0,0,0,0,0,848008531,0,0,4907,847636691,0,0,1795060,2808329,503087,0,196945,111687,0,0,0,0,0,0,0,0,0,0,1790572,100281,3315988,57,0,0,4592,0,0,0,0,0,0,0,18110743,17080397,0,0,40639,40639,13920,11214,0,0,0,0,0,0,0,0,0,2790537,1393565,0,262144,5258950,85653429,0,0,1026,1025,860507716,0,0,0,0,0,0,0,0,0,0,0,0,871298894,0,7654,1850632,790619163,19969,0,0,35345137,0,0,0,0,0,0,0,0,0,0,0,0,0,0,0,0,0,0,0,7886,0,0,0,0,0,0,0,0,0,0,0,0,0,0,0,0,0,0,0,0,0,0,0,0,43596,4050,20584,16534,16534,0,0,3299,0,0,19,0,0,0,0,0,0,0,0,0,0,0,0,0,0,0,0,0,0,0,0,0,0,0,0,0,0,0,0,0,0,710,24,0
1767051328.001161,1161,ubuntu-rog,1,0,0,10758677,0,1796021,2808329,503087,0,59,0,0,0,0,0,848009545,0,0,4907,847637705,0,0,1796021,2808329,503087,0,196945,111687,0,0,0,0,0,0,0,0,0,0,1791531,100281,3315989,59,0,0,4592,0,0,0,0,0,0,0,18110745,17080397,0,0,40639,40639,13920,11216,0,0,0,0,0,0,0,0,0,2790134,1393363,0,262144,5258950,85653429,0,0,1026,1025,860508730,0,0,0,0,0,0,0,0,0,0,0,0,871298909,0,7654,1850632,790620160,19969,0,0,35345137,0,0,0,0,0,0,0,0,0,0,0,0,0,0,0,0,0,0,0,7886,0,0,0,0,0,0,0,0,0,0,0,0,0,0,0,0,0,0,0,0,0,0,0,0,43596,4050,20584,16534,16534,0,0,3299,0,0,19,0,0,0,0,0,0,0,0,0,0,0,0,0,0,0,0,0,0,0,0,0,0,0,0,0,0,0,0,0,0,710,24,0
1767051329.001098,1098,ubuntu-rog,1,0,0,10758677,0,1797044,2808329,503087,0,49,0,0,0,0,0,848010562,0,0,4907,847638722,0,0,1797044,2808329,503087,0,196945,111687,0,0,0,0,0,0,0,0,0,0,1792552,100281,3315989,49,0,0,4592,0,0,0,0,0,0,0,18110745,17080407,0,0,40639,40639,13920,11218,0,0,0,0,0,0,0,0,0,2790134,1393363,0,262144,5258950,85653469,0,0,1026,1025,860509754,0,0,0,0,0,0,0,0,0,0,0,0,871298925,0,7654,1850632,790621158,19969,0,0,35345137,0,0,0,0,0,0,0,0,0,0,0,0,0,0,0,0,0,0,0,7886,0,0,0,0,0,0,0,0,0,0,0,0,0,0,0,0,0,0,0,0,0,0,0,0,43596,4050,20584,16534,16534,0,0,3299,0,0,19,0,0,0,0,0,0,0,0,0,0,0,0,0,0,0,0,0,0,0,0,0,0,0,0,0,0,0,0,0,0,710,24,0
1767051330.001147,1147,ubuntu-rog,1,0,0,10756661,0,1798075,2808329,503087,0,49,0,0,0,0,0,848011577,0,0,4907,847639737,0,0,1798075,2808329,503087,0,196945,111687,0,0,0,0,0,0,0,0,0,0,1793611,100281,3315989,49,0,0,4592,0,0,0,0,0,0,0,18110745,17080407,0,0,40639,40639,13920,11220,0,0,0,0,0,0,0,0,0,2789731,1393162,0,262144,5258950,85653469,0,0,1026,1025,860510769,0,0,0,0,0,0,0,0,0,0,0,0,871298948,0,7654,1850632,790622156,19969,0,0,35345137,0,0,0,0,0,0,0,0,0,0,0,0,0,0,0,0,0,0,0,7886,0,0,0,0,0,0,0,0,0,0,0,0,0,0,0,0,0,0,0,0,0,0,0,0,43596,4050,20584,16534,16534,0,0,3299,0,0,19,0,0,0,0,0,0,0,0,0,0,0,0,0,0,0,0,0,0,0,0,0,0,0,0,0,0,0,0,0,0,710,24,0
1767051331.001140,1140,ubuntu-rog,1,0,0,10756661,0,1798997,2808329,503087,0,50,0,0,0,0,0,848012596,0,0,4907,847640756,0,0,1798997,2808329,503087,0,196945,111687,0,0,0,0,0,0,0,0,0,0,1794532,100281,3315990,50,0,0,4592,0,0,0,0,0,0,0,18110746,17080407,0,0,40639,40639,13920,11222,0,0,0,0,0,0,0,0,0,2789731,1393162,0,262144,5258950,85653469,0,0,1026,1025,860511788,0,0,0,0,0,0,0,0,0,0,0,0,871298965,0,7654,1850632,790623155,19969,0,0,35345137,0,0,0,0,0,0,0,0,0,0,0,0,0,0,0,0,0,0,0,7886,0,0,0,0,0,0,0,0,0,0,0,0,0,0,0,0,0,0,0,0,0,0,0,0,43596,4050,20584,16534,16534,0,0,3299,0,0,19,0,0,0,0,0,0,0,0,0,0,0,0,0,0,0,0,0,0,0,0,0,0,0,0,0,0,0,0,0,0,710,24,0
1767051332.001074,1074,ubuntu-rog,1,0,0,10754645,0,1800020,2808329,503087,0,54,0,0,0,0,0,848013615,0,0,4907,847641775,0,0,1800020,2808329,503087,0,196945,111687,0,0,0,0,0,0,0,0,0,0,1795555,100281,3315992,54,0,0,4592,0,0,0,0,0,0,0,18110750,17080407,0,0,40639,40639,13920,11224,0,0,0,0,0,0,0,0,0,2789328,1392961,0,262144,5258950,85653497,0,0,1026,1025,860512807,0,0,0,0,0,0,0,0,0,0,0,0,871298981,0,7654,1850632,790624153,19969,0,0,35345137,0,0,0,0,0,0,0,0,0,0,0,0,0,0,0,0,0,0,0,7886,0,0,0,0,0,0,0,0,0,0,0,0,0,0,0,0,0,0,0,0,0,0,0,0,43596,4050,20584,16534,16534,0,0,3299,0,0,19,0,0,0,0,0,0,0,0,0,0,0,0,0,0,0,0,0,0,0,0,0,0,0,0,0,0,0,0,0,0,710,24,0
1767051333.001117,1117,ubuntu-rog,1,0,0,10754645,0,1800981,2808346,503087,0,15,0,0,0,0,0,848014633,0,0,4907,847642793,0,0,1800981,2808346,503087,0,196945,111687,0,0,0,0,0,0,0,0,0,0,1796614,100281,3315993,15,0,0,4592,0,0,0,0,0,0,0,18110751,17080447,0,0,40639,40639,13920,11225,0,0,0,0,0,0,0,0,0,2789331,1392962,0,262144,5258950,85653657,0,0,1026,1025,860513825,0,0,0,0,0,0,0,0,0,0,0,0,871298998,0,7654,1850632,790625152,19969,0,0,35345137,0,0,0,0,0,0,0,0,0,0,0,0,0,0,0,0,0,0,0,7886,0,0,0,0,0,0,0,0,0,0,0,0,0,0,0,0,0,0,0,0,0,0,0,0,43596,4050,20584,16534,16534,0,0,3299,0,0,19,0,0,0,0,0,0,0,0,0,0,0,0,0,0,0,0,0,0,0,0,0,0,0,0,0,0,0,0,0,0,710,24,0
1767051334.001139,1139,ubuntu-rog,1,0,0,10752629,0,1802004,2808346,503087,0,15,0,0,0,0,0,848015650,0,0,4907,847643810,0,0,1802004,2808346,503087,0,196945,111687,0,0,0,0,0,0,0,0,0,0,1797536,100281,3315993,15,0,0,4592,0,0,0,0,0,0,0,18110751,17080447,0,0,40639,40639,13920,11227,0,0,0,0,0,0,0,0,0,2788928,1392761,0,262144,5258950,85653657,0,0,1026,1025,860514842,0,0,0,0,0,0,0,0,0,0,0,0,871299015,0,7654,1850632,790626150,19969,0,0,35345137,0,0,0,0,0,0,0,0,0,0,0,0,0,0,0,0,0,0,0,7886,0,0,0,0,0,0,0,0,0,0,0,0,0,0,0,0,0,0,0,0,0,0,0,0,43596,4050,20584,16534,16534,0,0,3299,0,0,19,0,0,0,0,0,0,0,0,0,0,0,0,0,0,0,0,0,0,0,0,0,0,0,0,0,0,0,0,0,0,710,24,0
1767051335.001075,1075,ubuntu-rog,1,0,0,10752629,0,1803027,2808346,503087,0,15,0,0,0,0,0,848016668,0,0,4907,847644828,0,0,1803027,2808346,503087,0,196945,111687,0,0,0,0,0,0,0,0,0,0,1798558,100281,3315993,15,0,0,4592,0,0,0,0,0,0,0,18110751,17080447,0,0,40639,40639,13920,11229,0,0,0,0,0,0,0,0,0,2788928,1392761,0,262144,5258950,85653657,0,0,1026,1025,860515860,0,0,0,0,0,0,0,0,0,0,0,0,871299032,0,7654,1850632,790627149,19969,0,0,35345137,0,0,0,0,0,0,0,0,0,0,0,0,0,0,0,0,0,0,0,7886,0,0,0,0,0,0,0,0,0,0,0,0,0,0,0,0,0,0,0,0,0,0,0,0,43596,4050,20584,16534,16534,0,0,3299,0,0,19,0,0,0,0,0,0,0,0,0,0,0,0,0,0,0,0,0,0,0,0,0,0,0,0,0,0,0,0,0,0,710,24,0
1767051336.001121,1121,ubuntu-rog,1,0,0,10750613,0,1803988,2808346,503087,0,16,0,0,0,0,0,848017685,0,0,4907,847645845,0,0,1803988,2808346,503087,0,196945,111687,0,0,0,0,0,0,0,0,0,0,1799516,100281,3315994,16,0,0,4592,0,0,0,0,0,0,0,18110752,17080447,0,0,40639,40639,13920,11231,0,0,0,0,0,0,0,0,0,2788525,1392560,0,262144,5258950,85653657,0,0,1026,1025,860516877,0,0,0,0,0,0,0,0,0,0,0,0,871299048,0,7654,1850632,790628147,19969,0,0,35345137,0,0,0,0,0,0,0,0,0,0,0,0,0,0,0,0,0,0,0,7886,0,0,0,0,0,0,0,0,0,0,0,0,0,0,0,0,0,0,0,0,0,0,0,0,43596,4050,20584,16534,16534,0,0,3299,0,0,19,0,0,0,0,0,0,0,0,0,0,0,0,0,0,0,0,0,0,0,0,0,0,0,0,0,0,0,0,0,0,710,24,0
1767051337.001138,1138,ubuntu-rog,1,0,0,10750613,0,1805011,2808346,503087,0,16,0,0,0,0,0,848018722,0,0,4907,847646882,0,0,1805011,2808346,503087,0,196945,111687,0,0,0,0,0,0,0,0,0,0,1800541,100281,3315994,16,0,0,4592,0,0,0,0,0,0,0,18110752,17080447,0,0,40639,40639,13920,11233,0,0,0,0,0,0,0,0,0,2788525,1392560,0,262144,5258950,85653673,0,0,1026,1025,860517921,0,0,0,0,0,0,0,0,0,0,0,0,871299067,0,7654,1850632,790629161,19969,0,0,35345137,0,0,0,0,0,0,0,0,0,0,0,0,0,0,0,0,0,0,0,7886,0,0,0,0,0,0,0,0,0,0,0,0,0,0,0,0,0,0,0,0,0,0,0,0,43596,4050,20584,16534,16534,0,0,3299,0,0,19,0,0,0,0,0,0,0,0,0,0,0,0,0,0,0,0,0,0,0,0,0,0,0,0,0,0,0,0,0,0,710,24,0
1767051338.001076,1076,ubuntu-rog,1,0,0,10748597,0,1806003,2808347,503087,0,17,0,0,0,0,0,848019738,0,0,4907,847647898,0,0,1806003,2808347,503087,0,196945,111687,0,0,0,0,0,0,0,0,0,0,1801614,100281,3315996,17,0,0,4592,0,0,0,0,0,0,0,18110753,17080447,0,0,40639,40639,13920,11235,0,0,0,0,0,0,0,0,0,2788122,1392359,0,262144,5258950,85653673,0,0,1026,1025,860518937,0,0,0,0,0,0,0,0,0,0,0,0,871299090,0,7654,1850632,790630159,19969,0,0,35345137,0,0,0,0,0,0,0,0,0,0,0,0,0,0,0,0,0,0,0,7886,0,0,0,0,0,0,0,0,0,0,0,0,0,0,0,0,0,0,0,0,0,0,0,0,43596,4050,20584,16534,16534,0,0,3299,0,0,19,0,0,0,0,0,0,0,0,0,0,0,0,0,0,0,0,0,0,0,0,0,0,0,0,0,0,0,0,0,0,710,24,0
1767051339.001117,1117,ubuntu-rog,1,0,0,10748597,0,1807026,2808347,503087,0,18,0,0,0,0,0,848020753,0,0,4907,847648913,0,0,1807026,2808347,503087,0,196945,111687,0,0,0,0,0,0,0,0,0,0,1802535,100281,3315997,18,0,0,4592,0,0,0,0,0,0,0,18110754,17080447,0,0,40639,40639,13920,11237,0,0,0,0,0,0,0,0,0,2788122,1392359,0,262144,5258950,85653673,0,0,1026,1025,860519952,0,0,0,0,0,0,0,0,0,0,0,0,871299105,0,7654,1850632,790631156,19969,0,0,35345137,0,0,0,0,0,0,0,0,0,0,0,0,0,0,0,0,0,0,0,7886,0,0,0,0,0,0,0,0,0,0,0,0,0,0,0,0,0,0,0,0,0,0,0,0,43596,4050,20584,16534,16534,0,0,3299,0,0,19,0,0,0,0,0,0,0,0,0,0,0,0,0,0,0,0,0,0,0,0,0,0,0,0,0,0,0,0,0,0,710,24,0
1767051340.001139,1139,ubuntu-rog,1,0,0,10746581,0,1808018,2808347,503087,0,18,0,0,0,0,0,848021770,0,0,4907,847649930,0,0,1808018,2808347,503087,0,196945,111687,0,0,0,0,0,0,0,0,0,0,1803555,100281,3315997,18,0,0,4592,0,0,0,0,0,0,0,18110754,17080447,0,0,40639,40639,13920,11239,0,0,0,0,0,0,0,0,0,2787719,1392157,0,262144,5258950,85653673,0,0,1026,1025,860520969,0,0,0,0,0,0,0,0,0,0,0,0,871299123,0,7654,1850632,790632153,19969,0,0,35345137,0,0,0,0,0,0,0,0,0,0,0,0,0,0,0,0,0,0,0,7886,0,0,0,0,0,0,0,0,0,0,0,0,0,0,0,0,0,0,0,0,0,0,0,0,43596,4050,20584,16534,16534,0,0,3299,0,0,19,0,0,0,0,0,0,0,0,0,0,0,0,0,0,0,0,0,0,0,0,0,0,0,0,0,0,0,0,0,0,710,24,0
1767051341.001073,1073,ubuntu-rog,1,0,0,10746581,0,1808979,2808347,503087,0,18,0,0,0,0,0,848022785,0,0,4907,847650945,0,0,1808979,2808347,503087,0,196945,111687,0,0,0,0,0,0,0,0,0,0,1804613,100281,3315997,18,0,0,4592,0,0,0,0,0,0,0,18110754,17080447,0,0,40639,40639,13920,11241,0,0,0,0,0,0,0,0,0,2787719,1392157,0,262144,5258950,85653673,0,0,1026,1025,860521984,0,0,0,0,0,0,0,0,0,0,0,0,871299139,0,7654,1850632,790633150,19969,0,0,35345137,0,0,0,0,0,0,0,0,0,0,0,0,0,0,0,0,0,0,0,7886,0,0,0,0,0,0,0,0,0,0,0,0,0,0,0,0,0,0,0,0,0,0,0,0,43596,4050,20584,16534,16534,0,0,3299,0,0,19,0,0,0,0,0,0,0,0,0,0,0,0,0,0,0,0,0,0,0,0,0,0,0,0,0,0,0,0,0,0,710,24,0
1767051342.001118,1118,ubuntu-rog,1,0,0,10744565,0,1810002,2808347,503087,0,18,0,0,0,0,0,848023810,0,0,4907,847651970,0,0,1810002,2808347,503087,0,196945,111685,0,0,0,0,0,0,0,0,0,0,1805533,100281,3315997,18,0,0,4592,0,0,0,0,0,0,0,18110754,17080447,0,0,40639,40639,13920,11243,0,0,0,0,0,0,0,0,0,2787316,1391956,0,262144,5258950,85653689,0,0,1026,1025,860523009,0,0,0,0,0,0,0,0,0,0,0,0,871299165,0,7654,1850632,790634148,19969,0,0,35345138,0,0,0,0,0,0,0,0,0,0,0,0,0,0,0,0,0,0,0,7886,0,0,0,0,0,0,0,0,0,0,0,0,0,0,0,0,0,0,0,0,0,0,0,0,43596,4050,20584,16534,16534,0,0,3299,0,0,19,0,0,0,0,0,0,0,0,0,0,0,0,0,0,0,0,0,0,0,0,0,0,0,0,0,0,0,0,0,0,710,24,0
1767051343.001125,1125,ubuntu-rog,1,0,0,10744565,0,1811025,2808349,503087,0,19,0,0,0,0,0,848024828,0,0,4907,847652988,0,0,1811025,2808349,503087,0,196945,111685,0,0,0,0,0,0,0,0,0,0,1806554,100281,3316000,19,0,0,4592,0,0,0,0,0,0,0,18110755,17080447,0,0,40639,40639,13920,11245,0,0,0,0,0,0,0,0,0,2787316,1391956,0,262144,5258950,85653689,0,0,1026,1025,860524027,0,0,0,0,0,0,0,0,0,0,0,0,871299182,0,7654,1850632,790635146,19969,0,0,35345138,0,0,0,0,0,0,0,0,0,0,0,0,0,0,0,0,0,0,0,7886,0,0,0,0,0,0,0,0,0,0,0,0,0,0,0,0,0,0,0,0,0,0,0,0,43596,4050,20584,16534,16534,0,0,3299,0,0,19,0,0,0,0,0,0,0,0,0,0,0,0,0,0,0,0,0,0,0,0,0,0,0,0,0,0,0,0,0,0,710,24,0
1767051344.001072,1072,ubuntu-rog,1,0,0,10742549,0,1811986,2808349,503087,0,21,0,0,0,0,0,848025847,0,0,4907,847654007,0,0,1811986,2808349,503087,0,196945,111685,0,0,0,0,0,0,0,0,0,0,1807512,100281,3316002,21,0,0,4592,0,0,0,0,0,0,0,18110757,17080447,0,0,40639,40639,13920,11247,0,0,0,0,0,0,0,0,0,2786913,1391755,0,262144,5258950,85653689,0,0,1026,1025,860525046,0,0,0,0,0,0,0,0,0,0,0,0,871299200,0,7654,1850632,790636143,19969,0,0,35345138,0,0,0,0,0,0,0,0,0,0,0,0,0,0,0,0,0,0,0,7886,0,0,0,0,0,0,0,0,0,0,0,0,0,0,0,0,0,0,0,0,0,0,0,0,43596,4050,20584,16534,16534,0,0,3299,0,0,19,0,0,0,0,0,0,0,0,0,0,0,0,0,0,0,0,0,0,0,0,0,0,0,0,0,0,0,0,0,0,710,24,0
1767051345.001117,1117,ubuntu-rog,1,0,0,10742549,0,1813009,2808349,503087,0,21,0,0,0,0,0,848026864,0,0,4907,847655024,0,0,1813009,2808349,503087,0,196945,111685,0,0,0,0,0,0,0,0,0,0,1808534,100281,3316002,21,0,0,4592,0,0,0,0,0,0,0,18110757,17080447,0,0,40639,40639,13920,11249,0,0,0,0,0,0,0,0,0,2786913,1391755,0,262144,5258950,85653689,0,0,1026,1025,860526070,0,0,0,0,0,0,0,0,0,0,0,0,871299216,0,7654,1850632,790637141,19969,0,0,35345138,0,0,0,0,0,0,0,0,0,0,0,0,0,0,0,0,0,0,0,7886,0,0,0,0,0,0,0,0,0,0,0,0,0,0,0,0,0,0,0,0,0,0,0,0,43596,4050,20584,16534,16534,0,0,3299,0,0,19,0,0,0,0,0,0,0,0,0,0,0,0,0,0,0,0,0,0,0,0,0,0,0,0,0,0,0,0,0,0,710,24,0
1767051346.001138,1138,ubuntu-rog,1,0,0,10740533,0,1813970,2808349,503087,0,21,0,0,0,0,0,848027880,0,0,4907,847656040,0,0,1813970,2808349,503087,0,196945,111685,0,0,0,0,0,0,0,0,0,0,1809592,100281,3316002,21,0,0,4592,0,0,0,0,0,0,0,18110757,17080447,0,0,40639,40639,13920,11251,0,0,0,0,0,0,0,0,0,2786510,1391554,0,262144,5258950,85653689,0,0,1026,1025,860527086,0,0,0,0,0,0,0,0,0,0,0,0,871299241,0,7654,1850632,790638138,19969,0,0,35345138,0,0,0,0,0,0,0,0,0,0,0,0,0,0,0,0,0,0,0,7886,0,0,0,0,0,0,0,0,0,0,0,0,0,0,0,0,0,0,0,0,0,0,0,0,43596,4050,20584,16534,16534,0,0,3299,0,0,19,0,0,0,0,0,0,0,0,0,0,0,0,0,0,0,0,0,0,0,0,0,0,0,0,0,0,0,0,0,0,710,24,0
1767051347.001074,1074,ubuntu-rog,1,0,0,10740533,0,1814993,2808349,503087,0,22,0,0,0,0,0,848028949,0,0,4907,847657109,0,0,1814993,2808349,503087,0,196945,111685,0,0,0,0,0,0,0,0,0,0,1810512,100281,3316003,22,0,0,4592,0,0,0,0,0,0,0,18110758,17080447,0,0,40639,40639,13920,11253,0,0,0,0,0,0,0,0,0,2786510,1391554,0,262144,5258950,85653709,0,0,1026,1025,860528155,0,0,0,0,0,0,0,0,0,0,0,0,871299287,0,7654,1850632,790639208,19969,0,0,35345138,0,0,0,0,0,0,0,0,0,0,0,0,0,0,0,0,0,0,0,7886,0,0,0,0,0,0,0,0,0,0,0,0,0,0,0,0,0,0,0,0,0,0,0,0,43596,4050,20584,16534,16534,0,0,3299,0,0,19,0,0,0,0,0,0,0,0,0,0,0,0,0,0,0,0,0,0,0,0,0,0,0,0,0,0,0,0,0,0,710,24,0
1767051348.001117,1117,ubuntu-rog,1,0,0,10738517,0,1816045,2808351,503087,0,22,0,0,0,0,0,848029964,0,0,4907,847658124,0,0,1816045,2808351,503087,0,196945,111685,0,0,0,0,0,0,0,0,0,0,1811534,100281,3316005,22,0,0,4592,0,0,0,0,0,0,0,18110758,17080447,0,0,40639,40639,13920,11255,0,0,0,0,0,0,0,0,0,2786107,1391352,0,262144,5258950,85653709,0,0,1026,1025,860529170,0,0,0,0,0,0,0,0,0,0,0,0,871299302,0,7654,1850632,790640207,19969,0,0,35345138,0,0,0,0,0,0,0,0,0,0,0,0,0,0,0,0,0,0,0,7886,0,0,0,0,0,0,0,0,0,0,0,0,0,0,0,0,0,0,0,0,0,0,0,0,43596,4050,20584,16534,16534,0,0,3299,0,0,19,0,0,0,0,0,0,0,0,0,0,0,0,0,0,0,0,0,0,0,0,0,0,0,0,0,0,0,0,0,0,710,24,0
1767051349.001115,1115,ubuntu-rog,1,0,0,10738517,0,1817006,2808351,503087,0,22,0,0,0,0,0,848030980,0,0,4907,847659140,0,0,1817006,2808351,503087,0,196945,111685,0,0,0,0,0,0,0,0,0,0,1812493,100281,3316005,22,0,0,4592,0,0,0,0,0,0,0,18110758,17080447,0,0,40639,40639,13920,11257,0,0,0,0,0,0,0,0,0,2786107,1391352,0,262144,5258950,85653733,0,0,1026,1025,860530186,0,0,0,0,0,0,0,0,0,0,0,0,871299319,0,7654,1850632,790641204,19969,0,0,35345138,0,0,0,0,0,0,0,0,0,0,0,0,0,0,0,0,0,0,0,7886,0,0,0,0,0,0,0,0,0,0,0,0,0,0,0,0,0,0,0,0,0,0,0,0,43596,4050,20584,16534,16534,0,0,3299,0,0,19,0,0,0,0,0,0,0,0,0,0,0,0,0,0,0,0,0,0,0,0,0,0,0,0,0,0,0,0,0,0,710,24,0
1767051350.001064,1064,ubuntu-rog,1,0,0,10736501,0,1818029,2808358,503087,0,18,0,0,0,0,0,848031995,0,0,4907,847660155,0,0,1818029,2808358,503087,0,196945,111685,0,0,0,0,0,0,0,0,0,0,1813513,100281,3316006,18,0,0,4592,0,0,0,0,0,0,0,18110760,17080453,0,0,40639,40639,13920,11259,0,0,0,0,0,0,0,0,0,2785706,1391152,0,262144,5258950,85653733,0,0,1026,1025,860531201,0,0,0,0,0,0,0,0,0,0,0,0,871299334,0,7654,1850632,790642201,19969,0,0,35345138,0,0,0,0,0,0,0,0,0,0,0,0,0,0,0,0,0,0,0,7886,0,0,0,0,0,0,0,0,0,0,0,0,0,0,0,0,0,0,0,0,0,0,0,0,43596,4050,20584,16534,16534,0,0,3299,0,0,19,0,0,0,0,0,0,0,0,0,0,0,0,0,0,0,0,0,0,0,0,0,0,0,0,0,0,0,0,0,0,710,24,0
1767051351.001120,1120,ubuntu-rog,1,0,0,10736501,0,1819052,2808358,503087,0,19,0,0,0,0,0,848033012,0,0,4907,847661172,0,0,1819052,2808358,503087,0,196945,111685,0,0,0,0,0,0,0,0,0,0,1814534,100281,3316007,19,0,0,4592,0,0,0,0,0,0,0,18110761,17080453,0,0,40639,40639,13920,11261,0,0,0,0,0,0,0,0,0,2785706,1391152,0,262144,5258950,85653733,0,0,1026,1025,860532218,0,0,0,0,0,0,0,0,0,0,0,0,871299351,0,7654,1850632,790643198,19969,0,0,35345138,0,0,0,0,0,0,0,0,0,0,0,0,0,0,0,0,0,0,0,7886,0,0,0,0,0,0,0,0,0,0,0,0,0,0,0,0,0,0,0,0,0,0,0,0,43596,4050,20584,16534,16534,0,0,3299,0,0,19,0,0,0,0,0,0,0,0,0,0,0,0,0,0,0,0,0,0,0,0,0,0,0,0,0,0,0,0,0,0,710,24,0
1767051352.001138,1138,ubuntu-rog,1,0,0,10734582,0,1819982,2808358,503087,0,19,0,0,0,0,0,848034029,0,0,4907,847662189,0,0,1819982,2808358,503087,0,196945,111685,0,0,0,0,0,0,0,0,0,0,1815492,100281,3316007,19,0,0,4592,0,0,0,0,0,0,0,18110761,17080453,0,0,40639,40639,13920,11262,0,0,0,0,0,0,0,0,0,2785322,1390960,0,262144,5258950,85653761,0,0,1026,1025,860533242,0,0,0,0,0,0,0,0,0,0,0,0,871299367,0,7654,1850632,790644195,19969,0,0,35345138,0,0,0,0,0,0,0,0,0,0,0,0,0,0,0,0,0,0,0,7886,0,0,0,0,0,0,0,0,0,0,0,0,0,0,0,0,0,0,0,0,0,0,0,0,43596,4050,20584,16534,16534,0,0,3299,0,0,19,0,0,0,0,0,0,0,0,0,0,0,0,0,0,0,0,0,0,0,0,0,0,0,0,0,0,0,0,0,0,710,24,0
1767051353.001073,1073,ubuntu-rog,1,0,0,10734485,0,1821036,2808359,503087,0,12,0,0,0,0,0,848035053,0,0,4907,847663213,0,0,1821036,2808359,503087,0,196945,111685,0,0,0,0,0,0,0,0,0,0,1816521,100281,3316008,12,0,0,4592,0,0,0,0,0,0,0,18110761,17080460,0,0,40639,40639,13920,11264,0,0,0,0,0,0,0,0,0,2785303,1390951,0,262144,5258950,85653789,0,0,1026,1025,860534266,0,0,0,0,0,0,0,0,0,0,0,0,871299391,0,7654,1850632,790645201,19969,0,0,35345138,0,0,0,0,0,0,0,0,0,0,0,0,0,0,0,0,0,0,0,7886,0,0,0,0,0,0,0,0,0,0,0,0,0,0,0,0,0,0,0,0,0,0,0,0,43596,4050,20584,16534,16534,0,0,3299,0,0,19,0,0,0,0,0,0,0,0,0,0,0,0,0,0,0,0,0,0,0,0,0,0,0,0,0,0,0,0,0,0,710,24,0
1767051354.001120,1120,ubuntu-rog,1,0,0,10732566,0,1821997,2808359,503087,0,13,0,0,0,0,0,848036070,0,0,4907,847664230,0,0,1821997,2808359,503087,0,196945,111685,0,0,0,0,0,0,0,0,0,0,1817579,100281,3316009,13,0,0,4592,0,0,0,0,0,0,0,18110762,17080460,0,0,40639,40639,13920,11266,0,0,0,0,0,0,0,0,0,2784919,1390759,0,262144,5258950,85653789,0,0,1026,1025,860535283,0,0,0,0,0,0,0,0,0,0,0,0,871299408,0,7654,1850632,790646198,19969,0,0,35345138,0,0,0,0,0,0,0,0,0,0,0,0,0,0,0,0,0,0,0,7886,0,0,0,0,0,0,0,0,0,0,0,0,0,0,0,0,0,0,0,0,0,0,0,0,43596,4050,20584,16534,16534,0,0,3299,0,0,19,0,0,0,0,0,0,0,0,0,0,0,0,0,0,0,0,0,0,0,0,0,0,0,0,0,0,0,0,0,0,710,24,0
1767051355.001128,1128,ubuntu-rog,1,0,0,10732469,0,1823020,2808359,503087,0,13,0,0,0,0,0,848037089,0,0,4907,847665249,0,0,1823020,2808359,503087,0,196945,111685,0,0,0,0,0,0,0,0,0,0,1818500,100281,3316009,13,0,0,4592,0,0,0,0,0,0,0,18110762,17080460,0,0,40639,40639,13920,11268,0,0,0,0,0,0,0,0,0,2784900,1390749,0,262144,5258950,85653789,0,0,1026,1025,860536302,0,0,0,0,0,0,0,0,0,0,0,0,871299427,0,7654,1850632,790647196,19969,0,0,35345138,0,0,0,0,0,0,0,0,0,0,0,0,0,0,0,0,0,0,0,7886,0,0,0,0,0,0,0,0,0,0,0,0,0,0,0,0,0,0,0,0,0,0,0,0,43596,4050,20584,16534,16534,0,0,3299,0,0,19,0,0,0,0,0,0,0,0,0,0,0,0,0,0,0,0,0,0,0,0,0,0,0,0,0,0,0,0,0,0,710,24,0
1767051356.001072,1072,ubuntu-rog,1,0,0,10730550,0,1824043,2808359,503087,0,13,0,0,0,0,0,848038107,0,0,4907,847666267,0,0,1824043,2808359,503087,0,196945,111685,0,0,0,0,0,0,0,0,0,0,1819525,100281,3316009,13,0,0,4592,0,0,0,0,0,0,0,18110762,17080460,0,0,40639,40639,13920,11270,0,0,0,0,0,0,0,0,0,2784516,1390558,0,262144,5258950,85653789,0,0,1026,1025,860537320,0,0,0,0,0,0,0,0,0,0,0,0,871299442,0,7654,1850632,790648197,19969,0,0,35345138,0,0,0,0,0,0,0,0,0,0,0,0,0,0,0,0,0,0,0,7886,0,0,0,0,0,0,0,0,0,0,0,0,0,0,0,0,0,0,0,0,0,0,0,0,43596,4050,20584,16534,16534,0,0,3299,0,0,19,0,0,0,0,0,0,0,0,0,0,0,0,0,0,0,0,0,0,0,0,0,0,0,0,0,0,0,0,0,0,710,24,0
1767051357.001118,1118,ubuntu-rog,1,0,0,10730453,0,1824973,2808359,503087,0,15,0,0,0,0,0,848039126,0,0,4907,847667286,0,0,1824973,2808359,503087,0,196945,111685,0,0,0,0,0,0,0,0,0,0,1820583,100281,3316011,15,0,0,4592,0,0,0,0,0,0,0,18110764,17080460,0,0,40639,40639,13920,11272,0,0,0,0,0,0,0,0,0,2784497,1390548,0,262144,5258950,85653805,0,0,1026,1025,860538339,0,0,0,0,0,0,0,0,0,0,0,0,871299458,0,7654,1850632,790649194,19969,0,0,35345138,0,0,0,0,0,0,0,0,0,0,0,0,0,0,0,0,0,0,0,7886,0,0,0,0,0,0,0,0,0,0,0,0,0,0,0,0,0,0,0,0,0,0,0,0,43596,4050,20584,16534,16534,0,0,3299,0,0,19,0,0,0,0,0,0,0,0,0,0,0,0,0,0,0,0,0,0,0,0,0,0,0,0,0,0,0,0,0,0,710,24,0
1767051358.001139,1139,ubuntu-rog,1,0,0,10728534,0,1825996,2808361,503087,0,17,0,0,0,0,0,848040158,0,0,4907,847668318,0,0,1825996,2808361,503087,0,196945,111685,0,0,0,0,0,0,0,0,0,0,1821504,100281,3316014,17,0,0,4592,0,0,0,0,0,0,0,18110766,17080460,0,0,40639,40639,13920,11274,0,0,0,0,0,0,0,0,0,2784113,1390357,0,262144,5258950,85653805,0,0,1026,1025,860539371,0,0,0,0,0,0,0,0,0,0,0,0,871299489,0,7654,1850632,790650192,19969,0,0,35345138,0,0,0,0,0,0,0,0,0,0,0,0,0,0,0,0,0,0,0,7886,0,0,0,0,0,0,0,0,0,0,0,0,0,0,0,0,0,0,0,0,0,0,0,0,43596,4050,20584,16534,16534,0,0,3299,0,0,19,0,0,0,0,0,0,0,0,0,0,0,0,0,0,0,0,0,0,0,0,0,0,0,0,0,0,0,0,0,0,710,24,0
1767051359.001074,1074,ubuntu-rog,1,0,0,10728437,0,1827019,2808361,503087,0,17,0,0,0,0,0,848041176,0,0,4907,847669336,0,0,1827019,2808361,503087,0,196945,111685,0,0,0,0,0,0,0,0,0,0,1822525,100281,3316014,17,0,0,4592,0,0,0,0,0,0,0,18110766,17080460,0,0,40639,40639,13920,11276,0,0,0,0,0,0,0,0,0,2784094,1390347,0,262144,5258950,85653805,0,0,1026,1025,860540389,0,0,0,0,0,0,0,0,0,0,0,0,871299508,0,7654,1850632,790651189,19969,0,0,35345138,0,0,0,0,0,0,0,0,0,0,0,0,0,0,0,0,0,0,0,7886,0,0,0,0,0,0,0,0,0,0,0,0,0,0,0,0,0,0,0,0,0,0,0,0,43596,4050,20584,16534,16534,0,0,3299,0,0,19,0,0,0,0,0,0,0,0,0,0,0,0,0,0,0,0,0,0,0,0,0,0,0,0,0,0,0,0,0,0,710,24,0
1767051360.001103,1103,ubuntu-rog,1,0,0,10726518,0,1827980,2808361,503087,0,17,0,0,0,0,0,848042191,0,0,4907,847670351,0,0,1827980,2808361,503087,0,196945,111685,0,0,0,0,0,0,0,0,0,0,1823482,100281,3316014,17,0,0,4592,0,0,0,0,0,0,0,18110766,17080460,0,0,40639,40639,13920,11278,0,0,0,0,0,0,0,0,0,2783710,1390155,0,262144,5258950,85653805,0,0,1026,1025,860541411,0,0,0,0,0,0,0,0,0,0,0,0,871299524,0,7654,1850632,790652186,19969,0,0,35345138,0,0,0,0,0,0,0,0,0,0,0,0,0,0,0,0,0,0,0,7886,0,0,0,0,0,0,0,0,0,0,0,0,0,0,0,0,0,0,0,0,0,0,0,0,43596,4050,20584,16534,16534,0,0,3299,0,0,19,0,0,0,0,0,0,0,0,0,0,0,0,0,0,0,0,0,0,0,0,0,0,0,0,0,0,0,0,0,0,710,24,0
1767051361.001139,1139,ubuntu-rog,1,0,0,10726421,0,1829003,2808361,503087,0,17,0,0,0,0,0,848043214,0,0,4907,847671374,0,0,1829003,2808361,503087,0,196945,111685,0,0,0,0,0,0,0,0,0,0,1824510,100281,3316014,17,0,0,4592,0,0,0,0,0,0,0,18110766,17080460,0,0,40639,40639,13920,11280,0,0,0,0,0,0,0,0,0,2783691,1390146,0,262144,5258950,85653805,0,0,1026,1025,860542434,0,0,0,0,0,0,0,0,0,0,0,0,871299548,0,7654,1850632,790653190,19969,0,0,35345138,0,0,0,0,0,0,0,0,0,0,0,0,0,0,0,0,0,0,0,7886,0,0,0,0,0,0,0,0,0,0,0,0,0,0,0,0,0,0,0,0,0,0,0,0,43596,4050,20584,16534,16534,0,0,3299,0,0,19,0,0,0,0,0,0,0,0,0,0,0,0,0,0,0,0,0,0,0,0,0,0,0,0,0,0,0,0,0,0,710,24,0
1767051362.001073,1073,ubuntu-rog,1,0,0,10724502,0,1830065,2808361,503087,0,18,0,0,0,0,0,848044233,0,0,4907,847672393,0,0,1830065,2808361,503087,0,196945,111685,0,0,0,0,0,0,0,0,0,0,1825569,100281,3316015,18,0,0,4592,0,0,0,0,0,0,0,18110767,17080460,0,0,40639,40639,13920,11282,0,0,0,0,0,0,0,0,0,2783307,1389954,0,262144,5258950,85653821,0,0,1026,1025,860543453,0,0,0,0,0,0,0,0,0,0,0,0,871299563,0,7654,1850632,790654191,19969,0,0,35345140,0,0,0,0,0,0,0,0,0,0,0,0,0,0,0,0,0,0,0,7886,0,0,0,0,0,0,0,0,0,0,0,0,0,0,0,0,0,0,0,0,0,0,0,0,43596,4050,20584,16534,16534,0,0,3299,0,0,19,0,0,0,0,0,0,0,0,0,0,0,0,0,0,0,0,0,0,0,0,0,0,0,0,0,0,0,0,0,0,710,24,0
1767051363.001118,1118,ubuntu-rog,1,0,0,10724405,0,1830987,2808363,503087,0,19,0,0,0,0,0,848045250,0,0,4907,847673410,0,0,1830987,2808363,503087,0,196945,111685,0,0,0,0,0,0,0,0,0,0,1826491,100281,3316018,19,0,0,4592,0,0,0,0,0,0,0,18110768,17080460,0,0,40639,40639,13920,11284,0,0,0,0,0,0,0,0,0,2783288,1389945,0,262144,5258950,85653821,0,0,1026,1025,860544470,0,0,0,0,0,0,0,0,0,0,0,0,871299579,0,7654,1850632,790655189,19969,0,0,35345140,0,0,0,0,0,0,0,0,0,0,0,0,0,0,0,0,0,0,0,7886,0,0,0,0,0,0,0,0,0,0,0,0,0,0,0,0,0,0,0,0,0,0,0,0,43596,4050,20584,16534,16534,0,0,3299,0,0,19,0,0,0,0,0,0,0,0,0,0,0,0,0,0,0,0,0,0,0,0,0,0,0,0,0,0,0,0,0,0,710,24,0
1767051364.001129,1129,ubuntu-rog,1,0,0,10722486,0,1832010,2808363,503087,0,19,0,0,0,0,0,848046263,0,0,4907,847674423,0,0,1832010,2808363,503087,0,196945,111685,0,0,0,0,0,0,0,0,0,0,1827512,100281,3316018,19,0,0,4592,0,0,0,0,0,0,0,18110768,17080460,0,0,40639,40639,13920,11286,0,0,0,0,0,0,0,0,0,2782904,1389753,0,262144,5258950,85653821,0,0,1026,1025,860545483,0,0,0,0,0,0,0,0,0,0,0,0,871299594,0,7654,1850632,790656185,19969,0,0,35345140,0,0,0,0,0,0,0,0,0,0,0,0,0,0,0,0,0,0,0,7886,0,0,0,0,0,0,0,0,0,0,0,0,0,0,0,0,0,0,0,0,0,0,0,0,43596,4050,20584,16534,16534,0,0,3299,0,0,19,0,0,0,0,0,0,0,0,0,0,0,0,0,0,0,0,0,0,0,0,0,0,0,0,0,0,0,0,0,0,710,24,0
1767051365.001073,1073,ubuntu-rog,1,0,0,10722389,0,1832971,2808372,503087,0,5,0,0,0,0,0,848047284,0,0,4907,847675444,0,0,1832971,2808372,503087,0,196945,111685,0,0,0,0,0,0,0,0,0,0,1828474,100281,3316019,5,0,0,4592,0,0,0,0,0,0,0,18110769,17080475,0,0,40639,40639,13920,11288,0,0,0,0,0,0,0,0,0,2782887,1389744,0,262144,5258950,85653881,0,0,1026,1025,860546504,0,0,0,0,0,0,0,0,0,0,0,0,871299610,0,7654,1850632,790657187,19969,0,0,35345140,0,0,0,0,0,0,0,0,0,0,0,0,0,0,0,0,0,0,0,7886,0,0,0,0,0,0,0,0,0,0,0,0,0,0,0,0,0,0,0,0,0,0,0,0,43596,4050,20584,16534,16534,0,0,3299,0,0,19,0,0,0,0,0,0,0,0,0,0,0,0,0,0,0,0,0,0,0,0,0,0,0,0,0,0,0,0,0,0,710,24,0
1767051366.001119,1119,ubuntu-rog,1,0,0,10720470,0,1833994,2808372,503087,0,5,0,0,0,0,0,848048297,0,0,4907,847676457,0,0,1833994,2808372,503087,0,196945,111685,0,0,0,0,0,0,0,0,0,0,1829494,100281,3316019,5,0,0,4592,0,0,0,0,0,0,0,18110769,17080475,0,0,40639,40639,13920,11290,0,0,0,0,0,0,0,0,0,2782503,1389553,0,262144,5258950,85653881,0,0,1026,1025,860547517,0,0,0,0,0,0,0,0,0,0,0,0,871299625,0,7654,1850632,790658183,19969,0,0,35345140,0,0,0,0,0,0,0,0,0,0,0,0,0,0,0,0,0,0,0,7886,0,0,0,0,0,0,0,0,0,0,0,0,0,0,0,0,0,0,0,0,0,0,0,0,43596,4050,20584,16534,16534,0,0,3299,0,0,19,0,0,0,0,0,0,0,0,0,0,0,0,0,0,0,0,0,0,0,0,0,0,0,0,0,0,0,0,0,0,710,24,0
1767051367.001138,1138,ubuntu-rog,1,0,0,10720373,0,1835017,2808372,503087,0,5,0,0,0,0,0,848049312,0,0,4907,847677472,0,0,1835017,2808372,503087,0,196945,111685,0,0,0,0,0,0,0,0,0,0,1830514,100281,3316019,5,0,0,4592,0,0,0,0,0,0,0,18110769,17080475,0,0,40639,40639,13920,11292,0,0,0,0,0,0,0,0,0,2782484,1389543,0,262144,5258950,85653913,0,0,1026,1025,860548532,0,0,0,0,0,0,0,0,0,0,0,0,871299640,0,7654,1850632,790659179,19969,0,0,35345140,0,0,0,0,0,0,0,0,0,0,0,0,0,0,0,0,0,0,0,7886,0,0,0,0,0,0,0,0,0,0,0,0,0,0,0,0,0,0,0,0,0,0,0,0,43596,4050,20584,16534,16534,0,0,3299,0,0,19,0,0,0,0,0,0,0,0,0,0,0,0,0,0,0,0,0,0,0,0,0,0,0,0,0,0,0,0,0,0,710,24,0
1767051368.001074,1074,ubuntu-rog,1,0,0,10718454,0,1835978,2808374,503087,0,9,0,0,0,0,0,848050337,0,0,4907,847678497,0,0,1835978,2808374,503087,0,196945,111685,0,0,0,0,0,0,0,0,0,0,1831571,100281,3316021,9,0,0,4592,0,0,0,0,0,0,0,18110773,17080475,0,0,40639,40639,13920,11294,0,0,0,0,0,0,0,0,0,2782100,1389351,0,262144,5258950,85653913,0,0,1026,1025,860549564,0,0,0,0,0,0,0,0,0,0,0,0,871299655,0,7654,1850632,790660187,19969,0,0,35345140,0,0,0,0,0,0,0,0,0,0,0,0,0,0,0,0,0,0,0,7886,0,0,0,0,0,0,0,0,0,0,0,0,0,0,0,0,0,0,0,0,0,0,0,0,43596,4050,20584,16534,16534,0,0,3299,0,0,19,0,0,0,0,0,0,0,0,0,0,0,0,0,0,0,0,0,0,0,0,0,0,0,0,0,0,0,0,0,0,710,24,0
1767051369.001119,1119,ubuntu-rog,1,0,0,10718357,0,1837001,2808374,503087,0,13,0,0,0,0,0,848051350,0,0,4907,847679510,0,0,1837001,2808374,503087,0,196945,111685,0,0,0,0,0,0,0,0,0,0,1832500,100281,3316023,13,0,0,4592,0,0,0,0,0,0,0,18110777,17080475,0,0,40639,40639,13920,11296,0,0,0,0,0,0,0,0,0,2782081,1389342,0,262144,5258950,85653913,0,0,1026,1025,860550577,0,0,0,0,0,0,0,0,0,0,0,0,871299678,0,7654,1850632,790661181,19969,0,0,35345140,0,0,0,0,0,0,0,0,0,0,0,0,0,0,0,0,0,0,0,7886,0,0,0,0,0,0,0,0,0,0,0,0,0,0,0,0,0,0,0,0,0,0,0,0,43596,4050,20584,16534,16534,0,0,3299,0,0,19,0,0,0,0,0,0,0,0,0,0,0,0,0,0,0,0,0,0,0,0,0,0,0,0,0,0,0,0,0,0,710,24,0
1767051370.001138,1138,ubuntu-rog,1,0,0,10716438,0,1837962,2808374,503087,0,14,0,0,0,0,0,848052364,0,0,4907,847680524,0,0,1837962,2808374,503087,0,196945,111685,0,0,0,0,0,0,0,0,0,0,1833557,100281,3316024,14,0,0,4592,0,0,0,0,0,0,0,18110778,17080475,0,0,40639,40639,13920,11298,0,0,0,0,0,0,0,0,0,2781697,1389150,0,262144,5258950,85653913,0,0,1026,1025,860551591,0,0,0,0,0,0,0,0,0,0,0,0,871299693,0,7654,1850632,790662177,19969,0,0,35345140,0,0,0,0,0,0,0,0,0,0,0,0,0,0,0,0,0,0,0,7886,0,0,0,0,0,0,0,0,0,0,0,0,0,0,0,0,0,0,0,0,0,0,0,0,43596,4050,20584,16534,16534,0,0,3299,0,0,19,0,0,0,0,0,0,0,0,0,0,0,0,0,0,0,0,0,0,0,0,0,0,0,0,0,0,0,0,0,0,710,24,0
1767051371.001083,1083,ubuntu-rog,1,0,0,10716341,0,1838942,2808374,503087,0,14,0,0,0,0,0,848053383,0,0,4907,847681543,0,0,1838942,2808374,503087,0,196945,111685,0,0,0,0,0,0,0,0,0,0,1834433,100281,3316024,14,0,0,4592,0,0,0,0,0,0,0,18110778,17080475,0,0,40639,40639,13920,11300,0,0,0,0,0,0,0,0,0,2781678,1389140,0,262144,5258950,85653913,0,0,1026,1025,860552610,0,0,0,0,0,0,0,0,0,0,0,0,871299756,0,7654,1850632,790663174,19969,0,0,35345140,0,0,0,0,0,0,0,0,0,0,0,0,0,0,0,0,0,0,0,7886,0,0,0,0,0,0,0,0,0,0,0,0,0,0,0,0,0,0,0,0,0,0,0,0,43596,4050,20584,16534,16534,0,0,3299,0,0,19,0,0,0,0,0,0,0,0,0,0,0,0,0,0,0,0,0,0,0,0,0,0,0,0,0,0,0,0,0,0,710,24,0
1767051372.001102,1102,ubuntu-rog,1,0,0,10714422,0,1839965,2808374,503087,0,14,0,0,0,0,0,848054397,0,0,4907,847682557,0,0,1839965,2808374,503087,0,196945,111685,0,0,0,0,0,0,0,0,0,0,1835454,100281,3316024,14,0,0,4592,0,0,0,0,0,0,0,18110778,17080475,0,0,40639,40639,13920,11302,0,0,0,0,0,0,0,0,0,2781294,1388949,0,262144,5258950,85653929,0,0,1026,1025,860553624,0,0,0,0,0,0,0,0,0,0,0,0,871299771,0,7654,1850632,790664170,19969,0,0,35345140,0,0,0,0,0,0,0,0,0,0,0,0,0,0,0,0,0,0,0,7886,0,0,0,0,0,0,0,0,0,0,0,0,0,0,0,0,0,0,0,0,0,0,0,0,43596,4050,20584,16534,16534,0,0,3299,0,0,19,0,0,0,0,0,0,0,0,0,0,0,0,0,0,0,0,0,0,0,0,0,0,0,0,0,0,0,0,0,0,710,24,0
1767051373.001139,1139,ubuntu-rog,1,0,0,10714325,0,1840926,2808375,503087,0,15,0,0,0,0,0,848055412,0,0,4907,847683572,0,0,1840926,2808375,503087,0,196945,111685,0,0,0,0,0,0,0,0,0,0,1836511,100281,3316026,15,0,0,4592,0,0,0,0,0,0,0,18110779,17080475,0,0,40639,40639,13920,11303,0,0,0,0,0,0,0,0,0,2781275,1388939,0,262144,5258950,85653929,0,0,1026,1025,860554639,0,0,0,0,0,0,0,0,0,0,0,0,871299786,0,7654,1850632,790665167,19969,0,0,35345140,0,0,0,0,0,0,0,0,0,0,0,0,0,0,0,0,0,0,0,7886,0,0,0,0,0,0,0,0,0,0,0,0,0,0,0,0,0,0,0,0,0,0,0,0,43596,4050,20584,16534,16534,0,0,3299,0,0,19,0,0,0,0,0,0,0,0,0,0,0,0,0,0,0,0,0,0,0,0,0,0,0,0,0,0,0,0,0,0,710,24,0
1767051374.001074,1074,ubuntu-rog,1,0,0,10712406,0,1841949,2808375,503087,0,15,0,0,0,0,0,848056425,0,0,4907,847684585,0,0,1841949,2808375,503087,0,196945,111685,0,0,0,0,0,0,0,0,0,0,1837431,100281,3316026,15,0,0,4592,0,0,0,0,0,0,0,18110779,17080475,0,0,40639,40639,13920,11305,0,0,0,0,0,0,0,0,0,2780891,1388748,0,262144,5258950,85653929,0,0,1026,1025,860555653,0,0,0,0,0,0,0,0,0,0,0,0,871299801,0,7654,1850632,790666164,19969,0,0,35345140,0,0,0,0,0,0,0,0,0,0,0,0,0,0,0,0,0,0,0,7886,0,0,0,0,0,0,0,0,0,0,0,0,0,0,0,0,0,0,0,0,0,0,0,0,43596,4050,20584,16534,16534,0,0,3299,0,0,19,0,0,0,0,0,0,0,0,0,0,0,0,0,0,0,0,0,0,0,0,0,0,0,0,0,0,0,0,0,0,710,24,0
1767051375.001118,1118,ubuntu-rog,1,0,0,10712309,0,1842972,2808375,503087,0,15,0,0,0,0,0,848057442,0,0,4907,847685602,0,0,1842972,2808375,503087,0,196945,111685,0,0,0,0,0,0,0,0,0,0,1838452,100281,3316026,15,0,0,4592,0,0,0,0,0,0,0,18110779,17080475,0,0,40639,40639,13920,11307,0,0,0,0,0,0,0,0,0,2780872,1388738,0,262144,5258950,85653929,0,0,1026,1025,860556676,0,0,0,0,0,0,0,0,0,0,0,0,871299818,0,7654,1850632,790667160,19969,0,0,35345140,0,0,0,0,0,0,0,0,0,0,0,0,0,0,0,0,0,0,0,7886,0,0,0,0,0,0,0,0,0,0,0,0,0,0,0,0,0,0,0,0,0,0,0,0,43596,4050,20584,16534,16534,0,0,3299,0,0,19,0,0,0,0,0,0,0,0,0,0,0,0,0,0,0,0,0,0,0,0,0,0,0,0,0,0,0,0,0,0,710,24,0
1767051376.001118,1118,ubuntu-rog,1,0,0,10710390,0,1843902,2808375,503087,0,17,0,0,0,0,0,848058458,0,0,4907,847686618,0,0,1843902,2808375,503087,0,196945,111685,0,0,0,0,0,0,0,0,0,0,1839409,100281,3316028,17,0,0,4592,0,0,0,0,0,0,0,18110781,17080475,0,0,40639,40639,13920,11309,0,0,0,0,0,0,0,0,0,2780488,1388546,0,262144,5258950,85653929,0,0,1026,1025,860557692,0,0,0,0,0,0,0,0,0,0,0,0,871299841,0,7654,1850632,790668157,19969,0,0,35345140,0,0,0,0,0,0,0,0,0,0,0,0,0,0,0,0,0,0,0,7886,0,0,0,0,0,0,0,0,0,0,0,0,0,0,0,0,0,0,0,0,0,0,0,0,43596,4050,20584,16534,16534,0,0,3299,0,0,19,0,0,0,0,0,0,0,0,0,0,0,0,0,0,0,0,0,0,0,0,0,0,0,0,0,0,0,0,0,0,710,24,0
1767051377.001073,1073,ubuntu-rog,1,0,0,10710293,0,1844925,2808375,503087,0,17,0,0,0,0,0,848059474,0,0,4907,847687634,0,0,1844925,2808375,503087,0,196945,111685,0,0,0,0,0,0,0,0,0,0,1840430,100281,3316028,17,0,0,4592,0,0,0,0,0,0,0,18110781,17080475,0,0,40639,40639,13920,11311,0,0,0,0,0,0,0,0,0,2780469,1388537,0,262144,5258950,85653945,0,0,1026,1025,860558708,0,0,0,0,0,0,0,0,0,0,0,0,871299856,0,7654,1850632,790669155,19969,0,0,35345140,0,0,0,0,0,0,0,0,0,0,0,0,0,0,0,0,0,0,0,7886,0,0,0,0,0,0,0,0,0,0,0,0,0,0,0,0,0,0,0,0,0,0,0,0,43596,4050,20584,16534,16534,0,0,3299,0,0,19,0,0,0,0,0,0,0,0,0,0,0,0,0,0,0,0,0,0,0,0,0,0,0,0,0,0,0,0,0,0,710,24,0
1767051378.001102,1102,ubuntu-rog,1,0,0,10708374,0,1845987,2808376,503087,0,17,0,0,0,0,0,848060498,0,0,4907,847688658,0,0,1845987,2808376,503087,0,196945,111685,0,0,0,0,0,0,0,0,0,0,1841488,100281,3316029,17,0,0,4592,0,0,0,0,0,0,0,18110781,17080475,0,0,40639,40639,13920,11313,0,0,0,0,0,0,0,0,0,2780085,1388345,0,262144,5258950,85653945,0,0,1026,1025,860559732,0,0,0,0,0,0,0,0,0,0,0,0,871299871,0,7654,1850632,790670162,19969,0,0,35345140,0,0,0,0,0,0,0,0,0,0,0,0,0,0,0,0,0,0,0,7886,0,0,0,0,0,0,0,0,0,0,0,0,0,0,0,0,0,0,0,0,0,0,0,0,43596,4050,20584,16534,16534,0,0,3299,0,0,19,0,0,0,0,0,0,0,0,0,0,0,0,0,0,0,0,0,0,0,0,0,0,0,0,0,0,0,0,0,0,710,24,0
1767051379.001128,1128,ubuntu-rog,1,0,0,10708277,0,1846909,2808376,503087,0,17,0,0,0,0,0,848061516,0,0,4907,847689676,0,0,1846909,2808376,503087,0,196945,111685,0,0,0,0,0,0,0,0,0,0,1842419,100281,3316029,17,0,0,4592,0,0,0,0,0,0,0,18110781,17080475,0,0,40639,40639,13920,11315,0,0,0,0,0,0,0,0,0,2780066,1388335,0,262144,5258950,85653945,0,0,1026,1025,860560750,0,0,0,0,0,0,0,0,0,0,0,0,871299889,0,7654,1850632,790671160,19969,0,0,35345140,0,0,0,0,0,0,0,0,0,0,0,0,0,0,0,0,0,0,0,7886,0,0,0,0,0,0,0,0,0,0,0,0,0,0,0,0,0,0,0,0,0,0,0,0,43596,4050,20584,16534,16534,0,0,3299,0,0,19,0,0,0,0,0,0,0,0,0,0,0,0,0,0,0,0,0,0,0,0,0,0,0,0,0,0,0,0,0,0,710,24,0
1767051380.001066,1066,ubuntu-rog,1,0,0,10706358,0,1847932,2808376,503087,0,12,0,0,0,0,0,848062541,0,0,4907,847690701,0,0,1847932,2808376,503087,0,196945,111685,0,0,0,0,0,0,0,0,0,0,1843441,100281,3316030,12,0,0,4592,0,0,0,0,0,0,0,18110782,17080481,0,0,40639,40639,13920,11317,0,0,0,0,0,0,0,0,0,2779682,1388144,0,262144,5258950,85653969,0,0,1026,1025,860561775,0,0,0,0,0,0,0,0,0,0,0,0,871299913,0,7654,1850632,790672158,19969,0,0,35345140,0,0,0,0,0,0,0,0,0,0,0,0,0,0,0,0,0,0,0,7886,0,0,0,0,0,0,0,0,0,0,0,0,0,0,0,0,0,0,0,0,0,0,0,0,43596,4050,20584,16534,16534,0,0,3299,0,0,19,0,0,0,0,0,0,0,0,0,0,0,0,0,0,0,0,0,0,0,0,0,0,0,0,0,0,0,0,0,0,710,24,0
1767051381.001118,1118,ubuntu-rog,1,0,0,10706261,0,1848924,2808376,503087,0,12,0,0,0,0,0,848063572,0,0,4907,847691732,0,0,1848924,2808376,503087,0,196945,111684,0,0,0,0,0,0,0,0,0,0,1844506,100281,3316030,12,0,0,4592,0,0,0,0,0,0,0,18110782,17080481,0,0,40639,40639,13920,11319,0,0,0,0,0,0,0,0,0,2779663,1388134,0,262144,5258950,85653969,0,0,1026,1025,860562806,0,0,0,0,0,0,0,0,0,0,0,0,871299939,0,7654,1850632,790673162,19969,0,0,35345140,0,0,0,0,0,0,0,0,0,0,0,0,0,0,0,0,0,0,0,7886,0,0,0,0,0,0,0,0,0,0,0,0,0,0,0,0,0,0,0,0,0,0,0,0,43596,4050,20584,16534,16534,0,0,3299,0,0,19,0,0,0,0,0,0,0,0,0,0,0,0,0,0,0,0,0,0,0,0,0,0,0,0,0,0,0,0,0,0,710,24,0
1767051382.001118,1118,ubuntu-rog,1,0,0,10704342,0,1849916,2808376,503087,0,15,0,0,0,0,0,848064590,0,0,4907,847692750,0,0,1849916,2808376,503087,0,196945,111684,0,0,0,0,0,0,0,0,0,0,1845425,100281,3316032,15,0,0,4592,0,0,0,0,0,0,0,18110785,17080481,0,0,40639,40639,13920,11321,0,0,0,0,0,0,0,0,0,2779279,1387942,0,262144,5258950,85653997,0,0,1026,1025,860563824,0,0,0,0,0,0,0,0,0,0,0,0,871299954,0,7654,1850632,790674159,19969,0,0,35345140,0,0,0,0,0,0,0,0,0,0,0,0,0,0,0,0,0,0,0,7886,0,0,0,0,0,0,0,0,0,0,0,0,0,0,0,0,0,0,0,0,0,0,0,0,43596,4050,20584,16534,16534,0,0,3299,0,0,19,0,0,0,0,0,0,0,0,0,0,0,0,0,0,0,0,0,0,0,0,0,0,0,0,0,0,0,0,0,0,710,24,0
1767051383.001073,1073,ubuntu-rog,1,0,0,10704245,0,1850970,2808378,503087,0,16,0,0,0,0,0,848065628,0,0,4907,847693788,0,0,1850970,2808378,503087,0,196945,111684,0,0,0,0,0,0,0,0,0,0,1846456,100281,3316034,16,0,0,4592,0,0,0,0,0,0,0,18110786,17080481,0,0,40639,40639,13920,11323,0,0,0,0,0,0,0,0,0,2779260,1387933,0,262144,5258950,85653997,0,0,1026,1025,860564869,0,0,0,0,0,0,0,0,0,0,0,0,871299983,0,7654,1850632,790675165,19969,0,0,35345140,0,0,0,0,0,0,0,0,0,0,0,0,0,0,0,0,0,0,0,7886,0,0,0,0,0,0,0,0,0,0,0,0,0,0,0,0,0,0,0,0,0,0,0,0,43596,4050,20584,16534,16534,0,0,3299,0,0,19,0,0,0,0,0,0,0,0,0,0,0,0,0,0,0,0,0,0,0,0,0,0,0,0,0,0,0,0,0,0,710,24,0
1767051384.001102,1102,ubuntu-rog,1,0,0,10702326,0,1851931,2808378,503087,0,17,0,0,0,0,0,848066646,0,0,4907,847694806,0,0,1851931,2808378,503087,0,196946,111684,0,0,0,0,0,0,0,0,0,0,1847414,100281,3316035,17,0,0,4592,0,0,0,0,0,0,0,18110787,17080481,0,0,40639,40639,13920,11325,0,0,0,0,0,0,0,0,0,2778876,1387741,0,262144,5258950,85653997,0,0,1026,1025,860565887,0,0,0,0,0,0,0,0,0,0,0,0,871300007,0,7654,1850632,790676163,19969,0,0,35345140,0,0,0,0,0,0,0,0,0,0,0,0,0,0,0,0,0,0,0,7886,0,0,0,0,0,0,0,0,0,0,0,0,0,0,0,0,0,0,0,0,0,0,0,0,43596,4050,20584,16534,16534,0,0,3299,0,0,19,0,0,0,0,0,0,0,0,0,0,0,0,0,0,0,0,0,0,0,0,0,0,0,0,0,0,0,0,0,0,710,24,0
1767051385.001152,1152,ubuntu-rog,1,0,0,10702229,0,1852954,2808378,503087,0,17,0,0,0,0,0,848067664,0,0,4907,847695824,0,0,1852954,2808378,503087,0,196946,111684,0,0,0,0,0,0,0,0,0,0,1848435,100281,3316035,17,0,0,4592,0,0,0,0,0,0,0,18110787,17080481,0,0,40639,40639,13920,11327,0,0,0,0,0,0,0,0,0,2778857,1387732,0,262144,5258950,85653997,0,0,1026,1025,860566905,0,0,0,0,0,0,0,0,0,0,0,0,871300025,0,7654,1850632,790677161,19969,0,0,35345140,0,0,0,0,0,0,0,0,0,0,0,0,0,0,0,0,0,0,0,7886,0,0,0,0,0,0,0,0,0,0,0,0,0,0,0,0,0,0,0,0,0,0,0,0,43596,4050,20584,16534,16534,0,0,3299,0,0,19,0,0,0,0,0,0,0,0,0,0,0,0,0,0,0,0,0,0,0,0,0,0,0,0,0,0,0,0,0,0,710,24,0
1767051386.001092,1092,ubuntu-rog,1,0,0,10700310,0,1853985,2808378,503087,0,17,0,0,0,0,0,848068678,0,0,4907,847696838,0,0,1853985,2808378,503087,0,196946,111684,0,0,0,0,0,0,0,0,0,0,1849493,100281,3316035,17,0,0,4592,0,0,0,0,0,0,0,18110787,17080481,0,0,40639,40639,13920,11329,0,0,0,0,0,0,0,0,0,2778473,1387540,0,262144,5258950,85653997,0,0,1026,1025,860567919,0,0,0,0,0,0,0,0,0,0,0,0,871300041,0,7654,1850632,790678157,19969,0,0,35345140,0,0,0,0,0,0,0,0,0,0,0,0,0,0,0,0,0,0,0,7886,0,0,0,0,0,0,0,0,0,0,0,0,0,0,0,0,0,0,0,0,0,0,0,0,43596,4050,20584,16534,16534,0,0,3299,0,0,19,0,0,0,0,0,0,0,0,0,0,0,0,0,0,0,0,0,0,0,0,0,0,0,0,0,0,0,0,0,0,710,24,0
1767051387.001128,1128,ubuntu-rog,1,0,0,10700213,0,1854907,2808378,503087,0,17,0,0,0,0,0,848069694,0,0,4907,847697854,0,0,1854907,2808378,503087,0,196946,111684,0,0,0,0,0,0,0,0,0,0,1850413,100281,3316035,17,0,0,4592,0,0,0,0,0,0,0,18110787,17080481,0,0,40639,40639,13920,11331,0,0,0,0,0,0,0,0,0,2778454,1387530,0,262144,5258950,85654013,0,0,1026,1025,860568935,0,0,0,0,0,0,0,0,0,0,0,0,871300057,0,7654,1850632,790679154,19969,0,0,35345140,0,0,0,0,0,0,0,0,0,0,0,0,0,0,0,0,0,0,0,7886,0,0,0,0,0,0,0,0,0,0,0,0,0,0,0,0,0,0,0,0,0,0,0,0,43596,4050,20584,16534,16534,0,0,3299,0,0,19,0,0,0,0,0,0,0,0,0,0,0,0,0,0,0,0,0,0,0,0,0,0,0,0,0,0,0,0,0,0,710,24,0
1767051388.001156,1156,ubuntu-rog,1,0,0,10698294,0,1855930,2808379,503087,0,18,0,0,0,0,0,848070707,0,0,4907,847698867,0,0,1855930,2808379,503087,0,196946,111684,0,0,0,0,0,0,0,0,0,0,1851434,100281,3316037,18,0,0,4592,0,0,0,0,0,0,0,18110788,17080481,0,0,40639,40639,13920,11333,0,0,0,0,0,0,0,0,0,2778070,1387339,0,262144,5258950,85654033,0,0,1026,1025,860569948,0,0,0,0,0,0,0,0,0,0,0,0,871300072,0,7654,1850632,790680150,19969,0,0,35345140,0,0,0,0,0,0,0,0,0,0,0,0,0,0,0,0,0,0,0,7886,0,0,0,0,0,0,0,0,0,0,0,0,0,0,0,0,0,0,0,0,0,0,0,0,43596,4050,20584,16534,16534,0,0,3299,0,0,19,0,0,0,0,0,0,0,0,0,0,0,0,0,0,0,0,0,0,0,0,0,0,0,0,0,0,0,0,0,0,710,24,0
1767051389.001121,1121,ubuntu-rog,1,0,0,11008359,0,1543224,2808379,503087,0,12,0,0,0,0,0,848071048,0,0,4907,847699208,0,0,1543224,2808379,503087,0,196946,111684,0,0,0,0,0,0,0,0,0,0,1531130,100281,3316038,13,0,0,4592,0,0,0,0,0,0,0,18110789,17080488,0,0,40639,40639,13920,10947,0,0,0,0,0,0,0,0,0,2840068,1418300,0,262144,5258950,85654037,0,0,1026,1025,860570289,0,0,0,0,0,0,0,0,0,0,0,0,871613654,0,7654,1850632,790680434,19969,0,0,35345140,0,0,0,0,0,0,0,0,0,0,0,0,0,0,0,0,0,0,0,7886,0,0,0,0,0,0,0,0,0,0,0,0,0,0,0,0,0,0,0,0,0,0,0,0,43596,4050,20584,16534,16534,0,0,3299,0,0,19,0,0,0,0,0,0,0,0,0,0,0,0,0,0,0,0,0,0,0,0,0,0,0,0,0,0,0,0,0,0,710,24,0
